dataset,run,depth,method,old_theorem_certified,new_exact_theorem_certified,language_family,domain_regime,theorem_id,structural_check,backend,violation_type,violation_detail
HTRU_2-bin,0,5,unary,true,true,Unary,Boolean,UnaryBaseline,UnaryRelation,StructuralHorn,,
HTRU_2-bin,0,5,horn,true,true,Horn,Boolean,Theorem3,StarNestedHorn,StructuralHorn,,
HTRU_2-bin,0,5,antihorn,true,true,AntiHorn,Boolean,Theorem4,StarNestedAntiHorn,StructuralAntiHorn,,
HTRU_2-bin,0,5,square2cnf,true,true,Square2Cnf,Boolean,Theorem6,Square2CnfFormI,TwoSat,,
HTRU_2-bin,0,5,affine,true,true,Affine,Boolean,Theorem5,SingleGf2Equation,Gf2Gaussian,,
HTRU_2-bin,0,5,smart_certified,true,true,SmartCertified,Boolean,Proposition1,PathCompatibleExactRelations,PathCertified,,
HTRU_2-bin,0,5,cals,true,true,SmartCertified,Boolean,Proposition1,PathCompatibleExactRelations,PathCertified,,
HTRU_2-bin,0,5,cals_compact_explain,true,true,SmartCertified,Boolean,Proposition1,PathCompatibleExactRelations,PathCertified,,
HTRU_2-bin,0,7,unary,true,true,Unary,Boolean,UnaryBaseline,UnaryRelation,StructuralHorn,,
HTRU_2-bin,0,7,horn,true,true,Horn,Boolean,Theorem3,StarNestedHorn,StructuralHorn,,
HTRU_2-bin,0,7,antihorn,true,true,AntiHorn,Boolean,Theorem4,StarNestedAntiHorn,StructuralAntiHorn,,
HTRU_2-bin,0,7,square2cnf,true,true,Square2Cnf,Boolean,Theorem6,Square2CnfFormI,TwoSat,,
HTRU_2-bin,0,7,affine,true,true,Affine,Boolean,Theorem5,SingleGf2Equation,Gf2Gaussian,,
HTRU_2-bin,0,7,smart_certified,true,true,SmartCertified,Boolean,Proposition1,PathCompatibleExactRelations,PathCertified,,
HTRU_2-bin,0,7,cals,true,true,SmartCertified,Boolean,Proposition1,PathCompatibleExactRelations,PathCertified,,
HTRU_2-bin,0,7,cals_compact_explain,true,true,SmartCertified,Boolean,Proposition1,PathCompatibleExactRelations,PathCertified,,
HTRU_2-bin,1,5,unary,true,true,Unary,Boolean,UnaryBaseline,UnaryRelation,StructuralHorn,,
HTRU_2-bin,1,5,horn,true,true,Horn,Boolean,Theorem3,StarNestedHorn,StructuralHorn,,
HTRU_2-bin,1,5,antihorn,true,true,AntiHorn,Boolean,Theorem4,StarNestedAntiHorn,StructuralAntiHorn,,
HTRU_2-bin,1,5,square2cnf,true,true,Square2Cnf,Boolean,Theorem6,Square2CnfFormI,TwoSat,,
HTRU_2-bin,1,5,affine,true,true,Affine,Boolean,Theorem5,SingleGf2Equation,Gf2Gaussian,,
HTRU_2-bin,1,5,smart_certified,true,true,SmartCertified,Boolean,Proposition1,PathCompatibleExactRelations,PathCertified,,
HTRU_2-bin,1,5,cals,true,true,SmartCertified,Boolean,Proposition1,PathCompatibleExactRelations,PathCertified,,
HTRU_2-bin,1,5,cals_compact_explain,true,true,SmartCertified,Boolean,Proposition1,PathCompatibleExactRelations,PathCertified,,
HTRU_2-bin,1,7,unary,true,true,Unary,Boolean,UnaryBaseline,UnaryRelation,StructuralHorn,,
HTRU_2-bin,1,7,horn,true,true,Horn,Boolean,Theorem3,StarNestedHorn,StructuralHorn,,
HTRU_2-bin,1,7,antihorn,true,true,AntiHorn,Boolean,Theorem4,StarNestedAntiHorn,StructuralAntiHorn,,
HTRU_2-bin,1,7,square2cnf,true,true,Square2Cnf,Boolean,Theorem6,Square2CnfFormI,TwoSat,,
HTRU_2-bin,1,7,affine,true,true,Affine,Boolean,Theorem5,SingleGf2Equation,Gf2Gaussian,,
HTRU_2-bin,1,7,smart_certified,true,true,SmartCertified,Boolean,Proposition1,PathCompatibleExactRelations,PathCertified,,
HTRU_2-bin,1,7,cals,true,true,SmartCertified,Boolean,Proposition1,PathCompatibleExactRelations,PathCertified,,
HTRU_2-bin,1,7,cals_compact_explain,true,true,SmartCertified,Boolean,Proposition1,PathCompatibleExactRelations,PathCertified,,
HTRU_2-bin,2,5,unary,true,true,Unary,Boolean,UnaryBaseline,UnaryRelation,StructuralHorn,,
HTRU_2-bin,2,5,horn,true,true,Horn,Boolean,Theorem3,StarNestedHorn,StructuralHorn,,
HTRU_2-bin,2,5,antihorn,true,true,AntiHorn,Boolean,Theorem4,StarNestedAntiHorn,StructuralAntiHorn,,
HTRU_2-bin,2,5,square2cnf,true,true,Square2Cnf,Boolean,Theorem6,Square2CnfFormI,TwoSat,,
HTRU_2-bin,2,5,affine,true,true,Affine,Boolean,Theorem5,SingleGf2Equation,Gf2Gaussian,,
HTRU_2-bin,2,5,smart_certified,true,true,SmartCertified,Boolean,Proposition1,PathCompatibleExactRelations,PathCertified,,
HTRU_2-bin,2,5,cals,true,true,SmartCertified,Boolean,Proposition1,PathCompatibleExactRelations,PathCertified,,
HTRU_2-bin,2,5,cals_compact_explain,true,true,SmartCertified,Boolean,Proposition1,PathCompatibleExactRelations,PathCertified,,
HTRU_2-bin,2,7,unary,true,true,Unary,Boolean,UnaryBaseline,UnaryRelation,StructuralHorn,,
HTRU_2-bin,2,7,horn,true,true,Horn,Boolean,Theorem3,StarNestedHorn,StructuralHorn,,
HTRU_2-bin,2,7,antihorn,true,true,AntiHorn,Boolean,Theorem4,StarNestedAntiHorn,StructuralAntiHorn,,
HTRU_2-bin,2,7,square2cnf,true,true,Square2Cnf,Boolean,Theorem6,Square2CnfFormI,TwoSat,,
HTRU_2-bin,2,7,affine,true,true,Affine,Boolean,Theorem5,SingleGf2Equation,Gf2Gaussian,,
HTRU_2-bin,2,7,smart_certified,true,true,SmartCertified,Boolean,Proposition1,PathCompatibleExactRelations,PathCertified,,
HTRU_2-bin,2,7,cals,true,true,SmartCertified,Boolean,Proposition1,PathCompatibleExactRelations,PathCertified,,
HTRU_2-bin,2,7,cals_compact_explain,true,true,SmartCertified,Boolean,Proposition1,PathCompatibleExactRelations,PathCertified,,
HTRU_2-bin,3,5,unary,true,true,Unary,Boolean,UnaryBaseline,UnaryRelation,StructuralHorn,,
HTRU_2-bin,3,5,horn,true,true,Horn,Boolean,Theorem3,StarNestedHorn,StructuralHorn,,
HTRU_2-bin,3,5,antihorn,true,true,AntiHorn,Boolean,Theorem4,StarNestedAntiHorn,StructuralAntiHorn,,
HTRU_2-bin,3,5,square2cnf,true,true,Square2Cnf,Boolean,Theorem6,Square2CnfFormI,TwoSat,,
HTRU_2-bin,3,5,affine,true,true,Affine,Boolean,Theorem5,SingleGf2Equation,Gf2Gaussian,,
HTRU_2-bin,3,5,smart_certified,true,true,SmartCertified,Boolean,Proposition1,PathCompatibleExactRelations,PathCertified,,
HTRU_2-bin,3,5,cals,true,true,SmartCertified,Boolean,Proposition1,PathCompatibleExactRelations,PathCertified,,
HTRU_2-bin,3,5,cals_compact_explain,true,true,SmartCertified,Boolean,Proposition1,PathCompatibleExactRelations,PathCertified,,
HTRU_2-bin,3,7,unary,true,true,Unary,Boolean,UnaryBaseline,UnaryRelation,StructuralHorn,,
HTRU_2-bin,3,7,horn,true,true,Horn,Boolean,Theorem3,StarNestedHorn,StructuralHorn,,
HTRU_2-bin,3,7,antihorn,true,true,AntiHorn,Boolean,Theorem4,StarNestedAntiHorn,StructuralAntiHorn,,
HTRU_2-bin,3,7,square2cnf,true,true,Square2Cnf,Boolean,Theorem6,Square2CnfFormI,TwoSat,,
HTRU_2-bin,3,7,affine,true,true,Affine,Boolean,Theorem5,SingleGf2Equation,Gf2Gaussian,,
HTRU_2-bin,3,7,smart_certified,true,true,SmartCertified,Boolean,Proposition1,PathCompatibleExactRelations,PathCertified,,
HTRU_2-bin,3,7,cals,true,true,SmartCertified,Boolean,Proposition1,PathCompatibleExactRelations,PathCertified,,
HTRU_2-bin,3,7,cals_compact_explain,true,true,SmartCertified,Boolean,Proposition1,PathCompatibleExactRelations,PathCertified,,
HTRU_2-bin,4,5,unary,true,true,Unary,Boolean,UnaryBaseline,UnaryRelation,StructuralHorn,,
HTRU_2-bin,4,5,horn,true,true,Horn,Boolean,Theorem3,StarNestedHorn,StructuralHorn,,
HTRU_2-bin,4,5,antihorn,true,true,AntiHorn,Boolean,Theorem4,StarNestedAntiHorn,StructuralAntiHorn,,
HTRU_2-bin,4,5,square2cnf,true,true,Square2Cnf,Boolean,Theorem6,Square2CnfFormI,TwoSat,,
HTRU_2-bin,4,5,affine,true,true,Affine,Boolean,Theorem5,SingleGf2Equation,Gf2Gaussian,,
HTRU_2-bin,4,5,smart_certified,true,true,SmartCertified,Boolean,Proposition1,PathCompatibleExactRelations,PathCertified,,
HTRU_2-bin,4,5,cals,true,true,SmartCertified,Boolean,Proposition1,PathCompatibleExactRelations,PathCertified,,
HTRU_2-bin,4,5,cals_compact_explain,true,true,SmartCertified,Boolean,Proposition1,PathCompatibleExactRelations,PathCertified,,
HTRU_2-bin,4,7,unary,true,true,Unary,Boolean,UnaryBaseline,UnaryRelation,StructuralHorn,,
HTRU_2-bin,4,7,horn,true,true,Horn,Boolean,Theorem3,StarNestedHorn,StructuralHorn,,
HTRU_2-bin,4,7,antihorn,true,true,AntiHorn,Boolean,Theorem4,StarNestedAntiHorn,StructuralAntiHorn,,
HTRU_2-bin,4,7,square2cnf,true,true,Square2Cnf,Boolean,Theorem6,Square2CnfFormI,TwoSat,,
HTRU_2-bin,4,7,affine,true,true,Affine,Boolean,Theorem5,SingleGf2Equation,Gf2Gaussian,,
HTRU_2-bin,4,7,smart_certified,true,true,SmartCertified,Boolean,Proposition1,PathCompatibleExactRelations,PathCertified,,
HTRU_2-bin,4,7,cals,true,true,SmartCertified,Boolean,Proposition1,PathCompatibleExactRelations,PathCertified,,
HTRU_2-bin,4,7,cals_compact_explain,true,true,SmartCertified,Boolean,Proposition1,PathCompatibleExactRelations,PathCertified,,
HTRU_2-bin,5,5,unary,true,true,Unary,Boolean,UnaryBaseline,UnaryRelation,StructuralHorn,,
HTRU_2-bin,5,5,horn,true,true,Horn,Boolean,Theorem3,StarNestedHorn,StructuralHorn,,
HTRU_2-bin,5,5,antihorn,true,true,AntiHorn,Boolean,Theorem4,StarNestedAntiHorn,StructuralAntiHorn,,
HTRU_2-bin,5,5,square2cnf,true,true,Square2Cnf,Boolean,Theorem6,Square2CnfFormI,TwoSat,,
HTRU_2-bin,5,5,affine,true,true,Affine,Boolean,Theorem5,SingleGf2Equation,Gf2Gaussian,,
HTRU_2-bin,5,5,smart_certified,true,true,SmartCertified,Boolean,Proposition1,PathCompatibleExactRelations,PathCertified,,
HTRU_2-bin,5,5,cals,true,true,SmartCertified,Boolean,Proposition1,PathCompatibleExactRelations,PathCertified,,
HTRU_2-bin,5,5,cals_compact_explain,true,true,SmartCertified,Boolean,Proposition1,PathCompatibleExactRelations,PathCertified,,
HTRU_2-bin,5,7,unary,true,true,Unary,Boolean,UnaryBaseline,UnaryRelation,StructuralHorn,,
HTRU_2-bin,5,7,horn,true,true,Horn,Boolean,Theorem3,StarNestedHorn,StructuralHorn,,
HTRU_2-bin,5,7,antihorn,true,true,AntiHorn,Boolean,Theorem4,StarNestedAntiHorn,StructuralAntiHorn,,
HTRU_2-bin,5,7,square2cnf,true,true,Square2Cnf,Boolean,Theorem6,Square2CnfFormI,TwoSat,,
HTRU_2-bin,5,7,affine,true,true,Affine,Boolean,Theorem5,SingleGf2Equation,Gf2Gaussian,,
HTRU_2-bin,5,7,smart_certified,true,true,SmartCertified,Boolean,Proposition1,PathCompatibleExactRelations,PathCertified,,
HTRU_2-bin,5,7,cals,true,true,SmartCertified,Boolean,Proposition1,PathCompatibleExactRelations,PathCertified,,
HTRU_2-bin,5,7,cals_compact_explain,true,true,SmartCertified,Boolean,Proposition1,PathCompatibleExactRelations,PathCertified,,
HTRU_2-bin,6,5,unary,true,true,Unary,Boolean,UnaryBaseline,UnaryRelation,StructuralHorn,,
HTRU_2-bin,6,5,horn,true,true,Horn,Boolean,Theorem3,StarNestedHorn,StructuralHorn,,
HTRU_2-bin,6,5,antihorn,true,true,AntiHorn,Boolean,Theorem4,StarNestedAntiHorn,StructuralAntiHorn,,
HTRU_2-bin,6,5,square2cnf,true,true,Square2Cnf,Boolean,Theorem6,Square2CnfFormI,TwoSat,,
HTRU_2-bin,6,5,affine,true,true,Affine,Boolean,Theorem5,SingleGf2Equation,Gf2Gaussian,,
HTRU_2-bin,6,5,smart_certified,true,true,SmartCertified,Boolean,Proposition1,PathCompatibleExactRelations,PathCertified,,
HTRU_2-bin,6,5,cals,true,true,SmartCertified,Boolean,Proposition1,PathCompatibleExactRelations,PathCertified,,
HTRU_2-bin,6,5,cals_compact_explain,true,true,SmartCertified,Boolean,Proposition1,PathCompatibleExactRelations,PathCertified,,
HTRU_2-bin,6,7,unary,true,true,Unary,Boolean,UnaryBaseline,UnaryRelation,StructuralHorn,,
HTRU_2-bin,6,7,horn,true,true,Horn,Boolean,Theorem3,StarNestedHorn,StructuralHorn,,
HTRU_2-bin,6,7,antihorn,true,true,AntiHorn,Boolean,Theorem4,StarNestedAntiHorn,StructuralAntiHorn,,
HTRU_2-bin,6,7,square2cnf,true,true,Square2Cnf,Boolean,Theorem6,Square2CnfFormI,TwoSat,,
HTRU_2-bin,6,7,affine,true,true,Affine,Boolean,Theorem5,SingleGf2Equation,Gf2Gaussian,,
HTRU_2-bin,6,7,smart_certified,true,true,SmartCertified,Boolean,Proposition1,PathCompatibleExactRelations,PathCertified,,
HTRU_2-bin,6,7,cals,true,true,SmartCertified,Boolean,Proposition1,PathCompatibleExactRelations,PathCertified,,
HTRU_2-bin,6,7,cals_compact_explain,true,true,SmartCertified,Boolean,Proposition1,PathCompatibleExactRelations,PathCertified,,
HTRU_2-bin,7,5,unary,true,true,Unary,Boolean,UnaryBaseline,UnaryRelation,StructuralHorn,,
HTRU_2-bin,7,5,horn,true,true,Horn,Boolean,Theorem3,StarNestedHorn,StructuralHorn,,
HTRU_2-bin,7,5,antihorn,true,true,AntiHorn,Boolean,Theorem4,StarNestedAntiHorn,StructuralAntiHorn,,
HTRU_2-bin,7,5,square2cnf,true,true,Square2Cnf,Boolean,Theorem6,Square2CnfFormI,TwoSat,,
HTRU_2-bin,7,5,affine,true,true,Affine,Boolean,Theorem5,SingleGf2Equation,Gf2Gaussian,,
HTRU_2-bin,7,5,smart_certified,true,true,SmartCertified,Boolean,Proposition1,PathCompatibleExactRelations,PathCertified,,
HTRU_2-bin,7,5,cals,true,true,SmartCertified,Boolean,Proposition1,PathCompatibleExactRelations,PathCertified,,
HTRU_2-bin,7,5,cals_compact_explain,true,true,SmartCertified,Boolean,Proposition1,PathCompatibleExactRelations,PathCertified,,
HTRU_2-bin,7,7,unary,true,true,Unary,Boolean,UnaryBaseline,UnaryRelation,StructuralHorn,,
HTRU_2-bin,7,7,horn,true,true,Horn,Boolean,Theorem3,StarNestedHorn,StructuralHorn,,
HTRU_2-bin,7,7,antihorn,true,true,AntiHorn,Boolean,Theorem4,StarNestedAntiHorn,StructuralAntiHorn,,
HTRU_2-bin,7,7,square2cnf,true,true,Square2Cnf,Boolean,Theorem6,Square2CnfFormI,TwoSat,,
HTRU_2-bin,7,7,affine,true,true,Affine,Boolean,Theorem5,SingleGf2Equation,Gf2Gaussian,,
HTRU_2-bin,7,7,smart_certified,true,true,SmartCertified,Boolean,Proposition1,PathCompatibleExactRelations,PathCertified,,
HTRU_2-bin,7,7,cals,true,true,SmartCertified,Boolean,Proposition1,PathCompatibleExactRelations,PathCertified,,
HTRU_2-bin,7,7,cals_compact_explain,true,true,SmartCertified,Boolean,Proposition1,PathCompatibleExactRelations,PathCertified,,
HTRU_2-bin,8,5,unary,true,true,Unary,Boolean,UnaryBaseline,UnaryRelation,StructuralHorn,,
HTRU_2-bin,8,5,horn,true,true,Horn,Boolean,Theorem3,StarNestedHorn,StructuralHorn,,
HTRU_2-bin,8,5,antihorn,true,true,AntiHorn,Boolean,Theorem4,StarNestedAntiHorn,StructuralAntiHorn,,
HTRU_2-bin,8,5,square2cnf,true,true,Square2Cnf,Boolean,Theorem6,Square2CnfFormI,TwoSat,,
HTRU_2-bin,8,5,affine,true,true,Affine,Boolean,Theorem5,SingleGf2Equation,Gf2Gaussian,,
HTRU_2-bin,8,5,smart_certified,true,true,SmartCertified,Boolean,Proposition1,PathCompatibleExactRelations,PathCertified,,
HTRU_2-bin,8,5,cals,true,true,SmartCertified,Boolean,Proposition1,PathCompatibleExactRelations,PathCertified,,
HTRU_2-bin,8,5,cals_compact_explain,true,true,SmartCertified,Boolean,Proposition1,PathCompatibleExactRelations,PathCertified,,
HTRU_2-bin,8,7,unary,true,true,Unary,Boolean,UnaryBaseline,UnaryRelation,StructuralHorn,,
HTRU_2-bin,8,7,horn,true,true,Horn,Boolean,Theorem3,StarNestedHorn,StructuralHorn,,
HTRU_2-bin,8,7,antihorn,true,true,AntiHorn,Boolean,Theorem4,StarNestedAntiHorn,StructuralAntiHorn,,
HTRU_2-bin,8,7,square2cnf,true,true,Square2Cnf,Boolean,Theorem6,Square2CnfFormI,TwoSat,,
HTRU_2-bin,8,7,affine,true,true,Affine,Boolean,Theorem5,SingleGf2Equation,Gf2Gaussian,,
HTRU_2-bin,8,7,smart_certified,true,true,SmartCertified,Boolean,Proposition1,PathCompatibleExactRelations,PathCertified,,
HTRU_2-bin,8,7,cals,true,true,SmartCertified,Boolean,Proposition1,PathCompatibleExactRelations,PathCertified,,
HTRU_2-bin,8,7,cals_compact_explain,true,true,SmartCertified,Boolean,Proposition1,PathCompatibleExactRelations,PathCertified,,
HTRU_2-bin,9,5,unary,true,true,Unary,Boolean,UnaryBaseline,UnaryRelation,StructuralHorn,,
HTRU_2-bin,9,5,horn,true,true,Horn,Boolean,Theorem3,StarNestedHorn,StructuralHorn,,
HTRU_2-bin,9,5,antihorn,true,true,AntiHorn,Boolean,Theorem4,StarNestedAntiHorn,StructuralAntiHorn,,
HTRU_2-bin,9,5,square2cnf,true,true,Square2Cnf,Boolean,Theorem6,Square2CnfFormI,TwoSat,,
HTRU_2-bin,9,5,affine,true,true,Affine,Boolean,Theorem5,SingleGf2Equation,Gf2Gaussian,,
HTRU_2-bin,9,5,smart_certified,true,true,SmartCertified,Boolean,Proposition1,PathCompatibleExactRelations,PathCertified,,
HTRU_2-bin,9,5,cals,true,true,SmartCertified,Boolean,Proposition1,PathCompatibleExactRelations,PathCertified,,
HTRU_2-bin,9,5,cals_compact_explain,true,true,SmartCertified,Boolean,Proposition1,PathCompatibleExactRelations,PathCertified,,
HTRU_2-bin,9,7,unary,true,true,Unary,Boolean,UnaryBaseline,UnaryRelation,StructuralHorn,,
HTRU_2-bin,9,7,horn,true,true,Horn,Boolean,Theorem3,StarNestedHorn,StructuralHorn,,
HTRU_2-bin,9,7,antihorn,true,true,AntiHorn,Boolean,Theorem4,StarNestedAntiHorn,StructuralAntiHorn,,
HTRU_2-bin,9,7,square2cnf,true,true,Square2Cnf,Boolean,Theorem6,Square2CnfFormI,TwoSat,,
HTRU_2-bin,9,7,affine,true,true,Affine,Boolean,Theorem5,SingleGf2Equation,Gf2Gaussian,,
HTRU_2-bin,9,7,smart_certified,true,true,SmartCertified,Boolean,Proposition1,PathCompatibleExactRelations,PathCertified,,
HTRU_2-bin,9,7,cals,true,true,SmartCertified,Boolean,Proposition1,PathCompatibleExactRelations,PathCertified,,
HTRU_2-bin,9,7,cals_compact_explain,true,true,SmartCertified,Boolean,Proposition1,PathCompatibleExactRelations,PathCertified,,
IndiansDiabetes-bin,0,5,unary,true,true,Unary,Boolean,UnaryBaseline,UnaryRelation,StructuralHorn,,
IndiansDiabetes-bin,0,5,horn,true,true,Horn,Boolean,Theorem3,StarNestedHorn,StructuralHorn,,
IndiansDiabetes-bin,0,5,antihorn,true,true,AntiHorn,Boolean,Theorem4,StarNestedAntiHorn,StructuralAntiHorn,,
IndiansDiabetes-bin,0,5,square2cnf,true,true,Square2Cnf,Boolean,Theorem6,Square2CnfFormI,TwoSat,,
IndiansDiabetes-bin,0,5,affine,true,true,Affine,Boolean,Theorem5,SingleGf2Equation,Gf2Gaussian,,
IndiansDiabetes-bin,0,5,smart_certified,true,true,SmartCertified,Boolean,Proposition1,PathCompatibleExactRelations,PathCertified,,
IndiansDiabetes-bin,0,5,cals,true,true,SmartCertified,Boolean,Proposition1,PathCompatibleExactRelations,PathCertified,,
IndiansDiabetes-bin,0,5,cals_compact_explain,true,true,SmartCertified,Boolean,Proposition1,PathCompatibleExactRelations,PathCertified,,
IndiansDiabetes-bin,0,7,unary,true,true,Unary,Boolean,UnaryBaseline,UnaryRelation,StructuralHorn,,
IndiansDiabetes-bin,0,7,horn,true,true,Horn,Boolean,Theorem3,StarNestedHorn,StructuralHorn,,
IndiansDiabetes-bin,0,7,antihorn,true,true,AntiHorn,Boolean,Theorem4,StarNestedAntiHorn,StructuralAntiHorn,,
IndiansDiabetes-bin,0,7,square2cnf,true,true,Square2Cnf,Boolean,Theorem6,Square2CnfFormI,TwoSat,,
IndiansDiabetes-bin,0,7,affine,true,true,Affine,Boolean,Theorem5,SingleGf2Equation,Gf2Gaussian,,
IndiansDiabetes-bin,0,7,smart_certified,true,true,SmartCertified,Boolean,Proposition1,PathCompatibleExactRelations,PathCertified,,
IndiansDiabetes-bin,0,7,cals,true,true,SmartCertified,Boolean,Proposition1,PathCompatibleExactRelations,PathCertified,,
IndiansDiabetes-bin,0,7,cals_compact_explain,true,true,SmartCertified,Boolean,Proposition1,PathCompatibleExactRelations,PathCertified,,
IndiansDiabetes-bin,1,5,unary,true,true,Unary,Boolean,UnaryBaseline,UnaryRelation,StructuralHorn,,
IndiansDiabetes-bin,1,5,horn,true,true,Horn,Boolean,Theorem3,StarNestedHorn,StructuralHorn,,
IndiansDiabetes-bin,1,5,antihorn,true,true,AntiHorn,Boolean,Theorem4,StarNestedAntiHorn,StructuralAntiHorn,,
IndiansDiabetes-bin,1,5,square2cnf,true,true,Square2Cnf,Boolean,Theorem6,Square2CnfFormI,TwoSat,,
IndiansDiabetes-bin,1,5,affine,true,true,Affine,Boolean,Theorem5,SingleGf2Equation,Gf2Gaussian,,
IndiansDiabetes-bin,1,5,smart_certified,true,true,SmartCertified,Boolean,Proposition1,PathCompatibleExactRelations,PathCertified,,
IndiansDiabetes-bin,1,5,cals,true,true,SmartCertified,Boolean,Proposition1,PathCompatibleExactRelations,PathCertified,,
IndiansDiabetes-bin,1,5,cals_compact_explain,true,true,SmartCertified,Boolean,Proposition1,PathCompatibleExactRelations,PathCertified,,
IndiansDiabetes-bin,1,7,unary,true,true,Unary,Boolean,UnaryBaseline,UnaryRelation,StructuralHorn,,
IndiansDiabetes-bin,1,7,horn,true,true,Horn,Boolean,Theorem3,StarNestedHorn,StructuralHorn,,
IndiansDiabetes-bin,1,7,antihorn,true,true,AntiHorn,Boolean,Theorem4,StarNestedAntiHorn,StructuralAntiHorn,,
IndiansDiabetes-bin,1,7,square2cnf,true,true,Square2Cnf,Boolean,Theorem6,Square2CnfFormI,TwoSat,,
IndiansDiabetes-bin,1,7,affine,true,true,Affine,Boolean,Theorem5,SingleGf2Equation,Gf2Gaussian,,
IndiansDiabetes-bin,1,7,smart_certified,true,true,SmartCertified,Boolean,Proposition1,PathCompatibleExactRelations,PathCertified,,
IndiansDiabetes-bin,1,7,cals,true,true,SmartCertified,Boolean,Proposition1,PathCompatibleExactRelations,PathCertified,,
IndiansDiabetes-bin,1,7,cals_compact_explain,true,true,SmartCertified,Boolean,Proposition1,PathCompatibleExactRelations,PathCertified,,
IndiansDiabetes-bin,2,5,unary,true,true,Unary,Boolean,UnaryBaseline,UnaryRelation,StructuralHorn,,
IndiansDiabetes-bin,2,5,horn,true,true,Horn,Boolean,Theorem3,StarNestedHorn,StructuralHorn,,
IndiansDiabetes-bin,2,5,antihorn,true,true,AntiHorn,Boolean,Theorem4,StarNestedAntiHorn,StructuralAntiHorn,,
IndiansDiabetes-bin,2,5,square2cnf,true,true,Square2Cnf,Boolean,Theorem6,Square2CnfFormI,TwoSat,,
IndiansDiabetes-bin,2,5,affine,true,true,Affine,Boolean,Theorem5,SingleGf2Equation,Gf2Gaussian,,
IndiansDiabetes-bin,2,5,smart_certified,true,true,SmartCertified,Boolean,Proposition1,PathCompatibleExactRelations,PathCertified,,
IndiansDiabetes-bin,2,5,cals,true,true,SmartCertified,Boolean,Proposition1,PathCompatibleExactRelations,PathCertified,,
IndiansDiabetes-bin,2,5,cals_compact_explain,true,true,SmartCertified,Boolean,Proposition1,PathCompatibleExactRelations,PathCertified,,
IndiansDiabetes-bin,2,7,unary,true,true,Unary,Boolean,UnaryBaseline,UnaryRelation,StructuralHorn,,
IndiansDiabetes-bin,2,7,horn,true,true,Horn,Boolean,Theorem3,StarNestedHorn,StructuralHorn,,
IndiansDiabetes-bin,2,7,antihorn,true,true,AntiHorn,Boolean,Theorem4,StarNestedAntiHorn,StructuralAntiHorn,,
IndiansDiabetes-bin,2,7,square2cnf,true,true,Square2Cnf,Boolean,Theorem6,Square2CnfFormI,TwoSat,,
IndiansDiabetes-bin,2,7,affine,true,true,Affine,Boolean,Theorem5,SingleGf2Equation,Gf2Gaussian,,
IndiansDiabetes-bin,2,7,smart_certified,true,true,SmartCertified,Boolean,Proposition1,PathCompatibleExactRelations,PathCertified,,
IndiansDiabetes-bin,2,7,cals,true,true,SmartCertified,Boolean,Proposition1,PathCompatibleExactRelations,PathCertified,,
IndiansDiabetes-bin,2,7,cals_compact_explain,true,true,SmartCertified,Boolean,Proposition1,PathCompatibleExactRelations,PathCertified,,
IndiansDiabetes-bin,3,5,unary,true,true,Unary,Boolean,UnaryBaseline,UnaryRelation,StructuralHorn,,
IndiansDiabetes-bin,3,5,horn,true,true,Horn,Boolean,Theorem3,StarNestedHorn,StructuralHorn,,
IndiansDiabetes-bin,3,5,antihorn,true,true,AntiHorn,Boolean,Theorem4,StarNestedAntiHorn,StructuralAntiHorn,,
IndiansDiabetes-bin,3,5,square2cnf,true,true,Square2Cnf,Boolean,Theorem6,Square2CnfFormI,TwoSat,,
IndiansDiabetes-bin,3,5,affine,true,true,Affine,Boolean,Theorem5,SingleGf2Equation,Gf2Gaussian,,
IndiansDiabetes-bin,3,5,smart_certified,true,true,SmartCertified,Boolean,Proposition1,PathCompatibleExactRelations,PathCertified,,
IndiansDiabetes-bin,3,5,cals,true,true,SmartCertified,Boolean,Proposition1,PathCompatibleExactRelations,PathCertified,,
IndiansDiabetes-bin,3,5,cals_compact_explain,true,true,SmartCertified,Boolean,Proposition1,PathCompatibleExactRelations,PathCertified,,
IndiansDiabetes-bin,3,7,unary,true,true,Unary,Boolean,UnaryBaseline,UnaryRelation,StructuralHorn,,
IndiansDiabetes-bin,3,7,horn,true,true,Horn,Boolean,Theorem3,StarNestedHorn,StructuralHorn,,
IndiansDiabetes-bin,3,7,antihorn,true,true,AntiHorn,Boolean,Theorem4,StarNestedAntiHorn,StructuralAntiHorn,,
IndiansDiabetes-bin,3,7,square2cnf,true,true,Square2Cnf,Boolean,Theorem6,Square2CnfFormI,TwoSat,,
IndiansDiabetes-bin,3,7,affine,true,true,Affine,Boolean,Theorem5,SingleGf2Equation,Gf2Gaussian,,
IndiansDiabetes-bin,3,7,smart_certified,true,true,SmartCertified,Boolean,Proposition1,PathCompatibleExactRelations,PathCertified,,
IndiansDiabetes-bin,3,7,cals,true,true,SmartCertified,Boolean,Proposition1,PathCompatibleExactRelations,PathCertified,,
IndiansDiabetes-bin,3,7,cals_compact_explain,true,true,SmartCertified,Boolean,Proposition1,PathCompatibleExactRelations,PathCertified,,
IndiansDiabetes-bin,4,5,unary,true,true,Unary,Boolean,UnaryBaseline,UnaryRelation,StructuralHorn,,
IndiansDiabetes-bin,4,5,horn,true,true,Horn,Boolean,Theorem3,StarNestedHorn,StructuralHorn,,
IndiansDiabetes-bin,4,5,antihorn,true,true,AntiHorn,Boolean,Theorem4,StarNestedAntiHorn,StructuralAntiHorn,,
IndiansDiabetes-bin,4,5,square2cnf,true,true,Square2Cnf,Boolean,Theorem6,Square2CnfFormI,TwoSat,,
IndiansDiabetes-bin,4,5,affine,true,true,Affine,Boolean,Theorem5,SingleGf2Equation,Gf2Gaussian,,
IndiansDiabetes-bin,4,5,smart_certified,true,true,SmartCertified,Boolean,Proposition1,PathCompatibleExactRelations,PathCertified,,
IndiansDiabetes-bin,4,5,cals,true,true,SmartCertified,Boolean,Proposition1,PathCompatibleExactRelations,PathCertified,,
IndiansDiabetes-bin,4,5,cals_compact_explain,true,true,SmartCertified,Boolean,Proposition1,PathCompatibleExactRelations,PathCertified,,
IndiansDiabetes-bin,4,7,unary,true,true,Unary,Boolean,UnaryBaseline,UnaryRelation,StructuralHorn,,
IndiansDiabetes-bin,4,7,horn,true,true,Horn,Boolean,Theorem3,StarNestedHorn,StructuralHorn,,
IndiansDiabetes-bin,4,7,antihorn,true,true,AntiHorn,Boolean,Theorem4,StarNestedAntiHorn,StructuralAntiHorn,,
IndiansDiabetes-bin,4,7,square2cnf,true,true,Square2Cnf,Boolean,Theorem6,Square2CnfFormI,TwoSat,,
IndiansDiabetes-bin,4,7,affine,true,true,Affine,Boolean,Theorem5,SingleGf2Equation,Gf2Gaussian,,
IndiansDiabetes-bin,4,7,smart_certified,true,true,SmartCertified,Boolean,Proposition1,PathCompatibleExactRelations,PathCertified,,
IndiansDiabetes-bin,4,7,cals,true,true,SmartCertified,Boolean,Proposition1,PathCompatibleExactRelations,PathCertified,,
IndiansDiabetes-bin,4,7,cals_compact_explain,true,true,SmartCertified,Boolean,Proposition1,PathCompatibleExactRelations,PathCertified,,
IndiansDiabetes-bin,5,5,unary,true,true,Unary,Boolean,UnaryBaseline,UnaryRelation,StructuralHorn,,
IndiansDiabetes-bin,5,5,horn,true,true,Horn,Boolean,Theorem3,StarNestedHorn,StructuralHorn,,
IndiansDiabetes-bin,5,5,antihorn,true,true,AntiHorn,Boolean,Theorem4,StarNestedAntiHorn,StructuralAntiHorn,,
IndiansDiabetes-bin,5,5,square2cnf,true,true,Square2Cnf,Boolean,Theorem6,Square2CnfFormI,TwoSat,,
IndiansDiabetes-bin,5,5,affine,true,true,Affine,Boolean,Theorem5,SingleGf2Equation,Gf2Gaussian,,
IndiansDiabetes-bin,5,5,smart_certified,true,true,SmartCertified,Boolean,Proposition1,PathCompatibleExactRelations,PathCertified,,
IndiansDiabetes-bin,5,5,cals,true,true,SmartCertified,Boolean,Proposition1,PathCompatibleExactRelations,PathCertified,,
IndiansDiabetes-bin,5,5,cals_compact_explain,true,true,SmartCertified,Boolean,Proposition1,PathCompatibleExactRelations,PathCertified,,
IndiansDiabetes-bin,5,7,unary,true,true,Unary,Boolean,UnaryBaseline,UnaryRelation,StructuralHorn,,
IndiansDiabetes-bin,5,7,horn,true,true,Horn,Boolean,Theorem3,StarNestedHorn,StructuralHorn,,
IndiansDiabetes-bin,5,7,antihorn,true,true,AntiHorn,Boolean,Theorem4,StarNestedAntiHorn,StructuralAntiHorn,,
IndiansDiabetes-bin,5,7,square2cnf,true,true,Square2Cnf,Boolean,Theorem6,Square2CnfFormI,TwoSat,,
IndiansDiabetes-bin,5,7,affine,true,true,Affine,Boolean,Theorem5,SingleGf2Equation,Gf2Gaussian,,
IndiansDiabetes-bin,5,7,smart_certified,true,true,SmartCertified,Boolean,Proposition1,PathCompatibleExactRelations,PathCertified,,
IndiansDiabetes-bin,5,7,cals,true,true,SmartCertified,Boolean,Proposition1,PathCompatibleExactRelations,PathCertified,,
IndiansDiabetes-bin,5,7,cals_compact_explain,true,true,SmartCertified,Boolean,Proposition1,PathCompatibleExactRelations,PathCertified,,
IndiansDiabetes-bin,6,5,unary,true,true,Unary,Boolean,UnaryBaseline,UnaryRelation,StructuralHorn,,
IndiansDiabetes-bin,6,5,horn,true,true,Horn,Boolean,Theorem3,StarNestedHorn,StructuralHorn,,
IndiansDiabetes-bin,6,5,antihorn,true,true,AntiHorn,Boolean,Theorem4,StarNestedAntiHorn,StructuralAntiHorn,,
IndiansDiabetes-bin,6,5,square2cnf,true,true,Square2Cnf,Boolean,Theorem6,Square2CnfFormI,TwoSat,,
IndiansDiabetes-bin,6,5,affine,true,true,Affine,Boolean,Theorem5,SingleGf2Equation,Gf2Gaussian,,
IndiansDiabetes-bin,6,5,smart_certified,true,true,SmartCertified,Boolean,Proposition1,PathCompatibleExactRelations,PathCertified,,
IndiansDiabetes-bin,6,5,cals,true,true,SmartCertified,Boolean,Proposition1,PathCompatibleExactRelations,PathCertified,,
IndiansDiabetes-bin,6,5,cals_compact_explain,true,true,SmartCertified,Boolean,Proposition1,PathCompatibleExactRelations,PathCertified,,
IndiansDiabetes-bin,6,7,unary,true,true,Unary,Boolean,UnaryBaseline,UnaryRelation,StructuralHorn,,
IndiansDiabetes-bin,6,7,horn,true,true,Horn,Boolean,Theorem3,StarNestedHorn,StructuralHorn,,
IndiansDiabetes-bin,6,7,antihorn,true,true,AntiHorn,Boolean,Theorem4,StarNestedAntiHorn,StructuralAntiHorn,,
IndiansDiabetes-bin,6,7,square2cnf,true,true,Square2Cnf,Boolean,Theorem6,Square2CnfFormI,TwoSat,,
IndiansDiabetes-bin,6,7,affine,true,true,Affine,Boolean,Theorem5,SingleGf2Equation,Gf2Gaussian,,
IndiansDiabetes-bin,6,7,smart_certified,true,true,SmartCertified,Boolean,Proposition1,PathCompatibleExactRelations,PathCertified,,
IndiansDiabetes-bin,6,7,cals,true,true,SmartCertified,Boolean,Proposition1,PathCompatibleExactRelations,PathCertified,,
IndiansDiabetes-bin,6,7,cals_compact_explain,true,true,SmartCertified,Boolean,Proposition1,PathCompatibleExactRelations,PathCertified,,
IndiansDiabetes-bin,7,5,unary,true,true,Unary,Boolean,UnaryBaseline,UnaryRelation,StructuralHorn,,
IndiansDiabetes-bin,7,5,horn,true,true,Horn,Boolean,Theorem3,StarNestedHorn,StructuralHorn,,
IndiansDiabetes-bin,7,5,antihorn,true,true,AntiHorn,Boolean,Theorem4,StarNestedAntiHorn,StructuralAntiHorn,,
IndiansDiabetes-bin,7,5,square2cnf,true,true,Square2Cnf,Boolean,Theorem6,Square2CnfFormI,TwoSat,,
IndiansDiabetes-bin,7,5,affine,true,true,Affine,Boolean,Theorem5,SingleGf2Equation,Gf2Gaussian,,
IndiansDiabetes-bin,7,5,smart_certified,true,true,SmartCertified,Boolean,Proposition1,PathCompatibleExactRelations,PathCertified,,
IndiansDiabetes-bin,7,5,cals,true,true,SmartCertified,Boolean,Proposition1,PathCompatibleExactRelations,PathCertified,,
IndiansDiabetes-bin,7,5,cals_compact_explain,true,true,SmartCertified,Boolean,Proposition1,PathCompatibleExactRelations,PathCertified,,
IndiansDiabetes-bin,7,7,unary,true,true,Unary,Boolean,UnaryBaseline,UnaryRelation,StructuralHorn,,
IndiansDiabetes-bin,7,7,horn,true,true,Horn,Boolean,Theorem3,StarNestedHorn,StructuralHorn,,
IndiansDiabetes-bin,7,7,antihorn,true,true,AntiHorn,Boolean,Theorem4,StarNestedAntiHorn,StructuralAntiHorn,,
IndiansDiabetes-bin,7,7,square2cnf,true,true,Square2Cnf,Boolean,Theorem6,Square2CnfFormI,TwoSat,,
IndiansDiabetes-bin,7,7,affine,true,true,Affine,Boolean,Theorem5,SingleGf2Equation,Gf2Gaussian,,
IndiansDiabetes-bin,7,7,smart_certified,true,true,SmartCertified,Boolean,Proposition1,PathCompatibleExactRelations,PathCertified,,
IndiansDiabetes-bin,7,7,cals,true,true,SmartCertified,Boolean,Proposition1,PathCompatibleExactRelations,PathCertified,,
IndiansDiabetes-bin,7,7,cals_compact_explain,true,true,SmartCertified,Boolean,Proposition1,PathCompatibleExactRelations,PathCertified,,
IndiansDiabetes-bin,8,5,unary,true,true,Unary,Boolean,UnaryBaseline,UnaryRelation,StructuralHorn,,
IndiansDiabetes-bin,8,5,horn,true,true,Horn,Boolean,Theorem3,StarNestedHorn,StructuralHorn,,
IndiansDiabetes-bin,8,5,antihorn,true,true,AntiHorn,Boolean,Theorem4,StarNestedAntiHorn,StructuralAntiHorn,,
IndiansDiabetes-bin,8,5,square2cnf,true,true,Square2Cnf,Boolean,Theorem6,Square2CnfFormI,TwoSat,,
IndiansDiabetes-bin,8,5,affine,true,true,Affine,Boolean,Theorem5,SingleGf2Equation,Gf2Gaussian,,
IndiansDiabetes-bin,8,5,smart_certified,true,true,SmartCertified,Boolean,Proposition1,PathCompatibleExactRelations,PathCertified,,
IndiansDiabetes-bin,8,5,cals,true,true,SmartCertified,Boolean,Proposition1,PathCompatibleExactRelations,PathCertified,,
IndiansDiabetes-bin,8,5,cals_compact_explain,true,true,SmartCertified,Boolean,Proposition1,PathCompatibleExactRelations,PathCertified,,
IndiansDiabetes-bin,8,7,unary,true,true,Unary,Boolean,UnaryBaseline,UnaryRelation,StructuralHorn,,
IndiansDiabetes-bin,8,7,horn,true,true,Horn,Boolean,Theorem3,StarNestedHorn,StructuralHorn,,
IndiansDiabetes-bin,8,7,antihorn,true,true,AntiHorn,Boolean,Theorem4,StarNestedAntiHorn,StructuralAntiHorn,,
IndiansDiabetes-bin,8,7,square2cnf,true,true,Square2Cnf,Boolean,Theorem6,Square2CnfFormI,TwoSat,,
IndiansDiabetes-bin,8,7,affine,true,true,Affine,Boolean,Theorem5,SingleGf2Equation,Gf2Gaussian,,
IndiansDiabetes-bin,8,7,smart_certified,true,true,SmartCertified,Boolean,Proposition1,PathCompatibleExactRelations,PathCertified,,
IndiansDiabetes-bin,8,7,cals,true,true,SmartCertified,Boolean,Proposition1,PathCompatibleExactRelations,PathCertified,,
IndiansDiabetes-bin,8,7,cals_compact_explain,true,true,SmartCertified,Boolean,Proposition1,PathCompatibleExactRelations,PathCertified,,
IndiansDiabetes-bin,9,5,unary,true,true,Unary,Boolean,UnaryBaseline,UnaryRelation,StructuralHorn,,
IndiansDiabetes-bin,9,5,horn,true,true,Horn,Boolean,Theorem3,StarNestedHorn,StructuralHorn,,
IndiansDiabetes-bin,9,5,antihorn,true,true,AntiHorn,Boolean,Theorem4,StarNestedAntiHorn,StructuralAntiHorn,,
IndiansDiabetes-bin,9,5,square2cnf,true,true,Square2Cnf,Boolean,Theorem6,Square2CnfFormI,TwoSat,,
IndiansDiabetes-bin,9,5,affine,true,true,Affine,Boolean,Theorem5,SingleGf2Equation,Gf2Gaussian,,
IndiansDiabetes-bin,9,5,smart_certified,true,true,SmartCertified,Boolean,Proposition1,PathCompatibleExactRelations,PathCertified,,
IndiansDiabetes-bin,9,5,cals,true,true,SmartCertified,Boolean,Proposition1,PathCompatibleExactRelations,PathCertified,,
IndiansDiabetes-bin,9,5,cals_compact_explain,true,true,SmartCertified,Boolean,Proposition1,PathCompatibleExactRelations,PathCertified,,
IndiansDiabetes-bin,9,7,unary,true,true,Unary,Boolean,UnaryBaseline,UnaryRelation,StructuralHorn,,
IndiansDiabetes-bin,9,7,horn,true,true,Horn,Boolean,Theorem3,StarNestedHorn,StructuralHorn,,
IndiansDiabetes-bin,9,7,antihorn,true,true,AntiHorn,Boolean,Theorem4,StarNestedAntiHorn,StructuralAntiHorn,,
IndiansDiabetes-bin,9,7,square2cnf,true,true,Square2Cnf,Boolean,Theorem6,Square2CnfFormI,TwoSat,,
IndiansDiabetes-bin,9,7,affine,true,true,Affine,Boolean,Theorem5,SingleGf2Equation,Gf2Gaussian,,
IndiansDiabetes-bin,9,7,smart_certified,true,true,SmartCertified,Boolean,Proposition1,PathCompatibleExactRelations,PathCertified,,
IndiansDiabetes-bin,9,7,cals,true,true,SmartCertified,Boolean,Proposition1,PathCompatibleExactRelations,PathCertified,,
IndiansDiabetes-bin,9,7,cals_compact_explain,true,true,SmartCertified,Boolean,Proposition1,PathCompatibleExactRelations,PathCertified,,
Statlog_satellite-bin,0,5,unary,true,true,Unary,Boolean,UnaryBaseline,UnaryRelation,StructuralHorn,,
Statlog_satellite-bin,0,5,horn,true,true,Horn,Boolean,Theorem3,StarNestedHorn,StructuralHorn,,
Statlog_satellite-bin,0,5,antihorn,true,true,AntiHorn,Boolean,Theorem4,StarNestedAntiHorn,StructuralAntiHorn,,
Statlog_satellite-bin,0,5,square2cnf,true,true,Square2Cnf,Boolean,Theorem6,Square2CnfFormI,TwoSat,,
Statlog_satellite-bin,0,5,affine,true,true,Affine,Boolean,Theorem5,SingleGf2Equation,Gf2Gaussian,,
Statlog_satellite-bin,0,5,smart_certified,true,true,SmartCertified,Boolean,Proposition1,PathCompatibleExactRelations,PathCertified,,
Statlog_satellite-bin,0,5,cals,true,true,SmartCertified,Boolean,Proposition1,PathCompatibleExactRelations,PathCertified,,
Statlog_satellite-bin,0,5,cals_compact_explain,true,true,SmartCertified,Boolean,Proposition1,PathCompatibleExactRelations,PathCertified,,
Statlog_satellite-bin,0,7,unary,true,true,Unary,Boolean,UnaryBaseline,UnaryRelation,StructuralHorn,,
Statlog_satellite-bin,0,7,horn,true,true,Horn,Boolean,Theorem3,StarNestedHorn,StructuralHorn,,
Statlog_satellite-bin,0,7,antihorn,true,true,AntiHorn,Boolean,Theorem4,StarNestedAntiHorn,StructuralAntiHorn,,
Statlog_satellite-bin,0,7,square2cnf,true,true,Square2Cnf,Boolean,Theorem6,Square2CnfFormI,TwoSat,,
Statlog_satellite-bin,0,7,affine,true,true,Affine,Boolean,Theorem5,SingleGf2Equation,Gf2Gaussian,,
Statlog_satellite-bin,0,7,smart_certified,true,true,SmartCertified,Boolean,Proposition1,PathCompatibleExactRelations,PathCertified,,
Statlog_satellite-bin,0,7,cals,true,true,SmartCertified,Boolean,Proposition1,PathCompatibleExactRelations,PathCertified,,
Statlog_satellite-bin,0,7,cals_compact_explain,true,true,SmartCertified,Boolean,Proposition1,PathCompatibleExactRelations,PathCertified,,
Statlog_satellite-bin,1,5,unary,true,true,Unary,Boolean,UnaryBaseline,UnaryRelation,StructuralHorn,,
Statlog_satellite-bin,1,5,horn,true,true,Horn,Boolean,Theorem3,StarNestedHorn,StructuralHorn,,
Statlog_satellite-bin,1,5,antihorn,true,true,AntiHorn,Boolean,Theorem4,StarNestedAntiHorn,StructuralAntiHorn,,
Statlog_satellite-bin,1,5,square2cnf,true,true,Square2Cnf,Boolean,Theorem6,Square2CnfFormI,TwoSat,,
Statlog_satellite-bin,1,5,affine,true,true,Affine,Boolean,Theorem5,SingleGf2Equation,Gf2Gaussian,,
Statlog_satellite-bin,1,5,smart_certified,true,true,SmartCertified,Boolean,Proposition1,PathCompatibleExactRelations,PathCertified,,
Statlog_satellite-bin,1,5,cals,true,true,SmartCertified,Boolean,Proposition1,PathCompatibleExactRelations,PathCertified,,
Statlog_satellite-bin,1,5,cals_compact_explain,true,true,SmartCertified,Boolean,Proposition1,PathCompatibleExactRelations,PathCertified,,
Statlog_satellite-bin,1,7,unary,true,true,Unary,Boolean,UnaryBaseline,UnaryRelation,StructuralHorn,,
Statlog_satellite-bin,1,7,horn,true,true,Horn,Boolean,Theorem3,StarNestedHorn,StructuralHorn,,
Statlog_satellite-bin,1,7,antihorn,true,true,AntiHorn,Boolean,Theorem4,StarNestedAntiHorn,StructuralAntiHorn,,
Statlog_satellite-bin,1,7,square2cnf,true,true,Square2Cnf,Boolean,Theorem6,Square2CnfFormI,TwoSat,,
Statlog_satellite-bin,1,7,affine,true,true,Affine,Boolean,Theorem5,SingleGf2Equation,Gf2Gaussian,,
Statlog_satellite-bin,1,7,smart_certified,true,true,SmartCertified,Boolean,Proposition1,PathCompatibleExactRelations,PathCertified,,
Statlog_satellite-bin,1,7,cals,true,true,SmartCertified,Boolean,Proposition1,PathCompatibleExactRelations,PathCertified,,
Statlog_satellite-bin,1,7,cals_compact_explain,true,true,SmartCertified,Boolean,Proposition1,PathCompatibleExactRelations,PathCertified,,
Statlog_satellite-bin,2,5,unary,true,true,Unary,Boolean,UnaryBaseline,UnaryRelation,StructuralHorn,,
Statlog_satellite-bin,2,5,horn,true,true,Horn,Boolean,Theorem3,StarNestedHorn,StructuralHorn,,
Statlog_satellite-bin,2,5,antihorn,true,true,AntiHorn,Boolean,Theorem4,StarNestedAntiHorn,StructuralAntiHorn,,
Statlog_satellite-bin,2,5,square2cnf,true,true,Square2Cnf,Boolean,Theorem6,Square2CnfFormI,TwoSat,,
Statlog_satellite-bin,2,5,affine,true,true,Affine,Boolean,Theorem5,SingleGf2Equation,Gf2Gaussian,,
Statlog_satellite-bin,2,5,smart_certified,true,true,SmartCertified,Boolean,Proposition1,PathCompatibleExactRelations,PathCertified,,
Statlog_satellite-bin,2,5,cals,true,true,SmartCertified,Boolean,Proposition1,PathCompatibleExactRelations,PathCertified,,
Statlog_satellite-bin,2,5,cals_compact_explain,true,true,SmartCertified,Boolean,Proposition1,PathCompatibleExactRelations,PathCertified,,
Statlog_satellite-bin,2,7,unary,true,true,Unary,Boolean,UnaryBaseline,UnaryRelation,StructuralHorn,,
Statlog_satellite-bin,2,7,horn,true,true,Horn,Boolean,Theorem3,StarNestedHorn,StructuralHorn,,
Statlog_satellite-bin,2,7,antihorn,true,true,AntiHorn,Boolean,Theorem4,StarNestedAntiHorn,StructuralAntiHorn,,
Statlog_satellite-bin,2,7,square2cnf,true,true,Square2Cnf,Boolean,Theorem6,Square2CnfFormI,TwoSat,,
Statlog_satellite-bin,2,7,affine,true,true,Affine,Boolean,Theorem5,SingleGf2Equation,Gf2Gaussian,,
Statlog_satellite-bin,2,7,smart_certified,true,true,SmartCertified,Boolean,Proposition1,PathCompatibleExactRelations,PathCertified,,
Statlog_satellite-bin,2,7,cals,true,true,SmartCertified,Boolean,Proposition1,PathCompatibleExactRelations,PathCertified,,
Statlog_satellite-bin,2,7,cals_compact_explain,true,true,SmartCertified,Boolean,Proposition1,PathCompatibleExactRelations,PathCertified,,
Statlog_satellite-bin,3,5,unary,true,true,Unary,Boolean,UnaryBaseline,UnaryRelation,StructuralHorn,,
Statlog_satellite-bin,3,5,horn,true,true,Horn,Boolean,Theorem3,StarNestedHorn,StructuralHorn,,
Statlog_satellite-bin,3,5,antihorn,true,true,AntiHorn,Boolean,Theorem4,StarNestedAntiHorn,StructuralAntiHorn,,
Statlog_satellite-bin,3,5,square2cnf,true,true,Square2Cnf,Boolean,Theorem6,Square2CnfFormI,TwoSat,,
Statlog_satellite-bin,3,5,affine,true,true,Affine,Boolean,Theorem5,SingleGf2Equation,Gf2Gaussian,,
Statlog_satellite-bin,3,5,smart_certified,true,true,SmartCertified,Boolean,Proposition1,PathCompatibleExactRelations,PathCertified,,
Statlog_satellite-bin,3,5,cals,true,true,SmartCertified,Boolean,Proposition1,PathCompatibleExactRelations,PathCertified,,
Statlog_satellite-bin,3,5,cals_compact_explain,true,true,SmartCertified,Boolean,Proposition1,PathCompatibleExactRelations,PathCertified,,
Statlog_satellite-bin,3,7,unary,true,true,Unary,Boolean,UnaryBaseline,UnaryRelation,StructuralHorn,,
Statlog_satellite-bin,3,7,horn,true,true,Horn,Boolean,Theorem3,StarNestedHorn,StructuralHorn,,
Statlog_satellite-bin,3,7,antihorn,true,true,AntiHorn,Boolean,Theorem4,StarNestedAntiHorn,StructuralAntiHorn,,
Statlog_satellite-bin,3,7,square2cnf,true,true,Square2Cnf,Boolean,Theorem6,Square2CnfFormI,TwoSat,,
Statlog_satellite-bin,3,7,affine,true,true,Affine,Boolean,Theorem5,SingleGf2Equation,Gf2Gaussian,,
Statlog_satellite-bin,3,7,smart_certified,true,true,SmartCertified,Boolean,Proposition1,PathCompatibleExactRelations,PathCertified,,
Statlog_satellite-bin,3,7,cals,true,true,SmartCertified,Boolean,Proposition1,PathCompatibleExactRelations,PathCertified,,
Statlog_satellite-bin,3,7,cals_compact_explain,true,true,SmartCertified,Boolean,Proposition1,PathCompatibleExactRelations,PathCertified,,
Statlog_satellite-bin,4,5,unary,true,true,Unary,Boolean,UnaryBaseline,UnaryRelation,StructuralHorn,,
Statlog_satellite-bin,4,5,horn,true,true,Horn,Boolean,Theorem3,StarNestedHorn,StructuralHorn,,
Statlog_satellite-bin,4,5,antihorn,true,true,AntiHorn,Boolean,Theorem4,StarNestedAntiHorn,StructuralAntiHorn,,
Statlog_satellite-bin,4,5,square2cnf,true,true,Square2Cnf,Boolean,Theorem6,Square2CnfFormI,TwoSat,,
Statlog_satellite-bin,4,5,affine,true,true,Affine,Boolean,Theorem5,SingleGf2Equation,Gf2Gaussian,,
Statlog_satellite-bin,4,5,smart_certified,true,true,SmartCertified,Boolean,Proposition1,PathCompatibleExactRelations,PathCertified,,
Statlog_satellite-bin,4,5,cals,true,true,SmartCertified,Boolean,Proposition1,PathCompatibleExactRelations,PathCertified,,
Statlog_satellite-bin,4,5,cals_compact_explain,true,true,SmartCertified,Boolean,Proposition1,PathCompatibleExactRelations,PathCertified,,
Statlog_satellite-bin,4,7,unary,true,true,Unary,Boolean,UnaryBaseline,UnaryRelation,StructuralHorn,,
Statlog_satellite-bin,4,7,horn,true,true,Horn,Boolean,Theorem3,StarNestedHorn,StructuralHorn,,
Statlog_satellite-bin,4,7,antihorn,true,true,AntiHorn,Boolean,Theorem4,StarNestedAntiHorn,StructuralAntiHorn,,
Statlog_satellite-bin,4,7,square2cnf,true,true,Square2Cnf,Boolean,Theorem6,Square2CnfFormI,TwoSat,,
Statlog_satellite-bin,4,7,affine,true,true,Affine,Boolean,Theorem5,SingleGf2Equation,Gf2Gaussian,,
Statlog_satellite-bin,4,7,smart_certified,true,true,SmartCertified,Boolean,Proposition1,PathCompatibleExactRelations,PathCertified,,
Statlog_satellite-bin,4,7,cals,true,true,SmartCertified,Boolean,Proposition1,PathCompatibleExactRelations,PathCertified,,
Statlog_satellite-bin,4,7,cals_compact_explain,true,true,SmartCertified,Boolean,Proposition1,PathCompatibleExactRelations,PathCertified,,
Statlog_satellite-bin,5,5,unary,true,true,Unary,Boolean,UnaryBaseline,UnaryRelation,StructuralHorn,,
Statlog_satellite-bin,5,5,horn,true,true,Horn,Boolean,Theorem3,StarNestedHorn,StructuralHorn,,
Statlog_satellite-bin,5,5,antihorn,true,true,AntiHorn,Boolean,Theorem4,StarNestedAntiHorn,StructuralAntiHorn,,
Statlog_satellite-bin,5,5,square2cnf,true,true,Square2Cnf,Boolean,Theorem6,Square2CnfFormI,TwoSat,,
Statlog_satellite-bin,5,5,affine,true,true,Affine,Boolean,Theorem5,SingleGf2Equation,Gf2Gaussian,,
Statlog_satellite-bin,5,5,smart_certified,true,true,SmartCertified,Boolean,Proposition1,PathCompatibleExactRelations,PathCertified,,
Statlog_satellite-bin,5,5,cals,true,true,SmartCertified,Boolean,Proposition1,PathCompatibleExactRelations,PathCertified,,
Statlog_satellite-bin,5,5,cals_compact_explain,true,true,SmartCertified,Boolean,Proposition1,PathCompatibleExactRelations,PathCertified,,
Statlog_satellite-bin,5,7,unary,true,true,Unary,Boolean,UnaryBaseline,UnaryRelation,StructuralHorn,,
Statlog_satellite-bin,5,7,horn,true,true,Horn,Boolean,Theorem3,StarNestedHorn,StructuralHorn,,
Statlog_satellite-bin,5,7,antihorn,true,true,AntiHorn,Boolean,Theorem4,StarNestedAntiHorn,StructuralAntiHorn,,
Statlog_satellite-bin,5,7,square2cnf,true,true,Square2Cnf,Boolean,Theorem6,Square2CnfFormI,TwoSat,,
Statlog_satellite-bin,5,7,affine,true,true,Affine,Boolean,Theorem5,SingleGf2Equation,Gf2Gaussian,,
Statlog_satellite-bin,5,7,smart_certified,true,true,SmartCertified,Boolean,Proposition1,PathCompatibleExactRelations,PathCertified,,
Statlog_satellite-bin,5,7,cals,true,true,SmartCertified,Boolean,Proposition1,PathCompatibleExactRelations,PathCertified,,
Statlog_satellite-bin,5,7,cals_compact_explain,true,true,SmartCertified,Boolean,Proposition1,PathCompatibleExactRelations,PathCertified,,
Statlog_satellite-bin,6,5,unary,true,true,Unary,Boolean,UnaryBaseline,UnaryRelation,StructuralHorn,,
Statlog_satellite-bin,6,5,horn,true,true,Horn,Boolean,Theorem3,StarNestedHorn,StructuralHorn,,
Statlog_satellite-bin,6,5,antihorn,true,true,AntiHorn,Boolean,Theorem4,StarNestedAntiHorn,StructuralAntiHorn,,
Statlog_satellite-bin,6,5,square2cnf,true,true,Square2Cnf,Boolean,Theorem6,Square2CnfFormI,TwoSat,,
Statlog_satellite-bin,6,5,affine,true,true,Affine,Boolean,Theorem5,SingleGf2Equation,Gf2Gaussian,,
Statlog_satellite-bin,6,5,smart_certified,true,true,SmartCertified,Boolean,Proposition1,PathCompatibleExactRelations,PathCertified,,
Statlog_satellite-bin,6,5,cals,true,true,SmartCertified,Boolean,Proposition1,PathCompatibleExactRelations,PathCertified,,
Statlog_satellite-bin,6,5,cals_compact_explain,true,true,SmartCertified,Boolean,Proposition1,PathCompatibleExactRelations,PathCertified,,
Statlog_satellite-bin,6,7,unary,true,true,Unary,Boolean,UnaryBaseline,UnaryRelation,StructuralHorn,,
Statlog_satellite-bin,6,7,horn,true,true,Horn,Boolean,Theorem3,StarNestedHorn,StructuralHorn,,
Statlog_satellite-bin,6,7,antihorn,true,true,AntiHorn,Boolean,Theorem4,StarNestedAntiHorn,StructuralAntiHorn,,
Statlog_satellite-bin,6,7,square2cnf,true,true,Square2Cnf,Boolean,Theorem6,Square2CnfFormI,TwoSat,,
Statlog_satellite-bin,6,7,affine,true,true,Affine,Boolean,Theorem5,SingleGf2Equation,Gf2Gaussian,,
Statlog_satellite-bin,6,7,smart_certified,true,true,SmartCertified,Boolean,Proposition1,PathCompatibleExactRelations,PathCertified,,
Statlog_satellite-bin,6,7,cals,true,true,SmartCertified,Boolean,Proposition1,PathCompatibleExactRelations,PathCertified,,
Statlog_satellite-bin,6,7,cals_compact_explain,true,true,SmartCertified,Boolean,Proposition1,PathCompatibleExactRelations,PathCertified,,
Statlog_satellite-bin,7,5,unary,true,true,Unary,Boolean,UnaryBaseline,UnaryRelation,StructuralHorn,,
Statlog_satellite-bin,7,5,horn,true,true,Horn,Boolean,Theorem3,StarNestedHorn,StructuralHorn,,
Statlog_satellite-bin,7,5,antihorn,true,true,AntiHorn,Boolean,Theorem4,StarNestedAntiHorn,StructuralAntiHorn,,
Statlog_satellite-bin,7,5,square2cnf,true,true,Square2Cnf,Boolean,Theorem6,Square2CnfFormI,TwoSat,,
Statlog_satellite-bin,7,5,affine,true,true,Affine,Boolean,Theorem5,SingleGf2Equation,Gf2Gaussian,,
Statlog_satellite-bin,7,5,smart_certified,true,true,SmartCertified,Boolean,Proposition1,PathCompatibleExactRelations,PathCertified,,
Statlog_satellite-bin,7,5,cals,true,true,SmartCertified,Boolean,Proposition1,PathCompatibleExactRelations,PathCertified,,
Statlog_satellite-bin,7,5,cals_compact_explain,true,true,SmartCertified,Boolean,Proposition1,PathCompatibleExactRelations,PathCertified,,
Statlog_satellite-bin,7,7,unary,true,true,Unary,Boolean,UnaryBaseline,UnaryRelation,StructuralHorn,,
Statlog_satellite-bin,7,7,horn,true,true,Horn,Boolean,Theorem3,StarNestedHorn,StructuralHorn,,
Statlog_satellite-bin,7,7,antihorn,true,true,AntiHorn,Boolean,Theorem4,StarNestedAntiHorn,StructuralAntiHorn,,
Statlog_satellite-bin,7,7,square2cnf,true,true,Square2Cnf,Boolean,Theorem6,Square2CnfFormI,TwoSat,,
Statlog_satellite-bin,7,7,affine,true,true,Affine,Boolean,Theorem5,SingleGf2Equation,Gf2Gaussian,,
Statlog_satellite-bin,7,7,smart_certified,true,true,SmartCertified,Boolean,Proposition1,PathCompatibleExactRelations,PathCertified,,
Statlog_satellite-bin,7,7,cals,true,true,SmartCertified,Boolean,Proposition1,PathCompatibleExactRelations,PathCertified,,
Statlog_satellite-bin,7,7,cals_compact_explain,true,true,SmartCertified,Boolean,Proposition1,PathCompatibleExactRelations,PathCertified,,
Statlog_satellite-bin,8,5,unary,true,true,Unary,Boolean,UnaryBaseline,UnaryRelation,StructuralHorn,,
Statlog_satellite-bin,8,5,horn,true,true,Horn,Boolean,Theorem3,StarNestedHorn,StructuralHorn,,
Statlog_satellite-bin,8,5,antihorn,true,true,AntiHorn,Boolean,Theorem4,StarNestedAntiHorn,StructuralAntiHorn,,
Statlog_satellite-bin,8,5,square2cnf,true,true,Square2Cnf,Boolean,Theorem6,Square2CnfFormI,TwoSat,,
Statlog_satellite-bin,8,5,affine,true,true,Affine,Boolean,Theorem5,SingleGf2Equation,Gf2Gaussian,,
Statlog_satellite-bin,8,5,smart_certified,true,true,SmartCertified,Boolean,Proposition1,PathCompatibleExactRelations,PathCertified,,
Statlog_satellite-bin,8,5,cals,true,true,SmartCertified,Boolean,Proposition1,PathCompatibleExactRelations,PathCertified,,
Statlog_satellite-bin,8,5,cals_compact_explain,true,true,SmartCertified,Boolean,Proposition1,PathCompatibleExactRelations,PathCertified,,
Statlog_satellite-bin,8,7,unary,true,true,Unary,Boolean,UnaryBaseline,UnaryRelation,StructuralHorn,,
Statlog_satellite-bin,8,7,horn,true,true,Horn,Boolean,Theorem3,StarNestedHorn,StructuralHorn,,
Statlog_satellite-bin,8,7,antihorn,true,true,AntiHorn,Boolean,Theorem4,StarNestedAntiHorn,StructuralAntiHorn,,
Statlog_satellite-bin,8,7,square2cnf,true,true,Square2Cnf,Boolean,Theorem6,Square2CnfFormI,TwoSat,,
Statlog_satellite-bin,8,7,affine,true,true,Affine,Boolean,Theorem5,SingleGf2Equation,Gf2Gaussian,,
Statlog_satellite-bin,8,7,smart_certified,true,true,SmartCertified,Boolean,Proposition1,PathCompatibleExactRelations,PathCertified,,
Statlog_satellite-bin,8,7,cals,true,true,SmartCertified,Boolean,Proposition1,PathCompatibleExactRelations,PathCertified,,
Statlog_satellite-bin,8,7,cals_compact_explain,true,true,SmartCertified,Boolean,Proposition1,PathCompatibleExactRelations,PathCertified,,
Statlog_satellite-bin,9,5,unary,true,true,Unary,Boolean,UnaryBaseline,UnaryRelation,StructuralHorn,,
Statlog_satellite-bin,9,5,horn,true,true,Horn,Boolean,Theorem3,StarNestedHorn,StructuralHorn,,
Statlog_satellite-bin,9,5,antihorn,true,true,AntiHorn,Boolean,Theorem4,StarNestedAntiHorn,StructuralAntiHorn,,
Statlog_satellite-bin,9,5,square2cnf,true,true,Square2Cnf,Boolean,Theorem6,Square2CnfFormI,TwoSat,,
Statlog_satellite-bin,9,5,affine,true,true,Affine,Boolean,Theorem5,SingleGf2Equation,Gf2Gaussian,,
Statlog_satellite-bin,9,5,smart_certified,true,true,SmartCertified,Boolean,Proposition1,PathCompatibleExactRelations,PathCertified,,
Statlog_satellite-bin,9,5,cals,true,true,SmartCertified,Boolean,Proposition1,PathCompatibleExactRelations,PathCertified,,
Statlog_satellite-bin,9,5,cals_compact_explain,true,true,SmartCertified,Boolean,Proposition1,PathCompatibleExactRelations,PathCertified,,
Statlog_satellite-bin,9,7,unary,true,true,Unary,Boolean,UnaryBaseline,UnaryRelation,StructuralHorn,,
Statlog_satellite-bin,9,7,horn,true,true,Horn,Boolean,Theorem3,StarNestedHorn,StructuralHorn,,
Statlog_satellite-bin,9,7,antihorn,true,true,AntiHorn,Boolean,Theorem4,StarNestedAntiHorn,StructuralAntiHorn,,
Statlog_satellite-bin,9,7,square2cnf,true,true,Square2Cnf,Boolean,Theorem6,Square2CnfFormI,TwoSat,,
Statlog_satellite-bin,9,7,affine,true,true,Affine,Boolean,Theorem5,SingleGf2Equation,Gf2Gaussian,,
Statlog_satellite-bin,9,7,smart_certified,true,true,SmartCertified,Boolean,Proposition1,PathCompatibleExactRelations,PathCertified,,
Statlog_satellite-bin,9,7,cals,true,true,SmartCertified,Boolean,Proposition1,PathCompatibleExactRelations,PathCertified,,
Statlog_satellite-bin,9,7,cals_compact_explain,true,true,SmartCertified,Boolean,Proposition1,PathCompatibleExactRelations,PathCertified,,
adult_discretized,0,5,unary,true,true,Unary,Boolean,UnaryBaseline,UnaryRelation,StructuralHorn,,
adult_discretized,0,5,horn,true,true,Horn,Boolean,Theorem3,StarNestedHorn,StructuralHorn,,
adult_discretized,0,5,antihorn,true,true,AntiHorn,Boolean,Theorem4,StarNestedAntiHorn,StructuralAntiHorn,,
adult_discretized,0,5,square2cnf,true,true,Square2Cnf,Boolean,Theorem6,Square2CnfFormI,TwoSat,,
adult_discretized,0,5,affine,true,true,Affine,Boolean,Theorem5,SingleGf2Equation,Gf2Gaussian,,
adult_discretized,0,5,smart_certified,true,true,SmartCertified,Boolean,Proposition1,PathCompatibleExactRelations,PathCertified,,
adult_discretized,0,5,cals,true,true,SmartCertified,Boolean,Proposition1,PathCompatibleExactRelations,PathCertified,,
adult_discretized,0,5,cals_compact_explain,true,true,SmartCertified,Boolean,Proposition1,PathCompatibleExactRelations,PathCertified,,
adult_discretized,0,7,unary,true,true,Unary,Boolean,UnaryBaseline,UnaryRelation,StructuralHorn,,
adult_discretized,0,7,horn,true,true,Horn,Boolean,Theorem3,StarNestedHorn,StructuralHorn,,
adult_discretized,0,7,antihorn,true,true,AntiHorn,Boolean,Theorem4,StarNestedAntiHorn,StructuralAntiHorn,,
adult_discretized,0,7,square2cnf,true,true,Square2Cnf,Boolean,Theorem6,Square2CnfFormI,TwoSat,,
adult_discretized,0,7,affine,true,true,Affine,Boolean,Theorem5,SingleGf2Equation,Gf2Gaussian,,
adult_discretized,0,7,smart_certified,true,true,SmartCertified,Boolean,Proposition1,PathCompatibleExactRelations,PathCertified,,
adult_discretized,0,7,cals,true,true,SmartCertified,Boolean,Proposition1,PathCompatibleExactRelations,PathCertified,,
adult_discretized,0,7,cals_compact_explain,true,true,SmartCertified,Boolean,Proposition1,PathCompatibleExactRelations,PathCertified,,
adult_discretized,1,5,unary,true,true,Unary,Boolean,UnaryBaseline,UnaryRelation,StructuralHorn,,
adult_discretized,1,5,horn,true,true,Horn,Boolean,Theorem3,StarNestedHorn,StructuralHorn,,
adult_discretized,1,5,antihorn,true,true,AntiHorn,Boolean,Theorem4,StarNestedAntiHorn,StructuralAntiHorn,,
adult_discretized,1,5,square2cnf,true,true,Square2Cnf,Boolean,Theorem6,Square2CnfFormI,TwoSat,,
adult_discretized,1,5,affine,true,true,Affine,Boolean,Theorem5,SingleGf2Equation,Gf2Gaussian,,
adult_discretized,1,5,smart_certified,true,true,SmartCertified,Boolean,Proposition1,PathCompatibleExactRelations,PathCertified,,
adult_discretized,1,5,cals,true,true,SmartCertified,Boolean,Proposition1,PathCompatibleExactRelations,PathCertified,,
adult_discretized,1,5,cals_compact_explain,true,true,SmartCertified,Boolean,Proposition1,PathCompatibleExactRelations,PathCertified,,
adult_discretized,1,7,unary,true,true,Unary,Boolean,UnaryBaseline,UnaryRelation,StructuralHorn,,
adult_discretized,1,7,horn,true,true,Horn,Boolean,Theorem3,StarNestedHorn,StructuralHorn,,
adult_discretized,1,7,antihorn,true,true,AntiHorn,Boolean,Theorem4,StarNestedAntiHorn,StructuralAntiHorn,,
adult_discretized,1,7,square2cnf,true,true,Square2Cnf,Boolean,Theorem6,Square2CnfFormI,TwoSat,,
adult_discretized,1,7,affine,true,true,Affine,Boolean,Theorem5,SingleGf2Equation,Gf2Gaussian,,
adult_discretized,1,7,smart_certified,true,true,SmartCertified,Boolean,Proposition1,PathCompatibleExactRelations,PathCertified,,
adult_discretized,1,7,cals,true,true,SmartCertified,Boolean,Proposition1,PathCompatibleExactRelations,PathCertified,,
adult_discretized,1,7,cals_compact_explain,true,true,SmartCertified,Boolean,Proposition1,PathCompatibleExactRelations,PathCertified,,
adult_discretized,2,5,unary,true,true,Unary,Boolean,UnaryBaseline,UnaryRelation,StructuralHorn,,
adult_discretized,2,5,horn,true,true,Horn,Boolean,Theorem3,StarNestedHorn,StructuralHorn,,
adult_discretized,2,5,antihorn,true,true,AntiHorn,Boolean,Theorem4,StarNestedAntiHorn,StructuralAntiHorn,,
adult_discretized,2,5,square2cnf,true,true,Square2Cnf,Boolean,Theorem6,Square2CnfFormI,TwoSat,,
adult_discretized,2,5,affine,true,true,Affine,Boolean,Theorem5,SingleGf2Equation,Gf2Gaussian,,
adult_discretized,2,5,smart_certified,true,true,SmartCertified,Boolean,Proposition1,PathCompatibleExactRelations,PathCertified,,
adult_discretized,2,5,cals,true,true,SmartCertified,Boolean,Proposition1,PathCompatibleExactRelations,PathCertified,,
adult_discretized,2,5,cals_compact_explain,true,true,SmartCertified,Boolean,Proposition1,PathCompatibleExactRelations,PathCertified,,
adult_discretized,2,7,unary,true,true,Unary,Boolean,UnaryBaseline,UnaryRelation,StructuralHorn,,
adult_discretized,2,7,horn,true,true,Horn,Boolean,Theorem3,StarNestedHorn,StructuralHorn,,
adult_discretized,2,7,antihorn,true,true,AntiHorn,Boolean,Theorem4,StarNestedAntiHorn,StructuralAntiHorn,,
adult_discretized,2,7,square2cnf,true,true,Square2Cnf,Boolean,Theorem6,Square2CnfFormI,TwoSat,,
adult_discretized,2,7,affine,true,true,Affine,Boolean,Theorem5,SingleGf2Equation,Gf2Gaussian,,
adult_discretized,2,7,smart_certified,true,true,SmartCertified,Boolean,Proposition1,PathCompatibleExactRelations,PathCertified,,
adult_discretized,2,7,cals,true,true,SmartCertified,Boolean,Proposition1,PathCompatibleExactRelations,PathCertified,,
adult_discretized,2,7,cals_compact_explain,true,true,SmartCertified,Boolean,Proposition1,PathCompatibleExactRelations,PathCertified,,
adult_discretized,3,5,unary,true,true,Unary,Boolean,UnaryBaseline,UnaryRelation,StructuralHorn,,
adult_discretized,3,5,horn,true,true,Horn,Boolean,Theorem3,StarNestedHorn,StructuralHorn,,
adult_discretized,3,5,antihorn,true,true,AntiHorn,Boolean,Theorem4,StarNestedAntiHorn,StructuralAntiHorn,,
adult_discretized,3,5,square2cnf,true,true,Square2Cnf,Boolean,Theorem6,Square2CnfFormI,TwoSat,,
adult_discretized,3,5,affine,true,true,Affine,Boolean,Theorem5,SingleGf2Equation,Gf2Gaussian,,
adult_discretized,3,5,smart_certified,true,true,SmartCertified,Boolean,Proposition1,PathCompatibleExactRelations,PathCertified,,
adult_discretized,3,5,cals,true,true,SmartCertified,Boolean,Proposition1,PathCompatibleExactRelations,PathCertified,,
adult_discretized,3,5,cals_compact_explain,true,true,SmartCertified,Boolean,Proposition1,PathCompatibleExactRelations,PathCertified,,
adult_discretized,3,7,unary,true,true,Unary,Boolean,UnaryBaseline,UnaryRelation,StructuralHorn,,
adult_discretized,3,7,horn,true,true,Horn,Boolean,Theorem3,StarNestedHorn,StructuralHorn,,
adult_discretized,3,7,antihorn,true,true,AntiHorn,Boolean,Theorem4,StarNestedAntiHorn,StructuralAntiHorn,,
adult_discretized,3,7,square2cnf,true,true,Square2Cnf,Boolean,Theorem6,Square2CnfFormI,TwoSat,,
adult_discretized,3,7,affine,true,true,Affine,Boolean,Theorem5,SingleGf2Equation,Gf2Gaussian,,
adult_discretized,3,7,smart_certified,true,true,SmartCertified,Boolean,Proposition1,PathCompatibleExactRelations,PathCertified,,
adult_discretized,3,7,cals,true,true,SmartCertified,Boolean,Proposition1,PathCompatibleExactRelations,PathCertified,,
adult_discretized,3,7,cals_compact_explain,true,true,SmartCertified,Boolean,Proposition1,PathCompatibleExactRelations,PathCertified,,
adult_discretized,4,5,unary,true,true,Unary,Boolean,UnaryBaseline,UnaryRelation,StructuralHorn,,
adult_discretized,4,5,horn,true,true,Horn,Boolean,Theorem3,StarNestedHorn,StructuralHorn,,
adult_discretized,4,5,antihorn,true,true,AntiHorn,Boolean,Theorem4,StarNestedAntiHorn,StructuralAntiHorn,,
adult_discretized,4,5,square2cnf,true,true,Square2Cnf,Boolean,Theorem6,Square2CnfFormI,TwoSat,,
adult_discretized,4,5,affine,true,true,Affine,Boolean,Theorem5,SingleGf2Equation,Gf2Gaussian,,
adult_discretized,4,5,smart_certified,true,true,SmartCertified,Boolean,Proposition1,PathCompatibleExactRelations,PathCertified,,
adult_discretized,4,5,cals,true,true,SmartCertified,Boolean,Proposition1,PathCompatibleExactRelations,PathCertified,,
adult_discretized,4,5,cals_compact_explain,true,true,SmartCertified,Boolean,Proposition1,PathCompatibleExactRelations,PathCertified,,
adult_discretized,4,7,unary,true,true,Unary,Boolean,UnaryBaseline,UnaryRelation,StructuralHorn,,
adult_discretized,4,7,horn,true,true,Horn,Boolean,Theorem3,StarNestedHorn,StructuralHorn,,
adult_discretized,4,7,antihorn,true,true,AntiHorn,Boolean,Theorem4,StarNestedAntiHorn,StructuralAntiHorn,,
adult_discretized,4,7,square2cnf,true,true,Square2Cnf,Boolean,Theorem6,Square2CnfFormI,TwoSat,,
adult_discretized,4,7,affine,true,true,Affine,Boolean,Theorem5,SingleGf2Equation,Gf2Gaussian,,
adult_discretized,4,7,smart_certified,true,true,SmartCertified,Boolean,Proposition1,PathCompatibleExactRelations,PathCertified,,
adult_discretized,4,7,cals,true,true,SmartCertified,Boolean,Proposition1,PathCompatibleExactRelations,PathCertified,,
adult_discretized,4,7,cals_compact_explain,true,true,SmartCertified,Boolean,Proposition1,PathCompatibleExactRelations,PathCertified,,
adult_discretized,5,5,unary,true,true,Unary,Boolean,UnaryBaseline,UnaryRelation,StructuralHorn,,
adult_discretized,5,5,horn,true,true,Horn,Boolean,Theorem3,StarNestedHorn,StructuralHorn,,
adult_discretized,5,5,antihorn,true,true,AntiHorn,Boolean,Theorem4,StarNestedAntiHorn,StructuralAntiHorn,,
adult_discretized,5,5,square2cnf,true,true,Square2Cnf,Boolean,Theorem6,Square2CnfFormI,TwoSat,,
adult_discretized,5,5,affine,true,true,Affine,Boolean,Theorem5,SingleGf2Equation,Gf2Gaussian,,
adult_discretized,5,5,smart_certified,true,true,SmartCertified,Boolean,Proposition1,PathCompatibleExactRelations,PathCertified,,
adult_discretized,5,5,cals,true,true,SmartCertified,Boolean,Proposition1,PathCompatibleExactRelations,PathCertified,,
adult_discretized,5,5,cals_compact_explain,true,true,SmartCertified,Boolean,Proposition1,PathCompatibleExactRelations,PathCertified,,
adult_discretized,5,7,unary,true,true,Unary,Boolean,UnaryBaseline,UnaryRelation,StructuralHorn,,
adult_discretized,5,7,horn,true,true,Horn,Boolean,Theorem3,StarNestedHorn,StructuralHorn,,
adult_discretized,5,7,antihorn,true,true,AntiHorn,Boolean,Theorem4,StarNestedAntiHorn,StructuralAntiHorn,,
adult_discretized,5,7,square2cnf,true,true,Square2Cnf,Boolean,Theorem6,Square2CnfFormI,TwoSat,,
adult_discretized,5,7,affine,true,true,Affine,Boolean,Theorem5,SingleGf2Equation,Gf2Gaussian,,
adult_discretized,5,7,smart_certified,true,true,SmartCertified,Boolean,Proposition1,PathCompatibleExactRelations,PathCertified,,
adult_discretized,5,7,cals,true,true,SmartCertified,Boolean,Proposition1,PathCompatibleExactRelations,PathCertified,,
adult_discretized,5,7,cals_compact_explain,true,true,SmartCertified,Boolean,Proposition1,PathCompatibleExactRelations,PathCertified,,
adult_discretized,6,5,unary,true,true,Unary,Boolean,UnaryBaseline,UnaryRelation,StructuralHorn,,
adult_discretized,6,5,horn,true,true,Horn,Boolean,Theorem3,StarNestedHorn,StructuralHorn,,
adult_discretized,6,5,antihorn,true,true,AntiHorn,Boolean,Theorem4,StarNestedAntiHorn,StructuralAntiHorn,,
adult_discretized,6,5,square2cnf,true,true,Square2Cnf,Boolean,Theorem6,Square2CnfFormI,TwoSat,,
adult_discretized,6,5,affine,true,true,Affine,Boolean,Theorem5,SingleGf2Equation,Gf2Gaussian,,
adult_discretized,6,5,smart_certified,true,true,SmartCertified,Boolean,Proposition1,PathCompatibleExactRelations,PathCertified,,
adult_discretized,6,5,cals,true,true,SmartCertified,Boolean,Proposition1,PathCompatibleExactRelations,PathCertified,,
adult_discretized,6,5,cals_compact_explain,true,true,SmartCertified,Boolean,Proposition1,PathCompatibleExactRelations,PathCertified,,
adult_discretized,6,7,unary,true,true,Unary,Boolean,UnaryBaseline,UnaryRelation,StructuralHorn,,
adult_discretized,6,7,horn,true,true,Horn,Boolean,Theorem3,StarNestedHorn,StructuralHorn,,
adult_discretized,6,7,antihorn,true,true,AntiHorn,Boolean,Theorem4,StarNestedAntiHorn,StructuralAntiHorn,,
adult_discretized,6,7,square2cnf,true,true,Square2Cnf,Boolean,Theorem6,Square2CnfFormI,TwoSat,,
adult_discretized,6,7,affine,true,true,Affine,Boolean,Theorem5,SingleGf2Equation,Gf2Gaussian,,
adult_discretized,6,7,smart_certified,true,true,SmartCertified,Boolean,Proposition1,PathCompatibleExactRelations,PathCertified,,
adult_discretized,6,7,cals,true,true,SmartCertified,Boolean,Proposition1,PathCompatibleExactRelations,PathCertified,,
adult_discretized,6,7,cals_compact_explain,true,true,SmartCertified,Boolean,Proposition1,PathCompatibleExactRelations,PathCertified,,
adult_discretized,7,5,unary,true,true,Unary,Boolean,UnaryBaseline,UnaryRelation,StructuralHorn,,
adult_discretized,7,5,horn,true,true,Horn,Boolean,Theorem3,StarNestedHorn,StructuralHorn,,
adult_discretized,7,5,antihorn,true,true,AntiHorn,Boolean,Theorem4,StarNestedAntiHorn,StructuralAntiHorn,,
adult_discretized,7,5,square2cnf,true,true,Square2Cnf,Boolean,Theorem6,Square2CnfFormI,TwoSat,,
adult_discretized,7,5,affine,true,true,Affine,Boolean,Theorem5,SingleGf2Equation,Gf2Gaussian,,
adult_discretized,7,5,smart_certified,true,true,SmartCertified,Boolean,Proposition1,PathCompatibleExactRelations,PathCertified,,
adult_discretized,7,5,cals,true,true,SmartCertified,Boolean,Proposition1,PathCompatibleExactRelations,PathCertified,,
adult_discretized,7,5,cals_compact_explain,true,true,SmartCertified,Boolean,Proposition1,PathCompatibleExactRelations,PathCertified,,
adult_discretized,7,7,unary,true,true,Unary,Boolean,UnaryBaseline,UnaryRelation,StructuralHorn,,
adult_discretized,7,7,horn,true,true,Horn,Boolean,Theorem3,StarNestedHorn,StructuralHorn,,
adult_discretized,7,7,antihorn,true,true,AntiHorn,Boolean,Theorem4,StarNestedAntiHorn,StructuralAntiHorn,,
adult_discretized,7,7,square2cnf,true,true,Square2Cnf,Boolean,Theorem6,Square2CnfFormI,TwoSat,,
adult_discretized,7,7,affine,true,true,Affine,Boolean,Theorem5,SingleGf2Equation,Gf2Gaussian,,
adult_discretized,7,7,smart_certified,true,true,SmartCertified,Boolean,Proposition1,PathCompatibleExactRelations,PathCertified,,
adult_discretized,7,7,cals,true,true,SmartCertified,Boolean,Proposition1,PathCompatibleExactRelations,PathCertified,,
adult_discretized,7,7,cals_compact_explain,true,true,SmartCertified,Boolean,Proposition1,PathCompatibleExactRelations,PathCertified,,
adult_discretized,8,5,unary,true,true,Unary,Boolean,UnaryBaseline,UnaryRelation,StructuralHorn,,
adult_discretized,8,5,horn,true,true,Horn,Boolean,Theorem3,StarNestedHorn,StructuralHorn,,
adult_discretized,8,5,antihorn,true,true,AntiHorn,Boolean,Theorem4,StarNestedAntiHorn,StructuralAntiHorn,,
adult_discretized,8,5,square2cnf,true,true,Square2Cnf,Boolean,Theorem6,Square2CnfFormI,TwoSat,,
adult_discretized,8,5,affine,true,true,Affine,Boolean,Theorem5,SingleGf2Equation,Gf2Gaussian,,
adult_discretized,8,5,smart_certified,true,true,SmartCertified,Boolean,Proposition1,PathCompatibleExactRelations,PathCertified,,
adult_discretized,8,5,cals,true,true,SmartCertified,Boolean,Proposition1,PathCompatibleExactRelations,PathCertified,,
adult_discretized,8,5,cals_compact_explain,true,true,SmartCertified,Boolean,Proposition1,PathCompatibleExactRelations,PathCertified,,
adult_discretized,8,7,unary,true,true,Unary,Boolean,UnaryBaseline,UnaryRelation,StructuralHorn,,
adult_discretized,8,7,horn,true,true,Horn,Boolean,Theorem3,StarNestedHorn,StructuralHorn,,
adult_discretized,8,7,antihorn,true,true,AntiHorn,Boolean,Theorem4,StarNestedAntiHorn,StructuralAntiHorn,,
adult_discretized,8,7,square2cnf,true,true,Square2Cnf,Boolean,Theorem6,Square2CnfFormI,TwoSat,,
adult_discretized,8,7,affine,true,true,Affine,Boolean,Theorem5,SingleGf2Equation,Gf2Gaussian,,
adult_discretized,8,7,smart_certified,true,true,SmartCertified,Boolean,Proposition1,PathCompatibleExactRelations,PathCertified,,
adult_discretized,8,7,cals,true,true,SmartCertified,Boolean,Proposition1,PathCompatibleExactRelations,PathCertified,,
adult_discretized,8,7,cals_compact_explain,true,true,SmartCertified,Boolean,Proposition1,PathCompatibleExactRelations,PathCertified,,
adult_discretized,9,5,unary,true,true,Unary,Boolean,UnaryBaseline,UnaryRelation,StructuralHorn,,
adult_discretized,9,5,horn,true,true,Horn,Boolean,Theorem3,StarNestedHorn,StructuralHorn,,
adult_discretized,9,5,antihorn,true,true,AntiHorn,Boolean,Theorem4,StarNestedAntiHorn,StructuralAntiHorn,,
adult_discretized,9,5,square2cnf,true,true,Square2Cnf,Boolean,Theorem6,Square2CnfFormI,TwoSat,,
adult_discretized,9,5,affine,true,true,Affine,Boolean,Theorem5,SingleGf2Equation,Gf2Gaussian,,
adult_discretized,9,5,smart_certified,true,true,SmartCertified,Boolean,Proposition1,PathCompatibleExactRelations,PathCertified,,
adult_discretized,9,5,cals,true,true,SmartCertified,Boolean,Proposition1,PathCompatibleExactRelations,PathCertified,,
adult_discretized,9,5,cals_compact_explain,true,true,SmartCertified,Boolean,Proposition1,PathCompatibleExactRelations,PathCertified,,
adult_discretized,9,7,unary,true,true,Unary,Boolean,UnaryBaseline,UnaryRelation,StructuralHorn,,
adult_discretized,9,7,horn,true,true,Horn,Boolean,Theorem3,StarNestedHorn,StructuralHorn,,
adult_discretized,9,7,antihorn,true,true,AntiHorn,Boolean,Theorem4,StarNestedAntiHorn,StructuralAntiHorn,,
adult_discretized,9,7,square2cnf,true,true,Square2Cnf,Boolean,Theorem6,Square2CnfFormI,TwoSat,,
adult_discretized,9,7,affine,true,true,Affine,Boolean,Theorem5,SingleGf2Equation,Gf2Gaussian,,
adult_discretized,9,7,smart_certified,true,true,SmartCertified,Boolean,Proposition1,PathCompatibleExactRelations,PathCertified,,
adult_discretized,9,7,cals,true,true,SmartCertified,Boolean,Proposition1,PathCompatibleExactRelations,PathCertified,,
adult_discretized,9,7,cals_compact_explain,true,true,SmartCertified,Boolean,Proposition1,PathCompatibleExactRelations,PathCertified,,
anneal,0,5,unary,true,true,Unary,Boolean,UnaryBaseline,UnaryRelation,StructuralHorn,,
anneal,0,5,horn,true,true,Horn,Boolean,Theorem3,StarNestedHorn,StructuralHorn,,
anneal,0,5,antihorn,true,true,AntiHorn,Boolean,Theorem4,StarNestedAntiHorn,StructuralAntiHorn,,
anneal,0,5,square2cnf,true,true,Square2Cnf,Boolean,Theorem6,Square2CnfFormI,TwoSat,,
anneal,0,5,affine,true,true,Affine,Boolean,Theorem5,SingleGf2Equation,Gf2Gaussian,,
anneal,0,5,smart_certified,true,true,SmartCertified,Boolean,Proposition1,PathCompatibleExactRelations,PathCertified,,
anneal,0,5,cals,true,true,SmartCertified,Boolean,Proposition1,PathCompatibleExactRelations,PathCertified,,
anneal,0,5,cals_compact_explain,true,true,SmartCertified,Boolean,Proposition1,PathCompatibleExactRelations,PathCertified,,
anneal,0,7,unary,true,true,Unary,Boolean,UnaryBaseline,UnaryRelation,StructuralHorn,,
anneal,0,7,horn,true,true,Horn,Boolean,Theorem3,StarNestedHorn,StructuralHorn,,
anneal,0,7,antihorn,true,true,AntiHorn,Boolean,Theorem4,StarNestedAntiHorn,StructuralAntiHorn,,
anneal,0,7,square2cnf,true,true,Square2Cnf,Boolean,Theorem6,Square2CnfFormI,TwoSat,,
anneal,0,7,affine,true,true,Affine,Boolean,Theorem5,SingleGf2Equation,Gf2Gaussian,,
anneal,0,7,smart_certified,true,true,SmartCertified,Boolean,Proposition1,PathCompatibleExactRelations,PathCertified,,
anneal,0,7,cals,true,true,SmartCertified,Boolean,Proposition1,PathCompatibleExactRelations,PathCertified,,
anneal,0,7,cals_compact_explain,true,true,SmartCertified,Boolean,Proposition1,PathCompatibleExactRelations,PathCertified,,
anneal,1,5,unary,true,true,Unary,Boolean,UnaryBaseline,UnaryRelation,StructuralHorn,,
anneal,1,5,horn,true,true,Horn,Boolean,Theorem3,StarNestedHorn,StructuralHorn,,
anneal,1,5,antihorn,true,true,AntiHorn,Boolean,Theorem4,StarNestedAntiHorn,StructuralAntiHorn,,
anneal,1,5,square2cnf,true,true,Square2Cnf,Boolean,Theorem6,Square2CnfFormI,TwoSat,,
anneal,1,5,affine,true,true,Affine,Boolean,Theorem5,SingleGf2Equation,Gf2Gaussian,,
anneal,1,5,smart_certified,true,true,SmartCertified,Boolean,Proposition1,PathCompatibleExactRelations,PathCertified,,
anneal,1,5,cals,true,true,SmartCertified,Boolean,Proposition1,PathCompatibleExactRelations,PathCertified,,
anneal,1,5,cals_compact_explain,true,true,SmartCertified,Boolean,Proposition1,PathCompatibleExactRelations,PathCertified,,
anneal,1,7,unary,true,true,Unary,Boolean,UnaryBaseline,UnaryRelation,StructuralHorn,,
anneal,1,7,horn,true,true,Horn,Boolean,Theorem3,StarNestedHorn,StructuralHorn,,
anneal,1,7,antihorn,true,true,AntiHorn,Boolean,Theorem4,StarNestedAntiHorn,StructuralAntiHorn,,
anneal,1,7,square2cnf,true,true,Square2Cnf,Boolean,Theorem6,Square2CnfFormI,TwoSat,,
anneal,1,7,affine,true,true,Affine,Boolean,Theorem5,SingleGf2Equation,Gf2Gaussian,,
anneal,1,7,smart_certified,true,true,SmartCertified,Boolean,Proposition1,PathCompatibleExactRelations,PathCertified,,
anneal,1,7,cals,true,true,SmartCertified,Boolean,Proposition1,PathCompatibleExactRelations,PathCertified,,
anneal,1,7,cals_compact_explain,true,true,SmartCertified,Boolean,Proposition1,PathCompatibleExactRelations,PathCertified,,
anneal,2,5,unary,true,true,Unary,Boolean,UnaryBaseline,UnaryRelation,StructuralHorn,,
anneal,2,5,horn,true,true,Horn,Boolean,Theorem3,StarNestedHorn,StructuralHorn,,
anneal,2,5,antihorn,true,true,AntiHorn,Boolean,Theorem4,StarNestedAntiHorn,StructuralAntiHorn,,
anneal,2,5,square2cnf,true,true,Square2Cnf,Boolean,Theorem6,Square2CnfFormI,TwoSat,,
anneal,2,5,affine,true,true,Affine,Boolean,Theorem5,SingleGf2Equation,Gf2Gaussian,,
anneal,2,5,smart_certified,true,true,SmartCertified,Boolean,Proposition1,PathCompatibleExactRelations,PathCertified,,
anneal,2,5,cals,true,true,SmartCertified,Boolean,Proposition1,PathCompatibleExactRelations,PathCertified,,
anneal,2,5,cals_compact_explain,true,true,SmartCertified,Boolean,Proposition1,PathCompatibleExactRelations,PathCertified,,
anneal,2,7,unary,true,true,Unary,Boolean,UnaryBaseline,UnaryRelation,StructuralHorn,,
anneal,2,7,horn,true,true,Horn,Boolean,Theorem3,StarNestedHorn,StructuralHorn,,
anneal,2,7,antihorn,true,true,AntiHorn,Boolean,Theorem4,StarNestedAntiHorn,StructuralAntiHorn,,
anneal,2,7,square2cnf,true,true,Square2Cnf,Boolean,Theorem6,Square2CnfFormI,TwoSat,,
anneal,2,7,affine,true,true,Affine,Boolean,Theorem5,SingleGf2Equation,Gf2Gaussian,,
anneal,2,7,smart_certified,true,true,SmartCertified,Boolean,Proposition1,PathCompatibleExactRelations,PathCertified,,
anneal,2,7,cals,true,true,SmartCertified,Boolean,Proposition1,PathCompatibleExactRelations,PathCertified,,
anneal,2,7,cals_compact_explain,true,true,SmartCertified,Boolean,Proposition1,PathCompatibleExactRelations,PathCertified,,
anneal,3,5,unary,true,true,Unary,Boolean,UnaryBaseline,UnaryRelation,StructuralHorn,,
anneal,3,5,horn,true,true,Horn,Boolean,Theorem3,StarNestedHorn,StructuralHorn,,
anneal,3,5,antihorn,true,true,AntiHorn,Boolean,Theorem4,StarNestedAntiHorn,StructuralAntiHorn,,
anneal,3,5,square2cnf,true,true,Square2Cnf,Boolean,Theorem6,Square2CnfFormI,TwoSat,,
anneal,3,5,affine,true,true,Affine,Boolean,Theorem5,SingleGf2Equation,Gf2Gaussian,,
anneal,3,5,smart_certified,true,true,SmartCertified,Boolean,Proposition1,PathCompatibleExactRelations,PathCertified,,
anneal,3,5,cals,true,true,SmartCertified,Boolean,Proposition1,PathCompatibleExactRelations,PathCertified,,
anneal,3,5,cals_compact_explain,true,true,SmartCertified,Boolean,Proposition1,PathCompatibleExactRelations,PathCertified,,
anneal,3,7,unary,true,true,Unary,Boolean,UnaryBaseline,UnaryRelation,StructuralHorn,,
anneal,3,7,horn,true,true,Horn,Boolean,Theorem3,StarNestedHorn,StructuralHorn,,
anneal,3,7,antihorn,true,true,AntiHorn,Boolean,Theorem4,StarNestedAntiHorn,StructuralAntiHorn,,
anneal,3,7,square2cnf,true,true,Square2Cnf,Boolean,Theorem6,Square2CnfFormI,TwoSat,,
anneal,3,7,affine,true,true,Affine,Boolean,Theorem5,SingleGf2Equation,Gf2Gaussian,,
anneal,3,7,smart_certified,true,true,SmartCertified,Boolean,Proposition1,PathCompatibleExactRelations,PathCertified,,
anneal,3,7,cals,true,true,SmartCertified,Boolean,Proposition1,PathCompatibleExactRelations,PathCertified,,
anneal,3,7,cals_compact_explain,true,true,SmartCertified,Boolean,Proposition1,PathCompatibleExactRelations,PathCertified,,
anneal,4,5,unary,true,true,Unary,Boolean,UnaryBaseline,UnaryRelation,StructuralHorn,,
anneal,4,5,horn,true,true,Horn,Boolean,Theorem3,StarNestedHorn,StructuralHorn,,
anneal,4,5,antihorn,true,true,AntiHorn,Boolean,Theorem4,StarNestedAntiHorn,StructuralAntiHorn,,
anneal,4,5,square2cnf,true,true,Square2Cnf,Boolean,Theorem6,Square2CnfFormI,TwoSat,,
anneal,4,5,affine,true,true,Affine,Boolean,Theorem5,SingleGf2Equation,Gf2Gaussian,,
anneal,4,5,smart_certified,true,true,SmartCertified,Boolean,Proposition1,PathCompatibleExactRelations,PathCertified,,
anneal,4,5,cals,true,true,SmartCertified,Boolean,Proposition1,PathCompatibleExactRelations,PathCertified,,
anneal,4,5,cals_compact_explain,true,true,SmartCertified,Boolean,Proposition1,PathCompatibleExactRelations,PathCertified,,
anneal,4,7,unary,true,true,Unary,Boolean,UnaryBaseline,UnaryRelation,StructuralHorn,,
anneal,4,7,horn,true,true,Horn,Boolean,Theorem3,StarNestedHorn,StructuralHorn,,
anneal,4,7,antihorn,true,true,AntiHorn,Boolean,Theorem4,StarNestedAntiHorn,StructuralAntiHorn,,
anneal,4,7,square2cnf,true,true,Square2Cnf,Boolean,Theorem6,Square2CnfFormI,TwoSat,,
anneal,4,7,affine,true,true,Affine,Boolean,Theorem5,SingleGf2Equation,Gf2Gaussian,,
anneal,4,7,smart_certified,true,true,SmartCertified,Boolean,Proposition1,PathCompatibleExactRelations,PathCertified,,
anneal,4,7,cals,true,true,SmartCertified,Boolean,Proposition1,PathCompatibleExactRelations,PathCertified,,
anneal,4,7,cals_compact_explain,true,true,SmartCertified,Boolean,Proposition1,PathCompatibleExactRelations,PathCertified,,
anneal,5,5,unary,true,true,Unary,Boolean,UnaryBaseline,UnaryRelation,StructuralHorn,,
anneal,5,5,horn,true,true,Horn,Boolean,Theorem3,StarNestedHorn,StructuralHorn,,
anneal,5,5,antihorn,true,true,AntiHorn,Boolean,Theorem4,StarNestedAntiHorn,StructuralAntiHorn,,
anneal,5,5,square2cnf,true,true,Square2Cnf,Boolean,Theorem6,Square2CnfFormI,TwoSat,,
anneal,5,5,affine,true,true,Affine,Boolean,Theorem5,SingleGf2Equation,Gf2Gaussian,,
anneal,5,5,smart_certified,true,true,SmartCertified,Boolean,Proposition1,PathCompatibleExactRelations,PathCertified,,
anneal,5,5,cals,true,true,SmartCertified,Boolean,Proposition1,PathCompatibleExactRelations,PathCertified,,
anneal,5,5,cals_compact_explain,true,true,SmartCertified,Boolean,Proposition1,PathCompatibleExactRelations,PathCertified,,
anneal,5,7,unary,true,true,Unary,Boolean,UnaryBaseline,UnaryRelation,StructuralHorn,,
anneal,5,7,horn,true,true,Horn,Boolean,Theorem3,StarNestedHorn,StructuralHorn,,
anneal,5,7,antihorn,true,true,AntiHorn,Boolean,Theorem4,StarNestedAntiHorn,StructuralAntiHorn,,
anneal,5,7,square2cnf,true,true,Square2Cnf,Boolean,Theorem6,Square2CnfFormI,TwoSat,,
anneal,5,7,affine,true,true,Affine,Boolean,Theorem5,SingleGf2Equation,Gf2Gaussian,,
anneal,5,7,smart_certified,true,true,SmartCertified,Boolean,Proposition1,PathCompatibleExactRelations,PathCertified,,
anneal,5,7,cals,true,true,SmartCertified,Boolean,Proposition1,PathCompatibleExactRelations,PathCertified,,
anneal,5,7,cals_compact_explain,true,true,SmartCertified,Boolean,Proposition1,PathCompatibleExactRelations,PathCertified,,
anneal,6,5,unary,true,true,Unary,Boolean,UnaryBaseline,UnaryRelation,StructuralHorn,,
anneal,6,5,horn,true,true,Horn,Boolean,Theorem3,StarNestedHorn,StructuralHorn,,
anneal,6,5,antihorn,true,true,AntiHorn,Boolean,Theorem4,StarNestedAntiHorn,StructuralAntiHorn,,
anneal,6,5,square2cnf,true,true,Square2Cnf,Boolean,Theorem6,Square2CnfFormI,TwoSat,,
anneal,6,5,affine,true,true,Affine,Boolean,Theorem5,SingleGf2Equation,Gf2Gaussian,,
anneal,6,5,smart_certified,true,true,SmartCertified,Boolean,Proposition1,PathCompatibleExactRelations,PathCertified,,
anneal,6,5,cals,true,true,SmartCertified,Boolean,Proposition1,PathCompatibleExactRelations,PathCertified,,
anneal,6,5,cals_compact_explain,true,true,SmartCertified,Boolean,Proposition1,PathCompatibleExactRelations,PathCertified,,
anneal,6,7,unary,true,true,Unary,Boolean,UnaryBaseline,UnaryRelation,StructuralHorn,,
anneal,6,7,horn,true,true,Horn,Boolean,Theorem3,StarNestedHorn,StructuralHorn,,
anneal,6,7,antihorn,true,true,AntiHorn,Boolean,Theorem4,StarNestedAntiHorn,StructuralAntiHorn,,
anneal,6,7,square2cnf,true,true,Square2Cnf,Boolean,Theorem6,Square2CnfFormI,TwoSat,,
anneal,6,7,affine,true,true,Affine,Boolean,Theorem5,SingleGf2Equation,Gf2Gaussian,,
anneal,6,7,smart_certified,true,true,SmartCertified,Boolean,Proposition1,PathCompatibleExactRelations,PathCertified,,
anneal,6,7,cals,true,true,SmartCertified,Boolean,Proposition1,PathCompatibleExactRelations,PathCertified,,
anneal,6,7,cals_compact_explain,true,true,SmartCertified,Boolean,Proposition1,PathCompatibleExactRelations,PathCertified,,
anneal,7,5,unary,true,true,Unary,Boolean,UnaryBaseline,UnaryRelation,StructuralHorn,,
anneal,7,5,horn,true,true,Horn,Boolean,Theorem3,StarNestedHorn,StructuralHorn,,
anneal,7,5,antihorn,true,true,AntiHorn,Boolean,Theorem4,StarNestedAntiHorn,StructuralAntiHorn,,
anneal,7,5,square2cnf,true,true,Square2Cnf,Boolean,Theorem6,Square2CnfFormI,TwoSat,,
anneal,7,5,affine,true,true,Affine,Boolean,Theorem5,SingleGf2Equation,Gf2Gaussian,,
anneal,7,5,smart_certified,true,true,SmartCertified,Boolean,Proposition1,PathCompatibleExactRelations,PathCertified,,
anneal,7,5,cals,true,true,SmartCertified,Boolean,Proposition1,PathCompatibleExactRelations,PathCertified,,
anneal,7,5,cals_compact_explain,true,true,SmartCertified,Boolean,Proposition1,PathCompatibleExactRelations,PathCertified,,
anneal,7,7,unary,true,true,Unary,Boolean,UnaryBaseline,UnaryRelation,StructuralHorn,,
anneal,7,7,horn,true,true,Horn,Boolean,Theorem3,StarNestedHorn,StructuralHorn,,
anneal,7,7,antihorn,true,true,AntiHorn,Boolean,Theorem4,StarNestedAntiHorn,StructuralAntiHorn,,
anneal,7,7,square2cnf,true,true,Square2Cnf,Boolean,Theorem6,Square2CnfFormI,TwoSat,,
anneal,7,7,affine,true,true,Affine,Boolean,Theorem5,SingleGf2Equation,Gf2Gaussian,,
anneal,7,7,smart_certified,true,true,SmartCertified,Boolean,Proposition1,PathCompatibleExactRelations,PathCertified,,
anneal,7,7,cals,true,true,SmartCertified,Boolean,Proposition1,PathCompatibleExactRelations,PathCertified,,
anneal,7,7,cals_compact_explain,true,true,SmartCertified,Boolean,Proposition1,PathCompatibleExactRelations,PathCertified,,
anneal,8,5,unary,true,true,Unary,Boolean,UnaryBaseline,UnaryRelation,StructuralHorn,,
anneal,8,5,horn,true,true,Horn,Boolean,Theorem3,StarNestedHorn,StructuralHorn,,
anneal,8,5,antihorn,true,true,AntiHorn,Boolean,Theorem4,StarNestedAntiHorn,StructuralAntiHorn,,
anneal,8,5,square2cnf,true,true,Square2Cnf,Boolean,Theorem6,Square2CnfFormI,TwoSat,,
anneal,8,5,affine,true,true,Affine,Boolean,Theorem5,SingleGf2Equation,Gf2Gaussian,,
anneal,8,5,smart_certified,true,true,SmartCertified,Boolean,Proposition1,PathCompatibleExactRelations,PathCertified,,
anneal,8,5,cals,true,true,SmartCertified,Boolean,Proposition1,PathCompatibleExactRelations,PathCertified,,
anneal,8,5,cals_compact_explain,true,true,SmartCertified,Boolean,Proposition1,PathCompatibleExactRelations,PathCertified,,
anneal,8,7,unary,true,true,Unary,Boolean,UnaryBaseline,UnaryRelation,StructuralHorn,,
anneal,8,7,horn,true,true,Horn,Boolean,Theorem3,StarNestedHorn,StructuralHorn,,
anneal,8,7,antihorn,true,true,AntiHorn,Boolean,Theorem4,StarNestedAntiHorn,StructuralAntiHorn,,
anneal,8,7,square2cnf,true,true,Square2Cnf,Boolean,Theorem6,Square2CnfFormI,TwoSat,,
anneal,8,7,affine,true,true,Affine,Boolean,Theorem5,SingleGf2Equation,Gf2Gaussian,,
anneal,8,7,smart_certified,true,true,SmartCertified,Boolean,Proposition1,PathCompatibleExactRelations,PathCertified,,
anneal,8,7,cals,true,true,SmartCertified,Boolean,Proposition1,PathCompatibleExactRelations,PathCertified,,
anneal,8,7,cals_compact_explain,true,true,SmartCertified,Boolean,Proposition1,PathCompatibleExactRelations,PathCertified,,
anneal,9,5,unary,true,true,Unary,Boolean,UnaryBaseline,UnaryRelation,StructuralHorn,,
anneal,9,5,horn,true,true,Horn,Boolean,Theorem3,StarNestedHorn,StructuralHorn,,
anneal,9,5,antihorn,true,true,AntiHorn,Boolean,Theorem4,StarNestedAntiHorn,StructuralAntiHorn,,
anneal,9,5,square2cnf,true,true,Square2Cnf,Boolean,Theorem6,Square2CnfFormI,TwoSat,,
anneal,9,5,affine,true,true,Affine,Boolean,Theorem5,SingleGf2Equation,Gf2Gaussian,,
anneal,9,5,smart_certified,true,true,SmartCertified,Boolean,Proposition1,PathCompatibleExactRelations,PathCertified,,
anneal,9,5,cals,true,true,SmartCertified,Boolean,Proposition1,PathCompatibleExactRelations,PathCertified,,
anneal,9,5,cals_compact_explain,true,true,SmartCertified,Boolean,Proposition1,PathCompatibleExactRelations,PathCertified,,
anneal,9,7,unary,true,true,Unary,Boolean,UnaryBaseline,UnaryRelation,StructuralHorn,,
anneal,9,7,horn,true,true,Horn,Boolean,Theorem3,StarNestedHorn,StructuralHorn,,
anneal,9,7,antihorn,true,true,AntiHorn,Boolean,Theorem4,StarNestedAntiHorn,StructuralAntiHorn,,
anneal,9,7,square2cnf,true,true,Square2Cnf,Boolean,Theorem6,Square2CnfFormI,TwoSat,,
anneal,9,7,affine,true,true,Affine,Boolean,Theorem5,SingleGf2Equation,Gf2Gaussian,,
anneal,9,7,smart_certified,true,true,SmartCertified,Boolean,Proposition1,PathCompatibleExactRelations,PathCertified,,
anneal,9,7,cals,true,true,SmartCertified,Boolean,Proposition1,PathCompatibleExactRelations,PathCertified,,
anneal,9,7,cals_compact_explain,true,true,SmartCertified,Boolean,Proposition1,PathCompatibleExactRelations,PathCertified,,
audiology,0,5,unary,true,true,Unary,Boolean,UnaryBaseline,UnaryRelation,StructuralHorn,,
audiology,0,5,horn,true,true,Horn,Boolean,Theorem3,StarNestedHorn,StructuralHorn,,
audiology,0,5,antihorn,true,true,AntiHorn,Boolean,Theorem4,StarNestedAntiHorn,StructuralAntiHorn,,
audiology,0,5,square2cnf,true,true,Square2Cnf,Boolean,Theorem6,Square2CnfFormI,TwoSat,,
audiology,0,5,affine,true,true,Affine,Boolean,Theorem5,SingleGf2Equation,Gf2Gaussian,,
audiology,0,5,smart_certified,true,true,SmartCertified,Boolean,Proposition1,PathCompatibleExactRelations,PathCertified,,
audiology,0,5,cals,true,true,SmartCertified,Boolean,Proposition1,PathCompatibleExactRelations,PathCertified,,
audiology,0,5,cals_compact_explain,true,true,SmartCertified,Boolean,Proposition1,PathCompatibleExactRelations,PathCertified,,
audiology,0,7,unary,true,true,Unary,Boolean,UnaryBaseline,UnaryRelation,StructuralHorn,,
audiology,0,7,horn,true,true,Horn,Boolean,Theorem3,StarNestedHorn,StructuralHorn,,
audiology,0,7,antihorn,true,true,AntiHorn,Boolean,Theorem4,StarNestedAntiHorn,StructuralAntiHorn,,
audiology,0,7,square2cnf,true,true,Square2Cnf,Boolean,Theorem6,Square2CnfFormI,TwoSat,,
audiology,0,7,affine,true,true,Affine,Boolean,Theorem5,SingleGf2Equation,Gf2Gaussian,,
audiology,0,7,smart_certified,true,true,SmartCertified,Boolean,Proposition1,PathCompatibleExactRelations,PathCertified,,
audiology,0,7,cals,true,true,SmartCertified,Boolean,Proposition1,PathCompatibleExactRelations,PathCertified,,
audiology,0,7,cals_compact_explain,true,true,SmartCertified,Boolean,Proposition1,PathCompatibleExactRelations,PathCertified,,
audiology,1,5,unary,true,true,Unary,Boolean,UnaryBaseline,UnaryRelation,StructuralHorn,,
audiology,1,5,horn,true,true,Horn,Boolean,Theorem3,StarNestedHorn,StructuralHorn,,
audiology,1,5,antihorn,true,true,AntiHorn,Boolean,Theorem4,StarNestedAntiHorn,StructuralAntiHorn,,
audiology,1,5,square2cnf,true,true,Square2Cnf,Boolean,Theorem6,Square2CnfFormI,TwoSat,,
audiology,1,5,affine,true,true,Affine,Boolean,Theorem5,SingleGf2Equation,Gf2Gaussian,,
audiology,1,5,smart_certified,true,true,SmartCertified,Boolean,Proposition1,PathCompatibleExactRelations,PathCertified,,
audiology,1,5,cals,true,true,SmartCertified,Boolean,Proposition1,PathCompatibleExactRelations,PathCertified,,
audiology,1,5,cals_compact_explain,true,true,SmartCertified,Boolean,Proposition1,PathCompatibleExactRelations,PathCertified,,
audiology,1,7,unary,true,true,Unary,Boolean,UnaryBaseline,UnaryRelation,StructuralHorn,,
audiology,1,7,horn,true,true,Horn,Boolean,Theorem3,StarNestedHorn,StructuralHorn,,
audiology,1,7,antihorn,true,true,AntiHorn,Boolean,Theorem4,StarNestedAntiHorn,StructuralAntiHorn,,
audiology,1,7,square2cnf,true,true,Square2Cnf,Boolean,Theorem6,Square2CnfFormI,TwoSat,,
audiology,1,7,affine,true,true,Affine,Boolean,Theorem5,SingleGf2Equation,Gf2Gaussian,,
audiology,1,7,smart_certified,true,true,SmartCertified,Boolean,Proposition1,PathCompatibleExactRelations,PathCertified,,
audiology,1,7,cals,true,true,SmartCertified,Boolean,Proposition1,PathCompatibleExactRelations,PathCertified,,
audiology,1,7,cals_compact_explain,true,true,SmartCertified,Boolean,Proposition1,PathCompatibleExactRelations,PathCertified,,
audiology,2,5,unary,true,true,Unary,Boolean,UnaryBaseline,UnaryRelation,StructuralHorn,,
audiology,2,5,horn,true,true,Horn,Boolean,Theorem3,StarNestedHorn,StructuralHorn,,
audiology,2,5,antihorn,true,true,AntiHorn,Boolean,Theorem4,StarNestedAntiHorn,StructuralAntiHorn,,
audiology,2,5,square2cnf,true,true,Square2Cnf,Boolean,Theorem6,Square2CnfFormI,TwoSat,,
audiology,2,5,affine,true,true,Affine,Boolean,Theorem5,SingleGf2Equation,Gf2Gaussian,,
audiology,2,5,smart_certified,true,true,SmartCertified,Boolean,Proposition1,PathCompatibleExactRelations,PathCertified,,
audiology,2,5,cals,true,true,SmartCertified,Boolean,Proposition1,PathCompatibleExactRelations,PathCertified,,
audiology,2,5,cals_compact_explain,true,true,SmartCertified,Boolean,Proposition1,PathCompatibleExactRelations,PathCertified,,
audiology,2,7,unary,true,true,Unary,Boolean,UnaryBaseline,UnaryRelation,StructuralHorn,,
audiology,2,7,horn,true,true,Horn,Boolean,Theorem3,StarNestedHorn,StructuralHorn,,
audiology,2,7,antihorn,true,true,AntiHorn,Boolean,Theorem4,StarNestedAntiHorn,StructuralAntiHorn,,
audiology,2,7,square2cnf,true,true,Square2Cnf,Boolean,Theorem6,Square2CnfFormI,TwoSat,,
audiology,2,7,affine,true,true,Affine,Boolean,Theorem5,SingleGf2Equation,Gf2Gaussian,,
audiology,2,7,smart_certified,true,true,SmartCertified,Boolean,Proposition1,PathCompatibleExactRelations,PathCertified,,
audiology,2,7,cals,true,true,SmartCertified,Boolean,Proposition1,PathCompatibleExactRelations,PathCertified,,
audiology,2,7,cals_compact_explain,true,true,SmartCertified,Boolean,Proposition1,PathCompatibleExactRelations,PathCertified,,
audiology,3,5,unary,true,true,Unary,Boolean,UnaryBaseline,UnaryRelation,StructuralHorn,,
audiology,3,5,horn,true,true,Horn,Boolean,Theorem3,StarNestedHorn,StructuralHorn,,
audiology,3,5,antihorn,true,true,AntiHorn,Boolean,Theorem4,StarNestedAntiHorn,StructuralAntiHorn,,
audiology,3,5,square2cnf,true,true,Square2Cnf,Boolean,Theorem6,Square2CnfFormI,TwoSat,,
audiology,3,5,affine,true,true,Affine,Boolean,Theorem5,SingleGf2Equation,Gf2Gaussian,,
audiology,3,5,smart_certified,true,true,SmartCertified,Boolean,Proposition1,PathCompatibleExactRelations,PathCertified,,
audiology,3,5,cals,true,true,SmartCertified,Boolean,Proposition1,PathCompatibleExactRelations,PathCertified,,
audiology,3,5,cals_compact_explain,true,true,SmartCertified,Boolean,Proposition1,PathCompatibleExactRelations,PathCertified,,
audiology,3,7,unary,true,true,Unary,Boolean,UnaryBaseline,UnaryRelation,StructuralHorn,,
audiology,3,7,horn,true,true,Horn,Boolean,Theorem3,StarNestedHorn,StructuralHorn,,
audiology,3,7,antihorn,true,true,AntiHorn,Boolean,Theorem4,StarNestedAntiHorn,StructuralAntiHorn,,
audiology,3,7,square2cnf,true,true,Square2Cnf,Boolean,Theorem6,Square2CnfFormI,TwoSat,,
audiology,3,7,affine,true,true,Affine,Boolean,Theorem5,SingleGf2Equation,Gf2Gaussian,,
audiology,3,7,smart_certified,true,true,SmartCertified,Boolean,Proposition1,PathCompatibleExactRelations,PathCertified,,
audiology,3,7,cals,true,true,SmartCertified,Boolean,Proposition1,PathCompatibleExactRelations,PathCertified,,
audiology,3,7,cals_compact_explain,true,true,SmartCertified,Boolean,Proposition1,PathCompatibleExactRelations,PathCertified,,
audiology,4,5,unary,true,true,Unary,Boolean,UnaryBaseline,UnaryRelation,StructuralHorn,,
audiology,4,5,horn,true,true,Horn,Boolean,Theorem3,StarNestedHorn,StructuralHorn,,
audiology,4,5,antihorn,true,true,AntiHorn,Boolean,Theorem4,StarNestedAntiHorn,StructuralAntiHorn,,
audiology,4,5,square2cnf,true,true,Square2Cnf,Boolean,Theorem6,Square2CnfFormI,TwoSat,,
audiology,4,5,affine,true,true,Affine,Boolean,Theorem5,SingleGf2Equation,Gf2Gaussian,,
audiology,4,5,smart_certified,true,true,SmartCertified,Boolean,Proposition1,PathCompatibleExactRelations,PathCertified,,
audiology,4,5,cals,true,true,SmartCertified,Boolean,Proposition1,PathCompatibleExactRelations,PathCertified,,
audiology,4,5,cals_compact_explain,true,true,SmartCertified,Boolean,Proposition1,PathCompatibleExactRelations,PathCertified,,
audiology,4,7,unary,true,true,Unary,Boolean,UnaryBaseline,UnaryRelation,StructuralHorn,,
audiology,4,7,horn,true,true,Horn,Boolean,Theorem3,StarNestedHorn,StructuralHorn,,
audiology,4,7,antihorn,true,true,AntiHorn,Boolean,Theorem4,StarNestedAntiHorn,StructuralAntiHorn,,
audiology,4,7,square2cnf,true,true,Square2Cnf,Boolean,Theorem6,Square2CnfFormI,TwoSat,,
audiology,4,7,affine,true,true,Affine,Boolean,Theorem5,SingleGf2Equation,Gf2Gaussian,,
audiology,4,7,smart_certified,true,true,SmartCertified,Boolean,Proposition1,PathCompatibleExactRelations,PathCertified,,
audiology,4,7,cals,true,true,SmartCertified,Boolean,Proposition1,PathCompatibleExactRelations,PathCertified,,
audiology,4,7,cals_compact_explain,true,true,SmartCertified,Boolean,Proposition1,PathCompatibleExactRelations,PathCertified,,
audiology,5,5,unary,true,true,Unary,Boolean,UnaryBaseline,UnaryRelation,StructuralHorn,,
audiology,5,5,horn,true,true,Horn,Boolean,Theorem3,StarNestedHorn,StructuralHorn,,
audiology,5,5,antihorn,true,true,AntiHorn,Boolean,Theorem4,StarNestedAntiHorn,StructuralAntiHorn,,
audiology,5,5,square2cnf,true,true,Square2Cnf,Boolean,Theorem6,Square2CnfFormI,TwoSat,,
audiology,5,5,affine,true,true,Affine,Boolean,Theorem5,SingleGf2Equation,Gf2Gaussian,,
audiology,5,5,smart_certified,true,true,SmartCertified,Boolean,Proposition1,PathCompatibleExactRelations,PathCertified,,
audiology,5,5,cals,true,true,SmartCertified,Boolean,Proposition1,PathCompatibleExactRelations,PathCertified,,
audiology,5,5,cals_compact_explain,true,true,SmartCertified,Boolean,Proposition1,PathCompatibleExactRelations,PathCertified,,
audiology,5,7,unary,true,true,Unary,Boolean,UnaryBaseline,UnaryRelation,StructuralHorn,,
audiology,5,7,horn,true,true,Horn,Boolean,Theorem3,StarNestedHorn,StructuralHorn,,
audiology,5,7,antihorn,true,true,AntiHorn,Boolean,Theorem4,StarNestedAntiHorn,StructuralAntiHorn,,
audiology,5,7,square2cnf,true,true,Square2Cnf,Boolean,Theorem6,Square2CnfFormI,TwoSat,,
audiology,5,7,affine,true,true,Affine,Boolean,Theorem5,SingleGf2Equation,Gf2Gaussian,,
audiology,5,7,smart_certified,true,true,SmartCertified,Boolean,Proposition1,PathCompatibleExactRelations,PathCertified,,
audiology,5,7,cals,true,true,SmartCertified,Boolean,Proposition1,PathCompatibleExactRelations,PathCertified,,
audiology,5,7,cals_compact_explain,true,true,SmartCertified,Boolean,Proposition1,PathCompatibleExactRelations,PathCertified,,
audiology,6,5,unary,true,true,Unary,Boolean,UnaryBaseline,UnaryRelation,StructuralHorn,,
audiology,6,5,horn,true,true,Horn,Boolean,Theorem3,StarNestedHorn,StructuralHorn,,
audiology,6,5,antihorn,true,true,AntiHorn,Boolean,Theorem4,StarNestedAntiHorn,StructuralAntiHorn,,
audiology,6,5,square2cnf,true,true,Square2Cnf,Boolean,Theorem6,Square2CnfFormI,TwoSat,,
audiology,6,5,affine,true,true,Affine,Boolean,Theorem5,SingleGf2Equation,Gf2Gaussian,,
audiology,6,5,smart_certified,true,true,SmartCertified,Boolean,Proposition1,PathCompatibleExactRelations,PathCertified,,
audiology,6,5,cals,true,true,SmartCertified,Boolean,Proposition1,PathCompatibleExactRelations,PathCertified,,
audiology,6,5,cals_compact_explain,true,true,SmartCertified,Boolean,Proposition1,PathCompatibleExactRelations,PathCertified,,
audiology,6,7,unary,true,true,Unary,Boolean,UnaryBaseline,UnaryRelation,StructuralHorn,,
audiology,6,7,horn,true,true,Horn,Boolean,Theorem3,StarNestedHorn,StructuralHorn,,
audiology,6,7,antihorn,true,true,AntiHorn,Boolean,Theorem4,StarNestedAntiHorn,StructuralAntiHorn,,
audiology,6,7,square2cnf,true,true,Square2Cnf,Boolean,Theorem6,Square2CnfFormI,TwoSat,,
audiology,6,7,affine,true,true,Affine,Boolean,Theorem5,SingleGf2Equation,Gf2Gaussian,,
audiology,6,7,smart_certified,true,true,SmartCertified,Boolean,Proposition1,PathCompatibleExactRelations,PathCertified,,
audiology,6,7,cals,true,true,SmartCertified,Boolean,Proposition1,PathCompatibleExactRelations,PathCertified,,
audiology,6,7,cals_compact_explain,true,true,SmartCertified,Boolean,Proposition1,PathCompatibleExactRelations,PathCertified,,
audiology,7,5,unary,true,true,Unary,Boolean,UnaryBaseline,UnaryRelation,StructuralHorn,,
audiology,7,5,horn,true,true,Horn,Boolean,Theorem3,StarNestedHorn,StructuralHorn,,
audiology,7,5,antihorn,true,true,AntiHorn,Boolean,Theorem4,StarNestedAntiHorn,StructuralAntiHorn,,
audiology,7,5,square2cnf,true,true,Square2Cnf,Boolean,Theorem6,Square2CnfFormI,TwoSat,,
audiology,7,5,affine,true,true,Affine,Boolean,Theorem5,SingleGf2Equation,Gf2Gaussian,,
audiology,7,5,smart_certified,true,true,SmartCertified,Boolean,Proposition1,PathCompatibleExactRelations,PathCertified,,
audiology,7,5,cals,true,true,SmartCertified,Boolean,Proposition1,PathCompatibleExactRelations,PathCertified,,
audiology,7,5,cals_compact_explain,true,true,SmartCertified,Boolean,Proposition1,PathCompatibleExactRelations,PathCertified,,
audiology,7,7,unary,true,true,Unary,Boolean,UnaryBaseline,UnaryRelation,StructuralHorn,,
audiology,7,7,horn,true,true,Horn,Boolean,Theorem3,StarNestedHorn,StructuralHorn,,
audiology,7,7,antihorn,true,true,AntiHorn,Boolean,Theorem4,StarNestedAntiHorn,StructuralAntiHorn,,
audiology,7,7,square2cnf,true,true,Square2Cnf,Boolean,Theorem6,Square2CnfFormI,TwoSat,,
audiology,7,7,affine,true,true,Affine,Boolean,Theorem5,SingleGf2Equation,Gf2Gaussian,,
audiology,7,7,smart_certified,true,true,SmartCertified,Boolean,Proposition1,PathCompatibleExactRelations,PathCertified,,
audiology,7,7,cals,true,true,SmartCertified,Boolean,Proposition1,PathCompatibleExactRelations,PathCertified,,
audiology,7,7,cals_compact_explain,true,true,SmartCertified,Boolean,Proposition1,PathCompatibleExactRelations,PathCertified,,
audiology,8,5,unary,true,true,Unary,Boolean,UnaryBaseline,UnaryRelation,StructuralHorn,,
audiology,8,5,horn,true,true,Horn,Boolean,Theorem3,StarNestedHorn,StructuralHorn,,
audiology,8,5,antihorn,true,true,AntiHorn,Boolean,Theorem4,StarNestedAntiHorn,StructuralAntiHorn,,
audiology,8,5,square2cnf,true,true,Square2Cnf,Boolean,Theorem6,Square2CnfFormI,TwoSat,,
audiology,8,5,affine,true,true,Affine,Boolean,Theorem5,SingleGf2Equation,Gf2Gaussian,,
audiology,8,5,smart_certified,true,true,SmartCertified,Boolean,Proposition1,PathCompatibleExactRelations,PathCertified,,
audiology,8,5,cals,true,true,SmartCertified,Boolean,Proposition1,PathCompatibleExactRelations,PathCertified,,
audiology,8,5,cals_compact_explain,true,true,SmartCertified,Boolean,Proposition1,PathCompatibleExactRelations,PathCertified,,
audiology,8,7,unary,true,true,Unary,Boolean,UnaryBaseline,UnaryRelation,StructuralHorn,,
audiology,8,7,horn,true,true,Horn,Boolean,Theorem3,StarNestedHorn,StructuralHorn,,
audiology,8,7,antihorn,true,true,AntiHorn,Boolean,Theorem4,StarNestedAntiHorn,StructuralAntiHorn,,
audiology,8,7,square2cnf,true,true,Square2Cnf,Boolean,Theorem6,Square2CnfFormI,TwoSat,,
audiology,8,7,affine,true,true,Affine,Boolean,Theorem5,SingleGf2Equation,Gf2Gaussian,,
audiology,8,7,smart_certified,true,true,SmartCertified,Boolean,Proposition1,PathCompatibleExactRelations,PathCertified,,
audiology,8,7,cals,true,true,SmartCertified,Boolean,Proposition1,PathCompatibleExactRelations,PathCertified,,
audiology,8,7,cals_compact_explain,true,true,SmartCertified,Boolean,Proposition1,PathCompatibleExactRelations,PathCertified,,
audiology,9,5,unary,true,true,Unary,Boolean,UnaryBaseline,UnaryRelation,StructuralHorn,,
audiology,9,5,horn,true,true,Horn,Boolean,Theorem3,StarNestedHorn,StructuralHorn,,
audiology,9,5,antihorn,true,true,AntiHorn,Boolean,Theorem4,StarNestedAntiHorn,StructuralAntiHorn,,
audiology,9,5,square2cnf,true,true,Square2Cnf,Boolean,Theorem6,Square2CnfFormI,TwoSat,,
audiology,9,5,affine,true,true,Affine,Boolean,Theorem5,SingleGf2Equation,Gf2Gaussian,,
audiology,9,5,smart_certified,true,true,SmartCertified,Boolean,Proposition1,PathCompatibleExactRelations,PathCertified,,
audiology,9,5,cals,true,true,SmartCertified,Boolean,Proposition1,PathCompatibleExactRelations,PathCertified,,
audiology,9,5,cals_compact_explain,true,true,SmartCertified,Boolean,Proposition1,PathCompatibleExactRelations,PathCertified,,
audiology,9,7,unary,true,true,Unary,Boolean,UnaryBaseline,UnaryRelation,StructuralHorn,,
audiology,9,7,horn,true,true,Horn,Boolean,Theorem3,StarNestedHorn,StructuralHorn,,
audiology,9,7,antihorn,true,true,AntiHorn,Boolean,Theorem4,StarNestedAntiHorn,StructuralAntiHorn,,
audiology,9,7,square2cnf,true,true,Square2Cnf,Boolean,Theorem6,Square2CnfFormI,TwoSat,,
audiology,9,7,affine,true,true,Affine,Boolean,Theorem5,SingleGf2Equation,Gf2Gaussian,,
audiology,9,7,smart_certified,true,true,SmartCertified,Boolean,Proposition1,PathCompatibleExactRelations,PathCertified,,
audiology,9,7,cals,true,true,SmartCertified,Boolean,Proposition1,PathCompatibleExactRelations,PathCertified,,
audiology,9,7,cals_compact_explain,true,true,SmartCertified,Boolean,Proposition1,PathCompatibleExactRelations,PathCertified,,
australian-credit,0,5,unary,true,true,Unary,Boolean,UnaryBaseline,UnaryRelation,StructuralHorn,,
australian-credit,0,5,horn,true,true,Horn,Boolean,Theorem3,StarNestedHorn,StructuralHorn,,
australian-credit,0,5,antihorn,true,true,AntiHorn,Boolean,Theorem4,StarNestedAntiHorn,StructuralAntiHorn,,
australian-credit,0,5,square2cnf,true,true,Square2Cnf,Boolean,Theorem6,Square2CnfFormI,TwoSat,,
australian-credit,0,5,affine,true,true,Affine,Boolean,Theorem5,SingleGf2Equation,Gf2Gaussian,,
australian-credit,0,5,smart_certified,true,true,SmartCertified,Boolean,Proposition1,PathCompatibleExactRelations,PathCertified,,
australian-credit,0,5,cals,true,true,SmartCertified,Boolean,Proposition1,PathCompatibleExactRelations,PathCertified,,
australian-credit,0,5,cals_compact_explain,true,true,SmartCertified,Boolean,Proposition1,PathCompatibleExactRelations,PathCertified,,
australian-credit,0,7,unary,true,true,Unary,Boolean,UnaryBaseline,UnaryRelation,StructuralHorn,,
australian-credit,0,7,horn,true,true,Horn,Boolean,Theorem3,StarNestedHorn,StructuralHorn,,
australian-credit,0,7,antihorn,true,true,AntiHorn,Boolean,Theorem4,StarNestedAntiHorn,StructuralAntiHorn,,
australian-credit,0,7,square2cnf,true,true,Square2Cnf,Boolean,Theorem6,Square2CnfFormI,TwoSat,,
australian-credit,0,7,affine,true,true,Affine,Boolean,Theorem5,SingleGf2Equation,Gf2Gaussian,,
australian-credit,0,7,smart_certified,true,true,SmartCertified,Boolean,Proposition1,PathCompatibleExactRelations,PathCertified,,
australian-credit,0,7,cals,true,true,SmartCertified,Boolean,Proposition1,PathCompatibleExactRelations,PathCertified,,
australian-credit,0,7,cals_compact_explain,true,true,SmartCertified,Boolean,Proposition1,PathCompatibleExactRelations,PathCertified,,
australian-credit,1,5,unary,true,true,Unary,Boolean,UnaryBaseline,UnaryRelation,StructuralHorn,,
australian-credit,1,5,horn,true,true,Horn,Boolean,Theorem3,StarNestedHorn,StructuralHorn,,
australian-credit,1,5,antihorn,true,true,AntiHorn,Boolean,Theorem4,StarNestedAntiHorn,StructuralAntiHorn,,
australian-credit,1,5,square2cnf,true,true,Square2Cnf,Boolean,Theorem6,Square2CnfFormI,TwoSat,,
australian-credit,1,5,affine,true,true,Affine,Boolean,Theorem5,SingleGf2Equation,Gf2Gaussian,,
australian-credit,1,5,smart_certified,true,true,SmartCertified,Boolean,Proposition1,PathCompatibleExactRelations,PathCertified,,
australian-credit,1,5,cals,true,true,SmartCertified,Boolean,Proposition1,PathCompatibleExactRelations,PathCertified,,
australian-credit,1,5,cals_compact_explain,true,true,SmartCertified,Boolean,Proposition1,PathCompatibleExactRelations,PathCertified,,
australian-credit,1,7,unary,true,true,Unary,Boolean,UnaryBaseline,UnaryRelation,StructuralHorn,,
australian-credit,1,7,horn,true,true,Horn,Boolean,Theorem3,StarNestedHorn,StructuralHorn,,
australian-credit,1,7,antihorn,true,true,AntiHorn,Boolean,Theorem4,StarNestedAntiHorn,StructuralAntiHorn,,
australian-credit,1,7,square2cnf,true,true,Square2Cnf,Boolean,Theorem6,Square2CnfFormI,TwoSat,,
australian-credit,1,7,affine,true,true,Affine,Boolean,Theorem5,SingleGf2Equation,Gf2Gaussian,,
australian-credit,1,7,smart_certified,true,true,SmartCertified,Boolean,Proposition1,PathCompatibleExactRelations,PathCertified,,
australian-credit,1,7,cals,true,true,SmartCertified,Boolean,Proposition1,PathCompatibleExactRelations,PathCertified,,
australian-credit,1,7,cals_compact_explain,true,true,SmartCertified,Boolean,Proposition1,PathCompatibleExactRelations,PathCertified,,
australian-credit,2,5,unary,true,true,Unary,Boolean,UnaryBaseline,UnaryRelation,StructuralHorn,,
australian-credit,2,5,horn,true,true,Horn,Boolean,Theorem3,StarNestedHorn,StructuralHorn,,
australian-credit,2,5,antihorn,true,true,AntiHorn,Boolean,Theorem4,StarNestedAntiHorn,StructuralAntiHorn,,
australian-credit,2,5,square2cnf,true,true,Square2Cnf,Boolean,Theorem6,Square2CnfFormI,TwoSat,,
australian-credit,2,5,affine,true,true,Affine,Boolean,Theorem5,SingleGf2Equation,Gf2Gaussian,,
australian-credit,2,5,smart_certified,true,true,SmartCertified,Boolean,Proposition1,PathCompatibleExactRelations,PathCertified,,
australian-credit,2,5,cals,true,true,SmartCertified,Boolean,Proposition1,PathCompatibleExactRelations,PathCertified,,
australian-credit,2,5,cals_compact_explain,true,true,SmartCertified,Boolean,Proposition1,PathCompatibleExactRelations,PathCertified,,
australian-credit,2,7,unary,true,true,Unary,Boolean,UnaryBaseline,UnaryRelation,StructuralHorn,,
australian-credit,2,7,horn,true,true,Horn,Boolean,Theorem3,StarNestedHorn,StructuralHorn,,
australian-credit,2,7,antihorn,true,true,AntiHorn,Boolean,Theorem4,StarNestedAntiHorn,StructuralAntiHorn,,
australian-credit,2,7,square2cnf,true,true,Square2Cnf,Boolean,Theorem6,Square2CnfFormI,TwoSat,,
australian-credit,2,7,affine,true,true,Affine,Boolean,Theorem5,SingleGf2Equation,Gf2Gaussian,,
australian-credit,2,7,smart_certified,true,true,SmartCertified,Boolean,Proposition1,PathCompatibleExactRelations,PathCertified,,
australian-credit,2,7,cals,true,true,SmartCertified,Boolean,Proposition1,PathCompatibleExactRelations,PathCertified,,
australian-credit,2,7,cals_compact_explain,true,true,SmartCertified,Boolean,Proposition1,PathCompatibleExactRelations,PathCertified,,
australian-credit,3,5,unary,true,true,Unary,Boolean,UnaryBaseline,UnaryRelation,StructuralHorn,,
australian-credit,3,5,horn,true,true,Horn,Boolean,Theorem3,StarNestedHorn,StructuralHorn,,
australian-credit,3,5,antihorn,true,true,AntiHorn,Boolean,Theorem4,StarNestedAntiHorn,StructuralAntiHorn,,
australian-credit,3,5,square2cnf,true,true,Square2Cnf,Boolean,Theorem6,Square2CnfFormI,TwoSat,,
australian-credit,3,5,affine,true,true,Affine,Boolean,Theorem5,SingleGf2Equation,Gf2Gaussian,,
australian-credit,3,5,smart_certified,true,true,SmartCertified,Boolean,Proposition1,PathCompatibleExactRelations,PathCertified,,
australian-credit,3,5,cals,true,true,SmartCertified,Boolean,Proposition1,PathCompatibleExactRelations,PathCertified,,
australian-credit,3,5,cals_compact_explain,true,true,SmartCertified,Boolean,Proposition1,PathCompatibleExactRelations,PathCertified,,
australian-credit,3,7,unary,true,true,Unary,Boolean,UnaryBaseline,UnaryRelation,StructuralHorn,,
australian-credit,3,7,horn,true,true,Horn,Boolean,Theorem3,StarNestedHorn,StructuralHorn,,
australian-credit,3,7,antihorn,true,true,AntiHorn,Boolean,Theorem4,StarNestedAntiHorn,StructuralAntiHorn,,
australian-credit,3,7,square2cnf,true,true,Square2Cnf,Boolean,Theorem6,Square2CnfFormI,TwoSat,,
australian-credit,3,7,affine,true,true,Affine,Boolean,Theorem5,SingleGf2Equation,Gf2Gaussian,,
australian-credit,3,7,smart_certified,true,true,SmartCertified,Boolean,Proposition1,PathCompatibleExactRelations,PathCertified,,
australian-credit,3,7,cals,true,true,SmartCertified,Boolean,Proposition1,PathCompatibleExactRelations,PathCertified,,
australian-credit,3,7,cals_compact_explain,true,true,SmartCertified,Boolean,Proposition1,PathCompatibleExactRelations,PathCertified,,
australian-credit,4,5,unary,true,true,Unary,Boolean,UnaryBaseline,UnaryRelation,StructuralHorn,,
australian-credit,4,5,horn,true,true,Horn,Boolean,Theorem3,StarNestedHorn,StructuralHorn,,
australian-credit,4,5,antihorn,true,true,AntiHorn,Boolean,Theorem4,StarNestedAntiHorn,StructuralAntiHorn,,
australian-credit,4,5,square2cnf,true,true,Square2Cnf,Boolean,Theorem6,Square2CnfFormI,TwoSat,,
australian-credit,4,5,affine,true,true,Affine,Boolean,Theorem5,SingleGf2Equation,Gf2Gaussian,,
australian-credit,4,5,smart_certified,true,true,SmartCertified,Boolean,Proposition1,PathCompatibleExactRelations,PathCertified,,
australian-credit,4,5,cals,true,true,SmartCertified,Boolean,Proposition1,PathCompatibleExactRelations,PathCertified,,
australian-credit,4,5,cals_compact_explain,true,true,SmartCertified,Boolean,Proposition1,PathCompatibleExactRelations,PathCertified,,
australian-credit,4,7,unary,true,true,Unary,Boolean,UnaryBaseline,UnaryRelation,StructuralHorn,,
australian-credit,4,7,horn,true,true,Horn,Boolean,Theorem3,StarNestedHorn,StructuralHorn,,
australian-credit,4,7,antihorn,true,true,AntiHorn,Boolean,Theorem4,StarNestedAntiHorn,StructuralAntiHorn,,
australian-credit,4,7,square2cnf,true,true,Square2Cnf,Boolean,Theorem6,Square2CnfFormI,TwoSat,,
australian-credit,4,7,affine,true,true,Affine,Boolean,Theorem5,SingleGf2Equation,Gf2Gaussian,,
australian-credit,4,7,smart_certified,true,true,SmartCertified,Boolean,Proposition1,PathCompatibleExactRelations,PathCertified,,
australian-credit,4,7,cals,true,true,SmartCertified,Boolean,Proposition1,PathCompatibleExactRelations,PathCertified,,
australian-credit,4,7,cals_compact_explain,true,true,SmartCertified,Boolean,Proposition1,PathCompatibleExactRelations,PathCertified,,
australian-credit,5,5,unary,true,true,Unary,Boolean,UnaryBaseline,UnaryRelation,StructuralHorn,,
australian-credit,5,5,horn,true,true,Horn,Boolean,Theorem3,StarNestedHorn,StructuralHorn,,
australian-credit,5,5,antihorn,true,true,AntiHorn,Boolean,Theorem4,StarNestedAntiHorn,StructuralAntiHorn,,
australian-credit,5,5,square2cnf,true,true,Square2Cnf,Boolean,Theorem6,Square2CnfFormI,TwoSat,,
australian-credit,5,5,affine,true,true,Affine,Boolean,Theorem5,SingleGf2Equation,Gf2Gaussian,,
australian-credit,5,5,smart_certified,true,true,SmartCertified,Boolean,Proposition1,PathCompatibleExactRelations,PathCertified,,
australian-credit,5,5,cals,true,true,SmartCertified,Boolean,Proposition1,PathCompatibleExactRelations,PathCertified,,
australian-credit,5,5,cals_compact_explain,true,true,SmartCertified,Boolean,Proposition1,PathCompatibleExactRelations,PathCertified,,
australian-credit,5,7,unary,true,true,Unary,Boolean,UnaryBaseline,UnaryRelation,StructuralHorn,,
australian-credit,5,7,horn,true,true,Horn,Boolean,Theorem3,StarNestedHorn,StructuralHorn,,
australian-credit,5,7,antihorn,true,true,AntiHorn,Boolean,Theorem4,StarNestedAntiHorn,StructuralAntiHorn,,
australian-credit,5,7,square2cnf,true,true,Square2Cnf,Boolean,Theorem6,Square2CnfFormI,TwoSat,,
australian-credit,5,7,affine,true,true,Affine,Boolean,Theorem5,SingleGf2Equation,Gf2Gaussian,,
australian-credit,5,7,smart_certified,true,true,SmartCertified,Boolean,Proposition1,PathCompatibleExactRelations,PathCertified,,
australian-credit,5,7,cals,true,true,SmartCertified,Boolean,Proposition1,PathCompatibleExactRelations,PathCertified,,
australian-credit,5,7,cals_compact_explain,true,true,SmartCertified,Boolean,Proposition1,PathCompatibleExactRelations,PathCertified,,
australian-credit,6,5,unary,true,true,Unary,Boolean,UnaryBaseline,UnaryRelation,StructuralHorn,,
australian-credit,6,5,horn,true,true,Horn,Boolean,Theorem3,StarNestedHorn,StructuralHorn,,
australian-credit,6,5,antihorn,true,true,AntiHorn,Boolean,Theorem4,StarNestedAntiHorn,StructuralAntiHorn,,
australian-credit,6,5,square2cnf,true,true,Square2Cnf,Boolean,Theorem6,Square2CnfFormI,TwoSat,,
australian-credit,6,5,affine,true,true,Affine,Boolean,Theorem5,SingleGf2Equation,Gf2Gaussian,,
australian-credit,6,5,smart_certified,true,true,SmartCertified,Boolean,Proposition1,PathCompatibleExactRelations,PathCertified,,
australian-credit,6,5,cals,true,true,SmartCertified,Boolean,Proposition1,PathCompatibleExactRelations,PathCertified,,
australian-credit,6,5,cals_compact_explain,true,true,SmartCertified,Boolean,Proposition1,PathCompatibleExactRelations,PathCertified,,
australian-credit,6,7,unary,true,true,Unary,Boolean,UnaryBaseline,UnaryRelation,StructuralHorn,,
australian-credit,6,7,horn,true,true,Horn,Boolean,Theorem3,StarNestedHorn,StructuralHorn,,
australian-credit,6,7,antihorn,true,true,AntiHorn,Boolean,Theorem4,StarNestedAntiHorn,StructuralAntiHorn,,
australian-credit,6,7,square2cnf,true,true,Square2Cnf,Boolean,Theorem6,Square2CnfFormI,TwoSat,,
australian-credit,6,7,affine,true,true,Affine,Boolean,Theorem5,SingleGf2Equation,Gf2Gaussian,,
australian-credit,6,7,smart_certified,true,true,SmartCertified,Boolean,Proposition1,PathCompatibleExactRelations,PathCertified,,
australian-credit,6,7,cals,true,true,SmartCertified,Boolean,Proposition1,PathCompatibleExactRelations,PathCertified,,
australian-credit,6,7,cals_compact_explain,true,true,SmartCertified,Boolean,Proposition1,PathCompatibleExactRelations,PathCertified,,
australian-credit,7,5,unary,true,true,Unary,Boolean,UnaryBaseline,UnaryRelation,StructuralHorn,,
australian-credit,7,5,horn,true,true,Horn,Boolean,Theorem3,StarNestedHorn,StructuralHorn,,
australian-credit,7,5,antihorn,true,true,AntiHorn,Boolean,Theorem4,StarNestedAntiHorn,StructuralAntiHorn,,
australian-credit,7,5,square2cnf,true,true,Square2Cnf,Boolean,Theorem6,Square2CnfFormI,TwoSat,,
australian-credit,7,5,affine,true,true,Affine,Boolean,Theorem5,SingleGf2Equation,Gf2Gaussian,,
australian-credit,7,5,smart_certified,true,true,SmartCertified,Boolean,Proposition1,PathCompatibleExactRelations,PathCertified,,
australian-credit,7,5,cals,true,true,SmartCertified,Boolean,Proposition1,PathCompatibleExactRelations,PathCertified,,
australian-credit,7,5,cals_compact_explain,true,true,SmartCertified,Boolean,Proposition1,PathCompatibleExactRelations,PathCertified,,
australian-credit,7,7,unary,true,true,Unary,Boolean,UnaryBaseline,UnaryRelation,StructuralHorn,,
australian-credit,7,7,horn,true,true,Horn,Boolean,Theorem3,StarNestedHorn,StructuralHorn,,
australian-credit,7,7,antihorn,true,true,AntiHorn,Boolean,Theorem4,StarNestedAntiHorn,StructuralAntiHorn,,
australian-credit,7,7,square2cnf,true,true,Square2Cnf,Boolean,Theorem6,Square2CnfFormI,TwoSat,,
australian-credit,7,7,affine,true,true,Affine,Boolean,Theorem5,SingleGf2Equation,Gf2Gaussian,,
australian-credit,7,7,smart_certified,true,true,SmartCertified,Boolean,Proposition1,PathCompatibleExactRelations,PathCertified,,
australian-credit,7,7,cals,true,true,SmartCertified,Boolean,Proposition1,PathCompatibleExactRelations,PathCertified,,
australian-credit,7,7,cals_compact_explain,true,true,SmartCertified,Boolean,Proposition1,PathCompatibleExactRelations,PathCertified,,
australian-credit,8,5,unary,true,true,Unary,Boolean,UnaryBaseline,UnaryRelation,StructuralHorn,,
australian-credit,8,5,horn,true,true,Horn,Boolean,Theorem3,StarNestedHorn,StructuralHorn,,
australian-credit,8,5,antihorn,true,true,AntiHorn,Boolean,Theorem4,StarNestedAntiHorn,StructuralAntiHorn,,
australian-credit,8,5,square2cnf,true,true,Square2Cnf,Boolean,Theorem6,Square2CnfFormI,TwoSat,,
australian-credit,8,5,affine,true,true,Affine,Boolean,Theorem5,SingleGf2Equation,Gf2Gaussian,,
australian-credit,8,5,smart_certified,true,true,SmartCertified,Boolean,Proposition1,PathCompatibleExactRelations,PathCertified,,
australian-credit,8,5,cals,true,true,SmartCertified,Boolean,Proposition1,PathCompatibleExactRelations,PathCertified,,
australian-credit,8,5,cals_compact_explain,true,true,SmartCertified,Boolean,Proposition1,PathCompatibleExactRelations,PathCertified,,
australian-credit,8,7,unary,true,true,Unary,Boolean,UnaryBaseline,UnaryRelation,StructuralHorn,,
australian-credit,8,7,horn,true,true,Horn,Boolean,Theorem3,StarNestedHorn,StructuralHorn,,
australian-credit,8,7,antihorn,true,true,AntiHorn,Boolean,Theorem4,StarNestedAntiHorn,StructuralAntiHorn,,
australian-credit,8,7,square2cnf,true,true,Square2Cnf,Boolean,Theorem6,Square2CnfFormI,TwoSat,,
australian-credit,8,7,affine,true,true,Affine,Boolean,Theorem5,SingleGf2Equation,Gf2Gaussian,,
australian-credit,8,7,smart_certified,true,true,SmartCertified,Boolean,Proposition1,PathCompatibleExactRelations,PathCertified,,
australian-credit,8,7,cals,true,true,SmartCertified,Boolean,Proposition1,PathCompatibleExactRelations,PathCertified,,
australian-credit,8,7,cals_compact_explain,true,true,SmartCertified,Boolean,Proposition1,PathCompatibleExactRelations,PathCertified,,
australian-credit,9,5,unary,true,true,Unary,Boolean,UnaryBaseline,UnaryRelation,StructuralHorn,,
australian-credit,9,5,horn,true,true,Horn,Boolean,Theorem3,StarNestedHorn,StructuralHorn,,
australian-credit,9,5,antihorn,true,true,AntiHorn,Boolean,Theorem4,StarNestedAntiHorn,StructuralAntiHorn,,
australian-credit,9,5,square2cnf,true,true,Square2Cnf,Boolean,Theorem6,Square2CnfFormI,TwoSat,,
australian-credit,9,5,affine,true,true,Affine,Boolean,Theorem5,SingleGf2Equation,Gf2Gaussian,,
australian-credit,9,5,smart_certified,true,true,SmartCertified,Boolean,Proposition1,PathCompatibleExactRelations,PathCertified,,
australian-credit,9,5,cals,true,true,SmartCertified,Boolean,Proposition1,PathCompatibleExactRelations,PathCertified,,
australian-credit,9,5,cals_compact_explain,true,true,SmartCertified,Boolean,Proposition1,PathCompatibleExactRelations,PathCertified,,
australian-credit,9,7,unary,true,true,Unary,Boolean,UnaryBaseline,UnaryRelation,StructuralHorn,,
australian-credit,9,7,horn,true,true,Horn,Boolean,Theorem3,StarNestedHorn,StructuralHorn,,
australian-credit,9,7,antihorn,true,true,AntiHorn,Boolean,Theorem4,StarNestedAntiHorn,StructuralAntiHorn,,
australian-credit,9,7,square2cnf,true,true,Square2Cnf,Boolean,Theorem6,Square2CnfFormI,TwoSat,,
australian-credit,9,7,affine,true,true,Affine,Boolean,Theorem5,SingleGf2Equation,Gf2Gaussian,,
australian-credit,9,7,smart_certified,true,true,SmartCertified,Boolean,Proposition1,PathCompatibleExactRelations,PathCertified,,
australian-credit,9,7,cals,true,true,SmartCertified,Boolean,Proposition1,PathCompatibleExactRelations,PathCertified,,
australian-credit,9,7,cals_compact_explain,true,true,SmartCertified,Boolean,Proposition1,PathCompatibleExactRelations,PathCertified,,
balance-scale-bin,0,5,unary,true,true,Unary,Boolean,UnaryBaseline,UnaryRelation,StructuralHorn,,
balance-scale-bin,0,5,horn,true,true,Horn,Boolean,Theorem3,StarNestedHorn,StructuralHorn,,
balance-scale-bin,0,5,antihorn,true,true,AntiHorn,Boolean,Theorem4,StarNestedAntiHorn,StructuralAntiHorn,,
balance-scale-bin,0,5,square2cnf,true,true,Square2Cnf,Boolean,Theorem6,Square2CnfFormI,TwoSat,,
balance-scale-bin,0,5,affine,true,true,Affine,Boolean,Theorem5,SingleGf2Equation,Gf2Gaussian,,
balance-scale-bin,0,5,smart_certified,true,true,SmartCertified,Boolean,Proposition1,PathCompatibleExactRelations,PathCertified,,
balance-scale-bin,0,5,cals,true,true,SmartCertified,Boolean,Proposition1,PathCompatibleExactRelations,PathCertified,,
balance-scale-bin,0,5,cals_compact_explain,true,true,SmartCertified,Boolean,Proposition1,PathCompatibleExactRelations,PathCertified,,
balance-scale-bin,0,7,unary,true,true,Unary,Boolean,UnaryBaseline,UnaryRelation,StructuralHorn,,
balance-scale-bin,0,7,horn,true,true,Horn,Boolean,Theorem3,StarNestedHorn,StructuralHorn,,
balance-scale-bin,0,7,antihorn,true,true,AntiHorn,Boolean,Theorem4,StarNestedAntiHorn,StructuralAntiHorn,,
balance-scale-bin,0,7,square2cnf,true,true,Square2Cnf,Boolean,Theorem6,Square2CnfFormI,TwoSat,,
balance-scale-bin,0,7,affine,true,true,Affine,Boolean,Theorem5,SingleGf2Equation,Gf2Gaussian,,
balance-scale-bin,0,7,smart_certified,true,true,SmartCertified,Boolean,Proposition1,PathCompatibleExactRelations,PathCertified,,
balance-scale-bin,0,7,cals,true,true,SmartCertified,Boolean,Proposition1,PathCompatibleExactRelations,PathCertified,,
balance-scale-bin,0,7,cals_compact_explain,true,true,SmartCertified,Boolean,Proposition1,PathCompatibleExactRelations,PathCertified,,
balance-scale-bin,1,5,unary,true,true,Unary,Boolean,UnaryBaseline,UnaryRelation,StructuralHorn,,
balance-scale-bin,1,5,horn,true,true,Horn,Boolean,Theorem3,StarNestedHorn,StructuralHorn,,
balance-scale-bin,1,5,antihorn,true,true,AntiHorn,Boolean,Theorem4,StarNestedAntiHorn,StructuralAntiHorn,,
balance-scale-bin,1,5,square2cnf,true,true,Square2Cnf,Boolean,Theorem6,Square2CnfFormI,TwoSat,,
balance-scale-bin,1,5,affine,true,true,Affine,Boolean,Theorem5,SingleGf2Equation,Gf2Gaussian,,
balance-scale-bin,1,5,smart_certified,true,true,SmartCertified,Boolean,Proposition1,PathCompatibleExactRelations,PathCertified,,
balance-scale-bin,1,5,cals,true,true,SmartCertified,Boolean,Proposition1,PathCompatibleExactRelations,PathCertified,,
balance-scale-bin,1,5,cals_compact_explain,true,true,SmartCertified,Boolean,Proposition1,PathCompatibleExactRelations,PathCertified,,
balance-scale-bin,1,7,unary,true,true,Unary,Boolean,UnaryBaseline,UnaryRelation,StructuralHorn,,
balance-scale-bin,1,7,horn,true,true,Horn,Boolean,Theorem3,StarNestedHorn,StructuralHorn,,
balance-scale-bin,1,7,antihorn,true,true,AntiHorn,Boolean,Theorem4,StarNestedAntiHorn,StructuralAntiHorn,,
balance-scale-bin,1,7,square2cnf,true,true,Square2Cnf,Boolean,Theorem6,Square2CnfFormI,TwoSat,,
balance-scale-bin,1,7,affine,true,true,Affine,Boolean,Theorem5,SingleGf2Equation,Gf2Gaussian,,
balance-scale-bin,1,7,smart_certified,true,true,SmartCertified,Boolean,Proposition1,PathCompatibleExactRelations,PathCertified,,
balance-scale-bin,1,7,cals,true,true,SmartCertified,Boolean,Proposition1,PathCompatibleExactRelations,PathCertified,,
balance-scale-bin,1,7,cals_compact_explain,true,true,SmartCertified,Boolean,Proposition1,PathCompatibleExactRelations,PathCertified,,
balance-scale-bin,2,5,unary,true,true,Unary,Boolean,UnaryBaseline,UnaryRelation,StructuralHorn,,
balance-scale-bin,2,5,horn,true,true,Horn,Boolean,Theorem3,StarNestedHorn,StructuralHorn,,
balance-scale-bin,2,5,antihorn,true,true,AntiHorn,Boolean,Theorem4,StarNestedAntiHorn,StructuralAntiHorn,,
balance-scale-bin,2,5,square2cnf,true,true,Square2Cnf,Boolean,Theorem6,Square2CnfFormI,TwoSat,,
balance-scale-bin,2,5,affine,true,true,Affine,Boolean,Theorem5,SingleGf2Equation,Gf2Gaussian,,
balance-scale-bin,2,5,smart_certified,true,true,SmartCertified,Boolean,Proposition1,PathCompatibleExactRelations,PathCertified,,
balance-scale-bin,2,5,cals,true,true,SmartCertified,Boolean,Proposition1,PathCompatibleExactRelations,PathCertified,,
balance-scale-bin,2,5,cals_compact_explain,true,true,SmartCertified,Boolean,Proposition1,PathCompatibleExactRelations,PathCertified,,
balance-scale-bin,2,7,unary,true,true,Unary,Boolean,UnaryBaseline,UnaryRelation,StructuralHorn,,
balance-scale-bin,2,7,horn,true,true,Horn,Boolean,Theorem3,StarNestedHorn,StructuralHorn,,
balance-scale-bin,2,7,antihorn,true,true,AntiHorn,Boolean,Theorem4,StarNestedAntiHorn,StructuralAntiHorn,,
balance-scale-bin,2,7,square2cnf,true,true,Square2Cnf,Boolean,Theorem6,Square2CnfFormI,TwoSat,,
balance-scale-bin,2,7,affine,true,true,Affine,Boolean,Theorem5,SingleGf2Equation,Gf2Gaussian,,
balance-scale-bin,2,7,smart_certified,true,true,SmartCertified,Boolean,Proposition1,PathCompatibleExactRelations,PathCertified,,
balance-scale-bin,2,7,cals,true,true,SmartCertified,Boolean,Proposition1,PathCompatibleExactRelations,PathCertified,,
balance-scale-bin,2,7,cals_compact_explain,true,true,SmartCertified,Boolean,Proposition1,PathCompatibleExactRelations,PathCertified,,
balance-scale-bin,3,5,unary,true,true,Unary,Boolean,UnaryBaseline,UnaryRelation,StructuralHorn,,
balance-scale-bin,3,5,horn,true,true,Horn,Boolean,Theorem3,StarNestedHorn,StructuralHorn,,
balance-scale-bin,3,5,antihorn,true,true,AntiHorn,Boolean,Theorem4,StarNestedAntiHorn,StructuralAntiHorn,,
balance-scale-bin,3,5,square2cnf,true,true,Square2Cnf,Boolean,Theorem6,Square2CnfFormI,TwoSat,,
balance-scale-bin,3,5,affine,true,true,Affine,Boolean,Theorem5,SingleGf2Equation,Gf2Gaussian,,
balance-scale-bin,3,5,smart_certified,true,true,SmartCertified,Boolean,Proposition1,PathCompatibleExactRelations,PathCertified,,
balance-scale-bin,3,5,cals,true,true,SmartCertified,Boolean,Proposition1,PathCompatibleExactRelations,PathCertified,,
balance-scale-bin,3,5,cals_compact_explain,true,true,SmartCertified,Boolean,Proposition1,PathCompatibleExactRelations,PathCertified,,
balance-scale-bin,3,7,unary,true,true,Unary,Boolean,UnaryBaseline,UnaryRelation,StructuralHorn,,
balance-scale-bin,3,7,horn,true,true,Horn,Boolean,Theorem3,StarNestedHorn,StructuralHorn,,
balance-scale-bin,3,7,antihorn,true,true,AntiHorn,Boolean,Theorem4,StarNestedAntiHorn,StructuralAntiHorn,,
balance-scale-bin,3,7,square2cnf,true,true,Square2Cnf,Boolean,Theorem6,Square2CnfFormI,TwoSat,,
balance-scale-bin,3,7,affine,true,true,Affine,Boolean,Theorem5,SingleGf2Equation,Gf2Gaussian,,
balance-scale-bin,3,7,smart_certified,true,true,SmartCertified,Boolean,Proposition1,PathCompatibleExactRelations,PathCertified,,
balance-scale-bin,3,7,cals,true,true,SmartCertified,Boolean,Proposition1,PathCompatibleExactRelations,PathCertified,,
balance-scale-bin,3,7,cals_compact_explain,true,true,SmartCertified,Boolean,Proposition1,PathCompatibleExactRelations,PathCertified,,
balance-scale-bin,4,5,unary,true,true,Unary,Boolean,UnaryBaseline,UnaryRelation,StructuralHorn,,
balance-scale-bin,4,5,horn,true,true,Horn,Boolean,Theorem3,StarNestedHorn,StructuralHorn,,
balance-scale-bin,4,5,antihorn,true,true,AntiHorn,Boolean,Theorem4,StarNestedAntiHorn,StructuralAntiHorn,,
balance-scale-bin,4,5,square2cnf,true,true,Square2Cnf,Boolean,Theorem6,Square2CnfFormI,TwoSat,,
balance-scale-bin,4,5,affine,true,true,Affine,Boolean,Theorem5,SingleGf2Equation,Gf2Gaussian,,
balance-scale-bin,4,5,smart_certified,true,true,SmartCertified,Boolean,Proposition1,PathCompatibleExactRelations,PathCertified,,
balance-scale-bin,4,5,cals,true,true,SmartCertified,Boolean,Proposition1,PathCompatibleExactRelations,PathCertified,,
balance-scale-bin,4,5,cals_compact_explain,true,true,SmartCertified,Boolean,Proposition1,PathCompatibleExactRelations,PathCertified,,
balance-scale-bin,4,7,unary,true,true,Unary,Boolean,UnaryBaseline,UnaryRelation,StructuralHorn,,
balance-scale-bin,4,7,horn,true,true,Horn,Boolean,Theorem3,StarNestedHorn,StructuralHorn,,
balance-scale-bin,4,7,antihorn,true,true,AntiHorn,Boolean,Theorem4,StarNestedAntiHorn,StructuralAntiHorn,,
balance-scale-bin,4,7,square2cnf,true,true,Square2Cnf,Boolean,Theorem6,Square2CnfFormI,TwoSat,,
balance-scale-bin,4,7,affine,true,true,Affine,Boolean,Theorem5,SingleGf2Equation,Gf2Gaussian,,
balance-scale-bin,4,7,smart_certified,true,true,SmartCertified,Boolean,Proposition1,PathCompatibleExactRelations,PathCertified,,
balance-scale-bin,4,7,cals,true,true,SmartCertified,Boolean,Proposition1,PathCompatibleExactRelations,PathCertified,,
balance-scale-bin,4,7,cals_compact_explain,true,true,SmartCertified,Boolean,Proposition1,PathCompatibleExactRelations,PathCertified,,
balance-scale-bin,5,5,unary,true,true,Unary,Boolean,UnaryBaseline,UnaryRelation,StructuralHorn,,
balance-scale-bin,5,5,horn,true,true,Horn,Boolean,Theorem3,StarNestedHorn,StructuralHorn,,
balance-scale-bin,5,5,antihorn,true,true,AntiHorn,Boolean,Theorem4,StarNestedAntiHorn,StructuralAntiHorn,,
balance-scale-bin,5,5,square2cnf,true,true,Square2Cnf,Boolean,Theorem6,Square2CnfFormI,TwoSat,,
balance-scale-bin,5,5,affine,true,true,Affine,Boolean,Theorem5,SingleGf2Equation,Gf2Gaussian,,
balance-scale-bin,5,5,smart_certified,true,true,SmartCertified,Boolean,Proposition1,PathCompatibleExactRelations,PathCertified,,
balance-scale-bin,5,5,cals,true,true,SmartCertified,Boolean,Proposition1,PathCompatibleExactRelations,PathCertified,,
balance-scale-bin,5,5,cals_compact_explain,true,true,SmartCertified,Boolean,Proposition1,PathCompatibleExactRelations,PathCertified,,
balance-scale-bin,5,7,unary,true,true,Unary,Boolean,UnaryBaseline,UnaryRelation,StructuralHorn,,
balance-scale-bin,5,7,horn,true,true,Horn,Boolean,Theorem3,StarNestedHorn,StructuralHorn,,
balance-scale-bin,5,7,antihorn,true,true,AntiHorn,Boolean,Theorem4,StarNestedAntiHorn,StructuralAntiHorn,,
balance-scale-bin,5,7,square2cnf,true,true,Square2Cnf,Boolean,Theorem6,Square2CnfFormI,TwoSat,,
balance-scale-bin,5,7,affine,true,true,Affine,Boolean,Theorem5,SingleGf2Equation,Gf2Gaussian,,
balance-scale-bin,5,7,smart_certified,true,true,SmartCertified,Boolean,Proposition1,PathCompatibleExactRelations,PathCertified,,
balance-scale-bin,5,7,cals,true,true,SmartCertified,Boolean,Proposition1,PathCompatibleExactRelations,PathCertified,,
balance-scale-bin,5,7,cals_compact_explain,true,true,SmartCertified,Boolean,Proposition1,PathCompatibleExactRelations,PathCertified,,
balance-scale-bin,6,5,unary,true,true,Unary,Boolean,UnaryBaseline,UnaryRelation,StructuralHorn,,
balance-scale-bin,6,5,horn,true,true,Horn,Boolean,Theorem3,StarNestedHorn,StructuralHorn,,
balance-scale-bin,6,5,antihorn,true,true,AntiHorn,Boolean,Theorem4,StarNestedAntiHorn,StructuralAntiHorn,,
balance-scale-bin,6,5,square2cnf,true,true,Square2Cnf,Boolean,Theorem6,Square2CnfFormI,TwoSat,,
balance-scale-bin,6,5,affine,true,true,Affine,Boolean,Theorem5,SingleGf2Equation,Gf2Gaussian,,
balance-scale-bin,6,5,smart_certified,true,true,SmartCertified,Boolean,Proposition1,PathCompatibleExactRelations,PathCertified,,
balance-scale-bin,6,5,cals,true,true,SmartCertified,Boolean,Proposition1,PathCompatibleExactRelations,PathCertified,,
balance-scale-bin,6,5,cals_compact_explain,true,true,SmartCertified,Boolean,Proposition1,PathCompatibleExactRelations,PathCertified,,
balance-scale-bin,6,7,unary,true,true,Unary,Boolean,UnaryBaseline,UnaryRelation,StructuralHorn,,
balance-scale-bin,6,7,horn,true,true,Horn,Boolean,Theorem3,StarNestedHorn,StructuralHorn,,
balance-scale-bin,6,7,antihorn,true,true,AntiHorn,Boolean,Theorem4,StarNestedAntiHorn,StructuralAntiHorn,,
balance-scale-bin,6,7,square2cnf,true,true,Square2Cnf,Boolean,Theorem6,Square2CnfFormI,TwoSat,,
balance-scale-bin,6,7,affine,true,true,Affine,Boolean,Theorem5,SingleGf2Equation,Gf2Gaussian,,
balance-scale-bin,6,7,smart_certified,true,true,SmartCertified,Boolean,Proposition1,PathCompatibleExactRelations,PathCertified,,
balance-scale-bin,6,7,cals,true,true,SmartCertified,Boolean,Proposition1,PathCompatibleExactRelations,PathCertified,,
balance-scale-bin,6,7,cals_compact_explain,true,true,SmartCertified,Boolean,Proposition1,PathCompatibleExactRelations,PathCertified,,
balance-scale-bin,7,5,unary,true,true,Unary,Boolean,UnaryBaseline,UnaryRelation,StructuralHorn,,
balance-scale-bin,7,5,horn,true,true,Horn,Boolean,Theorem3,StarNestedHorn,StructuralHorn,,
balance-scale-bin,7,5,antihorn,true,true,AntiHorn,Boolean,Theorem4,StarNestedAntiHorn,StructuralAntiHorn,,
balance-scale-bin,7,5,square2cnf,true,true,Square2Cnf,Boolean,Theorem6,Square2CnfFormI,TwoSat,,
balance-scale-bin,7,5,affine,true,true,Affine,Boolean,Theorem5,SingleGf2Equation,Gf2Gaussian,,
balance-scale-bin,7,5,smart_certified,true,true,SmartCertified,Boolean,Proposition1,PathCompatibleExactRelations,PathCertified,,
balance-scale-bin,7,5,cals,true,true,SmartCertified,Boolean,Proposition1,PathCompatibleExactRelations,PathCertified,,
balance-scale-bin,7,5,cals_compact_explain,true,true,SmartCertified,Boolean,Proposition1,PathCompatibleExactRelations,PathCertified,,
balance-scale-bin,7,7,unary,true,true,Unary,Boolean,UnaryBaseline,UnaryRelation,StructuralHorn,,
balance-scale-bin,7,7,horn,true,true,Horn,Boolean,Theorem3,StarNestedHorn,StructuralHorn,,
balance-scale-bin,7,7,antihorn,true,true,AntiHorn,Boolean,Theorem4,StarNestedAntiHorn,StructuralAntiHorn,,
balance-scale-bin,7,7,square2cnf,true,true,Square2Cnf,Boolean,Theorem6,Square2CnfFormI,TwoSat,,
balance-scale-bin,7,7,affine,true,true,Affine,Boolean,Theorem5,SingleGf2Equation,Gf2Gaussian,,
balance-scale-bin,7,7,smart_certified,true,true,SmartCertified,Boolean,Proposition1,PathCompatibleExactRelations,PathCertified,,
balance-scale-bin,7,7,cals,true,true,SmartCertified,Boolean,Proposition1,PathCompatibleExactRelations,PathCertified,,
balance-scale-bin,7,7,cals_compact_explain,true,true,SmartCertified,Boolean,Proposition1,PathCompatibleExactRelations,PathCertified,,
balance-scale-bin,8,5,unary,true,true,Unary,Boolean,UnaryBaseline,UnaryRelation,StructuralHorn,,
balance-scale-bin,8,5,horn,true,true,Horn,Boolean,Theorem3,StarNestedHorn,StructuralHorn,,
balance-scale-bin,8,5,antihorn,true,true,AntiHorn,Boolean,Theorem4,StarNestedAntiHorn,StructuralAntiHorn,,
balance-scale-bin,8,5,square2cnf,true,true,Square2Cnf,Boolean,Theorem6,Square2CnfFormI,TwoSat,,
balance-scale-bin,8,5,affine,true,true,Affine,Boolean,Theorem5,SingleGf2Equation,Gf2Gaussian,,
balance-scale-bin,8,5,smart_certified,true,true,SmartCertified,Boolean,Proposition1,PathCompatibleExactRelations,PathCertified,,
balance-scale-bin,8,5,cals,true,true,SmartCertified,Boolean,Proposition1,PathCompatibleExactRelations,PathCertified,,
balance-scale-bin,8,5,cals_compact_explain,true,true,SmartCertified,Boolean,Proposition1,PathCompatibleExactRelations,PathCertified,,
balance-scale-bin,8,7,unary,true,true,Unary,Boolean,UnaryBaseline,UnaryRelation,StructuralHorn,,
balance-scale-bin,8,7,horn,true,true,Horn,Boolean,Theorem3,StarNestedHorn,StructuralHorn,,
balance-scale-bin,8,7,antihorn,true,true,AntiHorn,Boolean,Theorem4,StarNestedAntiHorn,StructuralAntiHorn,,
balance-scale-bin,8,7,square2cnf,true,true,Square2Cnf,Boolean,Theorem6,Square2CnfFormI,TwoSat,,
balance-scale-bin,8,7,affine,true,true,Affine,Boolean,Theorem5,SingleGf2Equation,Gf2Gaussian,,
balance-scale-bin,8,7,smart_certified,true,true,SmartCertified,Boolean,Proposition1,PathCompatibleExactRelations,PathCertified,,
balance-scale-bin,8,7,cals,true,true,SmartCertified,Boolean,Proposition1,PathCompatibleExactRelations,PathCertified,,
balance-scale-bin,8,7,cals_compact_explain,true,true,SmartCertified,Boolean,Proposition1,PathCompatibleExactRelations,PathCertified,,
balance-scale-bin,9,5,unary,true,true,Unary,Boolean,UnaryBaseline,UnaryRelation,StructuralHorn,,
balance-scale-bin,9,5,horn,true,true,Horn,Boolean,Theorem3,StarNestedHorn,StructuralHorn,,
balance-scale-bin,9,5,antihorn,true,true,AntiHorn,Boolean,Theorem4,StarNestedAntiHorn,StructuralAntiHorn,,
balance-scale-bin,9,5,square2cnf,true,true,Square2Cnf,Boolean,Theorem6,Square2CnfFormI,TwoSat,,
balance-scale-bin,9,5,affine,true,true,Affine,Boolean,Theorem5,SingleGf2Equation,Gf2Gaussian,,
balance-scale-bin,9,5,smart_certified,true,true,SmartCertified,Boolean,Proposition1,PathCompatibleExactRelations,PathCertified,,
balance-scale-bin,9,5,cals,true,true,SmartCertified,Boolean,Proposition1,PathCompatibleExactRelations,PathCertified,,
balance-scale-bin,9,5,cals_compact_explain,true,true,SmartCertified,Boolean,Proposition1,PathCompatibleExactRelations,PathCertified,,
balance-scale-bin,9,7,unary,true,true,Unary,Boolean,UnaryBaseline,UnaryRelation,StructuralHorn,,
balance-scale-bin,9,7,horn,true,true,Horn,Boolean,Theorem3,StarNestedHorn,StructuralHorn,,
balance-scale-bin,9,7,antihorn,true,true,AntiHorn,Boolean,Theorem4,StarNestedAntiHorn,StructuralAntiHorn,,
balance-scale-bin,9,7,square2cnf,true,true,Square2Cnf,Boolean,Theorem6,Square2CnfFormI,TwoSat,,
balance-scale-bin,9,7,affine,true,true,Affine,Boolean,Theorem5,SingleGf2Equation,Gf2Gaussian,,
balance-scale-bin,9,7,smart_certified,true,true,SmartCertified,Boolean,Proposition1,PathCompatibleExactRelations,PathCertified,,
balance-scale-bin,9,7,cals,true,true,SmartCertified,Boolean,Proposition1,PathCompatibleExactRelations,PathCertified,,
balance-scale-bin,9,7,cals_compact_explain,true,true,SmartCertified,Boolean,Proposition1,PathCompatibleExactRelations,PathCertified,,
bank_conv-bin,0,5,unary,true,true,Unary,Boolean,UnaryBaseline,UnaryRelation,StructuralHorn,,
bank_conv-bin,0,5,horn,true,true,Horn,Boolean,Theorem3,StarNestedHorn,StructuralHorn,,
bank_conv-bin,0,5,antihorn,true,true,AntiHorn,Boolean,Theorem4,StarNestedAntiHorn,StructuralAntiHorn,,
bank_conv-bin,0,5,square2cnf,true,true,Square2Cnf,Boolean,Theorem6,Square2CnfFormI,TwoSat,,
bank_conv-bin,0,5,affine,true,true,Affine,Boolean,Theorem5,SingleGf2Equation,Gf2Gaussian,,
bank_conv-bin,0,5,smart_certified,true,true,SmartCertified,Boolean,Proposition1,PathCompatibleExactRelations,PathCertified,,
bank_conv-bin,0,5,cals,true,true,SmartCertified,Boolean,Proposition1,PathCompatibleExactRelations,PathCertified,,
bank_conv-bin,0,5,cals_compact_explain,true,true,SmartCertified,Boolean,Proposition1,PathCompatibleExactRelations,PathCertified,,
bank_conv-bin,0,7,unary,true,true,Unary,Boolean,UnaryBaseline,UnaryRelation,StructuralHorn,,
bank_conv-bin,0,7,horn,true,true,Horn,Boolean,Theorem3,StarNestedHorn,StructuralHorn,,
bank_conv-bin,0,7,antihorn,true,true,AntiHorn,Boolean,Theorem4,StarNestedAntiHorn,StructuralAntiHorn,,
bank_conv-bin,0,7,square2cnf,true,true,Square2Cnf,Boolean,Theorem6,Square2CnfFormI,TwoSat,,
bank_conv-bin,0,7,affine,true,true,Affine,Boolean,Theorem5,SingleGf2Equation,Gf2Gaussian,,
bank_conv-bin,0,7,smart_certified,true,true,SmartCertified,Boolean,Proposition1,PathCompatibleExactRelations,PathCertified,,
bank_conv-bin,0,7,cals,true,true,SmartCertified,Boolean,Proposition1,PathCompatibleExactRelations,PathCertified,,
bank_conv-bin,0,7,cals_compact_explain,true,true,SmartCertified,Boolean,Proposition1,PathCompatibleExactRelations,PathCertified,,
bank_conv-bin,1,5,unary,true,true,Unary,Boolean,UnaryBaseline,UnaryRelation,StructuralHorn,,
bank_conv-bin,1,5,horn,true,true,Horn,Boolean,Theorem3,StarNestedHorn,StructuralHorn,,
bank_conv-bin,1,5,antihorn,true,true,AntiHorn,Boolean,Theorem4,StarNestedAntiHorn,StructuralAntiHorn,,
bank_conv-bin,1,5,square2cnf,true,true,Square2Cnf,Boolean,Theorem6,Square2CnfFormI,TwoSat,,
bank_conv-bin,1,5,affine,true,true,Affine,Boolean,Theorem5,SingleGf2Equation,Gf2Gaussian,,
bank_conv-bin,1,5,smart_certified,true,true,SmartCertified,Boolean,Proposition1,PathCompatibleExactRelations,PathCertified,,
bank_conv-bin,1,5,cals,true,true,SmartCertified,Boolean,Proposition1,PathCompatibleExactRelations,PathCertified,,
bank_conv-bin,1,5,cals_compact_explain,true,true,SmartCertified,Boolean,Proposition1,PathCompatibleExactRelations,PathCertified,,
bank_conv-bin,1,7,unary,true,true,Unary,Boolean,UnaryBaseline,UnaryRelation,StructuralHorn,,
bank_conv-bin,1,7,horn,true,true,Horn,Boolean,Theorem3,StarNestedHorn,StructuralHorn,,
bank_conv-bin,1,7,antihorn,true,true,AntiHorn,Boolean,Theorem4,StarNestedAntiHorn,StructuralAntiHorn,,
bank_conv-bin,1,7,square2cnf,true,true,Square2Cnf,Boolean,Theorem6,Square2CnfFormI,TwoSat,,
bank_conv-bin,1,7,affine,true,true,Affine,Boolean,Theorem5,SingleGf2Equation,Gf2Gaussian,,
bank_conv-bin,1,7,smart_certified,true,true,SmartCertified,Boolean,Proposition1,PathCompatibleExactRelations,PathCertified,,
bank_conv-bin,1,7,cals,true,true,SmartCertified,Boolean,Proposition1,PathCompatibleExactRelations,PathCertified,,
bank_conv-bin,1,7,cals_compact_explain,true,true,SmartCertified,Boolean,Proposition1,PathCompatibleExactRelations,PathCertified,,
bank_conv-bin,2,5,unary,true,true,Unary,Boolean,UnaryBaseline,UnaryRelation,StructuralHorn,,
bank_conv-bin,2,5,horn,true,true,Horn,Boolean,Theorem3,StarNestedHorn,StructuralHorn,,
bank_conv-bin,2,5,antihorn,true,true,AntiHorn,Boolean,Theorem4,StarNestedAntiHorn,StructuralAntiHorn,,
bank_conv-bin,2,5,square2cnf,true,true,Square2Cnf,Boolean,Theorem6,Square2CnfFormI,TwoSat,,
bank_conv-bin,2,5,affine,true,true,Affine,Boolean,Theorem5,SingleGf2Equation,Gf2Gaussian,,
bank_conv-bin,2,5,smart_certified,true,true,SmartCertified,Boolean,Proposition1,PathCompatibleExactRelations,PathCertified,,
bank_conv-bin,2,5,cals,true,true,SmartCertified,Boolean,Proposition1,PathCompatibleExactRelations,PathCertified,,
bank_conv-bin,2,5,cals_compact_explain,true,true,SmartCertified,Boolean,Proposition1,PathCompatibleExactRelations,PathCertified,,
bank_conv-bin,2,7,unary,true,true,Unary,Boolean,UnaryBaseline,UnaryRelation,StructuralHorn,,
bank_conv-bin,2,7,horn,true,true,Horn,Boolean,Theorem3,StarNestedHorn,StructuralHorn,,
bank_conv-bin,2,7,antihorn,true,true,AntiHorn,Boolean,Theorem4,StarNestedAntiHorn,StructuralAntiHorn,,
bank_conv-bin,2,7,square2cnf,true,true,Square2Cnf,Boolean,Theorem6,Square2CnfFormI,TwoSat,,
bank_conv-bin,2,7,affine,true,true,Affine,Boolean,Theorem5,SingleGf2Equation,Gf2Gaussian,,
bank_conv-bin,2,7,smart_certified,true,true,SmartCertified,Boolean,Proposition1,PathCompatibleExactRelations,PathCertified,,
bank_conv-bin,2,7,cals,true,true,SmartCertified,Boolean,Proposition1,PathCompatibleExactRelations,PathCertified,,
bank_conv-bin,2,7,cals_compact_explain,true,true,SmartCertified,Boolean,Proposition1,PathCompatibleExactRelations,PathCertified,,
bank_conv-bin,3,5,unary,true,true,Unary,Boolean,UnaryBaseline,UnaryRelation,StructuralHorn,,
bank_conv-bin,3,5,horn,true,true,Horn,Boolean,Theorem3,StarNestedHorn,StructuralHorn,,
bank_conv-bin,3,5,antihorn,true,true,AntiHorn,Boolean,Theorem4,StarNestedAntiHorn,StructuralAntiHorn,,
bank_conv-bin,3,5,square2cnf,true,true,Square2Cnf,Boolean,Theorem6,Square2CnfFormI,TwoSat,,
bank_conv-bin,3,5,affine,true,true,Affine,Boolean,Theorem5,SingleGf2Equation,Gf2Gaussian,,
bank_conv-bin,3,5,smart_certified,true,true,SmartCertified,Boolean,Proposition1,PathCompatibleExactRelations,PathCertified,,
bank_conv-bin,3,5,cals,true,true,SmartCertified,Boolean,Proposition1,PathCompatibleExactRelations,PathCertified,,
bank_conv-bin,3,5,cals_compact_explain,true,true,SmartCertified,Boolean,Proposition1,PathCompatibleExactRelations,PathCertified,,
bank_conv-bin,3,7,unary,true,true,Unary,Boolean,UnaryBaseline,UnaryRelation,StructuralHorn,,
bank_conv-bin,3,7,horn,true,true,Horn,Boolean,Theorem3,StarNestedHorn,StructuralHorn,,
bank_conv-bin,3,7,antihorn,true,true,AntiHorn,Boolean,Theorem4,StarNestedAntiHorn,StructuralAntiHorn,,
bank_conv-bin,3,7,square2cnf,true,true,Square2Cnf,Boolean,Theorem6,Square2CnfFormI,TwoSat,,
bank_conv-bin,3,7,affine,true,true,Affine,Boolean,Theorem5,SingleGf2Equation,Gf2Gaussian,,
bank_conv-bin,3,7,smart_certified,true,true,SmartCertified,Boolean,Proposition1,PathCompatibleExactRelations,PathCertified,,
bank_conv-bin,3,7,cals,true,true,SmartCertified,Boolean,Proposition1,PathCompatibleExactRelations,PathCertified,,
bank_conv-bin,3,7,cals_compact_explain,true,true,SmartCertified,Boolean,Proposition1,PathCompatibleExactRelations,PathCertified,,
bank_conv-bin,4,5,unary,true,true,Unary,Boolean,UnaryBaseline,UnaryRelation,StructuralHorn,,
bank_conv-bin,4,5,horn,true,true,Horn,Boolean,Theorem3,StarNestedHorn,StructuralHorn,,
bank_conv-bin,4,5,antihorn,true,true,AntiHorn,Boolean,Theorem4,StarNestedAntiHorn,StructuralAntiHorn,,
bank_conv-bin,4,5,square2cnf,true,true,Square2Cnf,Boolean,Theorem6,Square2CnfFormI,TwoSat,,
bank_conv-bin,4,5,affine,true,true,Affine,Boolean,Theorem5,SingleGf2Equation,Gf2Gaussian,,
bank_conv-bin,4,5,smart_certified,true,true,SmartCertified,Boolean,Proposition1,PathCompatibleExactRelations,PathCertified,,
bank_conv-bin,4,5,cals,true,true,SmartCertified,Boolean,Proposition1,PathCompatibleExactRelations,PathCertified,,
bank_conv-bin,4,5,cals_compact_explain,true,true,SmartCertified,Boolean,Proposition1,PathCompatibleExactRelations,PathCertified,,
bank_conv-bin,4,7,unary,true,true,Unary,Boolean,UnaryBaseline,UnaryRelation,StructuralHorn,,
bank_conv-bin,4,7,horn,true,true,Horn,Boolean,Theorem3,StarNestedHorn,StructuralHorn,,
bank_conv-bin,4,7,antihorn,true,true,AntiHorn,Boolean,Theorem4,StarNestedAntiHorn,StructuralAntiHorn,,
bank_conv-bin,4,7,square2cnf,true,true,Square2Cnf,Boolean,Theorem6,Square2CnfFormI,TwoSat,,
bank_conv-bin,4,7,affine,true,true,Affine,Boolean,Theorem5,SingleGf2Equation,Gf2Gaussian,,
bank_conv-bin,4,7,smart_certified,true,true,SmartCertified,Boolean,Proposition1,PathCompatibleExactRelations,PathCertified,,
bank_conv-bin,4,7,cals,true,true,SmartCertified,Boolean,Proposition1,PathCompatibleExactRelations,PathCertified,,
bank_conv-bin,4,7,cals_compact_explain,true,true,SmartCertified,Boolean,Proposition1,PathCompatibleExactRelations,PathCertified,,
bank_conv-bin,5,5,unary,true,true,Unary,Boolean,UnaryBaseline,UnaryRelation,StructuralHorn,,
bank_conv-bin,5,5,horn,true,true,Horn,Boolean,Theorem3,StarNestedHorn,StructuralHorn,,
bank_conv-bin,5,5,antihorn,true,true,AntiHorn,Boolean,Theorem4,StarNestedAntiHorn,StructuralAntiHorn,,
bank_conv-bin,5,5,square2cnf,true,true,Square2Cnf,Boolean,Theorem6,Square2CnfFormI,TwoSat,,
bank_conv-bin,5,5,affine,true,true,Affine,Boolean,Theorem5,SingleGf2Equation,Gf2Gaussian,,
bank_conv-bin,5,5,smart_certified,true,true,SmartCertified,Boolean,Proposition1,PathCompatibleExactRelations,PathCertified,,
bank_conv-bin,5,5,cals,true,true,SmartCertified,Boolean,Proposition1,PathCompatibleExactRelations,PathCertified,,
bank_conv-bin,5,5,cals_compact_explain,true,true,SmartCertified,Boolean,Proposition1,PathCompatibleExactRelations,PathCertified,,
bank_conv-bin,5,7,unary,true,true,Unary,Boolean,UnaryBaseline,UnaryRelation,StructuralHorn,,
bank_conv-bin,5,7,horn,true,true,Horn,Boolean,Theorem3,StarNestedHorn,StructuralHorn,,
bank_conv-bin,5,7,antihorn,true,true,AntiHorn,Boolean,Theorem4,StarNestedAntiHorn,StructuralAntiHorn,,
bank_conv-bin,5,7,square2cnf,true,true,Square2Cnf,Boolean,Theorem6,Square2CnfFormI,TwoSat,,
bank_conv-bin,5,7,affine,true,true,Affine,Boolean,Theorem5,SingleGf2Equation,Gf2Gaussian,,
bank_conv-bin,5,7,smart_certified,true,true,SmartCertified,Boolean,Proposition1,PathCompatibleExactRelations,PathCertified,,
bank_conv-bin,5,7,cals,true,true,SmartCertified,Boolean,Proposition1,PathCompatibleExactRelations,PathCertified,,
bank_conv-bin,5,7,cals_compact_explain,true,true,SmartCertified,Boolean,Proposition1,PathCompatibleExactRelations,PathCertified,,
bank_conv-bin,6,5,unary,true,true,Unary,Boolean,UnaryBaseline,UnaryRelation,StructuralHorn,,
bank_conv-bin,6,5,horn,true,true,Horn,Boolean,Theorem3,StarNestedHorn,StructuralHorn,,
bank_conv-bin,6,5,antihorn,true,true,AntiHorn,Boolean,Theorem4,StarNestedAntiHorn,StructuralAntiHorn,,
bank_conv-bin,6,5,square2cnf,true,true,Square2Cnf,Boolean,Theorem6,Square2CnfFormI,TwoSat,,
bank_conv-bin,6,5,affine,true,true,Affine,Boolean,Theorem5,SingleGf2Equation,Gf2Gaussian,,
bank_conv-bin,6,5,smart_certified,true,true,SmartCertified,Boolean,Proposition1,PathCompatibleExactRelations,PathCertified,,
bank_conv-bin,6,5,cals,true,true,SmartCertified,Boolean,Proposition1,PathCompatibleExactRelations,PathCertified,,
bank_conv-bin,6,5,cals_compact_explain,true,true,SmartCertified,Boolean,Proposition1,PathCompatibleExactRelations,PathCertified,,
bank_conv-bin,6,7,unary,true,true,Unary,Boolean,UnaryBaseline,UnaryRelation,StructuralHorn,,
bank_conv-bin,6,7,horn,true,true,Horn,Boolean,Theorem3,StarNestedHorn,StructuralHorn,,
bank_conv-bin,6,7,antihorn,true,true,AntiHorn,Boolean,Theorem4,StarNestedAntiHorn,StructuralAntiHorn,,
bank_conv-bin,6,7,square2cnf,true,true,Square2Cnf,Boolean,Theorem6,Square2CnfFormI,TwoSat,,
bank_conv-bin,6,7,affine,true,true,Affine,Boolean,Theorem5,SingleGf2Equation,Gf2Gaussian,,
bank_conv-bin,6,7,smart_certified,true,true,SmartCertified,Boolean,Proposition1,PathCompatibleExactRelations,PathCertified,,
bank_conv-bin,6,7,cals,true,true,SmartCertified,Boolean,Proposition1,PathCompatibleExactRelations,PathCertified,,
bank_conv-bin,6,7,cals_compact_explain,true,true,SmartCertified,Boolean,Proposition1,PathCompatibleExactRelations,PathCertified,,
bank_conv-bin,7,5,unary,true,true,Unary,Boolean,UnaryBaseline,UnaryRelation,StructuralHorn,,
bank_conv-bin,7,5,horn,true,true,Horn,Boolean,Theorem3,StarNestedHorn,StructuralHorn,,
bank_conv-bin,7,5,antihorn,true,true,AntiHorn,Boolean,Theorem4,StarNestedAntiHorn,StructuralAntiHorn,,
bank_conv-bin,7,5,square2cnf,true,true,Square2Cnf,Boolean,Theorem6,Square2CnfFormI,TwoSat,,
bank_conv-bin,7,5,affine,true,true,Affine,Boolean,Theorem5,SingleGf2Equation,Gf2Gaussian,,
bank_conv-bin,7,5,smart_certified,true,true,SmartCertified,Boolean,Proposition1,PathCompatibleExactRelations,PathCertified,,
bank_conv-bin,7,5,cals,true,true,SmartCertified,Boolean,Proposition1,PathCompatibleExactRelations,PathCertified,,
bank_conv-bin,7,5,cals_compact_explain,true,true,SmartCertified,Boolean,Proposition1,PathCompatibleExactRelations,PathCertified,,
bank_conv-bin,7,7,unary,true,true,Unary,Boolean,UnaryBaseline,UnaryRelation,StructuralHorn,,
bank_conv-bin,7,7,horn,true,true,Horn,Boolean,Theorem3,StarNestedHorn,StructuralHorn,,
bank_conv-bin,7,7,antihorn,true,true,AntiHorn,Boolean,Theorem4,StarNestedAntiHorn,StructuralAntiHorn,,
bank_conv-bin,7,7,square2cnf,true,true,Square2Cnf,Boolean,Theorem6,Square2CnfFormI,TwoSat,,
bank_conv-bin,7,7,affine,true,true,Affine,Boolean,Theorem5,SingleGf2Equation,Gf2Gaussian,,
bank_conv-bin,7,7,smart_certified,true,true,SmartCertified,Boolean,Proposition1,PathCompatibleExactRelations,PathCertified,,
bank_conv-bin,7,7,cals,true,true,SmartCertified,Boolean,Proposition1,PathCompatibleExactRelations,PathCertified,,
bank_conv-bin,7,7,cals_compact_explain,true,true,SmartCertified,Boolean,Proposition1,PathCompatibleExactRelations,PathCertified,,
bank_conv-bin,8,5,unary,true,true,Unary,Boolean,UnaryBaseline,UnaryRelation,StructuralHorn,,
bank_conv-bin,8,5,horn,true,true,Horn,Boolean,Theorem3,StarNestedHorn,StructuralHorn,,
bank_conv-bin,8,5,antihorn,true,true,AntiHorn,Boolean,Theorem4,StarNestedAntiHorn,StructuralAntiHorn,,
bank_conv-bin,8,5,square2cnf,true,true,Square2Cnf,Boolean,Theorem6,Square2CnfFormI,TwoSat,,
bank_conv-bin,8,5,affine,true,true,Affine,Boolean,Theorem5,SingleGf2Equation,Gf2Gaussian,,
bank_conv-bin,8,5,smart_certified,true,true,SmartCertified,Boolean,Proposition1,PathCompatibleExactRelations,PathCertified,,
bank_conv-bin,8,5,cals,true,true,SmartCertified,Boolean,Proposition1,PathCompatibleExactRelations,PathCertified,,
bank_conv-bin,8,5,cals_compact_explain,true,true,SmartCertified,Boolean,Proposition1,PathCompatibleExactRelations,PathCertified,,
bank_conv-bin,8,7,unary,true,true,Unary,Boolean,UnaryBaseline,UnaryRelation,StructuralHorn,,
bank_conv-bin,8,7,horn,true,true,Horn,Boolean,Theorem3,StarNestedHorn,StructuralHorn,,
bank_conv-bin,8,7,antihorn,true,true,AntiHorn,Boolean,Theorem4,StarNestedAntiHorn,StructuralAntiHorn,,
bank_conv-bin,8,7,square2cnf,true,true,Square2Cnf,Boolean,Theorem6,Square2CnfFormI,TwoSat,,
bank_conv-bin,8,7,affine,true,true,Affine,Boolean,Theorem5,SingleGf2Equation,Gf2Gaussian,,
bank_conv-bin,8,7,smart_certified,true,true,SmartCertified,Boolean,Proposition1,PathCompatibleExactRelations,PathCertified,,
bank_conv-bin,8,7,cals,true,true,SmartCertified,Boolean,Proposition1,PathCompatibleExactRelations,PathCertified,,
bank_conv-bin,8,7,cals_compact_explain,true,true,SmartCertified,Boolean,Proposition1,PathCompatibleExactRelations,PathCertified,,
bank_conv-bin,9,5,unary,true,true,Unary,Boolean,UnaryBaseline,UnaryRelation,StructuralHorn,,
bank_conv-bin,9,5,horn,true,true,Horn,Boolean,Theorem3,StarNestedHorn,StructuralHorn,,
bank_conv-bin,9,5,antihorn,true,true,AntiHorn,Boolean,Theorem4,StarNestedAntiHorn,StructuralAntiHorn,,
bank_conv-bin,9,5,square2cnf,true,true,Square2Cnf,Boolean,Theorem6,Square2CnfFormI,TwoSat,,
bank_conv-bin,9,5,affine,true,true,Affine,Boolean,Theorem5,SingleGf2Equation,Gf2Gaussian,,
bank_conv-bin,9,5,smart_certified,true,true,SmartCertified,Boolean,Proposition1,PathCompatibleExactRelations,PathCertified,,
bank_conv-bin,9,5,cals,true,true,SmartCertified,Boolean,Proposition1,PathCompatibleExactRelations,PathCertified,,
bank_conv-bin,9,5,cals_compact_explain,true,true,SmartCertified,Boolean,Proposition1,PathCompatibleExactRelations,PathCertified,,
bank_conv-bin,9,7,unary,true,true,Unary,Boolean,UnaryBaseline,UnaryRelation,StructuralHorn,,
bank_conv-bin,9,7,horn,true,true,Horn,Boolean,Theorem3,StarNestedHorn,StructuralHorn,,
bank_conv-bin,9,7,antihorn,true,true,AntiHorn,Boolean,Theorem4,StarNestedAntiHorn,StructuralAntiHorn,,
bank_conv-bin,9,7,square2cnf,true,true,Square2Cnf,Boolean,Theorem6,Square2CnfFormI,TwoSat,,
bank_conv-bin,9,7,affine,true,true,Affine,Boolean,Theorem5,SingleGf2Equation,Gf2Gaussian,,
bank_conv-bin,9,7,smart_certified,true,true,SmartCertified,Boolean,Proposition1,PathCompatibleExactRelations,PathCertified,,
bank_conv-bin,9,7,cals,true,true,SmartCertified,Boolean,Proposition1,PathCompatibleExactRelations,PathCertified,,
bank_conv-bin,9,7,cals_compact_explain,true,true,SmartCertified,Boolean,Proposition1,PathCompatibleExactRelations,PathCertified,,
banknote-bin,0,5,unary,true,true,Unary,Boolean,UnaryBaseline,UnaryRelation,StructuralHorn,,
banknote-bin,0,5,horn,true,true,Horn,Boolean,Theorem3,StarNestedHorn,StructuralHorn,,
banknote-bin,0,5,antihorn,true,true,AntiHorn,Boolean,Theorem4,StarNestedAntiHorn,StructuralAntiHorn,,
banknote-bin,0,5,square2cnf,true,true,Square2Cnf,Boolean,Theorem6,Square2CnfFormI,TwoSat,,
banknote-bin,0,5,affine,true,true,Affine,Boolean,Theorem5,SingleGf2Equation,Gf2Gaussian,,
banknote-bin,0,5,smart_certified,true,true,SmartCertified,Boolean,Proposition1,PathCompatibleExactRelations,PathCertified,,
banknote-bin,0,5,cals,true,true,SmartCertified,Boolean,Proposition1,PathCompatibleExactRelations,PathCertified,,
banknote-bin,0,5,cals_compact_explain,true,true,SmartCertified,Boolean,Proposition1,PathCompatibleExactRelations,PathCertified,,
banknote-bin,0,7,unary,true,true,Unary,Boolean,UnaryBaseline,UnaryRelation,StructuralHorn,,
banknote-bin,0,7,horn,true,true,Horn,Boolean,Theorem3,StarNestedHorn,StructuralHorn,,
banknote-bin,0,7,antihorn,true,true,AntiHorn,Boolean,Theorem4,StarNestedAntiHorn,StructuralAntiHorn,,
banknote-bin,0,7,square2cnf,true,true,Square2Cnf,Boolean,Theorem6,Square2CnfFormI,TwoSat,,
banknote-bin,0,7,affine,true,true,Affine,Boolean,Theorem5,SingleGf2Equation,Gf2Gaussian,,
banknote-bin,0,7,smart_certified,true,true,SmartCertified,Boolean,Proposition1,PathCompatibleExactRelations,PathCertified,,
banknote-bin,0,7,cals,true,true,SmartCertified,Boolean,Proposition1,PathCompatibleExactRelations,PathCertified,,
banknote-bin,0,7,cals_compact_explain,true,true,SmartCertified,Boolean,Proposition1,PathCompatibleExactRelations,PathCertified,,
banknote-bin,1,5,unary,true,true,Unary,Boolean,UnaryBaseline,UnaryRelation,StructuralHorn,,
banknote-bin,1,5,horn,true,true,Horn,Boolean,Theorem3,StarNestedHorn,StructuralHorn,,
banknote-bin,1,5,antihorn,true,true,AntiHorn,Boolean,Theorem4,StarNestedAntiHorn,StructuralAntiHorn,,
banknote-bin,1,5,square2cnf,true,true,Square2Cnf,Boolean,Theorem6,Square2CnfFormI,TwoSat,,
banknote-bin,1,5,affine,true,true,Affine,Boolean,Theorem5,SingleGf2Equation,Gf2Gaussian,,
banknote-bin,1,5,smart_certified,true,true,SmartCertified,Boolean,Proposition1,PathCompatibleExactRelations,PathCertified,,
banknote-bin,1,5,cals,true,true,SmartCertified,Boolean,Proposition1,PathCompatibleExactRelations,PathCertified,,
banknote-bin,1,5,cals_compact_explain,true,true,SmartCertified,Boolean,Proposition1,PathCompatibleExactRelations,PathCertified,,
banknote-bin,1,7,unary,true,true,Unary,Boolean,UnaryBaseline,UnaryRelation,StructuralHorn,,
banknote-bin,1,7,horn,true,true,Horn,Boolean,Theorem3,StarNestedHorn,StructuralHorn,,
banknote-bin,1,7,antihorn,true,true,AntiHorn,Boolean,Theorem4,StarNestedAntiHorn,StructuralAntiHorn,,
banknote-bin,1,7,square2cnf,true,true,Square2Cnf,Boolean,Theorem6,Square2CnfFormI,TwoSat,,
banknote-bin,1,7,affine,true,true,Affine,Boolean,Theorem5,SingleGf2Equation,Gf2Gaussian,,
banknote-bin,1,7,smart_certified,true,true,SmartCertified,Boolean,Proposition1,PathCompatibleExactRelations,PathCertified,,
banknote-bin,1,7,cals,true,true,SmartCertified,Boolean,Proposition1,PathCompatibleExactRelations,PathCertified,,
banknote-bin,1,7,cals_compact_explain,true,true,SmartCertified,Boolean,Proposition1,PathCompatibleExactRelations,PathCertified,,
banknote-bin,2,5,unary,true,true,Unary,Boolean,UnaryBaseline,UnaryRelation,StructuralHorn,,
banknote-bin,2,5,horn,true,true,Horn,Boolean,Theorem3,StarNestedHorn,StructuralHorn,,
banknote-bin,2,5,antihorn,true,true,AntiHorn,Boolean,Theorem4,StarNestedAntiHorn,StructuralAntiHorn,,
banknote-bin,2,5,square2cnf,true,true,Square2Cnf,Boolean,Theorem6,Square2CnfFormI,TwoSat,,
banknote-bin,2,5,affine,true,true,Affine,Boolean,Theorem5,SingleGf2Equation,Gf2Gaussian,,
banknote-bin,2,5,smart_certified,true,true,SmartCertified,Boolean,Proposition1,PathCompatibleExactRelations,PathCertified,,
banknote-bin,2,5,cals,true,true,SmartCertified,Boolean,Proposition1,PathCompatibleExactRelations,PathCertified,,
banknote-bin,2,5,cals_compact_explain,true,true,SmartCertified,Boolean,Proposition1,PathCompatibleExactRelations,PathCertified,,
banknote-bin,2,7,unary,true,true,Unary,Boolean,UnaryBaseline,UnaryRelation,StructuralHorn,,
banknote-bin,2,7,horn,true,true,Horn,Boolean,Theorem3,StarNestedHorn,StructuralHorn,,
banknote-bin,2,7,antihorn,true,true,AntiHorn,Boolean,Theorem4,StarNestedAntiHorn,StructuralAntiHorn,,
banknote-bin,2,7,square2cnf,true,true,Square2Cnf,Boolean,Theorem6,Square2CnfFormI,TwoSat,,
banknote-bin,2,7,affine,true,true,Affine,Boolean,Theorem5,SingleGf2Equation,Gf2Gaussian,,
banknote-bin,2,7,smart_certified,true,true,SmartCertified,Boolean,Proposition1,PathCompatibleExactRelations,PathCertified,,
banknote-bin,2,7,cals,true,true,SmartCertified,Boolean,Proposition1,PathCompatibleExactRelations,PathCertified,,
banknote-bin,2,7,cals_compact_explain,true,true,SmartCertified,Boolean,Proposition1,PathCompatibleExactRelations,PathCertified,,
banknote-bin,3,5,unary,true,true,Unary,Boolean,UnaryBaseline,UnaryRelation,StructuralHorn,,
banknote-bin,3,5,horn,true,true,Horn,Boolean,Theorem3,StarNestedHorn,StructuralHorn,,
banknote-bin,3,5,antihorn,true,true,AntiHorn,Boolean,Theorem4,StarNestedAntiHorn,StructuralAntiHorn,,
banknote-bin,3,5,square2cnf,true,true,Square2Cnf,Boolean,Theorem6,Square2CnfFormI,TwoSat,,
banknote-bin,3,5,affine,true,true,Affine,Boolean,Theorem5,SingleGf2Equation,Gf2Gaussian,,
banknote-bin,3,5,smart_certified,true,true,SmartCertified,Boolean,Proposition1,PathCompatibleExactRelations,PathCertified,,
banknote-bin,3,5,cals,true,true,SmartCertified,Boolean,Proposition1,PathCompatibleExactRelations,PathCertified,,
banknote-bin,3,5,cals_compact_explain,true,true,SmartCertified,Boolean,Proposition1,PathCompatibleExactRelations,PathCertified,,
banknote-bin,3,7,unary,true,true,Unary,Boolean,UnaryBaseline,UnaryRelation,StructuralHorn,,
banknote-bin,3,7,horn,true,true,Horn,Boolean,Theorem3,StarNestedHorn,StructuralHorn,,
banknote-bin,3,7,antihorn,true,true,AntiHorn,Boolean,Theorem4,StarNestedAntiHorn,StructuralAntiHorn,,
banknote-bin,3,7,square2cnf,true,true,Square2Cnf,Boolean,Theorem6,Square2CnfFormI,TwoSat,,
banknote-bin,3,7,affine,true,true,Affine,Boolean,Theorem5,SingleGf2Equation,Gf2Gaussian,,
banknote-bin,3,7,smart_certified,true,true,SmartCertified,Boolean,Proposition1,PathCompatibleExactRelations,PathCertified,,
banknote-bin,3,7,cals,true,true,SmartCertified,Boolean,Proposition1,PathCompatibleExactRelations,PathCertified,,
banknote-bin,3,7,cals_compact_explain,true,true,SmartCertified,Boolean,Proposition1,PathCompatibleExactRelations,PathCertified,,
banknote-bin,4,5,unary,true,true,Unary,Boolean,UnaryBaseline,UnaryRelation,StructuralHorn,,
banknote-bin,4,5,horn,true,true,Horn,Boolean,Theorem3,StarNestedHorn,StructuralHorn,,
banknote-bin,4,5,antihorn,true,true,AntiHorn,Boolean,Theorem4,StarNestedAntiHorn,StructuralAntiHorn,,
banknote-bin,4,5,square2cnf,true,true,Square2Cnf,Boolean,Theorem6,Square2CnfFormI,TwoSat,,
banknote-bin,4,5,affine,true,true,Affine,Boolean,Theorem5,SingleGf2Equation,Gf2Gaussian,,
banknote-bin,4,5,smart_certified,true,true,SmartCertified,Boolean,Proposition1,PathCompatibleExactRelations,PathCertified,,
banknote-bin,4,5,cals,true,true,SmartCertified,Boolean,Proposition1,PathCompatibleExactRelations,PathCertified,,
banknote-bin,4,5,cals_compact_explain,true,true,SmartCertified,Boolean,Proposition1,PathCompatibleExactRelations,PathCertified,,
banknote-bin,4,7,unary,true,true,Unary,Boolean,UnaryBaseline,UnaryRelation,StructuralHorn,,
banknote-bin,4,7,horn,true,true,Horn,Boolean,Theorem3,StarNestedHorn,StructuralHorn,,
banknote-bin,4,7,antihorn,true,true,AntiHorn,Boolean,Theorem4,StarNestedAntiHorn,StructuralAntiHorn,,
banknote-bin,4,7,square2cnf,true,true,Square2Cnf,Boolean,Theorem6,Square2CnfFormI,TwoSat,,
banknote-bin,4,7,affine,true,true,Affine,Boolean,Theorem5,SingleGf2Equation,Gf2Gaussian,,
banknote-bin,4,7,smart_certified,true,true,SmartCertified,Boolean,Proposition1,PathCompatibleExactRelations,PathCertified,,
banknote-bin,4,7,cals,true,true,SmartCertified,Boolean,Proposition1,PathCompatibleExactRelations,PathCertified,,
banknote-bin,4,7,cals_compact_explain,true,true,SmartCertified,Boolean,Proposition1,PathCompatibleExactRelations,PathCertified,,
banknote-bin,5,5,unary,true,true,Unary,Boolean,UnaryBaseline,UnaryRelation,StructuralHorn,,
banknote-bin,5,5,horn,true,true,Horn,Boolean,Theorem3,StarNestedHorn,StructuralHorn,,
banknote-bin,5,5,antihorn,true,true,AntiHorn,Boolean,Theorem4,StarNestedAntiHorn,StructuralAntiHorn,,
banknote-bin,5,5,square2cnf,true,true,Square2Cnf,Boolean,Theorem6,Square2CnfFormI,TwoSat,,
banknote-bin,5,5,affine,true,true,Affine,Boolean,Theorem5,SingleGf2Equation,Gf2Gaussian,,
banknote-bin,5,5,smart_certified,true,true,SmartCertified,Boolean,Proposition1,PathCompatibleExactRelations,PathCertified,,
banknote-bin,5,5,cals,true,true,SmartCertified,Boolean,Proposition1,PathCompatibleExactRelations,PathCertified,,
banknote-bin,5,5,cals_compact_explain,true,true,SmartCertified,Boolean,Proposition1,PathCompatibleExactRelations,PathCertified,,
banknote-bin,5,7,unary,true,true,Unary,Boolean,UnaryBaseline,UnaryRelation,StructuralHorn,,
banknote-bin,5,7,horn,true,true,Horn,Boolean,Theorem3,StarNestedHorn,StructuralHorn,,
banknote-bin,5,7,antihorn,true,true,AntiHorn,Boolean,Theorem4,StarNestedAntiHorn,StructuralAntiHorn,,
banknote-bin,5,7,square2cnf,true,true,Square2Cnf,Boolean,Theorem6,Square2CnfFormI,TwoSat,,
banknote-bin,5,7,affine,true,true,Affine,Boolean,Theorem5,SingleGf2Equation,Gf2Gaussian,,
banknote-bin,5,7,smart_certified,true,true,SmartCertified,Boolean,Proposition1,PathCompatibleExactRelations,PathCertified,,
banknote-bin,5,7,cals,true,true,SmartCertified,Boolean,Proposition1,PathCompatibleExactRelations,PathCertified,,
banknote-bin,5,7,cals_compact_explain,true,true,SmartCertified,Boolean,Proposition1,PathCompatibleExactRelations,PathCertified,,
banknote-bin,6,5,unary,true,true,Unary,Boolean,UnaryBaseline,UnaryRelation,StructuralHorn,,
banknote-bin,6,5,horn,true,true,Horn,Boolean,Theorem3,StarNestedHorn,StructuralHorn,,
banknote-bin,6,5,antihorn,true,true,AntiHorn,Boolean,Theorem4,StarNestedAntiHorn,StructuralAntiHorn,,
banknote-bin,6,5,square2cnf,true,true,Square2Cnf,Boolean,Theorem6,Square2CnfFormI,TwoSat,,
banknote-bin,6,5,affine,true,true,Affine,Boolean,Theorem5,SingleGf2Equation,Gf2Gaussian,,
banknote-bin,6,5,smart_certified,true,true,SmartCertified,Boolean,Proposition1,PathCompatibleExactRelations,PathCertified,,
banknote-bin,6,5,cals,true,true,SmartCertified,Boolean,Proposition1,PathCompatibleExactRelations,PathCertified,,
banknote-bin,6,5,cals_compact_explain,true,true,SmartCertified,Boolean,Proposition1,PathCompatibleExactRelations,PathCertified,,
banknote-bin,6,7,unary,true,true,Unary,Boolean,UnaryBaseline,UnaryRelation,StructuralHorn,,
banknote-bin,6,7,horn,true,true,Horn,Boolean,Theorem3,StarNestedHorn,StructuralHorn,,
banknote-bin,6,7,antihorn,true,true,AntiHorn,Boolean,Theorem4,StarNestedAntiHorn,StructuralAntiHorn,,
banknote-bin,6,7,square2cnf,true,true,Square2Cnf,Boolean,Theorem6,Square2CnfFormI,TwoSat,,
banknote-bin,6,7,affine,true,true,Affine,Boolean,Theorem5,SingleGf2Equation,Gf2Gaussian,,
banknote-bin,6,7,smart_certified,true,true,SmartCertified,Boolean,Proposition1,PathCompatibleExactRelations,PathCertified,,
banknote-bin,6,7,cals,true,true,SmartCertified,Boolean,Proposition1,PathCompatibleExactRelations,PathCertified,,
banknote-bin,6,7,cals_compact_explain,true,true,SmartCertified,Boolean,Proposition1,PathCompatibleExactRelations,PathCertified,,
banknote-bin,7,5,unary,true,true,Unary,Boolean,UnaryBaseline,UnaryRelation,StructuralHorn,,
banknote-bin,7,5,horn,true,true,Horn,Boolean,Theorem3,StarNestedHorn,StructuralHorn,,
banknote-bin,7,5,antihorn,true,true,AntiHorn,Boolean,Theorem4,StarNestedAntiHorn,StructuralAntiHorn,,
banknote-bin,7,5,square2cnf,true,true,Square2Cnf,Boolean,Theorem6,Square2CnfFormI,TwoSat,,
banknote-bin,7,5,affine,true,true,Affine,Boolean,Theorem5,SingleGf2Equation,Gf2Gaussian,,
banknote-bin,7,5,smart_certified,true,true,SmartCertified,Boolean,Proposition1,PathCompatibleExactRelations,PathCertified,,
banknote-bin,7,5,cals,true,true,SmartCertified,Boolean,Proposition1,PathCompatibleExactRelations,PathCertified,,
banknote-bin,7,5,cals_compact_explain,true,true,SmartCertified,Boolean,Proposition1,PathCompatibleExactRelations,PathCertified,,
banknote-bin,7,7,unary,true,true,Unary,Boolean,UnaryBaseline,UnaryRelation,StructuralHorn,,
banknote-bin,7,7,horn,true,true,Horn,Boolean,Theorem3,StarNestedHorn,StructuralHorn,,
banknote-bin,7,7,antihorn,true,true,AntiHorn,Boolean,Theorem4,StarNestedAntiHorn,StructuralAntiHorn,,
banknote-bin,7,7,square2cnf,true,true,Square2Cnf,Boolean,Theorem6,Square2CnfFormI,TwoSat,,
banknote-bin,7,7,affine,true,true,Affine,Boolean,Theorem5,SingleGf2Equation,Gf2Gaussian,,
banknote-bin,7,7,smart_certified,true,true,SmartCertified,Boolean,Proposition1,PathCompatibleExactRelations,PathCertified,,
banknote-bin,7,7,cals,true,true,SmartCertified,Boolean,Proposition1,PathCompatibleExactRelations,PathCertified,,
banknote-bin,7,7,cals_compact_explain,true,true,SmartCertified,Boolean,Proposition1,PathCompatibleExactRelations,PathCertified,,
banknote-bin,8,5,unary,true,true,Unary,Boolean,UnaryBaseline,UnaryRelation,StructuralHorn,,
banknote-bin,8,5,horn,true,true,Horn,Boolean,Theorem3,StarNestedHorn,StructuralHorn,,
banknote-bin,8,5,antihorn,true,true,AntiHorn,Boolean,Theorem4,StarNestedAntiHorn,StructuralAntiHorn,,
banknote-bin,8,5,square2cnf,true,true,Square2Cnf,Boolean,Theorem6,Square2CnfFormI,TwoSat,,
banknote-bin,8,5,affine,true,true,Affine,Boolean,Theorem5,SingleGf2Equation,Gf2Gaussian,,
banknote-bin,8,5,smart_certified,true,true,SmartCertified,Boolean,Proposition1,PathCompatibleExactRelations,PathCertified,,
banknote-bin,8,5,cals,true,true,SmartCertified,Boolean,Proposition1,PathCompatibleExactRelations,PathCertified,,
banknote-bin,8,5,cals_compact_explain,true,true,SmartCertified,Boolean,Proposition1,PathCompatibleExactRelations,PathCertified,,
banknote-bin,8,7,unary,true,true,Unary,Boolean,UnaryBaseline,UnaryRelation,StructuralHorn,,
banknote-bin,8,7,horn,true,true,Horn,Boolean,Theorem3,StarNestedHorn,StructuralHorn,,
banknote-bin,8,7,antihorn,true,true,AntiHorn,Boolean,Theorem4,StarNestedAntiHorn,StructuralAntiHorn,,
banknote-bin,8,7,square2cnf,true,true,Square2Cnf,Boolean,Theorem6,Square2CnfFormI,TwoSat,,
banknote-bin,8,7,affine,true,true,Affine,Boolean,Theorem5,SingleGf2Equation,Gf2Gaussian,,
banknote-bin,8,7,smart_certified,true,true,SmartCertified,Boolean,Proposition1,PathCompatibleExactRelations,PathCertified,,
banknote-bin,8,7,cals,true,true,SmartCertified,Boolean,Proposition1,PathCompatibleExactRelations,PathCertified,,
banknote-bin,8,7,cals_compact_explain,true,true,SmartCertified,Boolean,Proposition1,PathCompatibleExactRelations,PathCertified,,
banknote-bin,9,5,unary,true,true,Unary,Boolean,UnaryBaseline,UnaryRelation,StructuralHorn,,
banknote-bin,9,5,horn,true,true,Horn,Boolean,Theorem3,StarNestedHorn,StructuralHorn,,
banknote-bin,9,5,antihorn,true,true,AntiHorn,Boolean,Theorem4,StarNestedAntiHorn,StructuralAntiHorn,,
banknote-bin,9,5,square2cnf,true,true,Square2Cnf,Boolean,Theorem6,Square2CnfFormI,TwoSat,,
banknote-bin,9,5,affine,true,true,Affine,Boolean,Theorem5,SingleGf2Equation,Gf2Gaussian,,
banknote-bin,9,5,smart_certified,true,true,SmartCertified,Boolean,Proposition1,PathCompatibleExactRelations,PathCertified,,
banknote-bin,9,5,cals,true,true,SmartCertified,Boolean,Proposition1,PathCompatibleExactRelations,PathCertified,,
banknote-bin,9,5,cals_compact_explain,true,true,SmartCertified,Boolean,Proposition1,PathCompatibleExactRelations,PathCertified,,
banknote-bin,9,7,unary,true,true,Unary,Boolean,UnaryBaseline,UnaryRelation,StructuralHorn,,
banknote-bin,9,7,horn,true,true,Horn,Boolean,Theorem3,StarNestedHorn,StructuralHorn,,
banknote-bin,9,7,antihorn,true,true,AntiHorn,Boolean,Theorem4,StarNestedAntiHorn,StructuralAntiHorn,,
banknote-bin,9,7,square2cnf,true,true,Square2Cnf,Boolean,Theorem6,Square2CnfFormI,TwoSat,,
banknote-bin,9,7,affine,true,true,Affine,Boolean,Theorem5,SingleGf2Equation,Gf2Gaussian,,
banknote-bin,9,7,smart_certified,true,true,SmartCertified,Boolean,Proposition1,PathCompatibleExactRelations,PathCertified,,
banknote-bin,9,7,cals,true,true,SmartCertified,Boolean,Proposition1,PathCompatibleExactRelations,PathCertified,,
banknote-bin,9,7,cals_compact_explain,true,true,SmartCertified,Boolean,Proposition1,PathCompatibleExactRelations,PathCertified,,
biodeg-bin,0,5,unary,true,true,Unary,Boolean,UnaryBaseline,UnaryRelation,StructuralHorn,,
biodeg-bin,0,5,horn,true,true,Horn,Boolean,Theorem3,StarNestedHorn,StructuralHorn,,
biodeg-bin,0,5,antihorn,true,true,AntiHorn,Boolean,Theorem4,StarNestedAntiHorn,StructuralAntiHorn,,
biodeg-bin,0,5,square2cnf,true,true,Square2Cnf,Boolean,Theorem6,Square2CnfFormI,TwoSat,,
biodeg-bin,0,5,affine,true,true,Affine,Boolean,Theorem5,SingleGf2Equation,Gf2Gaussian,,
biodeg-bin,0,5,smart_certified,true,true,SmartCertified,Boolean,Proposition1,PathCompatibleExactRelations,PathCertified,,
biodeg-bin,0,5,cals,true,true,SmartCertified,Boolean,Proposition1,PathCompatibleExactRelations,PathCertified,,
biodeg-bin,0,5,cals_compact_explain,true,true,SmartCertified,Boolean,Proposition1,PathCompatibleExactRelations,PathCertified,,
biodeg-bin,0,7,unary,true,true,Unary,Boolean,UnaryBaseline,UnaryRelation,StructuralHorn,,
biodeg-bin,0,7,horn,true,true,Horn,Boolean,Theorem3,StarNestedHorn,StructuralHorn,,
biodeg-bin,0,7,antihorn,true,true,AntiHorn,Boolean,Theorem4,StarNestedAntiHorn,StructuralAntiHorn,,
biodeg-bin,0,7,square2cnf,true,true,Square2Cnf,Boolean,Theorem6,Square2CnfFormI,TwoSat,,
biodeg-bin,0,7,affine,true,true,Affine,Boolean,Theorem5,SingleGf2Equation,Gf2Gaussian,,
biodeg-bin,0,7,smart_certified,true,true,SmartCertified,Boolean,Proposition1,PathCompatibleExactRelations,PathCertified,,
biodeg-bin,0,7,cals,true,true,SmartCertified,Boolean,Proposition1,PathCompatibleExactRelations,PathCertified,,
biodeg-bin,0,7,cals_compact_explain,true,true,SmartCertified,Boolean,Proposition1,PathCompatibleExactRelations,PathCertified,,
biodeg-bin,1,5,unary,true,true,Unary,Boolean,UnaryBaseline,UnaryRelation,StructuralHorn,,
biodeg-bin,1,5,horn,true,true,Horn,Boolean,Theorem3,StarNestedHorn,StructuralHorn,,
biodeg-bin,1,5,antihorn,true,true,AntiHorn,Boolean,Theorem4,StarNestedAntiHorn,StructuralAntiHorn,,
biodeg-bin,1,5,square2cnf,true,true,Square2Cnf,Boolean,Theorem6,Square2CnfFormI,TwoSat,,
biodeg-bin,1,5,affine,true,true,Affine,Boolean,Theorem5,SingleGf2Equation,Gf2Gaussian,,
biodeg-bin,1,5,smart_certified,true,true,SmartCertified,Boolean,Proposition1,PathCompatibleExactRelations,PathCertified,,
biodeg-bin,1,5,cals,true,true,SmartCertified,Boolean,Proposition1,PathCompatibleExactRelations,PathCertified,,
biodeg-bin,1,5,cals_compact_explain,true,true,SmartCertified,Boolean,Proposition1,PathCompatibleExactRelations,PathCertified,,
biodeg-bin,1,7,unary,true,true,Unary,Boolean,UnaryBaseline,UnaryRelation,StructuralHorn,,
biodeg-bin,1,7,horn,true,true,Horn,Boolean,Theorem3,StarNestedHorn,StructuralHorn,,
biodeg-bin,1,7,antihorn,true,true,AntiHorn,Boolean,Theorem4,StarNestedAntiHorn,StructuralAntiHorn,,
biodeg-bin,1,7,square2cnf,true,true,Square2Cnf,Boolean,Theorem6,Square2CnfFormI,TwoSat,,
biodeg-bin,1,7,affine,true,true,Affine,Boolean,Theorem5,SingleGf2Equation,Gf2Gaussian,,
biodeg-bin,1,7,smart_certified,true,true,SmartCertified,Boolean,Proposition1,PathCompatibleExactRelations,PathCertified,,
biodeg-bin,1,7,cals,true,true,SmartCertified,Boolean,Proposition1,PathCompatibleExactRelations,PathCertified,,
biodeg-bin,1,7,cals_compact_explain,true,true,SmartCertified,Boolean,Proposition1,PathCompatibleExactRelations,PathCertified,,
biodeg-bin,2,5,unary,true,true,Unary,Boolean,UnaryBaseline,UnaryRelation,StructuralHorn,,
biodeg-bin,2,5,horn,true,true,Horn,Boolean,Theorem3,StarNestedHorn,StructuralHorn,,
biodeg-bin,2,5,antihorn,true,true,AntiHorn,Boolean,Theorem4,StarNestedAntiHorn,StructuralAntiHorn,,
biodeg-bin,2,5,square2cnf,true,true,Square2Cnf,Boolean,Theorem6,Square2CnfFormI,TwoSat,,
biodeg-bin,2,5,affine,true,true,Affine,Boolean,Theorem5,SingleGf2Equation,Gf2Gaussian,,
biodeg-bin,2,5,smart_certified,true,true,SmartCertified,Boolean,Proposition1,PathCompatibleExactRelations,PathCertified,,
biodeg-bin,2,5,cals,true,true,SmartCertified,Boolean,Proposition1,PathCompatibleExactRelations,PathCertified,,
biodeg-bin,2,5,cals_compact_explain,true,true,SmartCertified,Boolean,Proposition1,PathCompatibleExactRelations,PathCertified,,
biodeg-bin,2,7,unary,true,true,Unary,Boolean,UnaryBaseline,UnaryRelation,StructuralHorn,,
biodeg-bin,2,7,horn,true,true,Horn,Boolean,Theorem3,StarNestedHorn,StructuralHorn,,
biodeg-bin,2,7,antihorn,true,true,AntiHorn,Boolean,Theorem4,StarNestedAntiHorn,StructuralAntiHorn,,
biodeg-bin,2,7,square2cnf,true,true,Square2Cnf,Boolean,Theorem6,Square2CnfFormI,TwoSat,,
biodeg-bin,2,7,affine,true,true,Affine,Boolean,Theorem5,SingleGf2Equation,Gf2Gaussian,,
biodeg-bin,2,7,smart_certified,true,true,SmartCertified,Boolean,Proposition1,PathCompatibleExactRelations,PathCertified,,
biodeg-bin,2,7,cals,true,true,SmartCertified,Boolean,Proposition1,PathCompatibleExactRelations,PathCertified,,
biodeg-bin,2,7,cals_compact_explain,true,true,SmartCertified,Boolean,Proposition1,PathCompatibleExactRelations,PathCertified,,
biodeg-bin,3,5,unary,true,true,Unary,Boolean,UnaryBaseline,UnaryRelation,StructuralHorn,,
biodeg-bin,3,5,horn,true,true,Horn,Boolean,Theorem3,StarNestedHorn,StructuralHorn,,
biodeg-bin,3,5,antihorn,true,true,AntiHorn,Boolean,Theorem4,StarNestedAntiHorn,StructuralAntiHorn,,
biodeg-bin,3,5,square2cnf,true,true,Square2Cnf,Boolean,Theorem6,Square2CnfFormI,TwoSat,,
biodeg-bin,3,5,affine,true,true,Affine,Boolean,Theorem5,SingleGf2Equation,Gf2Gaussian,,
biodeg-bin,3,5,smart_certified,true,true,SmartCertified,Boolean,Proposition1,PathCompatibleExactRelations,PathCertified,,
biodeg-bin,3,5,cals,true,true,SmartCertified,Boolean,Proposition1,PathCompatibleExactRelations,PathCertified,,
biodeg-bin,3,5,cals_compact_explain,true,true,SmartCertified,Boolean,Proposition1,PathCompatibleExactRelations,PathCertified,,
biodeg-bin,3,7,unary,true,true,Unary,Boolean,UnaryBaseline,UnaryRelation,StructuralHorn,,
biodeg-bin,3,7,horn,true,true,Horn,Boolean,Theorem3,StarNestedHorn,StructuralHorn,,
biodeg-bin,3,7,antihorn,true,true,AntiHorn,Boolean,Theorem4,StarNestedAntiHorn,StructuralAntiHorn,,
biodeg-bin,3,7,square2cnf,true,true,Square2Cnf,Boolean,Theorem6,Square2CnfFormI,TwoSat,,
biodeg-bin,3,7,affine,true,true,Affine,Boolean,Theorem5,SingleGf2Equation,Gf2Gaussian,,
biodeg-bin,3,7,smart_certified,true,true,SmartCertified,Boolean,Proposition1,PathCompatibleExactRelations,PathCertified,,
biodeg-bin,3,7,cals,true,true,SmartCertified,Boolean,Proposition1,PathCompatibleExactRelations,PathCertified,,
biodeg-bin,3,7,cals_compact_explain,true,true,SmartCertified,Boolean,Proposition1,PathCompatibleExactRelations,PathCertified,,
biodeg-bin,4,5,unary,true,true,Unary,Boolean,UnaryBaseline,UnaryRelation,StructuralHorn,,
biodeg-bin,4,5,horn,true,true,Horn,Boolean,Theorem3,StarNestedHorn,StructuralHorn,,
biodeg-bin,4,5,antihorn,true,true,AntiHorn,Boolean,Theorem4,StarNestedAntiHorn,StructuralAntiHorn,,
biodeg-bin,4,5,square2cnf,true,true,Square2Cnf,Boolean,Theorem6,Square2CnfFormI,TwoSat,,
biodeg-bin,4,5,affine,true,true,Affine,Boolean,Theorem5,SingleGf2Equation,Gf2Gaussian,,
biodeg-bin,4,5,smart_certified,true,true,SmartCertified,Boolean,Proposition1,PathCompatibleExactRelations,PathCertified,,
biodeg-bin,4,5,cals,true,true,SmartCertified,Boolean,Proposition1,PathCompatibleExactRelations,PathCertified,,
biodeg-bin,4,5,cals_compact_explain,true,true,SmartCertified,Boolean,Proposition1,PathCompatibleExactRelations,PathCertified,,
biodeg-bin,4,7,unary,true,true,Unary,Boolean,UnaryBaseline,UnaryRelation,StructuralHorn,,
biodeg-bin,4,7,horn,true,true,Horn,Boolean,Theorem3,StarNestedHorn,StructuralHorn,,
biodeg-bin,4,7,antihorn,true,true,AntiHorn,Boolean,Theorem4,StarNestedAntiHorn,StructuralAntiHorn,,
biodeg-bin,4,7,square2cnf,true,true,Square2Cnf,Boolean,Theorem6,Square2CnfFormI,TwoSat,,
biodeg-bin,4,7,affine,true,true,Affine,Boolean,Theorem5,SingleGf2Equation,Gf2Gaussian,,
biodeg-bin,4,7,smart_certified,true,true,SmartCertified,Boolean,Proposition1,PathCompatibleExactRelations,PathCertified,,
biodeg-bin,4,7,cals,true,true,SmartCertified,Boolean,Proposition1,PathCompatibleExactRelations,PathCertified,,
biodeg-bin,4,7,cals_compact_explain,true,true,SmartCertified,Boolean,Proposition1,PathCompatibleExactRelations,PathCertified,,
biodeg-bin,5,5,unary,true,true,Unary,Boolean,UnaryBaseline,UnaryRelation,StructuralHorn,,
biodeg-bin,5,5,horn,true,true,Horn,Boolean,Theorem3,StarNestedHorn,StructuralHorn,,
biodeg-bin,5,5,antihorn,true,true,AntiHorn,Boolean,Theorem4,StarNestedAntiHorn,StructuralAntiHorn,,
biodeg-bin,5,5,square2cnf,true,true,Square2Cnf,Boolean,Theorem6,Square2CnfFormI,TwoSat,,
biodeg-bin,5,5,affine,true,true,Affine,Boolean,Theorem5,SingleGf2Equation,Gf2Gaussian,,
biodeg-bin,5,5,smart_certified,true,true,SmartCertified,Boolean,Proposition1,PathCompatibleExactRelations,PathCertified,,
biodeg-bin,5,5,cals,true,true,SmartCertified,Boolean,Proposition1,PathCompatibleExactRelations,PathCertified,,
biodeg-bin,5,5,cals_compact_explain,true,true,SmartCertified,Boolean,Proposition1,PathCompatibleExactRelations,PathCertified,,
biodeg-bin,5,7,unary,true,true,Unary,Boolean,UnaryBaseline,UnaryRelation,StructuralHorn,,
biodeg-bin,5,7,horn,true,true,Horn,Boolean,Theorem3,StarNestedHorn,StructuralHorn,,
biodeg-bin,5,7,antihorn,true,true,AntiHorn,Boolean,Theorem4,StarNestedAntiHorn,StructuralAntiHorn,,
biodeg-bin,5,7,square2cnf,true,true,Square2Cnf,Boolean,Theorem6,Square2CnfFormI,TwoSat,,
biodeg-bin,5,7,affine,true,true,Affine,Boolean,Theorem5,SingleGf2Equation,Gf2Gaussian,,
biodeg-bin,5,7,smart_certified,true,true,SmartCertified,Boolean,Proposition1,PathCompatibleExactRelations,PathCertified,,
biodeg-bin,5,7,cals,true,true,SmartCertified,Boolean,Proposition1,PathCompatibleExactRelations,PathCertified,,
biodeg-bin,5,7,cals_compact_explain,true,true,SmartCertified,Boolean,Proposition1,PathCompatibleExactRelations,PathCertified,,
biodeg-bin,6,5,unary,true,true,Unary,Boolean,UnaryBaseline,UnaryRelation,StructuralHorn,,
biodeg-bin,6,5,horn,true,true,Horn,Boolean,Theorem3,StarNestedHorn,StructuralHorn,,
biodeg-bin,6,5,antihorn,true,true,AntiHorn,Boolean,Theorem4,StarNestedAntiHorn,StructuralAntiHorn,,
biodeg-bin,6,5,square2cnf,true,true,Square2Cnf,Boolean,Theorem6,Square2CnfFormI,TwoSat,,
biodeg-bin,6,5,affine,true,true,Affine,Boolean,Theorem5,SingleGf2Equation,Gf2Gaussian,,
biodeg-bin,6,5,smart_certified,true,true,SmartCertified,Boolean,Proposition1,PathCompatibleExactRelations,PathCertified,,
biodeg-bin,6,5,cals,true,true,SmartCertified,Boolean,Proposition1,PathCompatibleExactRelations,PathCertified,,
biodeg-bin,6,5,cals_compact_explain,true,true,SmartCertified,Boolean,Proposition1,PathCompatibleExactRelations,PathCertified,,
biodeg-bin,6,7,unary,true,true,Unary,Boolean,UnaryBaseline,UnaryRelation,StructuralHorn,,
biodeg-bin,6,7,horn,true,true,Horn,Boolean,Theorem3,StarNestedHorn,StructuralHorn,,
biodeg-bin,6,7,antihorn,true,true,AntiHorn,Boolean,Theorem4,StarNestedAntiHorn,StructuralAntiHorn,,
biodeg-bin,6,7,square2cnf,true,true,Square2Cnf,Boolean,Theorem6,Square2CnfFormI,TwoSat,,
biodeg-bin,6,7,affine,true,true,Affine,Boolean,Theorem5,SingleGf2Equation,Gf2Gaussian,,
biodeg-bin,6,7,smart_certified,true,true,SmartCertified,Boolean,Proposition1,PathCompatibleExactRelations,PathCertified,,
biodeg-bin,6,7,cals,true,true,SmartCertified,Boolean,Proposition1,PathCompatibleExactRelations,PathCertified,,
biodeg-bin,6,7,cals_compact_explain,true,true,SmartCertified,Boolean,Proposition1,PathCompatibleExactRelations,PathCertified,,
biodeg-bin,7,5,unary,true,true,Unary,Boolean,UnaryBaseline,UnaryRelation,StructuralHorn,,
biodeg-bin,7,5,horn,true,true,Horn,Boolean,Theorem3,StarNestedHorn,StructuralHorn,,
biodeg-bin,7,5,antihorn,true,true,AntiHorn,Boolean,Theorem4,StarNestedAntiHorn,StructuralAntiHorn,,
biodeg-bin,7,5,square2cnf,true,true,Square2Cnf,Boolean,Theorem6,Square2CnfFormI,TwoSat,,
biodeg-bin,7,5,affine,true,true,Affine,Boolean,Theorem5,SingleGf2Equation,Gf2Gaussian,,
biodeg-bin,7,5,smart_certified,true,true,SmartCertified,Boolean,Proposition1,PathCompatibleExactRelations,PathCertified,,
biodeg-bin,7,5,cals,true,true,SmartCertified,Boolean,Proposition1,PathCompatibleExactRelations,PathCertified,,
biodeg-bin,7,5,cals_compact_explain,true,true,SmartCertified,Boolean,Proposition1,PathCompatibleExactRelations,PathCertified,,
biodeg-bin,7,7,unary,true,true,Unary,Boolean,UnaryBaseline,UnaryRelation,StructuralHorn,,
biodeg-bin,7,7,horn,true,true,Horn,Boolean,Theorem3,StarNestedHorn,StructuralHorn,,
biodeg-bin,7,7,antihorn,true,true,AntiHorn,Boolean,Theorem4,StarNestedAntiHorn,StructuralAntiHorn,,
biodeg-bin,7,7,square2cnf,true,true,Square2Cnf,Boolean,Theorem6,Square2CnfFormI,TwoSat,,
biodeg-bin,7,7,affine,true,true,Affine,Boolean,Theorem5,SingleGf2Equation,Gf2Gaussian,,
biodeg-bin,7,7,smart_certified,true,true,SmartCertified,Boolean,Proposition1,PathCompatibleExactRelations,PathCertified,,
biodeg-bin,7,7,cals,true,true,SmartCertified,Boolean,Proposition1,PathCompatibleExactRelations,PathCertified,,
biodeg-bin,7,7,cals_compact_explain,true,true,SmartCertified,Boolean,Proposition1,PathCompatibleExactRelations,PathCertified,,
biodeg-bin,8,5,unary,true,true,Unary,Boolean,UnaryBaseline,UnaryRelation,StructuralHorn,,
biodeg-bin,8,5,horn,true,true,Horn,Boolean,Theorem3,StarNestedHorn,StructuralHorn,,
biodeg-bin,8,5,antihorn,true,true,AntiHorn,Boolean,Theorem4,StarNestedAntiHorn,StructuralAntiHorn,,
biodeg-bin,8,5,square2cnf,true,true,Square2Cnf,Boolean,Theorem6,Square2CnfFormI,TwoSat,,
biodeg-bin,8,5,affine,true,true,Affine,Boolean,Theorem5,SingleGf2Equation,Gf2Gaussian,,
biodeg-bin,8,5,smart_certified,true,true,SmartCertified,Boolean,Proposition1,PathCompatibleExactRelations,PathCertified,,
biodeg-bin,8,5,cals,true,true,SmartCertified,Boolean,Proposition1,PathCompatibleExactRelations,PathCertified,,
biodeg-bin,8,5,cals_compact_explain,true,true,SmartCertified,Boolean,Proposition1,PathCompatibleExactRelations,PathCertified,,
biodeg-bin,8,7,unary,true,true,Unary,Boolean,UnaryBaseline,UnaryRelation,StructuralHorn,,
biodeg-bin,8,7,horn,true,true,Horn,Boolean,Theorem3,StarNestedHorn,StructuralHorn,,
biodeg-bin,8,7,antihorn,true,true,AntiHorn,Boolean,Theorem4,StarNestedAntiHorn,StructuralAntiHorn,,
biodeg-bin,8,7,square2cnf,true,true,Square2Cnf,Boolean,Theorem6,Square2CnfFormI,TwoSat,,
biodeg-bin,8,7,affine,true,true,Affine,Boolean,Theorem5,SingleGf2Equation,Gf2Gaussian,,
biodeg-bin,8,7,smart_certified,true,true,SmartCertified,Boolean,Proposition1,PathCompatibleExactRelations,PathCertified,,
biodeg-bin,8,7,cals,true,true,SmartCertified,Boolean,Proposition1,PathCompatibleExactRelations,PathCertified,,
biodeg-bin,8,7,cals_compact_explain,true,true,SmartCertified,Boolean,Proposition1,PathCompatibleExactRelations,PathCertified,,
biodeg-bin,9,5,unary,true,true,Unary,Boolean,UnaryBaseline,UnaryRelation,StructuralHorn,,
biodeg-bin,9,5,horn,true,true,Horn,Boolean,Theorem3,StarNestedHorn,StructuralHorn,,
biodeg-bin,9,5,antihorn,true,true,AntiHorn,Boolean,Theorem4,StarNestedAntiHorn,StructuralAntiHorn,,
biodeg-bin,9,5,square2cnf,true,true,Square2Cnf,Boolean,Theorem6,Square2CnfFormI,TwoSat,,
biodeg-bin,9,5,affine,true,true,Affine,Boolean,Theorem5,SingleGf2Equation,Gf2Gaussian,,
biodeg-bin,9,5,smart_certified,true,true,SmartCertified,Boolean,Proposition1,PathCompatibleExactRelations,PathCertified,,
biodeg-bin,9,5,cals,true,true,SmartCertified,Boolean,Proposition1,PathCompatibleExactRelations,PathCertified,,
biodeg-bin,9,5,cals_compact_explain,true,true,SmartCertified,Boolean,Proposition1,PathCompatibleExactRelations,PathCertified,,
biodeg-bin,9,7,unary,true,true,Unary,Boolean,UnaryBaseline,UnaryRelation,StructuralHorn,,
biodeg-bin,9,7,horn,true,true,Horn,Boolean,Theorem3,StarNestedHorn,StructuralHorn,,
biodeg-bin,9,7,antihorn,true,true,AntiHorn,Boolean,Theorem4,StarNestedAntiHorn,StructuralAntiHorn,,
biodeg-bin,9,7,square2cnf,true,true,Square2Cnf,Boolean,Theorem6,Square2CnfFormI,TwoSat,,
biodeg-bin,9,7,affine,true,true,Affine,Boolean,Theorem5,SingleGf2Equation,Gf2Gaussian,,
biodeg-bin,9,7,smart_certified,true,true,SmartCertified,Boolean,Proposition1,PathCompatibleExactRelations,PathCertified,,
biodeg-bin,9,7,cals,true,true,SmartCertified,Boolean,Proposition1,PathCompatibleExactRelations,PathCertified,,
biodeg-bin,9,7,cals_compact_explain,true,true,SmartCertified,Boolean,Proposition1,PathCompatibleExactRelations,PathCertified,,
breast-cancer-un,0,5,unary,true,true,Unary,Boolean,UnaryBaseline,UnaryRelation,StructuralHorn,,
breast-cancer-un,0,5,horn,true,true,Horn,Boolean,Theorem3,StarNestedHorn,StructuralHorn,,
breast-cancer-un,0,5,antihorn,true,true,AntiHorn,Boolean,Theorem4,StarNestedAntiHorn,StructuralAntiHorn,,
breast-cancer-un,0,5,square2cnf,true,true,Square2Cnf,Boolean,Theorem6,Square2CnfFormI,TwoSat,,
breast-cancer-un,0,5,affine,true,true,Affine,Boolean,Theorem5,SingleGf2Equation,Gf2Gaussian,,
breast-cancer-un,0,5,smart_certified,true,true,SmartCertified,Boolean,Proposition1,PathCompatibleExactRelations,PathCertified,,
breast-cancer-un,0,5,cals,true,true,SmartCertified,Boolean,Proposition1,PathCompatibleExactRelations,PathCertified,,
breast-cancer-un,0,5,cals_compact_explain,true,true,SmartCertified,Boolean,Proposition1,PathCompatibleExactRelations,PathCertified,,
breast-cancer-un,0,7,unary,true,true,Unary,Boolean,UnaryBaseline,UnaryRelation,StructuralHorn,,
breast-cancer-un,0,7,horn,true,true,Horn,Boolean,Theorem3,StarNestedHorn,StructuralHorn,,
breast-cancer-un,0,7,antihorn,true,true,AntiHorn,Boolean,Theorem4,StarNestedAntiHorn,StructuralAntiHorn,,
breast-cancer-un,0,7,square2cnf,true,true,Square2Cnf,Boolean,Theorem6,Square2CnfFormI,TwoSat,,
breast-cancer-un,0,7,affine,true,true,Affine,Boolean,Theorem5,SingleGf2Equation,Gf2Gaussian,,
breast-cancer-un,0,7,smart_certified,true,true,SmartCertified,Boolean,Proposition1,PathCompatibleExactRelations,PathCertified,,
breast-cancer-un,0,7,cals,true,true,SmartCertified,Boolean,Proposition1,PathCompatibleExactRelations,PathCertified,,
breast-cancer-un,0,7,cals_compact_explain,true,true,SmartCertified,Boolean,Proposition1,PathCompatibleExactRelations,PathCertified,,
breast-cancer-un,1,5,unary,true,true,Unary,Boolean,UnaryBaseline,UnaryRelation,StructuralHorn,,
breast-cancer-un,1,5,horn,true,true,Horn,Boolean,Theorem3,StarNestedHorn,StructuralHorn,,
breast-cancer-un,1,5,antihorn,true,true,AntiHorn,Boolean,Theorem4,StarNestedAntiHorn,StructuralAntiHorn,,
breast-cancer-un,1,5,square2cnf,true,true,Square2Cnf,Boolean,Theorem6,Square2CnfFormI,TwoSat,,
breast-cancer-un,1,5,affine,true,true,Affine,Boolean,Theorem5,SingleGf2Equation,Gf2Gaussian,,
breast-cancer-un,1,5,smart_certified,true,true,SmartCertified,Boolean,Proposition1,PathCompatibleExactRelations,PathCertified,,
breast-cancer-un,1,5,cals,true,true,SmartCertified,Boolean,Proposition1,PathCompatibleExactRelations,PathCertified,,
breast-cancer-un,1,5,cals_compact_explain,true,true,SmartCertified,Boolean,Proposition1,PathCompatibleExactRelations,PathCertified,,
breast-cancer-un,1,7,unary,true,true,Unary,Boolean,UnaryBaseline,UnaryRelation,StructuralHorn,,
breast-cancer-un,1,7,horn,true,true,Horn,Boolean,Theorem3,StarNestedHorn,StructuralHorn,,
breast-cancer-un,1,7,antihorn,true,true,AntiHorn,Boolean,Theorem4,StarNestedAntiHorn,StructuralAntiHorn,,
breast-cancer-un,1,7,square2cnf,true,true,Square2Cnf,Boolean,Theorem6,Square2CnfFormI,TwoSat,,
breast-cancer-un,1,7,affine,true,true,Affine,Boolean,Theorem5,SingleGf2Equation,Gf2Gaussian,,
breast-cancer-un,1,7,smart_certified,true,true,SmartCertified,Boolean,Proposition1,PathCompatibleExactRelations,PathCertified,,
breast-cancer-un,1,7,cals,true,true,SmartCertified,Boolean,Proposition1,PathCompatibleExactRelations,PathCertified,,
breast-cancer-un,1,7,cals_compact_explain,true,true,SmartCertified,Boolean,Proposition1,PathCompatibleExactRelations,PathCertified,,
breast-cancer-un,2,5,unary,true,true,Unary,Boolean,UnaryBaseline,UnaryRelation,StructuralHorn,,
breast-cancer-un,2,5,horn,true,true,Horn,Boolean,Theorem3,StarNestedHorn,StructuralHorn,,
breast-cancer-un,2,5,antihorn,true,true,AntiHorn,Boolean,Theorem4,StarNestedAntiHorn,StructuralAntiHorn,,
breast-cancer-un,2,5,square2cnf,true,true,Square2Cnf,Boolean,Theorem6,Square2CnfFormI,TwoSat,,
breast-cancer-un,2,5,affine,true,true,Affine,Boolean,Theorem5,SingleGf2Equation,Gf2Gaussian,,
breast-cancer-un,2,5,smart_certified,true,true,SmartCertified,Boolean,Proposition1,PathCompatibleExactRelations,PathCertified,,
breast-cancer-un,2,5,cals,true,true,SmartCertified,Boolean,Proposition1,PathCompatibleExactRelations,PathCertified,,
breast-cancer-un,2,5,cals_compact_explain,true,true,SmartCertified,Boolean,Proposition1,PathCompatibleExactRelations,PathCertified,,
breast-cancer-un,2,7,unary,true,true,Unary,Boolean,UnaryBaseline,UnaryRelation,StructuralHorn,,
breast-cancer-un,2,7,horn,true,true,Horn,Boolean,Theorem3,StarNestedHorn,StructuralHorn,,
breast-cancer-un,2,7,antihorn,true,true,AntiHorn,Boolean,Theorem4,StarNestedAntiHorn,StructuralAntiHorn,,
breast-cancer-un,2,7,square2cnf,true,true,Square2Cnf,Boolean,Theorem6,Square2CnfFormI,TwoSat,,
breast-cancer-un,2,7,affine,true,true,Affine,Boolean,Theorem5,SingleGf2Equation,Gf2Gaussian,,
breast-cancer-un,2,7,smart_certified,true,true,SmartCertified,Boolean,Proposition1,PathCompatibleExactRelations,PathCertified,,
breast-cancer-un,2,7,cals,true,true,SmartCertified,Boolean,Proposition1,PathCompatibleExactRelations,PathCertified,,
breast-cancer-un,2,7,cals_compact_explain,true,true,SmartCertified,Boolean,Proposition1,PathCompatibleExactRelations,PathCertified,,
breast-cancer-un,3,5,unary,true,true,Unary,Boolean,UnaryBaseline,UnaryRelation,StructuralHorn,,
breast-cancer-un,3,5,horn,true,true,Horn,Boolean,Theorem3,StarNestedHorn,StructuralHorn,,
breast-cancer-un,3,5,antihorn,true,true,AntiHorn,Boolean,Theorem4,StarNestedAntiHorn,StructuralAntiHorn,,
breast-cancer-un,3,5,square2cnf,true,true,Square2Cnf,Boolean,Theorem6,Square2CnfFormI,TwoSat,,
breast-cancer-un,3,5,affine,true,true,Affine,Boolean,Theorem5,SingleGf2Equation,Gf2Gaussian,,
breast-cancer-un,3,5,smart_certified,true,true,SmartCertified,Boolean,Proposition1,PathCompatibleExactRelations,PathCertified,,
breast-cancer-un,3,5,cals,true,true,SmartCertified,Boolean,Proposition1,PathCompatibleExactRelations,PathCertified,,
breast-cancer-un,3,5,cals_compact_explain,true,true,SmartCertified,Boolean,Proposition1,PathCompatibleExactRelations,PathCertified,,
breast-cancer-un,3,7,unary,true,true,Unary,Boolean,UnaryBaseline,UnaryRelation,StructuralHorn,,
breast-cancer-un,3,7,horn,true,true,Horn,Boolean,Theorem3,StarNestedHorn,StructuralHorn,,
breast-cancer-un,3,7,antihorn,true,true,AntiHorn,Boolean,Theorem4,StarNestedAntiHorn,StructuralAntiHorn,,
breast-cancer-un,3,7,square2cnf,true,true,Square2Cnf,Boolean,Theorem6,Square2CnfFormI,TwoSat,,
breast-cancer-un,3,7,affine,true,true,Affine,Boolean,Theorem5,SingleGf2Equation,Gf2Gaussian,,
breast-cancer-un,3,7,smart_certified,true,true,SmartCertified,Boolean,Proposition1,PathCompatibleExactRelations,PathCertified,,
breast-cancer-un,3,7,cals,true,true,SmartCertified,Boolean,Proposition1,PathCompatibleExactRelations,PathCertified,,
breast-cancer-un,3,7,cals_compact_explain,true,true,SmartCertified,Boolean,Proposition1,PathCompatibleExactRelations,PathCertified,,
breast-cancer-un,4,5,unary,true,true,Unary,Boolean,UnaryBaseline,UnaryRelation,StructuralHorn,,
breast-cancer-un,4,5,horn,true,true,Horn,Boolean,Theorem3,StarNestedHorn,StructuralHorn,,
breast-cancer-un,4,5,antihorn,true,true,AntiHorn,Boolean,Theorem4,StarNestedAntiHorn,StructuralAntiHorn,,
breast-cancer-un,4,5,square2cnf,true,true,Square2Cnf,Boolean,Theorem6,Square2CnfFormI,TwoSat,,
breast-cancer-un,4,5,affine,true,true,Affine,Boolean,Theorem5,SingleGf2Equation,Gf2Gaussian,,
breast-cancer-un,4,5,smart_certified,true,true,SmartCertified,Boolean,Proposition1,PathCompatibleExactRelations,PathCertified,,
breast-cancer-un,4,5,cals,true,true,SmartCertified,Boolean,Proposition1,PathCompatibleExactRelations,PathCertified,,
breast-cancer-un,4,5,cals_compact_explain,true,true,SmartCertified,Boolean,Proposition1,PathCompatibleExactRelations,PathCertified,,
breast-cancer-un,4,7,unary,true,true,Unary,Boolean,UnaryBaseline,UnaryRelation,StructuralHorn,,
breast-cancer-un,4,7,horn,true,true,Horn,Boolean,Theorem3,StarNestedHorn,StructuralHorn,,
breast-cancer-un,4,7,antihorn,true,true,AntiHorn,Boolean,Theorem4,StarNestedAntiHorn,StructuralAntiHorn,,
breast-cancer-un,4,7,square2cnf,true,true,Square2Cnf,Boolean,Theorem6,Square2CnfFormI,TwoSat,,
breast-cancer-un,4,7,affine,true,true,Affine,Boolean,Theorem5,SingleGf2Equation,Gf2Gaussian,,
breast-cancer-un,4,7,smart_certified,true,true,SmartCertified,Boolean,Proposition1,PathCompatibleExactRelations,PathCertified,,
breast-cancer-un,4,7,cals,true,true,SmartCertified,Boolean,Proposition1,PathCompatibleExactRelations,PathCertified,,
breast-cancer-un,4,7,cals_compact_explain,true,true,SmartCertified,Boolean,Proposition1,PathCompatibleExactRelations,PathCertified,,
breast-cancer-un,5,5,unary,true,true,Unary,Boolean,UnaryBaseline,UnaryRelation,StructuralHorn,,
breast-cancer-un,5,5,horn,true,true,Horn,Boolean,Theorem3,StarNestedHorn,StructuralHorn,,
breast-cancer-un,5,5,antihorn,true,true,AntiHorn,Boolean,Theorem4,StarNestedAntiHorn,StructuralAntiHorn,,
breast-cancer-un,5,5,square2cnf,true,true,Square2Cnf,Boolean,Theorem6,Square2CnfFormI,TwoSat,,
breast-cancer-un,5,5,affine,true,true,Affine,Boolean,Theorem5,SingleGf2Equation,Gf2Gaussian,,
breast-cancer-un,5,5,smart_certified,true,true,SmartCertified,Boolean,Proposition1,PathCompatibleExactRelations,PathCertified,,
breast-cancer-un,5,5,cals,true,true,SmartCertified,Boolean,Proposition1,PathCompatibleExactRelations,PathCertified,,
breast-cancer-un,5,5,cals_compact_explain,true,true,SmartCertified,Boolean,Proposition1,PathCompatibleExactRelations,PathCertified,,
breast-cancer-un,5,7,unary,true,true,Unary,Boolean,UnaryBaseline,UnaryRelation,StructuralHorn,,
breast-cancer-un,5,7,horn,true,true,Horn,Boolean,Theorem3,StarNestedHorn,StructuralHorn,,
breast-cancer-un,5,7,antihorn,true,true,AntiHorn,Boolean,Theorem4,StarNestedAntiHorn,StructuralAntiHorn,,
breast-cancer-un,5,7,square2cnf,true,true,Square2Cnf,Boolean,Theorem6,Square2CnfFormI,TwoSat,,
breast-cancer-un,5,7,affine,true,true,Affine,Boolean,Theorem5,SingleGf2Equation,Gf2Gaussian,,
breast-cancer-un,5,7,smart_certified,true,true,SmartCertified,Boolean,Proposition1,PathCompatibleExactRelations,PathCertified,,
breast-cancer-un,5,7,cals,true,true,SmartCertified,Boolean,Proposition1,PathCompatibleExactRelations,PathCertified,,
breast-cancer-un,5,7,cals_compact_explain,true,true,SmartCertified,Boolean,Proposition1,PathCompatibleExactRelations,PathCertified,,
breast-cancer-un,6,5,unary,true,true,Unary,Boolean,UnaryBaseline,UnaryRelation,StructuralHorn,,
breast-cancer-un,6,5,horn,true,true,Horn,Boolean,Theorem3,StarNestedHorn,StructuralHorn,,
breast-cancer-un,6,5,antihorn,true,true,AntiHorn,Boolean,Theorem4,StarNestedAntiHorn,StructuralAntiHorn,,
breast-cancer-un,6,5,square2cnf,true,true,Square2Cnf,Boolean,Theorem6,Square2CnfFormI,TwoSat,,
breast-cancer-un,6,5,affine,true,true,Affine,Boolean,Theorem5,SingleGf2Equation,Gf2Gaussian,,
breast-cancer-un,6,5,smart_certified,true,true,SmartCertified,Boolean,Proposition1,PathCompatibleExactRelations,PathCertified,,
breast-cancer-un,6,5,cals,true,true,SmartCertified,Boolean,Proposition1,PathCompatibleExactRelations,PathCertified,,
breast-cancer-un,6,5,cals_compact_explain,true,true,SmartCertified,Boolean,Proposition1,PathCompatibleExactRelations,PathCertified,,
breast-cancer-un,6,7,unary,true,true,Unary,Boolean,UnaryBaseline,UnaryRelation,StructuralHorn,,
breast-cancer-un,6,7,horn,true,true,Horn,Boolean,Theorem3,StarNestedHorn,StructuralHorn,,
breast-cancer-un,6,7,antihorn,true,true,AntiHorn,Boolean,Theorem4,StarNestedAntiHorn,StructuralAntiHorn,,
breast-cancer-un,6,7,square2cnf,true,true,Square2Cnf,Boolean,Theorem6,Square2CnfFormI,TwoSat,,
breast-cancer-un,6,7,affine,true,true,Affine,Boolean,Theorem5,SingleGf2Equation,Gf2Gaussian,,
breast-cancer-un,6,7,smart_certified,true,true,SmartCertified,Boolean,Proposition1,PathCompatibleExactRelations,PathCertified,,
breast-cancer-un,6,7,cals,true,true,SmartCertified,Boolean,Proposition1,PathCompatibleExactRelations,PathCertified,,
breast-cancer-un,6,7,cals_compact_explain,true,true,SmartCertified,Boolean,Proposition1,PathCompatibleExactRelations,PathCertified,,
breast-cancer-un,7,5,unary,true,true,Unary,Boolean,UnaryBaseline,UnaryRelation,StructuralHorn,,
breast-cancer-un,7,5,horn,true,true,Horn,Boolean,Theorem3,StarNestedHorn,StructuralHorn,,
breast-cancer-un,7,5,antihorn,true,true,AntiHorn,Boolean,Theorem4,StarNestedAntiHorn,StructuralAntiHorn,,
breast-cancer-un,7,5,square2cnf,true,true,Square2Cnf,Boolean,Theorem6,Square2CnfFormI,TwoSat,,
breast-cancer-un,7,5,affine,true,true,Affine,Boolean,Theorem5,SingleGf2Equation,Gf2Gaussian,,
breast-cancer-un,7,5,smart_certified,true,true,SmartCertified,Boolean,Proposition1,PathCompatibleExactRelations,PathCertified,,
breast-cancer-un,7,5,cals,true,true,SmartCertified,Boolean,Proposition1,PathCompatibleExactRelations,PathCertified,,
breast-cancer-un,7,5,cals_compact_explain,true,true,SmartCertified,Boolean,Proposition1,PathCompatibleExactRelations,PathCertified,,
breast-cancer-un,7,7,unary,true,true,Unary,Boolean,UnaryBaseline,UnaryRelation,StructuralHorn,,
breast-cancer-un,7,7,horn,true,true,Horn,Boolean,Theorem3,StarNestedHorn,StructuralHorn,,
breast-cancer-un,7,7,antihorn,true,true,AntiHorn,Boolean,Theorem4,StarNestedAntiHorn,StructuralAntiHorn,,
breast-cancer-un,7,7,square2cnf,true,true,Square2Cnf,Boolean,Theorem6,Square2CnfFormI,TwoSat,,
breast-cancer-un,7,7,affine,true,true,Affine,Boolean,Theorem5,SingleGf2Equation,Gf2Gaussian,,
breast-cancer-un,7,7,smart_certified,true,true,SmartCertified,Boolean,Proposition1,PathCompatibleExactRelations,PathCertified,,
breast-cancer-un,7,7,cals,true,true,SmartCertified,Boolean,Proposition1,PathCompatibleExactRelations,PathCertified,,
breast-cancer-un,7,7,cals_compact_explain,true,true,SmartCertified,Boolean,Proposition1,PathCompatibleExactRelations,PathCertified,,
breast-cancer-un,8,5,unary,true,true,Unary,Boolean,UnaryBaseline,UnaryRelation,StructuralHorn,,
breast-cancer-un,8,5,horn,true,true,Horn,Boolean,Theorem3,StarNestedHorn,StructuralHorn,,
breast-cancer-un,8,5,antihorn,true,true,AntiHorn,Boolean,Theorem4,StarNestedAntiHorn,StructuralAntiHorn,,
breast-cancer-un,8,5,square2cnf,true,true,Square2Cnf,Boolean,Theorem6,Square2CnfFormI,TwoSat,,
breast-cancer-un,8,5,affine,true,true,Affine,Boolean,Theorem5,SingleGf2Equation,Gf2Gaussian,,
breast-cancer-un,8,5,smart_certified,true,true,SmartCertified,Boolean,Proposition1,PathCompatibleExactRelations,PathCertified,,
breast-cancer-un,8,5,cals,true,true,SmartCertified,Boolean,Proposition1,PathCompatibleExactRelations,PathCertified,,
breast-cancer-un,8,5,cals_compact_explain,true,true,SmartCertified,Boolean,Proposition1,PathCompatibleExactRelations,PathCertified,,
breast-cancer-un,8,7,unary,true,true,Unary,Boolean,UnaryBaseline,UnaryRelation,StructuralHorn,,
breast-cancer-un,8,7,horn,true,true,Horn,Boolean,Theorem3,StarNestedHorn,StructuralHorn,,
breast-cancer-un,8,7,antihorn,true,true,AntiHorn,Boolean,Theorem4,StarNestedAntiHorn,StructuralAntiHorn,,
breast-cancer-un,8,7,square2cnf,true,true,Square2Cnf,Boolean,Theorem6,Square2CnfFormI,TwoSat,,
breast-cancer-un,8,7,affine,true,true,Affine,Boolean,Theorem5,SingleGf2Equation,Gf2Gaussian,,
breast-cancer-un,8,7,smart_certified,true,true,SmartCertified,Boolean,Proposition1,PathCompatibleExactRelations,PathCertified,,
breast-cancer-un,8,7,cals,true,true,SmartCertified,Boolean,Proposition1,PathCompatibleExactRelations,PathCertified,,
breast-cancer-un,8,7,cals_compact_explain,true,true,SmartCertified,Boolean,Proposition1,PathCompatibleExactRelations,PathCertified,,
breast-cancer-un,9,5,unary,true,true,Unary,Boolean,UnaryBaseline,UnaryRelation,StructuralHorn,,
breast-cancer-un,9,5,horn,true,true,Horn,Boolean,Theorem3,StarNestedHorn,StructuralHorn,,
breast-cancer-un,9,5,antihorn,true,true,AntiHorn,Boolean,Theorem4,StarNestedAntiHorn,StructuralAntiHorn,,
breast-cancer-un,9,5,square2cnf,true,true,Square2Cnf,Boolean,Theorem6,Square2CnfFormI,TwoSat,,
breast-cancer-un,9,5,affine,true,true,Affine,Boolean,Theorem5,SingleGf2Equation,Gf2Gaussian,,
breast-cancer-un,9,5,smart_certified,true,true,SmartCertified,Boolean,Proposition1,PathCompatibleExactRelations,PathCertified,,
breast-cancer-un,9,5,cals,true,true,SmartCertified,Boolean,Proposition1,PathCompatibleExactRelations,PathCertified,,
breast-cancer-un,9,5,cals_compact_explain,true,true,SmartCertified,Boolean,Proposition1,PathCompatibleExactRelations,PathCertified,,
breast-cancer-un,9,7,unary,true,true,Unary,Boolean,UnaryBaseline,UnaryRelation,StructuralHorn,,
breast-cancer-un,9,7,horn,true,true,Horn,Boolean,Theorem3,StarNestedHorn,StructuralHorn,,
breast-cancer-un,9,7,antihorn,true,true,AntiHorn,Boolean,Theorem4,StarNestedAntiHorn,StructuralAntiHorn,,
breast-cancer-un,9,7,square2cnf,true,true,Square2Cnf,Boolean,Theorem6,Square2CnfFormI,TwoSat,,
breast-cancer-un,9,7,affine,true,true,Affine,Boolean,Theorem5,SingleGf2Equation,Gf2Gaussian,,
breast-cancer-un,9,7,smart_certified,true,true,SmartCertified,Boolean,Proposition1,PathCompatibleExactRelations,PathCertified,,
breast-cancer-un,9,7,cals,true,true,SmartCertified,Boolean,Proposition1,PathCompatibleExactRelations,PathCertified,,
breast-cancer-un,9,7,cals_compact_explain,true,true,SmartCertified,Boolean,Proposition1,PathCompatibleExactRelations,PathCertified,,
breast-wisconsin,0,5,unary,true,true,Unary,Boolean,UnaryBaseline,UnaryRelation,StructuralHorn,,
breast-wisconsin,0,5,horn,true,true,Horn,Boolean,Theorem3,StarNestedHorn,StructuralHorn,,
breast-wisconsin,0,5,antihorn,true,true,AntiHorn,Boolean,Theorem4,StarNestedAntiHorn,StructuralAntiHorn,,
breast-wisconsin,0,5,square2cnf,true,true,Square2Cnf,Boolean,Theorem6,Square2CnfFormI,TwoSat,,
breast-wisconsin,0,5,affine,true,true,Affine,Boolean,Theorem5,SingleGf2Equation,Gf2Gaussian,,
breast-wisconsin,0,5,smart_certified,true,true,SmartCertified,Boolean,Proposition1,PathCompatibleExactRelations,PathCertified,,
breast-wisconsin,0,5,cals,true,true,SmartCertified,Boolean,Proposition1,PathCompatibleExactRelations,PathCertified,,
breast-wisconsin,0,5,cals_compact_explain,true,true,SmartCertified,Boolean,Proposition1,PathCompatibleExactRelations,PathCertified,,
breast-wisconsin,0,7,unary,true,true,Unary,Boolean,UnaryBaseline,UnaryRelation,StructuralHorn,,
breast-wisconsin,0,7,horn,true,true,Horn,Boolean,Theorem3,StarNestedHorn,StructuralHorn,,
breast-wisconsin,0,7,antihorn,true,true,AntiHorn,Boolean,Theorem4,StarNestedAntiHorn,StructuralAntiHorn,,
breast-wisconsin,0,7,square2cnf,true,true,Square2Cnf,Boolean,Theorem6,Square2CnfFormI,TwoSat,,
breast-wisconsin,0,7,affine,true,true,Affine,Boolean,Theorem5,SingleGf2Equation,Gf2Gaussian,,
breast-wisconsin,0,7,smart_certified,true,true,SmartCertified,Boolean,Proposition1,PathCompatibleExactRelations,PathCertified,,
breast-wisconsin,0,7,cals,true,true,SmartCertified,Boolean,Proposition1,PathCompatibleExactRelations,PathCertified,,
breast-wisconsin,0,7,cals_compact_explain,true,true,SmartCertified,Boolean,Proposition1,PathCompatibleExactRelations,PathCertified,,
breast-wisconsin,1,5,unary,true,true,Unary,Boolean,UnaryBaseline,UnaryRelation,StructuralHorn,,
breast-wisconsin,1,5,horn,true,true,Horn,Boolean,Theorem3,StarNestedHorn,StructuralHorn,,
breast-wisconsin,1,5,antihorn,true,true,AntiHorn,Boolean,Theorem4,StarNestedAntiHorn,StructuralAntiHorn,,
breast-wisconsin,1,5,square2cnf,true,true,Square2Cnf,Boolean,Theorem6,Square2CnfFormI,TwoSat,,
breast-wisconsin,1,5,affine,true,true,Affine,Boolean,Theorem5,SingleGf2Equation,Gf2Gaussian,,
breast-wisconsin,1,5,smart_certified,true,true,SmartCertified,Boolean,Proposition1,PathCompatibleExactRelations,PathCertified,,
breast-wisconsin,1,5,cals,true,true,SmartCertified,Boolean,Proposition1,PathCompatibleExactRelations,PathCertified,,
breast-wisconsin,1,5,cals_compact_explain,true,true,SmartCertified,Boolean,Proposition1,PathCompatibleExactRelations,PathCertified,,
breast-wisconsin,1,7,unary,true,true,Unary,Boolean,UnaryBaseline,UnaryRelation,StructuralHorn,,
breast-wisconsin,1,7,horn,true,true,Horn,Boolean,Theorem3,StarNestedHorn,StructuralHorn,,
breast-wisconsin,1,7,antihorn,true,true,AntiHorn,Boolean,Theorem4,StarNestedAntiHorn,StructuralAntiHorn,,
breast-wisconsin,1,7,square2cnf,true,true,Square2Cnf,Boolean,Theorem6,Square2CnfFormI,TwoSat,,
breast-wisconsin,1,7,affine,true,true,Affine,Boolean,Theorem5,SingleGf2Equation,Gf2Gaussian,,
breast-wisconsin,1,7,smart_certified,true,true,SmartCertified,Boolean,Proposition1,PathCompatibleExactRelations,PathCertified,,
breast-wisconsin,1,7,cals,true,true,SmartCertified,Boolean,Proposition1,PathCompatibleExactRelations,PathCertified,,
breast-wisconsin,1,7,cals_compact_explain,true,true,SmartCertified,Boolean,Proposition1,PathCompatibleExactRelations,PathCertified,,
breast-wisconsin,2,5,unary,true,true,Unary,Boolean,UnaryBaseline,UnaryRelation,StructuralHorn,,
breast-wisconsin,2,5,horn,true,true,Horn,Boolean,Theorem3,StarNestedHorn,StructuralHorn,,
breast-wisconsin,2,5,antihorn,true,true,AntiHorn,Boolean,Theorem4,StarNestedAntiHorn,StructuralAntiHorn,,
breast-wisconsin,2,5,square2cnf,true,true,Square2Cnf,Boolean,Theorem6,Square2CnfFormI,TwoSat,,
breast-wisconsin,2,5,affine,true,true,Affine,Boolean,Theorem5,SingleGf2Equation,Gf2Gaussian,,
breast-wisconsin,2,5,smart_certified,true,true,SmartCertified,Boolean,Proposition1,PathCompatibleExactRelations,PathCertified,,
breast-wisconsin,2,5,cals,true,true,SmartCertified,Boolean,Proposition1,PathCompatibleExactRelations,PathCertified,,
breast-wisconsin,2,5,cals_compact_explain,true,true,SmartCertified,Boolean,Proposition1,PathCompatibleExactRelations,PathCertified,,
breast-wisconsin,2,7,unary,true,true,Unary,Boolean,UnaryBaseline,UnaryRelation,StructuralHorn,,
breast-wisconsin,2,7,horn,true,true,Horn,Boolean,Theorem3,StarNestedHorn,StructuralHorn,,
breast-wisconsin,2,7,antihorn,true,true,AntiHorn,Boolean,Theorem4,StarNestedAntiHorn,StructuralAntiHorn,,
breast-wisconsin,2,7,square2cnf,true,true,Square2Cnf,Boolean,Theorem6,Square2CnfFormI,TwoSat,,
breast-wisconsin,2,7,affine,true,true,Affine,Boolean,Theorem5,SingleGf2Equation,Gf2Gaussian,,
breast-wisconsin,2,7,smart_certified,true,true,SmartCertified,Boolean,Proposition1,PathCompatibleExactRelations,PathCertified,,
breast-wisconsin,2,7,cals,true,true,SmartCertified,Boolean,Proposition1,PathCompatibleExactRelations,PathCertified,,
breast-wisconsin,2,7,cals_compact_explain,true,true,SmartCertified,Boolean,Proposition1,PathCompatibleExactRelations,PathCertified,,
breast-wisconsin,3,5,unary,true,true,Unary,Boolean,UnaryBaseline,UnaryRelation,StructuralHorn,,
breast-wisconsin,3,5,horn,true,true,Horn,Boolean,Theorem3,StarNestedHorn,StructuralHorn,,
breast-wisconsin,3,5,antihorn,true,true,AntiHorn,Boolean,Theorem4,StarNestedAntiHorn,StructuralAntiHorn,,
breast-wisconsin,3,5,square2cnf,true,true,Square2Cnf,Boolean,Theorem6,Square2CnfFormI,TwoSat,,
breast-wisconsin,3,5,affine,true,true,Affine,Boolean,Theorem5,SingleGf2Equation,Gf2Gaussian,,
breast-wisconsin,3,5,smart_certified,true,true,SmartCertified,Boolean,Proposition1,PathCompatibleExactRelations,PathCertified,,
breast-wisconsin,3,5,cals,true,true,SmartCertified,Boolean,Proposition1,PathCompatibleExactRelations,PathCertified,,
breast-wisconsin,3,5,cals_compact_explain,true,true,SmartCertified,Boolean,Proposition1,PathCompatibleExactRelations,PathCertified,,
breast-wisconsin,3,7,unary,true,true,Unary,Boolean,UnaryBaseline,UnaryRelation,StructuralHorn,,
breast-wisconsin,3,7,horn,true,true,Horn,Boolean,Theorem3,StarNestedHorn,StructuralHorn,,
breast-wisconsin,3,7,antihorn,true,true,AntiHorn,Boolean,Theorem4,StarNestedAntiHorn,StructuralAntiHorn,,
breast-wisconsin,3,7,square2cnf,true,true,Square2Cnf,Boolean,Theorem6,Square2CnfFormI,TwoSat,,
breast-wisconsin,3,7,affine,true,true,Affine,Boolean,Theorem5,SingleGf2Equation,Gf2Gaussian,,
breast-wisconsin,3,7,smart_certified,true,true,SmartCertified,Boolean,Proposition1,PathCompatibleExactRelations,PathCertified,,
breast-wisconsin,3,7,cals,true,true,SmartCertified,Boolean,Proposition1,PathCompatibleExactRelations,PathCertified,,
breast-wisconsin,3,7,cals_compact_explain,true,true,SmartCertified,Boolean,Proposition1,PathCompatibleExactRelations,PathCertified,,
breast-wisconsin,4,5,unary,true,true,Unary,Boolean,UnaryBaseline,UnaryRelation,StructuralHorn,,
breast-wisconsin,4,5,horn,true,true,Horn,Boolean,Theorem3,StarNestedHorn,StructuralHorn,,
breast-wisconsin,4,5,antihorn,true,true,AntiHorn,Boolean,Theorem4,StarNestedAntiHorn,StructuralAntiHorn,,
breast-wisconsin,4,5,square2cnf,true,true,Square2Cnf,Boolean,Theorem6,Square2CnfFormI,TwoSat,,
breast-wisconsin,4,5,affine,true,true,Affine,Boolean,Theorem5,SingleGf2Equation,Gf2Gaussian,,
breast-wisconsin,4,5,smart_certified,true,true,SmartCertified,Boolean,Proposition1,PathCompatibleExactRelations,PathCertified,,
breast-wisconsin,4,5,cals,true,true,SmartCertified,Boolean,Proposition1,PathCompatibleExactRelations,PathCertified,,
breast-wisconsin,4,5,cals_compact_explain,true,true,SmartCertified,Boolean,Proposition1,PathCompatibleExactRelations,PathCertified,,
breast-wisconsin,4,7,unary,true,true,Unary,Boolean,UnaryBaseline,UnaryRelation,StructuralHorn,,
breast-wisconsin,4,7,horn,true,true,Horn,Boolean,Theorem3,StarNestedHorn,StructuralHorn,,
breast-wisconsin,4,7,antihorn,true,true,AntiHorn,Boolean,Theorem4,StarNestedAntiHorn,StructuralAntiHorn,,
breast-wisconsin,4,7,square2cnf,true,true,Square2Cnf,Boolean,Theorem6,Square2CnfFormI,TwoSat,,
breast-wisconsin,4,7,affine,true,true,Affine,Boolean,Theorem5,SingleGf2Equation,Gf2Gaussian,,
breast-wisconsin,4,7,smart_certified,true,true,SmartCertified,Boolean,Proposition1,PathCompatibleExactRelations,PathCertified,,
breast-wisconsin,4,7,cals,true,true,SmartCertified,Boolean,Proposition1,PathCompatibleExactRelations,PathCertified,,
breast-wisconsin,4,7,cals_compact_explain,true,true,SmartCertified,Boolean,Proposition1,PathCompatibleExactRelations,PathCertified,,
breast-wisconsin,5,5,unary,true,true,Unary,Boolean,UnaryBaseline,UnaryRelation,StructuralHorn,,
breast-wisconsin,5,5,horn,true,true,Horn,Boolean,Theorem3,StarNestedHorn,StructuralHorn,,
breast-wisconsin,5,5,antihorn,true,true,AntiHorn,Boolean,Theorem4,StarNestedAntiHorn,StructuralAntiHorn,,
breast-wisconsin,5,5,square2cnf,true,true,Square2Cnf,Boolean,Theorem6,Square2CnfFormI,TwoSat,,
breast-wisconsin,5,5,affine,true,true,Affine,Boolean,Theorem5,SingleGf2Equation,Gf2Gaussian,,
breast-wisconsin,5,5,smart_certified,true,true,SmartCertified,Boolean,Proposition1,PathCompatibleExactRelations,PathCertified,,
breast-wisconsin,5,5,cals,true,true,SmartCertified,Boolean,Proposition1,PathCompatibleExactRelations,PathCertified,,
breast-wisconsin,5,5,cals_compact_explain,true,true,SmartCertified,Boolean,Proposition1,PathCompatibleExactRelations,PathCertified,,
breast-wisconsin,5,7,unary,true,true,Unary,Boolean,UnaryBaseline,UnaryRelation,StructuralHorn,,
breast-wisconsin,5,7,horn,true,true,Horn,Boolean,Theorem3,StarNestedHorn,StructuralHorn,,
breast-wisconsin,5,7,antihorn,true,true,AntiHorn,Boolean,Theorem4,StarNestedAntiHorn,StructuralAntiHorn,,
breast-wisconsin,5,7,square2cnf,true,true,Square2Cnf,Boolean,Theorem6,Square2CnfFormI,TwoSat,,
breast-wisconsin,5,7,affine,true,true,Affine,Boolean,Theorem5,SingleGf2Equation,Gf2Gaussian,,
breast-wisconsin,5,7,smart_certified,true,true,SmartCertified,Boolean,Proposition1,PathCompatibleExactRelations,PathCertified,,
breast-wisconsin,5,7,cals,true,true,SmartCertified,Boolean,Proposition1,PathCompatibleExactRelations,PathCertified,,
breast-wisconsin,5,7,cals_compact_explain,true,true,SmartCertified,Boolean,Proposition1,PathCompatibleExactRelations,PathCertified,,
breast-wisconsin,6,5,unary,true,true,Unary,Boolean,UnaryBaseline,UnaryRelation,StructuralHorn,,
breast-wisconsin,6,5,horn,true,true,Horn,Boolean,Theorem3,StarNestedHorn,StructuralHorn,,
breast-wisconsin,6,5,antihorn,true,true,AntiHorn,Boolean,Theorem4,StarNestedAntiHorn,StructuralAntiHorn,,
breast-wisconsin,6,5,square2cnf,true,true,Square2Cnf,Boolean,Theorem6,Square2CnfFormI,TwoSat,,
breast-wisconsin,6,5,affine,true,true,Affine,Boolean,Theorem5,SingleGf2Equation,Gf2Gaussian,,
breast-wisconsin,6,5,smart_certified,true,true,SmartCertified,Boolean,Proposition1,PathCompatibleExactRelations,PathCertified,,
breast-wisconsin,6,5,cals,true,true,SmartCertified,Boolean,Proposition1,PathCompatibleExactRelations,PathCertified,,
breast-wisconsin,6,5,cals_compact_explain,true,true,SmartCertified,Boolean,Proposition1,PathCompatibleExactRelations,PathCertified,,
breast-wisconsin,6,7,unary,true,true,Unary,Boolean,UnaryBaseline,UnaryRelation,StructuralHorn,,
breast-wisconsin,6,7,horn,true,true,Horn,Boolean,Theorem3,StarNestedHorn,StructuralHorn,,
breast-wisconsin,6,7,antihorn,true,true,AntiHorn,Boolean,Theorem4,StarNestedAntiHorn,StructuralAntiHorn,,
breast-wisconsin,6,7,square2cnf,true,true,Square2Cnf,Boolean,Theorem6,Square2CnfFormI,TwoSat,,
breast-wisconsin,6,7,affine,true,true,Affine,Boolean,Theorem5,SingleGf2Equation,Gf2Gaussian,,
breast-wisconsin,6,7,smart_certified,true,true,SmartCertified,Boolean,Proposition1,PathCompatibleExactRelations,PathCertified,,
breast-wisconsin,6,7,cals,true,true,SmartCertified,Boolean,Proposition1,PathCompatibleExactRelations,PathCertified,,
breast-wisconsin,6,7,cals_compact_explain,true,true,SmartCertified,Boolean,Proposition1,PathCompatibleExactRelations,PathCertified,,
breast-wisconsin,7,5,unary,true,true,Unary,Boolean,UnaryBaseline,UnaryRelation,StructuralHorn,,
breast-wisconsin,7,5,horn,true,true,Horn,Boolean,Theorem3,StarNestedHorn,StructuralHorn,,
breast-wisconsin,7,5,antihorn,true,true,AntiHorn,Boolean,Theorem4,StarNestedAntiHorn,StructuralAntiHorn,,
breast-wisconsin,7,5,square2cnf,true,true,Square2Cnf,Boolean,Theorem6,Square2CnfFormI,TwoSat,,
breast-wisconsin,7,5,affine,true,true,Affine,Boolean,Theorem5,SingleGf2Equation,Gf2Gaussian,,
breast-wisconsin,7,5,smart_certified,true,true,SmartCertified,Boolean,Proposition1,PathCompatibleExactRelations,PathCertified,,
breast-wisconsin,7,5,cals,true,true,SmartCertified,Boolean,Proposition1,PathCompatibleExactRelations,PathCertified,,
breast-wisconsin,7,5,cals_compact_explain,true,true,SmartCertified,Boolean,Proposition1,PathCompatibleExactRelations,PathCertified,,
breast-wisconsin,7,7,unary,true,true,Unary,Boolean,UnaryBaseline,UnaryRelation,StructuralHorn,,
breast-wisconsin,7,7,horn,true,true,Horn,Boolean,Theorem3,StarNestedHorn,StructuralHorn,,
breast-wisconsin,7,7,antihorn,true,true,AntiHorn,Boolean,Theorem4,StarNestedAntiHorn,StructuralAntiHorn,,
breast-wisconsin,7,7,square2cnf,true,true,Square2Cnf,Boolean,Theorem6,Square2CnfFormI,TwoSat,,
breast-wisconsin,7,7,affine,true,true,Affine,Boolean,Theorem5,SingleGf2Equation,Gf2Gaussian,,
breast-wisconsin,7,7,smart_certified,true,true,SmartCertified,Boolean,Proposition1,PathCompatibleExactRelations,PathCertified,,
breast-wisconsin,7,7,cals,true,true,SmartCertified,Boolean,Proposition1,PathCompatibleExactRelations,PathCertified,,
breast-wisconsin,7,7,cals_compact_explain,true,true,SmartCertified,Boolean,Proposition1,PathCompatibleExactRelations,PathCertified,,
breast-wisconsin,8,5,unary,true,true,Unary,Boolean,UnaryBaseline,UnaryRelation,StructuralHorn,,
breast-wisconsin,8,5,horn,true,true,Horn,Boolean,Theorem3,StarNestedHorn,StructuralHorn,,
breast-wisconsin,8,5,antihorn,true,true,AntiHorn,Boolean,Theorem4,StarNestedAntiHorn,StructuralAntiHorn,,
breast-wisconsin,8,5,square2cnf,true,true,Square2Cnf,Boolean,Theorem6,Square2CnfFormI,TwoSat,,
breast-wisconsin,8,5,affine,true,true,Affine,Boolean,Theorem5,SingleGf2Equation,Gf2Gaussian,,
breast-wisconsin,8,5,smart_certified,true,true,SmartCertified,Boolean,Proposition1,PathCompatibleExactRelations,PathCertified,,
breast-wisconsin,8,5,cals,true,true,SmartCertified,Boolean,Proposition1,PathCompatibleExactRelations,PathCertified,,
breast-wisconsin,8,5,cals_compact_explain,true,true,SmartCertified,Boolean,Proposition1,PathCompatibleExactRelations,PathCertified,,
breast-wisconsin,8,7,unary,true,true,Unary,Boolean,UnaryBaseline,UnaryRelation,StructuralHorn,,
breast-wisconsin,8,7,horn,true,true,Horn,Boolean,Theorem3,StarNestedHorn,StructuralHorn,,
breast-wisconsin,8,7,antihorn,true,true,AntiHorn,Boolean,Theorem4,StarNestedAntiHorn,StructuralAntiHorn,,
breast-wisconsin,8,7,square2cnf,true,true,Square2Cnf,Boolean,Theorem6,Square2CnfFormI,TwoSat,,
breast-wisconsin,8,7,affine,true,true,Affine,Boolean,Theorem5,SingleGf2Equation,Gf2Gaussian,,
breast-wisconsin,8,7,smart_certified,true,true,SmartCertified,Boolean,Proposition1,PathCompatibleExactRelations,PathCertified,,
breast-wisconsin,8,7,cals,true,true,SmartCertified,Boolean,Proposition1,PathCompatibleExactRelations,PathCertified,,
breast-wisconsin,8,7,cals_compact_explain,true,true,SmartCertified,Boolean,Proposition1,PathCompatibleExactRelations,PathCertified,,
breast-wisconsin,9,5,unary,true,true,Unary,Boolean,UnaryBaseline,UnaryRelation,StructuralHorn,,
breast-wisconsin,9,5,horn,true,true,Horn,Boolean,Theorem3,StarNestedHorn,StructuralHorn,,
breast-wisconsin,9,5,antihorn,true,true,AntiHorn,Boolean,Theorem4,StarNestedAntiHorn,StructuralAntiHorn,,
breast-wisconsin,9,5,square2cnf,true,true,Square2Cnf,Boolean,Theorem6,Square2CnfFormI,TwoSat,,
breast-wisconsin,9,5,affine,true,true,Affine,Boolean,Theorem5,SingleGf2Equation,Gf2Gaussian,,
breast-wisconsin,9,5,smart_certified,true,true,SmartCertified,Boolean,Proposition1,PathCompatibleExactRelations,PathCertified,,
breast-wisconsin,9,5,cals,true,true,SmartCertified,Boolean,Proposition1,PathCompatibleExactRelations,PathCertified,,
breast-wisconsin,9,5,cals_compact_explain,true,true,SmartCertified,Boolean,Proposition1,PathCompatibleExactRelations,PathCertified,,
breast-wisconsin,9,7,unary,true,true,Unary,Boolean,UnaryBaseline,UnaryRelation,StructuralHorn,,
breast-wisconsin,9,7,horn,true,true,Horn,Boolean,Theorem3,StarNestedHorn,StructuralHorn,,
breast-wisconsin,9,7,antihorn,true,true,AntiHorn,Boolean,Theorem4,StarNestedAntiHorn,StructuralAntiHorn,,
breast-wisconsin,9,7,square2cnf,true,true,Square2Cnf,Boolean,Theorem6,Square2CnfFormI,TwoSat,,
breast-wisconsin,9,7,affine,true,true,Affine,Boolean,Theorem5,SingleGf2Equation,Gf2Gaussian,,
breast-wisconsin,9,7,smart_certified,true,true,SmartCertified,Boolean,Proposition1,PathCompatibleExactRelations,PathCertified,,
breast-wisconsin,9,7,cals,true,true,SmartCertified,Boolean,Proposition1,PathCompatibleExactRelations,PathCertified,,
breast-wisconsin,9,7,cals_compact_explain,true,true,SmartCertified,Boolean,Proposition1,PathCompatibleExactRelations,PathCertified,,
car-un,0,5,unary,true,true,Unary,Boolean,UnaryBaseline,UnaryRelation,StructuralHorn,,
car-un,0,5,horn,true,true,Horn,Boolean,Theorem3,StarNestedHorn,StructuralHorn,,
car-un,0,5,antihorn,true,true,AntiHorn,Boolean,Theorem4,StarNestedAntiHorn,StructuralAntiHorn,,
car-un,0,5,square2cnf,true,true,Square2Cnf,Boolean,Theorem6,Square2CnfFormI,TwoSat,,
car-un,0,5,affine,true,true,Affine,Boolean,Theorem5,SingleGf2Equation,Gf2Gaussian,,
car-un,0,5,smart_certified,true,true,SmartCertified,Boolean,Proposition1,PathCompatibleExactRelations,PathCertified,,
car-un,0,5,cals,true,true,SmartCertified,Boolean,Proposition1,PathCompatibleExactRelations,PathCertified,,
car-un,0,5,cals_compact_explain,true,true,SmartCertified,Boolean,Proposition1,PathCompatibleExactRelations,PathCertified,,
car-un,0,7,unary,true,true,Unary,Boolean,UnaryBaseline,UnaryRelation,StructuralHorn,,
car-un,0,7,horn,true,true,Horn,Boolean,Theorem3,StarNestedHorn,StructuralHorn,,
car-un,0,7,antihorn,true,true,AntiHorn,Boolean,Theorem4,StarNestedAntiHorn,StructuralAntiHorn,,
car-un,0,7,square2cnf,true,true,Square2Cnf,Boolean,Theorem6,Square2CnfFormI,TwoSat,,
car-un,0,7,affine,true,true,Affine,Boolean,Theorem5,SingleGf2Equation,Gf2Gaussian,,
car-un,0,7,smart_certified,true,true,SmartCertified,Boolean,Proposition1,PathCompatibleExactRelations,PathCertified,,
car-un,0,7,cals,true,true,SmartCertified,Boolean,Proposition1,PathCompatibleExactRelations,PathCertified,,
car-un,0,7,cals_compact_explain,true,true,SmartCertified,Boolean,Proposition1,PathCompatibleExactRelations,PathCertified,,
car-un,1,5,unary,true,true,Unary,Boolean,UnaryBaseline,UnaryRelation,StructuralHorn,,
car-un,1,5,horn,true,true,Horn,Boolean,Theorem3,StarNestedHorn,StructuralHorn,,
car-un,1,5,antihorn,true,true,AntiHorn,Boolean,Theorem4,StarNestedAntiHorn,StructuralAntiHorn,,
car-un,1,5,square2cnf,true,true,Square2Cnf,Boolean,Theorem6,Square2CnfFormI,TwoSat,,
car-un,1,5,affine,true,true,Affine,Boolean,Theorem5,SingleGf2Equation,Gf2Gaussian,,
car-un,1,5,smart_certified,true,true,SmartCertified,Boolean,Proposition1,PathCompatibleExactRelations,PathCertified,,
car-un,1,5,cals,true,true,SmartCertified,Boolean,Proposition1,PathCompatibleExactRelations,PathCertified,,
car-un,1,5,cals_compact_explain,true,true,SmartCertified,Boolean,Proposition1,PathCompatibleExactRelations,PathCertified,,
car-un,1,7,unary,true,true,Unary,Boolean,UnaryBaseline,UnaryRelation,StructuralHorn,,
car-un,1,7,horn,true,true,Horn,Boolean,Theorem3,StarNestedHorn,StructuralHorn,,
car-un,1,7,antihorn,true,true,AntiHorn,Boolean,Theorem4,StarNestedAntiHorn,StructuralAntiHorn,,
car-un,1,7,square2cnf,true,true,Square2Cnf,Boolean,Theorem6,Square2CnfFormI,TwoSat,,
car-un,1,7,affine,true,true,Affine,Boolean,Theorem5,SingleGf2Equation,Gf2Gaussian,,
car-un,1,7,smart_certified,true,true,SmartCertified,Boolean,Proposition1,PathCompatibleExactRelations,PathCertified,,
car-un,1,7,cals,true,true,SmartCertified,Boolean,Proposition1,PathCompatibleExactRelations,PathCertified,,
car-un,1,7,cals_compact_explain,true,true,SmartCertified,Boolean,Proposition1,PathCompatibleExactRelations,PathCertified,,
car-un,2,5,unary,true,true,Unary,Boolean,UnaryBaseline,UnaryRelation,StructuralHorn,,
car-un,2,5,horn,true,true,Horn,Boolean,Theorem3,StarNestedHorn,StructuralHorn,,
car-un,2,5,antihorn,true,true,AntiHorn,Boolean,Theorem4,StarNestedAntiHorn,StructuralAntiHorn,,
car-un,2,5,square2cnf,true,true,Square2Cnf,Boolean,Theorem6,Square2CnfFormI,TwoSat,,
car-un,2,5,affine,true,true,Affine,Boolean,Theorem5,SingleGf2Equation,Gf2Gaussian,,
car-un,2,5,smart_certified,true,true,SmartCertified,Boolean,Proposition1,PathCompatibleExactRelations,PathCertified,,
car-un,2,5,cals,true,true,SmartCertified,Boolean,Proposition1,PathCompatibleExactRelations,PathCertified,,
car-un,2,5,cals_compact_explain,true,true,SmartCertified,Boolean,Proposition1,PathCompatibleExactRelations,PathCertified,,
car-un,2,7,unary,true,true,Unary,Boolean,UnaryBaseline,UnaryRelation,StructuralHorn,,
car-un,2,7,horn,true,true,Horn,Boolean,Theorem3,StarNestedHorn,StructuralHorn,,
car-un,2,7,antihorn,true,true,AntiHorn,Boolean,Theorem4,StarNestedAntiHorn,StructuralAntiHorn,,
car-un,2,7,square2cnf,true,true,Square2Cnf,Boolean,Theorem6,Square2CnfFormI,TwoSat,,
car-un,2,7,affine,true,true,Affine,Boolean,Theorem5,SingleGf2Equation,Gf2Gaussian,,
car-un,2,7,smart_certified,true,true,SmartCertified,Boolean,Proposition1,PathCompatibleExactRelations,PathCertified,,
car-un,2,7,cals,true,true,SmartCertified,Boolean,Proposition1,PathCompatibleExactRelations,PathCertified,,
car-un,2,7,cals_compact_explain,true,true,SmartCertified,Boolean,Proposition1,PathCompatibleExactRelations,PathCertified,,
car-un,3,5,unary,true,true,Unary,Boolean,UnaryBaseline,UnaryRelation,StructuralHorn,,
car-un,3,5,horn,true,true,Horn,Boolean,Theorem3,StarNestedHorn,StructuralHorn,,
car-un,3,5,antihorn,true,true,AntiHorn,Boolean,Theorem4,StarNestedAntiHorn,StructuralAntiHorn,,
car-un,3,5,square2cnf,true,true,Square2Cnf,Boolean,Theorem6,Square2CnfFormI,TwoSat,,
car-un,3,5,affine,true,true,Affine,Boolean,Theorem5,SingleGf2Equation,Gf2Gaussian,,
car-un,3,5,smart_certified,true,true,SmartCertified,Boolean,Proposition1,PathCompatibleExactRelations,PathCertified,,
car-un,3,5,cals,true,true,SmartCertified,Boolean,Proposition1,PathCompatibleExactRelations,PathCertified,,
car-un,3,5,cals_compact_explain,true,true,SmartCertified,Boolean,Proposition1,PathCompatibleExactRelations,PathCertified,,
car-un,3,7,unary,true,true,Unary,Boolean,UnaryBaseline,UnaryRelation,StructuralHorn,,
car-un,3,7,horn,true,true,Horn,Boolean,Theorem3,StarNestedHorn,StructuralHorn,,
car-un,3,7,antihorn,true,true,AntiHorn,Boolean,Theorem4,StarNestedAntiHorn,StructuralAntiHorn,,
car-un,3,7,square2cnf,true,true,Square2Cnf,Boolean,Theorem6,Square2CnfFormI,TwoSat,,
car-un,3,7,affine,true,true,Affine,Boolean,Theorem5,SingleGf2Equation,Gf2Gaussian,,
car-un,3,7,smart_certified,true,true,SmartCertified,Boolean,Proposition1,PathCompatibleExactRelations,PathCertified,,
car-un,3,7,cals,true,true,SmartCertified,Boolean,Proposition1,PathCompatibleExactRelations,PathCertified,,
car-un,3,7,cals_compact_explain,true,true,SmartCertified,Boolean,Proposition1,PathCompatibleExactRelations,PathCertified,,
car-un,4,5,unary,true,true,Unary,Boolean,UnaryBaseline,UnaryRelation,StructuralHorn,,
car-un,4,5,horn,true,true,Horn,Boolean,Theorem3,StarNestedHorn,StructuralHorn,,
car-un,4,5,antihorn,true,true,AntiHorn,Boolean,Theorem4,StarNestedAntiHorn,StructuralAntiHorn,,
car-un,4,5,square2cnf,true,true,Square2Cnf,Boolean,Theorem6,Square2CnfFormI,TwoSat,,
car-un,4,5,affine,true,true,Affine,Boolean,Theorem5,SingleGf2Equation,Gf2Gaussian,,
car-un,4,5,smart_certified,true,true,SmartCertified,Boolean,Proposition1,PathCompatibleExactRelations,PathCertified,,
car-un,4,5,cals,true,true,SmartCertified,Boolean,Proposition1,PathCompatibleExactRelations,PathCertified,,
car-un,4,5,cals_compact_explain,true,true,SmartCertified,Boolean,Proposition1,PathCompatibleExactRelations,PathCertified,,
car-un,4,7,unary,true,true,Unary,Boolean,UnaryBaseline,UnaryRelation,StructuralHorn,,
car-un,4,7,horn,true,true,Horn,Boolean,Theorem3,StarNestedHorn,StructuralHorn,,
car-un,4,7,antihorn,true,true,AntiHorn,Boolean,Theorem4,StarNestedAntiHorn,StructuralAntiHorn,,
car-un,4,7,square2cnf,true,true,Square2Cnf,Boolean,Theorem6,Square2CnfFormI,TwoSat,,
car-un,4,7,affine,true,true,Affine,Boolean,Theorem5,SingleGf2Equation,Gf2Gaussian,,
car-un,4,7,smart_certified,true,true,SmartCertified,Boolean,Proposition1,PathCompatibleExactRelations,PathCertified,,
car-un,4,7,cals,true,true,SmartCertified,Boolean,Proposition1,PathCompatibleExactRelations,PathCertified,,
car-un,4,7,cals_compact_explain,true,true,SmartCertified,Boolean,Proposition1,PathCompatibleExactRelations,PathCertified,,
car-un,5,5,unary,true,true,Unary,Boolean,UnaryBaseline,UnaryRelation,StructuralHorn,,
car-un,5,5,horn,true,true,Horn,Boolean,Theorem3,StarNestedHorn,StructuralHorn,,
car-un,5,5,antihorn,true,true,AntiHorn,Boolean,Theorem4,StarNestedAntiHorn,StructuralAntiHorn,,
car-un,5,5,square2cnf,true,true,Square2Cnf,Boolean,Theorem6,Square2CnfFormI,TwoSat,,
car-un,5,5,affine,true,true,Affine,Boolean,Theorem5,SingleGf2Equation,Gf2Gaussian,,
car-un,5,5,smart_certified,true,true,SmartCertified,Boolean,Proposition1,PathCompatibleExactRelations,PathCertified,,
car-un,5,5,cals,true,true,SmartCertified,Boolean,Proposition1,PathCompatibleExactRelations,PathCertified,,
car-un,5,5,cals_compact_explain,true,true,SmartCertified,Boolean,Proposition1,PathCompatibleExactRelations,PathCertified,,
car-un,5,7,unary,true,true,Unary,Boolean,UnaryBaseline,UnaryRelation,StructuralHorn,,
car-un,5,7,horn,true,true,Horn,Boolean,Theorem3,StarNestedHorn,StructuralHorn,,
car-un,5,7,antihorn,true,true,AntiHorn,Boolean,Theorem4,StarNestedAntiHorn,StructuralAntiHorn,,
car-un,5,7,square2cnf,true,true,Square2Cnf,Boolean,Theorem6,Square2CnfFormI,TwoSat,,
car-un,5,7,affine,true,true,Affine,Boolean,Theorem5,SingleGf2Equation,Gf2Gaussian,,
car-un,5,7,smart_certified,true,true,SmartCertified,Boolean,Proposition1,PathCompatibleExactRelations,PathCertified,,
car-un,5,7,cals,true,true,SmartCertified,Boolean,Proposition1,PathCompatibleExactRelations,PathCertified,,
car-un,5,7,cals_compact_explain,true,true,SmartCertified,Boolean,Proposition1,PathCompatibleExactRelations,PathCertified,,
car-un,6,5,unary,true,true,Unary,Boolean,UnaryBaseline,UnaryRelation,StructuralHorn,,
car-un,6,5,horn,true,true,Horn,Boolean,Theorem3,StarNestedHorn,StructuralHorn,,
car-un,6,5,antihorn,true,true,AntiHorn,Boolean,Theorem4,StarNestedAntiHorn,StructuralAntiHorn,,
car-un,6,5,square2cnf,true,true,Square2Cnf,Boolean,Theorem6,Square2CnfFormI,TwoSat,,
car-un,6,5,affine,true,true,Affine,Boolean,Theorem5,SingleGf2Equation,Gf2Gaussian,,
car-un,6,5,smart_certified,true,true,SmartCertified,Boolean,Proposition1,PathCompatibleExactRelations,PathCertified,,
car-un,6,5,cals,true,true,SmartCertified,Boolean,Proposition1,PathCompatibleExactRelations,PathCertified,,
car-un,6,5,cals_compact_explain,true,true,SmartCertified,Boolean,Proposition1,PathCompatibleExactRelations,PathCertified,,
car-un,6,7,unary,true,true,Unary,Boolean,UnaryBaseline,UnaryRelation,StructuralHorn,,
car-un,6,7,horn,true,true,Horn,Boolean,Theorem3,StarNestedHorn,StructuralHorn,,
car-un,6,7,antihorn,true,true,AntiHorn,Boolean,Theorem4,StarNestedAntiHorn,StructuralAntiHorn,,
car-un,6,7,square2cnf,true,true,Square2Cnf,Boolean,Theorem6,Square2CnfFormI,TwoSat,,
car-un,6,7,affine,true,true,Affine,Boolean,Theorem5,SingleGf2Equation,Gf2Gaussian,,
car-un,6,7,smart_certified,true,true,SmartCertified,Boolean,Proposition1,PathCompatibleExactRelations,PathCertified,,
car-un,6,7,cals,true,true,SmartCertified,Boolean,Proposition1,PathCompatibleExactRelations,PathCertified,,
car-un,6,7,cals_compact_explain,true,true,SmartCertified,Boolean,Proposition1,PathCompatibleExactRelations,PathCertified,,
car-un,7,5,unary,true,true,Unary,Boolean,UnaryBaseline,UnaryRelation,StructuralHorn,,
car-un,7,5,horn,true,true,Horn,Boolean,Theorem3,StarNestedHorn,StructuralHorn,,
car-un,7,5,antihorn,true,true,AntiHorn,Boolean,Theorem4,StarNestedAntiHorn,StructuralAntiHorn,,
car-un,7,5,square2cnf,true,true,Square2Cnf,Boolean,Theorem6,Square2CnfFormI,TwoSat,,
car-un,7,5,affine,true,true,Affine,Boolean,Theorem5,SingleGf2Equation,Gf2Gaussian,,
car-un,7,5,smart_certified,true,true,SmartCertified,Boolean,Proposition1,PathCompatibleExactRelations,PathCertified,,
car-un,7,5,cals,true,true,SmartCertified,Boolean,Proposition1,PathCompatibleExactRelations,PathCertified,,
car-un,7,5,cals_compact_explain,true,true,SmartCertified,Boolean,Proposition1,PathCompatibleExactRelations,PathCertified,,
car-un,7,7,unary,true,true,Unary,Boolean,UnaryBaseline,UnaryRelation,StructuralHorn,,
car-un,7,7,horn,true,true,Horn,Boolean,Theorem3,StarNestedHorn,StructuralHorn,,
car-un,7,7,antihorn,true,true,AntiHorn,Boolean,Theorem4,StarNestedAntiHorn,StructuralAntiHorn,,
car-un,7,7,square2cnf,true,true,Square2Cnf,Boolean,Theorem6,Square2CnfFormI,TwoSat,,
car-un,7,7,affine,true,true,Affine,Boolean,Theorem5,SingleGf2Equation,Gf2Gaussian,,
car-un,7,7,smart_certified,true,true,SmartCertified,Boolean,Proposition1,PathCompatibleExactRelations,PathCertified,,
car-un,7,7,cals,true,true,SmartCertified,Boolean,Proposition1,PathCompatibleExactRelations,PathCertified,,
car-un,7,7,cals_compact_explain,true,true,SmartCertified,Boolean,Proposition1,PathCompatibleExactRelations,PathCertified,,
car-un,8,5,unary,true,true,Unary,Boolean,UnaryBaseline,UnaryRelation,StructuralHorn,,
car-un,8,5,horn,true,true,Horn,Boolean,Theorem3,StarNestedHorn,StructuralHorn,,
car-un,8,5,antihorn,true,true,AntiHorn,Boolean,Theorem4,StarNestedAntiHorn,StructuralAntiHorn,,
car-un,8,5,square2cnf,true,true,Square2Cnf,Boolean,Theorem6,Square2CnfFormI,TwoSat,,
car-un,8,5,affine,true,true,Affine,Boolean,Theorem5,SingleGf2Equation,Gf2Gaussian,,
car-un,8,5,smart_certified,true,true,SmartCertified,Boolean,Proposition1,PathCompatibleExactRelations,PathCertified,,
car-un,8,5,cals,true,true,SmartCertified,Boolean,Proposition1,PathCompatibleExactRelations,PathCertified,,
car-un,8,5,cals_compact_explain,true,true,SmartCertified,Boolean,Proposition1,PathCompatibleExactRelations,PathCertified,,
car-un,8,7,unary,true,true,Unary,Boolean,UnaryBaseline,UnaryRelation,StructuralHorn,,
car-un,8,7,horn,true,true,Horn,Boolean,Theorem3,StarNestedHorn,StructuralHorn,,
car-un,8,7,antihorn,true,true,AntiHorn,Boolean,Theorem4,StarNestedAntiHorn,StructuralAntiHorn,,
car-un,8,7,square2cnf,true,true,Square2Cnf,Boolean,Theorem6,Square2CnfFormI,TwoSat,,
car-un,8,7,affine,true,true,Affine,Boolean,Theorem5,SingleGf2Equation,Gf2Gaussian,,
car-un,8,7,smart_certified,true,true,SmartCertified,Boolean,Proposition1,PathCompatibleExactRelations,PathCertified,,
car-un,8,7,cals,true,true,SmartCertified,Boolean,Proposition1,PathCompatibleExactRelations,PathCertified,,
car-un,8,7,cals_compact_explain,true,true,SmartCertified,Boolean,Proposition1,PathCompatibleExactRelations,PathCertified,,
car-un,9,5,unary,true,true,Unary,Boolean,UnaryBaseline,UnaryRelation,StructuralHorn,,
car-un,9,5,horn,true,true,Horn,Boolean,Theorem3,StarNestedHorn,StructuralHorn,,
car-un,9,5,antihorn,true,true,AntiHorn,Boolean,Theorem4,StarNestedAntiHorn,StructuralAntiHorn,,
car-un,9,5,square2cnf,true,true,Square2Cnf,Boolean,Theorem6,Square2CnfFormI,TwoSat,,
car-un,9,5,affine,true,true,Affine,Boolean,Theorem5,SingleGf2Equation,Gf2Gaussian,,
car-un,9,5,smart_certified,true,true,SmartCertified,Boolean,Proposition1,PathCompatibleExactRelations,PathCertified,,
car-un,9,5,cals,true,true,SmartCertified,Boolean,Proposition1,PathCompatibleExactRelations,PathCertified,,
car-un,9,5,cals_compact_explain,true,true,SmartCertified,Boolean,Proposition1,PathCompatibleExactRelations,PathCertified,,
car-un,9,7,unary,true,true,Unary,Boolean,UnaryBaseline,UnaryRelation,StructuralHorn,,
car-un,9,7,horn,true,true,Horn,Boolean,Theorem3,StarNestedHorn,StructuralHorn,,
car-un,9,7,antihorn,true,true,AntiHorn,Boolean,Theorem4,StarNestedAntiHorn,StructuralAntiHorn,,
car-un,9,7,square2cnf,true,true,Square2Cnf,Boolean,Theorem6,Square2CnfFormI,TwoSat,,
car-un,9,7,affine,true,true,Affine,Boolean,Theorem5,SingleGf2Equation,Gf2Gaussian,,
car-un,9,7,smart_certified,true,true,SmartCertified,Boolean,Proposition1,PathCompatibleExactRelations,PathCertified,,
car-un,9,7,cals,true,true,SmartCertified,Boolean,Proposition1,PathCompatibleExactRelations,PathCertified,,
car-un,9,7,cals_compact_explain,true,true,SmartCertified,Boolean,Proposition1,PathCompatibleExactRelations,PathCertified,,
car_evaluation-bin,0,5,unary,true,true,Unary,Boolean,UnaryBaseline,UnaryRelation,StructuralHorn,,
car_evaluation-bin,0,5,horn,true,true,Horn,Boolean,Theorem3,StarNestedHorn,StructuralHorn,,
car_evaluation-bin,0,5,antihorn,true,true,AntiHorn,Boolean,Theorem4,StarNestedAntiHorn,StructuralAntiHorn,,
car_evaluation-bin,0,5,square2cnf,true,true,Square2Cnf,Boolean,Theorem6,Square2CnfFormI,TwoSat,,
car_evaluation-bin,0,5,affine,true,true,Affine,Boolean,Theorem5,SingleGf2Equation,Gf2Gaussian,,
car_evaluation-bin,0,5,smart_certified,true,true,SmartCertified,Boolean,Proposition1,PathCompatibleExactRelations,PathCertified,,
car_evaluation-bin,0,5,cals,true,true,SmartCertified,Boolean,Proposition1,PathCompatibleExactRelations,PathCertified,,
car_evaluation-bin,0,5,cals_compact_explain,true,true,SmartCertified,Boolean,Proposition1,PathCompatibleExactRelations,PathCertified,,
car_evaluation-bin,0,7,unary,true,true,Unary,Boolean,UnaryBaseline,UnaryRelation,StructuralHorn,,
car_evaluation-bin,0,7,horn,true,true,Horn,Boolean,Theorem3,StarNestedHorn,StructuralHorn,,
car_evaluation-bin,0,7,antihorn,true,true,AntiHorn,Boolean,Theorem4,StarNestedAntiHorn,StructuralAntiHorn,,
car_evaluation-bin,0,7,square2cnf,true,true,Square2Cnf,Boolean,Theorem6,Square2CnfFormI,TwoSat,,
car_evaluation-bin,0,7,affine,true,true,Affine,Boolean,Theorem5,SingleGf2Equation,Gf2Gaussian,,
car_evaluation-bin,0,7,smart_certified,true,true,SmartCertified,Boolean,Proposition1,PathCompatibleExactRelations,PathCertified,,
car_evaluation-bin,0,7,cals,true,true,SmartCertified,Boolean,Proposition1,PathCompatibleExactRelations,PathCertified,,
car_evaluation-bin,0,7,cals_compact_explain,true,true,SmartCertified,Boolean,Proposition1,PathCompatibleExactRelations,PathCertified,,
car_evaluation-bin,1,5,unary,true,true,Unary,Boolean,UnaryBaseline,UnaryRelation,StructuralHorn,,
car_evaluation-bin,1,5,horn,true,true,Horn,Boolean,Theorem3,StarNestedHorn,StructuralHorn,,
car_evaluation-bin,1,5,antihorn,true,true,AntiHorn,Boolean,Theorem4,StarNestedAntiHorn,StructuralAntiHorn,,
car_evaluation-bin,1,5,square2cnf,true,true,Square2Cnf,Boolean,Theorem6,Square2CnfFormI,TwoSat,,
car_evaluation-bin,1,5,affine,true,true,Affine,Boolean,Theorem5,SingleGf2Equation,Gf2Gaussian,,
car_evaluation-bin,1,5,smart_certified,true,true,SmartCertified,Boolean,Proposition1,PathCompatibleExactRelations,PathCertified,,
car_evaluation-bin,1,5,cals,true,true,SmartCertified,Boolean,Proposition1,PathCompatibleExactRelations,PathCertified,,
car_evaluation-bin,1,5,cals_compact_explain,true,true,SmartCertified,Boolean,Proposition1,PathCompatibleExactRelations,PathCertified,,
car_evaluation-bin,1,7,unary,true,true,Unary,Boolean,UnaryBaseline,UnaryRelation,StructuralHorn,,
car_evaluation-bin,1,7,horn,true,true,Horn,Boolean,Theorem3,StarNestedHorn,StructuralHorn,,
car_evaluation-bin,1,7,antihorn,true,true,AntiHorn,Boolean,Theorem4,StarNestedAntiHorn,StructuralAntiHorn,,
car_evaluation-bin,1,7,square2cnf,true,true,Square2Cnf,Boolean,Theorem6,Square2CnfFormI,TwoSat,,
car_evaluation-bin,1,7,affine,true,true,Affine,Boolean,Theorem5,SingleGf2Equation,Gf2Gaussian,,
car_evaluation-bin,1,7,smart_certified,true,true,SmartCertified,Boolean,Proposition1,PathCompatibleExactRelations,PathCertified,,
car_evaluation-bin,1,7,cals,true,true,SmartCertified,Boolean,Proposition1,PathCompatibleExactRelations,PathCertified,,
car_evaluation-bin,1,7,cals_compact_explain,true,true,SmartCertified,Boolean,Proposition1,PathCompatibleExactRelations,PathCertified,,
car_evaluation-bin,2,5,unary,true,true,Unary,Boolean,UnaryBaseline,UnaryRelation,StructuralHorn,,
car_evaluation-bin,2,5,horn,true,true,Horn,Boolean,Theorem3,StarNestedHorn,StructuralHorn,,
car_evaluation-bin,2,5,antihorn,true,true,AntiHorn,Boolean,Theorem4,StarNestedAntiHorn,StructuralAntiHorn,,
car_evaluation-bin,2,5,square2cnf,true,true,Square2Cnf,Boolean,Theorem6,Square2CnfFormI,TwoSat,,
car_evaluation-bin,2,5,affine,true,true,Affine,Boolean,Theorem5,SingleGf2Equation,Gf2Gaussian,,
car_evaluation-bin,2,5,smart_certified,true,true,SmartCertified,Boolean,Proposition1,PathCompatibleExactRelations,PathCertified,,
car_evaluation-bin,2,5,cals,true,true,SmartCertified,Boolean,Proposition1,PathCompatibleExactRelations,PathCertified,,
car_evaluation-bin,2,5,cals_compact_explain,true,true,SmartCertified,Boolean,Proposition1,PathCompatibleExactRelations,PathCertified,,
car_evaluation-bin,2,7,unary,true,true,Unary,Boolean,UnaryBaseline,UnaryRelation,StructuralHorn,,
car_evaluation-bin,2,7,horn,true,true,Horn,Boolean,Theorem3,StarNestedHorn,StructuralHorn,,
car_evaluation-bin,2,7,antihorn,true,true,AntiHorn,Boolean,Theorem4,StarNestedAntiHorn,StructuralAntiHorn,,
car_evaluation-bin,2,7,square2cnf,true,true,Square2Cnf,Boolean,Theorem6,Square2CnfFormI,TwoSat,,
car_evaluation-bin,2,7,affine,true,true,Affine,Boolean,Theorem5,SingleGf2Equation,Gf2Gaussian,,
car_evaluation-bin,2,7,smart_certified,true,true,SmartCertified,Boolean,Proposition1,PathCompatibleExactRelations,PathCertified,,
car_evaluation-bin,2,7,cals,true,true,SmartCertified,Boolean,Proposition1,PathCompatibleExactRelations,PathCertified,,
car_evaluation-bin,2,7,cals_compact_explain,true,true,SmartCertified,Boolean,Proposition1,PathCompatibleExactRelations,PathCertified,,
car_evaluation-bin,3,5,unary,true,true,Unary,Boolean,UnaryBaseline,UnaryRelation,StructuralHorn,,
car_evaluation-bin,3,5,horn,true,true,Horn,Boolean,Theorem3,StarNestedHorn,StructuralHorn,,
car_evaluation-bin,3,5,antihorn,true,true,AntiHorn,Boolean,Theorem4,StarNestedAntiHorn,StructuralAntiHorn,,
car_evaluation-bin,3,5,square2cnf,true,true,Square2Cnf,Boolean,Theorem6,Square2CnfFormI,TwoSat,,
car_evaluation-bin,3,5,affine,true,true,Affine,Boolean,Theorem5,SingleGf2Equation,Gf2Gaussian,,
car_evaluation-bin,3,5,smart_certified,true,true,SmartCertified,Boolean,Proposition1,PathCompatibleExactRelations,PathCertified,,
car_evaluation-bin,3,5,cals,true,true,SmartCertified,Boolean,Proposition1,PathCompatibleExactRelations,PathCertified,,
car_evaluation-bin,3,5,cals_compact_explain,true,true,SmartCertified,Boolean,Proposition1,PathCompatibleExactRelations,PathCertified,,
car_evaluation-bin,3,7,unary,true,true,Unary,Boolean,UnaryBaseline,UnaryRelation,StructuralHorn,,
car_evaluation-bin,3,7,horn,true,true,Horn,Boolean,Theorem3,StarNestedHorn,StructuralHorn,,
car_evaluation-bin,3,7,antihorn,true,true,AntiHorn,Boolean,Theorem4,StarNestedAntiHorn,StructuralAntiHorn,,
car_evaluation-bin,3,7,square2cnf,true,true,Square2Cnf,Boolean,Theorem6,Square2CnfFormI,TwoSat,,
car_evaluation-bin,3,7,affine,true,true,Affine,Boolean,Theorem5,SingleGf2Equation,Gf2Gaussian,,
car_evaluation-bin,3,7,smart_certified,true,true,SmartCertified,Boolean,Proposition1,PathCompatibleExactRelations,PathCertified,,
car_evaluation-bin,3,7,cals,true,true,SmartCertified,Boolean,Proposition1,PathCompatibleExactRelations,PathCertified,,
car_evaluation-bin,3,7,cals_compact_explain,true,true,SmartCertified,Boolean,Proposition1,PathCompatibleExactRelations,PathCertified,,
car_evaluation-bin,4,5,unary,true,true,Unary,Boolean,UnaryBaseline,UnaryRelation,StructuralHorn,,
car_evaluation-bin,4,5,horn,true,true,Horn,Boolean,Theorem3,StarNestedHorn,StructuralHorn,,
car_evaluation-bin,4,5,antihorn,true,true,AntiHorn,Boolean,Theorem4,StarNestedAntiHorn,StructuralAntiHorn,,
car_evaluation-bin,4,5,square2cnf,true,true,Square2Cnf,Boolean,Theorem6,Square2CnfFormI,TwoSat,,
car_evaluation-bin,4,5,affine,true,true,Affine,Boolean,Theorem5,SingleGf2Equation,Gf2Gaussian,,
car_evaluation-bin,4,5,smart_certified,true,true,SmartCertified,Boolean,Proposition1,PathCompatibleExactRelations,PathCertified,,
car_evaluation-bin,4,5,cals,true,true,SmartCertified,Boolean,Proposition1,PathCompatibleExactRelations,PathCertified,,
car_evaluation-bin,4,5,cals_compact_explain,true,true,SmartCertified,Boolean,Proposition1,PathCompatibleExactRelations,PathCertified,,
car_evaluation-bin,4,7,unary,true,true,Unary,Boolean,UnaryBaseline,UnaryRelation,StructuralHorn,,
car_evaluation-bin,4,7,horn,true,true,Horn,Boolean,Theorem3,StarNestedHorn,StructuralHorn,,
car_evaluation-bin,4,7,antihorn,true,true,AntiHorn,Boolean,Theorem4,StarNestedAntiHorn,StructuralAntiHorn,,
car_evaluation-bin,4,7,square2cnf,true,true,Square2Cnf,Boolean,Theorem6,Square2CnfFormI,TwoSat,,
car_evaluation-bin,4,7,affine,true,true,Affine,Boolean,Theorem5,SingleGf2Equation,Gf2Gaussian,,
car_evaluation-bin,4,7,smart_certified,true,true,SmartCertified,Boolean,Proposition1,PathCompatibleExactRelations,PathCertified,,
car_evaluation-bin,4,7,cals,true,true,SmartCertified,Boolean,Proposition1,PathCompatibleExactRelations,PathCertified,,
car_evaluation-bin,4,7,cals_compact_explain,true,true,SmartCertified,Boolean,Proposition1,PathCompatibleExactRelations,PathCertified,,
car_evaluation-bin,5,5,unary,true,true,Unary,Boolean,UnaryBaseline,UnaryRelation,StructuralHorn,,
car_evaluation-bin,5,5,horn,true,true,Horn,Boolean,Theorem3,StarNestedHorn,StructuralHorn,,
car_evaluation-bin,5,5,antihorn,true,true,AntiHorn,Boolean,Theorem4,StarNestedAntiHorn,StructuralAntiHorn,,
car_evaluation-bin,5,5,square2cnf,true,true,Square2Cnf,Boolean,Theorem6,Square2CnfFormI,TwoSat,,
car_evaluation-bin,5,5,affine,true,true,Affine,Boolean,Theorem5,SingleGf2Equation,Gf2Gaussian,,
car_evaluation-bin,5,5,smart_certified,true,true,SmartCertified,Boolean,Proposition1,PathCompatibleExactRelations,PathCertified,,
car_evaluation-bin,5,5,cals,true,true,SmartCertified,Boolean,Proposition1,PathCompatibleExactRelations,PathCertified,,
car_evaluation-bin,5,5,cals_compact_explain,true,true,SmartCertified,Boolean,Proposition1,PathCompatibleExactRelations,PathCertified,,
car_evaluation-bin,5,7,unary,true,true,Unary,Boolean,UnaryBaseline,UnaryRelation,StructuralHorn,,
car_evaluation-bin,5,7,horn,true,true,Horn,Boolean,Theorem3,StarNestedHorn,StructuralHorn,,
car_evaluation-bin,5,7,antihorn,true,true,AntiHorn,Boolean,Theorem4,StarNestedAntiHorn,StructuralAntiHorn,,
car_evaluation-bin,5,7,square2cnf,true,true,Square2Cnf,Boolean,Theorem6,Square2CnfFormI,TwoSat,,
car_evaluation-bin,5,7,affine,true,true,Affine,Boolean,Theorem5,SingleGf2Equation,Gf2Gaussian,,
car_evaluation-bin,5,7,smart_certified,true,true,SmartCertified,Boolean,Proposition1,PathCompatibleExactRelations,PathCertified,,
car_evaluation-bin,5,7,cals,true,true,SmartCertified,Boolean,Proposition1,PathCompatibleExactRelations,PathCertified,,
car_evaluation-bin,5,7,cals_compact_explain,true,true,SmartCertified,Boolean,Proposition1,PathCompatibleExactRelations,PathCertified,,
car_evaluation-bin,6,5,unary,true,true,Unary,Boolean,UnaryBaseline,UnaryRelation,StructuralHorn,,
car_evaluation-bin,6,5,horn,true,true,Horn,Boolean,Theorem3,StarNestedHorn,StructuralHorn,,
car_evaluation-bin,6,5,antihorn,true,true,AntiHorn,Boolean,Theorem4,StarNestedAntiHorn,StructuralAntiHorn,,
car_evaluation-bin,6,5,square2cnf,true,true,Square2Cnf,Boolean,Theorem6,Square2CnfFormI,TwoSat,,
car_evaluation-bin,6,5,affine,true,true,Affine,Boolean,Theorem5,SingleGf2Equation,Gf2Gaussian,,
car_evaluation-bin,6,5,smart_certified,true,true,SmartCertified,Boolean,Proposition1,PathCompatibleExactRelations,PathCertified,,
car_evaluation-bin,6,5,cals,true,true,SmartCertified,Boolean,Proposition1,PathCompatibleExactRelations,PathCertified,,
car_evaluation-bin,6,5,cals_compact_explain,true,true,SmartCertified,Boolean,Proposition1,PathCompatibleExactRelations,PathCertified,,
car_evaluation-bin,6,7,unary,true,true,Unary,Boolean,UnaryBaseline,UnaryRelation,StructuralHorn,,
car_evaluation-bin,6,7,horn,true,true,Horn,Boolean,Theorem3,StarNestedHorn,StructuralHorn,,
car_evaluation-bin,6,7,antihorn,true,true,AntiHorn,Boolean,Theorem4,StarNestedAntiHorn,StructuralAntiHorn,,
car_evaluation-bin,6,7,square2cnf,true,true,Square2Cnf,Boolean,Theorem6,Square2CnfFormI,TwoSat,,
car_evaluation-bin,6,7,affine,true,true,Affine,Boolean,Theorem5,SingleGf2Equation,Gf2Gaussian,,
car_evaluation-bin,6,7,smart_certified,true,true,SmartCertified,Boolean,Proposition1,PathCompatibleExactRelations,PathCertified,,
car_evaluation-bin,6,7,cals,true,true,SmartCertified,Boolean,Proposition1,PathCompatibleExactRelations,PathCertified,,
car_evaluation-bin,6,7,cals_compact_explain,true,true,SmartCertified,Boolean,Proposition1,PathCompatibleExactRelations,PathCertified,,
car_evaluation-bin,7,5,unary,true,true,Unary,Boolean,UnaryBaseline,UnaryRelation,StructuralHorn,,
car_evaluation-bin,7,5,horn,true,true,Horn,Boolean,Theorem3,StarNestedHorn,StructuralHorn,,
car_evaluation-bin,7,5,antihorn,true,true,AntiHorn,Boolean,Theorem4,StarNestedAntiHorn,StructuralAntiHorn,,
car_evaluation-bin,7,5,square2cnf,true,true,Square2Cnf,Boolean,Theorem6,Square2CnfFormI,TwoSat,,
car_evaluation-bin,7,5,affine,true,true,Affine,Boolean,Theorem5,SingleGf2Equation,Gf2Gaussian,,
car_evaluation-bin,7,5,smart_certified,true,true,SmartCertified,Boolean,Proposition1,PathCompatibleExactRelations,PathCertified,,
car_evaluation-bin,7,5,cals,true,true,SmartCertified,Boolean,Proposition1,PathCompatibleExactRelations,PathCertified,,
car_evaluation-bin,7,5,cals_compact_explain,true,true,SmartCertified,Boolean,Proposition1,PathCompatibleExactRelations,PathCertified,,
car_evaluation-bin,7,7,unary,true,true,Unary,Boolean,UnaryBaseline,UnaryRelation,StructuralHorn,,
car_evaluation-bin,7,7,horn,true,true,Horn,Boolean,Theorem3,StarNestedHorn,StructuralHorn,,
car_evaluation-bin,7,7,antihorn,true,true,AntiHorn,Boolean,Theorem4,StarNestedAntiHorn,StructuralAntiHorn,,
car_evaluation-bin,7,7,square2cnf,true,true,Square2Cnf,Boolean,Theorem6,Square2CnfFormI,TwoSat,,
car_evaluation-bin,7,7,affine,true,true,Affine,Boolean,Theorem5,SingleGf2Equation,Gf2Gaussian,,
car_evaluation-bin,7,7,smart_certified,true,true,SmartCertified,Boolean,Proposition1,PathCompatibleExactRelations,PathCertified,,
car_evaluation-bin,7,7,cals,true,true,SmartCertified,Boolean,Proposition1,PathCompatibleExactRelations,PathCertified,,
car_evaluation-bin,7,7,cals_compact_explain,true,true,SmartCertified,Boolean,Proposition1,PathCompatibleExactRelations,PathCertified,,
car_evaluation-bin,8,5,unary,true,true,Unary,Boolean,UnaryBaseline,UnaryRelation,StructuralHorn,,
car_evaluation-bin,8,5,horn,true,true,Horn,Boolean,Theorem3,StarNestedHorn,StructuralHorn,,
car_evaluation-bin,8,5,antihorn,true,true,AntiHorn,Boolean,Theorem4,StarNestedAntiHorn,StructuralAntiHorn,,
car_evaluation-bin,8,5,square2cnf,true,true,Square2Cnf,Boolean,Theorem6,Square2CnfFormI,TwoSat,,
car_evaluation-bin,8,5,affine,true,true,Affine,Boolean,Theorem5,SingleGf2Equation,Gf2Gaussian,,
car_evaluation-bin,8,5,smart_certified,true,true,SmartCertified,Boolean,Proposition1,PathCompatibleExactRelations,PathCertified,,
car_evaluation-bin,8,5,cals,true,true,SmartCertified,Boolean,Proposition1,PathCompatibleExactRelations,PathCertified,,
car_evaluation-bin,8,5,cals_compact_explain,true,true,SmartCertified,Boolean,Proposition1,PathCompatibleExactRelations,PathCertified,,
car_evaluation-bin,8,7,unary,true,true,Unary,Boolean,UnaryBaseline,UnaryRelation,StructuralHorn,,
car_evaluation-bin,8,7,horn,true,true,Horn,Boolean,Theorem3,StarNestedHorn,StructuralHorn,,
car_evaluation-bin,8,7,antihorn,true,true,AntiHorn,Boolean,Theorem4,StarNestedAntiHorn,StructuralAntiHorn,,
car_evaluation-bin,8,7,square2cnf,true,true,Square2Cnf,Boolean,Theorem6,Square2CnfFormI,TwoSat,,
car_evaluation-bin,8,7,affine,true,true,Affine,Boolean,Theorem5,SingleGf2Equation,Gf2Gaussian,,
car_evaluation-bin,8,7,smart_certified,true,true,SmartCertified,Boolean,Proposition1,PathCompatibleExactRelations,PathCertified,,
car_evaluation-bin,8,7,cals,true,true,SmartCertified,Boolean,Proposition1,PathCompatibleExactRelations,PathCertified,,
car_evaluation-bin,8,7,cals_compact_explain,true,true,SmartCertified,Boolean,Proposition1,PathCompatibleExactRelations,PathCertified,,
car_evaluation-bin,9,5,unary,true,true,Unary,Boolean,UnaryBaseline,UnaryRelation,StructuralHorn,,
car_evaluation-bin,9,5,horn,true,true,Horn,Boolean,Theorem3,StarNestedHorn,StructuralHorn,,
car_evaluation-bin,9,5,antihorn,true,true,AntiHorn,Boolean,Theorem4,StarNestedAntiHorn,StructuralAntiHorn,,
car_evaluation-bin,9,5,square2cnf,true,true,Square2Cnf,Boolean,Theorem6,Square2CnfFormI,TwoSat,,
car_evaluation-bin,9,5,affine,true,true,Affine,Boolean,Theorem5,SingleGf2Equation,Gf2Gaussian,,
car_evaluation-bin,9,5,smart_certified,true,true,SmartCertified,Boolean,Proposition1,PathCompatibleExactRelations,PathCertified,,
car_evaluation-bin,9,5,cals,true,true,SmartCertified,Boolean,Proposition1,PathCompatibleExactRelations,PathCertified,,
car_evaluation-bin,9,5,cals_compact_explain,true,true,SmartCertified,Boolean,Proposition1,PathCompatibleExactRelations,PathCertified,,
car_evaluation-bin,9,7,unary,true,true,Unary,Boolean,UnaryBaseline,UnaryRelation,StructuralHorn,,
car_evaluation-bin,9,7,horn,true,true,Horn,Boolean,Theorem3,StarNestedHorn,StructuralHorn,,
car_evaluation-bin,9,7,antihorn,true,true,AntiHorn,Boolean,Theorem4,StarNestedAntiHorn,StructuralAntiHorn,,
car_evaluation-bin,9,7,square2cnf,true,true,Square2Cnf,Boolean,Theorem6,Square2CnfFormI,TwoSat,,
car_evaluation-bin,9,7,affine,true,true,Affine,Boolean,Theorem5,SingleGf2Equation,Gf2Gaussian,,
car_evaluation-bin,9,7,smart_certified,true,true,SmartCertified,Boolean,Proposition1,PathCompatibleExactRelations,PathCertified,,
car_evaluation-bin,9,7,cals,true,true,SmartCertified,Boolean,Proposition1,PathCompatibleExactRelations,PathCertified,,
car_evaluation-bin,9,7,cals_compact_explain,true,true,SmartCertified,Boolean,Proposition1,PathCompatibleExactRelations,PathCertified,,
compas_discretized,0,5,unary,true,true,Unary,Boolean,UnaryBaseline,UnaryRelation,StructuralHorn,,
compas_discretized,0,5,horn,true,true,Horn,Boolean,Theorem3,StarNestedHorn,StructuralHorn,,
compas_discretized,0,5,antihorn,true,true,AntiHorn,Boolean,Theorem4,StarNestedAntiHorn,StructuralAntiHorn,,
compas_discretized,0,5,square2cnf,true,true,Square2Cnf,Boolean,Theorem6,Square2CnfFormI,TwoSat,,
compas_discretized,0,5,affine,true,true,Affine,Boolean,Theorem5,SingleGf2Equation,Gf2Gaussian,,
compas_discretized,0,5,smart_certified,true,true,SmartCertified,Boolean,Proposition1,PathCompatibleExactRelations,PathCertified,,
compas_discretized,0,5,cals,true,true,SmartCertified,Boolean,Proposition1,PathCompatibleExactRelations,PathCertified,,
compas_discretized,0,5,cals_compact_explain,true,true,SmartCertified,Boolean,Proposition1,PathCompatibleExactRelations,PathCertified,,
compas_discretized,0,7,unary,true,true,Unary,Boolean,UnaryBaseline,UnaryRelation,StructuralHorn,,
compas_discretized,0,7,horn,true,true,Horn,Boolean,Theorem3,StarNestedHorn,StructuralHorn,,
compas_discretized,0,7,antihorn,true,true,AntiHorn,Boolean,Theorem4,StarNestedAntiHorn,StructuralAntiHorn,,
compas_discretized,0,7,square2cnf,true,true,Square2Cnf,Boolean,Theorem6,Square2CnfFormI,TwoSat,,
compas_discretized,0,7,affine,true,true,Affine,Boolean,Theorem5,SingleGf2Equation,Gf2Gaussian,,
compas_discretized,0,7,smart_certified,true,true,SmartCertified,Boolean,Proposition1,PathCompatibleExactRelations,PathCertified,,
compas_discretized,0,7,cals,true,true,SmartCertified,Boolean,Proposition1,PathCompatibleExactRelations,PathCertified,,
compas_discretized,0,7,cals_compact_explain,true,true,SmartCertified,Boolean,Proposition1,PathCompatibleExactRelations,PathCertified,,
compas_discretized,1,5,unary,true,true,Unary,Boolean,UnaryBaseline,UnaryRelation,StructuralHorn,,
compas_discretized,1,5,horn,true,true,Horn,Boolean,Theorem3,StarNestedHorn,StructuralHorn,,
compas_discretized,1,5,antihorn,true,true,AntiHorn,Boolean,Theorem4,StarNestedAntiHorn,StructuralAntiHorn,,
compas_discretized,1,5,square2cnf,true,true,Square2Cnf,Boolean,Theorem6,Square2CnfFormI,TwoSat,,
compas_discretized,1,5,affine,true,true,Affine,Boolean,Theorem5,SingleGf2Equation,Gf2Gaussian,,
compas_discretized,1,5,smart_certified,true,true,SmartCertified,Boolean,Proposition1,PathCompatibleExactRelations,PathCertified,,
compas_discretized,1,5,cals,true,true,SmartCertified,Boolean,Proposition1,PathCompatibleExactRelations,PathCertified,,
compas_discretized,1,5,cals_compact_explain,true,true,SmartCertified,Boolean,Proposition1,PathCompatibleExactRelations,PathCertified,,
compas_discretized,1,7,unary,true,true,Unary,Boolean,UnaryBaseline,UnaryRelation,StructuralHorn,,
compas_discretized,1,7,horn,true,true,Horn,Boolean,Theorem3,StarNestedHorn,StructuralHorn,,
compas_discretized,1,7,antihorn,true,true,AntiHorn,Boolean,Theorem4,StarNestedAntiHorn,StructuralAntiHorn,,
compas_discretized,1,7,square2cnf,true,true,Square2Cnf,Boolean,Theorem6,Square2CnfFormI,TwoSat,,
compas_discretized,1,7,affine,true,true,Affine,Boolean,Theorem5,SingleGf2Equation,Gf2Gaussian,,
compas_discretized,1,7,smart_certified,true,true,SmartCertified,Boolean,Proposition1,PathCompatibleExactRelations,PathCertified,,
compas_discretized,1,7,cals,true,true,SmartCertified,Boolean,Proposition1,PathCompatibleExactRelations,PathCertified,,
compas_discretized,1,7,cals_compact_explain,true,true,SmartCertified,Boolean,Proposition1,PathCompatibleExactRelations,PathCertified,,
compas_discretized,2,5,unary,true,true,Unary,Boolean,UnaryBaseline,UnaryRelation,StructuralHorn,,
compas_discretized,2,5,horn,true,true,Horn,Boolean,Theorem3,StarNestedHorn,StructuralHorn,,
compas_discretized,2,5,antihorn,true,true,AntiHorn,Boolean,Theorem4,StarNestedAntiHorn,StructuralAntiHorn,,
compas_discretized,2,5,square2cnf,true,true,Square2Cnf,Boolean,Theorem6,Square2CnfFormI,TwoSat,,
compas_discretized,2,5,affine,true,true,Affine,Boolean,Theorem5,SingleGf2Equation,Gf2Gaussian,,
compas_discretized,2,5,smart_certified,true,true,SmartCertified,Boolean,Proposition1,PathCompatibleExactRelations,PathCertified,,
compas_discretized,2,5,cals,true,true,SmartCertified,Boolean,Proposition1,PathCompatibleExactRelations,PathCertified,,
compas_discretized,2,5,cals_compact_explain,true,true,SmartCertified,Boolean,Proposition1,PathCompatibleExactRelations,PathCertified,,
compas_discretized,2,7,unary,true,true,Unary,Boolean,UnaryBaseline,UnaryRelation,StructuralHorn,,
compas_discretized,2,7,horn,true,true,Horn,Boolean,Theorem3,StarNestedHorn,StructuralHorn,,
compas_discretized,2,7,antihorn,true,true,AntiHorn,Boolean,Theorem4,StarNestedAntiHorn,StructuralAntiHorn,,
compas_discretized,2,7,square2cnf,true,true,Square2Cnf,Boolean,Theorem6,Square2CnfFormI,TwoSat,,
compas_discretized,2,7,affine,true,true,Affine,Boolean,Theorem5,SingleGf2Equation,Gf2Gaussian,,
compas_discretized,2,7,smart_certified,true,true,SmartCertified,Boolean,Proposition1,PathCompatibleExactRelations,PathCertified,,
compas_discretized,2,7,cals,true,true,SmartCertified,Boolean,Proposition1,PathCompatibleExactRelations,PathCertified,,
compas_discretized,2,7,cals_compact_explain,true,true,SmartCertified,Boolean,Proposition1,PathCompatibleExactRelations,PathCertified,,
compas_discretized,3,5,unary,true,true,Unary,Boolean,UnaryBaseline,UnaryRelation,StructuralHorn,,
compas_discretized,3,5,horn,true,true,Horn,Boolean,Theorem3,StarNestedHorn,StructuralHorn,,
compas_discretized,3,5,antihorn,true,true,AntiHorn,Boolean,Theorem4,StarNestedAntiHorn,StructuralAntiHorn,,
compas_discretized,3,5,square2cnf,true,true,Square2Cnf,Boolean,Theorem6,Square2CnfFormI,TwoSat,,
compas_discretized,3,5,affine,true,true,Affine,Boolean,Theorem5,SingleGf2Equation,Gf2Gaussian,,
compas_discretized,3,5,smart_certified,true,true,SmartCertified,Boolean,Proposition1,PathCompatibleExactRelations,PathCertified,,
compas_discretized,3,5,cals,true,true,SmartCertified,Boolean,Proposition1,PathCompatibleExactRelations,PathCertified,,
compas_discretized,3,5,cals_compact_explain,true,true,SmartCertified,Boolean,Proposition1,PathCompatibleExactRelations,PathCertified,,
compas_discretized,3,7,unary,true,true,Unary,Boolean,UnaryBaseline,UnaryRelation,StructuralHorn,,
compas_discretized,3,7,horn,true,true,Horn,Boolean,Theorem3,StarNestedHorn,StructuralHorn,,
compas_discretized,3,7,antihorn,true,true,AntiHorn,Boolean,Theorem4,StarNestedAntiHorn,StructuralAntiHorn,,
compas_discretized,3,7,square2cnf,true,true,Square2Cnf,Boolean,Theorem6,Square2CnfFormI,TwoSat,,
compas_discretized,3,7,affine,true,true,Affine,Boolean,Theorem5,SingleGf2Equation,Gf2Gaussian,,
compas_discretized,3,7,smart_certified,true,true,SmartCertified,Boolean,Proposition1,PathCompatibleExactRelations,PathCertified,,
compas_discretized,3,7,cals,true,true,SmartCertified,Boolean,Proposition1,PathCompatibleExactRelations,PathCertified,,
compas_discretized,3,7,cals_compact_explain,true,true,SmartCertified,Boolean,Proposition1,PathCompatibleExactRelations,PathCertified,,
compas_discretized,4,5,unary,true,true,Unary,Boolean,UnaryBaseline,UnaryRelation,StructuralHorn,,
compas_discretized,4,5,horn,true,true,Horn,Boolean,Theorem3,StarNestedHorn,StructuralHorn,,
compas_discretized,4,5,antihorn,true,true,AntiHorn,Boolean,Theorem4,StarNestedAntiHorn,StructuralAntiHorn,,
compas_discretized,4,5,square2cnf,true,true,Square2Cnf,Boolean,Theorem6,Square2CnfFormI,TwoSat,,
compas_discretized,4,5,affine,true,true,Affine,Boolean,Theorem5,SingleGf2Equation,Gf2Gaussian,,
compas_discretized,4,5,smart_certified,true,true,SmartCertified,Boolean,Proposition1,PathCompatibleExactRelations,PathCertified,,
compas_discretized,4,5,cals,true,true,SmartCertified,Boolean,Proposition1,PathCompatibleExactRelations,PathCertified,,
compas_discretized,4,5,cals_compact_explain,true,true,SmartCertified,Boolean,Proposition1,PathCompatibleExactRelations,PathCertified,,
compas_discretized,4,7,unary,true,true,Unary,Boolean,UnaryBaseline,UnaryRelation,StructuralHorn,,
compas_discretized,4,7,horn,true,true,Horn,Boolean,Theorem3,StarNestedHorn,StructuralHorn,,
compas_discretized,4,7,antihorn,true,true,AntiHorn,Boolean,Theorem4,StarNestedAntiHorn,StructuralAntiHorn,,
compas_discretized,4,7,square2cnf,true,true,Square2Cnf,Boolean,Theorem6,Square2CnfFormI,TwoSat,,
compas_discretized,4,7,affine,true,true,Affine,Boolean,Theorem5,SingleGf2Equation,Gf2Gaussian,,
compas_discretized,4,7,smart_certified,true,true,SmartCertified,Boolean,Proposition1,PathCompatibleExactRelations,PathCertified,,
compas_discretized,4,7,cals,true,true,SmartCertified,Boolean,Proposition1,PathCompatibleExactRelations,PathCertified,,
compas_discretized,4,7,cals_compact_explain,true,true,SmartCertified,Boolean,Proposition1,PathCompatibleExactRelations,PathCertified,,
compas_discretized,5,5,unary,true,true,Unary,Boolean,UnaryBaseline,UnaryRelation,StructuralHorn,,
compas_discretized,5,5,horn,true,true,Horn,Boolean,Theorem3,StarNestedHorn,StructuralHorn,,
compas_discretized,5,5,antihorn,true,true,AntiHorn,Boolean,Theorem4,StarNestedAntiHorn,StructuralAntiHorn,,
compas_discretized,5,5,square2cnf,true,true,Square2Cnf,Boolean,Theorem6,Square2CnfFormI,TwoSat,,
compas_discretized,5,5,affine,true,true,Affine,Boolean,Theorem5,SingleGf2Equation,Gf2Gaussian,,
compas_discretized,5,5,smart_certified,true,true,SmartCertified,Boolean,Proposition1,PathCompatibleExactRelations,PathCertified,,
compas_discretized,5,5,cals,true,true,SmartCertified,Boolean,Proposition1,PathCompatibleExactRelations,PathCertified,,
compas_discretized,5,5,cals_compact_explain,true,true,SmartCertified,Boolean,Proposition1,PathCompatibleExactRelations,PathCertified,,
compas_discretized,5,7,unary,true,true,Unary,Boolean,UnaryBaseline,UnaryRelation,StructuralHorn,,
compas_discretized,5,7,horn,true,true,Horn,Boolean,Theorem3,StarNestedHorn,StructuralHorn,,
compas_discretized,5,7,antihorn,true,true,AntiHorn,Boolean,Theorem4,StarNestedAntiHorn,StructuralAntiHorn,,
compas_discretized,5,7,square2cnf,true,true,Square2Cnf,Boolean,Theorem6,Square2CnfFormI,TwoSat,,
compas_discretized,5,7,affine,true,true,Affine,Boolean,Theorem5,SingleGf2Equation,Gf2Gaussian,,
compas_discretized,5,7,smart_certified,true,true,SmartCertified,Boolean,Proposition1,PathCompatibleExactRelations,PathCertified,,
compas_discretized,5,7,cals,true,true,SmartCertified,Boolean,Proposition1,PathCompatibleExactRelations,PathCertified,,
compas_discretized,5,7,cals_compact_explain,true,true,SmartCertified,Boolean,Proposition1,PathCompatibleExactRelations,PathCertified,,
compas_discretized,6,5,unary,true,true,Unary,Boolean,UnaryBaseline,UnaryRelation,StructuralHorn,,
compas_discretized,6,5,horn,true,true,Horn,Boolean,Theorem3,StarNestedHorn,StructuralHorn,,
compas_discretized,6,5,antihorn,true,true,AntiHorn,Boolean,Theorem4,StarNestedAntiHorn,StructuralAntiHorn,,
compas_discretized,6,5,square2cnf,true,true,Square2Cnf,Boolean,Theorem6,Square2CnfFormI,TwoSat,,
compas_discretized,6,5,affine,true,true,Affine,Boolean,Theorem5,SingleGf2Equation,Gf2Gaussian,,
compas_discretized,6,5,smart_certified,true,true,SmartCertified,Boolean,Proposition1,PathCompatibleExactRelations,PathCertified,,
compas_discretized,6,5,cals,true,true,SmartCertified,Boolean,Proposition1,PathCompatibleExactRelations,PathCertified,,
compas_discretized,6,5,cals_compact_explain,true,true,SmartCertified,Boolean,Proposition1,PathCompatibleExactRelations,PathCertified,,
compas_discretized,6,7,unary,true,true,Unary,Boolean,UnaryBaseline,UnaryRelation,StructuralHorn,,
compas_discretized,6,7,horn,true,true,Horn,Boolean,Theorem3,StarNestedHorn,StructuralHorn,,
compas_discretized,6,7,antihorn,true,true,AntiHorn,Boolean,Theorem4,StarNestedAntiHorn,StructuralAntiHorn,,
compas_discretized,6,7,square2cnf,true,true,Square2Cnf,Boolean,Theorem6,Square2CnfFormI,TwoSat,,
compas_discretized,6,7,affine,true,true,Affine,Boolean,Theorem5,SingleGf2Equation,Gf2Gaussian,,
compas_discretized,6,7,smart_certified,true,true,SmartCertified,Boolean,Proposition1,PathCompatibleExactRelations,PathCertified,,
compas_discretized,6,7,cals,true,true,SmartCertified,Boolean,Proposition1,PathCompatibleExactRelations,PathCertified,,
compas_discretized,6,7,cals_compact_explain,true,true,SmartCertified,Boolean,Proposition1,PathCompatibleExactRelations,PathCertified,,
compas_discretized,7,5,unary,true,true,Unary,Boolean,UnaryBaseline,UnaryRelation,StructuralHorn,,
compas_discretized,7,5,horn,true,true,Horn,Boolean,Theorem3,StarNestedHorn,StructuralHorn,,
compas_discretized,7,5,antihorn,true,true,AntiHorn,Boolean,Theorem4,StarNestedAntiHorn,StructuralAntiHorn,,
compas_discretized,7,5,square2cnf,true,true,Square2Cnf,Boolean,Theorem6,Square2CnfFormI,TwoSat,,
compas_discretized,7,5,affine,true,true,Affine,Boolean,Theorem5,SingleGf2Equation,Gf2Gaussian,,
compas_discretized,7,5,smart_certified,true,true,SmartCertified,Boolean,Proposition1,PathCompatibleExactRelations,PathCertified,,
compas_discretized,7,5,cals,true,true,SmartCertified,Boolean,Proposition1,PathCompatibleExactRelations,PathCertified,,
compas_discretized,7,5,cals_compact_explain,true,true,SmartCertified,Boolean,Proposition1,PathCompatibleExactRelations,PathCertified,,
compas_discretized,7,7,unary,true,true,Unary,Boolean,UnaryBaseline,UnaryRelation,StructuralHorn,,
compas_discretized,7,7,horn,true,true,Horn,Boolean,Theorem3,StarNestedHorn,StructuralHorn,,
compas_discretized,7,7,antihorn,true,true,AntiHorn,Boolean,Theorem4,StarNestedAntiHorn,StructuralAntiHorn,,
compas_discretized,7,7,square2cnf,true,true,Square2Cnf,Boolean,Theorem6,Square2CnfFormI,TwoSat,,
compas_discretized,7,7,affine,true,true,Affine,Boolean,Theorem5,SingleGf2Equation,Gf2Gaussian,,
compas_discretized,7,7,smart_certified,true,true,SmartCertified,Boolean,Proposition1,PathCompatibleExactRelations,PathCertified,,
compas_discretized,7,7,cals,true,true,SmartCertified,Boolean,Proposition1,PathCompatibleExactRelations,PathCertified,,
compas_discretized,7,7,cals_compact_explain,true,true,SmartCertified,Boolean,Proposition1,PathCompatibleExactRelations,PathCertified,,
compas_discretized,8,5,unary,true,true,Unary,Boolean,UnaryBaseline,UnaryRelation,StructuralHorn,,
compas_discretized,8,5,horn,true,true,Horn,Boolean,Theorem3,StarNestedHorn,StructuralHorn,,
compas_discretized,8,5,antihorn,true,true,AntiHorn,Boolean,Theorem4,StarNestedAntiHorn,StructuralAntiHorn,,
compas_discretized,8,5,square2cnf,true,true,Square2Cnf,Boolean,Theorem6,Square2CnfFormI,TwoSat,,
compas_discretized,8,5,affine,true,true,Affine,Boolean,Theorem5,SingleGf2Equation,Gf2Gaussian,,
compas_discretized,8,5,smart_certified,true,true,SmartCertified,Boolean,Proposition1,PathCompatibleExactRelations,PathCertified,,
compas_discretized,8,5,cals,true,true,SmartCertified,Boolean,Proposition1,PathCompatibleExactRelations,PathCertified,,
compas_discretized,8,5,cals_compact_explain,true,true,SmartCertified,Boolean,Proposition1,PathCompatibleExactRelations,PathCertified,,
compas_discretized,8,7,unary,true,true,Unary,Boolean,UnaryBaseline,UnaryRelation,StructuralHorn,,
compas_discretized,8,7,horn,true,true,Horn,Boolean,Theorem3,StarNestedHorn,StructuralHorn,,
compas_discretized,8,7,antihorn,true,true,AntiHorn,Boolean,Theorem4,StarNestedAntiHorn,StructuralAntiHorn,,
compas_discretized,8,7,square2cnf,true,true,Square2Cnf,Boolean,Theorem6,Square2CnfFormI,TwoSat,,
compas_discretized,8,7,affine,true,true,Affine,Boolean,Theorem5,SingleGf2Equation,Gf2Gaussian,,
compas_discretized,8,7,smart_certified,true,true,SmartCertified,Boolean,Proposition1,PathCompatibleExactRelations,PathCertified,,
compas_discretized,8,7,cals,true,true,SmartCertified,Boolean,Proposition1,PathCompatibleExactRelations,PathCertified,,
compas_discretized,8,7,cals_compact_explain,true,true,SmartCertified,Boolean,Proposition1,PathCompatibleExactRelations,PathCertified,,
compas_discretized,9,5,unary,true,true,Unary,Boolean,UnaryBaseline,UnaryRelation,StructuralHorn,,
compas_discretized,9,5,horn,true,true,Horn,Boolean,Theorem3,StarNestedHorn,StructuralHorn,,
compas_discretized,9,5,antihorn,true,true,AntiHorn,Boolean,Theorem4,StarNestedAntiHorn,StructuralAntiHorn,,
compas_discretized,9,5,square2cnf,true,true,Square2Cnf,Boolean,Theorem6,Square2CnfFormI,TwoSat,,
compas_discretized,9,5,affine,true,true,Affine,Boolean,Theorem5,SingleGf2Equation,Gf2Gaussian,,
compas_discretized,9,5,smart_certified,true,true,SmartCertified,Boolean,Proposition1,PathCompatibleExactRelations,PathCertified,,
compas_discretized,9,5,cals,true,true,SmartCertified,Boolean,Proposition1,PathCompatibleExactRelations,PathCertified,,
compas_discretized,9,5,cals_compact_explain,true,true,SmartCertified,Boolean,Proposition1,PathCompatibleExactRelations,PathCertified,,
compas_discretized,9,7,unary,true,true,Unary,Boolean,UnaryBaseline,UnaryRelation,StructuralHorn,,
compas_discretized,9,7,horn,true,true,Horn,Boolean,Theorem3,StarNestedHorn,StructuralHorn,,
compas_discretized,9,7,antihorn,true,true,AntiHorn,Boolean,Theorem4,StarNestedAntiHorn,StructuralAntiHorn,,
compas_discretized,9,7,square2cnf,true,true,Square2Cnf,Boolean,Theorem6,Square2CnfFormI,TwoSat,,
compas_discretized,9,7,affine,true,true,Affine,Boolean,Theorem5,SingleGf2Equation,Gf2Gaussian,,
compas_discretized,9,7,smart_certified,true,true,SmartCertified,Boolean,Proposition1,PathCompatibleExactRelations,PathCertified,,
compas_discretized,9,7,cals,true,true,SmartCertified,Boolean,Proposition1,PathCompatibleExactRelations,PathCertified,,
compas_discretized,9,7,cals_compact_explain,true,true,SmartCertified,Boolean,Proposition1,PathCompatibleExactRelations,PathCertified,,
diabetes,0,5,unary,true,true,Unary,Boolean,UnaryBaseline,UnaryRelation,StructuralHorn,,
diabetes,0,5,horn,true,true,Horn,Boolean,Theorem3,StarNestedHorn,StructuralHorn,,
diabetes,0,5,antihorn,true,true,AntiHorn,Boolean,Theorem4,StarNestedAntiHorn,StructuralAntiHorn,,
diabetes,0,5,square2cnf,true,true,Square2Cnf,Boolean,Theorem6,Square2CnfFormI,TwoSat,,
diabetes,0,5,affine,true,true,Affine,Boolean,Theorem5,SingleGf2Equation,Gf2Gaussian,,
diabetes,0,5,smart_certified,true,true,SmartCertified,Boolean,Proposition1,PathCompatibleExactRelations,PathCertified,,
diabetes,0,5,cals,true,true,SmartCertified,Boolean,Proposition1,PathCompatibleExactRelations,PathCertified,,
diabetes,0,5,cals_compact_explain,true,true,SmartCertified,Boolean,Proposition1,PathCompatibleExactRelations,PathCertified,,
diabetes,0,7,unary,true,true,Unary,Boolean,UnaryBaseline,UnaryRelation,StructuralHorn,,
diabetes,0,7,horn,true,true,Horn,Boolean,Theorem3,StarNestedHorn,StructuralHorn,,
diabetes,0,7,antihorn,true,true,AntiHorn,Boolean,Theorem4,StarNestedAntiHorn,StructuralAntiHorn,,
diabetes,0,7,square2cnf,true,true,Square2Cnf,Boolean,Theorem6,Square2CnfFormI,TwoSat,,
diabetes,0,7,affine,true,true,Affine,Boolean,Theorem5,SingleGf2Equation,Gf2Gaussian,,
diabetes,0,7,smart_certified,true,true,SmartCertified,Boolean,Proposition1,PathCompatibleExactRelations,PathCertified,,
diabetes,0,7,cals,true,true,SmartCertified,Boolean,Proposition1,PathCompatibleExactRelations,PathCertified,,
diabetes,0,7,cals_compact_explain,true,true,SmartCertified,Boolean,Proposition1,PathCompatibleExactRelations,PathCertified,,
diabetes,1,5,unary,true,true,Unary,Boolean,UnaryBaseline,UnaryRelation,StructuralHorn,,
diabetes,1,5,horn,true,true,Horn,Boolean,Theorem3,StarNestedHorn,StructuralHorn,,
diabetes,1,5,antihorn,true,true,AntiHorn,Boolean,Theorem4,StarNestedAntiHorn,StructuralAntiHorn,,
diabetes,1,5,square2cnf,true,true,Square2Cnf,Boolean,Theorem6,Square2CnfFormI,TwoSat,,
diabetes,1,5,affine,true,true,Affine,Boolean,Theorem5,SingleGf2Equation,Gf2Gaussian,,
diabetes,1,5,smart_certified,true,true,SmartCertified,Boolean,Proposition1,PathCompatibleExactRelations,PathCertified,,
diabetes,1,5,cals,true,true,SmartCertified,Boolean,Proposition1,PathCompatibleExactRelations,PathCertified,,
diabetes,1,5,cals_compact_explain,true,true,SmartCertified,Boolean,Proposition1,PathCompatibleExactRelations,PathCertified,,
diabetes,1,7,unary,true,true,Unary,Boolean,UnaryBaseline,UnaryRelation,StructuralHorn,,
diabetes,1,7,horn,true,true,Horn,Boolean,Theorem3,StarNestedHorn,StructuralHorn,,
diabetes,1,7,antihorn,true,true,AntiHorn,Boolean,Theorem4,StarNestedAntiHorn,StructuralAntiHorn,,
diabetes,1,7,square2cnf,true,true,Square2Cnf,Boolean,Theorem6,Square2CnfFormI,TwoSat,,
diabetes,1,7,affine,true,true,Affine,Boolean,Theorem5,SingleGf2Equation,Gf2Gaussian,,
diabetes,1,7,smart_certified,true,true,SmartCertified,Boolean,Proposition1,PathCompatibleExactRelations,PathCertified,,
diabetes,1,7,cals,true,true,SmartCertified,Boolean,Proposition1,PathCompatibleExactRelations,PathCertified,,
diabetes,1,7,cals_compact_explain,true,true,SmartCertified,Boolean,Proposition1,PathCompatibleExactRelations,PathCertified,,
diabetes,2,5,unary,true,true,Unary,Boolean,UnaryBaseline,UnaryRelation,StructuralHorn,,
diabetes,2,5,horn,true,true,Horn,Boolean,Theorem3,StarNestedHorn,StructuralHorn,,
diabetes,2,5,antihorn,true,true,AntiHorn,Boolean,Theorem4,StarNestedAntiHorn,StructuralAntiHorn,,
diabetes,2,5,square2cnf,true,true,Square2Cnf,Boolean,Theorem6,Square2CnfFormI,TwoSat,,
diabetes,2,5,affine,true,true,Affine,Boolean,Theorem5,SingleGf2Equation,Gf2Gaussian,,
diabetes,2,5,smart_certified,true,true,SmartCertified,Boolean,Proposition1,PathCompatibleExactRelations,PathCertified,,
diabetes,2,5,cals,true,true,SmartCertified,Boolean,Proposition1,PathCompatibleExactRelations,PathCertified,,
diabetes,2,5,cals_compact_explain,true,true,SmartCertified,Boolean,Proposition1,PathCompatibleExactRelations,PathCertified,,
diabetes,2,7,unary,true,true,Unary,Boolean,UnaryBaseline,UnaryRelation,StructuralHorn,,
diabetes,2,7,horn,true,true,Horn,Boolean,Theorem3,StarNestedHorn,StructuralHorn,,
diabetes,2,7,antihorn,true,true,AntiHorn,Boolean,Theorem4,StarNestedAntiHorn,StructuralAntiHorn,,
diabetes,2,7,square2cnf,true,true,Square2Cnf,Boolean,Theorem6,Square2CnfFormI,TwoSat,,
diabetes,2,7,affine,true,true,Affine,Boolean,Theorem5,SingleGf2Equation,Gf2Gaussian,,
diabetes,2,7,smart_certified,true,true,SmartCertified,Boolean,Proposition1,PathCompatibleExactRelations,PathCertified,,
diabetes,2,7,cals,true,true,SmartCertified,Boolean,Proposition1,PathCompatibleExactRelations,PathCertified,,
diabetes,2,7,cals_compact_explain,true,true,SmartCertified,Boolean,Proposition1,PathCompatibleExactRelations,PathCertified,,
diabetes,3,5,unary,true,true,Unary,Boolean,UnaryBaseline,UnaryRelation,StructuralHorn,,
diabetes,3,5,horn,true,true,Horn,Boolean,Theorem3,StarNestedHorn,StructuralHorn,,
diabetes,3,5,antihorn,true,true,AntiHorn,Boolean,Theorem4,StarNestedAntiHorn,StructuralAntiHorn,,
diabetes,3,5,square2cnf,true,true,Square2Cnf,Boolean,Theorem6,Square2CnfFormI,TwoSat,,
diabetes,3,5,affine,true,true,Affine,Boolean,Theorem5,SingleGf2Equation,Gf2Gaussian,,
diabetes,3,5,smart_certified,true,true,SmartCertified,Boolean,Proposition1,PathCompatibleExactRelations,PathCertified,,
diabetes,3,5,cals,true,true,SmartCertified,Boolean,Proposition1,PathCompatibleExactRelations,PathCertified,,
diabetes,3,5,cals_compact_explain,true,true,SmartCertified,Boolean,Proposition1,PathCompatibleExactRelations,PathCertified,,
diabetes,3,7,unary,true,true,Unary,Boolean,UnaryBaseline,UnaryRelation,StructuralHorn,,
diabetes,3,7,horn,true,true,Horn,Boolean,Theorem3,StarNestedHorn,StructuralHorn,,
diabetes,3,7,antihorn,true,true,AntiHorn,Boolean,Theorem4,StarNestedAntiHorn,StructuralAntiHorn,,
diabetes,3,7,square2cnf,true,true,Square2Cnf,Boolean,Theorem6,Square2CnfFormI,TwoSat,,
diabetes,3,7,affine,true,true,Affine,Boolean,Theorem5,SingleGf2Equation,Gf2Gaussian,,
diabetes,3,7,smart_certified,true,true,SmartCertified,Boolean,Proposition1,PathCompatibleExactRelations,PathCertified,,
diabetes,3,7,cals,true,true,SmartCertified,Boolean,Proposition1,PathCompatibleExactRelations,PathCertified,,
diabetes,3,7,cals_compact_explain,true,true,SmartCertified,Boolean,Proposition1,PathCompatibleExactRelations,PathCertified,,
diabetes,4,5,unary,true,true,Unary,Boolean,UnaryBaseline,UnaryRelation,StructuralHorn,,
diabetes,4,5,horn,true,true,Horn,Boolean,Theorem3,StarNestedHorn,StructuralHorn,,
diabetes,4,5,antihorn,true,true,AntiHorn,Boolean,Theorem4,StarNestedAntiHorn,StructuralAntiHorn,,
diabetes,4,5,square2cnf,true,true,Square2Cnf,Boolean,Theorem6,Square2CnfFormI,TwoSat,,
diabetes,4,5,affine,true,true,Affine,Boolean,Theorem5,SingleGf2Equation,Gf2Gaussian,,
diabetes,4,5,smart_certified,true,true,SmartCertified,Boolean,Proposition1,PathCompatibleExactRelations,PathCertified,,
diabetes,4,5,cals,true,true,SmartCertified,Boolean,Proposition1,PathCompatibleExactRelations,PathCertified,,
diabetes,4,5,cals_compact_explain,true,true,SmartCertified,Boolean,Proposition1,PathCompatibleExactRelations,PathCertified,,
diabetes,4,7,unary,true,true,Unary,Boolean,UnaryBaseline,UnaryRelation,StructuralHorn,,
diabetes,4,7,horn,true,true,Horn,Boolean,Theorem3,StarNestedHorn,StructuralHorn,,
diabetes,4,7,antihorn,true,true,AntiHorn,Boolean,Theorem4,StarNestedAntiHorn,StructuralAntiHorn,,
diabetes,4,7,square2cnf,true,true,Square2Cnf,Boolean,Theorem6,Square2CnfFormI,TwoSat,,
diabetes,4,7,affine,true,true,Affine,Boolean,Theorem5,SingleGf2Equation,Gf2Gaussian,,
diabetes,4,7,smart_certified,true,true,SmartCertified,Boolean,Proposition1,PathCompatibleExactRelations,PathCertified,,
diabetes,4,7,cals,true,true,SmartCertified,Boolean,Proposition1,PathCompatibleExactRelations,PathCertified,,
diabetes,4,7,cals_compact_explain,true,true,SmartCertified,Boolean,Proposition1,PathCompatibleExactRelations,PathCertified,,
diabetes,5,5,unary,true,true,Unary,Boolean,UnaryBaseline,UnaryRelation,StructuralHorn,,
diabetes,5,5,horn,true,true,Horn,Boolean,Theorem3,StarNestedHorn,StructuralHorn,,
diabetes,5,5,antihorn,true,true,AntiHorn,Boolean,Theorem4,StarNestedAntiHorn,StructuralAntiHorn,,
diabetes,5,5,square2cnf,true,true,Square2Cnf,Boolean,Theorem6,Square2CnfFormI,TwoSat,,
diabetes,5,5,affine,true,true,Affine,Boolean,Theorem5,SingleGf2Equation,Gf2Gaussian,,
diabetes,5,5,smart_certified,true,true,SmartCertified,Boolean,Proposition1,PathCompatibleExactRelations,PathCertified,,
diabetes,5,5,cals,true,true,SmartCertified,Boolean,Proposition1,PathCompatibleExactRelations,PathCertified,,
diabetes,5,5,cals_compact_explain,true,true,SmartCertified,Boolean,Proposition1,PathCompatibleExactRelations,PathCertified,,
diabetes,5,7,unary,true,true,Unary,Boolean,UnaryBaseline,UnaryRelation,StructuralHorn,,
diabetes,5,7,horn,true,true,Horn,Boolean,Theorem3,StarNestedHorn,StructuralHorn,,
diabetes,5,7,antihorn,true,true,AntiHorn,Boolean,Theorem4,StarNestedAntiHorn,StructuralAntiHorn,,
diabetes,5,7,square2cnf,true,true,Square2Cnf,Boolean,Theorem6,Square2CnfFormI,TwoSat,,
diabetes,5,7,affine,true,true,Affine,Boolean,Theorem5,SingleGf2Equation,Gf2Gaussian,,
diabetes,5,7,smart_certified,true,true,SmartCertified,Boolean,Proposition1,PathCompatibleExactRelations,PathCertified,,
diabetes,5,7,cals,true,true,SmartCertified,Boolean,Proposition1,PathCompatibleExactRelations,PathCertified,,
diabetes,5,7,cals_compact_explain,true,true,SmartCertified,Boolean,Proposition1,PathCompatibleExactRelations,PathCertified,,
diabetes,6,5,unary,true,true,Unary,Boolean,UnaryBaseline,UnaryRelation,StructuralHorn,,
diabetes,6,5,horn,true,true,Horn,Boolean,Theorem3,StarNestedHorn,StructuralHorn,,
diabetes,6,5,antihorn,true,true,AntiHorn,Boolean,Theorem4,StarNestedAntiHorn,StructuralAntiHorn,,
diabetes,6,5,square2cnf,true,true,Square2Cnf,Boolean,Theorem6,Square2CnfFormI,TwoSat,,
diabetes,6,5,affine,true,true,Affine,Boolean,Theorem5,SingleGf2Equation,Gf2Gaussian,,
diabetes,6,5,smart_certified,true,true,SmartCertified,Boolean,Proposition1,PathCompatibleExactRelations,PathCertified,,
diabetes,6,5,cals,true,true,SmartCertified,Boolean,Proposition1,PathCompatibleExactRelations,PathCertified,,
diabetes,6,5,cals_compact_explain,true,true,SmartCertified,Boolean,Proposition1,PathCompatibleExactRelations,PathCertified,,
diabetes,6,7,unary,true,true,Unary,Boolean,UnaryBaseline,UnaryRelation,StructuralHorn,,
diabetes,6,7,horn,true,true,Horn,Boolean,Theorem3,StarNestedHorn,StructuralHorn,,
diabetes,6,7,antihorn,true,true,AntiHorn,Boolean,Theorem4,StarNestedAntiHorn,StructuralAntiHorn,,
diabetes,6,7,square2cnf,true,true,Square2Cnf,Boolean,Theorem6,Square2CnfFormI,TwoSat,,
diabetes,6,7,affine,true,true,Affine,Boolean,Theorem5,SingleGf2Equation,Gf2Gaussian,,
diabetes,6,7,smart_certified,true,true,SmartCertified,Boolean,Proposition1,PathCompatibleExactRelations,PathCertified,,
diabetes,6,7,cals,true,true,SmartCertified,Boolean,Proposition1,PathCompatibleExactRelations,PathCertified,,
diabetes,6,7,cals_compact_explain,true,true,SmartCertified,Boolean,Proposition1,PathCompatibleExactRelations,PathCertified,,
diabetes,7,5,unary,true,true,Unary,Boolean,UnaryBaseline,UnaryRelation,StructuralHorn,,
diabetes,7,5,horn,true,true,Horn,Boolean,Theorem3,StarNestedHorn,StructuralHorn,,
diabetes,7,5,antihorn,true,true,AntiHorn,Boolean,Theorem4,StarNestedAntiHorn,StructuralAntiHorn,,
diabetes,7,5,square2cnf,true,true,Square2Cnf,Boolean,Theorem6,Square2CnfFormI,TwoSat,,
diabetes,7,5,affine,true,true,Affine,Boolean,Theorem5,SingleGf2Equation,Gf2Gaussian,,
diabetes,7,5,smart_certified,true,true,SmartCertified,Boolean,Proposition1,PathCompatibleExactRelations,PathCertified,,
diabetes,7,5,cals,true,true,SmartCertified,Boolean,Proposition1,PathCompatibleExactRelations,PathCertified,,
diabetes,7,5,cals_compact_explain,true,true,SmartCertified,Boolean,Proposition1,PathCompatibleExactRelations,PathCertified,,
diabetes,7,7,unary,true,true,Unary,Boolean,UnaryBaseline,UnaryRelation,StructuralHorn,,
diabetes,7,7,horn,true,true,Horn,Boolean,Theorem3,StarNestedHorn,StructuralHorn,,
diabetes,7,7,antihorn,true,true,AntiHorn,Boolean,Theorem4,StarNestedAntiHorn,StructuralAntiHorn,,
diabetes,7,7,square2cnf,true,true,Square2Cnf,Boolean,Theorem6,Square2CnfFormI,TwoSat,,
diabetes,7,7,affine,true,true,Affine,Boolean,Theorem5,SingleGf2Equation,Gf2Gaussian,,
diabetes,7,7,smart_certified,true,true,SmartCertified,Boolean,Proposition1,PathCompatibleExactRelations,PathCertified,,
diabetes,7,7,cals,true,true,SmartCertified,Boolean,Proposition1,PathCompatibleExactRelations,PathCertified,,
diabetes,7,7,cals_compact_explain,true,true,SmartCertified,Boolean,Proposition1,PathCompatibleExactRelations,PathCertified,,
diabetes,8,5,unary,true,true,Unary,Boolean,UnaryBaseline,UnaryRelation,StructuralHorn,,
diabetes,8,5,horn,true,true,Horn,Boolean,Theorem3,StarNestedHorn,StructuralHorn,,
diabetes,8,5,antihorn,true,true,AntiHorn,Boolean,Theorem4,StarNestedAntiHorn,StructuralAntiHorn,,
diabetes,8,5,square2cnf,true,true,Square2Cnf,Boolean,Theorem6,Square2CnfFormI,TwoSat,,
diabetes,8,5,affine,true,true,Affine,Boolean,Theorem5,SingleGf2Equation,Gf2Gaussian,,
diabetes,8,5,smart_certified,true,true,SmartCertified,Boolean,Proposition1,PathCompatibleExactRelations,PathCertified,,
diabetes,8,5,cals,true,true,SmartCertified,Boolean,Proposition1,PathCompatibleExactRelations,PathCertified,,
diabetes,8,5,cals_compact_explain,true,true,SmartCertified,Boolean,Proposition1,PathCompatibleExactRelations,PathCertified,,
diabetes,8,7,unary,true,true,Unary,Boolean,UnaryBaseline,UnaryRelation,StructuralHorn,,
diabetes,8,7,horn,true,true,Horn,Boolean,Theorem3,StarNestedHorn,StructuralHorn,,
diabetes,8,7,antihorn,true,true,AntiHorn,Boolean,Theorem4,StarNestedAntiHorn,StructuralAntiHorn,,
diabetes,8,7,square2cnf,true,true,Square2Cnf,Boolean,Theorem6,Square2CnfFormI,TwoSat,,
diabetes,8,7,affine,true,true,Affine,Boolean,Theorem5,SingleGf2Equation,Gf2Gaussian,,
diabetes,8,7,smart_certified,true,true,SmartCertified,Boolean,Proposition1,PathCompatibleExactRelations,PathCertified,,
diabetes,8,7,cals,true,true,SmartCertified,Boolean,Proposition1,PathCompatibleExactRelations,PathCertified,,
diabetes,8,7,cals_compact_explain,true,true,SmartCertified,Boolean,Proposition1,PathCompatibleExactRelations,PathCertified,,
diabetes,9,5,unary,true,true,Unary,Boolean,UnaryBaseline,UnaryRelation,StructuralHorn,,
diabetes,9,5,horn,true,true,Horn,Boolean,Theorem3,StarNestedHorn,StructuralHorn,,
diabetes,9,5,antihorn,true,true,AntiHorn,Boolean,Theorem4,StarNestedAntiHorn,StructuralAntiHorn,,
diabetes,9,5,square2cnf,true,true,Square2Cnf,Boolean,Theorem6,Square2CnfFormI,TwoSat,,
diabetes,9,5,affine,true,true,Affine,Boolean,Theorem5,SingleGf2Equation,Gf2Gaussian,,
diabetes,9,5,smart_certified,true,true,SmartCertified,Boolean,Proposition1,PathCompatibleExactRelations,PathCertified,,
diabetes,9,5,cals,true,true,SmartCertified,Boolean,Proposition1,PathCompatibleExactRelations,PathCertified,,
diabetes,9,5,cals_compact_explain,true,true,SmartCertified,Boolean,Proposition1,PathCompatibleExactRelations,PathCertified,,
diabetes,9,7,unary,true,true,Unary,Boolean,UnaryBaseline,UnaryRelation,StructuralHorn,,
diabetes,9,7,horn,true,true,Horn,Boolean,Theorem3,StarNestedHorn,StructuralHorn,,
diabetes,9,7,antihorn,true,true,AntiHorn,Boolean,Theorem4,StarNestedAntiHorn,StructuralAntiHorn,,
diabetes,9,7,square2cnf,true,true,Square2Cnf,Boolean,Theorem6,Square2CnfFormI,TwoSat,,
diabetes,9,7,affine,true,true,Affine,Boolean,Theorem5,SingleGf2Equation,Gf2Gaussian,,
diabetes,9,7,smart_certified,true,true,SmartCertified,Boolean,Proposition1,PathCompatibleExactRelations,PathCertified,,
diabetes,9,7,cals,true,true,SmartCertified,Boolean,Proposition1,PathCompatibleExactRelations,PathCertified,,
diabetes,9,7,cals_compact_explain,true,true,SmartCertified,Boolean,Proposition1,PathCompatibleExactRelations,PathCertified,,
forest-fires-un,0,5,unary,true,true,Unary,Boolean,UnaryBaseline,UnaryRelation,StructuralHorn,,
forest-fires-un,0,5,horn,true,true,Horn,Boolean,Theorem3,StarNestedHorn,StructuralHorn,,
forest-fires-un,0,5,antihorn,true,true,AntiHorn,Boolean,Theorem4,StarNestedAntiHorn,StructuralAntiHorn,,
forest-fires-un,0,5,square2cnf,true,true,Square2Cnf,Boolean,Theorem6,Square2CnfFormI,TwoSat,,
forest-fires-un,0,5,affine,true,true,Affine,Boolean,Theorem5,SingleGf2Equation,Gf2Gaussian,,
forest-fires-un,0,5,smart_certified,true,true,SmartCertified,Boolean,Proposition1,PathCompatibleExactRelations,PathCertified,,
forest-fires-un,0,5,cals,true,true,SmartCertified,Boolean,Proposition1,PathCompatibleExactRelations,PathCertified,,
forest-fires-un,0,5,cals_compact_explain,true,true,SmartCertified,Boolean,Proposition1,PathCompatibleExactRelations,PathCertified,,
forest-fires-un,0,7,unary,true,true,Unary,Boolean,UnaryBaseline,UnaryRelation,StructuralHorn,,
forest-fires-un,0,7,horn,true,true,Horn,Boolean,Theorem3,StarNestedHorn,StructuralHorn,,
forest-fires-un,0,7,antihorn,true,true,AntiHorn,Boolean,Theorem4,StarNestedAntiHorn,StructuralAntiHorn,,
forest-fires-un,0,7,square2cnf,true,true,Square2Cnf,Boolean,Theorem6,Square2CnfFormI,TwoSat,,
forest-fires-un,0,7,affine,true,true,Affine,Boolean,Theorem5,SingleGf2Equation,Gf2Gaussian,,
forest-fires-un,0,7,smart_certified,true,true,SmartCertified,Boolean,Proposition1,PathCompatibleExactRelations,PathCertified,,
forest-fires-un,0,7,cals,true,true,SmartCertified,Boolean,Proposition1,PathCompatibleExactRelations,PathCertified,,
forest-fires-un,0,7,cals_compact_explain,true,true,SmartCertified,Boolean,Proposition1,PathCompatibleExactRelations,PathCertified,,
forest-fires-un,1,5,unary,true,true,Unary,Boolean,UnaryBaseline,UnaryRelation,StructuralHorn,,
forest-fires-un,1,5,horn,true,true,Horn,Boolean,Theorem3,StarNestedHorn,StructuralHorn,,
forest-fires-un,1,5,antihorn,true,true,AntiHorn,Boolean,Theorem4,StarNestedAntiHorn,StructuralAntiHorn,,
forest-fires-un,1,5,square2cnf,true,true,Square2Cnf,Boolean,Theorem6,Square2CnfFormI,TwoSat,,
forest-fires-un,1,5,affine,true,true,Affine,Boolean,Theorem5,SingleGf2Equation,Gf2Gaussian,,
forest-fires-un,1,5,smart_certified,true,true,SmartCertified,Boolean,Proposition1,PathCompatibleExactRelations,PathCertified,,
forest-fires-un,1,5,cals,true,true,SmartCertified,Boolean,Proposition1,PathCompatibleExactRelations,PathCertified,,
forest-fires-un,1,5,cals_compact_explain,true,true,SmartCertified,Boolean,Proposition1,PathCompatibleExactRelations,PathCertified,,
forest-fires-un,1,7,unary,true,true,Unary,Boolean,UnaryBaseline,UnaryRelation,StructuralHorn,,
forest-fires-un,1,7,horn,true,true,Horn,Boolean,Theorem3,StarNestedHorn,StructuralHorn,,
forest-fires-un,1,7,antihorn,true,true,AntiHorn,Boolean,Theorem4,StarNestedAntiHorn,StructuralAntiHorn,,
forest-fires-un,1,7,square2cnf,true,true,Square2Cnf,Boolean,Theorem6,Square2CnfFormI,TwoSat,,
forest-fires-un,1,7,affine,true,true,Affine,Boolean,Theorem5,SingleGf2Equation,Gf2Gaussian,,
forest-fires-un,1,7,smart_certified,true,true,SmartCertified,Boolean,Proposition1,PathCompatibleExactRelations,PathCertified,,
forest-fires-un,1,7,cals,true,true,SmartCertified,Boolean,Proposition1,PathCompatibleExactRelations,PathCertified,,
forest-fires-un,1,7,cals_compact_explain,true,true,SmartCertified,Boolean,Proposition1,PathCompatibleExactRelations,PathCertified,,
forest-fires-un,2,5,unary,true,true,Unary,Boolean,UnaryBaseline,UnaryRelation,StructuralHorn,,
forest-fires-un,2,5,horn,true,true,Horn,Boolean,Theorem3,StarNestedHorn,StructuralHorn,,
forest-fires-un,2,5,antihorn,true,true,AntiHorn,Boolean,Theorem4,StarNestedAntiHorn,StructuralAntiHorn,,
forest-fires-un,2,5,square2cnf,true,true,Square2Cnf,Boolean,Theorem6,Square2CnfFormI,TwoSat,,
forest-fires-un,2,5,affine,true,true,Affine,Boolean,Theorem5,SingleGf2Equation,Gf2Gaussian,,
forest-fires-un,2,5,smart_certified,true,true,SmartCertified,Boolean,Proposition1,PathCompatibleExactRelations,PathCertified,,
forest-fires-un,2,5,cals,true,true,SmartCertified,Boolean,Proposition1,PathCompatibleExactRelations,PathCertified,,
forest-fires-un,2,5,cals_compact_explain,true,true,SmartCertified,Boolean,Proposition1,PathCompatibleExactRelations,PathCertified,,
forest-fires-un,2,7,unary,true,true,Unary,Boolean,UnaryBaseline,UnaryRelation,StructuralHorn,,
forest-fires-un,2,7,horn,true,true,Horn,Boolean,Theorem3,StarNestedHorn,StructuralHorn,,
forest-fires-un,2,7,antihorn,true,true,AntiHorn,Boolean,Theorem4,StarNestedAntiHorn,StructuralAntiHorn,,
forest-fires-un,2,7,square2cnf,true,true,Square2Cnf,Boolean,Theorem6,Square2CnfFormI,TwoSat,,
forest-fires-un,2,7,affine,true,true,Affine,Boolean,Theorem5,SingleGf2Equation,Gf2Gaussian,,
forest-fires-un,2,7,smart_certified,true,true,SmartCertified,Boolean,Proposition1,PathCompatibleExactRelations,PathCertified,,
forest-fires-un,2,7,cals,true,true,SmartCertified,Boolean,Proposition1,PathCompatibleExactRelations,PathCertified,,
forest-fires-un,2,7,cals_compact_explain,true,true,SmartCertified,Boolean,Proposition1,PathCompatibleExactRelations,PathCertified,,
forest-fires-un,3,5,unary,true,true,Unary,Boolean,UnaryBaseline,UnaryRelation,StructuralHorn,,
forest-fires-un,3,5,horn,true,true,Horn,Boolean,Theorem3,StarNestedHorn,StructuralHorn,,
forest-fires-un,3,5,antihorn,true,true,AntiHorn,Boolean,Theorem4,StarNestedAntiHorn,StructuralAntiHorn,,
forest-fires-un,3,5,square2cnf,true,true,Square2Cnf,Boolean,Theorem6,Square2CnfFormI,TwoSat,,
forest-fires-un,3,5,affine,true,true,Affine,Boolean,Theorem5,SingleGf2Equation,Gf2Gaussian,,
forest-fires-un,3,5,smart_certified,true,true,SmartCertified,Boolean,Proposition1,PathCompatibleExactRelations,PathCertified,,
forest-fires-un,3,5,cals,true,true,SmartCertified,Boolean,Proposition1,PathCompatibleExactRelations,PathCertified,,
forest-fires-un,3,5,cals_compact_explain,true,true,SmartCertified,Boolean,Proposition1,PathCompatibleExactRelations,PathCertified,,
forest-fires-un,3,7,unary,true,true,Unary,Boolean,UnaryBaseline,UnaryRelation,StructuralHorn,,
forest-fires-un,3,7,horn,true,true,Horn,Boolean,Theorem3,StarNestedHorn,StructuralHorn,,
forest-fires-un,3,7,antihorn,true,true,AntiHorn,Boolean,Theorem4,StarNestedAntiHorn,StructuralAntiHorn,,
forest-fires-un,3,7,square2cnf,true,true,Square2Cnf,Boolean,Theorem6,Square2CnfFormI,TwoSat,,
forest-fires-un,3,7,affine,true,true,Affine,Boolean,Theorem5,SingleGf2Equation,Gf2Gaussian,,
forest-fires-un,3,7,smart_certified,true,true,SmartCertified,Boolean,Proposition1,PathCompatibleExactRelations,PathCertified,,
forest-fires-un,3,7,cals,true,true,SmartCertified,Boolean,Proposition1,PathCompatibleExactRelations,PathCertified,,
forest-fires-un,3,7,cals_compact_explain,true,true,SmartCertified,Boolean,Proposition1,PathCompatibleExactRelations,PathCertified,,
forest-fires-un,4,5,unary,true,true,Unary,Boolean,UnaryBaseline,UnaryRelation,StructuralHorn,,
forest-fires-un,4,5,horn,true,true,Horn,Boolean,Theorem3,StarNestedHorn,StructuralHorn,,
forest-fires-un,4,5,antihorn,true,true,AntiHorn,Boolean,Theorem4,StarNestedAntiHorn,StructuralAntiHorn,,
forest-fires-un,4,5,square2cnf,true,true,Square2Cnf,Boolean,Theorem6,Square2CnfFormI,TwoSat,,
forest-fires-un,4,5,affine,true,true,Affine,Boolean,Theorem5,SingleGf2Equation,Gf2Gaussian,,
forest-fires-un,4,5,smart_certified,true,true,SmartCertified,Boolean,Proposition1,PathCompatibleExactRelations,PathCertified,,
forest-fires-un,4,5,cals,true,true,SmartCertified,Boolean,Proposition1,PathCompatibleExactRelations,PathCertified,,
forest-fires-un,4,5,cals_compact_explain,true,true,SmartCertified,Boolean,Proposition1,PathCompatibleExactRelations,PathCertified,,
forest-fires-un,4,7,unary,true,true,Unary,Boolean,UnaryBaseline,UnaryRelation,StructuralHorn,,
forest-fires-un,4,7,horn,true,true,Horn,Boolean,Theorem3,StarNestedHorn,StructuralHorn,,
forest-fires-un,4,7,antihorn,true,true,AntiHorn,Boolean,Theorem4,StarNestedAntiHorn,StructuralAntiHorn,,
forest-fires-un,4,7,square2cnf,true,true,Square2Cnf,Boolean,Theorem6,Square2CnfFormI,TwoSat,,
forest-fires-un,4,7,affine,true,true,Affine,Boolean,Theorem5,SingleGf2Equation,Gf2Gaussian,,
forest-fires-un,4,7,smart_certified,true,true,SmartCertified,Boolean,Proposition1,PathCompatibleExactRelations,PathCertified,,
forest-fires-un,4,7,cals,true,true,SmartCertified,Boolean,Proposition1,PathCompatibleExactRelations,PathCertified,,
forest-fires-un,4,7,cals_compact_explain,true,true,SmartCertified,Boolean,Proposition1,PathCompatibleExactRelations,PathCertified,,
forest-fires-un,5,5,unary,true,true,Unary,Boolean,UnaryBaseline,UnaryRelation,StructuralHorn,,
forest-fires-un,5,5,horn,true,true,Horn,Boolean,Theorem3,StarNestedHorn,StructuralHorn,,
forest-fires-un,5,5,antihorn,true,true,AntiHorn,Boolean,Theorem4,StarNestedAntiHorn,StructuralAntiHorn,,
forest-fires-un,5,5,square2cnf,true,true,Square2Cnf,Boolean,Theorem6,Square2CnfFormI,TwoSat,,
forest-fires-un,5,5,affine,true,true,Affine,Boolean,Theorem5,SingleGf2Equation,Gf2Gaussian,,
forest-fires-un,5,5,smart_certified,true,true,SmartCertified,Boolean,Proposition1,PathCompatibleExactRelations,PathCertified,,
forest-fires-un,5,5,cals,true,true,SmartCertified,Boolean,Proposition1,PathCompatibleExactRelations,PathCertified,,
forest-fires-un,5,5,cals_compact_explain,true,true,SmartCertified,Boolean,Proposition1,PathCompatibleExactRelations,PathCertified,,
forest-fires-un,5,7,unary,true,true,Unary,Boolean,UnaryBaseline,UnaryRelation,StructuralHorn,,
forest-fires-un,5,7,horn,true,true,Horn,Boolean,Theorem3,StarNestedHorn,StructuralHorn,,
forest-fires-un,5,7,antihorn,true,true,AntiHorn,Boolean,Theorem4,StarNestedAntiHorn,StructuralAntiHorn,,
forest-fires-un,5,7,square2cnf,true,true,Square2Cnf,Boolean,Theorem6,Square2CnfFormI,TwoSat,,
forest-fires-un,5,7,affine,true,true,Affine,Boolean,Theorem5,SingleGf2Equation,Gf2Gaussian,,
forest-fires-un,5,7,smart_certified,true,true,SmartCertified,Boolean,Proposition1,PathCompatibleExactRelations,PathCertified,,
forest-fires-un,5,7,cals,true,true,SmartCertified,Boolean,Proposition1,PathCompatibleExactRelations,PathCertified,,
forest-fires-un,5,7,cals_compact_explain,true,true,SmartCertified,Boolean,Proposition1,PathCompatibleExactRelations,PathCertified,,
forest-fires-un,6,5,unary,true,true,Unary,Boolean,UnaryBaseline,UnaryRelation,StructuralHorn,,
forest-fires-un,6,5,horn,true,true,Horn,Boolean,Theorem3,StarNestedHorn,StructuralHorn,,
forest-fires-un,6,5,antihorn,true,true,AntiHorn,Boolean,Theorem4,StarNestedAntiHorn,StructuralAntiHorn,,
forest-fires-un,6,5,square2cnf,true,true,Square2Cnf,Boolean,Theorem6,Square2CnfFormI,TwoSat,,
forest-fires-un,6,5,affine,true,true,Affine,Boolean,Theorem5,SingleGf2Equation,Gf2Gaussian,,
forest-fires-un,6,5,smart_certified,true,true,SmartCertified,Boolean,Proposition1,PathCompatibleExactRelations,PathCertified,,
forest-fires-un,6,5,cals,true,true,SmartCertified,Boolean,Proposition1,PathCompatibleExactRelations,PathCertified,,
forest-fires-un,6,5,cals_compact_explain,true,true,SmartCertified,Boolean,Proposition1,PathCompatibleExactRelations,PathCertified,,
forest-fires-un,6,7,unary,true,true,Unary,Boolean,UnaryBaseline,UnaryRelation,StructuralHorn,,
forest-fires-un,6,7,horn,true,true,Horn,Boolean,Theorem3,StarNestedHorn,StructuralHorn,,
forest-fires-un,6,7,antihorn,true,true,AntiHorn,Boolean,Theorem4,StarNestedAntiHorn,StructuralAntiHorn,,
forest-fires-un,6,7,square2cnf,true,true,Square2Cnf,Boolean,Theorem6,Square2CnfFormI,TwoSat,,
forest-fires-un,6,7,affine,true,true,Affine,Boolean,Theorem5,SingleGf2Equation,Gf2Gaussian,,
forest-fires-un,6,7,smart_certified,true,true,SmartCertified,Boolean,Proposition1,PathCompatibleExactRelations,PathCertified,,
forest-fires-un,6,7,cals,true,true,SmartCertified,Boolean,Proposition1,PathCompatibleExactRelations,PathCertified,,
forest-fires-un,6,7,cals_compact_explain,true,true,SmartCertified,Boolean,Proposition1,PathCompatibleExactRelations,PathCertified,,
forest-fires-un,7,5,unary,true,true,Unary,Boolean,UnaryBaseline,UnaryRelation,StructuralHorn,,
forest-fires-un,7,5,horn,true,true,Horn,Boolean,Theorem3,StarNestedHorn,StructuralHorn,,
forest-fires-un,7,5,antihorn,true,true,AntiHorn,Boolean,Theorem4,StarNestedAntiHorn,StructuralAntiHorn,,
forest-fires-un,7,5,square2cnf,true,true,Square2Cnf,Boolean,Theorem6,Square2CnfFormI,TwoSat,,
forest-fires-un,7,5,affine,true,true,Affine,Boolean,Theorem5,SingleGf2Equation,Gf2Gaussian,,
forest-fires-un,7,5,smart_certified,true,true,SmartCertified,Boolean,Proposition1,PathCompatibleExactRelations,PathCertified,,
forest-fires-un,7,5,cals,true,true,SmartCertified,Boolean,Proposition1,PathCompatibleExactRelations,PathCertified,,
forest-fires-un,7,5,cals_compact_explain,true,true,SmartCertified,Boolean,Proposition1,PathCompatibleExactRelations,PathCertified,,
forest-fires-un,7,7,unary,true,true,Unary,Boolean,UnaryBaseline,UnaryRelation,StructuralHorn,,
forest-fires-un,7,7,horn,true,true,Horn,Boolean,Theorem3,StarNestedHorn,StructuralHorn,,
forest-fires-un,7,7,antihorn,true,true,AntiHorn,Boolean,Theorem4,StarNestedAntiHorn,StructuralAntiHorn,,
forest-fires-un,7,7,square2cnf,true,true,Square2Cnf,Boolean,Theorem6,Square2CnfFormI,TwoSat,,
forest-fires-un,7,7,affine,true,true,Affine,Boolean,Theorem5,SingleGf2Equation,Gf2Gaussian,,
forest-fires-un,7,7,smart_certified,true,true,SmartCertified,Boolean,Proposition1,PathCompatibleExactRelations,PathCertified,,
forest-fires-un,7,7,cals,true,true,SmartCertified,Boolean,Proposition1,PathCompatibleExactRelations,PathCertified,,
forest-fires-un,7,7,cals_compact_explain,true,true,SmartCertified,Boolean,Proposition1,PathCompatibleExactRelations,PathCertified,,
forest-fires-un,8,5,unary,true,true,Unary,Boolean,UnaryBaseline,UnaryRelation,StructuralHorn,,
forest-fires-un,8,5,horn,true,true,Horn,Boolean,Theorem3,StarNestedHorn,StructuralHorn,,
forest-fires-un,8,5,antihorn,true,true,AntiHorn,Boolean,Theorem4,StarNestedAntiHorn,StructuralAntiHorn,,
forest-fires-un,8,5,square2cnf,true,true,Square2Cnf,Boolean,Theorem6,Square2CnfFormI,TwoSat,,
forest-fires-un,8,5,affine,true,true,Affine,Boolean,Theorem5,SingleGf2Equation,Gf2Gaussian,,
forest-fires-un,8,5,smart_certified,true,true,SmartCertified,Boolean,Proposition1,PathCompatibleExactRelations,PathCertified,,
forest-fires-un,8,5,cals,true,true,SmartCertified,Boolean,Proposition1,PathCompatibleExactRelations,PathCertified,,
forest-fires-un,8,5,cals_compact_explain,true,true,SmartCertified,Boolean,Proposition1,PathCompatibleExactRelations,PathCertified,,
forest-fires-un,8,7,unary,true,true,Unary,Boolean,UnaryBaseline,UnaryRelation,StructuralHorn,,
forest-fires-un,8,7,horn,true,true,Horn,Boolean,Theorem3,StarNestedHorn,StructuralHorn,,
forest-fires-un,8,7,antihorn,true,true,AntiHorn,Boolean,Theorem4,StarNestedAntiHorn,StructuralAntiHorn,,
forest-fires-un,8,7,square2cnf,true,true,Square2Cnf,Boolean,Theorem6,Square2CnfFormI,TwoSat,,
forest-fires-un,8,7,affine,true,true,Affine,Boolean,Theorem5,SingleGf2Equation,Gf2Gaussian,,
forest-fires-un,8,7,smart_certified,true,true,SmartCertified,Boolean,Proposition1,PathCompatibleExactRelations,PathCertified,,
forest-fires-un,8,7,cals,true,true,SmartCertified,Boolean,Proposition1,PathCompatibleExactRelations,PathCertified,,
forest-fires-un,8,7,cals_compact_explain,true,true,SmartCertified,Boolean,Proposition1,PathCompatibleExactRelations,PathCertified,,
forest-fires-un,9,5,unary,true,true,Unary,Boolean,UnaryBaseline,UnaryRelation,StructuralHorn,,
forest-fires-un,9,5,horn,true,true,Horn,Boolean,Theorem3,StarNestedHorn,StructuralHorn,,
forest-fires-un,9,5,antihorn,true,true,AntiHorn,Boolean,Theorem4,StarNestedAntiHorn,StructuralAntiHorn,,
forest-fires-un,9,5,square2cnf,true,true,Square2Cnf,Boolean,Theorem6,Square2CnfFormI,TwoSat,,
forest-fires-un,9,5,affine,true,true,Affine,Boolean,Theorem5,SingleGf2Equation,Gf2Gaussian,,
forest-fires-un,9,5,smart_certified,true,true,SmartCertified,Boolean,Proposition1,PathCompatibleExactRelations,PathCertified,,
forest-fires-un,9,5,cals,true,true,SmartCertified,Boolean,Proposition1,PathCompatibleExactRelations,PathCertified,,
forest-fires-un,9,5,cals_compact_explain,true,true,SmartCertified,Boolean,Proposition1,PathCompatibleExactRelations,PathCertified,,
forest-fires-un,9,7,unary,true,true,Unary,Boolean,UnaryBaseline,UnaryRelation,StructuralHorn,,
forest-fires-un,9,7,horn,true,true,Horn,Boolean,Theorem3,StarNestedHorn,StructuralHorn,,
forest-fires-un,9,7,antihorn,true,true,AntiHorn,Boolean,Theorem4,StarNestedAntiHorn,StructuralAntiHorn,,
forest-fires-un,9,7,square2cnf,true,true,Square2Cnf,Boolean,Theorem6,Square2CnfFormI,TwoSat,,
forest-fires-un,9,7,affine,true,true,Affine,Boolean,Theorem5,SingleGf2Equation,Gf2Gaussian,,
forest-fires-un,9,7,smart_certified,true,true,SmartCertified,Boolean,Proposition1,PathCompatibleExactRelations,PathCertified,,
forest-fires-un,9,7,cals,true,true,SmartCertified,Boolean,Proposition1,PathCompatibleExactRelations,PathCertified,,
forest-fires-un,9,7,cals_compact_explain,true,true,SmartCertified,Boolean,Proposition1,PathCompatibleExactRelations,PathCertified,,
german-credit,0,5,unary,true,true,Unary,Boolean,UnaryBaseline,UnaryRelation,StructuralHorn,,
german-credit,0,5,horn,true,true,Horn,Boolean,Theorem3,StarNestedHorn,StructuralHorn,,
german-credit,0,5,antihorn,true,true,AntiHorn,Boolean,Theorem4,StarNestedAntiHorn,StructuralAntiHorn,,
german-credit,0,5,square2cnf,true,true,Square2Cnf,Boolean,Theorem6,Square2CnfFormI,TwoSat,,
german-credit,0,5,affine,true,true,Affine,Boolean,Theorem5,SingleGf2Equation,Gf2Gaussian,,
german-credit,0,5,smart_certified,true,true,SmartCertified,Boolean,Proposition1,PathCompatibleExactRelations,PathCertified,,
german-credit,0,5,cals,true,true,SmartCertified,Boolean,Proposition1,PathCompatibleExactRelations,PathCertified,,
german-credit,0,5,cals_compact_explain,true,true,SmartCertified,Boolean,Proposition1,PathCompatibleExactRelations,PathCertified,,
german-credit,0,7,unary,true,true,Unary,Boolean,UnaryBaseline,UnaryRelation,StructuralHorn,,
german-credit,0,7,horn,true,true,Horn,Boolean,Theorem3,StarNestedHorn,StructuralHorn,,
german-credit,0,7,antihorn,true,true,AntiHorn,Boolean,Theorem4,StarNestedAntiHorn,StructuralAntiHorn,,
german-credit,0,7,square2cnf,true,true,Square2Cnf,Boolean,Theorem6,Square2CnfFormI,TwoSat,,
german-credit,0,7,affine,true,true,Affine,Boolean,Theorem5,SingleGf2Equation,Gf2Gaussian,,
german-credit,0,7,smart_certified,true,true,SmartCertified,Boolean,Proposition1,PathCompatibleExactRelations,PathCertified,,
german-credit,0,7,cals,true,true,SmartCertified,Boolean,Proposition1,PathCompatibleExactRelations,PathCertified,,
german-credit,0,7,cals_compact_explain,true,true,SmartCertified,Boolean,Proposition1,PathCompatibleExactRelations,PathCertified,,
german-credit,1,5,unary,true,true,Unary,Boolean,UnaryBaseline,UnaryRelation,StructuralHorn,,
german-credit,1,5,horn,true,true,Horn,Boolean,Theorem3,StarNestedHorn,StructuralHorn,,
german-credit,1,5,antihorn,true,true,AntiHorn,Boolean,Theorem4,StarNestedAntiHorn,StructuralAntiHorn,,
german-credit,1,5,square2cnf,true,true,Square2Cnf,Boolean,Theorem6,Square2CnfFormI,TwoSat,,
german-credit,1,5,affine,true,true,Affine,Boolean,Theorem5,SingleGf2Equation,Gf2Gaussian,,
german-credit,1,5,smart_certified,true,true,SmartCertified,Boolean,Proposition1,PathCompatibleExactRelations,PathCertified,,
german-credit,1,5,cals,true,true,SmartCertified,Boolean,Proposition1,PathCompatibleExactRelations,PathCertified,,
german-credit,1,5,cals_compact_explain,true,true,SmartCertified,Boolean,Proposition1,PathCompatibleExactRelations,PathCertified,,
german-credit,1,7,unary,true,true,Unary,Boolean,UnaryBaseline,UnaryRelation,StructuralHorn,,
german-credit,1,7,horn,true,true,Horn,Boolean,Theorem3,StarNestedHorn,StructuralHorn,,
german-credit,1,7,antihorn,true,true,AntiHorn,Boolean,Theorem4,StarNestedAntiHorn,StructuralAntiHorn,,
german-credit,1,7,square2cnf,true,true,Square2Cnf,Boolean,Theorem6,Square2CnfFormI,TwoSat,,
german-credit,1,7,affine,true,true,Affine,Boolean,Theorem5,SingleGf2Equation,Gf2Gaussian,,
german-credit,1,7,smart_certified,true,true,SmartCertified,Boolean,Proposition1,PathCompatibleExactRelations,PathCertified,,
german-credit,1,7,cals,true,true,SmartCertified,Boolean,Proposition1,PathCompatibleExactRelations,PathCertified,,
german-credit,1,7,cals_compact_explain,true,true,SmartCertified,Boolean,Proposition1,PathCompatibleExactRelations,PathCertified,,
german-credit,2,5,unary,true,true,Unary,Boolean,UnaryBaseline,UnaryRelation,StructuralHorn,,
german-credit,2,5,horn,true,true,Horn,Boolean,Theorem3,StarNestedHorn,StructuralHorn,,
german-credit,2,5,antihorn,true,true,AntiHorn,Boolean,Theorem4,StarNestedAntiHorn,StructuralAntiHorn,,
german-credit,2,5,square2cnf,true,true,Square2Cnf,Boolean,Theorem6,Square2CnfFormI,TwoSat,,
german-credit,2,5,affine,true,true,Affine,Boolean,Theorem5,SingleGf2Equation,Gf2Gaussian,,
german-credit,2,5,smart_certified,true,true,SmartCertified,Boolean,Proposition1,PathCompatibleExactRelations,PathCertified,,
german-credit,2,5,cals,true,true,SmartCertified,Boolean,Proposition1,PathCompatibleExactRelations,PathCertified,,
german-credit,2,5,cals_compact_explain,true,true,SmartCertified,Boolean,Proposition1,PathCompatibleExactRelations,PathCertified,,
german-credit,2,7,unary,true,true,Unary,Boolean,UnaryBaseline,UnaryRelation,StructuralHorn,,
german-credit,2,7,horn,true,true,Horn,Boolean,Theorem3,StarNestedHorn,StructuralHorn,,
german-credit,2,7,antihorn,true,true,AntiHorn,Boolean,Theorem4,StarNestedAntiHorn,StructuralAntiHorn,,
german-credit,2,7,square2cnf,true,true,Square2Cnf,Boolean,Theorem6,Square2CnfFormI,TwoSat,,
german-credit,2,7,affine,true,true,Affine,Boolean,Theorem5,SingleGf2Equation,Gf2Gaussian,,
german-credit,2,7,smart_certified,true,true,SmartCertified,Boolean,Proposition1,PathCompatibleExactRelations,PathCertified,,
german-credit,2,7,cals,true,true,SmartCertified,Boolean,Proposition1,PathCompatibleExactRelations,PathCertified,,
german-credit,2,7,cals_compact_explain,true,true,SmartCertified,Boolean,Proposition1,PathCompatibleExactRelations,PathCertified,,
german-credit,3,5,unary,true,true,Unary,Boolean,UnaryBaseline,UnaryRelation,StructuralHorn,,
german-credit,3,5,horn,true,true,Horn,Boolean,Theorem3,StarNestedHorn,StructuralHorn,,
german-credit,3,5,antihorn,true,true,AntiHorn,Boolean,Theorem4,StarNestedAntiHorn,StructuralAntiHorn,,
german-credit,3,5,square2cnf,true,true,Square2Cnf,Boolean,Theorem6,Square2CnfFormI,TwoSat,,
german-credit,3,5,affine,true,true,Affine,Boolean,Theorem5,SingleGf2Equation,Gf2Gaussian,,
german-credit,3,5,smart_certified,true,true,SmartCertified,Boolean,Proposition1,PathCompatibleExactRelations,PathCertified,,
german-credit,3,5,cals,true,true,SmartCertified,Boolean,Proposition1,PathCompatibleExactRelations,PathCertified,,
german-credit,3,5,cals_compact_explain,true,true,SmartCertified,Boolean,Proposition1,PathCompatibleExactRelations,PathCertified,,
german-credit,3,7,unary,true,true,Unary,Boolean,UnaryBaseline,UnaryRelation,StructuralHorn,,
german-credit,3,7,horn,true,true,Horn,Boolean,Theorem3,StarNestedHorn,StructuralHorn,,
german-credit,3,7,antihorn,true,true,AntiHorn,Boolean,Theorem4,StarNestedAntiHorn,StructuralAntiHorn,,
german-credit,3,7,square2cnf,true,true,Square2Cnf,Boolean,Theorem6,Square2CnfFormI,TwoSat,,
german-credit,3,7,affine,true,true,Affine,Boolean,Theorem5,SingleGf2Equation,Gf2Gaussian,,
german-credit,3,7,smart_certified,true,true,SmartCertified,Boolean,Proposition1,PathCompatibleExactRelations,PathCertified,,
german-credit,3,7,cals,true,true,SmartCertified,Boolean,Proposition1,PathCompatibleExactRelations,PathCertified,,
german-credit,3,7,cals_compact_explain,true,true,SmartCertified,Boolean,Proposition1,PathCompatibleExactRelations,PathCertified,,
german-credit,4,5,unary,true,true,Unary,Boolean,UnaryBaseline,UnaryRelation,StructuralHorn,,
german-credit,4,5,horn,true,true,Horn,Boolean,Theorem3,StarNestedHorn,StructuralHorn,,
german-credit,4,5,antihorn,true,true,AntiHorn,Boolean,Theorem4,StarNestedAntiHorn,StructuralAntiHorn,,
german-credit,4,5,square2cnf,true,true,Square2Cnf,Boolean,Theorem6,Square2CnfFormI,TwoSat,,
german-credit,4,5,affine,true,true,Affine,Boolean,Theorem5,SingleGf2Equation,Gf2Gaussian,,
german-credit,4,5,smart_certified,true,true,SmartCertified,Boolean,Proposition1,PathCompatibleExactRelations,PathCertified,,
german-credit,4,5,cals,true,true,SmartCertified,Boolean,Proposition1,PathCompatibleExactRelations,PathCertified,,
german-credit,4,5,cals_compact_explain,true,true,SmartCertified,Boolean,Proposition1,PathCompatibleExactRelations,PathCertified,,
german-credit,4,7,unary,true,true,Unary,Boolean,UnaryBaseline,UnaryRelation,StructuralHorn,,
german-credit,4,7,horn,true,true,Horn,Boolean,Theorem3,StarNestedHorn,StructuralHorn,,
german-credit,4,7,antihorn,true,true,AntiHorn,Boolean,Theorem4,StarNestedAntiHorn,StructuralAntiHorn,,
german-credit,4,7,square2cnf,true,true,Square2Cnf,Boolean,Theorem6,Square2CnfFormI,TwoSat,,
german-credit,4,7,affine,true,true,Affine,Boolean,Theorem5,SingleGf2Equation,Gf2Gaussian,,
german-credit,4,7,smart_certified,true,true,SmartCertified,Boolean,Proposition1,PathCompatibleExactRelations,PathCertified,,
german-credit,4,7,cals,true,true,SmartCertified,Boolean,Proposition1,PathCompatibleExactRelations,PathCertified,,
german-credit,4,7,cals_compact_explain,true,true,SmartCertified,Boolean,Proposition1,PathCompatibleExactRelations,PathCertified,,
german-credit,5,5,unary,true,true,Unary,Boolean,UnaryBaseline,UnaryRelation,StructuralHorn,,
german-credit,5,5,horn,true,true,Horn,Boolean,Theorem3,StarNestedHorn,StructuralHorn,,
german-credit,5,5,antihorn,true,true,AntiHorn,Boolean,Theorem4,StarNestedAntiHorn,StructuralAntiHorn,,
german-credit,5,5,square2cnf,true,true,Square2Cnf,Boolean,Theorem6,Square2CnfFormI,TwoSat,,
german-credit,5,5,affine,true,true,Affine,Boolean,Theorem5,SingleGf2Equation,Gf2Gaussian,,
german-credit,5,5,smart_certified,true,true,SmartCertified,Boolean,Proposition1,PathCompatibleExactRelations,PathCertified,,
german-credit,5,5,cals,true,true,SmartCertified,Boolean,Proposition1,PathCompatibleExactRelations,PathCertified,,
german-credit,5,5,cals_compact_explain,true,true,SmartCertified,Boolean,Proposition1,PathCompatibleExactRelations,PathCertified,,
german-credit,5,7,unary,true,true,Unary,Boolean,UnaryBaseline,UnaryRelation,StructuralHorn,,
german-credit,5,7,horn,true,true,Horn,Boolean,Theorem3,StarNestedHorn,StructuralHorn,,
german-credit,5,7,antihorn,true,true,AntiHorn,Boolean,Theorem4,StarNestedAntiHorn,StructuralAntiHorn,,
german-credit,5,7,square2cnf,true,true,Square2Cnf,Boolean,Theorem6,Square2CnfFormI,TwoSat,,
german-credit,5,7,affine,true,true,Affine,Boolean,Theorem5,SingleGf2Equation,Gf2Gaussian,,
german-credit,5,7,smart_certified,true,true,SmartCertified,Boolean,Proposition1,PathCompatibleExactRelations,PathCertified,,
german-credit,5,7,cals,true,true,SmartCertified,Boolean,Proposition1,PathCompatibleExactRelations,PathCertified,,
german-credit,5,7,cals_compact_explain,true,true,SmartCertified,Boolean,Proposition1,PathCompatibleExactRelations,PathCertified,,
german-credit,6,5,unary,true,true,Unary,Boolean,UnaryBaseline,UnaryRelation,StructuralHorn,,
german-credit,6,5,horn,true,true,Horn,Boolean,Theorem3,StarNestedHorn,StructuralHorn,,
german-credit,6,5,antihorn,true,true,AntiHorn,Boolean,Theorem4,StarNestedAntiHorn,StructuralAntiHorn,,
german-credit,6,5,square2cnf,true,true,Square2Cnf,Boolean,Theorem6,Square2CnfFormI,TwoSat,,
german-credit,6,5,affine,true,true,Affine,Boolean,Theorem5,SingleGf2Equation,Gf2Gaussian,,
german-credit,6,5,smart_certified,true,true,SmartCertified,Boolean,Proposition1,PathCompatibleExactRelations,PathCertified,,
german-credit,6,5,cals,true,true,SmartCertified,Boolean,Proposition1,PathCompatibleExactRelations,PathCertified,,
german-credit,6,5,cals_compact_explain,true,true,SmartCertified,Boolean,Proposition1,PathCompatibleExactRelations,PathCertified,,
german-credit,6,7,unary,true,true,Unary,Boolean,UnaryBaseline,UnaryRelation,StructuralHorn,,
german-credit,6,7,horn,true,true,Horn,Boolean,Theorem3,StarNestedHorn,StructuralHorn,,
german-credit,6,7,antihorn,true,true,AntiHorn,Boolean,Theorem4,StarNestedAntiHorn,StructuralAntiHorn,,
german-credit,6,7,square2cnf,true,true,Square2Cnf,Boolean,Theorem6,Square2CnfFormI,TwoSat,,
german-credit,6,7,affine,true,true,Affine,Boolean,Theorem5,SingleGf2Equation,Gf2Gaussian,,
german-credit,6,7,smart_certified,true,true,SmartCertified,Boolean,Proposition1,PathCompatibleExactRelations,PathCertified,,
german-credit,6,7,cals,true,true,SmartCertified,Boolean,Proposition1,PathCompatibleExactRelations,PathCertified,,
german-credit,6,7,cals_compact_explain,true,true,SmartCertified,Boolean,Proposition1,PathCompatibleExactRelations,PathCertified,,
german-credit,7,5,unary,true,true,Unary,Boolean,UnaryBaseline,UnaryRelation,StructuralHorn,,
german-credit,7,5,horn,true,true,Horn,Boolean,Theorem3,StarNestedHorn,StructuralHorn,,
german-credit,7,5,antihorn,true,true,AntiHorn,Boolean,Theorem4,StarNestedAntiHorn,StructuralAntiHorn,,
german-credit,7,5,square2cnf,true,true,Square2Cnf,Boolean,Theorem6,Square2CnfFormI,TwoSat,,
german-credit,7,5,affine,true,true,Affine,Boolean,Theorem5,SingleGf2Equation,Gf2Gaussian,,
german-credit,7,5,smart_certified,true,true,SmartCertified,Boolean,Proposition1,PathCompatibleExactRelations,PathCertified,,
german-credit,7,5,cals,true,true,SmartCertified,Boolean,Proposition1,PathCompatibleExactRelations,PathCertified,,
german-credit,7,5,cals_compact_explain,true,true,SmartCertified,Boolean,Proposition1,PathCompatibleExactRelations,PathCertified,,
german-credit,7,7,unary,true,true,Unary,Boolean,UnaryBaseline,UnaryRelation,StructuralHorn,,
german-credit,7,7,horn,true,true,Horn,Boolean,Theorem3,StarNestedHorn,StructuralHorn,,
german-credit,7,7,antihorn,true,true,AntiHorn,Boolean,Theorem4,StarNestedAntiHorn,StructuralAntiHorn,,
german-credit,7,7,square2cnf,true,true,Square2Cnf,Boolean,Theorem6,Square2CnfFormI,TwoSat,,
german-credit,7,7,affine,true,true,Affine,Boolean,Theorem5,SingleGf2Equation,Gf2Gaussian,,
german-credit,7,7,smart_certified,true,true,SmartCertified,Boolean,Proposition1,PathCompatibleExactRelations,PathCertified,,
german-credit,7,7,cals,true,true,SmartCertified,Boolean,Proposition1,PathCompatibleExactRelations,PathCertified,,
german-credit,7,7,cals_compact_explain,true,true,SmartCertified,Boolean,Proposition1,PathCompatibleExactRelations,PathCertified,,
german-credit,8,5,unary,true,true,Unary,Boolean,UnaryBaseline,UnaryRelation,StructuralHorn,,
german-credit,8,5,horn,true,true,Horn,Boolean,Theorem3,StarNestedHorn,StructuralHorn,,
german-credit,8,5,antihorn,true,true,AntiHorn,Boolean,Theorem4,StarNestedAntiHorn,StructuralAntiHorn,,
german-credit,8,5,square2cnf,true,true,Square2Cnf,Boolean,Theorem6,Square2CnfFormI,TwoSat,,
german-credit,8,5,affine,true,true,Affine,Boolean,Theorem5,SingleGf2Equation,Gf2Gaussian,,
german-credit,8,5,smart_certified,true,true,SmartCertified,Boolean,Proposition1,PathCompatibleExactRelations,PathCertified,,
german-credit,8,5,cals,true,true,SmartCertified,Boolean,Proposition1,PathCompatibleExactRelations,PathCertified,,
german-credit,8,5,cals_compact_explain,true,true,SmartCertified,Boolean,Proposition1,PathCompatibleExactRelations,PathCertified,,
german-credit,8,7,unary,true,true,Unary,Boolean,UnaryBaseline,UnaryRelation,StructuralHorn,,
german-credit,8,7,horn,true,true,Horn,Boolean,Theorem3,StarNestedHorn,StructuralHorn,,
german-credit,8,7,antihorn,true,true,AntiHorn,Boolean,Theorem4,StarNestedAntiHorn,StructuralAntiHorn,,
german-credit,8,7,square2cnf,true,true,Square2Cnf,Boolean,Theorem6,Square2CnfFormI,TwoSat,,
german-credit,8,7,affine,true,true,Affine,Boolean,Theorem5,SingleGf2Equation,Gf2Gaussian,,
german-credit,8,7,smart_certified,true,true,SmartCertified,Boolean,Proposition1,PathCompatibleExactRelations,PathCertified,,
german-credit,8,7,cals,true,true,SmartCertified,Boolean,Proposition1,PathCompatibleExactRelations,PathCertified,,
german-credit,8,7,cals_compact_explain,true,true,SmartCertified,Boolean,Proposition1,PathCompatibleExactRelations,PathCertified,,
german-credit,9,5,unary,true,true,Unary,Boolean,UnaryBaseline,UnaryRelation,StructuralHorn,,
german-credit,9,5,horn,true,true,Horn,Boolean,Theorem3,StarNestedHorn,StructuralHorn,,
german-credit,9,5,antihorn,true,true,AntiHorn,Boolean,Theorem4,StarNestedAntiHorn,StructuralAntiHorn,,
german-credit,9,5,square2cnf,true,true,Square2Cnf,Boolean,Theorem6,Square2CnfFormI,TwoSat,,
german-credit,9,5,affine,true,true,Affine,Boolean,Theorem5,SingleGf2Equation,Gf2Gaussian,,
german-credit,9,5,smart_certified,true,true,SmartCertified,Boolean,Proposition1,PathCompatibleExactRelations,PathCertified,,
german-credit,9,5,cals,true,true,SmartCertified,Boolean,Proposition1,PathCompatibleExactRelations,PathCertified,,
german-credit,9,5,cals_compact_explain,true,true,SmartCertified,Boolean,Proposition1,PathCompatibleExactRelations,PathCertified,,
german-credit,9,7,unary,true,true,Unary,Boolean,UnaryBaseline,UnaryRelation,StructuralHorn,,
german-credit,9,7,horn,true,true,Horn,Boolean,Theorem3,StarNestedHorn,StructuralHorn,,
german-credit,9,7,antihorn,true,true,AntiHorn,Boolean,Theorem4,StarNestedAntiHorn,StructuralAntiHorn,,
german-credit,9,7,square2cnf,true,true,Square2Cnf,Boolean,Theorem6,Square2CnfFormI,TwoSat,,
german-credit,9,7,affine,true,true,Affine,Boolean,Theorem5,SingleGf2Equation,Gf2Gaussian,,
german-credit,9,7,smart_certified,true,true,SmartCertified,Boolean,Proposition1,PathCompatibleExactRelations,PathCertified,,
german-credit,9,7,cals,true,true,SmartCertified,Boolean,Proposition1,PathCompatibleExactRelations,PathCertified,,
german-credit,9,7,cals_compact_explain,true,true,SmartCertified,Boolean,Proposition1,PathCompatibleExactRelations,PathCertified,,
heart-cleveland,0,5,unary,true,true,Unary,Boolean,UnaryBaseline,UnaryRelation,StructuralHorn,,
heart-cleveland,0,5,horn,true,true,Horn,Boolean,Theorem3,StarNestedHorn,StructuralHorn,,
heart-cleveland,0,5,antihorn,true,true,AntiHorn,Boolean,Theorem4,StarNestedAntiHorn,StructuralAntiHorn,,
heart-cleveland,0,5,square2cnf,true,true,Square2Cnf,Boolean,Theorem6,Square2CnfFormI,TwoSat,,
heart-cleveland,0,5,affine,true,true,Affine,Boolean,Theorem5,SingleGf2Equation,Gf2Gaussian,,
heart-cleveland,0,5,smart_certified,true,true,SmartCertified,Boolean,Proposition1,PathCompatibleExactRelations,PathCertified,,
heart-cleveland,0,5,cals,true,true,SmartCertified,Boolean,Proposition1,PathCompatibleExactRelations,PathCertified,,
heart-cleveland,0,5,cals_compact_explain,true,true,SmartCertified,Boolean,Proposition1,PathCompatibleExactRelations,PathCertified,,
heart-cleveland,0,7,unary,true,true,Unary,Boolean,UnaryBaseline,UnaryRelation,StructuralHorn,,
heart-cleveland,0,7,horn,true,true,Horn,Boolean,Theorem3,StarNestedHorn,StructuralHorn,,
heart-cleveland,0,7,antihorn,true,true,AntiHorn,Boolean,Theorem4,StarNestedAntiHorn,StructuralAntiHorn,,
heart-cleveland,0,7,square2cnf,true,true,Square2Cnf,Boolean,Theorem6,Square2CnfFormI,TwoSat,,
heart-cleveland,0,7,affine,true,true,Affine,Boolean,Theorem5,SingleGf2Equation,Gf2Gaussian,,
heart-cleveland,0,7,smart_certified,true,true,SmartCertified,Boolean,Proposition1,PathCompatibleExactRelations,PathCertified,,
heart-cleveland,0,7,cals,true,true,SmartCertified,Boolean,Proposition1,PathCompatibleExactRelations,PathCertified,,
heart-cleveland,0,7,cals_compact_explain,true,true,SmartCertified,Boolean,Proposition1,PathCompatibleExactRelations,PathCertified,,
heart-cleveland,1,5,unary,true,true,Unary,Boolean,UnaryBaseline,UnaryRelation,StructuralHorn,,
heart-cleveland,1,5,horn,true,true,Horn,Boolean,Theorem3,StarNestedHorn,StructuralHorn,,
heart-cleveland,1,5,antihorn,true,true,AntiHorn,Boolean,Theorem4,StarNestedAntiHorn,StructuralAntiHorn,,
heart-cleveland,1,5,square2cnf,true,true,Square2Cnf,Boolean,Theorem6,Square2CnfFormI,TwoSat,,
heart-cleveland,1,5,affine,true,true,Affine,Boolean,Theorem5,SingleGf2Equation,Gf2Gaussian,,
heart-cleveland,1,5,smart_certified,true,true,SmartCertified,Boolean,Proposition1,PathCompatibleExactRelations,PathCertified,,
heart-cleveland,1,5,cals,true,true,SmartCertified,Boolean,Proposition1,PathCompatibleExactRelations,PathCertified,,
heart-cleveland,1,5,cals_compact_explain,true,true,SmartCertified,Boolean,Proposition1,PathCompatibleExactRelations,PathCertified,,
heart-cleveland,1,7,unary,true,true,Unary,Boolean,UnaryBaseline,UnaryRelation,StructuralHorn,,
heart-cleveland,1,7,horn,true,true,Horn,Boolean,Theorem3,StarNestedHorn,StructuralHorn,,
heart-cleveland,1,7,antihorn,true,true,AntiHorn,Boolean,Theorem4,StarNestedAntiHorn,StructuralAntiHorn,,
heart-cleveland,1,7,square2cnf,true,true,Square2Cnf,Boolean,Theorem6,Square2CnfFormI,TwoSat,,
heart-cleveland,1,7,affine,true,true,Affine,Boolean,Theorem5,SingleGf2Equation,Gf2Gaussian,,
heart-cleveland,1,7,smart_certified,true,true,SmartCertified,Boolean,Proposition1,PathCompatibleExactRelations,PathCertified,,
heart-cleveland,1,7,cals,true,true,SmartCertified,Boolean,Proposition1,PathCompatibleExactRelations,PathCertified,,
heart-cleveland,1,7,cals_compact_explain,true,true,SmartCertified,Boolean,Proposition1,PathCompatibleExactRelations,PathCertified,,
heart-cleveland,2,5,unary,true,true,Unary,Boolean,UnaryBaseline,UnaryRelation,StructuralHorn,,
heart-cleveland,2,5,horn,true,true,Horn,Boolean,Theorem3,StarNestedHorn,StructuralHorn,,
heart-cleveland,2,5,antihorn,true,true,AntiHorn,Boolean,Theorem4,StarNestedAntiHorn,StructuralAntiHorn,,
heart-cleveland,2,5,square2cnf,true,true,Square2Cnf,Boolean,Theorem6,Square2CnfFormI,TwoSat,,
heart-cleveland,2,5,affine,true,true,Affine,Boolean,Theorem5,SingleGf2Equation,Gf2Gaussian,,
heart-cleveland,2,5,smart_certified,true,true,SmartCertified,Boolean,Proposition1,PathCompatibleExactRelations,PathCertified,,
heart-cleveland,2,5,cals,true,true,SmartCertified,Boolean,Proposition1,PathCompatibleExactRelations,PathCertified,,
heart-cleveland,2,5,cals_compact_explain,true,true,SmartCertified,Boolean,Proposition1,PathCompatibleExactRelations,PathCertified,,
heart-cleveland,2,7,unary,true,true,Unary,Boolean,UnaryBaseline,UnaryRelation,StructuralHorn,,
heart-cleveland,2,7,horn,true,true,Horn,Boolean,Theorem3,StarNestedHorn,StructuralHorn,,
heart-cleveland,2,7,antihorn,true,true,AntiHorn,Boolean,Theorem4,StarNestedAntiHorn,StructuralAntiHorn,,
heart-cleveland,2,7,square2cnf,true,true,Square2Cnf,Boolean,Theorem6,Square2CnfFormI,TwoSat,,
heart-cleveland,2,7,affine,true,true,Affine,Boolean,Theorem5,SingleGf2Equation,Gf2Gaussian,,
heart-cleveland,2,7,smart_certified,true,true,SmartCertified,Boolean,Proposition1,PathCompatibleExactRelations,PathCertified,,
heart-cleveland,2,7,cals,true,true,SmartCertified,Boolean,Proposition1,PathCompatibleExactRelations,PathCertified,,
heart-cleveland,2,7,cals_compact_explain,true,true,SmartCertified,Boolean,Proposition1,PathCompatibleExactRelations,PathCertified,,
heart-cleveland,3,5,unary,true,true,Unary,Boolean,UnaryBaseline,UnaryRelation,StructuralHorn,,
heart-cleveland,3,5,horn,true,true,Horn,Boolean,Theorem3,StarNestedHorn,StructuralHorn,,
heart-cleveland,3,5,antihorn,true,true,AntiHorn,Boolean,Theorem4,StarNestedAntiHorn,StructuralAntiHorn,,
heart-cleveland,3,5,square2cnf,true,true,Square2Cnf,Boolean,Theorem6,Square2CnfFormI,TwoSat,,
heart-cleveland,3,5,affine,true,true,Affine,Boolean,Theorem5,SingleGf2Equation,Gf2Gaussian,,
heart-cleveland,3,5,smart_certified,true,true,SmartCertified,Boolean,Proposition1,PathCompatibleExactRelations,PathCertified,,
heart-cleveland,3,5,cals,true,true,SmartCertified,Boolean,Proposition1,PathCompatibleExactRelations,PathCertified,,
heart-cleveland,3,5,cals_compact_explain,true,true,SmartCertified,Boolean,Proposition1,PathCompatibleExactRelations,PathCertified,,
heart-cleveland,3,7,unary,true,true,Unary,Boolean,UnaryBaseline,UnaryRelation,StructuralHorn,,
heart-cleveland,3,7,horn,true,true,Horn,Boolean,Theorem3,StarNestedHorn,StructuralHorn,,
heart-cleveland,3,7,antihorn,true,true,AntiHorn,Boolean,Theorem4,StarNestedAntiHorn,StructuralAntiHorn,,
heart-cleveland,3,7,square2cnf,true,true,Square2Cnf,Boolean,Theorem6,Square2CnfFormI,TwoSat,,
heart-cleveland,3,7,affine,true,true,Affine,Boolean,Theorem5,SingleGf2Equation,Gf2Gaussian,,
heart-cleveland,3,7,smart_certified,true,true,SmartCertified,Boolean,Proposition1,PathCompatibleExactRelations,PathCertified,,
heart-cleveland,3,7,cals,true,true,SmartCertified,Boolean,Proposition1,PathCompatibleExactRelations,PathCertified,,
heart-cleveland,3,7,cals_compact_explain,true,true,SmartCertified,Boolean,Proposition1,PathCompatibleExactRelations,PathCertified,,
heart-cleveland,4,5,unary,true,true,Unary,Boolean,UnaryBaseline,UnaryRelation,StructuralHorn,,
heart-cleveland,4,5,horn,true,true,Horn,Boolean,Theorem3,StarNestedHorn,StructuralHorn,,
heart-cleveland,4,5,antihorn,true,true,AntiHorn,Boolean,Theorem4,StarNestedAntiHorn,StructuralAntiHorn,,
heart-cleveland,4,5,square2cnf,true,true,Square2Cnf,Boolean,Theorem6,Square2CnfFormI,TwoSat,,
heart-cleveland,4,5,affine,true,true,Affine,Boolean,Theorem5,SingleGf2Equation,Gf2Gaussian,,
heart-cleveland,4,5,smart_certified,true,true,SmartCertified,Boolean,Proposition1,PathCompatibleExactRelations,PathCertified,,
heart-cleveland,4,5,cals,true,true,SmartCertified,Boolean,Proposition1,PathCompatibleExactRelations,PathCertified,,
heart-cleveland,4,5,cals_compact_explain,true,true,SmartCertified,Boolean,Proposition1,PathCompatibleExactRelations,PathCertified,,
heart-cleveland,4,7,unary,true,true,Unary,Boolean,UnaryBaseline,UnaryRelation,StructuralHorn,,
heart-cleveland,4,7,horn,true,true,Horn,Boolean,Theorem3,StarNestedHorn,StructuralHorn,,
heart-cleveland,4,7,antihorn,true,true,AntiHorn,Boolean,Theorem4,StarNestedAntiHorn,StructuralAntiHorn,,
heart-cleveland,4,7,square2cnf,true,true,Square2Cnf,Boolean,Theorem6,Square2CnfFormI,TwoSat,,
heart-cleveland,4,7,affine,true,true,Affine,Boolean,Theorem5,SingleGf2Equation,Gf2Gaussian,,
heart-cleveland,4,7,smart_certified,true,true,SmartCertified,Boolean,Proposition1,PathCompatibleExactRelations,PathCertified,,
heart-cleveland,4,7,cals,true,true,SmartCertified,Boolean,Proposition1,PathCompatibleExactRelations,PathCertified,,
heart-cleveland,4,7,cals_compact_explain,true,true,SmartCertified,Boolean,Proposition1,PathCompatibleExactRelations,PathCertified,,
heart-cleveland,5,5,unary,true,true,Unary,Boolean,UnaryBaseline,UnaryRelation,StructuralHorn,,
heart-cleveland,5,5,horn,true,true,Horn,Boolean,Theorem3,StarNestedHorn,StructuralHorn,,
heart-cleveland,5,5,antihorn,true,true,AntiHorn,Boolean,Theorem4,StarNestedAntiHorn,StructuralAntiHorn,,
heart-cleveland,5,5,square2cnf,true,true,Square2Cnf,Boolean,Theorem6,Square2CnfFormI,TwoSat,,
heart-cleveland,5,5,affine,true,true,Affine,Boolean,Theorem5,SingleGf2Equation,Gf2Gaussian,,
heart-cleveland,5,5,smart_certified,true,true,SmartCertified,Boolean,Proposition1,PathCompatibleExactRelations,PathCertified,,
heart-cleveland,5,5,cals,true,true,SmartCertified,Boolean,Proposition1,PathCompatibleExactRelations,PathCertified,,
heart-cleveland,5,5,cals_compact_explain,true,true,SmartCertified,Boolean,Proposition1,PathCompatibleExactRelations,PathCertified,,
heart-cleveland,5,7,unary,true,true,Unary,Boolean,UnaryBaseline,UnaryRelation,StructuralHorn,,
heart-cleveland,5,7,horn,true,true,Horn,Boolean,Theorem3,StarNestedHorn,StructuralHorn,,
heart-cleveland,5,7,antihorn,true,true,AntiHorn,Boolean,Theorem4,StarNestedAntiHorn,StructuralAntiHorn,,
heart-cleveland,5,7,square2cnf,true,true,Square2Cnf,Boolean,Theorem6,Square2CnfFormI,TwoSat,,
heart-cleveland,5,7,affine,true,true,Affine,Boolean,Theorem5,SingleGf2Equation,Gf2Gaussian,,
heart-cleveland,5,7,smart_certified,true,true,SmartCertified,Boolean,Proposition1,PathCompatibleExactRelations,PathCertified,,
heart-cleveland,5,7,cals,true,true,SmartCertified,Boolean,Proposition1,PathCompatibleExactRelations,PathCertified,,
heart-cleveland,5,7,cals_compact_explain,true,true,SmartCertified,Boolean,Proposition1,PathCompatibleExactRelations,PathCertified,,
heart-cleveland,6,5,unary,true,true,Unary,Boolean,UnaryBaseline,UnaryRelation,StructuralHorn,,
heart-cleveland,6,5,horn,true,true,Horn,Boolean,Theorem3,StarNestedHorn,StructuralHorn,,
heart-cleveland,6,5,antihorn,true,true,AntiHorn,Boolean,Theorem4,StarNestedAntiHorn,StructuralAntiHorn,,
heart-cleveland,6,5,square2cnf,true,true,Square2Cnf,Boolean,Theorem6,Square2CnfFormI,TwoSat,,
heart-cleveland,6,5,affine,true,true,Affine,Boolean,Theorem5,SingleGf2Equation,Gf2Gaussian,,
heart-cleveland,6,5,smart_certified,true,true,SmartCertified,Boolean,Proposition1,PathCompatibleExactRelations,PathCertified,,
heart-cleveland,6,5,cals,true,true,SmartCertified,Boolean,Proposition1,PathCompatibleExactRelations,PathCertified,,
heart-cleveland,6,5,cals_compact_explain,true,true,SmartCertified,Boolean,Proposition1,PathCompatibleExactRelations,PathCertified,,
heart-cleveland,6,7,unary,true,true,Unary,Boolean,UnaryBaseline,UnaryRelation,StructuralHorn,,
heart-cleveland,6,7,horn,true,true,Horn,Boolean,Theorem3,StarNestedHorn,StructuralHorn,,
heart-cleveland,6,7,antihorn,true,true,AntiHorn,Boolean,Theorem4,StarNestedAntiHorn,StructuralAntiHorn,,
heart-cleveland,6,7,square2cnf,true,true,Square2Cnf,Boolean,Theorem6,Square2CnfFormI,TwoSat,,
heart-cleveland,6,7,affine,true,true,Affine,Boolean,Theorem5,SingleGf2Equation,Gf2Gaussian,,
heart-cleveland,6,7,smart_certified,true,true,SmartCertified,Boolean,Proposition1,PathCompatibleExactRelations,PathCertified,,
heart-cleveland,6,7,cals,true,true,SmartCertified,Boolean,Proposition1,PathCompatibleExactRelations,PathCertified,,
heart-cleveland,6,7,cals_compact_explain,true,true,SmartCertified,Boolean,Proposition1,PathCompatibleExactRelations,PathCertified,,
heart-cleveland,7,5,unary,true,true,Unary,Boolean,UnaryBaseline,UnaryRelation,StructuralHorn,,
heart-cleveland,7,5,horn,true,true,Horn,Boolean,Theorem3,StarNestedHorn,StructuralHorn,,
heart-cleveland,7,5,antihorn,true,true,AntiHorn,Boolean,Theorem4,StarNestedAntiHorn,StructuralAntiHorn,,
heart-cleveland,7,5,square2cnf,true,true,Square2Cnf,Boolean,Theorem6,Square2CnfFormI,TwoSat,,
heart-cleveland,7,5,affine,true,true,Affine,Boolean,Theorem5,SingleGf2Equation,Gf2Gaussian,,
heart-cleveland,7,5,smart_certified,true,true,SmartCertified,Boolean,Proposition1,PathCompatibleExactRelations,PathCertified,,
heart-cleveland,7,5,cals,true,true,SmartCertified,Boolean,Proposition1,PathCompatibleExactRelations,PathCertified,,
heart-cleveland,7,5,cals_compact_explain,true,true,SmartCertified,Boolean,Proposition1,PathCompatibleExactRelations,PathCertified,,
heart-cleveland,7,7,unary,true,true,Unary,Boolean,UnaryBaseline,UnaryRelation,StructuralHorn,,
heart-cleveland,7,7,horn,true,true,Horn,Boolean,Theorem3,StarNestedHorn,StructuralHorn,,
heart-cleveland,7,7,antihorn,true,true,AntiHorn,Boolean,Theorem4,StarNestedAntiHorn,StructuralAntiHorn,,
heart-cleveland,7,7,square2cnf,true,true,Square2Cnf,Boolean,Theorem6,Square2CnfFormI,TwoSat,,
heart-cleveland,7,7,affine,true,true,Affine,Boolean,Theorem5,SingleGf2Equation,Gf2Gaussian,,
heart-cleveland,7,7,smart_certified,true,true,SmartCertified,Boolean,Proposition1,PathCompatibleExactRelations,PathCertified,,
heart-cleveland,7,7,cals,true,true,SmartCertified,Boolean,Proposition1,PathCompatibleExactRelations,PathCertified,,
heart-cleveland,7,7,cals_compact_explain,true,true,SmartCertified,Boolean,Proposition1,PathCompatibleExactRelations,PathCertified,,
heart-cleveland,8,5,unary,true,true,Unary,Boolean,UnaryBaseline,UnaryRelation,StructuralHorn,,
heart-cleveland,8,5,horn,true,true,Horn,Boolean,Theorem3,StarNestedHorn,StructuralHorn,,
heart-cleveland,8,5,antihorn,true,true,AntiHorn,Boolean,Theorem4,StarNestedAntiHorn,StructuralAntiHorn,,
heart-cleveland,8,5,square2cnf,true,true,Square2Cnf,Boolean,Theorem6,Square2CnfFormI,TwoSat,,
heart-cleveland,8,5,affine,true,true,Affine,Boolean,Theorem5,SingleGf2Equation,Gf2Gaussian,,
heart-cleveland,8,5,smart_certified,true,true,SmartCertified,Boolean,Proposition1,PathCompatibleExactRelations,PathCertified,,
heart-cleveland,8,5,cals,true,true,SmartCertified,Boolean,Proposition1,PathCompatibleExactRelations,PathCertified,,
heart-cleveland,8,5,cals_compact_explain,true,true,SmartCertified,Boolean,Proposition1,PathCompatibleExactRelations,PathCertified,,
heart-cleveland,8,7,unary,true,true,Unary,Boolean,UnaryBaseline,UnaryRelation,StructuralHorn,,
heart-cleveland,8,7,horn,true,true,Horn,Boolean,Theorem3,StarNestedHorn,StructuralHorn,,
heart-cleveland,8,7,antihorn,true,true,AntiHorn,Boolean,Theorem4,StarNestedAntiHorn,StructuralAntiHorn,,
heart-cleveland,8,7,square2cnf,true,true,Square2Cnf,Boolean,Theorem6,Square2CnfFormI,TwoSat,,
heart-cleveland,8,7,affine,true,true,Affine,Boolean,Theorem5,SingleGf2Equation,Gf2Gaussian,,
heart-cleveland,8,7,smart_certified,true,true,SmartCertified,Boolean,Proposition1,PathCompatibleExactRelations,PathCertified,,
heart-cleveland,8,7,cals,true,true,SmartCertified,Boolean,Proposition1,PathCompatibleExactRelations,PathCertified,,
heart-cleveland,8,7,cals_compact_explain,true,true,SmartCertified,Boolean,Proposition1,PathCompatibleExactRelations,PathCertified,,
heart-cleveland,9,5,unary,true,true,Unary,Boolean,UnaryBaseline,UnaryRelation,StructuralHorn,,
heart-cleveland,9,5,horn,true,true,Horn,Boolean,Theorem3,StarNestedHorn,StructuralHorn,,
heart-cleveland,9,5,antihorn,true,true,AntiHorn,Boolean,Theorem4,StarNestedAntiHorn,StructuralAntiHorn,,
heart-cleveland,9,5,square2cnf,true,true,Square2Cnf,Boolean,Theorem6,Square2CnfFormI,TwoSat,,
heart-cleveland,9,5,affine,true,true,Affine,Boolean,Theorem5,SingleGf2Equation,Gf2Gaussian,,
heart-cleveland,9,5,smart_certified,true,true,SmartCertified,Boolean,Proposition1,PathCompatibleExactRelations,PathCertified,,
heart-cleveland,9,5,cals,true,true,SmartCertified,Boolean,Proposition1,PathCompatibleExactRelations,PathCertified,,
heart-cleveland,9,5,cals_compact_explain,true,true,SmartCertified,Boolean,Proposition1,PathCompatibleExactRelations,PathCertified,,
heart-cleveland,9,7,unary,true,true,Unary,Boolean,UnaryBaseline,UnaryRelation,StructuralHorn,,
heart-cleveland,9,7,horn,true,true,Horn,Boolean,Theorem3,StarNestedHorn,StructuralHorn,,
heart-cleveland,9,7,antihorn,true,true,AntiHorn,Boolean,Theorem4,StarNestedAntiHorn,StructuralAntiHorn,,
heart-cleveland,9,7,square2cnf,true,true,Square2Cnf,Boolean,Theorem6,Square2CnfFormI,TwoSat,,
heart-cleveland,9,7,affine,true,true,Affine,Boolean,Theorem5,SingleGf2Equation,Gf2Gaussian,,
heart-cleveland,9,7,smart_certified,true,true,SmartCertified,Boolean,Proposition1,PathCompatibleExactRelations,PathCertified,,
heart-cleveland,9,7,cals,true,true,SmartCertified,Boolean,Proposition1,PathCompatibleExactRelations,PathCertified,,
heart-cleveland,9,7,cals_compact_explain,true,true,SmartCertified,Boolean,Proposition1,PathCompatibleExactRelations,PathCertified,,
hepatitis,0,5,unary,true,true,Unary,Boolean,UnaryBaseline,UnaryRelation,StructuralHorn,,
hepatitis,0,5,horn,true,true,Horn,Boolean,Theorem3,StarNestedHorn,StructuralHorn,,
hepatitis,0,5,antihorn,true,true,AntiHorn,Boolean,Theorem4,StarNestedAntiHorn,StructuralAntiHorn,,
hepatitis,0,5,square2cnf,true,true,Square2Cnf,Boolean,Theorem6,Square2CnfFormI,TwoSat,,
hepatitis,0,5,affine,true,true,Affine,Boolean,Theorem5,SingleGf2Equation,Gf2Gaussian,,
hepatitis,0,5,smart_certified,true,true,SmartCertified,Boolean,Proposition1,PathCompatibleExactRelations,PathCertified,,
hepatitis,0,5,cals,true,true,SmartCertified,Boolean,Proposition1,PathCompatibleExactRelations,PathCertified,,
hepatitis,0,5,cals_compact_explain,true,true,SmartCertified,Boolean,Proposition1,PathCompatibleExactRelations,PathCertified,,
hepatitis,0,7,unary,true,true,Unary,Boolean,UnaryBaseline,UnaryRelation,StructuralHorn,,
hepatitis,0,7,horn,true,true,Horn,Boolean,Theorem3,StarNestedHorn,StructuralHorn,,
hepatitis,0,7,antihorn,true,true,AntiHorn,Boolean,Theorem4,StarNestedAntiHorn,StructuralAntiHorn,,
hepatitis,0,7,square2cnf,true,true,Square2Cnf,Boolean,Theorem6,Square2CnfFormI,TwoSat,,
hepatitis,0,7,affine,true,true,Affine,Boolean,Theorem5,SingleGf2Equation,Gf2Gaussian,,
hepatitis,0,7,smart_certified,true,true,SmartCertified,Boolean,Proposition1,PathCompatibleExactRelations,PathCertified,,
hepatitis,0,7,cals,true,true,SmartCertified,Boolean,Proposition1,PathCompatibleExactRelations,PathCertified,,
hepatitis,0,7,cals_compact_explain,true,true,SmartCertified,Boolean,Proposition1,PathCompatibleExactRelations,PathCertified,,
hepatitis,1,5,unary,true,true,Unary,Boolean,UnaryBaseline,UnaryRelation,StructuralHorn,,
hepatitis,1,5,horn,true,true,Horn,Boolean,Theorem3,StarNestedHorn,StructuralHorn,,
hepatitis,1,5,antihorn,true,true,AntiHorn,Boolean,Theorem4,StarNestedAntiHorn,StructuralAntiHorn,,
hepatitis,1,5,square2cnf,true,true,Square2Cnf,Boolean,Theorem6,Square2CnfFormI,TwoSat,,
hepatitis,1,5,affine,true,true,Affine,Boolean,Theorem5,SingleGf2Equation,Gf2Gaussian,,
hepatitis,1,5,smart_certified,true,true,SmartCertified,Boolean,Proposition1,PathCompatibleExactRelations,PathCertified,,
hepatitis,1,5,cals,true,true,SmartCertified,Boolean,Proposition1,PathCompatibleExactRelations,PathCertified,,
hepatitis,1,5,cals_compact_explain,true,true,SmartCertified,Boolean,Proposition1,PathCompatibleExactRelations,PathCertified,,
hepatitis,1,7,unary,true,true,Unary,Boolean,UnaryBaseline,UnaryRelation,StructuralHorn,,
hepatitis,1,7,horn,true,true,Horn,Boolean,Theorem3,StarNestedHorn,StructuralHorn,,
hepatitis,1,7,antihorn,true,true,AntiHorn,Boolean,Theorem4,StarNestedAntiHorn,StructuralAntiHorn,,
hepatitis,1,7,square2cnf,true,true,Square2Cnf,Boolean,Theorem6,Square2CnfFormI,TwoSat,,
hepatitis,1,7,affine,true,true,Affine,Boolean,Theorem5,SingleGf2Equation,Gf2Gaussian,,
hepatitis,1,7,smart_certified,true,true,SmartCertified,Boolean,Proposition1,PathCompatibleExactRelations,PathCertified,,
hepatitis,1,7,cals,true,true,SmartCertified,Boolean,Proposition1,PathCompatibleExactRelations,PathCertified,,
hepatitis,1,7,cals_compact_explain,true,true,SmartCertified,Boolean,Proposition1,PathCompatibleExactRelations,PathCertified,,
hepatitis,2,5,unary,true,true,Unary,Boolean,UnaryBaseline,UnaryRelation,StructuralHorn,,
hepatitis,2,5,horn,true,true,Horn,Boolean,Theorem3,StarNestedHorn,StructuralHorn,,
hepatitis,2,5,antihorn,true,true,AntiHorn,Boolean,Theorem4,StarNestedAntiHorn,StructuralAntiHorn,,
hepatitis,2,5,square2cnf,true,true,Square2Cnf,Boolean,Theorem6,Square2CnfFormI,TwoSat,,
hepatitis,2,5,affine,true,true,Affine,Boolean,Theorem5,SingleGf2Equation,Gf2Gaussian,,
hepatitis,2,5,smart_certified,true,true,SmartCertified,Boolean,Proposition1,PathCompatibleExactRelations,PathCertified,,
hepatitis,2,5,cals,true,true,SmartCertified,Boolean,Proposition1,PathCompatibleExactRelations,PathCertified,,
hepatitis,2,5,cals_compact_explain,true,true,SmartCertified,Boolean,Proposition1,PathCompatibleExactRelations,PathCertified,,
hepatitis,2,7,unary,true,true,Unary,Boolean,UnaryBaseline,UnaryRelation,StructuralHorn,,
hepatitis,2,7,horn,true,true,Horn,Boolean,Theorem3,StarNestedHorn,StructuralHorn,,
hepatitis,2,7,antihorn,true,true,AntiHorn,Boolean,Theorem4,StarNestedAntiHorn,StructuralAntiHorn,,
hepatitis,2,7,square2cnf,true,true,Square2Cnf,Boolean,Theorem6,Square2CnfFormI,TwoSat,,
hepatitis,2,7,affine,true,true,Affine,Boolean,Theorem5,SingleGf2Equation,Gf2Gaussian,,
hepatitis,2,7,smart_certified,true,true,SmartCertified,Boolean,Proposition1,PathCompatibleExactRelations,PathCertified,,
hepatitis,2,7,cals,true,true,SmartCertified,Boolean,Proposition1,PathCompatibleExactRelations,PathCertified,,
hepatitis,2,7,cals_compact_explain,true,true,SmartCertified,Boolean,Proposition1,PathCompatibleExactRelations,PathCertified,,
hepatitis,3,5,unary,true,true,Unary,Boolean,UnaryBaseline,UnaryRelation,StructuralHorn,,
hepatitis,3,5,horn,true,true,Horn,Boolean,Theorem3,StarNestedHorn,StructuralHorn,,
hepatitis,3,5,antihorn,true,true,AntiHorn,Boolean,Theorem4,StarNestedAntiHorn,StructuralAntiHorn,,
hepatitis,3,5,square2cnf,true,true,Square2Cnf,Boolean,Theorem6,Square2CnfFormI,TwoSat,,
hepatitis,3,5,affine,true,true,Affine,Boolean,Theorem5,SingleGf2Equation,Gf2Gaussian,,
hepatitis,3,5,smart_certified,true,true,SmartCertified,Boolean,Proposition1,PathCompatibleExactRelations,PathCertified,,
hepatitis,3,5,cals,true,true,SmartCertified,Boolean,Proposition1,PathCompatibleExactRelations,PathCertified,,
hepatitis,3,5,cals_compact_explain,true,true,SmartCertified,Boolean,Proposition1,PathCompatibleExactRelations,PathCertified,,
hepatitis,3,7,unary,true,true,Unary,Boolean,UnaryBaseline,UnaryRelation,StructuralHorn,,
hepatitis,3,7,horn,true,true,Horn,Boolean,Theorem3,StarNestedHorn,StructuralHorn,,
hepatitis,3,7,antihorn,true,true,AntiHorn,Boolean,Theorem4,StarNestedAntiHorn,StructuralAntiHorn,,
hepatitis,3,7,square2cnf,true,true,Square2Cnf,Boolean,Theorem6,Square2CnfFormI,TwoSat,,
hepatitis,3,7,affine,true,true,Affine,Boolean,Theorem5,SingleGf2Equation,Gf2Gaussian,,
hepatitis,3,7,smart_certified,true,true,SmartCertified,Boolean,Proposition1,PathCompatibleExactRelations,PathCertified,,
hepatitis,3,7,cals,true,true,SmartCertified,Boolean,Proposition1,PathCompatibleExactRelations,PathCertified,,
hepatitis,3,7,cals_compact_explain,true,true,SmartCertified,Boolean,Proposition1,PathCompatibleExactRelations,PathCertified,,
hepatitis,4,5,unary,true,true,Unary,Boolean,UnaryBaseline,UnaryRelation,StructuralHorn,,
hepatitis,4,5,horn,true,true,Horn,Boolean,Theorem3,StarNestedHorn,StructuralHorn,,
hepatitis,4,5,antihorn,true,true,AntiHorn,Boolean,Theorem4,StarNestedAntiHorn,StructuralAntiHorn,,
hepatitis,4,5,square2cnf,true,true,Square2Cnf,Boolean,Theorem6,Square2CnfFormI,TwoSat,,
hepatitis,4,5,affine,true,true,Affine,Boolean,Theorem5,SingleGf2Equation,Gf2Gaussian,,
hepatitis,4,5,smart_certified,true,true,SmartCertified,Boolean,Proposition1,PathCompatibleExactRelations,PathCertified,,
hepatitis,4,5,cals,true,true,SmartCertified,Boolean,Proposition1,PathCompatibleExactRelations,PathCertified,,
hepatitis,4,5,cals_compact_explain,true,true,SmartCertified,Boolean,Proposition1,PathCompatibleExactRelations,PathCertified,,
hepatitis,4,7,unary,true,true,Unary,Boolean,UnaryBaseline,UnaryRelation,StructuralHorn,,
hepatitis,4,7,horn,true,true,Horn,Boolean,Theorem3,StarNestedHorn,StructuralHorn,,
hepatitis,4,7,antihorn,true,true,AntiHorn,Boolean,Theorem4,StarNestedAntiHorn,StructuralAntiHorn,,
hepatitis,4,7,square2cnf,true,true,Square2Cnf,Boolean,Theorem6,Square2CnfFormI,TwoSat,,
hepatitis,4,7,affine,true,true,Affine,Boolean,Theorem5,SingleGf2Equation,Gf2Gaussian,,
hepatitis,4,7,smart_certified,true,true,SmartCertified,Boolean,Proposition1,PathCompatibleExactRelations,PathCertified,,
hepatitis,4,7,cals,true,true,SmartCertified,Boolean,Proposition1,PathCompatibleExactRelations,PathCertified,,
hepatitis,4,7,cals_compact_explain,true,true,SmartCertified,Boolean,Proposition1,PathCompatibleExactRelations,PathCertified,,
hepatitis,5,5,unary,true,true,Unary,Boolean,UnaryBaseline,UnaryRelation,StructuralHorn,,
hepatitis,5,5,horn,true,true,Horn,Boolean,Theorem3,StarNestedHorn,StructuralHorn,,
hepatitis,5,5,antihorn,true,true,AntiHorn,Boolean,Theorem4,StarNestedAntiHorn,StructuralAntiHorn,,
hepatitis,5,5,square2cnf,true,true,Square2Cnf,Boolean,Theorem6,Square2CnfFormI,TwoSat,,
hepatitis,5,5,affine,true,true,Affine,Boolean,Theorem5,SingleGf2Equation,Gf2Gaussian,,
hepatitis,5,5,smart_certified,true,true,SmartCertified,Boolean,Proposition1,PathCompatibleExactRelations,PathCertified,,
hepatitis,5,5,cals,true,true,SmartCertified,Boolean,Proposition1,PathCompatibleExactRelations,PathCertified,,
hepatitis,5,5,cals_compact_explain,true,true,SmartCertified,Boolean,Proposition1,PathCompatibleExactRelations,PathCertified,,
hepatitis,5,7,unary,true,true,Unary,Boolean,UnaryBaseline,UnaryRelation,StructuralHorn,,
hepatitis,5,7,horn,true,true,Horn,Boolean,Theorem3,StarNestedHorn,StructuralHorn,,
hepatitis,5,7,antihorn,true,true,AntiHorn,Boolean,Theorem4,StarNestedAntiHorn,StructuralAntiHorn,,
hepatitis,5,7,square2cnf,true,true,Square2Cnf,Boolean,Theorem6,Square2CnfFormI,TwoSat,,
hepatitis,5,7,affine,true,true,Affine,Boolean,Theorem5,SingleGf2Equation,Gf2Gaussian,,
hepatitis,5,7,smart_certified,true,true,SmartCertified,Boolean,Proposition1,PathCompatibleExactRelations,PathCertified,,
hepatitis,5,7,cals,true,true,SmartCertified,Boolean,Proposition1,PathCompatibleExactRelations,PathCertified,,
hepatitis,5,7,cals_compact_explain,true,true,SmartCertified,Boolean,Proposition1,PathCompatibleExactRelations,PathCertified,,
hepatitis,6,5,unary,true,true,Unary,Boolean,UnaryBaseline,UnaryRelation,StructuralHorn,,
hepatitis,6,5,horn,true,true,Horn,Boolean,Theorem3,StarNestedHorn,StructuralHorn,,
hepatitis,6,5,antihorn,true,true,AntiHorn,Boolean,Theorem4,StarNestedAntiHorn,StructuralAntiHorn,,
hepatitis,6,5,square2cnf,true,true,Square2Cnf,Boolean,Theorem6,Square2CnfFormI,TwoSat,,
hepatitis,6,5,affine,true,true,Affine,Boolean,Theorem5,SingleGf2Equation,Gf2Gaussian,,
hepatitis,6,5,smart_certified,true,true,SmartCertified,Boolean,Proposition1,PathCompatibleExactRelations,PathCertified,,
hepatitis,6,5,cals,true,true,SmartCertified,Boolean,Proposition1,PathCompatibleExactRelations,PathCertified,,
hepatitis,6,5,cals_compact_explain,true,true,SmartCertified,Boolean,Proposition1,PathCompatibleExactRelations,PathCertified,,
hepatitis,6,7,unary,true,true,Unary,Boolean,UnaryBaseline,UnaryRelation,StructuralHorn,,
hepatitis,6,7,horn,true,true,Horn,Boolean,Theorem3,StarNestedHorn,StructuralHorn,,
hepatitis,6,7,antihorn,true,true,AntiHorn,Boolean,Theorem4,StarNestedAntiHorn,StructuralAntiHorn,,
hepatitis,6,7,square2cnf,true,true,Square2Cnf,Boolean,Theorem6,Square2CnfFormI,TwoSat,,
hepatitis,6,7,affine,true,true,Affine,Boolean,Theorem5,SingleGf2Equation,Gf2Gaussian,,
hepatitis,6,7,smart_certified,true,true,SmartCertified,Boolean,Proposition1,PathCompatibleExactRelations,PathCertified,,
hepatitis,6,7,cals,true,true,SmartCertified,Boolean,Proposition1,PathCompatibleExactRelations,PathCertified,,
hepatitis,6,7,cals_compact_explain,true,true,SmartCertified,Boolean,Proposition1,PathCompatibleExactRelations,PathCertified,,
hepatitis,7,5,unary,true,true,Unary,Boolean,UnaryBaseline,UnaryRelation,StructuralHorn,,
hepatitis,7,5,horn,true,true,Horn,Boolean,Theorem3,StarNestedHorn,StructuralHorn,,
hepatitis,7,5,antihorn,true,true,AntiHorn,Boolean,Theorem4,StarNestedAntiHorn,StructuralAntiHorn,,
hepatitis,7,5,square2cnf,true,true,Square2Cnf,Boolean,Theorem6,Square2CnfFormI,TwoSat,,
hepatitis,7,5,affine,true,true,Affine,Boolean,Theorem5,SingleGf2Equation,Gf2Gaussian,,
hepatitis,7,5,smart_certified,true,true,SmartCertified,Boolean,Proposition1,PathCompatibleExactRelations,PathCertified,,
hepatitis,7,5,cals,true,true,SmartCertified,Boolean,Proposition1,PathCompatibleExactRelations,PathCertified,,
hepatitis,7,5,cals_compact_explain,true,true,SmartCertified,Boolean,Proposition1,PathCompatibleExactRelations,PathCertified,,
hepatitis,7,7,unary,true,true,Unary,Boolean,UnaryBaseline,UnaryRelation,StructuralHorn,,
hepatitis,7,7,horn,true,true,Horn,Boolean,Theorem3,StarNestedHorn,StructuralHorn,,
hepatitis,7,7,antihorn,true,true,AntiHorn,Boolean,Theorem4,StarNestedAntiHorn,StructuralAntiHorn,,
hepatitis,7,7,square2cnf,true,true,Square2Cnf,Boolean,Theorem6,Square2CnfFormI,TwoSat,,
hepatitis,7,7,affine,true,true,Affine,Boolean,Theorem5,SingleGf2Equation,Gf2Gaussian,,
hepatitis,7,7,smart_certified,true,true,SmartCertified,Boolean,Proposition1,PathCompatibleExactRelations,PathCertified,,
hepatitis,7,7,cals,true,true,SmartCertified,Boolean,Proposition1,PathCompatibleExactRelations,PathCertified,,
hepatitis,7,7,cals_compact_explain,true,true,SmartCertified,Boolean,Proposition1,PathCompatibleExactRelations,PathCertified,,
hepatitis,8,5,unary,true,true,Unary,Boolean,UnaryBaseline,UnaryRelation,StructuralHorn,,
hepatitis,8,5,horn,true,true,Horn,Boolean,Theorem3,StarNestedHorn,StructuralHorn,,
hepatitis,8,5,antihorn,true,true,AntiHorn,Boolean,Theorem4,StarNestedAntiHorn,StructuralAntiHorn,,
hepatitis,8,5,square2cnf,true,true,Square2Cnf,Boolean,Theorem6,Square2CnfFormI,TwoSat,,
hepatitis,8,5,affine,true,true,Affine,Boolean,Theorem5,SingleGf2Equation,Gf2Gaussian,,
hepatitis,8,5,smart_certified,true,true,SmartCertified,Boolean,Proposition1,PathCompatibleExactRelations,PathCertified,,
hepatitis,8,5,cals,true,true,SmartCertified,Boolean,Proposition1,PathCompatibleExactRelations,PathCertified,,
hepatitis,8,5,cals_compact_explain,true,true,SmartCertified,Boolean,Proposition1,PathCompatibleExactRelations,PathCertified,,
hepatitis,8,7,unary,true,true,Unary,Boolean,UnaryBaseline,UnaryRelation,StructuralHorn,,
hepatitis,8,7,horn,true,true,Horn,Boolean,Theorem3,StarNestedHorn,StructuralHorn,,
hepatitis,8,7,antihorn,true,true,AntiHorn,Boolean,Theorem4,StarNestedAntiHorn,StructuralAntiHorn,,
hepatitis,8,7,square2cnf,true,true,Square2Cnf,Boolean,Theorem6,Square2CnfFormI,TwoSat,,
hepatitis,8,7,affine,true,true,Affine,Boolean,Theorem5,SingleGf2Equation,Gf2Gaussian,,
hepatitis,8,7,smart_certified,true,true,SmartCertified,Boolean,Proposition1,PathCompatibleExactRelations,PathCertified,,
hepatitis,8,7,cals,true,true,SmartCertified,Boolean,Proposition1,PathCompatibleExactRelations,PathCertified,,
hepatitis,8,7,cals_compact_explain,true,true,SmartCertified,Boolean,Proposition1,PathCompatibleExactRelations,PathCertified,,
hepatitis,9,5,unary,true,true,Unary,Boolean,UnaryBaseline,UnaryRelation,StructuralHorn,,
hepatitis,9,5,horn,true,true,Horn,Boolean,Theorem3,StarNestedHorn,StructuralHorn,,
hepatitis,9,5,antihorn,true,true,AntiHorn,Boolean,Theorem4,StarNestedAntiHorn,StructuralAntiHorn,,
hepatitis,9,5,square2cnf,true,true,Square2Cnf,Boolean,Theorem6,Square2CnfFormI,TwoSat,,
hepatitis,9,5,affine,true,true,Affine,Boolean,Theorem5,SingleGf2Equation,Gf2Gaussian,,
hepatitis,9,5,smart_certified,true,true,SmartCertified,Boolean,Proposition1,PathCompatibleExactRelations,PathCertified,,
hepatitis,9,5,cals,true,true,SmartCertified,Boolean,Proposition1,PathCompatibleExactRelations,PathCertified,,
hepatitis,9,5,cals_compact_explain,true,true,SmartCertified,Boolean,Proposition1,PathCompatibleExactRelations,PathCertified,,
hepatitis,9,7,unary,true,true,Unary,Boolean,UnaryBaseline,UnaryRelation,StructuralHorn,,
hepatitis,9,7,horn,true,true,Horn,Boolean,Theorem3,StarNestedHorn,StructuralHorn,,
hepatitis,9,7,antihorn,true,true,AntiHorn,Boolean,Theorem4,StarNestedAntiHorn,StructuralAntiHorn,,
hepatitis,9,7,square2cnf,true,true,Square2Cnf,Boolean,Theorem6,Square2CnfFormI,TwoSat,,
hepatitis,9,7,affine,true,true,Affine,Boolean,Theorem5,SingleGf2Equation,Gf2Gaussian,,
hepatitis,9,7,smart_certified,true,true,SmartCertified,Boolean,Proposition1,PathCompatibleExactRelations,PathCertified,,
hepatitis,9,7,cals,true,true,SmartCertified,Boolean,Proposition1,PathCompatibleExactRelations,PathCertified,,
hepatitis,9,7,cals_compact_explain,true,true,SmartCertified,Boolean,Proposition1,PathCompatibleExactRelations,PathCertified,,
hypothyroid,0,5,unary,true,true,Unary,Boolean,UnaryBaseline,UnaryRelation,StructuralHorn,,
hypothyroid,0,5,horn,true,true,Horn,Boolean,Theorem3,StarNestedHorn,StructuralHorn,,
hypothyroid,0,5,antihorn,true,true,AntiHorn,Boolean,Theorem4,StarNestedAntiHorn,StructuralAntiHorn,,
hypothyroid,0,5,square2cnf,true,true,Square2Cnf,Boolean,Theorem6,Square2CnfFormI,TwoSat,,
hypothyroid,0,5,affine,true,true,Affine,Boolean,Theorem5,SingleGf2Equation,Gf2Gaussian,,
hypothyroid,0,5,smart_certified,true,true,SmartCertified,Boolean,Proposition1,PathCompatibleExactRelations,PathCertified,,
hypothyroid,0,5,cals,true,true,SmartCertified,Boolean,Proposition1,PathCompatibleExactRelations,PathCertified,,
hypothyroid,0,5,cals_compact_explain,true,true,SmartCertified,Boolean,Proposition1,PathCompatibleExactRelations,PathCertified,,
hypothyroid,0,7,unary,true,true,Unary,Boolean,UnaryBaseline,UnaryRelation,StructuralHorn,,
hypothyroid,0,7,horn,true,true,Horn,Boolean,Theorem3,StarNestedHorn,StructuralHorn,,
hypothyroid,0,7,antihorn,true,true,AntiHorn,Boolean,Theorem4,StarNestedAntiHorn,StructuralAntiHorn,,
hypothyroid,0,7,square2cnf,true,true,Square2Cnf,Boolean,Theorem6,Square2CnfFormI,TwoSat,,
hypothyroid,0,7,affine,true,true,Affine,Boolean,Theorem5,SingleGf2Equation,Gf2Gaussian,,
hypothyroid,0,7,smart_certified,true,true,SmartCertified,Boolean,Proposition1,PathCompatibleExactRelations,PathCertified,,
hypothyroid,0,7,cals,true,true,SmartCertified,Boolean,Proposition1,PathCompatibleExactRelations,PathCertified,,
hypothyroid,0,7,cals_compact_explain,true,true,SmartCertified,Boolean,Proposition1,PathCompatibleExactRelations,PathCertified,,
hypothyroid,1,5,unary,true,true,Unary,Boolean,UnaryBaseline,UnaryRelation,StructuralHorn,,
hypothyroid,1,5,horn,true,true,Horn,Boolean,Theorem3,StarNestedHorn,StructuralHorn,,
hypothyroid,1,5,antihorn,true,true,AntiHorn,Boolean,Theorem4,StarNestedAntiHorn,StructuralAntiHorn,,
hypothyroid,1,5,square2cnf,true,true,Square2Cnf,Boolean,Theorem6,Square2CnfFormI,TwoSat,,
hypothyroid,1,5,affine,true,true,Affine,Boolean,Theorem5,SingleGf2Equation,Gf2Gaussian,,
hypothyroid,1,5,smart_certified,true,true,SmartCertified,Boolean,Proposition1,PathCompatibleExactRelations,PathCertified,,
hypothyroid,1,5,cals,true,true,SmartCertified,Boolean,Proposition1,PathCompatibleExactRelations,PathCertified,,
hypothyroid,1,5,cals_compact_explain,true,true,SmartCertified,Boolean,Proposition1,PathCompatibleExactRelations,PathCertified,,
hypothyroid,1,7,unary,true,true,Unary,Boolean,UnaryBaseline,UnaryRelation,StructuralHorn,,
hypothyroid,1,7,horn,true,true,Horn,Boolean,Theorem3,StarNestedHorn,StructuralHorn,,
hypothyroid,1,7,antihorn,true,true,AntiHorn,Boolean,Theorem4,StarNestedAntiHorn,StructuralAntiHorn,,
hypothyroid,1,7,square2cnf,true,true,Square2Cnf,Boolean,Theorem6,Square2CnfFormI,TwoSat,,
hypothyroid,1,7,affine,true,true,Affine,Boolean,Theorem5,SingleGf2Equation,Gf2Gaussian,,
hypothyroid,1,7,smart_certified,true,true,SmartCertified,Boolean,Proposition1,PathCompatibleExactRelations,PathCertified,,
hypothyroid,1,7,cals,true,true,SmartCertified,Boolean,Proposition1,PathCompatibleExactRelations,PathCertified,,
hypothyroid,1,7,cals_compact_explain,true,true,SmartCertified,Boolean,Proposition1,PathCompatibleExactRelations,PathCertified,,
hypothyroid,2,5,unary,true,true,Unary,Boolean,UnaryBaseline,UnaryRelation,StructuralHorn,,
hypothyroid,2,5,horn,true,true,Horn,Boolean,Theorem3,StarNestedHorn,StructuralHorn,,
hypothyroid,2,5,antihorn,true,true,AntiHorn,Boolean,Theorem4,StarNestedAntiHorn,StructuralAntiHorn,,
hypothyroid,2,5,square2cnf,true,true,Square2Cnf,Boolean,Theorem6,Square2CnfFormI,TwoSat,,
hypothyroid,2,5,affine,true,true,Affine,Boolean,Theorem5,SingleGf2Equation,Gf2Gaussian,,
hypothyroid,2,5,smart_certified,true,true,SmartCertified,Boolean,Proposition1,PathCompatibleExactRelations,PathCertified,,
hypothyroid,2,5,cals,true,true,SmartCertified,Boolean,Proposition1,PathCompatibleExactRelations,PathCertified,,
hypothyroid,2,5,cals_compact_explain,true,true,SmartCertified,Boolean,Proposition1,PathCompatibleExactRelations,PathCertified,,
hypothyroid,2,7,unary,true,true,Unary,Boolean,UnaryBaseline,UnaryRelation,StructuralHorn,,
hypothyroid,2,7,horn,true,true,Horn,Boolean,Theorem3,StarNestedHorn,StructuralHorn,,
hypothyroid,2,7,antihorn,true,true,AntiHorn,Boolean,Theorem4,StarNestedAntiHorn,StructuralAntiHorn,,
hypothyroid,2,7,square2cnf,true,true,Square2Cnf,Boolean,Theorem6,Square2CnfFormI,TwoSat,,
hypothyroid,2,7,affine,true,true,Affine,Boolean,Theorem5,SingleGf2Equation,Gf2Gaussian,,
hypothyroid,2,7,smart_certified,true,true,SmartCertified,Boolean,Proposition1,PathCompatibleExactRelations,PathCertified,,
hypothyroid,2,7,cals,true,true,SmartCertified,Boolean,Proposition1,PathCompatibleExactRelations,PathCertified,,
hypothyroid,2,7,cals_compact_explain,true,true,SmartCertified,Boolean,Proposition1,PathCompatibleExactRelations,PathCertified,,
hypothyroid,3,5,unary,true,true,Unary,Boolean,UnaryBaseline,UnaryRelation,StructuralHorn,,
hypothyroid,3,5,horn,true,true,Horn,Boolean,Theorem3,StarNestedHorn,StructuralHorn,,
hypothyroid,3,5,antihorn,true,true,AntiHorn,Boolean,Theorem4,StarNestedAntiHorn,StructuralAntiHorn,,
hypothyroid,3,5,square2cnf,true,true,Square2Cnf,Boolean,Theorem6,Square2CnfFormI,TwoSat,,
hypothyroid,3,5,affine,true,true,Affine,Boolean,Theorem5,SingleGf2Equation,Gf2Gaussian,,
hypothyroid,3,5,smart_certified,true,true,SmartCertified,Boolean,Proposition1,PathCompatibleExactRelations,PathCertified,,
hypothyroid,3,5,cals,true,true,SmartCertified,Boolean,Proposition1,PathCompatibleExactRelations,PathCertified,,
hypothyroid,3,5,cals_compact_explain,true,true,SmartCertified,Boolean,Proposition1,PathCompatibleExactRelations,PathCertified,,
hypothyroid,3,7,unary,true,true,Unary,Boolean,UnaryBaseline,UnaryRelation,StructuralHorn,,
hypothyroid,3,7,horn,true,true,Horn,Boolean,Theorem3,StarNestedHorn,StructuralHorn,,
hypothyroid,3,7,antihorn,true,true,AntiHorn,Boolean,Theorem4,StarNestedAntiHorn,StructuralAntiHorn,,
hypothyroid,3,7,square2cnf,true,true,Square2Cnf,Boolean,Theorem6,Square2CnfFormI,TwoSat,,
hypothyroid,3,7,affine,true,true,Affine,Boolean,Theorem5,SingleGf2Equation,Gf2Gaussian,,
hypothyroid,3,7,smart_certified,true,true,SmartCertified,Boolean,Proposition1,PathCompatibleExactRelations,PathCertified,,
hypothyroid,3,7,cals,true,true,SmartCertified,Boolean,Proposition1,PathCompatibleExactRelations,PathCertified,,
hypothyroid,3,7,cals_compact_explain,true,true,SmartCertified,Boolean,Proposition1,PathCompatibleExactRelations,PathCertified,,
hypothyroid,4,5,unary,true,true,Unary,Boolean,UnaryBaseline,UnaryRelation,StructuralHorn,,
hypothyroid,4,5,horn,true,true,Horn,Boolean,Theorem3,StarNestedHorn,StructuralHorn,,
hypothyroid,4,5,antihorn,true,true,AntiHorn,Boolean,Theorem4,StarNestedAntiHorn,StructuralAntiHorn,,
hypothyroid,4,5,square2cnf,true,true,Square2Cnf,Boolean,Theorem6,Square2CnfFormI,TwoSat,,
hypothyroid,4,5,affine,true,true,Affine,Boolean,Theorem5,SingleGf2Equation,Gf2Gaussian,,
hypothyroid,4,5,smart_certified,true,true,SmartCertified,Boolean,Proposition1,PathCompatibleExactRelations,PathCertified,,
hypothyroid,4,5,cals,true,true,SmartCertified,Boolean,Proposition1,PathCompatibleExactRelations,PathCertified,,
hypothyroid,4,5,cals_compact_explain,true,true,SmartCertified,Boolean,Proposition1,PathCompatibleExactRelations,PathCertified,,
hypothyroid,4,7,unary,true,true,Unary,Boolean,UnaryBaseline,UnaryRelation,StructuralHorn,,
hypothyroid,4,7,horn,true,true,Horn,Boolean,Theorem3,StarNestedHorn,StructuralHorn,,
hypothyroid,4,7,antihorn,true,true,AntiHorn,Boolean,Theorem4,StarNestedAntiHorn,StructuralAntiHorn,,
hypothyroid,4,7,square2cnf,true,true,Square2Cnf,Boolean,Theorem6,Square2CnfFormI,TwoSat,,
hypothyroid,4,7,affine,true,true,Affine,Boolean,Theorem5,SingleGf2Equation,Gf2Gaussian,,
hypothyroid,4,7,smart_certified,true,true,SmartCertified,Boolean,Proposition1,PathCompatibleExactRelations,PathCertified,,
hypothyroid,4,7,cals,true,true,SmartCertified,Boolean,Proposition1,PathCompatibleExactRelations,PathCertified,,
hypothyroid,4,7,cals_compact_explain,true,true,SmartCertified,Boolean,Proposition1,PathCompatibleExactRelations,PathCertified,,
hypothyroid,5,5,unary,true,true,Unary,Boolean,UnaryBaseline,UnaryRelation,StructuralHorn,,
hypothyroid,5,5,horn,true,true,Horn,Boolean,Theorem3,StarNestedHorn,StructuralHorn,,
hypothyroid,5,5,antihorn,true,true,AntiHorn,Boolean,Theorem4,StarNestedAntiHorn,StructuralAntiHorn,,
hypothyroid,5,5,square2cnf,true,true,Square2Cnf,Boolean,Theorem6,Square2CnfFormI,TwoSat,,
hypothyroid,5,5,affine,true,true,Affine,Boolean,Theorem5,SingleGf2Equation,Gf2Gaussian,,
hypothyroid,5,5,smart_certified,true,true,SmartCertified,Boolean,Proposition1,PathCompatibleExactRelations,PathCertified,,
hypothyroid,5,5,cals,true,true,SmartCertified,Boolean,Proposition1,PathCompatibleExactRelations,PathCertified,,
hypothyroid,5,5,cals_compact_explain,true,true,SmartCertified,Boolean,Proposition1,PathCompatibleExactRelations,PathCertified,,
hypothyroid,5,7,unary,true,true,Unary,Boolean,UnaryBaseline,UnaryRelation,StructuralHorn,,
hypothyroid,5,7,horn,true,true,Horn,Boolean,Theorem3,StarNestedHorn,StructuralHorn,,
hypothyroid,5,7,antihorn,true,true,AntiHorn,Boolean,Theorem4,StarNestedAntiHorn,StructuralAntiHorn,,
hypothyroid,5,7,square2cnf,true,true,Square2Cnf,Boolean,Theorem6,Square2CnfFormI,TwoSat,,
hypothyroid,5,7,affine,true,true,Affine,Boolean,Theorem5,SingleGf2Equation,Gf2Gaussian,,
hypothyroid,5,7,smart_certified,true,true,SmartCertified,Boolean,Proposition1,PathCompatibleExactRelations,PathCertified,,
hypothyroid,5,7,cals,true,true,SmartCertified,Boolean,Proposition1,PathCompatibleExactRelations,PathCertified,,
hypothyroid,5,7,cals_compact_explain,true,true,SmartCertified,Boolean,Proposition1,PathCompatibleExactRelations,PathCertified,,
hypothyroid,6,5,unary,true,true,Unary,Boolean,UnaryBaseline,UnaryRelation,StructuralHorn,,
hypothyroid,6,5,horn,true,true,Horn,Boolean,Theorem3,StarNestedHorn,StructuralHorn,,
hypothyroid,6,5,antihorn,true,true,AntiHorn,Boolean,Theorem4,StarNestedAntiHorn,StructuralAntiHorn,,
hypothyroid,6,5,square2cnf,true,true,Square2Cnf,Boolean,Theorem6,Square2CnfFormI,TwoSat,,
hypothyroid,6,5,affine,true,true,Affine,Boolean,Theorem5,SingleGf2Equation,Gf2Gaussian,,
hypothyroid,6,5,smart_certified,true,true,SmartCertified,Boolean,Proposition1,PathCompatibleExactRelations,PathCertified,,
hypothyroid,6,5,cals,true,true,SmartCertified,Boolean,Proposition1,PathCompatibleExactRelations,PathCertified,,
hypothyroid,6,5,cals_compact_explain,true,true,SmartCertified,Boolean,Proposition1,PathCompatibleExactRelations,PathCertified,,
hypothyroid,6,7,unary,true,true,Unary,Boolean,UnaryBaseline,UnaryRelation,StructuralHorn,,
hypothyroid,6,7,horn,true,true,Horn,Boolean,Theorem3,StarNestedHorn,StructuralHorn,,
hypothyroid,6,7,antihorn,true,true,AntiHorn,Boolean,Theorem4,StarNestedAntiHorn,StructuralAntiHorn,,
hypothyroid,6,7,square2cnf,true,true,Square2Cnf,Boolean,Theorem6,Square2CnfFormI,TwoSat,,
hypothyroid,6,7,affine,true,true,Affine,Boolean,Theorem5,SingleGf2Equation,Gf2Gaussian,,
hypothyroid,6,7,smart_certified,true,true,SmartCertified,Boolean,Proposition1,PathCompatibleExactRelations,PathCertified,,
hypothyroid,6,7,cals,true,true,SmartCertified,Boolean,Proposition1,PathCompatibleExactRelations,PathCertified,,
hypothyroid,6,7,cals_compact_explain,true,true,SmartCertified,Boolean,Proposition1,PathCompatibleExactRelations,PathCertified,,
hypothyroid,7,5,unary,true,true,Unary,Boolean,UnaryBaseline,UnaryRelation,StructuralHorn,,
hypothyroid,7,5,horn,true,true,Horn,Boolean,Theorem3,StarNestedHorn,StructuralHorn,,
hypothyroid,7,5,antihorn,true,true,AntiHorn,Boolean,Theorem4,StarNestedAntiHorn,StructuralAntiHorn,,
hypothyroid,7,5,square2cnf,true,true,Square2Cnf,Boolean,Theorem6,Square2CnfFormI,TwoSat,,
hypothyroid,7,5,affine,true,true,Affine,Boolean,Theorem5,SingleGf2Equation,Gf2Gaussian,,
hypothyroid,7,5,smart_certified,true,true,SmartCertified,Boolean,Proposition1,PathCompatibleExactRelations,PathCertified,,
hypothyroid,7,5,cals,true,true,SmartCertified,Boolean,Proposition1,PathCompatibleExactRelations,PathCertified,,
hypothyroid,7,5,cals_compact_explain,true,true,SmartCertified,Boolean,Proposition1,PathCompatibleExactRelations,PathCertified,,
hypothyroid,7,7,unary,true,true,Unary,Boolean,UnaryBaseline,UnaryRelation,StructuralHorn,,
hypothyroid,7,7,horn,true,true,Horn,Boolean,Theorem3,StarNestedHorn,StructuralHorn,,
hypothyroid,7,7,antihorn,true,true,AntiHorn,Boolean,Theorem4,StarNestedAntiHorn,StructuralAntiHorn,,
hypothyroid,7,7,square2cnf,true,true,Square2Cnf,Boolean,Theorem6,Square2CnfFormI,TwoSat,,
hypothyroid,7,7,affine,true,true,Affine,Boolean,Theorem5,SingleGf2Equation,Gf2Gaussian,,
hypothyroid,7,7,smart_certified,true,true,SmartCertified,Boolean,Proposition1,PathCompatibleExactRelations,PathCertified,,
hypothyroid,7,7,cals,true,true,SmartCertified,Boolean,Proposition1,PathCompatibleExactRelations,PathCertified,,
hypothyroid,7,7,cals_compact_explain,true,true,SmartCertified,Boolean,Proposition1,PathCompatibleExactRelations,PathCertified,,
hypothyroid,8,5,unary,true,true,Unary,Boolean,UnaryBaseline,UnaryRelation,StructuralHorn,,
hypothyroid,8,5,horn,true,true,Horn,Boolean,Theorem3,StarNestedHorn,StructuralHorn,,
hypothyroid,8,5,antihorn,true,true,AntiHorn,Boolean,Theorem4,StarNestedAntiHorn,StructuralAntiHorn,,
hypothyroid,8,5,square2cnf,true,true,Square2Cnf,Boolean,Theorem6,Square2CnfFormI,TwoSat,,
hypothyroid,8,5,affine,true,true,Affine,Boolean,Theorem5,SingleGf2Equation,Gf2Gaussian,,
hypothyroid,8,5,smart_certified,true,true,SmartCertified,Boolean,Proposition1,PathCompatibleExactRelations,PathCertified,,
hypothyroid,8,5,cals,true,true,SmartCertified,Boolean,Proposition1,PathCompatibleExactRelations,PathCertified,,
hypothyroid,8,5,cals_compact_explain,true,true,SmartCertified,Boolean,Proposition1,PathCompatibleExactRelations,PathCertified,,
hypothyroid,8,7,unary,true,true,Unary,Boolean,UnaryBaseline,UnaryRelation,StructuralHorn,,
hypothyroid,8,7,horn,true,true,Horn,Boolean,Theorem3,StarNestedHorn,StructuralHorn,,
hypothyroid,8,7,antihorn,true,true,AntiHorn,Boolean,Theorem4,StarNestedAntiHorn,StructuralAntiHorn,,
hypothyroid,8,7,square2cnf,true,true,Square2Cnf,Boolean,Theorem6,Square2CnfFormI,TwoSat,,
hypothyroid,8,7,affine,true,true,Affine,Boolean,Theorem5,SingleGf2Equation,Gf2Gaussian,,
hypothyroid,8,7,smart_certified,true,true,SmartCertified,Boolean,Proposition1,PathCompatibleExactRelations,PathCertified,,
hypothyroid,8,7,cals,true,true,SmartCertified,Boolean,Proposition1,PathCompatibleExactRelations,PathCertified,,
hypothyroid,8,7,cals_compact_explain,true,true,SmartCertified,Boolean,Proposition1,PathCompatibleExactRelations,PathCertified,,
hypothyroid,9,5,unary,true,true,Unary,Boolean,UnaryBaseline,UnaryRelation,StructuralHorn,,
hypothyroid,9,5,horn,true,true,Horn,Boolean,Theorem3,StarNestedHorn,StructuralHorn,,
hypothyroid,9,5,antihorn,true,true,AntiHorn,Boolean,Theorem4,StarNestedAntiHorn,StructuralAntiHorn,,
hypothyroid,9,5,square2cnf,true,true,Square2Cnf,Boolean,Theorem6,Square2CnfFormI,TwoSat,,
hypothyroid,9,5,affine,true,true,Affine,Boolean,Theorem5,SingleGf2Equation,Gf2Gaussian,,
hypothyroid,9,5,smart_certified,true,true,SmartCertified,Boolean,Proposition1,PathCompatibleExactRelations,PathCertified,,
hypothyroid,9,5,cals,true,true,SmartCertified,Boolean,Proposition1,PathCompatibleExactRelations,PathCertified,,
hypothyroid,9,5,cals_compact_explain,true,true,SmartCertified,Boolean,Proposition1,PathCompatibleExactRelations,PathCertified,,
hypothyroid,9,7,unary,true,true,Unary,Boolean,UnaryBaseline,UnaryRelation,StructuralHorn,,
hypothyroid,9,7,horn,true,true,Horn,Boolean,Theorem3,StarNestedHorn,StructuralHorn,,
hypothyroid,9,7,antihorn,true,true,AntiHorn,Boolean,Theorem4,StarNestedAntiHorn,StructuralAntiHorn,,
hypothyroid,9,7,square2cnf,true,true,Square2Cnf,Boolean,Theorem6,Square2CnfFormI,TwoSat,,
hypothyroid,9,7,affine,true,true,Affine,Boolean,Theorem5,SingleGf2Equation,Gf2Gaussian,,
hypothyroid,9,7,smart_certified,true,true,SmartCertified,Boolean,Proposition1,PathCompatibleExactRelations,PathCertified,,
hypothyroid,9,7,cals,true,true,SmartCertified,Boolean,Proposition1,PathCompatibleExactRelations,PathCertified,,
hypothyroid,9,7,cals_compact_explain,true,true,SmartCertified,Boolean,Proposition1,PathCompatibleExactRelations,PathCertified,,
ionosphere,0,5,unary,true,true,Unary,Boolean,UnaryBaseline,UnaryRelation,StructuralHorn,,
ionosphere,0,5,horn,true,true,Horn,Boolean,Theorem3,StarNestedHorn,StructuralHorn,,
ionosphere,0,5,antihorn,true,true,AntiHorn,Boolean,Theorem4,StarNestedAntiHorn,StructuralAntiHorn,,
ionosphere,0,5,square2cnf,true,true,Square2Cnf,Boolean,Theorem6,Square2CnfFormI,TwoSat,,
ionosphere,0,5,affine,true,true,Affine,Boolean,Theorem5,SingleGf2Equation,Gf2Gaussian,,
ionosphere,0,5,smart_certified,true,true,SmartCertified,Boolean,Proposition1,PathCompatibleExactRelations,PathCertified,,
ionosphere,0,5,cals,true,true,SmartCertified,Boolean,Proposition1,PathCompatibleExactRelations,PathCertified,,
ionosphere,0,5,cals_compact_explain,true,true,SmartCertified,Boolean,Proposition1,PathCompatibleExactRelations,PathCertified,,
ionosphere,0,7,unary,true,true,Unary,Boolean,UnaryBaseline,UnaryRelation,StructuralHorn,,
ionosphere,0,7,horn,true,true,Horn,Boolean,Theorem3,StarNestedHorn,StructuralHorn,,
ionosphere,0,7,antihorn,true,true,AntiHorn,Boolean,Theorem4,StarNestedAntiHorn,StructuralAntiHorn,,
ionosphere,0,7,square2cnf,true,true,Square2Cnf,Boolean,Theorem6,Square2CnfFormI,TwoSat,,
ionosphere,0,7,affine,true,true,Affine,Boolean,Theorem5,SingleGf2Equation,Gf2Gaussian,,
ionosphere,0,7,smart_certified,true,true,SmartCertified,Boolean,Proposition1,PathCompatibleExactRelations,PathCertified,,
ionosphere,0,7,cals,true,true,SmartCertified,Boolean,Proposition1,PathCompatibleExactRelations,PathCertified,,
ionosphere,0,7,cals_compact_explain,true,true,SmartCertified,Boolean,Proposition1,PathCompatibleExactRelations,PathCertified,,
ionosphere,1,5,unary,true,true,Unary,Boolean,UnaryBaseline,UnaryRelation,StructuralHorn,,
ionosphere,1,5,horn,true,true,Horn,Boolean,Theorem3,StarNestedHorn,StructuralHorn,,
ionosphere,1,5,antihorn,true,true,AntiHorn,Boolean,Theorem4,StarNestedAntiHorn,StructuralAntiHorn,,
ionosphere,1,5,square2cnf,true,true,Square2Cnf,Boolean,Theorem6,Square2CnfFormI,TwoSat,,
ionosphere,1,5,affine,true,true,Affine,Boolean,Theorem5,SingleGf2Equation,Gf2Gaussian,,
ionosphere,1,5,smart_certified,true,true,SmartCertified,Boolean,Proposition1,PathCompatibleExactRelations,PathCertified,,
ionosphere,1,5,cals,true,true,SmartCertified,Boolean,Proposition1,PathCompatibleExactRelations,PathCertified,,
ionosphere,1,5,cals_compact_explain,true,true,SmartCertified,Boolean,Proposition1,PathCompatibleExactRelations,PathCertified,,
ionosphere,1,7,unary,true,true,Unary,Boolean,UnaryBaseline,UnaryRelation,StructuralHorn,,
ionosphere,1,7,horn,true,true,Horn,Boolean,Theorem3,StarNestedHorn,StructuralHorn,,
ionosphere,1,7,antihorn,true,true,AntiHorn,Boolean,Theorem4,StarNestedAntiHorn,StructuralAntiHorn,,
ionosphere,1,7,square2cnf,true,true,Square2Cnf,Boolean,Theorem6,Square2CnfFormI,TwoSat,,
ionosphere,1,7,affine,true,true,Affine,Boolean,Theorem5,SingleGf2Equation,Gf2Gaussian,,
ionosphere,1,7,smart_certified,true,true,SmartCertified,Boolean,Proposition1,PathCompatibleExactRelations,PathCertified,,
ionosphere,1,7,cals,true,true,SmartCertified,Boolean,Proposition1,PathCompatibleExactRelations,PathCertified,,
ionosphere,1,7,cals_compact_explain,true,true,SmartCertified,Boolean,Proposition1,PathCompatibleExactRelations,PathCertified,,
ionosphere,2,5,unary,true,true,Unary,Boolean,UnaryBaseline,UnaryRelation,StructuralHorn,,
ionosphere,2,5,horn,true,true,Horn,Boolean,Theorem3,StarNestedHorn,StructuralHorn,,
ionosphere,2,5,antihorn,true,true,AntiHorn,Boolean,Theorem4,StarNestedAntiHorn,StructuralAntiHorn,,
ionosphere,2,5,square2cnf,true,true,Square2Cnf,Boolean,Theorem6,Square2CnfFormI,TwoSat,,
ionosphere,2,5,affine,true,true,Affine,Boolean,Theorem5,SingleGf2Equation,Gf2Gaussian,,
ionosphere,2,5,smart_certified,true,true,SmartCertified,Boolean,Proposition1,PathCompatibleExactRelations,PathCertified,,
ionosphere,2,5,cals,true,true,SmartCertified,Boolean,Proposition1,PathCompatibleExactRelations,PathCertified,,
ionosphere,2,5,cals_compact_explain,true,true,SmartCertified,Boolean,Proposition1,PathCompatibleExactRelations,PathCertified,,
ionosphere,2,7,unary,true,true,Unary,Boolean,UnaryBaseline,UnaryRelation,StructuralHorn,,
ionosphere,2,7,horn,true,true,Horn,Boolean,Theorem3,StarNestedHorn,StructuralHorn,,
ionosphere,2,7,antihorn,true,true,AntiHorn,Boolean,Theorem4,StarNestedAntiHorn,StructuralAntiHorn,,
ionosphere,2,7,square2cnf,true,true,Square2Cnf,Boolean,Theorem6,Square2CnfFormI,TwoSat,,
ionosphere,2,7,affine,true,true,Affine,Boolean,Theorem5,SingleGf2Equation,Gf2Gaussian,,
ionosphere,2,7,smart_certified,true,true,SmartCertified,Boolean,Proposition1,PathCompatibleExactRelations,PathCertified,,
ionosphere,2,7,cals,true,true,SmartCertified,Boolean,Proposition1,PathCompatibleExactRelations,PathCertified,,
ionosphere,2,7,cals_compact_explain,true,true,SmartCertified,Boolean,Proposition1,PathCompatibleExactRelations,PathCertified,,
ionosphere,3,5,unary,true,true,Unary,Boolean,UnaryBaseline,UnaryRelation,StructuralHorn,,
ionosphere,3,5,horn,true,true,Horn,Boolean,Theorem3,StarNestedHorn,StructuralHorn,,
ionosphere,3,5,antihorn,true,true,AntiHorn,Boolean,Theorem4,StarNestedAntiHorn,StructuralAntiHorn,,
ionosphere,3,5,square2cnf,true,true,Square2Cnf,Boolean,Theorem6,Square2CnfFormI,TwoSat,,
ionosphere,3,5,affine,true,true,Affine,Boolean,Theorem5,SingleGf2Equation,Gf2Gaussian,,
ionosphere,3,5,smart_certified,true,true,SmartCertified,Boolean,Proposition1,PathCompatibleExactRelations,PathCertified,,
ionosphere,3,5,cals,true,true,SmartCertified,Boolean,Proposition1,PathCompatibleExactRelations,PathCertified,,
ionosphere,3,5,cals_compact_explain,true,true,SmartCertified,Boolean,Proposition1,PathCompatibleExactRelations,PathCertified,,
ionosphere,3,7,unary,true,true,Unary,Boolean,UnaryBaseline,UnaryRelation,StructuralHorn,,
ionosphere,3,7,horn,true,true,Horn,Boolean,Theorem3,StarNestedHorn,StructuralHorn,,
ionosphere,3,7,antihorn,true,true,AntiHorn,Boolean,Theorem4,StarNestedAntiHorn,StructuralAntiHorn,,
ionosphere,3,7,square2cnf,true,true,Square2Cnf,Boolean,Theorem6,Square2CnfFormI,TwoSat,,
ionosphere,3,7,affine,true,true,Affine,Boolean,Theorem5,SingleGf2Equation,Gf2Gaussian,,
ionosphere,3,7,smart_certified,true,true,SmartCertified,Boolean,Proposition1,PathCompatibleExactRelations,PathCertified,,
ionosphere,3,7,cals,true,true,SmartCertified,Boolean,Proposition1,PathCompatibleExactRelations,PathCertified,,
ionosphere,3,7,cals_compact_explain,true,true,SmartCertified,Boolean,Proposition1,PathCompatibleExactRelations,PathCertified,,
ionosphere,4,5,unary,true,true,Unary,Boolean,UnaryBaseline,UnaryRelation,StructuralHorn,,
ionosphere,4,5,horn,true,true,Horn,Boolean,Theorem3,StarNestedHorn,StructuralHorn,,
ionosphere,4,5,antihorn,true,true,AntiHorn,Boolean,Theorem4,StarNestedAntiHorn,StructuralAntiHorn,,
ionosphere,4,5,square2cnf,true,true,Square2Cnf,Boolean,Theorem6,Square2CnfFormI,TwoSat,,
ionosphere,4,5,affine,true,true,Affine,Boolean,Theorem5,SingleGf2Equation,Gf2Gaussian,,
ionosphere,4,5,smart_certified,true,true,SmartCertified,Boolean,Proposition1,PathCompatibleExactRelations,PathCertified,,
ionosphere,4,5,cals,true,true,SmartCertified,Boolean,Proposition1,PathCompatibleExactRelations,PathCertified,,
ionosphere,4,5,cals_compact_explain,true,true,SmartCertified,Boolean,Proposition1,PathCompatibleExactRelations,PathCertified,,
ionosphere,4,7,unary,true,true,Unary,Boolean,UnaryBaseline,UnaryRelation,StructuralHorn,,
ionosphere,4,7,horn,true,true,Horn,Boolean,Theorem3,StarNestedHorn,StructuralHorn,,
ionosphere,4,7,antihorn,true,true,AntiHorn,Boolean,Theorem4,StarNestedAntiHorn,StructuralAntiHorn,,
ionosphere,4,7,square2cnf,true,true,Square2Cnf,Boolean,Theorem6,Square2CnfFormI,TwoSat,,
ionosphere,4,7,affine,true,true,Affine,Boolean,Theorem5,SingleGf2Equation,Gf2Gaussian,,
ionosphere,4,7,smart_certified,true,true,SmartCertified,Boolean,Proposition1,PathCompatibleExactRelations,PathCertified,,
ionosphere,4,7,cals,true,true,SmartCertified,Boolean,Proposition1,PathCompatibleExactRelations,PathCertified,,
ionosphere,4,7,cals_compact_explain,true,true,SmartCertified,Boolean,Proposition1,PathCompatibleExactRelations,PathCertified,,
ionosphere,5,5,unary,true,true,Unary,Boolean,UnaryBaseline,UnaryRelation,StructuralHorn,,
ionosphere,5,5,horn,true,true,Horn,Boolean,Theorem3,StarNestedHorn,StructuralHorn,,
ionosphere,5,5,antihorn,true,true,AntiHorn,Boolean,Theorem4,StarNestedAntiHorn,StructuralAntiHorn,,
ionosphere,5,5,square2cnf,true,true,Square2Cnf,Boolean,Theorem6,Square2CnfFormI,TwoSat,,
ionosphere,5,5,affine,true,true,Affine,Boolean,Theorem5,SingleGf2Equation,Gf2Gaussian,,
ionosphere,5,5,smart_certified,true,true,SmartCertified,Boolean,Proposition1,PathCompatibleExactRelations,PathCertified,,
ionosphere,5,5,cals,true,true,SmartCertified,Boolean,Proposition1,PathCompatibleExactRelations,PathCertified,,
ionosphere,5,5,cals_compact_explain,true,true,SmartCertified,Boolean,Proposition1,PathCompatibleExactRelations,PathCertified,,
ionosphere,5,7,unary,true,true,Unary,Boolean,UnaryBaseline,UnaryRelation,StructuralHorn,,
ionosphere,5,7,horn,true,true,Horn,Boolean,Theorem3,StarNestedHorn,StructuralHorn,,
ionosphere,5,7,antihorn,true,true,AntiHorn,Boolean,Theorem4,StarNestedAntiHorn,StructuralAntiHorn,,
ionosphere,5,7,square2cnf,true,true,Square2Cnf,Boolean,Theorem6,Square2CnfFormI,TwoSat,,
ionosphere,5,7,affine,true,true,Affine,Boolean,Theorem5,SingleGf2Equation,Gf2Gaussian,,
ionosphere,5,7,smart_certified,true,true,SmartCertified,Boolean,Proposition1,PathCompatibleExactRelations,PathCertified,,
ionosphere,5,7,cals,true,true,SmartCertified,Boolean,Proposition1,PathCompatibleExactRelations,PathCertified,,
ionosphere,5,7,cals_compact_explain,true,true,SmartCertified,Boolean,Proposition1,PathCompatibleExactRelations,PathCertified,,
ionosphere,6,5,unary,true,true,Unary,Boolean,UnaryBaseline,UnaryRelation,StructuralHorn,,
ionosphere,6,5,horn,true,true,Horn,Boolean,Theorem3,StarNestedHorn,StructuralHorn,,
ionosphere,6,5,antihorn,true,true,AntiHorn,Boolean,Theorem4,StarNestedAntiHorn,StructuralAntiHorn,,
ionosphere,6,5,square2cnf,true,true,Square2Cnf,Boolean,Theorem6,Square2CnfFormI,TwoSat,,
ionosphere,6,5,affine,true,true,Affine,Boolean,Theorem5,SingleGf2Equation,Gf2Gaussian,,
ionosphere,6,5,smart_certified,true,true,SmartCertified,Boolean,Proposition1,PathCompatibleExactRelations,PathCertified,,
ionosphere,6,5,cals,true,true,SmartCertified,Boolean,Proposition1,PathCompatibleExactRelations,PathCertified,,
ionosphere,6,5,cals_compact_explain,true,true,SmartCertified,Boolean,Proposition1,PathCompatibleExactRelations,PathCertified,,
ionosphere,6,7,unary,true,true,Unary,Boolean,UnaryBaseline,UnaryRelation,StructuralHorn,,
ionosphere,6,7,horn,true,true,Horn,Boolean,Theorem3,StarNestedHorn,StructuralHorn,,
ionosphere,6,7,antihorn,true,true,AntiHorn,Boolean,Theorem4,StarNestedAntiHorn,StructuralAntiHorn,,
ionosphere,6,7,square2cnf,true,true,Square2Cnf,Boolean,Theorem6,Square2CnfFormI,TwoSat,,
ionosphere,6,7,affine,true,true,Affine,Boolean,Theorem5,SingleGf2Equation,Gf2Gaussian,,
ionosphere,6,7,smart_certified,true,true,SmartCertified,Boolean,Proposition1,PathCompatibleExactRelations,PathCertified,,
ionosphere,6,7,cals,true,true,SmartCertified,Boolean,Proposition1,PathCompatibleExactRelations,PathCertified,,
ionosphere,6,7,cals_compact_explain,true,true,SmartCertified,Boolean,Proposition1,PathCompatibleExactRelations,PathCertified,,
ionosphere,7,5,unary,true,true,Unary,Boolean,UnaryBaseline,UnaryRelation,StructuralHorn,,
ionosphere,7,5,horn,true,true,Horn,Boolean,Theorem3,StarNestedHorn,StructuralHorn,,
ionosphere,7,5,antihorn,true,true,AntiHorn,Boolean,Theorem4,StarNestedAntiHorn,StructuralAntiHorn,,
ionosphere,7,5,square2cnf,true,true,Square2Cnf,Boolean,Theorem6,Square2CnfFormI,TwoSat,,
ionosphere,7,5,affine,true,true,Affine,Boolean,Theorem5,SingleGf2Equation,Gf2Gaussian,,
ionosphere,7,5,smart_certified,true,true,SmartCertified,Boolean,Proposition1,PathCompatibleExactRelations,PathCertified,,
ionosphere,7,5,cals,true,true,SmartCertified,Boolean,Proposition1,PathCompatibleExactRelations,PathCertified,,
ionosphere,7,5,cals_compact_explain,true,true,SmartCertified,Boolean,Proposition1,PathCompatibleExactRelations,PathCertified,,
ionosphere,7,7,unary,true,true,Unary,Boolean,UnaryBaseline,UnaryRelation,StructuralHorn,,
ionosphere,7,7,horn,true,true,Horn,Boolean,Theorem3,StarNestedHorn,StructuralHorn,,
ionosphere,7,7,antihorn,true,true,AntiHorn,Boolean,Theorem4,StarNestedAntiHorn,StructuralAntiHorn,,
ionosphere,7,7,square2cnf,true,true,Square2Cnf,Boolean,Theorem6,Square2CnfFormI,TwoSat,,
ionosphere,7,7,affine,true,true,Affine,Boolean,Theorem5,SingleGf2Equation,Gf2Gaussian,,
ionosphere,7,7,smart_certified,true,true,SmartCertified,Boolean,Proposition1,PathCompatibleExactRelations,PathCertified,,
ionosphere,7,7,cals,true,true,SmartCertified,Boolean,Proposition1,PathCompatibleExactRelations,PathCertified,,
ionosphere,7,7,cals_compact_explain,true,true,SmartCertified,Boolean,Proposition1,PathCompatibleExactRelations,PathCertified,,
ionosphere,8,5,unary,true,true,Unary,Boolean,UnaryBaseline,UnaryRelation,StructuralHorn,,
ionosphere,8,5,horn,true,true,Horn,Boolean,Theorem3,StarNestedHorn,StructuralHorn,,
ionosphere,8,5,antihorn,true,true,AntiHorn,Boolean,Theorem4,StarNestedAntiHorn,StructuralAntiHorn,,
ionosphere,8,5,square2cnf,true,true,Square2Cnf,Boolean,Theorem6,Square2CnfFormI,TwoSat,,
ionosphere,8,5,affine,true,true,Affine,Boolean,Theorem5,SingleGf2Equation,Gf2Gaussian,,
ionosphere,8,5,smart_certified,true,true,SmartCertified,Boolean,Proposition1,PathCompatibleExactRelations,PathCertified,,
ionosphere,8,5,cals,true,true,SmartCertified,Boolean,Proposition1,PathCompatibleExactRelations,PathCertified,,
ionosphere,8,5,cals_compact_explain,true,true,SmartCertified,Boolean,Proposition1,PathCompatibleExactRelations,PathCertified,,
ionosphere,8,7,unary,true,true,Unary,Boolean,UnaryBaseline,UnaryRelation,StructuralHorn,,
ionosphere,8,7,horn,true,true,Horn,Boolean,Theorem3,StarNestedHorn,StructuralHorn,,
ionosphere,8,7,antihorn,true,true,AntiHorn,Boolean,Theorem4,StarNestedAntiHorn,StructuralAntiHorn,,
ionosphere,8,7,square2cnf,true,true,Square2Cnf,Boolean,Theorem6,Square2CnfFormI,TwoSat,,
ionosphere,8,7,affine,true,true,Affine,Boolean,Theorem5,SingleGf2Equation,Gf2Gaussian,,
ionosphere,8,7,smart_certified,true,true,SmartCertified,Boolean,Proposition1,PathCompatibleExactRelations,PathCertified,,
ionosphere,8,7,cals,true,true,SmartCertified,Boolean,Proposition1,PathCompatibleExactRelations,PathCertified,,
ionosphere,8,7,cals_compact_explain,true,true,SmartCertified,Boolean,Proposition1,PathCompatibleExactRelations,PathCertified,,
ionosphere,9,5,unary,true,true,Unary,Boolean,UnaryBaseline,UnaryRelation,StructuralHorn,,
ionosphere,9,5,horn,true,true,Horn,Boolean,Theorem3,StarNestedHorn,StructuralHorn,,
ionosphere,9,5,antihorn,true,true,AntiHorn,Boolean,Theorem4,StarNestedAntiHorn,StructuralAntiHorn,,
ionosphere,9,5,square2cnf,true,true,Square2Cnf,Boolean,Theorem6,Square2CnfFormI,TwoSat,,
ionosphere,9,5,affine,true,true,Affine,Boolean,Theorem5,SingleGf2Equation,Gf2Gaussian,,
ionosphere,9,5,smart_certified,true,true,SmartCertified,Boolean,Proposition1,PathCompatibleExactRelations,PathCertified,,
ionosphere,9,5,cals,true,true,SmartCertified,Boolean,Proposition1,PathCompatibleExactRelations,PathCertified,,
ionosphere,9,5,cals_compact_explain,true,true,SmartCertified,Boolean,Proposition1,PathCompatibleExactRelations,PathCertified,,
ionosphere,9,7,unary,true,true,Unary,Boolean,UnaryBaseline,UnaryRelation,StructuralHorn,,
ionosphere,9,7,horn,true,true,Horn,Boolean,Theorem3,StarNestedHorn,StructuralHorn,,
ionosphere,9,7,antihorn,true,true,AntiHorn,Boolean,Theorem4,StarNestedAntiHorn,StructuralAntiHorn,,
ionosphere,9,7,square2cnf,true,true,Square2Cnf,Boolean,Theorem6,Square2CnfFormI,TwoSat,,
ionosphere,9,7,affine,true,true,Affine,Boolean,Theorem5,SingleGf2Equation,Gf2Gaussian,,
ionosphere,9,7,smart_certified,true,true,SmartCertified,Boolean,Proposition1,PathCompatibleExactRelations,PathCertified,,
ionosphere,9,7,cals,true,true,SmartCertified,Boolean,Proposition1,PathCompatibleExactRelations,PathCertified,,
ionosphere,9,7,cals_compact_explain,true,true,SmartCertified,Boolean,Proposition1,PathCompatibleExactRelations,PathCertified,,
kr-vs-kp,0,5,unary,true,true,Unary,Boolean,UnaryBaseline,UnaryRelation,StructuralHorn,,
kr-vs-kp,0,5,horn,true,true,Horn,Boolean,Theorem3,StarNestedHorn,StructuralHorn,,
kr-vs-kp,0,5,antihorn,true,true,AntiHorn,Boolean,Theorem4,StarNestedAntiHorn,StructuralAntiHorn,,
kr-vs-kp,0,5,square2cnf,true,true,Square2Cnf,Boolean,Theorem6,Square2CnfFormI,TwoSat,,
kr-vs-kp,0,5,affine,true,true,Affine,Boolean,Theorem5,SingleGf2Equation,Gf2Gaussian,,
kr-vs-kp,0,5,smart_certified,true,true,SmartCertified,Boolean,Proposition1,PathCompatibleExactRelations,PathCertified,,
kr-vs-kp,0,5,cals,true,true,SmartCertified,Boolean,Proposition1,PathCompatibleExactRelations,PathCertified,,
kr-vs-kp,0,5,cals_compact_explain,true,true,SmartCertified,Boolean,Proposition1,PathCompatibleExactRelations,PathCertified,,
kr-vs-kp,0,7,unary,true,true,Unary,Boolean,UnaryBaseline,UnaryRelation,StructuralHorn,,
kr-vs-kp,0,7,horn,true,true,Horn,Boolean,Theorem3,StarNestedHorn,StructuralHorn,,
kr-vs-kp,0,7,antihorn,true,true,AntiHorn,Boolean,Theorem4,StarNestedAntiHorn,StructuralAntiHorn,,
kr-vs-kp,0,7,square2cnf,true,true,Square2Cnf,Boolean,Theorem6,Square2CnfFormI,TwoSat,,
kr-vs-kp,0,7,affine,true,true,Affine,Boolean,Theorem5,SingleGf2Equation,Gf2Gaussian,,
kr-vs-kp,0,7,smart_certified,true,true,SmartCertified,Boolean,Proposition1,PathCompatibleExactRelations,PathCertified,,
kr-vs-kp,0,7,cals,true,true,SmartCertified,Boolean,Proposition1,PathCompatibleExactRelations,PathCertified,,
kr-vs-kp,0,7,cals_compact_explain,true,true,SmartCertified,Boolean,Proposition1,PathCompatibleExactRelations,PathCertified,,
kr-vs-kp,1,5,unary,true,true,Unary,Boolean,UnaryBaseline,UnaryRelation,StructuralHorn,,
kr-vs-kp,1,5,horn,true,true,Horn,Boolean,Theorem3,StarNestedHorn,StructuralHorn,,
kr-vs-kp,1,5,antihorn,true,true,AntiHorn,Boolean,Theorem4,StarNestedAntiHorn,StructuralAntiHorn,,
kr-vs-kp,1,5,square2cnf,true,true,Square2Cnf,Boolean,Theorem6,Square2CnfFormI,TwoSat,,
kr-vs-kp,1,5,affine,true,true,Affine,Boolean,Theorem5,SingleGf2Equation,Gf2Gaussian,,
kr-vs-kp,1,5,smart_certified,true,true,SmartCertified,Boolean,Proposition1,PathCompatibleExactRelations,PathCertified,,
kr-vs-kp,1,5,cals,true,true,SmartCertified,Boolean,Proposition1,PathCompatibleExactRelations,PathCertified,,
kr-vs-kp,1,5,cals_compact_explain,true,true,SmartCertified,Boolean,Proposition1,PathCompatibleExactRelations,PathCertified,,
kr-vs-kp,1,7,unary,true,true,Unary,Boolean,UnaryBaseline,UnaryRelation,StructuralHorn,,
kr-vs-kp,1,7,horn,true,true,Horn,Boolean,Theorem3,StarNestedHorn,StructuralHorn,,
kr-vs-kp,1,7,antihorn,true,true,AntiHorn,Boolean,Theorem4,StarNestedAntiHorn,StructuralAntiHorn,,
kr-vs-kp,1,7,square2cnf,true,true,Square2Cnf,Boolean,Theorem6,Square2CnfFormI,TwoSat,,
kr-vs-kp,1,7,affine,true,true,Affine,Boolean,Theorem5,SingleGf2Equation,Gf2Gaussian,,
kr-vs-kp,1,7,smart_certified,true,true,SmartCertified,Boolean,Proposition1,PathCompatibleExactRelations,PathCertified,,
kr-vs-kp,1,7,cals,true,true,SmartCertified,Boolean,Proposition1,PathCompatibleExactRelations,PathCertified,,
kr-vs-kp,1,7,cals_compact_explain,true,true,SmartCertified,Boolean,Proposition1,PathCompatibleExactRelations,PathCertified,,
kr-vs-kp,2,5,unary,true,true,Unary,Boolean,UnaryBaseline,UnaryRelation,StructuralHorn,,
kr-vs-kp,2,5,horn,true,true,Horn,Boolean,Theorem3,StarNestedHorn,StructuralHorn,,
kr-vs-kp,2,5,antihorn,true,true,AntiHorn,Boolean,Theorem4,StarNestedAntiHorn,StructuralAntiHorn,,
kr-vs-kp,2,5,square2cnf,true,true,Square2Cnf,Boolean,Theorem6,Square2CnfFormI,TwoSat,,
kr-vs-kp,2,5,affine,true,true,Affine,Boolean,Theorem5,SingleGf2Equation,Gf2Gaussian,,
kr-vs-kp,2,5,smart_certified,true,true,SmartCertified,Boolean,Proposition1,PathCompatibleExactRelations,PathCertified,,
kr-vs-kp,2,5,cals,true,true,SmartCertified,Boolean,Proposition1,PathCompatibleExactRelations,PathCertified,,
kr-vs-kp,2,5,cals_compact_explain,true,true,SmartCertified,Boolean,Proposition1,PathCompatibleExactRelations,PathCertified,,
kr-vs-kp,2,7,unary,true,true,Unary,Boolean,UnaryBaseline,UnaryRelation,StructuralHorn,,
kr-vs-kp,2,7,horn,true,true,Horn,Boolean,Theorem3,StarNestedHorn,StructuralHorn,,
kr-vs-kp,2,7,antihorn,true,true,AntiHorn,Boolean,Theorem4,StarNestedAntiHorn,StructuralAntiHorn,,
kr-vs-kp,2,7,square2cnf,true,true,Square2Cnf,Boolean,Theorem6,Square2CnfFormI,TwoSat,,
kr-vs-kp,2,7,affine,true,true,Affine,Boolean,Theorem5,SingleGf2Equation,Gf2Gaussian,,
kr-vs-kp,2,7,smart_certified,true,true,SmartCertified,Boolean,Proposition1,PathCompatibleExactRelations,PathCertified,,
kr-vs-kp,2,7,cals,true,true,SmartCertified,Boolean,Proposition1,PathCompatibleExactRelations,PathCertified,,
kr-vs-kp,2,7,cals_compact_explain,true,true,SmartCertified,Boolean,Proposition1,PathCompatibleExactRelations,PathCertified,,
kr-vs-kp,3,5,unary,true,true,Unary,Boolean,UnaryBaseline,UnaryRelation,StructuralHorn,,
kr-vs-kp,3,5,horn,true,true,Horn,Boolean,Theorem3,StarNestedHorn,StructuralHorn,,
kr-vs-kp,3,5,antihorn,true,true,AntiHorn,Boolean,Theorem4,StarNestedAntiHorn,StructuralAntiHorn,,
kr-vs-kp,3,5,square2cnf,true,true,Square2Cnf,Boolean,Theorem6,Square2CnfFormI,TwoSat,,
kr-vs-kp,3,5,affine,true,true,Affine,Boolean,Theorem5,SingleGf2Equation,Gf2Gaussian,,
kr-vs-kp,3,5,smart_certified,true,true,SmartCertified,Boolean,Proposition1,PathCompatibleExactRelations,PathCertified,,
kr-vs-kp,3,5,cals,true,true,SmartCertified,Boolean,Proposition1,PathCompatibleExactRelations,PathCertified,,
kr-vs-kp,3,5,cals_compact_explain,true,true,SmartCertified,Boolean,Proposition1,PathCompatibleExactRelations,PathCertified,,
kr-vs-kp,3,7,unary,true,true,Unary,Boolean,UnaryBaseline,UnaryRelation,StructuralHorn,,
kr-vs-kp,3,7,horn,true,true,Horn,Boolean,Theorem3,StarNestedHorn,StructuralHorn,,
kr-vs-kp,3,7,antihorn,true,true,AntiHorn,Boolean,Theorem4,StarNestedAntiHorn,StructuralAntiHorn,,
kr-vs-kp,3,7,square2cnf,true,true,Square2Cnf,Boolean,Theorem6,Square2CnfFormI,TwoSat,,
kr-vs-kp,3,7,affine,true,true,Affine,Boolean,Theorem5,SingleGf2Equation,Gf2Gaussian,,
kr-vs-kp,3,7,smart_certified,true,true,SmartCertified,Boolean,Proposition1,PathCompatibleExactRelations,PathCertified,,
kr-vs-kp,3,7,cals,true,true,SmartCertified,Boolean,Proposition1,PathCompatibleExactRelations,PathCertified,,
kr-vs-kp,3,7,cals_compact_explain,true,true,SmartCertified,Boolean,Proposition1,PathCompatibleExactRelations,PathCertified,,
kr-vs-kp,4,5,unary,true,true,Unary,Boolean,UnaryBaseline,UnaryRelation,StructuralHorn,,
kr-vs-kp,4,5,horn,true,true,Horn,Boolean,Theorem3,StarNestedHorn,StructuralHorn,,
kr-vs-kp,4,5,antihorn,true,true,AntiHorn,Boolean,Theorem4,StarNestedAntiHorn,StructuralAntiHorn,,
kr-vs-kp,4,5,square2cnf,true,true,Square2Cnf,Boolean,Theorem6,Square2CnfFormI,TwoSat,,
kr-vs-kp,4,5,affine,true,true,Affine,Boolean,Theorem5,SingleGf2Equation,Gf2Gaussian,,
kr-vs-kp,4,5,smart_certified,true,true,SmartCertified,Boolean,Proposition1,PathCompatibleExactRelations,PathCertified,,
kr-vs-kp,4,5,cals,true,true,SmartCertified,Boolean,Proposition1,PathCompatibleExactRelations,PathCertified,,
kr-vs-kp,4,5,cals_compact_explain,true,true,SmartCertified,Boolean,Proposition1,PathCompatibleExactRelations,PathCertified,,
kr-vs-kp,4,7,unary,true,true,Unary,Boolean,UnaryBaseline,UnaryRelation,StructuralHorn,,
kr-vs-kp,4,7,horn,true,true,Horn,Boolean,Theorem3,StarNestedHorn,StructuralHorn,,
kr-vs-kp,4,7,antihorn,true,true,AntiHorn,Boolean,Theorem4,StarNestedAntiHorn,StructuralAntiHorn,,
kr-vs-kp,4,7,square2cnf,true,true,Square2Cnf,Boolean,Theorem6,Square2CnfFormI,TwoSat,,
kr-vs-kp,4,7,affine,true,true,Affine,Boolean,Theorem5,SingleGf2Equation,Gf2Gaussian,,
kr-vs-kp,4,7,smart_certified,true,true,SmartCertified,Boolean,Proposition1,PathCompatibleExactRelations,PathCertified,,
kr-vs-kp,4,7,cals,true,true,SmartCertified,Boolean,Proposition1,PathCompatibleExactRelations,PathCertified,,
kr-vs-kp,4,7,cals_compact_explain,true,true,SmartCertified,Boolean,Proposition1,PathCompatibleExactRelations,PathCertified,,
kr-vs-kp,5,5,unary,true,true,Unary,Boolean,UnaryBaseline,UnaryRelation,StructuralHorn,,
kr-vs-kp,5,5,horn,true,true,Horn,Boolean,Theorem3,StarNestedHorn,StructuralHorn,,
kr-vs-kp,5,5,antihorn,true,true,AntiHorn,Boolean,Theorem4,StarNestedAntiHorn,StructuralAntiHorn,,
kr-vs-kp,5,5,square2cnf,true,true,Square2Cnf,Boolean,Theorem6,Square2CnfFormI,TwoSat,,
kr-vs-kp,5,5,affine,true,true,Affine,Boolean,Theorem5,SingleGf2Equation,Gf2Gaussian,,
kr-vs-kp,5,5,smart_certified,true,true,SmartCertified,Boolean,Proposition1,PathCompatibleExactRelations,PathCertified,,
kr-vs-kp,5,5,cals,true,true,SmartCertified,Boolean,Proposition1,PathCompatibleExactRelations,PathCertified,,
kr-vs-kp,5,5,cals_compact_explain,true,true,SmartCertified,Boolean,Proposition1,PathCompatibleExactRelations,PathCertified,,
kr-vs-kp,5,7,unary,true,true,Unary,Boolean,UnaryBaseline,UnaryRelation,StructuralHorn,,
kr-vs-kp,5,7,horn,true,true,Horn,Boolean,Theorem3,StarNestedHorn,StructuralHorn,,
kr-vs-kp,5,7,antihorn,true,true,AntiHorn,Boolean,Theorem4,StarNestedAntiHorn,StructuralAntiHorn,,
kr-vs-kp,5,7,square2cnf,true,true,Square2Cnf,Boolean,Theorem6,Square2CnfFormI,TwoSat,,
kr-vs-kp,5,7,affine,true,true,Affine,Boolean,Theorem5,SingleGf2Equation,Gf2Gaussian,,
kr-vs-kp,5,7,smart_certified,true,true,SmartCertified,Boolean,Proposition1,PathCompatibleExactRelations,PathCertified,,
kr-vs-kp,5,7,cals,true,true,SmartCertified,Boolean,Proposition1,PathCompatibleExactRelations,PathCertified,,
kr-vs-kp,5,7,cals_compact_explain,true,true,SmartCertified,Boolean,Proposition1,PathCompatibleExactRelations,PathCertified,,
kr-vs-kp,6,5,unary,true,true,Unary,Boolean,UnaryBaseline,UnaryRelation,StructuralHorn,,
kr-vs-kp,6,5,horn,true,true,Horn,Boolean,Theorem3,StarNestedHorn,StructuralHorn,,
kr-vs-kp,6,5,antihorn,true,true,AntiHorn,Boolean,Theorem4,StarNestedAntiHorn,StructuralAntiHorn,,
kr-vs-kp,6,5,square2cnf,true,true,Square2Cnf,Boolean,Theorem6,Square2CnfFormI,TwoSat,,
kr-vs-kp,6,5,affine,true,true,Affine,Boolean,Theorem5,SingleGf2Equation,Gf2Gaussian,,
kr-vs-kp,6,5,smart_certified,true,true,SmartCertified,Boolean,Proposition1,PathCompatibleExactRelations,PathCertified,,
kr-vs-kp,6,5,cals,true,true,SmartCertified,Boolean,Proposition1,PathCompatibleExactRelations,PathCertified,,
kr-vs-kp,6,5,cals_compact_explain,true,true,SmartCertified,Boolean,Proposition1,PathCompatibleExactRelations,PathCertified,,
kr-vs-kp,6,7,unary,true,true,Unary,Boolean,UnaryBaseline,UnaryRelation,StructuralHorn,,
kr-vs-kp,6,7,horn,true,true,Horn,Boolean,Theorem3,StarNestedHorn,StructuralHorn,,
kr-vs-kp,6,7,antihorn,true,true,AntiHorn,Boolean,Theorem4,StarNestedAntiHorn,StructuralAntiHorn,,
kr-vs-kp,6,7,square2cnf,true,true,Square2Cnf,Boolean,Theorem6,Square2CnfFormI,TwoSat,,
kr-vs-kp,6,7,affine,true,true,Affine,Boolean,Theorem5,SingleGf2Equation,Gf2Gaussian,,
kr-vs-kp,6,7,smart_certified,true,true,SmartCertified,Boolean,Proposition1,PathCompatibleExactRelations,PathCertified,,
kr-vs-kp,6,7,cals,true,true,SmartCertified,Boolean,Proposition1,PathCompatibleExactRelations,PathCertified,,
kr-vs-kp,6,7,cals_compact_explain,true,true,SmartCertified,Boolean,Proposition1,PathCompatibleExactRelations,PathCertified,,
kr-vs-kp,7,5,unary,true,true,Unary,Boolean,UnaryBaseline,UnaryRelation,StructuralHorn,,
kr-vs-kp,7,5,horn,true,true,Horn,Boolean,Theorem3,StarNestedHorn,StructuralHorn,,
kr-vs-kp,7,5,antihorn,true,true,AntiHorn,Boolean,Theorem4,StarNestedAntiHorn,StructuralAntiHorn,,
kr-vs-kp,7,5,square2cnf,true,true,Square2Cnf,Boolean,Theorem6,Square2CnfFormI,TwoSat,,
kr-vs-kp,7,5,affine,true,true,Affine,Boolean,Theorem5,SingleGf2Equation,Gf2Gaussian,,
kr-vs-kp,7,5,smart_certified,true,true,SmartCertified,Boolean,Proposition1,PathCompatibleExactRelations,PathCertified,,
kr-vs-kp,7,5,cals,true,true,SmartCertified,Boolean,Proposition1,PathCompatibleExactRelations,PathCertified,,
kr-vs-kp,7,5,cals_compact_explain,true,true,SmartCertified,Boolean,Proposition1,PathCompatibleExactRelations,PathCertified,,
kr-vs-kp,7,7,unary,true,true,Unary,Boolean,UnaryBaseline,UnaryRelation,StructuralHorn,,
kr-vs-kp,7,7,horn,true,true,Horn,Boolean,Theorem3,StarNestedHorn,StructuralHorn,,
kr-vs-kp,7,7,antihorn,true,true,AntiHorn,Boolean,Theorem4,StarNestedAntiHorn,StructuralAntiHorn,,
kr-vs-kp,7,7,square2cnf,true,true,Square2Cnf,Boolean,Theorem6,Square2CnfFormI,TwoSat,,
kr-vs-kp,7,7,affine,true,true,Affine,Boolean,Theorem5,SingleGf2Equation,Gf2Gaussian,,
kr-vs-kp,7,7,smart_certified,true,true,SmartCertified,Boolean,Proposition1,PathCompatibleExactRelations,PathCertified,,
kr-vs-kp,7,7,cals,true,true,SmartCertified,Boolean,Proposition1,PathCompatibleExactRelations,PathCertified,,
kr-vs-kp,7,7,cals_compact_explain,true,true,SmartCertified,Boolean,Proposition1,PathCompatibleExactRelations,PathCertified,,
kr-vs-kp,8,5,unary,true,true,Unary,Boolean,UnaryBaseline,UnaryRelation,StructuralHorn,,
kr-vs-kp,8,5,horn,true,true,Horn,Boolean,Theorem3,StarNestedHorn,StructuralHorn,,
kr-vs-kp,8,5,antihorn,true,true,AntiHorn,Boolean,Theorem4,StarNestedAntiHorn,StructuralAntiHorn,,
kr-vs-kp,8,5,square2cnf,true,true,Square2Cnf,Boolean,Theorem6,Square2CnfFormI,TwoSat,,
kr-vs-kp,8,5,affine,true,true,Affine,Boolean,Theorem5,SingleGf2Equation,Gf2Gaussian,,
kr-vs-kp,8,5,smart_certified,true,true,SmartCertified,Boolean,Proposition1,PathCompatibleExactRelations,PathCertified,,
kr-vs-kp,8,5,cals,true,true,SmartCertified,Boolean,Proposition1,PathCompatibleExactRelations,PathCertified,,
kr-vs-kp,8,5,cals_compact_explain,true,true,SmartCertified,Boolean,Proposition1,PathCompatibleExactRelations,PathCertified,,
kr-vs-kp,8,7,unary,true,true,Unary,Boolean,UnaryBaseline,UnaryRelation,StructuralHorn,,
kr-vs-kp,8,7,horn,true,true,Horn,Boolean,Theorem3,StarNestedHorn,StructuralHorn,,
kr-vs-kp,8,7,antihorn,true,true,AntiHorn,Boolean,Theorem4,StarNestedAntiHorn,StructuralAntiHorn,,
kr-vs-kp,8,7,square2cnf,true,true,Square2Cnf,Boolean,Theorem6,Square2CnfFormI,TwoSat,,
kr-vs-kp,8,7,affine,true,true,Affine,Boolean,Theorem5,SingleGf2Equation,Gf2Gaussian,,
kr-vs-kp,8,7,smart_certified,true,true,SmartCertified,Boolean,Proposition1,PathCompatibleExactRelations,PathCertified,,
kr-vs-kp,8,7,cals,true,true,SmartCertified,Boolean,Proposition1,PathCompatibleExactRelations,PathCertified,,
kr-vs-kp,8,7,cals_compact_explain,true,true,SmartCertified,Boolean,Proposition1,PathCompatibleExactRelations,PathCertified,,
kr-vs-kp,9,5,unary,true,true,Unary,Boolean,UnaryBaseline,UnaryRelation,StructuralHorn,,
kr-vs-kp,9,5,horn,true,true,Horn,Boolean,Theorem3,StarNestedHorn,StructuralHorn,,
kr-vs-kp,9,5,antihorn,true,true,AntiHorn,Boolean,Theorem4,StarNestedAntiHorn,StructuralAntiHorn,,
kr-vs-kp,9,5,square2cnf,true,true,Square2Cnf,Boolean,Theorem6,Square2CnfFormI,TwoSat,,
kr-vs-kp,9,5,affine,true,true,Affine,Boolean,Theorem5,SingleGf2Equation,Gf2Gaussian,,
kr-vs-kp,9,5,smart_certified,true,true,SmartCertified,Boolean,Proposition1,PathCompatibleExactRelations,PathCertified,,
kr-vs-kp,9,5,cals,true,true,SmartCertified,Boolean,Proposition1,PathCompatibleExactRelations,PathCertified,,
kr-vs-kp,9,5,cals_compact_explain,true,true,SmartCertified,Boolean,Proposition1,PathCompatibleExactRelations,PathCertified,,
kr-vs-kp,9,7,unary,true,true,Unary,Boolean,UnaryBaseline,UnaryRelation,StructuralHorn,,
kr-vs-kp,9,7,horn,true,true,Horn,Boolean,Theorem3,StarNestedHorn,StructuralHorn,,
kr-vs-kp,9,7,antihorn,true,true,AntiHorn,Boolean,Theorem4,StarNestedAntiHorn,StructuralAntiHorn,,
kr-vs-kp,9,7,square2cnf,true,true,Square2Cnf,Boolean,Theorem6,Square2CnfFormI,TwoSat,,
kr-vs-kp,9,7,affine,true,true,Affine,Boolean,Theorem5,SingleGf2Equation,Gf2Gaussian,,
kr-vs-kp,9,7,smart_certified,true,true,SmartCertified,Boolean,Proposition1,PathCompatibleExactRelations,PathCertified,,
kr-vs-kp,9,7,cals,true,true,SmartCertified,Boolean,Proposition1,PathCompatibleExactRelations,PathCertified,,
kr-vs-kp,9,7,cals_compact_explain,true,true,SmartCertified,Boolean,Proposition1,PathCompatibleExactRelations,PathCertified,,
letter,0,5,unary,true,true,Unary,Boolean,UnaryBaseline,UnaryRelation,StructuralHorn,,
letter,0,5,horn,true,true,Horn,Boolean,Theorem3,StarNestedHorn,StructuralHorn,,
letter,0,5,antihorn,true,true,AntiHorn,Boolean,Theorem4,StarNestedAntiHorn,StructuralAntiHorn,,
letter,0,5,square2cnf,true,true,Square2Cnf,Boolean,Theorem6,Square2CnfFormI,TwoSat,,
letter,0,5,affine,true,true,Affine,Boolean,Theorem5,SingleGf2Equation,Gf2Gaussian,,
letter,0,5,smart_certified,true,true,SmartCertified,Boolean,Proposition1,PathCompatibleExactRelations,PathCertified,,
letter,0,5,cals,true,true,SmartCertified,Boolean,Proposition1,PathCompatibleExactRelations,PathCertified,,
letter,0,5,cals_compact_explain,true,true,SmartCertified,Boolean,Proposition1,PathCompatibleExactRelations,PathCertified,,
letter,0,7,unary,true,true,Unary,Boolean,UnaryBaseline,UnaryRelation,StructuralHorn,,
letter,0,7,horn,true,true,Horn,Boolean,Theorem3,StarNestedHorn,StructuralHorn,,
letter,0,7,antihorn,true,true,AntiHorn,Boolean,Theorem4,StarNestedAntiHorn,StructuralAntiHorn,,
letter,0,7,square2cnf,true,true,Square2Cnf,Boolean,Theorem6,Square2CnfFormI,TwoSat,,
letter,0,7,affine,true,true,Affine,Boolean,Theorem5,SingleGf2Equation,Gf2Gaussian,,
letter,0,7,smart_certified,true,true,SmartCertified,Boolean,Proposition1,PathCompatibleExactRelations,PathCertified,,
letter,0,7,cals,true,true,SmartCertified,Boolean,Proposition1,PathCompatibleExactRelations,PathCertified,,
letter,0,7,cals_compact_explain,true,true,SmartCertified,Boolean,Proposition1,PathCompatibleExactRelations,PathCertified,,
letter,1,5,unary,true,true,Unary,Boolean,UnaryBaseline,UnaryRelation,StructuralHorn,,
letter,1,5,horn,true,true,Horn,Boolean,Theorem3,StarNestedHorn,StructuralHorn,,
letter,1,5,antihorn,true,true,AntiHorn,Boolean,Theorem4,StarNestedAntiHorn,StructuralAntiHorn,,
letter,1,5,square2cnf,true,true,Square2Cnf,Boolean,Theorem6,Square2CnfFormI,TwoSat,,
letter,1,5,affine,true,true,Affine,Boolean,Theorem5,SingleGf2Equation,Gf2Gaussian,,
letter,1,5,smart_certified,true,true,SmartCertified,Boolean,Proposition1,PathCompatibleExactRelations,PathCertified,,
letter,1,5,cals,true,true,SmartCertified,Boolean,Proposition1,PathCompatibleExactRelations,PathCertified,,
letter,1,5,cals_compact_explain,true,true,SmartCertified,Boolean,Proposition1,PathCompatibleExactRelations,PathCertified,,
letter,1,7,unary,true,true,Unary,Boolean,UnaryBaseline,UnaryRelation,StructuralHorn,,
letter,1,7,horn,true,true,Horn,Boolean,Theorem3,StarNestedHorn,StructuralHorn,,
letter,1,7,antihorn,true,true,AntiHorn,Boolean,Theorem4,StarNestedAntiHorn,StructuralAntiHorn,,
letter,1,7,square2cnf,true,true,Square2Cnf,Boolean,Theorem6,Square2CnfFormI,TwoSat,,
letter,1,7,affine,true,true,Affine,Boolean,Theorem5,SingleGf2Equation,Gf2Gaussian,,
letter,1,7,smart_certified,true,true,SmartCertified,Boolean,Proposition1,PathCompatibleExactRelations,PathCertified,,
letter,1,7,cals,true,true,SmartCertified,Boolean,Proposition1,PathCompatibleExactRelations,PathCertified,,
letter,1,7,cals_compact_explain,true,true,SmartCertified,Boolean,Proposition1,PathCompatibleExactRelations,PathCertified,,
letter,2,5,unary,true,true,Unary,Boolean,UnaryBaseline,UnaryRelation,StructuralHorn,,
letter,2,5,horn,true,true,Horn,Boolean,Theorem3,StarNestedHorn,StructuralHorn,,
letter,2,5,antihorn,true,true,AntiHorn,Boolean,Theorem4,StarNestedAntiHorn,StructuralAntiHorn,,
letter,2,5,square2cnf,true,true,Square2Cnf,Boolean,Theorem6,Square2CnfFormI,TwoSat,,
letter,2,5,affine,true,true,Affine,Boolean,Theorem5,SingleGf2Equation,Gf2Gaussian,,
letter,2,5,smart_certified,true,true,SmartCertified,Boolean,Proposition1,PathCompatibleExactRelations,PathCertified,,
letter,2,5,cals,true,true,SmartCertified,Boolean,Proposition1,PathCompatibleExactRelations,PathCertified,,
letter,2,5,cals_compact_explain,true,true,SmartCertified,Boolean,Proposition1,PathCompatibleExactRelations,PathCertified,,
letter,2,7,unary,true,true,Unary,Boolean,UnaryBaseline,UnaryRelation,StructuralHorn,,
letter,2,7,horn,true,true,Horn,Boolean,Theorem3,StarNestedHorn,StructuralHorn,,
letter,2,7,antihorn,true,true,AntiHorn,Boolean,Theorem4,StarNestedAntiHorn,StructuralAntiHorn,,
letter,2,7,square2cnf,true,true,Square2Cnf,Boolean,Theorem6,Square2CnfFormI,TwoSat,,
letter,2,7,affine,true,true,Affine,Boolean,Theorem5,SingleGf2Equation,Gf2Gaussian,,
letter,2,7,smart_certified,true,true,SmartCertified,Boolean,Proposition1,PathCompatibleExactRelations,PathCertified,,
letter,2,7,cals,true,true,SmartCertified,Boolean,Proposition1,PathCompatibleExactRelations,PathCertified,,
letter,2,7,cals_compact_explain,true,true,SmartCertified,Boolean,Proposition1,PathCompatibleExactRelations,PathCertified,,
letter,3,5,unary,true,true,Unary,Boolean,UnaryBaseline,UnaryRelation,StructuralHorn,,
letter,3,5,horn,true,true,Horn,Boolean,Theorem3,StarNestedHorn,StructuralHorn,,
letter,3,5,antihorn,true,true,AntiHorn,Boolean,Theorem4,StarNestedAntiHorn,StructuralAntiHorn,,
letter,3,5,square2cnf,true,true,Square2Cnf,Boolean,Theorem6,Square2CnfFormI,TwoSat,,
letter,3,5,affine,true,true,Affine,Boolean,Theorem5,SingleGf2Equation,Gf2Gaussian,,
letter,3,5,smart_certified,true,true,SmartCertified,Boolean,Proposition1,PathCompatibleExactRelations,PathCertified,,
letter,3,5,cals,true,true,SmartCertified,Boolean,Proposition1,PathCompatibleExactRelations,PathCertified,,
letter,3,5,cals_compact_explain,true,true,SmartCertified,Boolean,Proposition1,PathCompatibleExactRelations,PathCertified,,
letter,3,7,unary,true,true,Unary,Boolean,UnaryBaseline,UnaryRelation,StructuralHorn,,
letter,3,7,horn,true,true,Horn,Boolean,Theorem3,StarNestedHorn,StructuralHorn,,
letter,3,7,antihorn,true,true,AntiHorn,Boolean,Theorem4,StarNestedAntiHorn,StructuralAntiHorn,,
letter,3,7,square2cnf,true,true,Square2Cnf,Boolean,Theorem6,Square2CnfFormI,TwoSat,,
letter,3,7,affine,true,true,Affine,Boolean,Theorem5,SingleGf2Equation,Gf2Gaussian,,
letter,3,7,smart_certified,true,true,SmartCertified,Boolean,Proposition1,PathCompatibleExactRelations,PathCertified,,
letter,3,7,cals,true,true,SmartCertified,Boolean,Proposition1,PathCompatibleExactRelations,PathCertified,,
letter,3,7,cals_compact_explain,true,true,SmartCertified,Boolean,Proposition1,PathCompatibleExactRelations,PathCertified,,
letter,4,5,unary,true,true,Unary,Boolean,UnaryBaseline,UnaryRelation,StructuralHorn,,
letter,4,5,horn,true,true,Horn,Boolean,Theorem3,StarNestedHorn,StructuralHorn,,
letter,4,5,antihorn,true,true,AntiHorn,Boolean,Theorem4,StarNestedAntiHorn,StructuralAntiHorn,,
letter,4,5,square2cnf,true,true,Square2Cnf,Boolean,Theorem6,Square2CnfFormI,TwoSat,,
letter,4,5,affine,true,true,Affine,Boolean,Theorem5,SingleGf2Equation,Gf2Gaussian,,
letter,4,5,smart_certified,true,true,SmartCertified,Boolean,Proposition1,PathCompatibleExactRelations,PathCertified,,
letter,4,5,cals,true,true,SmartCertified,Boolean,Proposition1,PathCompatibleExactRelations,PathCertified,,
letter,4,5,cals_compact_explain,true,true,SmartCertified,Boolean,Proposition1,PathCompatibleExactRelations,PathCertified,,
letter,4,7,unary,true,true,Unary,Boolean,UnaryBaseline,UnaryRelation,StructuralHorn,,
letter,4,7,horn,true,true,Horn,Boolean,Theorem3,StarNestedHorn,StructuralHorn,,
letter,4,7,antihorn,true,true,AntiHorn,Boolean,Theorem4,StarNestedAntiHorn,StructuralAntiHorn,,
letter,4,7,square2cnf,true,true,Square2Cnf,Boolean,Theorem6,Square2CnfFormI,TwoSat,,
letter,4,7,affine,true,true,Affine,Boolean,Theorem5,SingleGf2Equation,Gf2Gaussian,,
letter,4,7,smart_certified,true,true,SmartCertified,Boolean,Proposition1,PathCompatibleExactRelations,PathCertified,,
letter,4,7,cals,true,true,SmartCertified,Boolean,Proposition1,PathCompatibleExactRelations,PathCertified,,
letter,4,7,cals_compact_explain,true,true,SmartCertified,Boolean,Proposition1,PathCompatibleExactRelations,PathCertified,,
letter,5,5,unary,true,true,Unary,Boolean,UnaryBaseline,UnaryRelation,StructuralHorn,,
letter,5,5,horn,true,true,Horn,Boolean,Theorem3,StarNestedHorn,StructuralHorn,,
letter,5,5,antihorn,true,true,AntiHorn,Boolean,Theorem4,StarNestedAntiHorn,StructuralAntiHorn,,
letter,5,5,square2cnf,true,true,Square2Cnf,Boolean,Theorem6,Square2CnfFormI,TwoSat,,
letter,5,5,affine,true,true,Affine,Boolean,Theorem5,SingleGf2Equation,Gf2Gaussian,,
letter,5,5,smart_certified,true,true,SmartCertified,Boolean,Proposition1,PathCompatibleExactRelations,PathCertified,,
letter,5,5,cals,true,true,SmartCertified,Boolean,Proposition1,PathCompatibleExactRelations,PathCertified,,
letter,5,5,cals_compact_explain,true,true,SmartCertified,Boolean,Proposition1,PathCompatibleExactRelations,PathCertified,,
letter,5,7,unary,true,true,Unary,Boolean,UnaryBaseline,UnaryRelation,StructuralHorn,,
letter,5,7,horn,true,true,Horn,Boolean,Theorem3,StarNestedHorn,StructuralHorn,,
letter,5,7,antihorn,true,true,AntiHorn,Boolean,Theorem4,StarNestedAntiHorn,StructuralAntiHorn,,
letter,5,7,square2cnf,true,true,Square2Cnf,Boolean,Theorem6,Square2CnfFormI,TwoSat,,
letter,5,7,affine,true,true,Affine,Boolean,Theorem5,SingleGf2Equation,Gf2Gaussian,,
letter,5,7,smart_certified,true,true,SmartCertified,Boolean,Proposition1,PathCompatibleExactRelations,PathCertified,,
letter,5,7,cals,true,true,SmartCertified,Boolean,Proposition1,PathCompatibleExactRelations,PathCertified,,
letter,5,7,cals_compact_explain,true,true,SmartCertified,Boolean,Proposition1,PathCompatibleExactRelations,PathCertified,,
letter,6,5,unary,true,true,Unary,Boolean,UnaryBaseline,UnaryRelation,StructuralHorn,,
letter,6,5,horn,true,true,Horn,Boolean,Theorem3,StarNestedHorn,StructuralHorn,,
letter,6,5,antihorn,true,true,AntiHorn,Boolean,Theorem4,StarNestedAntiHorn,StructuralAntiHorn,,
letter,6,5,square2cnf,true,true,Square2Cnf,Boolean,Theorem6,Square2CnfFormI,TwoSat,,
letter,6,5,affine,true,true,Affine,Boolean,Theorem5,SingleGf2Equation,Gf2Gaussian,,
letter,6,5,smart_certified,true,true,SmartCertified,Boolean,Proposition1,PathCompatibleExactRelations,PathCertified,,
letter,6,5,cals,true,true,SmartCertified,Boolean,Proposition1,PathCompatibleExactRelations,PathCertified,,
letter,6,5,cals_compact_explain,true,true,SmartCertified,Boolean,Proposition1,PathCompatibleExactRelations,PathCertified,,
letter,6,7,unary,true,true,Unary,Boolean,UnaryBaseline,UnaryRelation,StructuralHorn,,
letter,6,7,horn,true,true,Horn,Boolean,Theorem3,StarNestedHorn,StructuralHorn,,
letter,6,7,antihorn,true,true,AntiHorn,Boolean,Theorem4,StarNestedAntiHorn,StructuralAntiHorn,,
letter,6,7,square2cnf,true,true,Square2Cnf,Boolean,Theorem6,Square2CnfFormI,TwoSat,,
letter,6,7,affine,true,true,Affine,Boolean,Theorem5,SingleGf2Equation,Gf2Gaussian,,
letter,6,7,smart_certified,true,true,SmartCertified,Boolean,Proposition1,PathCompatibleExactRelations,PathCertified,,
letter,6,7,cals,true,true,SmartCertified,Boolean,Proposition1,PathCompatibleExactRelations,PathCertified,,
letter,6,7,cals_compact_explain,true,true,SmartCertified,Boolean,Proposition1,PathCompatibleExactRelations,PathCertified,,
letter,7,5,unary,true,true,Unary,Boolean,UnaryBaseline,UnaryRelation,StructuralHorn,,
letter,7,5,horn,true,true,Horn,Boolean,Theorem3,StarNestedHorn,StructuralHorn,,
letter,7,5,antihorn,true,true,AntiHorn,Boolean,Theorem4,StarNestedAntiHorn,StructuralAntiHorn,,
letter,7,5,square2cnf,true,true,Square2Cnf,Boolean,Theorem6,Square2CnfFormI,TwoSat,,
letter,7,5,affine,true,true,Affine,Boolean,Theorem5,SingleGf2Equation,Gf2Gaussian,,
letter,7,5,smart_certified,true,true,SmartCertified,Boolean,Proposition1,PathCompatibleExactRelations,PathCertified,,
letter,7,5,cals,true,true,SmartCertified,Boolean,Proposition1,PathCompatibleExactRelations,PathCertified,,
letter,7,5,cals_compact_explain,true,true,SmartCertified,Boolean,Proposition1,PathCompatibleExactRelations,PathCertified,,
letter,7,7,unary,true,true,Unary,Boolean,UnaryBaseline,UnaryRelation,StructuralHorn,,
letter,7,7,horn,true,true,Horn,Boolean,Theorem3,StarNestedHorn,StructuralHorn,,
letter,7,7,antihorn,true,true,AntiHorn,Boolean,Theorem4,StarNestedAntiHorn,StructuralAntiHorn,,
letter,7,7,square2cnf,true,true,Square2Cnf,Boolean,Theorem6,Square2CnfFormI,TwoSat,,
letter,7,7,affine,true,true,Affine,Boolean,Theorem5,SingleGf2Equation,Gf2Gaussian,,
letter,7,7,smart_certified,true,true,SmartCertified,Boolean,Proposition1,PathCompatibleExactRelations,PathCertified,,
letter,7,7,cals,true,true,SmartCertified,Boolean,Proposition1,PathCompatibleExactRelations,PathCertified,,
letter,7,7,cals_compact_explain,true,true,SmartCertified,Boolean,Proposition1,PathCompatibleExactRelations,PathCertified,,
letter,8,5,unary,true,true,Unary,Boolean,UnaryBaseline,UnaryRelation,StructuralHorn,,
letter,8,5,horn,true,true,Horn,Boolean,Theorem3,StarNestedHorn,StructuralHorn,,
letter,8,5,antihorn,true,true,AntiHorn,Boolean,Theorem4,StarNestedAntiHorn,StructuralAntiHorn,,
letter,8,5,square2cnf,true,true,Square2Cnf,Boolean,Theorem6,Square2CnfFormI,TwoSat,,
letter,8,5,affine,true,true,Affine,Boolean,Theorem5,SingleGf2Equation,Gf2Gaussian,,
letter,8,5,smart_certified,true,true,SmartCertified,Boolean,Proposition1,PathCompatibleExactRelations,PathCertified,,
letter,8,5,cals,true,true,SmartCertified,Boolean,Proposition1,PathCompatibleExactRelations,PathCertified,,
letter,8,5,cals_compact_explain,true,true,SmartCertified,Boolean,Proposition1,PathCompatibleExactRelations,PathCertified,,
letter,8,7,unary,true,true,Unary,Boolean,UnaryBaseline,UnaryRelation,StructuralHorn,,
letter,8,7,horn,true,true,Horn,Boolean,Theorem3,StarNestedHorn,StructuralHorn,,
letter,8,7,antihorn,true,true,AntiHorn,Boolean,Theorem4,StarNestedAntiHorn,StructuralAntiHorn,,
letter,8,7,square2cnf,true,true,Square2Cnf,Boolean,Theorem6,Square2CnfFormI,TwoSat,,
letter,8,7,affine,true,true,Affine,Boolean,Theorem5,SingleGf2Equation,Gf2Gaussian,,
letter,8,7,smart_certified,true,true,SmartCertified,Boolean,Proposition1,PathCompatibleExactRelations,PathCertified,,
letter,8,7,cals,true,true,SmartCertified,Boolean,Proposition1,PathCompatibleExactRelations,PathCertified,,
letter,8,7,cals_compact_explain,true,true,SmartCertified,Boolean,Proposition1,PathCompatibleExactRelations,PathCertified,,
letter,9,5,unary,true,true,Unary,Boolean,UnaryBaseline,UnaryRelation,StructuralHorn,,
letter,9,5,horn,true,true,Horn,Boolean,Theorem3,StarNestedHorn,StructuralHorn,,
letter,9,5,antihorn,true,true,AntiHorn,Boolean,Theorem4,StarNestedAntiHorn,StructuralAntiHorn,,
letter,9,5,square2cnf,true,true,Square2Cnf,Boolean,Theorem6,Square2CnfFormI,TwoSat,,
letter,9,5,affine,true,true,Affine,Boolean,Theorem5,SingleGf2Equation,Gf2Gaussian,,
letter,9,5,smart_certified,true,true,SmartCertified,Boolean,Proposition1,PathCompatibleExactRelations,PathCertified,,
letter,9,5,cals,true,true,SmartCertified,Boolean,Proposition1,PathCompatibleExactRelations,PathCertified,,
letter,9,5,cals_compact_explain,true,true,SmartCertified,Boolean,Proposition1,PathCompatibleExactRelations,PathCertified,,
letter,9,7,unary,true,true,Unary,Boolean,UnaryBaseline,UnaryRelation,StructuralHorn,,
letter,9,7,horn,true,true,Horn,Boolean,Theorem3,StarNestedHorn,StructuralHorn,,
letter,9,7,antihorn,true,true,AntiHorn,Boolean,Theorem4,StarNestedAntiHorn,StructuralAntiHorn,,
letter,9,7,square2cnf,true,true,Square2Cnf,Boolean,Theorem6,Square2CnfFormI,TwoSat,,
letter,9,7,affine,true,true,Affine,Boolean,Theorem5,SingleGf2Equation,Gf2Gaussian,,
letter,9,7,smart_certified,true,true,SmartCertified,Boolean,Proposition1,PathCompatibleExactRelations,PathCertified,,
letter,9,7,cals,true,true,SmartCertified,Boolean,Proposition1,PathCompatibleExactRelations,PathCertified,,
letter,9,7,cals_compact_explain,true,true,SmartCertified,Boolean,Proposition1,PathCompatibleExactRelations,PathCertified,,
letter_recognition-bin,0,5,unary,true,true,Unary,Boolean,UnaryBaseline,UnaryRelation,StructuralHorn,,
letter_recognition-bin,0,5,horn,true,true,Horn,Boolean,Theorem3,StarNestedHorn,StructuralHorn,,
letter_recognition-bin,0,5,antihorn,true,true,AntiHorn,Boolean,Theorem4,StarNestedAntiHorn,StructuralAntiHorn,,
letter_recognition-bin,0,5,square2cnf,true,true,Square2Cnf,Boolean,Theorem6,Square2CnfFormI,TwoSat,,
letter_recognition-bin,0,5,affine,true,true,Affine,Boolean,Theorem5,SingleGf2Equation,Gf2Gaussian,,
letter_recognition-bin,0,5,smart_certified,true,true,SmartCertified,Boolean,Proposition1,PathCompatibleExactRelations,PathCertified,,
letter_recognition-bin,0,5,cals,true,true,SmartCertified,Boolean,Proposition1,PathCompatibleExactRelations,PathCertified,,
letter_recognition-bin,0,5,cals_compact_explain,true,true,SmartCertified,Boolean,Proposition1,PathCompatibleExactRelations,PathCertified,,
letter_recognition-bin,0,7,unary,true,true,Unary,Boolean,UnaryBaseline,UnaryRelation,StructuralHorn,,
letter_recognition-bin,0,7,horn,true,true,Horn,Boolean,Theorem3,StarNestedHorn,StructuralHorn,,
letter_recognition-bin,0,7,antihorn,true,true,AntiHorn,Boolean,Theorem4,StarNestedAntiHorn,StructuralAntiHorn,,
letter_recognition-bin,0,7,square2cnf,true,true,Square2Cnf,Boolean,Theorem6,Square2CnfFormI,TwoSat,,
letter_recognition-bin,0,7,affine,true,true,Affine,Boolean,Theorem5,SingleGf2Equation,Gf2Gaussian,,
letter_recognition-bin,0,7,smart_certified,true,true,SmartCertified,Boolean,Proposition1,PathCompatibleExactRelations,PathCertified,,
letter_recognition-bin,0,7,cals,true,true,SmartCertified,Boolean,Proposition1,PathCompatibleExactRelations,PathCertified,,
letter_recognition-bin,0,7,cals_compact_explain,true,true,SmartCertified,Boolean,Proposition1,PathCompatibleExactRelations,PathCertified,,
letter_recognition-bin,1,5,unary,true,true,Unary,Boolean,UnaryBaseline,UnaryRelation,StructuralHorn,,
letter_recognition-bin,1,5,horn,true,true,Horn,Boolean,Theorem3,StarNestedHorn,StructuralHorn,,
letter_recognition-bin,1,5,antihorn,true,true,AntiHorn,Boolean,Theorem4,StarNestedAntiHorn,StructuralAntiHorn,,
letter_recognition-bin,1,5,square2cnf,true,true,Square2Cnf,Boolean,Theorem6,Square2CnfFormI,TwoSat,,
letter_recognition-bin,1,5,affine,true,true,Affine,Boolean,Theorem5,SingleGf2Equation,Gf2Gaussian,,
letter_recognition-bin,1,5,smart_certified,true,true,SmartCertified,Boolean,Proposition1,PathCompatibleExactRelations,PathCertified,,
letter_recognition-bin,1,5,cals,true,true,SmartCertified,Boolean,Proposition1,PathCompatibleExactRelations,PathCertified,,
letter_recognition-bin,1,5,cals_compact_explain,true,true,SmartCertified,Boolean,Proposition1,PathCompatibleExactRelations,PathCertified,,
letter_recognition-bin,1,7,unary,true,true,Unary,Boolean,UnaryBaseline,UnaryRelation,StructuralHorn,,
letter_recognition-bin,1,7,horn,true,true,Horn,Boolean,Theorem3,StarNestedHorn,StructuralHorn,,
letter_recognition-bin,1,7,antihorn,true,true,AntiHorn,Boolean,Theorem4,StarNestedAntiHorn,StructuralAntiHorn,,
letter_recognition-bin,1,7,square2cnf,true,true,Square2Cnf,Boolean,Theorem6,Square2CnfFormI,TwoSat,,
letter_recognition-bin,1,7,affine,true,true,Affine,Boolean,Theorem5,SingleGf2Equation,Gf2Gaussian,,
letter_recognition-bin,1,7,smart_certified,true,true,SmartCertified,Boolean,Proposition1,PathCompatibleExactRelations,PathCertified,,
letter_recognition-bin,1,7,cals,true,true,SmartCertified,Boolean,Proposition1,PathCompatibleExactRelations,PathCertified,,
letter_recognition-bin,1,7,cals_compact_explain,true,true,SmartCertified,Boolean,Proposition1,PathCompatibleExactRelations,PathCertified,,
letter_recognition-bin,2,5,unary,true,true,Unary,Boolean,UnaryBaseline,UnaryRelation,StructuralHorn,,
letter_recognition-bin,2,5,horn,true,true,Horn,Boolean,Theorem3,StarNestedHorn,StructuralHorn,,
letter_recognition-bin,2,5,antihorn,true,true,AntiHorn,Boolean,Theorem4,StarNestedAntiHorn,StructuralAntiHorn,,
letter_recognition-bin,2,5,square2cnf,true,true,Square2Cnf,Boolean,Theorem6,Square2CnfFormI,TwoSat,,
letter_recognition-bin,2,5,affine,true,true,Affine,Boolean,Theorem5,SingleGf2Equation,Gf2Gaussian,,
letter_recognition-bin,2,5,smart_certified,true,true,SmartCertified,Boolean,Proposition1,PathCompatibleExactRelations,PathCertified,,
letter_recognition-bin,2,5,cals,true,true,SmartCertified,Boolean,Proposition1,PathCompatibleExactRelations,PathCertified,,
letter_recognition-bin,2,5,cals_compact_explain,true,true,SmartCertified,Boolean,Proposition1,PathCompatibleExactRelations,PathCertified,,
letter_recognition-bin,2,7,unary,true,true,Unary,Boolean,UnaryBaseline,UnaryRelation,StructuralHorn,,
letter_recognition-bin,2,7,horn,true,true,Horn,Boolean,Theorem3,StarNestedHorn,StructuralHorn,,
letter_recognition-bin,2,7,antihorn,true,true,AntiHorn,Boolean,Theorem4,StarNestedAntiHorn,StructuralAntiHorn,,
letter_recognition-bin,2,7,square2cnf,true,true,Square2Cnf,Boolean,Theorem6,Square2CnfFormI,TwoSat,,
letter_recognition-bin,2,7,affine,true,true,Affine,Boolean,Theorem5,SingleGf2Equation,Gf2Gaussian,,
letter_recognition-bin,2,7,smart_certified,true,true,SmartCertified,Boolean,Proposition1,PathCompatibleExactRelations,PathCertified,,
letter_recognition-bin,2,7,cals,true,true,SmartCertified,Boolean,Proposition1,PathCompatibleExactRelations,PathCertified,,
letter_recognition-bin,2,7,cals_compact_explain,true,true,SmartCertified,Boolean,Proposition1,PathCompatibleExactRelations,PathCertified,,
letter_recognition-bin,3,5,unary,true,true,Unary,Boolean,UnaryBaseline,UnaryRelation,StructuralHorn,,
letter_recognition-bin,3,5,horn,true,true,Horn,Boolean,Theorem3,StarNestedHorn,StructuralHorn,,
letter_recognition-bin,3,5,antihorn,true,true,AntiHorn,Boolean,Theorem4,StarNestedAntiHorn,StructuralAntiHorn,,
letter_recognition-bin,3,5,square2cnf,true,true,Square2Cnf,Boolean,Theorem6,Square2CnfFormI,TwoSat,,
letter_recognition-bin,3,5,affine,true,true,Affine,Boolean,Theorem5,SingleGf2Equation,Gf2Gaussian,,
letter_recognition-bin,3,5,smart_certified,true,true,SmartCertified,Boolean,Proposition1,PathCompatibleExactRelations,PathCertified,,
letter_recognition-bin,3,5,cals,true,true,SmartCertified,Boolean,Proposition1,PathCompatibleExactRelations,PathCertified,,
letter_recognition-bin,3,5,cals_compact_explain,true,true,SmartCertified,Boolean,Proposition1,PathCompatibleExactRelations,PathCertified,,
letter_recognition-bin,3,7,unary,true,true,Unary,Boolean,UnaryBaseline,UnaryRelation,StructuralHorn,,
letter_recognition-bin,3,7,horn,true,true,Horn,Boolean,Theorem3,StarNestedHorn,StructuralHorn,,
letter_recognition-bin,3,7,antihorn,true,true,AntiHorn,Boolean,Theorem4,StarNestedAntiHorn,StructuralAntiHorn,,
letter_recognition-bin,3,7,square2cnf,true,true,Square2Cnf,Boolean,Theorem6,Square2CnfFormI,TwoSat,,
letter_recognition-bin,3,7,affine,true,true,Affine,Boolean,Theorem5,SingleGf2Equation,Gf2Gaussian,,
letter_recognition-bin,3,7,smart_certified,true,true,SmartCertified,Boolean,Proposition1,PathCompatibleExactRelations,PathCertified,,
letter_recognition-bin,3,7,cals,true,true,SmartCertified,Boolean,Proposition1,PathCompatibleExactRelations,PathCertified,,
letter_recognition-bin,3,7,cals_compact_explain,true,true,SmartCertified,Boolean,Proposition1,PathCompatibleExactRelations,PathCertified,,
letter_recognition-bin,4,5,unary,true,true,Unary,Boolean,UnaryBaseline,UnaryRelation,StructuralHorn,,
letter_recognition-bin,4,5,horn,true,true,Horn,Boolean,Theorem3,StarNestedHorn,StructuralHorn,,
letter_recognition-bin,4,5,antihorn,true,true,AntiHorn,Boolean,Theorem4,StarNestedAntiHorn,StructuralAntiHorn,,
letter_recognition-bin,4,5,square2cnf,true,true,Square2Cnf,Boolean,Theorem6,Square2CnfFormI,TwoSat,,
letter_recognition-bin,4,5,affine,true,true,Affine,Boolean,Theorem5,SingleGf2Equation,Gf2Gaussian,,
letter_recognition-bin,4,5,smart_certified,true,true,SmartCertified,Boolean,Proposition1,PathCompatibleExactRelations,PathCertified,,
letter_recognition-bin,4,5,cals,true,true,SmartCertified,Boolean,Proposition1,PathCompatibleExactRelations,PathCertified,,
letter_recognition-bin,4,5,cals_compact_explain,true,true,SmartCertified,Boolean,Proposition1,PathCompatibleExactRelations,PathCertified,,
letter_recognition-bin,4,7,unary,true,true,Unary,Boolean,UnaryBaseline,UnaryRelation,StructuralHorn,,
letter_recognition-bin,4,7,horn,true,true,Horn,Boolean,Theorem3,StarNestedHorn,StructuralHorn,,
letter_recognition-bin,4,7,antihorn,true,true,AntiHorn,Boolean,Theorem4,StarNestedAntiHorn,StructuralAntiHorn,,
letter_recognition-bin,4,7,square2cnf,true,true,Square2Cnf,Boolean,Theorem6,Square2CnfFormI,TwoSat,,
letter_recognition-bin,4,7,affine,true,true,Affine,Boolean,Theorem5,SingleGf2Equation,Gf2Gaussian,,
letter_recognition-bin,4,7,smart_certified,true,true,SmartCertified,Boolean,Proposition1,PathCompatibleExactRelations,PathCertified,,
letter_recognition-bin,4,7,cals,true,true,SmartCertified,Boolean,Proposition1,PathCompatibleExactRelations,PathCertified,,
letter_recognition-bin,4,7,cals_compact_explain,true,true,SmartCertified,Boolean,Proposition1,PathCompatibleExactRelations,PathCertified,,
letter_recognition-bin,5,5,unary,true,true,Unary,Boolean,UnaryBaseline,UnaryRelation,StructuralHorn,,
letter_recognition-bin,5,5,horn,true,true,Horn,Boolean,Theorem3,StarNestedHorn,StructuralHorn,,
letter_recognition-bin,5,5,antihorn,true,true,AntiHorn,Boolean,Theorem4,StarNestedAntiHorn,StructuralAntiHorn,,
letter_recognition-bin,5,5,square2cnf,true,true,Square2Cnf,Boolean,Theorem6,Square2CnfFormI,TwoSat,,
letter_recognition-bin,5,5,affine,true,true,Affine,Boolean,Theorem5,SingleGf2Equation,Gf2Gaussian,,
letter_recognition-bin,5,5,smart_certified,true,true,SmartCertified,Boolean,Proposition1,PathCompatibleExactRelations,PathCertified,,
letter_recognition-bin,5,5,cals,true,true,SmartCertified,Boolean,Proposition1,PathCompatibleExactRelations,PathCertified,,
letter_recognition-bin,5,5,cals_compact_explain,true,true,SmartCertified,Boolean,Proposition1,PathCompatibleExactRelations,PathCertified,,
letter_recognition-bin,5,7,unary,true,true,Unary,Boolean,UnaryBaseline,UnaryRelation,StructuralHorn,,
letter_recognition-bin,5,7,horn,true,true,Horn,Boolean,Theorem3,StarNestedHorn,StructuralHorn,,
letter_recognition-bin,5,7,antihorn,true,true,AntiHorn,Boolean,Theorem4,StarNestedAntiHorn,StructuralAntiHorn,,
letter_recognition-bin,5,7,square2cnf,true,true,Square2Cnf,Boolean,Theorem6,Square2CnfFormI,TwoSat,,
letter_recognition-bin,5,7,affine,true,true,Affine,Boolean,Theorem5,SingleGf2Equation,Gf2Gaussian,,
letter_recognition-bin,5,7,smart_certified,true,true,SmartCertified,Boolean,Proposition1,PathCompatibleExactRelations,PathCertified,,
letter_recognition-bin,5,7,cals,true,true,SmartCertified,Boolean,Proposition1,PathCompatibleExactRelations,PathCertified,,
letter_recognition-bin,5,7,cals_compact_explain,true,true,SmartCertified,Boolean,Proposition1,PathCompatibleExactRelations,PathCertified,,
letter_recognition-bin,6,5,unary,true,true,Unary,Boolean,UnaryBaseline,UnaryRelation,StructuralHorn,,
letter_recognition-bin,6,5,horn,true,true,Horn,Boolean,Theorem3,StarNestedHorn,StructuralHorn,,
letter_recognition-bin,6,5,antihorn,true,true,AntiHorn,Boolean,Theorem4,StarNestedAntiHorn,StructuralAntiHorn,,
letter_recognition-bin,6,5,square2cnf,true,true,Square2Cnf,Boolean,Theorem6,Square2CnfFormI,TwoSat,,
letter_recognition-bin,6,5,affine,true,true,Affine,Boolean,Theorem5,SingleGf2Equation,Gf2Gaussian,,
letter_recognition-bin,6,5,smart_certified,true,true,SmartCertified,Boolean,Proposition1,PathCompatibleExactRelations,PathCertified,,
letter_recognition-bin,6,5,cals,true,true,SmartCertified,Boolean,Proposition1,PathCompatibleExactRelations,PathCertified,,
letter_recognition-bin,6,5,cals_compact_explain,true,true,SmartCertified,Boolean,Proposition1,PathCompatibleExactRelations,PathCertified,,
letter_recognition-bin,6,7,unary,true,true,Unary,Boolean,UnaryBaseline,UnaryRelation,StructuralHorn,,
letter_recognition-bin,6,7,horn,true,true,Horn,Boolean,Theorem3,StarNestedHorn,StructuralHorn,,
letter_recognition-bin,6,7,antihorn,true,true,AntiHorn,Boolean,Theorem4,StarNestedAntiHorn,StructuralAntiHorn,,
letter_recognition-bin,6,7,square2cnf,true,true,Square2Cnf,Boolean,Theorem6,Square2CnfFormI,TwoSat,,
letter_recognition-bin,6,7,affine,true,true,Affine,Boolean,Theorem5,SingleGf2Equation,Gf2Gaussian,,
letter_recognition-bin,6,7,smart_certified,true,true,SmartCertified,Boolean,Proposition1,PathCompatibleExactRelations,PathCertified,,
letter_recognition-bin,6,7,cals,true,true,SmartCertified,Boolean,Proposition1,PathCompatibleExactRelations,PathCertified,,
letter_recognition-bin,6,7,cals_compact_explain,true,true,SmartCertified,Boolean,Proposition1,PathCompatibleExactRelations,PathCertified,,
letter_recognition-bin,7,5,unary,true,true,Unary,Boolean,UnaryBaseline,UnaryRelation,StructuralHorn,,
letter_recognition-bin,7,5,horn,true,true,Horn,Boolean,Theorem3,StarNestedHorn,StructuralHorn,,
letter_recognition-bin,7,5,antihorn,true,true,AntiHorn,Boolean,Theorem4,StarNestedAntiHorn,StructuralAntiHorn,,
letter_recognition-bin,7,5,square2cnf,true,true,Square2Cnf,Boolean,Theorem6,Square2CnfFormI,TwoSat,,
letter_recognition-bin,7,5,affine,true,true,Affine,Boolean,Theorem5,SingleGf2Equation,Gf2Gaussian,,
letter_recognition-bin,7,5,smart_certified,true,true,SmartCertified,Boolean,Proposition1,PathCompatibleExactRelations,PathCertified,,
letter_recognition-bin,7,5,cals,true,true,SmartCertified,Boolean,Proposition1,PathCompatibleExactRelations,PathCertified,,
letter_recognition-bin,7,5,cals_compact_explain,true,true,SmartCertified,Boolean,Proposition1,PathCompatibleExactRelations,PathCertified,,
letter_recognition-bin,7,7,unary,true,true,Unary,Boolean,UnaryBaseline,UnaryRelation,StructuralHorn,,
letter_recognition-bin,7,7,horn,true,true,Horn,Boolean,Theorem3,StarNestedHorn,StructuralHorn,,
letter_recognition-bin,7,7,antihorn,true,true,AntiHorn,Boolean,Theorem4,StarNestedAntiHorn,StructuralAntiHorn,,
letter_recognition-bin,7,7,square2cnf,true,true,Square2Cnf,Boolean,Theorem6,Square2CnfFormI,TwoSat,,
letter_recognition-bin,7,7,affine,true,true,Affine,Boolean,Theorem5,SingleGf2Equation,Gf2Gaussian,,
letter_recognition-bin,7,7,smart_certified,true,true,SmartCertified,Boolean,Proposition1,PathCompatibleExactRelations,PathCertified,,
letter_recognition-bin,7,7,cals,true,true,SmartCertified,Boolean,Proposition1,PathCompatibleExactRelations,PathCertified,,
letter_recognition-bin,7,7,cals_compact_explain,true,true,SmartCertified,Boolean,Proposition1,PathCompatibleExactRelations,PathCertified,,
letter_recognition-bin,8,5,unary,true,true,Unary,Boolean,UnaryBaseline,UnaryRelation,StructuralHorn,,
letter_recognition-bin,8,5,horn,true,true,Horn,Boolean,Theorem3,StarNestedHorn,StructuralHorn,,
letter_recognition-bin,8,5,antihorn,true,true,AntiHorn,Boolean,Theorem4,StarNestedAntiHorn,StructuralAntiHorn,,
letter_recognition-bin,8,5,square2cnf,true,true,Square2Cnf,Boolean,Theorem6,Square2CnfFormI,TwoSat,,
letter_recognition-bin,8,5,affine,true,true,Affine,Boolean,Theorem5,SingleGf2Equation,Gf2Gaussian,,
letter_recognition-bin,8,5,smart_certified,true,true,SmartCertified,Boolean,Proposition1,PathCompatibleExactRelations,PathCertified,,
letter_recognition-bin,8,5,cals,true,true,SmartCertified,Boolean,Proposition1,PathCompatibleExactRelations,PathCertified,,
letter_recognition-bin,8,5,cals_compact_explain,true,true,SmartCertified,Boolean,Proposition1,PathCompatibleExactRelations,PathCertified,,
letter_recognition-bin,8,7,unary,true,true,Unary,Boolean,UnaryBaseline,UnaryRelation,StructuralHorn,,
letter_recognition-bin,8,7,horn,true,true,Horn,Boolean,Theorem3,StarNestedHorn,StructuralHorn,,
letter_recognition-bin,8,7,antihorn,true,true,AntiHorn,Boolean,Theorem4,StarNestedAntiHorn,StructuralAntiHorn,,
letter_recognition-bin,8,7,square2cnf,true,true,Square2Cnf,Boolean,Theorem6,Square2CnfFormI,TwoSat,,
letter_recognition-bin,8,7,affine,true,true,Affine,Boolean,Theorem5,SingleGf2Equation,Gf2Gaussian,,
letter_recognition-bin,8,7,smart_certified,true,true,SmartCertified,Boolean,Proposition1,PathCompatibleExactRelations,PathCertified,,
letter_recognition-bin,8,7,cals,true,true,SmartCertified,Boolean,Proposition1,PathCompatibleExactRelations,PathCertified,,
letter_recognition-bin,8,7,cals_compact_explain,true,true,SmartCertified,Boolean,Proposition1,PathCompatibleExactRelations,PathCertified,,
letter_recognition-bin,9,5,unary,true,true,Unary,Boolean,UnaryBaseline,UnaryRelation,StructuralHorn,,
letter_recognition-bin,9,5,horn,true,true,Horn,Boolean,Theorem3,StarNestedHorn,StructuralHorn,,
letter_recognition-bin,9,5,antihorn,true,true,AntiHorn,Boolean,Theorem4,StarNestedAntiHorn,StructuralAntiHorn,,
letter_recognition-bin,9,5,square2cnf,true,true,Square2Cnf,Boolean,Theorem6,Square2CnfFormI,TwoSat,,
letter_recognition-bin,9,5,affine,true,true,Affine,Boolean,Theorem5,SingleGf2Equation,Gf2Gaussian,,
letter_recognition-bin,9,5,smart_certified,true,true,SmartCertified,Boolean,Proposition1,PathCompatibleExactRelations,PathCertified,,
letter_recognition-bin,9,5,cals,true,true,SmartCertified,Boolean,Proposition1,PathCompatibleExactRelations,PathCertified,,
letter_recognition-bin,9,5,cals_compact_explain,true,true,SmartCertified,Boolean,Proposition1,PathCompatibleExactRelations,PathCertified,,
letter_recognition-bin,9,7,unary,true,true,Unary,Boolean,UnaryBaseline,UnaryRelation,StructuralHorn,,
letter_recognition-bin,9,7,horn,true,true,Horn,Boolean,Theorem3,StarNestedHorn,StructuralHorn,,
letter_recognition-bin,9,7,antihorn,true,true,AntiHorn,Boolean,Theorem4,StarNestedAntiHorn,StructuralAntiHorn,,
letter_recognition-bin,9,7,square2cnf,true,true,Square2Cnf,Boolean,Theorem6,Square2CnfFormI,TwoSat,,
letter_recognition-bin,9,7,affine,true,true,Affine,Boolean,Theorem5,SingleGf2Equation,Gf2Gaussian,,
letter_recognition-bin,9,7,smart_certified,true,true,SmartCertified,Boolean,Proposition1,PathCompatibleExactRelations,PathCertified,,
letter_recognition-bin,9,7,cals,true,true,SmartCertified,Boolean,Proposition1,PathCompatibleExactRelations,PathCertified,,
letter_recognition-bin,9,7,cals_compact_explain,true,true,SmartCertified,Boolean,Proposition1,PathCompatibleExactRelations,PathCertified,,
lymph,0,5,unary,true,true,Unary,Boolean,UnaryBaseline,UnaryRelation,StructuralHorn,,
lymph,0,5,horn,true,true,Horn,Boolean,Theorem3,StarNestedHorn,StructuralHorn,,
lymph,0,5,antihorn,true,true,AntiHorn,Boolean,Theorem4,StarNestedAntiHorn,StructuralAntiHorn,,
lymph,0,5,square2cnf,true,true,Square2Cnf,Boolean,Theorem6,Square2CnfFormI,TwoSat,,
lymph,0,5,affine,true,true,Affine,Boolean,Theorem5,SingleGf2Equation,Gf2Gaussian,,
lymph,0,5,smart_certified,true,true,SmartCertified,Boolean,Proposition1,PathCompatibleExactRelations,PathCertified,,
lymph,0,5,cals,true,true,SmartCertified,Boolean,Proposition1,PathCompatibleExactRelations,PathCertified,,
lymph,0,5,cals_compact_explain,true,true,SmartCertified,Boolean,Proposition1,PathCompatibleExactRelations,PathCertified,,
lymph,0,7,unary,true,true,Unary,Boolean,UnaryBaseline,UnaryRelation,StructuralHorn,,
lymph,0,7,horn,true,true,Horn,Boolean,Theorem3,StarNestedHorn,StructuralHorn,,
lymph,0,7,antihorn,true,true,AntiHorn,Boolean,Theorem4,StarNestedAntiHorn,StructuralAntiHorn,,
lymph,0,7,square2cnf,true,true,Square2Cnf,Boolean,Theorem6,Square2CnfFormI,TwoSat,,
lymph,0,7,affine,true,true,Affine,Boolean,Theorem5,SingleGf2Equation,Gf2Gaussian,,
lymph,0,7,smart_certified,true,true,SmartCertified,Boolean,Proposition1,PathCompatibleExactRelations,PathCertified,,
lymph,0,7,cals,true,true,SmartCertified,Boolean,Proposition1,PathCompatibleExactRelations,PathCertified,,
lymph,0,7,cals_compact_explain,true,true,SmartCertified,Boolean,Proposition1,PathCompatibleExactRelations,PathCertified,,
lymph,1,5,unary,true,true,Unary,Boolean,UnaryBaseline,UnaryRelation,StructuralHorn,,
lymph,1,5,horn,true,true,Horn,Boolean,Theorem3,StarNestedHorn,StructuralHorn,,
lymph,1,5,antihorn,true,true,AntiHorn,Boolean,Theorem4,StarNestedAntiHorn,StructuralAntiHorn,,
lymph,1,5,square2cnf,true,true,Square2Cnf,Boolean,Theorem6,Square2CnfFormI,TwoSat,,
lymph,1,5,affine,true,true,Affine,Boolean,Theorem5,SingleGf2Equation,Gf2Gaussian,,
lymph,1,5,smart_certified,true,true,SmartCertified,Boolean,Proposition1,PathCompatibleExactRelations,PathCertified,,
lymph,1,5,cals,true,true,SmartCertified,Boolean,Proposition1,PathCompatibleExactRelations,PathCertified,,
lymph,1,5,cals_compact_explain,true,true,SmartCertified,Boolean,Proposition1,PathCompatibleExactRelations,PathCertified,,
lymph,1,7,unary,true,true,Unary,Boolean,UnaryBaseline,UnaryRelation,StructuralHorn,,
lymph,1,7,horn,true,true,Horn,Boolean,Theorem3,StarNestedHorn,StructuralHorn,,
lymph,1,7,antihorn,true,true,AntiHorn,Boolean,Theorem4,StarNestedAntiHorn,StructuralAntiHorn,,
lymph,1,7,square2cnf,true,true,Square2Cnf,Boolean,Theorem6,Square2CnfFormI,TwoSat,,
lymph,1,7,affine,true,true,Affine,Boolean,Theorem5,SingleGf2Equation,Gf2Gaussian,,
lymph,1,7,smart_certified,true,true,SmartCertified,Boolean,Proposition1,PathCompatibleExactRelations,PathCertified,,
lymph,1,7,cals,true,true,SmartCertified,Boolean,Proposition1,PathCompatibleExactRelations,PathCertified,,
lymph,1,7,cals_compact_explain,true,true,SmartCertified,Boolean,Proposition1,PathCompatibleExactRelations,PathCertified,,
lymph,2,5,unary,true,true,Unary,Boolean,UnaryBaseline,UnaryRelation,StructuralHorn,,
lymph,2,5,horn,true,true,Horn,Boolean,Theorem3,StarNestedHorn,StructuralHorn,,
lymph,2,5,antihorn,true,true,AntiHorn,Boolean,Theorem4,StarNestedAntiHorn,StructuralAntiHorn,,
lymph,2,5,square2cnf,true,true,Square2Cnf,Boolean,Theorem6,Square2CnfFormI,TwoSat,,
lymph,2,5,affine,true,true,Affine,Boolean,Theorem5,SingleGf2Equation,Gf2Gaussian,,
lymph,2,5,smart_certified,true,true,SmartCertified,Boolean,Proposition1,PathCompatibleExactRelations,PathCertified,,
lymph,2,5,cals,true,true,SmartCertified,Boolean,Proposition1,PathCompatibleExactRelations,PathCertified,,
lymph,2,5,cals_compact_explain,true,true,SmartCertified,Boolean,Proposition1,PathCompatibleExactRelations,PathCertified,,
lymph,2,7,unary,true,true,Unary,Boolean,UnaryBaseline,UnaryRelation,StructuralHorn,,
lymph,2,7,horn,true,true,Horn,Boolean,Theorem3,StarNestedHorn,StructuralHorn,,
lymph,2,7,antihorn,true,true,AntiHorn,Boolean,Theorem4,StarNestedAntiHorn,StructuralAntiHorn,,
lymph,2,7,square2cnf,true,true,Square2Cnf,Boolean,Theorem6,Square2CnfFormI,TwoSat,,
lymph,2,7,affine,true,true,Affine,Boolean,Theorem5,SingleGf2Equation,Gf2Gaussian,,
lymph,2,7,smart_certified,true,true,SmartCertified,Boolean,Proposition1,PathCompatibleExactRelations,PathCertified,,
lymph,2,7,cals,true,true,SmartCertified,Boolean,Proposition1,PathCompatibleExactRelations,PathCertified,,
lymph,2,7,cals_compact_explain,true,true,SmartCertified,Boolean,Proposition1,PathCompatibleExactRelations,PathCertified,,
lymph,3,5,unary,true,true,Unary,Boolean,UnaryBaseline,UnaryRelation,StructuralHorn,,
lymph,3,5,horn,true,true,Horn,Boolean,Theorem3,StarNestedHorn,StructuralHorn,,
lymph,3,5,antihorn,true,true,AntiHorn,Boolean,Theorem4,StarNestedAntiHorn,StructuralAntiHorn,,
lymph,3,5,square2cnf,true,true,Square2Cnf,Boolean,Theorem6,Square2CnfFormI,TwoSat,,
lymph,3,5,affine,true,true,Affine,Boolean,Theorem5,SingleGf2Equation,Gf2Gaussian,,
lymph,3,5,smart_certified,true,true,SmartCertified,Boolean,Proposition1,PathCompatibleExactRelations,PathCertified,,
lymph,3,5,cals,true,true,SmartCertified,Boolean,Proposition1,PathCompatibleExactRelations,PathCertified,,
lymph,3,5,cals_compact_explain,true,true,SmartCertified,Boolean,Proposition1,PathCompatibleExactRelations,PathCertified,,
lymph,3,7,unary,true,true,Unary,Boolean,UnaryBaseline,UnaryRelation,StructuralHorn,,
lymph,3,7,horn,true,true,Horn,Boolean,Theorem3,StarNestedHorn,StructuralHorn,,
lymph,3,7,antihorn,true,true,AntiHorn,Boolean,Theorem4,StarNestedAntiHorn,StructuralAntiHorn,,
lymph,3,7,square2cnf,true,true,Square2Cnf,Boolean,Theorem6,Square2CnfFormI,TwoSat,,
lymph,3,7,affine,true,true,Affine,Boolean,Theorem5,SingleGf2Equation,Gf2Gaussian,,
lymph,3,7,smart_certified,true,true,SmartCertified,Boolean,Proposition1,PathCompatibleExactRelations,PathCertified,,
lymph,3,7,cals,true,true,SmartCertified,Boolean,Proposition1,PathCompatibleExactRelations,PathCertified,,
lymph,3,7,cals_compact_explain,true,true,SmartCertified,Boolean,Proposition1,PathCompatibleExactRelations,PathCertified,,
lymph,4,5,unary,true,true,Unary,Boolean,UnaryBaseline,UnaryRelation,StructuralHorn,,
lymph,4,5,horn,true,true,Horn,Boolean,Theorem3,StarNestedHorn,StructuralHorn,,
lymph,4,5,antihorn,true,true,AntiHorn,Boolean,Theorem4,StarNestedAntiHorn,StructuralAntiHorn,,
lymph,4,5,square2cnf,true,true,Square2Cnf,Boolean,Theorem6,Square2CnfFormI,TwoSat,,
lymph,4,5,affine,true,true,Affine,Boolean,Theorem5,SingleGf2Equation,Gf2Gaussian,,
lymph,4,5,smart_certified,true,true,SmartCertified,Boolean,Proposition1,PathCompatibleExactRelations,PathCertified,,
lymph,4,5,cals,true,true,SmartCertified,Boolean,Proposition1,PathCompatibleExactRelations,PathCertified,,
lymph,4,5,cals_compact_explain,true,true,SmartCertified,Boolean,Proposition1,PathCompatibleExactRelations,PathCertified,,
lymph,4,7,unary,true,true,Unary,Boolean,UnaryBaseline,UnaryRelation,StructuralHorn,,
lymph,4,7,horn,true,true,Horn,Boolean,Theorem3,StarNestedHorn,StructuralHorn,,
lymph,4,7,antihorn,true,true,AntiHorn,Boolean,Theorem4,StarNestedAntiHorn,StructuralAntiHorn,,
lymph,4,7,square2cnf,true,true,Square2Cnf,Boolean,Theorem6,Square2CnfFormI,TwoSat,,
lymph,4,7,affine,true,true,Affine,Boolean,Theorem5,SingleGf2Equation,Gf2Gaussian,,
lymph,4,7,smart_certified,true,true,SmartCertified,Boolean,Proposition1,PathCompatibleExactRelations,PathCertified,,
lymph,4,7,cals,true,true,SmartCertified,Boolean,Proposition1,PathCompatibleExactRelations,PathCertified,,
lymph,4,7,cals_compact_explain,true,true,SmartCertified,Boolean,Proposition1,PathCompatibleExactRelations,PathCertified,,
lymph,5,5,unary,true,true,Unary,Boolean,UnaryBaseline,UnaryRelation,StructuralHorn,,
lymph,5,5,horn,true,true,Horn,Boolean,Theorem3,StarNestedHorn,StructuralHorn,,
lymph,5,5,antihorn,true,true,AntiHorn,Boolean,Theorem4,StarNestedAntiHorn,StructuralAntiHorn,,
lymph,5,5,square2cnf,true,true,Square2Cnf,Boolean,Theorem6,Square2CnfFormI,TwoSat,,
lymph,5,5,affine,true,true,Affine,Boolean,Theorem5,SingleGf2Equation,Gf2Gaussian,,
lymph,5,5,smart_certified,true,true,SmartCertified,Boolean,Proposition1,PathCompatibleExactRelations,PathCertified,,
lymph,5,5,cals,true,true,SmartCertified,Boolean,Proposition1,PathCompatibleExactRelations,PathCertified,,
lymph,5,5,cals_compact_explain,true,true,SmartCertified,Boolean,Proposition1,PathCompatibleExactRelations,PathCertified,,
lymph,5,7,unary,true,true,Unary,Boolean,UnaryBaseline,UnaryRelation,StructuralHorn,,
lymph,5,7,horn,true,true,Horn,Boolean,Theorem3,StarNestedHorn,StructuralHorn,,
lymph,5,7,antihorn,true,true,AntiHorn,Boolean,Theorem4,StarNestedAntiHorn,StructuralAntiHorn,,
lymph,5,7,square2cnf,true,true,Square2Cnf,Boolean,Theorem6,Square2CnfFormI,TwoSat,,
lymph,5,7,affine,true,true,Affine,Boolean,Theorem5,SingleGf2Equation,Gf2Gaussian,,
lymph,5,7,smart_certified,true,true,SmartCertified,Boolean,Proposition1,PathCompatibleExactRelations,PathCertified,,
lymph,5,7,cals,true,true,SmartCertified,Boolean,Proposition1,PathCompatibleExactRelations,PathCertified,,
lymph,5,7,cals_compact_explain,true,true,SmartCertified,Boolean,Proposition1,PathCompatibleExactRelations,PathCertified,,
lymph,6,5,unary,true,true,Unary,Boolean,UnaryBaseline,UnaryRelation,StructuralHorn,,
lymph,6,5,horn,true,true,Horn,Boolean,Theorem3,StarNestedHorn,StructuralHorn,,
lymph,6,5,antihorn,true,true,AntiHorn,Boolean,Theorem4,StarNestedAntiHorn,StructuralAntiHorn,,
lymph,6,5,square2cnf,true,true,Square2Cnf,Boolean,Theorem6,Square2CnfFormI,TwoSat,,
lymph,6,5,affine,true,true,Affine,Boolean,Theorem5,SingleGf2Equation,Gf2Gaussian,,
lymph,6,5,smart_certified,true,true,SmartCertified,Boolean,Proposition1,PathCompatibleExactRelations,PathCertified,,
lymph,6,5,cals,true,true,SmartCertified,Boolean,Proposition1,PathCompatibleExactRelations,PathCertified,,
lymph,6,5,cals_compact_explain,true,true,SmartCertified,Boolean,Proposition1,PathCompatibleExactRelations,PathCertified,,
lymph,6,7,unary,true,true,Unary,Boolean,UnaryBaseline,UnaryRelation,StructuralHorn,,
lymph,6,7,horn,true,true,Horn,Boolean,Theorem3,StarNestedHorn,StructuralHorn,,
lymph,6,7,antihorn,true,true,AntiHorn,Boolean,Theorem4,StarNestedAntiHorn,StructuralAntiHorn,,
lymph,6,7,square2cnf,true,true,Square2Cnf,Boolean,Theorem6,Square2CnfFormI,TwoSat,,
lymph,6,7,affine,true,true,Affine,Boolean,Theorem5,SingleGf2Equation,Gf2Gaussian,,
lymph,6,7,smart_certified,true,true,SmartCertified,Boolean,Proposition1,PathCompatibleExactRelations,PathCertified,,
lymph,6,7,cals,true,true,SmartCertified,Boolean,Proposition1,PathCompatibleExactRelations,PathCertified,,
lymph,6,7,cals_compact_explain,true,true,SmartCertified,Boolean,Proposition1,PathCompatibleExactRelations,PathCertified,,
lymph,7,5,unary,true,true,Unary,Boolean,UnaryBaseline,UnaryRelation,StructuralHorn,,
lymph,7,5,horn,true,true,Horn,Boolean,Theorem3,StarNestedHorn,StructuralHorn,,
lymph,7,5,antihorn,true,true,AntiHorn,Boolean,Theorem4,StarNestedAntiHorn,StructuralAntiHorn,,
lymph,7,5,square2cnf,true,true,Square2Cnf,Boolean,Theorem6,Square2CnfFormI,TwoSat,,
lymph,7,5,affine,true,true,Affine,Boolean,Theorem5,SingleGf2Equation,Gf2Gaussian,,
lymph,7,5,smart_certified,true,true,SmartCertified,Boolean,Proposition1,PathCompatibleExactRelations,PathCertified,,
lymph,7,5,cals,true,true,SmartCertified,Boolean,Proposition1,PathCompatibleExactRelations,PathCertified,,
lymph,7,5,cals_compact_explain,true,true,SmartCertified,Boolean,Proposition1,PathCompatibleExactRelations,PathCertified,,
lymph,7,7,unary,true,true,Unary,Boolean,UnaryBaseline,UnaryRelation,StructuralHorn,,
lymph,7,7,horn,true,true,Horn,Boolean,Theorem3,StarNestedHorn,StructuralHorn,,
lymph,7,7,antihorn,true,true,AntiHorn,Boolean,Theorem4,StarNestedAntiHorn,StructuralAntiHorn,,
lymph,7,7,square2cnf,true,true,Square2Cnf,Boolean,Theorem6,Square2CnfFormI,TwoSat,,
lymph,7,7,affine,true,true,Affine,Boolean,Theorem5,SingleGf2Equation,Gf2Gaussian,,
lymph,7,7,smart_certified,true,true,SmartCertified,Boolean,Proposition1,PathCompatibleExactRelations,PathCertified,,
lymph,7,7,cals,true,true,SmartCertified,Boolean,Proposition1,PathCompatibleExactRelations,PathCertified,,
lymph,7,7,cals_compact_explain,true,true,SmartCertified,Boolean,Proposition1,PathCompatibleExactRelations,PathCertified,,
lymph,8,5,unary,true,true,Unary,Boolean,UnaryBaseline,UnaryRelation,StructuralHorn,,
lymph,8,5,horn,true,true,Horn,Boolean,Theorem3,StarNestedHorn,StructuralHorn,,
lymph,8,5,antihorn,true,true,AntiHorn,Boolean,Theorem4,StarNestedAntiHorn,StructuralAntiHorn,,
lymph,8,5,square2cnf,true,true,Square2Cnf,Boolean,Theorem6,Square2CnfFormI,TwoSat,,
lymph,8,5,affine,true,true,Affine,Boolean,Theorem5,SingleGf2Equation,Gf2Gaussian,,
lymph,8,5,smart_certified,true,true,SmartCertified,Boolean,Proposition1,PathCompatibleExactRelations,PathCertified,,
lymph,8,5,cals,true,true,SmartCertified,Boolean,Proposition1,PathCompatibleExactRelations,PathCertified,,
lymph,8,5,cals_compact_explain,true,true,SmartCertified,Boolean,Proposition1,PathCompatibleExactRelations,PathCertified,,
lymph,8,7,unary,true,true,Unary,Boolean,UnaryBaseline,UnaryRelation,StructuralHorn,,
lymph,8,7,horn,true,true,Horn,Boolean,Theorem3,StarNestedHorn,StructuralHorn,,
lymph,8,7,antihorn,true,true,AntiHorn,Boolean,Theorem4,StarNestedAntiHorn,StructuralAntiHorn,,
lymph,8,7,square2cnf,true,true,Square2Cnf,Boolean,Theorem6,Square2CnfFormI,TwoSat,,
lymph,8,7,affine,true,true,Affine,Boolean,Theorem5,SingleGf2Equation,Gf2Gaussian,,
lymph,8,7,smart_certified,true,true,SmartCertified,Boolean,Proposition1,PathCompatibleExactRelations,PathCertified,,
lymph,8,7,cals,true,true,SmartCertified,Boolean,Proposition1,PathCompatibleExactRelations,PathCertified,,
lymph,8,7,cals_compact_explain,true,true,SmartCertified,Boolean,Proposition1,PathCompatibleExactRelations,PathCertified,,
lymph,9,5,unary,true,true,Unary,Boolean,UnaryBaseline,UnaryRelation,StructuralHorn,,
lymph,9,5,horn,true,true,Horn,Boolean,Theorem3,StarNestedHorn,StructuralHorn,,
lymph,9,5,antihorn,true,true,AntiHorn,Boolean,Theorem4,StarNestedAntiHorn,StructuralAntiHorn,,
lymph,9,5,square2cnf,true,true,Square2Cnf,Boolean,Theorem6,Square2CnfFormI,TwoSat,,
lymph,9,5,affine,true,true,Affine,Boolean,Theorem5,SingleGf2Equation,Gf2Gaussian,,
lymph,9,5,smart_certified,true,true,SmartCertified,Boolean,Proposition1,PathCompatibleExactRelations,PathCertified,,
lymph,9,5,cals,true,true,SmartCertified,Boolean,Proposition1,PathCompatibleExactRelations,PathCertified,,
lymph,9,5,cals_compact_explain,true,true,SmartCertified,Boolean,Proposition1,PathCompatibleExactRelations,PathCertified,,
lymph,9,7,unary,true,true,Unary,Boolean,UnaryBaseline,UnaryRelation,StructuralHorn,,
lymph,9,7,horn,true,true,Horn,Boolean,Theorem3,StarNestedHorn,StructuralHorn,,
lymph,9,7,antihorn,true,true,AntiHorn,Boolean,Theorem4,StarNestedAntiHorn,StructuralAntiHorn,,
lymph,9,7,square2cnf,true,true,Square2Cnf,Boolean,Theorem6,Square2CnfFormI,TwoSat,,
lymph,9,7,affine,true,true,Affine,Boolean,Theorem5,SingleGf2Equation,Gf2Gaussian,,
lymph,9,7,smart_certified,true,true,SmartCertified,Boolean,Proposition1,PathCompatibleExactRelations,PathCertified,,
lymph,9,7,cals,true,true,SmartCertified,Boolean,Proposition1,PathCompatibleExactRelations,PathCertified,,
lymph,9,7,cals_compact_explain,true,true,SmartCertified,Boolean,Proposition1,PathCompatibleExactRelations,PathCertified,,
magic04-bin,0,5,unary,true,true,Unary,Boolean,UnaryBaseline,UnaryRelation,StructuralHorn,,
magic04-bin,0,5,horn,true,true,Horn,Boolean,Theorem3,StarNestedHorn,StructuralHorn,,
magic04-bin,0,5,antihorn,true,true,AntiHorn,Boolean,Theorem4,StarNestedAntiHorn,StructuralAntiHorn,,
magic04-bin,0,5,square2cnf,true,true,Square2Cnf,Boolean,Theorem6,Square2CnfFormI,TwoSat,,
magic04-bin,0,5,affine,true,true,Affine,Boolean,Theorem5,SingleGf2Equation,Gf2Gaussian,,
magic04-bin,0,5,smart_certified,true,true,SmartCertified,Boolean,Proposition1,PathCompatibleExactRelations,PathCertified,,
magic04-bin,0,5,cals,true,true,SmartCertified,Boolean,Proposition1,PathCompatibleExactRelations,PathCertified,,
magic04-bin,0,5,cals_compact_explain,true,true,SmartCertified,Boolean,Proposition1,PathCompatibleExactRelations,PathCertified,,
magic04-bin,0,7,unary,true,true,Unary,Boolean,UnaryBaseline,UnaryRelation,StructuralHorn,,
magic04-bin,0,7,horn,true,true,Horn,Boolean,Theorem3,StarNestedHorn,StructuralHorn,,
magic04-bin,0,7,antihorn,true,true,AntiHorn,Boolean,Theorem4,StarNestedAntiHorn,StructuralAntiHorn,,
magic04-bin,0,7,square2cnf,true,true,Square2Cnf,Boolean,Theorem6,Square2CnfFormI,TwoSat,,
magic04-bin,0,7,affine,true,true,Affine,Boolean,Theorem5,SingleGf2Equation,Gf2Gaussian,,
magic04-bin,0,7,smart_certified,true,true,SmartCertified,Boolean,Proposition1,PathCompatibleExactRelations,PathCertified,,
magic04-bin,0,7,cals,true,true,SmartCertified,Boolean,Proposition1,PathCompatibleExactRelations,PathCertified,,
magic04-bin,0,7,cals_compact_explain,true,true,SmartCertified,Boolean,Proposition1,PathCompatibleExactRelations,PathCertified,,
magic04-bin,1,5,unary,true,true,Unary,Boolean,UnaryBaseline,UnaryRelation,StructuralHorn,,
magic04-bin,1,5,horn,true,true,Horn,Boolean,Theorem3,StarNestedHorn,StructuralHorn,,
magic04-bin,1,5,antihorn,true,true,AntiHorn,Boolean,Theorem4,StarNestedAntiHorn,StructuralAntiHorn,,
magic04-bin,1,5,square2cnf,true,true,Square2Cnf,Boolean,Theorem6,Square2CnfFormI,TwoSat,,
magic04-bin,1,5,affine,true,true,Affine,Boolean,Theorem5,SingleGf2Equation,Gf2Gaussian,,
magic04-bin,1,5,smart_certified,true,true,SmartCertified,Boolean,Proposition1,PathCompatibleExactRelations,PathCertified,,
magic04-bin,1,5,cals,true,true,SmartCertified,Boolean,Proposition1,PathCompatibleExactRelations,PathCertified,,
magic04-bin,1,5,cals_compact_explain,true,true,SmartCertified,Boolean,Proposition1,PathCompatibleExactRelations,PathCertified,,
magic04-bin,1,7,unary,true,true,Unary,Boolean,UnaryBaseline,UnaryRelation,StructuralHorn,,
magic04-bin,1,7,horn,true,true,Horn,Boolean,Theorem3,StarNestedHorn,StructuralHorn,,
magic04-bin,1,7,antihorn,true,true,AntiHorn,Boolean,Theorem4,StarNestedAntiHorn,StructuralAntiHorn,,
magic04-bin,1,7,square2cnf,true,true,Square2Cnf,Boolean,Theorem6,Square2CnfFormI,TwoSat,,
magic04-bin,1,7,affine,true,true,Affine,Boolean,Theorem5,SingleGf2Equation,Gf2Gaussian,,
magic04-bin,1,7,smart_certified,true,true,SmartCertified,Boolean,Proposition1,PathCompatibleExactRelations,PathCertified,,
magic04-bin,1,7,cals,true,true,SmartCertified,Boolean,Proposition1,PathCompatibleExactRelations,PathCertified,,
magic04-bin,1,7,cals_compact_explain,true,true,SmartCertified,Boolean,Proposition1,PathCompatibleExactRelations,PathCertified,,
magic04-bin,2,5,unary,true,true,Unary,Boolean,UnaryBaseline,UnaryRelation,StructuralHorn,,
magic04-bin,2,5,horn,true,true,Horn,Boolean,Theorem3,StarNestedHorn,StructuralHorn,,
magic04-bin,2,5,antihorn,true,true,AntiHorn,Boolean,Theorem4,StarNestedAntiHorn,StructuralAntiHorn,,
magic04-bin,2,5,square2cnf,true,true,Square2Cnf,Boolean,Theorem6,Square2CnfFormI,TwoSat,,
magic04-bin,2,5,affine,true,true,Affine,Boolean,Theorem5,SingleGf2Equation,Gf2Gaussian,,
magic04-bin,2,5,smart_certified,true,true,SmartCertified,Boolean,Proposition1,PathCompatibleExactRelations,PathCertified,,
magic04-bin,2,5,cals,true,true,SmartCertified,Boolean,Proposition1,PathCompatibleExactRelations,PathCertified,,
magic04-bin,2,5,cals_compact_explain,true,true,SmartCertified,Boolean,Proposition1,PathCompatibleExactRelations,PathCertified,,
magic04-bin,2,7,unary,true,true,Unary,Boolean,UnaryBaseline,UnaryRelation,StructuralHorn,,
magic04-bin,2,7,horn,true,true,Horn,Boolean,Theorem3,StarNestedHorn,StructuralHorn,,
magic04-bin,2,7,antihorn,true,true,AntiHorn,Boolean,Theorem4,StarNestedAntiHorn,StructuralAntiHorn,,
magic04-bin,2,7,square2cnf,true,true,Square2Cnf,Boolean,Theorem6,Square2CnfFormI,TwoSat,,
magic04-bin,2,7,affine,true,true,Affine,Boolean,Theorem5,SingleGf2Equation,Gf2Gaussian,,
magic04-bin,2,7,smart_certified,true,true,SmartCertified,Boolean,Proposition1,PathCompatibleExactRelations,PathCertified,,
magic04-bin,2,7,cals,true,true,SmartCertified,Boolean,Proposition1,PathCompatibleExactRelations,PathCertified,,
magic04-bin,2,7,cals_compact_explain,true,true,SmartCertified,Boolean,Proposition1,PathCompatibleExactRelations,PathCertified,,
magic04-bin,3,5,unary,true,true,Unary,Boolean,UnaryBaseline,UnaryRelation,StructuralHorn,,
magic04-bin,3,5,horn,true,true,Horn,Boolean,Theorem3,StarNestedHorn,StructuralHorn,,
magic04-bin,3,5,antihorn,true,true,AntiHorn,Boolean,Theorem4,StarNestedAntiHorn,StructuralAntiHorn,,
magic04-bin,3,5,square2cnf,true,true,Square2Cnf,Boolean,Theorem6,Square2CnfFormI,TwoSat,,
magic04-bin,3,5,affine,true,true,Affine,Boolean,Theorem5,SingleGf2Equation,Gf2Gaussian,,
magic04-bin,3,5,smart_certified,true,true,SmartCertified,Boolean,Proposition1,PathCompatibleExactRelations,PathCertified,,
magic04-bin,3,5,cals,true,true,SmartCertified,Boolean,Proposition1,PathCompatibleExactRelations,PathCertified,,
magic04-bin,3,5,cals_compact_explain,true,true,SmartCertified,Boolean,Proposition1,PathCompatibleExactRelations,PathCertified,,
magic04-bin,3,7,unary,true,true,Unary,Boolean,UnaryBaseline,UnaryRelation,StructuralHorn,,
magic04-bin,3,7,horn,true,true,Horn,Boolean,Theorem3,StarNestedHorn,StructuralHorn,,
magic04-bin,3,7,antihorn,true,true,AntiHorn,Boolean,Theorem4,StarNestedAntiHorn,StructuralAntiHorn,,
magic04-bin,3,7,square2cnf,true,true,Square2Cnf,Boolean,Theorem6,Square2CnfFormI,TwoSat,,
magic04-bin,3,7,affine,true,true,Affine,Boolean,Theorem5,SingleGf2Equation,Gf2Gaussian,,
magic04-bin,3,7,smart_certified,true,true,SmartCertified,Boolean,Proposition1,PathCompatibleExactRelations,PathCertified,,
magic04-bin,3,7,cals,true,true,SmartCertified,Boolean,Proposition1,PathCompatibleExactRelations,PathCertified,,
magic04-bin,3,7,cals_compact_explain,true,true,SmartCertified,Boolean,Proposition1,PathCompatibleExactRelations,PathCertified,,
magic04-bin,4,5,unary,true,true,Unary,Boolean,UnaryBaseline,UnaryRelation,StructuralHorn,,
magic04-bin,4,5,horn,true,true,Horn,Boolean,Theorem3,StarNestedHorn,StructuralHorn,,
magic04-bin,4,5,antihorn,true,true,AntiHorn,Boolean,Theorem4,StarNestedAntiHorn,StructuralAntiHorn,,
magic04-bin,4,5,square2cnf,true,true,Square2Cnf,Boolean,Theorem6,Square2CnfFormI,TwoSat,,
magic04-bin,4,5,affine,true,true,Affine,Boolean,Theorem5,SingleGf2Equation,Gf2Gaussian,,
magic04-bin,4,5,smart_certified,true,true,SmartCertified,Boolean,Proposition1,PathCompatibleExactRelations,PathCertified,,
magic04-bin,4,5,cals,true,true,SmartCertified,Boolean,Proposition1,PathCompatibleExactRelations,PathCertified,,
magic04-bin,4,5,cals_compact_explain,true,true,SmartCertified,Boolean,Proposition1,PathCompatibleExactRelations,PathCertified,,
magic04-bin,4,7,unary,true,true,Unary,Boolean,UnaryBaseline,UnaryRelation,StructuralHorn,,
magic04-bin,4,7,horn,true,true,Horn,Boolean,Theorem3,StarNestedHorn,StructuralHorn,,
magic04-bin,4,7,antihorn,true,true,AntiHorn,Boolean,Theorem4,StarNestedAntiHorn,StructuralAntiHorn,,
magic04-bin,4,7,square2cnf,true,true,Square2Cnf,Boolean,Theorem6,Square2CnfFormI,TwoSat,,
magic04-bin,4,7,affine,true,true,Affine,Boolean,Theorem5,SingleGf2Equation,Gf2Gaussian,,
magic04-bin,4,7,smart_certified,true,true,SmartCertified,Boolean,Proposition1,PathCompatibleExactRelations,PathCertified,,
magic04-bin,4,7,cals,true,true,SmartCertified,Boolean,Proposition1,PathCompatibleExactRelations,PathCertified,,
magic04-bin,4,7,cals_compact_explain,true,true,SmartCertified,Boolean,Proposition1,PathCompatibleExactRelations,PathCertified,,
magic04-bin,5,5,unary,true,true,Unary,Boolean,UnaryBaseline,UnaryRelation,StructuralHorn,,
magic04-bin,5,5,horn,true,true,Horn,Boolean,Theorem3,StarNestedHorn,StructuralHorn,,
magic04-bin,5,5,antihorn,true,true,AntiHorn,Boolean,Theorem4,StarNestedAntiHorn,StructuralAntiHorn,,
magic04-bin,5,5,square2cnf,true,true,Square2Cnf,Boolean,Theorem6,Square2CnfFormI,TwoSat,,
magic04-bin,5,5,affine,true,true,Affine,Boolean,Theorem5,SingleGf2Equation,Gf2Gaussian,,
magic04-bin,5,5,smart_certified,true,true,SmartCertified,Boolean,Proposition1,PathCompatibleExactRelations,PathCertified,,
magic04-bin,5,5,cals,true,true,SmartCertified,Boolean,Proposition1,PathCompatibleExactRelations,PathCertified,,
magic04-bin,5,5,cals_compact_explain,true,true,SmartCertified,Boolean,Proposition1,PathCompatibleExactRelations,PathCertified,,
magic04-bin,5,7,unary,true,true,Unary,Boolean,UnaryBaseline,UnaryRelation,StructuralHorn,,
magic04-bin,5,7,horn,true,true,Horn,Boolean,Theorem3,StarNestedHorn,StructuralHorn,,
magic04-bin,5,7,antihorn,true,true,AntiHorn,Boolean,Theorem4,StarNestedAntiHorn,StructuralAntiHorn,,
magic04-bin,5,7,square2cnf,true,true,Square2Cnf,Boolean,Theorem6,Square2CnfFormI,TwoSat,,
magic04-bin,5,7,affine,true,true,Affine,Boolean,Theorem5,SingleGf2Equation,Gf2Gaussian,,
magic04-bin,5,7,smart_certified,true,true,SmartCertified,Boolean,Proposition1,PathCompatibleExactRelations,PathCertified,,
magic04-bin,5,7,cals,true,true,SmartCertified,Boolean,Proposition1,PathCompatibleExactRelations,PathCertified,,
magic04-bin,5,7,cals_compact_explain,true,true,SmartCertified,Boolean,Proposition1,PathCompatibleExactRelations,PathCertified,,
magic04-bin,6,5,unary,true,true,Unary,Boolean,UnaryBaseline,UnaryRelation,StructuralHorn,,
magic04-bin,6,5,horn,true,true,Horn,Boolean,Theorem3,StarNestedHorn,StructuralHorn,,
magic04-bin,6,5,antihorn,true,true,AntiHorn,Boolean,Theorem4,StarNestedAntiHorn,StructuralAntiHorn,,
magic04-bin,6,5,square2cnf,true,true,Square2Cnf,Boolean,Theorem6,Square2CnfFormI,TwoSat,,
magic04-bin,6,5,affine,true,true,Affine,Boolean,Theorem5,SingleGf2Equation,Gf2Gaussian,,
magic04-bin,6,5,smart_certified,true,true,SmartCertified,Boolean,Proposition1,PathCompatibleExactRelations,PathCertified,,
magic04-bin,6,5,cals,true,true,SmartCertified,Boolean,Proposition1,PathCompatibleExactRelations,PathCertified,,
magic04-bin,6,5,cals_compact_explain,true,true,SmartCertified,Boolean,Proposition1,PathCompatibleExactRelations,PathCertified,,
magic04-bin,6,7,unary,true,true,Unary,Boolean,UnaryBaseline,UnaryRelation,StructuralHorn,,
magic04-bin,6,7,horn,true,true,Horn,Boolean,Theorem3,StarNestedHorn,StructuralHorn,,
magic04-bin,6,7,antihorn,true,true,AntiHorn,Boolean,Theorem4,StarNestedAntiHorn,StructuralAntiHorn,,
magic04-bin,6,7,square2cnf,true,true,Square2Cnf,Boolean,Theorem6,Square2CnfFormI,TwoSat,,
magic04-bin,6,7,affine,true,true,Affine,Boolean,Theorem5,SingleGf2Equation,Gf2Gaussian,,
magic04-bin,6,7,smart_certified,true,true,SmartCertified,Boolean,Proposition1,PathCompatibleExactRelations,PathCertified,,
magic04-bin,6,7,cals,true,true,SmartCertified,Boolean,Proposition1,PathCompatibleExactRelations,PathCertified,,
magic04-bin,6,7,cals_compact_explain,true,true,SmartCertified,Boolean,Proposition1,PathCompatibleExactRelations,PathCertified,,
magic04-bin,7,5,unary,true,true,Unary,Boolean,UnaryBaseline,UnaryRelation,StructuralHorn,,
magic04-bin,7,5,horn,true,true,Horn,Boolean,Theorem3,StarNestedHorn,StructuralHorn,,
magic04-bin,7,5,antihorn,true,true,AntiHorn,Boolean,Theorem4,StarNestedAntiHorn,StructuralAntiHorn,,
magic04-bin,7,5,square2cnf,true,true,Square2Cnf,Boolean,Theorem6,Square2CnfFormI,TwoSat,,
magic04-bin,7,5,affine,true,true,Affine,Boolean,Theorem5,SingleGf2Equation,Gf2Gaussian,,
magic04-bin,7,5,smart_certified,true,true,SmartCertified,Boolean,Proposition1,PathCompatibleExactRelations,PathCertified,,
magic04-bin,7,5,cals,true,true,SmartCertified,Boolean,Proposition1,PathCompatibleExactRelations,PathCertified,,
magic04-bin,7,5,cals_compact_explain,true,true,SmartCertified,Boolean,Proposition1,PathCompatibleExactRelations,PathCertified,,
magic04-bin,7,7,unary,true,true,Unary,Boolean,UnaryBaseline,UnaryRelation,StructuralHorn,,
magic04-bin,7,7,horn,true,true,Horn,Boolean,Theorem3,StarNestedHorn,StructuralHorn,,
magic04-bin,7,7,antihorn,true,true,AntiHorn,Boolean,Theorem4,StarNestedAntiHorn,StructuralAntiHorn,,
magic04-bin,7,7,square2cnf,true,true,Square2Cnf,Boolean,Theorem6,Square2CnfFormI,TwoSat,,
magic04-bin,7,7,affine,true,true,Affine,Boolean,Theorem5,SingleGf2Equation,Gf2Gaussian,,
magic04-bin,7,7,smart_certified,true,true,SmartCertified,Boolean,Proposition1,PathCompatibleExactRelations,PathCertified,,
magic04-bin,7,7,cals,true,true,SmartCertified,Boolean,Proposition1,PathCompatibleExactRelations,PathCertified,,
magic04-bin,7,7,cals_compact_explain,true,true,SmartCertified,Boolean,Proposition1,PathCompatibleExactRelations,PathCertified,,
magic04-bin,8,5,unary,true,true,Unary,Boolean,UnaryBaseline,UnaryRelation,StructuralHorn,,
magic04-bin,8,5,horn,true,true,Horn,Boolean,Theorem3,StarNestedHorn,StructuralHorn,,
magic04-bin,8,5,antihorn,true,true,AntiHorn,Boolean,Theorem4,StarNestedAntiHorn,StructuralAntiHorn,,
magic04-bin,8,5,square2cnf,true,true,Square2Cnf,Boolean,Theorem6,Square2CnfFormI,TwoSat,,
magic04-bin,8,5,affine,true,true,Affine,Boolean,Theorem5,SingleGf2Equation,Gf2Gaussian,,
magic04-bin,8,5,smart_certified,true,true,SmartCertified,Boolean,Proposition1,PathCompatibleExactRelations,PathCertified,,
magic04-bin,8,5,cals,true,true,SmartCertified,Boolean,Proposition1,PathCompatibleExactRelations,PathCertified,,
magic04-bin,8,5,cals_compact_explain,true,true,SmartCertified,Boolean,Proposition1,PathCompatibleExactRelations,PathCertified,,
magic04-bin,8,7,unary,true,true,Unary,Boolean,UnaryBaseline,UnaryRelation,StructuralHorn,,
magic04-bin,8,7,horn,true,true,Horn,Boolean,Theorem3,StarNestedHorn,StructuralHorn,,
magic04-bin,8,7,antihorn,true,true,AntiHorn,Boolean,Theorem4,StarNestedAntiHorn,StructuralAntiHorn,,
magic04-bin,8,7,square2cnf,true,true,Square2Cnf,Boolean,Theorem6,Square2CnfFormI,TwoSat,,
magic04-bin,8,7,affine,true,true,Affine,Boolean,Theorem5,SingleGf2Equation,Gf2Gaussian,,
magic04-bin,8,7,smart_certified,true,true,SmartCertified,Boolean,Proposition1,PathCompatibleExactRelations,PathCertified,,
magic04-bin,8,7,cals,true,true,SmartCertified,Boolean,Proposition1,PathCompatibleExactRelations,PathCertified,,
magic04-bin,8,7,cals_compact_explain,true,true,SmartCertified,Boolean,Proposition1,PathCompatibleExactRelations,PathCertified,,
magic04-bin,9,5,unary,true,true,Unary,Boolean,UnaryBaseline,UnaryRelation,StructuralHorn,,
magic04-bin,9,5,horn,true,true,Horn,Boolean,Theorem3,StarNestedHorn,StructuralHorn,,
magic04-bin,9,5,antihorn,true,true,AntiHorn,Boolean,Theorem4,StarNestedAntiHorn,StructuralAntiHorn,,
magic04-bin,9,5,square2cnf,true,true,Square2Cnf,Boolean,Theorem6,Square2CnfFormI,TwoSat,,
magic04-bin,9,5,affine,true,true,Affine,Boolean,Theorem5,SingleGf2Equation,Gf2Gaussian,,
magic04-bin,9,5,smart_certified,true,true,SmartCertified,Boolean,Proposition1,PathCompatibleExactRelations,PathCertified,,
magic04-bin,9,5,cals,true,true,SmartCertified,Boolean,Proposition1,PathCompatibleExactRelations,PathCertified,,
magic04-bin,9,5,cals_compact_explain,true,true,SmartCertified,Boolean,Proposition1,PathCompatibleExactRelations,PathCertified,,
magic04-bin,9,7,unary,true,true,Unary,Boolean,UnaryBaseline,UnaryRelation,StructuralHorn,,
magic04-bin,9,7,horn,true,true,Horn,Boolean,Theorem3,StarNestedHorn,StructuralHorn,,
magic04-bin,9,7,antihorn,true,true,AntiHorn,Boolean,Theorem4,StarNestedAntiHorn,StructuralAntiHorn,,
magic04-bin,9,7,square2cnf,true,true,Square2Cnf,Boolean,Theorem6,Square2CnfFormI,TwoSat,,
magic04-bin,9,7,affine,true,true,Affine,Boolean,Theorem5,SingleGf2Equation,Gf2Gaussian,,
magic04-bin,9,7,smart_certified,true,true,SmartCertified,Boolean,Proposition1,PathCompatibleExactRelations,PathCertified,,
magic04-bin,9,7,cals,true,true,SmartCertified,Boolean,Proposition1,PathCompatibleExactRelations,PathCertified,,
magic04-bin,9,7,cals_compact_explain,true,true,SmartCertified,Boolean,Proposition1,PathCompatibleExactRelations,PathCertified,,
messidor-bin,0,5,unary,true,true,Unary,Boolean,UnaryBaseline,UnaryRelation,StructuralHorn,,
messidor-bin,0,5,horn,true,true,Horn,Boolean,Theorem3,StarNestedHorn,StructuralHorn,,
messidor-bin,0,5,antihorn,true,true,AntiHorn,Boolean,Theorem4,StarNestedAntiHorn,StructuralAntiHorn,,
messidor-bin,0,5,square2cnf,true,true,Square2Cnf,Boolean,Theorem6,Square2CnfFormI,TwoSat,,
messidor-bin,0,5,affine,true,true,Affine,Boolean,Theorem5,SingleGf2Equation,Gf2Gaussian,,
messidor-bin,0,5,smart_certified,true,true,SmartCertified,Boolean,Proposition1,PathCompatibleExactRelations,PathCertified,,
messidor-bin,0,5,cals,true,true,SmartCertified,Boolean,Proposition1,PathCompatibleExactRelations,PathCertified,,
messidor-bin,0,5,cals_compact_explain,true,true,SmartCertified,Boolean,Proposition1,PathCompatibleExactRelations,PathCertified,,
messidor-bin,0,7,unary,true,true,Unary,Boolean,UnaryBaseline,UnaryRelation,StructuralHorn,,
messidor-bin,0,7,horn,true,true,Horn,Boolean,Theorem3,StarNestedHorn,StructuralHorn,,
messidor-bin,0,7,antihorn,true,true,AntiHorn,Boolean,Theorem4,StarNestedAntiHorn,StructuralAntiHorn,,
messidor-bin,0,7,square2cnf,true,true,Square2Cnf,Boolean,Theorem6,Square2CnfFormI,TwoSat,,
messidor-bin,0,7,affine,true,true,Affine,Boolean,Theorem5,SingleGf2Equation,Gf2Gaussian,,
messidor-bin,0,7,smart_certified,true,true,SmartCertified,Boolean,Proposition1,PathCompatibleExactRelations,PathCertified,,
messidor-bin,0,7,cals,true,true,SmartCertified,Boolean,Proposition1,PathCompatibleExactRelations,PathCertified,,
messidor-bin,0,7,cals_compact_explain,true,true,SmartCertified,Boolean,Proposition1,PathCompatibleExactRelations,PathCertified,,
messidor-bin,1,5,unary,true,true,Unary,Boolean,UnaryBaseline,UnaryRelation,StructuralHorn,,
messidor-bin,1,5,horn,true,true,Horn,Boolean,Theorem3,StarNestedHorn,StructuralHorn,,
messidor-bin,1,5,antihorn,true,true,AntiHorn,Boolean,Theorem4,StarNestedAntiHorn,StructuralAntiHorn,,
messidor-bin,1,5,square2cnf,true,true,Square2Cnf,Boolean,Theorem6,Square2CnfFormI,TwoSat,,
messidor-bin,1,5,affine,true,true,Affine,Boolean,Theorem5,SingleGf2Equation,Gf2Gaussian,,
messidor-bin,1,5,smart_certified,true,true,SmartCertified,Boolean,Proposition1,PathCompatibleExactRelations,PathCertified,,
messidor-bin,1,5,cals,true,true,SmartCertified,Boolean,Proposition1,PathCompatibleExactRelations,PathCertified,,
messidor-bin,1,5,cals_compact_explain,true,true,SmartCertified,Boolean,Proposition1,PathCompatibleExactRelations,PathCertified,,
messidor-bin,1,7,unary,true,true,Unary,Boolean,UnaryBaseline,UnaryRelation,StructuralHorn,,
messidor-bin,1,7,horn,true,true,Horn,Boolean,Theorem3,StarNestedHorn,StructuralHorn,,
messidor-bin,1,7,antihorn,true,true,AntiHorn,Boolean,Theorem4,StarNestedAntiHorn,StructuralAntiHorn,,
messidor-bin,1,7,square2cnf,true,true,Square2Cnf,Boolean,Theorem6,Square2CnfFormI,TwoSat,,
messidor-bin,1,7,affine,true,true,Affine,Boolean,Theorem5,SingleGf2Equation,Gf2Gaussian,,
messidor-bin,1,7,smart_certified,true,true,SmartCertified,Boolean,Proposition1,PathCompatibleExactRelations,PathCertified,,
messidor-bin,1,7,cals,true,true,SmartCertified,Boolean,Proposition1,PathCompatibleExactRelations,PathCertified,,
messidor-bin,1,7,cals_compact_explain,true,true,SmartCertified,Boolean,Proposition1,PathCompatibleExactRelations,PathCertified,,
messidor-bin,2,5,unary,true,true,Unary,Boolean,UnaryBaseline,UnaryRelation,StructuralHorn,,
messidor-bin,2,5,horn,true,true,Horn,Boolean,Theorem3,StarNestedHorn,StructuralHorn,,
messidor-bin,2,5,antihorn,true,true,AntiHorn,Boolean,Theorem4,StarNestedAntiHorn,StructuralAntiHorn,,
messidor-bin,2,5,square2cnf,true,true,Square2Cnf,Boolean,Theorem6,Square2CnfFormI,TwoSat,,
messidor-bin,2,5,affine,true,true,Affine,Boolean,Theorem5,SingleGf2Equation,Gf2Gaussian,,
messidor-bin,2,5,smart_certified,true,true,SmartCertified,Boolean,Proposition1,PathCompatibleExactRelations,PathCertified,,
messidor-bin,2,5,cals,true,true,SmartCertified,Boolean,Proposition1,PathCompatibleExactRelations,PathCertified,,
messidor-bin,2,5,cals_compact_explain,true,true,SmartCertified,Boolean,Proposition1,PathCompatibleExactRelations,PathCertified,,
messidor-bin,2,7,unary,true,true,Unary,Boolean,UnaryBaseline,UnaryRelation,StructuralHorn,,
messidor-bin,2,7,horn,true,true,Horn,Boolean,Theorem3,StarNestedHorn,StructuralHorn,,
messidor-bin,2,7,antihorn,true,true,AntiHorn,Boolean,Theorem4,StarNestedAntiHorn,StructuralAntiHorn,,
messidor-bin,2,7,square2cnf,true,true,Square2Cnf,Boolean,Theorem6,Square2CnfFormI,TwoSat,,
messidor-bin,2,7,affine,true,true,Affine,Boolean,Theorem5,SingleGf2Equation,Gf2Gaussian,,
messidor-bin,2,7,smart_certified,true,true,SmartCertified,Boolean,Proposition1,PathCompatibleExactRelations,PathCertified,,
messidor-bin,2,7,cals,true,true,SmartCertified,Boolean,Proposition1,PathCompatibleExactRelations,PathCertified,,
messidor-bin,2,7,cals_compact_explain,true,true,SmartCertified,Boolean,Proposition1,PathCompatibleExactRelations,PathCertified,,
messidor-bin,3,5,unary,true,true,Unary,Boolean,UnaryBaseline,UnaryRelation,StructuralHorn,,
messidor-bin,3,5,horn,true,true,Horn,Boolean,Theorem3,StarNestedHorn,StructuralHorn,,
messidor-bin,3,5,antihorn,true,true,AntiHorn,Boolean,Theorem4,StarNestedAntiHorn,StructuralAntiHorn,,
messidor-bin,3,5,square2cnf,true,true,Square2Cnf,Boolean,Theorem6,Square2CnfFormI,TwoSat,,
messidor-bin,3,5,affine,true,true,Affine,Boolean,Theorem5,SingleGf2Equation,Gf2Gaussian,,
messidor-bin,3,5,smart_certified,true,true,SmartCertified,Boolean,Proposition1,PathCompatibleExactRelations,PathCertified,,
messidor-bin,3,5,cals,true,true,SmartCertified,Boolean,Proposition1,PathCompatibleExactRelations,PathCertified,,
messidor-bin,3,5,cals_compact_explain,true,true,SmartCertified,Boolean,Proposition1,PathCompatibleExactRelations,PathCertified,,
messidor-bin,3,7,unary,true,true,Unary,Boolean,UnaryBaseline,UnaryRelation,StructuralHorn,,
messidor-bin,3,7,horn,true,true,Horn,Boolean,Theorem3,StarNestedHorn,StructuralHorn,,
messidor-bin,3,7,antihorn,true,true,AntiHorn,Boolean,Theorem4,StarNestedAntiHorn,StructuralAntiHorn,,
messidor-bin,3,7,square2cnf,true,true,Square2Cnf,Boolean,Theorem6,Square2CnfFormI,TwoSat,,
messidor-bin,3,7,affine,true,true,Affine,Boolean,Theorem5,SingleGf2Equation,Gf2Gaussian,,
messidor-bin,3,7,smart_certified,true,true,SmartCertified,Boolean,Proposition1,PathCompatibleExactRelations,PathCertified,,
messidor-bin,3,7,cals,true,true,SmartCertified,Boolean,Proposition1,PathCompatibleExactRelations,PathCertified,,
messidor-bin,3,7,cals_compact_explain,true,true,SmartCertified,Boolean,Proposition1,PathCompatibleExactRelations,PathCertified,,
messidor-bin,4,5,unary,true,true,Unary,Boolean,UnaryBaseline,UnaryRelation,StructuralHorn,,
messidor-bin,4,5,horn,true,true,Horn,Boolean,Theorem3,StarNestedHorn,StructuralHorn,,
messidor-bin,4,5,antihorn,true,true,AntiHorn,Boolean,Theorem4,StarNestedAntiHorn,StructuralAntiHorn,,
messidor-bin,4,5,square2cnf,true,true,Square2Cnf,Boolean,Theorem6,Square2CnfFormI,TwoSat,,
messidor-bin,4,5,affine,true,true,Affine,Boolean,Theorem5,SingleGf2Equation,Gf2Gaussian,,
messidor-bin,4,5,smart_certified,true,true,SmartCertified,Boolean,Proposition1,PathCompatibleExactRelations,PathCertified,,
messidor-bin,4,5,cals,true,true,SmartCertified,Boolean,Proposition1,PathCompatibleExactRelations,PathCertified,,
messidor-bin,4,5,cals_compact_explain,true,true,SmartCertified,Boolean,Proposition1,PathCompatibleExactRelations,PathCertified,,
messidor-bin,4,7,unary,true,true,Unary,Boolean,UnaryBaseline,UnaryRelation,StructuralHorn,,
messidor-bin,4,7,horn,true,true,Horn,Boolean,Theorem3,StarNestedHorn,StructuralHorn,,
messidor-bin,4,7,antihorn,true,true,AntiHorn,Boolean,Theorem4,StarNestedAntiHorn,StructuralAntiHorn,,
messidor-bin,4,7,square2cnf,true,true,Square2Cnf,Boolean,Theorem6,Square2CnfFormI,TwoSat,,
messidor-bin,4,7,affine,true,true,Affine,Boolean,Theorem5,SingleGf2Equation,Gf2Gaussian,,
messidor-bin,4,7,smart_certified,true,true,SmartCertified,Boolean,Proposition1,PathCompatibleExactRelations,PathCertified,,
messidor-bin,4,7,cals,true,true,SmartCertified,Boolean,Proposition1,PathCompatibleExactRelations,PathCertified,,
messidor-bin,4,7,cals_compact_explain,true,true,SmartCertified,Boolean,Proposition1,PathCompatibleExactRelations,PathCertified,,
messidor-bin,5,5,unary,true,true,Unary,Boolean,UnaryBaseline,UnaryRelation,StructuralHorn,,
messidor-bin,5,5,horn,true,true,Horn,Boolean,Theorem3,StarNestedHorn,StructuralHorn,,
messidor-bin,5,5,antihorn,true,true,AntiHorn,Boolean,Theorem4,StarNestedAntiHorn,StructuralAntiHorn,,
messidor-bin,5,5,square2cnf,true,true,Square2Cnf,Boolean,Theorem6,Square2CnfFormI,TwoSat,,
messidor-bin,5,5,affine,true,true,Affine,Boolean,Theorem5,SingleGf2Equation,Gf2Gaussian,,
messidor-bin,5,5,smart_certified,true,true,SmartCertified,Boolean,Proposition1,PathCompatibleExactRelations,PathCertified,,
messidor-bin,5,5,cals,true,true,SmartCertified,Boolean,Proposition1,PathCompatibleExactRelations,PathCertified,,
messidor-bin,5,5,cals_compact_explain,true,true,SmartCertified,Boolean,Proposition1,PathCompatibleExactRelations,PathCertified,,
messidor-bin,5,7,unary,true,true,Unary,Boolean,UnaryBaseline,UnaryRelation,StructuralHorn,,
messidor-bin,5,7,horn,true,true,Horn,Boolean,Theorem3,StarNestedHorn,StructuralHorn,,
messidor-bin,5,7,antihorn,true,true,AntiHorn,Boolean,Theorem4,StarNestedAntiHorn,StructuralAntiHorn,,
messidor-bin,5,7,square2cnf,true,true,Square2Cnf,Boolean,Theorem6,Square2CnfFormI,TwoSat,,
messidor-bin,5,7,affine,true,true,Affine,Boolean,Theorem5,SingleGf2Equation,Gf2Gaussian,,
messidor-bin,5,7,smart_certified,true,true,SmartCertified,Boolean,Proposition1,PathCompatibleExactRelations,PathCertified,,
messidor-bin,5,7,cals,true,true,SmartCertified,Boolean,Proposition1,PathCompatibleExactRelations,PathCertified,,
messidor-bin,5,7,cals_compact_explain,true,true,SmartCertified,Boolean,Proposition1,PathCompatibleExactRelations,PathCertified,,
messidor-bin,6,5,unary,true,true,Unary,Boolean,UnaryBaseline,UnaryRelation,StructuralHorn,,
messidor-bin,6,5,horn,true,true,Horn,Boolean,Theorem3,StarNestedHorn,StructuralHorn,,
messidor-bin,6,5,antihorn,true,true,AntiHorn,Boolean,Theorem4,StarNestedAntiHorn,StructuralAntiHorn,,
messidor-bin,6,5,square2cnf,true,true,Square2Cnf,Boolean,Theorem6,Square2CnfFormI,TwoSat,,
messidor-bin,6,5,affine,true,true,Affine,Boolean,Theorem5,SingleGf2Equation,Gf2Gaussian,,
messidor-bin,6,5,smart_certified,true,true,SmartCertified,Boolean,Proposition1,PathCompatibleExactRelations,PathCertified,,
messidor-bin,6,5,cals,true,true,SmartCertified,Boolean,Proposition1,PathCompatibleExactRelations,PathCertified,,
messidor-bin,6,5,cals_compact_explain,true,true,SmartCertified,Boolean,Proposition1,PathCompatibleExactRelations,PathCertified,,
messidor-bin,6,7,unary,true,true,Unary,Boolean,UnaryBaseline,UnaryRelation,StructuralHorn,,
messidor-bin,6,7,horn,true,true,Horn,Boolean,Theorem3,StarNestedHorn,StructuralHorn,,
messidor-bin,6,7,antihorn,true,true,AntiHorn,Boolean,Theorem4,StarNestedAntiHorn,StructuralAntiHorn,,
messidor-bin,6,7,square2cnf,true,true,Square2Cnf,Boolean,Theorem6,Square2CnfFormI,TwoSat,,
messidor-bin,6,7,affine,true,true,Affine,Boolean,Theorem5,SingleGf2Equation,Gf2Gaussian,,
messidor-bin,6,7,smart_certified,true,true,SmartCertified,Boolean,Proposition1,PathCompatibleExactRelations,PathCertified,,
messidor-bin,6,7,cals,true,true,SmartCertified,Boolean,Proposition1,PathCompatibleExactRelations,PathCertified,,
messidor-bin,6,7,cals_compact_explain,true,true,SmartCertified,Boolean,Proposition1,PathCompatibleExactRelations,PathCertified,,
messidor-bin,7,5,unary,true,true,Unary,Boolean,UnaryBaseline,UnaryRelation,StructuralHorn,,
messidor-bin,7,5,horn,true,true,Horn,Boolean,Theorem3,StarNestedHorn,StructuralHorn,,
messidor-bin,7,5,antihorn,true,true,AntiHorn,Boolean,Theorem4,StarNestedAntiHorn,StructuralAntiHorn,,
messidor-bin,7,5,square2cnf,true,true,Square2Cnf,Boolean,Theorem6,Square2CnfFormI,TwoSat,,
messidor-bin,7,5,affine,true,true,Affine,Boolean,Theorem5,SingleGf2Equation,Gf2Gaussian,,
messidor-bin,7,5,smart_certified,true,true,SmartCertified,Boolean,Proposition1,PathCompatibleExactRelations,PathCertified,,
messidor-bin,7,5,cals,true,true,SmartCertified,Boolean,Proposition1,PathCompatibleExactRelations,PathCertified,,
messidor-bin,7,5,cals_compact_explain,true,true,SmartCertified,Boolean,Proposition1,PathCompatibleExactRelations,PathCertified,,
messidor-bin,7,7,unary,true,true,Unary,Boolean,UnaryBaseline,UnaryRelation,StructuralHorn,,
messidor-bin,7,7,horn,true,true,Horn,Boolean,Theorem3,StarNestedHorn,StructuralHorn,,
messidor-bin,7,7,antihorn,true,true,AntiHorn,Boolean,Theorem4,StarNestedAntiHorn,StructuralAntiHorn,,
messidor-bin,7,7,square2cnf,true,true,Square2Cnf,Boolean,Theorem6,Square2CnfFormI,TwoSat,,
messidor-bin,7,7,affine,true,true,Affine,Boolean,Theorem5,SingleGf2Equation,Gf2Gaussian,,
messidor-bin,7,7,smart_certified,true,true,SmartCertified,Boolean,Proposition1,PathCompatibleExactRelations,PathCertified,,
messidor-bin,7,7,cals,true,true,SmartCertified,Boolean,Proposition1,PathCompatibleExactRelations,PathCertified,,
messidor-bin,7,7,cals_compact_explain,true,true,SmartCertified,Boolean,Proposition1,PathCompatibleExactRelations,PathCertified,,
messidor-bin,8,5,unary,true,true,Unary,Boolean,UnaryBaseline,UnaryRelation,StructuralHorn,,
messidor-bin,8,5,horn,true,true,Horn,Boolean,Theorem3,StarNestedHorn,StructuralHorn,,
messidor-bin,8,5,antihorn,true,true,AntiHorn,Boolean,Theorem4,StarNestedAntiHorn,StructuralAntiHorn,,
messidor-bin,8,5,square2cnf,true,true,Square2Cnf,Boolean,Theorem6,Square2CnfFormI,TwoSat,,
messidor-bin,8,5,affine,true,true,Affine,Boolean,Theorem5,SingleGf2Equation,Gf2Gaussian,,
messidor-bin,8,5,smart_certified,true,true,SmartCertified,Boolean,Proposition1,PathCompatibleExactRelations,PathCertified,,
messidor-bin,8,5,cals,true,true,SmartCertified,Boolean,Proposition1,PathCompatibleExactRelations,PathCertified,,
messidor-bin,8,5,cals_compact_explain,true,true,SmartCertified,Boolean,Proposition1,PathCompatibleExactRelations,PathCertified,,
messidor-bin,8,7,unary,true,true,Unary,Boolean,UnaryBaseline,UnaryRelation,StructuralHorn,,
messidor-bin,8,7,horn,true,true,Horn,Boolean,Theorem3,StarNestedHorn,StructuralHorn,,
messidor-bin,8,7,antihorn,true,true,AntiHorn,Boolean,Theorem4,StarNestedAntiHorn,StructuralAntiHorn,,
messidor-bin,8,7,square2cnf,true,true,Square2Cnf,Boolean,Theorem6,Square2CnfFormI,TwoSat,,
messidor-bin,8,7,affine,true,true,Affine,Boolean,Theorem5,SingleGf2Equation,Gf2Gaussian,,
messidor-bin,8,7,smart_certified,true,true,SmartCertified,Boolean,Proposition1,PathCompatibleExactRelations,PathCertified,,
messidor-bin,8,7,cals,true,true,SmartCertified,Boolean,Proposition1,PathCompatibleExactRelations,PathCertified,,
messidor-bin,8,7,cals_compact_explain,true,true,SmartCertified,Boolean,Proposition1,PathCompatibleExactRelations,PathCertified,,
messidor-bin,9,5,unary,true,true,Unary,Boolean,UnaryBaseline,UnaryRelation,StructuralHorn,,
messidor-bin,9,5,horn,true,true,Horn,Boolean,Theorem3,StarNestedHorn,StructuralHorn,,
messidor-bin,9,5,antihorn,true,true,AntiHorn,Boolean,Theorem4,StarNestedAntiHorn,StructuralAntiHorn,,
messidor-bin,9,5,square2cnf,true,true,Square2Cnf,Boolean,Theorem6,Square2CnfFormI,TwoSat,,
messidor-bin,9,5,affine,true,true,Affine,Boolean,Theorem5,SingleGf2Equation,Gf2Gaussian,,
messidor-bin,9,5,smart_certified,true,true,SmartCertified,Boolean,Proposition1,PathCompatibleExactRelations,PathCertified,,
messidor-bin,9,5,cals,true,true,SmartCertified,Boolean,Proposition1,PathCompatibleExactRelations,PathCertified,,
messidor-bin,9,5,cals_compact_explain,true,true,SmartCertified,Boolean,Proposition1,PathCompatibleExactRelations,PathCertified,,
messidor-bin,9,7,unary,true,true,Unary,Boolean,UnaryBaseline,UnaryRelation,StructuralHorn,,
messidor-bin,9,7,horn,true,true,Horn,Boolean,Theorem3,StarNestedHorn,StructuralHorn,,
messidor-bin,9,7,antihorn,true,true,AntiHorn,Boolean,Theorem4,StarNestedAntiHorn,StructuralAntiHorn,,
messidor-bin,9,7,square2cnf,true,true,Square2Cnf,Boolean,Theorem6,Square2CnfFormI,TwoSat,,
messidor-bin,9,7,affine,true,true,Affine,Boolean,Theorem5,SingleGf2Equation,Gf2Gaussian,,
messidor-bin,9,7,smart_certified,true,true,SmartCertified,Boolean,Proposition1,PathCompatibleExactRelations,PathCertified,,
messidor-bin,9,7,cals,true,true,SmartCertified,Boolean,Proposition1,PathCompatibleExactRelations,PathCertified,,
messidor-bin,9,7,cals_compact_explain,true,true,SmartCertified,Boolean,Proposition1,PathCompatibleExactRelations,PathCertified,,
mushroom,0,5,unary,true,true,Unary,Boolean,UnaryBaseline,UnaryRelation,StructuralHorn,,
mushroom,0,5,horn,true,true,Horn,Boolean,Theorem3,StarNestedHorn,StructuralHorn,,
mushroom,0,5,antihorn,true,true,AntiHorn,Boolean,Theorem4,StarNestedAntiHorn,StructuralAntiHorn,,
mushroom,0,5,square2cnf,true,true,Square2Cnf,Boolean,Theorem6,Square2CnfFormI,TwoSat,,
mushroom,0,5,affine,true,true,Affine,Boolean,Theorem5,SingleGf2Equation,Gf2Gaussian,,
mushroom,0,5,smart_certified,true,true,SmartCertified,Boolean,Proposition1,PathCompatibleExactRelations,PathCertified,,
mushroom,0,5,cals,true,true,SmartCertified,Boolean,Proposition1,PathCompatibleExactRelations,PathCertified,,
mushroom,0,5,cals_compact_explain,true,true,SmartCertified,Boolean,Proposition1,PathCompatibleExactRelations,PathCertified,,
mushroom,0,7,unary,true,true,Unary,Boolean,UnaryBaseline,UnaryRelation,StructuralHorn,,
mushroom,0,7,horn,true,true,Horn,Boolean,Theorem3,StarNestedHorn,StructuralHorn,,
mushroom,0,7,antihorn,true,true,AntiHorn,Boolean,Theorem4,StarNestedAntiHorn,StructuralAntiHorn,,
mushroom,0,7,square2cnf,true,true,Square2Cnf,Boolean,Theorem6,Square2CnfFormI,TwoSat,,
mushroom,0,7,affine,true,true,Affine,Boolean,Theorem5,SingleGf2Equation,Gf2Gaussian,,
mushroom,0,7,smart_certified,true,true,SmartCertified,Boolean,Proposition1,PathCompatibleExactRelations,PathCertified,,
mushroom,0,7,cals,true,true,SmartCertified,Boolean,Proposition1,PathCompatibleExactRelations,PathCertified,,
mushroom,0,7,cals_compact_explain,true,true,SmartCertified,Boolean,Proposition1,PathCompatibleExactRelations,PathCertified,,
mushroom,1,5,unary,true,true,Unary,Boolean,UnaryBaseline,UnaryRelation,StructuralHorn,,
mushroom,1,5,horn,true,true,Horn,Boolean,Theorem3,StarNestedHorn,StructuralHorn,,
mushroom,1,5,antihorn,true,true,AntiHorn,Boolean,Theorem4,StarNestedAntiHorn,StructuralAntiHorn,,
mushroom,1,5,square2cnf,true,true,Square2Cnf,Boolean,Theorem6,Square2CnfFormI,TwoSat,,
mushroom,1,5,affine,true,true,Affine,Boolean,Theorem5,SingleGf2Equation,Gf2Gaussian,,
mushroom,1,5,smart_certified,true,true,SmartCertified,Boolean,Proposition1,PathCompatibleExactRelations,PathCertified,,
mushroom,1,5,cals,true,true,SmartCertified,Boolean,Proposition1,PathCompatibleExactRelations,PathCertified,,
mushroom,1,5,cals_compact_explain,true,true,SmartCertified,Boolean,Proposition1,PathCompatibleExactRelations,PathCertified,,
mushroom,1,7,unary,true,true,Unary,Boolean,UnaryBaseline,UnaryRelation,StructuralHorn,,
mushroom,1,7,horn,true,true,Horn,Boolean,Theorem3,StarNestedHorn,StructuralHorn,,
mushroom,1,7,antihorn,true,true,AntiHorn,Boolean,Theorem4,StarNestedAntiHorn,StructuralAntiHorn,,
mushroom,1,7,square2cnf,true,true,Square2Cnf,Boolean,Theorem6,Square2CnfFormI,TwoSat,,
mushroom,1,7,affine,true,true,Affine,Boolean,Theorem5,SingleGf2Equation,Gf2Gaussian,,
mushroom,1,7,smart_certified,true,true,SmartCertified,Boolean,Proposition1,PathCompatibleExactRelations,PathCertified,,
mushroom,1,7,cals,true,true,SmartCertified,Boolean,Proposition1,PathCompatibleExactRelations,PathCertified,,
mushroom,1,7,cals_compact_explain,true,true,SmartCertified,Boolean,Proposition1,PathCompatibleExactRelations,PathCertified,,
mushroom,2,5,unary,true,true,Unary,Boolean,UnaryBaseline,UnaryRelation,StructuralHorn,,
mushroom,2,5,horn,true,true,Horn,Boolean,Theorem3,StarNestedHorn,StructuralHorn,,
mushroom,2,5,antihorn,true,true,AntiHorn,Boolean,Theorem4,StarNestedAntiHorn,StructuralAntiHorn,,
mushroom,2,5,square2cnf,true,true,Square2Cnf,Boolean,Theorem6,Square2CnfFormI,TwoSat,,
mushroom,2,5,affine,true,true,Affine,Boolean,Theorem5,SingleGf2Equation,Gf2Gaussian,,
mushroom,2,5,smart_certified,true,true,SmartCertified,Boolean,Proposition1,PathCompatibleExactRelations,PathCertified,,
mushroom,2,5,cals,true,true,SmartCertified,Boolean,Proposition1,PathCompatibleExactRelations,PathCertified,,
mushroom,2,5,cals_compact_explain,true,true,SmartCertified,Boolean,Proposition1,PathCompatibleExactRelations,PathCertified,,
mushroom,2,7,unary,true,true,Unary,Boolean,UnaryBaseline,UnaryRelation,StructuralHorn,,
mushroom,2,7,horn,true,true,Horn,Boolean,Theorem3,StarNestedHorn,StructuralHorn,,
mushroom,2,7,antihorn,true,true,AntiHorn,Boolean,Theorem4,StarNestedAntiHorn,StructuralAntiHorn,,
mushroom,2,7,square2cnf,true,true,Square2Cnf,Boolean,Theorem6,Square2CnfFormI,TwoSat,,
mushroom,2,7,affine,true,true,Affine,Boolean,Theorem5,SingleGf2Equation,Gf2Gaussian,,
mushroom,2,7,smart_certified,true,true,SmartCertified,Boolean,Proposition1,PathCompatibleExactRelations,PathCertified,,
mushroom,2,7,cals,true,true,SmartCertified,Boolean,Proposition1,PathCompatibleExactRelations,PathCertified,,
mushroom,2,7,cals_compact_explain,true,true,SmartCertified,Boolean,Proposition1,PathCompatibleExactRelations,PathCertified,,
mushroom,3,5,unary,true,true,Unary,Boolean,UnaryBaseline,UnaryRelation,StructuralHorn,,
mushroom,3,5,horn,true,true,Horn,Boolean,Theorem3,StarNestedHorn,StructuralHorn,,
mushroom,3,5,antihorn,true,true,AntiHorn,Boolean,Theorem4,StarNestedAntiHorn,StructuralAntiHorn,,
mushroom,3,5,square2cnf,true,true,Square2Cnf,Boolean,Theorem6,Square2CnfFormI,TwoSat,,
mushroom,3,5,affine,true,true,Affine,Boolean,Theorem5,SingleGf2Equation,Gf2Gaussian,,
mushroom,3,5,smart_certified,true,true,SmartCertified,Boolean,Proposition1,PathCompatibleExactRelations,PathCertified,,
mushroom,3,5,cals,true,true,SmartCertified,Boolean,Proposition1,PathCompatibleExactRelations,PathCertified,,
mushroom,3,5,cals_compact_explain,true,true,SmartCertified,Boolean,Proposition1,PathCompatibleExactRelations,PathCertified,,
mushroom,3,7,unary,true,true,Unary,Boolean,UnaryBaseline,UnaryRelation,StructuralHorn,,
mushroom,3,7,horn,true,true,Horn,Boolean,Theorem3,StarNestedHorn,StructuralHorn,,
mushroom,3,7,antihorn,true,true,AntiHorn,Boolean,Theorem4,StarNestedAntiHorn,StructuralAntiHorn,,
mushroom,3,7,square2cnf,true,true,Square2Cnf,Boolean,Theorem6,Square2CnfFormI,TwoSat,,
mushroom,3,7,affine,true,true,Affine,Boolean,Theorem5,SingleGf2Equation,Gf2Gaussian,,
mushroom,3,7,smart_certified,true,true,SmartCertified,Boolean,Proposition1,PathCompatibleExactRelations,PathCertified,,
mushroom,3,7,cals,true,true,SmartCertified,Boolean,Proposition1,PathCompatibleExactRelations,PathCertified,,
mushroom,3,7,cals_compact_explain,true,true,SmartCertified,Boolean,Proposition1,PathCompatibleExactRelations,PathCertified,,
mushroom,4,5,unary,true,true,Unary,Boolean,UnaryBaseline,UnaryRelation,StructuralHorn,,
mushroom,4,5,horn,true,true,Horn,Boolean,Theorem3,StarNestedHorn,StructuralHorn,,
mushroom,4,5,antihorn,true,true,AntiHorn,Boolean,Theorem4,StarNestedAntiHorn,StructuralAntiHorn,,
mushroom,4,5,square2cnf,true,true,Square2Cnf,Boolean,Theorem6,Square2CnfFormI,TwoSat,,
mushroom,4,5,affine,true,true,Affine,Boolean,Theorem5,SingleGf2Equation,Gf2Gaussian,,
mushroom,4,5,smart_certified,true,true,SmartCertified,Boolean,Proposition1,PathCompatibleExactRelations,PathCertified,,
mushroom,4,5,cals,true,true,SmartCertified,Boolean,Proposition1,PathCompatibleExactRelations,PathCertified,,
mushroom,4,5,cals_compact_explain,true,true,SmartCertified,Boolean,Proposition1,PathCompatibleExactRelations,PathCertified,,
mushroom,4,7,unary,true,true,Unary,Boolean,UnaryBaseline,UnaryRelation,StructuralHorn,,
mushroom,4,7,horn,true,true,Horn,Boolean,Theorem3,StarNestedHorn,StructuralHorn,,
mushroom,4,7,antihorn,true,true,AntiHorn,Boolean,Theorem4,StarNestedAntiHorn,StructuralAntiHorn,,
mushroom,4,7,square2cnf,true,true,Square2Cnf,Boolean,Theorem6,Square2CnfFormI,TwoSat,,
mushroom,4,7,affine,true,true,Affine,Boolean,Theorem5,SingleGf2Equation,Gf2Gaussian,,
mushroom,4,7,smart_certified,true,true,SmartCertified,Boolean,Proposition1,PathCompatibleExactRelations,PathCertified,,
mushroom,4,7,cals,true,true,SmartCertified,Boolean,Proposition1,PathCompatibleExactRelations,PathCertified,,
mushroom,4,7,cals_compact_explain,true,true,SmartCertified,Boolean,Proposition1,PathCompatibleExactRelations,PathCertified,,
mushroom,5,5,unary,true,true,Unary,Boolean,UnaryBaseline,UnaryRelation,StructuralHorn,,
mushroom,5,5,horn,true,true,Horn,Boolean,Theorem3,StarNestedHorn,StructuralHorn,,
mushroom,5,5,antihorn,true,true,AntiHorn,Boolean,Theorem4,StarNestedAntiHorn,StructuralAntiHorn,,
mushroom,5,5,square2cnf,true,true,Square2Cnf,Boolean,Theorem6,Square2CnfFormI,TwoSat,,
mushroom,5,5,affine,true,true,Affine,Boolean,Theorem5,SingleGf2Equation,Gf2Gaussian,,
mushroom,5,5,smart_certified,true,true,SmartCertified,Boolean,Proposition1,PathCompatibleExactRelations,PathCertified,,
mushroom,5,5,cals,true,true,SmartCertified,Boolean,Proposition1,PathCompatibleExactRelations,PathCertified,,
mushroom,5,5,cals_compact_explain,true,true,SmartCertified,Boolean,Proposition1,PathCompatibleExactRelations,PathCertified,,
mushroom,5,7,unary,true,true,Unary,Boolean,UnaryBaseline,UnaryRelation,StructuralHorn,,
mushroom,5,7,horn,true,true,Horn,Boolean,Theorem3,StarNestedHorn,StructuralHorn,,
mushroom,5,7,antihorn,true,true,AntiHorn,Boolean,Theorem4,StarNestedAntiHorn,StructuralAntiHorn,,
mushroom,5,7,square2cnf,true,true,Square2Cnf,Boolean,Theorem6,Square2CnfFormI,TwoSat,,
mushroom,5,7,affine,true,true,Affine,Boolean,Theorem5,SingleGf2Equation,Gf2Gaussian,,
mushroom,5,7,smart_certified,true,true,SmartCertified,Boolean,Proposition1,PathCompatibleExactRelations,PathCertified,,
mushroom,5,7,cals,true,true,SmartCertified,Boolean,Proposition1,PathCompatibleExactRelations,PathCertified,,
mushroom,5,7,cals_compact_explain,true,true,SmartCertified,Boolean,Proposition1,PathCompatibleExactRelations,PathCertified,,
mushroom,6,5,unary,true,true,Unary,Boolean,UnaryBaseline,UnaryRelation,StructuralHorn,,
mushroom,6,5,horn,true,true,Horn,Boolean,Theorem3,StarNestedHorn,StructuralHorn,,
mushroom,6,5,antihorn,true,true,AntiHorn,Boolean,Theorem4,StarNestedAntiHorn,StructuralAntiHorn,,
mushroom,6,5,square2cnf,true,true,Square2Cnf,Boolean,Theorem6,Square2CnfFormI,TwoSat,,
mushroom,6,5,affine,true,true,Affine,Boolean,Theorem5,SingleGf2Equation,Gf2Gaussian,,
mushroom,6,5,smart_certified,true,true,SmartCertified,Boolean,Proposition1,PathCompatibleExactRelations,PathCertified,,
mushroom,6,5,cals,true,true,SmartCertified,Boolean,Proposition1,PathCompatibleExactRelations,PathCertified,,
mushroom,6,5,cals_compact_explain,true,true,SmartCertified,Boolean,Proposition1,PathCompatibleExactRelations,PathCertified,,
mushroom,6,7,unary,true,true,Unary,Boolean,UnaryBaseline,UnaryRelation,StructuralHorn,,
mushroom,6,7,horn,true,true,Horn,Boolean,Theorem3,StarNestedHorn,StructuralHorn,,
mushroom,6,7,antihorn,true,true,AntiHorn,Boolean,Theorem4,StarNestedAntiHorn,StructuralAntiHorn,,
mushroom,6,7,square2cnf,true,true,Square2Cnf,Boolean,Theorem6,Square2CnfFormI,TwoSat,,
mushroom,6,7,affine,true,true,Affine,Boolean,Theorem5,SingleGf2Equation,Gf2Gaussian,,
mushroom,6,7,smart_certified,true,true,SmartCertified,Boolean,Proposition1,PathCompatibleExactRelations,PathCertified,,
mushroom,6,7,cals,true,true,SmartCertified,Boolean,Proposition1,PathCompatibleExactRelations,PathCertified,,
mushroom,6,7,cals_compact_explain,true,true,SmartCertified,Boolean,Proposition1,PathCompatibleExactRelations,PathCertified,,
mushroom,7,5,unary,true,true,Unary,Boolean,UnaryBaseline,UnaryRelation,StructuralHorn,,
mushroom,7,5,horn,true,true,Horn,Boolean,Theorem3,StarNestedHorn,StructuralHorn,,
mushroom,7,5,antihorn,true,true,AntiHorn,Boolean,Theorem4,StarNestedAntiHorn,StructuralAntiHorn,,
mushroom,7,5,square2cnf,true,true,Square2Cnf,Boolean,Theorem6,Square2CnfFormI,TwoSat,,
mushroom,7,5,affine,true,true,Affine,Boolean,Theorem5,SingleGf2Equation,Gf2Gaussian,,
mushroom,7,5,smart_certified,true,true,SmartCertified,Boolean,Proposition1,PathCompatibleExactRelations,PathCertified,,
mushroom,7,5,cals,true,true,SmartCertified,Boolean,Proposition1,PathCompatibleExactRelations,PathCertified,,
mushroom,7,5,cals_compact_explain,true,true,SmartCertified,Boolean,Proposition1,PathCompatibleExactRelations,PathCertified,,
mushroom,7,7,unary,true,true,Unary,Boolean,UnaryBaseline,UnaryRelation,StructuralHorn,,
mushroom,7,7,horn,true,true,Horn,Boolean,Theorem3,StarNestedHorn,StructuralHorn,,
mushroom,7,7,antihorn,true,true,AntiHorn,Boolean,Theorem4,StarNestedAntiHorn,StructuralAntiHorn,,
mushroom,7,7,square2cnf,true,true,Square2Cnf,Boolean,Theorem6,Square2CnfFormI,TwoSat,,
mushroom,7,7,affine,true,true,Affine,Boolean,Theorem5,SingleGf2Equation,Gf2Gaussian,,
mushroom,7,7,smart_certified,true,true,SmartCertified,Boolean,Proposition1,PathCompatibleExactRelations,PathCertified,,
mushroom,7,7,cals,true,true,SmartCertified,Boolean,Proposition1,PathCompatibleExactRelations,PathCertified,,
mushroom,7,7,cals_compact_explain,true,true,SmartCertified,Boolean,Proposition1,PathCompatibleExactRelations,PathCertified,,
mushroom,8,5,unary,true,true,Unary,Boolean,UnaryBaseline,UnaryRelation,StructuralHorn,,
mushroom,8,5,horn,true,true,Horn,Boolean,Theorem3,StarNestedHorn,StructuralHorn,,
mushroom,8,5,antihorn,true,true,AntiHorn,Boolean,Theorem4,StarNestedAntiHorn,StructuralAntiHorn,,
mushroom,8,5,square2cnf,true,true,Square2Cnf,Boolean,Theorem6,Square2CnfFormI,TwoSat,,
mushroom,8,5,affine,true,true,Affine,Boolean,Theorem5,SingleGf2Equation,Gf2Gaussian,,
mushroom,8,5,smart_certified,true,true,SmartCertified,Boolean,Proposition1,PathCompatibleExactRelations,PathCertified,,
mushroom,8,5,cals,true,true,SmartCertified,Boolean,Proposition1,PathCompatibleExactRelations,PathCertified,,
mushroom,8,5,cals_compact_explain,true,true,SmartCertified,Boolean,Proposition1,PathCompatibleExactRelations,PathCertified,,
mushroom,8,7,unary,true,true,Unary,Boolean,UnaryBaseline,UnaryRelation,StructuralHorn,,
mushroom,8,7,horn,true,true,Horn,Boolean,Theorem3,StarNestedHorn,StructuralHorn,,
mushroom,8,7,antihorn,true,true,AntiHorn,Boolean,Theorem4,StarNestedAntiHorn,StructuralAntiHorn,,
mushroom,8,7,square2cnf,true,true,Square2Cnf,Boolean,Theorem6,Square2CnfFormI,TwoSat,,
mushroom,8,7,affine,true,true,Affine,Boolean,Theorem5,SingleGf2Equation,Gf2Gaussian,,
mushroom,8,7,smart_certified,true,true,SmartCertified,Boolean,Proposition1,PathCompatibleExactRelations,PathCertified,,
mushroom,8,7,cals,true,true,SmartCertified,Boolean,Proposition1,PathCompatibleExactRelations,PathCertified,,
mushroom,8,7,cals_compact_explain,true,true,SmartCertified,Boolean,Proposition1,PathCompatibleExactRelations,PathCertified,,
mushroom,9,5,unary,true,true,Unary,Boolean,UnaryBaseline,UnaryRelation,StructuralHorn,,
mushroom,9,5,horn,true,true,Horn,Boolean,Theorem3,StarNestedHorn,StructuralHorn,,
mushroom,9,5,antihorn,true,true,AntiHorn,Boolean,Theorem4,StarNestedAntiHorn,StructuralAntiHorn,,
mushroom,9,5,square2cnf,true,true,Square2Cnf,Boolean,Theorem6,Square2CnfFormI,TwoSat,,
mushroom,9,5,affine,true,true,Affine,Boolean,Theorem5,SingleGf2Equation,Gf2Gaussian,,
mushroom,9,5,smart_certified,true,true,SmartCertified,Boolean,Proposition1,PathCompatibleExactRelations,PathCertified,,
mushroom,9,5,cals,true,true,SmartCertified,Boolean,Proposition1,PathCompatibleExactRelations,PathCertified,,
mushroom,9,5,cals_compact_explain,true,true,SmartCertified,Boolean,Proposition1,PathCompatibleExactRelations,PathCertified,,
mushroom,9,7,unary,true,true,Unary,Boolean,UnaryBaseline,UnaryRelation,StructuralHorn,,
mushroom,9,7,horn,true,true,Horn,Boolean,Theorem3,StarNestedHorn,StructuralHorn,,
mushroom,9,7,antihorn,true,true,AntiHorn,Boolean,Theorem4,StarNestedAntiHorn,StructuralAntiHorn,,
mushroom,9,7,square2cnf,true,true,Square2Cnf,Boolean,Theorem6,Square2CnfFormI,TwoSat,,
mushroom,9,7,affine,true,true,Affine,Boolean,Theorem5,SingleGf2Equation,Gf2Gaussian,,
mushroom,9,7,smart_certified,true,true,SmartCertified,Boolean,Proposition1,PathCompatibleExactRelations,PathCertified,,
mushroom,9,7,cals,true,true,SmartCertified,Boolean,Proposition1,PathCompatibleExactRelations,PathCertified,,
mushroom,9,7,cals_compact_explain,true,true,SmartCertified,Boolean,Proposition1,PathCompatibleExactRelations,PathCertified,,
pendigits,0,5,unary,true,true,Unary,Boolean,UnaryBaseline,UnaryRelation,StructuralHorn,,
pendigits,0,5,horn,true,true,Horn,Boolean,Theorem3,StarNestedHorn,StructuralHorn,,
pendigits,0,5,antihorn,true,true,AntiHorn,Boolean,Theorem4,StarNestedAntiHorn,StructuralAntiHorn,,
pendigits,0,5,square2cnf,true,true,Square2Cnf,Boolean,Theorem6,Square2CnfFormI,TwoSat,,
pendigits,0,5,affine,true,true,Affine,Boolean,Theorem5,SingleGf2Equation,Gf2Gaussian,,
pendigits,0,5,smart_certified,true,true,SmartCertified,Boolean,Proposition1,PathCompatibleExactRelations,PathCertified,,
pendigits,0,5,cals,true,true,SmartCertified,Boolean,Proposition1,PathCompatibleExactRelations,PathCertified,,
pendigits,0,5,cals_compact_explain,true,true,SmartCertified,Boolean,Proposition1,PathCompatibleExactRelations,PathCertified,,
pendigits,0,7,unary,true,true,Unary,Boolean,UnaryBaseline,UnaryRelation,StructuralHorn,,
pendigits,0,7,horn,true,true,Horn,Boolean,Theorem3,StarNestedHorn,StructuralHorn,,
pendigits,0,7,antihorn,true,true,AntiHorn,Boolean,Theorem4,StarNestedAntiHorn,StructuralAntiHorn,,
pendigits,0,7,square2cnf,true,true,Square2Cnf,Boolean,Theorem6,Square2CnfFormI,TwoSat,,
pendigits,0,7,affine,true,true,Affine,Boolean,Theorem5,SingleGf2Equation,Gf2Gaussian,,
pendigits,0,7,smart_certified,true,true,SmartCertified,Boolean,Proposition1,PathCompatibleExactRelations,PathCertified,,
pendigits,0,7,cals,true,true,SmartCertified,Boolean,Proposition1,PathCompatibleExactRelations,PathCertified,,
pendigits,0,7,cals_compact_explain,true,true,SmartCertified,Boolean,Proposition1,PathCompatibleExactRelations,PathCertified,,
pendigits,1,5,unary,true,true,Unary,Boolean,UnaryBaseline,UnaryRelation,StructuralHorn,,
pendigits,1,5,horn,true,true,Horn,Boolean,Theorem3,StarNestedHorn,StructuralHorn,,
pendigits,1,5,antihorn,true,true,AntiHorn,Boolean,Theorem4,StarNestedAntiHorn,StructuralAntiHorn,,
pendigits,1,5,square2cnf,true,true,Square2Cnf,Boolean,Theorem6,Square2CnfFormI,TwoSat,,
pendigits,1,5,affine,true,true,Affine,Boolean,Theorem5,SingleGf2Equation,Gf2Gaussian,,
pendigits,1,5,smart_certified,true,true,SmartCertified,Boolean,Proposition1,PathCompatibleExactRelations,PathCertified,,
pendigits,1,5,cals,true,true,SmartCertified,Boolean,Proposition1,PathCompatibleExactRelations,PathCertified,,
pendigits,1,5,cals_compact_explain,true,true,SmartCertified,Boolean,Proposition1,PathCompatibleExactRelations,PathCertified,,
pendigits,1,7,unary,true,true,Unary,Boolean,UnaryBaseline,UnaryRelation,StructuralHorn,,
pendigits,1,7,horn,true,true,Horn,Boolean,Theorem3,StarNestedHorn,StructuralHorn,,
pendigits,1,7,antihorn,true,true,AntiHorn,Boolean,Theorem4,StarNestedAntiHorn,StructuralAntiHorn,,
pendigits,1,7,square2cnf,true,true,Square2Cnf,Boolean,Theorem6,Square2CnfFormI,TwoSat,,
pendigits,1,7,affine,true,true,Affine,Boolean,Theorem5,SingleGf2Equation,Gf2Gaussian,,
pendigits,1,7,smart_certified,true,true,SmartCertified,Boolean,Proposition1,PathCompatibleExactRelations,PathCertified,,
pendigits,1,7,cals,true,true,SmartCertified,Boolean,Proposition1,PathCompatibleExactRelations,PathCertified,,
pendigits,1,7,cals_compact_explain,true,true,SmartCertified,Boolean,Proposition1,PathCompatibleExactRelations,PathCertified,,
pendigits,2,5,unary,true,true,Unary,Boolean,UnaryBaseline,UnaryRelation,StructuralHorn,,
pendigits,2,5,horn,true,true,Horn,Boolean,Theorem3,StarNestedHorn,StructuralHorn,,
pendigits,2,5,antihorn,true,true,AntiHorn,Boolean,Theorem4,StarNestedAntiHorn,StructuralAntiHorn,,
pendigits,2,5,square2cnf,true,true,Square2Cnf,Boolean,Theorem6,Square2CnfFormI,TwoSat,,
pendigits,2,5,affine,true,true,Affine,Boolean,Theorem5,SingleGf2Equation,Gf2Gaussian,,
pendigits,2,5,smart_certified,true,true,SmartCertified,Boolean,Proposition1,PathCompatibleExactRelations,PathCertified,,
pendigits,2,5,cals,true,true,SmartCertified,Boolean,Proposition1,PathCompatibleExactRelations,PathCertified,,
pendigits,2,5,cals_compact_explain,true,true,SmartCertified,Boolean,Proposition1,PathCompatibleExactRelations,PathCertified,,
pendigits,2,7,unary,true,true,Unary,Boolean,UnaryBaseline,UnaryRelation,StructuralHorn,,
pendigits,2,7,horn,true,true,Horn,Boolean,Theorem3,StarNestedHorn,StructuralHorn,,
pendigits,2,7,antihorn,true,true,AntiHorn,Boolean,Theorem4,StarNestedAntiHorn,StructuralAntiHorn,,
pendigits,2,7,square2cnf,true,true,Square2Cnf,Boolean,Theorem6,Square2CnfFormI,TwoSat,,
pendigits,2,7,affine,true,true,Affine,Boolean,Theorem5,SingleGf2Equation,Gf2Gaussian,,
pendigits,2,7,smart_certified,true,true,SmartCertified,Boolean,Proposition1,PathCompatibleExactRelations,PathCertified,,
pendigits,2,7,cals,true,true,SmartCertified,Boolean,Proposition1,PathCompatibleExactRelations,PathCertified,,
pendigits,2,7,cals_compact_explain,true,true,SmartCertified,Boolean,Proposition1,PathCompatibleExactRelations,PathCertified,,
pendigits,3,5,unary,true,true,Unary,Boolean,UnaryBaseline,UnaryRelation,StructuralHorn,,
pendigits,3,5,horn,true,true,Horn,Boolean,Theorem3,StarNestedHorn,StructuralHorn,,
pendigits,3,5,antihorn,true,true,AntiHorn,Boolean,Theorem4,StarNestedAntiHorn,StructuralAntiHorn,,
pendigits,3,5,square2cnf,true,true,Square2Cnf,Boolean,Theorem6,Square2CnfFormI,TwoSat,,
pendigits,3,5,affine,true,true,Affine,Boolean,Theorem5,SingleGf2Equation,Gf2Gaussian,,
pendigits,3,5,smart_certified,true,true,SmartCertified,Boolean,Proposition1,PathCompatibleExactRelations,PathCertified,,
pendigits,3,5,cals,true,true,SmartCertified,Boolean,Proposition1,PathCompatibleExactRelations,PathCertified,,
pendigits,3,5,cals_compact_explain,true,true,SmartCertified,Boolean,Proposition1,PathCompatibleExactRelations,PathCertified,,
pendigits,3,7,unary,true,true,Unary,Boolean,UnaryBaseline,UnaryRelation,StructuralHorn,,
pendigits,3,7,horn,true,true,Horn,Boolean,Theorem3,StarNestedHorn,StructuralHorn,,
pendigits,3,7,antihorn,true,true,AntiHorn,Boolean,Theorem4,StarNestedAntiHorn,StructuralAntiHorn,,
pendigits,3,7,square2cnf,true,true,Square2Cnf,Boolean,Theorem6,Square2CnfFormI,TwoSat,,
pendigits,3,7,affine,true,true,Affine,Boolean,Theorem5,SingleGf2Equation,Gf2Gaussian,,
pendigits,3,7,smart_certified,true,true,SmartCertified,Boolean,Proposition1,PathCompatibleExactRelations,PathCertified,,
pendigits,3,7,cals,true,true,SmartCertified,Boolean,Proposition1,PathCompatibleExactRelations,PathCertified,,
pendigits,3,7,cals_compact_explain,true,true,SmartCertified,Boolean,Proposition1,PathCompatibleExactRelations,PathCertified,,
pendigits,4,5,unary,true,true,Unary,Boolean,UnaryBaseline,UnaryRelation,StructuralHorn,,
pendigits,4,5,horn,true,true,Horn,Boolean,Theorem3,StarNestedHorn,StructuralHorn,,
pendigits,4,5,antihorn,true,true,AntiHorn,Boolean,Theorem4,StarNestedAntiHorn,StructuralAntiHorn,,
pendigits,4,5,square2cnf,true,true,Square2Cnf,Boolean,Theorem6,Square2CnfFormI,TwoSat,,
pendigits,4,5,affine,true,true,Affine,Boolean,Theorem5,SingleGf2Equation,Gf2Gaussian,,
pendigits,4,5,smart_certified,true,true,SmartCertified,Boolean,Proposition1,PathCompatibleExactRelations,PathCertified,,
pendigits,4,5,cals,true,true,SmartCertified,Boolean,Proposition1,PathCompatibleExactRelations,PathCertified,,
pendigits,4,5,cals_compact_explain,true,true,SmartCertified,Boolean,Proposition1,PathCompatibleExactRelations,PathCertified,,
pendigits,4,7,unary,true,true,Unary,Boolean,UnaryBaseline,UnaryRelation,StructuralHorn,,
pendigits,4,7,horn,true,true,Horn,Boolean,Theorem3,StarNestedHorn,StructuralHorn,,
pendigits,4,7,antihorn,true,true,AntiHorn,Boolean,Theorem4,StarNestedAntiHorn,StructuralAntiHorn,,
pendigits,4,7,square2cnf,true,true,Square2Cnf,Boolean,Theorem6,Square2CnfFormI,TwoSat,,
pendigits,4,7,affine,true,true,Affine,Boolean,Theorem5,SingleGf2Equation,Gf2Gaussian,,
pendigits,4,7,smart_certified,true,true,SmartCertified,Boolean,Proposition1,PathCompatibleExactRelations,PathCertified,,
pendigits,4,7,cals,true,true,SmartCertified,Boolean,Proposition1,PathCompatibleExactRelations,PathCertified,,
pendigits,4,7,cals_compact_explain,true,true,SmartCertified,Boolean,Proposition1,PathCompatibleExactRelations,PathCertified,,
pendigits,5,5,unary,true,true,Unary,Boolean,UnaryBaseline,UnaryRelation,StructuralHorn,,
pendigits,5,5,horn,true,true,Horn,Boolean,Theorem3,StarNestedHorn,StructuralHorn,,
pendigits,5,5,antihorn,true,true,AntiHorn,Boolean,Theorem4,StarNestedAntiHorn,StructuralAntiHorn,,
pendigits,5,5,square2cnf,true,true,Square2Cnf,Boolean,Theorem6,Square2CnfFormI,TwoSat,,
pendigits,5,5,affine,true,true,Affine,Boolean,Theorem5,SingleGf2Equation,Gf2Gaussian,,
pendigits,5,5,smart_certified,true,true,SmartCertified,Boolean,Proposition1,PathCompatibleExactRelations,PathCertified,,
pendigits,5,5,cals,true,true,SmartCertified,Boolean,Proposition1,PathCompatibleExactRelations,PathCertified,,
pendigits,5,5,cals_compact_explain,true,true,SmartCertified,Boolean,Proposition1,PathCompatibleExactRelations,PathCertified,,
pendigits,5,7,unary,true,true,Unary,Boolean,UnaryBaseline,UnaryRelation,StructuralHorn,,
pendigits,5,7,horn,true,true,Horn,Boolean,Theorem3,StarNestedHorn,StructuralHorn,,
pendigits,5,7,antihorn,true,true,AntiHorn,Boolean,Theorem4,StarNestedAntiHorn,StructuralAntiHorn,,
pendigits,5,7,square2cnf,true,true,Square2Cnf,Boolean,Theorem6,Square2CnfFormI,TwoSat,,
pendigits,5,7,affine,true,true,Affine,Boolean,Theorem5,SingleGf2Equation,Gf2Gaussian,,
pendigits,5,7,smart_certified,true,true,SmartCertified,Boolean,Proposition1,PathCompatibleExactRelations,PathCertified,,
pendigits,5,7,cals,true,true,SmartCertified,Boolean,Proposition1,PathCompatibleExactRelations,PathCertified,,
pendigits,5,7,cals_compact_explain,true,true,SmartCertified,Boolean,Proposition1,PathCompatibleExactRelations,PathCertified,,
pendigits,6,5,unary,true,true,Unary,Boolean,UnaryBaseline,UnaryRelation,StructuralHorn,,
pendigits,6,5,horn,true,true,Horn,Boolean,Theorem3,StarNestedHorn,StructuralHorn,,
pendigits,6,5,antihorn,true,true,AntiHorn,Boolean,Theorem4,StarNestedAntiHorn,StructuralAntiHorn,,
pendigits,6,5,square2cnf,true,true,Square2Cnf,Boolean,Theorem6,Square2CnfFormI,TwoSat,,
pendigits,6,5,affine,true,true,Affine,Boolean,Theorem5,SingleGf2Equation,Gf2Gaussian,,
pendigits,6,5,smart_certified,true,true,SmartCertified,Boolean,Proposition1,PathCompatibleExactRelations,PathCertified,,
pendigits,6,5,cals,true,true,SmartCertified,Boolean,Proposition1,PathCompatibleExactRelations,PathCertified,,
pendigits,6,5,cals_compact_explain,true,true,SmartCertified,Boolean,Proposition1,PathCompatibleExactRelations,PathCertified,,
pendigits,6,7,unary,true,true,Unary,Boolean,UnaryBaseline,UnaryRelation,StructuralHorn,,
pendigits,6,7,horn,true,true,Horn,Boolean,Theorem3,StarNestedHorn,StructuralHorn,,
pendigits,6,7,antihorn,true,true,AntiHorn,Boolean,Theorem4,StarNestedAntiHorn,StructuralAntiHorn,,
pendigits,6,7,square2cnf,true,true,Square2Cnf,Boolean,Theorem6,Square2CnfFormI,TwoSat,,
pendigits,6,7,affine,true,true,Affine,Boolean,Theorem5,SingleGf2Equation,Gf2Gaussian,,
pendigits,6,7,smart_certified,true,true,SmartCertified,Boolean,Proposition1,PathCompatibleExactRelations,PathCertified,,
pendigits,6,7,cals,true,true,SmartCertified,Boolean,Proposition1,PathCompatibleExactRelations,PathCertified,,
pendigits,6,7,cals_compact_explain,true,true,SmartCertified,Boolean,Proposition1,PathCompatibleExactRelations,PathCertified,,
pendigits,7,5,unary,true,true,Unary,Boolean,UnaryBaseline,UnaryRelation,StructuralHorn,,
pendigits,7,5,horn,true,true,Horn,Boolean,Theorem3,StarNestedHorn,StructuralHorn,,
pendigits,7,5,antihorn,true,true,AntiHorn,Boolean,Theorem4,StarNestedAntiHorn,StructuralAntiHorn,,
pendigits,7,5,square2cnf,true,true,Square2Cnf,Boolean,Theorem6,Square2CnfFormI,TwoSat,,
pendigits,7,5,affine,true,true,Affine,Boolean,Theorem5,SingleGf2Equation,Gf2Gaussian,,
pendigits,7,5,smart_certified,true,true,SmartCertified,Boolean,Proposition1,PathCompatibleExactRelations,PathCertified,,
pendigits,7,5,cals,true,true,SmartCertified,Boolean,Proposition1,PathCompatibleExactRelations,PathCertified,,
pendigits,7,5,cals_compact_explain,true,true,SmartCertified,Boolean,Proposition1,PathCompatibleExactRelations,PathCertified,,
pendigits,7,7,unary,true,true,Unary,Boolean,UnaryBaseline,UnaryRelation,StructuralHorn,,
pendigits,7,7,horn,true,true,Horn,Boolean,Theorem3,StarNestedHorn,StructuralHorn,,
pendigits,7,7,antihorn,true,true,AntiHorn,Boolean,Theorem4,StarNestedAntiHorn,StructuralAntiHorn,,
pendigits,7,7,square2cnf,true,true,Square2Cnf,Boolean,Theorem6,Square2CnfFormI,TwoSat,,
pendigits,7,7,affine,true,true,Affine,Boolean,Theorem5,SingleGf2Equation,Gf2Gaussian,,
pendigits,7,7,smart_certified,true,true,SmartCertified,Boolean,Proposition1,PathCompatibleExactRelations,PathCertified,,
pendigits,7,7,cals,true,true,SmartCertified,Boolean,Proposition1,PathCompatibleExactRelations,PathCertified,,
pendigits,7,7,cals_compact_explain,true,true,SmartCertified,Boolean,Proposition1,PathCompatibleExactRelations,PathCertified,,
pendigits,8,5,unary,true,true,Unary,Boolean,UnaryBaseline,UnaryRelation,StructuralHorn,,
pendigits,8,5,horn,true,true,Horn,Boolean,Theorem3,StarNestedHorn,StructuralHorn,,
pendigits,8,5,antihorn,true,true,AntiHorn,Boolean,Theorem4,StarNestedAntiHorn,StructuralAntiHorn,,
pendigits,8,5,square2cnf,true,true,Square2Cnf,Boolean,Theorem6,Square2CnfFormI,TwoSat,,
pendigits,8,5,affine,true,true,Affine,Boolean,Theorem5,SingleGf2Equation,Gf2Gaussian,,
pendigits,8,5,smart_certified,true,true,SmartCertified,Boolean,Proposition1,PathCompatibleExactRelations,PathCertified,,
pendigits,8,5,cals,true,true,SmartCertified,Boolean,Proposition1,PathCompatibleExactRelations,PathCertified,,
pendigits,8,5,cals_compact_explain,true,true,SmartCertified,Boolean,Proposition1,PathCompatibleExactRelations,PathCertified,,
pendigits,8,7,unary,true,true,Unary,Boolean,UnaryBaseline,UnaryRelation,StructuralHorn,,
pendigits,8,7,horn,true,true,Horn,Boolean,Theorem3,StarNestedHorn,StructuralHorn,,
pendigits,8,7,antihorn,true,true,AntiHorn,Boolean,Theorem4,StarNestedAntiHorn,StructuralAntiHorn,,
pendigits,8,7,square2cnf,true,true,Square2Cnf,Boolean,Theorem6,Square2CnfFormI,TwoSat,,
pendigits,8,7,affine,true,true,Affine,Boolean,Theorem5,SingleGf2Equation,Gf2Gaussian,,
pendigits,8,7,smart_certified,true,true,SmartCertified,Boolean,Proposition1,PathCompatibleExactRelations,PathCertified,,
pendigits,8,7,cals,true,true,SmartCertified,Boolean,Proposition1,PathCompatibleExactRelations,PathCertified,,
pendigits,8,7,cals_compact_explain,true,true,SmartCertified,Boolean,Proposition1,PathCompatibleExactRelations,PathCertified,,
pendigits,9,5,unary,true,true,Unary,Boolean,UnaryBaseline,UnaryRelation,StructuralHorn,,
pendigits,9,5,horn,true,true,Horn,Boolean,Theorem3,StarNestedHorn,StructuralHorn,,
pendigits,9,5,antihorn,true,true,AntiHorn,Boolean,Theorem4,StarNestedAntiHorn,StructuralAntiHorn,,
pendigits,9,5,square2cnf,true,true,Square2Cnf,Boolean,Theorem6,Square2CnfFormI,TwoSat,,
pendigits,9,5,affine,true,true,Affine,Boolean,Theorem5,SingleGf2Equation,Gf2Gaussian,,
pendigits,9,5,smart_certified,true,true,SmartCertified,Boolean,Proposition1,PathCompatibleExactRelations,PathCertified,,
pendigits,9,5,cals,true,true,SmartCertified,Boolean,Proposition1,PathCompatibleExactRelations,PathCertified,,
pendigits,9,5,cals_compact_explain,true,true,SmartCertified,Boolean,Proposition1,PathCompatibleExactRelations,PathCertified,,
pendigits,9,7,unary,true,true,Unary,Boolean,UnaryBaseline,UnaryRelation,StructuralHorn,,
pendigits,9,7,horn,true,true,Horn,Boolean,Theorem3,StarNestedHorn,StructuralHorn,,
pendigits,9,7,antihorn,true,true,AntiHorn,Boolean,Theorem4,StarNestedAntiHorn,StructuralAntiHorn,,
pendigits,9,7,square2cnf,true,true,Square2Cnf,Boolean,Theorem6,Square2CnfFormI,TwoSat,,
pendigits,9,7,affine,true,true,Affine,Boolean,Theorem5,SingleGf2Equation,Gf2Gaussian,,
pendigits,9,7,smart_certified,true,true,SmartCertified,Boolean,Proposition1,PathCompatibleExactRelations,PathCertified,,
pendigits,9,7,cals,true,true,SmartCertified,Boolean,Proposition1,PathCompatibleExactRelations,PathCertified,,
pendigits,9,7,cals_compact_explain,true,true,SmartCertified,Boolean,Proposition1,PathCompatibleExactRelations,PathCertified,,
primary-tumor,0,5,unary,true,true,Unary,Boolean,UnaryBaseline,UnaryRelation,StructuralHorn,,
primary-tumor,0,5,horn,true,true,Horn,Boolean,Theorem3,StarNestedHorn,StructuralHorn,,
primary-tumor,0,5,antihorn,true,true,AntiHorn,Boolean,Theorem4,StarNestedAntiHorn,StructuralAntiHorn,,
primary-tumor,0,5,square2cnf,true,true,Square2Cnf,Boolean,Theorem6,Square2CnfFormI,TwoSat,,
primary-tumor,0,5,affine,true,true,Affine,Boolean,Theorem5,SingleGf2Equation,Gf2Gaussian,,
primary-tumor,0,5,smart_certified,true,true,SmartCertified,Boolean,Proposition1,PathCompatibleExactRelations,PathCertified,,
primary-tumor,0,5,cals,true,true,SmartCertified,Boolean,Proposition1,PathCompatibleExactRelations,PathCertified,,
primary-tumor,0,5,cals_compact_explain,true,true,SmartCertified,Boolean,Proposition1,PathCompatibleExactRelations,PathCertified,,
primary-tumor,0,7,unary,true,true,Unary,Boolean,UnaryBaseline,UnaryRelation,StructuralHorn,,
primary-tumor,0,7,horn,true,true,Horn,Boolean,Theorem3,StarNestedHorn,StructuralHorn,,
primary-tumor,0,7,antihorn,true,true,AntiHorn,Boolean,Theorem4,StarNestedAntiHorn,StructuralAntiHorn,,
primary-tumor,0,7,square2cnf,true,true,Square2Cnf,Boolean,Theorem6,Square2CnfFormI,TwoSat,,
primary-tumor,0,7,affine,true,true,Affine,Boolean,Theorem5,SingleGf2Equation,Gf2Gaussian,,
primary-tumor,0,7,smart_certified,true,true,SmartCertified,Boolean,Proposition1,PathCompatibleExactRelations,PathCertified,,
primary-tumor,0,7,cals,true,true,SmartCertified,Boolean,Proposition1,PathCompatibleExactRelations,PathCertified,,
primary-tumor,0,7,cals_compact_explain,true,true,SmartCertified,Boolean,Proposition1,PathCompatibleExactRelations,PathCertified,,
primary-tumor,1,5,unary,true,true,Unary,Boolean,UnaryBaseline,UnaryRelation,StructuralHorn,,
primary-tumor,1,5,horn,true,true,Horn,Boolean,Theorem3,StarNestedHorn,StructuralHorn,,
primary-tumor,1,5,antihorn,true,true,AntiHorn,Boolean,Theorem4,StarNestedAntiHorn,StructuralAntiHorn,,
primary-tumor,1,5,square2cnf,true,true,Square2Cnf,Boolean,Theorem6,Square2CnfFormI,TwoSat,,
primary-tumor,1,5,affine,true,true,Affine,Boolean,Theorem5,SingleGf2Equation,Gf2Gaussian,,
primary-tumor,1,5,smart_certified,true,true,SmartCertified,Boolean,Proposition1,PathCompatibleExactRelations,PathCertified,,
primary-tumor,1,5,cals,true,true,SmartCertified,Boolean,Proposition1,PathCompatibleExactRelations,PathCertified,,
primary-tumor,1,5,cals_compact_explain,true,true,SmartCertified,Boolean,Proposition1,PathCompatibleExactRelations,PathCertified,,
primary-tumor,1,7,unary,true,true,Unary,Boolean,UnaryBaseline,UnaryRelation,StructuralHorn,,
primary-tumor,1,7,horn,true,true,Horn,Boolean,Theorem3,StarNestedHorn,StructuralHorn,,
primary-tumor,1,7,antihorn,true,true,AntiHorn,Boolean,Theorem4,StarNestedAntiHorn,StructuralAntiHorn,,
primary-tumor,1,7,square2cnf,true,true,Square2Cnf,Boolean,Theorem6,Square2CnfFormI,TwoSat,,
primary-tumor,1,7,affine,true,true,Affine,Boolean,Theorem5,SingleGf2Equation,Gf2Gaussian,,
primary-tumor,1,7,smart_certified,true,true,SmartCertified,Boolean,Proposition1,PathCompatibleExactRelations,PathCertified,,
primary-tumor,1,7,cals,true,true,SmartCertified,Boolean,Proposition1,PathCompatibleExactRelations,PathCertified,,
primary-tumor,1,7,cals_compact_explain,true,true,SmartCertified,Boolean,Proposition1,PathCompatibleExactRelations,PathCertified,,
primary-tumor,2,5,unary,true,true,Unary,Boolean,UnaryBaseline,UnaryRelation,StructuralHorn,,
primary-tumor,2,5,horn,true,true,Horn,Boolean,Theorem3,StarNestedHorn,StructuralHorn,,
primary-tumor,2,5,antihorn,true,true,AntiHorn,Boolean,Theorem4,StarNestedAntiHorn,StructuralAntiHorn,,
primary-tumor,2,5,square2cnf,true,true,Square2Cnf,Boolean,Theorem6,Square2CnfFormI,TwoSat,,
primary-tumor,2,5,affine,true,true,Affine,Boolean,Theorem5,SingleGf2Equation,Gf2Gaussian,,
primary-tumor,2,5,smart_certified,true,true,SmartCertified,Boolean,Proposition1,PathCompatibleExactRelations,PathCertified,,
primary-tumor,2,5,cals,true,true,SmartCertified,Boolean,Proposition1,PathCompatibleExactRelations,PathCertified,,
primary-tumor,2,5,cals_compact_explain,true,true,SmartCertified,Boolean,Proposition1,PathCompatibleExactRelations,PathCertified,,
primary-tumor,2,7,unary,true,true,Unary,Boolean,UnaryBaseline,UnaryRelation,StructuralHorn,,
primary-tumor,2,7,horn,true,true,Horn,Boolean,Theorem3,StarNestedHorn,StructuralHorn,,
primary-tumor,2,7,antihorn,true,true,AntiHorn,Boolean,Theorem4,StarNestedAntiHorn,StructuralAntiHorn,,
primary-tumor,2,7,square2cnf,true,true,Square2Cnf,Boolean,Theorem6,Square2CnfFormI,TwoSat,,
primary-tumor,2,7,affine,true,true,Affine,Boolean,Theorem5,SingleGf2Equation,Gf2Gaussian,,
primary-tumor,2,7,smart_certified,true,true,SmartCertified,Boolean,Proposition1,PathCompatibleExactRelations,PathCertified,,
primary-tumor,2,7,cals,true,true,SmartCertified,Boolean,Proposition1,PathCompatibleExactRelations,PathCertified,,
primary-tumor,2,7,cals_compact_explain,true,true,SmartCertified,Boolean,Proposition1,PathCompatibleExactRelations,PathCertified,,
primary-tumor,3,5,unary,true,true,Unary,Boolean,UnaryBaseline,UnaryRelation,StructuralHorn,,
primary-tumor,3,5,horn,true,true,Horn,Boolean,Theorem3,StarNestedHorn,StructuralHorn,,
primary-tumor,3,5,antihorn,true,true,AntiHorn,Boolean,Theorem4,StarNestedAntiHorn,StructuralAntiHorn,,
primary-tumor,3,5,square2cnf,true,true,Square2Cnf,Boolean,Theorem6,Square2CnfFormI,TwoSat,,
primary-tumor,3,5,affine,true,true,Affine,Boolean,Theorem5,SingleGf2Equation,Gf2Gaussian,,
primary-tumor,3,5,smart_certified,true,true,SmartCertified,Boolean,Proposition1,PathCompatibleExactRelations,PathCertified,,
primary-tumor,3,5,cals,true,true,SmartCertified,Boolean,Proposition1,PathCompatibleExactRelations,PathCertified,,
primary-tumor,3,5,cals_compact_explain,true,true,SmartCertified,Boolean,Proposition1,PathCompatibleExactRelations,PathCertified,,
primary-tumor,3,7,unary,true,true,Unary,Boolean,UnaryBaseline,UnaryRelation,StructuralHorn,,
primary-tumor,3,7,horn,true,true,Horn,Boolean,Theorem3,StarNestedHorn,StructuralHorn,,
primary-tumor,3,7,antihorn,true,true,AntiHorn,Boolean,Theorem4,StarNestedAntiHorn,StructuralAntiHorn,,
primary-tumor,3,7,square2cnf,true,true,Square2Cnf,Boolean,Theorem6,Square2CnfFormI,TwoSat,,
primary-tumor,3,7,affine,true,true,Affine,Boolean,Theorem5,SingleGf2Equation,Gf2Gaussian,,
primary-tumor,3,7,smart_certified,true,true,SmartCertified,Boolean,Proposition1,PathCompatibleExactRelations,PathCertified,,
primary-tumor,3,7,cals,true,true,SmartCertified,Boolean,Proposition1,PathCompatibleExactRelations,PathCertified,,
primary-tumor,3,7,cals_compact_explain,true,true,SmartCertified,Boolean,Proposition1,PathCompatibleExactRelations,PathCertified,,
primary-tumor,4,5,unary,true,true,Unary,Boolean,UnaryBaseline,UnaryRelation,StructuralHorn,,
primary-tumor,4,5,horn,true,true,Horn,Boolean,Theorem3,StarNestedHorn,StructuralHorn,,
primary-tumor,4,5,antihorn,true,true,AntiHorn,Boolean,Theorem4,StarNestedAntiHorn,StructuralAntiHorn,,
primary-tumor,4,5,square2cnf,true,true,Square2Cnf,Boolean,Theorem6,Square2CnfFormI,TwoSat,,
primary-tumor,4,5,affine,true,true,Affine,Boolean,Theorem5,SingleGf2Equation,Gf2Gaussian,,
primary-tumor,4,5,smart_certified,true,true,SmartCertified,Boolean,Proposition1,PathCompatibleExactRelations,PathCertified,,
primary-tumor,4,5,cals,true,true,SmartCertified,Boolean,Proposition1,PathCompatibleExactRelations,PathCertified,,
primary-tumor,4,5,cals_compact_explain,true,true,SmartCertified,Boolean,Proposition1,PathCompatibleExactRelations,PathCertified,,
primary-tumor,4,7,unary,true,true,Unary,Boolean,UnaryBaseline,UnaryRelation,StructuralHorn,,
primary-tumor,4,7,horn,true,true,Horn,Boolean,Theorem3,StarNestedHorn,StructuralHorn,,
primary-tumor,4,7,antihorn,true,true,AntiHorn,Boolean,Theorem4,StarNestedAntiHorn,StructuralAntiHorn,,
primary-tumor,4,7,square2cnf,true,true,Square2Cnf,Boolean,Theorem6,Square2CnfFormI,TwoSat,,
primary-tumor,4,7,affine,true,true,Affine,Boolean,Theorem5,SingleGf2Equation,Gf2Gaussian,,
primary-tumor,4,7,smart_certified,true,true,SmartCertified,Boolean,Proposition1,PathCompatibleExactRelations,PathCertified,,
primary-tumor,4,7,cals,true,true,SmartCertified,Boolean,Proposition1,PathCompatibleExactRelations,PathCertified,,
primary-tumor,4,7,cals_compact_explain,true,true,SmartCertified,Boolean,Proposition1,PathCompatibleExactRelations,PathCertified,,
primary-tumor,5,5,unary,true,true,Unary,Boolean,UnaryBaseline,UnaryRelation,StructuralHorn,,
primary-tumor,5,5,horn,true,true,Horn,Boolean,Theorem3,StarNestedHorn,StructuralHorn,,
primary-tumor,5,5,antihorn,true,true,AntiHorn,Boolean,Theorem4,StarNestedAntiHorn,StructuralAntiHorn,,
primary-tumor,5,5,square2cnf,true,true,Square2Cnf,Boolean,Theorem6,Square2CnfFormI,TwoSat,,
primary-tumor,5,5,affine,true,true,Affine,Boolean,Theorem5,SingleGf2Equation,Gf2Gaussian,,
primary-tumor,5,5,smart_certified,true,true,SmartCertified,Boolean,Proposition1,PathCompatibleExactRelations,PathCertified,,
primary-tumor,5,5,cals,true,true,SmartCertified,Boolean,Proposition1,PathCompatibleExactRelations,PathCertified,,
primary-tumor,5,5,cals_compact_explain,true,true,SmartCertified,Boolean,Proposition1,PathCompatibleExactRelations,PathCertified,,
primary-tumor,5,7,unary,true,true,Unary,Boolean,UnaryBaseline,UnaryRelation,StructuralHorn,,
primary-tumor,5,7,horn,true,true,Horn,Boolean,Theorem3,StarNestedHorn,StructuralHorn,,
primary-tumor,5,7,antihorn,true,true,AntiHorn,Boolean,Theorem4,StarNestedAntiHorn,StructuralAntiHorn,,
primary-tumor,5,7,square2cnf,true,true,Square2Cnf,Boolean,Theorem6,Square2CnfFormI,TwoSat,,
primary-tumor,5,7,affine,true,true,Affine,Boolean,Theorem5,SingleGf2Equation,Gf2Gaussian,,
primary-tumor,5,7,smart_certified,true,true,SmartCertified,Boolean,Proposition1,PathCompatibleExactRelations,PathCertified,,
primary-tumor,5,7,cals,true,true,SmartCertified,Boolean,Proposition1,PathCompatibleExactRelations,PathCertified,,
primary-tumor,5,7,cals_compact_explain,true,true,SmartCertified,Boolean,Proposition1,PathCompatibleExactRelations,PathCertified,,
primary-tumor,6,5,unary,true,true,Unary,Boolean,UnaryBaseline,UnaryRelation,StructuralHorn,,
primary-tumor,6,5,horn,true,true,Horn,Boolean,Theorem3,StarNestedHorn,StructuralHorn,,
primary-tumor,6,5,antihorn,true,true,AntiHorn,Boolean,Theorem4,StarNestedAntiHorn,StructuralAntiHorn,,
primary-tumor,6,5,square2cnf,true,true,Square2Cnf,Boolean,Theorem6,Square2CnfFormI,TwoSat,,
primary-tumor,6,5,affine,true,true,Affine,Boolean,Theorem5,SingleGf2Equation,Gf2Gaussian,,
primary-tumor,6,5,smart_certified,true,true,SmartCertified,Boolean,Proposition1,PathCompatibleExactRelations,PathCertified,,
primary-tumor,6,5,cals,true,true,SmartCertified,Boolean,Proposition1,PathCompatibleExactRelations,PathCertified,,
primary-tumor,6,5,cals_compact_explain,true,true,SmartCertified,Boolean,Proposition1,PathCompatibleExactRelations,PathCertified,,
primary-tumor,6,7,unary,true,true,Unary,Boolean,UnaryBaseline,UnaryRelation,StructuralHorn,,
primary-tumor,6,7,horn,true,true,Horn,Boolean,Theorem3,StarNestedHorn,StructuralHorn,,
primary-tumor,6,7,antihorn,true,true,AntiHorn,Boolean,Theorem4,StarNestedAntiHorn,StructuralAntiHorn,,
primary-tumor,6,7,square2cnf,true,true,Square2Cnf,Boolean,Theorem6,Square2CnfFormI,TwoSat,,
primary-tumor,6,7,affine,true,true,Affine,Boolean,Theorem5,SingleGf2Equation,Gf2Gaussian,,
primary-tumor,6,7,smart_certified,true,true,SmartCertified,Boolean,Proposition1,PathCompatibleExactRelations,PathCertified,,
primary-tumor,6,7,cals,true,true,SmartCertified,Boolean,Proposition1,PathCompatibleExactRelations,PathCertified,,
primary-tumor,6,7,cals_compact_explain,true,true,SmartCertified,Boolean,Proposition1,PathCompatibleExactRelations,PathCertified,,
primary-tumor,7,5,unary,true,true,Unary,Boolean,UnaryBaseline,UnaryRelation,StructuralHorn,,
primary-tumor,7,5,horn,true,true,Horn,Boolean,Theorem3,StarNestedHorn,StructuralHorn,,
primary-tumor,7,5,antihorn,true,true,AntiHorn,Boolean,Theorem4,StarNestedAntiHorn,StructuralAntiHorn,,
primary-tumor,7,5,square2cnf,true,true,Square2Cnf,Boolean,Theorem6,Square2CnfFormI,TwoSat,,
primary-tumor,7,5,affine,true,true,Affine,Boolean,Theorem5,SingleGf2Equation,Gf2Gaussian,,
primary-tumor,7,5,smart_certified,true,true,SmartCertified,Boolean,Proposition1,PathCompatibleExactRelations,PathCertified,,
primary-tumor,7,5,cals,true,true,SmartCertified,Boolean,Proposition1,PathCompatibleExactRelations,PathCertified,,
primary-tumor,7,5,cals_compact_explain,true,true,SmartCertified,Boolean,Proposition1,PathCompatibleExactRelations,PathCertified,,
primary-tumor,7,7,unary,true,true,Unary,Boolean,UnaryBaseline,UnaryRelation,StructuralHorn,,
primary-tumor,7,7,horn,true,true,Horn,Boolean,Theorem3,StarNestedHorn,StructuralHorn,,
primary-tumor,7,7,antihorn,true,true,AntiHorn,Boolean,Theorem4,StarNestedAntiHorn,StructuralAntiHorn,,
primary-tumor,7,7,square2cnf,true,true,Square2Cnf,Boolean,Theorem6,Square2CnfFormI,TwoSat,,
primary-tumor,7,7,affine,true,true,Affine,Boolean,Theorem5,SingleGf2Equation,Gf2Gaussian,,
primary-tumor,7,7,smart_certified,true,true,SmartCertified,Boolean,Proposition1,PathCompatibleExactRelations,PathCertified,,
primary-tumor,7,7,cals,true,true,SmartCertified,Boolean,Proposition1,PathCompatibleExactRelations,PathCertified,,
primary-tumor,7,7,cals_compact_explain,true,true,SmartCertified,Boolean,Proposition1,PathCompatibleExactRelations,PathCertified,,
primary-tumor,8,5,unary,true,true,Unary,Boolean,UnaryBaseline,UnaryRelation,StructuralHorn,,
primary-tumor,8,5,horn,true,true,Horn,Boolean,Theorem3,StarNestedHorn,StructuralHorn,,
primary-tumor,8,5,antihorn,true,true,AntiHorn,Boolean,Theorem4,StarNestedAntiHorn,StructuralAntiHorn,,
primary-tumor,8,5,square2cnf,true,true,Square2Cnf,Boolean,Theorem6,Square2CnfFormI,TwoSat,,
primary-tumor,8,5,affine,true,true,Affine,Boolean,Theorem5,SingleGf2Equation,Gf2Gaussian,,
primary-tumor,8,5,smart_certified,true,true,SmartCertified,Boolean,Proposition1,PathCompatibleExactRelations,PathCertified,,
primary-tumor,8,5,cals,true,true,SmartCertified,Boolean,Proposition1,PathCompatibleExactRelations,PathCertified,,
primary-tumor,8,5,cals_compact_explain,true,true,SmartCertified,Boolean,Proposition1,PathCompatibleExactRelations,PathCertified,,
primary-tumor,8,7,unary,true,true,Unary,Boolean,UnaryBaseline,UnaryRelation,StructuralHorn,,
primary-tumor,8,7,horn,true,true,Horn,Boolean,Theorem3,StarNestedHorn,StructuralHorn,,
primary-tumor,8,7,antihorn,true,true,AntiHorn,Boolean,Theorem4,StarNestedAntiHorn,StructuralAntiHorn,,
primary-tumor,8,7,square2cnf,true,true,Square2Cnf,Boolean,Theorem6,Square2CnfFormI,TwoSat,,
primary-tumor,8,7,affine,true,true,Affine,Boolean,Theorem5,SingleGf2Equation,Gf2Gaussian,,
primary-tumor,8,7,smart_certified,true,true,SmartCertified,Boolean,Proposition1,PathCompatibleExactRelations,PathCertified,,
primary-tumor,8,7,cals,true,true,SmartCertified,Boolean,Proposition1,PathCompatibleExactRelations,PathCertified,,
primary-tumor,8,7,cals_compact_explain,true,true,SmartCertified,Boolean,Proposition1,PathCompatibleExactRelations,PathCertified,,
primary-tumor,9,5,unary,true,true,Unary,Boolean,UnaryBaseline,UnaryRelation,StructuralHorn,,
primary-tumor,9,5,horn,true,true,Horn,Boolean,Theorem3,StarNestedHorn,StructuralHorn,,
primary-tumor,9,5,antihorn,true,true,AntiHorn,Boolean,Theorem4,StarNestedAntiHorn,StructuralAntiHorn,,
primary-tumor,9,5,square2cnf,true,true,Square2Cnf,Boolean,Theorem6,Square2CnfFormI,TwoSat,,
primary-tumor,9,5,affine,true,true,Affine,Boolean,Theorem5,SingleGf2Equation,Gf2Gaussian,,
primary-tumor,9,5,smart_certified,true,true,SmartCertified,Boolean,Proposition1,PathCompatibleExactRelations,PathCertified,,
primary-tumor,9,5,cals,true,true,SmartCertified,Boolean,Proposition1,PathCompatibleExactRelations,PathCertified,,
primary-tumor,9,5,cals_compact_explain,true,true,SmartCertified,Boolean,Proposition1,PathCompatibleExactRelations,PathCertified,,
primary-tumor,9,7,unary,true,true,Unary,Boolean,UnaryBaseline,UnaryRelation,StructuralHorn,,
primary-tumor,9,7,horn,true,true,Horn,Boolean,Theorem3,StarNestedHorn,StructuralHorn,,
primary-tumor,9,7,antihorn,true,true,AntiHorn,Boolean,Theorem4,StarNestedAntiHorn,StructuralAntiHorn,,
primary-tumor,9,7,square2cnf,true,true,Square2Cnf,Boolean,Theorem6,Square2CnfFormI,TwoSat,,
primary-tumor,9,7,affine,true,true,Affine,Boolean,Theorem5,SingleGf2Equation,Gf2Gaussian,,
primary-tumor,9,7,smart_certified,true,true,SmartCertified,Boolean,Proposition1,PathCompatibleExactRelations,PathCertified,,
primary-tumor,9,7,cals,true,true,SmartCertified,Boolean,Proposition1,PathCompatibleExactRelations,PathCertified,,
primary-tumor,9,7,cals_compact_explain,true,true,SmartCertified,Boolean,Proposition1,PathCompatibleExactRelations,PathCertified,,
segment,0,5,unary,true,true,Unary,Boolean,UnaryBaseline,UnaryRelation,StructuralHorn,,
segment,0,5,horn,true,true,Horn,Boolean,Theorem3,StarNestedHorn,StructuralHorn,,
segment,0,5,antihorn,true,true,AntiHorn,Boolean,Theorem4,StarNestedAntiHorn,StructuralAntiHorn,,
segment,0,5,square2cnf,true,true,Square2Cnf,Boolean,Theorem6,Square2CnfFormI,TwoSat,,
segment,0,5,affine,true,true,Affine,Boolean,Theorem5,SingleGf2Equation,Gf2Gaussian,,
segment,0,5,smart_certified,true,true,SmartCertified,Boolean,Proposition1,PathCompatibleExactRelations,PathCertified,,
segment,0,5,cals,true,true,SmartCertified,Boolean,Proposition1,PathCompatibleExactRelations,PathCertified,,
segment,0,5,cals_compact_explain,true,true,SmartCertified,Boolean,Proposition1,PathCompatibleExactRelations,PathCertified,,
segment,0,7,unary,true,true,Unary,Boolean,UnaryBaseline,UnaryRelation,StructuralHorn,,
segment,0,7,horn,true,true,Horn,Boolean,Theorem3,StarNestedHorn,StructuralHorn,,
segment,0,7,antihorn,true,true,AntiHorn,Boolean,Theorem4,StarNestedAntiHorn,StructuralAntiHorn,,
segment,0,7,square2cnf,true,true,Square2Cnf,Boolean,Theorem6,Square2CnfFormI,TwoSat,,
segment,0,7,affine,true,true,Affine,Boolean,Theorem5,SingleGf2Equation,Gf2Gaussian,,
segment,0,7,smart_certified,true,true,SmartCertified,Boolean,Proposition1,PathCompatibleExactRelations,PathCertified,,
segment,0,7,cals,true,true,SmartCertified,Boolean,Proposition1,PathCompatibleExactRelations,PathCertified,,
segment,0,7,cals_compact_explain,true,true,SmartCertified,Boolean,Proposition1,PathCompatibleExactRelations,PathCertified,,
segment,1,5,unary,true,true,Unary,Boolean,UnaryBaseline,UnaryRelation,StructuralHorn,,
segment,1,5,horn,true,true,Horn,Boolean,Theorem3,StarNestedHorn,StructuralHorn,,
segment,1,5,antihorn,true,true,AntiHorn,Boolean,Theorem4,StarNestedAntiHorn,StructuralAntiHorn,,
segment,1,5,square2cnf,true,true,Square2Cnf,Boolean,Theorem6,Square2CnfFormI,TwoSat,,
segment,1,5,affine,true,true,Affine,Boolean,Theorem5,SingleGf2Equation,Gf2Gaussian,,
segment,1,5,smart_certified,true,true,SmartCertified,Boolean,Proposition1,PathCompatibleExactRelations,PathCertified,,
segment,1,5,cals,true,true,SmartCertified,Boolean,Proposition1,PathCompatibleExactRelations,PathCertified,,
segment,1,5,cals_compact_explain,true,true,SmartCertified,Boolean,Proposition1,PathCompatibleExactRelations,PathCertified,,
segment,1,7,unary,true,true,Unary,Boolean,UnaryBaseline,UnaryRelation,StructuralHorn,,
segment,1,7,horn,true,true,Horn,Boolean,Theorem3,StarNestedHorn,StructuralHorn,,
segment,1,7,antihorn,true,true,AntiHorn,Boolean,Theorem4,StarNestedAntiHorn,StructuralAntiHorn,,
segment,1,7,square2cnf,true,true,Square2Cnf,Boolean,Theorem6,Square2CnfFormI,TwoSat,,
segment,1,7,affine,true,true,Affine,Boolean,Theorem5,SingleGf2Equation,Gf2Gaussian,,
segment,1,7,smart_certified,true,true,SmartCertified,Boolean,Proposition1,PathCompatibleExactRelations,PathCertified,,
segment,1,7,cals,true,true,SmartCertified,Boolean,Proposition1,PathCompatibleExactRelations,PathCertified,,
segment,1,7,cals_compact_explain,true,true,SmartCertified,Boolean,Proposition1,PathCompatibleExactRelations,PathCertified,,
segment,2,5,unary,true,true,Unary,Boolean,UnaryBaseline,UnaryRelation,StructuralHorn,,
segment,2,5,horn,true,true,Horn,Boolean,Theorem3,StarNestedHorn,StructuralHorn,,
segment,2,5,antihorn,true,true,AntiHorn,Boolean,Theorem4,StarNestedAntiHorn,StructuralAntiHorn,,
segment,2,5,square2cnf,true,true,Square2Cnf,Boolean,Theorem6,Square2CnfFormI,TwoSat,,
segment,2,5,affine,true,true,Affine,Boolean,Theorem5,SingleGf2Equation,Gf2Gaussian,,
segment,2,5,smart_certified,true,true,SmartCertified,Boolean,Proposition1,PathCompatibleExactRelations,PathCertified,,
segment,2,5,cals,true,true,SmartCertified,Boolean,Proposition1,PathCompatibleExactRelations,PathCertified,,
segment,2,5,cals_compact_explain,true,true,SmartCertified,Boolean,Proposition1,PathCompatibleExactRelations,PathCertified,,
segment,2,7,unary,true,true,Unary,Boolean,UnaryBaseline,UnaryRelation,StructuralHorn,,
segment,2,7,horn,true,true,Horn,Boolean,Theorem3,StarNestedHorn,StructuralHorn,,
segment,2,7,antihorn,true,true,AntiHorn,Boolean,Theorem4,StarNestedAntiHorn,StructuralAntiHorn,,
segment,2,7,square2cnf,true,true,Square2Cnf,Boolean,Theorem6,Square2CnfFormI,TwoSat,,
segment,2,7,affine,true,true,Affine,Boolean,Theorem5,SingleGf2Equation,Gf2Gaussian,,
segment,2,7,smart_certified,true,true,SmartCertified,Boolean,Proposition1,PathCompatibleExactRelations,PathCertified,,
segment,2,7,cals,true,true,SmartCertified,Boolean,Proposition1,PathCompatibleExactRelations,PathCertified,,
segment,2,7,cals_compact_explain,true,true,SmartCertified,Boolean,Proposition1,PathCompatibleExactRelations,PathCertified,,
segment,3,5,unary,true,true,Unary,Boolean,UnaryBaseline,UnaryRelation,StructuralHorn,,
segment,3,5,horn,true,true,Horn,Boolean,Theorem3,StarNestedHorn,StructuralHorn,,
segment,3,5,antihorn,true,true,AntiHorn,Boolean,Theorem4,StarNestedAntiHorn,StructuralAntiHorn,,
segment,3,5,square2cnf,true,true,Square2Cnf,Boolean,Theorem6,Square2CnfFormI,TwoSat,,
segment,3,5,affine,true,true,Affine,Boolean,Theorem5,SingleGf2Equation,Gf2Gaussian,,
segment,3,5,smart_certified,true,true,SmartCertified,Boolean,Proposition1,PathCompatibleExactRelations,PathCertified,,
segment,3,5,cals,true,true,SmartCertified,Boolean,Proposition1,PathCompatibleExactRelations,PathCertified,,
segment,3,5,cals_compact_explain,true,true,SmartCertified,Boolean,Proposition1,PathCompatibleExactRelations,PathCertified,,
segment,3,7,unary,true,true,Unary,Boolean,UnaryBaseline,UnaryRelation,StructuralHorn,,
segment,3,7,horn,true,true,Horn,Boolean,Theorem3,StarNestedHorn,StructuralHorn,,
segment,3,7,antihorn,true,true,AntiHorn,Boolean,Theorem4,StarNestedAntiHorn,StructuralAntiHorn,,
segment,3,7,square2cnf,true,true,Square2Cnf,Boolean,Theorem6,Square2CnfFormI,TwoSat,,
segment,3,7,affine,true,true,Affine,Boolean,Theorem5,SingleGf2Equation,Gf2Gaussian,,
segment,3,7,smart_certified,true,true,SmartCertified,Boolean,Proposition1,PathCompatibleExactRelations,PathCertified,,
segment,3,7,cals,true,true,SmartCertified,Boolean,Proposition1,PathCompatibleExactRelations,PathCertified,,
segment,3,7,cals_compact_explain,true,true,SmartCertified,Boolean,Proposition1,PathCompatibleExactRelations,PathCertified,,
segment,4,5,unary,true,true,Unary,Boolean,UnaryBaseline,UnaryRelation,StructuralHorn,,
segment,4,5,horn,true,true,Horn,Boolean,Theorem3,StarNestedHorn,StructuralHorn,,
segment,4,5,antihorn,true,true,AntiHorn,Boolean,Theorem4,StarNestedAntiHorn,StructuralAntiHorn,,
segment,4,5,square2cnf,true,true,Square2Cnf,Boolean,Theorem6,Square2CnfFormI,TwoSat,,
segment,4,5,affine,true,true,Affine,Boolean,Theorem5,SingleGf2Equation,Gf2Gaussian,,
segment,4,5,smart_certified,true,true,SmartCertified,Boolean,Proposition1,PathCompatibleExactRelations,PathCertified,,
segment,4,5,cals,true,true,SmartCertified,Boolean,Proposition1,PathCompatibleExactRelations,PathCertified,,
segment,4,5,cals_compact_explain,true,true,SmartCertified,Boolean,Proposition1,PathCompatibleExactRelations,PathCertified,,
segment,4,7,unary,true,true,Unary,Boolean,UnaryBaseline,UnaryRelation,StructuralHorn,,
segment,4,7,horn,true,true,Horn,Boolean,Theorem3,StarNestedHorn,StructuralHorn,,
segment,4,7,antihorn,true,true,AntiHorn,Boolean,Theorem4,StarNestedAntiHorn,StructuralAntiHorn,,
segment,4,7,square2cnf,true,true,Square2Cnf,Boolean,Theorem6,Square2CnfFormI,TwoSat,,
segment,4,7,affine,true,true,Affine,Boolean,Theorem5,SingleGf2Equation,Gf2Gaussian,,
segment,4,7,smart_certified,true,true,SmartCertified,Boolean,Proposition1,PathCompatibleExactRelations,PathCertified,,
segment,4,7,cals,true,true,SmartCertified,Boolean,Proposition1,PathCompatibleExactRelations,PathCertified,,
segment,4,7,cals_compact_explain,true,true,SmartCertified,Boolean,Proposition1,PathCompatibleExactRelations,PathCertified,,
segment,5,5,unary,true,true,Unary,Boolean,UnaryBaseline,UnaryRelation,StructuralHorn,,
segment,5,5,horn,true,true,Horn,Boolean,Theorem3,StarNestedHorn,StructuralHorn,,
segment,5,5,antihorn,true,true,AntiHorn,Boolean,Theorem4,StarNestedAntiHorn,StructuralAntiHorn,,
segment,5,5,square2cnf,true,true,Square2Cnf,Boolean,Theorem6,Square2CnfFormI,TwoSat,,
segment,5,5,affine,true,true,Affine,Boolean,Theorem5,SingleGf2Equation,Gf2Gaussian,,
segment,5,5,smart_certified,true,true,SmartCertified,Boolean,Proposition1,PathCompatibleExactRelations,PathCertified,,
segment,5,5,cals,true,true,SmartCertified,Boolean,Proposition1,PathCompatibleExactRelations,PathCertified,,
segment,5,5,cals_compact_explain,true,true,SmartCertified,Boolean,Proposition1,PathCompatibleExactRelations,PathCertified,,
segment,5,7,unary,true,true,Unary,Boolean,UnaryBaseline,UnaryRelation,StructuralHorn,,
segment,5,7,horn,true,true,Horn,Boolean,Theorem3,StarNestedHorn,StructuralHorn,,
segment,5,7,antihorn,true,true,AntiHorn,Boolean,Theorem4,StarNestedAntiHorn,StructuralAntiHorn,,
segment,5,7,square2cnf,true,true,Square2Cnf,Boolean,Theorem6,Square2CnfFormI,TwoSat,,
segment,5,7,affine,true,true,Affine,Boolean,Theorem5,SingleGf2Equation,Gf2Gaussian,,
segment,5,7,smart_certified,true,true,SmartCertified,Boolean,Proposition1,PathCompatibleExactRelations,PathCertified,,
segment,5,7,cals,true,true,SmartCertified,Boolean,Proposition1,PathCompatibleExactRelations,PathCertified,,
segment,5,7,cals_compact_explain,true,true,SmartCertified,Boolean,Proposition1,PathCompatibleExactRelations,PathCertified,,
segment,6,5,unary,true,true,Unary,Boolean,UnaryBaseline,UnaryRelation,StructuralHorn,,
segment,6,5,horn,true,true,Horn,Boolean,Theorem3,StarNestedHorn,StructuralHorn,,
segment,6,5,antihorn,true,true,AntiHorn,Boolean,Theorem4,StarNestedAntiHorn,StructuralAntiHorn,,
segment,6,5,square2cnf,true,true,Square2Cnf,Boolean,Theorem6,Square2CnfFormI,TwoSat,,
segment,6,5,affine,true,true,Affine,Boolean,Theorem5,SingleGf2Equation,Gf2Gaussian,,
segment,6,5,smart_certified,true,true,SmartCertified,Boolean,Proposition1,PathCompatibleExactRelations,PathCertified,,
segment,6,5,cals,true,true,SmartCertified,Boolean,Proposition1,PathCompatibleExactRelations,PathCertified,,
segment,6,5,cals_compact_explain,true,true,SmartCertified,Boolean,Proposition1,PathCompatibleExactRelations,PathCertified,,
segment,6,7,unary,true,true,Unary,Boolean,UnaryBaseline,UnaryRelation,StructuralHorn,,
segment,6,7,horn,true,true,Horn,Boolean,Theorem3,StarNestedHorn,StructuralHorn,,
segment,6,7,antihorn,true,true,AntiHorn,Boolean,Theorem4,StarNestedAntiHorn,StructuralAntiHorn,,
segment,6,7,square2cnf,true,true,Square2Cnf,Boolean,Theorem6,Square2CnfFormI,TwoSat,,
segment,6,7,affine,true,true,Affine,Boolean,Theorem5,SingleGf2Equation,Gf2Gaussian,,
segment,6,7,smart_certified,true,true,SmartCertified,Boolean,Proposition1,PathCompatibleExactRelations,PathCertified,,
segment,6,7,cals,true,true,SmartCertified,Boolean,Proposition1,PathCompatibleExactRelations,PathCertified,,
segment,6,7,cals_compact_explain,true,true,SmartCertified,Boolean,Proposition1,PathCompatibleExactRelations,PathCertified,,
segment,7,5,unary,true,true,Unary,Boolean,UnaryBaseline,UnaryRelation,StructuralHorn,,
segment,7,5,horn,true,true,Horn,Boolean,Theorem3,StarNestedHorn,StructuralHorn,,
segment,7,5,antihorn,true,true,AntiHorn,Boolean,Theorem4,StarNestedAntiHorn,StructuralAntiHorn,,
segment,7,5,square2cnf,true,true,Square2Cnf,Boolean,Theorem6,Square2CnfFormI,TwoSat,,
segment,7,5,affine,true,true,Affine,Boolean,Theorem5,SingleGf2Equation,Gf2Gaussian,,
segment,7,5,smart_certified,true,true,SmartCertified,Boolean,Proposition1,PathCompatibleExactRelations,PathCertified,,
segment,7,5,cals,true,true,SmartCertified,Boolean,Proposition1,PathCompatibleExactRelations,PathCertified,,
segment,7,5,cals_compact_explain,true,true,SmartCertified,Boolean,Proposition1,PathCompatibleExactRelations,PathCertified,,
segment,7,7,unary,true,true,Unary,Boolean,UnaryBaseline,UnaryRelation,StructuralHorn,,
segment,7,7,horn,true,true,Horn,Boolean,Theorem3,StarNestedHorn,StructuralHorn,,
segment,7,7,antihorn,true,true,AntiHorn,Boolean,Theorem4,StarNestedAntiHorn,StructuralAntiHorn,,
segment,7,7,square2cnf,true,true,Square2Cnf,Boolean,Theorem6,Square2CnfFormI,TwoSat,,
segment,7,7,affine,true,true,Affine,Boolean,Theorem5,SingleGf2Equation,Gf2Gaussian,,
segment,7,7,smart_certified,true,true,SmartCertified,Boolean,Proposition1,PathCompatibleExactRelations,PathCertified,,
segment,7,7,cals,true,true,SmartCertified,Boolean,Proposition1,PathCompatibleExactRelations,PathCertified,,
segment,7,7,cals_compact_explain,true,true,SmartCertified,Boolean,Proposition1,PathCompatibleExactRelations,PathCertified,,
segment,8,5,unary,true,true,Unary,Boolean,UnaryBaseline,UnaryRelation,StructuralHorn,,
segment,8,5,horn,true,true,Horn,Boolean,Theorem3,StarNestedHorn,StructuralHorn,,
segment,8,5,antihorn,true,true,AntiHorn,Boolean,Theorem4,StarNestedAntiHorn,StructuralAntiHorn,,
segment,8,5,square2cnf,true,true,Square2Cnf,Boolean,Theorem6,Square2CnfFormI,TwoSat,,
segment,8,5,affine,true,true,Affine,Boolean,Theorem5,SingleGf2Equation,Gf2Gaussian,,
segment,8,5,smart_certified,true,true,SmartCertified,Boolean,Proposition1,PathCompatibleExactRelations,PathCertified,,
segment,8,5,cals,true,true,SmartCertified,Boolean,Proposition1,PathCompatibleExactRelations,PathCertified,,
segment,8,5,cals_compact_explain,true,true,SmartCertified,Boolean,Proposition1,PathCompatibleExactRelations,PathCertified,,
segment,8,7,unary,true,true,Unary,Boolean,UnaryBaseline,UnaryRelation,StructuralHorn,,
segment,8,7,horn,true,true,Horn,Boolean,Theorem3,StarNestedHorn,StructuralHorn,,
segment,8,7,antihorn,true,true,AntiHorn,Boolean,Theorem4,StarNestedAntiHorn,StructuralAntiHorn,,
segment,8,7,square2cnf,true,true,Square2Cnf,Boolean,Theorem6,Square2CnfFormI,TwoSat,,
segment,8,7,affine,true,true,Affine,Boolean,Theorem5,SingleGf2Equation,Gf2Gaussian,,
segment,8,7,smart_certified,true,true,SmartCertified,Boolean,Proposition1,PathCompatibleExactRelations,PathCertified,,
segment,8,7,cals,true,true,SmartCertified,Boolean,Proposition1,PathCompatibleExactRelations,PathCertified,,
segment,8,7,cals_compact_explain,true,true,SmartCertified,Boolean,Proposition1,PathCompatibleExactRelations,PathCertified,,
segment,9,5,unary,true,true,Unary,Boolean,UnaryBaseline,UnaryRelation,StructuralHorn,,
segment,9,5,horn,true,true,Horn,Boolean,Theorem3,StarNestedHorn,StructuralHorn,,
segment,9,5,antihorn,true,true,AntiHorn,Boolean,Theorem4,StarNestedAntiHorn,StructuralAntiHorn,,
segment,9,5,square2cnf,true,true,Square2Cnf,Boolean,Theorem6,Square2CnfFormI,TwoSat,,
segment,9,5,affine,true,true,Affine,Boolean,Theorem5,SingleGf2Equation,Gf2Gaussian,,
segment,9,5,smart_certified,true,true,SmartCertified,Boolean,Proposition1,PathCompatibleExactRelations,PathCertified,,
segment,9,5,cals,true,true,SmartCertified,Boolean,Proposition1,PathCompatibleExactRelations,PathCertified,,
segment,9,5,cals_compact_explain,true,true,SmartCertified,Boolean,Proposition1,PathCompatibleExactRelations,PathCertified,,
segment,9,7,unary,true,true,Unary,Boolean,UnaryBaseline,UnaryRelation,StructuralHorn,,
segment,9,7,horn,true,true,Horn,Boolean,Theorem3,StarNestedHorn,StructuralHorn,,
segment,9,7,antihorn,true,true,AntiHorn,Boolean,Theorem4,StarNestedAntiHorn,StructuralAntiHorn,,
segment,9,7,square2cnf,true,true,Square2Cnf,Boolean,Theorem6,Square2CnfFormI,TwoSat,,
segment,9,7,affine,true,true,Affine,Boolean,Theorem5,SingleGf2Equation,Gf2Gaussian,,
segment,9,7,smart_certified,true,true,SmartCertified,Boolean,Proposition1,PathCompatibleExactRelations,PathCertified,,
segment,9,7,cals,true,true,SmartCertified,Boolean,Proposition1,PathCompatibleExactRelations,PathCertified,,
segment,9,7,cals_compact_explain,true,true,SmartCertified,Boolean,Proposition1,PathCompatibleExactRelations,PathCertified,,
seismic_bumps-bin,0,5,unary,true,true,Unary,Boolean,UnaryBaseline,UnaryRelation,StructuralHorn,,
seismic_bumps-bin,0,5,horn,true,true,Horn,Boolean,Theorem3,StarNestedHorn,StructuralHorn,,
seismic_bumps-bin,0,5,antihorn,true,true,AntiHorn,Boolean,Theorem4,StarNestedAntiHorn,StructuralAntiHorn,,
seismic_bumps-bin,0,5,square2cnf,true,true,Square2Cnf,Boolean,Theorem6,Square2CnfFormI,TwoSat,,
seismic_bumps-bin,0,5,affine,true,true,Affine,Boolean,Theorem5,SingleGf2Equation,Gf2Gaussian,,
seismic_bumps-bin,0,5,smart_certified,true,true,SmartCertified,Boolean,Proposition1,PathCompatibleExactRelations,PathCertified,,
seismic_bumps-bin,0,5,cals,true,true,SmartCertified,Boolean,Proposition1,PathCompatibleExactRelations,PathCertified,,
seismic_bumps-bin,0,5,cals_compact_explain,true,true,SmartCertified,Boolean,Proposition1,PathCompatibleExactRelations,PathCertified,,
seismic_bumps-bin,0,7,unary,true,true,Unary,Boolean,UnaryBaseline,UnaryRelation,StructuralHorn,,
seismic_bumps-bin,0,7,horn,true,true,Horn,Boolean,Theorem3,StarNestedHorn,StructuralHorn,,
seismic_bumps-bin,0,7,antihorn,true,true,AntiHorn,Boolean,Theorem4,StarNestedAntiHorn,StructuralAntiHorn,,
seismic_bumps-bin,0,7,square2cnf,true,true,Square2Cnf,Boolean,Theorem6,Square2CnfFormI,TwoSat,,
seismic_bumps-bin,0,7,affine,true,true,Affine,Boolean,Theorem5,SingleGf2Equation,Gf2Gaussian,,
seismic_bumps-bin,0,7,smart_certified,true,true,SmartCertified,Boolean,Proposition1,PathCompatibleExactRelations,PathCertified,,
seismic_bumps-bin,0,7,cals,true,true,SmartCertified,Boolean,Proposition1,PathCompatibleExactRelations,PathCertified,,
seismic_bumps-bin,0,7,cals_compact_explain,true,true,SmartCertified,Boolean,Proposition1,PathCompatibleExactRelations,PathCertified,,
seismic_bumps-bin,1,5,unary,true,true,Unary,Boolean,UnaryBaseline,UnaryRelation,StructuralHorn,,
seismic_bumps-bin,1,5,horn,true,true,Horn,Boolean,Theorem3,StarNestedHorn,StructuralHorn,,
seismic_bumps-bin,1,5,antihorn,true,true,AntiHorn,Boolean,Theorem4,StarNestedAntiHorn,StructuralAntiHorn,,
seismic_bumps-bin,1,5,square2cnf,true,true,Square2Cnf,Boolean,Theorem6,Square2CnfFormI,TwoSat,,
seismic_bumps-bin,1,5,affine,true,true,Affine,Boolean,Theorem5,SingleGf2Equation,Gf2Gaussian,,
seismic_bumps-bin,1,5,smart_certified,true,true,SmartCertified,Boolean,Proposition1,PathCompatibleExactRelations,PathCertified,,
seismic_bumps-bin,1,5,cals,true,true,SmartCertified,Boolean,Proposition1,PathCompatibleExactRelations,PathCertified,,
seismic_bumps-bin,1,5,cals_compact_explain,true,true,SmartCertified,Boolean,Proposition1,PathCompatibleExactRelations,PathCertified,,
seismic_bumps-bin,1,7,unary,true,true,Unary,Boolean,UnaryBaseline,UnaryRelation,StructuralHorn,,
seismic_bumps-bin,1,7,horn,true,true,Horn,Boolean,Theorem3,StarNestedHorn,StructuralHorn,,
seismic_bumps-bin,1,7,antihorn,true,true,AntiHorn,Boolean,Theorem4,StarNestedAntiHorn,StructuralAntiHorn,,
seismic_bumps-bin,1,7,square2cnf,true,true,Square2Cnf,Boolean,Theorem6,Square2CnfFormI,TwoSat,,
seismic_bumps-bin,1,7,affine,true,true,Affine,Boolean,Theorem5,SingleGf2Equation,Gf2Gaussian,,
seismic_bumps-bin,1,7,smart_certified,true,true,SmartCertified,Boolean,Proposition1,PathCompatibleExactRelations,PathCertified,,
seismic_bumps-bin,1,7,cals,true,true,SmartCertified,Boolean,Proposition1,PathCompatibleExactRelations,PathCertified,,
seismic_bumps-bin,1,7,cals_compact_explain,true,true,SmartCertified,Boolean,Proposition1,PathCompatibleExactRelations,PathCertified,,
seismic_bumps-bin,2,5,unary,true,true,Unary,Boolean,UnaryBaseline,UnaryRelation,StructuralHorn,,
seismic_bumps-bin,2,5,horn,true,true,Horn,Boolean,Theorem3,StarNestedHorn,StructuralHorn,,
seismic_bumps-bin,2,5,antihorn,true,true,AntiHorn,Boolean,Theorem4,StarNestedAntiHorn,StructuralAntiHorn,,
seismic_bumps-bin,2,5,square2cnf,true,true,Square2Cnf,Boolean,Theorem6,Square2CnfFormI,TwoSat,,
seismic_bumps-bin,2,5,affine,true,true,Affine,Boolean,Theorem5,SingleGf2Equation,Gf2Gaussian,,
seismic_bumps-bin,2,5,smart_certified,true,true,SmartCertified,Boolean,Proposition1,PathCompatibleExactRelations,PathCertified,,
seismic_bumps-bin,2,5,cals,true,true,SmartCertified,Boolean,Proposition1,PathCompatibleExactRelations,PathCertified,,
seismic_bumps-bin,2,5,cals_compact_explain,true,true,SmartCertified,Boolean,Proposition1,PathCompatibleExactRelations,PathCertified,,
seismic_bumps-bin,2,7,unary,true,true,Unary,Boolean,UnaryBaseline,UnaryRelation,StructuralHorn,,
seismic_bumps-bin,2,7,horn,true,true,Horn,Boolean,Theorem3,StarNestedHorn,StructuralHorn,,
seismic_bumps-bin,2,7,antihorn,true,true,AntiHorn,Boolean,Theorem4,StarNestedAntiHorn,StructuralAntiHorn,,
seismic_bumps-bin,2,7,square2cnf,true,true,Square2Cnf,Boolean,Theorem6,Square2CnfFormI,TwoSat,,
seismic_bumps-bin,2,7,affine,true,true,Affine,Boolean,Theorem5,SingleGf2Equation,Gf2Gaussian,,
seismic_bumps-bin,2,7,smart_certified,true,true,SmartCertified,Boolean,Proposition1,PathCompatibleExactRelations,PathCertified,,
seismic_bumps-bin,2,7,cals,true,true,SmartCertified,Boolean,Proposition1,PathCompatibleExactRelations,PathCertified,,
seismic_bumps-bin,2,7,cals_compact_explain,true,true,SmartCertified,Boolean,Proposition1,PathCompatibleExactRelations,PathCertified,,
seismic_bumps-bin,3,5,unary,true,true,Unary,Boolean,UnaryBaseline,UnaryRelation,StructuralHorn,,
seismic_bumps-bin,3,5,horn,true,true,Horn,Boolean,Theorem3,StarNestedHorn,StructuralHorn,,
seismic_bumps-bin,3,5,antihorn,true,true,AntiHorn,Boolean,Theorem4,StarNestedAntiHorn,StructuralAntiHorn,,
seismic_bumps-bin,3,5,square2cnf,true,true,Square2Cnf,Boolean,Theorem6,Square2CnfFormI,TwoSat,,
seismic_bumps-bin,3,5,affine,true,true,Affine,Boolean,Theorem5,SingleGf2Equation,Gf2Gaussian,,
seismic_bumps-bin,3,5,smart_certified,true,true,SmartCertified,Boolean,Proposition1,PathCompatibleExactRelations,PathCertified,,
seismic_bumps-bin,3,5,cals,true,true,SmartCertified,Boolean,Proposition1,PathCompatibleExactRelations,PathCertified,,
seismic_bumps-bin,3,5,cals_compact_explain,true,true,SmartCertified,Boolean,Proposition1,PathCompatibleExactRelations,PathCertified,,
seismic_bumps-bin,3,7,unary,true,true,Unary,Boolean,UnaryBaseline,UnaryRelation,StructuralHorn,,
seismic_bumps-bin,3,7,horn,true,true,Horn,Boolean,Theorem3,StarNestedHorn,StructuralHorn,,
seismic_bumps-bin,3,7,antihorn,true,true,AntiHorn,Boolean,Theorem4,StarNestedAntiHorn,StructuralAntiHorn,,
seismic_bumps-bin,3,7,square2cnf,true,true,Square2Cnf,Boolean,Theorem6,Square2CnfFormI,TwoSat,,
seismic_bumps-bin,3,7,affine,true,true,Affine,Boolean,Theorem5,SingleGf2Equation,Gf2Gaussian,,
seismic_bumps-bin,3,7,smart_certified,true,true,SmartCertified,Boolean,Proposition1,PathCompatibleExactRelations,PathCertified,,
seismic_bumps-bin,3,7,cals,true,true,SmartCertified,Boolean,Proposition1,PathCompatibleExactRelations,PathCertified,,
seismic_bumps-bin,3,7,cals_compact_explain,true,true,SmartCertified,Boolean,Proposition1,PathCompatibleExactRelations,PathCertified,,
seismic_bumps-bin,4,5,unary,true,true,Unary,Boolean,UnaryBaseline,UnaryRelation,StructuralHorn,,
seismic_bumps-bin,4,5,horn,true,true,Horn,Boolean,Theorem3,StarNestedHorn,StructuralHorn,,
seismic_bumps-bin,4,5,antihorn,true,true,AntiHorn,Boolean,Theorem4,StarNestedAntiHorn,StructuralAntiHorn,,
seismic_bumps-bin,4,5,square2cnf,true,true,Square2Cnf,Boolean,Theorem6,Square2CnfFormI,TwoSat,,
seismic_bumps-bin,4,5,affine,true,true,Affine,Boolean,Theorem5,SingleGf2Equation,Gf2Gaussian,,
seismic_bumps-bin,4,5,smart_certified,true,true,SmartCertified,Boolean,Proposition1,PathCompatibleExactRelations,PathCertified,,
seismic_bumps-bin,4,5,cals,true,true,SmartCertified,Boolean,Proposition1,PathCompatibleExactRelations,PathCertified,,
seismic_bumps-bin,4,5,cals_compact_explain,true,true,SmartCertified,Boolean,Proposition1,PathCompatibleExactRelations,PathCertified,,
seismic_bumps-bin,4,7,unary,true,true,Unary,Boolean,UnaryBaseline,UnaryRelation,StructuralHorn,,
seismic_bumps-bin,4,7,horn,true,true,Horn,Boolean,Theorem3,StarNestedHorn,StructuralHorn,,
seismic_bumps-bin,4,7,antihorn,true,true,AntiHorn,Boolean,Theorem4,StarNestedAntiHorn,StructuralAntiHorn,,
seismic_bumps-bin,4,7,square2cnf,true,true,Square2Cnf,Boolean,Theorem6,Square2CnfFormI,TwoSat,,
seismic_bumps-bin,4,7,affine,true,true,Affine,Boolean,Theorem5,SingleGf2Equation,Gf2Gaussian,,
seismic_bumps-bin,4,7,smart_certified,true,true,SmartCertified,Boolean,Proposition1,PathCompatibleExactRelations,PathCertified,,
seismic_bumps-bin,4,7,cals,true,true,SmartCertified,Boolean,Proposition1,PathCompatibleExactRelations,PathCertified,,
seismic_bumps-bin,4,7,cals_compact_explain,true,true,SmartCertified,Boolean,Proposition1,PathCompatibleExactRelations,PathCertified,,
seismic_bumps-bin,5,5,unary,true,true,Unary,Boolean,UnaryBaseline,UnaryRelation,StructuralHorn,,
seismic_bumps-bin,5,5,horn,true,true,Horn,Boolean,Theorem3,StarNestedHorn,StructuralHorn,,
seismic_bumps-bin,5,5,antihorn,true,true,AntiHorn,Boolean,Theorem4,StarNestedAntiHorn,StructuralAntiHorn,,
seismic_bumps-bin,5,5,square2cnf,true,true,Square2Cnf,Boolean,Theorem6,Square2CnfFormI,TwoSat,,
seismic_bumps-bin,5,5,affine,true,true,Affine,Boolean,Theorem5,SingleGf2Equation,Gf2Gaussian,,
seismic_bumps-bin,5,5,smart_certified,true,true,SmartCertified,Boolean,Proposition1,PathCompatibleExactRelations,PathCertified,,
seismic_bumps-bin,5,5,cals,true,true,SmartCertified,Boolean,Proposition1,PathCompatibleExactRelations,PathCertified,,
seismic_bumps-bin,5,5,cals_compact_explain,true,true,SmartCertified,Boolean,Proposition1,PathCompatibleExactRelations,PathCertified,,
seismic_bumps-bin,5,7,unary,true,true,Unary,Boolean,UnaryBaseline,UnaryRelation,StructuralHorn,,
seismic_bumps-bin,5,7,horn,true,true,Horn,Boolean,Theorem3,StarNestedHorn,StructuralHorn,,
seismic_bumps-bin,5,7,antihorn,true,true,AntiHorn,Boolean,Theorem4,StarNestedAntiHorn,StructuralAntiHorn,,
seismic_bumps-bin,5,7,square2cnf,true,true,Square2Cnf,Boolean,Theorem6,Square2CnfFormI,TwoSat,,
seismic_bumps-bin,5,7,affine,true,true,Affine,Boolean,Theorem5,SingleGf2Equation,Gf2Gaussian,,
seismic_bumps-bin,5,7,smart_certified,true,true,SmartCertified,Boolean,Proposition1,PathCompatibleExactRelations,PathCertified,,
seismic_bumps-bin,5,7,cals,true,true,SmartCertified,Boolean,Proposition1,PathCompatibleExactRelations,PathCertified,,
seismic_bumps-bin,5,7,cals_compact_explain,true,true,SmartCertified,Boolean,Proposition1,PathCompatibleExactRelations,PathCertified,,
seismic_bumps-bin,6,5,unary,true,true,Unary,Boolean,UnaryBaseline,UnaryRelation,StructuralHorn,,
seismic_bumps-bin,6,5,horn,true,true,Horn,Boolean,Theorem3,StarNestedHorn,StructuralHorn,,
seismic_bumps-bin,6,5,antihorn,true,true,AntiHorn,Boolean,Theorem4,StarNestedAntiHorn,StructuralAntiHorn,,
seismic_bumps-bin,6,5,square2cnf,true,true,Square2Cnf,Boolean,Theorem6,Square2CnfFormI,TwoSat,,
seismic_bumps-bin,6,5,affine,true,true,Affine,Boolean,Theorem5,SingleGf2Equation,Gf2Gaussian,,
seismic_bumps-bin,6,5,smart_certified,true,true,SmartCertified,Boolean,Proposition1,PathCompatibleExactRelations,PathCertified,,
seismic_bumps-bin,6,5,cals,true,true,SmartCertified,Boolean,Proposition1,PathCompatibleExactRelations,PathCertified,,
seismic_bumps-bin,6,5,cals_compact_explain,true,true,SmartCertified,Boolean,Proposition1,PathCompatibleExactRelations,PathCertified,,
seismic_bumps-bin,6,7,unary,true,true,Unary,Boolean,UnaryBaseline,UnaryRelation,StructuralHorn,,
seismic_bumps-bin,6,7,horn,true,true,Horn,Boolean,Theorem3,StarNestedHorn,StructuralHorn,,
seismic_bumps-bin,6,7,antihorn,true,true,AntiHorn,Boolean,Theorem4,StarNestedAntiHorn,StructuralAntiHorn,,
seismic_bumps-bin,6,7,square2cnf,true,true,Square2Cnf,Boolean,Theorem6,Square2CnfFormI,TwoSat,,
seismic_bumps-bin,6,7,affine,true,true,Affine,Boolean,Theorem5,SingleGf2Equation,Gf2Gaussian,,
seismic_bumps-bin,6,7,smart_certified,true,true,SmartCertified,Boolean,Proposition1,PathCompatibleExactRelations,PathCertified,,
seismic_bumps-bin,6,7,cals,true,true,SmartCertified,Boolean,Proposition1,PathCompatibleExactRelations,PathCertified,,
seismic_bumps-bin,6,7,cals_compact_explain,true,true,SmartCertified,Boolean,Proposition1,PathCompatibleExactRelations,PathCertified,,
seismic_bumps-bin,7,5,unary,true,true,Unary,Boolean,UnaryBaseline,UnaryRelation,StructuralHorn,,
seismic_bumps-bin,7,5,horn,true,true,Horn,Boolean,Theorem3,StarNestedHorn,StructuralHorn,,
seismic_bumps-bin,7,5,antihorn,true,true,AntiHorn,Boolean,Theorem4,StarNestedAntiHorn,StructuralAntiHorn,,
seismic_bumps-bin,7,5,square2cnf,true,true,Square2Cnf,Boolean,Theorem6,Square2CnfFormI,TwoSat,,
seismic_bumps-bin,7,5,affine,true,true,Affine,Boolean,Theorem5,SingleGf2Equation,Gf2Gaussian,,
seismic_bumps-bin,7,5,smart_certified,true,true,SmartCertified,Boolean,Proposition1,PathCompatibleExactRelations,PathCertified,,
seismic_bumps-bin,7,5,cals,true,true,SmartCertified,Boolean,Proposition1,PathCompatibleExactRelations,PathCertified,,
seismic_bumps-bin,7,5,cals_compact_explain,true,true,SmartCertified,Boolean,Proposition1,PathCompatibleExactRelations,PathCertified,,
seismic_bumps-bin,7,7,unary,true,true,Unary,Boolean,UnaryBaseline,UnaryRelation,StructuralHorn,,
seismic_bumps-bin,7,7,horn,true,true,Horn,Boolean,Theorem3,StarNestedHorn,StructuralHorn,,
seismic_bumps-bin,7,7,antihorn,true,true,AntiHorn,Boolean,Theorem4,StarNestedAntiHorn,StructuralAntiHorn,,
seismic_bumps-bin,7,7,square2cnf,true,true,Square2Cnf,Boolean,Theorem6,Square2CnfFormI,TwoSat,,
seismic_bumps-bin,7,7,affine,true,true,Affine,Boolean,Theorem5,SingleGf2Equation,Gf2Gaussian,,
seismic_bumps-bin,7,7,smart_certified,true,true,SmartCertified,Boolean,Proposition1,PathCompatibleExactRelations,PathCertified,,
seismic_bumps-bin,7,7,cals,true,true,SmartCertified,Boolean,Proposition1,PathCompatibleExactRelations,PathCertified,,
seismic_bumps-bin,7,7,cals_compact_explain,true,true,SmartCertified,Boolean,Proposition1,PathCompatibleExactRelations,PathCertified,,
seismic_bumps-bin,8,5,unary,true,true,Unary,Boolean,UnaryBaseline,UnaryRelation,StructuralHorn,,
seismic_bumps-bin,8,5,horn,true,true,Horn,Boolean,Theorem3,StarNestedHorn,StructuralHorn,,
seismic_bumps-bin,8,5,antihorn,true,true,AntiHorn,Boolean,Theorem4,StarNestedAntiHorn,StructuralAntiHorn,,
seismic_bumps-bin,8,5,square2cnf,true,true,Square2Cnf,Boolean,Theorem6,Square2CnfFormI,TwoSat,,
seismic_bumps-bin,8,5,affine,true,true,Affine,Boolean,Theorem5,SingleGf2Equation,Gf2Gaussian,,
seismic_bumps-bin,8,5,smart_certified,true,true,SmartCertified,Boolean,Proposition1,PathCompatibleExactRelations,PathCertified,,
seismic_bumps-bin,8,5,cals,true,true,SmartCertified,Boolean,Proposition1,PathCompatibleExactRelations,PathCertified,,
seismic_bumps-bin,8,5,cals_compact_explain,true,true,SmartCertified,Boolean,Proposition1,PathCompatibleExactRelations,PathCertified,,
seismic_bumps-bin,8,7,unary,true,true,Unary,Boolean,UnaryBaseline,UnaryRelation,StructuralHorn,,
seismic_bumps-bin,8,7,horn,true,true,Horn,Boolean,Theorem3,StarNestedHorn,StructuralHorn,,
seismic_bumps-bin,8,7,antihorn,true,true,AntiHorn,Boolean,Theorem4,StarNestedAntiHorn,StructuralAntiHorn,,
seismic_bumps-bin,8,7,square2cnf,true,true,Square2Cnf,Boolean,Theorem6,Square2CnfFormI,TwoSat,,
seismic_bumps-bin,8,7,affine,true,true,Affine,Boolean,Theorem5,SingleGf2Equation,Gf2Gaussian,,
seismic_bumps-bin,8,7,smart_certified,true,true,SmartCertified,Boolean,Proposition1,PathCompatibleExactRelations,PathCertified,,
seismic_bumps-bin,8,7,cals,true,true,SmartCertified,Boolean,Proposition1,PathCompatibleExactRelations,PathCertified,,
seismic_bumps-bin,8,7,cals_compact_explain,true,true,SmartCertified,Boolean,Proposition1,PathCompatibleExactRelations,PathCertified,,
seismic_bumps-bin,9,5,unary,true,true,Unary,Boolean,UnaryBaseline,UnaryRelation,StructuralHorn,,
seismic_bumps-bin,9,5,horn,true,true,Horn,Boolean,Theorem3,StarNestedHorn,StructuralHorn,,
seismic_bumps-bin,9,5,antihorn,true,true,AntiHorn,Boolean,Theorem4,StarNestedAntiHorn,StructuralAntiHorn,,
seismic_bumps-bin,9,5,square2cnf,true,true,Square2Cnf,Boolean,Theorem6,Square2CnfFormI,TwoSat,,
seismic_bumps-bin,9,5,affine,true,true,Affine,Boolean,Theorem5,SingleGf2Equation,Gf2Gaussian,,
seismic_bumps-bin,9,5,smart_certified,true,true,SmartCertified,Boolean,Proposition1,PathCompatibleExactRelations,PathCertified,,
seismic_bumps-bin,9,5,cals,true,true,SmartCertified,Boolean,Proposition1,PathCompatibleExactRelations,PathCertified,,
seismic_bumps-bin,9,5,cals_compact_explain,true,true,SmartCertified,Boolean,Proposition1,PathCompatibleExactRelations,PathCertified,,
seismic_bumps-bin,9,7,unary,true,true,Unary,Boolean,UnaryBaseline,UnaryRelation,StructuralHorn,,
seismic_bumps-bin,9,7,horn,true,true,Horn,Boolean,Theorem3,StarNestedHorn,StructuralHorn,,
seismic_bumps-bin,9,7,antihorn,true,true,AntiHorn,Boolean,Theorem4,StarNestedAntiHorn,StructuralAntiHorn,,
seismic_bumps-bin,9,7,square2cnf,true,true,Square2Cnf,Boolean,Theorem6,Square2CnfFormI,TwoSat,,
seismic_bumps-bin,9,7,affine,true,true,Affine,Boolean,Theorem5,SingleGf2Equation,Gf2Gaussian,,
seismic_bumps-bin,9,7,smart_certified,true,true,SmartCertified,Boolean,Proposition1,PathCompatibleExactRelations,PathCertified,,
seismic_bumps-bin,9,7,cals,true,true,SmartCertified,Boolean,Proposition1,PathCompatibleExactRelations,PathCertified,,
seismic_bumps-bin,9,7,cals_compact_explain,true,true,SmartCertified,Boolean,Proposition1,PathCompatibleExactRelations,PathCertified,,
soybean,0,5,unary,true,true,Unary,Boolean,UnaryBaseline,UnaryRelation,StructuralHorn,,
soybean,0,5,horn,true,true,Horn,Boolean,Theorem3,StarNestedHorn,StructuralHorn,,
soybean,0,5,antihorn,true,true,AntiHorn,Boolean,Theorem4,StarNestedAntiHorn,StructuralAntiHorn,,
soybean,0,5,square2cnf,true,true,Square2Cnf,Boolean,Theorem6,Square2CnfFormI,TwoSat,,
soybean,0,5,affine,true,true,Affine,Boolean,Theorem5,SingleGf2Equation,Gf2Gaussian,,
soybean,0,5,smart_certified,true,true,SmartCertified,Boolean,Proposition1,PathCompatibleExactRelations,PathCertified,,
soybean,0,5,cals,true,true,SmartCertified,Boolean,Proposition1,PathCompatibleExactRelations,PathCertified,,
soybean,0,5,cals_compact_explain,true,true,SmartCertified,Boolean,Proposition1,PathCompatibleExactRelations,PathCertified,,
soybean,0,7,unary,true,true,Unary,Boolean,UnaryBaseline,UnaryRelation,StructuralHorn,,
soybean,0,7,horn,true,true,Horn,Boolean,Theorem3,StarNestedHorn,StructuralHorn,,
soybean,0,7,antihorn,true,true,AntiHorn,Boolean,Theorem4,StarNestedAntiHorn,StructuralAntiHorn,,
soybean,0,7,square2cnf,true,true,Square2Cnf,Boolean,Theorem6,Square2CnfFormI,TwoSat,,
soybean,0,7,affine,true,true,Affine,Boolean,Theorem5,SingleGf2Equation,Gf2Gaussian,,
soybean,0,7,smart_certified,true,true,SmartCertified,Boolean,Proposition1,PathCompatibleExactRelations,PathCertified,,
soybean,0,7,cals,true,true,SmartCertified,Boolean,Proposition1,PathCompatibleExactRelations,PathCertified,,
soybean,0,7,cals_compact_explain,true,true,SmartCertified,Boolean,Proposition1,PathCompatibleExactRelations,PathCertified,,
soybean,1,5,unary,true,true,Unary,Boolean,UnaryBaseline,UnaryRelation,StructuralHorn,,
soybean,1,5,horn,true,true,Horn,Boolean,Theorem3,StarNestedHorn,StructuralHorn,,
soybean,1,5,antihorn,true,true,AntiHorn,Boolean,Theorem4,StarNestedAntiHorn,StructuralAntiHorn,,
soybean,1,5,square2cnf,true,true,Square2Cnf,Boolean,Theorem6,Square2CnfFormI,TwoSat,,
soybean,1,5,affine,true,true,Affine,Boolean,Theorem5,SingleGf2Equation,Gf2Gaussian,,
soybean,1,5,smart_certified,true,true,SmartCertified,Boolean,Proposition1,PathCompatibleExactRelations,PathCertified,,
soybean,1,5,cals,true,true,SmartCertified,Boolean,Proposition1,PathCompatibleExactRelations,PathCertified,,
soybean,1,5,cals_compact_explain,true,true,SmartCertified,Boolean,Proposition1,PathCompatibleExactRelations,PathCertified,,
soybean,1,7,unary,true,true,Unary,Boolean,UnaryBaseline,UnaryRelation,StructuralHorn,,
soybean,1,7,horn,true,true,Horn,Boolean,Theorem3,StarNestedHorn,StructuralHorn,,
soybean,1,7,antihorn,true,true,AntiHorn,Boolean,Theorem4,StarNestedAntiHorn,StructuralAntiHorn,,
soybean,1,7,square2cnf,true,true,Square2Cnf,Boolean,Theorem6,Square2CnfFormI,TwoSat,,
soybean,1,7,affine,true,true,Affine,Boolean,Theorem5,SingleGf2Equation,Gf2Gaussian,,
soybean,1,7,smart_certified,true,true,SmartCertified,Boolean,Proposition1,PathCompatibleExactRelations,PathCertified,,
soybean,1,7,cals,true,true,SmartCertified,Boolean,Proposition1,PathCompatibleExactRelations,PathCertified,,
soybean,1,7,cals_compact_explain,true,true,SmartCertified,Boolean,Proposition1,PathCompatibleExactRelations,PathCertified,,
soybean,2,5,unary,true,true,Unary,Boolean,UnaryBaseline,UnaryRelation,StructuralHorn,,
soybean,2,5,horn,true,true,Horn,Boolean,Theorem3,StarNestedHorn,StructuralHorn,,
soybean,2,5,antihorn,true,true,AntiHorn,Boolean,Theorem4,StarNestedAntiHorn,StructuralAntiHorn,,
soybean,2,5,square2cnf,true,true,Square2Cnf,Boolean,Theorem6,Square2CnfFormI,TwoSat,,
soybean,2,5,affine,true,true,Affine,Boolean,Theorem5,SingleGf2Equation,Gf2Gaussian,,
soybean,2,5,smart_certified,true,true,SmartCertified,Boolean,Proposition1,PathCompatibleExactRelations,PathCertified,,
soybean,2,5,cals,true,true,SmartCertified,Boolean,Proposition1,PathCompatibleExactRelations,PathCertified,,
soybean,2,5,cals_compact_explain,true,true,SmartCertified,Boolean,Proposition1,PathCompatibleExactRelations,PathCertified,,
soybean,2,7,unary,true,true,Unary,Boolean,UnaryBaseline,UnaryRelation,StructuralHorn,,
soybean,2,7,horn,true,true,Horn,Boolean,Theorem3,StarNestedHorn,StructuralHorn,,
soybean,2,7,antihorn,true,true,AntiHorn,Boolean,Theorem4,StarNestedAntiHorn,StructuralAntiHorn,,
soybean,2,7,square2cnf,true,true,Square2Cnf,Boolean,Theorem6,Square2CnfFormI,TwoSat,,
soybean,2,7,affine,true,true,Affine,Boolean,Theorem5,SingleGf2Equation,Gf2Gaussian,,
soybean,2,7,smart_certified,true,true,SmartCertified,Boolean,Proposition1,PathCompatibleExactRelations,PathCertified,,
soybean,2,7,cals,true,true,SmartCertified,Boolean,Proposition1,PathCompatibleExactRelations,PathCertified,,
soybean,2,7,cals_compact_explain,true,true,SmartCertified,Boolean,Proposition1,PathCompatibleExactRelations,PathCertified,,
soybean,3,5,unary,true,true,Unary,Boolean,UnaryBaseline,UnaryRelation,StructuralHorn,,
soybean,3,5,horn,true,true,Horn,Boolean,Theorem3,StarNestedHorn,StructuralHorn,,
soybean,3,5,antihorn,true,true,AntiHorn,Boolean,Theorem4,StarNestedAntiHorn,StructuralAntiHorn,,
soybean,3,5,square2cnf,true,true,Square2Cnf,Boolean,Theorem6,Square2CnfFormI,TwoSat,,
soybean,3,5,affine,true,true,Affine,Boolean,Theorem5,SingleGf2Equation,Gf2Gaussian,,
soybean,3,5,smart_certified,true,true,SmartCertified,Boolean,Proposition1,PathCompatibleExactRelations,PathCertified,,
soybean,3,5,cals,true,true,SmartCertified,Boolean,Proposition1,PathCompatibleExactRelations,PathCertified,,
soybean,3,5,cals_compact_explain,true,true,SmartCertified,Boolean,Proposition1,PathCompatibleExactRelations,PathCertified,,
soybean,3,7,unary,true,true,Unary,Boolean,UnaryBaseline,UnaryRelation,StructuralHorn,,
soybean,3,7,horn,true,true,Horn,Boolean,Theorem3,StarNestedHorn,StructuralHorn,,
soybean,3,7,antihorn,true,true,AntiHorn,Boolean,Theorem4,StarNestedAntiHorn,StructuralAntiHorn,,
soybean,3,7,square2cnf,true,true,Square2Cnf,Boolean,Theorem6,Square2CnfFormI,TwoSat,,
soybean,3,7,affine,true,true,Affine,Boolean,Theorem5,SingleGf2Equation,Gf2Gaussian,,
soybean,3,7,smart_certified,true,true,SmartCertified,Boolean,Proposition1,PathCompatibleExactRelations,PathCertified,,
soybean,3,7,cals,true,true,SmartCertified,Boolean,Proposition1,PathCompatibleExactRelations,PathCertified,,
soybean,3,7,cals_compact_explain,true,true,SmartCertified,Boolean,Proposition1,PathCompatibleExactRelations,PathCertified,,
soybean,4,5,unary,true,true,Unary,Boolean,UnaryBaseline,UnaryRelation,StructuralHorn,,
soybean,4,5,horn,true,true,Horn,Boolean,Theorem3,StarNestedHorn,StructuralHorn,,
soybean,4,5,antihorn,true,true,AntiHorn,Boolean,Theorem4,StarNestedAntiHorn,StructuralAntiHorn,,
soybean,4,5,square2cnf,true,true,Square2Cnf,Boolean,Theorem6,Square2CnfFormI,TwoSat,,
soybean,4,5,affine,true,true,Affine,Boolean,Theorem5,SingleGf2Equation,Gf2Gaussian,,
soybean,4,5,smart_certified,true,true,SmartCertified,Boolean,Proposition1,PathCompatibleExactRelations,PathCertified,,
soybean,4,5,cals,true,true,SmartCertified,Boolean,Proposition1,PathCompatibleExactRelations,PathCertified,,
soybean,4,5,cals_compact_explain,true,true,SmartCertified,Boolean,Proposition1,PathCompatibleExactRelations,PathCertified,,
soybean,4,7,unary,true,true,Unary,Boolean,UnaryBaseline,UnaryRelation,StructuralHorn,,
soybean,4,7,horn,true,true,Horn,Boolean,Theorem3,StarNestedHorn,StructuralHorn,,
soybean,4,7,antihorn,true,true,AntiHorn,Boolean,Theorem4,StarNestedAntiHorn,StructuralAntiHorn,,
soybean,4,7,square2cnf,true,true,Square2Cnf,Boolean,Theorem6,Square2CnfFormI,TwoSat,,
soybean,4,7,affine,true,true,Affine,Boolean,Theorem5,SingleGf2Equation,Gf2Gaussian,,
soybean,4,7,smart_certified,true,true,SmartCertified,Boolean,Proposition1,PathCompatibleExactRelations,PathCertified,,
soybean,4,7,cals,true,true,SmartCertified,Boolean,Proposition1,PathCompatibleExactRelations,PathCertified,,
soybean,4,7,cals_compact_explain,true,true,SmartCertified,Boolean,Proposition1,PathCompatibleExactRelations,PathCertified,,
soybean,5,5,unary,true,true,Unary,Boolean,UnaryBaseline,UnaryRelation,StructuralHorn,,
soybean,5,5,horn,true,true,Horn,Boolean,Theorem3,StarNestedHorn,StructuralHorn,,
soybean,5,5,antihorn,true,true,AntiHorn,Boolean,Theorem4,StarNestedAntiHorn,StructuralAntiHorn,,
soybean,5,5,square2cnf,true,true,Square2Cnf,Boolean,Theorem6,Square2CnfFormI,TwoSat,,
soybean,5,5,affine,true,true,Affine,Boolean,Theorem5,SingleGf2Equation,Gf2Gaussian,,
soybean,5,5,smart_certified,true,true,SmartCertified,Boolean,Proposition1,PathCompatibleExactRelations,PathCertified,,
soybean,5,5,cals,true,true,SmartCertified,Boolean,Proposition1,PathCompatibleExactRelations,PathCertified,,
soybean,5,5,cals_compact_explain,true,true,SmartCertified,Boolean,Proposition1,PathCompatibleExactRelations,PathCertified,,
soybean,5,7,unary,true,true,Unary,Boolean,UnaryBaseline,UnaryRelation,StructuralHorn,,
soybean,5,7,horn,true,true,Horn,Boolean,Theorem3,StarNestedHorn,StructuralHorn,,
soybean,5,7,antihorn,true,true,AntiHorn,Boolean,Theorem4,StarNestedAntiHorn,StructuralAntiHorn,,
soybean,5,7,square2cnf,true,true,Square2Cnf,Boolean,Theorem6,Square2CnfFormI,TwoSat,,
soybean,5,7,affine,true,true,Affine,Boolean,Theorem5,SingleGf2Equation,Gf2Gaussian,,
soybean,5,7,smart_certified,true,true,SmartCertified,Boolean,Proposition1,PathCompatibleExactRelations,PathCertified,,
soybean,5,7,cals,true,true,SmartCertified,Boolean,Proposition1,PathCompatibleExactRelations,PathCertified,,
soybean,5,7,cals_compact_explain,true,true,SmartCertified,Boolean,Proposition1,PathCompatibleExactRelations,PathCertified,,
soybean,6,5,unary,true,true,Unary,Boolean,UnaryBaseline,UnaryRelation,StructuralHorn,,
soybean,6,5,horn,true,true,Horn,Boolean,Theorem3,StarNestedHorn,StructuralHorn,,
soybean,6,5,antihorn,true,true,AntiHorn,Boolean,Theorem4,StarNestedAntiHorn,StructuralAntiHorn,,
soybean,6,5,square2cnf,true,true,Square2Cnf,Boolean,Theorem6,Square2CnfFormI,TwoSat,,
soybean,6,5,affine,true,true,Affine,Boolean,Theorem5,SingleGf2Equation,Gf2Gaussian,,
soybean,6,5,smart_certified,true,true,SmartCertified,Boolean,Proposition1,PathCompatibleExactRelations,PathCertified,,
soybean,6,5,cals,true,true,SmartCertified,Boolean,Proposition1,PathCompatibleExactRelations,PathCertified,,
soybean,6,5,cals_compact_explain,true,true,SmartCertified,Boolean,Proposition1,PathCompatibleExactRelations,PathCertified,,
soybean,6,7,unary,true,true,Unary,Boolean,UnaryBaseline,UnaryRelation,StructuralHorn,,
soybean,6,7,horn,true,true,Horn,Boolean,Theorem3,StarNestedHorn,StructuralHorn,,
soybean,6,7,antihorn,true,true,AntiHorn,Boolean,Theorem4,StarNestedAntiHorn,StructuralAntiHorn,,
soybean,6,7,square2cnf,true,true,Square2Cnf,Boolean,Theorem6,Square2CnfFormI,TwoSat,,
soybean,6,7,affine,true,true,Affine,Boolean,Theorem5,SingleGf2Equation,Gf2Gaussian,,
soybean,6,7,smart_certified,true,true,SmartCertified,Boolean,Proposition1,PathCompatibleExactRelations,PathCertified,,
soybean,6,7,cals,true,true,SmartCertified,Boolean,Proposition1,PathCompatibleExactRelations,PathCertified,,
soybean,6,7,cals_compact_explain,true,true,SmartCertified,Boolean,Proposition1,PathCompatibleExactRelations,PathCertified,,
soybean,7,5,unary,true,true,Unary,Boolean,UnaryBaseline,UnaryRelation,StructuralHorn,,
soybean,7,5,horn,true,true,Horn,Boolean,Theorem3,StarNestedHorn,StructuralHorn,,
soybean,7,5,antihorn,true,true,AntiHorn,Boolean,Theorem4,StarNestedAntiHorn,StructuralAntiHorn,,
soybean,7,5,square2cnf,true,true,Square2Cnf,Boolean,Theorem6,Square2CnfFormI,TwoSat,,
soybean,7,5,affine,true,true,Affine,Boolean,Theorem5,SingleGf2Equation,Gf2Gaussian,,
soybean,7,5,smart_certified,true,true,SmartCertified,Boolean,Proposition1,PathCompatibleExactRelations,PathCertified,,
soybean,7,5,cals,true,true,SmartCertified,Boolean,Proposition1,PathCompatibleExactRelations,PathCertified,,
soybean,7,5,cals_compact_explain,true,true,SmartCertified,Boolean,Proposition1,PathCompatibleExactRelations,PathCertified,,
soybean,7,7,unary,true,true,Unary,Boolean,UnaryBaseline,UnaryRelation,StructuralHorn,,
soybean,7,7,horn,true,true,Horn,Boolean,Theorem3,StarNestedHorn,StructuralHorn,,
soybean,7,7,antihorn,true,true,AntiHorn,Boolean,Theorem4,StarNestedAntiHorn,StructuralAntiHorn,,
soybean,7,7,square2cnf,true,true,Square2Cnf,Boolean,Theorem6,Square2CnfFormI,TwoSat,,
soybean,7,7,affine,true,true,Affine,Boolean,Theorem5,SingleGf2Equation,Gf2Gaussian,,
soybean,7,7,smart_certified,true,true,SmartCertified,Boolean,Proposition1,PathCompatibleExactRelations,PathCertified,,
soybean,7,7,cals,true,true,SmartCertified,Boolean,Proposition1,PathCompatibleExactRelations,PathCertified,,
soybean,7,7,cals_compact_explain,true,true,SmartCertified,Boolean,Proposition1,PathCompatibleExactRelations,PathCertified,,
soybean,8,5,unary,true,true,Unary,Boolean,UnaryBaseline,UnaryRelation,StructuralHorn,,
soybean,8,5,horn,true,true,Horn,Boolean,Theorem3,StarNestedHorn,StructuralHorn,,
soybean,8,5,antihorn,true,true,AntiHorn,Boolean,Theorem4,StarNestedAntiHorn,StructuralAntiHorn,,
soybean,8,5,square2cnf,true,true,Square2Cnf,Boolean,Theorem6,Square2CnfFormI,TwoSat,,
soybean,8,5,affine,true,true,Affine,Boolean,Theorem5,SingleGf2Equation,Gf2Gaussian,,
soybean,8,5,smart_certified,true,true,SmartCertified,Boolean,Proposition1,PathCompatibleExactRelations,PathCertified,,
soybean,8,5,cals,true,true,SmartCertified,Boolean,Proposition1,PathCompatibleExactRelations,PathCertified,,
soybean,8,5,cals_compact_explain,true,true,SmartCertified,Boolean,Proposition1,PathCompatibleExactRelations,PathCertified,,
soybean,8,7,unary,true,true,Unary,Boolean,UnaryBaseline,UnaryRelation,StructuralHorn,,
soybean,8,7,horn,true,true,Horn,Boolean,Theorem3,StarNestedHorn,StructuralHorn,,
soybean,8,7,antihorn,true,true,AntiHorn,Boolean,Theorem4,StarNestedAntiHorn,StructuralAntiHorn,,
soybean,8,7,square2cnf,true,true,Square2Cnf,Boolean,Theorem6,Square2CnfFormI,TwoSat,,
soybean,8,7,affine,true,true,Affine,Boolean,Theorem5,SingleGf2Equation,Gf2Gaussian,,
soybean,8,7,smart_certified,true,true,SmartCertified,Boolean,Proposition1,PathCompatibleExactRelations,PathCertified,,
soybean,8,7,cals,true,true,SmartCertified,Boolean,Proposition1,PathCompatibleExactRelations,PathCertified,,
soybean,8,7,cals_compact_explain,true,true,SmartCertified,Boolean,Proposition1,PathCompatibleExactRelations,PathCertified,,
soybean,9,5,unary,true,true,Unary,Boolean,UnaryBaseline,UnaryRelation,StructuralHorn,,
soybean,9,5,horn,true,true,Horn,Boolean,Theorem3,StarNestedHorn,StructuralHorn,,
soybean,9,5,antihorn,true,true,AntiHorn,Boolean,Theorem4,StarNestedAntiHorn,StructuralAntiHorn,,
soybean,9,5,square2cnf,true,true,Square2Cnf,Boolean,Theorem6,Square2CnfFormI,TwoSat,,
soybean,9,5,affine,true,true,Affine,Boolean,Theorem5,SingleGf2Equation,Gf2Gaussian,,
soybean,9,5,smart_certified,true,true,SmartCertified,Boolean,Proposition1,PathCompatibleExactRelations,PathCertified,,
soybean,9,5,cals,true,true,SmartCertified,Boolean,Proposition1,PathCompatibleExactRelations,PathCertified,,
soybean,9,5,cals_compact_explain,true,true,SmartCertified,Boolean,Proposition1,PathCompatibleExactRelations,PathCertified,,
soybean,9,7,unary,true,true,Unary,Boolean,UnaryBaseline,UnaryRelation,StructuralHorn,,
soybean,9,7,horn,true,true,Horn,Boolean,Theorem3,StarNestedHorn,StructuralHorn,,
soybean,9,7,antihorn,true,true,AntiHorn,Boolean,Theorem4,StarNestedAntiHorn,StructuralAntiHorn,,
soybean,9,7,square2cnf,true,true,Square2Cnf,Boolean,Theorem6,Square2CnfFormI,TwoSat,,
soybean,9,7,affine,true,true,Affine,Boolean,Theorem5,SingleGf2Equation,Gf2Gaussian,,
soybean,9,7,smart_certified,true,true,SmartCertified,Boolean,Proposition1,PathCompatibleExactRelations,PathCertified,,
soybean,9,7,cals,true,true,SmartCertified,Boolean,Proposition1,PathCompatibleExactRelations,PathCertified,,
soybean,9,7,cals_compact_explain,true,true,SmartCertified,Boolean,Proposition1,PathCompatibleExactRelations,PathCertified,,
splice-1,0,5,unary,true,true,Unary,Boolean,UnaryBaseline,UnaryRelation,StructuralHorn,,
splice-1,0,5,horn,true,true,Horn,Boolean,Theorem3,StarNestedHorn,StructuralHorn,,
splice-1,0,5,antihorn,true,true,AntiHorn,Boolean,Theorem4,StarNestedAntiHorn,StructuralAntiHorn,,
splice-1,0,5,square2cnf,true,true,Square2Cnf,Boolean,Theorem6,Square2CnfFormI,TwoSat,,
splice-1,0,5,affine,true,true,Affine,Boolean,Theorem5,SingleGf2Equation,Gf2Gaussian,,
splice-1,0,5,smart_certified,true,true,SmartCertified,Boolean,Proposition1,PathCompatibleExactRelations,PathCertified,,
splice-1,0,5,cals,true,true,SmartCertified,Boolean,Proposition1,PathCompatibleExactRelations,PathCertified,,
splice-1,0,5,cals_compact_explain,true,true,SmartCertified,Boolean,Proposition1,PathCompatibleExactRelations,PathCertified,,
splice-1,0,7,unary,true,true,Unary,Boolean,UnaryBaseline,UnaryRelation,StructuralHorn,,
splice-1,0,7,horn,true,true,Horn,Boolean,Theorem3,StarNestedHorn,StructuralHorn,,
splice-1,0,7,antihorn,true,true,AntiHorn,Boolean,Theorem4,StarNestedAntiHorn,StructuralAntiHorn,,
splice-1,0,7,square2cnf,true,true,Square2Cnf,Boolean,Theorem6,Square2CnfFormI,TwoSat,,
splice-1,0,7,affine,true,true,Affine,Boolean,Theorem5,SingleGf2Equation,Gf2Gaussian,,
splice-1,0,7,smart_certified,true,true,SmartCertified,Boolean,Proposition1,PathCompatibleExactRelations,PathCertified,,
splice-1,0,7,cals,true,true,SmartCertified,Boolean,Proposition1,PathCompatibleExactRelations,PathCertified,,
splice-1,0,7,cals_compact_explain,true,true,SmartCertified,Boolean,Proposition1,PathCompatibleExactRelations,PathCertified,,
splice-1,1,5,unary,true,true,Unary,Boolean,UnaryBaseline,UnaryRelation,StructuralHorn,,
splice-1,1,5,horn,true,true,Horn,Boolean,Theorem3,StarNestedHorn,StructuralHorn,,
splice-1,1,5,antihorn,true,true,AntiHorn,Boolean,Theorem4,StarNestedAntiHorn,StructuralAntiHorn,,
splice-1,1,5,square2cnf,true,true,Square2Cnf,Boolean,Theorem6,Square2CnfFormI,TwoSat,,
splice-1,1,5,affine,true,true,Affine,Boolean,Theorem5,SingleGf2Equation,Gf2Gaussian,,
splice-1,1,5,smart_certified,true,true,SmartCertified,Boolean,Proposition1,PathCompatibleExactRelations,PathCertified,,
splice-1,1,5,cals,true,true,SmartCertified,Boolean,Proposition1,PathCompatibleExactRelations,PathCertified,,
splice-1,1,5,cals_compact_explain,true,true,SmartCertified,Boolean,Proposition1,PathCompatibleExactRelations,PathCertified,,
splice-1,1,7,unary,true,true,Unary,Boolean,UnaryBaseline,UnaryRelation,StructuralHorn,,
splice-1,1,7,horn,true,true,Horn,Boolean,Theorem3,StarNestedHorn,StructuralHorn,,
splice-1,1,7,antihorn,true,true,AntiHorn,Boolean,Theorem4,StarNestedAntiHorn,StructuralAntiHorn,,
splice-1,1,7,square2cnf,true,true,Square2Cnf,Boolean,Theorem6,Square2CnfFormI,TwoSat,,
splice-1,1,7,affine,true,true,Affine,Boolean,Theorem5,SingleGf2Equation,Gf2Gaussian,,
splice-1,1,7,smart_certified,true,true,SmartCertified,Boolean,Proposition1,PathCompatibleExactRelations,PathCertified,,
splice-1,1,7,cals,true,true,SmartCertified,Boolean,Proposition1,PathCompatibleExactRelations,PathCertified,,
splice-1,1,7,cals_compact_explain,true,true,SmartCertified,Boolean,Proposition1,PathCompatibleExactRelations,PathCertified,,
splice-1,2,5,unary,true,true,Unary,Boolean,UnaryBaseline,UnaryRelation,StructuralHorn,,
splice-1,2,5,horn,true,true,Horn,Boolean,Theorem3,StarNestedHorn,StructuralHorn,,
splice-1,2,5,antihorn,true,true,AntiHorn,Boolean,Theorem4,StarNestedAntiHorn,StructuralAntiHorn,,
splice-1,2,5,square2cnf,true,true,Square2Cnf,Boolean,Theorem6,Square2CnfFormI,TwoSat,,
splice-1,2,5,affine,true,true,Affine,Boolean,Theorem5,SingleGf2Equation,Gf2Gaussian,,
splice-1,2,5,smart_certified,true,true,SmartCertified,Boolean,Proposition1,PathCompatibleExactRelations,PathCertified,,
splice-1,2,5,cals,true,true,SmartCertified,Boolean,Proposition1,PathCompatibleExactRelations,PathCertified,,
splice-1,2,5,cals_compact_explain,true,true,SmartCertified,Boolean,Proposition1,PathCompatibleExactRelations,PathCertified,,
splice-1,2,7,unary,true,true,Unary,Boolean,UnaryBaseline,UnaryRelation,StructuralHorn,,
splice-1,2,7,horn,true,true,Horn,Boolean,Theorem3,StarNestedHorn,StructuralHorn,,
splice-1,2,7,antihorn,true,true,AntiHorn,Boolean,Theorem4,StarNestedAntiHorn,StructuralAntiHorn,,
splice-1,2,7,square2cnf,true,true,Square2Cnf,Boolean,Theorem6,Square2CnfFormI,TwoSat,,
splice-1,2,7,affine,true,true,Affine,Boolean,Theorem5,SingleGf2Equation,Gf2Gaussian,,
splice-1,2,7,smart_certified,true,true,SmartCertified,Boolean,Proposition1,PathCompatibleExactRelations,PathCertified,,
splice-1,2,7,cals,true,true,SmartCertified,Boolean,Proposition1,PathCompatibleExactRelations,PathCertified,,
splice-1,2,7,cals_compact_explain,true,true,SmartCertified,Boolean,Proposition1,PathCompatibleExactRelations,PathCertified,,
splice-1,3,5,unary,true,true,Unary,Boolean,UnaryBaseline,UnaryRelation,StructuralHorn,,
splice-1,3,5,horn,true,true,Horn,Boolean,Theorem3,StarNestedHorn,StructuralHorn,,
splice-1,3,5,antihorn,true,true,AntiHorn,Boolean,Theorem4,StarNestedAntiHorn,StructuralAntiHorn,,
splice-1,3,5,square2cnf,true,true,Square2Cnf,Boolean,Theorem6,Square2CnfFormI,TwoSat,,
splice-1,3,5,affine,true,true,Affine,Boolean,Theorem5,SingleGf2Equation,Gf2Gaussian,,
splice-1,3,5,smart_certified,true,true,SmartCertified,Boolean,Proposition1,PathCompatibleExactRelations,PathCertified,,
splice-1,3,5,cals,true,true,SmartCertified,Boolean,Proposition1,PathCompatibleExactRelations,PathCertified,,
splice-1,3,5,cals_compact_explain,true,true,SmartCertified,Boolean,Proposition1,PathCompatibleExactRelations,PathCertified,,
splice-1,3,7,unary,true,true,Unary,Boolean,UnaryBaseline,UnaryRelation,StructuralHorn,,
splice-1,3,7,horn,true,true,Horn,Boolean,Theorem3,StarNestedHorn,StructuralHorn,,
splice-1,3,7,antihorn,true,true,AntiHorn,Boolean,Theorem4,StarNestedAntiHorn,StructuralAntiHorn,,
splice-1,3,7,square2cnf,true,true,Square2Cnf,Boolean,Theorem6,Square2CnfFormI,TwoSat,,
splice-1,3,7,affine,true,true,Affine,Boolean,Theorem5,SingleGf2Equation,Gf2Gaussian,,
splice-1,3,7,smart_certified,true,true,SmartCertified,Boolean,Proposition1,PathCompatibleExactRelations,PathCertified,,
splice-1,3,7,cals,true,true,SmartCertified,Boolean,Proposition1,PathCompatibleExactRelations,PathCertified,,
splice-1,3,7,cals_compact_explain,true,true,SmartCertified,Boolean,Proposition1,PathCompatibleExactRelations,PathCertified,,
splice-1,4,5,unary,true,true,Unary,Boolean,UnaryBaseline,UnaryRelation,StructuralHorn,,
splice-1,4,5,horn,true,true,Horn,Boolean,Theorem3,StarNestedHorn,StructuralHorn,,
splice-1,4,5,antihorn,true,true,AntiHorn,Boolean,Theorem4,StarNestedAntiHorn,StructuralAntiHorn,,
splice-1,4,5,square2cnf,true,true,Square2Cnf,Boolean,Theorem6,Square2CnfFormI,TwoSat,,
splice-1,4,5,affine,true,true,Affine,Boolean,Theorem5,SingleGf2Equation,Gf2Gaussian,,
splice-1,4,5,smart_certified,true,true,SmartCertified,Boolean,Proposition1,PathCompatibleExactRelations,PathCertified,,
splice-1,4,5,cals,true,true,SmartCertified,Boolean,Proposition1,PathCompatibleExactRelations,PathCertified,,
splice-1,4,5,cals_compact_explain,true,true,SmartCertified,Boolean,Proposition1,PathCompatibleExactRelations,PathCertified,,
splice-1,4,7,unary,true,true,Unary,Boolean,UnaryBaseline,UnaryRelation,StructuralHorn,,
splice-1,4,7,horn,true,true,Horn,Boolean,Theorem3,StarNestedHorn,StructuralHorn,,
splice-1,4,7,antihorn,true,true,AntiHorn,Boolean,Theorem4,StarNestedAntiHorn,StructuralAntiHorn,,
splice-1,4,7,square2cnf,true,true,Square2Cnf,Boolean,Theorem6,Square2CnfFormI,TwoSat,,
splice-1,4,7,affine,true,true,Affine,Boolean,Theorem5,SingleGf2Equation,Gf2Gaussian,,
splice-1,4,7,smart_certified,true,true,SmartCertified,Boolean,Proposition1,PathCompatibleExactRelations,PathCertified,,
splice-1,4,7,cals,true,true,SmartCertified,Boolean,Proposition1,PathCompatibleExactRelations,PathCertified,,
splice-1,4,7,cals_compact_explain,true,true,SmartCertified,Boolean,Proposition1,PathCompatibleExactRelations,PathCertified,,
splice-1,5,5,unary,true,true,Unary,Boolean,UnaryBaseline,UnaryRelation,StructuralHorn,,
splice-1,5,5,horn,true,true,Horn,Boolean,Theorem3,StarNestedHorn,StructuralHorn,,
splice-1,5,5,antihorn,true,true,AntiHorn,Boolean,Theorem4,StarNestedAntiHorn,StructuralAntiHorn,,
splice-1,5,5,square2cnf,true,true,Square2Cnf,Boolean,Theorem6,Square2CnfFormI,TwoSat,,
splice-1,5,5,affine,true,true,Affine,Boolean,Theorem5,SingleGf2Equation,Gf2Gaussian,,
splice-1,5,5,smart_certified,true,true,SmartCertified,Boolean,Proposition1,PathCompatibleExactRelations,PathCertified,,
splice-1,5,5,cals,true,true,SmartCertified,Boolean,Proposition1,PathCompatibleExactRelations,PathCertified,,
splice-1,5,5,cals_compact_explain,true,true,SmartCertified,Boolean,Proposition1,PathCompatibleExactRelations,PathCertified,,
splice-1,5,7,unary,true,true,Unary,Boolean,UnaryBaseline,UnaryRelation,StructuralHorn,,
splice-1,5,7,horn,true,true,Horn,Boolean,Theorem3,StarNestedHorn,StructuralHorn,,
splice-1,5,7,antihorn,true,true,AntiHorn,Boolean,Theorem4,StarNestedAntiHorn,StructuralAntiHorn,,
splice-1,5,7,square2cnf,true,true,Square2Cnf,Boolean,Theorem6,Square2CnfFormI,TwoSat,,
splice-1,5,7,affine,true,true,Affine,Boolean,Theorem5,SingleGf2Equation,Gf2Gaussian,,
splice-1,5,7,smart_certified,true,true,SmartCertified,Boolean,Proposition1,PathCompatibleExactRelations,PathCertified,,
splice-1,5,7,cals,true,true,SmartCertified,Boolean,Proposition1,PathCompatibleExactRelations,PathCertified,,
splice-1,5,7,cals_compact_explain,true,true,SmartCertified,Boolean,Proposition1,PathCompatibleExactRelations,PathCertified,,
splice-1,6,5,unary,true,true,Unary,Boolean,UnaryBaseline,UnaryRelation,StructuralHorn,,
splice-1,6,5,horn,true,true,Horn,Boolean,Theorem3,StarNestedHorn,StructuralHorn,,
splice-1,6,5,antihorn,true,true,AntiHorn,Boolean,Theorem4,StarNestedAntiHorn,StructuralAntiHorn,,
splice-1,6,5,square2cnf,true,true,Square2Cnf,Boolean,Theorem6,Square2CnfFormI,TwoSat,,
splice-1,6,5,affine,true,true,Affine,Boolean,Theorem5,SingleGf2Equation,Gf2Gaussian,,
splice-1,6,5,smart_certified,true,true,SmartCertified,Boolean,Proposition1,PathCompatibleExactRelations,PathCertified,,
splice-1,6,5,cals,true,true,SmartCertified,Boolean,Proposition1,PathCompatibleExactRelations,PathCertified,,
splice-1,6,5,cals_compact_explain,true,true,SmartCertified,Boolean,Proposition1,PathCompatibleExactRelations,PathCertified,,
splice-1,6,7,unary,true,true,Unary,Boolean,UnaryBaseline,UnaryRelation,StructuralHorn,,
splice-1,6,7,horn,true,true,Horn,Boolean,Theorem3,StarNestedHorn,StructuralHorn,,
splice-1,6,7,antihorn,true,true,AntiHorn,Boolean,Theorem4,StarNestedAntiHorn,StructuralAntiHorn,,
splice-1,6,7,square2cnf,true,true,Square2Cnf,Boolean,Theorem6,Square2CnfFormI,TwoSat,,
splice-1,6,7,affine,true,true,Affine,Boolean,Theorem5,SingleGf2Equation,Gf2Gaussian,,
splice-1,6,7,smart_certified,true,true,SmartCertified,Boolean,Proposition1,PathCompatibleExactRelations,PathCertified,,
splice-1,6,7,cals,true,true,SmartCertified,Boolean,Proposition1,PathCompatibleExactRelations,PathCertified,,
splice-1,6,7,cals_compact_explain,true,true,SmartCertified,Boolean,Proposition1,PathCompatibleExactRelations,PathCertified,,
splice-1,7,5,unary,true,true,Unary,Boolean,UnaryBaseline,UnaryRelation,StructuralHorn,,
splice-1,7,5,horn,true,true,Horn,Boolean,Theorem3,StarNestedHorn,StructuralHorn,,
splice-1,7,5,antihorn,true,true,AntiHorn,Boolean,Theorem4,StarNestedAntiHorn,StructuralAntiHorn,,
splice-1,7,5,square2cnf,true,true,Square2Cnf,Boolean,Theorem6,Square2CnfFormI,TwoSat,,
splice-1,7,5,affine,true,true,Affine,Boolean,Theorem5,SingleGf2Equation,Gf2Gaussian,,
splice-1,7,5,smart_certified,true,true,SmartCertified,Boolean,Proposition1,PathCompatibleExactRelations,PathCertified,,
splice-1,7,5,cals,true,true,SmartCertified,Boolean,Proposition1,PathCompatibleExactRelations,PathCertified,,
splice-1,7,5,cals_compact_explain,true,true,SmartCertified,Boolean,Proposition1,PathCompatibleExactRelations,PathCertified,,
splice-1,7,7,unary,true,true,Unary,Boolean,UnaryBaseline,UnaryRelation,StructuralHorn,,
splice-1,7,7,horn,true,true,Horn,Boolean,Theorem3,StarNestedHorn,StructuralHorn,,
splice-1,7,7,antihorn,true,true,AntiHorn,Boolean,Theorem4,StarNestedAntiHorn,StructuralAntiHorn,,
splice-1,7,7,square2cnf,true,true,Square2Cnf,Boolean,Theorem6,Square2CnfFormI,TwoSat,,
splice-1,7,7,affine,true,true,Affine,Boolean,Theorem5,SingleGf2Equation,Gf2Gaussian,,
splice-1,7,7,smart_certified,true,true,SmartCertified,Boolean,Proposition1,PathCompatibleExactRelations,PathCertified,,
splice-1,7,7,cals,true,true,SmartCertified,Boolean,Proposition1,PathCompatibleExactRelations,PathCertified,,
splice-1,7,7,cals_compact_explain,true,true,SmartCertified,Boolean,Proposition1,PathCompatibleExactRelations,PathCertified,,
splice-1,8,5,unary,true,true,Unary,Boolean,UnaryBaseline,UnaryRelation,StructuralHorn,,
splice-1,8,5,horn,true,true,Horn,Boolean,Theorem3,StarNestedHorn,StructuralHorn,,
splice-1,8,5,antihorn,true,true,AntiHorn,Boolean,Theorem4,StarNestedAntiHorn,StructuralAntiHorn,,
splice-1,8,5,square2cnf,true,true,Square2Cnf,Boolean,Theorem6,Square2CnfFormI,TwoSat,,
splice-1,8,5,affine,true,true,Affine,Boolean,Theorem5,SingleGf2Equation,Gf2Gaussian,,
splice-1,8,5,smart_certified,true,true,SmartCertified,Boolean,Proposition1,PathCompatibleExactRelations,PathCertified,,
splice-1,8,5,cals,true,true,SmartCertified,Boolean,Proposition1,PathCompatibleExactRelations,PathCertified,,
splice-1,8,5,cals_compact_explain,true,true,SmartCertified,Boolean,Proposition1,PathCompatibleExactRelations,PathCertified,,
splice-1,8,7,unary,true,true,Unary,Boolean,UnaryBaseline,UnaryRelation,StructuralHorn,,
splice-1,8,7,horn,true,true,Horn,Boolean,Theorem3,StarNestedHorn,StructuralHorn,,
splice-1,8,7,antihorn,true,true,AntiHorn,Boolean,Theorem4,StarNestedAntiHorn,StructuralAntiHorn,,
splice-1,8,7,square2cnf,true,true,Square2Cnf,Boolean,Theorem6,Square2CnfFormI,TwoSat,,
splice-1,8,7,affine,true,true,Affine,Boolean,Theorem5,SingleGf2Equation,Gf2Gaussian,,
splice-1,8,7,smart_certified,true,true,SmartCertified,Boolean,Proposition1,PathCompatibleExactRelations,PathCertified,,
splice-1,8,7,cals,true,true,SmartCertified,Boolean,Proposition1,PathCompatibleExactRelations,PathCertified,,
splice-1,8,7,cals_compact_explain,true,true,SmartCertified,Boolean,Proposition1,PathCompatibleExactRelations,PathCertified,,
splice-1,9,5,unary,true,true,Unary,Boolean,UnaryBaseline,UnaryRelation,StructuralHorn,,
splice-1,9,5,horn,true,true,Horn,Boolean,Theorem3,StarNestedHorn,StructuralHorn,,
splice-1,9,5,antihorn,true,true,AntiHorn,Boolean,Theorem4,StarNestedAntiHorn,StructuralAntiHorn,,
splice-1,9,5,square2cnf,true,true,Square2Cnf,Boolean,Theorem6,Square2CnfFormI,TwoSat,,
splice-1,9,5,affine,true,true,Affine,Boolean,Theorem5,SingleGf2Equation,Gf2Gaussian,,
splice-1,9,5,smart_certified,true,true,SmartCertified,Boolean,Proposition1,PathCompatibleExactRelations,PathCertified,,
splice-1,9,5,cals,true,true,SmartCertified,Boolean,Proposition1,PathCompatibleExactRelations,PathCertified,,
splice-1,9,5,cals_compact_explain,true,true,SmartCertified,Boolean,Proposition1,PathCompatibleExactRelations,PathCertified,,
splice-1,9,7,unary,true,true,Unary,Boolean,UnaryBaseline,UnaryRelation,StructuralHorn,,
splice-1,9,7,horn,true,true,Horn,Boolean,Theorem3,StarNestedHorn,StructuralHorn,,
splice-1,9,7,antihorn,true,true,AntiHorn,Boolean,Theorem4,StarNestedAntiHorn,StructuralAntiHorn,,
splice-1,9,7,square2cnf,true,true,Square2Cnf,Boolean,Theorem6,Square2CnfFormI,TwoSat,,
splice-1,9,7,affine,true,true,Affine,Boolean,Theorem5,SingleGf2Equation,Gf2Gaussian,,
splice-1,9,7,smart_certified,true,true,SmartCertified,Boolean,Proposition1,PathCompatibleExactRelations,PathCertified,,
splice-1,9,7,cals,true,true,SmartCertified,Boolean,Proposition1,PathCompatibleExactRelations,PathCertified,,
splice-1,9,7,cals_compact_explain,true,true,SmartCertified,Boolean,Proposition1,PathCompatibleExactRelations,PathCertified,,
taiwan_binarised,0,5,unary,true,true,Unary,Boolean,UnaryBaseline,UnaryRelation,StructuralHorn,,
taiwan_binarised,0,5,horn,true,true,Horn,Boolean,Theorem3,StarNestedHorn,StructuralHorn,,
taiwan_binarised,0,5,antihorn,true,true,AntiHorn,Boolean,Theorem4,StarNestedAntiHorn,StructuralAntiHorn,,
taiwan_binarised,0,5,square2cnf,true,true,Square2Cnf,Boolean,Theorem6,Square2CnfFormI,TwoSat,,
taiwan_binarised,0,5,affine,true,true,Affine,Boolean,Theorem5,SingleGf2Equation,Gf2Gaussian,,
taiwan_binarised,0,5,smart_certified,true,true,SmartCertified,Boolean,Proposition1,PathCompatibleExactRelations,PathCertified,,
taiwan_binarised,0,5,cals,true,true,SmartCertified,Boolean,Proposition1,PathCompatibleExactRelations,PathCertified,,
taiwan_binarised,0,5,cals_compact_explain,true,true,SmartCertified,Boolean,Proposition1,PathCompatibleExactRelations,PathCertified,,
taiwan_binarised,0,7,unary,true,true,Unary,Boolean,UnaryBaseline,UnaryRelation,StructuralHorn,,
taiwan_binarised,0,7,horn,true,true,Horn,Boolean,Theorem3,StarNestedHorn,StructuralHorn,,
taiwan_binarised,0,7,antihorn,true,true,AntiHorn,Boolean,Theorem4,StarNestedAntiHorn,StructuralAntiHorn,,
taiwan_binarised,0,7,square2cnf,true,true,Square2Cnf,Boolean,Theorem6,Square2CnfFormI,TwoSat,,
taiwan_binarised,0,7,affine,true,true,Affine,Boolean,Theorem5,SingleGf2Equation,Gf2Gaussian,,
taiwan_binarised,0,7,smart_certified,true,true,SmartCertified,Boolean,Proposition1,PathCompatibleExactRelations,PathCertified,,
taiwan_binarised,0,7,cals,true,true,SmartCertified,Boolean,Proposition1,PathCompatibleExactRelations,PathCertified,,
taiwan_binarised,0,7,cals_compact_explain,true,true,SmartCertified,Boolean,Proposition1,PathCompatibleExactRelations,PathCertified,,
taiwan_binarised,1,5,unary,true,true,Unary,Boolean,UnaryBaseline,UnaryRelation,StructuralHorn,,
taiwan_binarised,1,5,horn,true,true,Horn,Boolean,Theorem3,StarNestedHorn,StructuralHorn,,
taiwan_binarised,1,5,antihorn,true,true,AntiHorn,Boolean,Theorem4,StarNestedAntiHorn,StructuralAntiHorn,,
taiwan_binarised,1,5,square2cnf,true,true,Square2Cnf,Boolean,Theorem6,Square2CnfFormI,TwoSat,,
taiwan_binarised,1,5,affine,true,true,Affine,Boolean,Theorem5,SingleGf2Equation,Gf2Gaussian,,
taiwan_binarised,1,5,smart_certified,true,true,SmartCertified,Boolean,Proposition1,PathCompatibleExactRelations,PathCertified,,
taiwan_binarised,1,5,cals,true,true,SmartCertified,Boolean,Proposition1,PathCompatibleExactRelations,PathCertified,,
taiwan_binarised,1,5,cals_compact_explain,true,true,SmartCertified,Boolean,Proposition1,PathCompatibleExactRelations,PathCertified,,
taiwan_binarised,1,7,unary,true,true,Unary,Boolean,UnaryBaseline,UnaryRelation,StructuralHorn,,
taiwan_binarised,1,7,horn,true,true,Horn,Boolean,Theorem3,StarNestedHorn,StructuralHorn,,
taiwan_binarised,1,7,antihorn,true,true,AntiHorn,Boolean,Theorem4,StarNestedAntiHorn,StructuralAntiHorn,,
taiwan_binarised,1,7,square2cnf,true,true,Square2Cnf,Boolean,Theorem6,Square2CnfFormI,TwoSat,,
taiwan_binarised,1,7,affine,true,true,Affine,Boolean,Theorem5,SingleGf2Equation,Gf2Gaussian,,
taiwan_binarised,1,7,smart_certified,true,true,SmartCertified,Boolean,Proposition1,PathCompatibleExactRelations,PathCertified,,
taiwan_binarised,1,7,cals,true,true,SmartCertified,Boolean,Proposition1,PathCompatibleExactRelations,PathCertified,,
taiwan_binarised,1,7,cals_compact_explain,true,true,SmartCertified,Boolean,Proposition1,PathCompatibleExactRelations,PathCertified,,
taiwan_binarised,2,5,unary,true,true,Unary,Boolean,UnaryBaseline,UnaryRelation,StructuralHorn,,
taiwan_binarised,2,5,horn,true,true,Horn,Boolean,Theorem3,StarNestedHorn,StructuralHorn,,
taiwan_binarised,2,5,antihorn,true,true,AntiHorn,Boolean,Theorem4,StarNestedAntiHorn,StructuralAntiHorn,,
taiwan_binarised,2,5,square2cnf,true,true,Square2Cnf,Boolean,Theorem6,Square2CnfFormI,TwoSat,,
taiwan_binarised,2,5,affine,true,true,Affine,Boolean,Theorem5,SingleGf2Equation,Gf2Gaussian,,
taiwan_binarised,2,5,smart_certified,true,true,SmartCertified,Boolean,Proposition1,PathCompatibleExactRelations,PathCertified,,
taiwan_binarised,2,5,cals,true,true,SmartCertified,Boolean,Proposition1,PathCompatibleExactRelations,PathCertified,,
taiwan_binarised,2,5,cals_compact_explain,true,true,SmartCertified,Boolean,Proposition1,PathCompatibleExactRelations,PathCertified,,
taiwan_binarised,2,7,unary,true,true,Unary,Boolean,UnaryBaseline,UnaryRelation,StructuralHorn,,
taiwan_binarised,2,7,horn,true,true,Horn,Boolean,Theorem3,StarNestedHorn,StructuralHorn,,
taiwan_binarised,2,7,antihorn,true,true,AntiHorn,Boolean,Theorem4,StarNestedAntiHorn,StructuralAntiHorn,,
taiwan_binarised,2,7,square2cnf,true,true,Square2Cnf,Boolean,Theorem6,Square2CnfFormI,TwoSat,,
taiwan_binarised,2,7,affine,true,true,Affine,Boolean,Theorem5,SingleGf2Equation,Gf2Gaussian,,
taiwan_binarised,2,7,smart_certified,true,true,SmartCertified,Boolean,Proposition1,PathCompatibleExactRelations,PathCertified,,
taiwan_binarised,2,7,cals,true,true,SmartCertified,Boolean,Proposition1,PathCompatibleExactRelations,PathCertified,,
taiwan_binarised,2,7,cals_compact_explain,true,true,SmartCertified,Boolean,Proposition1,PathCompatibleExactRelations,PathCertified,,
taiwan_binarised,3,5,unary,true,true,Unary,Boolean,UnaryBaseline,UnaryRelation,StructuralHorn,,
taiwan_binarised,3,5,horn,true,true,Horn,Boolean,Theorem3,StarNestedHorn,StructuralHorn,,
taiwan_binarised,3,5,antihorn,true,true,AntiHorn,Boolean,Theorem4,StarNestedAntiHorn,StructuralAntiHorn,,
taiwan_binarised,3,5,square2cnf,true,true,Square2Cnf,Boolean,Theorem6,Square2CnfFormI,TwoSat,,
taiwan_binarised,3,5,affine,true,true,Affine,Boolean,Theorem5,SingleGf2Equation,Gf2Gaussian,,
taiwan_binarised,3,5,smart_certified,true,true,SmartCertified,Boolean,Proposition1,PathCompatibleExactRelations,PathCertified,,
taiwan_binarised,3,5,cals,true,true,SmartCertified,Boolean,Proposition1,PathCompatibleExactRelations,PathCertified,,
taiwan_binarised,3,5,cals_compact_explain,true,true,SmartCertified,Boolean,Proposition1,PathCompatibleExactRelations,PathCertified,,
taiwan_binarised,3,7,unary,true,true,Unary,Boolean,UnaryBaseline,UnaryRelation,StructuralHorn,,
taiwan_binarised,3,7,horn,true,true,Horn,Boolean,Theorem3,StarNestedHorn,StructuralHorn,,
taiwan_binarised,3,7,antihorn,true,true,AntiHorn,Boolean,Theorem4,StarNestedAntiHorn,StructuralAntiHorn,,
taiwan_binarised,3,7,square2cnf,true,true,Square2Cnf,Boolean,Theorem6,Square2CnfFormI,TwoSat,,
taiwan_binarised,3,7,affine,true,true,Affine,Boolean,Theorem5,SingleGf2Equation,Gf2Gaussian,,
taiwan_binarised,3,7,smart_certified,true,true,SmartCertified,Boolean,Proposition1,PathCompatibleExactRelations,PathCertified,,
taiwan_binarised,3,7,cals,true,true,SmartCertified,Boolean,Proposition1,PathCompatibleExactRelations,PathCertified,,
taiwan_binarised,3,7,cals_compact_explain,true,true,SmartCertified,Boolean,Proposition1,PathCompatibleExactRelations,PathCertified,,
taiwan_binarised,4,5,unary,true,true,Unary,Boolean,UnaryBaseline,UnaryRelation,StructuralHorn,,
taiwan_binarised,4,5,horn,true,true,Horn,Boolean,Theorem3,StarNestedHorn,StructuralHorn,,
taiwan_binarised,4,5,antihorn,true,true,AntiHorn,Boolean,Theorem4,StarNestedAntiHorn,StructuralAntiHorn,,
taiwan_binarised,4,5,square2cnf,true,true,Square2Cnf,Boolean,Theorem6,Square2CnfFormI,TwoSat,,
taiwan_binarised,4,5,affine,true,true,Affine,Boolean,Theorem5,SingleGf2Equation,Gf2Gaussian,,
taiwan_binarised,4,5,smart_certified,true,true,SmartCertified,Boolean,Proposition1,PathCompatibleExactRelations,PathCertified,,
taiwan_binarised,4,5,cals,true,true,SmartCertified,Boolean,Proposition1,PathCompatibleExactRelations,PathCertified,,
taiwan_binarised,4,5,cals_compact_explain,true,true,SmartCertified,Boolean,Proposition1,PathCompatibleExactRelations,PathCertified,,
taiwan_binarised,4,7,unary,true,true,Unary,Boolean,UnaryBaseline,UnaryRelation,StructuralHorn,,
taiwan_binarised,4,7,horn,true,true,Horn,Boolean,Theorem3,StarNestedHorn,StructuralHorn,,
taiwan_binarised,4,7,antihorn,true,true,AntiHorn,Boolean,Theorem4,StarNestedAntiHorn,StructuralAntiHorn,,
taiwan_binarised,4,7,square2cnf,true,true,Square2Cnf,Boolean,Theorem6,Square2CnfFormI,TwoSat,,
taiwan_binarised,4,7,affine,true,true,Affine,Boolean,Theorem5,SingleGf2Equation,Gf2Gaussian,,
taiwan_binarised,4,7,smart_certified,true,true,SmartCertified,Boolean,Proposition1,PathCompatibleExactRelations,PathCertified,,
taiwan_binarised,4,7,cals,true,true,SmartCertified,Boolean,Proposition1,PathCompatibleExactRelations,PathCertified,,
taiwan_binarised,4,7,cals_compact_explain,true,true,SmartCertified,Boolean,Proposition1,PathCompatibleExactRelations,PathCertified,,
taiwan_binarised,5,5,unary,true,true,Unary,Boolean,UnaryBaseline,UnaryRelation,StructuralHorn,,
taiwan_binarised,5,5,horn,true,true,Horn,Boolean,Theorem3,StarNestedHorn,StructuralHorn,,
taiwan_binarised,5,5,antihorn,true,true,AntiHorn,Boolean,Theorem4,StarNestedAntiHorn,StructuralAntiHorn,,
taiwan_binarised,5,5,square2cnf,true,true,Square2Cnf,Boolean,Theorem6,Square2CnfFormI,TwoSat,,
taiwan_binarised,5,5,affine,true,true,Affine,Boolean,Theorem5,SingleGf2Equation,Gf2Gaussian,,
taiwan_binarised,5,5,smart_certified,true,true,SmartCertified,Boolean,Proposition1,PathCompatibleExactRelations,PathCertified,,
taiwan_binarised,5,5,cals,true,true,SmartCertified,Boolean,Proposition1,PathCompatibleExactRelations,PathCertified,,
taiwan_binarised,5,5,cals_compact_explain,true,true,SmartCertified,Boolean,Proposition1,PathCompatibleExactRelations,PathCertified,,
taiwan_binarised,5,7,unary,true,true,Unary,Boolean,UnaryBaseline,UnaryRelation,StructuralHorn,,
taiwan_binarised,5,7,horn,true,true,Horn,Boolean,Theorem3,StarNestedHorn,StructuralHorn,,
taiwan_binarised,5,7,antihorn,true,true,AntiHorn,Boolean,Theorem4,StarNestedAntiHorn,StructuralAntiHorn,,
taiwan_binarised,5,7,square2cnf,true,true,Square2Cnf,Boolean,Theorem6,Square2CnfFormI,TwoSat,,
taiwan_binarised,5,7,affine,true,true,Affine,Boolean,Theorem5,SingleGf2Equation,Gf2Gaussian,,
taiwan_binarised,5,7,smart_certified,true,true,SmartCertified,Boolean,Proposition1,PathCompatibleExactRelations,PathCertified,,
taiwan_binarised,5,7,cals,true,true,SmartCertified,Boolean,Proposition1,PathCompatibleExactRelations,PathCertified,,
taiwan_binarised,5,7,cals_compact_explain,true,true,SmartCertified,Boolean,Proposition1,PathCompatibleExactRelations,PathCertified,,
taiwan_binarised,6,5,unary,true,true,Unary,Boolean,UnaryBaseline,UnaryRelation,StructuralHorn,,
taiwan_binarised,6,5,horn,true,true,Horn,Boolean,Theorem3,StarNestedHorn,StructuralHorn,,
taiwan_binarised,6,5,antihorn,true,true,AntiHorn,Boolean,Theorem4,StarNestedAntiHorn,StructuralAntiHorn,,
taiwan_binarised,6,5,square2cnf,true,true,Square2Cnf,Boolean,Theorem6,Square2CnfFormI,TwoSat,,
taiwan_binarised,6,5,affine,true,true,Affine,Boolean,Theorem5,SingleGf2Equation,Gf2Gaussian,,
taiwan_binarised,6,5,smart_certified,true,true,SmartCertified,Boolean,Proposition1,PathCompatibleExactRelations,PathCertified,,
taiwan_binarised,6,5,cals,true,true,SmartCertified,Boolean,Proposition1,PathCompatibleExactRelations,PathCertified,,
taiwan_binarised,6,5,cals_compact_explain,true,true,SmartCertified,Boolean,Proposition1,PathCompatibleExactRelations,PathCertified,,
taiwan_binarised,6,7,unary,true,true,Unary,Boolean,UnaryBaseline,UnaryRelation,StructuralHorn,,
taiwan_binarised,6,7,horn,true,true,Horn,Boolean,Theorem3,StarNestedHorn,StructuralHorn,,
taiwan_binarised,6,7,antihorn,true,true,AntiHorn,Boolean,Theorem4,StarNestedAntiHorn,StructuralAntiHorn,,
taiwan_binarised,6,7,square2cnf,true,true,Square2Cnf,Boolean,Theorem6,Square2CnfFormI,TwoSat,,
taiwan_binarised,6,7,affine,true,true,Affine,Boolean,Theorem5,SingleGf2Equation,Gf2Gaussian,,
taiwan_binarised,6,7,smart_certified,true,true,SmartCertified,Boolean,Proposition1,PathCompatibleExactRelations,PathCertified,,
taiwan_binarised,6,7,cals,true,true,SmartCertified,Boolean,Proposition1,PathCompatibleExactRelations,PathCertified,,
taiwan_binarised,6,7,cals_compact_explain,true,true,SmartCertified,Boolean,Proposition1,PathCompatibleExactRelations,PathCertified,,
taiwan_binarised,7,5,unary,true,true,Unary,Boolean,UnaryBaseline,UnaryRelation,StructuralHorn,,
taiwan_binarised,7,5,horn,true,true,Horn,Boolean,Theorem3,StarNestedHorn,StructuralHorn,,
taiwan_binarised,7,5,antihorn,true,true,AntiHorn,Boolean,Theorem4,StarNestedAntiHorn,StructuralAntiHorn,,
taiwan_binarised,7,5,square2cnf,true,true,Square2Cnf,Boolean,Theorem6,Square2CnfFormI,TwoSat,,
taiwan_binarised,7,5,affine,true,true,Affine,Boolean,Theorem5,SingleGf2Equation,Gf2Gaussian,,
taiwan_binarised,7,5,smart_certified,true,true,SmartCertified,Boolean,Proposition1,PathCompatibleExactRelations,PathCertified,,
taiwan_binarised,7,5,cals,true,true,SmartCertified,Boolean,Proposition1,PathCompatibleExactRelations,PathCertified,,
taiwan_binarised,7,5,cals_compact_explain,true,true,SmartCertified,Boolean,Proposition1,PathCompatibleExactRelations,PathCertified,,
taiwan_binarised,7,7,unary,true,true,Unary,Boolean,UnaryBaseline,UnaryRelation,StructuralHorn,,
taiwan_binarised,7,7,horn,true,true,Horn,Boolean,Theorem3,StarNestedHorn,StructuralHorn,,
taiwan_binarised,7,7,antihorn,true,true,AntiHorn,Boolean,Theorem4,StarNestedAntiHorn,StructuralAntiHorn,,
taiwan_binarised,7,7,square2cnf,true,true,Square2Cnf,Boolean,Theorem6,Square2CnfFormI,TwoSat,,
taiwan_binarised,7,7,affine,true,true,Affine,Boolean,Theorem5,SingleGf2Equation,Gf2Gaussian,,
taiwan_binarised,7,7,smart_certified,true,true,SmartCertified,Boolean,Proposition1,PathCompatibleExactRelations,PathCertified,,
taiwan_binarised,7,7,cals,true,true,SmartCertified,Boolean,Proposition1,PathCompatibleExactRelations,PathCertified,,
taiwan_binarised,7,7,cals_compact_explain,true,true,SmartCertified,Boolean,Proposition1,PathCompatibleExactRelations,PathCertified,,
taiwan_binarised,8,5,unary,true,true,Unary,Boolean,UnaryBaseline,UnaryRelation,StructuralHorn,,
taiwan_binarised,8,5,horn,true,true,Horn,Boolean,Theorem3,StarNestedHorn,StructuralHorn,,
taiwan_binarised,8,5,antihorn,true,true,AntiHorn,Boolean,Theorem4,StarNestedAntiHorn,StructuralAntiHorn,,
taiwan_binarised,8,5,square2cnf,true,true,Square2Cnf,Boolean,Theorem6,Square2CnfFormI,TwoSat,,
taiwan_binarised,8,5,affine,true,true,Affine,Boolean,Theorem5,SingleGf2Equation,Gf2Gaussian,,
taiwan_binarised,8,5,smart_certified,true,true,SmartCertified,Boolean,Proposition1,PathCompatibleExactRelations,PathCertified,,
taiwan_binarised,8,5,cals,true,true,SmartCertified,Boolean,Proposition1,PathCompatibleExactRelations,PathCertified,,
taiwan_binarised,8,5,cals_compact_explain,true,true,SmartCertified,Boolean,Proposition1,PathCompatibleExactRelations,PathCertified,,
taiwan_binarised,8,7,unary,true,true,Unary,Boolean,UnaryBaseline,UnaryRelation,StructuralHorn,,
taiwan_binarised,8,7,horn,true,true,Horn,Boolean,Theorem3,StarNestedHorn,StructuralHorn,,
taiwan_binarised,8,7,antihorn,true,true,AntiHorn,Boolean,Theorem4,StarNestedAntiHorn,StructuralAntiHorn,,
taiwan_binarised,8,7,square2cnf,true,true,Square2Cnf,Boolean,Theorem6,Square2CnfFormI,TwoSat,,
taiwan_binarised,8,7,affine,true,true,Affine,Boolean,Theorem5,SingleGf2Equation,Gf2Gaussian,,
taiwan_binarised,8,7,smart_certified,true,true,SmartCertified,Boolean,Proposition1,PathCompatibleExactRelations,PathCertified,,
taiwan_binarised,8,7,cals,true,true,SmartCertified,Boolean,Proposition1,PathCompatibleExactRelations,PathCertified,,
taiwan_binarised,8,7,cals_compact_explain,true,true,SmartCertified,Boolean,Proposition1,PathCompatibleExactRelations,PathCertified,,
taiwan_binarised,9,5,unary,true,true,Unary,Boolean,UnaryBaseline,UnaryRelation,StructuralHorn,,
taiwan_binarised,9,5,horn,true,true,Horn,Boolean,Theorem3,StarNestedHorn,StructuralHorn,,
taiwan_binarised,9,5,antihorn,true,true,AntiHorn,Boolean,Theorem4,StarNestedAntiHorn,StructuralAntiHorn,,
taiwan_binarised,9,5,square2cnf,true,true,Square2Cnf,Boolean,Theorem6,Square2CnfFormI,TwoSat,,
taiwan_binarised,9,5,affine,true,true,Affine,Boolean,Theorem5,SingleGf2Equation,Gf2Gaussian,,
taiwan_binarised,9,5,smart_certified,true,true,SmartCertified,Boolean,Proposition1,PathCompatibleExactRelations,PathCertified,,
taiwan_binarised,9,5,cals,true,true,SmartCertified,Boolean,Proposition1,PathCompatibleExactRelations,PathCertified,,
taiwan_binarised,9,5,cals_compact_explain,true,true,SmartCertified,Boolean,Proposition1,PathCompatibleExactRelations,PathCertified,,
taiwan_binarised,9,7,unary,true,true,Unary,Boolean,UnaryBaseline,UnaryRelation,StructuralHorn,,
taiwan_binarised,9,7,horn,true,true,Horn,Boolean,Theorem3,StarNestedHorn,StructuralHorn,,
taiwan_binarised,9,7,antihorn,true,true,AntiHorn,Boolean,Theorem4,StarNestedAntiHorn,StructuralAntiHorn,,
taiwan_binarised,9,7,square2cnf,true,true,Square2Cnf,Boolean,Theorem6,Square2CnfFormI,TwoSat,,
taiwan_binarised,9,7,affine,true,true,Affine,Boolean,Theorem5,SingleGf2Equation,Gf2Gaussian,,
taiwan_binarised,9,7,smart_certified,true,true,SmartCertified,Boolean,Proposition1,PathCompatibleExactRelations,PathCertified,,
taiwan_binarised,9,7,cals,true,true,SmartCertified,Boolean,Proposition1,PathCompatibleExactRelations,PathCertified,,
taiwan_binarised,9,7,cals_compact_explain,true,true,SmartCertified,Boolean,Proposition1,PathCompatibleExactRelations,PathCertified,,
tic-tac-toe,0,5,unary,true,true,Unary,Boolean,UnaryBaseline,UnaryRelation,StructuralHorn,,
tic-tac-toe,0,5,horn,true,true,Horn,Boolean,Theorem3,StarNestedHorn,StructuralHorn,,
tic-tac-toe,0,5,antihorn,true,true,AntiHorn,Boolean,Theorem4,StarNestedAntiHorn,StructuralAntiHorn,,
tic-tac-toe,0,5,square2cnf,true,true,Square2Cnf,Boolean,Theorem6,Square2CnfFormI,TwoSat,,
tic-tac-toe,0,5,affine,true,true,Affine,Boolean,Theorem5,SingleGf2Equation,Gf2Gaussian,,
tic-tac-toe,0,5,smart_certified,true,true,SmartCertified,Boolean,Proposition1,PathCompatibleExactRelations,PathCertified,,
tic-tac-toe,0,5,cals,true,true,SmartCertified,Boolean,Proposition1,PathCompatibleExactRelations,PathCertified,,
tic-tac-toe,0,5,cals_compact_explain,true,true,SmartCertified,Boolean,Proposition1,PathCompatibleExactRelations,PathCertified,,
tic-tac-toe,0,7,unary,true,true,Unary,Boolean,UnaryBaseline,UnaryRelation,StructuralHorn,,
tic-tac-toe,0,7,horn,true,true,Horn,Boolean,Theorem3,StarNestedHorn,StructuralHorn,,
tic-tac-toe,0,7,antihorn,true,true,AntiHorn,Boolean,Theorem4,StarNestedAntiHorn,StructuralAntiHorn,,
tic-tac-toe,0,7,square2cnf,true,true,Square2Cnf,Boolean,Theorem6,Square2CnfFormI,TwoSat,,
tic-tac-toe,0,7,affine,true,true,Affine,Boolean,Theorem5,SingleGf2Equation,Gf2Gaussian,,
tic-tac-toe,0,7,smart_certified,true,true,SmartCertified,Boolean,Proposition1,PathCompatibleExactRelations,PathCertified,,
tic-tac-toe,0,7,cals,true,true,SmartCertified,Boolean,Proposition1,PathCompatibleExactRelations,PathCertified,,
tic-tac-toe,0,7,cals_compact_explain,true,true,SmartCertified,Boolean,Proposition1,PathCompatibleExactRelations,PathCertified,,
tic-tac-toe,1,5,unary,true,true,Unary,Boolean,UnaryBaseline,UnaryRelation,StructuralHorn,,
tic-tac-toe,1,5,horn,true,true,Horn,Boolean,Theorem3,StarNestedHorn,StructuralHorn,,
tic-tac-toe,1,5,antihorn,true,true,AntiHorn,Boolean,Theorem4,StarNestedAntiHorn,StructuralAntiHorn,,
tic-tac-toe,1,5,square2cnf,true,true,Square2Cnf,Boolean,Theorem6,Square2CnfFormI,TwoSat,,
tic-tac-toe,1,5,affine,true,true,Affine,Boolean,Theorem5,SingleGf2Equation,Gf2Gaussian,,
tic-tac-toe,1,5,smart_certified,true,true,SmartCertified,Boolean,Proposition1,PathCompatibleExactRelations,PathCertified,,
tic-tac-toe,1,5,cals,true,true,SmartCertified,Boolean,Proposition1,PathCompatibleExactRelations,PathCertified,,
tic-tac-toe,1,5,cals_compact_explain,true,true,SmartCertified,Boolean,Proposition1,PathCompatibleExactRelations,PathCertified,,
tic-tac-toe,1,7,unary,true,true,Unary,Boolean,UnaryBaseline,UnaryRelation,StructuralHorn,,
tic-tac-toe,1,7,horn,true,true,Horn,Boolean,Theorem3,StarNestedHorn,StructuralHorn,,
tic-tac-toe,1,7,antihorn,true,true,AntiHorn,Boolean,Theorem4,StarNestedAntiHorn,StructuralAntiHorn,,
tic-tac-toe,1,7,square2cnf,true,true,Square2Cnf,Boolean,Theorem6,Square2CnfFormI,TwoSat,,
tic-tac-toe,1,7,affine,true,true,Affine,Boolean,Theorem5,SingleGf2Equation,Gf2Gaussian,,
tic-tac-toe,1,7,smart_certified,true,true,SmartCertified,Boolean,Proposition1,PathCompatibleExactRelations,PathCertified,,
tic-tac-toe,1,7,cals,true,true,SmartCertified,Boolean,Proposition1,PathCompatibleExactRelations,PathCertified,,
tic-tac-toe,1,7,cals_compact_explain,true,true,SmartCertified,Boolean,Proposition1,PathCompatibleExactRelations,PathCertified,,
tic-tac-toe,2,5,unary,true,true,Unary,Boolean,UnaryBaseline,UnaryRelation,StructuralHorn,,
tic-tac-toe,2,5,horn,true,true,Horn,Boolean,Theorem3,StarNestedHorn,StructuralHorn,,
tic-tac-toe,2,5,antihorn,true,true,AntiHorn,Boolean,Theorem4,StarNestedAntiHorn,StructuralAntiHorn,,
tic-tac-toe,2,5,square2cnf,true,true,Square2Cnf,Boolean,Theorem6,Square2CnfFormI,TwoSat,,
tic-tac-toe,2,5,affine,true,true,Affine,Boolean,Theorem5,SingleGf2Equation,Gf2Gaussian,,
tic-tac-toe,2,5,smart_certified,true,true,SmartCertified,Boolean,Proposition1,PathCompatibleExactRelations,PathCertified,,
tic-tac-toe,2,5,cals,true,true,SmartCertified,Boolean,Proposition1,PathCompatibleExactRelations,PathCertified,,
tic-tac-toe,2,5,cals_compact_explain,true,true,SmartCertified,Boolean,Proposition1,PathCompatibleExactRelations,PathCertified,,
tic-tac-toe,2,7,unary,true,true,Unary,Boolean,UnaryBaseline,UnaryRelation,StructuralHorn,,
tic-tac-toe,2,7,horn,true,true,Horn,Boolean,Theorem3,StarNestedHorn,StructuralHorn,,
tic-tac-toe,2,7,antihorn,true,true,AntiHorn,Boolean,Theorem4,StarNestedAntiHorn,StructuralAntiHorn,,
tic-tac-toe,2,7,square2cnf,true,true,Square2Cnf,Boolean,Theorem6,Square2CnfFormI,TwoSat,,
tic-tac-toe,2,7,affine,true,true,Affine,Boolean,Theorem5,SingleGf2Equation,Gf2Gaussian,,
tic-tac-toe,2,7,smart_certified,true,true,SmartCertified,Boolean,Proposition1,PathCompatibleExactRelations,PathCertified,,
tic-tac-toe,2,7,cals,true,true,SmartCertified,Boolean,Proposition1,PathCompatibleExactRelations,PathCertified,,
tic-tac-toe,2,7,cals_compact_explain,true,true,SmartCertified,Boolean,Proposition1,PathCompatibleExactRelations,PathCertified,,
tic-tac-toe,3,5,unary,true,true,Unary,Boolean,UnaryBaseline,UnaryRelation,StructuralHorn,,
tic-tac-toe,3,5,horn,true,true,Horn,Boolean,Theorem3,StarNestedHorn,StructuralHorn,,
tic-tac-toe,3,5,antihorn,true,true,AntiHorn,Boolean,Theorem4,StarNestedAntiHorn,StructuralAntiHorn,,
tic-tac-toe,3,5,square2cnf,true,true,Square2Cnf,Boolean,Theorem6,Square2CnfFormI,TwoSat,,
tic-tac-toe,3,5,affine,true,true,Affine,Boolean,Theorem5,SingleGf2Equation,Gf2Gaussian,,
tic-tac-toe,3,5,smart_certified,true,true,SmartCertified,Boolean,Proposition1,PathCompatibleExactRelations,PathCertified,,
tic-tac-toe,3,5,cals,true,true,SmartCertified,Boolean,Proposition1,PathCompatibleExactRelations,PathCertified,,
tic-tac-toe,3,5,cals_compact_explain,true,true,SmartCertified,Boolean,Proposition1,PathCompatibleExactRelations,PathCertified,,
tic-tac-toe,3,7,unary,true,true,Unary,Boolean,UnaryBaseline,UnaryRelation,StructuralHorn,,
tic-tac-toe,3,7,horn,true,true,Horn,Boolean,Theorem3,StarNestedHorn,StructuralHorn,,
tic-tac-toe,3,7,antihorn,true,true,AntiHorn,Boolean,Theorem4,StarNestedAntiHorn,StructuralAntiHorn,,
tic-tac-toe,3,7,square2cnf,true,true,Square2Cnf,Boolean,Theorem6,Square2CnfFormI,TwoSat,,
tic-tac-toe,3,7,affine,true,true,Affine,Boolean,Theorem5,SingleGf2Equation,Gf2Gaussian,,
tic-tac-toe,3,7,smart_certified,true,true,SmartCertified,Boolean,Proposition1,PathCompatibleExactRelations,PathCertified,,
tic-tac-toe,3,7,cals,true,true,SmartCertified,Boolean,Proposition1,PathCompatibleExactRelations,PathCertified,,
tic-tac-toe,3,7,cals_compact_explain,true,true,SmartCertified,Boolean,Proposition1,PathCompatibleExactRelations,PathCertified,,
tic-tac-toe,4,5,unary,true,true,Unary,Boolean,UnaryBaseline,UnaryRelation,StructuralHorn,,
tic-tac-toe,4,5,horn,true,true,Horn,Boolean,Theorem3,StarNestedHorn,StructuralHorn,,
tic-tac-toe,4,5,antihorn,true,true,AntiHorn,Boolean,Theorem4,StarNestedAntiHorn,StructuralAntiHorn,,
tic-tac-toe,4,5,square2cnf,true,true,Square2Cnf,Boolean,Theorem6,Square2CnfFormI,TwoSat,,
tic-tac-toe,4,5,affine,true,true,Affine,Boolean,Theorem5,SingleGf2Equation,Gf2Gaussian,,
tic-tac-toe,4,5,smart_certified,true,true,SmartCertified,Boolean,Proposition1,PathCompatibleExactRelations,PathCertified,,
tic-tac-toe,4,5,cals,true,true,SmartCertified,Boolean,Proposition1,PathCompatibleExactRelations,PathCertified,,
tic-tac-toe,4,5,cals_compact_explain,true,true,SmartCertified,Boolean,Proposition1,PathCompatibleExactRelations,PathCertified,,
tic-tac-toe,4,7,unary,true,true,Unary,Boolean,UnaryBaseline,UnaryRelation,StructuralHorn,,
tic-tac-toe,4,7,horn,true,true,Horn,Boolean,Theorem3,StarNestedHorn,StructuralHorn,,
tic-tac-toe,4,7,antihorn,true,true,AntiHorn,Boolean,Theorem4,StarNestedAntiHorn,StructuralAntiHorn,,
tic-tac-toe,4,7,square2cnf,true,true,Square2Cnf,Boolean,Theorem6,Square2CnfFormI,TwoSat,,
tic-tac-toe,4,7,affine,true,true,Affine,Boolean,Theorem5,SingleGf2Equation,Gf2Gaussian,,
tic-tac-toe,4,7,smart_certified,true,true,SmartCertified,Boolean,Proposition1,PathCompatibleExactRelations,PathCertified,,
tic-tac-toe,4,7,cals,true,true,SmartCertified,Boolean,Proposition1,PathCompatibleExactRelations,PathCertified,,
tic-tac-toe,4,7,cals_compact_explain,true,true,SmartCertified,Boolean,Proposition1,PathCompatibleExactRelations,PathCertified,,
tic-tac-toe,5,5,unary,true,true,Unary,Boolean,UnaryBaseline,UnaryRelation,StructuralHorn,,
tic-tac-toe,5,5,horn,true,true,Horn,Boolean,Theorem3,StarNestedHorn,StructuralHorn,,
tic-tac-toe,5,5,antihorn,true,true,AntiHorn,Boolean,Theorem4,StarNestedAntiHorn,StructuralAntiHorn,,
tic-tac-toe,5,5,square2cnf,true,true,Square2Cnf,Boolean,Theorem6,Square2CnfFormI,TwoSat,,
tic-tac-toe,5,5,affine,true,true,Affine,Boolean,Theorem5,SingleGf2Equation,Gf2Gaussian,,
tic-tac-toe,5,5,smart_certified,true,true,SmartCertified,Boolean,Proposition1,PathCompatibleExactRelations,PathCertified,,
tic-tac-toe,5,5,cals,true,true,SmartCertified,Boolean,Proposition1,PathCompatibleExactRelations,PathCertified,,
tic-tac-toe,5,5,cals_compact_explain,true,true,SmartCertified,Boolean,Proposition1,PathCompatibleExactRelations,PathCertified,,
tic-tac-toe,5,7,unary,true,true,Unary,Boolean,UnaryBaseline,UnaryRelation,StructuralHorn,,
tic-tac-toe,5,7,horn,true,true,Horn,Boolean,Theorem3,StarNestedHorn,StructuralHorn,,
tic-tac-toe,5,7,antihorn,true,true,AntiHorn,Boolean,Theorem4,StarNestedAntiHorn,StructuralAntiHorn,,
tic-tac-toe,5,7,square2cnf,true,true,Square2Cnf,Boolean,Theorem6,Square2CnfFormI,TwoSat,,
tic-tac-toe,5,7,affine,true,true,Affine,Boolean,Theorem5,SingleGf2Equation,Gf2Gaussian,,
tic-tac-toe,5,7,smart_certified,true,true,SmartCertified,Boolean,Proposition1,PathCompatibleExactRelations,PathCertified,,
tic-tac-toe,5,7,cals,true,true,SmartCertified,Boolean,Proposition1,PathCompatibleExactRelations,PathCertified,,
tic-tac-toe,5,7,cals_compact_explain,true,true,SmartCertified,Boolean,Proposition1,PathCompatibleExactRelations,PathCertified,,
tic-tac-toe,6,5,unary,true,true,Unary,Boolean,UnaryBaseline,UnaryRelation,StructuralHorn,,
tic-tac-toe,6,5,horn,true,true,Horn,Boolean,Theorem3,StarNestedHorn,StructuralHorn,,
tic-tac-toe,6,5,antihorn,true,true,AntiHorn,Boolean,Theorem4,StarNestedAntiHorn,StructuralAntiHorn,,
tic-tac-toe,6,5,square2cnf,true,true,Square2Cnf,Boolean,Theorem6,Square2CnfFormI,TwoSat,,
tic-tac-toe,6,5,affine,true,true,Affine,Boolean,Theorem5,SingleGf2Equation,Gf2Gaussian,,
tic-tac-toe,6,5,smart_certified,true,true,SmartCertified,Boolean,Proposition1,PathCompatibleExactRelations,PathCertified,,
tic-tac-toe,6,5,cals,true,true,SmartCertified,Boolean,Proposition1,PathCompatibleExactRelations,PathCertified,,
tic-tac-toe,6,5,cals_compact_explain,true,true,SmartCertified,Boolean,Proposition1,PathCompatibleExactRelations,PathCertified,,
tic-tac-toe,6,7,unary,true,true,Unary,Boolean,UnaryBaseline,UnaryRelation,StructuralHorn,,
tic-tac-toe,6,7,horn,true,true,Horn,Boolean,Theorem3,StarNestedHorn,StructuralHorn,,
tic-tac-toe,6,7,antihorn,true,true,AntiHorn,Boolean,Theorem4,StarNestedAntiHorn,StructuralAntiHorn,,
tic-tac-toe,6,7,square2cnf,true,true,Square2Cnf,Boolean,Theorem6,Square2CnfFormI,TwoSat,,
tic-tac-toe,6,7,affine,true,true,Affine,Boolean,Theorem5,SingleGf2Equation,Gf2Gaussian,,
tic-tac-toe,6,7,smart_certified,true,true,SmartCertified,Boolean,Proposition1,PathCompatibleExactRelations,PathCertified,,
tic-tac-toe,6,7,cals,true,true,SmartCertified,Boolean,Proposition1,PathCompatibleExactRelations,PathCertified,,
tic-tac-toe,6,7,cals_compact_explain,true,true,SmartCertified,Boolean,Proposition1,PathCompatibleExactRelations,PathCertified,,
tic-tac-toe,7,5,unary,true,true,Unary,Boolean,UnaryBaseline,UnaryRelation,StructuralHorn,,
tic-tac-toe,7,5,horn,true,true,Horn,Boolean,Theorem3,StarNestedHorn,StructuralHorn,,
tic-tac-toe,7,5,antihorn,true,true,AntiHorn,Boolean,Theorem4,StarNestedAntiHorn,StructuralAntiHorn,,
tic-tac-toe,7,5,square2cnf,true,true,Square2Cnf,Boolean,Theorem6,Square2CnfFormI,TwoSat,,
tic-tac-toe,7,5,affine,true,true,Affine,Boolean,Theorem5,SingleGf2Equation,Gf2Gaussian,,
tic-tac-toe,7,5,smart_certified,true,true,SmartCertified,Boolean,Proposition1,PathCompatibleExactRelations,PathCertified,,
tic-tac-toe,7,5,cals,true,true,SmartCertified,Boolean,Proposition1,PathCompatibleExactRelations,PathCertified,,
tic-tac-toe,7,5,cals_compact_explain,true,true,SmartCertified,Boolean,Proposition1,PathCompatibleExactRelations,PathCertified,,
tic-tac-toe,7,7,unary,true,true,Unary,Boolean,UnaryBaseline,UnaryRelation,StructuralHorn,,
tic-tac-toe,7,7,horn,true,true,Horn,Boolean,Theorem3,StarNestedHorn,StructuralHorn,,
tic-tac-toe,7,7,antihorn,true,true,AntiHorn,Boolean,Theorem4,StarNestedAntiHorn,StructuralAntiHorn,,
tic-tac-toe,7,7,square2cnf,true,true,Square2Cnf,Boolean,Theorem6,Square2CnfFormI,TwoSat,,
tic-tac-toe,7,7,affine,true,true,Affine,Boolean,Theorem5,SingleGf2Equation,Gf2Gaussian,,
tic-tac-toe,7,7,smart_certified,true,true,SmartCertified,Boolean,Proposition1,PathCompatibleExactRelations,PathCertified,,
tic-tac-toe,7,7,cals,true,true,SmartCertified,Boolean,Proposition1,PathCompatibleExactRelations,PathCertified,,
tic-tac-toe,7,7,cals_compact_explain,true,true,SmartCertified,Boolean,Proposition1,PathCompatibleExactRelations,PathCertified,,
tic-tac-toe,8,5,unary,true,true,Unary,Boolean,UnaryBaseline,UnaryRelation,StructuralHorn,,
tic-tac-toe,8,5,horn,true,true,Horn,Boolean,Theorem3,StarNestedHorn,StructuralHorn,,
tic-tac-toe,8,5,antihorn,true,true,AntiHorn,Boolean,Theorem4,StarNestedAntiHorn,StructuralAntiHorn,,
tic-tac-toe,8,5,square2cnf,true,true,Square2Cnf,Boolean,Theorem6,Square2CnfFormI,TwoSat,,
tic-tac-toe,8,5,affine,true,true,Affine,Boolean,Theorem5,SingleGf2Equation,Gf2Gaussian,,
tic-tac-toe,8,5,smart_certified,true,true,SmartCertified,Boolean,Proposition1,PathCompatibleExactRelations,PathCertified,,
tic-tac-toe,8,5,cals,true,true,SmartCertified,Boolean,Proposition1,PathCompatibleExactRelations,PathCertified,,
tic-tac-toe,8,5,cals_compact_explain,true,true,SmartCertified,Boolean,Proposition1,PathCompatibleExactRelations,PathCertified,,
tic-tac-toe,8,7,unary,true,true,Unary,Boolean,UnaryBaseline,UnaryRelation,StructuralHorn,,
tic-tac-toe,8,7,horn,true,true,Horn,Boolean,Theorem3,StarNestedHorn,StructuralHorn,,
tic-tac-toe,8,7,antihorn,true,true,AntiHorn,Boolean,Theorem4,StarNestedAntiHorn,StructuralAntiHorn,,
tic-tac-toe,8,7,square2cnf,true,true,Square2Cnf,Boolean,Theorem6,Square2CnfFormI,TwoSat,,
tic-tac-toe,8,7,affine,true,true,Affine,Boolean,Theorem5,SingleGf2Equation,Gf2Gaussian,,
tic-tac-toe,8,7,smart_certified,true,true,SmartCertified,Boolean,Proposition1,PathCompatibleExactRelations,PathCertified,,
tic-tac-toe,8,7,cals,true,true,SmartCertified,Boolean,Proposition1,PathCompatibleExactRelations,PathCertified,,
tic-tac-toe,8,7,cals_compact_explain,true,true,SmartCertified,Boolean,Proposition1,PathCompatibleExactRelations,PathCertified,,
tic-tac-toe,9,5,unary,true,true,Unary,Boolean,UnaryBaseline,UnaryRelation,StructuralHorn,,
tic-tac-toe,9,5,horn,true,true,Horn,Boolean,Theorem3,StarNestedHorn,StructuralHorn,,
tic-tac-toe,9,5,antihorn,true,true,AntiHorn,Boolean,Theorem4,StarNestedAntiHorn,StructuralAntiHorn,,
tic-tac-toe,9,5,square2cnf,true,true,Square2Cnf,Boolean,Theorem6,Square2CnfFormI,TwoSat,,
tic-tac-toe,9,5,affine,true,true,Affine,Boolean,Theorem5,SingleGf2Equation,Gf2Gaussian,,
tic-tac-toe,9,5,smart_certified,true,true,SmartCertified,Boolean,Proposition1,PathCompatibleExactRelations,PathCertified,,
tic-tac-toe,9,5,cals,true,true,SmartCertified,Boolean,Proposition1,PathCompatibleExactRelations,PathCertified,,
tic-tac-toe,9,5,cals_compact_explain,true,true,SmartCertified,Boolean,Proposition1,PathCompatibleExactRelations,PathCertified,,
tic-tac-toe,9,7,unary,true,true,Unary,Boolean,UnaryBaseline,UnaryRelation,StructuralHorn,,
tic-tac-toe,9,7,horn,true,true,Horn,Boolean,Theorem3,StarNestedHorn,StructuralHorn,,
tic-tac-toe,9,7,antihorn,true,true,AntiHorn,Boolean,Theorem4,StarNestedAntiHorn,StructuralAntiHorn,,
tic-tac-toe,9,7,square2cnf,true,true,Square2Cnf,Boolean,Theorem6,Square2CnfFormI,TwoSat,,
tic-tac-toe,9,7,affine,true,true,Affine,Boolean,Theorem5,SingleGf2Equation,Gf2Gaussian,,
tic-tac-toe,9,7,smart_certified,true,true,SmartCertified,Boolean,Proposition1,PathCompatibleExactRelations,PathCertified,,
tic-tac-toe,9,7,cals,true,true,SmartCertified,Boolean,Proposition1,PathCompatibleExactRelations,PathCertified,,
tic-tac-toe,9,7,cals_compact_explain,true,true,SmartCertified,Boolean,Proposition1,PathCompatibleExactRelations,PathCertified,,
titanic-un,0,5,unary,true,true,Unary,Boolean,UnaryBaseline,UnaryRelation,StructuralHorn,,
titanic-un,0,5,horn,true,true,Horn,Boolean,Theorem3,StarNestedHorn,StructuralHorn,,
titanic-un,0,5,antihorn,true,true,AntiHorn,Boolean,Theorem4,StarNestedAntiHorn,StructuralAntiHorn,,
titanic-un,0,5,square2cnf,true,true,Square2Cnf,Boolean,Theorem6,Square2CnfFormI,TwoSat,,
titanic-un,0,5,affine,true,true,Affine,Boolean,Theorem5,SingleGf2Equation,Gf2Gaussian,,
titanic-un,0,5,smart_certified,true,true,SmartCertified,Boolean,Proposition1,PathCompatibleExactRelations,PathCertified,,
titanic-un,0,5,cals,true,true,SmartCertified,Boolean,Proposition1,PathCompatibleExactRelations,PathCertified,,
titanic-un,0,5,cals_compact_explain,true,true,SmartCertified,Boolean,Proposition1,PathCompatibleExactRelations,PathCertified,,
titanic-un,0,7,unary,true,true,Unary,Boolean,UnaryBaseline,UnaryRelation,StructuralHorn,,
titanic-un,0,7,horn,true,true,Horn,Boolean,Theorem3,StarNestedHorn,StructuralHorn,,
titanic-un,0,7,antihorn,true,true,AntiHorn,Boolean,Theorem4,StarNestedAntiHorn,StructuralAntiHorn,,
titanic-un,0,7,square2cnf,true,true,Square2Cnf,Boolean,Theorem6,Square2CnfFormI,TwoSat,,
titanic-un,0,7,affine,true,true,Affine,Boolean,Theorem5,SingleGf2Equation,Gf2Gaussian,,
titanic-un,0,7,smart_certified,true,true,SmartCertified,Boolean,Proposition1,PathCompatibleExactRelations,PathCertified,,
titanic-un,0,7,cals,true,true,SmartCertified,Boolean,Proposition1,PathCompatibleExactRelations,PathCertified,,
titanic-un,0,7,cals_compact_explain,true,true,SmartCertified,Boolean,Proposition1,PathCompatibleExactRelations,PathCertified,,
titanic-un,1,5,unary,true,true,Unary,Boolean,UnaryBaseline,UnaryRelation,StructuralHorn,,
titanic-un,1,5,horn,true,true,Horn,Boolean,Theorem3,StarNestedHorn,StructuralHorn,,
titanic-un,1,5,antihorn,true,true,AntiHorn,Boolean,Theorem4,StarNestedAntiHorn,StructuralAntiHorn,,
titanic-un,1,5,square2cnf,true,true,Square2Cnf,Boolean,Theorem6,Square2CnfFormI,TwoSat,,
titanic-un,1,5,affine,true,true,Affine,Boolean,Theorem5,SingleGf2Equation,Gf2Gaussian,,
titanic-un,1,5,smart_certified,true,true,SmartCertified,Boolean,Proposition1,PathCompatibleExactRelations,PathCertified,,
titanic-un,1,5,cals,true,true,SmartCertified,Boolean,Proposition1,PathCompatibleExactRelations,PathCertified,,
titanic-un,1,5,cals_compact_explain,true,true,SmartCertified,Boolean,Proposition1,PathCompatibleExactRelations,PathCertified,,
titanic-un,1,7,unary,true,true,Unary,Boolean,UnaryBaseline,UnaryRelation,StructuralHorn,,
titanic-un,1,7,horn,true,true,Horn,Boolean,Theorem3,StarNestedHorn,StructuralHorn,,
titanic-un,1,7,antihorn,true,true,AntiHorn,Boolean,Theorem4,StarNestedAntiHorn,StructuralAntiHorn,,
titanic-un,1,7,square2cnf,true,true,Square2Cnf,Boolean,Theorem6,Square2CnfFormI,TwoSat,,
titanic-un,1,7,affine,true,true,Affine,Boolean,Theorem5,SingleGf2Equation,Gf2Gaussian,,
titanic-un,1,7,smart_certified,true,true,SmartCertified,Boolean,Proposition1,PathCompatibleExactRelations,PathCertified,,
titanic-un,1,7,cals,true,true,SmartCertified,Boolean,Proposition1,PathCompatibleExactRelations,PathCertified,,
titanic-un,1,7,cals_compact_explain,true,true,SmartCertified,Boolean,Proposition1,PathCompatibleExactRelations,PathCertified,,
titanic-un,2,5,unary,true,true,Unary,Boolean,UnaryBaseline,UnaryRelation,StructuralHorn,,
titanic-un,2,5,horn,true,true,Horn,Boolean,Theorem3,StarNestedHorn,StructuralHorn,,
titanic-un,2,5,antihorn,true,true,AntiHorn,Boolean,Theorem4,StarNestedAntiHorn,StructuralAntiHorn,,
titanic-un,2,5,square2cnf,true,true,Square2Cnf,Boolean,Theorem6,Square2CnfFormI,TwoSat,,
titanic-un,2,5,affine,true,true,Affine,Boolean,Theorem5,SingleGf2Equation,Gf2Gaussian,,
titanic-un,2,5,smart_certified,true,true,SmartCertified,Boolean,Proposition1,PathCompatibleExactRelations,PathCertified,,
titanic-un,2,5,cals,true,true,SmartCertified,Boolean,Proposition1,PathCompatibleExactRelations,PathCertified,,
titanic-un,2,5,cals_compact_explain,true,true,SmartCertified,Boolean,Proposition1,PathCompatibleExactRelations,PathCertified,,
titanic-un,2,7,unary,true,true,Unary,Boolean,UnaryBaseline,UnaryRelation,StructuralHorn,,
titanic-un,2,7,horn,true,true,Horn,Boolean,Theorem3,StarNestedHorn,StructuralHorn,,
titanic-un,2,7,antihorn,true,true,AntiHorn,Boolean,Theorem4,StarNestedAntiHorn,StructuralAntiHorn,,
titanic-un,2,7,square2cnf,true,true,Square2Cnf,Boolean,Theorem6,Square2CnfFormI,TwoSat,,
titanic-un,2,7,affine,true,true,Affine,Boolean,Theorem5,SingleGf2Equation,Gf2Gaussian,,
titanic-un,2,7,smart_certified,true,true,SmartCertified,Boolean,Proposition1,PathCompatibleExactRelations,PathCertified,,
titanic-un,2,7,cals,true,true,SmartCertified,Boolean,Proposition1,PathCompatibleExactRelations,PathCertified,,
titanic-un,2,7,cals_compact_explain,true,true,SmartCertified,Boolean,Proposition1,PathCompatibleExactRelations,PathCertified,,
titanic-un,3,5,unary,true,true,Unary,Boolean,UnaryBaseline,UnaryRelation,StructuralHorn,,
titanic-un,3,5,horn,true,true,Horn,Boolean,Theorem3,StarNestedHorn,StructuralHorn,,
titanic-un,3,5,antihorn,true,true,AntiHorn,Boolean,Theorem4,StarNestedAntiHorn,StructuralAntiHorn,,
titanic-un,3,5,square2cnf,true,true,Square2Cnf,Boolean,Theorem6,Square2CnfFormI,TwoSat,,
titanic-un,3,5,affine,true,true,Affine,Boolean,Theorem5,SingleGf2Equation,Gf2Gaussian,,
titanic-un,3,5,smart_certified,true,true,SmartCertified,Boolean,Proposition1,PathCompatibleExactRelations,PathCertified,,
titanic-un,3,5,cals,true,true,SmartCertified,Boolean,Proposition1,PathCompatibleExactRelations,PathCertified,,
titanic-un,3,5,cals_compact_explain,true,true,SmartCertified,Boolean,Proposition1,PathCompatibleExactRelations,PathCertified,,
titanic-un,3,7,unary,true,true,Unary,Boolean,UnaryBaseline,UnaryRelation,StructuralHorn,,
titanic-un,3,7,horn,true,true,Horn,Boolean,Theorem3,StarNestedHorn,StructuralHorn,,
titanic-un,3,7,antihorn,true,true,AntiHorn,Boolean,Theorem4,StarNestedAntiHorn,StructuralAntiHorn,,
titanic-un,3,7,square2cnf,true,true,Square2Cnf,Boolean,Theorem6,Square2CnfFormI,TwoSat,,
titanic-un,3,7,affine,true,true,Affine,Boolean,Theorem5,SingleGf2Equation,Gf2Gaussian,,
titanic-un,3,7,smart_certified,true,true,SmartCertified,Boolean,Proposition1,PathCompatibleExactRelations,PathCertified,,
titanic-un,3,7,cals,true,true,SmartCertified,Boolean,Proposition1,PathCompatibleExactRelations,PathCertified,,
titanic-un,3,7,cals_compact_explain,true,true,SmartCertified,Boolean,Proposition1,PathCompatibleExactRelations,PathCertified,,
titanic-un,4,5,unary,true,true,Unary,Boolean,UnaryBaseline,UnaryRelation,StructuralHorn,,
titanic-un,4,5,horn,true,true,Horn,Boolean,Theorem3,StarNestedHorn,StructuralHorn,,
titanic-un,4,5,antihorn,true,true,AntiHorn,Boolean,Theorem4,StarNestedAntiHorn,StructuralAntiHorn,,
titanic-un,4,5,square2cnf,true,true,Square2Cnf,Boolean,Theorem6,Square2CnfFormI,TwoSat,,
titanic-un,4,5,affine,true,true,Affine,Boolean,Theorem5,SingleGf2Equation,Gf2Gaussian,,
titanic-un,4,5,smart_certified,true,true,SmartCertified,Boolean,Proposition1,PathCompatibleExactRelations,PathCertified,,
titanic-un,4,5,cals,true,true,SmartCertified,Boolean,Proposition1,PathCompatibleExactRelations,PathCertified,,
titanic-un,4,5,cals_compact_explain,true,true,SmartCertified,Boolean,Proposition1,PathCompatibleExactRelations,PathCertified,,
titanic-un,4,7,unary,true,true,Unary,Boolean,UnaryBaseline,UnaryRelation,StructuralHorn,,
titanic-un,4,7,horn,true,true,Horn,Boolean,Theorem3,StarNestedHorn,StructuralHorn,,
titanic-un,4,7,antihorn,true,true,AntiHorn,Boolean,Theorem4,StarNestedAntiHorn,StructuralAntiHorn,,
titanic-un,4,7,square2cnf,true,true,Square2Cnf,Boolean,Theorem6,Square2CnfFormI,TwoSat,,
titanic-un,4,7,affine,true,true,Affine,Boolean,Theorem5,SingleGf2Equation,Gf2Gaussian,,
titanic-un,4,7,smart_certified,true,true,SmartCertified,Boolean,Proposition1,PathCompatibleExactRelations,PathCertified,,
titanic-un,4,7,cals,true,true,SmartCertified,Boolean,Proposition1,PathCompatibleExactRelations,PathCertified,,
titanic-un,4,7,cals_compact_explain,true,true,SmartCertified,Boolean,Proposition1,PathCompatibleExactRelations,PathCertified,,
titanic-un,5,5,unary,true,true,Unary,Boolean,UnaryBaseline,UnaryRelation,StructuralHorn,,
titanic-un,5,5,horn,true,true,Horn,Boolean,Theorem3,StarNestedHorn,StructuralHorn,,
titanic-un,5,5,antihorn,true,true,AntiHorn,Boolean,Theorem4,StarNestedAntiHorn,StructuralAntiHorn,,
titanic-un,5,5,square2cnf,true,true,Square2Cnf,Boolean,Theorem6,Square2CnfFormI,TwoSat,,
titanic-un,5,5,affine,true,true,Affine,Boolean,Theorem5,SingleGf2Equation,Gf2Gaussian,,
titanic-un,5,5,smart_certified,true,true,SmartCertified,Boolean,Proposition1,PathCompatibleExactRelations,PathCertified,,
titanic-un,5,5,cals,true,true,SmartCertified,Boolean,Proposition1,PathCompatibleExactRelations,PathCertified,,
titanic-un,5,5,cals_compact_explain,true,true,SmartCertified,Boolean,Proposition1,PathCompatibleExactRelations,PathCertified,,
titanic-un,5,7,unary,true,true,Unary,Boolean,UnaryBaseline,UnaryRelation,StructuralHorn,,
titanic-un,5,7,horn,true,true,Horn,Boolean,Theorem3,StarNestedHorn,StructuralHorn,,
titanic-un,5,7,antihorn,true,true,AntiHorn,Boolean,Theorem4,StarNestedAntiHorn,StructuralAntiHorn,,
titanic-un,5,7,square2cnf,true,true,Square2Cnf,Boolean,Theorem6,Square2CnfFormI,TwoSat,,
titanic-un,5,7,affine,true,true,Affine,Boolean,Theorem5,SingleGf2Equation,Gf2Gaussian,,
titanic-un,5,7,smart_certified,true,true,SmartCertified,Boolean,Proposition1,PathCompatibleExactRelations,PathCertified,,
titanic-un,5,7,cals,true,true,SmartCertified,Boolean,Proposition1,PathCompatibleExactRelations,PathCertified,,
titanic-un,5,7,cals_compact_explain,true,true,SmartCertified,Boolean,Proposition1,PathCompatibleExactRelations,PathCertified,,
titanic-un,6,5,unary,true,true,Unary,Boolean,UnaryBaseline,UnaryRelation,StructuralHorn,,
titanic-un,6,5,horn,true,true,Horn,Boolean,Theorem3,StarNestedHorn,StructuralHorn,,
titanic-un,6,5,antihorn,true,true,AntiHorn,Boolean,Theorem4,StarNestedAntiHorn,StructuralAntiHorn,,
titanic-un,6,5,square2cnf,true,true,Square2Cnf,Boolean,Theorem6,Square2CnfFormI,TwoSat,,
titanic-un,6,5,affine,true,true,Affine,Boolean,Theorem5,SingleGf2Equation,Gf2Gaussian,,
titanic-un,6,5,smart_certified,true,true,SmartCertified,Boolean,Proposition1,PathCompatibleExactRelations,PathCertified,,
titanic-un,6,5,cals,true,true,SmartCertified,Boolean,Proposition1,PathCompatibleExactRelations,PathCertified,,
titanic-un,6,5,cals_compact_explain,true,true,SmartCertified,Boolean,Proposition1,PathCompatibleExactRelations,PathCertified,,
titanic-un,6,7,unary,true,true,Unary,Boolean,UnaryBaseline,UnaryRelation,StructuralHorn,,
titanic-un,6,7,horn,true,true,Horn,Boolean,Theorem3,StarNestedHorn,StructuralHorn,,
titanic-un,6,7,antihorn,true,true,AntiHorn,Boolean,Theorem4,StarNestedAntiHorn,StructuralAntiHorn,,
titanic-un,6,7,square2cnf,true,true,Square2Cnf,Boolean,Theorem6,Square2CnfFormI,TwoSat,,
titanic-un,6,7,affine,true,true,Affine,Boolean,Theorem5,SingleGf2Equation,Gf2Gaussian,,
titanic-un,6,7,smart_certified,true,true,SmartCertified,Boolean,Proposition1,PathCompatibleExactRelations,PathCertified,,
titanic-un,6,7,cals,true,true,SmartCertified,Boolean,Proposition1,PathCompatibleExactRelations,PathCertified,,
titanic-un,6,7,cals_compact_explain,true,true,SmartCertified,Boolean,Proposition1,PathCompatibleExactRelations,PathCertified,,
titanic-un,7,5,unary,true,true,Unary,Boolean,UnaryBaseline,UnaryRelation,StructuralHorn,,
titanic-un,7,5,horn,true,true,Horn,Boolean,Theorem3,StarNestedHorn,StructuralHorn,,
titanic-un,7,5,antihorn,true,true,AntiHorn,Boolean,Theorem4,StarNestedAntiHorn,StructuralAntiHorn,,
titanic-un,7,5,square2cnf,true,true,Square2Cnf,Boolean,Theorem6,Square2CnfFormI,TwoSat,,
titanic-un,7,5,affine,true,true,Affine,Boolean,Theorem5,SingleGf2Equation,Gf2Gaussian,,
titanic-un,7,5,smart_certified,true,true,SmartCertified,Boolean,Proposition1,PathCompatibleExactRelations,PathCertified,,
titanic-un,7,5,cals,true,true,SmartCertified,Boolean,Proposition1,PathCompatibleExactRelations,PathCertified,,
titanic-un,7,5,cals_compact_explain,true,true,SmartCertified,Boolean,Proposition1,PathCompatibleExactRelations,PathCertified,,
titanic-un,7,7,unary,true,true,Unary,Boolean,UnaryBaseline,UnaryRelation,StructuralHorn,,
titanic-un,7,7,horn,true,true,Horn,Boolean,Theorem3,StarNestedHorn,StructuralHorn,,
titanic-un,7,7,antihorn,true,true,AntiHorn,Boolean,Theorem4,StarNestedAntiHorn,StructuralAntiHorn,,
titanic-un,7,7,square2cnf,true,true,Square2Cnf,Boolean,Theorem6,Square2CnfFormI,TwoSat,,
titanic-un,7,7,affine,true,true,Affine,Boolean,Theorem5,SingleGf2Equation,Gf2Gaussian,,
titanic-un,7,7,smart_certified,true,true,SmartCertified,Boolean,Proposition1,PathCompatibleExactRelations,PathCertified,,
titanic-un,7,7,cals,true,true,SmartCertified,Boolean,Proposition1,PathCompatibleExactRelations,PathCertified,,
titanic-un,7,7,cals_compact_explain,true,true,SmartCertified,Boolean,Proposition1,PathCompatibleExactRelations,PathCertified,,
titanic-un,8,5,unary,true,true,Unary,Boolean,UnaryBaseline,UnaryRelation,StructuralHorn,,
titanic-un,8,5,horn,true,true,Horn,Boolean,Theorem3,StarNestedHorn,StructuralHorn,,
titanic-un,8,5,antihorn,true,true,AntiHorn,Boolean,Theorem4,StarNestedAntiHorn,StructuralAntiHorn,,
titanic-un,8,5,square2cnf,true,true,Square2Cnf,Boolean,Theorem6,Square2CnfFormI,TwoSat,,
titanic-un,8,5,affine,true,true,Affine,Boolean,Theorem5,SingleGf2Equation,Gf2Gaussian,,
titanic-un,8,5,smart_certified,true,true,SmartCertified,Boolean,Proposition1,PathCompatibleExactRelations,PathCertified,,
titanic-un,8,5,cals,true,true,SmartCertified,Boolean,Proposition1,PathCompatibleExactRelations,PathCertified,,
titanic-un,8,5,cals_compact_explain,true,true,SmartCertified,Boolean,Proposition1,PathCompatibleExactRelations,PathCertified,,
titanic-un,8,7,unary,true,true,Unary,Boolean,UnaryBaseline,UnaryRelation,StructuralHorn,,
titanic-un,8,7,horn,true,true,Horn,Boolean,Theorem3,StarNestedHorn,StructuralHorn,,
titanic-un,8,7,antihorn,true,true,AntiHorn,Boolean,Theorem4,StarNestedAntiHorn,StructuralAntiHorn,,
titanic-un,8,7,square2cnf,true,true,Square2Cnf,Boolean,Theorem6,Square2CnfFormI,TwoSat,,
titanic-un,8,7,affine,true,true,Affine,Boolean,Theorem5,SingleGf2Equation,Gf2Gaussian,,
titanic-un,8,7,smart_certified,true,true,SmartCertified,Boolean,Proposition1,PathCompatibleExactRelations,PathCertified,,
titanic-un,8,7,cals,true,true,SmartCertified,Boolean,Proposition1,PathCompatibleExactRelations,PathCertified,,
titanic-un,8,7,cals_compact_explain,true,true,SmartCertified,Boolean,Proposition1,PathCompatibleExactRelations,PathCertified,,
titanic-un,9,5,unary,true,true,Unary,Boolean,UnaryBaseline,UnaryRelation,StructuralHorn,,
titanic-un,9,5,horn,true,true,Horn,Boolean,Theorem3,StarNestedHorn,StructuralHorn,,
titanic-un,9,5,antihorn,true,true,AntiHorn,Boolean,Theorem4,StarNestedAntiHorn,StructuralAntiHorn,,
titanic-un,9,5,square2cnf,true,true,Square2Cnf,Boolean,Theorem6,Square2CnfFormI,TwoSat,,
titanic-un,9,5,affine,true,true,Affine,Boolean,Theorem5,SingleGf2Equation,Gf2Gaussian,,
titanic-un,9,5,smart_certified,true,true,SmartCertified,Boolean,Proposition1,PathCompatibleExactRelations,PathCertified,,
titanic-un,9,5,cals,true,true,SmartCertified,Boolean,Proposition1,PathCompatibleExactRelations,PathCertified,,
titanic-un,9,5,cals_compact_explain,true,true,SmartCertified,Boolean,Proposition1,PathCompatibleExactRelations,PathCertified,,
titanic-un,9,7,unary,true,true,Unary,Boolean,UnaryBaseline,UnaryRelation,StructuralHorn,,
titanic-un,9,7,horn,true,true,Horn,Boolean,Theorem3,StarNestedHorn,StructuralHorn,,
titanic-un,9,7,antihorn,true,true,AntiHorn,Boolean,Theorem4,StarNestedAntiHorn,StructuralAntiHorn,,
titanic-un,9,7,square2cnf,true,true,Square2Cnf,Boolean,Theorem6,Square2CnfFormI,TwoSat,,
titanic-un,9,7,affine,true,true,Affine,Boolean,Theorem5,SingleGf2Equation,Gf2Gaussian,,
titanic-un,9,7,smart_certified,true,true,SmartCertified,Boolean,Proposition1,PathCompatibleExactRelations,PathCertified,,
titanic-un,9,7,cals,true,true,SmartCertified,Boolean,Proposition1,PathCompatibleExactRelations,PathCertified,,
titanic-un,9,7,cals_compact_explain,true,true,SmartCertified,Boolean,Proposition1,PathCompatibleExactRelations,PathCertified,,
vehicle,0,5,unary,true,true,Unary,Boolean,UnaryBaseline,UnaryRelation,StructuralHorn,,
vehicle,0,5,horn,true,true,Horn,Boolean,Theorem3,StarNestedHorn,StructuralHorn,,
vehicle,0,5,antihorn,true,true,AntiHorn,Boolean,Theorem4,StarNestedAntiHorn,StructuralAntiHorn,,
vehicle,0,5,square2cnf,true,true,Square2Cnf,Boolean,Theorem6,Square2CnfFormI,TwoSat,,
vehicle,0,5,affine,true,true,Affine,Boolean,Theorem5,SingleGf2Equation,Gf2Gaussian,,
vehicle,0,5,smart_certified,true,true,SmartCertified,Boolean,Proposition1,PathCompatibleExactRelations,PathCertified,,
vehicle,0,5,cals,true,true,SmartCertified,Boolean,Proposition1,PathCompatibleExactRelations,PathCertified,,
vehicle,0,5,cals_compact_explain,true,true,SmartCertified,Boolean,Proposition1,PathCompatibleExactRelations,PathCertified,,
vehicle,0,7,unary,true,true,Unary,Boolean,UnaryBaseline,UnaryRelation,StructuralHorn,,
vehicle,0,7,horn,true,true,Horn,Boolean,Theorem3,StarNestedHorn,StructuralHorn,,
vehicle,0,7,antihorn,true,true,AntiHorn,Boolean,Theorem4,StarNestedAntiHorn,StructuralAntiHorn,,
vehicle,0,7,square2cnf,true,true,Square2Cnf,Boolean,Theorem6,Square2CnfFormI,TwoSat,,
vehicle,0,7,affine,true,true,Affine,Boolean,Theorem5,SingleGf2Equation,Gf2Gaussian,,
vehicle,0,7,smart_certified,true,true,SmartCertified,Boolean,Proposition1,PathCompatibleExactRelations,PathCertified,,
vehicle,0,7,cals,true,true,SmartCertified,Boolean,Proposition1,PathCompatibleExactRelations,PathCertified,,
vehicle,0,7,cals_compact_explain,true,true,SmartCertified,Boolean,Proposition1,PathCompatibleExactRelations,PathCertified,,
vehicle,1,5,unary,true,true,Unary,Boolean,UnaryBaseline,UnaryRelation,StructuralHorn,,
vehicle,1,5,horn,true,true,Horn,Boolean,Theorem3,StarNestedHorn,StructuralHorn,,
vehicle,1,5,antihorn,true,true,AntiHorn,Boolean,Theorem4,StarNestedAntiHorn,StructuralAntiHorn,,
vehicle,1,5,square2cnf,true,true,Square2Cnf,Boolean,Theorem6,Square2CnfFormI,TwoSat,,
vehicle,1,5,affine,true,true,Affine,Boolean,Theorem5,SingleGf2Equation,Gf2Gaussian,,
vehicle,1,5,smart_certified,true,true,SmartCertified,Boolean,Proposition1,PathCompatibleExactRelations,PathCertified,,
vehicle,1,5,cals,true,true,SmartCertified,Boolean,Proposition1,PathCompatibleExactRelations,PathCertified,,
vehicle,1,5,cals_compact_explain,true,true,SmartCertified,Boolean,Proposition1,PathCompatibleExactRelations,PathCertified,,
vehicle,1,7,unary,true,true,Unary,Boolean,UnaryBaseline,UnaryRelation,StructuralHorn,,
vehicle,1,7,horn,true,true,Horn,Boolean,Theorem3,StarNestedHorn,StructuralHorn,,
vehicle,1,7,antihorn,true,true,AntiHorn,Boolean,Theorem4,StarNestedAntiHorn,StructuralAntiHorn,,
vehicle,1,7,square2cnf,true,true,Square2Cnf,Boolean,Theorem6,Square2CnfFormI,TwoSat,,
vehicle,1,7,affine,true,true,Affine,Boolean,Theorem5,SingleGf2Equation,Gf2Gaussian,,
vehicle,1,7,smart_certified,true,true,SmartCertified,Boolean,Proposition1,PathCompatibleExactRelations,PathCertified,,
vehicle,1,7,cals,true,true,SmartCertified,Boolean,Proposition1,PathCompatibleExactRelations,PathCertified,,
vehicle,1,7,cals_compact_explain,true,true,SmartCertified,Boolean,Proposition1,PathCompatibleExactRelations,PathCertified,,
vehicle,2,5,unary,true,true,Unary,Boolean,UnaryBaseline,UnaryRelation,StructuralHorn,,
vehicle,2,5,horn,true,true,Horn,Boolean,Theorem3,StarNestedHorn,StructuralHorn,,
vehicle,2,5,antihorn,true,true,AntiHorn,Boolean,Theorem4,StarNestedAntiHorn,StructuralAntiHorn,,
vehicle,2,5,square2cnf,true,true,Square2Cnf,Boolean,Theorem6,Square2CnfFormI,TwoSat,,
vehicle,2,5,affine,true,true,Affine,Boolean,Theorem5,SingleGf2Equation,Gf2Gaussian,,
vehicle,2,5,smart_certified,true,true,SmartCertified,Boolean,Proposition1,PathCompatibleExactRelations,PathCertified,,
vehicle,2,5,cals,true,true,SmartCertified,Boolean,Proposition1,PathCompatibleExactRelations,PathCertified,,
vehicle,2,5,cals_compact_explain,true,true,SmartCertified,Boolean,Proposition1,PathCompatibleExactRelations,PathCertified,,
vehicle,2,7,unary,true,true,Unary,Boolean,UnaryBaseline,UnaryRelation,StructuralHorn,,
vehicle,2,7,horn,true,true,Horn,Boolean,Theorem3,StarNestedHorn,StructuralHorn,,
vehicle,2,7,antihorn,true,true,AntiHorn,Boolean,Theorem4,StarNestedAntiHorn,StructuralAntiHorn,,
vehicle,2,7,square2cnf,true,true,Square2Cnf,Boolean,Theorem6,Square2CnfFormI,TwoSat,,
vehicle,2,7,affine,true,true,Affine,Boolean,Theorem5,SingleGf2Equation,Gf2Gaussian,,
vehicle,2,7,smart_certified,true,true,SmartCertified,Boolean,Proposition1,PathCompatibleExactRelations,PathCertified,,
vehicle,2,7,cals,true,true,SmartCertified,Boolean,Proposition1,PathCompatibleExactRelations,PathCertified,,
vehicle,2,7,cals_compact_explain,true,true,SmartCertified,Boolean,Proposition1,PathCompatibleExactRelations,PathCertified,,
vehicle,3,5,unary,true,true,Unary,Boolean,UnaryBaseline,UnaryRelation,StructuralHorn,,
vehicle,3,5,horn,true,true,Horn,Boolean,Theorem3,StarNestedHorn,StructuralHorn,,
vehicle,3,5,antihorn,true,true,AntiHorn,Boolean,Theorem4,StarNestedAntiHorn,StructuralAntiHorn,,
vehicle,3,5,square2cnf,true,true,Square2Cnf,Boolean,Theorem6,Square2CnfFormI,TwoSat,,
vehicle,3,5,affine,true,true,Affine,Boolean,Theorem5,SingleGf2Equation,Gf2Gaussian,,
vehicle,3,5,smart_certified,true,true,SmartCertified,Boolean,Proposition1,PathCompatibleExactRelations,PathCertified,,
vehicle,3,5,cals,true,true,SmartCertified,Boolean,Proposition1,PathCompatibleExactRelations,PathCertified,,
vehicle,3,5,cals_compact_explain,true,true,SmartCertified,Boolean,Proposition1,PathCompatibleExactRelations,PathCertified,,
vehicle,3,7,unary,true,true,Unary,Boolean,UnaryBaseline,UnaryRelation,StructuralHorn,,
vehicle,3,7,horn,true,true,Horn,Boolean,Theorem3,StarNestedHorn,StructuralHorn,,
vehicle,3,7,antihorn,true,true,AntiHorn,Boolean,Theorem4,StarNestedAntiHorn,StructuralAntiHorn,,
vehicle,3,7,square2cnf,true,true,Square2Cnf,Boolean,Theorem6,Square2CnfFormI,TwoSat,,
vehicle,3,7,affine,true,true,Affine,Boolean,Theorem5,SingleGf2Equation,Gf2Gaussian,,
vehicle,3,7,smart_certified,true,true,SmartCertified,Boolean,Proposition1,PathCompatibleExactRelations,PathCertified,,
vehicle,3,7,cals,true,true,SmartCertified,Boolean,Proposition1,PathCompatibleExactRelations,PathCertified,,
vehicle,3,7,cals_compact_explain,true,true,SmartCertified,Boolean,Proposition1,PathCompatibleExactRelations,PathCertified,,
vehicle,4,5,unary,true,true,Unary,Boolean,UnaryBaseline,UnaryRelation,StructuralHorn,,
vehicle,4,5,horn,true,true,Horn,Boolean,Theorem3,StarNestedHorn,StructuralHorn,,
vehicle,4,5,antihorn,true,true,AntiHorn,Boolean,Theorem4,StarNestedAntiHorn,StructuralAntiHorn,,
vehicle,4,5,square2cnf,true,true,Square2Cnf,Boolean,Theorem6,Square2CnfFormI,TwoSat,,
vehicle,4,5,affine,true,true,Affine,Boolean,Theorem5,SingleGf2Equation,Gf2Gaussian,,
vehicle,4,5,smart_certified,true,true,SmartCertified,Boolean,Proposition1,PathCompatibleExactRelations,PathCertified,,
vehicle,4,5,cals,true,true,SmartCertified,Boolean,Proposition1,PathCompatibleExactRelations,PathCertified,,
vehicle,4,5,cals_compact_explain,true,true,SmartCertified,Boolean,Proposition1,PathCompatibleExactRelations,PathCertified,,
vehicle,4,7,unary,true,true,Unary,Boolean,UnaryBaseline,UnaryRelation,StructuralHorn,,
vehicle,4,7,horn,true,true,Horn,Boolean,Theorem3,StarNestedHorn,StructuralHorn,,
vehicle,4,7,antihorn,true,true,AntiHorn,Boolean,Theorem4,StarNestedAntiHorn,StructuralAntiHorn,,
vehicle,4,7,square2cnf,true,true,Square2Cnf,Boolean,Theorem6,Square2CnfFormI,TwoSat,,
vehicle,4,7,affine,true,true,Affine,Boolean,Theorem5,SingleGf2Equation,Gf2Gaussian,,
vehicle,4,7,smart_certified,true,true,SmartCertified,Boolean,Proposition1,PathCompatibleExactRelations,PathCertified,,
vehicle,4,7,cals,true,true,SmartCertified,Boolean,Proposition1,PathCompatibleExactRelations,PathCertified,,
vehicle,4,7,cals_compact_explain,true,true,SmartCertified,Boolean,Proposition1,PathCompatibleExactRelations,PathCertified,,
vehicle,5,5,unary,true,true,Unary,Boolean,UnaryBaseline,UnaryRelation,StructuralHorn,,
vehicle,5,5,horn,true,true,Horn,Boolean,Theorem3,StarNestedHorn,StructuralHorn,,
vehicle,5,5,antihorn,true,true,AntiHorn,Boolean,Theorem4,StarNestedAntiHorn,StructuralAntiHorn,,
vehicle,5,5,square2cnf,true,true,Square2Cnf,Boolean,Theorem6,Square2CnfFormI,TwoSat,,
vehicle,5,5,affine,true,true,Affine,Boolean,Theorem5,SingleGf2Equation,Gf2Gaussian,,
vehicle,5,5,smart_certified,true,true,SmartCertified,Boolean,Proposition1,PathCompatibleExactRelations,PathCertified,,
vehicle,5,5,cals,true,true,SmartCertified,Boolean,Proposition1,PathCompatibleExactRelations,PathCertified,,
vehicle,5,5,cals_compact_explain,true,true,SmartCertified,Boolean,Proposition1,PathCompatibleExactRelations,PathCertified,,
vehicle,5,7,unary,true,true,Unary,Boolean,UnaryBaseline,UnaryRelation,StructuralHorn,,
vehicle,5,7,horn,true,true,Horn,Boolean,Theorem3,StarNestedHorn,StructuralHorn,,
vehicle,5,7,antihorn,true,true,AntiHorn,Boolean,Theorem4,StarNestedAntiHorn,StructuralAntiHorn,,
vehicle,5,7,square2cnf,true,true,Square2Cnf,Boolean,Theorem6,Square2CnfFormI,TwoSat,,
vehicle,5,7,affine,true,true,Affine,Boolean,Theorem5,SingleGf2Equation,Gf2Gaussian,,
vehicle,5,7,smart_certified,true,true,SmartCertified,Boolean,Proposition1,PathCompatibleExactRelations,PathCertified,,
vehicle,5,7,cals,true,true,SmartCertified,Boolean,Proposition1,PathCompatibleExactRelations,PathCertified,,
vehicle,5,7,cals_compact_explain,true,true,SmartCertified,Boolean,Proposition1,PathCompatibleExactRelations,PathCertified,,
vehicle,6,5,unary,true,true,Unary,Boolean,UnaryBaseline,UnaryRelation,StructuralHorn,,
vehicle,6,5,horn,true,true,Horn,Boolean,Theorem3,StarNestedHorn,StructuralHorn,,
vehicle,6,5,antihorn,true,true,AntiHorn,Boolean,Theorem4,StarNestedAntiHorn,StructuralAntiHorn,,
vehicle,6,5,square2cnf,true,true,Square2Cnf,Boolean,Theorem6,Square2CnfFormI,TwoSat,,
vehicle,6,5,affine,true,true,Affine,Boolean,Theorem5,SingleGf2Equation,Gf2Gaussian,,
vehicle,6,5,smart_certified,true,true,SmartCertified,Boolean,Proposition1,PathCompatibleExactRelations,PathCertified,,
vehicle,6,5,cals,true,true,SmartCertified,Boolean,Proposition1,PathCompatibleExactRelations,PathCertified,,
vehicle,6,5,cals_compact_explain,true,true,SmartCertified,Boolean,Proposition1,PathCompatibleExactRelations,PathCertified,,
vehicle,6,7,unary,true,true,Unary,Boolean,UnaryBaseline,UnaryRelation,StructuralHorn,,
vehicle,6,7,horn,true,true,Horn,Boolean,Theorem3,StarNestedHorn,StructuralHorn,,
vehicle,6,7,antihorn,true,true,AntiHorn,Boolean,Theorem4,StarNestedAntiHorn,StructuralAntiHorn,,
vehicle,6,7,square2cnf,true,true,Square2Cnf,Boolean,Theorem6,Square2CnfFormI,TwoSat,,
vehicle,6,7,affine,true,true,Affine,Boolean,Theorem5,SingleGf2Equation,Gf2Gaussian,,
vehicle,6,7,smart_certified,true,true,SmartCertified,Boolean,Proposition1,PathCompatibleExactRelations,PathCertified,,
vehicle,6,7,cals,true,true,SmartCertified,Boolean,Proposition1,PathCompatibleExactRelations,PathCertified,,
vehicle,6,7,cals_compact_explain,true,true,SmartCertified,Boolean,Proposition1,PathCompatibleExactRelations,PathCertified,,
vehicle,7,5,unary,true,true,Unary,Boolean,UnaryBaseline,UnaryRelation,StructuralHorn,,
vehicle,7,5,horn,true,true,Horn,Boolean,Theorem3,StarNestedHorn,StructuralHorn,,
vehicle,7,5,antihorn,true,true,AntiHorn,Boolean,Theorem4,StarNestedAntiHorn,StructuralAntiHorn,,
vehicle,7,5,square2cnf,true,true,Square2Cnf,Boolean,Theorem6,Square2CnfFormI,TwoSat,,
vehicle,7,5,affine,true,true,Affine,Boolean,Theorem5,SingleGf2Equation,Gf2Gaussian,,
vehicle,7,5,smart_certified,true,true,SmartCertified,Boolean,Proposition1,PathCompatibleExactRelations,PathCertified,,
vehicle,7,5,cals,true,true,SmartCertified,Boolean,Proposition1,PathCompatibleExactRelations,PathCertified,,
vehicle,7,5,cals_compact_explain,true,true,SmartCertified,Boolean,Proposition1,PathCompatibleExactRelations,PathCertified,,
vehicle,7,7,unary,true,true,Unary,Boolean,UnaryBaseline,UnaryRelation,StructuralHorn,,
vehicle,7,7,horn,true,true,Horn,Boolean,Theorem3,StarNestedHorn,StructuralHorn,,
vehicle,7,7,antihorn,true,true,AntiHorn,Boolean,Theorem4,StarNestedAntiHorn,StructuralAntiHorn,,
vehicle,7,7,square2cnf,true,true,Square2Cnf,Boolean,Theorem6,Square2CnfFormI,TwoSat,,
vehicle,7,7,affine,true,true,Affine,Boolean,Theorem5,SingleGf2Equation,Gf2Gaussian,,
vehicle,7,7,smart_certified,true,true,SmartCertified,Boolean,Proposition1,PathCompatibleExactRelations,PathCertified,,
vehicle,7,7,cals,true,true,SmartCertified,Boolean,Proposition1,PathCompatibleExactRelations,PathCertified,,
vehicle,7,7,cals_compact_explain,true,true,SmartCertified,Boolean,Proposition1,PathCompatibleExactRelations,PathCertified,,
vehicle,8,5,unary,true,true,Unary,Boolean,UnaryBaseline,UnaryRelation,StructuralHorn,,
vehicle,8,5,horn,true,true,Horn,Boolean,Theorem3,StarNestedHorn,StructuralHorn,,
vehicle,8,5,antihorn,true,true,AntiHorn,Boolean,Theorem4,StarNestedAntiHorn,StructuralAntiHorn,,
vehicle,8,5,square2cnf,true,true,Square2Cnf,Boolean,Theorem6,Square2CnfFormI,TwoSat,,
vehicle,8,5,affine,true,true,Affine,Boolean,Theorem5,SingleGf2Equation,Gf2Gaussian,,
vehicle,8,5,smart_certified,true,true,SmartCertified,Boolean,Proposition1,PathCompatibleExactRelations,PathCertified,,
vehicle,8,5,cals,true,true,SmartCertified,Boolean,Proposition1,PathCompatibleExactRelations,PathCertified,,
vehicle,8,5,cals_compact_explain,true,true,SmartCertified,Boolean,Proposition1,PathCompatibleExactRelations,PathCertified,,
vehicle,8,7,unary,true,true,Unary,Boolean,UnaryBaseline,UnaryRelation,StructuralHorn,,
vehicle,8,7,horn,true,true,Horn,Boolean,Theorem3,StarNestedHorn,StructuralHorn,,
vehicle,8,7,antihorn,true,true,AntiHorn,Boolean,Theorem4,StarNestedAntiHorn,StructuralAntiHorn,,
vehicle,8,7,square2cnf,true,true,Square2Cnf,Boolean,Theorem6,Square2CnfFormI,TwoSat,,
vehicle,8,7,affine,true,true,Affine,Boolean,Theorem5,SingleGf2Equation,Gf2Gaussian,,
vehicle,8,7,smart_certified,true,true,SmartCertified,Boolean,Proposition1,PathCompatibleExactRelations,PathCertified,,
vehicle,8,7,cals,true,true,SmartCertified,Boolean,Proposition1,PathCompatibleExactRelations,PathCertified,,
vehicle,8,7,cals_compact_explain,true,true,SmartCertified,Boolean,Proposition1,PathCompatibleExactRelations,PathCertified,,
vehicle,9,5,unary,true,true,Unary,Boolean,UnaryBaseline,UnaryRelation,StructuralHorn,,
vehicle,9,5,horn,true,true,Horn,Boolean,Theorem3,StarNestedHorn,StructuralHorn,,
vehicle,9,5,antihorn,true,true,AntiHorn,Boolean,Theorem4,StarNestedAntiHorn,StructuralAntiHorn,,
vehicle,9,5,square2cnf,true,true,Square2Cnf,Boolean,Theorem6,Square2CnfFormI,TwoSat,,
vehicle,9,5,affine,true,true,Affine,Boolean,Theorem5,SingleGf2Equation,Gf2Gaussian,,
vehicle,9,5,smart_certified,true,true,SmartCertified,Boolean,Proposition1,PathCompatibleExactRelations,PathCertified,,
vehicle,9,5,cals,true,true,SmartCertified,Boolean,Proposition1,PathCompatibleExactRelations,PathCertified,,
vehicle,9,5,cals_compact_explain,true,true,SmartCertified,Boolean,Proposition1,PathCompatibleExactRelations,PathCertified,,
vehicle,9,7,unary,true,true,Unary,Boolean,UnaryBaseline,UnaryRelation,StructuralHorn,,
vehicle,9,7,horn,true,true,Horn,Boolean,Theorem3,StarNestedHorn,StructuralHorn,,
vehicle,9,7,antihorn,true,true,AntiHorn,Boolean,Theorem4,StarNestedAntiHorn,StructuralAntiHorn,,
vehicle,9,7,square2cnf,true,true,Square2Cnf,Boolean,Theorem6,Square2CnfFormI,TwoSat,,
vehicle,9,7,affine,true,true,Affine,Boolean,Theorem5,SingleGf2Equation,Gf2Gaussian,,
vehicle,9,7,smart_certified,true,true,SmartCertified,Boolean,Proposition1,PathCompatibleExactRelations,PathCertified,,
vehicle,9,7,cals,true,true,SmartCertified,Boolean,Proposition1,PathCompatibleExactRelations,PathCertified,,
vehicle,9,7,cals_compact_explain,true,true,SmartCertified,Boolean,Proposition1,PathCompatibleExactRelations,PathCertified,,
vote,0,5,unary,true,true,Unary,Boolean,UnaryBaseline,UnaryRelation,StructuralHorn,,
vote,0,5,horn,true,true,Horn,Boolean,Theorem3,StarNestedHorn,StructuralHorn,,
vote,0,5,antihorn,true,true,AntiHorn,Boolean,Theorem4,StarNestedAntiHorn,StructuralAntiHorn,,
vote,0,5,square2cnf,true,true,Square2Cnf,Boolean,Theorem6,Square2CnfFormI,TwoSat,,
vote,0,5,affine,true,true,Affine,Boolean,Theorem5,SingleGf2Equation,Gf2Gaussian,,
vote,0,5,smart_certified,true,true,SmartCertified,Boolean,Proposition1,PathCompatibleExactRelations,PathCertified,,
vote,0,5,cals,true,true,SmartCertified,Boolean,Proposition1,PathCompatibleExactRelations,PathCertified,,
vote,0,5,cals_compact_explain,true,true,SmartCertified,Boolean,Proposition1,PathCompatibleExactRelations,PathCertified,,
vote,0,7,unary,true,true,Unary,Boolean,UnaryBaseline,UnaryRelation,StructuralHorn,,
vote,0,7,horn,true,true,Horn,Boolean,Theorem3,StarNestedHorn,StructuralHorn,,
vote,0,7,antihorn,true,true,AntiHorn,Boolean,Theorem4,StarNestedAntiHorn,StructuralAntiHorn,,
vote,0,7,square2cnf,true,true,Square2Cnf,Boolean,Theorem6,Square2CnfFormI,TwoSat,,
vote,0,7,affine,true,true,Affine,Boolean,Theorem5,SingleGf2Equation,Gf2Gaussian,,
vote,0,7,smart_certified,true,true,SmartCertified,Boolean,Proposition1,PathCompatibleExactRelations,PathCertified,,
vote,0,7,cals,true,true,SmartCertified,Boolean,Proposition1,PathCompatibleExactRelations,PathCertified,,
vote,0,7,cals_compact_explain,true,true,SmartCertified,Boolean,Proposition1,PathCompatibleExactRelations,PathCertified,,
vote,1,5,unary,true,true,Unary,Boolean,UnaryBaseline,UnaryRelation,StructuralHorn,,
vote,1,5,horn,true,true,Horn,Boolean,Theorem3,StarNestedHorn,StructuralHorn,,
vote,1,5,antihorn,true,true,AntiHorn,Boolean,Theorem4,StarNestedAntiHorn,StructuralAntiHorn,,
vote,1,5,square2cnf,true,true,Square2Cnf,Boolean,Theorem6,Square2CnfFormI,TwoSat,,
vote,1,5,affine,true,true,Affine,Boolean,Theorem5,SingleGf2Equation,Gf2Gaussian,,
vote,1,5,smart_certified,true,true,SmartCertified,Boolean,Proposition1,PathCompatibleExactRelations,PathCertified,,
vote,1,5,cals,true,true,SmartCertified,Boolean,Proposition1,PathCompatibleExactRelations,PathCertified,,
vote,1,5,cals_compact_explain,true,true,SmartCertified,Boolean,Proposition1,PathCompatibleExactRelations,PathCertified,,
vote,1,7,unary,true,true,Unary,Boolean,UnaryBaseline,UnaryRelation,StructuralHorn,,
vote,1,7,horn,true,true,Horn,Boolean,Theorem3,StarNestedHorn,StructuralHorn,,
vote,1,7,antihorn,true,true,AntiHorn,Boolean,Theorem4,StarNestedAntiHorn,StructuralAntiHorn,,
vote,1,7,square2cnf,true,true,Square2Cnf,Boolean,Theorem6,Square2CnfFormI,TwoSat,,
vote,1,7,affine,true,true,Affine,Boolean,Theorem5,SingleGf2Equation,Gf2Gaussian,,
vote,1,7,smart_certified,true,true,SmartCertified,Boolean,Proposition1,PathCompatibleExactRelations,PathCertified,,
vote,1,7,cals,true,true,SmartCertified,Boolean,Proposition1,PathCompatibleExactRelations,PathCertified,,
vote,1,7,cals_compact_explain,true,true,SmartCertified,Boolean,Proposition1,PathCompatibleExactRelations,PathCertified,,
vote,2,5,unary,true,true,Unary,Boolean,UnaryBaseline,UnaryRelation,StructuralHorn,,
vote,2,5,horn,true,true,Horn,Boolean,Theorem3,StarNestedHorn,StructuralHorn,,
vote,2,5,antihorn,true,true,AntiHorn,Boolean,Theorem4,StarNestedAntiHorn,StructuralAntiHorn,,
vote,2,5,square2cnf,true,true,Square2Cnf,Boolean,Theorem6,Square2CnfFormI,TwoSat,,
vote,2,5,affine,true,true,Affine,Boolean,Theorem5,SingleGf2Equation,Gf2Gaussian,,
vote,2,5,smart_certified,true,true,SmartCertified,Boolean,Proposition1,PathCompatibleExactRelations,PathCertified,,
vote,2,5,cals,true,true,SmartCertified,Boolean,Proposition1,PathCompatibleExactRelations,PathCertified,,
vote,2,5,cals_compact_explain,true,true,SmartCertified,Boolean,Proposition1,PathCompatibleExactRelations,PathCertified,,
vote,2,7,unary,true,true,Unary,Boolean,UnaryBaseline,UnaryRelation,StructuralHorn,,
vote,2,7,horn,true,true,Horn,Boolean,Theorem3,StarNestedHorn,StructuralHorn,,
vote,2,7,antihorn,true,true,AntiHorn,Boolean,Theorem4,StarNestedAntiHorn,StructuralAntiHorn,,
vote,2,7,square2cnf,true,true,Square2Cnf,Boolean,Theorem6,Square2CnfFormI,TwoSat,,
vote,2,7,affine,true,true,Affine,Boolean,Theorem5,SingleGf2Equation,Gf2Gaussian,,
vote,2,7,smart_certified,true,true,SmartCertified,Boolean,Proposition1,PathCompatibleExactRelations,PathCertified,,
vote,2,7,cals,true,true,SmartCertified,Boolean,Proposition1,PathCompatibleExactRelations,PathCertified,,
vote,2,7,cals_compact_explain,true,true,SmartCertified,Boolean,Proposition1,PathCompatibleExactRelations,PathCertified,,
vote,3,5,unary,true,true,Unary,Boolean,UnaryBaseline,UnaryRelation,StructuralHorn,,
vote,3,5,horn,true,true,Horn,Boolean,Theorem3,StarNestedHorn,StructuralHorn,,
vote,3,5,antihorn,true,true,AntiHorn,Boolean,Theorem4,StarNestedAntiHorn,StructuralAntiHorn,,
vote,3,5,square2cnf,true,true,Square2Cnf,Boolean,Theorem6,Square2CnfFormI,TwoSat,,
vote,3,5,affine,true,true,Affine,Boolean,Theorem5,SingleGf2Equation,Gf2Gaussian,,
vote,3,5,smart_certified,true,true,SmartCertified,Boolean,Proposition1,PathCompatibleExactRelations,PathCertified,,
vote,3,5,cals,true,true,SmartCertified,Boolean,Proposition1,PathCompatibleExactRelations,PathCertified,,
vote,3,5,cals_compact_explain,true,true,SmartCertified,Boolean,Proposition1,PathCompatibleExactRelations,PathCertified,,
vote,3,7,unary,true,true,Unary,Boolean,UnaryBaseline,UnaryRelation,StructuralHorn,,
vote,3,7,horn,true,true,Horn,Boolean,Theorem3,StarNestedHorn,StructuralHorn,,
vote,3,7,antihorn,true,true,AntiHorn,Boolean,Theorem4,StarNestedAntiHorn,StructuralAntiHorn,,
vote,3,7,square2cnf,true,true,Square2Cnf,Boolean,Theorem6,Square2CnfFormI,TwoSat,,
vote,3,7,affine,true,true,Affine,Boolean,Theorem5,SingleGf2Equation,Gf2Gaussian,,
vote,3,7,smart_certified,true,true,SmartCertified,Boolean,Proposition1,PathCompatibleExactRelations,PathCertified,,
vote,3,7,cals,true,true,SmartCertified,Boolean,Proposition1,PathCompatibleExactRelations,PathCertified,,
vote,3,7,cals_compact_explain,true,true,SmartCertified,Boolean,Proposition1,PathCompatibleExactRelations,PathCertified,,
vote,4,5,unary,true,true,Unary,Boolean,UnaryBaseline,UnaryRelation,StructuralHorn,,
vote,4,5,horn,true,true,Horn,Boolean,Theorem3,StarNestedHorn,StructuralHorn,,
vote,4,5,antihorn,true,true,AntiHorn,Boolean,Theorem4,StarNestedAntiHorn,StructuralAntiHorn,,
vote,4,5,square2cnf,true,true,Square2Cnf,Boolean,Theorem6,Square2CnfFormI,TwoSat,,
vote,4,5,affine,true,true,Affine,Boolean,Theorem5,SingleGf2Equation,Gf2Gaussian,,
vote,4,5,smart_certified,true,true,SmartCertified,Boolean,Proposition1,PathCompatibleExactRelations,PathCertified,,
vote,4,5,cals,true,true,SmartCertified,Boolean,Proposition1,PathCompatibleExactRelations,PathCertified,,
vote,4,5,cals_compact_explain,true,true,SmartCertified,Boolean,Proposition1,PathCompatibleExactRelations,PathCertified,,
vote,4,7,unary,true,true,Unary,Boolean,UnaryBaseline,UnaryRelation,StructuralHorn,,
vote,4,7,horn,true,true,Horn,Boolean,Theorem3,StarNestedHorn,StructuralHorn,,
vote,4,7,antihorn,true,true,AntiHorn,Boolean,Theorem4,StarNestedAntiHorn,StructuralAntiHorn,,
vote,4,7,square2cnf,true,true,Square2Cnf,Boolean,Theorem6,Square2CnfFormI,TwoSat,,
vote,4,7,affine,true,true,Affine,Boolean,Theorem5,SingleGf2Equation,Gf2Gaussian,,
vote,4,7,smart_certified,true,true,SmartCertified,Boolean,Proposition1,PathCompatibleExactRelations,PathCertified,,
vote,4,7,cals,true,true,SmartCertified,Boolean,Proposition1,PathCompatibleExactRelations,PathCertified,,
vote,4,7,cals_compact_explain,true,true,SmartCertified,Boolean,Proposition1,PathCompatibleExactRelations,PathCertified,,
vote,5,5,unary,true,true,Unary,Boolean,UnaryBaseline,UnaryRelation,StructuralHorn,,
vote,5,5,horn,true,true,Horn,Boolean,Theorem3,StarNestedHorn,StructuralHorn,,
vote,5,5,antihorn,true,true,AntiHorn,Boolean,Theorem4,StarNestedAntiHorn,StructuralAntiHorn,,
vote,5,5,square2cnf,true,true,Square2Cnf,Boolean,Theorem6,Square2CnfFormI,TwoSat,,
vote,5,5,affine,true,true,Affine,Boolean,Theorem5,SingleGf2Equation,Gf2Gaussian,,
vote,5,5,smart_certified,true,true,SmartCertified,Boolean,Proposition1,PathCompatibleExactRelations,PathCertified,,
vote,5,5,cals,true,true,SmartCertified,Boolean,Proposition1,PathCompatibleExactRelations,PathCertified,,
vote,5,5,cals_compact_explain,true,true,SmartCertified,Boolean,Proposition1,PathCompatibleExactRelations,PathCertified,,
vote,5,7,unary,true,true,Unary,Boolean,UnaryBaseline,UnaryRelation,StructuralHorn,,
vote,5,7,horn,true,true,Horn,Boolean,Theorem3,StarNestedHorn,StructuralHorn,,
vote,5,7,antihorn,true,true,AntiHorn,Boolean,Theorem4,StarNestedAntiHorn,StructuralAntiHorn,,
vote,5,7,square2cnf,true,true,Square2Cnf,Boolean,Theorem6,Square2CnfFormI,TwoSat,,
vote,5,7,affine,true,true,Affine,Boolean,Theorem5,SingleGf2Equation,Gf2Gaussian,,
vote,5,7,smart_certified,true,true,SmartCertified,Boolean,Proposition1,PathCompatibleExactRelations,PathCertified,,
vote,5,7,cals,true,true,SmartCertified,Boolean,Proposition1,PathCompatibleExactRelations,PathCertified,,
vote,5,7,cals_compact_explain,true,true,SmartCertified,Boolean,Proposition1,PathCompatibleExactRelations,PathCertified,,
vote,6,5,unary,true,true,Unary,Boolean,UnaryBaseline,UnaryRelation,StructuralHorn,,
vote,6,5,horn,true,true,Horn,Boolean,Theorem3,StarNestedHorn,StructuralHorn,,
vote,6,5,antihorn,true,true,AntiHorn,Boolean,Theorem4,StarNestedAntiHorn,StructuralAntiHorn,,
vote,6,5,square2cnf,true,true,Square2Cnf,Boolean,Theorem6,Square2CnfFormI,TwoSat,,
vote,6,5,affine,true,true,Affine,Boolean,Theorem5,SingleGf2Equation,Gf2Gaussian,,
vote,6,5,smart_certified,true,true,SmartCertified,Boolean,Proposition1,PathCompatibleExactRelations,PathCertified,,
vote,6,5,cals,true,true,SmartCertified,Boolean,Proposition1,PathCompatibleExactRelations,PathCertified,,
vote,6,5,cals_compact_explain,true,true,SmartCertified,Boolean,Proposition1,PathCompatibleExactRelations,PathCertified,,
vote,6,7,unary,true,true,Unary,Boolean,UnaryBaseline,UnaryRelation,StructuralHorn,,
vote,6,7,horn,true,true,Horn,Boolean,Theorem3,StarNestedHorn,StructuralHorn,,
vote,6,7,antihorn,true,true,AntiHorn,Boolean,Theorem4,StarNestedAntiHorn,StructuralAntiHorn,,
vote,6,7,square2cnf,true,true,Square2Cnf,Boolean,Theorem6,Square2CnfFormI,TwoSat,,
vote,6,7,affine,true,true,Affine,Boolean,Theorem5,SingleGf2Equation,Gf2Gaussian,,
vote,6,7,smart_certified,true,true,SmartCertified,Boolean,Proposition1,PathCompatibleExactRelations,PathCertified,,
vote,6,7,cals,true,true,SmartCertified,Boolean,Proposition1,PathCompatibleExactRelations,PathCertified,,
vote,6,7,cals_compact_explain,true,true,SmartCertified,Boolean,Proposition1,PathCompatibleExactRelations,PathCertified,,
vote,7,5,unary,true,true,Unary,Boolean,UnaryBaseline,UnaryRelation,StructuralHorn,,
vote,7,5,horn,true,true,Horn,Boolean,Theorem3,StarNestedHorn,StructuralHorn,,
vote,7,5,antihorn,true,true,AntiHorn,Boolean,Theorem4,StarNestedAntiHorn,StructuralAntiHorn,,
vote,7,5,square2cnf,true,true,Square2Cnf,Boolean,Theorem6,Square2CnfFormI,TwoSat,,
vote,7,5,affine,true,true,Affine,Boolean,Theorem5,SingleGf2Equation,Gf2Gaussian,,
vote,7,5,smart_certified,true,true,SmartCertified,Boolean,Proposition1,PathCompatibleExactRelations,PathCertified,,
vote,7,5,cals,true,true,SmartCertified,Boolean,Proposition1,PathCompatibleExactRelations,PathCertified,,
vote,7,5,cals_compact_explain,true,true,SmartCertified,Boolean,Proposition1,PathCompatibleExactRelations,PathCertified,,
vote,7,7,unary,true,true,Unary,Boolean,UnaryBaseline,UnaryRelation,StructuralHorn,,
vote,7,7,horn,true,true,Horn,Boolean,Theorem3,StarNestedHorn,StructuralHorn,,
vote,7,7,antihorn,true,true,AntiHorn,Boolean,Theorem4,StarNestedAntiHorn,StructuralAntiHorn,,
vote,7,7,square2cnf,true,true,Square2Cnf,Boolean,Theorem6,Square2CnfFormI,TwoSat,,
vote,7,7,affine,true,true,Affine,Boolean,Theorem5,SingleGf2Equation,Gf2Gaussian,,
vote,7,7,smart_certified,true,true,SmartCertified,Boolean,Proposition1,PathCompatibleExactRelations,PathCertified,,
vote,7,7,cals,true,true,SmartCertified,Boolean,Proposition1,PathCompatibleExactRelations,PathCertified,,
vote,7,7,cals_compact_explain,true,true,SmartCertified,Boolean,Proposition1,PathCompatibleExactRelations,PathCertified,,
vote,8,5,unary,true,true,Unary,Boolean,UnaryBaseline,UnaryRelation,StructuralHorn,,
vote,8,5,horn,true,true,Horn,Boolean,Theorem3,StarNestedHorn,StructuralHorn,,
vote,8,5,antihorn,true,true,AntiHorn,Boolean,Theorem4,StarNestedAntiHorn,StructuralAntiHorn,,
vote,8,5,square2cnf,true,true,Square2Cnf,Boolean,Theorem6,Square2CnfFormI,TwoSat,,
vote,8,5,affine,true,true,Affine,Boolean,Theorem5,SingleGf2Equation,Gf2Gaussian,,
vote,8,5,smart_certified,true,true,SmartCertified,Boolean,Proposition1,PathCompatibleExactRelations,PathCertified,,
vote,8,5,cals,true,true,SmartCertified,Boolean,Proposition1,PathCompatibleExactRelations,PathCertified,,
vote,8,5,cals_compact_explain,true,true,SmartCertified,Boolean,Proposition1,PathCompatibleExactRelations,PathCertified,,
vote,8,7,unary,true,true,Unary,Boolean,UnaryBaseline,UnaryRelation,StructuralHorn,,
vote,8,7,horn,true,true,Horn,Boolean,Theorem3,StarNestedHorn,StructuralHorn,,
vote,8,7,antihorn,true,true,AntiHorn,Boolean,Theorem4,StarNestedAntiHorn,StructuralAntiHorn,,
vote,8,7,square2cnf,true,true,Square2Cnf,Boolean,Theorem6,Square2CnfFormI,TwoSat,,
vote,8,7,affine,true,true,Affine,Boolean,Theorem5,SingleGf2Equation,Gf2Gaussian,,
vote,8,7,smart_certified,true,true,SmartCertified,Boolean,Proposition1,PathCompatibleExactRelations,PathCertified,,
vote,8,7,cals,true,true,SmartCertified,Boolean,Proposition1,PathCompatibleExactRelations,PathCertified,,
vote,8,7,cals_compact_explain,true,true,SmartCertified,Boolean,Proposition1,PathCompatibleExactRelations,PathCertified,,
vote,9,5,unary,true,true,Unary,Boolean,UnaryBaseline,UnaryRelation,StructuralHorn,,
vote,9,5,horn,true,true,Horn,Boolean,Theorem3,StarNestedHorn,StructuralHorn,,
vote,9,5,antihorn,true,true,AntiHorn,Boolean,Theorem4,StarNestedAntiHorn,StructuralAntiHorn,,
vote,9,5,square2cnf,true,true,Square2Cnf,Boolean,Theorem6,Square2CnfFormI,TwoSat,,
vote,9,5,affine,true,true,Affine,Boolean,Theorem5,SingleGf2Equation,Gf2Gaussian,,
vote,9,5,smart_certified,true,true,SmartCertified,Boolean,Proposition1,PathCompatibleExactRelations,PathCertified,,
vote,9,5,cals,true,true,SmartCertified,Boolean,Proposition1,PathCompatibleExactRelations,PathCertified,,
vote,9,5,cals_compact_explain,true,true,SmartCertified,Boolean,Proposition1,PathCompatibleExactRelations,PathCertified,,
vote,9,7,unary,true,true,Unary,Boolean,UnaryBaseline,UnaryRelation,StructuralHorn,,
vote,9,7,horn,true,true,Horn,Boolean,Theorem3,StarNestedHorn,StructuralHorn,,
vote,9,7,antihorn,true,true,AntiHorn,Boolean,Theorem4,StarNestedAntiHorn,StructuralAntiHorn,,
vote,9,7,square2cnf,true,true,Square2Cnf,Boolean,Theorem6,Square2CnfFormI,TwoSat,,
vote,9,7,affine,true,true,Affine,Boolean,Theorem5,SingleGf2Equation,Gf2Gaussian,,
vote,9,7,smart_certified,true,true,SmartCertified,Boolean,Proposition1,PathCompatibleExactRelations,PathCertified,,
vote,9,7,cals,true,true,SmartCertified,Boolean,Proposition1,PathCompatibleExactRelations,PathCertified,,
vote,9,7,cals_compact_explain,true,true,SmartCertified,Boolean,Proposition1,PathCompatibleExactRelations,PathCertified,,
wine1-un,0,5,unary,true,true,Unary,Boolean,UnaryBaseline,UnaryRelation,StructuralHorn,,
wine1-un,0,5,horn,true,true,Horn,Boolean,Theorem3,StarNestedHorn,StructuralHorn,,
wine1-un,0,5,antihorn,true,true,AntiHorn,Boolean,Theorem4,StarNestedAntiHorn,StructuralAntiHorn,,
wine1-un,0,5,square2cnf,true,true,Square2Cnf,Boolean,Theorem6,Square2CnfFormI,TwoSat,,
wine1-un,0,5,affine,true,true,Affine,Boolean,Theorem5,SingleGf2Equation,Gf2Gaussian,,
wine1-un,0,5,smart_certified,true,true,SmartCertified,Boolean,Proposition1,PathCompatibleExactRelations,PathCertified,,
wine1-un,0,5,cals,true,true,SmartCertified,Boolean,Proposition1,PathCompatibleExactRelations,PathCertified,,
wine1-un,0,5,cals_compact_explain,true,true,SmartCertified,Boolean,Proposition1,PathCompatibleExactRelations,PathCertified,,
wine1-un,0,7,unary,true,true,Unary,Boolean,UnaryBaseline,UnaryRelation,StructuralHorn,,
wine1-un,0,7,horn,true,true,Horn,Boolean,Theorem3,StarNestedHorn,StructuralHorn,,
wine1-un,0,7,antihorn,true,true,AntiHorn,Boolean,Theorem4,StarNestedAntiHorn,StructuralAntiHorn,,
wine1-un,0,7,square2cnf,true,true,Square2Cnf,Boolean,Theorem6,Square2CnfFormI,TwoSat,,
wine1-un,0,7,affine,true,true,Affine,Boolean,Theorem5,SingleGf2Equation,Gf2Gaussian,,
wine1-un,0,7,smart_certified,true,true,SmartCertified,Boolean,Proposition1,PathCompatibleExactRelations,PathCertified,,
wine1-un,0,7,cals,true,true,SmartCertified,Boolean,Proposition1,PathCompatibleExactRelations,PathCertified,,
wine1-un,0,7,cals_compact_explain,true,true,SmartCertified,Boolean,Proposition1,PathCompatibleExactRelations,PathCertified,,
wine1-un,1,5,unary,true,true,Unary,Boolean,UnaryBaseline,UnaryRelation,StructuralHorn,,
wine1-un,1,5,horn,true,true,Horn,Boolean,Theorem3,StarNestedHorn,StructuralHorn,,
wine1-un,1,5,antihorn,true,true,AntiHorn,Boolean,Theorem4,StarNestedAntiHorn,StructuralAntiHorn,,
wine1-un,1,5,square2cnf,true,true,Square2Cnf,Boolean,Theorem6,Square2CnfFormI,TwoSat,,
wine1-un,1,5,affine,true,true,Affine,Boolean,Theorem5,SingleGf2Equation,Gf2Gaussian,,
wine1-un,1,5,smart_certified,true,true,SmartCertified,Boolean,Proposition1,PathCompatibleExactRelations,PathCertified,,
wine1-un,1,5,cals,true,true,SmartCertified,Boolean,Proposition1,PathCompatibleExactRelations,PathCertified,,
wine1-un,1,5,cals_compact_explain,true,true,SmartCertified,Boolean,Proposition1,PathCompatibleExactRelations,PathCertified,,
wine1-un,1,7,unary,true,true,Unary,Boolean,UnaryBaseline,UnaryRelation,StructuralHorn,,
wine1-un,1,7,horn,true,true,Horn,Boolean,Theorem3,StarNestedHorn,StructuralHorn,,
wine1-un,1,7,antihorn,true,true,AntiHorn,Boolean,Theorem4,StarNestedAntiHorn,StructuralAntiHorn,,
wine1-un,1,7,square2cnf,true,true,Square2Cnf,Boolean,Theorem6,Square2CnfFormI,TwoSat,,
wine1-un,1,7,affine,true,true,Affine,Boolean,Theorem5,SingleGf2Equation,Gf2Gaussian,,
wine1-un,1,7,smart_certified,true,true,SmartCertified,Boolean,Proposition1,PathCompatibleExactRelations,PathCertified,,
wine1-un,1,7,cals,true,true,SmartCertified,Boolean,Proposition1,PathCompatibleExactRelations,PathCertified,,
wine1-un,1,7,cals_compact_explain,true,true,SmartCertified,Boolean,Proposition1,PathCompatibleExactRelations,PathCertified,,
wine1-un,2,5,unary,true,true,Unary,Boolean,UnaryBaseline,UnaryRelation,StructuralHorn,,
wine1-un,2,5,horn,true,true,Horn,Boolean,Theorem3,StarNestedHorn,StructuralHorn,,
wine1-un,2,5,antihorn,true,true,AntiHorn,Boolean,Theorem4,StarNestedAntiHorn,StructuralAntiHorn,,
wine1-un,2,5,square2cnf,true,true,Square2Cnf,Boolean,Theorem6,Square2CnfFormI,TwoSat,,
wine1-un,2,5,affine,true,true,Affine,Boolean,Theorem5,SingleGf2Equation,Gf2Gaussian,,
wine1-un,2,5,smart_certified,true,true,SmartCertified,Boolean,Proposition1,PathCompatibleExactRelations,PathCertified,,
wine1-un,2,5,cals,true,true,SmartCertified,Boolean,Proposition1,PathCompatibleExactRelations,PathCertified,,
wine1-un,2,5,cals_compact_explain,true,true,SmartCertified,Boolean,Proposition1,PathCompatibleExactRelations,PathCertified,,
wine1-un,2,7,unary,true,true,Unary,Boolean,UnaryBaseline,UnaryRelation,StructuralHorn,,
wine1-un,2,7,horn,true,true,Horn,Boolean,Theorem3,StarNestedHorn,StructuralHorn,,
wine1-un,2,7,antihorn,true,true,AntiHorn,Boolean,Theorem4,StarNestedAntiHorn,StructuralAntiHorn,,
wine1-un,2,7,square2cnf,true,true,Square2Cnf,Boolean,Theorem6,Square2CnfFormI,TwoSat,,
wine1-un,2,7,affine,true,true,Affine,Boolean,Theorem5,SingleGf2Equation,Gf2Gaussian,,
wine1-un,2,7,smart_certified,true,true,SmartCertified,Boolean,Proposition1,PathCompatibleExactRelations,PathCertified,,
wine1-un,2,7,cals,true,true,SmartCertified,Boolean,Proposition1,PathCompatibleExactRelations,PathCertified,,
wine1-un,2,7,cals_compact_explain,true,true,SmartCertified,Boolean,Proposition1,PathCompatibleExactRelations,PathCertified,,
wine1-un,3,5,unary,true,true,Unary,Boolean,UnaryBaseline,UnaryRelation,StructuralHorn,,
wine1-un,3,5,horn,true,true,Horn,Boolean,Theorem3,StarNestedHorn,StructuralHorn,,
wine1-un,3,5,antihorn,true,true,AntiHorn,Boolean,Theorem4,StarNestedAntiHorn,StructuralAntiHorn,,
wine1-un,3,5,square2cnf,true,true,Square2Cnf,Boolean,Theorem6,Square2CnfFormI,TwoSat,,
wine1-un,3,5,affine,true,true,Affine,Boolean,Theorem5,SingleGf2Equation,Gf2Gaussian,,
wine1-un,3,5,smart_certified,true,true,SmartCertified,Boolean,Proposition1,PathCompatibleExactRelations,PathCertified,,
wine1-un,3,5,cals,true,true,SmartCertified,Boolean,Proposition1,PathCompatibleExactRelations,PathCertified,,
wine1-un,3,5,cals_compact_explain,true,true,SmartCertified,Boolean,Proposition1,PathCompatibleExactRelations,PathCertified,,
wine1-un,3,7,unary,true,true,Unary,Boolean,UnaryBaseline,UnaryRelation,StructuralHorn,,
wine1-un,3,7,horn,true,true,Horn,Boolean,Theorem3,StarNestedHorn,StructuralHorn,,
wine1-un,3,7,antihorn,true,true,AntiHorn,Boolean,Theorem4,StarNestedAntiHorn,StructuralAntiHorn,,
wine1-un,3,7,square2cnf,true,true,Square2Cnf,Boolean,Theorem6,Square2CnfFormI,TwoSat,,
wine1-un,3,7,affine,true,true,Affine,Boolean,Theorem5,SingleGf2Equation,Gf2Gaussian,,
wine1-un,3,7,smart_certified,true,true,SmartCertified,Boolean,Proposition1,PathCompatibleExactRelations,PathCertified,,
wine1-un,3,7,cals,true,true,SmartCertified,Boolean,Proposition1,PathCompatibleExactRelations,PathCertified,,
wine1-un,3,7,cals_compact_explain,true,true,SmartCertified,Boolean,Proposition1,PathCompatibleExactRelations,PathCertified,,
wine1-un,4,5,unary,true,true,Unary,Boolean,UnaryBaseline,UnaryRelation,StructuralHorn,,
wine1-un,4,5,horn,true,true,Horn,Boolean,Theorem3,StarNestedHorn,StructuralHorn,,
wine1-un,4,5,antihorn,true,true,AntiHorn,Boolean,Theorem4,StarNestedAntiHorn,StructuralAntiHorn,,
wine1-un,4,5,square2cnf,true,true,Square2Cnf,Boolean,Theorem6,Square2CnfFormI,TwoSat,,
wine1-un,4,5,affine,true,true,Affine,Boolean,Theorem5,SingleGf2Equation,Gf2Gaussian,,
wine1-un,4,5,smart_certified,true,true,SmartCertified,Boolean,Proposition1,PathCompatibleExactRelations,PathCertified,,
wine1-un,4,5,cals,true,true,SmartCertified,Boolean,Proposition1,PathCompatibleExactRelations,PathCertified,,
wine1-un,4,5,cals_compact_explain,true,true,SmartCertified,Boolean,Proposition1,PathCompatibleExactRelations,PathCertified,,
wine1-un,4,7,unary,true,true,Unary,Boolean,UnaryBaseline,UnaryRelation,StructuralHorn,,
wine1-un,4,7,horn,true,true,Horn,Boolean,Theorem3,StarNestedHorn,StructuralHorn,,
wine1-un,4,7,antihorn,true,true,AntiHorn,Boolean,Theorem4,StarNestedAntiHorn,StructuralAntiHorn,,
wine1-un,4,7,square2cnf,true,true,Square2Cnf,Boolean,Theorem6,Square2CnfFormI,TwoSat,,
wine1-un,4,7,affine,true,true,Affine,Boolean,Theorem5,SingleGf2Equation,Gf2Gaussian,,
wine1-un,4,7,smart_certified,true,true,SmartCertified,Boolean,Proposition1,PathCompatibleExactRelations,PathCertified,,
wine1-un,4,7,cals,true,true,SmartCertified,Boolean,Proposition1,PathCompatibleExactRelations,PathCertified,,
wine1-un,4,7,cals_compact_explain,true,true,SmartCertified,Boolean,Proposition1,PathCompatibleExactRelations,PathCertified,,
wine1-un,5,5,unary,true,true,Unary,Boolean,UnaryBaseline,UnaryRelation,StructuralHorn,,
wine1-un,5,5,horn,true,true,Horn,Boolean,Theorem3,StarNestedHorn,StructuralHorn,,
wine1-un,5,5,antihorn,true,true,AntiHorn,Boolean,Theorem4,StarNestedAntiHorn,StructuralAntiHorn,,
wine1-un,5,5,square2cnf,true,true,Square2Cnf,Boolean,Theorem6,Square2CnfFormI,TwoSat,,
wine1-un,5,5,affine,true,true,Affine,Boolean,Theorem5,SingleGf2Equation,Gf2Gaussian,,
wine1-un,5,5,smart_certified,true,true,SmartCertified,Boolean,Proposition1,PathCompatibleExactRelations,PathCertified,,
wine1-un,5,5,cals,true,true,SmartCertified,Boolean,Proposition1,PathCompatibleExactRelations,PathCertified,,
wine1-un,5,5,cals_compact_explain,true,true,SmartCertified,Boolean,Proposition1,PathCompatibleExactRelations,PathCertified,,
wine1-un,5,7,unary,true,true,Unary,Boolean,UnaryBaseline,UnaryRelation,StructuralHorn,,
wine1-un,5,7,horn,true,true,Horn,Boolean,Theorem3,StarNestedHorn,StructuralHorn,,
wine1-un,5,7,antihorn,true,true,AntiHorn,Boolean,Theorem4,StarNestedAntiHorn,StructuralAntiHorn,,
wine1-un,5,7,square2cnf,true,true,Square2Cnf,Boolean,Theorem6,Square2CnfFormI,TwoSat,,
wine1-un,5,7,affine,true,true,Affine,Boolean,Theorem5,SingleGf2Equation,Gf2Gaussian,,
wine1-un,5,7,smart_certified,true,true,SmartCertified,Boolean,Proposition1,PathCompatibleExactRelations,PathCertified,,
wine1-un,5,7,cals,true,true,SmartCertified,Boolean,Proposition1,PathCompatibleExactRelations,PathCertified,,
wine1-un,5,7,cals_compact_explain,true,true,SmartCertified,Boolean,Proposition1,PathCompatibleExactRelations,PathCertified,,
wine1-un,6,5,unary,true,true,Unary,Boolean,UnaryBaseline,UnaryRelation,StructuralHorn,,
wine1-un,6,5,horn,true,true,Horn,Boolean,Theorem3,StarNestedHorn,StructuralHorn,,
wine1-un,6,5,antihorn,true,true,AntiHorn,Boolean,Theorem4,StarNestedAntiHorn,StructuralAntiHorn,,
wine1-un,6,5,square2cnf,true,true,Square2Cnf,Boolean,Theorem6,Square2CnfFormI,TwoSat,,
wine1-un,6,5,affine,true,true,Affine,Boolean,Theorem5,SingleGf2Equation,Gf2Gaussian,,
wine1-un,6,5,smart_certified,true,true,SmartCertified,Boolean,Proposition1,PathCompatibleExactRelations,PathCertified,,
wine1-un,6,5,cals,true,true,SmartCertified,Boolean,Proposition1,PathCompatibleExactRelations,PathCertified,,
wine1-un,6,5,cals_compact_explain,true,true,SmartCertified,Boolean,Proposition1,PathCompatibleExactRelations,PathCertified,,
wine1-un,6,7,unary,true,true,Unary,Boolean,UnaryBaseline,UnaryRelation,StructuralHorn,,
wine1-un,6,7,horn,true,true,Horn,Boolean,Theorem3,StarNestedHorn,StructuralHorn,,
wine1-un,6,7,antihorn,true,true,AntiHorn,Boolean,Theorem4,StarNestedAntiHorn,StructuralAntiHorn,,
wine1-un,6,7,square2cnf,true,true,Square2Cnf,Boolean,Theorem6,Square2CnfFormI,TwoSat,,
wine1-un,6,7,affine,true,true,Affine,Boolean,Theorem5,SingleGf2Equation,Gf2Gaussian,,
wine1-un,6,7,smart_certified,true,true,SmartCertified,Boolean,Proposition1,PathCompatibleExactRelations,PathCertified,,
wine1-un,6,7,cals,true,true,SmartCertified,Boolean,Proposition1,PathCompatibleExactRelations,PathCertified,,
wine1-un,6,7,cals_compact_explain,true,true,SmartCertified,Boolean,Proposition1,PathCompatibleExactRelations,PathCertified,,
wine1-un,7,5,unary,true,true,Unary,Boolean,UnaryBaseline,UnaryRelation,StructuralHorn,,
wine1-un,7,5,horn,true,true,Horn,Boolean,Theorem3,StarNestedHorn,StructuralHorn,,
wine1-un,7,5,antihorn,true,true,AntiHorn,Boolean,Theorem4,StarNestedAntiHorn,StructuralAntiHorn,,
wine1-un,7,5,square2cnf,true,true,Square2Cnf,Boolean,Theorem6,Square2CnfFormI,TwoSat,,
wine1-un,7,5,affine,true,true,Affine,Boolean,Theorem5,SingleGf2Equation,Gf2Gaussian,,
wine1-un,7,5,smart_certified,true,true,SmartCertified,Boolean,Proposition1,PathCompatibleExactRelations,PathCertified,,
wine1-un,7,5,cals,true,true,SmartCertified,Boolean,Proposition1,PathCompatibleExactRelations,PathCertified,,
wine1-un,7,5,cals_compact_explain,true,true,SmartCertified,Boolean,Proposition1,PathCompatibleExactRelations,PathCertified,,
wine1-un,7,7,unary,true,true,Unary,Boolean,UnaryBaseline,UnaryRelation,StructuralHorn,,
wine1-un,7,7,horn,true,true,Horn,Boolean,Theorem3,StarNestedHorn,StructuralHorn,,
wine1-un,7,7,antihorn,true,true,AntiHorn,Boolean,Theorem4,StarNestedAntiHorn,StructuralAntiHorn,,
wine1-un,7,7,square2cnf,true,true,Square2Cnf,Boolean,Theorem6,Square2CnfFormI,TwoSat,,
wine1-un,7,7,affine,true,true,Affine,Boolean,Theorem5,SingleGf2Equation,Gf2Gaussian,,
wine1-un,7,7,smart_certified,true,true,SmartCertified,Boolean,Proposition1,PathCompatibleExactRelations,PathCertified,,
wine1-un,7,7,cals,true,true,SmartCertified,Boolean,Proposition1,PathCompatibleExactRelations,PathCertified,,
wine1-un,7,7,cals_compact_explain,true,true,SmartCertified,Boolean,Proposition1,PathCompatibleExactRelations,PathCertified,,
wine1-un,8,5,unary,true,true,Unary,Boolean,UnaryBaseline,UnaryRelation,StructuralHorn,,
wine1-un,8,5,horn,true,true,Horn,Boolean,Theorem3,StarNestedHorn,StructuralHorn,,
wine1-un,8,5,antihorn,true,true,AntiHorn,Boolean,Theorem4,StarNestedAntiHorn,StructuralAntiHorn,,
wine1-un,8,5,square2cnf,true,true,Square2Cnf,Boolean,Theorem6,Square2CnfFormI,TwoSat,,
wine1-un,8,5,affine,true,true,Affine,Boolean,Theorem5,SingleGf2Equation,Gf2Gaussian,,
wine1-un,8,5,smart_certified,true,true,SmartCertified,Boolean,Proposition1,PathCompatibleExactRelations,PathCertified,,
wine1-un,8,5,cals,true,true,SmartCertified,Boolean,Proposition1,PathCompatibleExactRelations,PathCertified,,
wine1-un,8,5,cals_compact_explain,true,true,SmartCertified,Boolean,Proposition1,PathCompatibleExactRelations,PathCertified,,
wine1-un,8,7,unary,true,true,Unary,Boolean,UnaryBaseline,UnaryRelation,StructuralHorn,,
wine1-un,8,7,horn,true,true,Horn,Boolean,Theorem3,StarNestedHorn,StructuralHorn,,
wine1-un,8,7,antihorn,true,true,AntiHorn,Boolean,Theorem4,StarNestedAntiHorn,StructuralAntiHorn,,
wine1-un,8,7,square2cnf,true,true,Square2Cnf,Boolean,Theorem6,Square2CnfFormI,TwoSat,,
wine1-un,8,7,affine,true,true,Affine,Boolean,Theorem5,SingleGf2Equation,Gf2Gaussian,,
wine1-un,8,7,smart_certified,true,true,SmartCertified,Boolean,Proposition1,PathCompatibleExactRelations,PathCertified,,
wine1-un,8,7,cals,true,true,SmartCertified,Boolean,Proposition1,PathCompatibleExactRelations,PathCertified,,
wine1-un,8,7,cals_compact_explain,true,true,SmartCertified,Boolean,Proposition1,PathCompatibleExactRelations,PathCertified,,
wine1-un,9,5,unary,true,true,Unary,Boolean,UnaryBaseline,UnaryRelation,StructuralHorn,,
wine1-un,9,5,horn,true,true,Horn,Boolean,Theorem3,StarNestedHorn,StructuralHorn,,
wine1-un,9,5,antihorn,true,true,AntiHorn,Boolean,Theorem4,StarNestedAntiHorn,StructuralAntiHorn,,
wine1-un,9,5,square2cnf,true,true,Square2Cnf,Boolean,Theorem6,Square2CnfFormI,TwoSat,,
wine1-un,9,5,affine,true,true,Affine,Boolean,Theorem5,SingleGf2Equation,Gf2Gaussian,,
wine1-un,9,5,smart_certified,true,true,SmartCertified,Boolean,Proposition1,PathCompatibleExactRelations,PathCertified,,
wine1-un,9,5,cals,true,true,SmartCertified,Boolean,Proposition1,PathCompatibleExactRelations,PathCertified,,
wine1-un,9,5,cals_compact_explain,true,true,SmartCertified,Boolean,Proposition1,PathCompatibleExactRelations,PathCertified,,
wine1-un,9,7,unary,true,true,Unary,Boolean,UnaryBaseline,UnaryRelation,StructuralHorn,,
wine1-un,9,7,horn,true,true,Horn,Boolean,Theorem3,StarNestedHorn,StructuralHorn,,
wine1-un,9,7,antihorn,true,true,AntiHorn,Boolean,Theorem4,StarNestedAntiHorn,StructuralAntiHorn,,
wine1-un,9,7,square2cnf,true,true,Square2Cnf,Boolean,Theorem6,Square2CnfFormI,TwoSat,,
wine1-un,9,7,affine,true,true,Affine,Boolean,Theorem5,SingleGf2Equation,Gf2Gaussian,,
wine1-un,9,7,smart_certified,true,true,SmartCertified,Boolean,Proposition1,PathCompatibleExactRelations,PathCertified,,
wine1-un,9,7,cals,true,true,SmartCertified,Boolean,Proposition1,PathCompatibleExactRelations,PathCertified,,
wine1-un,9,7,cals_compact_explain,true,true,SmartCertified,Boolean,Proposition1,PathCompatibleExactRelations,PathCertified,,
wine2-un,0,5,unary,true,true,Unary,Boolean,UnaryBaseline,UnaryRelation,StructuralHorn,,
wine2-un,0,5,horn,true,true,Horn,Boolean,Theorem3,StarNestedHorn,StructuralHorn,,
wine2-un,0,5,antihorn,true,true,AntiHorn,Boolean,Theorem4,StarNestedAntiHorn,StructuralAntiHorn,,
wine2-un,0,5,square2cnf,true,true,Square2Cnf,Boolean,Theorem6,Square2CnfFormI,TwoSat,,
wine2-un,0,5,affine,true,true,Affine,Boolean,Theorem5,SingleGf2Equation,Gf2Gaussian,,
wine2-un,0,5,smart_certified,true,true,SmartCertified,Boolean,Proposition1,PathCompatibleExactRelations,PathCertified,,
wine2-un,0,5,cals,true,true,SmartCertified,Boolean,Proposition1,PathCompatibleExactRelations,PathCertified,,
wine2-un,0,5,cals_compact_explain,true,true,SmartCertified,Boolean,Proposition1,PathCompatibleExactRelations,PathCertified,,
wine2-un,0,7,unary,true,true,Unary,Boolean,UnaryBaseline,UnaryRelation,StructuralHorn,,
wine2-un,0,7,horn,true,true,Horn,Boolean,Theorem3,StarNestedHorn,StructuralHorn,,
wine2-un,0,7,antihorn,true,true,AntiHorn,Boolean,Theorem4,StarNestedAntiHorn,StructuralAntiHorn,,
wine2-un,0,7,square2cnf,true,true,Square2Cnf,Boolean,Theorem6,Square2CnfFormI,TwoSat,,
wine2-un,0,7,affine,true,true,Affine,Boolean,Theorem5,SingleGf2Equation,Gf2Gaussian,,
wine2-un,0,7,smart_certified,true,true,SmartCertified,Boolean,Proposition1,PathCompatibleExactRelations,PathCertified,,
wine2-un,0,7,cals,true,true,SmartCertified,Boolean,Proposition1,PathCompatibleExactRelations,PathCertified,,
wine2-un,0,7,cals_compact_explain,true,true,SmartCertified,Boolean,Proposition1,PathCompatibleExactRelations,PathCertified,,
wine2-un,1,5,unary,true,true,Unary,Boolean,UnaryBaseline,UnaryRelation,StructuralHorn,,
wine2-un,1,5,horn,true,true,Horn,Boolean,Theorem3,StarNestedHorn,StructuralHorn,,
wine2-un,1,5,antihorn,true,true,AntiHorn,Boolean,Theorem4,StarNestedAntiHorn,StructuralAntiHorn,,
wine2-un,1,5,square2cnf,true,true,Square2Cnf,Boolean,Theorem6,Square2CnfFormI,TwoSat,,
wine2-un,1,5,affine,true,true,Affine,Boolean,Theorem5,SingleGf2Equation,Gf2Gaussian,,
wine2-un,1,5,smart_certified,true,true,SmartCertified,Boolean,Proposition1,PathCompatibleExactRelations,PathCertified,,
wine2-un,1,5,cals,true,true,SmartCertified,Boolean,Proposition1,PathCompatibleExactRelations,PathCertified,,
wine2-un,1,5,cals_compact_explain,true,true,SmartCertified,Boolean,Proposition1,PathCompatibleExactRelations,PathCertified,,
wine2-un,1,7,unary,true,true,Unary,Boolean,UnaryBaseline,UnaryRelation,StructuralHorn,,
wine2-un,1,7,horn,true,true,Horn,Boolean,Theorem3,StarNestedHorn,StructuralHorn,,
wine2-un,1,7,antihorn,true,true,AntiHorn,Boolean,Theorem4,StarNestedAntiHorn,StructuralAntiHorn,,
wine2-un,1,7,square2cnf,true,true,Square2Cnf,Boolean,Theorem6,Square2CnfFormI,TwoSat,,
wine2-un,1,7,affine,true,true,Affine,Boolean,Theorem5,SingleGf2Equation,Gf2Gaussian,,
wine2-un,1,7,smart_certified,true,true,SmartCertified,Boolean,Proposition1,PathCompatibleExactRelations,PathCertified,,
wine2-un,1,7,cals,true,true,SmartCertified,Boolean,Proposition1,PathCompatibleExactRelations,PathCertified,,
wine2-un,1,7,cals_compact_explain,true,true,SmartCertified,Boolean,Proposition1,PathCompatibleExactRelations,PathCertified,,
wine2-un,2,5,unary,true,true,Unary,Boolean,UnaryBaseline,UnaryRelation,StructuralHorn,,
wine2-un,2,5,horn,true,true,Horn,Boolean,Theorem3,StarNestedHorn,StructuralHorn,,
wine2-un,2,5,antihorn,true,true,AntiHorn,Boolean,Theorem4,StarNestedAntiHorn,StructuralAntiHorn,,
wine2-un,2,5,square2cnf,true,true,Square2Cnf,Boolean,Theorem6,Square2CnfFormI,TwoSat,,
wine2-un,2,5,affine,true,true,Affine,Boolean,Theorem5,SingleGf2Equation,Gf2Gaussian,,
wine2-un,2,5,smart_certified,true,true,SmartCertified,Boolean,Proposition1,PathCompatibleExactRelations,PathCertified,,
wine2-un,2,5,cals,true,true,SmartCertified,Boolean,Proposition1,PathCompatibleExactRelations,PathCertified,,
wine2-un,2,5,cals_compact_explain,true,true,SmartCertified,Boolean,Proposition1,PathCompatibleExactRelations,PathCertified,,
wine2-un,2,7,unary,true,true,Unary,Boolean,UnaryBaseline,UnaryRelation,StructuralHorn,,
wine2-un,2,7,horn,true,true,Horn,Boolean,Theorem3,StarNestedHorn,StructuralHorn,,
wine2-un,2,7,antihorn,true,true,AntiHorn,Boolean,Theorem4,StarNestedAntiHorn,StructuralAntiHorn,,
wine2-un,2,7,square2cnf,true,true,Square2Cnf,Boolean,Theorem6,Square2CnfFormI,TwoSat,,
wine2-un,2,7,affine,true,true,Affine,Boolean,Theorem5,SingleGf2Equation,Gf2Gaussian,,
wine2-un,2,7,smart_certified,true,true,SmartCertified,Boolean,Proposition1,PathCompatibleExactRelations,PathCertified,,
wine2-un,2,7,cals,true,true,SmartCertified,Boolean,Proposition1,PathCompatibleExactRelations,PathCertified,,
wine2-un,2,7,cals_compact_explain,true,true,SmartCertified,Boolean,Proposition1,PathCompatibleExactRelations,PathCertified,,
wine2-un,3,5,unary,true,true,Unary,Boolean,UnaryBaseline,UnaryRelation,StructuralHorn,,
wine2-un,3,5,horn,true,true,Horn,Boolean,Theorem3,StarNestedHorn,StructuralHorn,,
wine2-un,3,5,antihorn,true,true,AntiHorn,Boolean,Theorem4,StarNestedAntiHorn,StructuralAntiHorn,,
wine2-un,3,5,square2cnf,true,true,Square2Cnf,Boolean,Theorem6,Square2CnfFormI,TwoSat,,
wine2-un,3,5,affine,true,true,Affine,Boolean,Theorem5,SingleGf2Equation,Gf2Gaussian,,
wine2-un,3,5,smart_certified,true,true,SmartCertified,Boolean,Proposition1,PathCompatibleExactRelations,PathCertified,,
wine2-un,3,5,cals,true,true,SmartCertified,Boolean,Proposition1,PathCompatibleExactRelations,PathCertified,,
wine2-un,3,5,cals_compact_explain,true,true,SmartCertified,Boolean,Proposition1,PathCompatibleExactRelations,PathCertified,,
wine2-un,3,7,unary,true,true,Unary,Boolean,UnaryBaseline,UnaryRelation,StructuralHorn,,
wine2-un,3,7,horn,true,true,Horn,Boolean,Theorem3,StarNestedHorn,StructuralHorn,,
wine2-un,3,7,antihorn,true,true,AntiHorn,Boolean,Theorem4,StarNestedAntiHorn,StructuralAntiHorn,,
wine2-un,3,7,square2cnf,true,true,Square2Cnf,Boolean,Theorem6,Square2CnfFormI,TwoSat,,
wine2-un,3,7,affine,true,true,Affine,Boolean,Theorem5,SingleGf2Equation,Gf2Gaussian,,
wine2-un,3,7,smart_certified,true,true,SmartCertified,Boolean,Proposition1,PathCompatibleExactRelations,PathCertified,,
wine2-un,3,7,cals,true,true,SmartCertified,Boolean,Proposition1,PathCompatibleExactRelations,PathCertified,,
wine2-un,3,7,cals_compact_explain,true,true,SmartCertified,Boolean,Proposition1,PathCompatibleExactRelations,PathCertified,,
wine2-un,4,5,unary,true,true,Unary,Boolean,UnaryBaseline,UnaryRelation,StructuralHorn,,
wine2-un,4,5,horn,true,true,Horn,Boolean,Theorem3,StarNestedHorn,StructuralHorn,,
wine2-un,4,5,antihorn,true,true,AntiHorn,Boolean,Theorem4,StarNestedAntiHorn,StructuralAntiHorn,,
wine2-un,4,5,square2cnf,true,true,Square2Cnf,Boolean,Theorem6,Square2CnfFormI,TwoSat,,
wine2-un,4,5,affine,true,true,Affine,Boolean,Theorem5,SingleGf2Equation,Gf2Gaussian,,
wine2-un,4,5,smart_certified,true,true,SmartCertified,Boolean,Proposition1,PathCompatibleExactRelations,PathCertified,,
wine2-un,4,5,cals,true,true,SmartCertified,Boolean,Proposition1,PathCompatibleExactRelations,PathCertified,,
wine2-un,4,5,cals_compact_explain,true,true,SmartCertified,Boolean,Proposition1,PathCompatibleExactRelations,PathCertified,,
wine2-un,4,7,unary,true,true,Unary,Boolean,UnaryBaseline,UnaryRelation,StructuralHorn,,
wine2-un,4,7,horn,true,true,Horn,Boolean,Theorem3,StarNestedHorn,StructuralHorn,,
wine2-un,4,7,antihorn,true,true,AntiHorn,Boolean,Theorem4,StarNestedAntiHorn,StructuralAntiHorn,,
wine2-un,4,7,square2cnf,true,true,Square2Cnf,Boolean,Theorem6,Square2CnfFormI,TwoSat,,
wine2-un,4,7,affine,true,true,Affine,Boolean,Theorem5,SingleGf2Equation,Gf2Gaussian,,
wine2-un,4,7,smart_certified,true,true,SmartCertified,Boolean,Proposition1,PathCompatibleExactRelations,PathCertified,,
wine2-un,4,7,cals,true,true,SmartCertified,Boolean,Proposition1,PathCompatibleExactRelations,PathCertified,,
wine2-un,4,7,cals_compact_explain,true,true,SmartCertified,Boolean,Proposition1,PathCompatibleExactRelations,PathCertified,,
wine2-un,5,5,unary,true,true,Unary,Boolean,UnaryBaseline,UnaryRelation,StructuralHorn,,
wine2-un,5,5,horn,true,true,Horn,Boolean,Theorem3,StarNestedHorn,StructuralHorn,,
wine2-un,5,5,antihorn,true,true,AntiHorn,Boolean,Theorem4,StarNestedAntiHorn,StructuralAntiHorn,,
wine2-un,5,5,square2cnf,true,true,Square2Cnf,Boolean,Theorem6,Square2CnfFormI,TwoSat,,
wine2-un,5,5,affine,true,true,Affine,Boolean,Theorem5,SingleGf2Equation,Gf2Gaussian,,
wine2-un,5,5,smart_certified,true,true,SmartCertified,Boolean,Proposition1,PathCompatibleExactRelations,PathCertified,,
wine2-un,5,5,cals,true,true,SmartCertified,Boolean,Proposition1,PathCompatibleExactRelations,PathCertified,,
wine2-un,5,5,cals_compact_explain,true,true,SmartCertified,Boolean,Proposition1,PathCompatibleExactRelations,PathCertified,,
wine2-un,5,7,unary,true,true,Unary,Boolean,UnaryBaseline,UnaryRelation,StructuralHorn,,
wine2-un,5,7,horn,true,true,Horn,Boolean,Theorem3,StarNestedHorn,StructuralHorn,,
wine2-un,5,7,antihorn,true,true,AntiHorn,Boolean,Theorem4,StarNestedAntiHorn,StructuralAntiHorn,,
wine2-un,5,7,square2cnf,true,true,Square2Cnf,Boolean,Theorem6,Square2CnfFormI,TwoSat,,
wine2-un,5,7,affine,true,true,Affine,Boolean,Theorem5,SingleGf2Equation,Gf2Gaussian,,
wine2-un,5,7,smart_certified,true,true,SmartCertified,Boolean,Proposition1,PathCompatibleExactRelations,PathCertified,,
wine2-un,5,7,cals,true,true,SmartCertified,Boolean,Proposition1,PathCompatibleExactRelations,PathCertified,,
wine2-un,5,7,cals_compact_explain,true,true,SmartCertified,Boolean,Proposition1,PathCompatibleExactRelations,PathCertified,,
wine2-un,6,5,unary,true,true,Unary,Boolean,UnaryBaseline,UnaryRelation,StructuralHorn,,
wine2-un,6,5,horn,true,true,Horn,Boolean,Theorem3,StarNestedHorn,StructuralHorn,,
wine2-un,6,5,antihorn,true,true,AntiHorn,Boolean,Theorem4,StarNestedAntiHorn,StructuralAntiHorn,,
wine2-un,6,5,square2cnf,true,true,Square2Cnf,Boolean,Theorem6,Square2CnfFormI,TwoSat,,
wine2-un,6,5,affine,true,true,Affine,Boolean,Theorem5,SingleGf2Equation,Gf2Gaussian,,
wine2-un,6,5,smart_certified,true,true,SmartCertified,Boolean,Proposition1,PathCompatibleExactRelations,PathCertified,,
wine2-un,6,5,cals,true,true,SmartCertified,Boolean,Proposition1,PathCompatibleExactRelations,PathCertified,,
wine2-un,6,5,cals_compact_explain,true,true,SmartCertified,Boolean,Proposition1,PathCompatibleExactRelations,PathCertified,,
wine2-un,6,7,unary,true,true,Unary,Boolean,UnaryBaseline,UnaryRelation,StructuralHorn,,
wine2-un,6,7,horn,true,true,Horn,Boolean,Theorem3,StarNestedHorn,StructuralHorn,,
wine2-un,6,7,antihorn,true,true,AntiHorn,Boolean,Theorem4,StarNestedAntiHorn,StructuralAntiHorn,,
wine2-un,6,7,square2cnf,true,true,Square2Cnf,Boolean,Theorem6,Square2CnfFormI,TwoSat,,
wine2-un,6,7,affine,true,true,Affine,Boolean,Theorem5,SingleGf2Equation,Gf2Gaussian,,
wine2-un,6,7,smart_certified,true,true,SmartCertified,Boolean,Proposition1,PathCompatibleExactRelations,PathCertified,,
wine2-un,6,7,cals,true,true,SmartCertified,Boolean,Proposition1,PathCompatibleExactRelations,PathCertified,,
wine2-un,6,7,cals_compact_explain,true,true,SmartCertified,Boolean,Proposition1,PathCompatibleExactRelations,PathCertified,,
wine2-un,7,5,unary,true,true,Unary,Boolean,UnaryBaseline,UnaryRelation,StructuralHorn,,
wine2-un,7,5,horn,true,true,Horn,Boolean,Theorem3,StarNestedHorn,StructuralHorn,,
wine2-un,7,5,antihorn,true,true,AntiHorn,Boolean,Theorem4,StarNestedAntiHorn,StructuralAntiHorn,,
wine2-un,7,5,square2cnf,true,true,Square2Cnf,Boolean,Theorem6,Square2CnfFormI,TwoSat,,
wine2-un,7,5,affine,true,true,Affine,Boolean,Theorem5,SingleGf2Equation,Gf2Gaussian,,
wine2-un,7,5,smart_certified,true,true,SmartCertified,Boolean,Proposition1,PathCompatibleExactRelations,PathCertified,,
wine2-un,7,5,cals,true,true,SmartCertified,Boolean,Proposition1,PathCompatibleExactRelations,PathCertified,,
wine2-un,7,5,cals_compact_explain,true,true,SmartCertified,Boolean,Proposition1,PathCompatibleExactRelations,PathCertified,,
wine2-un,7,7,unary,true,true,Unary,Boolean,UnaryBaseline,UnaryRelation,StructuralHorn,,
wine2-un,7,7,horn,true,true,Horn,Boolean,Theorem3,StarNestedHorn,StructuralHorn,,
wine2-un,7,7,antihorn,true,true,AntiHorn,Boolean,Theorem4,StarNestedAntiHorn,StructuralAntiHorn,,
wine2-un,7,7,square2cnf,true,true,Square2Cnf,Boolean,Theorem6,Square2CnfFormI,TwoSat,,
wine2-un,7,7,affine,true,true,Affine,Boolean,Theorem5,SingleGf2Equation,Gf2Gaussian,,
wine2-un,7,7,smart_certified,true,true,SmartCertified,Boolean,Proposition1,PathCompatibleExactRelations,PathCertified,,
wine2-un,7,7,cals,true,true,SmartCertified,Boolean,Proposition1,PathCompatibleExactRelations,PathCertified,,
wine2-un,7,7,cals_compact_explain,true,true,SmartCertified,Boolean,Proposition1,PathCompatibleExactRelations,PathCertified,,
wine2-un,8,5,unary,true,true,Unary,Boolean,UnaryBaseline,UnaryRelation,StructuralHorn,,
wine2-un,8,5,horn,true,true,Horn,Boolean,Theorem3,StarNestedHorn,StructuralHorn,,
wine2-un,8,5,antihorn,true,true,AntiHorn,Boolean,Theorem4,StarNestedAntiHorn,StructuralAntiHorn,,
wine2-un,8,5,square2cnf,true,true,Square2Cnf,Boolean,Theorem6,Square2CnfFormI,TwoSat,,
wine2-un,8,5,affine,true,true,Affine,Boolean,Theorem5,SingleGf2Equation,Gf2Gaussian,,
wine2-un,8,5,smart_certified,true,true,SmartCertified,Boolean,Proposition1,PathCompatibleExactRelations,PathCertified,,
wine2-un,8,5,cals,true,true,SmartCertified,Boolean,Proposition1,PathCompatibleExactRelations,PathCertified,,
wine2-un,8,5,cals_compact_explain,true,true,SmartCertified,Boolean,Proposition1,PathCompatibleExactRelations,PathCertified,,
wine2-un,8,7,unary,true,true,Unary,Boolean,UnaryBaseline,UnaryRelation,StructuralHorn,,
wine2-un,8,7,horn,true,true,Horn,Boolean,Theorem3,StarNestedHorn,StructuralHorn,,
wine2-un,8,7,antihorn,true,true,AntiHorn,Boolean,Theorem4,StarNestedAntiHorn,StructuralAntiHorn,,
wine2-un,8,7,square2cnf,true,true,Square2Cnf,Boolean,Theorem6,Square2CnfFormI,TwoSat,,
wine2-un,8,7,affine,true,true,Affine,Boolean,Theorem5,SingleGf2Equation,Gf2Gaussian,,
wine2-un,8,7,smart_certified,true,true,SmartCertified,Boolean,Proposition1,PathCompatibleExactRelations,PathCertified,,
wine2-un,8,7,cals,true,true,SmartCertified,Boolean,Proposition1,PathCompatibleExactRelations,PathCertified,,
wine2-un,8,7,cals_compact_explain,true,true,SmartCertified,Boolean,Proposition1,PathCompatibleExactRelations,PathCertified,,
wine2-un,9,5,unary,true,true,Unary,Boolean,UnaryBaseline,UnaryRelation,StructuralHorn,,
wine2-un,9,5,horn,true,true,Horn,Boolean,Theorem3,StarNestedHorn,StructuralHorn,,
wine2-un,9,5,antihorn,true,true,AntiHorn,Boolean,Theorem4,StarNestedAntiHorn,StructuralAntiHorn,,
wine2-un,9,5,square2cnf,true,true,Square2Cnf,Boolean,Theorem6,Square2CnfFormI,TwoSat,,
wine2-un,9,5,affine,true,true,Affine,Boolean,Theorem5,SingleGf2Equation,Gf2Gaussian,,
wine2-un,9,5,smart_certified,true,true,SmartCertified,Boolean,Proposition1,PathCompatibleExactRelations,PathCertified,,
wine2-un,9,5,cals,true,true,SmartCertified,Boolean,Proposition1,PathCompatibleExactRelations,PathCertified,,
wine2-un,9,5,cals_compact_explain,true,true,SmartCertified,Boolean,Proposition1,PathCompatibleExactRelations,PathCertified,,
wine2-un,9,7,unary,true,true,Unary,Boolean,UnaryBaseline,UnaryRelation,StructuralHorn,,
wine2-un,9,7,horn,true,true,Horn,Boolean,Theorem3,StarNestedHorn,StructuralHorn,,
wine2-un,9,7,antihorn,true,true,AntiHorn,Boolean,Theorem4,StarNestedAntiHorn,StructuralAntiHorn,,
wine2-un,9,7,square2cnf,true,true,Square2Cnf,Boolean,Theorem6,Square2CnfFormI,TwoSat,,
wine2-un,9,7,affine,true,true,Affine,Boolean,Theorem5,SingleGf2Equation,Gf2Gaussian,,
wine2-un,9,7,smart_certified,true,true,SmartCertified,Boolean,Proposition1,PathCompatibleExactRelations,PathCertified,,
wine2-un,9,7,cals,true,true,SmartCertified,Boolean,Proposition1,PathCompatibleExactRelations,PathCertified,,
wine2-un,9,7,cals_compact_explain,true,true,SmartCertified,Boolean,Proposition1,PathCompatibleExactRelations,PathCertified,,
wine3-un,0,5,unary,true,true,Unary,Boolean,UnaryBaseline,UnaryRelation,StructuralHorn,,
wine3-un,0,5,horn,true,true,Horn,Boolean,Theorem3,StarNestedHorn,StructuralHorn,,
wine3-un,0,5,antihorn,true,true,AntiHorn,Boolean,Theorem4,StarNestedAntiHorn,StructuralAntiHorn,,
wine3-un,0,5,square2cnf,true,true,Square2Cnf,Boolean,Theorem6,Square2CnfFormI,TwoSat,,
wine3-un,0,5,affine,true,true,Affine,Boolean,Theorem5,SingleGf2Equation,Gf2Gaussian,,
wine3-un,0,5,smart_certified,true,true,SmartCertified,Boolean,Proposition1,PathCompatibleExactRelations,PathCertified,,
wine3-un,0,5,cals,true,true,SmartCertified,Boolean,Proposition1,PathCompatibleExactRelations,PathCertified,,
wine3-un,0,5,cals_compact_explain,true,true,SmartCertified,Boolean,Proposition1,PathCompatibleExactRelations,PathCertified,,
wine3-un,0,7,unary,true,true,Unary,Boolean,UnaryBaseline,UnaryRelation,StructuralHorn,,
wine3-un,0,7,horn,true,true,Horn,Boolean,Theorem3,StarNestedHorn,StructuralHorn,,
wine3-un,0,7,antihorn,true,true,AntiHorn,Boolean,Theorem4,StarNestedAntiHorn,StructuralAntiHorn,,
wine3-un,0,7,square2cnf,true,true,Square2Cnf,Boolean,Theorem6,Square2CnfFormI,TwoSat,,
wine3-un,0,7,affine,true,true,Affine,Boolean,Theorem5,SingleGf2Equation,Gf2Gaussian,,
wine3-un,0,7,smart_certified,true,true,SmartCertified,Boolean,Proposition1,PathCompatibleExactRelations,PathCertified,,
wine3-un,0,7,cals,true,true,SmartCertified,Boolean,Proposition1,PathCompatibleExactRelations,PathCertified,,
wine3-un,0,7,cals_compact_explain,true,true,SmartCertified,Boolean,Proposition1,PathCompatibleExactRelations,PathCertified,,
wine3-un,1,5,unary,true,true,Unary,Boolean,UnaryBaseline,UnaryRelation,StructuralHorn,,
wine3-un,1,5,horn,true,true,Horn,Boolean,Theorem3,StarNestedHorn,StructuralHorn,,
wine3-un,1,5,antihorn,true,true,AntiHorn,Boolean,Theorem4,StarNestedAntiHorn,StructuralAntiHorn,,
wine3-un,1,5,square2cnf,true,true,Square2Cnf,Boolean,Theorem6,Square2CnfFormI,TwoSat,,
wine3-un,1,5,affine,true,true,Affine,Boolean,Theorem5,SingleGf2Equation,Gf2Gaussian,,
wine3-un,1,5,smart_certified,true,true,SmartCertified,Boolean,Proposition1,PathCompatibleExactRelations,PathCertified,,
wine3-un,1,5,cals,true,true,SmartCertified,Boolean,Proposition1,PathCompatibleExactRelations,PathCertified,,
wine3-un,1,5,cals_compact_explain,true,true,SmartCertified,Boolean,Proposition1,PathCompatibleExactRelations,PathCertified,,
wine3-un,1,7,unary,true,true,Unary,Boolean,UnaryBaseline,UnaryRelation,StructuralHorn,,
wine3-un,1,7,horn,true,true,Horn,Boolean,Theorem3,StarNestedHorn,StructuralHorn,,
wine3-un,1,7,antihorn,true,true,AntiHorn,Boolean,Theorem4,StarNestedAntiHorn,StructuralAntiHorn,,
wine3-un,1,7,square2cnf,true,true,Square2Cnf,Boolean,Theorem6,Square2CnfFormI,TwoSat,,
wine3-un,1,7,affine,true,true,Affine,Boolean,Theorem5,SingleGf2Equation,Gf2Gaussian,,
wine3-un,1,7,smart_certified,true,true,SmartCertified,Boolean,Proposition1,PathCompatibleExactRelations,PathCertified,,
wine3-un,1,7,cals,true,true,SmartCertified,Boolean,Proposition1,PathCompatibleExactRelations,PathCertified,,
wine3-un,1,7,cals_compact_explain,true,true,SmartCertified,Boolean,Proposition1,PathCompatibleExactRelations,PathCertified,,
wine3-un,2,5,unary,true,true,Unary,Boolean,UnaryBaseline,UnaryRelation,StructuralHorn,,
wine3-un,2,5,horn,true,true,Horn,Boolean,Theorem3,StarNestedHorn,StructuralHorn,,
wine3-un,2,5,antihorn,true,true,AntiHorn,Boolean,Theorem4,StarNestedAntiHorn,StructuralAntiHorn,,
wine3-un,2,5,square2cnf,true,true,Square2Cnf,Boolean,Theorem6,Square2CnfFormI,TwoSat,,
wine3-un,2,5,affine,true,true,Affine,Boolean,Theorem5,SingleGf2Equation,Gf2Gaussian,,
wine3-un,2,5,smart_certified,true,true,SmartCertified,Boolean,Proposition1,PathCompatibleExactRelations,PathCertified,,
wine3-un,2,5,cals,true,true,SmartCertified,Boolean,Proposition1,PathCompatibleExactRelations,PathCertified,,
wine3-un,2,5,cals_compact_explain,true,true,SmartCertified,Boolean,Proposition1,PathCompatibleExactRelations,PathCertified,,
wine3-un,2,7,unary,true,true,Unary,Boolean,UnaryBaseline,UnaryRelation,StructuralHorn,,
wine3-un,2,7,horn,true,true,Horn,Boolean,Theorem3,StarNestedHorn,StructuralHorn,,
wine3-un,2,7,antihorn,true,true,AntiHorn,Boolean,Theorem4,StarNestedAntiHorn,StructuralAntiHorn,,
wine3-un,2,7,square2cnf,true,true,Square2Cnf,Boolean,Theorem6,Square2CnfFormI,TwoSat,,
wine3-un,2,7,affine,true,true,Affine,Boolean,Theorem5,SingleGf2Equation,Gf2Gaussian,,
wine3-un,2,7,smart_certified,true,true,SmartCertified,Boolean,Proposition1,PathCompatibleExactRelations,PathCertified,,
wine3-un,2,7,cals,true,true,SmartCertified,Boolean,Proposition1,PathCompatibleExactRelations,PathCertified,,
wine3-un,2,7,cals_compact_explain,true,true,SmartCertified,Boolean,Proposition1,PathCompatibleExactRelations,PathCertified,,
wine3-un,3,5,unary,true,true,Unary,Boolean,UnaryBaseline,UnaryRelation,StructuralHorn,,
wine3-un,3,5,horn,true,true,Horn,Boolean,Theorem3,StarNestedHorn,StructuralHorn,,
wine3-un,3,5,antihorn,true,true,AntiHorn,Boolean,Theorem4,StarNestedAntiHorn,StructuralAntiHorn,,
wine3-un,3,5,square2cnf,true,true,Square2Cnf,Boolean,Theorem6,Square2CnfFormI,TwoSat,,
wine3-un,3,5,affine,true,true,Affine,Boolean,Theorem5,SingleGf2Equation,Gf2Gaussian,,
wine3-un,3,5,smart_certified,true,true,SmartCertified,Boolean,Proposition1,PathCompatibleExactRelations,PathCertified,,
wine3-un,3,5,cals,true,true,SmartCertified,Boolean,Proposition1,PathCompatibleExactRelations,PathCertified,,
wine3-un,3,5,cals_compact_explain,true,true,SmartCertified,Boolean,Proposition1,PathCompatibleExactRelations,PathCertified,,
wine3-un,3,7,unary,true,true,Unary,Boolean,UnaryBaseline,UnaryRelation,StructuralHorn,,
wine3-un,3,7,horn,true,true,Horn,Boolean,Theorem3,StarNestedHorn,StructuralHorn,,
wine3-un,3,7,antihorn,true,true,AntiHorn,Boolean,Theorem4,StarNestedAntiHorn,StructuralAntiHorn,,
wine3-un,3,7,square2cnf,true,true,Square2Cnf,Boolean,Theorem6,Square2CnfFormI,TwoSat,,
wine3-un,3,7,affine,true,true,Affine,Boolean,Theorem5,SingleGf2Equation,Gf2Gaussian,,
wine3-un,3,7,smart_certified,true,true,SmartCertified,Boolean,Proposition1,PathCompatibleExactRelations,PathCertified,,
wine3-un,3,7,cals,true,true,SmartCertified,Boolean,Proposition1,PathCompatibleExactRelations,PathCertified,,
wine3-un,3,7,cals_compact_explain,true,true,SmartCertified,Boolean,Proposition1,PathCompatibleExactRelations,PathCertified,,
wine3-un,4,5,unary,true,true,Unary,Boolean,UnaryBaseline,UnaryRelation,StructuralHorn,,
wine3-un,4,5,horn,true,true,Horn,Boolean,Theorem3,StarNestedHorn,StructuralHorn,,
wine3-un,4,5,antihorn,true,true,AntiHorn,Boolean,Theorem4,StarNestedAntiHorn,StructuralAntiHorn,,
wine3-un,4,5,square2cnf,true,true,Square2Cnf,Boolean,Theorem6,Square2CnfFormI,TwoSat,,
wine3-un,4,5,affine,true,true,Affine,Boolean,Theorem5,SingleGf2Equation,Gf2Gaussian,,
wine3-un,4,5,smart_certified,true,true,SmartCertified,Boolean,Proposition1,PathCompatibleExactRelations,PathCertified,,
wine3-un,4,5,cals,true,true,SmartCertified,Boolean,Proposition1,PathCompatibleExactRelations,PathCertified,,
wine3-un,4,5,cals_compact_explain,true,true,SmartCertified,Boolean,Proposition1,PathCompatibleExactRelations,PathCertified,,
wine3-un,4,7,unary,true,true,Unary,Boolean,UnaryBaseline,UnaryRelation,StructuralHorn,,
wine3-un,4,7,horn,true,true,Horn,Boolean,Theorem3,StarNestedHorn,StructuralHorn,,
wine3-un,4,7,antihorn,true,true,AntiHorn,Boolean,Theorem4,StarNestedAntiHorn,StructuralAntiHorn,,
wine3-un,4,7,square2cnf,true,true,Square2Cnf,Boolean,Theorem6,Square2CnfFormI,TwoSat,,
wine3-un,4,7,affine,true,true,Affine,Boolean,Theorem5,SingleGf2Equation,Gf2Gaussian,,
wine3-un,4,7,smart_certified,true,true,SmartCertified,Boolean,Proposition1,PathCompatibleExactRelations,PathCertified,,
wine3-un,4,7,cals,true,true,SmartCertified,Boolean,Proposition1,PathCompatibleExactRelations,PathCertified,,
wine3-un,4,7,cals_compact_explain,true,true,SmartCertified,Boolean,Proposition1,PathCompatibleExactRelations,PathCertified,,
wine3-un,5,5,unary,true,true,Unary,Boolean,UnaryBaseline,UnaryRelation,StructuralHorn,,
wine3-un,5,5,horn,true,true,Horn,Boolean,Theorem3,StarNestedHorn,StructuralHorn,,
wine3-un,5,5,antihorn,true,true,AntiHorn,Boolean,Theorem4,StarNestedAntiHorn,StructuralAntiHorn,,
wine3-un,5,5,square2cnf,true,true,Square2Cnf,Boolean,Theorem6,Square2CnfFormI,TwoSat,,
wine3-un,5,5,affine,true,true,Affine,Boolean,Theorem5,SingleGf2Equation,Gf2Gaussian,,
wine3-un,5,5,smart_certified,true,true,SmartCertified,Boolean,Proposition1,PathCompatibleExactRelations,PathCertified,,
wine3-un,5,5,cals,true,true,SmartCertified,Boolean,Proposition1,PathCompatibleExactRelations,PathCertified,,
wine3-un,5,5,cals_compact_explain,true,true,SmartCertified,Boolean,Proposition1,PathCompatibleExactRelations,PathCertified,,
wine3-un,5,7,unary,true,true,Unary,Boolean,UnaryBaseline,UnaryRelation,StructuralHorn,,
wine3-un,5,7,horn,true,true,Horn,Boolean,Theorem3,StarNestedHorn,StructuralHorn,,
wine3-un,5,7,antihorn,true,true,AntiHorn,Boolean,Theorem4,StarNestedAntiHorn,StructuralAntiHorn,,
wine3-un,5,7,square2cnf,true,true,Square2Cnf,Boolean,Theorem6,Square2CnfFormI,TwoSat,,
wine3-un,5,7,affine,true,true,Affine,Boolean,Theorem5,SingleGf2Equation,Gf2Gaussian,,
wine3-un,5,7,smart_certified,true,true,SmartCertified,Boolean,Proposition1,PathCompatibleExactRelations,PathCertified,,
wine3-un,5,7,cals,true,true,SmartCertified,Boolean,Proposition1,PathCompatibleExactRelations,PathCertified,,
wine3-un,5,7,cals_compact_explain,true,true,SmartCertified,Boolean,Proposition1,PathCompatibleExactRelations,PathCertified,,
wine3-un,6,5,unary,true,true,Unary,Boolean,UnaryBaseline,UnaryRelation,StructuralHorn,,
wine3-un,6,5,horn,true,true,Horn,Boolean,Theorem3,StarNestedHorn,StructuralHorn,,
wine3-un,6,5,antihorn,true,true,AntiHorn,Boolean,Theorem4,StarNestedAntiHorn,StructuralAntiHorn,,
wine3-un,6,5,square2cnf,true,true,Square2Cnf,Boolean,Theorem6,Square2CnfFormI,TwoSat,,
wine3-un,6,5,affine,true,true,Affine,Boolean,Theorem5,SingleGf2Equation,Gf2Gaussian,,
wine3-un,6,5,smart_certified,true,true,SmartCertified,Boolean,Proposition1,PathCompatibleExactRelations,PathCertified,,
wine3-un,6,5,cals,true,true,SmartCertified,Boolean,Proposition1,PathCompatibleExactRelations,PathCertified,,
wine3-un,6,5,cals_compact_explain,true,true,SmartCertified,Boolean,Proposition1,PathCompatibleExactRelations,PathCertified,,
wine3-un,6,7,unary,true,true,Unary,Boolean,UnaryBaseline,UnaryRelation,StructuralHorn,,
wine3-un,6,7,horn,true,true,Horn,Boolean,Theorem3,StarNestedHorn,StructuralHorn,,
wine3-un,6,7,antihorn,true,true,AntiHorn,Boolean,Theorem4,StarNestedAntiHorn,StructuralAntiHorn,,
wine3-un,6,7,square2cnf,true,true,Square2Cnf,Boolean,Theorem6,Square2CnfFormI,TwoSat,,
wine3-un,6,7,affine,true,true,Affine,Boolean,Theorem5,SingleGf2Equation,Gf2Gaussian,,
wine3-un,6,7,smart_certified,true,true,SmartCertified,Boolean,Proposition1,PathCompatibleExactRelations,PathCertified,,
wine3-un,6,7,cals,true,true,SmartCertified,Boolean,Proposition1,PathCompatibleExactRelations,PathCertified,,
wine3-un,6,7,cals_compact_explain,true,true,SmartCertified,Boolean,Proposition1,PathCompatibleExactRelations,PathCertified,,
wine3-un,7,5,unary,true,true,Unary,Boolean,UnaryBaseline,UnaryRelation,StructuralHorn,,
wine3-un,7,5,horn,true,true,Horn,Boolean,Theorem3,StarNestedHorn,StructuralHorn,,
wine3-un,7,5,antihorn,true,true,AntiHorn,Boolean,Theorem4,StarNestedAntiHorn,StructuralAntiHorn,,
wine3-un,7,5,square2cnf,true,true,Square2Cnf,Boolean,Theorem6,Square2CnfFormI,TwoSat,,
wine3-un,7,5,affine,true,true,Affine,Boolean,Theorem5,SingleGf2Equation,Gf2Gaussian,,
wine3-un,7,5,smart_certified,true,true,SmartCertified,Boolean,Proposition1,PathCompatibleExactRelations,PathCertified,,
wine3-un,7,5,cals,true,true,SmartCertified,Boolean,Proposition1,PathCompatibleExactRelations,PathCertified,,
wine3-un,7,5,cals_compact_explain,true,true,SmartCertified,Boolean,Proposition1,PathCompatibleExactRelations,PathCertified,,
wine3-un,7,7,unary,true,true,Unary,Boolean,UnaryBaseline,UnaryRelation,StructuralHorn,,
wine3-un,7,7,horn,true,true,Horn,Boolean,Theorem3,StarNestedHorn,StructuralHorn,,
wine3-un,7,7,antihorn,true,true,AntiHorn,Boolean,Theorem4,StarNestedAntiHorn,StructuralAntiHorn,,
wine3-un,7,7,square2cnf,true,true,Square2Cnf,Boolean,Theorem6,Square2CnfFormI,TwoSat,,
wine3-un,7,7,affine,true,true,Affine,Boolean,Theorem5,SingleGf2Equation,Gf2Gaussian,,
wine3-un,7,7,smart_certified,true,true,SmartCertified,Boolean,Proposition1,PathCompatibleExactRelations,PathCertified,,
wine3-un,7,7,cals,true,true,SmartCertified,Boolean,Proposition1,PathCompatibleExactRelations,PathCertified,,
wine3-un,7,7,cals_compact_explain,true,true,SmartCertified,Boolean,Proposition1,PathCompatibleExactRelations,PathCertified,,
wine3-un,8,5,unary,true,true,Unary,Boolean,UnaryBaseline,UnaryRelation,StructuralHorn,,
wine3-un,8,5,horn,true,true,Horn,Boolean,Theorem3,StarNestedHorn,StructuralHorn,,
wine3-un,8,5,antihorn,true,true,AntiHorn,Boolean,Theorem4,StarNestedAntiHorn,StructuralAntiHorn,,
wine3-un,8,5,square2cnf,true,true,Square2Cnf,Boolean,Theorem6,Square2CnfFormI,TwoSat,,
wine3-un,8,5,affine,true,true,Affine,Boolean,Theorem5,SingleGf2Equation,Gf2Gaussian,,
wine3-un,8,5,smart_certified,true,true,SmartCertified,Boolean,Proposition1,PathCompatibleExactRelations,PathCertified,,
wine3-un,8,5,cals,true,true,SmartCertified,Boolean,Proposition1,PathCompatibleExactRelations,PathCertified,,
wine3-un,8,5,cals_compact_explain,true,true,SmartCertified,Boolean,Proposition1,PathCompatibleExactRelations,PathCertified,,
wine3-un,8,7,unary,true,true,Unary,Boolean,UnaryBaseline,UnaryRelation,StructuralHorn,,
wine3-un,8,7,horn,true,true,Horn,Boolean,Theorem3,StarNestedHorn,StructuralHorn,,
wine3-un,8,7,antihorn,true,true,AntiHorn,Boolean,Theorem4,StarNestedAntiHorn,StructuralAntiHorn,,
wine3-un,8,7,square2cnf,true,true,Square2Cnf,Boolean,Theorem6,Square2CnfFormI,TwoSat,,
wine3-un,8,7,affine,true,true,Affine,Boolean,Theorem5,SingleGf2Equation,Gf2Gaussian,,
wine3-un,8,7,smart_certified,true,true,SmartCertified,Boolean,Proposition1,PathCompatibleExactRelations,PathCertified,,
wine3-un,8,7,cals,true,true,SmartCertified,Boolean,Proposition1,PathCompatibleExactRelations,PathCertified,,
wine3-un,8,7,cals_compact_explain,true,true,SmartCertified,Boolean,Proposition1,PathCompatibleExactRelations,PathCertified,,
wine3-un,9,5,unary,true,true,Unary,Boolean,UnaryBaseline,UnaryRelation,StructuralHorn,,
wine3-un,9,5,horn,true,true,Horn,Boolean,Theorem3,StarNestedHorn,StructuralHorn,,
wine3-un,9,5,antihorn,true,true,AntiHorn,Boolean,Theorem4,StarNestedAntiHorn,StructuralAntiHorn,,
wine3-un,9,5,square2cnf,true,true,Square2Cnf,Boolean,Theorem6,Square2CnfFormI,TwoSat,,
wine3-un,9,5,affine,true,true,Affine,Boolean,Theorem5,SingleGf2Equation,Gf2Gaussian,,
wine3-un,9,5,smart_certified,true,true,SmartCertified,Boolean,Proposition1,PathCompatibleExactRelations,PathCertified,,
wine3-un,9,5,cals,true,true,SmartCertified,Boolean,Proposition1,PathCompatibleExactRelations,PathCertified,,
wine3-un,9,5,cals_compact_explain,true,true,SmartCertified,Boolean,Proposition1,PathCompatibleExactRelations,PathCertified,,
wine3-un,9,7,unary,true,true,Unary,Boolean,UnaryBaseline,UnaryRelation,StructuralHorn,,
wine3-un,9,7,horn,true,true,Horn,Boolean,Theorem3,StarNestedHorn,StructuralHorn,,
wine3-un,9,7,antihorn,true,true,AntiHorn,Boolean,Theorem4,StarNestedAntiHorn,StructuralAntiHorn,,
wine3-un,9,7,square2cnf,true,true,Square2Cnf,Boolean,Theorem6,Square2CnfFormI,TwoSat,,
wine3-un,9,7,affine,true,true,Affine,Boolean,Theorem5,SingleGf2Equation,Gf2Gaussian,,
wine3-un,9,7,smart_certified,true,true,SmartCertified,Boolean,Proposition1,PathCompatibleExactRelations,PathCertified,,
wine3-un,9,7,cals,true,true,SmartCertified,Boolean,Proposition1,PathCompatibleExactRelations,PathCertified,,
wine3-un,9,7,cals_compact_explain,true,true,SmartCertified,Boolean,Proposition1,PathCompatibleExactRelations,PathCertified,,
winequality-red-bin,0,5,unary,true,true,Unary,Boolean,UnaryBaseline,UnaryRelation,StructuralHorn,,
winequality-red-bin,0,5,horn,true,true,Horn,Boolean,Theorem3,StarNestedHorn,StructuralHorn,,
winequality-red-bin,0,5,antihorn,true,true,AntiHorn,Boolean,Theorem4,StarNestedAntiHorn,StructuralAntiHorn,,
winequality-red-bin,0,5,square2cnf,true,true,Square2Cnf,Boolean,Theorem6,Square2CnfFormI,TwoSat,,
winequality-red-bin,0,5,affine,true,true,Affine,Boolean,Theorem5,SingleGf2Equation,Gf2Gaussian,,
winequality-red-bin,0,5,smart_certified,true,true,SmartCertified,Boolean,Proposition1,PathCompatibleExactRelations,PathCertified,,
winequality-red-bin,0,5,cals,true,true,SmartCertified,Boolean,Proposition1,PathCompatibleExactRelations,PathCertified,,
winequality-red-bin,0,5,cals_compact_explain,true,true,SmartCertified,Boolean,Proposition1,PathCompatibleExactRelations,PathCertified,,
winequality-red-bin,0,7,unary,true,true,Unary,Boolean,UnaryBaseline,UnaryRelation,StructuralHorn,,
winequality-red-bin,0,7,horn,true,true,Horn,Boolean,Theorem3,StarNestedHorn,StructuralHorn,,
winequality-red-bin,0,7,antihorn,true,true,AntiHorn,Boolean,Theorem4,StarNestedAntiHorn,StructuralAntiHorn,,
winequality-red-bin,0,7,square2cnf,true,true,Square2Cnf,Boolean,Theorem6,Square2CnfFormI,TwoSat,,
winequality-red-bin,0,7,affine,true,true,Affine,Boolean,Theorem5,SingleGf2Equation,Gf2Gaussian,,
winequality-red-bin,0,7,smart_certified,true,true,SmartCertified,Boolean,Proposition1,PathCompatibleExactRelations,PathCertified,,
winequality-red-bin,0,7,cals,true,true,SmartCertified,Boolean,Proposition1,PathCompatibleExactRelations,PathCertified,,
winequality-red-bin,0,7,cals_compact_explain,true,true,SmartCertified,Boolean,Proposition1,PathCompatibleExactRelations,PathCertified,,
winequality-red-bin,1,5,unary,true,true,Unary,Boolean,UnaryBaseline,UnaryRelation,StructuralHorn,,
winequality-red-bin,1,5,horn,true,true,Horn,Boolean,Theorem3,StarNestedHorn,StructuralHorn,,
winequality-red-bin,1,5,antihorn,true,true,AntiHorn,Boolean,Theorem4,StarNestedAntiHorn,StructuralAntiHorn,,
winequality-red-bin,1,5,square2cnf,true,true,Square2Cnf,Boolean,Theorem6,Square2CnfFormI,TwoSat,,
winequality-red-bin,1,5,affine,true,true,Affine,Boolean,Theorem5,SingleGf2Equation,Gf2Gaussian,,
winequality-red-bin,1,5,smart_certified,true,true,SmartCertified,Boolean,Proposition1,PathCompatibleExactRelations,PathCertified,,
winequality-red-bin,1,5,cals,true,true,SmartCertified,Boolean,Proposition1,PathCompatibleExactRelations,PathCertified,,
winequality-red-bin,1,5,cals_compact_explain,true,true,SmartCertified,Boolean,Proposition1,PathCompatibleExactRelations,PathCertified,,
winequality-red-bin,1,7,unary,true,true,Unary,Boolean,UnaryBaseline,UnaryRelation,StructuralHorn,,
winequality-red-bin,1,7,horn,true,true,Horn,Boolean,Theorem3,StarNestedHorn,StructuralHorn,,
winequality-red-bin,1,7,antihorn,true,true,AntiHorn,Boolean,Theorem4,StarNestedAntiHorn,StructuralAntiHorn,,
winequality-red-bin,1,7,square2cnf,true,true,Square2Cnf,Boolean,Theorem6,Square2CnfFormI,TwoSat,,
winequality-red-bin,1,7,affine,true,true,Affine,Boolean,Theorem5,SingleGf2Equation,Gf2Gaussian,,
winequality-red-bin,1,7,smart_certified,true,true,SmartCertified,Boolean,Proposition1,PathCompatibleExactRelations,PathCertified,,
winequality-red-bin,1,7,cals,true,true,SmartCertified,Boolean,Proposition1,PathCompatibleExactRelations,PathCertified,,
winequality-red-bin,1,7,cals_compact_explain,true,true,SmartCertified,Boolean,Proposition1,PathCompatibleExactRelations,PathCertified,,
winequality-red-bin,2,5,unary,true,true,Unary,Boolean,UnaryBaseline,UnaryRelation,StructuralHorn,,
winequality-red-bin,2,5,horn,true,true,Horn,Boolean,Theorem3,StarNestedHorn,StructuralHorn,,
winequality-red-bin,2,5,antihorn,true,true,AntiHorn,Boolean,Theorem4,StarNestedAntiHorn,StructuralAntiHorn,,
winequality-red-bin,2,5,square2cnf,true,true,Square2Cnf,Boolean,Theorem6,Square2CnfFormI,TwoSat,,
winequality-red-bin,2,5,affine,true,true,Affine,Boolean,Theorem5,SingleGf2Equation,Gf2Gaussian,,
winequality-red-bin,2,5,smart_certified,true,true,SmartCertified,Boolean,Proposition1,PathCompatibleExactRelations,PathCertified,,
winequality-red-bin,2,5,cals,true,true,SmartCertified,Boolean,Proposition1,PathCompatibleExactRelations,PathCertified,,
winequality-red-bin,2,5,cals_compact_explain,true,true,SmartCertified,Boolean,Proposition1,PathCompatibleExactRelations,PathCertified,,
winequality-red-bin,2,7,unary,true,true,Unary,Boolean,UnaryBaseline,UnaryRelation,StructuralHorn,,
winequality-red-bin,2,7,horn,true,true,Horn,Boolean,Theorem3,StarNestedHorn,StructuralHorn,,
winequality-red-bin,2,7,antihorn,true,true,AntiHorn,Boolean,Theorem4,StarNestedAntiHorn,StructuralAntiHorn,,
winequality-red-bin,2,7,square2cnf,true,true,Square2Cnf,Boolean,Theorem6,Square2CnfFormI,TwoSat,,
winequality-red-bin,2,7,affine,true,true,Affine,Boolean,Theorem5,SingleGf2Equation,Gf2Gaussian,,
winequality-red-bin,2,7,smart_certified,true,true,SmartCertified,Boolean,Proposition1,PathCompatibleExactRelations,PathCertified,,
winequality-red-bin,2,7,cals,true,true,SmartCertified,Boolean,Proposition1,PathCompatibleExactRelations,PathCertified,,
winequality-red-bin,2,7,cals_compact_explain,true,true,SmartCertified,Boolean,Proposition1,PathCompatibleExactRelations,PathCertified,,
winequality-red-bin,3,5,unary,true,true,Unary,Boolean,UnaryBaseline,UnaryRelation,StructuralHorn,,
winequality-red-bin,3,5,horn,true,true,Horn,Boolean,Theorem3,StarNestedHorn,StructuralHorn,,
winequality-red-bin,3,5,antihorn,true,true,AntiHorn,Boolean,Theorem4,StarNestedAntiHorn,StructuralAntiHorn,,
winequality-red-bin,3,5,square2cnf,true,true,Square2Cnf,Boolean,Theorem6,Square2CnfFormI,TwoSat,,
winequality-red-bin,3,5,affine,true,true,Affine,Boolean,Theorem5,SingleGf2Equation,Gf2Gaussian,,
winequality-red-bin,3,5,smart_certified,true,true,SmartCertified,Boolean,Proposition1,PathCompatibleExactRelations,PathCertified,,
winequality-red-bin,3,5,cals,true,true,SmartCertified,Boolean,Proposition1,PathCompatibleExactRelations,PathCertified,,
winequality-red-bin,3,5,cals_compact_explain,true,true,SmartCertified,Boolean,Proposition1,PathCompatibleExactRelations,PathCertified,,
winequality-red-bin,3,7,unary,true,true,Unary,Boolean,UnaryBaseline,UnaryRelation,StructuralHorn,,
winequality-red-bin,3,7,horn,true,true,Horn,Boolean,Theorem3,StarNestedHorn,StructuralHorn,,
winequality-red-bin,3,7,antihorn,true,true,AntiHorn,Boolean,Theorem4,StarNestedAntiHorn,StructuralAntiHorn,,
winequality-red-bin,3,7,square2cnf,true,true,Square2Cnf,Boolean,Theorem6,Square2CnfFormI,TwoSat,,
winequality-red-bin,3,7,affine,true,true,Affine,Boolean,Theorem5,SingleGf2Equation,Gf2Gaussian,,
winequality-red-bin,3,7,smart_certified,true,true,SmartCertified,Boolean,Proposition1,PathCompatibleExactRelations,PathCertified,,
winequality-red-bin,3,7,cals,true,true,SmartCertified,Boolean,Proposition1,PathCompatibleExactRelations,PathCertified,,
winequality-red-bin,3,7,cals_compact_explain,true,true,SmartCertified,Boolean,Proposition1,PathCompatibleExactRelations,PathCertified,,
winequality-red-bin,4,5,unary,true,true,Unary,Boolean,UnaryBaseline,UnaryRelation,StructuralHorn,,
winequality-red-bin,4,5,horn,true,true,Horn,Boolean,Theorem3,StarNestedHorn,StructuralHorn,,
winequality-red-bin,4,5,antihorn,true,true,AntiHorn,Boolean,Theorem4,StarNestedAntiHorn,StructuralAntiHorn,,
winequality-red-bin,4,5,square2cnf,true,true,Square2Cnf,Boolean,Theorem6,Square2CnfFormI,TwoSat,,
winequality-red-bin,4,5,affine,true,true,Affine,Boolean,Theorem5,SingleGf2Equation,Gf2Gaussian,,
winequality-red-bin,4,5,smart_certified,true,true,SmartCertified,Boolean,Proposition1,PathCompatibleExactRelations,PathCertified,,
winequality-red-bin,4,5,cals,true,true,SmartCertified,Boolean,Proposition1,PathCompatibleExactRelations,PathCertified,,
winequality-red-bin,4,5,cals_compact_explain,true,true,SmartCertified,Boolean,Proposition1,PathCompatibleExactRelations,PathCertified,,
winequality-red-bin,4,7,unary,true,true,Unary,Boolean,UnaryBaseline,UnaryRelation,StructuralHorn,,
winequality-red-bin,4,7,horn,true,true,Horn,Boolean,Theorem3,StarNestedHorn,StructuralHorn,,
winequality-red-bin,4,7,antihorn,true,true,AntiHorn,Boolean,Theorem4,StarNestedAntiHorn,StructuralAntiHorn,,
winequality-red-bin,4,7,square2cnf,true,true,Square2Cnf,Boolean,Theorem6,Square2CnfFormI,TwoSat,,
winequality-red-bin,4,7,affine,true,true,Affine,Boolean,Theorem5,SingleGf2Equation,Gf2Gaussian,,
winequality-red-bin,4,7,smart_certified,true,true,SmartCertified,Boolean,Proposition1,PathCompatibleExactRelations,PathCertified,,
winequality-red-bin,4,7,cals,true,true,SmartCertified,Boolean,Proposition1,PathCompatibleExactRelations,PathCertified,,
winequality-red-bin,4,7,cals_compact_explain,true,true,SmartCertified,Boolean,Proposition1,PathCompatibleExactRelations,PathCertified,,
winequality-red-bin,5,5,unary,true,true,Unary,Boolean,UnaryBaseline,UnaryRelation,StructuralHorn,,
winequality-red-bin,5,5,horn,true,true,Horn,Boolean,Theorem3,StarNestedHorn,StructuralHorn,,
winequality-red-bin,5,5,antihorn,true,true,AntiHorn,Boolean,Theorem4,StarNestedAntiHorn,StructuralAntiHorn,,
winequality-red-bin,5,5,square2cnf,true,true,Square2Cnf,Boolean,Theorem6,Square2CnfFormI,TwoSat,,
winequality-red-bin,5,5,affine,true,true,Affine,Boolean,Theorem5,SingleGf2Equation,Gf2Gaussian,,
winequality-red-bin,5,5,smart_certified,true,true,SmartCertified,Boolean,Proposition1,PathCompatibleExactRelations,PathCertified,,
winequality-red-bin,5,5,cals,true,true,SmartCertified,Boolean,Proposition1,PathCompatibleExactRelations,PathCertified,,
winequality-red-bin,5,5,cals_compact_explain,true,true,SmartCertified,Boolean,Proposition1,PathCompatibleExactRelations,PathCertified,,
winequality-red-bin,5,7,unary,true,true,Unary,Boolean,UnaryBaseline,UnaryRelation,StructuralHorn,,
winequality-red-bin,5,7,horn,true,true,Horn,Boolean,Theorem3,StarNestedHorn,StructuralHorn,,
winequality-red-bin,5,7,antihorn,true,true,AntiHorn,Boolean,Theorem4,StarNestedAntiHorn,StructuralAntiHorn,,
winequality-red-bin,5,7,square2cnf,true,true,Square2Cnf,Boolean,Theorem6,Square2CnfFormI,TwoSat,,
winequality-red-bin,5,7,affine,true,true,Affine,Boolean,Theorem5,SingleGf2Equation,Gf2Gaussian,,
winequality-red-bin,5,7,smart_certified,true,true,SmartCertified,Boolean,Proposition1,PathCompatibleExactRelations,PathCertified,,
winequality-red-bin,5,7,cals,true,true,SmartCertified,Boolean,Proposition1,PathCompatibleExactRelations,PathCertified,,
winequality-red-bin,5,7,cals_compact_explain,true,true,SmartCertified,Boolean,Proposition1,PathCompatibleExactRelations,PathCertified,,
winequality-red-bin,6,5,unary,true,true,Unary,Boolean,UnaryBaseline,UnaryRelation,StructuralHorn,,
winequality-red-bin,6,5,horn,true,true,Horn,Boolean,Theorem3,StarNestedHorn,StructuralHorn,,
winequality-red-bin,6,5,antihorn,true,true,AntiHorn,Boolean,Theorem4,StarNestedAntiHorn,StructuralAntiHorn,,
winequality-red-bin,6,5,square2cnf,true,true,Square2Cnf,Boolean,Theorem6,Square2CnfFormI,TwoSat,,
winequality-red-bin,6,5,affine,true,true,Affine,Boolean,Theorem5,SingleGf2Equation,Gf2Gaussian,,
winequality-red-bin,6,5,smart_certified,true,true,SmartCertified,Boolean,Proposition1,PathCompatibleExactRelations,PathCertified,,
winequality-red-bin,6,5,cals,true,true,SmartCertified,Boolean,Proposition1,PathCompatibleExactRelations,PathCertified,,
winequality-red-bin,6,5,cals_compact_explain,true,true,SmartCertified,Boolean,Proposition1,PathCompatibleExactRelations,PathCertified,,
winequality-red-bin,6,7,unary,true,true,Unary,Boolean,UnaryBaseline,UnaryRelation,StructuralHorn,,
winequality-red-bin,6,7,horn,true,true,Horn,Boolean,Theorem3,StarNestedHorn,StructuralHorn,,
winequality-red-bin,6,7,antihorn,true,true,AntiHorn,Boolean,Theorem4,StarNestedAntiHorn,StructuralAntiHorn,,
winequality-red-bin,6,7,square2cnf,true,true,Square2Cnf,Boolean,Theorem6,Square2CnfFormI,TwoSat,,
winequality-red-bin,6,7,affine,true,true,Affine,Boolean,Theorem5,SingleGf2Equation,Gf2Gaussian,,
winequality-red-bin,6,7,smart_certified,true,true,SmartCertified,Boolean,Proposition1,PathCompatibleExactRelations,PathCertified,,
winequality-red-bin,6,7,cals,true,true,SmartCertified,Boolean,Proposition1,PathCompatibleExactRelations,PathCertified,,
winequality-red-bin,6,7,cals_compact_explain,true,true,SmartCertified,Boolean,Proposition1,PathCompatibleExactRelations,PathCertified,,
winequality-red-bin,7,5,unary,true,true,Unary,Boolean,UnaryBaseline,UnaryRelation,StructuralHorn,,
winequality-red-bin,7,5,horn,true,true,Horn,Boolean,Theorem3,StarNestedHorn,StructuralHorn,,
winequality-red-bin,7,5,antihorn,true,true,AntiHorn,Boolean,Theorem4,StarNestedAntiHorn,StructuralAntiHorn,,
winequality-red-bin,7,5,square2cnf,true,true,Square2Cnf,Boolean,Theorem6,Square2CnfFormI,TwoSat,,
winequality-red-bin,7,5,affine,true,true,Affine,Boolean,Theorem5,SingleGf2Equation,Gf2Gaussian,,
winequality-red-bin,7,5,smart_certified,true,true,SmartCertified,Boolean,Proposition1,PathCompatibleExactRelations,PathCertified,,
winequality-red-bin,7,5,cals,true,true,SmartCertified,Boolean,Proposition1,PathCompatibleExactRelations,PathCertified,,
winequality-red-bin,7,5,cals_compact_explain,true,true,SmartCertified,Boolean,Proposition1,PathCompatibleExactRelations,PathCertified,,
winequality-red-bin,7,7,unary,true,true,Unary,Boolean,UnaryBaseline,UnaryRelation,StructuralHorn,,
winequality-red-bin,7,7,horn,true,true,Horn,Boolean,Theorem3,StarNestedHorn,StructuralHorn,,
winequality-red-bin,7,7,antihorn,true,true,AntiHorn,Boolean,Theorem4,StarNestedAntiHorn,StructuralAntiHorn,,
winequality-red-bin,7,7,square2cnf,true,true,Square2Cnf,Boolean,Theorem6,Square2CnfFormI,TwoSat,,
winequality-red-bin,7,7,affine,true,true,Affine,Boolean,Theorem5,SingleGf2Equation,Gf2Gaussian,,
winequality-red-bin,7,7,smart_certified,true,true,SmartCertified,Boolean,Proposition1,PathCompatibleExactRelations,PathCertified,,
winequality-red-bin,7,7,cals,true,true,SmartCertified,Boolean,Proposition1,PathCompatibleExactRelations,PathCertified,,
winequality-red-bin,7,7,cals_compact_explain,true,true,SmartCertified,Boolean,Proposition1,PathCompatibleExactRelations,PathCertified,,
winequality-red-bin,8,5,unary,true,true,Unary,Boolean,UnaryBaseline,UnaryRelation,StructuralHorn,,
winequality-red-bin,8,5,horn,true,true,Horn,Boolean,Theorem3,StarNestedHorn,StructuralHorn,,
winequality-red-bin,8,5,antihorn,true,true,AntiHorn,Boolean,Theorem4,StarNestedAntiHorn,StructuralAntiHorn,,
winequality-red-bin,8,5,square2cnf,true,true,Square2Cnf,Boolean,Theorem6,Square2CnfFormI,TwoSat,,
winequality-red-bin,8,5,affine,true,true,Affine,Boolean,Theorem5,SingleGf2Equation,Gf2Gaussian,,
winequality-red-bin,8,5,smart_certified,true,true,SmartCertified,Boolean,Proposition1,PathCompatibleExactRelations,PathCertified,,
winequality-red-bin,8,5,cals,true,true,SmartCertified,Boolean,Proposition1,PathCompatibleExactRelations,PathCertified,,
winequality-red-bin,8,5,cals_compact_explain,true,true,SmartCertified,Boolean,Proposition1,PathCompatibleExactRelations,PathCertified,,
winequality-red-bin,8,7,unary,true,true,Unary,Boolean,UnaryBaseline,UnaryRelation,StructuralHorn,,
winequality-red-bin,8,7,horn,true,true,Horn,Boolean,Theorem3,StarNestedHorn,StructuralHorn,,
winequality-red-bin,8,7,antihorn,true,true,AntiHorn,Boolean,Theorem4,StarNestedAntiHorn,StructuralAntiHorn,,
winequality-red-bin,8,7,square2cnf,true,true,Square2Cnf,Boolean,Theorem6,Square2CnfFormI,TwoSat,,
winequality-red-bin,8,7,affine,true,true,Affine,Boolean,Theorem5,SingleGf2Equation,Gf2Gaussian,,
winequality-red-bin,8,7,smart_certified,true,true,SmartCertified,Boolean,Proposition1,PathCompatibleExactRelations,PathCertified,,
winequality-red-bin,8,7,cals,true,true,SmartCertified,Boolean,Proposition1,PathCompatibleExactRelations,PathCertified,,
winequality-red-bin,8,7,cals_compact_explain,true,true,SmartCertified,Boolean,Proposition1,PathCompatibleExactRelations,PathCertified,,
winequality-red-bin,9,5,unary,true,true,Unary,Boolean,UnaryBaseline,UnaryRelation,StructuralHorn,,
winequality-red-bin,9,5,horn,true,true,Horn,Boolean,Theorem3,StarNestedHorn,StructuralHorn,,
winequality-red-bin,9,5,antihorn,true,true,AntiHorn,Boolean,Theorem4,StarNestedAntiHorn,StructuralAntiHorn,,
winequality-red-bin,9,5,square2cnf,true,true,Square2Cnf,Boolean,Theorem6,Square2CnfFormI,TwoSat,,
winequality-red-bin,9,5,affine,true,true,Affine,Boolean,Theorem5,SingleGf2Equation,Gf2Gaussian,,
winequality-red-bin,9,5,smart_certified,true,true,SmartCertified,Boolean,Proposition1,PathCompatibleExactRelations,PathCertified,,
winequality-red-bin,9,5,cals,true,true,SmartCertified,Boolean,Proposition1,PathCompatibleExactRelations,PathCertified,,
winequality-red-bin,9,5,cals_compact_explain,true,true,SmartCertified,Boolean,Proposition1,PathCompatibleExactRelations,PathCertified,,
winequality-red-bin,9,7,unary,true,true,Unary,Boolean,UnaryBaseline,UnaryRelation,StructuralHorn,,
winequality-red-bin,9,7,horn,true,true,Horn,Boolean,Theorem3,StarNestedHorn,StructuralHorn,,
winequality-red-bin,9,7,antihorn,true,true,AntiHorn,Boolean,Theorem4,StarNestedAntiHorn,StructuralAntiHorn,,
winequality-red-bin,9,7,square2cnf,true,true,Square2Cnf,Boolean,Theorem6,Square2CnfFormI,TwoSat,,
winequality-red-bin,9,7,affine,true,true,Affine,Boolean,Theorem5,SingleGf2Equation,Gf2Gaussian,,
winequality-red-bin,9,7,smart_certified,true,true,SmartCertified,Boolean,Proposition1,PathCompatibleExactRelations,PathCertified,,
winequality-red-bin,9,7,cals,true,true,SmartCertified,Boolean,Proposition1,PathCompatibleExactRelations,PathCertified,,
winequality-red-bin,9,7,cals_compact_explain,true,true,SmartCertified,Boolean,Proposition1,PathCompatibleExactRelations,PathCertified,,
yeast,0,5,unary,true,true,Unary,Boolean,UnaryBaseline,UnaryRelation,StructuralHorn,,
yeast,0,5,horn,true,true,Horn,Boolean,Theorem3,StarNestedHorn,StructuralHorn,,
yeast,0,5,antihorn,true,true,AntiHorn,Boolean,Theorem4,StarNestedAntiHorn,StructuralAntiHorn,,
yeast,0,5,square2cnf,true,true,Square2Cnf,Boolean,Theorem6,Square2CnfFormI,TwoSat,,
yeast,0,5,affine,true,true,Affine,Boolean,Theorem5,SingleGf2Equation,Gf2Gaussian,,
yeast,0,5,smart_certified,true,true,SmartCertified,Boolean,Proposition1,PathCompatibleExactRelations,PathCertified,,
yeast,0,5,cals,true,true,SmartCertified,Boolean,Proposition1,PathCompatibleExactRelations,PathCertified,,
yeast,0,5,cals_compact_explain,true,true,SmartCertified,Boolean,Proposition1,PathCompatibleExactRelations,PathCertified,,
yeast,0,7,unary,true,true,Unary,Boolean,UnaryBaseline,UnaryRelation,StructuralHorn,,
yeast,0,7,horn,true,true,Horn,Boolean,Theorem3,StarNestedHorn,StructuralHorn,,
yeast,0,7,antihorn,true,true,AntiHorn,Boolean,Theorem4,StarNestedAntiHorn,StructuralAntiHorn,,
yeast,0,7,square2cnf,true,true,Square2Cnf,Boolean,Theorem6,Square2CnfFormI,TwoSat,,
yeast,0,7,affine,true,true,Affine,Boolean,Theorem5,SingleGf2Equation,Gf2Gaussian,,
yeast,0,7,smart_certified,true,true,SmartCertified,Boolean,Proposition1,PathCompatibleExactRelations,PathCertified,,
yeast,0,7,cals,true,true,SmartCertified,Boolean,Proposition1,PathCompatibleExactRelations,PathCertified,,
yeast,0,7,cals_compact_explain,true,true,SmartCertified,Boolean,Proposition1,PathCompatibleExactRelations,PathCertified,,
yeast,1,5,unary,true,true,Unary,Boolean,UnaryBaseline,UnaryRelation,StructuralHorn,,
yeast,1,5,horn,true,true,Horn,Boolean,Theorem3,StarNestedHorn,StructuralHorn,,
yeast,1,5,antihorn,true,true,AntiHorn,Boolean,Theorem4,StarNestedAntiHorn,StructuralAntiHorn,,
yeast,1,5,square2cnf,true,true,Square2Cnf,Boolean,Theorem6,Square2CnfFormI,TwoSat,,
yeast,1,5,affine,true,true,Affine,Boolean,Theorem5,SingleGf2Equation,Gf2Gaussian,,
yeast,1,5,smart_certified,true,true,SmartCertified,Boolean,Proposition1,PathCompatibleExactRelations,PathCertified,,
yeast,1,5,cals,true,true,SmartCertified,Boolean,Proposition1,PathCompatibleExactRelations,PathCertified,,
yeast,1,5,cals_compact_explain,true,true,SmartCertified,Boolean,Proposition1,PathCompatibleExactRelations,PathCertified,,
yeast,1,7,unary,true,true,Unary,Boolean,UnaryBaseline,UnaryRelation,StructuralHorn,,
yeast,1,7,horn,true,true,Horn,Boolean,Theorem3,StarNestedHorn,StructuralHorn,,
yeast,1,7,antihorn,true,true,AntiHorn,Boolean,Theorem4,StarNestedAntiHorn,StructuralAntiHorn,,
yeast,1,7,square2cnf,true,true,Square2Cnf,Boolean,Theorem6,Square2CnfFormI,TwoSat,,
yeast,1,7,affine,true,true,Affine,Boolean,Theorem5,SingleGf2Equation,Gf2Gaussian,,
yeast,1,7,smart_certified,true,true,SmartCertified,Boolean,Proposition1,PathCompatibleExactRelations,PathCertified,,
yeast,1,7,cals,true,true,SmartCertified,Boolean,Proposition1,PathCompatibleExactRelations,PathCertified,,
yeast,1,7,cals_compact_explain,true,true,SmartCertified,Boolean,Proposition1,PathCompatibleExactRelations,PathCertified,,
yeast,2,5,unary,true,true,Unary,Boolean,UnaryBaseline,UnaryRelation,StructuralHorn,,
yeast,2,5,horn,true,true,Horn,Boolean,Theorem3,StarNestedHorn,StructuralHorn,,
yeast,2,5,antihorn,true,true,AntiHorn,Boolean,Theorem4,StarNestedAntiHorn,StructuralAntiHorn,,
yeast,2,5,square2cnf,true,true,Square2Cnf,Boolean,Theorem6,Square2CnfFormI,TwoSat,,
yeast,2,5,affine,true,true,Affine,Boolean,Theorem5,SingleGf2Equation,Gf2Gaussian,,
yeast,2,5,smart_certified,true,true,SmartCertified,Boolean,Proposition1,PathCompatibleExactRelations,PathCertified,,
yeast,2,5,cals,true,true,SmartCertified,Boolean,Proposition1,PathCompatibleExactRelations,PathCertified,,
yeast,2,5,cals_compact_explain,true,true,SmartCertified,Boolean,Proposition1,PathCompatibleExactRelations,PathCertified,,
yeast,2,7,unary,true,true,Unary,Boolean,UnaryBaseline,UnaryRelation,StructuralHorn,,
yeast,2,7,horn,true,true,Horn,Boolean,Theorem3,StarNestedHorn,StructuralHorn,,
yeast,2,7,antihorn,true,true,AntiHorn,Boolean,Theorem4,StarNestedAntiHorn,StructuralAntiHorn,,
yeast,2,7,square2cnf,true,true,Square2Cnf,Boolean,Theorem6,Square2CnfFormI,TwoSat,,
yeast,2,7,affine,true,true,Affine,Boolean,Theorem5,SingleGf2Equation,Gf2Gaussian,,
yeast,2,7,smart_certified,true,true,SmartCertified,Boolean,Proposition1,PathCompatibleExactRelations,PathCertified,,
yeast,2,7,cals,true,true,SmartCertified,Boolean,Proposition1,PathCompatibleExactRelations,PathCertified,,
yeast,2,7,cals_compact_explain,true,true,SmartCertified,Boolean,Proposition1,PathCompatibleExactRelations,PathCertified,,
yeast,3,5,unary,true,true,Unary,Boolean,UnaryBaseline,UnaryRelation,StructuralHorn,,
yeast,3,5,horn,true,true,Horn,Boolean,Theorem3,StarNestedHorn,StructuralHorn,,
yeast,3,5,antihorn,true,true,AntiHorn,Boolean,Theorem4,StarNestedAntiHorn,StructuralAntiHorn,,
yeast,3,5,square2cnf,true,true,Square2Cnf,Boolean,Theorem6,Square2CnfFormI,TwoSat,,
yeast,3,5,affine,true,true,Affine,Boolean,Theorem5,SingleGf2Equation,Gf2Gaussian,,
yeast,3,5,smart_certified,true,true,SmartCertified,Boolean,Proposition1,PathCompatibleExactRelations,PathCertified,,
yeast,3,5,cals,true,true,SmartCertified,Boolean,Proposition1,PathCompatibleExactRelations,PathCertified,,
yeast,3,5,cals_compact_explain,true,true,SmartCertified,Boolean,Proposition1,PathCompatibleExactRelations,PathCertified,,
yeast,3,7,unary,true,true,Unary,Boolean,UnaryBaseline,UnaryRelation,StructuralHorn,,
yeast,3,7,horn,true,true,Horn,Boolean,Theorem3,StarNestedHorn,StructuralHorn,,
yeast,3,7,antihorn,true,true,AntiHorn,Boolean,Theorem4,StarNestedAntiHorn,StructuralAntiHorn,,
yeast,3,7,square2cnf,true,true,Square2Cnf,Boolean,Theorem6,Square2CnfFormI,TwoSat,,
yeast,3,7,affine,true,true,Affine,Boolean,Theorem5,SingleGf2Equation,Gf2Gaussian,,
yeast,3,7,smart_certified,true,true,SmartCertified,Boolean,Proposition1,PathCompatibleExactRelations,PathCertified,,
yeast,3,7,cals,true,true,SmartCertified,Boolean,Proposition1,PathCompatibleExactRelations,PathCertified,,
yeast,3,7,cals_compact_explain,true,true,SmartCertified,Boolean,Proposition1,PathCompatibleExactRelations,PathCertified,,
yeast,4,5,unary,true,true,Unary,Boolean,UnaryBaseline,UnaryRelation,StructuralHorn,,
yeast,4,5,horn,true,true,Horn,Boolean,Theorem3,StarNestedHorn,StructuralHorn,,
yeast,4,5,antihorn,true,true,AntiHorn,Boolean,Theorem4,StarNestedAntiHorn,StructuralAntiHorn,,
yeast,4,5,square2cnf,true,true,Square2Cnf,Boolean,Theorem6,Square2CnfFormI,TwoSat,,
yeast,4,5,affine,true,true,Affine,Boolean,Theorem5,SingleGf2Equation,Gf2Gaussian,,
yeast,4,5,smart_certified,true,true,SmartCertified,Boolean,Proposition1,PathCompatibleExactRelations,PathCertified,,
yeast,4,5,cals,true,true,SmartCertified,Boolean,Proposition1,PathCompatibleExactRelations,PathCertified,,
yeast,4,5,cals_compact_explain,true,true,SmartCertified,Boolean,Proposition1,PathCompatibleExactRelations,PathCertified,,
yeast,4,7,unary,true,true,Unary,Boolean,UnaryBaseline,UnaryRelation,StructuralHorn,,
yeast,4,7,horn,true,true,Horn,Boolean,Theorem3,StarNestedHorn,StructuralHorn,,
yeast,4,7,antihorn,true,true,AntiHorn,Boolean,Theorem4,StarNestedAntiHorn,StructuralAntiHorn,,
yeast,4,7,square2cnf,true,true,Square2Cnf,Boolean,Theorem6,Square2CnfFormI,TwoSat,,
yeast,4,7,affine,true,true,Affine,Boolean,Theorem5,SingleGf2Equation,Gf2Gaussian,,
yeast,4,7,smart_certified,true,true,SmartCertified,Boolean,Proposition1,PathCompatibleExactRelations,PathCertified,,
yeast,4,7,cals,true,true,SmartCertified,Boolean,Proposition1,PathCompatibleExactRelations,PathCertified,,
yeast,4,7,cals_compact_explain,true,true,SmartCertified,Boolean,Proposition1,PathCompatibleExactRelations,PathCertified,,
yeast,5,5,unary,true,true,Unary,Boolean,UnaryBaseline,UnaryRelation,StructuralHorn,,
yeast,5,5,horn,true,true,Horn,Boolean,Theorem3,StarNestedHorn,StructuralHorn,,
yeast,5,5,antihorn,true,true,AntiHorn,Boolean,Theorem4,StarNestedAntiHorn,StructuralAntiHorn,,
yeast,5,5,square2cnf,true,true,Square2Cnf,Boolean,Theorem6,Square2CnfFormI,TwoSat,,
yeast,5,5,affine,true,true,Affine,Boolean,Theorem5,SingleGf2Equation,Gf2Gaussian,,
yeast,5,5,smart_certified,true,true,SmartCertified,Boolean,Proposition1,PathCompatibleExactRelations,PathCertified,,
yeast,5,5,cals,true,true,SmartCertified,Boolean,Proposition1,PathCompatibleExactRelations,PathCertified,,
yeast,5,5,cals_compact_explain,true,true,SmartCertified,Boolean,Proposition1,PathCompatibleExactRelations,PathCertified,,
yeast,5,7,unary,true,true,Unary,Boolean,UnaryBaseline,UnaryRelation,StructuralHorn,,
yeast,5,7,horn,true,true,Horn,Boolean,Theorem3,StarNestedHorn,StructuralHorn,,
yeast,5,7,antihorn,true,true,AntiHorn,Boolean,Theorem4,StarNestedAntiHorn,StructuralAntiHorn,,
yeast,5,7,square2cnf,true,true,Square2Cnf,Boolean,Theorem6,Square2CnfFormI,TwoSat,,
yeast,5,7,affine,true,true,Affine,Boolean,Theorem5,SingleGf2Equation,Gf2Gaussian,,
yeast,5,7,smart_certified,true,true,SmartCertified,Boolean,Proposition1,PathCompatibleExactRelations,PathCertified,,
yeast,5,7,cals,true,true,SmartCertified,Boolean,Proposition1,PathCompatibleExactRelations,PathCertified,,
yeast,5,7,cals_compact_explain,true,true,SmartCertified,Boolean,Proposition1,PathCompatibleExactRelations,PathCertified,,
yeast,6,5,unary,true,true,Unary,Boolean,UnaryBaseline,UnaryRelation,StructuralHorn,,
yeast,6,5,horn,true,true,Horn,Boolean,Theorem3,StarNestedHorn,StructuralHorn,,
yeast,6,5,antihorn,true,true,AntiHorn,Boolean,Theorem4,StarNestedAntiHorn,StructuralAntiHorn,,
yeast,6,5,square2cnf,true,true,Square2Cnf,Boolean,Theorem6,Square2CnfFormI,TwoSat,,
yeast,6,5,affine,true,true,Affine,Boolean,Theorem5,SingleGf2Equation,Gf2Gaussian,,
yeast,6,5,smart_certified,true,true,SmartCertified,Boolean,Proposition1,PathCompatibleExactRelations,PathCertified,,
yeast,6,5,cals,true,true,SmartCertified,Boolean,Proposition1,PathCompatibleExactRelations,PathCertified,,
yeast,6,5,cals_compact_explain,true,true,SmartCertified,Boolean,Proposition1,PathCompatibleExactRelations,PathCertified,,
yeast,6,7,unary,true,true,Unary,Boolean,UnaryBaseline,UnaryRelation,StructuralHorn,,
yeast,6,7,horn,true,true,Horn,Boolean,Theorem3,StarNestedHorn,StructuralHorn,,
yeast,6,7,antihorn,true,true,AntiHorn,Boolean,Theorem4,StarNestedAntiHorn,StructuralAntiHorn,,
yeast,6,7,square2cnf,true,true,Square2Cnf,Boolean,Theorem6,Square2CnfFormI,TwoSat,,
yeast,6,7,affine,true,true,Affine,Boolean,Theorem5,SingleGf2Equation,Gf2Gaussian,,
yeast,6,7,smart_certified,true,true,SmartCertified,Boolean,Proposition1,PathCompatibleExactRelations,PathCertified,,
yeast,6,7,cals,true,true,SmartCertified,Boolean,Proposition1,PathCompatibleExactRelations,PathCertified,,
yeast,6,7,cals_compact_explain,true,true,SmartCertified,Boolean,Proposition1,PathCompatibleExactRelations,PathCertified,,
yeast,7,5,unary,true,true,Unary,Boolean,UnaryBaseline,UnaryRelation,StructuralHorn,,
yeast,7,5,horn,true,true,Horn,Boolean,Theorem3,StarNestedHorn,StructuralHorn,,
yeast,7,5,antihorn,true,true,AntiHorn,Boolean,Theorem4,StarNestedAntiHorn,StructuralAntiHorn,,
yeast,7,5,square2cnf,true,true,Square2Cnf,Boolean,Theorem6,Square2CnfFormI,TwoSat,,
yeast,7,5,affine,true,true,Affine,Boolean,Theorem5,SingleGf2Equation,Gf2Gaussian,,
yeast,7,5,smart_certified,true,true,SmartCertified,Boolean,Proposition1,PathCompatibleExactRelations,PathCertified,,
yeast,7,5,cals,true,true,SmartCertified,Boolean,Proposition1,PathCompatibleExactRelations,PathCertified,,
yeast,7,5,cals_compact_explain,true,true,SmartCertified,Boolean,Proposition1,PathCompatibleExactRelations,PathCertified,,
yeast,7,7,unary,true,true,Unary,Boolean,UnaryBaseline,UnaryRelation,StructuralHorn,,
yeast,7,7,horn,true,true,Horn,Boolean,Theorem3,StarNestedHorn,StructuralHorn,,
yeast,7,7,antihorn,true,true,AntiHorn,Boolean,Theorem4,StarNestedAntiHorn,StructuralAntiHorn,,
yeast,7,7,square2cnf,true,true,Square2Cnf,Boolean,Theorem6,Square2CnfFormI,TwoSat,,
yeast,7,7,affine,true,true,Affine,Boolean,Theorem5,SingleGf2Equation,Gf2Gaussian,,
yeast,7,7,smart_certified,true,true,SmartCertified,Boolean,Proposition1,PathCompatibleExactRelations,PathCertified,,
yeast,7,7,cals,true,true,SmartCertified,Boolean,Proposition1,PathCompatibleExactRelations,PathCertified,,
yeast,7,7,cals_compact_explain,true,true,SmartCertified,Boolean,Proposition1,PathCompatibleExactRelations,PathCertified,,
yeast,8,5,unary,true,true,Unary,Boolean,UnaryBaseline,UnaryRelation,StructuralHorn,,
yeast,8,5,horn,true,true,Horn,Boolean,Theorem3,StarNestedHorn,StructuralHorn,,
yeast,8,5,antihorn,true,true,AntiHorn,Boolean,Theorem4,StarNestedAntiHorn,StructuralAntiHorn,,
yeast,8,5,square2cnf,true,true,Square2Cnf,Boolean,Theorem6,Square2CnfFormI,TwoSat,,
yeast,8,5,affine,true,true,Affine,Boolean,Theorem5,SingleGf2Equation,Gf2Gaussian,,
yeast,8,5,smart_certified,true,true,SmartCertified,Boolean,Proposition1,PathCompatibleExactRelations,PathCertified,,
yeast,8,5,cals,true,true,SmartCertified,Boolean,Proposition1,PathCompatibleExactRelations,PathCertified,,
yeast,8,5,cals_compact_explain,true,true,SmartCertified,Boolean,Proposition1,PathCompatibleExactRelations,PathCertified,,
yeast,8,7,unary,true,true,Unary,Boolean,UnaryBaseline,UnaryRelation,StructuralHorn,,
yeast,8,7,horn,true,true,Horn,Boolean,Theorem3,StarNestedHorn,StructuralHorn,,
yeast,8,7,antihorn,true,true,AntiHorn,Boolean,Theorem4,StarNestedAntiHorn,StructuralAntiHorn,,
yeast,8,7,square2cnf,true,true,Square2Cnf,Boolean,Theorem6,Square2CnfFormI,TwoSat,,
yeast,8,7,affine,true,true,Affine,Boolean,Theorem5,SingleGf2Equation,Gf2Gaussian,,
yeast,8,7,smart_certified,true,true,SmartCertified,Boolean,Proposition1,PathCompatibleExactRelations,PathCertified,,
yeast,8,7,cals,true,true,SmartCertified,Boolean,Proposition1,PathCompatibleExactRelations,PathCertified,,
yeast,8,7,cals_compact_explain,true,true,SmartCertified,Boolean,Proposition1,PathCompatibleExactRelations,PathCertified,,
yeast,9,5,unary,true,true,Unary,Boolean,UnaryBaseline,UnaryRelation,StructuralHorn,,
yeast,9,5,horn,true,true,Horn,Boolean,Theorem3,StarNestedHorn,StructuralHorn,,
yeast,9,5,antihorn,true,true,AntiHorn,Boolean,Theorem4,StarNestedAntiHorn,StructuralAntiHorn,,
yeast,9,5,square2cnf,true,true,Square2Cnf,Boolean,Theorem6,Square2CnfFormI,TwoSat,,
yeast,9,5,affine,true,true,Affine,Boolean,Theorem5,SingleGf2Equation,Gf2Gaussian,,
yeast,9,5,smart_certified,true,true,SmartCertified,Boolean,Proposition1,PathCompatibleExactRelations,PathCertified,,
yeast,9,5,cals,true,true,SmartCertified,Boolean,Proposition1,PathCompatibleExactRelations,PathCertified,,
yeast,9,5,cals_compact_explain,true,true,SmartCertified,Boolean,Proposition1,PathCompatibleExactRelations,PathCertified,,
yeast,9,7,unary,true,true,Unary,Boolean,UnaryBaseline,UnaryRelation,StructuralHorn,,
yeast,9,7,horn,true,true,Horn,Boolean,Theorem3,StarNestedHorn,StructuralHorn,,
yeast,9,7,antihorn,true,true,AntiHorn,Boolean,Theorem4,StarNestedAntiHorn,StructuralAntiHorn,,
yeast,9,7,square2cnf,true,true,Square2Cnf,Boolean,Theorem6,Square2CnfFormI,TwoSat,,
yeast,9,7,affine,true,true,Affine,Boolean,Theorem5,SingleGf2Equation,Gf2Gaussian,,
yeast,9,7,smart_certified,true,true,SmartCertified,Boolean,Proposition1,PathCompatibleExactRelations,PathCertified,,
yeast,9,7,cals,true,true,SmartCertified,Boolean,Proposition1,PathCompatibleExactRelations,PathCertified,,
yeast,9,7,cals_compact_explain,true,true,SmartCertified,Boolean,Proposition1,PathCompatibleExactRelations,PathCertified,,
