dataset,run,depth,method,search_strategy,candidate_beam_width,tree_beam_width,lookahead_depth,node_budget,total_fit_time
"HTRU_2-bin",0,5,unary,Greedy,8,8,2,18446744073709551615,0.06968142
"HTRU_2-bin",0,5,horn,Greedy,8,8,2,18446744073709551615,0.113401215
"HTRU_2-bin",0,5,antihorn,Greedy,8,8,2,18446744073709551615,0.114603562
"HTRU_2-bin",0,5,square2cnf,Greedy,8,8,2,18446744073709551615,0.971535667
"HTRU_2-bin",0,5,affine,Greedy,8,8,2,18446744073709551615,0.400629857
"HTRU_2-bin",0,5,smart_certified,Greedy,8,8,2,18446744073709551615,1.588930576
"HTRU_2-bin",0,5,cals,SparseLookahead,16,8,2,18446744073709551615,23.502126128
"HTRU_2-bin",0,5,cals_compact_explain,SelectiveLookahead,16,4,2,18446744073709551615,8.428751541
"HTRU_2-bin",0,7,unary,Greedy,8,8,2,18446744073709551615,0.095280929
"HTRU_2-bin",0,7,horn,Greedy,8,8,2,18446744073709551615,0.225427405
"HTRU_2-bin",0,7,antihorn,Greedy,8,8,2,18446744073709551615,0.238724399
"HTRU_2-bin",0,7,square2cnf,Greedy,8,8,2,18446744073709551615,3.3367032979999998
"HTRU_2-bin",0,7,affine,Greedy,8,8,2,18446744073709551615,0.970732446
"HTRU_2-bin",0,7,smart_certified,Greedy,8,8,2,18446744073709551615,4.959549667
"HTRU_2-bin",0,7,cals,SparseLookahead,16,8,2,18446744073709551615,52.569499607
"HTRU_2-bin",0,7,cals_compact_explain,SelectiveLookahead,16,4,2,18446744073709551615,20.121610876
"HTRU_2-bin",1,5,unary,Greedy,8,8,2,18446744073709551615,0.058938978
"HTRU_2-bin",1,5,horn,Greedy,8,8,2,18446744073709551615,0.115389444
"HTRU_2-bin",1,5,antihorn,Greedy,8,8,2,18446744073709551615,0.119201146
"HTRU_2-bin",1,5,square2cnf,Greedy,8,8,2,18446744073709551615,0.954322943
"HTRU_2-bin",1,5,affine,Greedy,8,8,2,18446744073709551615,0.380097492
"HTRU_2-bin",1,5,smart_certified,Greedy,8,8,2,18446744073709551615,1.75062815
"HTRU_2-bin",1,5,cals,SparseLookahead,16,8,2,18446744073709551615,35.30611585
"HTRU_2-bin",1,5,cals_compact_explain,SelectiveLookahead,16,4,2,18446744073709551615,10.862650832
"HTRU_2-bin",1,7,unary,Greedy,8,8,2,18446744073709551615,0.09900663
"HTRU_2-bin",1,7,horn,Greedy,8,8,2,18446744073709551615,0.216150338
"HTRU_2-bin",1,7,antihorn,Greedy,8,8,2,18446744073709551615,0.226921947
"HTRU_2-bin",1,7,square2cnf,Greedy,8,8,2,18446744073709551615,2.919482848
"HTRU_2-bin",1,7,affine,Greedy,8,8,2,18446744073709551615,0.81190071
"HTRU_2-bin",1,7,smart_certified,Greedy,8,8,2,18446744073709551615,5.13086021
"HTRU_2-bin",1,7,cals,SparseLookahead,16,8,2,18446744073709551615,80.138894044
"HTRU_2-bin",1,7,cals_compact_explain,SelectiveLookahead,16,4,2,18446744073709551615,20.744726717
"HTRU_2-bin",2,5,unary,Greedy,8,8,2,18446744073709551615,0.061053366
"HTRU_2-bin",2,5,horn,Greedy,8,8,2,18446744073709551615,0.113301543
"HTRU_2-bin",2,5,antihorn,Greedy,8,8,2,18446744073709551615,0.119127643
"HTRU_2-bin",2,5,square2cnf,Greedy,8,8,2,18446744073709551615,1.015839305
"HTRU_2-bin",2,5,affine,Greedy,8,8,2,18446744073709551615,0.374729709
"HTRU_2-bin",2,5,smart_certified,Greedy,8,8,2,18446744073709551615,1.654372447
"HTRU_2-bin",2,5,cals,SparseLookahead,16,8,2,18446744073709551615,2.554186568
"HTRU_2-bin",2,5,cals_compact_explain,SelectiveLookahead,16,4,2,18446744073709551615,17.005851381
"HTRU_2-bin",2,7,unary,Greedy,8,8,2,18446744073709551615,0.101183532
"HTRU_2-bin",2,7,horn,Greedy,8,8,2,18446744073709551615,0.212605425
"HTRU_2-bin",2,7,antihorn,Greedy,8,8,2,18446744073709551615,0.230555789
"HTRU_2-bin",2,7,square2cnf,Greedy,8,8,2,18446744073709551615,2.690355242
"HTRU_2-bin",2,7,affine,Greedy,8,8,2,18446744073709551615,0.977403529
"HTRU_2-bin",2,7,smart_certified,Greedy,8,8,2,18446744073709551615,5.122284068
"HTRU_2-bin",2,7,cals,SparseLookahead,16,8,2,18446744073709551615,2.911838685
"HTRU_2-bin",2,7,cals_compact_explain,SelectiveLookahead,16,4,2,18446744073709551615,36.813501011
"HTRU_2-bin",3,5,unary,Greedy,8,8,2,18446744073709551615,0.060658908
"HTRU_2-bin",3,5,horn,Greedy,8,8,2,18446744073709551615,0.116832277
"HTRU_2-bin",3,5,antihorn,Greedy,8,8,2,18446744073709551615,0.113086454
"HTRU_2-bin",3,5,square2cnf,Greedy,8,8,2,18446744073709551615,0.893232007
"HTRU_2-bin",3,5,affine,Greedy,8,8,2,18446744073709551615,0.383771833
"HTRU_2-bin",3,5,smart_certified,Greedy,8,8,2,18446744073709551615,1.683017014
"HTRU_2-bin",3,5,cals,SparseLookahead,16,8,2,18446744073709551615,38.23893995
"HTRU_2-bin",3,5,cals_compact_explain,SelectiveLookahead,16,4,2,18446744073709551615,7.9297856
"HTRU_2-bin",3,7,unary,Greedy,8,8,2,18446744073709551615,0.10637434
"HTRU_2-bin",3,7,horn,Greedy,8,8,2,18446744073709551615,0.241634347
"HTRU_2-bin",3,7,antihorn,Greedy,8,8,2,18446744073709551615,0.236250327
"HTRU_2-bin",3,7,square2cnf,Greedy,8,8,2,18446744073709551615,2.249507881
"HTRU_2-bin",3,7,affine,Greedy,8,8,2,18446744073709551615,0.926806539
"HTRU_2-bin",3,7,smart_certified,Greedy,8,8,2,18446744073709551615,6.148036619
"HTRU_2-bin",3,7,cals,SparseLookahead,16,8,2,18446744073709551615,93.342738921
"HTRU_2-bin",3,7,cals_compact_explain,SelectiveLookahead,16,4,2,18446744073709551615,21.128642495
"HTRU_2-bin",4,5,unary,Greedy,8,8,2,18446744073709551615,0.058197899
"HTRU_2-bin",4,5,horn,Greedy,8,8,2,18446744073709551615,0.110115592
"HTRU_2-bin",4,5,antihorn,Greedy,8,8,2,18446744073709551615,0.112838277
"HTRU_2-bin",4,5,square2cnf,Greedy,8,8,2,18446744073709551615,0.887121593
"HTRU_2-bin",4,5,affine,Greedy,8,8,2,18446744073709551615,0.371114018
"HTRU_2-bin",4,5,smart_certified,Greedy,8,8,2,18446744073709551615,1.655652664
"HTRU_2-bin",4,5,cals,SparseLookahead,16,8,2,18446744073709551615,1.731501648
"HTRU_2-bin",4,5,cals_compact_explain,SelectiveLookahead,16,4,2,18446744073709551615,14.106251565
"HTRU_2-bin",4,7,unary,Greedy,8,8,2,18446744073709551615,0.091825194
"HTRU_2-bin",4,7,horn,Greedy,8,8,2,18446744073709551615,0.206227038
"HTRU_2-bin",4,7,antihorn,Greedy,8,8,2,18446744073709551615,0.238058932
"HTRU_2-bin",4,7,square2cnf,Greedy,8,8,2,18446744073709551615,2.435003777
"HTRU_2-bin",4,7,affine,Greedy,8,8,2,18446744073709551615,0.878774995
"HTRU_2-bin",4,7,smart_certified,Greedy,8,8,2,18446744073709551615,5.19131366
"HTRU_2-bin",4,7,cals,SparseLookahead,16,8,2,18446744073709551615,1.9619506119999999
"HTRU_2-bin",4,7,cals_compact_explain,SelectiveLookahead,16,4,2,18446744073709551615,36.095293974
"HTRU_2-bin",5,5,unary,Greedy,8,8,2,18446744073709551615,0.063468722
"HTRU_2-bin",5,5,horn,Greedy,8,8,2,18446744073709551615,0.117665401
"HTRU_2-bin",5,5,antihorn,Greedy,8,8,2,18446744073709551615,0.12420521
"HTRU_2-bin",5,5,square2cnf,Greedy,8,8,2,18446744073709551615,1.096081563
"HTRU_2-bin",5,5,affine,Greedy,8,8,2,18446744073709551615,0.382669707
"HTRU_2-bin",5,5,smart_certified,Greedy,8,8,2,18446744073709551615,1.81766051
"HTRU_2-bin",5,5,cals,SparseLookahead,16,8,2,18446744073709551615,33.282845147
"HTRU_2-bin",5,5,cals_compact_explain,SelectiveLookahead,16,4,2,18446744073709551615,13.351264983
"HTRU_2-bin",5,7,unary,Greedy,8,8,2,18446744073709551615,0.108854399
"HTRU_2-bin",5,7,horn,Greedy,8,8,2,18446744073709551615,0.255211816
"HTRU_2-bin",5,7,antihorn,Greedy,8,8,2,18446744073709551615,0.250139698
"HTRU_2-bin",5,7,square2cnf,Greedy,8,8,2,18446744073709551615,3.444161728
"HTRU_2-bin",5,7,affine,Greedy,8,8,2,18446744073709551615,0.844075363
"HTRU_2-bin",5,7,smart_certified,Greedy,8,8,2,18446744073709551615,6.7520701370000005
"HTRU_2-bin",5,7,cals,SparseLookahead,16,8,2,18446744073709551615,61.738331217
"HTRU_2-bin",5,7,cals_compact_explain,SelectiveLookahead,16,4,2,18446744073709551615,26.439755014
"HTRU_2-bin",6,5,unary,Greedy,8,8,2,18446744073709551615,0.060572992
"HTRU_2-bin",6,5,horn,Greedy,8,8,2,18446744073709551615,0.114000906
"HTRU_2-bin",6,5,antihorn,Greedy,8,8,2,18446744073709551615,0.118747902
"HTRU_2-bin",6,5,square2cnf,Greedy,8,8,2,18446744073709551615,1.032014812
"HTRU_2-bin",6,5,affine,Greedy,8,8,2,18446744073709551615,0.381655088
"HTRU_2-bin",6,5,smart_certified,Greedy,8,8,2,18446744073709551615,1.555876813
"HTRU_2-bin",6,5,cals,SparseLookahead,16,8,2,18446744073709551615,39.540765472
"HTRU_2-bin",6,5,cals_compact_explain,SelectiveLookahead,16,4,2,18446744073709551615,8.318500532
"HTRU_2-bin",6,7,unary,Greedy,8,8,2,18446744073709551615,0.103904456
"HTRU_2-bin",6,7,horn,Greedy,8,8,2,18446744073709551615,0.213213042
"HTRU_2-bin",6,7,antihorn,Greedy,8,8,2,18446744073709551615,0.234776785
"HTRU_2-bin",6,7,square2cnf,Greedy,8,8,2,18446744073709551615,3.265037267
"HTRU_2-bin",6,7,affine,Greedy,8,8,2,18446744073709551615,0.839419717
"HTRU_2-bin",6,7,smart_certified,Greedy,8,8,2,18446744073709551615,5.477598606
"HTRU_2-bin",6,7,cals,SparseLookahead,16,8,2,18446744073709551615,94.760507866
"HTRU_2-bin",6,7,cals_compact_explain,SelectiveLookahead,16,4,2,18446744073709551615,14.741884071
"HTRU_2-bin",7,5,unary,Greedy,8,8,2,18446744073709551615,0.066179672
"HTRU_2-bin",7,5,horn,Greedy,8,8,2,18446744073709551615,0.117384562
"HTRU_2-bin",7,5,antihorn,Greedy,8,8,2,18446744073709551615,0.123169278
"HTRU_2-bin",7,5,square2cnf,Greedy,8,8,2,18446744073709551615,1.06135424
"HTRU_2-bin",7,5,affine,Greedy,8,8,2,18446744073709551615,0.332047285
"HTRU_2-bin",7,5,smart_certified,Greedy,8,8,2,18446744073709551615,1.683442326
"HTRU_2-bin",7,5,cals,SparseLookahead,16,8,2,18446744073709551615,20.460066621
"HTRU_2-bin",7,5,cals_compact_explain,SelectiveLookahead,16,4,2,18446744073709551615,8.074395744
"HTRU_2-bin",7,7,unary,Greedy,8,8,2,18446744073709551615,0.107626883
"HTRU_2-bin",7,7,horn,Greedy,8,8,2,18446744073709551615,0.232701256
"HTRU_2-bin",7,7,antihorn,Greedy,8,8,2,18446744073709551615,0.260749692
"HTRU_2-bin",7,7,square2cnf,Greedy,8,8,2,18446744073709551615,2.967347948
"HTRU_2-bin",7,7,affine,Greedy,8,8,2,18446744073709551615,0.811342274
"HTRU_2-bin",7,7,smart_certified,Greedy,8,8,2,18446744073709551615,6.372336016
"HTRU_2-bin",7,7,cals,SparseLookahead,16,8,2,18446744073709551615,41.12022774
"HTRU_2-bin",7,7,cals_compact_explain,SelectiveLookahead,16,4,2,18446744073709551615,15.748467148
"HTRU_2-bin",8,5,unary,Greedy,8,8,2,18446744073709551615,0.060084279
"HTRU_2-bin",8,5,horn,Greedy,8,8,2,18446744073709551615,0.121146206
"HTRU_2-bin",8,5,antihorn,Greedy,8,8,2,18446744073709551615,0.118938139
"HTRU_2-bin",8,5,square2cnf,Greedy,8,8,2,18446744073709551615,1.029376559
"HTRU_2-bin",8,5,affine,Greedy,8,8,2,18446744073709551615,0.378254025
"HTRU_2-bin",8,5,smart_certified,Greedy,8,8,2,18446744073709551615,1.591577923
"HTRU_2-bin",8,5,cals,SparseLookahead,16,8,2,18446744073709551615,43.715440947
"HTRU_2-bin",8,5,cals_compact_explain,SelectiveLookahead,16,4,2,18446744073709551615,15.837886151
"HTRU_2-bin",8,7,unary,Greedy,8,8,2,18446744073709551615,0.09791069
"HTRU_2-bin",8,7,horn,Greedy,8,8,2,18446744073709551615,0.24020472
"HTRU_2-bin",8,7,antihorn,Greedy,8,8,2,18446744073709551615,0.244174613
"HTRU_2-bin",8,7,square2cnf,Greedy,8,8,2,18446744073709551615,3.497391094
"HTRU_2-bin",8,7,affine,Greedy,8,8,2,18446744073709551615,0.799422451
"HTRU_2-bin",8,7,smart_certified,Greedy,8,8,2,18446744073709551615,4.985365706
"HTRU_2-bin",8,7,cals,SparseLookahead,16,8,2,18446744073709551615,100.721926644
"HTRU_2-bin",8,7,cals_compact_explain,SelectiveLookahead,16,4,2,18446744073709551615,36.390724777
"HTRU_2-bin",9,5,unary,Greedy,8,8,2,18446744073709551615,0.059569643
"HTRU_2-bin",9,5,horn,Greedy,8,8,2,18446744073709551615,0.118139716
"HTRU_2-bin",9,5,antihorn,Greedy,8,8,2,18446744073709551615,0.118972714
"HTRU_2-bin",9,5,square2cnf,Greedy,8,8,2,18446744073709551615,0.994405324
"HTRU_2-bin",9,5,affine,Greedy,8,8,2,18446744073709551615,0.366786255
"HTRU_2-bin",9,5,smart_certified,Greedy,8,8,2,18446744073709551615,1.7111084170000002
"HTRU_2-bin",9,5,cals,SparseLookahead,16,8,2,18446744073709551615,36.955723128
"HTRU_2-bin",9,5,cals_compact_explain,SelectiveLookahead,16,4,2,18446744073709551615,17.408259922
"HTRU_2-bin",9,7,unary,Greedy,8,8,2,18446744073709551615,0.103723171
"HTRU_2-bin",9,7,horn,Greedy,8,8,2,18446744073709551615,0.235542994
"HTRU_2-bin",9,7,antihorn,Greedy,8,8,2,18446744073709551615,0.268504269
"HTRU_2-bin",9,7,square2cnf,Greedy,8,8,2,18446744073709551615,3.281377707
"HTRU_2-bin",9,7,affine,Greedy,8,8,2,18446744073709551615,0.799955443
"HTRU_2-bin",9,7,smart_certified,Greedy,8,8,2,18446744073709551615,6.265381939
"HTRU_2-bin",9,7,cals,SparseLookahead,16,8,2,18446744073709551615,79.428100621
"HTRU_2-bin",9,7,cals_compact_explain,SelectiveLookahead,16,4,2,18446744073709551615,31.055260804
"IndiansDiabetes-bin",0,5,unary,Greedy,8,8,2,18446744073709551615,0.008189993
"IndiansDiabetes-bin",0,5,horn,Greedy,8,8,2,18446744073709551615,0.006403542
"IndiansDiabetes-bin",0,5,antihorn,Greedy,8,8,2,18446744073709551615,0.00692942
"IndiansDiabetes-bin",0,5,square2cnf,Greedy,8,8,2,18446744073709551615,0.067773711
"IndiansDiabetes-bin",0,5,affine,Greedy,8,8,2,18446744073709551615,0.030793612
"IndiansDiabetes-bin",0,5,smart_certified,Greedy,8,8,2,18446744073709551615,0.096142027
"IndiansDiabetes-bin",0,5,cals,SparseLookahead,16,8,2,18446744073709551615,17.965908444
"IndiansDiabetes-bin",0,5,cals_compact_explain,SelectiveLookahead,16,4,2,18446744073709551615,4.872570111
"IndiansDiabetes-bin",0,7,unary,Greedy,8,8,2,18446744073709551615,0.004275311
"IndiansDiabetes-bin",0,7,horn,Greedy,8,8,2,18446744073709551615,0.010125955
"IndiansDiabetes-bin",0,7,antihorn,Greedy,8,8,2,18446744073709551615,0.009865399
"IndiansDiabetes-bin",0,7,square2cnf,Greedy,8,8,2,18446744073709551615,0.142052893
"IndiansDiabetes-bin",0,7,affine,Greedy,8,8,2,18446744073709551615,0.058654937
"IndiansDiabetes-bin",0,7,smart_certified,Greedy,8,8,2,18446744073709551615,0.165127921
"IndiansDiabetes-bin",0,7,cals,SparseLookahead,16,8,2,18446744073709551615,29.714875024
"IndiansDiabetes-bin",0,7,cals_compact_explain,SelectiveLookahead,16,4,2,18446744073709551615,7.658428631
"IndiansDiabetes-bin",1,5,unary,Greedy,8,8,2,18446744073709551615,0.002306504
"IndiansDiabetes-bin",1,5,horn,Greedy,8,8,2,18446744073709551615,0.005839123
"IndiansDiabetes-bin",1,5,antihorn,Greedy,8,8,2,18446744073709551615,0.004882861
"IndiansDiabetes-bin",1,5,square2cnf,Greedy,8,8,2,18446744073709551615,0.048932308
"IndiansDiabetes-bin",1,5,affine,Greedy,8,8,2,18446744073709551615,0.026300746
"IndiansDiabetes-bin",1,5,smart_certified,Greedy,8,8,2,18446744073709551615,0.083174508
"IndiansDiabetes-bin",1,5,cals,SparseLookahead,16,8,2,18446744073709551615,18.342254627
"IndiansDiabetes-bin",1,5,cals_compact_explain,SelectiveLookahead,16,4,2,18446744073709551615,5.1528817
"IndiansDiabetes-bin",1,7,unary,Greedy,8,8,2,18446744073709551615,0.003850456
"IndiansDiabetes-bin",1,7,horn,Greedy,8,8,2,18446744073709551615,0.009804891
"IndiansDiabetes-bin",1,7,antihorn,Greedy,8,8,2,18446744073709551615,0.00636641
"IndiansDiabetes-bin",1,7,square2cnf,Greedy,8,8,2,18446744073709551615,0.123730856
"IndiansDiabetes-bin",1,7,affine,Greedy,8,8,2,18446744073709551615,0.05208827
"IndiansDiabetes-bin",1,7,smart_certified,Greedy,8,8,2,18446744073709551615,0.16238211
"IndiansDiabetes-bin",1,7,cals,SparseLookahead,16,8,2,18446744073709551615,31.443291215
"IndiansDiabetes-bin",1,7,cals_compact_explain,SelectiveLookahead,16,4,2,18446744073709551615,8.861198464
"IndiansDiabetes-bin",2,5,unary,Greedy,8,8,2,18446744073709551615,0.002436636
"IndiansDiabetes-bin",2,5,horn,Greedy,8,8,2,18446744073709551615,0.005420007
"IndiansDiabetes-bin",2,5,antihorn,Greedy,8,8,2,18446744073709551615,0.005615432
"IndiansDiabetes-bin",2,5,square2cnf,Greedy,8,8,2,18446744073709551615,0.068650823
"IndiansDiabetes-bin",2,5,affine,Greedy,8,8,2,18446744073709551615,0.031364429
"IndiansDiabetes-bin",2,5,smart_certified,Greedy,8,8,2,18446744073709551615,0.084771316
"IndiansDiabetes-bin",2,5,cals,SparseLookahead,16,8,2,18446744073709551615,16.923430842
"IndiansDiabetes-bin",2,5,cals_compact_explain,SelectiveLookahead,16,4,2,18446744073709551615,4.994829611
"IndiansDiabetes-bin",2,7,unary,Greedy,8,8,2,18446744073709551615,0.004265596
"IndiansDiabetes-bin",2,7,horn,Greedy,8,8,2,18446744073709551615,0.009863498
"IndiansDiabetes-bin",2,7,antihorn,Greedy,8,8,2,18446744073709551615,0.010246795
"IndiansDiabetes-bin",2,7,square2cnf,Greedy,8,8,2,18446744073709551615,0.137996195
"IndiansDiabetes-bin",2,7,affine,Greedy,8,8,2,18446744073709551615,0.065323669
"IndiansDiabetes-bin",2,7,smart_certified,Greedy,8,8,2,18446744073709551615,0.162000609
"IndiansDiabetes-bin",2,7,cals,SparseLookahead,16,8,2,18446744073709551615,25.826670712
"IndiansDiabetes-bin",2,7,cals_compact_explain,SelectiveLookahead,16,4,2,18446744073709551615,7.824932002
"IndiansDiabetes-bin",3,5,unary,Greedy,8,8,2,18446744073709551615,0.002358461
"IndiansDiabetes-bin",3,5,horn,Greedy,8,8,2,18446744073709551615,0.00545096
"IndiansDiabetes-bin",3,5,antihorn,Greedy,8,8,2,18446744073709551615,0.005911974
"IndiansDiabetes-bin",3,5,square2cnf,Greedy,8,8,2,18446744073709551615,0.052151024
"IndiansDiabetes-bin",3,5,affine,Greedy,8,8,2,18446744073709551615,0.028611093
"IndiansDiabetes-bin",3,5,smart_certified,Greedy,8,8,2,18446744073709551615,0.088894514
"IndiansDiabetes-bin",3,5,cals,SparseLookahead,16,8,2,18446744073709551615,17.777970352
"IndiansDiabetes-bin",3,5,cals_compact_explain,SelectiveLookahead,16,4,2,18446744073709551615,5.203383404
"IndiansDiabetes-bin",3,7,unary,Greedy,8,8,2,18446744073709551615,0.00418526
"IndiansDiabetes-bin",3,7,horn,Greedy,8,8,2,18446744073709551615,0.009664021
"IndiansDiabetes-bin",3,7,antihorn,Greedy,8,8,2,18446744073709551615,0.009370968
"IndiansDiabetes-bin",3,7,square2cnf,Greedy,8,8,2,18446744073709551615,0.099943908
"IndiansDiabetes-bin",3,7,affine,Greedy,8,8,2,18446744073709551615,0.062241044
"IndiansDiabetes-bin",3,7,smart_certified,Greedy,8,8,2,18446744073709551615,0.157618214
"IndiansDiabetes-bin",3,7,cals,SparseLookahead,16,8,2,18446744073709551615,31.581908315
"IndiansDiabetes-bin",3,7,cals_compact_explain,SelectiveLookahead,16,4,2,18446744073709551615,8.516702326
"IndiansDiabetes-bin",4,5,unary,Greedy,8,8,2,18446744073709551615,0.002556928
"IndiansDiabetes-bin",4,5,horn,Greedy,8,8,2,18446744073709551615,0.005408602
"IndiansDiabetes-bin",4,5,antihorn,Greedy,8,8,2,18446744073709551615,0.005557337
"IndiansDiabetes-bin",4,5,square2cnf,Greedy,8,8,2,18446744073709551615,0.060696466
"IndiansDiabetes-bin",4,5,affine,Greedy,8,8,2,18446744073709551615,0.033410248
"IndiansDiabetes-bin",4,5,smart_certified,Greedy,8,8,2,18446744073709551615,0.098773511
"IndiansDiabetes-bin",4,5,cals,SparseLookahead,16,8,2,18446744073709551615,13.377418643
"IndiansDiabetes-bin",4,5,cals_compact_explain,SelectiveLookahead,16,4,2,18446744073709551615,3.794946099
"IndiansDiabetes-bin",4,7,unary,Greedy,8,8,2,18446744073709551615,0.004272924
"IndiansDiabetes-bin",4,7,horn,Greedy,8,8,2,18446744073709551615,0.010248588
"IndiansDiabetes-bin",4,7,antihorn,Greedy,8,8,2,18446744073709551615,0.009535972
"IndiansDiabetes-bin",4,7,square2cnf,Greedy,8,8,2,18446744073709551615,0.114023442
"IndiansDiabetes-bin",4,7,affine,Greedy,8,8,2,18446744073709551615,0.060094603
"IndiansDiabetes-bin",4,7,smart_certified,Greedy,8,8,2,18446744073709551615,0.159167008
"IndiansDiabetes-bin",4,7,cals,SparseLookahead,16,8,2,18446744073709551615,21.117813492
"IndiansDiabetes-bin",4,7,cals_compact_explain,SelectiveLookahead,16,4,2,18446744073709551615,6.06802016
"IndiansDiabetes-bin",5,5,unary,Greedy,8,8,2,18446744073709551615,0.002587567
"IndiansDiabetes-bin",5,5,horn,Greedy,8,8,2,18446744073709551615,0.005516892
"IndiansDiabetes-bin",5,5,antihorn,Greedy,8,8,2,18446744073709551615,0.004870714
"IndiansDiabetes-bin",5,5,square2cnf,Greedy,8,8,2,18446744073709551615,0.058062817
"IndiansDiabetes-bin",5,5,affine,Greedy,8,8,2,18446744073709551615,0.030768485
"IndiansDiabetes-bin",5,5,smart_certified,Greedy,8,8,2,18446744073709551615,0.105649362
"IndiansDiabetes-bin",5,5,cals,SparseLookahead,16,8,2,18446744073709551615,14.626720486
"IndiansDiabetes-bin",5,5,cals_compact_explain,SelectiveLookahead,16,4,2,18446744073709551615,3.913179292
"IndiansDiabetes-bin",5,7,unary,Greedy,8,8,2,18446744073709551615,0.004539515
"IndiansDiabetes-bin",5,7,horn,Greedy,8,8,2,18446744073709551615,0.010115597
"IndiansDiabetes-bin",5,7,antihorn,Greedy,8,8,2,18446744073709551615,0.008105151
"IndiansDiabetes-bin",5,7,square2cnf,Greedy,8,8,2,18446744073709551615,0.129760885
"IndiansDiabetes-bin",5,7,affine,Greedy,8,8,2,18446744073709551615,0.059111355
"IndiansDiabetes-bin",5,7,smart_certified,Greedy,8,8,2,18446744073709551615,0.173978678
"IndiansDiabetes-bin",5,7,cals,SparseLookahead,16,8,2,18446744073709551615,28.104638088
"IndiansDiabetes-bin",5,7,cals_compact_explain,SelectiveLookahead,16,4,2,18446744073709551615,7.447428243
"IndiansDiabetes-bin",6,5,unary,Greedy,8,8,2,18446744073709551615,0.002273986
"IndiansDiabetes-bin",6,5,horn,Greedy,8,8,2,18446744073709551615,0.005000051
"IndiansDiabetes-bin",6,5,antihorn,Greedy,8,8,2,18446744073709551615,0.005076479
"IndiansDiabetes-bin",6,5,square2cnf,Greedy,8,8,2,18446744073709551615,0.048742388
"IndiansDiabetes-bin",6,5,affine,Greedy,8,8,2,18446744073709551615,0.032405552
"IndiansDiabetes-bin",6,5,smart_certified,Greedy,8,8,2,18446744073709551615,0.095298726
"IndiansDiabetes-bin",6,5,cals,SparseLookahead,16,8,2,18446744073709551615,16.229571634
"IndiansDiabetes-bin",6,5,cals_compact_explain,SelectiveLookahead,16,4,2,18446744073709551615,4.8195135140000005
"IndiansDiabetes-bin",6,7,unary,Greedy,8,8,2,18446744073709551615,0.00404337
"IndiansDiabetes-bin",6,7,horn,Greedy,8,8,2,18446744073709551615,0.009479504
"IndiansDiabetes-bin",6,7,antihorn,Greedy,8,8,2,18446744073709551615,0.007903254
"IndiansDiabetes-bin",6,7,square2cnf,Greedy,8,8,2,18446744073709551615,0.090178549
"IndiansDiabetes-bin",6,7,affine,Greedy,8,8,2,18446744073709551615,0.062617825
"IndiansDiabetes-bin",6,7,smart_certified,Greedy,8,8,2,18446744073709551615,0.164279285
"IndiansDiabetes-bin",6,7,cals,SparseLookahead,16,8,2,18446744073709551615,24.970026457
"IndiansDiabetes-bin",6,7,cals_compact_explain,SelectiveLookahead,16,4,2,18446744073709551615,7.246046927
"IndiansDiabetes-bin",7,5,unary,Greedy,8,8,2,18446744073709551615,0.002310151
"IndiansDiabetes-bin",7,5,horn,Greedy,8,8,2,18446744073709551615,0.004704961
"IndiansDiabetes-bin",7,5,antihorn,Greedy,8,8,2,18446744073709551615,0.005387198
"IndiansDiabetes-bin",7,5,square2cnf,Greedy,8,8,2,18446744073709551615,0.068760446
"IndiansDiabetes-bin",7,5,affine,Greedy,8,8,2,18446744073709551615,0.028206754
"IndiansDiabetes-bin",7,5,smart_certified,Greedy,8,8,2,18446744073709551615,0.085414721
"IndiansDiabetes-bin",7,5,cals,SparseLookahead,16,8,2,18446744073709551615,18.728280927
"IndiansDiabetes-bin",7,5,cals_compact_explain,SelectiveLookahead,16,4,2,18446744073709551615,4.952488692
"IndiansDiabetes-bin",7,7,unary,Greedy,8,8,2,18446744073709551615,0.00410358
"IndiansDiabetes-bin",7,7,horn,Greedy,8,8,2,18446744073709551615,0.008648566
"IndiansDiabetes-bin",7,7,antihorn,Greedy,8,8,2,18446744073709551615,0.009116689
"IndiansDiabetes-bin",7,7,square2cnf,Greedy,8,8,2,18446744073709551615,0.140332383
"IndiansDiabetes-bin",7,7,affine,Greedy,8,8,2,18446744073709551615,0.061947043
"IndiansDiabetes-bin",7,7,smart_certified,Greedy,8,8,2,18446744073709551615,0.164591997
"IndiansDiabetes-bin",7,7,cals,SparseLookahead,16,8,2,18446744073709551615,32.48318367
"IndiansDiabetes-bin",7,7,cals_compact_explain,SelectiveLookahead,16,4,2,18446744073709551615,9.069202728
"IndiansDiabetes-bin",8,5,unary,Greedy,8,8,2,18446744073709551615,0.002437774
"IndiansDiabetes-bin",8,5,horn,Greedy,8,8,2,18446744073709551615,0.006397993
"IndiansDiabetes-bin",8,5,antihorn,Greedy,8,8,2,18446744073709551615,0.005569117
"IndiansDiabetes-bin",8,5,square2cnf,Greedy,8,8,2,18446744073709551615,0.059728496
"IndiansDiabetes-bin",8,5,affine,Greedy,8,8,2,18446744073709551615,0.027996218
"IndiansDiabetes-bin",8,5,smart_certified,Greedy,8,8,2,18446744073709551615,0.098112704
"IndiansDiabetes-bin",8,5,cals,SparseLookahead,16,8,2,18446744073709551615,18.92508968
"IndiansDiabetes-bin",8,5,cals_compact_explain,SelectiveLookahead,16,4,2,18446744073709551615,5.187917867
"IndiansDiabetes-bin",8,7,unary,Greedy,8,8,2,18446744073709551615,0.004304369
"IndiansDiabetes-bin",8,7,horn,Greedy,8,8,2,18446744073709551615,0.01076618
"IndiansDiabetes-bin",8,7,antihorn,Greedy,8,8,2,18446744073709551615,0.010347782
"IndiansDiabetes-bin",8,7,square2cnf,Greedy,8,8,2,18446744073709551615,0.124934253
"IndiansDiabetes-bin",8,7,affine,Greedy,8,8,2,18446744073709551615,0.057191022
"IndiansDiabetes-bin",8,7,smart_certified,Greedy,8,8,2,18446744073709551615,0.183734244
"IndiansDiabetes-bin",8,7,cals,SparseLookahead,16,8,2,18446744073709551615,26.922130897
"IndiansDiabetes-bin",8,7,cals_compact_explain,SelectiveLookahead,16,4,2,18446744073709551615,7.981515461
"IndiansDiabetes-bin",9,5,unary,Greedy,8,8,2,18446744073709551615,0.002599191
"IndiansDiabetes-bin",9,5,horn,Greedy,8,8,2,18446744073709551615,0.005829299
"IndiansDiabetes-bin",9,5,antihorn,Greedy,8,8,2,18446744073709551615,0.005552006
"IndiansDiabetes-bin",9,5,square2cnf,Greedy,8,8,2,18446744073709551615,0.053688555
"IndiansDiabetes-bin",9,5,affine,Greedy,8,8,2,18446744073709551615,0.030415437
"IndiansDiabetes-bin",9,5,smart_certified,Greedy,8,8,2,18446744073709551615,0.101650845
"IndiansDiabetes-bin",9,5,cals,SparseLookahead,16,8,2,18446744073709551615,18.906625234
"IndiansDiabetes-bin",9,5,cals_compact_explain,SelectiveLookahead,16,4,2,18446744073709551615,4.203748183
"IndiansDiabetes-bin",9,7,unary,Greedy,8,8,2,18446744073709551615,0.00406188
"IndiansDiabetes-bin",9,7,horn,Greedy,8,8,2,18446744073709551615,0.012932032
"IndiansDiabetes-bin",9,7,antihorn,Greedy,8,8,2,18446744073709551615,0.00905628
"IndiansDiabetes-bin",9,7,square2cnf,Greedy,8,8,2,18446744073709551615,0.119706116
"IndiansDiabetes-bin",9,7,affine,Greedy,8,8,2,18446744073709551615,0.058347339
"IndiansDiabetes-bin",9,7,smart_certified,Greedy,8,8,2,18446744073709551615,0.154364694
"IndiansDiabetes-bin",9,7,cals,SparseLookahead,16,8,2,18446744073709551615,30.791025423
"IndiansDiabetes-bin",9,7,cals_compact_explain,SelectiveLookahead,16,4,2,18446744073709551615,7.466355436
"Statlog_satellite-bin",0,5,unary,Greedy,8,8,2,18446744073709551615,0.123285908
"Statlog_satellite-bin",0,5,horn,Greedy,8,8,2,18446744073709551615,0.105031367
"Statlog_satellite-bin",0,5,antihorn,Greedy,8,8,2,18446744073709551615,0.097934896
"Statlog_satellite-bin",0,5,square2cnf,Greedy,8,8,2,18446744073709551615,0.194552969
"Statlog_satellite-bin",0,5,affine,Greedy,8,8,2,18446744073709551615,0.117948621
"Statlog_satellite-bin",0,5,smart_certified,Greedy,8,8,2,18446744073709551615,0.522477078
"Statlog_satellite-bin",0,5,cals,SparseLookahead,16,8,2,18446744073709551615,0.732489366
"Statlog_satellite-bin",0,5,cals_compact_explain,SelectiveLookahead,16,4,2,18446744073709551615,0.678383626
"Statlog_satellite-bin",0,7,unary,Greedy,8,8,2,18446744073709551615,0.121823377
"Statlog_satellite-bin",0,7,horn,Greedy,8,8,2,18446744073709551615,0.129084906
"Statlog_satellite-bin",0,7,antihorn,Greedy,8,8,2,18446744073709551615,0.118735234
"Statlog_satellite-bin",0,7,square2cnf,Greedy,8,8,2,18446744073709551615,0.32552968
"Statlog_satellite-bin",0,7,affine,Greedy,8,8,2,18446744073709551615,0.192548257
"Statlog_satellite-bin",0,7,smart_certified,Greedy,8,8,2,18446744073709551615,0.682231131
"Statlog_satellite-bin",0,7,cals,SparseLookahead,16,8,2,18446744073709551615,0.782853968
"Statlog_satellite-bin",0,7,cals_compact_explain,SelectiveLookahead,16,4,2,18446744073709551615,0.755875045
"Statlog_satellite-bin",1,5,unary,Greedy,8,8,2,18446744073709551615,0.089952506
"Statlog_satellite-bin",1,5,horn,Greedy,8,8,2,18446744073709551615,0.103387882
"Statlog_satellite-bin",1,5,antihorn,Greedy,8,8,2,18446744073709551615,0.098569306
"Statlog_satellite-bin",1,5,square2cnf,Greedy,8,8,2,18446744073709551615,0.249486992
"Statlog_satellite-bin",1,5,affine,Greedy,8,8,2,18446744073709551615,0.133740738
"Statlog_satellite-bin",1,5,smart_certified,Greedy,8,8,2,18446744073709551615,0.503679214
"Statlog_satellite-bin",1,5,cals,SparseLookahead,16,8,2,18446744073709551615,1.258125315
"Statlog_satellite-bin",1,5,cals_compact_explain,SelectiveLookahead,16,4,2,18446744073709551615,0.599575592
"Statlog_satellite-bin",1,7,unary,Greedy,8,8,2,18446744073709551615,0.111849425
"Statlog_satellite-bin",1,7,horn,Greedy,8,8,2,18446744073709551615,0.130786945
"Statlog_satellite-bin",1,7,antihorn,Greedy,8,8,2,18446744073709551615,0.120370384
"Statlog_satellite-bin",1,7,square2cnf,Greedy,8,8,2,18446744073709551615,0.384738567
"Statlog_satellite-bin",1,7,affine,Greedy,8,8,2,18446744073709551615,0.186677443
"Statlog_satellite-bin",1,7,smart_certified,Greedy,8,8,2,18446744073709551615,0.680820913
"Statlog_satellite-bin",1,7,cals,SparseLookahead,16,8,2,18446744073709551615,1.3708069219999999
"Statlog_satellite-bin",1,7,cals_compact_explain,SelectiveLookahead,16,4,2,18446744073709551615,0.697485656
"Statlog_satellite-bin",2,5,unary,Greedy,8,8,2,18446744073709551615,0.100900847
"Statlog_satellite-bin",2,5,horn,Greedy,8,8,2,18446744073709551615,0.109470223
"Statlog_satellite-bin",2,5,antihorn,Greedy,8,8,2,18446744073709551615,0.11749898
"Statlog_satellite-bin",2,5,square2cnf,Greedy,8,8,2,18446744073709551615,0.242072923
"Statlog_satellite-bin",2,5,affine,Greedy,8,8,2,18446744073709551615,0.13000401
"Statlog_satellite-bin",2,5,smart_certified,Greedy,8,8,2,18446744073709551615,0.567133045
"Statlog_satellite-bin",2,5,cals,SparseLookahead,16,8,2,18446744073709551615,1.064367484
"Statlog_satellite-bin",2,5,cals_compact_explain,SelectiveLookahead,16,4,2,18446744073709551615,0.500219475
"Statlog_satellite-bin",2,7,unary,Greedy,8,8,2,18446744073709551615,0.114548277
"Statlog_satellite-bin",2,7,horn,Greedy,8,8,2,18446744073709551615,0.134655504
"Statlog_satellite-bin",2,7,antihorn,Greedy,8,8,2,18446744073709551615,0.146238153
"Statlog_satellite-bin",2,7,square2cnf,Greedy,8,8,2,18446744073709551615,0.331289084
"Statlog_satellite-bin",2,7,affine,Greedy,8,8,2,18446744073709551615,0.18867072
"Statlog_satellite-bin",2,7,smart_certified,Greedy,8,8,2,18446744073709551615,0.670640926
"Statlog_satellite-bin",2,7,cals,SparseLookahead,16,8,2,18446744073709551615,1.305434337
"Statlog_satellite-bin",2,7,cals_compact_explain,SelectiveLookahead,16,4,2,18446744073709551615,0.590208438
"Statlog_satellite-bin",3,5,unary,Greedy,8,8,2,18446744073709551615,0.090164293
"Statlog_satellite-bin",3,5,horn,Greedy,8,8,2,18446744073709551615,0.100658062
"Statlog_satellite-bin",3,5,antihorn,Greedy,8,8,2,18446744073709551615,0.101079524
"Statlog_satellite-bin",3,5,square2cnf,Greedy,8,8,2,18446744073709551615,0.195144184
"Statlog_satellite-bin",3,5,affine,Greedy,8,8,2,18446744073709551615,0.119420422
"Statlog_satellite-bin",3,5,smart_certified,Greedy,8,8,2,18446744073709551615,0.479333988
"Statlog_satellite-bin",3,5,cals,SparseLookahead,16,8,2,18446744073709551615,1.677864505
"Statlog_satellite-bin",3,5,cals_compact_explain,SelectiveLookahead,16,4,2,18446744073709551615,0.729518572
"Statlog_satellite-bin",3,7,unary,Greedy,8,8,2,18446744073709551615,0.108033273
"Statlog_satellite-bin",3,7,horn,Greedy,8,8,2,18446744073709551615,0.122327452
"Statlog_satellite-bin",3,7,antihorn,Greedy,8,8,2,18446744073709551615,0.123801226
"Statlog_satellite-bin",3,7,square2cnf,Greedy,8,8,2,18446744073709551615,0.285891813
"Statlog_satellite-bin",3,7,affine,Greedy,8,8,2,18446744073709551615,0.18029436
"Statlog_satellite-bin",3,7,smart_certified,Greedy,8,8,2,18446744073709551615,0.669875068
"Statlog_satellite-bin",3,7,cals,SparseLookahead,16,8,2,18446744073709551615,1.799884751
"Statlog_satellite-bin",3,7,cals_compact_explain,SelectiveLookahead,16,4,2,18446744073709551615,0.733237664
"Statlog_satellite-bin",4,5,unary,Greedy,8,8,2,18446744073709551615,0.098825346
"Statlog_satellite-bin",4,5,horn,Greedy,8,8,2,18446744073709551615,0.107702
"Statlog_satellite-bin",4,5,antihorn,Greedy,8,8,2,18446744073709551615,0.106092014
"Statlog_satellite-bin",4,5,square2cnf,Greedy,8,8,2,18446744073709551615,0.240862765
"Statlog_satellite-bin",4,5,affine,Greedy,8,8,2,18446744073709551615,0.138514089
"Statlog_satellite-bin",4,5,smart_certified,Greedy,8,8,2,18446744073709551615,0.461895498
"Statlog_satellite-bin",4,5,cals,SparseLookahead,16,8,2,18446744073709551615,1.179779432
"Statlog_satellite-bin",4,5,cals_compact_explain,SelectiveLookahead,16,4,2,18446744073709551615,0.692175369
"Statlog_satellite-bin",4,7,unary,Greedy,8,8,2,18446744073709551615,0.121777318
"Statlog_satellite-bin",4,7,horn,Greedy,8,8,2,18446744073709551615,0.140639618
"Statlog_satellite-bin",4,7,antihorn,Greedy,8,8,2,18446744073709551615,0.130692835
"Statlog_satellite-bin",4,7,square2cnf,Greedy,8,8,2,18446744073709551615,0.323547205
"Statlog_satellite-bin",4,7,affine,Greedy,8,8,2,18446744073709551615,0.197009026
"Statlog_satellite-bin",4,7,smart_certified,Greedy,8,8,2,18446744073709551615,0.642687576
"Statlog_satellite-bin",4,7,cals,SparseLookahead,16,8,2,18446744073709551615,1.309470271
"Statlog_satellite-bin",4,7,cals_compact_explain,SelectiveLookahead,16,4,2,18446744073709551615,0.756940231
"Statlog_satellite-bin",5,5,unary,Greedy,8,8,2,18446744073709551615,0.095292441
"Statlog_satellite-bin",5,5,horn,Greedy,8,8,2,18446744073709551615,0.10940437
"Statlog_satellite-bin",5,5,antihorn,Greedy,8,8,2,18446744073709551615,0.099578577
"Statlog_satellite-bin",5,5,square2cnf,Greedy,8,8,2,18446744073709551615,0.194684912
"Statlog_satellite-bin",5,5,affine,Greedy,8,8,2,18446744073709551615,0.115573838
"Statlog_satellite-bin",5,5,smart_certified,Greedy,8,8,2,18446744073709551615,0.486511168
"Statlog_satellite-bin",5,5,cals,SparseLookahead,16,8,2,18446744073709551615,5.677950201
"Statlog_satellite-bin",5,5,cals_compact_explain,SelectiveLookahead,16,4,2,18446744073709551615,2.676493947
"Statlog_satellite-bin",5,7,unary,Greedy,8,8,2,18446744073709551615,0.112407706
"Statlog_satellite-bin",5,7,horn,Greedy,8,8,2,18446744073709551615,0.131791008
"Statlog_satellite-bin",5,7,antihorn,Greedy,8,8,2,18446744073709551615,0.119900649
"Statlog_satellite-bin",5,7,square2cnf,Greedy,8,8,2,18446744073709551615,0.27804198
"Statlog_satellite-bin",5,7,affine,Greedy,8,8,2,18446744073709551615,0.170639058
"Statlog_satellite-bin",5,7,smart_certified,Greedy,8,8,2,18446744073709551615,0.632814522
"Statlog_satellite-bin",5,7,cals,SparseLookahead,16,8,2,18446744073709551615,5.815657229
"Statlog_satellite-bin",5,7,cals_compact_explain,SelectiveLookahead,16,4,2,18446744073709551615,2.76171487
"Statlog_satellite-bin",6,5,unary,Greedy,8,8,2,18446744073709551615,0.092766105
"Statlog_satellite-bin",6,5,horn,Greedy,8,8,2,18446744073709551615,0.110924136
"Statlog_satellite-bin",6,5,antihorn,Greedy,8,8,2,18446744073709551615,0.103453336
"Statlog_satellite-bin",6,5,square2cnf,Greedy,8,8,2,18446744073709551615,0.211677274
"Statlog_satellite-bin",6,5,affine,Greedy,8,8,2,18446744073709551615,0.127102304
"Statlog_satellite-bin",6,5,smart_certified,Greedy,8,8,2,18446744073709551615,0.510162174
"Statlog_satellite-bin",6,5,cals,SparseLookahead,16,8,2,18446744073709551615,3.609178372
"Statlog_satellite-bin",6,5,cals_compact_explain,SelectiveLookahead,16,4,2,18446744073709551615,1.286572567
"Statlog_satellite-bin",6,7,unary,Greedy,8,8,2,18446744073709551615,0.105137914
"Statlog_satellite-bin",6,7,horn,Greedy,8,8,2,18446744073709551615,0.131433603
"Statlog_satellite-bin",6,7,antihorn,Greedy,8,8,2,18446744073709551615,0.122370978
"Statlog_satellite-bin",6,7,square2cnf,Greedy,8,8,2,18446744073709551615,0.311055561
"Statlog_satellite-bin",6,7,affine,Greedy,8,8,2,18446744073709551615,0.178940169
"Statlog_satellite-bin",6,7,smart_certified,Greedy,8,8,2,18446744073709551615,0.678314799
"Statlog_satellite-bin",6,7,cals,SparseLookahead,16,8,2,18446744073709551615,3.874838414
"Statlog_satellite-bin",6,7,cals_compact_explain,SelectiveLookahead,16,4,2,18446744073709551615,1.455582178
"Statlog_satellite-bin",7,5,unary,Greedy,8,8,2,18446744073709551615,0.091805111
"Statlog_satellite-bin",7,5,horn,Greedy,8,8,2,18446744073709551615,0.098380175
"Statlog_satellite-bin",7,5,antihorn,Greedy,8,8,2,18446744073709551615,0.108781853
"Statlog_satellite-bin",7,5,square2cnf,Greedy,8,8,2,18446744073709551615,0.23645028
"Statlog_satellite-bin",7,5,affine,Greedy,8,8,2,18446744073709551615,0.109813102
"Statlog_satellite-bin",7,5,smart_certified,Greedy,8,8,2,18446744073709551615,0.461439364
"Statlog_satellite-bin",7,5,cals,SparseLookahead,16,8,2,18446744073709551615,12.148154295
"Statlog_satellite-bin",7,5,cals_compact_explain,SelectiveLookahead,16,4,2,18446744073709551615,5.713492347
"Statlog_satellite-bin",7,7,unary,Greedy,8,8,2,18446744073709551615,0.107334146
"Statlog_satellite-bin",7,7,horn,Greedy,8,8,2,18446744073709551615,0.122960067
"Statlog_satellite-bin",7,7,antihorn,Greedy,8,8,2,18446744073709551615,0.126922563
"Statlog_satellite-bin",7,7,square2cnf,Greedy,8,8,2,18446744073709551615,0.31037951
"Statlog_satellite-bin",7,7,affine,Greedy,8,8,2,18446744073709551615,0.16096107
"Statlog_satellite-bin",7,7,smart_certified,Greedy,8,8,2,18446744073709551615,0.597619294
"Statlog_satellite-bin",7,7,cals,SparseLookahead,16,8,2,18446744073709551615,21.837494654
"Statlog_satellite-bin",7,7,cals_compact_explain,SelectiveLookahead,16,4,2,18446744073709551615,8.220566228
"Statlog_satellite-bin",8,5,unary,Greedy,8,8,2,18446744073709551615,0.088002511
"Statlog_satellite-bin",8,5,horn,Greedy,8,8,2,18446744073709551615,0.098386952
"Statlog_satellite-bin",8,5,antihorn,Greedy,8,8,2,18446744073709551615,0.102233321
"Statlog_satellite-bin",8,5,square2cnf,Greedy,8,8,2,18446744073709551615,0.218580965
"Statlog_satellite-bin",8,5,affine,Greedy,8,8,2,18446744073709551615,0.13278478
"Statlog_satellite-bin",8,5,smart_certified,Greedy,8,8,2,18446744073709551615,0.481828453
"Statlog_satellite-bin",8,5,cals,SparseLookahead,16,8,2,18446744073709551615,5.022358617
"Statlog_satellite-bin",8,5,cals_compact_explain,SelectiveLookahead,16,4,2,18446744073709551615,1.766834389
"Statlog_satellite-bin",8,7,unary,Greedy,8,8,2,18446744073709551615,0.103573468
"Statlog_satellite-bin",8,7,horn,Greedy,8,8,2,18446744073709551615,0.123319899
"Statlog_satellite-bin",8,7,antihorn,Greedy,8,8,2,18446744073709551615,0.124505149
"Statlog_satellite-bin",8,7,square2cnf,Greedy,8,8,2,18446744073709551615,0.32112637
"Statlog_satellite-bin",8,7,affine,Greedy,8,8,2,18446744073709551615,0.19905848
"Statlog_satellite-bin",8,7,smart_certified,Greedy,8,8,2,18446744073709551615,0.620366992
"Statlog_satellite-bin",8,7,cals,SparseLookahead,16,8,2,18446744073709551615,5.237953517
"Statlog_satellite-bin",8,7,cals_compact_explain,SelectiveLookahead,16,4,2,18446744073709551615,1.887061605
"Statlog_satellite-bin",9,5,unary,Greedy,8,8,2,18446744073709551615,0.100443801
"Statlog_satellite-bin",9,5,horn,Greedy,8,8,2,18446744073709551615,0.110625487
"Statlog_satellite-bin",9,5,antihorn,Greedy,8,8,2,18446744073709551615,0.102004837
"Statlog_satellite-bin",9,5,square2cnf,Greedy,8,8,2,18446744073709551615,0.233029565
"Statlog_satellite-bin",9,5,affine,Greedy,8,8,2,18446744073709551615,0.125009533
"Statlog_satellite-bin",9,5,smart_certified,Greedy,8,8,2,18446744073709551615,0.560815247
"Statlog_satellite-bin",9,5,cals,SparseLookahead,16,8,2,18446744073709551615,0.725279366
"Statlog_satellite-bin",9,5,cals_compact_explain,SelectiveLookahead,16,4,2,18446744073709551615,0.687335894
"Statlog_satellite-bin",9,7,unary,Greedy,8,8,2,18446744073709551615,0.113988007
"Statlog_satellite-bin",9,7,horn,Greedy,8,8,2,18446744073709551615,0.130188872
"Statlog_satellite-bin",9,7,antihorn,Greedy,8,8,2,18446744073709551615,0.121336465
"Statlog_satellite-bin",9,7,square2cnf,Greedy,8,8,2,18446744073709551615,0.319296078
"Statlog_satellite-bin",9,7,affine,Greedy,8,8,2,18446744073709551615,0.172010809
"Statlog_satellite-bin",9,7,smart_certified,Greedy,8,8,2,18446744073709551615,0.692857385
"Statlog_satellite-bin",9,7,cals,SparseLookahead,16,8,2,18446744073709551615,0.819720534
"Statlog_satellite-bin",9,7,cals_compact_explain,SelectiveLookahead,16,4,2,18446744073709551615,0.758569526
"adult_discretized",0,5,unary,Greedy,8,8,2,18446744073709551615,0.162501089
"adult_discretized",0,5,horn,Greedy,8,8,2,18446744073709551615,0.18833298
"adult_discretized",0,5,antihorn,Greedy,8,8,2,18446744073709551615,0.198842193
"adult_discretized",0,5,square2cnf,Greedy,8,8,2,18446744073709551615,1.5943144679999999
"adult_discretized",0,5,affine,Greedy,8,8,2,18446744073709551615,0.640891441
"adult_discretized",0,5,smart_certified,Greedy,8,8,2,18446744073709551615,2.356479541
"adult_discretized",0,5,cals,SparseLookahead,16,8,2,18446744073709551615,2.7654455650000003
"adult_discretized",0,5,cals_compact_explain,SelectiveLookahead,16,4,2,18446744073709551615,1.634203719
"adult_discretized",0,7,unary,Greedy,8,8,2,18446744073709551615,0.174247381
"adult_discretized",0,7,horn,Greedy,8,8,2,18446744073709551615,0.374396278
"adult_discretized",0,7,antihorn,Greedy,8,8,2,18446744073709551615,0.438901424
"adult_discretized",0,7,square2cnf,Greedy,8,8,2,18446744073709551615,4.989077089
"adult_discretized",0,7,affine,Greedy,8,8,2,18446744073709551615,1.69244426
"adult_discretized",0,7,smart_certified,Greedy,8,8,2,18446744073709551615,6.211974535
"adult_discretized",0,7,cals,SparseLookahead,16,8,2,18446744073709551615,3.265398481
"adult_discretized",0,7,cals_compact_explain,SelectiveLookahead,16,4,2,18446744073709551615,2.101232409
"adult_discretized",1,5,unary,Greedy,8,8,2,18446744073709551615,0.109119788
"adult_discretized",1,5,horn,Greedy,8,8,2,18446744073709551615,0.179983705
"adult_discretized",1,5,antihorn,Greedy,8,8,2,18446744073709551615,0.198580651
"adult_discretized",1,5,square2cnf,Greedy,8,8,2,18446744073709551615,1.5328435790000001
"adult_discretized",1,5,affine,Greedy,8,8,2,18446744073709551615,0.719195155
"adult_discretized",1,5,smart_certified,Greedy,8,8,2,18446744073709551615,2.401585474
"adult_discretized",1,5,cals,SparseLookahead,16,8,2,18446744073709551615,2.667432573
"adult_discretized",1,5,cals_compact_explain,SelectiveLookahead,16,4,2,18446744073709551615,1.688172558
"adult_discretized",1,7,unary,Greedy,8,8,2,18446744073709551615,0.174855513
"adult_discretized",1,7,horn,Greedy,8,8,2,18446744073709551615,0.352674099
"adult_discretized",1,7,antihorn,Greedy,8,8,2,18446744073709551615,0.415561243
"adult_discretized",1,7,square2cnf,Greedy,8,8,2,18446744073709551615,5.172954388
"adult_discretized",1,7,affine,Greedy,8,8,2,18446744073709551615,1.8159740709999999
"adult_discretized",1,7,smart_certified,Greedy,8,8,2,18446744073709551615,6.386801268
"adult_discretized",1,7,cals,SparseLookahead,16,8,2,18446744073709551615,3.095957652
"adult_discretized",1,7,cals_compact_explain,SelectiveLookahead,16,4,2,18446744073709551615,1.9730818430000001
"adult_discretized",2,5,unary,Greedy,8,8,2,18446744073709551615,0.111078114
"adult_discretized",2,5,horn,Greedy,8,8,2,18446744073709551615,0.198325234
"adult_discretized",2,5,antihorn,Greedy,8,8,2,18446744073709551615,0.187880686
"adult_discretized",2,5,square2cnf,Greedy,8,8,2,18446744073709551615,1.491190482
"adult_discretized",2,5,affine,Greedy,8,8,2,18446744073709551615,0.611971436
"adult_discretized",2,5,smart_certified,Greedy,8,8,2,18446744073709551615,2.618713826
"adult_discretized",2,5,cals,SparseLookahead,16,8,2,18446744073709551615,2.8965656600000003
"adult_discretized",2,5,cals_compact_explain,SelectiveLookahead,16,4,2,18446744073709551615,1.649026265
"adult_discretized",2,7,unary,Greedy,8,8,2,18446744073709551615,0.186643242
"adult_discretized",2,7,horn,Greedy,8,8,2,18446744073709551615,0.345138118
"adult_discretized",2,7,antihorn,Greedy,8,8,2,18446744073709551615,0.403008428
"adult_discretized",2,7,square2cnf,Greedy,8,8,2,18446744073709551615,5.123525278
"adult_discretized",2,7,affine,Greedy,8,8,2,18446744073709551615,1.630431788
"adult_discretized",2,7,smart_certified,Greedy,8,8,2,18446744073709551615,6.801464947
"adult_discretized",2,7,cals,SparseLookahead,16,8,2,18446744073709551615,3.367093453
"adult_discretized",2,7,cals_compact_explain,SelectiveLookahead,16,4,2,18446744073709551615,2.064492094
"adult_discretized",3,5,unary,Greedy,8,8,2,18446744073709551615,0.112595801
"adult_discretized",3,5,horn,Greedy,8,8,2,18446744073709551615,0.179081893
"adult_discretized",3,5,antihorn,Greedy,8,8,2,18446744073709551615,0.193525359
"adult_discretized",3,5,square2cnf,Greedy,8,8,2,18446744073709551615,1.639434549
"adult_discretized",3,5,affine,Greedy,8,8,2,18446744073709551615,0.651292768
"adult_discretized",3,5,smart_certified,Greedy,8,8,2,18446744073709551615,2.432011027
"adult_discretized",3,5,cals,SparseLookahead,16,8,2,18446744073709551615,2.824066057
"adult_discretized",3,5,cals_compact_explain,SelectiveLookahead,16,4,2,18446744073709551615,1.595973187
"adult_discretized",3,7,unary,Greedy,8,8,2,18446744073709551615,0.177419444
"adult_discretized",3,7,horn,Greedy,8,8,2,18446744073709551615,0.339987035
"adult_discretized",3,7,antihorn,Greedy,8,8,2,18446744073709551615,0.386816806
"adult_discretized",3,7,square2cnf,Greedy,8,8,2,18446744073709551615,5.362846886
"adult_discretized",3,7,affine,Greedy,8,8,2,18446744073709551615,1.676590704
"adult_discretized",3,7,smart_certified,Greedy,8,8,2,18446744073709551615,6.457400091
"adult_discretized",3,7,cals,SparseLookahead,16,8,2,18446744073709551615,3.363893091
"adult_discretized",3,7,cals_compact_explain,SelectiveLookahead,16,4,2,18446744073709551615,2.057279806
"adult_discretized",4,5,unary,Greedy,8,8,2,18446744073709551615,0.108857718
"adult_discretized",4,5,horn,Greedy,8,8,2,18446744073709551615,0.180957603
"adult_discretized",4,5,antihorn,Greedy,8,8,2,18446744073709551615,0.201483118
"adult_discretized",4,5,square2cnf,Greedy,8,8,2,18446744073709551615,1.438833549
"adult_discretized",4,5,affine,Greedy,8,8,2,18446744073709551615,0.648728057
"adult_discretized",4,5,smart_certified,Greedy,8,8,2,18446744073709551615,2.459918467
"adult_discretized",4,5,cals,SparseLookahead,16,8,2,18446744073709551615,2.776481487
"adult_discretized",4,5,cals_compact_explain,SelectiveLookahead,16,4,2,18446744073709551615,1.635555989
"adult_discretized",4,7,unary,Greedy,8,8,2,18446744073709551615,0.180420402
"adult_discretized",4,7,horn,Greedy,8,8,2,18446744073709551615,0.361086682
"adult_discretized",4,7,antihorn,Greedy,8,8,2,18446744073709551615,0.413835297
"adult_discretized",4,7,square2cnf,Greedy,8,8,2,18446744073709551615,4.771640113
"adult_discretized",4,7,affine,Greedy,8,8,2,18446744073709551615,1.6291346629999999
"adult_discretized",4,7,smart_certified,Greedy,8,8,2,18446744073709551615,6.285722542
"adult_discretized",4,7,cals,SparseLookahead,16,8,2,18446744073709551615,3.24127198
"adult_discretized",4,7,cals_compact_explain,SelectiveLookahead,16,4,2,18446744073709551615,2.141579536
"adult_discretized",5,5,unary,Greedy,8,8,2,18446744073709551615,0.112927927
"adult_discretized",5,5,horn,Greedy,8,8,2,18446744073709551615,0.194692246
"adult_discretized",5,5,antihorn,Greedy,8,8,2,18446744073709551615,0.204546
"adult_discretized",5,5,square2cnf,Greedy,8,8,2,18446744073709551615,1.615038249
"adult_discretized",5,5,affine,Greedy,8,8,2,18446744073709551615,0.592748138
"adult_discretized",5,5,smart_certified,Greedy,8,8,2,18446744073709551615,2.590899789
"adult_discretized",5,5,cals,SparseLookahead,16,8,2,18446744073709551615,3.058998904
"adult_discretized",5,5,cals_compact_explain,SelectiveLookahead,16,4,2,18446744073709551615,1.668284079
"adult_discretized",5,7,unary,Greedy,8,8,2,18446744073709551615,0.176216523
"adult_discretized",5,7,horn,Greedy,8,8,2,18446744073709551615,0.369979319
"adult_discretized",5,7,antihorn,Greedy,8,8,2,18446744073709551615,0.40280876
"adult_discretized",5,7,square2cnf,Greedy,8,8,2,18446744073709551615,4.739116207
"adult_discretized",5,7,affine,Greedy,8,8,2,18446744073709551615,1.636318758
"adult_discretized",5,7,smart_certified,Greedy,8,8,2,18446744073709551615,6.58236612
"adult_discretized",5,7,cals,SparseLookahead,16,8,2,18446744073709551615,3.458371483
"adult_discretized",5,7,cals_compact_explain,SelectiveLookahead,16,4,2,18446744073709551615,2.030393147
"adult_discretized",6,5,unary,Greedy,8,8,2,18446744073709551615,0.107420109
"adult_discretized",6,5,horn,Greedy,8,8,2,18446744073709551615,0.190310829
"adult_discretized",6,5,antihorn,Greedy,8,8,2,18446744073709551615,0.195925344
"adult_discretized",6,5,square2cnf,Greedy,8,8,2,18446744073709551615,1.577022784
"adult_discretized",6,5,affine,Greedy,8,8,2,18446744073709551615,0.631810793
"adult_discretized",6,5,smart_certified,Greedy,8,8,2,18446744073709551615,2.243060537
"adult_discretized",6,5,cals,SparseLookahead,16,8,2,18446744073709551615,2.750726823
"adult_discretized",6,5,cals_compact_explain,SelectiveLookahead,16,4,2,18446744073709551615,1.592080183
"adult_discretized",6,7,unary,Greedy,8,8,2,18446744073709551615,0.176902197
"adult_discretized",6,7,horn,Greedy,8,8,2,18446744073709551615,0.367179721
"adult_discretized",6,7,antihorn,Greedy,8,8,2,18446744073709551615,0.403277089
"adult_discretized",6,7,square2cnf,Greedy,8,8,2,18446744073709551615,5.216093428
"adult_discretized",6,7,affine,Greedy,8,8,2,18446744073709551615,1.582395878
"adult_discretized",6,7,smart_certified,Greedy,8,8,2,18446744073709551615,5.9176583560000005
"adult_discretized",6,7,cals,SparseLookahead,16,8,2,18446744073709551615,3.213693946
"adult_discretized",6,7,cals_compact_explain,SelectiveLookahead,16,4,2,18446744073709551615,2.046793551
"adult_discretized",7,5,unary,Greedy,8,8,2,18446744073709551615,0.10914957
"adult_discretized",7,5,horn,Greedy,8,8,2,18446744073709551615,0.179204064
"adult_discretized",7,5,antihorn,Greedy,8,8,2,18446744073709551615,0.199012912
"adult_discretized",7,5,square2cnf,Greedy,8,8,2,18446744073709551615,1.684162831
"adult_discretized",7,5,affine,Greedy,8,8,2,18446744073709551615,0.65312766
"adult_discretized",7,5,smart_certified,Greedy,8,8,2,18446744073709551615,2.603461914
"adult_discretized",7,5,cals,SparseLookahead,16,8,2,18446744073709551615,2.780924708
"adult_discretized",7,5,cals_compact_explain,SelectiveLookahead,16,4,2,18446744073709551615,1.6348639459999998
"adult_discretized",7,7,unary,Greedy,8,8,2,18446744073709551615,0.17886222
"adult_discretized",7,7,horn,Greedy,8,8,2,18446744073709551615,0.346465731
"adult_discretized",7,7,antihorn,Greedy,8,8,2,18446744073709551615,0.41050867
"adult_discretized",7,7,square2cnf,Greedy,8,8,2,18446744073709551615,4.9097841540000005
"adult_discretized",7,7,affine,Greedy,8,8,2,18446744073709551615,1.671117728
"adult_discretized",7,7,smart_certified,Greedy,8,8,2,18446744073709551615,7.055337218
"adult_discretized",7,7,cals,SparseLookahead,16,8,2,18446744073709551615,3.263180068
"adult_discretized",7,7,cals_compact_explain,SelectiveLookahead,16,4,2,18446744073709551615,2.114204346
"adult_discretized",8,5,unary,Greedy,8,8,2,18446744073709551615,0.1048981
"adult_discretized",8,5,horn,Greedy,8,8,2,18446744073709551615,0.192933763
"adult_discretized",8,5,antihorn,Greedy,8,8,2,18446744073709551615,0.19803772
"adult_discretized",8,5,square2cnf,Greedy,8,8,2,18446744073709551615,1.545138248
"adult_discretized",8,5,affine,Greedy,8,8,2,18446744073709551615,0.65768504
"adult_discretized",8,5,smart_certified,Greedy,8,8,2,18446744073709551615,2.109964347
"adult_discretized",8,5,cals,SparseLookahead,16,8,2,18446744073709551615,2.877249796
"adult_discretized",8,5,cals_compact_explain,SelectiveLookahead,16,4,2,18446744073709551615,1.61501159
"adult_discretized",8,7,unary,Greedy,8,8,2,18446744073709551615,0.169076913
"adult_discretized",8,7,horn,Greedy,8,8,2,18446744073709551615,0.356554445
"adult_discretized",8,7,antihorn,Greedy,8,8,2,18446744073709551615,0.392460687
"adult_discretized",8,7,square2cnf,Greedy,8,8,2,18446744073709551615,5.151789433
"adult_discretized",8,7,affine,Greedy,8,8,2,18446744073709551615,1.779896662
"adult_discretized",8,7,smart_certified,Greedy,8,8,2,18446744073709551615,5.592919467
"adult_discretized",8,7,cals,SparseLookahead,16,8,2,18446744073709551615,3.342553298
"adult_discretized",8,7,cals_compact_explain,SelectiveLookahead,16,4,2,18446744073709551615,1.999461656
"adult_discretized",9,5,unary,Greedy,8,8,2,18446744073709551615,0.107225096
"adult_discretized",9,5,horn,Greedy,8,8,2,18446744073709551615,0.187136606
"adult_discretized",9,5,antihorn,Greedy,8,8,2,18446744073709551615,0.185823731
"adult_discretized",9,5,square2cnf,Greedy,8,8,2,18446744073709551615,1.591728944
"adult_discretized",9,5,affine,Greedy,8,8,2,18446744073709551615,0.753186959
"adult_discretized",9,5,smart_certified,Greedy,8,8,2,18446744073709551615,2.366863621
"adult_discretized",9,5,cals,SparseLookahead,16,8,2,18446744073709551615,3.126088191
"adult_discretized",9,5,cals_compact_explain,SelectiveLookahead,16,4,2,18446744073709551615,1.610902357
"adult_discretized",9,7,unary,Greedy,8,8,2,18446744073709551615,0.1720913
"adult_discretized",9,7,horn,Greedy,8,8,2,18446744073709551615,0.331063498
"adult_discretized",9,7,antihorn,Greedy,8,8,2,18446744073709551615,0.376760293
"adult_discretized",9,7,square2cnf,Greedy,8,8,2,18446744073709551615,4.86508985
"adult_discretized",9,7,affine,Greedy,8,8,2,18446744073709551615,1.7150089469999998
"adult_discretized",9,7,smart_certified,Greedy,8,8,2,18446744073709551615,5.9604131670000005
"adult_discretized",9,7,cals,SparseLookahead,16,8,2,18446744073709551615,3.735931525
"adult_discretized",9,7,cals_compact_explain,SelectiveLookahead,16,4,2,18446744073709551615,2.016738964
"anneal",0,5,unary,Greedy,8,8,2,18446744073709551615,0.003594072
"anneal",0,5,horn,Greedy,8,8,2,18446744073709551615,0.006127713
"anneal",0,5,antihorn,Greedy,8,8,2,18446744073709551615,0.005447105
"anneal",0,5,square2cnf,Greedy,8,8,2,18446744073709551615,0.023921697
"anneal",0,5,affine,Greedy,8,8,2,18446744073709551615,0.014325721
"anneal",0,5,smart_certified,Greedy,8,8,2,18446744073709551615,0.051409203
"anneal",0,5,cals,SparseLookahead,16,8,2,18446744073709551615,0.142120958
"anneal",0,5,cals_compact_explain,SelectiveLookahead,16,4,2,18446744073709551615,0.166720958
"anneal",0,7,unary,Greedy,8,8,2,18446744073709551615,0.004740064
"anneal",0,7,horn,Greedy,8,8,2,18446744073709551615,0.006945253
"anneal",0,7,antihorn,Greedy,8,8,2,18446744073709551615,0.007011314
"anneal",0,7,square2cnf,Greedy,8,8,2,18446744073709551615,0.035706804
"anneal",0,7,affine,Greedy,8,8,2,18446744073709551615,0.024863567
"anneal",0,7,smart_certified,Greedy,8,8,2,18446744073709551615,0.064672923
"anneal",0,7,cals,SparseLookahead,16,8,2,18446744073709551615,0.786895441
"anneal",0,7,cals_compact_explain,SelectiveLookahead,16,4,2,18446744073709551615,0.417688426
"anneal",1,5,unary,Greedy,8,8,2,18446744073709551615,0.003419252
"anneal",1,5,horn,Greedy,8,8,2,18446744073709551615,0.004359113
"anneal",1,5,antihorn,Greedy,8,8,2,18446744073709551615,0.00468923
"anneal",1,5,square2cnf,Greedy,8,8,2,18446744073709551615,0.022756739
"anneal",1,5,affine,Greedy,8,8,2,18446744073709551615,0.012363509
"anneal",1,5,smart_certified,Greedy,8,8,2,18446744073709551615,0.03501405
"anneal",1,5,cals,SparseLookahead,16,8,2,18446744073709551615,0.136049979
"anneal",1,5,cals_compact_explain,SelectiveLookahead,16,4,2,18446744073709551615,0.20868251
"anneal",1,7,unary,Greedy,8,8,2,18446744073709551615,0.005353026
"anneal",1,7,horn,Greedy,8,8,2,18446744073709551615,0.006218325
"anneal",1,7,antihorn,Greedy,8,8,2,18446744073709551615,0.007179899
"anneal",1,7,square2cnf,Greedy,8,8,2,18446744073709551615,0.036192313
"anneal",1,7,affine,Greedy,8,8,2,18446744073709551615,0.023871012
"anneal",1,7,smart_certified,Greedy,8,8,2,18446744073709551615,0.037569615
"anneal",1,7,cals,SparseLookahead,16,8,2,18446744073709551615,0.813932795
"anneal",1,7,cals_compact_explain,SelectiveLookahead,16,4,2,18446744073709551615,0.523532273
"anneal",2,5,unary,Greedy,8,8,2,18446744073709551615,0.003523882
"anneal",2,5,horn,Greedy,8,8,2,18446744073709551615,0.005348671
"anneal",2,5,antihorn,Greedy,8,8,2,18446744073709551615,0.005222933
"anneal",2,5,square2cnf,Greedy,8,8,2,18446744073709551615,0.023526369
"anneal",2,5,affine,Greedy,8,8,2,18446744073709551615,0.013631421
"anneal",2,5,smart_certified,Greedy,8,8,2,18446744073709551615,0.040745229
"anneal",2,5,cals,SparseLookahead,16,8,2,18446744073709551615,0.504957023
"anneal",2,5,cals_compact_explain,SelectiveLookahead,16,4,2,18446744073709551615,0.355658865
"anneal",2,7,unary,Greedy,8,8,2,18446744073709551615,0.005134556
"anneal",2,7,horn,Greedy,8,8,2,18446744073709551615,0.00772832
"anneal",2,7,antihorn,Greedy,8,8,2,18446744073709551615,0.007751901
"anneal",2,7,square2cnf,Greedy,8,8,2,18446744073709551615,0.041417179
"anneal",2,7,affine,Greedy,8,8,2,18446744073709551615,0.029028689
"anneal",2,7,smart_certified,Greedy,8,8,2,18446744073709551615,0.05917879
"anneal",2,7,cals,SparseLookahead,16,8,2,18446744073709551615,1.554066425
"anneal",2,7,cals_compact_explain,SelectiveLookahead,16,4,2,18446744073709551615,0.712630569
"anneal",3,5,unary,Greedy,8,8,2,18446744073709551615,0.003369249
"anneal",3,5,horn,Greedy,8,8,2,18446744073709551615,0.005047819
"anneal",3,5,antihorn,Greedy,8,8,2,18446744073709551615,0.005009659
"anneal",3,5,square2cnf,Greedy,8,8,2,18446744073709551615,0.021781415
"anneal",3,5,affine,Greedy,8,8,2,18446744073709551615,0.012489416
"anneal",3,5,smart_certified,Greedy,8,8,2,18446744073709551615,0.037662256
"anneal",3,5,cals,SparseLookahead,16,8,2,18446744073709551615,0.947498904
"anneal",3,5,cals_compact_explain,SelectiveLookahead,16,4,2,18446744073709551615,0.259235758
"anneal",3,7,unary,Greedy,8,8,2,18446744073709551615,0.004621177
"anneal",3,7,horn,Greedy,8,8,2,18446744073709551615,0.007672077
"anneal",3,7,antihorn,Greedy,8,8,2,18446744073709551615,0.007566671
"anneal",3,7,square2cnf,Greedy,8,8,2,18446744073709551615,0.04134471
"anneal",3,7,affine,Greedy,8,8,2,18446744073709551615,0.017207117
"anneal",3,7,smart_certified,Greedy,8,8,2,18446744073709551615,0.059195916
"anneal",3,7,cals,SparseLookahead,16,8,2,18446744073709551615,1.7679322050000001
"anneal",3,7,cals_compact_explain,SelectiveLookahead,16,4,2,18446744073709551615,0.560544337
"anneal",4,5,unary,Greedy,8,8,2,18446744073709551615,0.003656097
"anneal",4,5,horn,Greedy,8,8,2,18446744073709551615,0.00546283
"anneal",4,5,antihorn,Greedy,8,8,2,18446744073709551615,0.005525087
"anneal",4,5,square2cnf,Greedy,8,8,2,18446744073709551615,0.02782537
"anneal",4,5,affine,Greedy,8,8,2,18446744073709551615,0.010769996
"anneal",4,5,smart_certified,Greedy,8,8,2,18446744073709551615,0.044825717
"anneal",4,5,cals,SparseLookahead,16,8,2,18446744073709551615,0.770777687
"anneal",4,5,cals_compact_explain,SelectiveLookahead,16,4,2,18446744073709551615,0.409719872
"anneal",4,7,unary,Greedy,8,8,2,18446744073709551615,0.004835468
"anneal",4,7,horn,Greedy,8,8,2,18446744073709551615,0.007670271
"anneal",4,7,antihorn,Greedy,8,8,2,18446744073709551615,0.007771863
"anneal",4,7,square2cnf,Greedy,8,8,2,18446744073709551615,0.0474234
"anneal",4,7,affine,Greedy,8,8,2,18446744073709551615,0.018380687
"anneal",4,7,smart_certified,Greedy,8,8,2,18446744073709551615,0.052383597
"anneal",4,7,cals,SparseLookahead,16,8,2,18446744073709551615,1.450901992
"anneal",4,7,cals_compact_explain,SelectiveLookahead,16,4,2,18446744073709551615,0.681262524
"anneal",5,5,unary,Greedy,8,8,2,18446744073709551615,0.003594837
"anneal",5,5,horn,Greedy,8,8,2,18446744073709551615,0.00509861
"anneal",5,5,antihorn,Greedy,8,8,2,18446744073709551615,0.005338518
"anneal",5,5,square2cnf,Greedy,8,8,2,18446744073709551615,0.023965788
"anneal",5,5,affine,Greedy,8,8,2,18446744073709551615,0.011868838
"anneal",5,5,smart_certified,Greedy,8,8,2,18446744073709551615,0.041634019
"anneal",5,5,cals,SparseLookahead,16,8,2,18446744073709551615,0.471513777
"anneal",5,5,cals_compact_explain,SelectiveLookahead,16,4,2,18446744073709551615,0.260082368
"anneal",5,7,unary,Greedy,8,8,2,18446744073709551615,0.004395433
"anneal",5,7,horn,Greedy,8,8,2,18446744073709551615,0.006609228
"anneal",5,7,antihorn,Greedy,8,8,2,18446744073709551615,0.006795232
"anneal",5,7,square2cnf,Greedy,8,8,2,18446744073709551615,0.03748262
"anneal",5,7,affine,Greedy,8,8,2,18446744073709551615,0.017481511
"anneal",5,7,smart_certified,Greedy,8,8,2,18446744073709551615,0.053498913
"anneal",5,7,cals,SparseLookahead,16,8,2,18446744073709551615,1.636144415
"anneal",5,7,cals_compact_explain,SelectiveLookahead,16,4,2,18446744073709551615,0.479217611
"anneal",6,5,unary,Greedy,8,8,2,18446744073709551615,0.003680143
"anneal",6,5,horn,Greedy,8,8,2,18446744073709551615,0.005221825
"anneal",6,5,antihorn,Greedy,8,8,2,18446744073709551615,0.005561768
"anneal",6,5,square2cnf,Greedy,8,8,2,18446744073709551615,0.024589646
"anneal",6,5,affine,Greedy,8,8,2,18446744073709551615,0.010865929
"anneal",6,5,smart_certified,Greedy,8,8,2,18446744073709551615,0.043264794
"anneal",6,5,cals,SparseLookahead,16,8,2,18446744073709551615,0.825746992
"anneal",6,5,cals_compact_explain,SelectiveLookahead,16,4,2,18446744073709551615,0.145483067
"anneal",6,7,unary,Greedy,8,8,2,18446744073709551615,0.00501703
"anneal",6,7,horn,Greedy,8,8,2,18446744073709551615,0.007707843
"anneal",6,7,antihorn,Greedy,8,8,2,18446744073709551615,0.007622977
"anneal",6,7,square2cnf,Greedy,8,8,2,18446744073709551615,0.042239742
"anneal",6,7,affine,Greedy,8,8,2,18446744073709551615,0.020584785
"anneal",6,7,smart_certified,Greedy,8,8,2,18446744073709551615,0.078897759
"anneal",6,7,cals,SparseLookahead,16,8,2,18446744073709551615,1.7288544099999998
"anneal",6,7,cals_compact_explain,SelectiveLookahead,16,4,2,18446744073709551615,0.526734244
"anneal",7,5,unary,Greedy,8,8,2,18446744073709551615,0.003280875
"anneal",7,5,horn,Greedy,8,8,2,18446744073709551615,0.004475937
"anneal",7,5,antihorn,Greedy,8,8,2,18446744073709551615,0.004473822
"anneal",7,5,square2cnf,Greedy,8,8,2,18446744073709551615,0.020469273
"anneal",7,5,affine,Greedy,8,8,2,18446744073709551615,0.012523792
"anneal",7,5,smart_certified,Greedy,8,8,2,18446744073709551615,0.038946751
"anneal",7,5,cals,SparseLookahead,16,8,2,18446744073709551615,0.7120457
"anneal",7,5,cals_compact_explain,SelectiveLookahead,16,4,2,18446744073709551615,0.3684594
"anneal",7,7,unary,Greedy,8,8,2,18446744073709551615,0.004008156
"anneal",7,7,horn,Greedy,8,8,2,18446744073709551615,0.006225309
"anneal",7,7,antihorn,Greedy,8,8,2,18446744073709551615,0.005951072
"anneal",7,7,square2cnf,Greedy,8,8,2,18446744073709551615,0.02994587
"anneal",7,7,affine,Greedy,8,8,2,18446744073709551615,0.019289764
"anneal",7,7,smart_certified,Greedy,8,8,2,18446744073709551615,0.047267439
"anneal",7,7,cals,SparseLookahead,16,8,2,18446744073709551615,1.490862161
"anneal",7,7,cals_compact_explain,SelectiveLookahead,16,4,2,18446744073709551615,0.675459214
"anneal",8,5,unary,Greedy,8,8,2,18446744073709551615,0.003828254
"anneal",8,5,horn,Greedy,8,8,2,18446744073709551615,0.005304113
"anneal",8,5,antihorn,Greedy,8,8,2,18446744073709551615,0.005363491
"anneal",8,5,square2cnf,Greedy,8,8,2,18446744073709551615,0.023869272
"anneal",8,5,affine,Greedy,8,8,2,18446744073709551615,0.012882255
"anneal",8,5,smart_certified,Greedy,8,8,2,18446744073709551615,0.043432529
"anneal",8,5,cals,SparseLookahead,16,8,2,18446744073709551615,0.204205198
"anneal",8,5,cals_compact_explain,SelectiveLookahead,16,4,2,18446744073709551615,0.200061616
"anneal",8,7,unary,Greedy,8,8,2,18446744073709551615,0.006343273
"anneal",8,7,horn,Greedy,8,8,2,18446744073709551615,0.007283998
"anneal",8,7,antihorn,Greedy,8,8,2,18446744073709551615,0.007279
"anneal",8,7,square2cnf,Greedy,8,8,2,18446744073709551615,0.039086892
"anneal",8,7,affine,Greedy,8,8,2,18446744073709551615,0.021522971
"anneal",8,7,smart_certified,Greedy,8,8,2,18446744073709551615,0.058711147
"anneal",8,7,cals,SparseLookahead,16,8,2,18446744073709551615,0.942192009
"anneal",8,7,cals_compact_explain,SelectiveLookahead,16,4,2,18446744073709551615,0.571487444
"anneal",9,5,unary,Greedy,8,8,2,18446744073709551615,0.003582442
"anneal",9,5,horn,Greedy,8,8,2,18446744073709551615,0.005126987
"anneal",9,5,antihorn,Greedy,8,8,2,18446744073709551615,0.005272114
"anneal",9,5,square2cnf,Greedy,8,8,2,18446744073709551615,0.025839154
"anneal",9,5,affine,Greedy,8,8,2,18446744073709551615,0.014189431
"anneal",9,5,smart_certified,Greedy,8,8,2,18446744073709551615,0.043633427
"anneal",9,5,cals,SparseLookahead,16,8,2,18446744073709551615,1.299618024
"anneal",9,5,cals_compact_explain,SelectiveLookahead,16,4,2,18446744073709551615,0.242177345
"anneal",9,7,unary,Greedy,8,8,2,18446744073709551615,0.00453482
"anneal",9,7,horn,Greedy,8,8,2,18446744073709551615,0.007544686
"anneal",9,7,antihorn,Greedy,8,8,2,18446744073709551615,0.007594265
"anneal",9,7,square2cnf,Greedy,8,8,2,18446744073709551615,0.043285355
"anneal",9,7,affine,Greedy,8,8,2,18446744073709551615,0.022084721
"anneal",9,7,smart_certified,Greedy,8,8,2,18446744073709551615,0.057311328
"anneal",9,7,cals,SparseLookahead,16,8,2,18446744073709551615,2.183755749
"anneal",9,7,cals_compact_explain,SelectiveLookahead,16,4,2,18446744073709551615,0.750802658
"audiology",0,5,unary,Greedy,8,8,2,18446744073709551615,0.006428204
"audiology",0,5,horn,Greedy,8,8,2,18446744073709551615,0.004680493
"audiology",0,5,antihorn,Greedy,8,8,2,18446744073709551615,0.001958097
"audiology",0,5,square2cnf,Greedy,8,8,2,18446744073709551615,0.006848475
"audiology",0,5,affine,Greedy,8,8,2,18446744073709551615,0.004734337
"audiology",0,5,smart_certified,Greedy,8,8,2,18446744073709551615,0.006919406
"audiology",0,5,cals,SparseLookahead,16,8,2,18446744073709551615,0.876743281
"audiology",0,5,cals_compact_explain,SelectiveLookahead,16,4,2,18446744073709551615,0.290571356
"audiology",0,7,unary,Greedy,8,8,2,18446744073709551615,0.002045579
"audiology",0,7,horn,Greedy,8,8,2,18446744073709551615,0.001876024
"audiology",0,7,antihorn,Greedy,8,8,2,18446744073709551615,0.001858806
"audiology",0,7,square2cnf,Greedy,8,8,2,18446744073709551615,0.006398264
"audiology",0,7,affine,Greedy,8,8,2,18446744073709551615,0.004541889
"audiology",0,7,smart_certified,Greedy,8,8,2,18446744073709551615,0.00722206
"audiology",0,7,cals,SparseLookahead,16,8,2,18446744073709551615,0.883700055
"audiology",0,7,cals_compact_explain,SelectiveLookahead,16,4,2,18446744073709551615,0.293936405
"audiology",1,5,unary,Greedy,8,8,2,18446744073709551615,0.001828597
"audiology",1,5,horn,Greedy,8,8,2,18446744073709551615,0.002286511
"audiology",1,5,antihorn,Greedy,8,8,2,18446744073709551615,0.002212769
"audiology",1,5,square2cnf,Greedy,8,8,2,18446744073709551615,0.009044921
"audiology",1,5,affine,Greedy,8,8,2,18446744073709551615,0.005268866
"audiology",1,5,smart_certified,Greedy,8,8,2,18446744073709551615,0.008499243
"audiology",1,5,cals,SparseLookahead,16,8,2,18446744073709551615,0.7720427
"audiology",1,5,cals_compact_explain,SelectiveLookahead,16,4,2,18446744073709551615,0.119347403
"audiology",1,7,unary,Greedy,8,8,2,18446744073709551615,0.001981493
"audiology",1,7,horn,Greedy,8,8,2,18446744073709551615,0.002249688
"audiology",1,7,antihorn,Greedy,8,8,2,18446744073709551615,0.002300625
"audiology",1,7,square2cnf,Greedy,8,8,2,18446744073709551615,0.009372231
"audiology",1,7,affine,Greedy,8,8,2,18446744073709551615,0.005217357
"audiology",1,7,smart_certified,Greedy,8,8,2,18446744073709551615,0.008321146
"audiology",1,7,cals,SparseLookahead,16,8,2,18446744073709551615,0.770627267
"audiology",1,7,cals_compact_explain,SelectiveLookahead,16,4,2,18446744073709551615,0.120017341
"audiology",2,5,unary,Greedy,8,8,2,18446744073709551615,0.002026475
"audiology",2,5,horn,Greedy,8,8,2,18446744073709551615,0.001772259
"audiology",2,5,antihorn,Greedy,8,8,2,18446744073709551615,0.001717367
"audiology",2,5,square2cnf,Greedy,8,8,2,18446744073709551615,0.007181787
"audiology",2,5,affine,Greedy,8,8,2,18446744073709551615,0.003606358
"audiology",2,5,smart_certified,Greedy,8,8,2,18446744073709551615,0.008123031
"audiology",2,5,cals,SparseLookahead,16,8,2,18446744073709551615,0.735107113
"audiology",2,5,cals_compact_explain,SelectiveLookahead,16,4,2,18446744073709551615,0.433559575
"audiology",2,7,unary,Greedy,8,8,2,18446744073709551615,0.002002869
"audiology",2,7,horn,Greedy,8,8,2,18446744073709551615,0.001850408
"audiology",2,7,antihorn,Greedy,8,8,2,18446744073709551615,0.001851766
"audiology",2,7,square2cnf,Greedy,8,8,2,18446744073709551615,0.007315037
"audiology",2,7,affine,Greedy,8,8,2,18446744073709551615,0.003532378
"audiology",2,7,smart_certified,Greedy,8,8,2,18446744073709551615,0.008072485
"audiology",2,7,cals,SparseLookahead,16,8,2,18446744073709551615,0.731389784
"audiology",2,7,cals_compact_explain,SelectiveLookahead,16,4,2,18446744073709551615,0.43435983
"audiology",3,5,unary,Greedy,8,8,2,18446744073709551615,0.001771081
"audiology",3,5,horn,Greedy,8,8,2,18446744073709551615,0.002118563
"audiology",3,5,antihorn,Greedy,8,8,2,18446744073709551615,0.002186422
"audiology",3,5,square2cnf,Greedy,8,8,2,18446744073709551615,0.008274785
"audiology",3,5,affine,Greedy,8,8,2,18446744073709551615,0.004649529
"audiology",3,5,smart_certified,Greedy,8,8,2,18446744073709551615,0.008928914
"audiology",3,5,cals,SparseLookahead,16,8,2,18446744073709551615,0.48769569
"audiology",3,5,cals_compact_explain,SelectiveLookahead,16,4,2,18446744073709551615,0.032121532
"audiology",3,7,unary,Greedy,8,8,2,18446744073709551615,0.001908904
"audiology",3,7,horn,Greedy,8,8,2,18446744073709551615,0.00216431
"audiology",3,7,antihorn,Greedy,8,8,2,18446744073709551615,0.002214565
"audiology",3,7,square2cnf,Greedy,8,8,2,18446744073709551615,0.008562481
"audiology",3,7,affine,Greedy,8,8,2,18446744073709551615,0.004733106
"audiology",3,7,smart_certified,Greedy,8,8,2,18446744073709551615,0.009056996
"audiology",3,7,cals,SparseLookahead,16,8,2,18446744073709551615,0.492146292
"audiology",3,7,cals_compact_explain,SelectiveLookahead,16,4,2,18446744073709551615,0.032203055
"audiology",4,5,unary,Greedy,8,8,2,18446744073709551615,0.002238353
"audiology",4,5,horn,Greedy,8,8,2,18446744073709551615,0.00257839
"audiology",4,5,antihorn,Greedy,8,8,2,18446744073709551615,0.002547847
"audiology",4,5,square2cnf,Greedy,8,8,2,18446744073709551615,0.009834796
"audiology",4,5,affine,Greedy,8,8,2,18446744073709551615,0.005635315
"audiology",4,5,smart_certified,Greedy,8,8,2,18446744073709551615,0.009075386
"audiology",4,5,cals,SparseLookahead,16,8,2,18446744073709551615,2.119672139
"audiology",4,5,cals_compact_explain,SelectiveLookahead,16,4,2,18446744073709551615,0.644531546
"audiology",4,7,unary,Greedy,8,8,2,18446744073709551615,0.002451247
"audiology",4,7,horn,Greedy,8,8,2,18446744073709551615,0.002501063
"audiology",4,7,antihorn,Greedy,8,8,2,18446744073709551615,0.002587214
"audiology",4,7,square2cnf,Greedy,8,8,2,18446744073709551615,0.009940833
"audiology",4,7,affine,Greedy,8,8,2,18446744073709551615,0.005651058
"audiology",4,7,smart_certified,Greedy,8,8,2,18446744073709551615,0.009078661
"audiology",4,7,cals,SparseLookahead,16,8,2,18446744073709551615,2.122502876
"audiology",4,7,cals_compact_explain,SelectiveLookahead,16,4,2,18446744073709551615,0.648040589
"audiology",5,5,unary,Greedy,8,8,2,18446744073709551615,0.002009862
"audiology",5,5,horn,Greedy,8,8,2,18446744073709551615,0.001938006
"audiology",5,5,antihorn,Greedy,8,8,2,18446744073709551615,0.001840664
"audiology",5,5,square2cnf,Greedy,8,8,2,18446744073709551615,0.00742154
"audiology",5,5,affine,Greedy,8,8,2,18446744073709551615,0.003860171
"audiology",5,5,smart_certified,Greedy,8,8,2,18446744073709551615,0.008882308
"audiology",5,5,cals,SparseLookahead,16,8,2,18446744073709551615,0.127438735
"audiology",5,5,cals_compact_explain,SelectiveLookahead,16,4,2,18446744073709551615,0.036160321
"audiology",5,7,unary,Greedy,8,8,2,18446744073709551615,0.002067523
"audiology",5,7,horn,Greedy,8,8,2,18446744073709551615,0.001784936
"audiology",5,7,antihorn,Greedy,8,8,2,18446744073709551615,0.001826174
"audiology",5,7,square2cnf,Greedy,8,8,2,18446744073709551615,0.007720343
"audiology",5,7,affine,Greedy,8,8,2,18446744073709551615,0.00384819
"audiology",5,7,smart_certified,Greedy,8,8,2,18446744073709551615,0.008590412
"audiology",5,7,cals,SparseLookahead,16,8,2,18446744073709551615,0.124330809
"audiology",5,7,cals_compact_explain,SelectiveLookahead,16,4,2,18446744073709551615,0.035935803
"audiology",6,5,unary,Greedy,8,8,2,18446744073709551615,0.002136887
"audiology",6,5,horn,Greedy,8,8,2,18446744073709551615,0.002305579
"audiology",6,5,antihorn,Greedy,8,8,2,18446744073709551615,0.002306989
"audiology",6,5,square2cnf,Greedy,8,8,2,18446744073709551615,0.00706953
"audiology",6,5,affine,Greedy,8,8,2,18446744073709551615,0.004408166
"audiology",6,5,smart_certified,Greedy,8,8,2,18446744073709551615,0.008706802
"audiology",6,5,cals,SparseLookahead,16,8,2,18446744073709551615,4.1685378889999996
"audiology",6,5,cals_compact_explain,SelectiveLookahead,16,4,2,18446744073709551615,1.142343043
"audiology",6,7,unary,Greedy,8,8,2,18446744073709551615,0.002184307
"audiology",6,7,horn,Greedy,8,8,2,18446744073709551615,0.002357146
"audiology",6,7,antihorn,Greedy,8,8,2,18446744073709551615,0.002389002
"audiology",6,7,square2cnf,Greedy,8,8,2,18446744073709551615,0.006954838
"audiology",6,7,affine,Greedy,8,8,2,18446744073709551615,0.004382542
"audiology",6,7,smart_certified,Greedy,8,8,2,18446744073709551615,0.008608103
"audiology",6,7,cals,SparseLookahead,16,8,2,18446744073709551615,4.155969374
"audiology",6,7,cals_compact_explain,SelectiveLookahead,16,4,2,18446744073709551615,1.142520453
"audiology",7,5,unary,Greedy,8,8,2,18446744073709551615,0.002337785
"audiology",7,5,horn,Greedy,8,8,2,18446744073709551615,0.00211707
"audiology",7,5,antihorn,Greedy,8,8,2,18446744073709551615,0.002319841
"audiology",7,5,square2cnf,Greedy,8,8,2,18446744073709551615,0.010254909
"audiology",7,5,affine,Greedy,8,8,2,18446744073709551615,0.005579843
"audiology",7,5,smart_certified,Greedy,8,8,2,18446744073709551615,0.007113631
"audiology",7,5,cals,SparseLookahead,16,8,2,18446744073709551615,0.732907011
"audiology",7,5,cals_compact_explain,SelectiveLookahead,16,4,2,18446744073709551615,0.298505261
"audiology",7,7,unary,Greedy,8,8,2,18446744073709551615,0.002085292
"audiology",7,7,horn,Greedy,8,8,2,18446744073709551615,0.00217539
"audiology",7,7,antihorn,Greedy,8,8,2,18446744073709551615,0.002241047
"audiology",7,7,square2cnf,Greedy,8,8,2,18446744073709551615,0.010030934
"audiology",7,7,affine,Greedy,8,8,2,18446744073709551615,0.005770626
"audiology",7,7,smart_certified,Greedy,8,8,2,18446744073709551615,0.006507594
"audiology",7,7,cals,SparseLookahead,16,8,2,18446744073709551615,0.735661295
"audiology",7,7,cals_compact_explain,SelectiveLookahead,16,4,2,18446744073709551615,0.307554194
"audiology",8,5,unary,Greedy,8,8,2,18446744073709551615,0.001848658
"audiology",8,5,horn,Greedy,8,8,2,18446744073709551615,0.002034771
"audiology",8,5,antihorn,Greedy,8,8,2,18446744073709551615,0.002257725
"audiology",8,5,square2cnf,Greedy,8,8,2,18446744073709551615,0.008080342
"audiology",8,5,affine,Greedy,8,8,2,18446744073709551615,0.005952367
"audiology",8,5,smart_certified,Greedy,8,8,2,18446744073709551615,0.007047856
"audiology",8,5,cals,SparseLookahead,16,8,2,18446744073709551615,0.483493863
"audiology",8,5,cals_compact_explain,SelectiveLookahead,16,4,2,18446744073709551615,0.034186475
"audiology",8,7,unary,Greedy,8,8,2,18446744073709551615,0.002018091
"audiology",8,7,horn,Greedy,8,8,2,18446744073709551615,0.002153944
"audiology",8,7,antihorn,Greedy,8,8,2,18446744073709551615,0.002155762
"audiology",8,7,square2cnf,Greedy,8,8,2,18446744073709551615,0.008123373
"audiology",8,7,affine,Greedy,8,8,2,18446744073709551615,0.005679929
"audiology",8,7,smart_certified,Greedy,8,8,2,18446744073709551615,0.006729276
"audiology",8,7,cals,SparseLookahead,16,8,2,18446744073709551615,0.481858468
"audiology",8,7,cals_compact_explain,SelectiveLookahead,16,4,2,18446744073709551615,0.033416161
"audiology",9,5,unary,Greedy,8,8,2,18446744073709551615,0.002044504
"audiology",9,5,horn,Greedy,8,8,2,18446744073709551615,0.002364252
"audiology",9,5,antihorn,Greedy,8,8,2,18446744073709551615,0.002332205
"audiology",9,5,square2cnf,Greedy,8,8,2,18446744073709551615,0.008929492
"audiology",9,5,affine,Greedy,8,8,2,18446744073709551615,0.004988933
"audiology",9,5,smart_certified,Greedy,8,8,2,18446744073709551615,0.009709198
"audiology",9,5,cals,SparseLookahead,16,8,2,18446744073709551615,1.154790604
"audiology",9,5,cals_compact_explain,SelectiveLookahead,16,4,2,18446744073709551615,0.031597462
"audiology",9,7,unary,Greedy,8,8,2,18446744073709551615,0.002132449
"audiology",9,7,horn,Greedy,8,8,2,18446744073709551615,0.002403655
"audiology",9,7,antihorn,Greedy,8,8,2,18446744073709551615,0.002391773
"audiology",9,7,square2cnf,Greedy,8,8,2,18446744073709551615,0.009258965
"audiology",9,7,affine,Greedy,8,8,2,18446744073709551615,0.004983404
"audiology",9,7,smart_certified,Greedy,8,8,2,18446744073709551615,0.009209952
"audiology",9,7,cals,SparseLookahead,16,8,2,18446744073709551615,1.176373718
"audiology",9,7,cals_compact_explain,SelectiveLookahead,16,4,2,18446744073709551615,0.032310667
"australian-credit",0,5,unary,Greedy,8,8,2,18446744073709551615,0.006428514
"australian-credit",0,5,horn,Greedy,8,8,2,18446744073709551615,0.007542336
"australian-credit",0,5,antihorn,Greedy,8,8,2,18446744073709551615,0.007019599
"australian-credit",0,5,square2cnf,Greedy,8,8,2,18446744073709551615,0.027713761
"australian-credit",0,5,affine,Greedy,8,8,2,18446744073709551615,0.021744785
"australian-credit",0,5,smart_certified,Greedy,8,8,2,18446744073709551615,0.06363027
"australian-credit",0,5,cals,SparseLookahead,16,8,2,18446744073709551615,3.234475628
"australian-credit",0,5,cals_compact_explain,SelectiveLookahead,16,4,2,18446744073709551615,1.956550248
"australian-credit",0,7,unary,Greedy,8,8,2,18446744073709551615,0.010114268
"australian-credit",0,7,horn,Greedy,8,8,2,18446744073709551615,0.011989426
"australian-credit",0,7,antihorn,Greedy,8,8,2,18446744073709551615,0.011899748
"australian-credit",0,7,square2cnf,Greedy,8,8,2,18446744073709551615,0.057981653
"australian-credit",0,7,affine,Greedy,8,8,2,18446744073709551615,0.042286114
"australian-credit",0,7,smart_certified,Greedy,8,8,2,18446744073709551615,0.113017218
"australian-credit",0,7,cals,SparseLookahead,16,8,2,18446744073709551615,3.698396329
"australian-credit",0,7,cals_compact_explain,SelectiveLookahead,16,4,2,18446744073709551615,2.336392174
"australian-credit",1,5,unary,Greedy,8,8,2,18446744073709551615,0.006440774
"australian-credit",1,5,horn,Greedy,8,8,2,18446744073709551615,0.008595704
"australian-credit",1,5,antihorn,Greedy,8,8,2,18446744073709551615,0.009023139
"australian-credit",1,5,square2cnf,Greedy,8,8,2,18446744073709551615,0.035999528
"australian-credit",1,5,affine,Greedy,8,8,2,18446744073709551615,0.020787382
"australian-credit",1,5,smart_certified,Greedy,8,8,2,18446744073709551615,0.069737485
"australian-credit",1,5,cals,SparseLookahead,16,8,2,18446744073709551615,2.949738838
"australian-credit",1,5,cals_compact_explain,SelectiveLookahead,16,4,2,18446744073709551615,0.906460983
"australian-credit",1,7,unary,Greedy,8,8,2,18446744073709551615,0.0111961
"australian-credit",1,7,horn,Greedy,8,8,2,18446744073709551615,0.013045338
"australian-credit",1,7,antihorn,Greedy,8,8,2,18446744073709551615,0.013791561
"australian-credit",1,7,square2cnf,Greedy,8,8,2,18446744073709551615,0.064858464
"australian-credit",1,7,affine,Greedy,8,8,2,18446744073709551615,0.037975027
"australian-credit",1,7,smart_certified,Greedy,8,8,2,18446744073709551615,0.111825972
"australian-credit",1,7,cals,SparseLookahead,16,8,2,18446744073709551615,3.704027158
"australian-credit",1,7,cals_compact_explain,SelectiveLookahead,16,4,2,18446744073709551615,1.065433982
"australian-credit",2,5,unary,Greedy,8,8,2,18446744073709551615,0.006118426
"australian-credit",2,5,horn,Greedy,8,8,2,18446744073709551615,0.008442633
"australian-credit",2,5,antihorn,Greedy,8,8,2,18446744073709551615,0.008530981
"australian-credit",2,5,square2cnf,Greedy,8,8,2,18446744073709551615,0.03548574
"australian-credit",2,5,affine,Greedy,8,8,2,18446744073709551615,0.022922017
"australian-credit",2,5,smart_certified,Greedy,8,8,2,18446744073709551615,0.075881105
"australian-credit",2,5,cals,SparseLookahead,16,8,2,18446744073709551615,3.213964449
"australian-credit",2,5,cals_compact_explain,SelectiveLookahead,16,4,2,18446744073709551615,1.75103769
"australian-credit",2,7,unary,Greedy,8,8,2,18446744073709551615,0.010269149
"australian-credit",2,7,horn,Greedy,8,8,2,18446744073709551615,0.012358074
"australian-credit",2,7,antihorn,Greedy,8,8,2,18446744073709551615,0.012738326
"australian-credit",2,7,square2cnf,Greedy,8,8,2,18446744073709551615,0.062017485
"australian-credit",2,7,affine,Greedy,8,8,2,18446744073709551615,0.034829678
"australian-credit",2,7,smart_certified,Greedy,8,8,2,18446744073709551615,0.112164665
"australian-credit",2,7,cals,SparseLookahead,16,8,2,18446744073709551615,3.7009236899999998
"australian-credit",2,7,cals_compact_explain,SelectiveLookahead,16,4,2,18446744073709551615,2.243802959
"australian-credit",3,5,unary,Greedy,8,8,2,18446744073709551615,0.006263947
"australian-credit",3,5,horn,Greedy,8,8,2,18446744073709551615,0.009663324
"australian-credit",3,5,antihorn,Greedy,8,8,2,18446744073709551615,0.009539051
"australian-credit",3,5,square2cnf,Greedy,8,8,2,18446744073709551615,0.041031726
"australian-credit",3,5,affine,Greedy,8,8,2,18446744073709551615,0.017434374
"australian-credit",3,5,smart_certified,Greedy,8,8,2,18446744073709551615,0.071044459
"australian-credit",3,5,cals,SparseLookahead,16,8,2,18446744073709551615,5.039213169
"australian-credit",3,5,cals_compact_explain,SelectiveLookahead,16,4,2,18446744073709551615,1.25177097
"australian-credit",3,7,unary,Greedy,8,8,2,18446744073709551615,0.010324732
"australian-credit",3,7,horn,Greedy,8,8,2,18446744073709551615,0.013832853
"australian-credit",3,7,antihorn,Greedy,8,8,2,18446744073709551615,0.013760165
"australian-credit",3,7,square2cnf,Greedy,8,8,2,18446744073709551615,0.072655273
"australian-credit",3,7,affine,Greedy,8,8,2,18446744073709551615,0.032632145
"australian-credit",3,7,smart_certified,Greedy,8,8,2,18446744073709551615,0.110783888
"australian-credit",3,7,cals,SparseLookahead,16,8,2,18446744073709551615,8.776466531
"australian-credit",3,7,cals_compact_explain,SelectiveLookahead,16,4,2,18446744073709551615,2.000801866
"australian-credit",4,5,unary,Greedy,8,8,2,18446744073709551615,0.006454371
"australian-credit",4,5,horn,Greedy,8,8,2,18446744073709551615,0.008021329
"australian-credit",4,5,antihorn,Greedy,8,8,2,18446744073709551615,0.008250922
"australian-credit",4,5,square2cnf,Greedy,8,8,2,18446744073709551615,0.033161059
"australian-credit",4,5,affine,Greedy,8,8,2,18446744073709551615,0.020460779
"australian-credit",4,5,smart_certified,Greedy,8,8,2,18446744073709551615,0.074101594
"australian-credit",4,5,cals,SparseLookahead,16,8,2,18446744073709551615,6.566540043
"australian-credit",4,5,cals_compact_explain,SelectiveLookahead,16,4,2,18446744073709551615,0.345414521
"australian-credit",4,7,unary,Greedy,8,8,2,18446744073709551615,0.011329093
"australian-credit",4,7,horn,Greedy,8,8,2,18446744073709551615,0.012248073
"australian-credit",4,7,antihorn,Greedy,8,8,2,18446744073709551615,0.011946896
"australian-credit",4,7,square2cnf,Greedy,8,8,2,18446744073709551615,0.05087414
"australian-credit",4,7,affine,Greedy,8,8,2,18446744073709551615,0.036096079
"australian-credit",4,7,smart_certified,Greedy,8,8,2,18446744073709551615,0.118070198
"australian-credit",4,7,cals,SparseLookahead,16,8,2,18446744073709551615,9.65966909
"australian-credit",4,7,cals_compact_explain,SelectiveLookahead,16,4,2,18446744073709551615,0.378108502
"australian-credit",5,5,unary,Greedy,8,8,2,18446744073709551615,0.007828096
"australian-credit",5,5,horn,Greedy,8,8,2,18446744073709551615,0.009394795
"australian-credit",5,5,antihorn,Greedy,8,8,2,18446744073709551615,0.009935626
"australian-credit",5,5,square2cnf,Greedy,8,8,2,18446744073709551615,0.041069978
"australian-credit",5,5,affine,Greedy,8,8,2,18446744073709551615,0.021908615
"australian-credit",5,5,smart_certified,Greedy,8,8,2,18446744073709551615,0.091109548
"australian-credit",5,5,cals,SparseLookahead,16,8,2,18446744073709551615,6.183610946
"australian-credit",5,5,cals_compact_explain,SelectiveLookahead,16,4,2,18446744073709551615,2.148299334
"australian-credit",5,7,unary,Greedy,8,8,2,18446744073709551615,0.011090202
"australian-credit",5,7,horn,Greedy,8,8,2,18446744073709551615,0.013294987
"australian-credit",5,7,antihorn,Greedy,8,8,2,18446744073709551615,0.013764225
"australian-credit",5,7,square2cnf,Greedy,8,8,2,18446744073709551615,0.06893022
"australian-credit",5,7,affine,Greedy,8,8,2,18446744073709551615,0.041814877
"australian-credit",5,7,smart_certified,Greedy,8,8,2,18446744073709551615,0.124389984
"australian-credit",5,7,cals,SparseLookahead,16,8,2,18446744073709551615,7.793394407
"australian-credit",5,7,cals_compact_explain,SelectiveLookahead,16,4,2,18446744073709551615,2.553021782
"australian-credit",6,5,unary,Greedy,8,8,2,18446744073709551615,0.007156416
"australian-credit",6,5,horn,Greedy,8,8,2,18446744073709551615,0.009279287
"australian-credit",6,5,antihorn,Greedy,8,8,2,18446744073709551615,0.009559813
"australian-credit",6,5,square2cnf,Greedy,8,8,2,18446744073709551615,0.042365848
"australian-credit",6,5,affine,Greedy,8,8,2,18446744073709551615,0.021513171
"australian-credit",6,5,smart_certified,Greedy,8,8,2,18446744073709551615,0.078402421
"australian-credit",6,5,cals,SparseLookahead,16,8,2,18446744073709551615,2.111135273
"australian-credit",6,5,cals_compact_explain,SelectiveLookahead,16,4,2,18446744073709551615,0.360936262
"australian-credit",6,7,unary,Greedy,8,8,2,18446744073709551615,0.011811865
"australian-credit",6,7,horn,Greedy,8,8,2,18446744073709551615,0.013014626
"australian-credit",6,7,antihorn,Greedy,8,8,2,18446744073709551615,0.01320347
"australian-credit",6,7,square2cnf,Greedy,8,8,2,18446744073709551615,0.070327956
"australian-credit",6,7,affine,Greedy,8,8,2,18446744073709551615,0.036123608
"australian-credit",6,7,smart_certified,Greedy,8,8,2,18446744073709551615,0.111294204
"australian-credit",6,7,cals,SparseLookahead,16,8,2,18446744073709551615,2.2076221289999998
"australian-credit",6,7,cals_compact_explain,SelectiveLookahead,16,4,2,18446744073709551615,0.39101605
"australian-credit",7,5,unary,Greedy,8,8,2,18446744073709551615,0.007468416
"australian-credit",7,5,horn,Greedy,8,8,2,18446744073709551615,0.009903819
"australian-credit",7,5,antihorn,Greedy,8,8,2,18446744073709551615,0.010074545
"australian-credit",7,5,square2cnf,Greedy,8,8,2,18446744073709551615,0.041574343
"australian-credit",7,5,affine,Greedy,8,8,2,18446744073709551615,0.02390383
"australian-credit",7,5,smart_certified,Greedy,8,8,2,18446744073709551615,0.070928601
"australian-credit",7,5,cals,SparseLookahead,16,8,2,18446744073709551615,5.426803195
"australian-credit",7,5,cals_compact_explain,SelectiveLookahead,16,4,2,18446744073709551615,1.342046076
"australian-credit",7,7,unary,Greedy,8,8,2,18446744073709551615,0.01081991
"australian-credit",7,7,horn,Greedy,8,8,2,18446744073709551615,0.014808784
"australian-credit",7,7,antihorn,Greedy,8,8,2,18446744073709551615,0.015095885
"australian-credit",7,7,square2cnf,Greedy,8,8,2,18446744073709551615,0.066398555
"australian-credit",7,7,affine,Greedy,8,8,2,18446744073709551615,0.035642256
"australian-credit",7,7,smart_certified,Greedy,8,8,2,18446744073709551615,0.109286584
"australian-credit",7,7,cals,SparseLookahead,16,8,2,18446744073709551615,6.276919775
"australian-credit",7,7,cals_compact_explain,SelectiveLookahead,16,4,2,18446744073709551615,1.741713767
"australian-credit",8,5,unary,Greedy,8,8,2,18446744073709551615,0.006855213
"australian-credit",8,5,horn,Greedy,8,8,2,18446744073709551615,0.009968772
"australian-credit",8,5,antihorn,Greedy,8,8,2,18446744073709551615,0.010090199
"australian-credit",8,5,square2cnf,Greedy,8,8,2,18446744073709551615,0.0396659
"australian-credit",8,5,affine,Greedy,8,8,2,18446744073709551615,0.022423405
"australian-credit",8,5,smart_certified,Greedy,8,8,2,18446744073709551615,0.066690278
"australian-credit",8,5,cals,SparseLookahead,16,8,2,18446744073709551615,7.070401807
"australian-credit",8,5,cals_compact_explain,SelectiveLookahead,16,4,2,18446744073709551615,2.823842677
"australian-credit",8,7,unary,Greedy,8,8,2,18446744073709551615,0.011018935
"australian-credit",8,7,horn,Greedy,8,8,2,18446744073709551615,0.014271581
"australian-credit",8,7,antihorn,Greedy,8,8,2,18446744073709551615,0.014988585
"australian-credit",8,7,square2cnf,Greedy,8,8,2,18446744073709551615,0.066982881
"australian-credit",8,7,affine,Greedy,8,8,2,18446744073709551615,0.037691731
"australian-credit",8,7,smart_certified,Greedy,8,8,2,18446744073709551615,0.116221319
"australian-credit",8,7,cals,SparseLookahead,16,8,2,18446744073709551615,9.552028461
"australian-credit",8,7,cals_compact_explain,SelectiveLookahead,16,4,2,18446744073709551615,3.74133665
"australian-credit",9,5,unary,Greedy,8,8,2,18446744073709551615,0.007014673
"australian-credit",9,5,horn,Greedy,8,8,2,18446744073709551615,0.010433988
"australian-credit",9,5,antihorn,Greedy,8,8,2,18446744073709551615,0.008775569
"australian-credit",9,5,square2cnf,Greedy,8,8,2,18446744073709551615,0.037575234
"australian-credit",9,5,affine,Greedy,8,8,2,18446744073709551615,0.015499857
"australian-credit",9,5,smart_certified,Greedy,8,8,2,18446744073709551615,0.080642777
"australian-credit",9,5,cals,SparseLookahead,16,8,2,18446744073709551615,3.14055033
"australian-credit",9,5,cals_compact_explain,SelectiveLookahead,16,4,2,18446744073709551615,1.08971315
"australian-credit",9,7,unary,Greedy,8,8,2,18446744073709551615,0.012160055
"australian-credit",9,7,horn,Greedy,8,8,2,18446744073709551615,0.014417228
"australian-credit",9,7,antihorn,Greedy,8,8,2,18446744073709551615,0.014510384
"australian-credit",9,7,square2cnf,Greedy,8,8,2,18446744073709551615,0.07001657
"australian-credit",9,7,affine,Greedy,8,8,2,18446744073709551615,0.03365532
"australian-credit",9,7,smart_certified,Greedy,8,8,2,18446744073709551615,0.116020071
"australian-credit",9,7,cals,SparseLookahead,16,8,2,18446744073709551615,3.350779444
"australian-credit",9,7,cals_compact_explain,SelectiveLookahead,16,4,2,18446744073709551615,1.219229382
"balance-scale-bin",0,5,unary,Greedy,8,8,2,18446744073709551615,0.000860062
"balance-scale-bin",0,5,horn,Greedy,8,8,2,18446744073709551615,0.001963218
"balance-scale-bin",0,5,antihorn,Greedy,8,8,2,18446744073709551615,0.00147766
"balance-scale-bin",0,5,square2cnf,Greedy,8,8,2,18446744073709551615,0.030684126
"balance-scale-bin",0,5,affine,Greedy,8,8,2,18446744073709551615,0.020223543
"balance-scale-bin",0,5,smart_certified,Greedy,8,8,2,18446744073709551615,0.055819662
"balance-scale-bin",0,5,cals,SparseLookahead,16,8,2,18446744073709551615,0.252236595
"balance-scale-bin",0,5,cals_compact_explain,SelectiveLookahead,16,4,2,18446744073709551615,0.052362784
"balance-scale-bin",0,7,unary,Greedy,8,8,2,18446744073709551615,0.001244238
"balance-scale-bin",0,7,horn,Greedy,8,8,2,18446744073709551615,0.003552564
"balance-scale-bin",0,7,antihorn,Greedy,8,8,2,18446744073709551615,0.002305833
"balance-scale-bin",0,7,square2cnf,Greedy,8,8,2,18446744073709551615,0.057559274
"balance-scale-bin",0,7,affine,Greedy,8,8,2,18446744073709551615,0.021505737
"balance-scale-bin",0,7,smart_certified,Greedy,8,8,2,18446744073709551615,0.074982297
"balance-scale-bin",0,7,cals,SparseLookahead,16,8,2,18446744073709551615,0.285097649
"balance-scale-bin",0,7,cals_compact_explain,SelectiveLookahead,16,4,2,18446744073709551615,0.050772198
"balance-scale-bin",1,5,unary,Greedy,8,8,2,18446744073709551615,0.00096493
"balance-scale-bin",1,5,horn,Greedy,8,8,2,18446744073709551615,0.002877002
"balance-scale-bin",1,5,antihorn,Greedy,8,8,2,18446744073709551615,0.00215952
"balance-scale-bin",1,5,square2cnf,Greedy,8,8,2,18446744073709551615,0.049979146
"balance-scale-bin",1,5,affine,Greedy,8,8,2,18446744073709551615,0.012509396
"balance-scale-bin",1,5,smart_certified,Greedy,8,8,2,18446744073709551615,0.059329849
"balance-scale-bin",1,5,cals,SparseLookahead,16,8,2,18446744073709551615,12.952591726
"balance-scale-bin",1,5,cals_compact_explain,SelectiveLookahead,16,4,2,18446744073709551615,0.253988341
"balance-scale-bin",1,7,unary,Greedy,8,8,2,18446744073709551615,0.001477705
"balance-scale-bin",1,7,horn,Greedy,8,8,2,18446744073709551615,0.003984512
"balance-scale-bin",1,7,antihorn,Greedy,8,8,2,18446744073709551615,0.003151883
"balance-scale-bin",1,7,square2cnf,Greedy,8,8,2,18446744073709551615,0.069029867
"balance-scale-bin",1,7,affine,Greedy,8,8,2,18446744073709551615,0.020426462
"balance-scale-bin",1,7,smart_certified,Greedy,8,8,2,18446744073709551615,0.074815175
"balance-scale-bin",1,7,cals,SparseLookahead,16,8,2,18446744073709551615,17.833656287
"balance-scale-bin",1,7,cals_compact_explain,SelectiveLookahead,16,4,2,18446744073709551615,0.259199049
"balance-scale-bin",2,5,unary,Greedy,8,8,2,18446744073709551615,0.000828097
"balance-scale-bin",2,5,horn,Greedy,8,8,2,18446744073709551615,0.002275268
"balance-scale-bin",2,5,antihorn,Greedy,8,8,2,18446744073709551615,0.001385619
"balance-scale-bin",2,5,square2cnf,Greedy,8,8,2,18446744073709551615,0.032287018
"balance-scale-bin",2,5,affine,Greedy,8,8,2,18446744073709551615,0.013586217
"balance-scale-bin",2,5,smart_certified,Greedy,8,8,2,18446744073709551615,0.050518699
"balance-scale-bin",2,5,cals,SparseLookahead,16,8,2,18446744073709551615,1.583166021
"balance-scale-bin",2,5,cals_compact_explain,SelectiveLookahead,16,4,2,18446744073709551615,0.141598042
"balance-scale-bin",2,7,unary,Greedy,8,8,2,18446744073709551615,0.00124363
"balance-scale-bin",2,7,horn,Greedy,8,8,2,18446744073709551615,0.002790036
"balance-scale-bin",2,7,antihorn,Greedy,8,8,2,18446744073709551615,0.002329592
"balance-scale-bin",2,7,square2cnf,Greedy,8,8,2,18446744073709551615,0.046513291
"balance-scale-bin",2,7,affine,Greedy,8,8,2,18446744073709551615,0.019052927
"balance-scale-bin",2,7,smart_certified,Greedy,8,8,2,18446744073709551615,0.07919699
"balance-scale-bin",2,7,cals,SparseLookahead,16,8,2,18446744073709551615,1.5946781030000001
"balance-scale-bin",2,7,cals_compact_explain,SelectiveLookahead,16,4,2,18446744073709551615,0.158895236
"balance-scale-bin",3,5,unary,Greedy,8,8,2,18446744073709551615,0.000877206
"balance-scale-bin",3,5,horn,Greedy,8,8,2,18446744073709551615,0.001184365
"balance-scale-bin",3,5,antihorn,Greedy,8,8,2,18446744073709551615,0.001184283
"balance-scale-bin",3,5,square2cnf,Greedy,8,8,2,18446744073709551615,0.017422148
"balance-scale-bin",3,5,affine,Greedy,8,8,2,18446744073709551615,0.015308875
"balance-scale-bin",3,5,smart_certified,Greedy,8,8,2,18446744073709551615,0.059865327
"balance-scale-bin",3,5,cals,SparseLookahead,16,8,2,18446744073709551615,11.626399328
"balance-scale-bin",3,5,cals_compact_explain,SelectiveLookahead,16,4,2,18446744073709551615,3.583633056
"balance-scale-bin",3,7,unary,Greedy,8,8,2,18446744073709551615,0.001231835
"balance-scale-bin",3,7,horn,Greedy,8,8,2,18446744073709551615,0.002545054
"balance-scale-bin",3,7,antihorn,Greedy,8,8,2,18446744073709551615,0.00151742
"balance-scale-bin",3,7,square2cnf,Greedy,8,8,2,18446744073709551615,0.033107338
"balance-scale-bin",3,7,affine,Greedy,8,8,2,18446744073709551615,0.020897562
"balance-scale-bin",3,7,smart_certified,Greedy,8,8,2,18446744073709551615,0.082369308
"balance-scale-bin",3,7,cals,SparseLookahead,16,8,2,18446744073709551615,16.515777439
"balance-scale-bin",3,7,cals_compact_explain,SelectiveLookahead,16,4,2,18446744073709551615,5.355536216
"balance-scale-bin",4,5,unary,Greedy,8,8,2,18446744073709551615,0.000814831
"balance-scale-bin",4,5,horn,Greedy,8,8,2,18446744073709551615,0.001640422
"balance-scale-bin",4,5,antihorn,Greedy,8,8,2,18446744073709551615,0.001991063
"balance-scale-bin",4,5,square2cnf,Greedy,8,8,2,18446744073709551615,0.029995806
"balance-scale-bin",4,5,affine,Greedy,8,8,2,18446744073709551615,0.016154996
"balance-scale-bin",4,5,smart_certified,Greedy,8,8,2,18446744073709551615,0.040535315
"balance-scale-bin",4,5,cals,SparseLookahead,16,8,2,18446744073709551615,0.310661225
"balance-scale-bin",4,5,cals_compact_explain,SelectiveLookahead,16,4,2,18446744073709551615,0.068678787
"balance-scale-bin",4,7,unary,Greedy,8,8,2,18446744073709551615,0.001203872
"balance-scale-bin",4,7,horn,Greedy,8,8,2,18446744073709551615,0.002756891
"balance-scale-bin",4,7,antihorn,Greedy,8,8,2,18446744073709551615,0.003157293
"balance-scale-bin",4,7,square2cnf,Greedy,8,8,2,18446744073709551615,0.053419799
"balance-scale-bin",4,7,affine,Greedy,8,8,2,18446744073709551615,0.021170269
"balance-scale-bin",4,7,smart_certified,Greedy,8,8,2,18446744073709551615,0.065709428
"balance-scale-bin",4,7,cals,SparseLookahead,16,8,2,18446744073709551615,0.313536412
"balance-scale-bin",4,7,cals_compact_explain,SelectiveLookahead,16,4,2,18446744073709551615,0.071046526
"balance-scale-bin",5,5,unary,Greedy,8,8,2,18446744073709551615,0.000810157
"balance-scale-bin",5,5,horn,Greedy,8,8,2,18446744073709551615,0.001601964
"balance-scale-bin",5,5,antihorn,Greedy,8,8,2,18446744073709551615,0.001769645
"balance-scale-bin",5,5,square2cnf,Greedy,8,8,2,18446744073709551615,0.026203987
"balance-scale-bin",5,5,affine,Greedy,8,8,2,18446744073709551615,0.014672497
"balance-scale-bin",5,5,smart_certified,Greedy,8,8,2,18446744073709551615,0.041104226
"balance-scale-bin",5,5,cals,SparseLookahead,16,8,2,18446744073709551615,11.812885312
"balance-scale-bin",5,5,cals_compact_explain,SelectiveLookahead,16,4,2,18446744073709551615,0.305350595
"balance-scale-bin",5,7,unary,Greedy,8,8,2,18446744073709551615,0.001305077
"balance-scale-bin",5,7,horn,Greedy,8,8,2,18446744073709551615,0.00265443
"balance-scale-bin",5,7,antihorn,Greedy,8,8,2,18446744073709551615,0.003287317
"balance-scale-bin",5,7,square2cnf,Greedy,8,8,2,18446744073709551615,0.045700752
"balance-scale-bin",5,7,affine,Greedy,8,8,2,18446744073709551615,0.021978234
"balance-scale-bin",5,7,smart_certified,Greedy,8,8,2,18446744073709551615,0.071820526
"balance-scale-bin",5,7,cals,SparseLookahead,16,8,2,18446744073709551615,14.994544674
"balance-scale-bin",5,7,cals_compact_explain,SelectiveLookahead,16,4,2,18446744073709551615,0.33041184
"balance-scale-bin",6,5,unary,Greedy,8,8,2,18446744073709551615,0.000830454
"balance-scale-bin",6,5,horn,Greedy,8,8,2,18446744073709551615,0.003095677
"balance-scale-bin",6,5,antihorn,Greedy,8,8,2,18446744073709551615,0.002017491
"balance-scale-bin",6,5,square2cnf,Greedy,8,8,2,18446744073709551615,0.042727081
"balance-scale-bin",6,5,affine,Greedy,8,8,2,18446744073709551615,0.013523147
"balance-scale-bin",6,5,smart_certified,Greedy,8,8,2,18446744073709551615,0.063593488
"balance-scale-bin",6,5,cals,SparseLookahead,16,8,2,18446744073709551615,10.17536892
"balance-scale-bin",6,5,cals_compact_explain,SelectiveLookahead,16,4,2,18446744073709551615,2.43721745
"balance-scale-bin",6,7,unary,Greedy,8,8,2,18446744073709551615,0.001457967
"balance-scale-bin",6,7,horn,Greedy,8,8,2,18446744073709551615,0.003072154
"balance-scale-bin",6,7,antihorn,Greedy,8,8,2,18446744073709551615,0.003061328
"balance-scale-bin",6,7,square2cnf,Greedy,8,8,2,18446744073709551615,0.064826646
"balance-scale-bin",6,7,affine,Greedy,8,8,2,18446744073709551615,0.020297231
"balance-scale-bin",6,7,smart_certified,Greedy,8,8,2,18446744073709551615,0.060942822
"balance-scale-bin",6,7,cals,SparseLookahead,16,8,2,18446744073709551615,14.695579083
"balance-scale-bin",6,7,cals_compact_explain,SelectiveLookahead,16,4,2,18446744073709551615,3.66248366
"balance-scale-bin",7,5,unary,Greedy,8,8,2,18446744073709551615,0.00092152
"balance-scale-bin",7,5,horn,Greedy,8,8,2,18446744073709551615,0.001865421
"balance-scale-bin",7,5,antihorn,Greedy,8,8,2,18446744073709551615,0.001909358
"balance-scale-bin",7,5,square2cnf,Greedy,8,8,2,18446744073709551615,0.036865929
"balance-scale-bin",7,5,affine,Greedy,8,8,2,18446744073709551615,0.013111554
"balance-scale-bin",7,5,smart_certified,Greedy,8,8,2,18446744073709551615,0.050187505
"balance-scale-bin",7,5,cals,SparseLookahead,16,8,2,18446744073709551615,13.945361967
"balance-scale-bin",7,5,cals_compact_explain,SelectiveLookahead,16,4,2,18446744073709551615,3.05191892
"balance-scale-bin",7,7,unary,Greedy,8,8,2,18446744073709551615,0.001411277
"balance-scale-bin",7,7,horn,Greedy,8,8,2,18446744073709551615,0.002719173
"balance-scale-bin",7,7,antihorn,Greedy,8,8,2,18446744073709551615,0.003079898
"balance-scale-bin",7,7,square2cnf,Greedy,8,8,2,18446744073709551615,0.060475249
"balance-scale-bin",7,7,affine,Greedy,8,8,2,18446744073709551615,0.021051673
"balance-scale-bin",7,7,smart_certified,Greedy,8,8,2,18446744073709551615,0.075007839
"balance-scale-bin",7,7,cals,SparseLookahead,16,8,2,18446744073709551615,17.702982468
"balance-scale-bin",7,7,cals_compact_explain,SelectiveLookahead,16,4,2,18446744073709551615,4.027734724
"balance-scale-bin",8,5,unary,Greedy,8,8,2,18446744073709551615,0.000852969
"balance-scale-bin",8,5,horn,Greedy,8,8,2,18446744073709551615,0.002340456
"balance-scale-bin",8,5,antihorn,Greedy,8,8,2,18446744073709551615,0.00228917
"balance-scale-bin",8,5,square2cnf,Greedy,8,8,2,18446744073709551615,0.036674615
"balance-scale-bin",8,5,affine,Greedy,8,8,2,18446744073709551615,0.014105797
"balance-scale-bin",8,5,smart_certified,Greedy,8,8,2,18446744073709551615,0.06892886
"balance-scale-bin",8,5,cals,SparseLookahead,16,8,2,18446744073709551615,13.100722145
"balance-scale-bin",8,5,cals_compact_explain,SelectiveLookahead,16,4,2,18446744073709551615,0.166986983
"balance-scale-bin",8,7,unary,Greedy,8,8,2,18446744073709551615,0.001328198
"balance-scale-bin",8,7,horn,Greedy,8,8,2,18446744073709551615,0.003399942
"balance-scale-bin",8,7,antihorn,Greedy,8,8,2,18446744073709551615,0.003389442
"balance-scale-bin",8,7,square2cnf,Greedy,8,8,2,18446744073709551615,0.070932187
"balance-scale-bin",8,7,affine,Greedy,8,8,2,18446744073709551615,0.021279781
"balance-scale-bin",8,7,smart_certified,Greedy,8,8,2,18446744073709551615,0.088004206
"balance-scale-bin",8,7,cals,SparseLookahead,16,8,2,18446744073709551615,16.134063369
"balance-scale-bin",8,7,cals_compact_explain,SelectiveLookahead,16,4,2,18446744073709551615,0.17180094
"balance-scale-bin",9,5,unary,Greedy,8,8,2,18446744073709551615,0.000863657
"balance-scale-bin",9,5,horn,Greedy,8,8,2,18446744073709551615,0.001639145
"balance-scale-bin",9,5,antihorn,Greedy,8,8,2,18446744073709551615,0.002269257
"balance-scale-bin",9,5,square2cnf,Greedy,8,8,2,18446744073709551615,0.039841425
"balance-scale-bin",9,5,affine,Greedy,8,8,2,18446744073709551615,0.012744379
"balance-scale-bin",9,5,smart_certified,Greedy,8,8,2,18446744073709551615,0.049768591
"balance-scale-bin",9,5,cals,SparseLookahead,16,8,2,18446744073709551615,14.172685956
"balance-scale-bin",9,5,cals_compact_explain,SelectiveLookahead,16,4,2,18446744073709551615,3.593369896
"balance-scale-bin",9,7,unary,Greedy,8,8,2,18446744073709551615,0.001370572
"balance-scale-bin",9,7,horn,Greedy,8,8,2,18446744073709551615,0.002908806
"balance-scale-bin",9,7,antihorn,Greedy,8,8,2,18446744073709551615,0.002962065
"balance-scale-bin",9,7,square2cnf,Greedy,8,8,2,18446744073709551615,0.071133948
"balance-scale-bin",9,7,affine,Greedy,8,8,2,18446744073709551615,0.019525664
"balance-scale-bin",9,7,smart_certified,Greedy,8,8,2,18446744073709551615,0.056492808
"balance-scale-bin",9,7,cals,SparseLookahead,16,8,2,18446744073709551615,18.076090615
"balance-scale-bin",9,7,cals_compact_explain,SelectiveLookahead,16,4,2,18446744073709551615,4.317417781
"bank_conv-bin",0,5,unary,Greedy,8,8,2,18446744073709551615,0.056977001
"bank_conv-bin",0,5,horn,Greedy,8,8,2,18446744073709551615,0.083065249
"bank_conv-bin",0,5,antihorn,Greedy,8,8,2,18446744073709551615,0.068234985
"bank_conv-bin",0,5,square2cnf,Greedy,8,8,2,18446744073709551615,0.3811674
"bank_conv-bin",0,5,affine,Greedy,8,8,2,18446744073709551615,0.158795229
"bank_conv-bin",0,5,smart_certified,Greedy,8,8,2,18446744073709551615,0.540883696
"bank_conv-bin",0,5,cals,SparseLookahead,16,8,2,18446744073709551615,0.905958504
"bank_conv-bin",0,5,cals_compact_explain,SelectiveLookahead,16,4,2,18446744073709551615,0.426978584
"bank_conv-bin",0,7,unary,Greedy,8,8,2,18446744073709551615,0.088057637
"bank_conv-bin",0,7,horn,Greedy,8,8,2,18446744073709551615,0.125058389
"bank_conv-bin",0,7,antihorn,Greedy,8,8,2,18446744073709551615,0.12198499
"bank_conv-bin",0,7,square2cnf,Greedy,8,8,2,18446744073709551615,0.598129991
"bank_conv-bin",0,7,affine,Greedy,8,8,2,18446744073709551615,0.337831476
"bank_conv-bin",0,7,smart_certified,Greedy,8,8,2,18446744073709551615,1.4588238119999999
"bank_conv-bin",0,7,cals,SparseLookahead,16,8,2,18446744073709551615,1.3155233960000001
"bank_conv-bin",0,7,cals_compact_explain,SelectiveLookahead,16,4,2,18446744073709551615,0.595485883
"bank_conv-bin",1,5,unary,Greedy,8,8,2,18446744073709551615,0.053231167
"bank_conv-bin",1,5,horn,Greedy,8,8,2,18446744073709551615,0.062942588
"bank_conv-bin",1,5,antihorn,Greedy,8,8,2,18446744073709551615,0.084313342
"bank_conv-bin",1,5,square2cnf,Greedy,8,8,2,18446744073709551615,0.258374189
"bank_conv-bin",1,5,affine,Greedy,8,8,2,18446744073709551615,0.163195403
"bank_conv-bin",1,5,smart_certified,Greedy,8,8,2,18446744073709551615,0.497963497
"bank_conv-bin",1,5,cals,SparseLookahead,16,8,2,18446744073709551615,24.149324505
"bank_conv-bin",1,5,cals_compact_explain,SelectiveLookahead,16,4,2,18446744073709551615,7.37555049
"bank_conv-bin",1,7,unary,Greedy,8,8,2,18446744073709551615,0.081514507
"bank_conv-bin",1,7,horn,Greedy,8,8,2,18446744073709551615,0.101373472
"bank_conv-bin",1,7,antihorn,Greedy,8,8,2,18446744073709551615,0.115489771
"bank_conv-bin",1,7,square2cnf,Greedy,8,8,2,18446744073709551615,0.568438797
"bank_conv-bin",1,7,affine,Greedy,8,8,2,18446744073709551615,0.37477117
"bank_conv-bin",1,7,smart_certified,Greedy,8,8,2,18446744073709551615,0.948793213
"bank_conv-bin",1,7,cals,SparseLookahead,16,8,2,18446744073709551615,51.394461389
"bank_conv-bin",1,7,cals_compact_explain,SelectiveLookahead,16,4,2,18446744073709551615,17.042670491
"bank_conv-bin",2,5,unary,Greedy,8,8,2,18446744073709551615,0.053874549
"bank_conv-bin",2,5,horn,Greedy,8,8,2,18446744073709551615,0.06316142
"bank_conv-bin",2,5,antihorn,Greedy,8,8,2,18446744073709551615,0.064000163
"bank_conv-bin",2,5,square2cnf,Greedy,8,8,2,18446744073709551615,0.246485358
"bank_conv-bin",2,5,affine,Greedy,8,8,2,18446744073709551615,0.138033443
"bank_conv-bin",2,5,smart_certified,Greedy,8,8,2,18446744073709551615,0.49795602
"bank_conv-bin",2,5,cals,SparseLookahead,16,8,2,18446744073709551615,1.569958913
"bank_conv-bin",2,5,cals_compact_explain,SelectiveLookahead,16,4,2,18446744073709551615,0.663136026
"bank_conv-bin",2,7,unary,Greedy,8,8,2,18446744073709551615,0.081102588
"bank_conv-bin",2,7,horn,Greedy,8,8,2,18446744073709551615,0.096624414
"bank_conv-bin",2,7,antihorn,Greedy,8,8,2,18446744073709551615,0.108117592
"bank_conv-bin",2,7,square2cnf,Greedy,8,8,2,18446744073709551615,0.537213938
"bank_conv-bin",2,7,affine,Greedy,8,8,2,18446744073709551615,0.326743731
"bank_conv-bin",2,7,smart_certified,Greedy,8,8,2,18446744073709551615,1.255778431
"bank_conv-bin",2,7,cals,SparseLookahead,16,8,2,18446744073709551615,1.943803983
"bank_conv-bin",2,7,cals_compact_explain,SelectiveLookahead,16,4,2,18446744073709551615,0.88306262
"bank_conv-bin",3,5,unary,Greedy,8,8,2,18446744073709551615,0.052218233
"bank_conv-bin",3,5,horn,Greedy,8,8,2,18446744073709551615,0.068057668
"bank_conv-bin",3,5,antihorn,Greedy,8,8,2,18446744073709551615,0.070536945
"bank_conv-bin",3,5,square2cnf,Greedy,8,8,2,18446744073709551615,0.273436925
"bank_conv-bin",3,5,affine,Greedy,8,8,2,18446744073709551615,0.135004723
"bank_conv-bin",3,5,smart_certified,Greedy,8,8,2,18446744073709551615,0.513214339
"bank_conv-bin",3,5,cals,SparseLookahead,16,8,2,18446744073709551615,1.515582091
"bank_conv-bin",3,5,cals_compact_explain,SelectiveLookahead,16,4,2,18446744073709551615,0.382245591
"bank_conv-bin",3,7,unary,Greedy,8,8,2,18446744073709551615,0.088989239
"bank_conv-bin",3,7,horn,Greedy,8,8,2,18446744073709551615,0.117240179
"bank_conv-bin",3,7,antihorn,Greedy,8,8,2,18446744073709551615,0.123248371
"bank_conv-bin",3,7,square2cnf,Greedy,8,8,2,18446744073709551615,0.743850195
"bank_conv-bin",3,7,affine,Greedy,8,8,2,18446744073709551615,0.327369129
"bank_conv-bin",3,7,smart_certified,Greedy,8,8,2,18446744073709551615,1.50287552
"bank_conv-bin",3,7,cals,SparseLookahead,16,8,2,18446744073709551615,1.918833319
"bank_conv-bin",3,7,cals_compact_explain,SelectiveLookahead,16,4,2,18446744073709551615,0.538029157
"bank_conv-bin",4,5,unary,Greedy,8,8,2,18446744073709551615,0.054633014
"bank_conv-bin",4,5,horn,Greedy,8,8,2,18446744073709551615,0.067463886
"bank_conv-bin",4,5,antihorn,Greedy,8,8,2,18446744073709551615,0.07043459
"bank_conv-bin",4,5,square2cnf,Greedy,8,8,2,18446744073709551615,0.268850069
"bank_conv-bin",4,5,affine,Greedy,8,8,2,18446744073709551615,0.144538167
"bank_conv-bin",4,5,smart_certified,Greedy,8,8,2,18446744073709551615,0.514033976
"bank_conv-bin",4,5,cals,SparseLookahead,16,8,2,18446744073709551615,23.728485382
"bank_conv-bin",4,5,cals_compact_explain,SelectiveLookahead,16,4,2,18446744073709551615,0.399612108
"bank_conv-bin",4,7,unary,Greedy,8,8,2,18446744073709551615,0.098294558
"bank_conv-bin",4,7,horn,Greedy,8,8,2,18446744073709551615,0.111239499
"bank_conv-bin",4,7,antihorn,Greedy,8,8,2,18446744073709551615,0.128900514
"bank_conv-bin",4,7,square2cnf,Greedy,8,8,2,18446744073709551615,0.72355582
"bank_conv-bin",4,7,affine,Greedy,8,8,2,18446744073709551615,0.33693095
"bank_conv-bin",4,7,smart_certified,Greedy,8,8,2,18446744073709551615,1.430494162
"bank_conv-bin",4,7,cals,SparseLookahead,16,8,2,18446744073709551615,43.271319739
"bank_conv-bin",4,7,cals_compact_explain,SelectiveLookahead,16,4,2,18446744073709551615,0.421384798
"bank_conv-bin",5,5,unary,Greedy,8,8,2,18446744073709551615,0.055297792
"bank_conv-bin",5,5,horn,Greedy,8,8,2,18446744073709551615,0.063971028
"bank_conv-bin",5,5,antihorn,Greedy,8,8,2,18446744073709551615,0.066925838
"bank_conv-bin",5,5,square2cnf,Greedy,8,8,2,18446744073709551615,0.228392662
"bank_conv-bin",5,5,affine,Greedy,8,8,2,18446744073709551615,0.138864917
"bank_conv-bin",5,5,smart_certified,Greedy,8,8,2,18446744073709551615,0.499259544
"bank_conv-bin",5,5,cals,SparseLookahead,16,8,2,18446744073709551615,1.621573283
"bank_conv-bin",5,5,cals_compact_explain,SelectiveLookahead,16,4,2,18446744073709551615,0.313670207
"bank_conv-bin",5,7,unary,Greedy,8,8,2,18446744073709551615,0.08686192
"bank_conv-bin",5,7,horn,Greedy,8,8,2,18446744073709551615,0.096945616
"bank_conv-bin",5,7,antihorn,Greedy,8,8,2,18446744073709551615,0.117110701
"bank_conv-bin",5,7,square2cnf,Greedy,8,8,2,18446744073709551615,0.527932251
"bank_conv-bin",5,7,affine,Greedy,8,8,2,18446744073709551615,0.285424538
"bank_conv-bin",5,7,smart_certified,Greedy,8,8,2,18446744073709551615,1.113064712
"bank_conv-bin",5,7,cals,SparseLookahead,16,8,2,18446744073709551615,1.981644503
"bank_conv-bin",5,7,cals_compact_explain,SelectiveLookahead,16,4,2,18446744073709551615,0.414396781
"bank_conv-bin",6,5,unary,Greedy,8,8,2,18446744073709551615,0.055108656
"bank_conv-bin",6,5,horn,Greedy,8,8,2,18446744073709551615,0.071281252
"bank_conv-bin",6,5,antihorn,Greedy,8,8,2,18446744073709551615,0.068077081
"bank_conv-bin",6,5,square2cnf,Greedy,8,8,2,18446744073709551615,0.244255263
"bank_conv-bin",6,5,affine,Greedy,8,8,2,18446744073709551615,0.148722336
"bank_conv-bin",6,5,smart_certified,Greedy,8,8,2,18446744073709551615,0.488419446
"bank_conv-bin",6,5,cals,SparseLookahead,16,8,2,18446744073709551615,1.437981446
"bank_conv-bin",6,5,cals_compact_explain,SelectiveLookahead,16,4,2,18446744073709551615,0.480253403
"bank_conv-bin",6,7,unary,Greedy,8,8,2,18446744073709551615,0.084080724
"bank_conv-bin",6,7,horn,Greedy,8,8,2,18446744073709551615,0.116657967
"bank_conv-bin",6,7,antihorn,Greedy,8,8,2,18446744073709551615,0.117113807
"bank_conv-bin",6,7,square2cnf,Greedy,8,8,2,18446744073709551615,0.553147193
"bank_conv-bin",6,7,affine,Greedy,8,8,2,18446744073709551615,0.337421842
"bank_conv-bin",6,7,smart_certified,Greedy,8,8,2,18446744073709551615,1.314407552
"bank_conv-bin",6,7,cals,SparseLookahead,16,8,2,18446744073709551615,1.873080986
"bank_conv-bin",6,7,cals_compact_explain,SelectiveLookahead,16,4,2,18446744073709551615,0.693736205
"bank_conv-bin",7,5,unary,Greedy,8,8,2,18446744073709551615,0.053508294
"bank_conv-bin",7,5,horn,Greedy,8,8,2,18446744073709551615,0.065376995
"bank_conv-bin",7,5,antihorn,Greedy,8,8,2,18446744073709551615,0.068094078
"bank_conv-bin",7,5,square2cnf,Greedy,8,8,2,18446744073709551615,0.26571812
"bank_conv-bin",7,5,affine,Greedy,8,8,2,18446744073709551615,0.122438738
"bank_conv-bin",7,5,smart_certified,Greedy,8,8,2,18446744073709551615,0.491221263
"bank_conv-bin",7,5,cals,SparseLookahead,16,8,2,18446744073709551615,28.698052203
"bank_conv-bin",7,5,cals_compact_explain,SelectiveLookahead,16,4,2,18446744073709551615,7.571707458
"bank_conv-bin",7,7,unary,Greedy,8,8,2,18446744073709551615,0.085368273
"bank_conv-bin",7,7,horn,Greedy,8,8,2,18446744073709551615,0.108395864
"bank_conv-bin",7,7,antihorn,Greedy,8,8,2,18446744073709551615,0.110289806
"bank_conv-bin",7,7,square2cnf,Greedy,8,8,2,18446744073709551615,0.871030196
"bank_conv-bin",7,7,affine,Greedy,8,8,2,18446744073709551615,0.291111319
"bank_conv-bin",7,7,smart_certified,Greedy,8,8,2,18446744073709551615,1.6169464850000002
"bank_conv-bin",7,7,cals,SparseLookahead,16,8,2,18446744073709551615,63.72643729
"bank_conv-bin",7,7,cals_compact_explain,SelectiveLookahead,16,4,2,18446744073709551615,18.006871684
"bank_conv-bin",8,5,unary,Greedy,8,8,2,18446744073709551615,0.056617684
"bank_conv-bin",8,5,horn,Greedy,8,8,2,18446744073709551615,0.069166378
"bank_conv-bin",8,5,antihorn,Greedy,8,8,2,18446744073709551615,0.069270602
"bank_conv-bin",8,5,square2cnf,Greedy,8,8,2,18446744073709551615,0.272425687
"bank_conv-bin",8,5,affine,Greedy,8,8,2,18446744073709551615,0.157936989
"bank_conv-bin",8,5,smart_certified,Greedy,8,8,2,18446744073709551615,0.54464134
"bank_conv-bin",8,5,cals,SparseLookahead,16,8,2,18446744073709551615,25.087499689
"bank_conv-bin",8,5,cals_compact_explain,SelectiveLookahead,16,4,2,18446744073709551615,7.985132628
"bank_conv-bin",8,7,unary,Greedy,8,8,2,18446744073709551615,0.091785156
"bank_conv-bin",8,7,horn,Greedy,8,8,2,18446744073709551615,0.116517356
"bank_conv-bin",8,7,antihorn,Greedy,8,8,2,18446744073709551615,0.119420497
"bank_conv-bin",8,7,square2cnf,Greedy,8,8,2,18446744073709551615,0.578556983
"bank_conv-bin",8,7,affine,Greedy,8,8,2,18446744073709551615,0.356139163
"bank_conv-bin",8,7,smart_certified,Greedy,8,8,2,18446744073709551615,1.908911238
"bank_conv-bin",8,7,cals,SparseLookahead,16,8,2,18446744073709551615,49.23545975
"bank_conv-bin",8,7,cals_compact_explain,SelectiveLookahead,16,4,2,18446744073709551615,15.374358195
"bank_conv-bin",9,5,unary,Greedy,8,8,2,18446744073709551615,0.052965718
"bank_conv-bin",9,5,horn,Greedy,8,8,2,18446744073709551615,0.064098793
"bank_conv-bin",9,5,antihorn,Greedy,8,8,2,18446744073709551615,0.066348151
"bank_conv-bin",9,5,square2cnf,Greedy,8,8,2,18446744073709551615,0.265364554
"bank_conv-bin",9,5,affine,Greedy,8,8,2,18446744073709551615,0.123927353
"bank_conv-bin",9,5,smart_certified,Greedy,8,8,2,18446744073709551615,0.438154136
"bank_conv-bin",9,5,cals,SparseLookahead,16,8,2,18446744073709551615,0.995516086
"bank_conv-bin",9,5,cals_compact_explain,SelectiveLookahead,16,4,2,18446744073709551615,0.378789084
"bank_conv-bin",9,7,unary,Greedy,8,8,2,18446744073709551615,0.081346514
"bank_conv-bin",9,7,horn,Greedy,8,8,2,18446744073709551615,0.112179875
"bank_conv-bin",9,7,antihorn,Greedy,8,8,2,18446744073709551615,0.119746895
"bank_conv-bin",9,7,square2cnf,Greedy,8,8,2,18446744073709551615,0.554374174
"bank_conv-bin",9,7,affine,Greedy,8,8,2,18446744073709551615,0.289461284
"bank_conv-bin",9,7,smart_certified,Greedy,8,8,2,18446744073709551615,0.791704359
"bank_conv-bin",9,7,cals,SparseLookahead,16,8,2,18446744073709551615,1.361756797
"bank_conv-bin",9,7,cals_compact_explain,SelectiveLookahead,16,4,2,18446744073709551615,0.541203982
"banknote-bin",0,5,unary,Greedy,8,8,2,18446744073709551615,0.001757344
"banknote-bin",0,5,horn,Greedy,8,8,2,18446744073709551615,0.004034675
"banknote-bin",0,5,antihorn,Greedy,8,8,2,18446744073709551615,0.004340218
"banknote-bin",0,5,square2cnf,Greedy,8,8,2,18446744073709551615,0.042874336
"banknote-bin",0,5,affine,Greedy,8,8,2,18446744073709551615,0.020629982
"banknote-bin",0,5,smart_certified,Greedy,8,8,2,18446744073709551615,0.046778243
"banknote-bin",0,5,cals,SparseLookahead,16,8,2,18446744073709551615,9.037290945
"banknote-bin",0,5,cals_compact_explain,SelectiveLookahead,16,4,2,18446744073709551615,2.149605932
"banknote-bin",0,7,unary,Greedy,8,8,2,18446744073709551615,0.001900286
"banknote-bin",0,7,horn,Greedy,8,8,2,18446744073709551615,0.005423449
"banknote-bin",0,7,antihorn,Greedy,8,8,2,18446744073709551615,0.00472034
"banknote-bin",0,7,square2cnf,Greedy,8,8,2,18446744073709551615,0.04921321
"banknote-bin",0,7,affine,Greedy,8,8,2,18446744073709551615,0.027327551
"banknote-bin",0,7,smart_certified,Greedy,8,8,2,18446744073709551615,0.042378526
"banknote-bin",0,7,cals,SparseLookahead,16,8,2,18446744073709551615,8.949829995
"banknote-bin",0,7,cals_compact_explain,SelectiveLookahead,16,4,2,18446744073709551615,2.145319945
"banknote-bin",1,5,unary,Greedy,8,8,2,18446744073709551615,0.001763365
"banknote-bin",1,5,horn,Greedy,8,8,2,18446744073709551615,0.004085344
"banknote-bin",1,5,antihorn,Greedy,8,8,2,18446744073709551615,0.004516149
"banknote-bin",1,5,square2cnf,Greedy,8,8,2,18446744073709551615,0.051287215
"banknote-bin",1,5,affine,Greedy,8,8,2,18446744073709551615,0.02263827
"banknote-bin",1,5,smart_certified,Greedy,8,8,2,18446744073709551615,0.043830929
"banknote-bin",1,5,cals,SparseLookahead,16,8,2,18446744073709551615,8.958419247
"banknote-bin",1,5,cals_compact_explain,SelectiveLookahead,16,4,2,18446744073709551615,2.032514929
"banknote-bin",1,7,unary,Greedy,8,8,2,18446744073709551615,0.002082574
"banknote-bin",1,7,horn,Greedy,8,8,2,18446744073709551615,0.005692948
"banknote-bin",1,7,antihorn,Greedy,8,8,2,18446744073709551615,0.005412593
"banknote-bin",1,7,square2cnf,Greedy,8,8,2,18446744073709551615,0.057856207
"banknote-bin",1,7,affine,Greedy,8,8,2,18446744073709551615,0.029110444
"banknote-bin",1,7,smart_certified,Greedy,8,8,2,18446744073709551615,0.045065566
"banknote-bin",1,7,cals,SparseLookahead,16,8,2,18446744073709551615,9.697037326
"banknote-bin",1,7,cals_compact_explain,SelectiveLookahead,16,4,2,18446744073709551615,2.354582332
"banknote-bin",2,5,unary,Greedy,8,8,2,18446744073709551615,0.00147587
"banknote-bin",2,5,horn,Greedy,8,8,2,18446744073709551615,0.003472312
"banknote-bin",2,5,antihorn,Greedy,8,8,2,18446744073709551615,0.003976081
"banknote-bin",2,5,square2cnf,Greedy,8,8,2,18446744073709551615,0.046858243
"banknote-bin",2,5,affine,Greedy,8,8,2,18446744073709551615,0.022178527
"banknote-bin",2,5,smart_certified,Greedy,8,8,2,18446744073709551615,0.04365873
"banknote-bin",2,5,cals,SparseLookahead,16,8,2,18446744073709551615,9.444431557
"banknote-bin",2,5,cals_compact_explain,SelectiveLookahead,16,4,2,18446744073709551615,2.101420385
"banknote-bin",2,7,unary,Greedy,8,8,2,18446744073709551615,0.001810003
"banknote-bin",2,7,horn,Greedy,8,8,2,18446744073709551615,0.004605362
"banknote-bin",2,7,antihorn,Greedy,8,8,2,18446744073709551615,0.005862538
"banknote-bin",2,7,square2cnf,Greedy,8,8,2,18446744073709551615,0.059258702
"banknote-bin",2,7,affine,Greedy,8,8,2,18446744073709551615,0.028604863
"banknote-bin",2,7,smart_certified,Greedy,8,8,2,18446744073709551615,0.045812046
"banknote-bin",2,7,cals,SparseLookahead,16,8,2,18446744073709551615,9.487625852
"banknote-bin",2,7,cals_compact_explain,SelectiveLookahead,16,4,2,18446744073709551615,2.242984601
"banknote-bin",3,5,unary,Greedy,8,8,2,18446744073709551615,0.001600301
"banknote-bin",3,5,horn,Greedy,8,8,2,18446744073709551615,0.00419894
"banknote-bin",3,5,antihorn,Greedy,8,8,2,18446744073709551615,0.004305426
"banknote-bin",3,5,square2cnf,Greedy,8,8,2,18446744073709551615,0.050268941
"banknote-bin",3,5,affine,Greedy,8,8,2,18446744073709551615,0.022224091
"banknote-bin",3,5,smart_certified,Greedy,8,8,2,18446744073709551615,0.041691479
"banknote-bin",3,5,cals,SparseLookahead,16,8,2,18446744073709551615,8.443381595
"banknote-bin",3,5,cals_compact_explain,SelectiveLookahead,16,4,2,18446744073709551615,1.5918212760000001
"banknote-bin",3,7,unary,Greedy,8,8,2,18446744073709551615,0.00226642
"banknote-bin",3,7,horn,Greedy,8,8,2,18446744073709551615,0.004860414
"banknote-bin",3,7,antihorn,Greedy,8,8,2,18446744073709551615,0.005082806
"banknote-bin",3,7,square2cnf,Greedy,8,8,2,18446744073709551615,0.056906865
"banknote-bin",3,7,affine,Greedy,8,8,2,18446744073709551615,0.026485029
"banknote-bin",3,7,smart_certified,Greedy,8,8,2,18446744073709551615,0.045059525
"banknote-bin",3,7,cals,SparseLookahead,16,8,2,18446744073709551615,8.443117625
"banknote-bin",3,7,cals_compact_explain,SelectiveLookahead,16,4,2,18446744073709551615,1.605826489
"banknote-bin",4,5,unary,Greedy,8,8,2,18446744073709551615,0.00166934
"banknote-bin",4,5,horn,Greedy,8,8,2,18446744073709551615,0.004144235
"banknote-bin",4,5,antihorn,Greedy,8,8,2,18446744073709551615,0.004419156
"banknote-bin",4,5,square2cnf,Greedy,8,8,2,18446744073709551615,0.044930006
"banknote-bin",4,5,affine,Greedy,8,8,2,18446744073709551615,0.021578814
"banknote-bin",4,5,smart_certified,Greedy,8,8,2,18446744073709551615,0.050961976
"banknote-bin",4,5,cals,SparseLookahead,16,8,2,18446744073709551615,9.321335001
"banknote-bin",4,5,cals_compact_explain,SelectiveLookahead,16,4,2,18446744073709551615,1.978980914
"banknote-bin",4,7,unary,Greedy,8,8,2,18446744073709551615,0.002059804
"banknote-bin",4,7,horn,Greedy,8,8,2,18446744073709551615,0.004982898
"banknote-bin",4,7,antihorn,Greedy,8,8,2,18446744073709551615,0.005674466
"banknote-bin",4,7,square2cnf,Greedy,8,8,2,18446744073709551615,0.054795573
"banknote-bin",4,7,affine,Greedy,8,8,2,18446744073709551615,0.026019033
"banknote-bin",4,7,smart_certified,Greedy,8,8,2,18446744073709551615,0.057998654
"banknote-bin",4,7,cals,SparseLookahead,16,8,2,18446744073709551615,9.514350953
"banknote-bin",4,7,cals_compact_explain,SelectiveLookahead,16,4,2,18446744073709551615,2.001587555
"banknote-bin",5,5,unary,Greedy,8,8,2,18446744073709551615,0.001611917
"banknote-bin",5,5,horn,Greedy,8,8,2,18446744073709551615,0.004336744
"banknote-bin",5,5,antihorn,Greedy,8,8,2,18446744073709551615,0.004599078
"banknote-bin",5,5,square2cnf,Greedy,8,8,2,18446744073709551615,0.054999791
"banknote-bin",5,5,affine,Greedy,8,8,2,18446744073709551615,0.023027026
"banknote-bin",5,5,smart_certified,Greedy,8,8,2,18446744073709551615,0.042763394
"banknote-bin",5,5,cals,SparseLookahead,16,8,2,18446744073709551615,9.735379497
"banknote-bin",5,5,cals_compact_explain,SelectiveLookahead,16,4,2,18446744073709551615,2.174562139
"banknote-bin",5,7,unary,Greedy,8,8,2,18446744073709551615,0.002099647
"banknote-bin",5,7,horn,Greedy,8,8,2,18446744073709551615,0.005700803
"banknote-bin",5,7,antihorn,Greedy,8,8,2,18446744073709551615,0.005720306
"banknote-bin",5,7,square2cnf,Greedy,8,8,2,18446744073709551615,0.056750607
"banknote-bin",5,7,affine,Greedy,8,8,2,18446744073709551615,0.030925891
"banknote-bin",5,7,smart_certified,Greedy,8,8,2,18446744073709551615,0.044313434
"banknote-bin",5,7,cals,SparseLookahead,16,8,2,18446744073709551615,9.727430642
"banknote-bin",5,7,cals_compact_explain,SelectiveLookahead,16,4,2,18446744073709551615,2.174050569
"banknote-bin",6,5,unary,Greedy,8,8,2,18446744073709551615,0.001525198
"banknote-bin",6,5,horn,Greedy,8,8,2,18446744073709551615,0.004171994
"banknote-bin",6,5,antihorn,Greedy,8,8,2,18446744073709551615,0.00437621
"banknote-bin",6,5,square2cnf,Greedy,8,8,2,18446744073709551615,0.048417566
"banknote-bin",6,5,affine,Greedy,8,8,2,18446744073709551615,0.024907121
"banknote-bin",6,5,smart_certified,Greedy,8,8,2,18446744073709551615,0.045931882
"banknote-bin",6,5,cals,SparseLookahead,16,8,2,18446744073709551615,9.263057964
"banknote-bin",6,5,cals_compact_explain,SelectiveLookahead,16,4,2,18446744073709551615,2.511531599
"banknote-bin",6,7,unary,Greedy,8,8,2,18446744073709551615,0.001975925
"banknote-bin",6,7,horn,Greedy,8,8,2,18446744073709551615,0.005262202
"banknote-bin",6,7,antihorn,Greedy,8,8,2,18446744073709551615,0.005219037
"banknote-bin",6,7,square2cnf,Greedy,8,8,2,18446744073709551615,0.057536526
"banknote-bin",6,7,affine,Greedy,8,8,2,18446744073709551615,0.029848426
"banknote-bin",6,7,smart_certified,Greedy,8,8,2,18446744073709551615,0.049324401
"banknote-bin",6,7,cals,SparseLookahead,16,8,2,18446744073709551615,9.206890997
"banknote-bin",6,7,cals_compact_explain,SelectiveLookahead,16,4,2,18446744073709551615,2.771520893
"banknote-bin",7,5,unary,Greedy,8,8,2,18446744073709551615,0.001696161
"banknote-bin",7,5,horn,Greedy,8,8,2,18446744073709551615,0.004210647
"banknote-bin",7,5,antihorn,Greedy,8,8,2,18446744073709551615,0.004617
"banknote-bin",7,5,square2cnf,Greedy,8,8,2,18446744073709551615,0.050677575
"banknote-bin",7,5,affine,Greedy,8,8,2,18446744073709551615,0.024815417
"banknote-bin",7,5,smart_certified,Greedy,8,8,2,18446744073709551615,0.035900104
"banknote-bin",7,5,cals,SparseLookahead,16,8,2,18446744073709551615,9.033795777
"banknote-bin",7,5,cals_compact_explain,SelectiveLookahead,16,4,2,18446744073709551615,1.990431796
"banknote-bin",7,7,unary,Greedy,8,8,2,18446744073709551615,0.002239293
"banknote-bin",7,7,horn,Greedy,8,8,2,18446744073709551615,0.00543029
"banknote-bin",7,7,antihorn,Greedy,8,8,2,18446744073709551615,0.005581044
"banknote-bin",7,7,square2cnf,Greedy,8,8,2,18446744073709551615,0.05451626
"banknote-bin",7,7,affine,Greedy,8,8,2,18446744073709551615,0.028143442
"banknote-bin",7,7,smart_certified,Greedy,8,8,2,18446744073709551615,0.037703354
"banknote-bin",7,7,cals,SparseLookahead,16,8,2,18446744073709551615,10.36254164
"banknote-bin",7,7,cals_compact_explain,SelectiveLookahead,16,4,2,18446744073709551615,2.330243059
"banknote-bin",8,5,unary,Greedy,8,8,2,18446744073709551615,0.001647962
"banknote-bin",8,5,horn,Greedy,8,8,2,18446744073709551615,0.004054406
"banknote-bin",8,5,antihorn,Greedy,8,8,2,18446744073709551615,0.004339836
"banknote-bin",8,5,square2cnf,Greedy,8,8,2,18446744073709551615,0.049163232
"banknote-bin",8,5,affine,Greedy,8,8,2,18446744073709551615,0.025820811
"banknote-bin",8,5,smart_certified,Greedy,8,8,2,18446744073709551615,0.035581102
"banknote-bin",8,5,cals,SparseLookahead,16,8,2,18446744073709551615,9.819029732
"banknote-bin",8,5,cals_compact_explain,SelectiveLookahead,16,4,2,18446744073709551615,1.715315628
"banknote-bin",8,7,unary,Greedy,8,8,2,18446744073709551615,0.00206788
"banknote-bin",8,7,horn,Greedy,8,8,2,18446744073709551615,0.004925819
"banknote-bin",8,7,antihorn,Greedy,8,8,2,18446744073709551615,0.005242966
"banknote-bin",8,7,square2cnf,Greedy,8,8,2,18446744073709551615,0.050013189
"banknote-bin",8,7,affine,Greedy,8,8,2,18446744073709551615,0.03051415
"banknote-bin",8,7,smart_certified,Greedy,8,8,2,18446744073709551615,0.038154519
"banknote-bin",8,7,cals,SparseLookahead,16,8,2,18446744073709551615,9.714564653
"banknote-bin",8,7,cals_compact_explain,SelectiveLookahead,16,4,2,18446744073709551615,1.7176910410000001
"banknote-bin",9,5,unary,Greedy,8,8,2,18446744073709551615,0.001705496
"banknote-bin",9,5,horn,Greedy,8,8,2,18446744073709551615,0.003876054
"banknote-bin",9,5,antihorn,Greedy,8,8,2,18446744073709551615,0.004178784
"banknote-bin",9,5,square2cnf,Greedy,8,8,2,18446744073709551615,0.050260167
"banknote-bin",9,5,affine,Greedy,8,8,2,18446744073709551615,0.020925295
"banknote-bin",9,5,smart_certified,Greedy,8,8,2,18446744073709551615,0.035032205
"banknote-bin",9,5,cals,SparseLookahead,16,8,2,18446744073709551615,11.380727182
"banknote-bin",9,5,cals_compact_explain,SelectiveLookahead,16,4,2,18446744073709551615,2.8837419
"banknote-bin",9,7,unary,Greedy,8,8,2,18446744073709551615,0.001822542
"banknote-bin",9,7,horn,Greedy,8,8,2,18446744073709551615,0.005433306
"banknote-bin",9,7,antihorn,Greedy,8,8,2,18446744073709551615,0.00505186
"banknote-bin",9,7,square2cnf,Greedy,8,8,2,18446744073709551615,0.055372925
"banknote-bin",9,7,affine,Greedy,8,8,2,18446744073709551615,0.027370913
"banknote-bin",9,7,smart_certified,Greedy,8,8,2,18446744073709551615,0.036850162
"banknote-bin",9,7,cals,SparseLookahead,16,8,2,18446744073709551615,12.063851982
"banknote-bin",9,7,cals_compact_explain,SelectiveLookahead,16,4,2,18446744073709551615,2.884712159
"biodeg-bin",0,5,unary,Greedy,8,8,2,18446744073709551615,0.022025302
"biodeg-bin",0,5,horn,Greedy,8,8,2,18446744073709551615,0.023621574
"biodeg-bin",0,5,antihorn,Greedy,8,8,2,18446744073709551615,0.023968288
"biodeg-bin",0,5,square2cnf,Greedy,8,8,2,18446744073709551615,0.095860786
"biodeg-bin",0,5,affine,Greedy,8,8,2,18446744073709551615,0.042248635
"biodeg-bin",0,5,smart_certified,Greedy,8,8,2,18446744073709551615,0.114482733
"biodeg-bin",0,5,cals,SparseLookahead,16,8,2,18446744073709551615,15.680191988
"biodeg-bin",0,5,cals_compact_explain,SelectiveLookahead,16,4,2,18446744073709551615,3.673068048
"biodeg-bin",0,7,unary,Greedy,8,8,2,18446744073709551615,0.035821079
"biodeg-bin",0,7,horn,Greedy,8,8,2,18446744073709551615,0.037258176
"biodeg-bin",0,7,antihorn,Greedy,8,8,2,18446744073709551615,0.034682781
"biodeg-bin",0,7,square2cnf,Greedy,8,8,2,18446744073709551615,0.177546856
"biodeg-bin",0,7,affine,Greedy,8,8,2,18446744073709551615,0.079756783
"biodeg-bin",0,7,smart_certified,Greedy,8,8,2,18446744073709551615,0.155620677
"biodeg-bin",0,7,cals,SparseLookahead,16,8,2,18446744073709551615,23.265922984
"biodeg-bin",0,7,cals_compact_explain,SelectiveLookahead,16,4,2,18446744073709551615,6.659190102
"biodeg-bin",1,5,unary,Greedy,8,8,2,18446744073709551615,0.021611024
"biodeg-bin",1,5,horn,Greedy,8,8,2,18446744073709551615,0.022211791
"biodeg-bin",1,5,antihorn,Greedy,8,8,2,18446744073709551615,0.022291932
"biodeg-bin",1,5,square2cnf,Greedy,8,8,2,18446744073709551615,0.09340928
"biodeg-bin",1,5,affine,Greedy,8,8,2,18446744073709551615,0.043932388
"biodeg-bin",1,5,smart_certified,Greedy,8,8,2,18446744073709551615,0.185712195
"biodeg-bin",1,5,cals,SparseLookahead,16,8,2,18446744073709551615,17.876240702
"biodeg-bin",1,5,cals_compact_explain,SelectiveLookahead,16,4,2,18446744073709551615,5.245445364
"biodeg-bin",1,7,unary,Greedy,8,8,2,18446744073709551615,0.03094605
"biodeg-bin",1,7,horn,Greedy,8,8,2,18446744073709551615,0.031689604
"biodeg-bin",1,7,antihorn,Greedy,8,8,2,18446744073709551615,0.038711326
"biodeg-bin",1,7,square2cnf,Greedy,8,8,2,18446744073709551615,0.161583165
"biodeg-bin",1,7,affine,Greedy,8,8,2,18446744073709551615,0.095314284
"biodeg-bin",1,7,smart_certified,Greedy,8,8,2,18446744073709551615,0.29481288
"biodeg-bin",1,7,cals,SparseLookahead,16,8,2,18446744073709551615,27.61407102
"biodeg-bin",1,7,cals_compact_explain,SelectiveLookahead,16,4,2,18446744073709551615,7.59015646
"biodeg-bin",2,5,unary,Greedy,8,8,2,18446744073709551615,0.019875248
"biodeg-bin",2,5,horn,Greedy,8,8,2,18446744073709551615,0.022678936
"biodeg-bin",2,5,antihorn,Greedy,8,8,2,18446744073709551615,0.024083653
"biodeg-bin",2,5,square2cnf,Greedy,8,8,2,18446744073709551615,0.086532399
"biodeg-bin",2,5,affine,Greedy,8,8,2,18446744073709551615,0.039499402
"biodeg-bin",2,5,smart_certified,Greedy,8,8,2,18446744073709551615,0.185404648
"biodeg-bin",2,5,cals,SparseLookahead,16,8,2,18446744073709551615,16.749498405
"biodeg-bin",2,5,cals_compact_explain,SelectiveLookahead,16,4,2,18446744073709551615,5.264548974
"biodeg-bin",2,7,unary,Greedy,8,8,2,18446744073709551615,0.030283003
"biodeg-bin",2,7,horn,Greedy,8,8,2,18446744073709551615,0.036399645
"biodeg-bin",2,7,antihorn,Greedy,8,8,2,18446744073709551615,0.036061647
"biodeg-bin",2,7,square2cnf,Greedy,8,8,2,18446744073709551615,0.17698745
"biodeg-bin",2,7,affine,Greedy,8,8,2,18446744073709551615,0.074936628
"biodeg-bin",2,7,smart_certified,Greedy,8,8,2,18446744073709551615,0.280491228
"biodeg-bin",2,7,cals,SparseLookahead,16,8,2,18446744073709551615,28.82432328
"biodeg-bin",2,7,cals_compact_explain,SelectiveLookahead,16,4,2,18446744073709551615,8.16641454
"biodeg-bin",3,5,unary,Greedy,8,8,2,18446744073709551615,0.017382574
"biodeg-bin",3,5,horn,Greedy,8,8,2,18446744073709551615,0.024977952
"biodeg-bin",3,5,antihorn,Greedy,8,8,2,18446744073709551615,0.024424476
"biodeg-bin",3,5,square2cnf,Greedy,8,8,2,18446744073709551615,0.097284947
"biodeg-bin",3,5,affine,Greedy,8,8,2,18446744073709551615,0.041477718
"biodeg-bin",3,5,smart_certified,Greedy,8,8,2,18446744073709551615,0.119013808
"biodeg-bin",3,5,cals,SparseLookahead,16,8,2,18446744073709551615,16.135581051
"biodeg-bin",3,5,cals_compact_explain,SelectiveLookahead,16,4,2,18446744073709551615,4.744553691
"biodeg-bin",3,7,unary,Greedy,8,8,2,18446744073709551615,0.026183997
"biodeg-bin",3,7,horn,Greedy,8,8,2,18446744073709551615,0.040130095
"biodeg-bin",3,7,antihorn,Greedy,8,8,2,18446744073709551615,0.034642845
"biodeg-bin",3,7,square2cnf,Greedy,8,8,2,18446744073709551615,0.175329193
"biodeg-bin",3,7,affine,Greedy,8,8,2,18446744073709551615,0.07593365
"biodeg-bin",3,7,smart_certified,Greedy,8,8,2,18446744073709551615,0.160666346
"biodeg-bin",3,7,cals,SparseLookahead,16,8,2,18446744073709551615,28.06596249
"biodeg-bin",3,7,cals_compact_explain,SelectiveLookahead,16,4,2,18446744073709551615,8.273108845
"biodeg-bin",4,5,unary,Greedy,8,8,2,18446744073709551615,0.020685938
"biodeg-bin",4,5,horn,Greedy,8,8,2,18446744073709551615,0.023909561
"biodeg-bin",4,5,antihorn,Greedy,8,8,2,18446744073709551615,0.023068272
"biodeg-bin",4,5,square2cnf,Greedy,8,8,2,18446744073709551615,0.089650394
"biodeg-bin",4,5,affine,Greedy,8,8,2,18446744073709551615,0.051001183
"biodeg-bin",4,5,smart_certified,Greedy,8,8,2,18446744073709551615,0.168922025
"biodeg-bin",4,5,cals,SparseLookahead,16,8,2,18446744073709551615,17.84092234
"biodeg-bin",4,5,cals_compact_explain,SelectiveLookahead,16,4,2,18446744073709551615,4.97916502
"biodeg-bin",4,7,unary,Greedy,8,8,2,18446744073709551615,0.033451518
"biodeg-bin",4,7,horn,Greedy,8,8,2,18446744073709551615,0.035259348
"biodeg-bin",4,7,antihorn,Greedy,8,8,2,18446744073709551615,0.035557321
"biodeg-bin",4,7,square2cnf,Greedy,8,8,2,18446744073709551615,0.165859219
"biodeg-bin",4,7,affine,Greedy,8,8,2,18446744073709551615,0.082775705
"biodeg-bin",4,7,smart_certified,Greedy,8,8,2,18446744073709551615,0.272999099
"biodeg-bin",4,7,cals,SparseLookahead,16,8,2,18446744073709551615,27.750003076
"biodeg-bin",4,7,cals_compact_explain,SelectiveLookahead,16,4,2,18446744073709551615,8.511114448
"biodeg-bin",5,5,unary,Greedy,8,8,2,18446744073709551615,0.020287843
"biodeg-bin",5,5,horn,Greedy,8,8,2,18446744073709551615,0.02445863
"biodeg-bin",5,5,antihorn,Greedy,8,8,2,18446744073709551615,0.024323577
"biodeg-bin",5,5,square2cnf,Greedy,8,8,2,18446744073709551615,0.081920282
"biodeg-bin",5,5,affine,Greedy,8,8,2,18446744073709551615,0.050038708
"biodeg-bin",5,5,smart_certified,Greedy,8,8,2,18446744073709551615,0.151812979
"biodeg-bin",5,5,cals,SparseLookahead,16,8,2,18446744073709551615,18.768372136
"biodeg-bin",5,5,cals_compact_explain,SelectiveLookahead,16,4,2,18446744073709551615,5.640690716
"biodeg-bin",5,7,unary,Greedy,8,8,2,18446744073709551615,0.03176237
"biodeg-bin",5,7,horn,Greedy,8,8,2,18446744073709551615,0.034228677
"biodeg-bin",5,7,antihorn,Greedy,8,8,2,18446744073709551615,0.034548622
"biodeg-bin",5,7,square2cnf,Greedy,8,8,2,18446744073709551615,0.146815919
"biodeg-bin",5,7,affine,Greedy,8,8,2,18446744073709551615,0.094672765
"biodeg-bin",5,7,smart_certified,Greedy,8,8,2,18446744073709551615,0.273583459
"biodeg-bin",5,7,cals,SparseLookahead,16,8,2,18446744073709551615,28.013403365
"biodeg-bin",5,7,cals_compact_explain,SelectiveLookahead,16,4,2,18446744073709551615,7.826168698
"biodeg-bin",6,5,unary,Greedy,8,8,2,18446744073709551615,0.017704863
"biodeg-bin",6,5,horn,Greedy,8,8,2,18446744073709551615,0.02254509
"biodeg-bin",6,5,antihorn,Greedy,8,8,2,18446744073709551615,0.022026386
"biodeg-bin",6,5,square2cnf,Greedy,8,8,2,18446744073709551615,0.070716956
"biodeg-bin",6,5,affine,Greedy,8,8,2,18446744073709551615,0.044608608
"biodeg-bin",6,5,smart_certified,Greedy,8,8,2,18446744073709551615,0.132901534
"biodeg-bin",6,5,cals,SparseLookahead,16,8,2,18446744073709551615,15.318617464
"biodeg-bin",6,5,cals_compact_explain,SelectiveLookahead,16,4,2,18446744073709551615,5.013278852
"biodeg-bin",6,7,unary,Greedy,8,8,2,18446744073709551615,0.025400882
"biodeg-bin",6,7,horn,Greedy,8,8,2,18446744073709551615,0.034839818
"biodeg-bin",6,7,antihorn,Greedy,8,8,2,18446744073709551615,0.03124776
"biodeg-bin",6,7,square2cnf,Greedy,8,8,2,18446744073709551615,0.136997031
"biodeg-bin",6,7,affine,Greedy,8,8,2,18446744073709551615,0.083087101
"biodeg-bin",6,7,smart_certified,Greedy,8,8,2,18446744073709551615,0.223992863
"biodeg-bin",6,7,cals,SparseLookahead,16,8,2,18446744073709551615,22.124769025
"biodeg-bin",6,7,cals_compact_explain,SelectiveLookahead,16,4,2,18446744073709551615,7.911166631
"biodeg-bin",7,5,unary,Greedy,8,8,2,18446744073709551615,0.019393258
"biodeg-bin",7,5,horn,Greedy,8,8,2,18446744073709551615,0.023021537
"biodeg-bin",7,5,antihorn,Greedy,8,8,2,18446744073709551615,0.023368118
"biodeg-bin",7,5,square2cnf,Greedy,8,8,2,18446744073709551615,0.088230114
"biodeg-bin",7,5,affine,Greedy,8,8,2,18446744073709551615,0.049816912
"biodeg-bin",7,5,smart_certified,Greedy,8,8,2,18446744073709551615,0.132647561
"biodeg-bin",7,5,cals,SparseLookahead,16,8,2,18446744073709551615,16.63621976
"biodeg-bin",7,5,cals_compact_explain,SelectiveLookahead,16,4,2,18446744073709551615,4.62518774
"biodeg-bin",7,7,unary,Greedy,8,8,2,18446744073709551615,0.032211052
"biodeg-bin",7,7,horn,Greedy,8,8,2,18446744073709551615,0.035177044
"biodeg-bin",7,7,antihorn,Greedy,8,8,2,18446744073709551615,0.034039304
"biodeg-bin",7,7,square2cnf,Greedy,8,8,2,18446744073709551615,0.143360053
"biodeg-bin",7,7,affine,Greedy,8,8,2,18446744073709551615,0.107666092
"biodeg-bin",7,7,smart_certified,Greedy,8,8,2,18446744073709551615,0.227035932
"biodeg-bin",7,7,cals,SparseLookahead,16,8,2,18446744073709551615,27.763610547
"biodeg-bin",7,7,cals_compact_explain,SelectiveLookahead,16,4,2,18446744073709551615,7.829535304
"biodeg-bin",8,5,unary,Greedy,8,8,2,18446744073709551615,0.019097742
"biodeg-bin",8,5,horn,Greedy,8,8,2,18446744073709551615,0.024016494
"biodeg-bin",8,5,antihorn,Greedy,8,8,2,18446744073709551615,0.024060356
"biodeg-bin",8,5,square2cnf,Greedy,8,8,2,18446744073709551615,0.094927163
"biodeg-bin",8,5,affine,Greedy,8,8,2,18446744073709551615,0.047656443
"biodeg-bin",8,5,smart_certified,Greedy,8,8,2,18446744073709551615,0.122813111
"biodeg-bin",8,5,cals,SparseLookahead,16,8,2,18446744073709551615,17.801937537
"biodeg-bin",8,5,cals_compact_explain,SelectiveLookahead,16,4,2,18446744073709551615,5.807754736
"biodeg-bin",8,7,unary,Greedy,8,8,2,18446744073709551615,0.028822412
"biodeg-bin",8,7,horn,Greedy,8,8,2,18446744073709551615,0.039063291
"biodeg-bin",8,7,antihorn,Greedy,8,8,2,18446744073709551615,0.036005675
"biodeg-bin",8,7,square2cnf,Greedy,8,8,2,18446744073709551615,0.161176891
"biodeg-bin",8,7,affine,Greedy,8,8,2,18446744073709551615,0.080691197
"biodeg-bin",8,7,smart_certified,Greedy,8,8,2,18446744073709551615,0.172534859
"biodeg-bin",8,7,cals,SparseLookahead,16,8,2,18446744073709551615,25.361095987
"biodeg-bin",8,7,cals_compact_explain,SelectiveLookahead,16,4,2,18446744073709551615,7.642014601
"biodeg-bin",9,5,unary,Greedy,8,8,2,18446744073709551615,0.018780133
"biodeg-bin",9,5,horn,Greedy,8,8,2,18446744073709551615,0.0237426
"biodeg-bin",9,5,antihorn,Greedy,8,8,2,18446744073709551615,0.022133905
"biodeg-bin",9,5,square2cnf,Greedy,8,8,2,18446744073709551615,0.080873329
"biodeg-bin",9,5,affine,Greedy,8,8,2,18446744073709551615,0.038704061
"biodeg-bin",9,5,smart_certified,Greedy,8,8,2,18446744073709551615,0.106921249
"biodeg-bin",9,5,cals,SparseLookahead,16,8,2,18446744073709551615,15.968323583
"biodeg-bin",9,5,cals_compact_explain,SelectiveLookahead,16,4,2,18446744073709551615,4.589546577
"biodeg-bin",9,7,unary,Greedy,8,8,2,18446744073709551615,0.029680172
"biodeg-bin",9,7,horn,Greedy,8,8,2,18446744073709551615,0.037981944
"biodeg-bin",9,7,antihorn,Greedy,8,8,2,18446744073709551615,0.031520355
"biodeg-bin",9,7,square2cnf,Greedy,8,8,2,18446744073709551615,0.143865627
"biodeg-bin",9,7,affine,Greedy,8,8,2,18446744073709551615,0.079351362
"biodeg-bin",9,7,smart_certified,Greedy,8,8,2,18446744073709551615,0.18063168
"biodeg-bin",9,7,cals,SparseLookahead,16,8,2,18446744073709551615,26.424902358
"biodeg-bin",9,7,cals_compact_explain,SelectiveLookahead,16,4,2,18446744073709551615,7.680341558
"breast-cancer-un",0,5,unary,Greedy,8,8,2,18446744073709551615,0.007657441
"breast-cancer-un",0,5,horn,Greedy,8,8,2,18446744073709551615,0.003721659
"breast-cancer-un",0,5,antihorn,Greedy,8,8,2,18446744073709551615,0.004788307
"breast-cancer-un",0,5,square2cnf,Greedy,8,8,2,18446744073709551615,0.021558443
"breast-cancer-un",0,5,affine,Greedy,8,8,2,18446744073709551615,0.018152916
"breast-cancer-un",0,5,smart_certified,Greedy,8,8,2,18446744073709551615,0.043876305
"breast-cancer-un",0,5,cals,SparseLookahead,16,8,2,18446744073709551615,11.62555031
"breast-cancer-un",0,5,cals_compact_explain,SelectiveLookahead,16,4,2,18446744073709551615,1.991806602
"breast-cancer-un",0,7,unary,Greedy,8,8,2,18446744073709551615,0.003779031
"breast-cancer-un",0,7,horn,Greedy,8,8,2,18446744073709551615,0.0045885
"breast-cancer-un",0,7,antihorn,Greedy,8,8,2,18446744073709551615,0.00577877
"breast-cancer-un",0,7,square2cnf,Greedy,8,8,2,18446744073709551615,0.027033563
"breast-cancer-un",0,7,affine,Greedy,8,8,2,18446744073709551615,0.024340302
"breast-cancer-un",0,7,smart_certified,Greedy,8,8,2,18446744073709551615,0.049791103
"breast-cancer-un",0,7,cals,SparseLookahead,16,8,2,18446744073709551615,11.488367121
"breast-cancer-un",0,7,cals_compact_explain,SelectiveLookahead,16,4,2,18446744073709551615,1.982910749
"breast-cancer-un",1,5,unary,Greedy,8,8,2,18446744073709551615,0.003159667
"breast-cancer-un",1,5,horn,Greedy,8,8,2,18446744073709551615,0.004185946
"breast-cancer-un",1,5,antihorn,Greedy,8,8,2,18446744073709551615,0.005064813
"breast-cancer-un",1,5,square2cnf,Greedy,8,8,2,18446744073709551615,0.018723242
"breast-cancer-un",1,5,affine,Greedy,8,8,2,18446744073709551615,0.01455943
"breast-cancer-un",1,5,smart_certified,Greedy,8,8,2,18446744073709551615,0.012569023
"breast-cancer-un",1,5,cals,SparseLookahead,16,8,2,18446744073709551615,9.673186239
"breast-cancer-un",1,5,cals_compact_explain,SelectiveLookahead,16,4,2,18446744073709551615,2.5400503949999997
"breast-cancer-un",1,7,unary,Greedy,8,8,2,18446744073709551615,0.004055877
"breast-cancer-un",1,7,horn,Greedy,8,8,2,18446744073709551615,0.005257339
"breast-cancer-un",1,7,antihorn,Greedy,8,8,2,18446744073709551615,0.005358853
"breast-cancer-un",1,7,square2cnf,Greedy,8,8,2,18446744073709551615,0.022402782
"breast-cancer-un",1,7,affine,Greedy,8,8,2,18446744073709551615,0.020648385
"breast-cancer-un",1,7,smart_certified,Greedy,8,8,2,18446744073709551615,0.01416117
"breast-cancer-un",1,7,cals,SparseLookahead,16,8,2,18446744073709551615,9.624989477
"breast-cancer-un",1,7,cals_compact_explain,SelectiveLookahead,16,4,2,18446744073709551615,2.525023861
"breast-cancer-un",2,5,unary,Greedy,8,8,2,18446744073709551615,0.003390752
"breast-cancer-un",2,5,horn,Greedy,8,8,2,18446744073709551615,0.004254244
"breast-cancer-un",2,5,antihorn,Greedy,8,8,2,18446744073709551615,0.004481833
"breast-cancer-un",2,5,square2cnf,Greedy,8,8,2,18446744073709551615,0.020059476
"breast-cancer-un",2,5,affine,Greedy,8,8,2,18446744073709551615,0.01503342
"breast-cancer-un",2,5,smart_certified,Greedy,8,8,2,18446744073709551615,0.012484977
"breast-cancer-un",2,5,cals,SparseLookahead,16,8,2,18446744073709551615,8.572212775
"breast-cancer-un",2,5,cals_compact_explain,SelectiveLookahead,16,4,2,18446744073709551615,1.062417977
"breast-cancer-un",2,7,unary,Greedy,8,8,2,18446744073709551615,0.004390419
"breast-cancer-un",2,7,horn,Greedy,8,8,2,18446744073709551615,0.005317316
"breast-cancer-un",2,7,antihorn,Greedy,8,8,2,18446744073709551615,0.004803202
"breast-cancer-un",2,7,square2cnf,Greedy,8,8,2,18446744073709551615,0.025588993
"breast-cancer-un",2,7,affine,Greedy,8,8,2,18446744073709551615,0.020221243
"breast-cancer-un",2,7,smart_certified,Greedy,8,8,2,18446744073709551615,0.014324437
"breast-cancer-un",2,7,cals,SparseLookahead,16,8,2,18446744073709551615,8.591375773
"breast-cancer-un",2,7,cals_compact_explain,SelectiveLookahead,16,4,2,18446744073709551615,1.05489969
"breast-cancer-un",3,5,unary,Greedy,8,8,2,18446744073709551615,0.003511611
"breast-cancer-un",3,5,horn,Greedy,8,8,2,18446744073709551615,0.004016756
"breast-cancer-un",3,5,antihorn,Greedy,8,8,2,18446744073709551615,0.005209547
"breast-cancer-un",3,5,square2cnf,Greedy,8,8,2,18446744073709551615,0.018902562
"breast-cancer-un",3,5,affine,Greedy,8,8,2,18446744073709551615,0.016126693
"breast-cancer-un",3,5,smart_certified,Greedy,8,8,2,18446744073709551615,0.014130265
"breast-cancer-un",3,5,cals,SparseLookahead,16,8,2,18446744073709551615,10.492534085
"breast-cancer-un",3,5,cals_compact_explain,SelectiveLookahead,16,4,2,18446744073709551615,1.2865237
"breast-cancer-un",3,7,unary,Greedy,8,8,2,18446744073709551615,0.004521619
"breast-cancer-un",3,7,horn,Greedy,8,8,2,18446744073709551615,0.005740836
"breast-cancer-un",3,7,antihorn,Greedy,8,8,2,18446744073709551615,0.006269886
"breast-cancer-un",3,7,square2cnf,Greedy,8,8,2,18446744073709551615,0.024742092
"breast-cancer-un",3,7,affine,Greedy,8,8,2,18446744073709551615,0.020231246
"breast-cancer-un",3,7,smart_certified,Greedy,8,8,2,18446744073709551615,0.015882215
"breast-cancer-un",3,7,cals,SparseLookahead,16,8,2,18446744073709551615,10.538053579
"breast-cancer-un",3,7,cals_compact_explain,SelectiveLookahead,16,4,2,18446744073709551615,1.2334946549999999
"breast-cancer-un",4,5,unary,Greedy,8,8,2,18446744073709551615,0.003650617
"breast-cancer-un",4,5,horn,Greedy,8,8,2,18446744073709551615,0.004609534
"breast-cancer-un",4,5,antihorn,Greedy,8,8,2,18446744073709551615,0.005414259
"breast-cancer-un",4,5,square2cnf,Greedy,8,8,2,18446744073709551615,0.029452534
"breast-cancer-un",4,5,affine,Greedy,8,8,2,18446744073709551615,0.018246677
"breast-cancer-un",4,5,smart_certified,Greedy,8,8,2,18446744073709551615,0.012969441
"breast-cancer-un",4,5,cals,SparseLookahead,16,8,2,18446744073709551615,7.492381561
"breast-cancer-un",4,5,cals_compact_explain,SelectiveLookahead,16,4,2,18446744073709551615,1.816352645
"breast-cancer-un",4,7,unary,Greedy,8,8,2,18446744073709551615,0.004791774
"breast-cancer-un",4,7,horn,Greedy,8,8,2,18446744073709551615,0.005089574
"breast-cancer-un",4,7,antihorn,Greedy,8,8,2,18446744073709551615,0.005870073
"breast-cancer-un",4,7,square2cnf,Greedy,8,8,2,18446744073709551615,0.032240722
"breast-cancer-un",4,7,affine,Greedy,8,8,2,18446744073709551615,0.025756661
"breast-cancer-un",4,7,smart_certified,Greedy,8,8,2,18446744073709551615,0.015613332
"breast-cancer-un",4,7,cals,SparseLookahead,16,8,2,18446744073709551615,7.5814638930000005
"breast-cancer-un",4,7,cals_compact_explain,SelectiveLookahead,16,4,2,18446744073709551615,1.793620319
"breast-cancer-un",5,5,unary,Greedy,8,8,2,18446744073709551615,0.003489417
"breast-cancer-un",5,5,horn,Greedy,8,8,2,18446744073709551615,0.003724598
"breast-cancer-un",5,5,antihorn,Greedy,8,8,2,18446744073709551615,0.00567801
"breast-cancer-un",5,5,square2cnf,Greedy,8,8,2,18446744073709551615,0.025036851
"breast-cancer-un",5,5,affine,Greedy,8,8,2,18446744073709551615,0.016939483
"breast-cancer-un",5,5,smart_certified,Greedy,8,8,2,18446744073709551615,0.012001133
"breast-cancer-un",5,5,cals,SparseLookahead,16,8,2,18446744073709551615,7.703226667
"breast-cancer-un",5,5,cals_compact_explain,SelectiveLookahead,16,4,2,18446744073709551615,1.452809786
"breast-cancer-un",5,7,unary,Greedy,8,8,2,18446744073709551615,0.004576756
"breast-cancer-un",5,7,horn,Greedy,8,8,2,18446744073709551615,0.005304521
"breast-cancer-un",5,7,antihorn,Greedy,8,8,2,18446744073709551615,0.006075894
"breast-cancer-un",5,7,square2cnf,Greedy,8,8,2,18446744073709551615,0.028833184
"breast-cancer-un",5,7,affine,Greedy,8,8,2,18446744073709551615,0.028180244
"breast-cancer-un",5,7,smart_certified,Greedy,8,8,2,18446744073709551615,0.014262593
"breast-cancer-un",5,7,cals,SparseLookahead,16,8,2,18446744073709551615,9.944001801
"breast-cancer-un",5,7,cals_compact_explain,SelectiveLookahead,16,4,2,18446744073709551615,1.99546033
"breast-cancer-un",6,5,unary,Greedy,8,8,2,18446744073709551615,0.003578511
"breast-cancer-un",6,5,horn,Greedy,8,8,2,18446744073709551615,0.003925795
"breast-cancer-un",6,5,antihorn,Greedy,8,8,2,18446744073709551615,0.005715515
"breast-cancer-un",6,5,square2cnf,Greedy,8,8,2,18446744073709551615,0.027613429
"breast-cancer-un",6,5,affine,Greedy,8,8,2,18446744073709551615,0.015783189
"breast-cancer-un",6,5,smart_certified,Greedy,8,8,2,18446744073709551615,0.013193305
"breast-cancer-un",6,5,cals,SparseLookahead,16,8,2,18446744073709551615,9.913920303
"breast-cancer-un",6,5,cals_compact_explain,SelectiveLookahead,16,4,2,18446744073709551615,2.107860988
"breast-cancer-un",6,7,unary,Greedy,8,8,2,18446744073709551615,0.004735402
"breast-cancer-un",6,7,horn,Greedy,8,8,2,18446744073709551615,0.00520212
"breast-cancer-un",6,7,antihorn,Greedy,8,8,2,18446744073709551615,0.005972214
"breast-cancer-un",6,7,square2cnf,Greedy,8,8,2,18446744073709551615,0.026977623
"breast-cancer-un",6,7,affine,Greedy,8,8,2,18446744073709551615,0.020604061
"breast-cancer-un",6,7,smart_certified,Greedy,8,8,2,18446744073709551615,0.015091758
"breast-cancer-un",6,7,cals,SparseLookahead,16,8,2,18446744073709551615,9.978508953
"breast-cancer-un",6,7,cals_compact_explain,SelectiveLookahead,16,4,2,18446744073709551615,2.289746102
"breast-cancer-un",7,5,unary,Greedy,8,8,2,18446744073709551615,0.003483955
"breast-cancer-un",7,5,horn,Greedy,8,8,2,18446744073709551615,0.003788706
"breast-cancer-un",7,5,antihorn,Greedy,8,8,2,18446744073709551615,0.005119332
"breast-cancer-un",7,5,square2cnf,Greedy,8,8,2,18446744073709551615,0.020181061
"breast-cancer-un",7,5,affine,Greedy,8,8,2,18446744073709551615,0.015723108
"breast-cancer-un",7,5,smart_certified,Greedy,8,8,2,18446744073709551615,0.013087666
"breast-cancer-un",7,5,cals,SparseLookahead,16,8,2,18446744073709551615,11.557958198
"breast-cancer-un",7,5,cals_compact_explain,SelectiveLookahead,16,4,2,18446744073709551615,1.734208271
"breast-cancer-un",7,7,unary,Greedy,8,8,2,18446744073709551615,0.004705928
"breast-cancer-un",7,7,horn,Greedy,8,8,2,18446744073709551615,0.004994706
"breast-cancer-un",7,7,antihorn,Greedy,8,8,2,18446744073709551615,0.006224676
"breast-cancer-un",7,7,square2cnf,Greedy,8,8,2,18446744073709551615,0.023226502
"breast-cancer-un",7,7,affine,Greedy,8,8,2,18446744073709551615,0.018993328
"breast-cancer-un",7,7,smart_certified,Greedy,8,8,2,18446744073709551615,0.016420411
"breast-cancer-un",7,7,cals,SparseLookahead,16,8,2,18446744073709551615,13.751996902
"breast-cancer-un",7,7,cals_compact_explain,SelectiveLookahead,16,4,2,18446744073709551615,1.727443039
"breast-cancer-un",8,5,unary,Greedy,8,8,2,18446744073709551615,0.003324141
"breast-cancer-un",8,5,horn,Greedy,8,8,2,18446744073709551615,0.003677857
"breast-cancer-un",8,5,antihorn,Greedy,8,8,2,18446744073709551615,0.004908805
"breast-cancer-un",8,5,square2cnf,Greedy,8,8,2,18446744073709551615,0.020500946
"breast-cancer-un",8,5,affine,Greedy,8,8,2,18446744073709551615,0.01619961
"breast-cancer-un",8,5,smart_certified,Greedy,8,8,2,18446744073709551615,0.053824288
"breast-cancer-un",8,5,cals,SparseLookahead,16,8,2,18446744073709551615,7.5496690730000005
"breast-cancer-un",8,5,cals_compact_explain,SelectiveLookahead,16,4,2,18446744073709551615,2.024031561
"breast-cancer-un",8,7,unary,Greedy,8,8,2,18446744073709551615,0.003930924
"breast-cancer-un",8,7,horn,Greedy,8,8,2,18446744073709551615,0.004317478
"breast-cancer-un",8,7,antihorn,Greedy,8,8,2,18446744073709551615,0.005420001
"breast-cancer-un",8,7,square2cnf,Greedy,8,8,2,18446744073709551615,0.023221184
"breast-cancer-un",8,7,affine,Greedy,8,8,2,18446744073709551615,0.020293145
"breast-cancer-un",8,7,smart_certified,Greedy,8,8,2,18446744073709551615,0.062672361
"breast-cancer-un",8,7,cals,SparseLookahead,16,8,2,18446744073709551615,9.158750693
"breast-cancer-un",8,7,cals_compact_explain,SelectiveLookahead,16,4,2,18446744073709551615,2.393674896
"breast-cancer-un",9,5,unary,Greedy,8,8,2,18446744073709551615,0.003083216
"breast-cancer-un",9,5,horn,Greedy,8,8,2,18446744073709551615,0.003710524
"breast-cancer-un",9,5,antihorn,Greedy,8,8,2,18446744073709551615,0.004979716
"breast-cancer-un",9,5,square2cnf,Greedy,8,8,2,18446744073709551615,0.026531936
"breast-cancer-un",9,5,affine,Greedy,8,8,2,18446744073709551615,0.011049844
"breast-cancer-un",9,5,smart_certified,Greedy,8,8,2,18446744073709551615,0.046295957
"breast-cancer-un",9,5,cals,SparseLookahead,16,8,2,18446744073709551615,9.730140653
"breast-cancer-un",9,5,cals_compact_explain,SelectiveLookahead,16,4,2,18446744073709551615,1.614394321
"breast-cancer-un",9,7,unary,Greedy,8,8,2,18446744073709551615,0.004105121
"breast-cancer-un",9,7,horn,Greedy,8,8,2,18446744073709551615,0.005059571
"breast-cancer-un",9,7,antihorn,Greedy,8,8,2,18446744073709551615,0.00519062
"breast-cancer-un",9,7,square2cnf,Greedy,8,8,2,18446744073709551615,0.032055014
"breast-cancer-un",9,7,affine,Greedy,8,8,2,18446744073709551615,0.016617654
"breast-cancer-un",9,7,smart_certified,Greedy,8,8,2,18446744073709551615,0.057377958
"breast-cancer-un",9,7,cals,SparseLookahead,16,8,2,18446744073709551615,9.760728063
"breast-cancer-un",9,7,cals_compact_explain,SelectiveLookahead,16,4,2,18446744073709551615,1.6304090009999999
"breast-wisconsin",0,5,unary,Greedy,8,8,2,18446744073709551615,0.005557179
"breast-wisconsin",0,5,horn,Greedy,8,8,2,18446744073709551615,0.006414967
"breast-wisconsin",0,5,antihorn,Greedy,8,8,2,18446744073709551615,0.006130982
"breast-wisconsin",0,5,square2cnf,Greedy,8,8,2,18446744073709551615,0.025226776
"breast-wisconsin",0,5,affine,Greedy,8,8,2,18446744073709551615,0.014938301
"breast-wisconsin",0,5,smart_certified,Greedy,8,8,2,18446744073709551615,0.030037175
"breast-wisconsin",0,5,cals,SparseLookahead,16,8,2,18446744073709551615,7.433219505
"breast-wisconsin",0,5,cals_compact_explain,SelectiveLookahead,16,4,2,18446744073709551615,2.222165994
"breast-wisconsin",0,7,unary,Greedy,8,8,2,18446744073709551615,0.006241075
"breast-wisconsin",0,7,horn,Greedy,8,8,2,18446744073709551615,0.006712502
"breast-wisconsin",0,7,antihorn,Greedy,8,8,2,18446744073709551615,0.006837021
"breast-wisconsin",0,7,square2cnf,Greedy,8,8,2,18446744073709551615,0.033604088
"breast-wisconsin",0,7,affine,Greedy,8,8,2,18446744073709551615,0.017868046
"breast-wisconsin",0,7,smart_certified,Greedy,8,8,2,18446744073709551615,0.032508642
"breast-wisconsin",0,7,cals,SparseLookahead,16,8,2,18446744073709551615,7.473373569
"breast-wisconsin",0,7,cals_compact_explain,SelectiveLookahead,16,4,2,18446744073709551615,2.230198836
"breast-wisconsin",1,5,unary,Greedy,8,8,2,18446744073709551615,0.005362312
"breast-wisconsin",1,5,horn,Greedy,8,8,2,18446744073709551615,0.005740573
"breast-wisconsin",1,5,antihorn,Greedy,8,8,2,18446744073709551615,0.005827396
"breast-wisconsin",1,5,square2cnf,Greedy,8,8,2,18446744073709551615,0.022248936
"breast-wisconsin",1,5,affine,Greedy,8,8,2,18446744073709551615,0.013754219
"breast-wisconsin",1,5,smart_certified,Greedy,8,8,2,18446744073709551615,0.052889609
"breast-wisconsin",1,5,cals,SparseLookahead,16,8,2,18446744073709551615,1.05700235
"breast-wisconsin",1,5,cals_compact_explain,SelectiveLookahead,16,4,2,18446744073709551615,0.383680868
"breast-wisconsin",1,7,unary,Greedy,8,8,2,18446744073709551615,0.006280535
"breast-wisconsin",1,7,horn,Greedy,8,8,2,18446744073709551615,0.006372951
"breast-wisconsin",1,7,antihorn,Greedy,8,8,2,18446744073709551615,0.006227675
"breast-wisconsin",1,7,square2cnf,Greedy,8,8,2,18446744073709551615,0.026012853
"breast-wisconsin",1,7,affine,Greedy,8,8,2,18446744073709551615,0.017128357
"breast-wisconsin",1,7,smart_certified,Greedy,8,8,2,18446744073709551615,0.054957161
"breast-wisconsin",1,7,cals,SparseLookahead,16,8,2,18446744073709551615,1.059952244
"breast-wisconsin",1,7,cals_compact_explain,SelectiveLookahead,16,4,2,18446744073709551615,0.385454113
"breast-wisconsin",2,5,unary,Greedy,8,8,2,18446744073709551615,0.005323142
"breast-wisconsin",2,5,horn,Greedy,8,8,2,18446744073709551615,0.00609675
"breast-wisconsin",2,5,antihorn,Greedy,8,8,2,18446744073709551615,0.006138757
"breast-wisconsin",2,5,square2cnf,Greedy,8,8,2,18446744073709551615,0.025550325
"breast-wisconsin",2,5,affine,Greedy,8,8,2,18446744073709551615,0.012562251
"breast-wisconsin",2,5,smart_certified,Greedy,8,8,2,18446744073709551615,0.052052587
"breast-wisconsin",2,5,cals,SparseLookahead,16,8,2,18446744073709551615,7.9751521279999995
"breast-wisconsin",2,5,cals_compact_explain,SelectiveLookahead,16,4,2,18446744073709551615,1.9064706949999999
"breast-wisconsin",2,7,unary,Greedy,8,8,2,18446744073709551615,0.006570912
"breast-wisconsin",2,7,horn,Greedy,8,8,2,18446744073709551615,0.006990949
"breast-wisconsin",2,7,antihorn,Greedy,8,8,2,18446744073709551615,0.007227628
"breast-wisconsin",2,7,square2cnf,Greedy,8,8,2,18446744073709551615,0.030603857
"breast-wisconsin",2,7,affine,Greedy,8,8,2,18446744073709551615,0.018241388
"breast-wisconsin",2,7,smart_certified,Greedy,8,8,2,18446744073709551615,0.066934224
"breast-wisconsin",2,7,cals,SparseLookahead,16,8,2,18446744073709551615,8.009523488
"breast-wisconsin",2,7,cals_compact_explain,SelectiveLookahead,16,4,2,18446744073709551615,1.907587989
"breast-wisconsin",3,5,unary,Greedy,8,8,2,18446744073709551615,0.005247011
"breast-wisconsin",3,5,horn,Greedy,8,8,2,18446744073709551615,0.005647008
"breast-wisconsin",3,5,antihorn,Greedy,8,8,2,18446744073709551615,0.005803504
"breast-wisconsin",3,5,square2cnf,Greedy,8,8,2,18446744073709551615,0.024569727
"breast-wisconsin",3,5,affine,Greedy,8,8,2,18446744073709551615,0.015448229
"breast-wisconsin",3,5,smart_certified,Greedy,8,8,2,18446744073709551615,0.052544411
"breast-wisconsin",3,5,cals,SparseLookahead,16,8,2,18446744073709551615,7.695089383
"breast-wisconsin",3,5,cals_compact_explain,SelectiveLookahead,16,4,2,18446744073709551615,1.8973585819999998
"breast-wisconsin",3,7,unary,Greedy,8,8,2,18446744073709551615,0.006158278
"breast-wisconsin",3,7,horn,Greedy,8,8,2,18446744073709551615,0.006848021
"breast-wisconsin",3,7,antihorn,Greedy,8,8,2,18446744073709551615,0.006920262
"breast-wisconsin",3,7,square2cnf,Greedy,8,8,2,18446744073709551615,0.030457123
"breast-wisconsin",3,7,affine,Greedy,8,8,2,18446744073709551615,0.019631954
"breast-wisconsin",3,7,smart_certified,Greedy,8,8,2,18446744073709551615,0.060574581
"breast-wisconsin",3,7,cals,SparseLookahead,16,8,2,18446744073709551615,9.344328428
"breast-wisconsin",3,7,cals_compact_explain,SelectiveLookahead,16,4,2,18446744073709551615,2.425123149
"breast-wisconsin",4,5,unary,Greedy,8,8,2,18446744073709551615,0.004942016
"breast-wisconsin",4,5,horn,Greedy,8,8,2,18446744073709551615,0.006044465
"breast-wisconsin",4,5,antihorn,Greedy,8,8,2,18446744073709551615,0.005973849
"breast-wisconsin",4,5,square2cnf,Greedy,8,8,2,18446744073709551615,0.024036722
"breast-wisconsin",4,5,affine,Greedy,8,8,2,18446744073709551615,0.01543106
"breast-wisconsin",4,5,smart_certified,Greedy,8,8,2,18446744073709551615,0.049710063
"breast-wisconsin",4,5,cals,SparseLookahead,16,8,2,18446744073709551615,10.045193486
"breast-wisconsin",4,5,cals_compact_explain,SelectiveLookahead,16,4,2,18446744073709551615,2.757336752
"breast-wisconsin",4,7,unary,Greedy,8,8,2,18446744073709551615,0.006422271
"breast-wisconsin",4,7,horn,Greedy,8,8,2,18446744073709551615,0.00685185
"breast-wisconsin",4,7,antihorn,Greedy,8,8,2,18446744073709551615,0.006897351
"breast-wisconsin",4,7,square2cnf,Greedy,8,8,2,18446744073709551615,0.029312905
"breast-wisconsin",4,7,affine,Greedy,8,8,2,18446744073709551615,0.019155157
"breast-wisconsin",4,7,smart_certified,Greedy,8,8,2,18446744073709551615,0.053321202
"breast-wisconsin",4,7,cals,SparseLookahead,16,8,2,18446744073709551615,10.864747457
"breast-wisconsin",4,7,cals_compact_explain,SelectiveLookahead,16,4,2,18446744073709551615,2.97363005
"breast-wisconsin",5,5,unary,Greedy,8,8,2,18446744073709551615,0.004745899
"breast-wisconsin",5,5,horn,Greedy,8,8,2,18446744073709551615,0.00523596
"breast-wisconsin",5,5,antihorn,Greedy,8,8,2,18446744073709551615,0.005324091
"breast-wisconsin",5,5,square2cnf,Greedy,8,8,2,18446744073709551615,0.019010399
"breast-wisconsin",5,5,affine,Greedy,8,8,2,18446744073709551615,0.011823682
"breast-wisconsin",5,5,smart_certified,Greedy,8,8,2,18446744073709551615,0.044981723
"breast-wisconsin",5,5,cals,SparseLookahead,16,8,2,18446744073709551615,6.31338796
"breast-wisconsin",5,5,cals_compact_explain,SelectiveLookahead,16,4,2,18446744073709551615,2.003049747
"breast-wisconsin",5,7,unary,Greedy,8,8,2,18446744073709551615,0.005689599
"breast-wisconsin",5,7,horn,Greedy,8,8,2,18446744073709551615,0.005573956
"breast-wisconsin",5,7,antihorn,Greedy,8,8,2,18446744073709551615,0.005726946
"breast-wisconsin",5,7,square2cnf,Greedy,8,8,2,18446744073709551615,0.020559469
"breast-wisconsin",5,7,affine,Greedy,8,8,2,18446744073709551615,0.016422029
"breast-wisconsin",5,7,smart_certified,Greedy,8,8,2,18446744073709551615,0.053018709
"breast-wisconsin",5,7,cals,SparseLookahead,16,8,2,18446744073709551615,7.761701785
"breast-wisconsin",5,7,cals_compact_explain,SelectiveLookahead,16,4,2,18446744073709551615,2.180539044
"breast-wisconsin",6,5,unary,Greedy,8,8,2,18446744073709551615,0.00529565
"breast-wisconsin",6,5,horn,Greedy,8,8,2,18446744073709551615,0.006064772
"breast-wisconsin",6,5,antihorn,Greedy,8,8,2,18446744073709551615,0.006127993
"breast-wisconsin",6,5,square2cnf,Greedy,8,8,2,18446744073709551615,0.025643492
"breast-wisconsin",6,5,affine,Greedy,8,8,2,18446744073709551615,0.013577915
"breast-wisconsin",6,5,smart_certified,Greedy,8,8,2,18446744073709551615,0.041582353
"breast-wisconsin",6,5,cals,SparseLookahead,16,8,2,18446744073709551615,7.6915069240000005
"breast-wisconsin",6,5,cals_compact_explain,SelectiveLookahead,16,4,2,18446744073709551615,1.764802634
"breast-wisconsin",6,7,unary,Greedy,8,8,2,18446744073709551615,0.006854584
"breast-wisconsin",6,7,horn,Greedy,8,8,2,18446744073709551615,0.006547324
"breast-wisconsin",6,7,antihorn,Greedy,8,8,2,18446744073709551615,0.006637741
"breast-wisconsin",6,7,square2cnf,Greedy,8,8,2,18446744073709551615,0.028917301
"breast-wisconsin",6,7,affine,Greedy,8,8,2,18446744073709551615,0.017825065
"breast-wisconsin",6,7,smart_certified,Greedy,8,8,2,18446744073709551615,0.042126847
"breast-wisconsin",6,7,cals,SparseLookahead,16,8,2,18446744073709551615,7.626284045
"breast-wisconsin",6,7,cals_compact_explain,SelectiveLookahead,16,4,2,18446744073709551615,1.8227483279999999
"breast-wisconsin",7,5,unary,Greedy,8,8,2,18446744073709551615,0.004727707
"breast-wisconsin",7,5,horn,Greedy,8,8,2,18446744073709551615,0.006155252
"breast-wisconsin",7,5,antihorn,Greedy,8,8,2,18446744073709551615,0.006361692
"breast-wisconsin",7,5,square2cnf,Greedy,8,8,2,18446744073709551615,0.025881063
"breast-wisconsin",7,5,affine,Greedy,8,8,2,18446744073709551615,0.013786353
"breast-wisconsin",7,5,smart_certified,Greedy,8,8,2,18446744073709551615,0.04404145
"breast-wisconsin",7,5,cals,SparseLookahead,16,8,2,18446744073709551615,8.917129407000001
"breast-wisconsin",7,5,cals_compact_explain,SelectiveLookahead,16,4,2,18446744073709551615,1.59726497
"breast-wisconsin",7,7,unary,Greedy,8,8,2,18446744073709551615,0.005926492
"breast-wisconsin",7,7,horn,Greedy,8,8,2,18446744073709551615,0.006735519
"breast-wisconsin",7,7,antihorn,Greedy,8,8,2,18446744073709551615,0.006863493
"breast-wisconsin",7,7,square2cnf,Greedy,8,8,2,18446744073709551615,0.029262303
"breast-wisconsin",7,7,affine,Greedy,8,8,2,18446744073709551615,0.017630974
"breast-wisconsin",7,7,smart_certified,Greedy,8,8,2,18446744073709551615,0.046594813
"breast-wisconsin",7,7,cals,SparseLookahead,16,8,2,18446744073709551615,8.795827289
"breast-wisconsin",7,7,cals_compact_explain,SelectiveLookahead,16,4,2,18446744073709551615,1.597590686
"breast-wisconsin",8,5,unary,Greedy,8,8,2,18446744073709551615,0.005661999
"breast-wisconsin",8,5,horn,Greedy,8,8,2,18446744073709551615,0.00597754
"breast-wisconsin",8,5,antihorn,Greedy,8,8,2,18446744073709551615,0.006164778
"breast-wisconsin",8,5,square2cnf,Greedy,8,8,2,18446744073709551615,0.024178864
"breast-wisconsin",8,5,affine,Greedy,8,8,2,18446744073709551615,0.014005432
"breast-wisconsin",8,5,smart_certified,Greedy,8,8,2,18446744073709551615,0.048267481
"breast-wisconsin",8,5,cals,SparseLookahead,16,8,2,18446744073709551615,9.831457022
"breast-wisconsin",8,5,cals_compact_explain,SelectiveLookahead,16,4,2,18446744073709551615,1.97071935
"breast-wisconsin",8,7,unary,Greedy,8,8,2,18446744073709551615,0.006549124
"breast-wisconsin",8,7,horn,Greedy,8,8,2,18446744073709551615,0.006815051
"breast-wisconsin",8,7,antihorn,Greedy,8,8,2,18446744073709551615,0.00707449
"breast-wisconsin",8,7,square2cnf,Greedy,8,8,2,18446744073709551615,0.029730571
"breast-wisconsin",8,7,affine,Greedy,8,8,2,18446744073709551615,0.020142162
"breast-wisconsin",8,7,smart_certified,Greedy,8,8,2,18446744073709551615,0.055423009
"breast-wisconsin",8,7,cals,SparseLookahead,16,8,2,18446744073709551615,9.821154922
"breast-wisconsin",8,7,cals_compact_explain,SelectiveLookahead,16,4,2,18446744073709551615,1.961726123
"breast-wisconsin",9,5,unary,Greedy,8,8,2,18446744073709551615,0.005381701
"breast-wisconsin",9,5,horn,Greedy,8,8,2,18446744073709551615,0.005831157
"breast-wisconsin",9,5,antihorn,Greedy,8,8,2,18446744073709551615,0.005555165
"breast-wisconsin",9,5,square2cnf,Greedy,8,8,2,18446744073709551615,0.021310491
"breast-wisconsin",9,5,affine,Greedy,8,8,2,18446744073709551615,0.01396458
"breast-wisconsin",9,5,smart_certified,Greedy,8,8,2,18446744073709551615,0.033353735
"breast-wisconsin",9,5,cals,SparseLookahead,16,8,2,18446744073709551615,1.490147787
"breast-wisconsin",9,5,cals_compact_explain,SelectiveLookahead,16,4,2,18446744073709551615,0.194517071
"breast-wisconsin",9,7,unary,Greedy,8,8,2,18446744073709551615,0.005808967
"breast-wisconsin",9,7,horn,Greedy,8,8,2,18446744073709551615,0.006218422
"breast-wisconsin",9,7,antihorn,Greedy,8,8,2,18446744073709551615,0.006102524
"breast-wisconsin",9,7,square2cnf,Greedy,8,8,2,18446744073709551615,0.025248988
"breast-wisconsin",9,7,affine,Greedy,8,8,2,18446744073709551615,0.016947121
"breast-wisconsin",9,7,smart_certified,Greedy,8,8,2,18446744073709551615,0.034703979
"breast-wisconsin",9,7,cals,SparseLookahead,16,8,2,18446744073709551615,1.486721856
"breast-wisconsin",9,7,cals_compact_explain,SelectiveLookahead,16,4,2,18446744073709551615,0.195073721
"car-un",0,5,unary,Greedy,8,8,2,18446744073709551615,0.001235388
"car-un",0,5,horn,Greedy,8,8,2,18446744073709551615,0.003331448
"car-un",0,5,antihorn,Greedy,8,8,2,18446744073709551615,0.004606428
"car-un",0,5,square2cnf,Greedy,8,8,2,18446744073709551615,0.061110616
"car-un",0,5,affine,Greedy,8,8,2,18446744073709551615,0.016155141
"car-un",0,5,smart_certified,Greedy,8,8,2,18446744073709551615,0.013434769
"car-un",0,5,cals,SparseLookahead,16,8,2,18446744073709551615,1.453065813
"car-un",0,5,cals_compact_explain,SelectiveLookahead,16,4,2,18446744073709551615,0.746846651
"car-un",0,7,unary,Greedy,8,8,2,18446744073709551615,0.00195901
"car-un",0,7,horn,Greedy,8,8,2,18446744073709551615,0.005061593
"car-un",0,7,antihorn,Greedy,8,8,2,18446744073709551615,0.007414082
"car-un",0,7,square2cnf,Greedy,8,8,2,18446744073709551615,0.107206331
"car-un",0,7,affine,Greedy,8,8,2,18446744073709551615,0.027796879
"car-un",0,7,smart_certified,Greedy,8,8,2,18446744073709551615,0.016460297
"car-un",0,7,cals,SparseLookahead,16,8,2,18446744073709551615,1.487733685
"car-un",0,7,cals_compact_explain,SelectiveLookahead,16,4,2,18446744073709551615,0.766779315
"car-un",1,5,unary,Greedy,8,8,2,18446744073709551615,0.001219345
"car-un",1,5,horn,Greedy,8,8,2,18446744073709551615,0.003092422
"car-un",1,5,antihorn,Greedy,8,8,2,18446744073709551615,0.004284747
"car-un",1,5,square2cnf,Greedy,8,8,2,18446744073709551615,0.058752576
"car-un",1,5,affine,Greedy,8,8,2,18446744073709551615,0.015131474
"car-un",1,5,smart_certified,Greedy,8,8,2,18446744073709551615,0.013204727
"car-un",1,5,cals,SparseLookahead,16,8,2,18446744073709551615,1.577477648
"car-un",1,5,cals_compact_explain,SelectiveLookahead,16,4,2,18446744073709551615,0.143722807
"car-un",1,7,unary,Greedy,8,8,2,18446744073709551615,0.001950067
"car-un",1,7,horn,Greedy,8,8,2,18446744073709551615,0.004670303
"car-un",1,7,antihorn,Greedy,8,8,2,18446744073709551615,0.005938422
"car-un",1,7,square2cnf,Greedy,8,8,2,18446744073709551615,0.116734682
"car-un",1,7,affine,Greedy,8,8,2,18446744073709551615,0.029951466
"car-un",1,7,smart_certified,Greedy,8,8,2,18446744073709551615,0.016020071
"car-un",1,7,cals,SparseLookahead,16,8,2,18446744073709551615,1.622096096
"car-un",1,7,cals_compact_explain,SelectiveLookahead,16,4,2,18446744073709551615,0.148789299
"car-un",2,5,unary,Greedy,8,8,2,18446744073709551615,0.001309333
"car-un",2,5,horn,Greedy,8,8,2,18446744073709551615,0.003274767
"car-un",2,5,antihorn,Greedy,8,8,2,18446744073709551615,0.004954442
"car-un",2,5,square2cnf,Greedy,8,8,2,18446744073709551615,0.064397717
"car-un",2,5,affine,Greedy,8,8,2,18446744073709551615,0.015161527
"car-un",2,5,smart_certified,Greedy,8,8,2,18446744073709551615,0.013130889
"car-un",2,5,cals,SparseLookahead,16,8,2,18446744073709551615,1.828252055
"car-un",2,5,cals_compact_explain,SelectiveLookahead,16,4,2,18446744073709551615,0.790566321
"car-un",2,7,unary,Greedy,8,8,2,18446744073709551615,0.002104013
"car-un",2,7,horn,Greedy,8,8,2,18446744073709551615,0.004956804
"car-un",2,7,antihorn,Greedy,8,8,2,18446744073709551615,0.007932638
"car-un",2,7,square2cnf,Greedy,8,8,2,18446744073709551615,0.112910417
"car-un",2,7,affine,Greedy,8,8,2,18446744073709551615,0.029308156
"car-un",2,7,smart_certified,Greedy,8,8,2,18446744073709551615,0.017317519
"car-un",2,7,cals,SparseLookahead,16,8,2,18446744073709551615,1.856851946
"car-un",2,7,cals_compact_explain,SelectiveLookahead,16,4,2,18446744073709551615,0.804965472
"car-un",3,5,unary,Greedy,8,8,2,18446744073709551615,0.001259126
"car-un",3,5,horn,Greedy,8,8,2,18446744073709551615,0.003113463
"car-un",3,5,antihorn,Greedy,8,8,2,18446744073709551615,0.004233355
"car-un",3,5,square2cnf,Greedy,8,8,2,18446744073709551615,0.048663416
"car-un",3,5,affine,Greedy,8,8,2,18446744073709551615,0.016978377
"car-un",3,5,smart_certified,Greedy,8,8,2,18446744073709551615,0.013680817
"car-un",3,5,cals,SparseLookahead,16,8,2,18446744073709551615,1.844268901
"car-un",3,5,cals_compact_explain,SelectiveLookahead,16,4,2,18446744073709551615,0.178962559
"car-un",3,7,unary,Greedy,8,8,2,18446744073709551615,0.001951783
"car-un",3,7,horn,Greedy,8,8,2,18446744073709551615,0.005404516
"car-un",3,7,antihorn,Greedy,8,8,2,18446744073709551615,0.00614903
"car-un",3,7,square2cnf,Greedy,8,8,2,18446744073709551615,0.085182502
"car-un",3,7,affine,Greedy,8,8,2,18446744073709551615,0.029897144
"car-un",3,7,smart_certified,Greedy,8,8,2,18446744073709551615,0.015461862
"car-un",3,7,cals,SparseLookahead,16,8,2,18446744073709551615,1.877383399
"car-un",3,7,cals_compact_explain,SelectiveLookahead,16,4,2,18446744073709551615,0.191151692
"car-un",4,5,unary,Greedy,8,8,2,18446744073709551615,0.001243498
"car-un",4,5,horn,Greedy,8,8,2,18446744073709551615,0.002921802
"car-un",4,5,antihorn,Greedy,8,8,2,18446744073709551615,0.00376448
"car-un",4,5,square2cnf,Greedy,8,8,2,18446744073709551615,0.044159033
"car-un",4,5,affine,Greedy,8,8,2,18446744073709551615,0.015701857
"car-un",4,5,smart_certified,Greedy,8,8,2,18446744073709551615,0.013117464
"car-un",4,5,cals,SparseLookahead,16,8,2,18446744073709551615,1.864250272
"car-un",4,5,cals_compact_explain,SelectiveLookahead,16,4,2,18446744073709551615,1.41172381
"car-un",4,7,unary,Greedy,8,8,2,18446744073709551615,0.001930353
"car-un",4,7,horn,Greedy,8,8,2,18446744073709551615,0.004759157
"car-un",4,7,antihorn,Greedy,8,8,2,18446744073709551615,0.006118653
"car-un",4,7,square2cnf,Greedy,8,8,2,18446744073709551615,0.088985275
"car-un",4,7,affine,Greedy,8,8,2,18446744073709551615,0.029330403
"car-un",4,7,smart_certified,Greedy,8,8,2,18446744073709551615,0.015257089
"car-un",4,7,cals,SparseLookahead,16,8,2,18446744073709551615,1.9313062410000001
"car-un",4,7,cals_compact_explain,SelectiveLookahead,16,4,2,18446744073709551615,1.441161779
"car-un",5,5,unary,Greedy,8,8,2,18446744073709551615,0.001236786
"car-un",5,5,horn,Greedy,8,8,2,18446744073709551615,0.004381351
"car-un",5,5,antihorn,Greedy,8,8,2,18446744073709551615,0.004066164
"car-un",5,5,square2cnf,Greedy,8,8,2,18446744073709551615,0.049060708
"car-un",5,5,affine,Greedy,8,8,2,18446744073709551615,0.016306358
"car-un",5,5,smart_certified,Greedy,8,8,2,18446744073709551615,0.01308427
"car-un",5,5,cals,SparseLookahead,16,8,2,18446744073709551615,2.113078118
"car-un",5,5,cals_compact_explain,SelectiveLookahead,16,4,2,18446744073709551615,0.224289873
"car-un",5,7,unary,Greedy,8,8,2,18446744073709551615,0.001927477
"car-un",5,7,horn,Greedy,8,8,2,18446744073709551615,0.004878296
"car-un",5,7,antihorn,Greedy,8,8,2,18446744073709551615,0.006279869
"car-un",5,7,square2cnf,Greedy,8,8,2,18446744073709551615,0.086408328
"car-un",5,7,affine,Greedy,8,8,2,18446744073709551615,0.02867778
"car-un",5,7,smart_certified,Greedy,8,8,2,18446744073709551615,0.01665082
"car-un",5,7,cals,SparseLookahead,16,8,2,18446744073709551615,2.158816995
"car-un",5,7,cals_compact_explain,SelectiveLookahead,16,4,2,18446744073709551615,0.237490202
"car-un",6,5,unary,Greedy,8,8,2,18446744073709551615,0.00126635
"car-un",6,5,horn,Greedy,8,8,2,18446744073709551615,0.002718602
"car-un",6,5,antihorn,Greedy,8,8,2,18446744073709551615,0.004359577
"car-un",6,5,square2cnf,Greedy,8,8,2,18446744073709551615,0.038664418
"car-un",6,5,affine,Greedy,8,8,2,18446744073709551615,0.015847552
"car-un",6,5,smart_certified,Greedy,8,8,2,18446744073709551615,0.013646096
"car-un",6,5,cals,SparseLookahead,16,8,2,18446744073709551615,1.5463441580000001
"car-un",6,5,cals_compact_explain,SelectiveLookahead,16,4,2,18446744073709551615,0.180815538
"car-un",6,7,unary,Greedy,8,8,2,18446744073709551615,0.002088242
"car-un",6,7,horn,Greedy,8,8,2,18446744073709551615,0.004925509
"car-un",6,7,antihorn,Greedy,8,8,2,18446744073709551615,0.007507476
"car-un",6,7,square2cnf,Greedy,8,8,2,18446744073709551615,0.072454399
"car-un",6,7,affine,Greedy,8,8,2,18446744073709551615,0.031275153
"car-un",6,7,smart_certified,Greedy,8,8,2,18446744073709551615,0.016598081
"car-un",6,7,cals,SparseLookahead,16,8,2,18446744073709551615,1.579066717
"car-un",6,7,cals_compact_explain,SelectiveLookahead,16,4,2,18446744073709551615,0.188484463
"car-un",7,5,unary,Greedy,8,8,2,18446744073709551615,0.001243249
"car-un",7,5,horn,Greedy,8,8,2,18446744073709551615,0.004464933
"car-un",7,5,antihorn,Greedy,8,8,2,18446744073709551615,0.004351902
"car-un",7,5,square2cnf,Greedy,8,8,2,18446744073709551615,0.048279565
"car-un",7,5,affine,Greedy,8,8,2,18446744073709551615,0.016000168
"car-un",7,5,smart_certified,Greedy,8,8,2,18446744073709551615,0.014290138
"car-un",7,5,cals,SparseLookahead,16,8,2,18446744073709551615,1.420449028
"car-un",7,5,cals_compact_explain,SelectiveLookahead,16,4,2,18446744073709551615,0.169359193
"car-un",7,7,unary,Greedy,8,8,2,18446744073709551615,0.002070608
"car-un",7,7,horn,Greedy,8,8,2,18446744073709551615,0.005959748
"car-un",7,7,antihorn,Greedy,8,8,2,18446744073709551615,0.006645018
"car-un",7,7,square2cnf,Greedy,8,8,2,18446744073709551615,0.08728405
"car-un",7,7,affine,Greedy,8,8,2,18446744073709551615,0.031105127
"car-un",7,7,smart_certified,Greedy,8,8,2,18446744073709551615,0.016679087
"car-un",7,7,cals,SparseLookahead,16,8,2,18446744073709551615,1.458925184
"car-un",7,7,cals_compact_explain,SelectiveLookahead,16,4,2,18446744073709551615,0.18241941
"car-un",8,5,unary,Greedy,8,8,2,18446744073709551615,0.001279577
"car-un",8,5,horn,Greedy,8,8,2,18446744073709551615,0.002685271
"car-un",8,5,antihorn,Greedy,8,8,2,18446744073709551615,0.004106002
"car-un",8,5,square2cnf,Greedy,8,8,2,18446744073709551615,0.043290783
"car-un",8,5,affine,Greedy,8,8,2,18446744073709551615,0.016231038
"car-un",8,5,smart_certified,Greedy,8,8,2,18446744073709551615,0.012990431
"car-un",8,5,cals,SparseLookahead,16,8,2,18446744073709551615,1.7454963860000001
"car-un",8,5,cals_compact_explain,SelectiveLookahead,16,4,2,18446744073709551615,0.200793024
"car-un",8,7,unary,Greedy,8,8,2,18446744073709551615,0.001979469
"car-un",8,7,horn,Greedy,8,8,2,18446744073709551615,0.005320915
"car-un",8,7,antihorn,Greedy,8,8,2,18446744073709551615,0.006619785
"car-un",8,7,square2cnf,Greedy,8,8,2,18446744073709551615,0.075893687
"car-un",8,7,affine,Greedy,8,8,2,18446744073709551615,0.029865779
"car-un",8,7,smart_certified,Greedy,8,8,2,18446744073709551615,0.015651923
"car-un",8,7,cals,SparseLookahead,16,8,2,18446744073709551615,1.7626794609999998
"car-un",8,7,cals_compact_explain,SelectiveLookahead,16,4,2,18446744073709551615,0.205996765
"car-un",9,5,unary,Greedy,8,8,2,18446744073709551615,0.00123903
"car-un",9,5,horn,Greedy,8,8,2,18446744073709551615,0.002904204
"car-un",9,5,antihorn,Greedy,8,8,2,18446744073709551615,0.00452474
"car-un",9,5,square2cnf,Greedy,8,8,2,18446744073709551615,0.049710037
"car-un",9,5,affine,Greedy,8,8,2,18446744073709551615,0.019108735
"car-un",9,5,smart_certified,Greedy,8,8,2,18446744073709551615,0.013796405
"car-un",9,5,cals,SparseLookahead,16,8,2,18446744073709551615,2.023187361
"car-un",9,5,cals_compact_explain,SelectiveLookahead,16,4,2,18446744073709551615,3.155877518
"car-un",9,7,unary,Greedy,8,8,2,18446744073709551615,0.001812392
"car-un",9,7,horn,Greedy,8,8,2,18446744073709551615,0.004540226
"car-un",9,7,antihorn,Greedy,8,8,2,18446744073709551615,0.005692697
"car-un",9,7,square2cnf,Greedy,8,8,2,18446744073709551615,0.07723688
"car-un",9,7,affine,Greedy,8,8,2,18446744073709551615,0.028337886
"car-un",9,7,smart_certified,Greedy,8,8,2,18446744073709551615,0.015569962
"car-un",9,7,cals,SparseLookahead,16,8,2,18446744073709551615,2.022026282
"car-un",9,7,cals_compact_explain,SelectiveLookahead,16,4,2,18446744073709551615,1.250881076
"car_evaluation-bin",0,5,unary,Greedy,8,8,2,18446744073709551615,0.000923915
"car_evaluation-bin",0,5,horn,Greedy,8,8,2,18446744073709551615,0.003686011
"car_evaluation-bin",0,5,antihorn,Greedy,8,8,2,18446744073709551615,0.00329393
"car_evaluation-bin",0,5,square2cnf,Greedy,8,8,2,18446744073709551615,0.033183994
"car_evaluation-bin",0,5,affine,Greedy,8,8,2,18446744073709551615,0.013681441
"car_evaluation-bin",0,5,smart_certified,Greedy,8,8,2,18446744073709551615,0.012874844
"car_evaluation-bin",0,5,cals,SparseLookahead,16,8,2,18446744073709551615,1.147009273
"car_evaluation-bin",0,5,cals_compact_explain,SelectiveLookahead,16,4,2,18446744073709551615,0.118156973
"car_evaluation-bin",0,7,unary,Greedy,8,8,2,18446744073709551615,0.00125493
"car_evaluation-bin",0,7,horn,Greedy,8,8,2,18446744073709551615,0.005553401
"car_evaluation-bin",0,7,antihorn,Greedy,8,8,2,18446744073709551615,0.004900477
"car_evaluation-bin",0,7,square2cnf,Greedy,8,8,2,18446744073709551615,0.07327132
"car_evaluation-bin",0,7,affine,Greedy,8,8,2,18446744073709551615,0.02076763
"car_evaluation-bin",0,7,smart_certified,Greedy,8,8,2,18446744073709551615,0.01532152
"car_evaluation-bin",0,7,cals,SparseLookahead,16,8,2,18446744073709551615,1.154855067
"car_evaluation-bin",0,7,cals_compact_explain,SelectiveLookahead,16,4,2,18446744073709551615,0.12062959
"car_evaluation-bin",1,5,unary,Greedy,8,8,2,18446744073709551615,0.000903951
"car_evaluation-bin",1,5,horn,Greedy,8,8,2,18446744073709551615,0.003845652
"car_evaluation-bin",1,5,antihorn,Greedy,8,8,2,18446744073709551615,0.003626331
"car_evaluation-bin",1,5,square2cnf,Greedy,8,8,2,18446744073709551615,0.044357012
"car_evaluation-bin",1,5,affine,Greedy,8,8,2,18446744073709551615,0.013186282
"car_evaluation-bin",1,5,smart_certified,Greedy,8,8,2,18446744073709551615,0.012563527
"car_evaluation-bin",1,5,cals,SparseLookahead,16,8,2,18446744073709551615,0.866252802
"car_evaluation-bin",1,5,cals_compact_explain,SelectiveLookahead,16,4,2,18446744073709551615,0.120514482
"car_evaluation-bin",1,7,unary,Greedy,8,8,2,18446744073709551615,0.001326653
"car_evaluation-bin",1,7,horn,Greedy,8,8,2,18446744073709551615,0.005591069
"car_evaluation-bin",1,7,antihorn,Greedy,8,8,2,18446744073709551615,0.004965295
"car_evaluation-bin",1,7,square2cnf,Greedy,8,8,2,18446744073709551615,0.079485344
"car_evaluation-bin",1,7,affine,Greedy,8,8,2,18446744073709551615,0.021895528
"car_evaluation-bin",1,7,smart_certified,Greedy,8,8,2,18446744073709551615,0.014755154
"car_evaluation-bin",1,7,cals,SparseLookahead,16,8,2,18446744073709551615,0.877761713
"car_evaluation-bin",1,7,cals_compact_explain,SelectiveLookahead,16,4,2,18446744073709551615,0.120878856
"car_evaluation-bin",2,5,unary,Greedy,8,8,2,18446744073709551615,0.000913354
"car_evaluation-bin",2,5,horn,Greedy,8,8,2,18446744073709551615,0.003940026
"car_evaluation-bin",2,5,antihorn,Greedy,8,8,2,18446744073709551615,0.003516859
"car_evaluation-bin",2,5,square2cnf,Greedy,8,8,2,18446744073709551615,0.043479983
"car_evaluation-bin",2,5,affine,Greedy,8,8,2,18446744073709551615,0.013652172
"car_evaluation-bin",2,5,smart_certified,Greedy,8,8,2,18446744073709551615,0.012984784
"car_evaluation-bin",2,5,cals,SparseLookahead,16,8,2,18446744073709551615,1.256766223
"car_evaluation-bin",2,5,cals_compact_explain,SelectiveLookahead,16,4,2,18446744073709551615,0.120567592
"car_evaluation-bin",2,7,unary,Greedy,8,8,2,18446744073709551615,0.001557547
"car_evaluation-bin",2,7,horn,Greedy,8,8,2,18446744073709551615,0.005495087
"car_evaluation-bin",2,7,antihorn,Greedy,8,8,2,18446744073709551615,0.005271388
"car_evaluation-bin",2,7,square2cnf,Greedy,8,8,2,18446744073709551615,0.098906119
"car_evaluation-bin",2,7,affine,Greedy,8,8,2,18446744073709551615,0.022965834
"car_evaluation-bin",2,7,smart_certified,Greedy,8,8,2,18446744073709551615,0.0153928
"car_evaluation-bin",2,7,cals,SparseLookahead,16,8,2,18446744073709551615,1.2564541089999999
"car_evaluation-bin",2,7,cals_compact_explain,SelectiveLookahead,16,4,2,18446744073709551615,0.120970193
"car_evaluation-bin",3,5,unary,Greedy,8,8,2,18446744073709551615,0.000873623
"car_evaluation-bin",3,5,horn,Greedy,8,8,2,18446744073709551615,0.00373217
"car_evaluation-bin",3,5,antihorn,Greedy,8,8,2,18446744073709551615,0.003859163
"car_evaluation-bin",3,5,square2cnf,Greedy,8,8,2,18446744073709551615,0.032238871
"car_evaluation-bin",3,5,affine,Greedy,8,8,2,18446744073709551615,0.012944882
"car_evaluation-bin",3,5,smart_certified,Greedy,8,8,2,18446744073709551615,0.01259625
"car_evaluation-bin",3,5,cals,SparseLookahead,16,8,2,18446744073709551615,1.015344725
"car_evaluation-bin",3,5,cals_compact_explain,SelectiveLookahead,16,4,2,18446744073709551615,0.120014086
"car_evaluation-bin",3,7,unary,Greedy,8,8,2,18446744073709551615,0.001387427
"car_evaluation-bin",3,7,horn,Greedy,8,8,2,18446744073709551615,0.005648557
"car_evaluation-bin",3,7,antihorn,Greedy,8,8,2,18446744073709551615,0.00557015
"car_evaluation-bin",3,7,square2cnf,Greedy,8,8,2,18446744073709551615,0.057050785
"car_evaluation-bin",3,7,affine,Greedy,8,8,2,18446744073709551615,0.021120543
"car_evaluation-bin",3,7,smart_certified,Greedy,8,8,2,18446744073709551615,0.015420356
"car_evaluation-bin",3,7,cals,SparseLookahead,16,8,2,18446744073709551615,1.018801615
"car_evaluation-bin",3,7,cals_compact_explain,SelectiveLookahead,16,4,2,18446744073709551615,0.123548487
"car_evaluation-bin",4,5,unary,Greedy,8,8,2,18446744073709551615,0.000895314
"car_evaluation-bin",4,5,horn,Greedy,8,8,2,18446744073709551615,0.003495371
"car_evaluation-bin",4,5,antihorn,Greedy,8,8,2,18446744073709551615,0.003578663
"car_evaluation-bin",4,5,square2cnf,Greedy,8,8,2,18446744073709551615,0.031618958
"car_evaluation-bin",4,5,affine,Greedy,8,8,2,18446744073709551615,0.012631591
"car_evaluation-bin",4,5,smart_certified,Greedy,8,8,2,18446744073709551615,0.012281246
"car_evaluation-bin",4,5,cals,SparseLookahead,16,8,2,18446744073709551615,0.933154773
"car_evaluation-bin",4,5,cals_compact_explain,SelectiveLookahead,16,4,2,18446744073709551615,0.118606372
"car_evaluation-bin",4,7,unary,Greedy,8,8,2,18446744073709551615,0.001319707
"car_evaluation-bin",4,7,horn,Greedy,8,8,2,18446744073709551615,0.005440745
"car_evaluation-bin",4,7,antihorn,Greedy,8,8,2,18446744073709551615,0.00550008
"car_evaluation-bin",4,7,square2cnf,Greedy,8,8,2,18446744073709551615,0.066067288
"car_evaluation-bin",4,7,affine,Greedy,8,8,2,18446744073709551615,0.022022217
"car_evaluation-bin",4,7,smart_certified,Greedy,8,8,2,18446744073709551615,0.014784061
"car_evaluation-bin",4,7,cals,SparseLookahead,16,8,2,18446744073709551615,0.933517724
"car_evaluation-bin",4,7,cals_compact_explain,SelectiveLookahead,16,4,2,18446744073709551615,0.122385448
"car_evaluation-bin",5,5,unary,Greedy,8,8,2,18446744073709551615,0.000984346
"car_evaluation-bin",5,5,horn,Greedy,8,8,2,18446744073709551615,0.003718881
"car_evaluation-bin",5,5,antihorn,Greedy,8,8,2,18446744073709551615,0.003289131
"car_evaluation-bin",5,5,square2cnf,Greedy,8,8,2,18446744073709551615,0.03200892
"car_evaluation-bin",5,5,affine,Greedy,8,8,2,18446744073709551615,0.014656999
"car_evaluation-bin",5,5,smart_certified,Greedy,8,8,2,18446744073709551615,0.013318544
"car_evaluation-bin",5,5,cals,SparseLookahead,16,8,2,18446744073709551615,0.925997118
"car_evaluation-bin",5,5,cals_compact_explain,SelectiveLookahead,16,4,2,18446744073709551615,0.116409712
"car_evaluation-bin",5,7,unary,Greedy,8,8,2,18446744073709551615,0.001409143
"car_evaluation-bin",5,7,horn,Greedy,8,8,2,18446744073709551615,0.004903598
"car_evaluation-bin",5,7,antihorn,Greedy,8,8,2,18446744073709551615,0.005884683
"car_evaluation-bin",5,7,square2cnf,Greedy,8,8,2,18446744073709551615,0.066012918
"car_evaluation-bin",5,7,affine,Greedy,8,8,2,18446744073709551615,0.022171867
"car_evaluation-bin",5,7,smart_certified,Greedy,8,8,2,18446744073709551615,0.01554614
"car_evaluation-bin",5,7,cals,SparseLookahead,16,8,2,18446744073709551615,0.930270252
"car_evaluation-bin",5,7,cals_compact_explain,SelectiveLookahead,16,4,2,18446744073709551615,0.120332852
"car_evaluation-bin",6,5,unary,Greedy,8,8,2,18446744073709551615,0.001011589
"car_evaluation-bin",6,5,horn,Greedy,8,8,2,18446744073709551615,0.003640622
"car_evaluation-bin",6,5,antihorn,Greedy,8,8,2,18446744073709551615,0.003323238
"car_evaluation-bin",6,5,square2cnf,Greedy,8,8,2,18446744073709551615,0.042017882
"car_evaluation-bin",6,5,affine,Greedy,8,8,2,18446744073709551615,0.013151834
"car_evaluation-bin",6,5,smart_certified,Greedy,8,8,2,18446744073709551615,0.012622647
"car_evaluation-bin",6,5,cals,SparseLookahead,16,8,2,18446744073709551615,1.076860298
"car_evaluation-bin",6,5,cals_compact_explain,SelectiveLookahead,16,4,2,18446744073709551615,0.117540926
"car_evaluation-bin",6,7,unary,Greedy,8,8,2,18446744073709551615,0.001323433
"car_evaluation-bin",6,7,horn,Greedy,8,8,2,18446744073709551615,0.005617729
"car_evaluation-bin",6,7,antihorn,Greedy,8,8,2,18446744073709551615,0.005041624
"car_evaluation-bin",6,7,square2cnf,Greedy,8,8,2,18446744073709551615,0.074165276
"car_evaluation-bin",6,7,affine,Greedy,8,8,2,18446744073709551615,0.021728694
"car_evaluation-bin",6,7,smart_certified,Greedy,8,8,2,18446744073709551615,0.01464482
"car_evaluation-bin",6,7,cals,SparseLookahead,16,8,2,18446744073709551615,1.060522961
"car_evaluation-bin",6,7,cals_compact_explain,SelectiveLookahead,16,4,2,18446744073709551615,0.121743308
"car_evaluation-bin",7,5,unary,Greedy,8,8,2,18446744073709551615,0.000930217
"car_evaluation-bin",7,5,horn,Greedy,8,8,2,18446744073709551615,0.00387708
"car_evaluation-bin",7,5,antihorn,Greedy,8,8,2,18446744073709551615,0.003430037
"car_evaluation-bin",7,5,square2cnf,Greedy,8,8,2,18446744073709551615,0.041820546
"car_evaluation-bin",7,5,affine,Greedy,8,8,2,18446744073709551615,0.01301561
"car_evaluation-bin",7,5,smart_certified,Greedy,8,8,2,18446744073709551615,0.012464122
"car_evaluation-bin",7,5,cals,SparseLookahead,16,8,2,18446744073709551615,0.928754467
"car_evaluation-bin",7,5,cals_compact_explain,SelectiveLookahead,16,4,2,18446744073709551615,0.120085925
"car_evaluation-bin",7,7,unary,Greedy,8,8,2,18446744073709551615,0.001414001
"car_evaluation-bin",7,7,horn,Greedy,8,8,2,18446744073709551615,0.005149893
"car_evaluation-bin",7,7,antihorn,Greedy,8,8,2,18446744073709551615,0.005613912
"car_evaluation-bin",7,7,square2cnf,Greedy,8,8,2,18446744073709551615,0.079211232
"car_evaluation-bin",7,7,affine,Greedy,8,8,2,18446744073709551615,0.02136496
"car_evaluation-bin",7,7,smart_certified,Greedy,8,8,2,18446744073709551615,0.014873589
"car_evaluation-bin",7,7,cals,SparseLookahead,16,8,2,18446744073709551615,0.944605694
"car_evaluation-bin",7,7,cals_compact_explain,SelectiveLookahead,16,4,2,18446744073709551615,0.12378146
"car_evaluation-bin",8,5,unary,Greedy,8,8,2,18446744073709551615,0.000905695
"car_evaluation-bin",8,5,horn,Greedy,8,8,2,18446744073709551615,0.003614368
"car_evaluation-bin",8,5,antihorn,Greedy,8,8,2,18446744073709551615,0.003403966
"car_evaluation-bin",8,5,square2cnf,Greedy,8,8,2,18446744073709551615,0.042336948
"car_evaluation-bin",8,5,affine,Greedy,8,8,2,18446744073709551615,0.012565659
"car_evaluation-bin",8,5,smart_certified,Greedy,8,8,2,18446744073709551615,0.011972716
"car_evaluation-bin",8,5,cals,SparseLookahead,16,8,2,18446744073709551615,1.13800035
"car_evaluation-bin",8,5,cals_compact_explain,SelectiveLookahead,16,4,2,18446744073709551615,0.120632615
"car_evaluation-bin",8,7,unary,Greedy,8,8,2,18446744073709551615,0.001327513
"car_evaluation-bin",8,7,horn,Greedy,8,8,2,18446744073709551615,0.005729932
"car_evaluation-bin",8,7,antihorn,Greedy,8,8,2,18446744073709551615,0.006179971
"car_evaluation-bin",8,7,square2cnf,Greedy,8,8,2,18446744073709551615,0.071808269
"car_evaluation-bin",8,7,affine,Greedy,8,8,2,18446744073709551615,0.022937446
"car_evaluation-bin",8,7,smart_certified,Greedy,8,8,2,18446744073709551615,0.015003946
"car_evaluation-bin",8,7,cals,SparseLookahead,16,8,2,18446744073709551615,1.142788173
"car_evaluation-bin",8,7,cals_compact_explain,SelectiveLookahead,16,4,2,18446744073709551615,0.122233776
"car_evaluation-bin",9,5,unary,Greedy,8,8,2,18446744073709551615,0.000887278
"car_evaluation-bin",9,5,horn,Greedy,8,8,2,18446744073709551615,0.003723125
"car_evaluation-bin",9,5,antihorn,Greedy,8,8,2,18446744073709551615,0.003322567
"car_evaluation-bin",9,5,square2cnf,Greedy,8,8,2,18446744073709551615,0.031936639
"car_evaluation-bin",9,5,affine,Greedy,8,8,2,18446744073709551615,0.014267848
"car_evaluation-bin",9,5,smart_certified,Greedy,8,8,2,18446744073709551615,0.011802207
"car_evaluation-bin",9,5,cals,SparseLookahead,16,8,2,18446744073709551615,0.761467453
"car_evaluation-bin",9,5,cals_compact_explain,SelectiveLookahead,16,4,2,18446744073709551615,0.118348223
"car_evaluation-bin",9,7,unary,Greedy,8,8,2,18446744073709551615,0.001349343
"car_evaluation-bin",9,7,horn,Greedy,8,8,2,18446744073709551615,0.005332058
"car_evaluation-bin",9,7,antihorn,Greedy,8,8,2,18446744073709551615,0.005526742
"car_evaluation-bin",9,7,square2cnf,Greedy,8,8,2,18446744073709551615,0.065907001
"car_evaluation-bin",9,7,affine,Greedy,8,8,2,18446744073709551615,0.02191154
"car_evaluation-bin",9,7,smart_certified,Greedy,8,8,2,18446744073709551615,0.01518026
"car_evaluation-bin",9,7,cals,SparseLookahead,16,8,2,18446744073709551615,0.767919186
"car_evaluation-bin",9,7,cals_compact_explain,SelectiveLookahead,16,4,2,18446744073709551615,0.124952262
"compas_discretized",0,5,unary,Greedy,8,8,2,18446744073709551615,0.00815824
"compas_discretized",0,5,horn,Greedy,8,8,2,18446744073709551615,0.022854144
"compas_discretized",0,5,antihorn,Greedy,8,8,2,18446744073709551615,0.024986553
"compas_discretized",0,5,square2cnf,Greedy,8,8,2,18446744073709551615,0.315974756
"compas_discretized",0,5,affine,Greedy,8,8,2,18446744073709551615,0.118129849
"compas_discretized",0,5,smart_certified,Greedy,8,8,2,18446744073709551615,0.387854009
"compas_discretized",0,5,cals,SparseLookahead,16,8,2,18446744073709551615,1.407658083
"compas_discretized",0,5,cals_compact_explain,SelectiveLookahead,16,4,2,18446744073709551615,0.195760843
"compas_discretized",0,7,unary,Greedy,8,8,2,18446744073709551615,0.013674956
"compas_discretized",0,7,horn,Greedy,8,8,2,18446744073709551615,0.041577733
"compas_discretized",0,7,antihorn,Greedy,8,8,2,18446744073709551615,0.048012863
"compas_discretized",0,7,square2cnf,Greedy,8,8,2,18446744073709551615,0.861102898
"compas_discretized",0,7,affine,Greedy,8,8,2,18446744073709551615,0.195069866
"compas_discretized",0,7,smart_certified,Greedy,8,8,2,18446744073709551615,1.049017998
"compas_discretized",0,7,cals,SparseLookahead,16,8,2,18446744073709551615,1.488760958
"compas_discretized",0,7,cals_compact_explain,SelectiveLookahead,16,4,2,18446744073709551615,0.234703112
"compas_discretized",1,5,unary,Greedy,8,8,2,18446744073709551615,0.007544975
"compas_discretized",1,5,horn,Greedy,8,8,2,18446744073709551615,0.021724367
"compas_discretized",1,5,antihorn,Greedy,8,8,2,18446744073709551615,0.022282323
"compas_discretized",1,5,square2cnf,Greedy,8,8,2,18446744073709551615,0.277471568
"compas_discretized",1,5,affine,Greedy,8,8,2,18446744073709551615,0.108258315
"compas_discretized",1,5,smart_certified,Greedy,8,8,2,18446744073709551615,0.378069738
"compas_discretized",1,5,cals,SparseLookahead,16,8,2,18446744073709551615,1.2758760630000001
"compas_discretized",1,5,cals_compact_explain,SelectiveLookahead,16,4,2,18446744073709551615,0.196072849
"compas_discretized",1,7,unary,Greedy,8,8,2,18446744073709551615,0.013165899
"compas_discretized",1,7,horn,Greedy,8,8,2,18446744073709551615,0.039217505
"compas_discretized",1,7,antihorn,Greedy,8,8,2,18446744073709551615,0.0420326
"compas_discretized",1,7,square2cnf,Greedy,8,8,2,18446744073709551615,0.659773282
"compas_discretized",1,7,affine,Greedy,8,8,2,18446744073709551615,0.184980743
"compas_discretized",1,7,smart_certified,Greedy,8,8,2,18446744073709551615,1.103281338
"compas_discretized",1,7,cals,SparseLookahead,16,8,2,18446744073709551615,1.366372668
"compas_discretized",1,7,cals_compact_explain,SelectiveLookahead,16,4,2,18446744073709551615,0.240383379
"compas_discretized",2,5,unary,Greedy,8,8,2,18446744073709551615,0.008641201
"compas_discretized",2,5,horn,Greedy,8,8,2,18446744073709551615,0.022998723
"compas_discretized",2,5,antihorn,Greedy,8,8,2,18446744073709551615,0.024117723
"compas_discretized",2,5,square2cnf,Greedy,8,8,2,18446744073709551615,0.300419649
"compas_discretized",2,5,affine,Greedy,8,8,2,18446744073709551615,0.109411248
"compas_discretized",2,5,smart_certified,Greedy,8,8,2,18446744073709551615,0.426897443
"compas_discretized",2,5,cals,SparseLookahead,16,8,2,18446744073709551615,0.707981362
"compas_discretized",2,5,cals_compact_explain,SelectiveLookahead,16,4,2,18446744073709551615,0.256398292
"compas_discretized",2,7,unary,Greedy,8,8,2,18446744073709551615,0.015582854
"compas_discretized",2,7,horn,Greedy,8,8,2,18446744073709551615,0.047548665
"compas_discretized",2,7,antihorn,Greedy,8,8,2,18446744073709551615,0.045787836
"compas_discretized",2,7,square2cnf,Greedy,8,8,2,18446744073709551615,0.768738509
"compas_discretized",2,7,affine,Greedy,8,8,2,18446744073709551615,0.183996541
"compas_discretized",2,7,smart_certified,Greedy,8,8,2,18446744073709551615,1.360463437
"compas_discretized",2,7,cals,SparseLookahead,16,8,2,18446744073709551615,0.94759643
"compas_discretized",2,7,cals_compact_explain,SelectiveLookahead,16,4,2,18446744073709551615,0.298306025
"compas_discretized",3,5,unary,Greedy,8,8,2,18446744073709551615,0.008083159
"compas_discretized",3,5,horn,Greedy,8,8,2,18446744073709551615,0.021911007
"compas_discretized",3,5,antihorn,Greedy,8,8,2,18446744073709551615,0.023998432
"compas_discretized",3,5,square2cnf,Greedy,8,8,2,18446744073709551615,0.320210505
"compas_discretized",3,5,affine,Greedy,8,8,2,18446744073709551615,0.115648564
"compas_discretized",3,5,smart_certified,Greedy,8,8,2,18446744073709551615,0.420285681
"compas_discretized",3,5,cals,SparseLookahead,16,8,2,18446744073709551615,0.740621065
"compas_discretized",3,5,cals_compact_explain,SelectiveLookahead,16,4,2,18446744073709551615,0.17893137
"compas_discretized",3,7,unary,Greedy,8,8,2,18446744073709551615,0.014711551
"compas_discretized",3,7,horn,Greedy,8,8,2,18446744073709551615,0.043790519
"compas_discretized",3,7,antihorn,Greedy,8,8,2,18446744073709551615,0.048644452
"compas_discretized",3,7,square2cnf,Greedy,8,8,2,18446744073709551615,1.224233905
"compas_discretized",3,7,affine,Greedy,8,8,2,18446744073709551615,0.183906526
"compas_discretized",3,7,smart_certified,Greedy,8,8,2,18446744073709551615,1.027543977
"compas_discretized",3,7,cals,SparseLookahead,16,8,2,18446744073709551615,0.843749197
"compas_discretized",3,7,cals_compact_explain,SelectiveLookahead,16,4,2,18446744073709551615,0.22447759
"compas_discretized",4,5,unary,Greedy,8,8,2,18446744073709551615,0.008478677
"compas_discretized",4,5,horn,Greedy,8,8,2,18446744073709551615,0.02097901
"compas_discretized",4,5,antihorn,Greedy,8,8,2,18446744073709551615,0.02072836
"compas_discretized",4,5,square2cnf,Greedy,8,8,2,18446744073709551615,0.298052129
"compas_discretized",4,5,affine,Greedy,8,8,2,18446744073709551615,0.103691521
"compas_discretized",4,5,smart_certified,Greedy,8,8,2,18446744073709551615,0.442384433
"compas_discretized",4,5,cals,SparseLookahead,16,8,2,18446744073709551615,1.232808483
"compas_discretized",4,5,cals_compact_explain,SelectiveLookahead,16,4,2,18446744073709551615,0.172589195
"compas_discretized",4,7,unary,Greedy,8,8,2,18446744073709551615,0.014007671
"compas_discretized",4,7,horn,Greedy,8,8,2,18446744073709551615,0.036715905
"compas_discretized",4,7,antihorn,Greedy,8,8,2,18446744073709551615,0.041524733
"compas_discretized",4,7,square2cnf,Greedy,8,8,2,18446744073709551615,0.747533527
"compas_discretized",4,7,affine,Greedy,8,8,2,18446744073709551615,0.182653998
"compas_discretized",4,7,smart_certified,Greedy,8,8,2,18446744073709551615,0.948767746
"compas_discretized",4,7,cals,SparseLookahead,16,8,2,18446744073709551615,1.460619659
"compas_discretized",4,7,cals_compact_explain,SelectiveLookahead,16,4,2,18446744073709551615,0.218453509
"compas_discretized",5,5,unary,Greedy,8,8,2,18446744073709551615,0.00837983
"compas_discretized",5,5,horn,Greedy,8,8,2,18446744073709551615,0.02093568
"compas_discretized",5,5,antihorn,Greedy,8,8,2,18446744073709551615,0.023451695
"compas_discretized",5,5,square2cnf,Greedy,8,8,2,18446744073709551615,0.299622425
"compas_discretized",5,5,affine,Greedy,8,8,2,18446744073709551615,0.101975344
"compas_discretized",5,5,smart_certified,Greedy,8,8,2,18446744073709551615,0.42185427
"compas_discretized",5,5,cals,SparseLookahead,16,8,2,18446744073709551615,1.195674468
"compas_discretized",5,5,cals_compact_explain,SelectiveLookahead,16,4,2,18446744073709551615,0.184409388
"compas_discretized",5,7,unary,Greedy,8,8,2,18446744073709551615,0.015279477
"compas_discretized",5,7,horn,Greedy,8,8,2,18446744073709551615,0.039129509
"compas_discretized",5,7,antihorn,Greedy,8,8,2,18446744073709551615,0.044117917
"compas_discretized",5,7,square2cnf,Greedy,8,8,2,18446744073709551615,0.726392095
"compas_discretized",5,7,affine,Greedy,8,8,2,18446744073709551615,0.183748274
"compas_discretized",5,7,smart_certified,Greedy,8,8,2,18446744073709551615,1.543168358
"compas_discretized",5,7,cals,SparseLookahead,16,8,2,18446744073709551615,1.490230619
"compas_discretized",5,7,cals_compact_explain,SelectiveLookahead,16,4,2,18446744073709551615,0.228065846
"compas_discretized",6,5,unary,Greedy,8,8,2,18446744073709551615,0.008713345
"compas_discretized",6,5,horn,Greedy,8,8,2,18446744073709551615,0.020947353
"compas_discretized",6,5,antihorn,Greedy,8,8,2,18446744073709551615,0.023888763
"compas_discretized",6,5,square2cnf,Greedy,8,8,2,18446744073709551615,0.294787443
"compas_discretized",6,5,affine,Greedy,8,8,2,18446744073709551615,0.105817277
"compas_discretized",6,5,smart_certified,Greedy,8,8,2,18446744073709551615,0.452168429
"compas_discretized",6,5,cals,SparseLookahead,16,8,2,18446744073709551615,0.718323669
"compas_discretized",6,5,cals_compact_explain,SelectiveLookahead,16,4,2,18446744073709551615,0.295000106
"compas_discretized",6,7,unary,Greedy,8,8,2,18446744073709551615,0.015092291
"compas_discretized",6,7,horn,Greedy,8,8,2,18446744073709551615,0.042208887
"compas_discretized",6,7,antihorn,Greedy,8,8,2,18446744073709551615,0.048825101
"compas_discretized",6,7,square2cnf,Greedy,8,8,2,18446744073709551615,0.791568091
"compas_discretized",6,7,affine,Greedy,8,8,2,18446744073709551615,0.189128658
"compas_discretized",6,7,smart_certified,Greedy,8,8,2,18446744073709551615,1.411858751
"compas_discretized",6,7,cals,SparseLookahead,16,8,2,18446744073709551615,0.949595546
"compas_discretized",6,7,cals_compact_explain,SelectiveLookahead,16,4,2,18446744073709551615,0.33951628
"compas_discretized",7,5,unary,Greedy,8,8,2,18446744073709551615,0.008091435
"compas_discretized",7,5,horn,Greedy,8,8,2,18446744073709551615,0.020120134
"compas_discretized",7,5,antihorn,Greedy,8,8,2,18446744073709551615,0.02231681
"compas_discretized",7,5,square2cnf,Greedy,8,8,2,18446744073709551615,0.292186036
"compas_discretized",7,5,affine,Greedy,8,8,2,18446744073709551615,0.106385819
"compas_discretized",7,5,smart_certified,Greedy,8,8,2,18446744073709551615,0.454269069
"compas_discretized",7,5,cals,SparseLookahead,16,8,2,18446744073709551615,0.72669022
"compas_discretized",7,5,cals_compact_explain,SelectiveLookahead,16,4,2,18446744073709551615,0.289577965
"compas_discretized",7,7,unary,Greedy,8,8,2,18446744073709551615,0.015524545
"compas_discretized",7,7,horn,Greedy,8,8,2,18446744073709551615,0.040528184
"compas_discretized",7,7,antihorn,Greedy,8,8,2,18446744073709551615,0.045948598
"compas_discretized",7,7,square2cnf,Greedy,8,8,2,18446744073709551615,0.940799204
"compas_discretized",7,7,affine,Greedy,8,8,2,18446744073709551615,0.186406145
"compas_discretized",7,7,smart_certified,Greedy,8,8,2,18446744073709551615,1.019157273
"compas_discretized",7,7,cals,SparseLookahead,16,8,2,18446744073709551615,0.960859424
"compas_discretized",7,7,cals_compact_explain,SelectiveLookahead,16,4,2,18446744073709551615,0.333144318
"compas_discretized",8,5,unary,Greedy,8,8,2,18446744073709551615,0.008299507
"compas_discretized",8,5,horn,Greedy,8,8,2,18446744073709551615,0.021769286
"compas_discretized",8,5,antihorn,Greedy,8,8,2,18446744073709551615,0.024864667
"compas_discretized",8,5,square2cnf,Greedy,8,8,2,18446744073709551615,0.299616103
"compas_discretized",8,5,affine,Greedy,8,8,2,18446744073709551615,0.103255504
"compas_discretized",8,5,smart_certified,Greedy,8,8,2,18446744073709551615,0.374569867
"compas_discretized",8,5,cals,SparseLookahead,16,8,2,18446744073709551615,1.374507399
"compas_discretized",8,5,cals_compact_explain,SelectiveLookahead,16,4,2,18446744073709551615,0.305414395
"compas_discretized",8,7,unary,Greedy,8,8,2,18446744073709551615,0.014022952
"compas_discretized",8,7,horn,Greedy,8,8,2,18446744073709551615,0.042734166
"compas_discretized",8,7,antihorn,Greedy,8,8,2,18446744073709551615,0.047895546
"compas_discretized",8,7,square2cnf,Greedy,8,8,2,18446744073709551615,0.990630871
"compas_discretized",8,7,affine,Greedy,8,8,2,18446744073709551615,0.186926066
"compas_discretized",8,7,smart_certified,Greedy,8,8,2,18446744073709551615,0.819517962
"compas_discretized",8,7,cals,SparseLookahead,16,8,2,18446744073709551615,1.580106695
"compas_discretized",8,7,cals_compact_explain,SelectiveLookahead,16,4,2,18446744073709551615,0.347230097
"compas_discretized",9,5,unary,Greedy,8,8,2,18446744073709551615,0.008132499
"compas_discretized",9,5,horn,Greedy,8,8,2,18446744073709551615,0.022155252
"compas_discretized",9,5,antihorn,Greedy,8,8,2,18446744073709551615,0.021368453
"compas_discretized",9,5,square2cnf,Greedy,8,8,2,18446744073709551615,0.355656647
"compas_discretized",9,5,affine,Greedy,8,8,2,18446744073709551615,0.115819312
"compas_discretized",9,5,smart_certified,Greedy,8,8,2,18446744073709551615,0.480776734
"compas_discretized",9,5,cals,SparseLookahead,16,8,2,18446744073709551615,0.664323104
"compas_discretized",9,5,cals_compact_explain,SelectiveLookahead,16,4,2,18446744073709551615,0.185463081
"compas_discretized",9,7,unary,Greedy,8,8,2,18446744073709551615,0.015676203
"compas_discretized",9,7,horn,Greedy,8,8,2,18446744073709551615,0.041483648
"compas_discretized",9,7,antihorn,Greedy,8,8,2,18446744073709551615,0.042613228
"compas_discretized",9,7,square2cnf,Greedy,8,8,2,18446744073709551615,1.053835554
"compas_discretized",9,7,affine,Greedy,8,8,2,18446744073709551615,0.186647425
"compas_discretized",9,7,smart_certified,Greedy,8,8,2,18446744073709551615,1.2477312839999999
"compas_discretized",9,7,cals,SparseLookahead,16,8,2,18446744073709551615,0.733134459
"compas_discretized",9,7,cals_compact_explain,SelectiveLookahead,16,4,2,18446744073709551615,0.223117575
"diabetes",0,5,unary,Greedy,8,8,2,18446744073709551615,0.008633819
"diabetes",0,5,horn,Greedy,8,8,2,18446744073709551615,0.010500195
"diabetes",0,5,antihorn,Greedy,8,8,2,18446744073709551615,0.010521471
"diabetes",0,5,square2cnf,Greedy,8,8,2,18446744073709551615,0.045830911
"diabetes",0,5,affine,Greedy,8,8,2,18446744073709551615,0.024565124
"diabetes",0,5,smart_certified,Greedy,8,8,2,18446744073709551615,0.100958214
"diabetes",0,5,cals,SparseLookahead,16,8,2,18446744073709551615,10.247049173
"diabetes",0,5,cals_compact_explain,SelectiveLookahead,16,4,2,18446744073709551615,2.669917314
"diabetes",0,7,unary,Greedy,8,8,2,18446744073709551615,0.014743427
"diabetes",0,7,horn,Greedy,8,8,2,18446744073709551615,0.01826938
"diabetes",0,7,antihorn,Greedy,8,8,2,18446744073709551615,0.018457693
"diabetes",0,7,square2cnf,Greedy,8,8,2,18446744073709551615,0.098186099
"diabetes",0,7,affine,Greedy,8,8,2,18446744073709551615,0.047067877
"diabetes",0,7,smart_certified,Greedy,8,8,2,18446744073709551615,0.168422215
"diabetes",0,7,cals,SparseLookahead,16,8,2,18446744073709551615,21.392815041
"diabetes",0,7,cals_compact_explain,SelectiveLookahead,16,4,2,18446744073709551615,5.365385001
"diabetes",1,5,unary,Greedy,8,8,2,18446744073709551615,0.008787973
"diabetes",1,5,horn,Greedy,8,8,2,18446744073709551615,0.010186108
"diabetes",1,5,antihorn,Greedy,8,8,2,18446744073709551615,0.010204362
"diabetes",1,5,square2cnf,Greedy,8,8,2,18446744073709551615,0.04416563
"diabetes",1,5,affine,Greedy,8,8,2,18446744073709551615,0.027842582
"diabetes",1,5,smart_certified,Greedy,8,8,2,18446744073709551615,0.097455722
"diabetes",1,5,cals,SparseLookahead,16,8,2,18446744073709551615,1.519485633
"diabetes",1,5,cals_compact_explain,SelectiveLookahead,16,4,2,18446744073709551615,0.364132793
"diabetes",1,7,unary,Greedy,8,8,2,18446744073709551615,0.015020009
"diabetes",1,7,horn,Greedy,8,8,2,18446744073709551615,0.017017703
"diabetes",1,7,antihorn,Greedy,8,8,2,18446744073709551615,0.017361573
"diabetes",1,7,square2cnf,Greedy,8,8,2,18446744073709551615,0.091036811
"diabetes",1,7,affine,Greedy,8,8,2,18446744073709551615,0.064385768
"diabetes",1,7,smart_certified,Greedy,8,8,2,18446744073709551615,0.417706514
"diabetes",1,7,cals,SparseLookahead,16,8,2,18446744073709551615,1.663940276
"diabetes",1,7,cals_compact_explain,SelectiveLookahead,16,4,2,18446744073709551615,0.436971175
"diabetes",2,5,unary,Greedy,8,8,2,18446744073709551615,0.007736096
"diabetes",2,5,horn,Greedy,8,8,2,18446744073709551615,0.010474435
"diabetes",2,5,antihorn,Greedy,8,8,2,18446744073709551615,0.010908954
"diabetes",2,5,square2cnf,Greedy,8,8,2,18446744073709551615,0.047681162
"diabetes",2,5,affine,Greedy,8,8,2,18446744073709551615,0.022337944
"diabetes",2,5,smart_certified,Greedy,8,8,2,18446744073709551615,0.08850969
"diabetes",2,5,cals,SparseLookahead,16,8,2,18446744073709551615,8.031343556
"diabetes",2,5,cals_compact_explain,SelectiveLookahead,16,4,2,18446744073709551615,4.169996858
"diabetes",2,7,unary,Greedy,8,8,2,18446744073709551615,0.013236084
"diabetes",2,7,horn,Greedy,8,8,2,18446744073709551615,0.018838144
"diabetes",2,7,antihorn,Greedy,8,8,2,18446744073709551615,0.018216722
"diabetes",2,7,square2cnf,Greedy,8,8,2,18446744073709551615,0.094568191
"diabetes",2,7,affine,Greedy,8,8,2,18446744073709551615,0.048405681
"diabetes",2,7,smart_certified,Greedy,8,8,2,18446744073709551615,0.159202551
"diabetes",2,7,cals,SparseLookahead,16,8,2,18446744073709551615,11.24505403
"diabetes",2,7,cals_compact_explain,SelectiveLookahead,16,4,2,18446744073709551615,7.848036108
"diabetes",3,5,unary,Greedy,8,8,2,18446744073709551615,0.008653719
"diabetes",3,5,horn,Greedy,8,8,2,18446744073709551615,0.011632471
"diabetes",3,5,antihorn,Greedy,8,8,2,18446744073709551615,0.011826335
"diabetes",3,5,square2cnf,Greedy,8,8,2,18446744073709551615,0.053298506
"diabetes",3,5,affine,Greedy,8,8,2,18446744073709551615,0.027061699
"diabetes",3,5,smart_certified,Greedy,8,8,2,18446744073709551615,0.112349147
"diabetes",3,5,cals,SparseLookahead,16,8,2,18446744073709551615,10.176052017
"diabetes",3,5,cals_compact_explain,SelectiveLookahead,16,4,2,18446744073709551615,2.533545378
"diabetes",3,7,unary,Greedy,8,8,2,18446744073709551615,0.017283233
"diabetes",3,7,horn,Greedy,8,8,2,18446744073709551615,0.020914192
"diabetes",3,7,antihorn,Greedy,8,8,2,18446744073709551615,0.02061375
"diabetes",3,7,square2cnf,Greedy,8,8,2,18446744073709551615,0.137059479
"diabetes",3,7,affine,Greedy,8,8,2,18446744073709551615,0.059149295
"diabetes",3,7,smart_certified,Greedy,8,8,2,18446744073709551615,0.790469526
"diabetes",3,7,cals,SparseLookahead,16,8,2,18446744073709551615,15.389099894
"diabetes",3,7,cals_compact_explain,SelectiveLookahead,16,4,2,18446744073709551615,3.638272237
"diabetes",4,5,unary,Greedy,8,8,2,18446744073709551615,0.007854163
"diabetes",4,5,horn,Greedy,8,8,2,18446744073709551615,0.010690642
"diabetes",4,5,antihorn,Greedy,8,8,2,18446744073709551615,0.010964421
"diabetes",4,5,square2cnf,Greedy,8,8,2,18446744073709551615,0.050134687
"diabetes",4,5,affine,Greedy,8,8,2,18446744073709551615,0.02941279
"diabetes",4,5,smart_certified,Greedy,8,8,2,18446744073709551615,0.08864795
"diabetes",4,5,cals,SparseLookahead,16,8,2,18446744073709551615,16.563068912
"diabetes",4,5,cals_compact_explain,SelectiveLookahead,16,4,2,18446744073709551615,4.280699801
"diabetes",4,7,unary,Greedy,8,8,2,18446744073709551615,0.016091781
"diabetes",4,7,horn,Greedy,8,8,2,18446744073709551615,0.018856887
"diabetes",4,7,antihorn,Greedy,8,8,2,18446744073709551615,0.020218453
"diabetes",4,7,square2cnf,Greedy,8,8,2,18446744073709551615,0.099389176
"diabetes",4,7,affine,Greedy,8,8,2,18446744073709551615,0.065769959
"diabetes",4,7,smart_certified,Greedy,8,8,2,18446744073709551615,0.181162771
"diabetes",4,7,cals,SparseLookahead,16,8,2,18446744073709551615,32.628132466
"diabetes",4,7,cals_compact_explain,SelectiveLookahead,16,4,2,18446744073709551615,8.032290101
"diabetes",5,5,unary,Greedy,8,8,2,18446744073709551615,0.007859335
"diabetes",5,5,horn,Greedy,8,8,2,18446744073709551615,0.010644003
"diabetes",5,5,antihorn,Greedy,8,8,2,18446744073709551615,0.01080713
"diabetes",5,5,square2cnf,Greedy,8,8,2,18446744073709551615,0.047402928
"diabetes",5,5,affine,Greedy,8,8,2,18446744073709551615,0.029981658
"diabetes",5,5,smart_certified,Greedy,8,8,2,18446744073709551615,0.084844374
"diabetes",5,5,cals,SparseLookahead,16,8,2,18446744073709551615,2.223026496
"diabetes",5,5,cals_compact_explain,SelectiveLookahead,16,4,2,18446744073709551615,0.831728311
"diabetes",5,7,unary,Greedy,8,8,2,18446744073709551615,0.013724713
"diabetes",5,7,horn,Greedy,8,8,2,18446744073709551615,0.020077724
"diabetes",5,7,antihorn,Greedy,8,8,2,18446744073709551615,0.01982601
"diabetes",5,7,square2cnf,Greedy,8,8,2,18446744073709551615,0.107646432
"diabetes",5,7,affine,Greedy,8,8,2,18446744073709551615,0.060739258
"diabetes",5,7,smart_certified,Greedy,8,8,2,18446744073709551615,0.162229564
"diabetes",5,7,cals,SparseLookahead,16,8,2,18446744073709551615,2.386607504
"diabetes",5,7,cals_compact_explain,SelectiveLookahead,16,4,2,18446744073709551615,0.878220514
"diabetes",6,5,unary,Greedy,8,8,2,18446744073709551615,0.008535097
"diabetes",6,5,horn,Greedy,8,8,2,18446744073709551615,0.010500101
"diabetes",6,5,antihorn,Greedy,8,8,2,18446744073709551615,0.010170909
"diabetes",6,5,square2cnf,Greedy,8,8,2,18446744073709551615,0.045007148
"diabetes",6,5,affine,Greedy,8,8,2,18446744073709551615,0.026706343
"diabetes",6,5,smart_certified,Greedy,8,8,2,18446744073709551615,0.096611691
"diabetes",6,5,cals,SparseLookahead,16,8,2,18446744073709551615,8.767005525
"diabetes",6,5,cals_compact_explain,SelectiveLookahead,16,4,2,18446744073709551615,2.923328132
"diabetes",6,7,unary,Greedy,8,8,2,18446744073709551615,0.015514504
"diabetes",6,7,horn,Greedy,8,8,2,18446744073709551615,0.018012919
"diabetes",6,7,antihorn,Greedy,8,8,2,18446744073709551615,0.018494034
"diabetes",6,7,square2cnf,Greedy,8,8,2,18446744073709551615,0.093451162
"diabetes",6,7,affine,Greedy,8,8,2,18446744073709551615,0.059934303
"diabetes",6,7,smart_certified,Greedy,8,8,2,18446744073709551615,0.67026961
"diabetes",6,7,cals,SparseLookahead,16,8,2,18446744073709551615,14.146969361
"diabetes",6,7,cals_compact_explain,SelectiveLookahead,16,4,2,18446744073709551615,4.242851263
"diabetes",7,5,unary,Greedy,8,8,2,18446744073709551615,0.00833985
"diabetes",7,5,horn,Greedy,8,8,2,18446744073709551615,0.010677994
"diabetes",7,5,antihorn,Greedy,8,8,2,18446744073709551615,0.010595067
"diabetes",7,5,square2cnf,Greedy,8,8,2,18446744073709551615,0.048667608
"diabetes",7,5,affine,Greedy,8,8,2,18446744073709551615,0.020324524
"diabetes",7,5,smart_certified,Greedy,8,8,2,18446744073709551615,0.092710084
"diabetes",7,5,cals,SparseLookahead,16,8,2,18446744073709551615,17.055364907
"diabetes",7,5,cals_compact_explain,SelectiveLookahead,16,4,2,18446744073709551615,4.373949824
"diabetes",7,7,unary,Greedy,8,8,2,18446744073709551615,0.014764658
"diabetes",7,7,horn,Greedy,8,8,2,18446744073709551615,0.018643894
"diabetes",7,7,antihorn,Greedy,8,8,2,18446744073709551615,0.019088346
"diabetes",7,7,square2cnf,Greedy,8,8,2,18446744073709551615,0.100480295
"diabetes",7,7,affine,Greedy,8,8,2,18446744073709551615,0.046464486
"diabetes",7,7,smart_certified,Greedy,8,8,2,18446744073709551615,0.315163546
"diabetes",7,7,cals,SparseLookahead,16,8,2,18446744073709551615,30.039855631000002
"diabetes",7,7,cals_compact_explain,SelectiveLookahead,16,4,2,18446744073709551615,8.518283568
"diabetes",8,5,unary,Greedy,8,8,2,18446744073709551615,0.008244805
"diabetes",8,5,horn,Greedy,8,8,2,18446744073709551615,0.010721467
"diabetes",8,5,antihorn,Greedy,8,8,2,18446744073709551615,0.010826713
"diabetes",8,5,square2cnf,Greedy,8,8,2,18446744073709551615,0.049756577
"diabetes",8,5,affine,Greedy,8,8,2,18446744073709551615,0.026049308
"diabetes",8,5,smart_certified,Greedy,8,8,2,18446744073709551615,0.104370126
"diabetes",8,5,cals,SparseLookahead,16,8,2,18446744073709551615,2.690622618
"diabetes",8,5,cals_compact_explain,SelectiveLookahead,16,4,2,18446744073709551615,0.897515841
"diabetes",8,7,unary,Greedy,8,8,2,18446744073709551615,0.015374579
"diabetes",8,7,horn,Greedy,8,8,2,18446744073709551615,0.017588401
"diabetes",8,7,antihorn,Greedy,8,8,2,18446744073709551615,0.018184393
"diabetes",8,7,square2cnf,Greedy,8,8,2,18446744073709551615,0.092825966
"diabetes",8,7,affine,Greedy,8,8,2,18446744073709551615,0.05581164
"diabetes",8,7,smart_certified,Greedy,8,8,2,18446744073709551615,0.745354831
"diabetes",8,7,cals,SparseLookahead,16,8,2,18446744073709551615,2.817536366
"diabetes",8,7,cals_compact_explain,SelectiveLookahead,16,4,2,18446744073709551615,0.967931339
"diabetes",9,5,unary,Greedy,8,8,2,18446744073709551615,0.008468118
"diabetes",9,5,horn,Greedy,8,8,2,18446744073709551615,0.011598209
"diabetes",9,5,antihorn,Greedy,8,8,2,18446744073709551615,0.011563941
"diabetes",9,5,square2cnf,Greedy,8,8,2,18446744073709551615,0.054359678
"diabetes",9,5,affine,Greedy,8,8,2,18446744073709551615,0.025245512
"diabetes",9,5,smart_certified,Greedy,8,8,2,18446744073709551615,0.105442913
"diabetes",9,5,cals,SparseLookahead,16,8,2,18446744073709551615,15.119709971
"diabetes",9,5,cals_compact_explain,SelectiveLookahead,16,4,2,18446744073709551615,4.435044707
"diabetes",9,7,unary,Greedy,8,8,2,18446744073709551615,0.014824037
"diabetes",9,7,horn,Greedy,8,8,2,18446744073709551615,0.018647917
"diabetes",9,7,antihorn,Greedy,8,8,2,18446744073709551615,0.018890757
"diabetes",9,7,square2cnf,Greedy,8,8,2,18446744073709551615,0.102923504
"diabetes",9,7,affine,Greedy,8,8,2,18446744073709551615,0.05554904
"diabetes",9,7,smart_certified,Greedy,8,8,2,18446744073709551615,0.251487222
"diabetes",9,7,cals,SparseLookahead,16,8,2,18446744073709551615,24.694643308
"diabetes",9,7,cals_compact_explain,SelectiveLookahead,16,4,2,18446744073709551615,7.224653171
"forest-fires-un",0,5,unary,Greedy,8,8,2,18446744073709551615,0.034515846
"forest-fires-un",0,5,horn,Greedy,8,8,2,18446744073709551615,0.023187126
"forest-fires-un",0,5,antihorn,Greedy,8,8,2,18446744073709551615,0.024055162
"forest-fires-un",0,5,square2cnf,Greedy,8,8,2,18446744073709551615,0.033661521
"forest-fires-un",0,5,affine,Greedy,8,8,2,18446744073709551615,0.014911053
"forest-fires-un",0,5,smart_certified,Greedy,8,8,2,18446744073709551615,0.105338418
"forest-fires-un",0,5,cals,SparseLookahead,16,8,2,18446744073709551615,0.710410629
"forest-fires-un",0,5,cals_compact_explain,SelectiveLookahead,16,4,2,18446744073709551615,0.428957672
"forest-fires-un",0,7,unary,Greedy,8,8,2,18446744073709551615,0.045858698
"forest-fires-un",0,7,horn,Greedy,8,8,2,18446744073709551615,0.032810943
"forest-fires-un",0,7,antihorn,Greedy,8,8,2,18446744073709551615,0.030884587
"forest-fires-un",0,7,square2cnf,Greedy,8,8,2,18446744073709551615,0.045839045
"forest-fires-un",0,7,affine,Greedy,8,8,2,18446744073709551615,0.021668294
"forest-fires-un",0,7,smart_certified,Greedy,8,8,2,18446744073709551615,0.1509336
"forest-fires-un",0,7,cals,SparseLookahead,16,8,2,18446744073709551615,0.970657449
"forest-fires-un",0,7,cals_compact_explain,SelectiveLookahead,16,4,2,18446744073709551615,0.53444706
"forest-fires-un",1,5,unary,Greedy,8,8,2,18446744073709551615,0.036890955
"forest-fires-un",1,5,horn,Greedy,8,8,2,18446744073709551615,0.025593727
"forest-fires-un",1,5,antihorn,Greedy,8,8,2,18446744073709551615,0.025526621
"forest-fires-un",1,5,square2cnf,Greedy,8,8,2,18446744073709551615,0.036107035
"forest-fires-un",1,5,affine,Greedy,8,8,2,18446744073709551615,0.01790436
"forest-fires-un",1,5,smart_certified,Greedy,8,8,2,18446744073709551615,0.119946513
"forest-fires-un",1,5,cals,SparseLookahead,16,8,2,18446744073709551615,0.285871943
"forest-fires-un",1,5,cals_compact_explain,SelectiveLookahead,16,4,2,18446744073709551615,0.224160866
"forest-fires-un",1,7,unary,Greedy,8,8,2,18446744073709551615,0.05000277
"forest-fires-un",1,7,horn,Greedy,8,8,2,18446744073709551615,0.035044323
"forest-fires-un",1,7,antihorn,Greedy,8,8,2,18446744073709551615,0.032367541
"forest-fires-un",1,7,square2cnf,Greedy,8,8,2,18446744073709551615,0.048801818
"forest-fires-un",1,7,affine,Greedy,8,8,2,18446744073709551615,0.021561816
"forest-fires-un",1,7,smart_certified,Greedy,8,8,2,18446744073709551615,0.149902729
"forest-fires-un",1,7,cals,SparseLookahead,16,8,2,18446744073709551615,0.320686167
"forest-fires-un",1,7,cals_compact_explain,SelectiveLookahead,16,4,2,18446744073709551615,0.261523
"forest-fires-un",2,5,unary,Greedy,8,8,2,18446744073709551615,0.037479618
"forest-fires-un",2,5,horn,Greedy,8,8,2,18446744073709551615,0.026320099
"forest-fires-un",2,5,antihorn,Greedy,8,8,2,18446744073709551615,0.025179912
"forest-fires-un",2,5,square2cnf,Greedy,8,8,2,18446744073709551615,0.033825046
"forest-fires-un",2,5,affine,Greedy,8,8,2,18446744073709551615,0.018060609
"forest-fires-un",2,5,smart_certified,Greedy,8,8,2,18446744073709551615,0.113376362
"forest-fires-un",2,5,cals,SparseLookahead,16,8,2,18446744073709551615,0.711548183
"forest-fires-un",2,5,cals_compact_explain,SelectiveLookahead,16,4,2,18446744073709551615,0.356248252
"forest-fires-un",2,7,unary,Greedy,8,8,2,18446744073709551615,0.050184624
"forest-fires-un",2,7,horn,Greedy,8,8,2,18446744073709551615,0.037615066
"forest-fires-un",2,7,antihorn,Greedy,8,8,2,18446744073709551615,0.03324058
"forest-fires-un",2,7,square2cnf,Greedy,8,8,2,18446744073709551615,0.047808278
"forest-fires-un",2,7,affine,Greedy,8,8,2,18446744073709551615,0.025394091
"forest-fires-un",2,7,smart_certified,Greedy,8,8,2,18446744073709551615,0.167830902
"forest-fires-un",2,7,cals,SparseLookahead,16,8,2,18446744073709551615,0.929040387
"forest-fires-un",2,7,cals_compact_explain,SelectiveLookahead,16,4,2,18446744073709551615,0.472220285
"forest-fires-un",3,5,unary,Greedy,8,8,2,18446744073709551615,0.03647081
"forest-fires-un",3,5,horn,Greedy,8,8,2,18446744073709551615,0.025747249
"forest-fires-un",3,5,antihorn,Greedy,8,8,2,18446744073709551615,0.029032468
"forest-fires-un",3,5,square2cnf,Greedy,8,8,2,18446744073709551615,0.041831637
"forest-fires-un",3,5,affine,Greedy,8,8,2,18446744073709551615,0.016248216
"forest-fires-un",3,5,smart_certified,Greedy,8,8,2,18446744073709551615,0.118953873
"forest-fires-un",3,5,cals,SparseLookahead,16,8,2,18446744073709551615,0.37896321
"forest-fires-un",3,5,cals_compact_explain,SelectiveLookahead,16,4,2,18446744073709551615,0.32425007
"forest-fires-un",3,7,unary,Greedy,8,8,2,18446744073709551615,0.051030778
"forest-fires-un",3,7,horn,Greedy,8,8,2,18446744073709551615,0.034147897
"forest-fires-un",3,7,antihorn,Greedy,8,8,2,18446744073709551615,0.036640189
"forest-fires-un",3,7,square2cnf,Greedy,8,8,2,18446744073709551615,0.055015083
"forest-fires-un",3,7,affine,Greedy,8,8,2,18446744073709551615,0.02338807
"forest-fires-un",3,7,smart_certified,Greedy,8,8,2,18446744073709551615,0.16721891
"forest-fires-un",3,7,cals,SparseLookahead,16,8,2,18446744073709551615,0.867500079
"forest-fires-un",3,7,cals_compact_explain,SelectiveLookahead,16,4,2,18446744073709551615,0.419666382
"forest-fires-un",4,5,unary,Greedy,8,8,2,18446744073709551615,0.03985114
"forest-fires-un",4,5,horn,Greedy,8,8,2,18446744073709551615,0.025691919
"forest-fires-un",4,5,antihorn,Greedy,8,8,2,18446744073709551615,0.028524402
"forest-fires-un",4,5,square2cnf,Greedy,8,8,2,18446744073709551615,0.044761604
"forest-fires-un",4,5,affine,Greedy,8,8,2,18446744073709551615,0.023163333
"forest-fires-un",4,5,smart_certified,Greedy,8,8,2,18446744073709551615,0.132551577
"forest-fires-un",4,5,cals,SparseLookahead,16,8,2,18446744073709551615,1.7052801400000002
"forest-fires-un",4,5,cals_compact_explain,SelectiveLookahead,16,4,2,18446744073709551615,0.280680481
"forest-fires-un",4,7,unary,Greedy,8,8,2,18446744073709551615,0.053586037
"forest-fires-un",4,7,horn,Greedy,8,8,2,18446744073709551615,0.035241468
"forest-fires-un",4,7,antihorn,Greedy,8,8,2,18446744073709551615,0.035086587
"forest-fires-un",4,7,square2cnf,Greedy,8,8,2,18446744073709551615,0.052392367
"forest-fires-un",4,7,affine,Greedy,8,8,2,18446744073709551615,0.027827788
"forest-fires-un",4,7,smart_certified,Greedy,8,8,2,18446744073709551615,0.174457936
"forest-fires-un",4,7,cals,SparseLookahead,16,8,2,18446744073709551615,1.77571493
"forest-fires-un",4,7,cals_compact_explain,SelectiveLookahead,16,4,2,18446744073709551615,0.290565851
"forest-fires-un",5,5,unary,Greedy,8,8,2,18446744073709551615,0.036104074
"forest-fires-un",5,5,horn,Greedy,8,8,2,18446744073709551615,0.024550791
"forest-fires-un",5,5,antihorn,Greedy,8,8,2,18446744073709551615,0.025308346
"forest-fires-un",5,5,square2cnf,Greedy,8,8,2,18446744073709551615,0.035201857
"forest-fires-un",5,5,affine,Greedy,8,8,2,18446744073709551615,0.015002934
"forest-fires-un",5,5,smart_certified,Greedy,8,8,2,18446744073709551615,0.110955062
"forest-fires-un",5,5,cals,SparseLookahead,16,8,2,18446744073709551615,0.383680827
"forest-fires-un",5,5,cals_compact_explain,SelectiveLookahead,16,4,2,18446744073709551615,0.228285474
"forest-fires-un",5,7,unary,Greedy,8,8,2,18446744073709551615,0.056317045
"forest-fires-un",5,7,horn,Greedy,8,8,2,18446744073709551615,0.031780616
"forest-fires-un",5,7,antihorn,Greedy,8,8,2,18446744073709551615,0.033009601
"forest-fires-un",5,7,square2cnf,Greedy,8,8,2,18446744073709551615,0.048612146
"forest-fires-un",5,7,affine,Greedy,8,8,2,18446744073709551615,0.019647658
"forest-fires-un",5,7,smart_certified,Greedy,8,8,2,18446744073709551615,0.146917204
"forest-fires-un",5,7,cals,SparseLookahead,16,8,2,18446744073709551615,0.413370368
"forest-fires-un",5,7,cals_compact_explain,SelectiveLookahead,16,4,2,18446744073709551615,0.258754307
"forest-fires-un",6,5,unary,Greedy,8,8,2,18446744073709551615,0.036502144
"forest-fires-un",6,5,horn,Greedy,8,8,2,18446744073709551615,0.025292172
"forest-fires-un",6,5,antihorn,Greedy,8,8,2,18446744073709551615,0.025589193
"forest-fires-un",6,5,square2cnf,Greedy,8,8,2,18446744073709551615,0.03474647
"forest-fires-un",6,5,affine,Greedy,8,8,2,18446744073709551615,0.017936952
"forest-fires-un",6,5,smart_certified,Greedy,8,8,2,18446744073709551615,0.114120459
"forest-fires-un",6,5,cals,SparseLookahead,16,8,2,18446744073709551615,0.653384572
"forest-fires-un",6,5,cals_compact_explain,SelectiveLookahead,16,4,2,18446744073709551615,0.204012571
"forest-fires-un",6,7,unary,Greedy,8,8,2,18446744073709551615,0.049700246
"forest-fires-un",6,7,horn,Greedy,8,8,2,18446744073709551615,0.033835921
"forest-fires-un",6,7,antihorn,Greedy,8,8,2,18446744073709551615,0.03866843
"forest-fires-un",6,7,square2cnf,Greedy,8,8,2,18446744073709551615,0.048604828
"forest-fires-un",6,7,affine,Greedy,8,8,2,18446744073709551615,0.026372046
"forest-fires-un",6,7,smart_certified,Greedy,8,8,2,18446744073709551615,0.165207096
"forest-fires-un",6,7,cals,SparseLookahead,16,8,2,18446744073709551615,0.723142875
"forest-fires-un",6,7,cals_compact_explain,SelectiveLookahead,16,4,2,18446744073709551615,0.230137845
"forest-fires-un",7,5,unary,Greedy,8,8,2,18446744073709551615,0.036183379
"forest-fires-un",7,5,horn,Greedy,8,8,2,18446744073709551615,0.024883229
"forest-fires-un",7,5,antihorn,Greedy,8,8,2,18446744073709551615,0.026844978
"forest-fires-un",7,5,square2cnf,Greedy,8,8,2,18446744073709551615,0.035800115
"forest-fires-un",7,5,affine,Greedy,8,8,2,18446744073709551615,0.01868571
"forest-fires-un",7,5,smart_certified,Greedy,8,8,2,18446744073709551615,0.110630909
"forest-fires-un",7,5,cals,SparseLookahead,16,8,2,18446744073709551615,0.509377818
"forest-fires-un",7,5,cals_compact_explain,SelectiveLookahead,16,4,2,18446744073709551615,0.202204946
"forest-fires-un",7,7,unary,Greedy,8,8,2,18446744073709551615,0.049986089
"forest-fires-un",7,7,horn,Greedy,8,8,2,18446744073709551615,0.032553942
"forest-fires-un",7,7,antihorn,Greedy,8,8,2,18446744073709551615,0.035106266
"forest-fires-un",7,7,square2cnf,Greedy,8,8,2,18446744073709551615,0.053487912
"forest-fires-un",7,7,affine,Greedy,8,8,2,18446744073709551615,0.02987295
"forest-fires-un",7,7,smart_certified,Greedy,8,8,2,18446744073709551615,0.160671251
"forest-fires-un",7,7,cals,SparseLookahead,16,8,2,18446744073709551615,0.596917722
"forest-fires-un",7,7,cals_compact_explain,SelectiveLookahead,16,4,2,18446744073709551615,0.22927868
"forest-fires-un",8,5,unary,Greedy,8,8,2,18446744073709551615,0.037141713
"forest-fires-un",8,5,horn,Greedy,8,8,2,18446744073709551615,0.02800938
"forest-fires-un",8,5,antihorn,Greedy,8,8,2,18446744073709551615,0.02737544
"forest-fires-un",8,5,square2cnf,Greedy,8,8,2,18446744073709551615,0.039811008
"forest-fires-un",8,5,affine,Greedy,8,8,2,18446744073709551615,0.0179454
"forest-fires-un",8,5,smart_certified,Greedy,8,8,2,18446744073709551615,0.122723507
"forest-fires-un",8,5,cals,SparseLookahead,16,8,2,18446744073709551615,0.291144042
"forest-fires-un",8,5,cals_compact_explain,SelectiveLookahead,16,4,2,18446744073709551615,0.262647551
"forest-fires-un",8,7,unary,Greedy,8,8,2,18446744073709551615,0.051410513
"forest-fires-un",8,7,horn,Greedy,8,8,2,18446744073709551615,0.03486382
"forest-fires-un",8,7,antihorn,Greedy,8,8,2,18446744073709551615,0.03616083
"forest-fires-un",8,7,square2cnf,Greedy,8,8,2,18446744073709551615,0.057118438
"forest-fires-un",8,7,affine,Greedy,8,8,2,18446744073709551615,0.025988884
"forest-fires-un",8,7,smart_certified,Greedy,8,8,2,18446744073709551615,0.175348294
"forest-fires-un",8,7,cals,SparseLookahead,16,8,2,18446744073709551615,0.315410325
"forest-fires-un",8,7,cals_compact_explain,SelectiveLookahead,16,4,2,18446744073709551615,0.293172901
"forest-fires-un",9,5,unary,Greedy,8,8,2,18446744073709551615,0.036433299
"forest-fires-un",9,5,horn,Greedy,8,8,2,18446744073709551615,0.024033167
"forest-fires-un",9,5,antihorn,Greedy,8,8,2,18446744073709551615,0.024247387
"forest-fires-un",9,5,square2cnf,Greedy,8,8,2,18446744073709551615,0.030844707
"forest-fires-un",9,5,affine,Greedy,8,8,2,18446744073709551615,0.01371783
"forest-fires-un",9,5,smart_certified,Greedy,8,8,2,18446744073709551615,0.108985346
"forest-fires-un",9,5,cals,SparseLookahead,16,8,2,18446744073709551615,0.275622314
"forest-fires-un",9,5,cals_compact_explain,SelectiveLookahead,16,4,2,18446744073709551615,0.278970548
"forest-fires-un",9,7,unary,Greedy,8,8,2,18446744073709551615,0.048454333
"forest-fires-un",9,7,horn,Greedy,8,8,2,18446744073709551615,0.032462675
"forest-fires-un",9,7,antihorn,Greedy,8,8,2,18446744073709551615,0.031901812
"forest-fires-un",9,7,square2cnf,Greedy,8,8,2,18446744073709551615,0.04094305
"forest-fires-un",9,7,affine,Greedy,8,8,2,18446744073709551615,0.019149778
"forest-fires-un",9,7,smart_certified,Greedy,8,8,2,18446744073709551615,0.147530443
"forest-fires-un",9,7,cals,SparseLookahead,16,8,2,18446744073709551615,0.315421642
"forest-fires-un",9,7,cals_compact_explain,SelectiveLookahead,16,4,2,18446744073709551615,0.318856906
"german-credit",0,5,unary,Greedy,8,8,2,18446744073709551615,0.008040326
"german-credit",0,5,horn,Greedy,8,8,2,18446744073709551615,0.01221037
"german-credit",0,5,antihorn,Greedy,8,8,2,18446744073709551615,0.012874567
"german-credit",0,5,square2cnf,Greedy,8,8,2,18446744073709551615,0.072353767
"german-credit",0,5,affine,Greedy,8,8,2,18446744073709551615,0.045357317
"german-credit",0,5,smart_certified,Greedy,8,8,2,18446744073709551615,0.09851722
"german-credit",0,5,cals,SparseLookahead,16,8,2,18446744073709551615,21.528465899
"german-credit",0,5,cals_compact_explain,SelectiveLookahead,16,4,2,18446744073709551615,5.317046318
"german-credit",0,7,unary,Greedy,8,8,2,18446744073709551615,0.013803743
"german-credit",0,7,horn,Greedy,8,8,2,18446744073709551615,0.020855385
"german-credit",0,7,antihorn,Greedy,8,8,2,18446744073709551615,0.022637984
"german-credit",0,7,square2cnf,Greedy,8,8,2,18446744073709551615,0.150455627
"german-credit",0,7,affine,Greedy,8,8,2,18446744073709551615,0.083948742
"german-credit",0,7,smart_certified,Greedy,8,8,2,18446744073709551615,0.182997685
"german-credit",0,7,cals,SparseLookahead,16,8,2,18446744073709551615,41.059444071
"german-credit",0,7,cals_compact_explain,SelectiveLookahead,16,4,2,18446744073709551615,10.076245968
"german-credit",1,5,unary,Greedy,8,8,2,18446744073709551615,0.008897173
"german-credit",1,5,horn,Greedy,8,8,2,18446744073709551615,0.012448159
"german-credit",1,5,antihorn,Greedy,8,8,2,18446744073709551615,0.01381274
"german-credit",1,5,square2cnf,Greedy,8,8,2,18446744073709551615,0.076728449
"german-credit",1,5,affine,Greedy,8,8,2,18446744073709551615,0.041516434
"german-credit",1,5,smart_certified,Greedy,8,8,2,18446744073709551615,0.152527508
"german-credit",1,5,cals,SparseLookahead,16,8,2,18446744073709551615,17.911509803
"german-credit",1,5,cals_compact_explain,SelectiveLookahead,16,4,2,18446744073709551615,4.672653576
"german-credit",1,7,unary,Greedy,8,8,2,18446744073709551615,0.017808489
"german-credit",1,7,horn,Greedy,8,8,2,18446744073709551615,0.020226724
"german-credit",1,7,antihorn,Greedy,8,8,2,18446744073709551615,0.02374449
"german-credit",1,7,square2cnf,Greedy,8,8,2,18446744073709551615,0.168730998
"german-credit",1,7,affine,Greedy,8,8,2,18446744073709551615,0.094055263
"german-credit",1,7,smart_certified,Greedy,8,8,2,18446744073709551615,0.510623124
"german-credit",1,7,cals,SparseLookahead,16,8,2,18446744073709551615,29.805989716
"german-credit",1,7,cals_compact_explain,SelectiveLookahead,16,4,2,18446744073709551615,7.7059055579999995
"german-credit",2,5,unary,Greedy,8,8,2,18446744073709551615,0.010155665
"german-credit",2,5,horn,Greedy,8,8,2,18446744073709551615,0.011641688
"german-credit",2,5,antihorn,Greedy,8,8,2,18446744073709551615,0.01340948
"german-credit",2,5,square2cnf,Greedy,8,8,2,18446744073709551615,0.077353028
"german-credit",2,5,affine,Greedy,8,8,2,18446744073709551615,0.046886109
"german-credit",2,5,smart_certified,Greedy,8,8,2,18446744073709551615,0.146642344
"german-credit",2,5,cals,SparseLookahead,16,8,2,18446744073709551615,0.153024886
"german-credit",2,5,cals_compact_explain,SelectiveLookahead,16,4,2,18446744073709551615,0.069267271
"german-credit",2,7,unary,Greedy,8,8,2,18446744073709551615,0.015834372
"german-credit",2,7,horn,Greedy,8,8,2,18446744073709551615,0.019237139
"german-credit",2,7,antihorn,Greedy,8,8,2,18446744073709551615,0.022606934
"german-credit",2,7,square2cnf,Greedy,8,8,2,18446744073709551615,0.149524976
"german-credit",2,7,affine,Greedy,8,8,2,18446744073709551615,0.091415348
"german-credit",2,7,smart_certified,Greedy,8,8,2,18446744073709551615,0.280224482
"german-credit",2,7,cals,SparseLookahead,16,8,2,18446744073709551615,0.192435856
"german-credit",2,7,cals_compact_explain,SelectiveLookahead,16,4,2,18446744073709551615,0.095228931
"german-credit",3,5,unary,Greedy,8,8,2,18446744073709551615,0.008727146
"german-credit",3,5,horn,Greedy,8,8,2,18446744073709551615,0.012247171
"german-credit",3,5,antihorn,Greedy,8,8,2,18446744073709551615,0.012610044
"german-credit",3,5,square2cnf,Greedy,8,8,2,18446744073709551615,0.076574118
"german-credit",3,5,affine,Greedy,8,8,2,18446744073709551615,0.034303399
"german-credit",3,5,smart_certified,Greedy,8,8,2,18446744073709551615,0.116480948
"german-credit",3,5,cals,SparseLookahead,16,8,2,18446744073709551615,1.5362250689999999
"german-credit",3,5,cals_compact_explain,SelectiveLookahead,16,4,2,18446744073709551615,0.11467994
"german-credit",3,7,unary,Greedy,8,8,2,18446744073709551615,0.015797512
"german-credit",3,7,horn,Greedy,8,8,2,18446744073709551615,0.022960352
"german-credit",3,7,antihorn,Greedy,8,8,2,18446744073709551615,0.023622422
"german-credit",3,7,square2cnf,Greedy,8,8,2,18446744073709551615,0.135541691
"german-credit",3,7,affine,Greedy,8,8,2,18446744073709551615,0.079652496
"german-credit",3,7,smart_certified,Greedy,8,8,2,18446744073709551615,0.180386424
"german-credit",3,7,cals,SparseLookahead,16,8,2,18446744073709551615,1.7209206240000001
"german-credit",3,7,cals_compact_explain,SelectiveLookahead,16,4,2,18446744073709551615,0.170289793
"german-credit",4,5,unary,Greedy,8,8,2,18446744073709551615,0.008965292
"german-credit",4,5,horn,Greedy,8,8,2,18446744073709551615,0.01224598
"german-credit",4,5,antihorn,Greedy,8,8,2,18446744073709551615,0.012424533
"german-credit",4,5,square2cnf,Greedy,8,8,2,18446744073709551615,0.091890833
"german-credit",4,5,affine,Greedy,8,8,2,18446744073709551615,0.028999111
"german-credit",4,5,smart_certified,Greedy,8,8,2,18446744073709551615,0.138002968
"german-credit",4,5,cals,SparseLookahead,16,8,2,18446744073709551615,19.141854909
"german-credit",4,5,cals_compact_explain,SelectiveLookahead,16,4,2,18446744073709551615,0.098447251
"german-credit",4,7,unary,Greedy,8,8,2,18446744073709551615,0.016736388
"german-credit",4,7,horn,Greedy,8,8,2,18446744073709551615,0.021316176
"german-credit",4,7,antihorn,Greedy,8,8,2,18446744073709551615,0.023954484
"german-credit",4,7,square2cnf,Greedy,8,8,2,18446744073709551615,0.157400776
"german-credit",4,7,affine,Greedy,8,8,2,18446744073709551615,0.055341639
"german-credit",4,7,smart_certified,Greedy,8,8,2,18446744073709551615,0.368429359
"german-credit",4,7,cals,SparseLookahead,16,8,2,18446744073709551615,32.243690894
"german-credit",4,7,cals_compact_explain,SelectiveLookahead,16,4,2,18446744073709551615,0.135212365
"german-credit",5,5,unary,Greedy,8,8,2,18446744073709551615,0.008814413
"german-credit",5,5,horn,Greedy,8,8,2,18446744073709551615,0.01351079
"german-credit",5,5,antihorn,Greedy,8,8,2,18446744073709551615,0.013559526
"german-credit",5,5,square2cnf,Greedy,8,8,2,18446744073709551615,0.06983718
"german-credit",5,5,affine,Greedy,8,8,2,18446744073709551615,0.039583517
"german-credit",5,5,smart_certified,Greedy,8,8,2,18446744073709551615,0.122825456
"german-credit",5,5,cals,SparseLookahead,16,8,2,18446744073709551615,18.553464171
"german-credit",5,5,cals_compact_explain,SelectiveLookahead,16,4,2,18446744073709551615,5.322983517
"german-credit",5,7,unary,Greedy,8,8,2,18446744073709551615,0.01579031
"german-credit",5,7,horn,Greedy,8,8,2,18446744073709551615,0.024171253
"german-credit",5,7,antihorn,Greedy,8,8,2,18446744073709551615,0.023430713
"german-credit",5,7,square2cnf,Greedy,8,8,2,18446744073709551615,0.143474177
"german-credit",5,7,affine,Greedy,8,8,2,18446744073709551615,0.087380749
"german-credit",5,7,smart_certified,Greedy,8,8,2,18446744073709551615,0.250165861
"german-credit",5,7,cals,SparseLookahead,16,8,2,18446744073709551615,29.003818398
"german-credit",5,7,cals_compact_explain,SelectiveLookahead,16,4,2,18446744073709551615,9.26685076
"german-credit",6,5,unary,Greedy,8,8,2,18446744073709551615,0.008694994
"german-credit",6,5,horn,Greedy,8,8,2,18446744073709551615,0.010554774
"german-credit",6,5,antihorn,Greedy,8,8,2,18446744073709551615,0.010546105
"german-credit",6,5,square2cnf,Greedy,8,8,2,18446744073709551615,0.06013295
"german-credit",6,5,affine,Greedy,8,8,2,18446744073709551615,0.04318556
"german-credit",6,5,smart_certified,Greedy,8,8,2,18446744073709551615,0.124089365
"german-credit",6,5,cals,SparseLookahead,16,8,2,18446744073709551615,17.991936626
"german-credit",6,5,cals_compact_explain,SelectiveLookahead,16,4,2,18446744073709551615,5.531740827
"german-credit",6,7,unary,Greedy,8,8,2,18446744073709551615,0.015386052
"german-credit",6,7,horn,Greedy,8,8,2,18446744073709551615,0.016496164
"german-credit",6,7,antihorn,Greedy,8,8,2,18446744073709551615,0.017000011
"german-credit",6,7,square2cnf,Greedy,8,8,2,18446744073709551615,0.121926441
"german-credit",6,7,affine,Greedy,8,8,2,18446744073709551615,0.092801628
"german-credit",6,7,smart_certified,Greedy,8,8,2,18446744073709551615,0.200392007
"german-credit",6,7,cals,SparseLookahead,16,8,2,18446744073709551615,33.938642394
"german-credit",6,7,cals_compact_explain,SelectiveLookahead,16,4,2,18446744073709551615,7.976292208
"german-credit",7,5,unary,Greedy,8,8,2,18446744073709551615,0.008098731
"german-credit",7,5,horn,Greedy,8,8,2,18446744073709551615,0.012684672
"german-credit",7,5,antihorn,Greedy,8,8,2,18446744073709551615,0.014109893
"german-credit",7,5,square2cnf,Greedy,8,8,2,18446744073709551615,0.077878059
"german-credit",7,5,affine,Greedy,8,8,2,18446744073709551615,0.040351944
"german-credit",7,5,smart_certified,Greedy,8,8,2,18446744073709551615,0.108618726
"german-credit",7,5,cals,SparseLookahead,16,8,2,18446744073709551615,1.47442519
"german-credit",7,5,cals_compact_explain,SelectiveLookahead,16,4,2,18446744073709551615,0.751453027
"german-credit",7,7,unary,Greedy,8,8,2,18446744073709551615,0.015403455
"german-credit",7,7,horn,Greedy,8,8,2,18446744073709551615,0.02136046
"german-credit",7,7,antihorn,Greedy,8,8,2,18446744073709551615,0.024619241
"german-credit",7,7,square2cnf,Greedy,8,8,2,18446744073709551615,0.123580294
"german-credit",7,7,affine,Greedy,8,8,2,18446744073709551615,0.087061898
"german-credit",7,7,smart_certified,Greedy,8,8,2,18446744073709551615,0.204534719
"german-credit",7,7,cals,SparseLookahead,16,8,2,18446744073709551615,1.6775233429999998
"german-credit",7,7,cals_compact_explain,SelectiveLookahead,16,4,2,18446744073709551615,0.804247941
"german-credit",8,5,unary,Greedy,8,8,2,18446744073709551615,0.008493172
"german-credit",8,5,horn,Greedy,8,8,2,18446744073709551615,0.012650474
"german-credit",8,5,antihorn,Greedy,8,8,2,18446744073709551615,0.014134878
"german-credit",8,5,square2cnf,Greedy,8,8,2,18446744073709551615,0.067808418
"german-credit",8,5,affine,Greedy,8,8,2,18446744073709551615,0.037547816
"german-credit",8,5,smart_certified,Greedy,8,8,2,18446744073709551615,0.119217501
"german-credit",8,5,cals,SparseLookahead,16,8,2,18446744073709551615,23.371155706
"german-credit",8,5,cals_compact_explain,SelectiveLookahead,16,4,2,18446744073709551615,5.365939045
"german-credit",8,7,unary,Greedy,8,8,2,18446744073709551615,0.014717214
"german-credit",8,7,horn,Greedy,8,8,2,18446744073709551615,0.019079765
"german-credit",8,7,antihorn,Greedy,8,8,2,18446744073709551615,0.024835779
"german-credit",8,7,square2cnf,Greedy,8,8,2,18446744073709551615,0.142508581
"german-credit",8,7,affine,Greedy,8,8,2,18446744073709551615,0.088651073
"german-credit",8,7,smart_certified,Greedy,8,8,2,18446744073709551615,0.208272009
"german-credit",8,7,cals,SparseLookahead,16,8,2,18446744073709551615,37.531160571
"german-credit",8,7,cals_compact_explain,SelectiveLookahead,16,4,2,18446744073709551615,9.164024805
"german-credit",9,5,unary,Greedy,8,8,2,18446744073709551615,0.008675522
"german-credit",9,5,horn,Greedy,8,8,2,18446744073709551615,0.013193202
"german-credit",9,5,antihorn,Greedy,8,8,2,18446744073709551615,0.011606545
"german-credit",9,5,square2cnf,Greedy,8,8,2,18446744073709551615,0.071666684
"german-credit",9,5,affine,Greedy,8,8,2,18446744073709551615,0.039289738
"german-credit",9,5,smart_certified,Greedy,8,8,2,18446744073709551615,0.119896934
"german-credit",9,5,cals,SparseLookahead,16,8,2,18446744073709551615,16.881306816
"german-credit",9,5,cals_compact_explain,SelectiveLookahead,16,4,2,18446744073709551615,4.608608778
"german-credit",9,7,unary,Greedy,8,8,2,18446744073709551615,0.016406292
"german-credit",9,7,horn,Greedy,8,8,2,18446744073709551615,0.023440838
"german-credit",9,7,antihorn,Greedy,8,8,2,18446744073709551615,0.021346815
"german-credit",9,7,square2cnf,Greedy,8,8,2,18446744073709551615,0.16373837
"german-credit",9,7,affine,Greedy,8,8,2,18446744073709551615,0.078517446
"german-credit",9,7,smart_certified,Greedy,8,8,2,18446744073709551615,0.194171977
"german-credit",9,7,cals,SparseLookahead,16,8,2,18446744073709551615,30.451846052
"german-credit",9,7,cals_compact_explain,SelectiveLookahead,16,4,2,18446744073709551615,8.385111984
"heart-cleveland",0,5,unary,Greedy,8,8,2,18446744073709551615,0.01187843
"heart-cleveland",0,5,horn,Greedy,8,8,2,18446744073709551615,0.004685091
"heart-cleveland",0,5,antihorn,Greedy,8,8,2,18446744073709551615,0.004535129
"heart-cleveland",0,5,square2cnf,Greedy,8,8,2,18446744073709551615,0.022621765
"heart-cleveland",0,5,affine,Greedy,8,8,2,18446744073709551615,0.015952595
"heart-cleveland",0,5,smart_certified,Greedy,8,8,2,18446744073709551615,0.0170347
"heart-cleveland",0,5,cals,SparseLookahead,16,8,2,18446744073709551615,12.475368386
"heart-cleveland",0,5,cals_compact_explain,SelectiveLookahead,16,4,2,18446744073709551615,1.838074819
"heart-cleveland",0,7,unary,Greedy,8,8,2,18446744073709551615,0.006633657
"heart-cleveland",0,7,horn,Greedy,8,8,2,18446744073709551615,0.006003649
"heart-cleveland",0,7,antihorn,Greedy,8,8,2,18446744073709551615,0.006105923
"heart-cleveland",0,7,square2cnf,Greedy,8,8,2,18446744073709551615,0.027577343
"heart-cleveland",0,7,affine,Greedy,8,8,2,18446744073709551615,0.020102036
"heart-cleveland",0,7,smart_certified,Greedy,8,8,2,18446744073709551615,0.020813207
"heart-cleveland",0,7,cals,SparseLookahead,16,8,2,18446744073709551615,13.010974089
"heart-cleveland",0,7,cals_compact_explain,SelectiveLookahead,16,4,2,18446744073709551615,1.972611592
"heart-cleveland",1,5,unary,Greedy,8,8,2,18446744073709551615,0.004544668
"heart-cleveland",1,5,horn,Greedy,8,8,2,18446744073709551615,0.004191968
"heart-cleveland",1,5,antihorn,Greedy,8,8,2,18446744073709551615,0.004341106
"heart-cleveland",1,5,square2cnf,Greedy,8,8,2,18446744073709551615,0.024576907
"heart-cleveland",1,5,affine,Greedy,8,8,2,18446744073709551615,0.014221217
"heart-cleveland",1,5,smart_certified,Greedy,8,8,2,18446744073709551615,0.037293574
"heart-cleveland",1,5,cals,SparseLookahead,16,8,2,18446744073709551615,15.033712875
"heart-cleveland",1,5,cals_compact_explain,SelectiveLookahead,16,4,2,18446744073709551615,3.172340024
"heart-cleveland",1,7,unary,Greedy,8,8,2,18446744073709551615,0.006842505
"heart-cleveland",1,7,horn,Greedy,8,8,2,18446744073709551615,0.005851744
"heart-cleveland",1,7,antihorn,Greedy,8,8,2,18446744073709551615,0.005936472
"heart-cleveland",1,7,square2cnf,Greedy,8,8,2,18446744073709551615,0.033713442
"heart-cleveland",1,7,affine,Greedy,8,8,2,18446744073709551615,0.020418435
"heart-cleveland",1,7,smart_certified,Greedy,8,8,2,18446744073709551615,0.041664528
"heart-cleveland",1,7,cals,SparseLookahead,16,8,2,18446744073709551615,16.636959848
"heart-cleveland",1,7,cals_compact_explain,SelectiveLookahead,16,4,2,18446744073709551615,3.934744071
"heart-cleveland",2,5,unary,Greedy,8,8,2,18446744073709551615,0.004374442
"heart-cleveland",2,5,horn,Greedy,8,8,2,18446744073709551615,0.004570946
"heart-cleveland",2,5,antihorn,Greedy,8,8,2,18446744073709551615,0.004576042
"heart-cleveland",2,5,square2cnf,Greedy,8,8,2,18446744073709551615,0.023192675
"heart-cleveland",2,5,affine,Greedy,8,8,2,18446744073709551615,0.015119498
"heart-cleveland",2,5,smart_certified,Greedy,8,8,2,18446744073709551615,0.033367896
"heart-cleveland",2,5,cals,SparseLookahead,16,8,2,18446744073709551615,14.663865853
"heart-cleveland",2,5,cals_compact_explain,SelectiveLookahead,16,4,2,18446744073709551615,3.075520466
"heart-cleveland",2,7,unary,Greedy,8,8,2,18446744073709551615,0.007137073
"heart-cleveland",2,7,horn,Greedy,8,8,2,18446744073709551615,0.00681714
"heart-cleveland",2,7,antihorn,Greedy,8,8,2,18446744073709551615,0.006099669
"heart-cleveland",2,7,square2cnf,Greedy,8,8,2,18446744073709551615,0.031270982
"heart-cleveland",2,7,affine,Greedy,8,8,2,18446744073709551615,0.020305987
"heart-cleveland",2,7,smart_certified,Greedy,8,8,2,18446744073709551615,0.036812783
"heart-cleveland",2,7,cals,SparseLookahead,16,8,2,18446744073709551615,16.690937125
"heart-cleveland",2,7,cals_compact_explain,SelectiveLookahead,16,4,2,18446744073709551615,4.142807209
"heart-cleveland",3,5,unary,Greedy,8,8,2,18446744073709551615,0.004727488
"heart-cleveland",3,5,horn,Greedy,8,8,2,18446744073709551615,0.004213392
"heart-cleveland",3,5,antihorn,Greedy,8,8,2,18446744073709551615,0.004440592
"heart-cleveland",3,5,square2cnf,Greedy,8,8,2,18446744073709551615,0.021966766
"heart-cleveland",3,5,affine,Greedy,8,8,2,18446744073709551615,0.016953556
"heart-cleveland",3,5,smart_certified,Greedy,8,8,2,18446744073709551615,0.029845215
"heart-cleveland",3,5,cals,SparseLookahead,16,8,2,18446744073709551615,12.920052032
"heart-cleveland",3,5,cals_compact_explain,SelectiveLookahead,16,4,2,18446744073709551615,3.66933337
"heart-cleveland",3,7,unary,Greedy,8,8,2,18446744073709551615,0.006916543
"heart-cleveland",3,7,horn,Greedy,8,8,2,18446744073709551615,0.005052536
"heart-cleveland",3,7,antihorn,Greedy,8,8,2,18446744073709551615,0.005271777
"heart-cleveland",3,7,square2cnf,Greedy,8,8,2,18446744073709551615,0.030821341
"heart-cleveland",3,7,affine,Greedy,8,8,2,18446744073709551615,0.020763823
"heart-cleveland",3,7,smart_certified,Greedy,8,8,2,18446744073709551615,0.034246868
"heart-cleveland",3,7,cals,SparseLookahead,16,8,2,18446744073709551615,13.542505504
"heart-cleveland",3,7,cals_compact_explain,SelectiveLookahead,16,4,2,18446744073709551615,3.797586117
"heart-cleveland",4,5,unary,Greedy,8,8,2,18446744073709551615,0.00453372
"heart-cleveland",4,5,horn,Greedy,8,8,2,18446744073709551615,0.003821696
"heart-cleveland",4,5,antihorn,Greedy,8,8,2,18446744073709551615,0.003756225
"heart-cleveland",4,5,square2cnf,Greedy,8,8,2,18446744073709551615,0.017080754
"heart-cleveland",4,5,affine,Greedy,8,8,2,18446744073709551615,0.016373096
"heart-cleveland",4,5,smart_certified,Greedy,8,8,2,18446744073709551615,0.040867489
"heart-cleveland",4,5,cals,SparseLookahead,16,8,2,18446744073709551615,13.926090872
"heart-cleveland",4,5,cals_compact_explain,SelectiveLookahead,16,4,2,18446744073709551615,3.34023856
"heart-cleveland",4,7,unary,Greedy,8,8,2,18446744073709551615,0.006521318
"heart-cleveland",4,7,horn,Greedy,8,8,2,18446744073709551615,0.005496489
"heart-cleveland",4,7,antihorn,Greedy,8,8,2,18446744073709551615,0.005463017
"heart-cleveland",4,7,square2cnf,Greedy,8,8,2,18446744073709551615,0.027658157
"heart-cleveland",4,7,affine,Greedy,8,8,2,18446744073709551615,0.02113916
"heart-cleveland",4,7,smart_certified,Greedy,8,8,2,18446744073709551615,0.048602953
"heart-cleveland",4,7,cals,SparseLookahead,16,8,2,18446744073709551615,15.290888166
"heart-cleveland",4,7,cals_compact_explain,SelectiveLookahead,16,4,2,18446744073709551615,4.073528966
"heart-cleveland",5,5,unary,Greedy,8,8,2,18446744073709551615,0.004042043
"heart-cleveland",5,5,horn,Greedy,8,8,2,18446744073709551615,0.004899308
"heart-cleveland",5,5,antihorn,Greedy,8,8,2,18446744073709551615,0.004975997
"heart-cleveland",5,5,square2cnf,Greedy,8,8,2,18446744073709551615,0.024000131
"heart-cleveland",5,5,affine,Greedy,8,8,2,18446744073709551615,0.013973445
"heart-cleveland",5,5,smart_certified,Greedy,8,8,2,18446744073709551615,0.027595764
"heart-cleveland",5,5,cals,SparseLookahead,16,8,2,18446744073709551615,12.490577078
"heart-cleveland",5,5,cals_compact_explain,SelectiveLookahead,16,4,2,18446744073709551615,2.467551965
"heart-cleveland",5,7,unary,Greedy,8,8,2,18446744073709551615,0.005231963
"heart-cleveland",5,7,horn,Greedy,8,8,2,18446744073709551615,0.006593466
"heart-cleveland",5,7,antihorn,Greedy,8,8,2,18446744073709551615,0.006484756
"heart-cleveland",5,7,square2cnf,Greedy,8,8,2,18446744073709551615,0.02946239
"heart-cleveland",5,7,affine,Greedy,8,8,2,18446744073709551615,0.020546799
"heart-cleveland",5,7,smart_certified,Greedy,8,8,2,18446744073709551615,0.032827949
"heart-cleveland",5,7,cals,SparseLookahead,16,8,2,18446744073709551615,15.482245817
"heart-cleveland",5,7,cals_compact_explain,SelectiveLookahead,16,4,2,18446744073709551615,3.321624428
"heart-cleveland",6,5,unary,Greedy,8,8,2,18446744073709551615,0.004508944
"heart-cleveland",6,5,horn,Greedy,8,8,2,18446744073709551615,0.004745696
"heart-cleveland",6,5,antihorn,Greedy,8,8,2,18446744073709551615,0.004688997
"heart-cleveland",6,5,square2cnf,Greedy,8,8,2,18446744073709551615,0.025380425
"heart-cleveland",6,5,affine,Greedy,8,8,2,18446744073709551615,0.015128782
"heart-cleveland",6,5,smart_certified,Greedy,8,8,2,18446744073709551615,0.035293135
"heart-cleveland",6,5,cals,SparseLookahead,16,8,2,18446744073709551615,0.37887874
"heart-cleveland",6,5,cals_compact_explain,SelectiveLookahead,16,4,2,18446744073709551615,3.657529121
"heart-cleveland",6,7,unary,Greedy,8,8,2,18446744073709551615,0.006710122
"heart-cleveland",6,7,horn,Greedy,8,8,2,18446744073709551615,0.006015814
"heart-cleveland",6,7,antihorn,Greedy,8,8,2,18446744073709551615,0.006132324
"heart-cleveland",6,7,square2cnf,Greedy,8,8,2,18446744073709551615,0.034214169
"heart-cleveland",6,7,affine,Greedy,8,8,2,18446744073709551615,0.019587414
"heart-cleveland",6,7,smart_certified,Greedy,8,8,2,18446744073709551615,0.039333805
"heart-cleveland",6,7,cals,SparseLookahead,16,8,2,18446744073709551615,0.419033496
"heart-cleveland",6,7,cals_compact_explain,SelectiveLookahead,16,4,2,18446744073709551615,4.059664377
"heart-cleveland",7,5,unary,Greedy,8,8,2,18446744073709551615,0.004373832
"heart-cleveland",7,5,horn,Greedy,8,8,2,18446744073709551615,0.004599267
"heart-cleveland",7,5,antihorn,Greedy,8,8,2,18446744073709551615,0.005001978
"heart-cleveland",7,5,square2cnf,Greedy,8,8,2,18446744073709551615,0.024918643
"heart-cleveland",7,5,affine,Greedy,8,8,2,18446744073709551615,0.014748808
"heart-cleveland",7,5,smart_certified,Greedy,8,8,2,18446744073709551615,0.019394998
"heart-cleveland",7,5,cals,SparseLookahead,16,8,2,18446744073709551615,13.124598103
"heart-cleveland",7,5,cals_compact_explain,SelectiveLookahead,16,4,2,18446744073709551615,3.396157932
"heart-cleveland",7,7,unary,Greedy,8,8,2,18446744073709551615,0.005843066
"heart-cleveland",7,7,horn,Greedy,8,8,2,18446744073709551615,0.005570471
"heart-cleveland",7,7,antihorn,Greedy,8,8,2,18446744073709551615,0.006250747
"heart-cleveland",7,7,square2cnf,Greedy,8,8,2,18446744073709551615,0.034630248
"heart-cleveland",7,7,affine,Greedy,8,8,2,18446744073709551615,0.020988557
"heart-cleveland",7,7,smart_certified,Greedy,8,8,2,18446744073709551615,0.02153089
"heart-cleveland",7,7,cals,SparseLookahead,16,8,2,18446744073709551615,13.744625391
"heart-cleveland",7,7,cals_compact_explain,SelectiveLookahead,16,4,2,18446744073709551615,2.528788086
"heart-cleveland",8,5,unary,Greedy,8,8,2,18446744073709551615,0.004259313
"heart-cleveland",8,5,horn,Greedy,8,8,2,18446744073709551615,0.004871215
"heart-cleveland",8,5,antihorn,Greedy,8,8,2,18446744073709551615,0.005143615
"heart-cleveland",8,5,square2cnf,Greedy,8,8,2,18446744073709551615,0.026631442
"heart-cleveland",8,5,affine,Greedy,8,8,2,18446744073709551615,0.015005015
"heart-cleveland",8,5,smart_certified,Greedy,8,8,2,18446744073709551615,0.035531039
"heart-cleveland",8,5,cals,SparseLookahead,16,8,2,18446744073709551615,12.051467925
"heart-cleveland",8,5,cals_compact_explain,SelectiveLookahead,16,4,2,18446744073709551615,3.281957705
"heart-cleveland",8,7,unary,Greedy,8,8,2,18446744073709551615,0.005774766
"heart-cleveland",8,7,horn,Greedy,8,8,2,18446744073709551615,0.006025572
"heart-cleveland",8,7,antihorn,Greedy,8,8,2,18446744073709551615,0.006231159
"heart-cleveland",8,7,square2cnf,Greedy,8,8,2,18446744073709551615,0.037353017
"heart-cleveland",8,7,affine,Greedy,8,8,2,18446744073709551615,0.021680139
"heart-cleveland",8,7,smart_certified,Greedy,8,8,2,18446744073709551615,0.046787295
"heart-cleveland",8,7,cals,SparseLookahead,16,8,2,18446744073709551615,12.149378115
"heart-cleveland",8,7,cals_compact_explain,SelectiveLookahead,16,4,2,18446744073709551615,3.313751452
"heart-cleveland",9,5,unary,Greedy,8,8,2,18446744073709551615,0.004247691
"heart-cleveland",9,5,horn,Greedy,8,8,2,18446744073709551615,0.004714049
"heart-cleveland",9,5,antihorn,Greedy,8,8,2,18446744073709551615,0.004738038
"heart-cleveland",9,5,square2cnf,Greedy,8,8,2,18446744073709551615,0.026908803
"heart-cleveland",9,5,affine,Greedy,8,8,2,18446744073709551615,0.014278596
"heart-cleveland",9,5,smart_certified,Greedy,8,8,2,18446744073709551615,0.046093318
"heart-cleveland",9,5,cals,SparseLookahead,16,8,2,18446744073709551615,13.902395347
"heart-cleveland",9,5,cals_compact_explain,SelectiveLookahead,16,4,2,18446744073709551615,2.361176298
"heart-cleveland",9,7,unary,Greedy,8,8,2,18446744073709551615,0.006280812
"heart-cleveland",9,7,horn,Greedy,8,8,2,18446744073709551615,0.005771993
"heart-cleveland",9,7,antihorn,Greedy,8,8,2,18446744073709551615,0.006063845
"heart-cleveland",9,7,square2cnf,Greedy,8,8,2,18446744073709551615,0.033454872
"heart-cleveland",9,7,affine,Greedy,8,8,2,18446744073709551615,0.01964026
"heart-cleveland",9,7,smart_certified,Greedy,8,8,2,18446744073709551615,0.054438052
"heart-cleveland",9,7,cals,SparseLookahead,16,8,2,18446744073709551615,15.443181256
"heart-cleveland",9,7,cals_compact_explain,SelectiveLookahead,16,4,2,18446744073709551615,2.716749435
"hepatitis",0,5,unary,Greedy,8,8,2,18446744073709551615,0.006402446
"hepatitis",0,5,horn,Greedy,8,8,2,18446744073709551615,0.002221911
"hepatitis",0,5,antihorn,Greedy,8,8,2,18446744073709551615,0.001991786
"hepatitis",0,5,square2cnf,Greedy,8,8,2,18446744073709551615,0.012790264
"hepatitis",0,5,affine,Greedy,8,8,2,18446744073709551615,0.007993802
"hepatitis",0,5,smart_certified,Greedy,8,8,2,18446744073709551615,0.006078934
"hepatitis",0,5,cals,SparseLookahead,16,8,2,18446744073709551615,0.270316057
"hepatitis",0,5,cals_compact_explain,SelectiveLookahead,16,4,2,18446744073709551615,0.354683838
"hepatitis",0,7,unary,Greedy,8,8,2,18446744073709551615,0.002164588
"hepatitis",0,7,horn,Greedy,8,8,2,18446744073709551615,0.002156713
"hepatitis",0,7,antihorn,Greedy,8,8,2,18446744073709551615,0.00207715
"hepatitis",0,7,square2cnf,Greedy,8,8,2,18446744073709551615,0.011383705
"hepatitis",0,7,affine,Greedy,8,8,2,18446744073709551615,0.008834609
"hepatitis",0,7,smart_certified,Greedy,8,8,2,18446744073709551615,0.006253721
"hepatitis",0,7,cals,SparseLookahead,16,8,2,18446744073709551615,0.265320745
"hepatitis",0,7,cals_compact_explain,SelectiveLookahead,16,4,2,18446744073709551615,0.352571454
"hepatitis",1,5,unary,Greedy,8,8,2,18446744073709551615,0.00191186
"hepatitis",1,5,horn,Greedy,8,8,2,18446744073709551615,0.0021393
"hepatitis",1,5,antihorn,Greedy,8,8,2,18446744073709551615,0.002094204
"hepatitis",1,5,square2cnf,Greedy,8,8,2,18446744073709551615,0.012755371
"hepatitis",1,5,affine,Greedy,8,8,2,18446744073709551615,0.005917569
"hepatitis",1,5,smart_certified,Greedy,8,8,2,18446744073709551615,0.015561173
"hepatitis",1,5,cals,SparseLookahead,16,8,2,18446744073709551615,7.143832069
"hepatitis",1,5,cals_compact_explain,SelectiveLookahead,16,4,2,18446744073709551615,1.675552404
"hepatitis",1,7,unary,Greedy,8,8,2,18446744073709551615,0.001959326
"hepatitis",1,7,horn,Greedy,8,8,2,18446744073709551615,0.002093387
"hepatitis",1,7,antihorn,Greedy,8,8,2,18446744073709551615,0.002197084
"hepatitis",1,7,square2cnf,Greedy,8,8,2,18446744073709551615,0.012516595
"hepatitis",1,7,affine,Greedy,8,8,2,18446744073709551615,0.005858233
"hepatitis",1,7,smart_certified,Greedy,8,8,2,18446744073709551615,0.015939555
"hepatitis",1,7,cals,SparseLookahead,16,8,2,18446744073709551615,7.769222514
"hepatitis",1,7,cals_compact_explain,SelectiveLookahead,16,4,2,18446744073709551615,1.8712489369999998
"hepatitis",2,5,unary,Greedy,8,8,2,18446744073709551615,0.001973855
"hepatitis",2,5,horn,Greedy,8,8,2,18446744073709551615,0.001876401
"hepatitis",2,5,antihorn,Greedy,8,8,2,18446744073709551615,0.001862181
"hepatitis",2,5,square2cnf,Greedy,8,8,2,18446744073709551615,0.010062858
"hepatitis",2,5,affine,Greedy,8,8,2,18446744073709551615,0.007084123
"hepatitis",2,5,smart_certified,Greedy,8,8,2,18446744073709551615,0.005398144
"hepatitis",2,5,cals,SparseLookahead,16,8,2,18446744073709551615,6.478096183
"hepatitis",2,5,cals_compact_explain,SelectiveLookahead,16,4,2,18446744073709551615,1.475713772
"hepatitis",2,7,unary,Greedy,8,8,2,18446744073709551615,0.002125764
"hepatitis",2,7,horn,Greedy,8,8,2,18446744073709551615,0.001907448
"hepatitis",2,7,antihorn,Greedy,8,8,2,18446744073709551615,0.00192167
"hepatitis",2,7,square2cnf,Greedy,8,8,2,18446744073709551615,0.011102496
"hepatitis",2,7,affine,Greedy,8,8,2,18446744073709551615,0.007066993
"hepatitis",2,7,smart_certified,Greedy,8,8,2,18446744073709551615,0.006140108
"hepatitis",2,7,cals,SparseLookahead,16,8,2,18446744073709551615,6.454124484
"hepatitis",2,7,cals_compact_explain,SelectiveLookahead,16,4,2,18446744073709551615,1.4620345750000001
"hepatitis",3,5,unary,Greedy,8,8,2,18446744073709551615,0.001432942
"hepatitis",3,5,horn,Greedy,8,8,2,18446744073709551615,0.001817042
"hepatitis",3,5,antihorn,Greedy,8,8,2,18446744073709551615,0.00191216
"hepatitis",3,5,square2cnf,Greedy,8,8,2,18446744073709551615,0.010869199
"hepatitis",3,5,affine,Greedy,8,8,2,18446744073709551615,0.005599222
"hepatitis",3,5,smart_certified,Greedy,8,8,2,18446744073709551615,0.015056205
"hepatitis",3,5,cals,SparseLookahead,16,8,2,18446744073709551615,6.392405348
"hepatitis",3,5,cals_compact_explain,SelectiveLookahead,16,4,2,18446744073709551615,0.82154619
"hepatitis",3,7,unary,Greedy,8,8,2,18446744073709551615,0.001877584
"hepatitis",3,7,horn,Greedy,8,8,2,18446744073709551615,0.001823951
"hepatitis",3,7,antihorn,Greedy,8,8,2,18446744073709551615,0.001869269
"hepatitis",3,7,square2cnf,Greedy,8,8,2,18446744073709551615,0.011055533
"hepatitis",3,7,affine,Greedy,8,8,2,18446744073709551615,0.006193054
"hepatitis",3,7,smart_certified,Greedy,8,8,2,18446744073709551615,0.015130791
"hepatitis",3,7,cals,SparseLookahead,16,8,2,18446744073709551615,6.415243703
"hepatitis",3,7,cals_compact_explain,SelectiveLookahead,16,4,2,18446744073709551615,0.819483226
"hepatitis",4,5,unary,Greedy,8,8,2,18446744073709551615,0.001979838
"hepatitis",4,5,horn,Greedy,8,8,2,18446744073709551615,0.001811038
"hepatitis",4,5,antihorn,Greedy,8,8,2,18446744073709551615,0.001859386
"hepatitis",4,5,square2cnf,Greedy,8,8,2,18446744073709551615,0.009116857
"hepatitis",4,5,affine,Greedy,8,8,2,18446744073709551615,0.007092605
"hepatitis",4,5,smart_certified,Greedy,8,8,2,18446744073709551615,0.013599011
"hepatitis",4,5,cals,SparseLookahead,16,8,2,18446744073709551615,7.932437955
"hepatitis",4,5,cals_compact_explain,SelectiveLookahead,16,4,2,18446744073709551615,1.823938122
"hepatitis",4,7,unary,Greedy,8,8,2,18446744073709551615,0.002203616
"hepatitis",4,7,horn,Greedy,8,8,2,18446744073709551615,0.00241162
"hepatitis",4,7,antihorn,Greedy,8,8,2,18446744073709551615,0.002429086
"hepatitis",4,7,square2cnf,Greedy,8,8,2,18446744073709551615,0.013235335
"hepatitis",4,7,affine,Greedy,8,8,2,18446744073709551615,0.007983781
"hepatitis",4,7,smart_certified,Greedy,8,8,2,18446744073709551615,0.013934671
"hepatitis",4,7,cals,SparseLookahead,16,8,2,18446744073709551615,8.043637828
"hepatitis",4,7,cals_compact_explain,SelectiveLookahead,16,4,2,18446744073709551615,1.837815824
"hepatitis",5,5,unary,Greedy,8,8,2,18446744073709551615,0.001467161
"hepatitis",5,5,horn,Greedy,8,8,2,18446744073709551615,0.002077481
"hepatitis",5,5,antihorn,Greedy,8,8,2,18446744073709551615,0.002119587
"hepatitis",5,5,square2cnf,Greedy,8,8,2,18446744073709551615,0.011878441
"hepatitis",5,5,affine,Greedy,8,8,2,18446744073709551615,0.007392274
"hepatitis",5,5,smart_certified,Greedy,8,8,2,18446744073709551615,0.014990314
"hepatitis",5,5,cals,SparseLookahead,16,8,2,18446744073709551615,6.636560266
"hepatitis",5,5,cals_compact_explain,SelectiveLookahead,16,4,2,18446744073709551615,1.736706782
"hepatitis",5,7,unary,Greedy,8,8,2,18446744073709551615,0.002226336
"hepatitis",5,7,horn,Greedy,8,8,2,18446744073709551615,0.002280127
"hepatitis",5,7,antihorn,Greedy,8,8,2,18446744073709551615,0.002289169
"hepatitis",5,7,square2cnf,Greedy,8,8,2,18446744073709551615,0.014046663
"hepatitis",5,7,affine,Greedy,8,8,2,18446744073709551615,0.008876074
"hepatitis",5,7,smart_certified,Greedy,8,8,2,18446744073709551615,0.017393768
"hepatitis",5,7,cals,SparseLookahead,16,8,2,18446744073709551615,6.607688575
"hepatitis",5,7,cals_compact_explain,SelectiveLookahead,16,4,2,18446744073709551615,1.678338253
"hepatitis",6,5,unary,Greedy,8,8,2,18446744073709551615,0.001548251
"hepatitis",6,5,horn,Greedy,8,8,2,18446744073709551615,0.002204103
"hepatitis",6,5,antihorn,Greedy,8,8,2,18446744073709551615,0.002153515
"hepatitis",6,5,square2cnf,Greedy,8,8,2,18446744073709551615,0.012290411
"hepatitis",6,5,affine,Greedy,8,8,2,18446744073709551615,0.004299389
"hepatitis",6,5,smart_certified,Greedy,8,8,2,18446744073709551615,0.018190036
"hepatitis",6,5,cals,SparseLookahead,16,8,2,18446744073709551615,7.654330807
"hepatitis",6,5,cals_compact_explain,SelectiveLookahead,16,4,2,18446744073709551615,2.0075393
"hepatitis",6,7,unary,Greedy,8,8,2,18446744073709551615,0.001972177
"hepatitis",6,7,horn,Greedy,8,8,2,18446744073709551615,0.002194455
"hepatitis",6,7,antihorn,Greedy,8,8,2,18446744073709551615,0.002168082
"hepatitis",6,7,square2cnf,Greedy,8,8,2,18446744073709551615,0.012581528
"hepatitis",6,7,affine,Greedy,8,8,2,18446744073709551615,0.006667496
"hepatitis",6,7,smart_certified,Greedy,8,8,2,18446744073709551615,0.021579716
"hepatitis",6,7,cals,SparseLookahead,16,8,2,18446744073709551615,8.295869352
"hepatitis",6,7,cals_compact_explain,SelectiveLookahead,16,4,2,18446744073709551615,2.181891028
"hepatitis",7,5,unary,Greedy,8,8,2,18446744073709551615,0.002335474
"hepatitis",7,5,horn,Greedy,8,8,2,18446744073709551615,0.002160803
"hepatitis",7,5,antihorn,Greedy,8,8,2,18446744073709551615,0.002165696
"hepatitis",7,5,square2cnf,Greedy,8,8,2,18446744073709551615,0.013367848
"hepatitis",7,5,affine,Greedy,8,8,2,18446744073709551615,0.006390614
"hepatitis",7,5,smart_certified,Greedy,8,8,2,18446744073709551615,0.005541353
"hepatitis",7,5,cals,SparseLookahead,16,8,2,18446744073709551615,1.125495747
"hepatitis",7,5,cals_compact_explain,SelectiveLookahead,16,4,2,18446744073709551615,0.509270595
"hepatitis",7,7,unary,Greedy,8,8,2,18446744073709551615,0.002420114
"hepatitis",7,7,horn,Greedy,8,8,2,18446744073709551615,0.002182275
"hepatitis",7,7,antihorn,Greedy,8,8,2,18446744073709551615,0.002189684
"hepatitis",7,7,square2cnf,Greedy,8,8,2,18446744073709551615,0.012786338
"hepatitis",7,7,affine,Greedy,8,8,2,18446744073709551615,0.006473682
"hepatitis",7,7,smart_certified,Greedy,8,8,2,18446744073709551615,0.006223022
"hepatitis",7,7,cals,SparseLookahead,16,8,2,18446744073709551615,1.13200187
"hepatitis",7,7,cals_compact_explain,SelectiveLookahead,16,4,2,18446744073709551615,0.512439963
"hepatitis",8,5,unary,Greedy,8,8,2,18446744073709551615,0.002063819
"hepatitis",8,5,horn,Greedy,8,8,2,18446744073709551615,0.001978328
"hepatitis",8,5,antihorn,Greedy,8,8,2,18446744073709551615,0.001932357
"hepatitis",8,5,square2cnf,Greedy,8,8,2,18446744073709551615,0.010188045
"hepatitis",8,5,affine,Greedy,8,8,2,18446744073709551615,0.00666558
"hepatitis",8,5,smart_certified,Greedy,8,8,2,18446744073709551615,0.018410678
"hepatitis",8,5,cals,SparseLookahead,16,8,2,18446744073709551615,6.5491783770000005
"hepatitis",8,5,cals_compact_explain,SelectiveLookahead,16,4,2,18446744073709551615,1.071288793
"hepatitis",8,7,unary,Greedy,8,8,2,18446744073709551615,0.002065968
"hepatitis",8,7,horn,Greedy,8,8,2,18446744073709551615,0.002707356
"hepatitis",8,7,antihorn,Greedy,8,8,2,18446744073709551615,0.002154057
"hepatitis",8,7,square2cnf,Greedy,8,8,2,18446744073709551615,0.011597371
"hepatitis",8,7,affine,Greedy,8,8,2,18446744073709551615,0.007061405
"hepatitis",8,7,smart_certified,Greedy,8,8,2,18446744073709551615,0.018876475
"hepatitis",8,7,cals,SparseLookahead,16,8,2,18446744073709551615,6.60208844
"hepatitis",8,7,cals_compact_explain,SelectiveLookahead,16,4,2,18446744073709551615,1.082977167
"hepatitis",9,5,unary,Greedy,8,8,2,18446744073709551615,0.001721802
"hepatitis",9,5,horn,Greedy,8,8,2,18446744073709551615,0.002045515
"hepatitis",9,5,antihorn,Greedy,8,8,2,18446744073709551615,0.002099301
"hepatitis",9,5,square2cnf,Greedy,8,8,2,18446744073709551615,0.011119004
"hepatitis",9,5,affine,Greedy,8,8,2,18446744073709551615,0.006238823
"hepatitis",9,5,smart_certified,Greedy,8,8,2,18446744073709551615,0.015057956
"hepatitis",9,5,cals,SparseLookahead,16,8,2,18446744073709551615,0.227779757
"hepatitis",9,5,cals_compact_explain,SelectiveLookahead,16,4,2,18446744073709551615,0.498704859
"hepatitis",9,7,unary,Greedy,8,8,2,18446744073709551615,0.002066507
"hepatitis",9,7,horn,Greedy,8,8,2,18446744073709551615,0.002629299
"hepatitis",9,7,antihorn,Greedy,8,8,2,18446744073709551615,0.002942891
"hepatitis",9,7,square2cnf,Greedy,8,8,2,18446744073709551615,0.014778849
"hepatitis",9,7,affine,Greedy,8,8,2,18446744073709551615,0.007698445
"hepatitis",9,7,smart_certified,Greedy,8,8,2,18446744073709551615,0.017006522
"hepatitis",9,7,cals,SparseLookahead,16,8,2,18446744073709551615,0.231304016
"hepatitis",9,7,cals_compact_explain,SelectiveLookahead,16,4,2,18446744073709551615,0.501493827
"hypothyroid",0,5,unary,Greedy,8,8,2,18446744073709551615,0.009323308
"hypothyroid",0,5,horn,Greedy,8,8,2,18446744073709551615,0.030657782
"hypothyroid",0,5,antihorn,Greedy,8,8,2,18446744073709551615,0.015633641
"hypothyroid",0,5,square2cnf,Greedy,8,8,2,18446744073709551615,0.086249263
"hypothyroid",0,5,affine,Greedy,8,8,2,18446744073709551615,0.045672017
"hypothyroid",0,5,smart_certified,Greedy,8,8,2,18446744073709551615,0.149501307
"hypothyroid",0,5,cals,SparseLookahead,16,8,2,18446744073709551615,5.043725365
"hypothyroid",0,5,cals_compact_explain,SelectiveLookahead,16,4,2,18446744073709551615,1.926298948
"hypothyroid",0,7,unary,Greedy,8,8,2,18446744073709551615,0.012723657
"hypothyroid",0,7,horn,Greedy,8,8,2,18446744073709551615,0.022030714
"hypothyroid",0,7,antihorn,Greedy,8,8,2,18446744073709551615,0.022142495
"hypothyroid",0,7,square2cnf,Greedy,8,8,2,18446744073709551615,0.15357514
"hypothyroid",0,7,affine,Greedy,8,8,2,18446744073709551615,0.086984985
"hypothyroid",0,7,smart_certified,Greedy,8,8,2,18446744073709551615,0.252031665
"hypothyroid",0,7,cals,SparseLookahead,16,8,2,18446744073709551615,5.128880924
"hypothyroid",0,7,cals_compact_explain,SelectiveLookahead,16,4,2,18446744073709551615,1.962764188
"hypothyroid",1,5,unary,Greedy,8,8,2,18446744073709551615,0.009374404
"hypothyroid",1,5,horn,Greedy,8,8,2,18446744073709551615,0.014372407
"hypothyroid",1,5,antihorn,Greedy,8,8,2,18446744073709551615,0.014704167
"hypothyroid",1,5,square2cnf,Greedy,8,8,2,18446744073709551615,0.078110685
"hypothyroid",1,5,affine,Greedy,8,8,2,18446744073709551615,0.047794311
"hypothyroid",1,5,smart_certified,Greedy,8,8,2,18446744073709551615,0.144973171
"hypothyroid",1,5,cals,SparseLookahead,16,8,2,18446744073709551615,1.947373792
"hypothyroid",1,5,cals_compact_explain,SelectiveLookahead,16,4,2,18446744073709551615,0.944268061
"hypothyroid",1,7,unary,Greedy,8,8,2,18446744073709551615,0.011872461
"hypothyroid",1,7,horn,Greedy,8,8,2,18446744073709551615,0.020843593
"hypothyroid",1,7,antihorn,Greedy,8,8,2,18446744073709551615,0.021059128
"hypothyroid",1,7,square2cnf,Greedy,8,8,2,18446744073709551615,0.139934585
"hypothyroid",1,7,affine,Greedy,8,8,2,18446744073709551615,0.087719701
"hypothyroid",1,7,smart_certified,Greedy,8,8,2,18446744073709551615,0.227219728
"hypothyroid",1,7,cals,SparseLookahead,16,8,2,18446744073709551615,2.754787159
"hypothyroid",1,7,cals_compact_explain,SelectiveLookahead,16,4,2,18446744073709551615,1.224302179
"hypothyroid",2,5,unary,Greedy,8,8,2,18446744073709551615,0.009727414
"hypothyroid",2,5,horn,Greedy,8,8,2,18446744073709551615,0.013907631
"hypothyroid",2,5,antihorn,Greedy,8,8,2,18446744073709551615,0.014284872
"hypothyroid",2,5,square2cnf,Greedy,8,8,2,18446744073709551615,0.068977592
"hypothyroid",2,5,affine,Greedy,8,8,2,18446744073709551615,0.044148957
"hypothyroid",2,5,smart_certified,Greedy,8,8,2,18446744073709551615,0.155774496
"hypothyroid",2,5,cals,SparseLookahead,16,8,2,18446744073709551615,3.8579765459999997
"hypothyroid",2,5,cals_compact_explain,SelectiveLookahead,16,4,2,18446744073709551615,1.435009992
"hypothyroid",2,7,unary,Greedy,8,8,2,18446744073709551615,0.012460135
"hypothyroid",2,7,horn,Greedy,8,8,2,18446744073709551615,0.020538936
"hypothyroid",2,7,antihorn,Greedy,8,8,2,18446744073709551615,0.021236259
"hypothyroid",2,7,square2cnf,Greedy,8,8,2,18446744073709551615,0.144398898
"hypothyroid",2,7,affine,Greedy,8,8,2,18446744073709551615,0.082544211
"hypothyroid",2,7,smart_certified,Greedy,8,8,2,18446744073709551615,0.223270877
"hypothyroid",2,7,cals,SparseLookahead,16,8,2,18446744073709551615,3.963829944
"hypothyroid",2,7,cals_compact_explain,SelectiveLookahead,16,4,2,18446744073709551615,1.467842162
"hypothyroid",3,5,unary,Greedy,8,8,2,18446744073709551615,0.009861493
"hypothyroid",3,5,horn,Greedy,8,8,2,18446744073709551615,0.015000855
"hypothyroid",3,5,antihorn,Greedy,8,8,2,18446744073709551615,0.015053405
"hypothyroid",3,5,square2cnf,Greedy,8,8,2,18446744073709551615,0.092626678
"hypothyroid",3,5,affine,Greedy,8,8,2,18446744073709551615,0.042393383
"hypothyroid",3,5,smart_certified,Greedy,8,8,2,18446744073709551615,0.154670995
"hypothyroid",3,5,cals,SparseLookahead,16,8,2,18446744073709551615,9.091772776
"hypothyroid",3,5,cals_compact_explain,SelectiveLookahead,16,4,2,18446744073709551615,2.681204425
"hypothyroid",3,7,unary,Greedy,8,8,2,18446744073709551615,0.011735063
"hypothyroid",3,7,horn,Greedy,8,8,2,18446744073709551615,0.020177715
"hypothyroid",3,7,antihorn,Greedy,8,8,2,18446744073709551615,0.020675266
"hypothyroid",3,7,square2cnf,Greedy,8,8,2,18446744073709551615,0.144594326
"hypothyroid",3,7,affine,Greedy,8,8,2,18446744073709551615,0.083727779
"hypothyroid",3,7,smart_certified,Greedy,8,8,2,18446744073709551615,0.220189613
"hypothyroid",3,7,cals,SparseLookahead,16,8,2,18446744073709551615,17.07571645
"hypothyroid",3,7,cals_compact_explain,SelectiveLookahead,16,4,2,18446744073709551615,4.824977057
"hypothyroid",4,5,unary,Greedy,8,8,2,18446744073709551615,0.009409844
"hypothyroid",4,5,horn,Greedy,8,8,2,18446744073709551615,0.014410753
"hypothyroid",4,5,antihorn,Greedy,8,8,2,18446744073709551615,0.014207305
"hypothyroid",4,5,square2cnf,Greedy,8,8,2,18446744073709551615,0.083257899
"hypothyroid",4,5,affine,Greedy,8,8,2,18446744073709551615,0.044121074
"hypothyroid",4,5,smart_certified,Greedy,8,8,2,18446744073709551615,0.150151659
"hypothyroid",4,5,cals,SparseLookahead,16,8,2,18446744073709551615,7.629911538
"hypothyroid",4,5,cals_compact_explain,SelectiveLookahead,16,4,2,18446744073709551615,2.382883416
"hypothyroid",4,7,unary,Greedy,8,8,2,18446744073709551615,0.011727278
"hypothyroid",4,7,horn,Greedy,8,8,2,18446744073709551615,0.019578551
"hypothyroid",4,7,antihorn,Greedy,8,8,2,18446744073709551615,0.019909953
"hypothyroid",4,7,square2cnf,Greedy,8,8,2,18446744073709551615,0.133579983
"hypothyroid",4,7,affine,Greedy,8,8,2,18446744073709551615,0.08666958
"hypothyroid",4,7,smart_certified,Greedy,8,8,2,18446744073709551615,0.226067041
"hypothyroid",4,7,cals,SparseLookahead,16,8,2,18446744073709551615,14.019695898
"hypothyroid",4,7,cals_compact_explain,SelectiveLookahead,16,4,2,18446744073709551615,4.114262246
"hypothyroid",5,5,unary,Greedy,8,8,2,18446744073709551615,0.009344256
"hypothyroid",5,5,horn,Greedy,8,8,2,18446744073709551615,0.014091785
"hypothyroid",5,5,antihorn,Greedy,8,8,2,18446744073709551615,0.01391454
"hypothyroid",5,5,square2cnf,Greedy,8,8,2,18446744073709551615,0.074852091
"hypothyroid",5,5,affine,Greedy,8,8,2,18446744073709551615,0.044090142
"hypothyroid",5,5,smart_certified,Greedy,8,8,2,18446744073709551615,0.144259903
"hypothyroid",5,5,cals,SparseLookahead,16,8,2,18446744073709551615,1.939400746
"hypothyroid",5,5,cals_compact_explain,SelectiveLookahead,16,4,2,18446744073709551615,0.37553803
"hypothyroid",5,7,unary,Greedy,8,8,2,18446744073709551615,0.011665942
"hypothyroid",5,7,horn,Greedy,8,8,2,18446744073709551615,0.017865008
"hypothyroid",5,7,antihorn,Greedy,8,8,2,18446744073709551615,0.018518899
"hypothyroid",5,7,square2cnf,Greedy,8,8,2,18446744073709551615,0.109226854
"hypothyroid",5,7,affine,Greedy,8,8,2,18446744073709551615,0.073440718
"hypothyroid",5,7,smart_certified,Greedy,8,8,2,18446744073709551615,0.189375618
"hypothyroid",5,7,cals,SparseLookahead,16,8,2,18446744073709551615,2.877033142
"hypothyroid",5,7,cals_compact_explain,SelectiveLookahead,16,4,2,18446744073709551615,0.403802492
"hypothyroid",6,5,unary,Greedy,8,8,2,18446744073709551615,0.007459141
"hypothyroid",6,5,horn,Greedy,8,8,2,18446744073709551615,0.009982264
"hypothyroid",6,5,antihorn,Greedy,8,8,2,18446744073709551615,0.009554481
"hypothyroid",6,5,square2cnf,Greedy,8,8,2,18446744073709551615,0.041476699
"hypothyroid",6,5,affine,Greedy,8,8,2,18446744073709551615,0.041068901
"hypothyroid",6,5,smart_certified,Greedy,8,8,2,18446744073709551615,0.09310019
"hypothyroid",6,5,cals,SparseLookahead,16,8,2,18446744073709551615,1.949685694
"hypothyroid",6,5,cals_compact_explain,SelectiveLookahead,16,4,2,18446744073709551615,0.646164942
"hypothyroid",6,7,unary,Greedy,8,8,2,18446744073709551615,0.00927543
"hypothyroid",6,7,horn,Greedy,8,8,2,18446744073709551615,0.014803502
"hypothyroid",6,7,antihorn,Greedy,8,8,2,18446744073709551615,0.01490178
"hypothyroid",6,7,square2cnf,Greedy,8,8,2,18446744073709551615,0.09369349
"hypothyroid",6,7,affine,Greedy,8,8,2,18446744073709551615,0.069689534
"hypothyroid",6,7,smart_certified,Greedy,8,8,2,18446744073709551615,0.159480806
"hypothyroid",6,7,cals,SparseLookahead,16,8,2,18446744073709551615,2.473037184
"hypothyroid",6,7,cals_compact_explain,SelectiveLookahead,16,4,2,18446744073709551615,0.829601619
"hypothyroid",7,5,unary,Greedy,8,8,2,18446744073709551615,0.009465667
"hypothyroid",7,5,horn,Greedy,8,8,2,18446744073709551615,0.014750651
"hypothyroid",7,5,antihorn,Greedy,8,8,2,18446744073709551615,0.015014196
"hypothyroid",7,5,square2cnf,Greedy,8,8,2,18446744073709551615,0.083108216
"hypothyroid",7,5,affine,Greedy,8,8,2,18446744073709551615,0.04666212
"hypothyroid",7,5,smart_certified,Greedy,8,8,2,18446744073709551615,0.149582613
"hypothyroid",7,5,cals,SparseLookahead,16,8,2,18446744073709551615,2.403618877
"hypothyroid",7,5,cals_compact_explain,SelectiveLookahead,16,4,2,18446744073709551615,0.902450808
"hypothyroid",7,7,unary,Greedy,8,8,2,18446744073709551615,0.011756317
"hypothyroid",7,7,horn,Greedy,8,8,2,18446744073709551615,0.02096889
"hypothyroid",7,7,antihorn,Greedy,8,8,2,18446744073709551615,0.021029716
"hypothyroid",7,7,square2cnf,Greedy,8,8,2,18446744073709551615,0.146021868
"hypothyroid",7,7,affine,Greedy,8,8,2,18446744073709551615,0.074614783
"hypothyroid",7,7,smart_certified,Greedy,8,8,2,18446744073709551615,0.212829198
"hypothyroid",7,7,cals,SparseLookahead,16,8,2,18446744073709551615,2.466439604
"hypothyroid",7,7,cals_compact_explain,SelectiveLookahead,16,4,2,18446744073709551615,0.94633184
"hypothyroid",8,5,unary,Greedy,8,8,2,18446744073709551615,0.00977672
"hypothyroid",8,5,horn,Greedy,8,8,2,18446744073709551615,0.015439471
"hypothyroid",8,5,antihorn,Greedy,8,8,2,18446744073709551615,0.015949842
"hypothyroid",8,5,square2cnf,Greedy,8,8,2,18446744073709551615,0.089865388
"hypothyroid",8,5,affine,Greedy,8,8,2,18446744073709551615,0.047663874
"hypothyroid",8,5,smart_certified,Greedy,8,8,2,18446744073709551615,0.159246249
"hypothyroid",8,5,cals,SparseLookahead,16,8,2,18446744073709551615,2.918840119
"hypothyroid",8,5,cals_compact_explain,SelectiveLookahead,16,4,2,18446744073709551615,1.3659467809999999
"hypothyroid",8,7,unary,Greedy,8,8,2,18446744073709551615,0.0122235
"hypothyroid",8,7,horn,Greedy,8,8,2,18446744073709551615,0.020734139
"hypothyroid",8,7,antihorn,Greedy,8,8,2,18446744073709551615,0.021442429
"hypothyroid",8,7,square2cnf,Greedy,8,8,2,18446744073709551615,0.140758032
"hypothyroid",8,7,affine,Greedy,8,8,2,18446744073709551615,0.082318982
"hypothyroid",8,7,smart_certified,Greedy,8,8,2,18446744073709551615,0.257285043
"hypothyroid",8,7,cals,SparseLookahead,16,8,2,18446744073709551615,3.858135364
"hypothyroid",8,7,cals_compact_explain,SelectiveLookahead,16,4,2,18446744073709551615,1.691117397
"hypothyroid",9,5,unary,Greedy,8,8,2,18446744073709551615,0.00969761
"hypothyroid",9,5,horn,Greedy,8,8,2,18446744073709551615,0.014978641
"hypothyroid",9,5,antihorn,Greedy,8,8,2,18446744073709551615,0.015211089
"hypothyroid",9,5,square2cnf,Greedy,8,8,2,18446744073709551615,0.081802745
"hypothyroid",9,5,affine,Greedy,8,8,2,18446744073709551615,0.052918577
"hypothyroid",9,5,smart_certified,Greedy,8,8,2,18446744073709551615,0.157052881
"hypothyroid",9,5,cals,SparseLookahead,16,8,2,18446744073709551615,2.976316696
"hypothyroid",9,5,cals_compact_explain,SelectiveLookahead,16,4,2,18446744073709551615,1.6668239379999998
"hypothyroid",9,7,unary,Greedy,8,8,2,18446744073709551615,0.012434015
"hypothyroid",9,7,horn,Greedy,8,8,2,18446744073709551615,0.025586376
"hypothyroid",9,7,antihorn,Greedy,8,8,2,18446744073709551615,0.025805177
"hypothyroid",9,7,square2cnf,Greedy,8,8,2,18446744073709551615,0.174322958
"hypothyroid",9,7,affine,Greedy,8,8,2,18446744073709551615,0.092288556
"hypothyroid",9,7,smart_certified,Greedy,8,8,2,18446744073709551615,0.280954235
"hypothyroid",9,7,cals,SparseLookahead,16,8,2,18446744073709551615,4.917263898
"hypothyroid",9,7,cals_compact_explain,SelectiveLookahead,16,4,2,18446744073709551615,2.457415229
"ionosphere",0,5,unary,Greedy,8,8,2,18446744073709551615,0.025689998
"ionosphere",0,5,horn,Greedy,8,8,2,18446744073709551615,0.020153026
"ionosphere",0,5,antihorn,Greedy,8,8,2,18446744073709551615,0.020736858
"ionosphere",0,5,square2cnf,Greedy,8,8,2,18446744073709551615,0.042425589
"ionosphere",0,5,affine,Greedy,8,8,2,18446744073709551615,0.015155144
"ionosphere",0,5,smart_certified,Greedy,8,8,2,18446744073709551615,0.047023528
"ionosphere",0,5,cals,SparseLookahead,16,8,2,18446744073709551615,1.573367438
"ionosphere",0,5,cals_compact_explain,SelectiveLookahead,16,4,2,18446744073709551615,0.340892685
"ionosphere",0,7,unary,Greedy,8,8,2,18446744073709551615,0.034553969
"ionosphere",0,7,horn,Greedy,8,8,2,18446744073709551615,0.020801214
"ionosphere",0,7,antihorn,Greedy,8,8,2,18446744073709551615,0.020665456
"ionosphere",0,7,square2cnf,Greedy,8,8,2,18446744073709551615,0.042174024
"ionosphere",0,7,affine,Greedy,8,8,2,18446744073709551615,0.02190945
"ionosphere",0,7,smart_certified,Greedy,8,8,2,18446744073709551615,0.056142738
"ionosphere",0,7,cals,SparseLookahead,16,8,2,18446744073709551615,1.579430312
"ionosphere",0,7,cals_compact_explain,SelectiveLookahead,16,4,2,18446744073709551615,0.340059532
"ionosphere",1,5,unary,Greedy,8,8,2,18446744073709551615,0.02452735
"ionosphere",1,5,horn,Greedy,8,8,2,18446744073709551615,0.017903899
"ionosphere",1,5,antihorn,Greedy,8,8,2,18446744073709551615,0.018357904
"ionosphere",1,5,square2cnf,Greedy,8,8,2,18446744073709551615,0.034585209
"ionosphere",1,5,affine,Greedy,8,8,2,18446744073709551615,0.014696619
"ionosphere",1,5,smart_certified,Greedy,8,8,2,18446744073709551615,0.046577247
"ionosphere",1,5,cals,SparseLookahead,16,8,2,18446744073709551615,1.281299151
"ionosphere",1,5,cals_compact_explain,SelectiveLookahead,16,4,2,18446744073709551615,0.327699188
"ionosphere",1,7,unary,Greedy,8,8,2,18446744073709551615,0.032164026
"ionosphere",1,7,horn,Greedy,8,8,2,18446744073709551615,0.018264592
"ionosphere",1,7,antihorn,Greedy,8,8,2,18446744073709551615,0.018328948
"ionosphere",1,7,square2cnf,Greedy,8,8,2,18446744073709551615,0.035442901
"ionosphere",1,7,affine,Greedy,8,8,2,18446744073709551615,0.018976685
"ionosphere",1,7,smart_certified,Greedy,8,8,2,18446744073709551615,0.049444562
"ionosphere",1,7,cals,SparseLookahead,16,8,2,18446744073709551615,1.296905841
"ionosphere",1,7,cals_compact_explain,SelectiveLookahead,16,4,2,18446744073709551615,0.336872293
"ionosphere",2,5,unary,Greedy,8,8,2,18446744073709551615,0.022278602
"ionosphere",2,5,horn,Greedy,8,8,2,18446744073709551615,0.016319351
"ionosphere",2,5,antihorn,Greedy,8,8,2,18446744073709551615,0.016345413
"ionosphere",2,5,square2cnf,Greedy,8,8,2,18446744073709551615,0.029780253
"ionosphere",2,5,affine,Greedy,8,8,2,18446744073709551615,0.017119544
"ionosphere",2,5,smart_certified,Greedy,8,8,2,18446744073709551615,0.037622463
"ionosphere",2,5,cals,SparseLookahead,16,8,2,18446744073709551615,10.116877619
"ionosphere",2,5,cals_compact_explain,SelectiveLookahead,16,4,2,18446744073709551615,2.347218962
"ionosphere",2,7,unary,Greedy,8,8,2,18446744073709551615,0.029755791
"ionosphere",2,7,horn,Greedy,8,8,2,18446744073709551615,0.018032253
"ionosphere",2,7,antihorn,Greedy,8,8,2,18446744073709551615,0.018391229
"ionosphere",2,7,square2cnf,Greedy,8,8,2,18446744073709551615,0.035400234
"ionosphere",2,7,affine,Greedy,8,8,2,18446744073709551615,0.023784754
"ionosphere",2,7,smart_certified,Greedy,8,8,2,18446744073709551615,0.052510803
"ionosphere",2,7,cals,SparseLookahead,16,8,2,18446744073709551615,11.982522485
"ionosphere",2,7,cals_compact_explain,SelectiveLookahead,16,4,2,18446744073709551615,2.767162939
"ionosphere",3,5,unary,Greedy,8,8,2,18446744073709551615,0.024642094
"ionosphere",3,5,horn,Greedy,8,8,2,18446744073709551615,0.017604413
"ionosphere",3,5,antihorn,Greedy,8,8,2,18446744073709551615,0.017436798
"ionosphere",3,5,square2cnf,Greedy,8,8,2,18446744073709551615,0.033064569
"ionosphere",3,5,affine,Greedy,8,8,2,18446744073709551615,0.012873933
"ionosphere",3,5,smart_certified,Greedy,8,8,2,18446744073709551615,0.048595362
"ionosphere",3,5,cals,SparseLookahead,16,8,2,18446744073709551615,2.009116035
"ionosphere",3,5,cals_compact_explain,SelectiveLookahead,16,4,2,18446744073709551615,0.157472918
"ionosphere",3,7,unary,Greedy,8,8,2,18446744073709551615,0.036426385
"ionosphere",3,7,horn,Greedy,8,8,2,18446744073709551615,0.019514013
"ionosphere",3,7,antihorn,Greedy,8,8,2,18446744073709551615,0.019610104
"ionosphere",3,7,square2cnf,Greedy,8,8,2,18446744073709551615,0.036971072
"ionosphere",3,7,affine,Greedy,8,8,2,18446744073709551615,0.018471253
"ionosphere",3,7,smart_certified,Greedy,8,8,2,18446744073709551615,0.052533447
"ionosphere",3,7,cals,SparseLookahead,16,8,2,18446744073709551615,2.046713381
"ionosphere",3,7,cals_compact_explain,SelectiveLookahead,16,4,2,18446744073709551615,0.158327953
"ionosphere",4,5,unary,Greedy,8,8,2,18446744073709551615,0.021753026
"ionosphere",4,5,horn,Greedy,8,8,2,18446744073709551615,0.019188812
"ionosphere",4,5,antihorn,Greedy,8,8,2,18446744073709551615,0.018967775
"ionosphere",4,5,square2cnf,Greedy,8,8,2,18446744073709551615,0.037226772
"ionosphere",4,5,affine,Greedy,8,8,2,18446744073709551615,0.013854385
"ionosphere",4,5,smart_certified,Greedy,8,8,2,18446744073709551615,0.073493146
"ionosphere",4,5,cals,SparseLookahead,16,8,2,18446744073709551615,1.195801009
"ionosphere",4,5,cals_compact_explain,SelectiveLookahead,16,4,2,18446744073709551615,0.109361511
"ionosphere",4,7,unary,Greedy,8,8,2,18446744073709551615,0.029744714
"ionosphere",4,7,horn,Greedy,8,8,2,18446744073709551615,0.021155389
"ionosphere",4,7,antihorn,Greedy,8,8,2,18446744073709551615,0.02198008
"ionosphere",4,7,square2cnf,Greedy,8,8,2,18446744073709551615,0.044692325
"ionosphere",4,7,affine,Greedy,8,8,2,18446744073709551615,0.020389958
"ionosphere",4,7,smart_certified,Greedy,8,8,2,18446744073709551615,0.089161378
"ionosphere",4,7,cals,SparseLookahead,16,8,2,18446744073709551615,1.204093254
"ionosphere",4,7,cals_compact_explain,SelectiveLookahead,16,4,2,18446744073709551615,0.114127437
"ionosphere",5,5,unary,Greedy,8,8,2,18446744073709551615,0.021833565
"ionosphere",5,5,horn,Greedy,8,8,2,18446744073709551615,0.018349906
"ionosphere",5,5,antihorn,Greedy,8,8,2,18446744073709551615,0.019175612
"ionosphere",5,5,square2cnf,Greedy,8,8,2,18446744073709551615,0.034788179
"ionosphere",5,5,affine,Greedy,8,8,2,18446744073709551615,0.01956794
"ionosphere",5,5,smart_certified,Greedy,8,8,2,18446744073709551615,0.053380739
"ionosphere",5,5,cals,SparseLookahead,16,8,2,18446744073709551615,0.596949941
"ionosphere",5,5,cals_compact_explain,SelectiveLookahead,16,4,2,18446744073709551615,0.154420965
"ionosphere",5,7,unary,Greedy,8,8,2,18446744073709551615,0.0315004
"ionosphere",5,7,horn,Greedy,8,8,2,18446744073709551615,0.018889084
"ionosphere",5,7,antihorn,Greedy,8,8,2,18446744073709551615,0.01873389
"ionosphere",5,7,square2cnf,Greedy,8,8,2,18446744073709551615,0.037085782
"ionosphere",5,7,affine,Greedy,8,8,2,18446744073709551615,0.023800478
"ionosphere",5,7,smart_certified,Greedy,8,8,2,18446744073709551615,0.055427679
"ionosphere",5,7,cals,SparseLookahead,16,8,2,18446744073709551615,0.605866055
"ionosphere",5,7,cals_compact_explain,SelectiveLookahead,16,4,2,18446744073709551615,0.153398444
"ionosphere",6,5,unary,Greedy,8,8,2,18446744073709551615,0.02343718
"ionosphere",6,5,horn,Greedy,8,8,2,18446744073709551615,0.017141008
"ionosphere",6,5,antihorn,Greedy,8,8,2,18446744073709551615,0.017531046
"ionosphere",6,5,square2cnf,Greedy,8,8,2,18446744073709551615,0.031109589
"ionosphere",6,5,affine,Greedy,8,8,2,18446744073709551615,0.014763579
"ionosphere",6,5,smart_certified,Greedy,8,8,2,18446744073709551615,0.044867629
"ionosphere",6,5,cals,SparseLookahead,16,8,2,18446744073709551615,0.516934423
"ionosphere",6,5,cals_compact_explain,SelectiveLookahead,16,4,2,18446744073709551615,1.9125327140000001
"ionosphere",6,7,unary,Greedy,8,8,2,18446744073709551615,0.03133535
"ionosphere",6,7,horn,Greedy,8,8,2,18446744073709551615,0.018792371
"ionosphere",6,7,antihorn,Greedy,8,8,2,18446744073709551615,0.019464422
"ionosphere",6,7,square2cnf,Greedy,8,8,2,18446744073709551615,0.039061713
"ionosphere",6,7,affine,Greedy,8,8,2,18446744073709551615,0.019107872
"ionosphere",6,7,smart_certified,Greedy,8,8,2,18446744073709551615,0.050533361
"ionosphere",6,7,cals,SparseLookahead,16,8,2,18446744073709551615,0.517572503
"ionosphere",6,7,cals_compact_explain,SelectiveLookahead,16,4,2,18446744073709551615,1.923930247
"ionosphere",7,5,unary,Greedy,8,8,2,18446744073709551615,0.029396055
"ionosphere",7,5,horn,Greedy,8,8,2,18446744073709551615,0.019835763
"ionosphere",7,5,antihorn,Greedy,8,8,2,18446744073709551615,0.018682805
"ionosphere",7,5,square2cnf,Greedy,8,8,2,18446744073709551615,0.035007365
"ionosphere",7,5,affine,Greedy,8,8,2,18446744073709551615,0.017642855
"ionosphere",7,5,smart_certified,Greedy,8,8,2,18446744073709551615,0.098239998
"ionosphere",7,5,cals,SparseLookahead,16,8,2,18446744073709551615,1.193460284
"ionosphere",7,5,cals_compact_explain,SelectiveLookahead,16,4,2,18446744073709551615,0.14310712
"ionosphere",7,7,unary,Greedy,8,8,2,18446744073709551615,0.036182569
"ionosphere",7,7,horn,Greedy,8,8,2,18446744073709551615,0.018958226
"ionosphere",7,7,antihorn,Greedy,8,8,2,18446744073709551615,0.019624932
"ionosphere",7,7,square2cnf,Greedy,8,8,2,18446744073709551615,0.036612377
"ionosphere",7,7,affine,Greedy,8,8,2,18446744073709551615,0.020135805
"ionosphere",7,7,smart_certified,Greedy,8,8,2,18446744073709551615,0.096522336
"ionosphere",7,7,cals,SparseLookahead,16,8,2,18446744073709551615,1.233561848
"ionosphere",7,7,cals_compact_explain,SelectiveLookahead,16,4,2,18446744073709551615,0.152270069
"ionosphere",8,5,unary,Greedy,8,8,2,18446744073709551615,0.023040599
"ionosphere",8,5,horn,Greedy,8,8,2,18446744073709551615,0.016760681
"ionosphere",8,5,antihorn,Greedy,8,8,2,18446744073709551615,0.016143548
"ionosphere",8,5,square2cnf,Greedy,8,8,2,18446744073709551615,0.030731519
"ionosphere",8,5,affine,Greedy,8,8,2,18446744073709551615,0.016414162
"ionosphere",8,5,smart_certified,Greedy,8,8,2,18446744073709551615,0.078170448
"ionosphere",8,5,cals,SparseLookahead,16,8,2,18446744073709551615,0.536969119
"ionosphere",8,5,cals_compact_explain,SelectiveLookahead,16,4,2,18446744073709551615,0.11839363
"ionosphere",8,7,unary,Greedy,8,8,2,18446744073709551615,0.025865062
"ionosphere",8,7,horn,Greedy,8,8,2,18446744073709551615,0.01621192
"ionosphere",8,7,antihorn,Greedy,8,8,2,18446744073709551615,0.016480746
"ionosphere",8,7,square2cnf,Greedy,8,8,2,18446744073709551615,0.030107239
"ionosphere",8,7,affine,Greedy,8,8,2,18446744073709551615,0.019393302
"ionosphere",8,7,smart_certified,Greedy,8,8,2,18446744073709551615,0.086189388
"ionosphere",8,7,cals,SparseLookahead,16,8,2,18446744073709551615,0.564836295
"ionosphere",8,7,cals_compact_explain,SelectiveLookahead,16,4,2,18446744073709551615,0.124650796
"ionosphere",9,5,unary,Greedy,8,8,2,18446744073709551615,0.021411546
"ionosphere",9,5,horn,Greedy,8,8,2,18446744073709551615,0.020570501
"ionosphere",9,5,antihorn,Greedy,8,8,2,18446744073709551615,0.020588498
"ionosphere",9,5,square2cnf,Greedy,8,8,2,18446744073709551615,0.04082493
"ionosphere",9,5,affine,Greedy,8,8,2,18446744073709551615,0.015454154
"ionosphere",9,5,smart_certified,Greedy,8,8,2,18446744073709551615,0.07076044
"ionosphere",9,5,cals,SparseLookahead,16,8,2,18446744073709551615,0.702809017
"ionosphere",9,5,cals_compact_explain,SelectiveLookahead,16,4,2,18446744073709551615,0.354401538
"ionosphere",9,7,unary,Greedy,8,8,2,18446744073709551615,0.029935124
"ionosphere",9,7,horn,Greedy,8,8,2,18446744073709551615,0.022004405
"ionosphere",9,7,antihorn,Greedy,8,8,2,18446744073709551615,0.022057975
"ionosphere",9,7,square2cnf,Greedy,8,8,2,18446744073709551615,0.042672195
"ionosphere",9,7,affine,Greedy,8,8,2,18446744073709551615,0.019409406
"ionosphere",9,7,smart_certified,Greedy,8,8,2,18446744073709551615,0.096961636
"ionosphere",9,7,cals,SparseLookahead,16,8,2,18446744073709551615,0.78489593
"ionosphere",9,7,cals_compact_explain,SelectiveLookahead,16,4,2,18446744073709551615,0.396389515
"kr-vs-kp",0,5,unary,Greedy,8,8,2,18446744073709551615,0.009155827
"kr-vs-kp",0,5,horn,Greedy,8,8,2,18446744073709551615,0.017164337
"kr-vs-kp",0,5,antihorn,Greedy,8,8,2,18446744073709551615,0.017227255
"kr-vs-kp",0,5,square2cnf,Greedy,8,8,2,18446744073709551615,0.098460587
"kr-vs-kp",0,5,affine,Greedy,8,8,2,18446744073709551615,0.049943268
"kr-vs-kp",0,5,smart_certified,Greedy,8,8,2,18446744073709551615,0.03850879
"kr-vs-kp",0,5,cals,SparseLookahead,16,8,2,18446744073709551615,13.692448970000001
"kr-vs-kp",0,5,cals_compact_explain,SelectiveLookahead,16,4,2,18446744073709551615,3.645979939
"kr-vs-kp",0,7,unary,Greedy,8,8,2,18446744073709551615,0.011584507
"kr-vs-kp",0,7,horn,Greedy,8,8,2,18446744073709551615,0.022992492
"kr-vs-kp",0,7,antihorn,Greedy,8,8,2,18446744073709551615,0.023331258
"kr-vs-kp",0,7,square2cnf,Greedy,8,8,2,18446744073709551615,0.160451629
"kr-vs-kp",0,7,affine,Greedy,8,8,2,18446744073709551615,0.095767486
"kr-vs-kp",0,7,smart_certified,Greedy,8,8,2,18446744073709551615,0.046148997
"kr-vs-kp",0,7,cals,SparseLookahead,16,8,2,18446744073709551615,18.599349404
"kr-vs-kp",0,7,cals_compact_explain,SelectiveLookahead,16,4,2,18446744073709551615,4.75457019
"kr-vs-kp",1,5,unary,Greedy,8,8,2,18446744073709551615,0.008439543
"kr-vs-kp",1,5,horn,Greedy,8,8,2,18446744073709551615,0.013512489
"kr-vs-kp",1,5,antihorn,Greedy,8,8,2,18446744073709551615,0.013357451
"kr-vs-kp",1,5,square2cnf,Greedy,8,8,2,18446744073709551615,0.069934919
"kr-vs-kp",1,5,affine,Greedy,8,8,2,18446744073709551615,0.039319635
"kr-vs-kp",1,5,smart_certified,Greedy,8,8,2,18446744073709551615,0.032692419
"kr-vs-kp",1,5,cals,SparseLookahead,16,8,2,18446744073709551615,11.831465564
"kr-vs-kp",1,5,cals_compact_explain,SelectiveLookahead,16,4,2,18446744073709551615,3.991918899
"kr-vs-kp",1,7,unary,Greedy,8,8,2,18446744073709551615,0.009396327
"kr-vs-kp",1,7,horn,Greedy,8,8,2,18446744073709551615,0.018472546
"kr-vs-kp",1,7,antihorn,Greedy,8,8,2,18446744073709551615,0.019061979
"kr-vs-kp",1,7,square2cnf,Greedy,8,8,2,18446744073709551615,0.110668934
"kr-vs-kp",1,7,affine,Greedy,8,8,2,18446744073709551615,0.070129811
"kr-vs-kp",1,7,smart_certified,Greedy,8,8,2,18446744073709551615,0.037105988
"kr-vs-kp",1,7,cals,SparseLookahead,16,8,2,18446744073709551615,14.351301558
"kr-vs-kp",1,7,cals_compact_explain,SelectiveLookahead,16,4,2,18446744073709551615,4.634128819
"kr-vs-kp",2,5,unary,Greedy,8,8,2,18446744073709551615,0.00811232
"kr-vs-kp",2,5,horn,Greedy,8,8,2,18446744073709551615,0.012982524
"kr-vs-kp",2,5,antihorn,Greedy,8,8,2,18446744073709551615,0.012984009
"kr-vs-kp",2,5,square2cnf,Greedy,8,8,2,18446744073709551615,0.06593321
"kr-vs-kp",2,5,affine,Greedy,8,8,2,18446744073709551615,0.041647378
"kr-vs-kp",2,5,smart_certified,Greedy,8,8,2,18446744073709551615,0.031976688
"kr-vs-kp",2,5,cals,SparseLookahead,16,8,2,18446744073709551615,12.704617944
"kr-vs-kp",2,5,cals_compact_explain,SelectiveLookahead,16,4,2,18446744073709551615,3.304599979
"kr-vs-kp",2,7,unary,Greedy,8,8,2,18446744073709551615,0.010278608
"kr-vs-kp",2,7,horn,Greedy,8,8,2,18446744073709551615,0.018387627
"kr-vs-kp",2,7,antihorn,Greedy,8,8,2,18446744073709551615,0.018066527
"kr-vs-kp",2,7,square2cnf,Greedy,8,8,2,18446744073709551615,0.110140396
"kr-vs-kp",2,7,affine,Greedy,8,8,2,18446744073709551615,0.076734169
"kr-vs-kp",2,7,smart_certified,Greedy,8,8,2,18446744073709551615,0.037668017
"kr-vs-kp",2,7,cals,SparseLookahead,16,8,2,18446744073709551615,17.725617836
"kr-vs-kp",2,7,cals_compact_explain,SelectiveLookahead,16,4,2,18446744073709551615,4.781188172
"kr-vs-kp",3,5,unary,Greedy,8,8,2,18446744073709551615,0.008188893
"kr-vs-kp",3,5,horn,Greedy,8,8,2,18446744073709551615,0.014047711
"kr-vs-kp",3,5,antihorn,Greedy,8,8,2,18446744073709551615,0.014100821
"kr-vs-kp",3,5,square2cnf,Greedy,8,8,2,18446744073709551615,0.076036332
"kr-vs-kp",3,5,affine,Greedy,8,8,2,18446744073709551615,0.02875419
"kr-vs-kp",3,5,smart_certified,Greedy,8,8,2,18446744073709551615,0.032697944
"kr-vs-kp",3,5,cals,SparseLookahead,16,8,2,18446744073709551615,12.689756251
"kr-vs-kp",3,5,cals_compact_explain,SelectiveLookahead,16,4,2,18446744073709551615,3.9450303079999998
"kr-vs-kp",3,7,unary,Greedy,8,8,2,18446744073709551615,0.010293558
"kr-vs-kp",3,7,horn,Greedy,8,8,2,18446744073709551615,0.020606389
"kr-vs-kp",3,7,antihorn,Greedy,8,8,2,18446744073709551615,0.020521612
"kr-vs-kp",3,7,square2cnf,Greedy,8,8,2,18446744073709551615,0.13663372
"kr-vs-kp",3,7,affine,Greedy,8,8,2,18446744073709551615,0.060612386
"kr-vs-kp",3,7,smart_certified,Greedy,8,8,2,18446744073709551615,0.038042401
"kr-vs-kp",3,7,cals,SparseLookahead,16,8,2,18446744073709551615,16.902825808
"kr-vs-kp",3,7,cals_compact_explain,SelectiveLookahead,16,4,2,18446744073709551615,4.892768322
"kr-vs-kp",4,5,unary,Greedy,8,8,2,18446744073709551615,0.007936166
"kr-vs-kp",4,5,horn,Greedy,8,8,2,18446744073709551615,0.013107858
"kr-vs-kp",4,5,antihorn,Greedy,8,8,2,18446744073709551615,0.013398354
"kr-vs-kp",4,5,square2cnf,Greedy,8,8,2,18446744073709551615,0.067052961
"kr-vs-kp",4,5,affine,Greedy,8,8,2,18446744073709551615,0.05341789
"kr-vs-kp",4,5,smart_certified,Greedy,8,8,2,18446744073709551615,0.032737702
"kr-vs-kp",4,5,cals,SparseLookahead,16,8,2,18446744073709551615,10.668909868
"kr-vs-kp",4,5,cals_compact_explain,SelectiveLookahead,16,4,2,18446744073709551615,3.728856876
"kr-vs-kp",4,7,unary,Greedy,8,8,2,18446744073709551615,0.010828413
"kr-vs-kp",4,7,horn,Greedy,8,8,2,18446744073709551615,0.018070102
"kr-vs-kp",4,7,antihorn,Greedy,8,8,2,18446744073709551615,0.018354688
"kr-vs-kp",4,7,square2cnf,Greedy,8,8,2,18446744073709551615,0.113433025
"kr-vs-kp",4,7,affine,Greedy,8,8,2,18446744073709551615,0.08950031
"kr-vs-kp",4,7,smart_certified,Greedy,8,8,2,18446744073709551615,0.041044502
"kr-vs-kp",4,7,cals,SparseLookahead,16,8,2,18446744073709551615,15.493035647
"kr-vs-kp",4,7,cals_compact_explain,SelectiveLookahead,16,4,2,18446744073709551615,4.938190468
"kr-vs-kp",5,5,unary,Greedy,8,8,2,18446744073709551615,0.008154231
"kr-vs-kp",5,5,horn,Greedy,8,8,2,18446744073709551615,0.01374246
"kr-vs-kp",5,5,antihorn,Greedy,8,8,2,18446744073709551615,0.013954942
"kr-vs-kp",5,5,square2cnf,Greedy,8,8,2,18446744073709551615,0.072135787
"kr-vs-kp",5,5,affine,Greedy,8,8,2,18446744073709551615,0.043486397
"kr-vs-kp",5,5,smart_certified,Greedy,8,8,2,18446744073709551615,0.031173254
"kr-vs-kp",5,5,cals,SparseLookahead,16,8,2,18446744073709551615,12.513108487
"kr-vs-kp",5,5,cals_compact_explain,SelectiveLookahead,16,4,2,18446744073709551615,3.9307141530000003
"kr-vs-kp",5,7,unary,Greedy,8,8,2,18446744073709551615,0.010203393
"kr-vs-kp",5,7,horn,Greedy,8,8,2,18446744073709551615,0.01952568
"kr-vs-kp",5,7,antihorn,Greedy,8,8,2,18446744073709551615,0.019806326
"kr-vs-kp",5,7,square2cnf,Greedy,8,8,2,18446744073709551615,0.12651187
"kr-vs-kp",5,7,affine,Greedy,8,8,2,18446744073709551615,0.074622183
"kr-vs-kp",5,7,smart_certified,Greedy,8,8,2,18446744073709551615,0.039512377
"kr-vs-kp",5,7,cals,SparseLookahead,16,8,2,18446744073709551615,15.83552208
"kr-vs-kp",5,7,cals_compact_explain,SelectiveLookahead,16,4,2,18446744073709551615,4.807963641
"kr-vs-kp",6,5,unary,Greedy,8,8,2,18446744073709551615,0.008335976
"kr-vs-kp",6,5,horn,Greedy,8,8,2,18446744073709551615,0.014687013
"kr-vs-kp",6,5,antihorn,Greedy,8,8,2,18446744073709551615,0.014269377
"kr-vs-kp",6,5,square2cnf,Greedy,8,8,2,18446744073709551615,0.075691677
"kr-vs-kp",6,5,affine,Greedy,8,8,2,18446744073709551615,0.045687852
"kr-vs-kp",6,5,smart_certified,Greedy,8,8,2,18446744073709551615,0.033427421
"kr-vs-kp",6,5,cals,SparseLookahead,16,8,2,18446744073709551615,14.788596816
"kr-vs-kp",6,5,cals_compact_explain,SelectiveLookahead,16,4,2,18446744073709551615,4.639266903
"kr-vs-kp",6,7,unary,Greedy,8,8,2,18446744073709551615,0.010516743
"kr-vs-kp",6,7,horn,Greedy,8,8,2,18446744073709551615,0.0196961
"kr-vs-kp",6,7,antihorn,Greedy,8,8,2,18446744073709551615,0.020061416
"kr-vs-kp",6,7,square2cnf,Greedy,8,8,2,18446744073709551615,0.131550295
"kr-vs-kp",6,7,affine,Greedy,8,8,2,18446744073709551615,0.07388384
"kr-vs-kp",6,7,smart_certified,Greedy,8,8,2,18446744073709551615,0.042925863
"kr-vs-kp",6,7,cals,SparseLookahead,16,8,2,18446744073709551615,18.125538358
"kr-vs-kp",6,7,cals_compact_explain,SelectiveLookahead,16,4,2,18446744073709551615,5.632132679
"kr-vs-kp",7,5,unary,Greedy,8,8,2,18446744073709551615,0.008162405
"kr-vs-kp",7,5,horn,Greedy,8,8,2,18446744073709551615,0.013822159
"kr-vs-kp",7,5,antihorn,Greedy,8,8,2,18446744073709551615,0.014055368
"kr-vs-kp",7,5,square2cnf,Greedy,8,8,2,18446744073709551615,0.075756203
"kr-vs-kp",7,5,affine,Greedy,8,8,2,18446744073709551615,0.048507592
"kr-vs-kp",7,5,smart_certified,Greedy,8,8,2,18446744073709551615,0.034905932
"kr-vs-kp",7,5,cals,SparseLookahead,16,8,2,18446744073709551615,12.126991551
"kr-vs-kp",7,5,cals_compact_explain,SelectiveLookahead,16,4,2,18446744073709551615,3.9029945550000003
"kr-vs-kp",7,7,unary,Greedy,8,8,2,18446744073709551615,0.010246261
"kr-vs-kp",7,7,horn,Greedy,8,8,2,18446744073709551615,0.02056814
"kr-vs-kp",7,7,antihorn,Greedy,8,8,2,18446744073709551615,0.020687515
"kr-vs-kp",7,7,square2cnf,Greedy,8,8,2,18446744073709551615,0.137812739
"kr-vs-kp",7,7,affine,Greedy,8,8,2,18446744073709551615,0.075393722
"kr-vs-kp",7,7,smart_certified,Greedy,8,8,2,18446744073709551615,0.036407752
"kr-vs-kp",7,7,cals,SparseLookahead,16,8,2,18446744073709551615,17.616210114
"kr-vs-kp",7,7,cals_compact_explain,SelectiveLookahead,16,4,2,18446744073709551615,5.398231008
"kr-vs-kp",8,5,unary,Greedy,8,8,2,18446744073709551615,0.008047122
"kr-vs-kp",8,5,horn,Greedy,8,8,2,18446744073709551615,0.013953587
"kr-vs-kp",8,5,antihorn,Greedy,8,8,2,18446744073709551615,0.013806177
"kr-vs-kp",8,5,square2cnf,Greedy,8,8,2,18446744073709551615,0.079936371
"kr-vs-kp",8,5,affine,Greedy,8,8,2,18446744073709551615,0.039851449
"kr-vs-kp",8,5,smart_certified,Greedy,8,8,2,18446744073709551615,0.031321667
"kr-vs-kp",8,5,cals,SparseLookahead,16,8,2,18446744073709551615,13.436190021
"kr-vs-kp",8,5,cals_compact_explain,SelectiveLookahead,16,4,2,18446744073709551615,3.869327643
"kr-vs-kp",8,7,unary,Greedy,8,8,2,18446744073709551615,0.009947576
"kr-vs-kp",8,7,horn,Greedy,8,8,2,18446744073709551615,0.019717948
"kr-vs-kp",8,7,antihorn,Greedy,8,8,2,18446744073709551615,0.018908812
"kr-vs-kp",8,7,square2cnf,Greedy,8,8,2,18446744073709551615,0.128051456
"kr-vs-kp",8,7,affine,Greedy,8,8,2,18446744073709551615,0.067963345
"kr-vs-kp",8,7,smart_certified,Greedy,8,8,2,18446744073709551615,0.036212668
"kr-vs-kp",8,7,cals,SparseLookahead,16,8,2,18446744073709551615,20.686706343
"kr-vs-kp",8,7,cals_compact_explain,SelectiveLookahead,16,4,2,18446744073709551615,5.880922997
"kr-vs-kp",9,5,unary,Greedy,8,8,2,18446744073709551615,0.008059969
"kr-vs-kp",9,5,horn,Greedy,8,8,2,18446744073709551615,0.013099734
"kr-vs-kp",9,5,antihorn,Greedy,8,8,2,18446744073709551615,0.013337096
"kr-vs-kp",9,5,square2cnf,Greedy,8,8,2,18446744073709551615,0.076816132
"kr-vs-kp",9,5,affine,Greedy,8,8,2,18446744073709551615,0.046500452
"kr-vs-kp",9,5,smart_certified,Greedy,8,8,2,18446744073709551615,0.032629599
"kr-vs-kp",9,5,cals,SparseLookahead,16,8,2,18446744073709551615,12.573354027
"kr-vs-kp",9,5,cals_compact_explain,SelectiveLookahead,16,4,2,18446744073709551615,3.750475297
"kr-vs-kp",9,7,unary,Greedy,8,8,2,18446744073709551615,0.00999659
"kr-vs-kp",9,7,horn,Greedy,8,8,2,18446744073709551615,0.019069141
"kr-vs-kp",9,7,antihorn,Greedy,8,8,2,18446744073709551615,0.018862427
"kr-vs-kp",9,7,square2cnf,Greedy,8,8,2,18446744073709551615,0.10521799
"kr-vs-kp",9,7,affine,Greedy,8,8,2,18446744073709551615,0.073209353
"kr-vs-kp",9,7,smart_certified,Greedy,8,8,2,18446744073709551615,0.040065264
"kr-vs-kp",9,7,cals,SparseLookahead,16,8,2,18446744073709551615,16.52115076
"kr-vs-kp",9,7,cals_compact_explain,SelectiveLookahead,16,4,2,18446744073709551615,4.844114738
"letter",0,5,unary,Greedy,8,8,2,18446744073709551615,0.193056746
"letter",0,5,horn,Greedy,8,8,2,18446744073709551615,0.260110796
"letter",0,5,antihorn,Greedy,8,8,2,18446744073709551615,0.25710595
"letter",0,5,square2cnf,Greedy,8,8,2,18446744073709551615,0.91122772
"letter",0,5,affine,Greedy,8,8,2,18446744073709551615,0.235246163
"letter",0,5,smart_certified,Greedy,8,8,2,18446744073709551615,1.333854989
"letter",0,5,cals,SparseLookahead,16,8,2,18446744073709551615,2.319571356
"letter",0,5,cals_compact_explain,SelectiveLookahead,16,4,2,18446744073709551615,1.749052953
"letter",0,7,unary,Greedy,8,8,2,18446744073709551615,0.238028277
"letter",0,7,horn,Greedy,8,8,2,18446744073709551615,0.433960693
"letter",0,7,antihorn,Greedy,8,8,2,18446744073709551615,0.376350667
"letter",0,7,square2cnf,Greedy,8,8,2,18446744073709551615,1.767178431
"letter",0,7,affine,Greedy,8,8,2,18446744073709551615,0.48567951
"letter",0,7,smart_certified,Greedy,8,8,2,18446744073709551615,2.083066551
"letter",0,7,cals,SparseLookahead,16,8,2,18446744073709551615,2.6001615989999998
"letter",0,7,cals_compact_explain,SelectiveLookahead,16,4,2,18446744073709551615,2.095630484
"letter",1,5,unary,Greedy,8,8,2,18446744073709551615,0.204675731
"letter",1,5,horn,Greedy,8,8,2,18446744073709551615,0.269557364
"letter",1,5,antihorn,Greedy,8,8,2,18446744073709551615,0.266766648
"letter",1,5,square2cnf,Greedy,8,8,2,18446744073709551615,0.976806335
"letter",1,5,affine,Greedy,8,8,2,18446744073709551615,0.262697872
"letter",1,5,smart_certified,Greedy,8,8,2,18446744073709551615,1.603175157
"letter",1,5,cals,SparseLookahead,16,8,2,18446744073709551615,2.293670282
"letter",1,5,cals_compact_explain,SelectiveLookahead,16,4,2,18446744073709551615,1.802085102
"letter",1,7,unary,Greedy,8,8,2,18446744073709551615,0.27907923
"letter",1,7,horn,Greedy,8,8,2,18446744073709551615,0.414690117
"letter",1,7,antihorn,Greedy,8,8,2,18446744073709551615,0.40493716
"letter",1,7,square2cnf,Greedy,8,8,2,18446744073709551615,1.9640054120000001
"letter",1,7,affine,Greedy,8,8,2,18446744073709551615,0.506596514
"letter",1,7,smart_certified,Greedy,8,8,2,18446744073709551615,2.4427702
"letter",1,7,cals,SparseLookahead,16,8,2,18446744073709551615,2.5889591530000002
"letter",1,7,cals_compact_explain,SelectiveLookahead,16,4,2,18446744073709551615,2.097611885
"letter",2,5,unary,Greedy,8,8,2,18446744073709551615,0.176509871
"letter",2,5,horn,Greedy,8,8,2,18446744073709551615,0.275764664
"letter",2,5,antihorn,Greedy,8,8,2,18446744073709551615,0.278187468
"letter",2,5,square2cnf,Greedy,8,8,2,18446744073709551615,1.023445916
"letter",2,5,affine,Greedy,8,8,2,18446744073709551615,0.280072216
"letter",2,5,smart_certified,Greedy,8,8,2,18446744073709551615,1.308701094
"letter",2,5,cals,SparseLookahead,16,8,2,18446744073709551615,2.301381227
"letter",2,5,cals_compact_explain,SelectiveLookahead,16,4,2,18446744073709551615,1.761794892
"letter",2,7,unary,Greedy,8,8,2,18446744073709551615,0.266825637
"letter",2,7,horn,Greedy,8,8,2,18446744073709551615,0.414908573
"letter",2,7,antihorn,Greedy,8,8,2,18446744073709551615,0.416787677
"letter",2,7,square2cnf,Greedy,8,8,2,18446744073709551615,1.985311205
"letter",2,7,affine,Greedy,8,8,2,18446744073709551615,0.568161498
"letter",2,7,smart_certified,Greedy,8,8,2,18446744073709551615,2.5542522549999997
"letter",2,7,cals,SparseLookahead,16,8,2,18446744073709551615,2.528920965
"letter",2,7,cals_compact_explain,SelectiveLookahead,16,4,2,18446744073709551615,2.053218356
"letter",3,5,unary,Greedy,8,8,2,18446744073709551615,0.183696326
"letter",3,5,horn,Greedy,8,8,2,18446744073709551615,0.271507893
"letter",3,5,antihorn,Greedy,8,8,2,18446744073709551615,0.274451339
"letter",3,5,square2cnf,Greedy,8,8,2,18446744073709551615,1.002925729
"letter",3,5,affine,Greedy,8,8,2,18446744073709551615,0.261927207
"letter",3,5,smart_certified,Greedy,8,8,2,18446744073709551615,1.411945216
"letter",3,5,cals,SparseLookahead,16,8,2,18446744073709551615,2.306711443
"letter",3,5,cals_compact_explain,SelectiveLookahead,16,4,2,18446744073709551615,1.736985319
"letter",3,7,unary,Greedy,8,8,2,18446744073709551615,0.26733865
"letter",3,7,horn,Greedy,8,8,2,18446744073709551615,0.418123237
"letter",3,7,antihorn,Greedy,8,8,2,18446744073709551615,0.417939627
"letter",3,7,square2cnf,Greedy,8,8,2,18446744073709551615,2.065927286
"letter",3,7,affine,Greedy,8,8,2,18446744073709551615,0.502092136
"letter",3,7,smart_certified,Greedy,8,8,2,18446744073709551615,2.439589612
"letter",3,7,cals,SparseLookahead,16,8,2,18446744073709551615,2.576563192
"letter",3,7,cals_compact_explain,SelectiveLookahead,16,4,2,18446744073709551615,2.056627463
"letter",4,5,unary,Greedy,8,8,2,18446744073709551615,0.201130761
"letter",4,5,horn,Greedy,8,8,2,18446744073709551615,0.270650107
"letter",4,5,antihorn,Greedy,8,8,2,18446744073709551615,0.274505971
"letter",4,5,square2cnf,Greedy,8,8,2,18446744073709551615,0.998327532
"letter",4,5,affine,Greedy,8,8,2,18446744073709551615,0.266578151
"letter",4,5,smart_certified,Greedy,8,8,2,18446744073709551615,1.480521125
"letter",4,5,cals,SparseLookahead,16,8,2,18446744073709551615,2.285187417
"letter",4,5,cals_compact_explain,SelectiveLookahead,16,4,2,18446744073709551615,1.7537875760000001
"letter",4,7,unary,Greedy,8,8,2,18446744073709551615,0.276893476
"letter",4,7,horn,Greedy,8,8,2,18446744073709551615,0.404917858
"letter",4,7,antihorn,Greedy,8,8,2,18446744073709551615,0.414730113
"letter",4,7,square2cnf,Greedy,8,8,2,18446744073709551615,1.952368903
"letter",4,7,affine,Greedy,8,8,2,18446744073709551615,0.516084499
"letter",4,7,smart_certified,Greedy,8,8,2,18446744073709551615,2.549674016
"letter",4,7,cals,SparseLookahead,16,8,2,18446744073709551615,2.632136864
"letter",4,7,cals_compact_explain,SelectiveLookahead,16,4,2,18446744073709551615,2.125137875
"letter",5,5,unary,Greedy,8,8,2,18446744073709551615,0.16977789
"letter",5,5,horn,Greedy,8,8,2,18446744073709551615,0.273762322
"letter",5,5,antihorn,Greedy,8,8,2,18446744073709551615,0.281262624
"letter",5,5,square2cnf,Greedy,8,8,2,18446744073709551615,1.02657344
"letter",5,5,affine,Greedy,8,8,2,18446744073709551615,0.255260959
"letter",5,5,smart_certified,Greedy,8,8,2,18446744073709551615,1.143727287
"letter",5,5,cals,SparseLookahead,16,8,2,18446744073709551615,2.30289645
"letter",5,5,cals_compact_explain,SelectiveLookahead,16,4,2,18446744073709551615,1.7306340279999999
"letter",5,7,unary,Greedy,8,8,2,18446744073709551615,0.23598078
"letter",5,7,horn,Greedy,8,8,2,18446744073709551615,0.425370104
"letter",5,7,antihorn,Greedy,8,8,2,18446744073709551615,0.435447469
"letter",5,7,square2cnf,Greedy,8,8,2,18446744073709551615,2.065880225
"letter",5,7,affine,Greedy,8,8,2,18446744073709551615,0.416591983
"letter",5,7,smart_certified,Greedy,8,8,2,18446744073709551615,1.936295739
"letter",5,7,cals,SparseLookahead,16,8,2,18446744073709551615,2.590566228
"letter",5,7,cals_compact_explain,SelectiveLookahead,16,4,2,18446744073709551615,2.36703549
"letter",6,5,unary,Greedy,8,8,2,18446744073709551615,0.184642243
"letter",6,5,horn,Greedy,8,8,2,18446744073709551615,0.272896734
"letter",6,5,antihorn,Greedy,8,8,2,18446744073709551615,0.274152208
"letter",6,5,square2cnf,Greedy,8,8,2,18446744073709551615,1.032954909
"letter",6,5,affine,Greedy,8,8,2,18446744073709551615,0.251506526
"letter",6,5,smart_certified,Greedy,8,8,2,18446744073709551615,1.49869548
"letter",6,5,cals,SparseLookahead,16,8,2,18446744073709551615,2.307339928
"letter",6,5,cals_compact_explain,SelectiveLookahead,16,4,2,18446744073709551615,1.6809648419999998
"letter",6,7,unary,Greedy,8,8,2,18446744073709551615,0.262509915
"letter",6,7,horn,Greedy,8,8,2,18446744073709551615,0.414881153
"letter",6,7,antihorn,Greedy,8,8,2,18446744073709551615,0.416035478
"letter",6,7,square2cnf,Greedy,8,8,2,18446744073709551615,2.01751717
"letter",6,7,affine,Greedy,8,8,2,18446744073709551615,0.489078355
"letter",6,7,smart_certified,Greedy,8,8,2,18446744073709551615,2.435424784
"letter",6,7,cals,SparseLookahead,16,8,2,18446744073709551615,2.6295233
"letter",6,7,cals_compact_explain,SelectiveLookahead,16,4,2,18446744073709551615,2.093680552
"letter",7,5,unary,Greedy,8,8,2,18446744073709551615,0.184966711
"letter",7,5,horn,Greedy,8,8,2,18446744073709551615,0.268676737
"letter",7,5,antihorn,Greedy,8,8,2,18446744073709551615,0.267607141
"letter",7,5,square2cnf,Greedy,8,8,2,18446744073709551615,0.972474754
"letter",7,5,affine,Greedy,8,8,2,18446744073709551615,0.26854285
"letter",7,5,smart_certified,Greedy,8,8,2,18446744073709551615,1.385349469
"letter",7,5,cals,SparseLookahead,16,8,2,18446744073709551615,2.320103147
"letter",7,5,cals_compact_explain,SelectiveLookahead,16,4,2,18446744073709551615,1.359350654
"letter",7,7,unary,Greedy,8,8,2,18446744073709551615,0.254164716
"letter",7,7,horn,Greedy,8,8,2,18446744073709551615,0.416632308
"letter",7,7,antihorn,Greedy,8,8,2,18446744073709551615,0.418485467
"letter",7,7,square2cnf,Greedy,8,8,2,18446744073709551615,2.093340597
"letter",7,7,affine,Greedy,8,8,2,18446744073709551615,0.456365475
"letter",7,7,smart_certified,Greedy,8,8,2,18446744073709551615,2.043723397
"letter",7,7,cals,SparseLookahead,16,8,2,18446744073709551615,2.544712775
"letter",7,7,cals_compact_explain,SelectiveLookahead,16,4,2,18446744073709551615,1.629662728
"letter",8,5,unary,Greedy,8,8,2,18446744073709551615,0.188117749
"letter",8,5,horn,Greedy,8,8,2,18446744073709551615,0.264874548
"letter",8,5,antihorn,Greedy,8,8,2,18446744073709551615,0.262385549
"letter",8,5,square2cnf,Greedy,8,8,2,18446744073709551615,0.934862476
"letter",8,5,affine,Greedy,8,8,2,18446744073709551615,0.216776728
"letter",8,5,smart_certified,Greedy,8,8,2,18446744073709551615,1.447588771
"letter",8,5,cals,SparseLookahead,16,8,2,18446744073709551615,2.342119203
"letter",8,5,cals_compact_explain,SelectiveLookahead,16,4,2,18446744073709551615,1.697198191
"letter",8,7,unary,Greedy,8,8,2,18446744073709551615,0.258019325
"letter",8,7,horn,Greedy,8,8,2,18446744073709551615,0.391423037
"letter",8,7,antihorn,Greedy,8,8,2,18446744073709551615,0.40691233
"letter",8,7,square2cnf,Greedy,8,8,2,18446744073709551615,1.886239025
"letter",8,7,affine,Greedy,8,8,2,18446744073709551615,0.410926281
"letter",8,7,smart_certified,Greedy,8,8,2,18446744073709551615,2.482441604
"letter",8,7,cals,SparseLookahead,16,8,2,18446744073709551615,2.6265713120000003
"letter",8,7,cals_compact_explain,SelectiveLookahead,16,4,2,18446744073709551615,2.063572655
"letter",9,5,unary,Greedy,8,8,2,18446744073709551615,0.185122247
"letter",9,5,horn,Greedy,8,8,2,18446744073709551615,0.242378721
"letter",9,5,antihorn,Greedy,8,8,2,18446744073709551615,0.248659896
"letter",9,5,square2cnf,Greedy,8,8,2,18446744073709551615,1.010667399
"letter",9,5,affine,Greedy,8,8,2,18446744073709551615,0.302209138
"letter",9,5,smart_certified,Greedy,8,8,2,18446744073709551615,1.656807575
"letter",9,5,cals,SparseLookahead,16,8,2,18446744073709551615,2.484061285
"letter",9,5,cals_compact_explain,SelectiveLookahead,16,4,2,18446744073709551615,1.7860133980000001
"letter",9,7,unary,Greedy,8,8,2,18446744073709551615,0.259500062
"letter",9,7,horn,Greedy,8,8,2,18446744073709551615,0.408167499
"letter",9,7,antihorn,Greedy,8,8,2,18446744073709551615,0.384592919
"letter",9,7,square2cnf,Greedy,8,8,2,18446744073709551615,1.916334763
"letter",9,7,affine,Greedy,8,8,2,18446744073709551615,0.516015991
"letter",9,7,smart_certified,Greedy,8,8,2,18446744073709551615,2.506377515
"letter",9,7,cals,SparseLookahead,16,8,2,18446744073709551615,2.538739435
"letter",9,7,cals_compact_explain,SelectiveLookahead,16,4,2,18446744073709551615,2.01007045
"letter_recognition-bin",0,5,unary,Greedy,8,8,2,18446744073709551615,0.27229445
"letter_recognition-bin",0,5,horn,Greedy,8,8,2,18446744073709551615,0.321545702
"letter_recognition-bin",0,5,antihorn,Greedy,8,8,2,18446744073709551615,0.304624315
"letter_recognition-bin",0,5,square2cnf,Greedy,8,8,2,18446744073709551615,1.113148219
"letter_recognition-bin",0,5,affine,Greedy,8,8,2,18446744073709551615,0.419348925
"letter_recognition-bin",0,5,smart_certified,Greedy,8,8,2,18446744073709551615,2.270857578
"letter_recognition-bin",0,5,cals,SparseLookahead,16,8,2,18446744073709551615,25.809223146
"letter_recognition-bin",0,5,cals_compact_explain,SelectiveLookahead,16,4,2,18446744073709551615,16.674343493
"letter_recognition-bin",0,7,unary,Greedy,8,8,2,18446744073709551615,0.327943313
"letter_recognition-bin",0,7,horn,Greedy,8,8,2,18446744073709551615,0.38763275
"letter_recognition-bin",0,7,antihorn,Greedy,8,8,2,18446744073709551615,0.360283022
"letter_recognition-bin",0,7,square2cnf,Greedy,8,8,2,18446744073709551615,1.624108996
"letter_recognition-bin",0,7,affine,Greedy,8,8,2,18446744073709551615,0.761154702
"letter_recognition-bin",0,7,smart_certified,Greedy,8,8,2,18446744073709551615,3.054214359
"letter_recognition-bin",0,7,cals,SparseLookahead,16,8,2,18446744073709551615,37.246836731
"letter_recognition-bin",0,7,cals_compact_explain,SelectiveLookahead,16,4,2,18446744073709551615,20.827461231
"letter_recognition-bin",1,5,unary,Greedy,8,8,2,18446744073709551615,0.261982555
"letter_recognition-bin",1,5,horn,Greedy,8,8,2,18446744073709551615,0.316255742
"letter_recognition-bin",1,5,antihorn,Greedy,8,8,2,18446744073709551615,0.307190956
"letter_recognition-bin",1,5,square2cnf,Greedy,8,8,2,18446744073709551615,0.956945882
"letter_recognition-bin",1,5,affine,Greedy,8,8,2,18446744073709551615,0.427999668
"letter_recognition-bin",1,5,smart_certified,Greedy,8,8,2,18446744073709551615,2.275544137
"letter_recognition-bin",1,5,cals,SparseLookahead,16,8,2,18446744073709551615,25.196395935
"letter_recognition-bin",1,5,cals_compact_explain,SelectiveLookahead,16,4,2,18446744073709551615,16.203158292
"letter_recognition-bin",1,7,unary,Greedy,8,8,2,18446744073709551615,0.32944187
"letter_recognition-bin",1,7,horn,Greedy,8,8,2,18446744073709551615,0.415646331
"letter_recognition-bin",1,7,antihorn,Greedy,8,8,2,18446744073709551615,0.371645104
"letter_recognition-bin",1,7,square2cnf,Greedy,8,8,2,18446744073709551615,1.514498738
"letter_recognition-bin",1,7,affine,Greedy,8,8,2,18446744073709551615,0.759446998
"letter_recognition-bin",1,7,smart_certified,Greedy,8,8,2,18446744073709551615,3.298791207
"letter_recognition-bin",1,7,cals,SparseLookahead,16,8,2,18446744073709551615,34.923980932
"letter_recognition-bin",1,7,cals_compact_explain,SelectiveLookahead,16,4,2,18446744073709551615,18.230639809
"letter_recognition-bin",2,5,unary,Greedy,8,8,2,18446744073709551615,0.269748541
"letter_recognition-bin",2,5,horn,Greedy,8,8,2,18446744073709551615,0.28455052
"letter_recognition-bin",2,5,antihorn,Greedy,8,8,2,18446744073709551615,0.274917576
"letter_recognition-bin",2,5,square2cnf,Greedy,8,8,2,18446744073709551615,0.859140649
"letter_recognition-bin",2,5,affine,Greedy,8,8,2,18446744073709551615,0.389190191
"letter_recognition-bin",2,5,smart_certified,Greedy,8,8,2,18446744073709551615,2.207961412
"letter_recognition-bin",2,5,cals,SparseLookahead,16,8,2,18446744073709551615,35.590710921
"letter_recognition-bin",2,5,cals_compact_explain,SelectiveLookahead,16,4,2,18446744073709551615,17.48778238
"letter_recognition-bin",2,7,unary,Greedy,8,8,2,18446744073709551615,0.318060809
"letter_recognition-bin",2,7,horn,Greedy,8,8,2,18446744073709551615,0.371729227
"letter_recognition-bin",2,7,antihorn,Greedy,8,8,2,18446744073709551615,0.344522717
"letter_recognition-bin",2,7,square2cnf,Greedy,8,8,2,18446744073709551615,1.240303026
"letter_recognition-bin",2,7,affine,Greedy,8,8,2,18446744073709551615,0.706746438
"letter_recognition-bin",2,7,smart_certified,Greedy,8,8,2,18446744073709551615,3.389758674
"letter_recognition-bin",2,7,cals,SparseLookahead,16,8,2,18446744073709551615,50.712968404
"letter_recognition-bin",2,7,cals_compact_explain,SelectiveLookahead,16,4,2,18446744073709551615,23.08574247
"letter_recognition-bin",3,5,unary,Greedy,8,8,2,18446744073709551615,0.271386174
"letter_recognition-bin",3,5,horn,Greedy,8,8,2,18446744073709551615,0.318180395
"letter_recognition-bin",3,5,antihorn,Greedy,8,8,2,18446744073709551615,0.318386075
"letter_recognition-bin",3,5,square2cnf,Greedy,8,8,2,18446744073709551615,1.107433548
"letter_recognition-bin",3,5,affine,Greedy,8,8,2,18446744073709551615,0.395689499
"letter_recognition-bin",3,5,smart_certified,Greedy,8,8,2,18446744073709551615,2.263693605
"letter_recognition-bin",3,5,cals,SparseLookahead,16,8,2,18446744073709551615,34.586562023
"letter_recognition-bin",3,5,cals_compact_explain,SelectiveLookahead,16,4,2,18446744073709551615,17.189414899
"letter_recognition-bin",3,7,unary,Greedy,8,8,2,18446744073709551615,0.33026302
"letter_recognition-bin",3,7,horn,Greedy,8,8,2,18446744073709551615,0.428781738
"letter_recognition-bin",3,7,antihorn,Greedy,8,8,2,18446744073709551615,0.419589348
"letter_recognition-bin",3,7,square2cnf,Greedy,8,8,2,18446744073709551615,1.792272556
"letter_recognition-bin",3,7,affine,Greedy,8,8,2,18446744073709551615,0.651921169
"letter_recognition-bin",3,7,smart_certified,Greedy,8,8,2,18446744073709551615,3.094217453
"letter_recognition-bin",3,7,cals,SparseLookahead,16,8,2,18446744073709551615,48.841144928
"letter_recognition-bin",3,7,cals_compact_explain,SelectiveLookahead,16,4,2,18446744073709551615,21.923966784
"letter_recognition-bin",4,5,unary,Greedy,8,8,2,18446744073709551615,0.276882228
"letter_recognition-bin",4,5,horn,Greedy,8,8,2,18446744073709551615,0.318562966
"letter_recognition-bin",4,5,antihorn,Greedy,8,8,2,18446744073709551615,0.310507494
"letter_recognition-bin",4,5,square2cnf,Greedy,8,8,2,18446744073709551615,0.950395715
"letter_recognition-bin",4,5,affine,Greedy,8,8,2,18446744073709551615,0.391666118
"letter_recognition-bin",4,5,smart_certified,Greedy,8,8,2,18446744073709551615,2.46627123
"letter_recognition-bin",4,5,cals,SparseLookahead,16,8,2,18446744073709551615,25.710538023
"letter_recognition-bin",4,5,cals_compact_explain,SelectiveLookahead,16,4,2,18446744073709551615,15.75078673
"letter_recognition-bin",4,7,unary,Greedy,8,8,2,18446744073709551615,0.340619237
"letter_recognition-bin",4,7,horn,Greedy,8,8,2,18446744073709551615,0.384028327
"letter_recognition-bin",4,7,antihorn,Greedy,8,8,2,18446744073709551615,0.367470852
"letter_recognition-bin",4,7,square2cnf,Greedy,8,8,2,18446744073709551615,1.470863467
"letter_recognition-bin",4,7,affine,Greedy,8,8,2,18446744073709551615,0.825700616
"letter_recognition-bin",4,7,smart_certified,Greedy,8,8,2,18446744073709551615,3.726815879
"letter_recognition-bin",4,7,cals,SparseLookahead,16,8,2,18446744073709551615,36.901442347
"letter_recognition-bin",4,7,cals_compact_explain,SelectiveLookahead,16,4,2,18446744073709551615,19.882792219
"letter_recognition-bin",5,5,unary,Greedy,8,8,2,18446744073709551615,0.27638939
"letter_recognition-bin",5,5,horn,Greedy,8,8,2,18446744073709551615,0.31891225
"letter_recognition-bin",5,5,antihorn,Greedy,8,8,2,18446744073709551615,0.295819309
"letter_recognition-bin",5,5,square2cnf,Greedy,8,8,2,18446744073709551615,1.106202931
"letter_recognition-bin",5,5,affine,Greedy,8,8,2,18446744073709551615,0.429180492
"letter_recognition-bin",5,5,smart_certified,Greedy,8,8,2,18446744073709551615,2.270773246
"letter_recognition-bin",5,5,cals,SparseLookahead,16,8,2,18446744073709551615,37.526884959
"letter_recognition-bin",5,5,cals_compact_explain,SelectiveLookahead,16,4,2,18446744073709551615,17.911693645
"letter_recognition-bin",5,7,unary,Greedy,8,8,2,18446744073709551615,0.340171933
"letter_recognition-bin",5,7,horn,Greedy,8,8,2,18446744073709551615,0.402909007
"letter_recognition-bin",5,7,antihorn,Greedy,8,8,2,18446744073709551615,0.361815336
"letter_recognition-bin",5,7,square2cnf,Greedy,8,8,2,18446744073709551615,1.608887491
"letter_recognition-bin",5,7,affine,Greedy,8,8,2,18446744073709551615,0.668724596
"letter_recognition-bin",5,7,smart_certified,Greedy,8,8,2,18446744073709551615,3.292432949
"letter_recognition-bin",5,7,cals,SparseLookahead,16,8,2,18446744073709551615,54.181263692
"letter_recognition-bin",5,7,cals_compact_explain,SelectiveLookahead,16,4,2,18446744073709551615,22.70593302
"letter_recognition-bin",6,5,unary,Greedy,8,8,2,18446744073709551615,0.278627085
"letter_recognition-bin",6,5,horn,Greedy,8,8,2,18446744073709551615,0.312866121
"letter_recognition-bin",6,5,antihorn,Greedy,8,8,2,18446744073709551615,0.306484227
"letter_recognition-bin",6,5,square2cnf,Greedy,8,8,2,18446744073709551615,1.074711315
"letter_recognition-bin",6,5,affine,Greedy,8,8,2,18446744073709551615,0.36327947
"letter_recognition-bin",6,5,smart_certified,Greedy,8,8,2,18446744073709551615,2.4478302100000002
"letter_recognition-bin",6,5,cals,SparseLookahead,16,8,2,18446744073709551615,37.001126279
"letter_recognition-bin",6,5,cals_compact_explain,SelectiveLookahead,16,4,2,18446744073709551615,17.655600019
"letter_recognition-bin",6,7,unary,Greedy,8,8,2,18446744073709551615,0.347391722
"letter_recognition-bin",6,7,horn,Greedy,8,8,2,18446744073709551615,0.422206098
"letter_recognition-bin",6,7,antihorn,Greedy,8,8,2,18446744073709551615,0.37305005
"letter_recognition-bin",6,7,square2cnf,Greedy,8,8,2,18446744073709551615,1.55334902
"letter_recognition-bin",6,7,affine,Greedy,8,8,2,18446744073709551615,0.725973433
"letter_recognition-bin",6,7,smart_certified,Greedy,8,8,2,18446744073709551615,3.260594251
"letter_recognition-bin",6,7,cals,SparseLookahead,16,8,2,18446744073709551615,49.489440784
"letter_recognition-bin",6,7,cals_compact_explain,SelectiveLookahead,16,4,2,18446744073709551615,21.882882235
"letter_recognition-bin",7,5,unary,Greedy,8,8,2,18446744073709551615,0.277055243
"letter_recognition-bin",7,5,horn,Greedy,8,8,2,18446744073709551615,0.298913736
"letter_recognition-bin",7,5,antihorn,Greedy,8,8,2,18446744073709551615,0.286760467
"letter_recognition-bin",7,5,square2cnf,Greedy,8,8,2,18446744073709551615,1.033102587
"letter_recognition-bin",7,5,affine,Greedy,8,8,2,18446744073709551615,0.335836316
"letter_recognition-bin",7,5,smart_certified,Greedy,8,8,2,18446744073709551615,2.321414452
"letter_recognition-bin",7,5,cals,SparseLookahead,16,8,2,18446744073709551615,29.668583538
"letter_recognition-bin",7,5,cals_compact_explain,SelectiveLookahead,16,4,2,18446744073709551615,18.283487469
"letter_recognition-bin",7,7,unary,Greedy,8,8,2,18446744073709551615,0.345771473
"letter_recognition-bin",7,7,horn,Greedy,8,8,2,18446744073709551615,0.417413919
"letter_recognition-bin",7,7,antihorn,Greedy,8,8,2,18446744073709551615,0.361419783
"letter_recognition-bin",7,7,square2cnf,Greedy,8,8,2,18446744073709551615,1.5188749700000002
"letter_recognition-bin",7,7,affine,Greedy,8,8,2,18446744073709551615,0.681908108
"letter_recognition-bin",7,7,smart_certified,Greedy,8,8,2,18446744073709551615,3.218266281
"letter_recognition-bin",7,7,cals,SparseLookahead,16,8,2,18446744073709551615,44.09326479
"letter_recognition-bin",7,7,cals_compact_explain,SelectiveLookahead,16,4,2,18446744073709551615,23.030661942
"letter_recognition-bin",8,5,unary,Greedy,8,8,2,18446744073709551615,0.273587662
"letter_recognition-bin",8,5,horn,Greedy,8,8,2,18446744073709551615,0.316743531
"letter_recognition-bin",8,5,antihorn,Greedy,8,8,2,18446744073709551615,0.317308832
"letter_recognition-bin",8,5,square2cnf,Greedy,8,8,2,18446744073709551615,1.121742385
"letter_recognition-bin",8,5,affine,Greedy,8,8,2,18446744073709551615,0.410893951
"letter_recognition-bin",8,5,smart_certified,Greedy,8,8,2,18446744073709551615,2.236947144
"letter_recognition-bin",8,5,cals,SparseLookahead,16,8,2,18446744073709551615,34.285167959
"letter_recognition-bin",8,5,cals_compact_explain,SelectiveLookahead,16,4,2,18446744073709551615,14.547659687
"letter_recognition-bin",8,7,unary,Greedy,8,8,2,18446744073709551615,0.340357973
"letter_recognition-bin",8,7,horn,Greedy,8,8,2,18446744073709551615,0.40725403
"letter_recognition-bin",8,7,antihorn,Greedy,8,8,2,18446744073709551615,0.57715123
"letter_recognition-bin",8,7,square2cnf,Greedy,8,8,2,18446744073709551615,1.5288852419999999
"letter_recognition-bin",8,7,affine,Greedy,8,8,2,18446744073709551615,0.807597691
"letter_recognition-bin",8,7,smart_certified,Greedy,8,8,2,18446744073709551615,3.441112831
"letter_recognition-bin",8,7,cals,SparseLookahead,16,8,2,18446744073709551615,48.010450939
"letter_recognition-bin",8,7,cals_compact_explain,SelectiveLookahead,16,4,2,18446744073709551615,19.913906354
"letter_recognition-bin",9,5,unary,Greedy,8,8,2,18446744073709551615,0.251633157
"letter_recognition-bin",9,5,horn,Greedy,8,8,2,18446744073709551615,0.315460463
"letter_recognition-bin",9,5,antihorn,Greedy,8,8,2,18446744073709551615,0.336376361
"letter_recognition-bin",9,5,square2cnf,Greedy,8,8,2,18446744073709551615,0.977676575
"letter_recognition-bin",9,5,affine,Greedy,8,8,2,18446744073709551615,0.476439331
"letter_recognition-bin",9,5,smart_certified,Greedy,8,8,2,18446744073709551615,1.921698573
"letter_recognition-bin",9,5,cals,SparseLookahead,16,8,2,18446744073709551615,28.869528194
"letter_recognition-bin",9,5,cals_compact_explain,SelectiveLookahead,16,4,2,18446744073709551615,17.517966548
"letter_recognition-bin",9,7,unary,Greedy,8,8,2,18446744073709551615,0.30632547
"letter_recognition-bin",9,7,horn,Greedy,8,8,2,18446744073709551615,0.389499233
"letter_recognition-bin",9,7,antihorn,Greedy,8,8,2,18446744073709551615,0.402737575
"letter_recognition-bin",9,7,square2cnf,Greedy,8,8,2,18446744073709551615,1.424505642
"letter_recognition-bin",9,7,affine,Greedy,8,8,2,18446744073709551615,0.756391241
"letter_recognition-bin",9,7,smart_certified,Greedy,8,8,2,18446744073709551615,2.7633437819999997
"letter_recognition-bin",9,7,cals,SparseLookahead,16,8,2,18446744073709551615,43.171690826
"letter_recognition-bin",9,7,cals_compact_explain,SelectiveLookahead,16,4,2,18446744073709551615,23.030513409
"lymph",0,5,unary,Greedy,8,8,2,18446744073709551615,0.005383475
"lymph",0,5,horn,Greedy,8,8,2,18446744073709551615,0.001967027
"lymph",0,5,antihorn,Greedy,8,8,2,18446744073709551615,0.002243914
"lymph",0,5,square2cnf,Greedy,8,8,2,18446744073709551615,0.009981706
"lymph",0,5,affine,Greedy,8,8,2,18446744073709551615,0.008442055
"lymph",0,5,smart_certified,Greedy,8,8,2,18446744073709551615,0.018375036
"lymph",0,5,cals,SparseLookahead,16,8,2,18446744073709551615,6.473950947
"lymph",0,5,cals_compact_explain,SelectiveLookahead,16,4,2,18446744073709551615,0.034433487
"lymph",0,7,unary,Greedy,8,8,2,18446744073709551615,0.001953308
"lymph",0,7,horn,Greedy,8,8,2,18446744073709551615,0.002329054
"lymph",0,7,antihorn,Greedy,8,8,2,18446744073709551615,0.002159124
"lymph",0,7,square2cnf,Greedy,8,8,2,18446744073709551615,0.011079106
"lymph",0,7,affine,Greedy,8,8,2,18446744073709551615,0.008725853
"lymph",0,7,smart_certified,Greedy,8,8,2,18446744073709551615,0.017981865
"lymph",0,7,cals,SparseLookahead,16,8,2,18446744073709551615,6.441793944
"lymph",0,7,cals_compact_explain,SelectiveLookahead,16,4,2,18446744073709551615,0.03480661
"lymph",1,5,unary,Greedy,8,8,2,18446744073709551615,0.001643423
"lymph",1,5,horn,Greedy,8,8,2,18446744073709551615,0.001829138
"lymph",1,5,antihorn,Greedy,8,8,2,18446744073709551615,0.001860248
"lymph",1,5,square2cnf,Greedy,8,8,2,18446744073709551615,0.011296767
"lymph",1,5,affine,Greedy,8,8,2,18446744073709551615,0.009073285
"lymph",1,5,smart_certified,Greedy,8,8,2,18446744073709551615,0.004965125
"lymph",1,5,cals,SparseLookahead,16,8,2,18446744073709551615,6.144648137
"lymph",1,5,cals_compact_explain,SelectiveLookahead,16,4,2,18446744073709551615,0.786701102
"lymph",1,7,unary,Greedy,8,8,2,18446744073709551615,0.001690965
"lymph",1,7,horn,Greedy,8,8,2,18446744073709551615,0.001926684
"lymph",1,7,antihorn,Greedy,8,8,2,18446744073709551615,0.001921803
"lymph",1,7,square2cnf,Greedy,8,8,2,18446744073709551615,0.013349488
"lymph",1,7,affine,Greedy,8,8,2,18446744073709551615,0.009196903
"lymph",1,7,smart_certified,Greedy,8,8,2,18446744073709551615,0.004902923
"lymph",1,7,cals,SparseLookahead,16,8,2,18446744073709551615,6.181821894
"lymph",1,7,cals_compact_explain,SelectiveLookahead,16,4,2,18446744073709551615,0.801052957
"lymph",2,5,unary,Greedy,8,8,2,18446744073709551615,0.001434179
"lymph",2,5,horn,Greedy,8,8,2,18446744073709551615,0.002070151
"lymph",2,5,antihorn,Greedy,8,8,2,18446744073709551615,0.001779402
"lymph",2,5,square2cnf,Greedy,8,8,2,18446744073709551615,0.010771167
"lymph",2,5,affine,Greedy,8,8,2,18446744073709551615,0.008034595
"lymph",2,5,smart_certified,Greedy,8,8,2,18446744073709551615,0.013304496
"lymph",2,5,cals,SparseLookahead,16,8,2,18446744073709551615,0.650595537
"lymph",2,5,cals_compact_explain,SelectiveLookahead,16,4,2,18446744073709551615,0.345383762
"lymph",2,7,unary,Greedy,8,8,2,18446744073709551615,0.00157849
"lymph",2,7,horn,Greedy,8,8,2,18446744073709551615,0.002220316
"lymph",2,7,antihorn,Greedy,8,8,2,18446744073709551615,0.001840653
"lymph",2,7,square2cnf,Greedy,8,8,2,18446744073709551615,0.010650538
"lymph",2,7,affine,Greedy,8,8,2,18446744073709551615,0.008601204
"lymph",2,7,smart_certified,Greedy,8,8,2,18446744073709551615,0.014022009
"lymph",2,7,cals,SparseLookahead,16,8,2,18446744073709551615,0.649341665
"lymph",2,7,cals_compact_explain,SelectiveLookahead,16,4,2,18446744073709551615,0.370409669
"lymph",3,5,unary,Greedy,8,8,2,18446744073709551615,0.001594926
"lymph",3,5,horn,Greedy,8,8,2,18446744073709551615,0.002166504
"lymph",3,5,antihorn,Greedy,8,8,2,18446744073709551615,0.002147019
"lymph",3,5,square2cnf,Greedy,8,8,2,18446744073709551615,0.012524729
"lymph",3,5,affine,Greedy,8,8,2,18446744073709551615,0.006655019
"lymph",3,5,smart_certified,Greedy,8,8,2,18446744073709551615,0.0092841
"lymph",3,5,cals,SparseLookahead,16,8,2,18446744073709551615,0.157515545
"lymph",3,5,cals_compact_explain,SelectiveLookahead,16,4,2,18446744073709551615,0.029141601
"lymph",3,7,unary,Greedy,8,8,2,18446744073709551615,0.001757654
"lymph",3,7,horn,Greedy,8,8,2,18446744073709551615,0.0020131
"lymph",3,7,antihorn,Greedy,8,8,2,18446744073709551615,0.002007916
"lymph",3,7,square2cnf,Greedy,8,8,2,18446744073709551615,0.0123762
"lymph",3,7,affine,Greedy,8,8,2,18446744073709551615,0.007164808
"lymph",3,7,smart_certified,Greedy,8,8,2,18446744073709551615,0.009237128
"lymph",3,7,cals,SparseLookahead,16,8,2,18446744073709551615,0.176448246
"lymph",3,7,cals_compact_explain,SelectiveLookahead,16,4,2,18446744073709551615,0.030226006
"lymph",4,5,unary,Greedy,8,8,2,18446744073709551615,0.001758903
"lymph",4,5,horn,Greedy,8,8,2,18446744073709551615,0.001546371
"lymph",4,5,antihorn,Greedy,8,8,2,18446744073709551615,0.001587753
"lymph",4,5,square2cnf,Greedy,8,8,2,18446744073709551615,0.010481336
"lymph",4,5,affine,Greedy,8,8,2,18446744073709551615,0.007564214
"lymph",4,5,smart_certified,Greedy,8,8,2,18446744073709551615,0.005273385
"lymph",4,5,cals,SparseLookahead,16,8,2,18446744073709551615,7.152987829
"lymph",4,5,cals_compact_explain,SelectiveLookahead,16,4,2,18446744073709551615,1.296443201
"lymph",4,7,unary,Greedy,8,8,2,18446744073709551615,0.002119761
"lymph",4,7,horn,Greedy,8,8,2,18446744073709551615,0.002284835
"lymph",4,7,antihorn,Greedy,8,8,2,18446744073709551615,0.002097409
"lymph",4,7,square2cnf,Greedy,8,8,2,18446744073709551615,0.010236533
"lymph",4,7,affine,Greedy,8,8,2,18446744073709551615,0.007997822
"lymph",4,7,smart_certified,Greedy,8,8,2,18446744073709551615,0.004957617
"lymph",4,7,cals,SparseLookahead,16,8,2,18446744073709551615,7.1314841
"lymph",4,7,cals_compact_explain,SelectiveLookahead,16,4,2,18446744073709551615,1.293276362
"lymph",5,5,unary,Greedy,8,8,2,18446744073709551615,0.001291114
"lymph",5,5,horn,Greedy,8,8,2,18446744073709551615,0.001901453
"lymph",5,5,antihorn,Greedy,8,8,2,18446744073709551615,0.001963645
"lymph",5,5,square2cnf,Greedy,8,8,2,18446744073709551615,0.010487391
"lymph",5,5,affine,Greedy,8,8,2,18446744073709551615,0.006731638
"lymph",5,5,smart_certified,Greedy,8,8,2,18446744073709551615,0.015274648
"lymph",5,5,cals,SparseLookahead,16,8,2,18446744073709551615,0.560308698
"lymph",5,5,cals_compact_explain,SelectiveLookahead,16,4,2,18446744073709551615,0.476388102
"lymph",5,7,unary,Greedy,8,8,2,18446744073709551615,0.001509479
"lymph",5,7,horn,Greedy,8,8,2,18446744073709551615,0.001922913
"lymph",5,7,antihorn,Greedy,8,8,2,18446744073709551615,0.002013612
"lymph",5,7,square2cnf,Greedy,8,8,2,18446744073709551615,0.011727516
"lymph",5,7,affine,Greedy,8,8,2,18446744073709551615,0.006464265
"lymph",5,7,smart_certified,Greedy,8,8,2,18446744073709551615,0.015038444
"lymph",5,7,cals,SparseLookahead,16,8,2,18446744073709551615,0.550723069
"lymph",5,7,cals_compact_explain,SelectiveLookahead,16,4,2,18446744073709551615,0.474539953
"lymph",6,5,unary,Greedy,8,8,2,18446744073709551615,0.001780153
"lymph",6,5,horn,Greedy,8,8,2,18446744073709551615,0.002430922
"lymph",6,5,antihorn,Greedy,8,8,2,18446744073709551615,0.002128311
"lymph",6,5,square2cnf,Greedy,8,8,2,18446744073709551615,0.013135567
"lymph",6,5,affine,Greedy,8,8,2,18446744073709551615,0.006640338
"lymph",6,5,smart_certified,Greedy,8,8,2,18446744073709551615,0.016680233
"lymph",6,5,cals,SparseLookahead,16,8,2,18446744073709551615,8.754300968
"lymph",6,5,cals_compact_explain,SelectiveLookahead,16,4,2,18446744073709551615,0.747571264
"lymph",6,7,unary,Greedy,8,8,2,18446744073709551615,0.001916661
"lymph",6,7,horn,Greedy,8,8,2,18446744073709551615,0.002147699
"lymph",6,7,antihorn,Greedy,8,8,2,18446744073709551615,0.00219574
"lymph",6,7,square2cnf,Greedy,8,8,2,18446744073709551615,0.013272866
"lymph",6,7,affine,Greedy,8,8,2,18446744073709551615,0.008192072
"lymph",6,7,smart_certified,Greedy,8,8,2,18446744073709551615,0.016017621
"lymph",6,7,cals,SparseLookahead,16,8,2,18446744073709551615,9.440115954
"lymph",6,7,cals_compact_explain,SelectiveLookahead,16,4,2,18446744073709551615,0.751721923
"lymph",7,5,unary,Greedy,8,8,2,18446744073709551615,0.001534123
"lymph",7,5,horn,Greedy,8,8,2,18446744073709551615,0.001777522
"lymph",7,5,antihorn,Greedy,8,8,2,18446744073709551615,0.0017619
"lymph",7,5,square2cnf,Greedy,8,8,2,18446744073709551615,0.010692156
"lymph",7,5,affine,Greedy,8,8,2,18446744073709551615,0.006585999
"lymph",7,5,smart_certified,Greedy,8,8,2,18446744073709551615,0.012854934
"lymph",7,5,cals,SparseLookahead,16,8,2,18446744073709551615,0.969444395
"lymph",7,5,cals_compact_explain,SelectiveLookahead,16,4,2,18446744073709551615,0.303995636
"lymph",7,7,unary,Greedy,8,8,2,18446744073709551615,0.001677334
"lymph",7,7,horn,Greedy,8,8,2,18446744073709551615,0.001959394
"lymph",7,7,antihorn,Greedy,8,8,2,18446744073709551615,0.001802801
"lymph",7,7,square2cnf,Greedy,8,8,2,18446744073709551615,0.010718153
"lymph",7,7,affine,Greedy,8,8,2,18446744073709551615,0.006466103
"lymph",7,7,smart_certified,Greedy,8,8,2,18446744073709551615,0.012772836
"lymph",7,7,cals,SparseLookahead,16,8,2,18446744073709551615,0.950663337
"lymph",7,7,cals_compact_explain,SelectiveLookahead,16,4,2,18446744073709551615,0.299041585
"lymph",8,5,unary,Greedy,8,8,2,18446744073709551615,0.001461201
"lymph",8,5,horn,Greedy,8,8,2,18446744073709551615,0.001733745
"lymph",8,5,antihorn,Greedy,8,8,2,18446744073709551615,0.001897017
"lymph",8,5,square2cnf,Greedy,8,8,2,18446744073709551615,0.015410649
"lymph",8,5,affine,Greedy,8,8,2,18446744073709551615,0.008211112
"lymph",8,5,smart_certified,Greedy,8,8,2,18446744073709551615,0.013117241
"lymph",8,5,cals,SparseLookahead,16,8,2,18446744073709551615,6.678522995
"lymph",8,5,cals_compact_explain,SelectiveLookahead,16,4,2,18446744073709551615,1.755502055
"lymph",8,7,unary,Greedy,8,8,2,18446744073709551615,0.00173545
"lymph",8,7,horn,Greedy,8,8,2,18446744073709551615,0.002143674
"lymph",8,7,antihorn,Greedy,8,8,2,18446744073709551615,0.002459843
"lymph",8,7,square2cnf,Greedy,8,8,2,18446744073709551615,0.017749675
"lymph",8,7,affine,Greedy,8,8,2,18446744073709551615,0.008826301
"lymph",8,7,smart_certified,Greedy,8,8,2,18446744073709551615,0.013256177
"lymph",8,7,cals,SparseLookahead,16,8,2,18446744073709551615,7.512851611
"lymph",8,7,cals_compact_explain,SelectiveLookahead,16,4,2,18446744073709551615,1.8585005140000002
"lymph",9,5,unary,Greedy,8,8,2,18446744073709551615,0.001561904
"lymph",9,5,horn,Greedy,8,8,2,18446744073709551615,0.001678685
"lymph",9,5,antihorn,Greedy,8,8,2,18446744073709551615,0.001769535
"lymph",9,5,square2cnf,Greedy,8,8,2,18446744073709551615,0.009585203
"lymph",9,5,affine,Greedy,8,8,2,18446744073709551615,0.006608073
"lymph",9,5,smart_certified,Greedy,8,8,2,18446744073709551615,0.00499642
"lymph",9,5,cals,SparseLookahead,16,8,2,18446744073709551615,7.439349662
"lymph",9,5,cals_compact_explain,SelectiveLookahead,16,4,2,18446744073709551615,1.136667745
"lymph",9,7,unary,Greedy,8,8,2,18446744073709551615,0.001812969
"lymph",9,7,horn,Greedy,8,8,2,18446744073709551615,0.001910062
"lymph",9,7,antihorn,Greedy,8,8,2,18446744073709551615,0.002119429
"lymph",9,7,square2cnf,Greedy,8,8,2,18446744073709551615,0.012281431
"lymph",9,7,affine,Greedy,8,8,2,18446744073709551615,0.007242057
"lymph",9,7,smart_certified,Greedy,8,8,2,18446744073709551615,0.005129696
"lymph",9,7,cals,SparseLookahead,16,8,2,18446744073709551615,7.4485779260000005
"lymph",9,7,cals_compact_explain,SelectiveLookahead,16,4,2,18446744073709551615,1.142441047
"magic04-bin",0,5,unary,Greedy,8,8,2,18446744073709551615,0.133125515
"magic04-bin",0,5,horn,Greedy,8,8,2,18446744073709551615,0.156254824
"magic04-bin",0,5,antihorn,Greedy,8,8,2,18446744073709551615,0.157882711
"magic04-bin",0,5,square2cnf,Greedy,8,8,2,18446744073709551615,1.203078694
"magic04-bin",0,5,affine,Greedy,8,8,2,18446744073709551615,0.462576883
"magic04-bin",0,5,smart_certified,Greedy,8,8,2,18446744073709551615,1.8290488809999998
"magic04-bin",0,5,cals,SparseLookahead,16,8,2,18446744073709551615,2.444044999
"magic04-bin",0,5,cals_compact_explain,SelectiveLookahead,16,4,2,18446744073709551615,1.287861266
"magic04-bin",0,7,unary,Greedy,8,8,2,18446744073709551615,0.181539837
"magic04-bin",0,7,horn,Greedy,8,8,2,18446744073709551615,0.396866006
"magic04-bin",0,7,antihorn,Greedy,8,8,2,18446744073709551615,0.364141799
"magic04-bin",0,7,square2cnf,Greedy,8,8,2,18446744073709551615,5.541324389
"magic04-bin",0,7,affine,Greedy,8,8,2,18446744073709551615,1.646260964
"magic04-bin",0,7,smart_certified,Greedy,8,8,2,18446744073709551615,8.05883383
"magic04-bin",0,7,cals,SparseLookahead,16,8,2,18446744073709551615,3.383391672
"magic04-bin",0,7,cals_compact_explain,SelectiveLookahead,16,4,2,18446744073709551615,1.9085075200000001
"magic04-bin",1,5,unary,Greedy,8,8,2,18446744073709551615,0.086721925
"magic04-bin",1,5,horn,Greedy,8,8,2,18446744073709551615,0.159237393
"magic04-bin",1,5,antihorn,Greedy,8,8,2,18446744073709551615,0.163831107
"magic04-bin",1,5,square2cnf,Greedy,8,8,2,18446744073709551615,1.217963691
"magic04-bin",1,5,affine,Greedy,8,8,2,18446744073709551615,0.495724075
"magic04-bin",1,5,smart_certified,Greedy,8,8,2,18446744073709551615,2.152957447
"magic04-bin",1,5,cals,SparseLookahead,16,8,2,18446744073709551615,2.842138056
"magic04-bin",1,5,cals_compact_explain,SelectiveLookahead,16,4,2,18446744073709551615,1.6731869590000001
"magic04-bin",1,7,unary,Greedy,8,8,2,18446744073709551615,0.169789111
"magic04-bin",1,7,horn,Greedy,8,8,2,18446744073709551615,0.391157532
"magic04-bin",1,7,antihorn,Greedy,8,8,2,18446744073709551615,0.397173333
"magic04-bin",1,7,square2cnf,Greedy,8,8,2,18446744073709551615,5.717540874
"magic04-bin",1,7,affine,Greedy,8,8,2,18446744073709551615,1.733835226
"magic04-bin",1,7,smart_certified,Greedy,8,8,2,18446744073709551615,9.623945703
"magic04-bin",1,7,cals,SparseLookahead,16,8,2,18446744073709551615,3.867208186
"magic04-bin",1,7,cals_compact_explain,SelectiveLookahead,16,4,2,18446744073709551615,2.3827843939999998
"magic04-bin",2,5,unary,Greedy,8,8,2,18446744073709551615,0.090098417
"magic04-bin",2,5,horn,Greedy,8,8,2,18446744073709551615,0.157492353
"magic04-bin",2,5,antihorn,Greedy,8,8,2,18446744073709551615,0.154487069
"magic04-bin",2,5,square2cnf,Greedy,8,8,2,18446744073709551615,1.24393651
"magic04-bin",2,5,affine,Greedy,8,8,2,18446744073709551615,0.476331809
"magic04-bin",2,5,smart_certified,Greedy,8,8,2,18446744073709551615,2.156885874
"magic04-bin",2,5,cals,SparseLookahead,16,8,2,18446744073709551615,3.094272022
"magic04-bin",2,5,cals_compact_explain,SelectiveLookahead,16,4,2,18446744073709551615,1.252636629
"magic04-bin",2,7,unary,Greedy,8,8,2,18446744073709551615,0.170936624
"magic04-bin",2,7,horn,Greedy,8,8,2,18446744073709551615,0.40499958
"magic04-bin",2,7,antihorn,Greedy,8,8,2,18446744073709551615,0.389770774
"magic04-bin",2,7,square2cnf,Greedy,8,8,2,18446744073709551615,5.845554227
"magic04-bin",2,7,affine,Greedy,8,8,2,18446744073709551615,1.679027506
"magic04-bin",2,7,smart_certified,Greedy,8,8,2,18446744073709551615,10.131069553
"magic04-bin",2,7,cals,SparseLookahead,16,8,2,18446744073709551615,4.195083093
"magic04-bin",2,7,cals_compact_explain,SelectiveLookahead,16,4,2,18446744073709551615,1.923288221
"magic04-bin",3,5,unary,Greedy,8,8,2,18446744073709551615,0.087766995
"magic04-bin",3,5,horn,Greedy,8,8,2,18446744073709551615,0.16353058
"magic04-bin",3,5,antihorn,Greedy,8,8,2,18446744073709551615,0.154593737
"magic04-bin",3,5,square2cnf,Greedy,8,8,2,18446744073709551615,1.2371484480000001
"magic04-bin",3,5,affine,Greedy,8,8,2,18446744073709551615,0.500951263
"magic04-bin",3,5,smart_certified,Greedy,8,8,2,18446744073709551615,1.9695531499999999
"magic04-bin",3,5,cals,SparseLookahead,16,8,2,18446744073709551615,2.396571903
"magic04-bin",3,5,cals_compact_explain,SelectiveLookahead,16,4,2,18446744073709551615,1.2199290010000001
"magic04-bin",3,7,unary,Greedy,8,8,2,18446744073709551615,0.172817711
"magic04-bin",3,7,horn,Greedy,8,8,2,18446744073709551615,0.370902348
"magic04-bin",3,7,antihorn,Greedy,8,8,2,18446744073709551615,0.337162078
"magic04-bin",3,7,square2cnf,Greedy,8,8,2,18446744073709551615,5.750085003
"magic04-bin",3,7,affine,Greedy,8,8,2,18446744073709551615,1.628634551
"magic04-bin",3,7,smart_certified,Greedy,8,8,2,18446744073709551615,7.527322209
"magic04-bin",3,7,cals,SparseLookahead,16,8,2,18446744073709551615,3.261191379
"magic04-bin",3,7,cals_compact_explain,SelectiveLookahead,16,4,2,18446744073709551615,1.879633381
"magic04-bin",4,5,unary,Greedy,8,8,2,18446744073709551615,0.084561815
"magic04-bin",4,5,horn,Greedy,8,8,2,18446744073709551615,0.153511544
"magic04-bin",4,5,antihorn,Greedy,8,8,2,18446744073709551615,0.14594168
"magic04-bin",4,5,square2cnf,Greedy,8,8,2,18446744073709551615,1.196266528
"magic04-bin",4,5,affine,Greedy,8,8,2,18446744073709551615,0.459661177
"magic04-bin",4,5,smart_certified,Greedy,8,8,2,18446744073709551615,2.094026036
"magic04-bin",4,5,cals,SparseLookahead,16,8,2,18446744073709551615,2.711720563
"magic04-bin",4,5,cals_compact_explain,SelectiveLookahead,16,4,2,18446744073709551615,1.216576642
"magic04-bin",4,7,unary,Greedy,8,8,2,18446744073709551615,0.172960295
"magic04-bin",4,7,horn,Greedy,8,8,2,18446744073709551615,0.391089331
"magic04-bin",4,7,antihorn,Greedy,8,8,2,18446744073709551615,0.326935306
"magic04-bin",4,7,square2cnf,Greedy,8,8,2,18446744073709551615,5.279916037
"magic04-bin",4,7,affine,Greedy,8,8,2,18446744073709551615,1.457338435
"magic04-bin",4,7,smart_certified,Greedy,8,8,2,18446744073709551615,9.803167146
"magic04-bin",4,7,cals,SparseLookahead,16,8,2,18446744073709551615,3.706112649
"magic04-bin",4,7,cals_compact_explain,SelectiveLookahead,16,4,2,18446744073709551615,1.861841745
"magic04-bin",5,5,unary,Greedy,8,8,2,18446744073709551615,0.092869115
"magic04-bin",5,5,horn,Greedy,8,8,2,18446744073709551615,0.148981342
"magic04-bin",5,5,antihorn,Greedy,8,8,2,18446744073709551615,0.146750782
"magic04-bin",5,5,square2cnf,Greedy,8,8,2,18446744073709551615,1.23616255
"magic04-bin",5,5,affine,Greedy,8,8,2,18446744073709551615,0.516774265
"magic04-bin",5,5,smart_certified,Greedy,8,8,2,18446744073709551615,2.066677625
"magic04-bin",5,5,cals,SparseLookahead,16,8,2,18446744073709551615,2.692368075
"magic04-bin",5,5,cals_compact_explain,SelectiveLookahead,16,4,2,18446744073709551615,1.334052541
"magic04-bin",5,7,unary,Greedy,8,8,2,18446744073709551615,0.173760958
"magic04-bin",5,7,horn,Greedy,8,8,2,18446744073709551615,0.3935738
"magic04-bin",5,7,antihorn,Greedy,8,8,2,18446744073709551615,0.328816813
"magic04-bin",5,7,square2cnf,Greedy,8,8,2,18446744073709551615,5.722327426
"magic04-bin",5,7,affine,Greedy,8,8,2,18446744073709551615,1.4974925909999999
"magic04-bin",5,7,smart_certified,Greedy,8,8,2,18446744073709551615,9.813837612
"magic04-bin",5,7,cals,SparseLookahead,16,8,2,18446744073709551615,3.557347946
"magic04-bin",5,7,cals_compact_explain,SelectiveLookahead,16,4,2,18446744073709551615,1.811737052
"magic04-bin",6,5,unary,Greedy,8,8,2,18446744073709551615,0.090769863
"magic04-bin",6,5,horn,Greedy,8,8,2,18446744073709551615,0.150156447
"magic04-bin",6,5,antihorn,Greedy,8,8,2,18446744073709551615,0.153851692
"magic04-bin",6,5,square2cnf,Greedy,8,8,2,18446744073709551615,1.193879259
"magic04-bin",6,5,affine,Greedy,8,8,2,18446744073709551615,0.495915
"magic04-bin",6,5,smart_certified,Greedy,8,8,2,18446744073709551615,1.789504874
"magic04-bin",6,5,cals,SparseLookahead,16,8,2,18446744073709551615,2.527585537
"magic04-bin",6,5,cals_compact_explain,SelectiveLookahead,16,4,2,18446744073709551615,1.553293686
"magic04-bin",6,7,unary,Greedy,8,8,2,18446744073709551615,0.172001174
"magic04-bin",6,7,horn,Greedy,8,8,2,18446744073709551615,0.39268734
"magic04-bin",6,7,antihorn,Greedy,8,8,2,18446744073709551615,0.381249832
"magic04-bin",6,7,square2cnf,Greedy,8,8,2,18446744073709551615,5.334812814
"magic04-bin",6,7,affine,Greedy,8,8,2,18446744073709551615,1.608109079
"magic04-bin",6,7,smart_certified,Greedy,8,8,2,18446744073709551615,8.079700639
"magic04-bin",6,7,cals,SparseLookahead,16,8,2,18446744073709551615,3.476476486
"magic04-bin",6,7,cals_compact_explain,SelectiveLookahead,16,4,2,18446744073709551615,2.190352859
"magic04-bin",7,5,unary,Greedy,8,8,2,18446744073709551615,0.085946186
"magic04-bin",7,5,horn,Greedy,8,8,2,18446744073709551615,0.157746461
"magic04-bin",7,5,antihorn,Greedy,8,8,2,18446744073709551615,0.147894397
"magic04-bin",7,5,square2cnf,Greedy,8,8,2,18446744073709551615,1.23926278
"magic04-bin",7,5,affine,Greedy,8,8,2,18446744073709551615,0.469934141
"magic04-bin",7,5,smart_certified,Greedy,8,8,2,18446744073709551615,2.084356755
"magic04-bin",7,5,cals,SparseLookahead,16,8,2,18446744073709551615,2.791830751
"magic04-bin",7,5,cals_compact_explain,SelectiveLookahead,16,4,2,18446744073709551615,1.572662223
"magic04-bin",7,7,unary,Greedy,8,8,2,18446744073709551615,0.17136848
"magic04-bin",7,7,horn,Greedy,8,8,2,18446744073709551615,0.412150881
"magic04-bin",7,7,antihorn,Greedy,8,8,2,18446744073709551615,0.340079996
"magic04-bin",7,7,square2cnf,Greedy,8,8,2,18446744073709551615,5.729704235
"magic04-bin",7,7,affine,Greedy,8,8,2,18446744073709551615,1.631061181
"magic04-bin",7,7,smart_certified,Greedy,8,8,2,18446744073709551615,9.202290149
"magic04-bin",7,7,cals,SparseLookahead,16,8,2,18446744073709551615,3.813014094
"magic04-bin",7,7,cals_compact_explain,SelectiveLookahead,16,4,2,18446744073709551615,2.208905466
"magic04-bin",8,5,unary,Greedy,8,8,2,18446744073709551615,0.087661674
"magic04-bin",8,5,horn,Greedy,8,8,2,18446744073709551615,0.155997924
"magic04-bin",8,5,antihorn,Greedy,8,8,2,18446744073709551615,0.153277788
"magic04-bin",8,5,square2cnf,Greedy,8,8,2,18446744073709551615,1.189854539
"magic04-bin",8,5,affine,Greedy,8,8,2,18446744073709551615,0.50341914
"magic04-bin",8,5,smart_certified,Greedy,8,8,2,18446744073709551615,2.095815449
"magic04-bin",8,5,cals,SparseLookahead,16,8,2,18446744073709551615,2.563581675
"magic04-bin",8,5,cals_compact_explain,SelectiveLookahead,16,4,2,18446744073709551615,1.214405684
"magic04-bin",8,7,unary,Greedy,8,8,2,18446744073709551615,0.166998252
"magic04-bin",8,7,horn,Greedy,8,8,2,18446744073709551615,0.392779756
"magic04-bin",8,7,antihorn,Greedy,8,8,2,18446744073709551615,0.382563969
"magic04-bin",8,7,square2cnf,Greedy,8,8,2,18446744073709551615,4.897013897
"magic04-bin",8,7,affine,Greedy,8,8,2,18446744073709551615,1.572432451
"magic04-bin",8,7,smart_certified,Greedy,8,8,2,18446744073709551615,9.781693687
"magic04-bin",8,7,cals,SparseLookahead,16,8,2,18446744073709551615,3.712491473
"magic04-bin",8,7,cals_compact_explain,SelectiveLookahead,16,4,2,18446744073709551615,1.895657998
"magic04-bin",9,5,unary,Greedy,8,8,2,18446744073709551615,0.086778586
"magic04-bin",9,5,horn,Greedy,8,8,2,18446744073709551615,0.153286388
"magic04-bin",9,5,antihorn,Greedy,8,8,2,18446744073709551615,0.149220215
"magic04-bin",9,5,square2cnf,Greedy,8,8,2,18446744073709551615,1.2615710230000001
"magic04-bin",9,5,affine,Greedy,8,8,2,18446744073709551615,0.481630584
"magic04-bin",9,5,smart_certified,Greedy,8,8,2,18446744073709551615,1.780307363
"magic04-bin",9,5,cals,SparseLookahead,16,8,2,18446744073709551615,2.664319512
"magic04-bin",9,5,cals_compact_explain,SelectiveLookahead,16,4,2,18446744073709551615,1.242723496
"magic04-bin",9,7,unary,Greedy,8,8,2,18446744073709551615,0.17743801
"magic04-bin",9,7,horn,Greedy,8,8,2,18446744073709551615,0.39059897
"magic04-bin",9,7,antihorn,Greedy,8,8,2,18446744073709551615,0.370390783
"magic04-bin",9,7,square2cnf,Greedy,8,8,2,18446744073709551615,5.589029804
"magic04-bin",9,7,affine,Greedy,8,8,2,18446744073709551615,1.675289719
"magic04-bin",9,7,smart_certified,Greedy,8,8,2,18446744073709551615,8.035100543
"magic04-bin",9,7,cals,SparseLookahead,16,8,2,18446744073709551615,3.642145725
"magic04-bin",9,7,cals_compact_explain,SelectiveLookahead,16,4,2,18446744073709551615,1.862096889
"messidor-bin",0,5,unary,Greedy,8,8,2,18446744073709551615,0.006167248
"messidor-bin",0,5,horn,Greedy,8,8,2,18446744073709551615,0.011501852
"messidor-bin",0,5,antihorn,Greedy,8,8,2,18446744073709551615,0.00901868
"messidor-bin",0,5,square2cnf,Greedy,8,8,2,18446744073709551615,0.076604194
"messidor-bin",0,5,affine,Greedy,8,8,2,18446744073709551615,0.034328619
"messidor-bin",0,5,smart_certified,Greedy,8,8,2,18446744073709551615,0.136220313
"messidor-bin",0,5,cals,SparseLookahead,16,8,2,18446744073709551615,0.226898788
"messidor-bin",0,5,cals_compact_explain,SelectiveLookahead,16,4,2,18446744073709551615,0.107092161
"messidor-bin",0,7,unary,Greedy,8,8,2,18446744073709551615,0.009889817
"messidor-bin",0,7,horn,Greedy,8,8,2,18446744073709551615,0.018694684
"messidor-bin",0,7,antihorn,Greedy,8,8,2,18446744073709551615,0.013574813
"messidor-bin",0,7,square2cnf,Greedy,8,8,2,18446744073709551615,0.170059051
"messidor-bin",0,7,affine,Greedy,8,8,2,18446744073709551615,0.068006214
"messidor-bin",0,7,smart_certified,Greedy,8,8,2,18446744073709551615,0.222187261
"messidor-bin",0,7,cals,SparseLookahead,16,8,2,18446744073709551615,0.39981699
"messidor-bin",0,7,cals_compact_explain,SelectiveLookahead,16,4,2,18446744073709551615,0.146233167
"messidor-bin",1,5,unary,Greedy,8,8,2,18446744073709551615,0.005794736
"messidor-bin",1,5,horn,Greedy,8,8,2,18446744073709551615,0.01052512
"messidor-bin",1,5,antihorn,Greedy,8,8,2,18446744073709551615,0.00957439
"messidor-bin",1,5,square2cnf,Greedy,8,8,2,18446744073709551615,0.072231874
"messidor-bin",1,5,affine,Greedy,8,8,2,18446744073709551615,0.027112757
"messidor-bin",1,5,smart_certified,Greedy,8,8,2,18446744073709551615,0.130752899
"messidor-bin",1,5,cals,SparseLookahead,16,8,2,18446744073709551615,17.12113299
"messidor-bin",1,5,cals_compact_explain,SelectiveLookahead,16,4,2,18446744073709551615,0.309510463
"messidor-bin",1,7,unary,Greedy,8,8,2,18446744073709551615,0.009490375
"messidor-bin",1,7,horn,Greedy,8,8,2,18446744073709551615,0.018881719
"messidor-bin",1,7,antihorn,Greedy,8,8,2,18446744073709551615,0.016129881
"messidor-bin",1,7,square2cnf,Greedy,8,8,2,18446744073709551615,0.150196572
"messidor-bin",1,7,affine,Greedy,8,8,2,18446744073709551615,0.044041395
"messidor-bin",1,7,smart_certified,Greedy,8,8,2,18446744073709551615,0.251805245
"messidor-bin",1,7,cals,SparseLookahead,16,8,2,18446744073709551615,33.805810107
"messidor-bin",1,7,cals_compact_explain,SelectiveLookahead,16,4,2,18446744073709551615,0.389901305
"messidor-bin",2,5,unary,Greedy,8,8,2,18446744073709551615,0.006039318
"messidor-bin",2,5,horn,Greedy,8,8,2,18446744073709551615,0.011258376
"messidor-bin",2,5,antihorn,Greedy,8,8,2,18446744073709551615,0.010406097
"messidor-bin",2,5,square2cnf,Greedy,8,8,2,18446744073709551615,0.083093969
"messidor-bin",2,5,affine,Greedy,8,8,2,18446744073709551615,0.029327855
"messidor-bin",2,5,smart_certified,Greedy,8,8,2,18446744073709551615,0.13142419
"messidor-bin",2,5,cals,SparseLookahead,16,8,2,18446744073709551615,0.255692003
"messidor-bin",2,5,cals_compact_explain,SelectiveLookahead,16,4,2,18446744073709551615,0.236105683
"messidor-bin",2,7,unary,Greedy,8,8,2,18446744073709551615,0.010144466
"messidor-bin",2,7,horn,Greedy,8,8,2,18446744073709551615,0.020790141
"messidor-bin",2,7,antihorn,Greedy,8,8,2,18446744073709551615,0.01782077
"messidor-bin",2,7,square2cnf,Greedy,8,8,2,18446744073709551615,0.149471569
"messidor-bin",2,7,affine,Greedy,8,8,2,18446744073709551615,0.049280198
"messidor-bin",2,7,smart_certified,Greedy,8,8,2,18446744073709551615,0.221913722
"messidor-bin",2,7,cals,SparseLookahead,16,8,2,18446744073709551615,0.478418434
"messidor-bin",2,7,cals_compact_explain,SelectiveLookahead,16,4,2,18446744073709551615,0.333480611
"messidor-bin",3,5,unary,Greedy,8,8,2,18446744073709551615,0.00641012
"messidor-bin",3,5,horn,Greedy,8,8,2,18446744073709551615,0.012035512
"messidor-bin",3,5,antihorn,Greedy,8,8,2,18446744073709551615,0.009512712
"messidor-bin",3,5,square2cnf,Greedy,8,8,2,18446744073709551615,0.077918186
"messidor-bin",3,5,affine,Greedy,8,8,2,18446744073709551615,0.029968666
"messidor-bin",3,5,smart_certified,Greedy,8,8,2,18446744073709551615,0.13452648
"messidor-bin",3,5,cals,SparseLookahead,16,8,2,18446744073709551615,0.722184762
"messidor-bin",3,5,cals_compact_explain,SelectiveLookahead,16,4,2,18446744073709551615,0.110847152
"messidor-bin",3,7,unary,Greedy,8,8,2,18446744073709551615,0.009924211
"messidor-bin",3,7,horn,Greedy,8,8,2,18446744073709551615,0.023536392
"messidor-bin",3,7,antihorn,Greedy,8,8,2,18446744073709551615,0.016733376
"messidor-bin",3,7,square2cnf,Greedy,8,8,2,18446744073709551615,0.178087405
"messidor-bin",3,7,affine,Greedy,8,8,2,18446744073709551615,0.044691388
"messidor-bin",3,7,smart_certified,Greedy,8,8,2,18446744073709551615,0.242628548
"messidor-bin",3,7,cals,SparseLookahead,16,8,2,18446744073709551615,0.998622066
"messidor-bin",3,7,cals_compact_explain,SelectiveLookahead,16,4,2,18446744073709551615,0.195071947
"messidor-bin",4,5,unary,Greedy,8,8,2,18446744073709551615,0.005394006
"messidor-bin",4,5,horn,Greedy,8,8,2,18446744073709551615,0.009573578
"messidor-bin",4,5,antihorn,Greedy,8,8,2,18446744073709551615,0.010606216
"messidor-bin",4,5,square2cnf,Greedy,8,8,2,18446744073709551615,0.064713632
"messidor-bin",4,5,affine,Greedy,8,8,2,18446744073709551615,0.022041239
"messidor-bin",4,5,smart_certified,Greedy,8,8,2,18446744073709551615,0.113937025
"messidor-bin",4,5,cals,SparseLookahead,16,8,2,18446744073709551615,0.149146642
"messidor-bin",4,5,cals_compact_explain,SelectiveLookahead,16,4,2,18446744073709551615,0.063280497
"messidor-bin",4,7,unary,Greedy,8,8,2,18446744073709551615,0.00916622
"messidor-bin",4,7,horn,Greedy,8,8,2,18446744073709551615,0.018283515
"messidor-bin",4,7,antihorn,Greedy,8,8,2,18446744073709551615,0.016632222
"messidor-bin",4,7,square2cnf,Greedy,8,8,2,18446744073709551615,0.134016398
"messidor-bin",4,7,affine,Greedy,8,8,2,18446744073709551615,0.042096119
"messidor-bin",4,7,smart_certified,Greedy,8,8,2,18446744073709551615,0.216453861
"messidor-bin",4,7,cals,SparseLookahead,16,8,2,18446744073709551615,0.186210826
"messidor-bin",4,7,cals_compact_explain,SelectiveLookahead,16,4,2,18446744073709551615,0.086627095
"messidor-bin",5,5,unary,Greedy,8,8,2,18446744073709551615,0.005955977
"messidor-bin",5,5,horn,Greedy,8,8,2,18446744073709551615,0.009618498
"messidor-bin",5,5,antihorn,Greedy,8,8,2,18446744073709551615,0.010451489
"messidor-bin",5,5,square2cnf,Greedy,8,8,2,18446744073709551615,0.068476897
"messidor-bin",5,5,affine,Greedy,8,8,2,18446744073709551615,0.026345912
"messidor-bin",5,5,smart_certified,Greedy,8,8,2,18446744073709551615,0.121145572
"messidor-bin",5,5,cals,SparseLookahead,16,8,2,18446744073709551615,0.263283667
"messidor-bin",5,5,cals_compact_explain,SelectiveLookahead,16,4,2,18446744073709551615,0.104527874
"messidor-bin",5,7,unary,Greedy,8,8,2,18446744073709551615,0.009779078
"messidor-bin",5,7,horn,Greedy,8,8,2,18446744073709551615,0.018469705
"messidor-bin",5,7,antihorn,Greedy,8,8,2,18446744073709551615,0.015536487
"messidor-bin",5,7,square2cnf,Greedy,8,8,2,18446744073709551615,0.128785549
"messidor-bin",5,7,affine,Greedy,8,8,2,18446744073709551615,0.040094151
"messidor-bin",5,7,smart_certified,Greedy,8,8,2,18446744073709551615,0.20599887
"messidor-bin",5,7,cals,SparseLookahead,16,8,2,18446744073709551615,0.334731998
"messidor-bin",5,7,cals_compact_explain,SelectiveLookahead,16,4,2,18446744073709551615,0.145343644
"messidor-bin",6,5,unary,Greedy,8,8,2,18446744073709551615,0.005275592
"messidor-bin",6,5,horn,Greedy,8,8,2,18446744073709551615,0.009276079
"messidor-bin",6,5,antihorn,Greedy,8,8,2,18446744073709551615,0.009184293
"messidor-bin",6,5,square2cnf,Greedy,8,8,2,18446744073709551615,0.053653113
"messidor-bin",6,5,affine,Greedy,8,8,2,18446744073709551615,0.022091057
"messidor-bin",6,5,smart_certified,Greedy,8,8,2,18446744073709551615,0.118146112
"messidor-bin",6,5,cals,SparseLookahead,16,8,2,18446744073709551615,0.662424866
"messidor-bin",6,5,cals_compact_explain,SelectiveLookahead,16,4,2,18446744073709551615,0.104117502
"messidor-bin",6,7,unary,Greedy,8,8,2,18446744073709551615,0.008730714
"messidor-bin",6,7,horn,Greedy,8,8,2,18446744073709551615,0.016496775
"messidor-bin",6,7,antihorn,Greedy,8,8,2,18446744073709551615,0.015530768
"messidor-bin",6,7,square2cnf,Greedy,8,8,2,18446744073709551615,0.127881519
"messidor-bin",6,7,affine,Greedy,8,8,2,18446744073709551615,0.038781165
"messidor-bin",6,7,smart_certified,Greedy,8,8,2,18446744073709551615,0.208675463
"messidor-bin",6,7,cals,SparseLookahead,16,8,2,18446744073709551615,0.910272536
"messidor-bin",6,7,cals_compact_explain,SelectiveLookahead,16,4,2,18446744073709551615,0.161238327
"messidor-bin",7,5,unary,Greedy,8,8,2,18446744073709551615,0.005476712
"messidor-bin",7,5,horn,Greedy,8,8,2,18446744073709551615,0.010290898
"messidor-bin",7,5,antihorn,Greedy,8,8,2,18446744073709551615,0.011518005
"messidor-bin",7,5,square2cnf,Greedy,8,8,2,18446744073709551615,0.059151574
"messidor-bin",7,5,affine,Greedy,8,8,2,18446744073709551615,0.021874891
"messidor-bin",7,5,smart_certified,Greedy,8,8,2,18446744073709551615,0.104702557
"messidor-bin",7,5,cals,SparseLookahead,16,8,2,18446744073709551615,0.213868682
"messidor-bin",7,5,cals_compact_explain,SelectiveLookahead,16,4,2,18446744073709551615,0.093902967
"messidor-bin",7,7,unary,Greedy,8,8,2,18446744073709551615,0.009248463
"messidor-bin",7,7,horn,Greedy,8,8,2,18446744073709551615,0.020150037
"messidor-bin",7,7,antihorn,Greedy,8,8,2,18446744073709551615,0.017812269
"messidor-bin",7,7,square2cnf,Greedy,8,8,2,18446744073709551615,0.131937118
"messidor-bin",7,7,affine,Greedy,8,8,2,18446744073709551615,0.044629866
"messidor-bin",7,7,smart_certified,Greedy,8,8,2,18446744073709551615,0.216640379
"messidor-bin",7,7,cals,SparseLookahead,16,8,2,18446744073709551615,0.334564584
"messidor-bin",7,7,cals_compact_explain,SelectiveLookahead,16,4,2,18446744073709551615,0.120340559
"messidor-bin",8,5,unary,Greedy,8,8,2,18446744073709551615,0.005680208
"messidor-bin",8,5,horn,Greedy,8,8,2,18446744073709551615,0.010595808
"messidor-bin",8,5,antihorn,Greedy,8,8,2,18446744073709551615,0.010281206
"messidor-bin",8,5,square2cnf,Greedy,8,8,2,18446744073709551615,0.072818484
"messidor-bin",8,5,affine,Greedy,8,8,2,18446744073709551615,0.033582862
"messidor-bin",8,5,smart_certified,Greedy,8,8,2,18446744073709551615,0.126076847
"messidor-bin",8,5,cals,SparseLookahead,16,8,2,18446744073709551615,0.542257065
"messidor-bin",8,5,cals_compact_explain,SelectiveLookahead,16,4,2,18446744073709551615,0.107828051
"messidor-bin",8,7,unary,Greedy,8,8,2,18446744073709551615,0.009411879
"messidor-bin",8,7,horn,Greedy,8,8,2,18446744073709551615,0.019113173
"messidor-bin",8,7,antihorn,Greedy,8,8,2,18446744073709551615,0.015962808
"messidor-bin",8,7,square2cnf,Greedy,8,8,2,18446744073709551615,0.164520877
"messidor-bin",8,7,affine,Greedy,8,8,2,18446744073709551615,0.063275984
"messidor-bin",8,7,smart_certified,Greedy,8,8,2,18446744073709551615,0.244851447
"messidor-bin",8,7,cals,SparseLookahead,16,8,2,18446744073709551615,0.738699705
"messidor-bin",8,7,cals_compact_explain,SelectiveLookahead,16,4,2,18446744073709551615,0.158128092
"messidor-bin",9,5,unary,Greedy,8,8,2,18446744073709551615,0.005396188
"messidor-bin",9,5,horn,Greedy,8,8,2,18446744073709551615,0.01090706
"messidor-bin",9,5,antihorn,Greedy,8,8,2,18446744073709551615,0.009048876
"messidor-bin",9,5,square2cnf,Greedy,8,8,2,18446744073709551615,0.077022119
"messidor-bin",9,5,affine,Greedy,8,8,2,18446744073709551615,0.021612612
"messidor-bin",9,5,smart_certified,Greedy,8,8,2,18446744073709551615,0.117172842
"messidor-bin",9,5,cals,SparseLookahead,16,8,2,18446744073709551615,0.767413581
"messidor-bin",9,5,cals_compact_explain,SelectiveLookahead,16,4,2,18446744073709551615,0.100609037
"messidor-bin",9,7,unary,Greedy,8,8,2,18446744073709551615,0.008668729
"messidor-bin",9,7,horn,Greedy,8,8,2,18446744073709551615,0.020138781
"messidor-bin",9,7,antihorn,Greedy,8,8,2,18446744073709551615,0.015573143
"messidor-bin",9,7,square2cnf,Greedy,8,8,2,18446744073709551615,0.172406458
"messidor-bin",9,7,affine,Greedy,8,8,2,18446744073709551615,0.041076542
"messidor-bin",9,7,smart_certified,Greedy,8,8,2,18446744073709551615,0.202682284
"messidor-bin",9,7,cals,SparseLookahead,16,8,2,18446744073709551615,1.003869725
"messidor-bin",9,7,cals_compact_explain,SelectiveLookahead,16,4,2,18446744073709551615,0.156458944
"mushroom",0,5,unary,Greedy,8,8,2,18446744073709551615,0.03083488
"mushroom",0,5,horn,Greedy,8,8,2,18446744073709551615,0.040241349
"mushroom",0,5,antihorn,Greedy,8,8,2,18446744073709551615,0.036717657
"mushroom",0,5,square2cnf,Greedy,8,8,2,18446744073709551615,0.131756169
"mushroom",0,5,affine,Greedy,8,8,2,18446744073709551615,0.05632718
"mushroom",0,5,smart_certified,Greedy,8,8,2,18446744073709551615,0.252512925
"mushroom",0,5,cals,SparseLookahead,16,8,2,18446744073709551615,6.032157342
"mushroom",0,5,cals_compact_explain,SelectiveLookahead,16,4,2,18446744073709551615,1.941674108
"mushroom",0,7,unary,Greedy,8,8,2,18446744073709551615,0.031739911
"mushroom",0,7,horn,Greedy,8,8,2,18446744073709551615,0.037749435
"mushroom",0,7,antihorn,Greedy,8,8,2,18446744073709551615,0.037425629
"mushroom",0,7,square2cnf,Greedy,8,8,2,18446744073709551615,0.133224869
"mushroom",0,7,affine,Greedy,8,8,2,18446744073709551615,0.067094543
"mushroom",0,7,smart_certified,Greedy,8,8,2,18446744073709551615,0.281361867
"mushroom",0,7,cals,SparseLookahead,16,8,2,18446744073709551615,6.018292251
"mushroom",0,7,cals_compact_explain,SelectiveLookahead,16,4,2,18446744073709551615,2.001209751
"mushroom",1,5,unary,Greedy,8,8,2,18446744073709551615,0.029059296
"mushroom",1,5,horn,Greedy,8,8,2,18446744073709551615,0.037365721
"mushroom",1,5,antihorn,Greedy,8,8,2,18446744073709551615,0.037649924
"mushroom",1,5,square2cnf,Greedy,8,8,2,18446744073709551615,0.145337431
"mushroom",1,5,affine,Greedy,8,8,2,18446744073709551615,0.054776442
"mushroom",1,5,smart_certified,Greedy,8,8,2,18446744073709551615,0.182849683
"mushroom",1,5,cals,SparseLookahead,16,8,2,18446744073709551615,5.833859045
"mushroom",1,5,cals_compact_explain,SelectiveLookahead,16,4,2,18446744073709551615,1.611479028
"mushroom",1,7,unary,Greedy,8,8,2,18446744073709551615,0.029735743
"mushroom",1,7,horn,Greedy,8,8,2,18446744073709551615,0.037873241
"mushroom",1,7,antihorn,Greedy,8,8,2,18446744073709551615,0.038230017
"mushroom",1,7,square2cnf,Greedy,8,8,2,18446744073709551615,0.144832739
"mushroom",1,7,affine,Greedy,8,8,2,18446744073709551615,0.064259903
"mushroom",1,7,smart_certified,Greedy,8,8,2,18446744073709551615,0.171903492
"mushroom",1,7,cals,SparseLookahead,16,8,2,18446744073709551615,5.831256211
"mushroom",1,7,cals_compact_explain,SelectiveLookahead,16,4,2,18446744073709551615,1.602911908
"mushroom",2,5,unary,Greedy,8,8,2,18446744073709551615,0.030594283
"mushroom",2,5,horn,Greedy,8,8,2,18446744073709551615,0.037758294
"mushroom",2,5,antihorn,Greedy,8,8,2,18446744073709551615,0.037827369
"mushroom",2,5,square2cnf,Greedy,8,8,2,18446744073709551615,0.145371691
"mushroom",2,5,affine,Greedy,8,8,2,18446744073709551615,0.057732544
"mushroom",2,5,smart_certified,Greedy,8,8,2,18446744073709551615,0.251783446
"mushroom",2,5,cals,SparseLookahead,16,8,2,18446744073709551615,7.06606154
"mushroom",2,5,cals_compact_explain,SelectiveLookahead,16,4,2,18446744073709551615,1.192002176
"mushroom",2,7,unary,Greedy,8,8,2,18446744073709551615,0.031088531
"mushroom",2,7,horn,Greedy,8,8,2,18446744073709551615,0.038775625
"mushroom",2,7,antihorn,Greedy,8,8,2,18446744073709551615,0.037046611
"mushroom",2,7,square2cnf,Greedy,8,8,2,18446744073709551615,0.14196085
"mushroom",2,7,affine,Greedy,8,8,2,18446744073709551615,0.064682434
"mushroom",2,7,smart_certified,Greedy,8,8,2,18446744073709551615,0.286442529
"mushroom",2,7,cals,SparseLookahead,16,8,2,18446744073709551615,6.986896253
"mushroom",2,7,cals_compact_explain,SelectiveLookahead,16,4,2,18446744073709551615,1.186020086
"mushroom",3,5,unary,Greedy,8,8,2,18446744073709551615,0.036767754
"mushroom",3,5,horn,Greedy,8,8,2,18446744073709551615,0.03742541
"mushroom",3,5,antihorn,Greedy,8,8,2,18446744073709551615,0.037555965
"mushroom",3,5,square2cnf,Greedy,8,8,2,18446744073709551615,0.142707589
"mushroom",3,5,affine,Greedy,8,8,2,18446744073709551615,0.060882533
"mushroom",3,5,smart_certified,Greedy,8,8,2,18446744073709551615,0.257480745
"mushroom",3,5,cals,SparseLookahead,16,8,2,18446744073709551615,7.809765796
"mushroom",3,5,cals_compact_explain,SelectiveLookahead,16,4,2,18446744073709551615,1.614486113
"mushroom",3,7,unary,Greedy,8,8,2,18446744073709551615,0.031443873
"mushroom",3,7,horn,Greedy,8,8,2,18446744073709551615,0.037526943
"mushroom",3,7,antihorn,Greedy,8,8,2,18446744073709551615,0.037029104
"mushroom",3,7,square2cnf,Greedy,8,8,2,18446744073709551615,0.142758426
"mushroom",3,7,affine,Greedy,8,8,2,18446744073709551615,0.064934938
"mushroom",3,7,smart_certified,Greedy,8,8,2,18446744073709551615,0.279342542
"mushroom",3,7,cals,SparseLookahead,16,8,2,18446744073709551615,7.823129849
"mushroom",3,7,cals_compact_explain,SelectiveLookahead,16,4,2,18446744073709551615,1.6150995080000001
"mushroom",4,5,unary,Greedy,8,8,2,18446744073709551615,0.031654285
"mushroom",4,5,horn,Greedy,8,8,2,18446744073709551615,0.038184856
"mushroom",4,5,antihorn,Greedy,8,8,2,18446744073709551615,0.03655013
"mushroom",4,5,square2cnf,Greedy,8,8,2,18446744073709551615,0.130996266
"mushroom",4,5,affine,Greedy,8,8,2,18446744073709551615,0.05458044
"mushroom",4,5,smart_certified,Greedy,8,8,2,18446744073709551615,0.250427066
"mushroom",4,5,cals,SparseLookahead,16,8,2,18446744073709551615,7.4426598330000004
"mushroom",4,5,cals_compact_explain,SelectiveLookahead,16,4,2,18446744073709551615,2.525530498
"mushroom",4,7,unary,Greedy,8,8,2,18446744073709551615,0.031394772
"mushroom",4,7,horn,Greedy,8,8,2,18446744073709551615,0.038449296
"mushroom",4,7,antihorn,Greedy,8,8,2,18446744073709551615,0.036952361
"mushroom",4,7,square2cnf,Greedy,8,8,2,18446744073709551615,0.130942035
"mushroom",4,7,affine,Greedy,8,8,2,18446744073709551615,0.062725059
"mushroom",4,7,smart_certified,Greedy,8,8,2,18446744073709551615,0.278295585
"mushroom",4,7,cals,SparseLookahead,16,8,2,18446744073709551615,7.469358341
"mushroom",4,7,cals_compact_explain,SelectiveLookahead,16,4,2,18446744073709551615,2.507722394
"mushroom",5,5,unary,Greedy,8,8,2,18446744073709551615,0.030425507
"mushroom",5,5,horn,Greedy,8,8,2,18446744073709551615,0.038390966
"mushroom",5,5,antihorn,Greedy,8,8,2,18446744073709551615,0.036188822
"mushroom",5,5,square2cnf,Greedy,8,8,2,18446744073709551615,0.1160686
"mushroom",5,5,affine,Greedy,8,8,2,18446744073709551615,0.065595922
"mushroom",5,5,smart_certified,Greedy,8,8,2,18446744073709551615,0.252511642
"mushroom",5,5,cals,SparseLookahead,16,8,2,18446744073709551615,7.882979506
"mushroom",5,5,cals_compact_explain,SelectiveLookahead,16,4,2,18446744073709551615,3.161668248
"mushroom",5,7,unary,Greedy,8,8,2,18446744073709551615,0.030408404
"mushroom",5,7,horn,Greedy,8,8,2,18446744073709551615,0.037946261
"mushroom",5,7,antihorn,Greedy,8,8,2,18446744073709551615,0.037338155
"mushroom",5,7,square2cnf,Greedy,8,8,2,18446744073709551615,0.117501736
"mushroom",5,7,affine,Greedy,8,8,2,18446744073709551615,0.064996791
"mushroom",5,7,smart_certified,Greedy,8,8,2,18446744073709551615,0.281063313
"mushroom",5,7,cals,SparseLookahead,16,8,2,18446744073709551615,7.9385391819999995
"mushroom",5,7,cals_compact_explain,SelectiveLookahead,16,4,2,18446744073709551615,3.170401882
"mushroom",6,5,unary,Greedy,8,8,2,18446744073709551615,0.030345436
"mushroom",6,5,horn,Greedy,8,8,2,18446744073709551615,0.037731029
"mushroom",6,5,antihorn,Greedy,8,8,2,18446744073709551615,0.037117098
"mushroom",6,5,square2cnf,Greedy,8,8,2,18446744073709551615,0.131750169
"mushroom",6,5,affine,Greedy,8,8,2,18446744073709551615,0.054201889
"mushroom",6,5,smart_certified,Greedy,8,8,2,18446744073709551615,0.25229263
"mushroom",6,5,cals,SparseLookahead,16,8,2,18446744073709551615,6.139895299
"mushroom",6,5,cals_compact_explain,SelectiveLookahead,16,4,2,18446744073709551615,1.662984945
"mushroom",6,7,unary,Greedy,8,8,2,18446744073709551615,0.031249161
"mushroom",6,7,horn,Greedy,8,8,2,18446744073709551615,0.037941221
"mushroom",6,7,antihorn,Greedy,8,8,2,18446744073709551615,0.037568503
"mushroom",6,7,square2cnf,Greedy,8,8,2,18446744073709551615,0.130974833
"mushroom",6,7,affine,Greedy,8,8,2,18446744073709551615,0.065143119
"mushroom",6,7,smart_certified,Greedy,8,8,2,18446744073709551615,0.27792869
"mushroom",6,7,cals,SparseLookahead,16,8,2,18446744073709551615,6.180684857
"mushroom",6,7,cals_compact_explain,SelectiveLookahead,16,4,2,18446744073709551615,1.648190242
"mushroom",7,5,unary,Greedy,8,8,2,18446744073709551615,0.030117808
"mushroom",7,5,horn,Greedy,8,8,2,18446744073709551615,0.036771912
"mushroom",7,5,antihorn,Greedy,8,8,2,18446744073709551615,0.036040662
"mushroom",7,5,square2cnf,Greedy,8,8,2,18446744073709551615,0.11713978
"mushroom",7,5,affine,Greedy,8,8,2,18446744073709551615,0.05418447
"mushroom",7,5,smart_certified,Greedy,8,8,2,18446744073709551615,0.255410608
"mushroom",7,5,cals,SparseLookahead,16,8,2,18446744073709551615,7.548245889
"mushroom",7,5,cals_compact_explain,SelectiveLookahead,16,4,2,18446744073709551615,1.624756558
"mushroom",7,7,unary,Greedy,8,8,2,18446744073709551615,0.029232304
"mushroom",7,7,horn,Greedy,8,8,2,18446744073709551615,0.036216597
"mushroom",7,7,antihorn,Greedy,8,8,2,18446744073709551615,0.035300869
"mushroom",7,7,square2cnf,Greedy,8,8,2,18446744073709551615,0.118246444
"mushroom",7,7,affine,Greedy,8,8,2,18446744073709551615,0.069245752
"mushroom",7,7,smart_certified,Greedy,8,8,2,18446744073709551615,0.255504847
"mushroom",7,7,cals,SparseLookahead,16,8,2,18446744073709551615,7.631213243
"mushroom",7,7,cals_compact_explain,SelectiveLookahead,16,4,2,18446744073709551615,1.6206467039999999
"mushroom",8,5,unary,Greedy,8,8,2,18446744073709551615,0.03053264
"mushroom",8,5,horn,Greedy,8,8,2,18446744073709551615,0.039244512
"mushroom",8,5,antihorn,Greedy,8,8,2,18446744073709551615,0.039141694
"mushroom",8,5,square2cnf,Greedy,8,8,2,18446744073709551615,0.127244914
"mushroom",8,5,affine,Greedy,8,8,2,18446744073709551615,0.056554828
"mushroom",8,5,smart_certified,Greedy,8,8,2,18446744073709551615,0.256594349
"mushroom",8,5,cals,SparseLookahead,16,8,2,18446744073709551615,6.124209585
"mushroom",8,5,cals_compact_explain,SelectiveLookahead,16,4,2,18446744073709551615,1.8202172829999999
"mushroom",8,7,unary,Greedy,8,8,2,18446744073709551615,0.031025661
"mushroom",8,7,horn,Greedy,8,8,2,18446744073709551615,0.042141178
"mushroom",8,7,antihorn,Greedy,8,8,2,18446744073709551615,0.040003905
"mushroom",8,7,square2cnf,Greedy,8,8,2,18446744073709551615,0.143461204
"mushroom",8,7,affine,Greedy,8,8,2,18446744073709551615,0.064557943
"mushroom",8,7,smart_certified,Greedy,8,8,2,18446744073709551615,0.291620814
"mushroom",8,7,cals,SparseLookahead,16,8,2,18446744073709551615,6.146118575
"mushroom",8,7,cals_compact_explain,SelectiveLookahead,16,4,2,18446744073709551615,1.82428989
"mushroom",9,5,unary,Greedy,8,8,2,18446744073709551615,0.02968014
"mushroom",9,5,horn,Greedy,8,8,2,18446744073709551615,0.036720841
"mushroom",9,5,antihorn,Greedy,8,8,2,18446744073709551615,0.036680647
"mushroom",9,5,square2cnf,Greedy,8,8,2,18446744073709551615,0.116460057
"mushroom",9,5,affine,Greedy,8,8,2,18446744073709551615,0.055303345
"mushroom",9,5,smart_certified,Greedy,8,8,2,18446744073709551615,0.260113467
"mushroom",9,5,cals,SparseLookahead,16,8,2,18446744073709551615,5.242547612
"mushroom",9,5,cals_compact_explain,SelectiveLookahead,16,4,2,18446744073709551615,1.600795117
"mushroom",9,7,unary,Greedy,8,8,2,18446744073709551615,0.029203315
"mushroom",9,7,horn,Greedy,8,8,2,18446744073709551615,0.037584535
"mushroom",9,7,antihorn,Greedy,8,8,2,18446744073709551615,0.035710478
"mushroom",9,7,square2cnf,Greedy,8,8,2,18446744073709551615,0.115531745
"mushroom",9,7,affine,Greedy,8,8,2,18446744073709551615,0.064518456
"mushroom",9,7,smart_certified,Greedy,8,8,2,18446744073709551615,0.256591667
"mushroom",9,7,cals,SparseLookahead,16,8,2,18446744073709551615,5.261144478
"mushroom",9,7,cals_compact_explain,SelectiveLookahead,16,4,2,18446744073709551615,1.60033063
"pendigits",0,5,unary,Greedy,8,8,2,18446744073709551615,0.111046581
"pendigits",0,5,horn,Greedy,8,8,2,18446744073709551615,0.079860453
"pendigits",0,5,antihorn,Greedy,8,8,2,18446744073709551615,0.077723389
"pendigits",0,5,square2cnf,Greedy,8,8,2,18446744073709551615,0.278865693
"pendigits",0,5,affine,Greedy,8,8,2,18446744073709551615,0.178365538
"pendigits",0,5,smart_certified,Greedy,8,8,2,18446744073709551615,0.657859378
"pendigits",0,5,cals,SparseLookahead,16,8,2,18446744073709551615,8.541406792
"pendigits",0,5,cals_compact_explain,SelectiveLookahead,16,4,2,18446744073709551615,3.76543688
"pendigits",0,7,unary,Greedy,8,8,2,18446744073709551615,0.077022112
"pendigits",0,7,horn,Greedy,8,8,2,18446744073709551615,0.086211814
"pendigits",0,7,antihorn,Greedy,8,8,2,18446744073709551615,0.086329901
"pendigits",0,7,square2cnf,Greedy,8,8,2,18446744073709551615,0.35141291
"pendigits",0,7,affine,Greedy,8,8,2,18446744073709551615,0.228811559
"pendigits",0,7,smart_certified,Greedy,8,8,2,18446744073709551615,0.827302799
"pendigits",0,7,cals,SparseLookahead,16,8,2,18446744073709551615,10.384892805
"pendigits",0,7,cals_compact_explain,SelectiveLookahead,16,4,2,18446744073709551615,4.385151985
"pendigits",1,5,unary,Greedy,8,8,2,18446744073709551615,0.063774438
"pendigits",1,5,horn,Greedy,8,8,2,18446744073709551615,0.071799465
"pendigits",1,5,antihorn,Greedy,8,8,2,18446744073709551615,0.071988151
"pendigits",1,5,square2cnf,Greedy,8,8,2,18446744073709551615,0.247739147
"pendigits",1,5,affine,Greedy,8,8,2,18446744073709551615,0.187322869
"pendigits",1,5,smart_certified,Greedy,8,8,2,18446744073709551615,0.617722778
"pendigits",1,5,cals,SparseLookahead,16,8,2,18446744073709551615,8.271934845
"pendigits",1,5,cals_compact_explain,SelectiveLookahead,16,4,2,18446744073709551615,3.799044513
"pendigits",1,7,unary,Greedy,8,8,2,18446744073709551615,0.072459619
"pendigits",1,7,horn,Greedy,8,8,2,18446744073709551615,0.082570463
"pendigits",1,7,antihorn,Greedy,8,8,2,18446744073709551615,0.082140094
"pendigits",1,7,square2cnf,Greedy,8,8,2,18446744073709551615,0.335110615
"pendigits",1,7,affine,Greedy,8,8,2,18446744073709551615,0.259532037
"pendigits",1,7,smart_certified,Greedy,8,8,2,18446744073709551615,0.784005589
"pendigits",1,7,cals,SparseLookahead,16,8,2,18446744073709551615,10.068424421
"pendigits",1,7,cals_compact_explain,SelectiveLookahead,16,4,2,18446744073709551615,4.38238111
"pendigits",2,5,unary,Greedy,8,8,2,18446744073709551615,0.060054372
"pendigits",2,5,horn,Greedy,8,8,2,18446744073709551615,0.077488895
"pendigits",2,5,antihorn,Greedy,8,8,2,18446744073709551615,0.079493405
"pendigits",2,5,square2cnf,Greedy,8,8,2,18446744073709551615,0.293198931
"pendigits",2,5,affine,Greedy,8,8,2,18446744073709551615,0.166593065
"pendigits",2,5,smart_certified,Greedy,8,8,2,18446744073709551615,0.616335972
"pendigits",2,5,cals,SparseLookahead,16,8,2,18446744073709551615,9.61794456
"pendigits",2,5,cals_compact_explain,SelectiveLookahead,16,4,2,18446744073709551615,3.85650638
"pendigits",2,7,unary,Greedy,8,8,2,18446744073709551615,0.066899865
"pendigits",2,7,horn,Greedy,8,8,2,18446744073709551615,0.095328601
"pendigits",2,7,antihorn,Greedy,8,8,2,18446744073709551615,0.096178385
"pendigits",2,7,square2cnf,Greedy,8,8,2,18446744073709551615,0.412329203
"pendigits",2,7,affine,Greedy,8,8,2,18446744073709551615,0.229437903
"pendigits",2,7,smart_certified,Greedy,8,8,2,18446744073709551615,0.816808544
"pendigits",2,7,cals,SparseLookahead,16,8,2,18446744073709551615,11.590533434
"pendigits",2,7,cals_compact_explain,SelectiveLookahead,16,4,2,18446744073709551615,4.526229398
"pendigits",3,5,unary,Greedy,8,8,2,18446744073709551615,0.064032643
"pendigits",3,5,horn,Greedy,8,8,2,18446744073709551615,0.075600558
"pendigits",3,5,antihorn,Greedy,8,8,2,18446744073709551615,0.078915296
"pendigits",3,5,square2cnf,Greedy,8,8,2,18446744073709551615,0.25537191
"pendigits",3,5,affine,Greedy,8,8,2,18446744073709551615,0.19390252
"pendigits",3,5,smart_certified,Greedy,8,8,2,18446744073709551615,0.662322351
"pendigits",3,5,cals,SparseLookahead,16,8,2,18446744073709551615,7.270464544
"pendigits",3,5,cals_compact_explain,SelectiveLookahead,16,4,2,18446744073709551615,3.031197515
"pendigits",3,7,unary,Greedy,8,8,2,18446744073709551615,0.073875677
"pendigits",3,7,horn,Greedy,8,8,2,18446744073709551615,0.085768166
"pendigits",3,7,antihorn,Greedy,8,8,2,18446744073709551615,0.087405621
"pendigits",3,7,square2cnf,Greedy,8,8,2,18446744073709551615,0.332887927
"pendigits",3,7,affine,Greedy,8,8,2,18446744073709551615,0.230946986
"pendigits",3,7,smart_certified,Greedy,8,8,2,18446744073709551615,0.829765472
"pendigits",3,7,cals,SparseLookahead,16,8,2,18446744073709551615,10.237869077
"pendigits",3,7,cals_compact_explain,SelectiveLookahead,16,4,2,18446744073709551615,3.909092995
"pendigits",4,5,unary,Greedy,8,8,2,18446744073709551615,0.058882532
"pendigits",4,5,horn,Greedy,8,8,2,18446744073709551615,0.066091696
"pendigits",4,5,antihorn,Greedy,8,8,2,18446744073709551615,0.067423764
"pendigits",4,5,square2cnf,Greedy,8,8,2,18446744073709551615,0.242255301
"pendigits",4,5,affine,Greedy,8,8,2,18446744073709551615,0.146924444
"pendigits",4,5,smart_certified,Greedy,8,8,2,18446744073709551615,0.611265134
"pendigits",4,5,cals,SparseLookahead,16,8,2,18446744073709551615,8.022547895
"pendigits",4,5,cals_compact_explain,SelectiveLookahead,16,4,2,18446744073709551615,3.156821476
"pendigits",4,7,unary,Greedy,8,8,2,18446744073709551615,0.066632894
"pendigits",4,7,horn,Greedy,8,8,2,18446744073709551615,0.081760731
"pendigits",4,7,antihorn,Greedy,8,8,2,18446744073709551615,0.08082776
"pendigits",4,7,square2cnf,Greedy,8,8,2,18446744073709551615,0.34119831
"pendigits",4,7,affine,Greedy,8,8,2,18446744073709551615,0.181913109
"pendigits",4,7,smart_certified,Greedy,8,8,2,18446744073709551615,0.715454736
"pendigits",4,7,cals,SparseLookahead,16,8,2,18446744073709551615,10.978453389
"pendigits",4,7,cals_compact_explain,SelectiveLookahead,16,4,2,18446744073709551615,4.222620317
"pendigits",5,5,unary,Greedy,8,8,2,18446744073709551615,0.056308412
"pendigits",5,5,horn,Greedy,8,8,2,18446744073709551615,0.069781477
"pendigits",5,5,antihorn,Greedy,8,8,2,18446744073709551615,0.06814777
"pendigits",5,5,square2cnf,Greedy,8,8,2,18446744073709551615,0.238074357
"pendigits",5,5,affine,Greedy,8,8,2,18446744073709551615,0.171098392
"pendigits",5,5,smart_certified,Greedy,8,8,2,18446744073709551615,0.555788001
"pendigits",5,5,cals,SparseLookahead,16,8,2,18446744073709551615,4.616229006
"pendigits",5,5,cals_compact_explain,SelectiveLookahead,16,4,2,18446744073709551615,2.156561624
"pendigits",5,7,unary,Greedy,8,8,2,18446744073709551615,0.065623711
"pendigits",5,7,horn,Greedy,8,8,2,18446744073709551615,0.085244087
"pendigits",5,7,antihorn,Greedy,8,8,2,18446744073709551615,0.080480082
"pendigits",5,7,square2cnf,Greedy,8,8,2,18446744073709551615,0.316569832
"pendigits",5,7,affine,Greedy,8,8,2,18446744073709551615,0.20410835
"pendigits",5,7,smart_certified,Greedy,8,8,2,18446744073709551615,0.71803166
"pendigits",5,7,cals,SparseLookahead,16,8,2,18446744073709551615,4.694864881
"pendigits",5,7,cals_compact_explain,SelectiveLookahead,16,4,2,18446744073709551615,2.202750348
"pendigits",6,5,unary,Greedy,8,8,2,18446744073709551615,0.055090557
"pendigits",6,5,horn,Greedy,8,8,2,18446744073709551615,0.072725761
"pendigits",6,5,antihorn,Greedy,8,8,2,18446744073709551615,0.069551733
"pendigits",6,5,square2cnf,Greedy,8,8,2,18446744073709551615,0.233627919
"pendigits",6,5,affine,Greedy,8,8,2,18446744073709551615,0.141636059
"pendigits",6,5,smart_certified,Greedy,8,8,2,18446744073709551615,0.504500488
"pendigits",6,5,cals,SparseLookahead,16,8,2,18446744073709551615,4.115262645
"pendigits",6,5,cals_compact_explain,SelectiveLookahead,16,4,2,18446744073709551615,1.826608986
"pendigits",6,7,unary,Greedy,8,8,2,18446744073709551615,0.061280698
"pendigits",6,7,horn,Greedy,8,8,2,18446744073709551615,0.078037212
"pendigits",6,7,antihorn,Greedy,8,8,2,18446744073709551615,0.08009192
"pendigits",6,7,square2cnf,Greedy,8,8,2,18446744073709551615,0.306900224
"pendigits",6,7,affine,Greedy,8,8,2,18446744073709551615,0.169806958
"pendigits",6,7,smart_certified,Greedy,8,8,2,18446744073709551615,0.608488735
"pendigits",6,7,cals,SparseLookahead,16,8,2,18446744073709551615,4.9750122789999995
"pendigits",6,7,cals_compact_explain,SelectiveLookahead,16,4,2,18446744073709551615,2.203466198
"pendigits",7,5,unary,Greedy,8,8,2,18446744073709551615,0.076069944
"pendigits",7,5,horn,Greedy,8,8,2,18446744073709551615,0.082812967
"pendigits",7,5,antihorn,Greedy,8,8,2,18446744073709551615,0.083060882
"pendigits",7,5,square2cnf,Greedy,8,8,2,18446744073709551615,0.273066924
"pendigits",7,5,affine,Greedy,8,8,2,18446744073709551615,0.219634255
"pendigits",7,5,smart_certified,Greedy,8,8,2,18446744073709551615,0.72922228
"pendigits",7,5,cals,SparseLookahead,16,8,2,18446744073709551615,18.925928514
"pendigits",7,5,cals_compact_explain,SelectiveLookahead,16,4,2,18446744073709551615,6.759584297
"pendigits",7,7,unary,Greedy,8,8,2,18446744073709551615,0.086855361
"pendigits",7,7,horn,Greedy,8,8,2,18446744073709551615,0.098953027
"pendigits",7,7,antihorn,Greedy,8,8,2,18446744073709551615,0.106403313
"pendigits",7,7,square2cnf,Greedy,8,8,2,18446744073709551615,0.367618168
"pendigits",7,7,affine,Greedy,8,8,2,18446744073709551615,0.230680771
"pendigits",7,7,smart_certified,Greedy,8,8,2,18446744073709551615,0.921479918
"pendigits",7,7,cals,SparseLookahead,16,8,2,18446744073709551615,23.113659559
"pendigits",7,7,cals_compact_explain,SelectiveLookahead,16,4,2,18446744073709551615,8.559173234
"pendigits",8,5,unary,Greedy,8,8,2,18446744073709551615,0.085262525
"pendigits",8,5,horn,Greedy,8,8,2,18446744073709551615,0.094658335
"pendigits",8,5,antihorn,Greedy,8,8,2,18446744073709551615,0.080568668
"pendigits",8,5,square2cnf,Greedy,8,8,2,18446744073709551615,0.297023471
"pendigits",8,5,affine,Greedy,8,8,2,18446744073709551615,0.172037848
"pendigits",8,5,smart_certified,Greedy,8,8,2,18446744073709551615,0.633721848
"pendigits",8,5,cals,SparseLookahead,16,8,2,18446744073709551615,8.275962858
"pendigits",8,5,cals_compact_explain,SelectiveLookahead,16,4,2,18446744073709551615,3.349631111
"pendigits",8,7,unary,Greedy,8,8,2,18446744073709551615,0.070817364
"pendigits",8,7,horn,Greedy,8,8,2,18446744073709551615,0.090828987
"pendigits",8,7,antihorn,Greedy,8,8,2,18446744073709551615,0.090375317
"pendigits",8,7,square2cnf,Greedy,8,8,2,18446744073709551615,0.368446664
"pendigits",8,7,affine,Greedy,8,8,2,18446744073709551615,0.191878014
"pendigits",8,7,smart_certified,Greedy,8,8,2,18446744073709551615,0.806621912
"pendigits",8,7,cals,SparseLookahead,16,8,2,18446744073709551615,11.241473597
"pendigits",8,7,cals_compact_explain,SelectiveLookahead,16,4,2,18446744073709551615,4.351389453
"pendigits",9,5,unary,Greedy,8,8,2,18446744073709551615,0.062746902
"pendigits",9,5,horn,Greedy,8,8,2,18446744073709551615,0.085504314
"pendigits",9,5,antihorn,Greedy,8,8,2,18446744073709551615,0.091101238
"pendigits",9,5,square2cnf,Greedy,8,8,2,18446744073709551615,0.329044484
"pendigits",9,5,affine,Greedy,8,8,2,18446744073709551615,0.172633922
"pendigits",9,5,smart_certified,Greedy,8,8,2,18446744073709551615,0.6460469
"pendigits",9,5,cals,SparseLookahead,16,8,2,18446744073709551615,0.780985487
"pendigits",9,5,cals_compact_explain,SelectiveLookahead,16,4,2,18446744073709551615,0.65659128
"pendigits",9,7,unary,Greedy,8,8,2,18446744073709551615,0.075074573
"pendigits",9,7,horn,Greedy,8,8,2,18446744073709551615,0.096327079
"pendigits",9,7,antihorn,Greedy,8,8,2,18446744073709551615,0.097472139
"pendigits",9,7,square2cnf,Greedy,8,8,2,18446744073709551615,0.385390919
"pendigits",9,7,affine,Greedy,8,8,2,18446744073709551615,0.230328819
"pendigits",9,7,smart_certified,Greedy,8,8,2,18446744073709551615,0.813831878
"pendigits",9,7,cals,SparseLookahead,16,8,2,18446744073709551615,0.824707334
"pendigits",9,7,cals_compact_explain,SelectiveLookahead,16,4,2,18446744073709551615,0.668214347
"primary-tumor",0,5,unary,Greedy,8,8,2,18446744073709551615,0.001563495
"primary-tumor",0,5,horn,Greedy,8,8,2,18446744073709551615,0.003443058
"primary-tumor",0,5,antihorn,Greedy,8,8,2,18446744073709551615,0.005468035
"primary-tumor",0,5,square2cnf,Greedy,8,8,2,18446744073709551615,0.02351942
"primary-tumor",0,5,affine,Greedy,8,8,2,18446744073709551615,0.012952724
"primary-tumor",0,5,smart_certified,Greedy,8,8,2,18446744073709551615,0.03197485
"primary-tumor",0,5,cals,SparseLookahead,16,8,2,18446744073709551615,11.344445498
"primary-tumor",0,5,cals_compact_explain,SelectiveLookahead,16,4,2,18446744073709551615,3.88750486
"primary-tumor",0,7,unary,Greedy,8,8,2,18446744073709551615,0.002195013
"primary-tumor",0,7,horn,Greedy,8,8,2,18446744073709551615,0.004195179
"primary-tumor",0,7,antihorn,Greedy,8,8,2,18446744073709551615,0.004305374
"primary-tumor",0,7,square2cnf,Greedy,8,8,2,18446744073709551615,0.038465888
"primary-tumor",0,7,affine,Greedy,8,8,2,18446744073709551615,0.020733101
"primary-tumor",0,7,smart_certified,Greedy,8,8,2,18446744073709551615,0.040364172
"primary-tumor",0,7,cals,SparseLookahead,16,8,2,18446744073709551615,15.576826009
"primary-tumor",0,7,cals_compact_explain,SelectiveLookahead,16,4,2,18446744073709551615,4.163091193
"primary-tumor",1,5,unary,Greedy,8,8,2,18446744073709551615,0.00162287
"primary-tumor",1,5,horn,Greedy,8,8,2,18446744073709551615,0.002818316
"primary-tumor",1,5,antihorn,Greedy,8,8,2,18446744073709551615,0.003493116
"primary-tumor",1,5,square2cnf,Greedy,8,8,2,18446744073709551615,0.02389668
"primary-tumor",1,5,affine,Greedy,8,8,2,18446744073709551615,0.013404351
"primary-tumor",1,5,smart_certified,Greedy,8,8,2,18446744073709551615,0.035278358
"primary-tumor",1,5,cals,SparseLookahead,16,8,2,18446744073709551615,6.26837332
"primary-tumor",1,5,cals_compact_explain,SelectiveLookahead,16,4,2,18446744073709551615,1.761609672
"primary-tumor",1,7,unary,Greedy,8,8,2,18446744073709551615,0.002037154
"primary-tumor",1,7,horn,Greedy,8,8,2,18446744073709551615,0.003793813
"primary-tumor",1,7,antihorn,Greedy,8,8,2,18446744073709551615,0.003909505
"primary-tumor",1,7,square2cnf,Greedy,8,8,2,18446744073709551615,0.036132256
"primary-tumor",1,7,affine,Greedy,8,8,2,18446744073709551615,0.019529165
"primary-tumor",1,7,smart_certified,Greedy,8,8,2,18446744073709551615,0.04461284
"primary-tumor",1,7,cals,SparseLookahead,16,8,2,18446744073709551615,7.181627102
"primary-tumor",1,7,cals_compact_explain,SelectiveLookahead,16,4,2,18446744073709551615,1.818022997
"primary-tumor",2,5,unary,Greedy,8,8,2,18446744073709551615,0.001491379
"primary-tumor",2,5,horn,Greedy,8,8,2,18446744073709551615,0.002641377
"primary-tumor",2,5,antihorn,Greedy,8,8,2,18446744073709551615,0.002653948
"primary-tumor",2,5,square2cnf,Greedy,8,8,2,18446744073709551615,0.0233391
"primary-tumor",2,5,affine,Greedy,8,8,2,18446744073709551615,0.012769615
"primary-tumor",2,5,smart_certified,Greedy,8,8,2,18446744073709551615,0.025785251
"primary-tumor",2,5,cals,SparseLookahead,16,8,2,18446744073709551615,13.504908176
"primary-tumor",2,5,cals_compact_explain,SelectiveLookahead,16,4,2,18446744073709551615,3.394122971
"primary-tumor",2,7,unary,Greedy,8,8,2,18446744073709551615,0.002125025
"primary-tumor",2,7,horn,Greedy,8,8,2,18446744073709551615,0.004002969
"primary-tumor",2,7,antihorn,Greedy,8,8,2,18446744073709551615,0.003920778
"primary-tumor",2,7,square2cnf,Greedy,8,8,2,18446744073709551615,0.041767704
"primary-tumor",2,7,affine,Greedy,8,8,2,18446744073709551615,0.019147355
"primary-tumor",2,7,smart_certified,Greedy,8,8,2,18446744073709551615,0.034020355
"primary-tumor",2,7,cals,SparseLookahead,16,8,2,18446744073709551615,17.909350243
"primary-tumor",2,7,cals_compact_explain,SelectiveLookahead,16,4,2,18446744073709551615,4.419905078
"primary-tumor",3,5,unary,Greedy,8,8,2,18446744073709551615,0.001555377
"primary-tumor",3,5,horn,Greedy,8,8,2,18446744073709551615,0.002977476
"primary-tumor",3,5,antihorn,Greedy,8,8,2,18446744073709551615,0.003041901
"primary-tumor",3,5,square2cnf,Greedy,8,8,2,18446744073709551615,0.028479048
"primary-tumor",3,5,affine,Greedy,8,8,2,18446744073709551615,0.013565198
"primary-tumor",3,5,smart_certified,Greedy,8,8,2,18446744073709551615,0.042471206
"primary-tumor",3,5,cals,SparseLookahead,16,8,2,18446744073709551615,9.960758641
"primary-tumor",3,5,cals_compact_explain,SelectiveLookahead,16,4,2,18446744073709551615,3.116940325
"primary-tumor",3,7,unary,Greedy,8,8,2,18446744073709551615,0.002109855
"primary-tumor",3,7,horn,Greedy,8,8,2,18446744073709551615,0.004563802
"primary-tumor",3,7,antihorn,Greedy,8,8,2,18446744073709551615,0.004565847
"primary-tumor",3,7,square2cnf,Greedy,8,8,2,18446744073709551615,0.047144182
"primary-tumor",3,7,affine,Greedy,8,8,2,18446744073709551615,0.021692706
"primary-tumor",3,7,smart_certified,Greedy,8,8,2,18446744073709551615,0.055007701
"primary-tumor",3,7,cals,SparseLookahead,16,8,2,18446744073709551615,14.071951651
"primary-tumor",3,7,cals_compact_explain,SelectiveLookahead,16,4,2,18446744073709551615,4.214703834
"primary-tumor",4,5,unary,Greedy,8,8,2,18446744073709551615,0.001415816
"primary-tumor",4,5,horn,Greedy,8,8,2,18446744073709551615,0.002434546
"primary-tumor",4,5,antihorn,Greedy,8,8,2,18446744073709551615,0.002609922
"primary-tumor",4,5,square2cnf,Greedy,8,8,2,18446744073709551615,0.023682654
"primary-tumor",4,5,affine,Greedy,8,8,2,18446744073709551615,0.013513004
"primary-tumor",4,5,smart_certified,Greedy,8,8,2,18446744073709551615,0.032213951
"primary-tumor",4,5,cals,SparseLookahead,16,8,2,18446744073709551615,1.423537254
"primary-tumor",4,5,cals_compact_explain,SelectiveLookahead,16,4,2,18446744073709551615,0.194586933
"primary-tumor",4,7,unary,Greedy,8,8,2,18446744073709551615,0.001921909
"primary-tumor",4,7,horn,Greedy,8,8,2,18446744073709551615,0.003461727
"primary-tumor",4,7,antihorn,Greedy,8,8,2,18446744073709551615,0.00390616
"primary-tumor",4,7,square2cnf,Greedy,8,8,2,18446744073709551615,0.034547219
"primary-tumor",4,7,affine,Greedy,8,8,2,18446744073709551615,0.019191172
"primary-tumor",4,7,smart_certified,Greedy,8,8,2,18446744073709551615,0.044117138
"primary-tumor",4,7,cals,SparseLookahead,16,8,2,18446744073709551615,1.450748765
"primary-tumor",4,7,cals_compact_explain,SelectiveLookahead,16,4,2,18446744073709551615,0.214380694
"primary-tumor",5,5,unary,Greedy,8,8,2,18446744073709551615,0.001575631
"primary-tumor",5,5,horn,Greedy,8,8,2,18446744073709551615,0.002272105
"primary-tumor",5,5,antihorn,Greedy,8,8,2,18446744073709551615,0.002263805
"primary-tumor",5,5,square2cnf,Greedy,8,8,2,18446744073709551615,0.01971733
"primary-tumor",5,5,affine,Greedy,8,8,2,18446744073709551615,0.013271777
"primary-tumor",5,5,smart_certified,Greedy,8,8,2,18446744073709551615,0.03734914
"primary-tumor",5,5,cals,SparseLookahead,16,8,2,18446744073709551615,0.30098672
"primary-tumor",5,5,cals_compact_explain,SelectiveLookahead,16,4,2,18446744073709551615,0.549056842
"primary-tumor",5,7,unary,Greedy,8,8,2,18446744073709551615,0.00224267
"primary-tumor",5,7,horn,Greedy,8,8,2,18446744073709551615,0.003684178
"primary-tumor",5,7,antihorn,Greedy,8,8,2,18446744073709551615,0.003586502
"primary-tumor",5,7,square2cnf,Greedy,8,8,2,18446744073709551615,0.035098052
"primary-tumor",5,7,affine,Greedy,8,8,2,18446744073709551615,0.020993366
"primary-tumor",5,7,smart_certified,Greedy,8,8,2,18446744073709551615,0.049597669
"primary-tumor",5,7,cals,SparseLookahead,16,8,2,18446744073709551615,0.344497049
"primary-tumor",5,7,cals_compact_explain,SelectiveLookahead,16,4,2,18446744073709551615,0.562650344
"primary-tumor",6,5,unary,Greedy,8,8,2,18446744073709551615,0.001354543
"primary-tumor",6,5,horn,Greedy,8,8,2,18446744073709551615,0.00296602
"primary-tumor",6,5,antihorn,Greedy,8,8,2,18446744073709551615,0.003004324
"primary-tumor",6,5,square2cnf,Greedy,8,8,2,18446744073709551615,0.024467011
"primary-tumor",6,5,affine,Greedy,8,8,2,18446744073709551615,0.01322899
"primary-tumor",6,5,smart_certified,Greedy,8,8,2,18446744073709551615,0.038201098
"primary-tumor",6,5,cals,SparseLookahead,16,8,2,18446744073709551615,0.086316264
"primary-tumor",6,5,cals_compact_explain,SelectiveLookahead,16,4,2,18446744073709551615,0.058933421
"primary-tumor",6,7,unary,Greedy,8,8,2,18446744073709551615,0.001982781
"primary-tumor",6,7,horn,Greedy,8,8,2,18446744073709551615,0.004423511
"primary-tumor",6,7,antihorn,Greedy,8,8,2,18446744073709551615,0.004746454
"primary-tumor",6,7,square2cnf,Greedy,8,8,2,18446744073709551615,0.050864955
"primary-tumor",6,7,affine,Greedy,8,8,2,18446744073709551615,0.020049898
"primary-tumor",6,7,smart_certified,Greedy,8,8,2,18446744073709551615,0.053165862
"primary-tumor",6,7,cals,SparseLookahead,16,8,2,18446744073709551615,0.090590735
"primary-tumor",6,7,cals_compact_explain,SelectiveLookahead,16,4,2,18446744073709551615,0.069793566
"primary-tumor",7,5,unary,Greedy,8,8,2,18446744073709551615,0.001653186
"primary-tumor",7,5,horn,Greedy,8,8,2,18446744073709551615,0.002761995
"primary-tumor",7,5,antihorn,Greedy,8,8,2,18446744073709551615,0.002896638
"primary-tumor",7,5,square2cnf,Greedy,8,8,2,18446744073709551615,0.023875632
"primary-tumor",7,5,affine,Greedy,8,8,2,18446744073709551615,0.013830813
"primary-tumor",7,5,smart_certified,Greedy,8,8,2,18446744073709551615,0.033291577
"primary-tumor",7,5,cals,SparseLookahead,16,8,2,18446744073709551615,0.339421463
"primary-tumor",7,5,cals_compact_explain,SelectiveLookahead,16,4,2,18446744073709551615,0.376167031
"primary-tumor",7,7,unary,Greedy,8,8,2,18446744073709551615,0.002255145
"primary-tumor",7,7,horn,Greedy,8,8,2,18446744073709551615,0.004081244
"primary-tumor",7,7,antihorn,Greedy,8,8,2,18446744073709551615,0.004185291
"primary-tumor",7,7,square2cnf,Greedy,8,8,2,18446744073709551615,0.039916618
"primary-tumor",7,7,affine,Greedy,8,8,2,18446744073709551615,0.021122116
"primary-tumor",7,7,smart_certified,Greedy,8,8,2,18446744073709551615,0.049260204
"primary-tumor",7,7,cals,SparseLookahead,16,8,2,18446744073709551615,0.411133751
"primary-tumor",7,7,cals_compact_explain,SelectiveLookahead,16,4,2,18446744073709551615,0.440705236
"primary-tumor",8,5,unary,Greedy,8,8,2,18446744073709551615,0.001257686
"primary-tumor",8,5,horn,Greedy,8,8,2,18446744073709551615,0.002631649
"primary-tumor",8,5,antihorn,Greedy,8,8,2,18446744073709551615,0.00244984
"primary-tumor",8,5,square2cnf,Greedy,8,8,2,18446744073709551615,0.021192506
"primary-tumor",8,5,affine,Greedy,8,8,2,18446744073709551615,0.012308388
"primary-tumor",8,5,smart_certified,Greedy,8,8,2,18446744073709551615,0.023699509
"primary-tumor",8,5,cals,SparseLookahead,16,8,2,18446744073709551615,11.177312836
"primary-tumor",8,5,cals_compact_explain,SelectiveLookahead,16,4,2,18446744073709551615,2.542113234
"primary-tumor",8,7,unary,Greedy,8,8,2,18446744073709551615,0.001899818
"primary-tumor",8,7,horn,Greedy,8,8,2,18446744073709551615,0.003316361
"primary-tumor",8,7,antihorn,Greedy,8,8,2,18446744073709551615,0.003538676
"primary-tumor",8,7,square2cnf,Greedy,8,8,2,18446744073709551615,0.033265294
"primary-tumor",8,7,affine,Greedy,8,8,2,18446744073709551615,0.020179677
"primary-tumor",8,7,smart_certified,Greedy,8,8,2,18446744073709551615,0.036566162
"primary-tumor",8,7,cals,SparseLookahead,16,8,2,18446744073709551615,14.280049886
"primary-tumor",8,7,cals_compact_explain,SelectiveLookahead,16,4,2,18446744073709551615,3.338005611
"primary-tumor",9,5,unary,Greedy,8,8,2,18446744073709551615,0.001271363
"primary-tumor",9,5,horn,Greedy,8,8,2,18446744073709551615,0.002234521
"primary-tumor",9,5,antihorn,Greedy,8,8,2,18446744073709551615,0.002226209
"primary-tumor",9,5,square2cnf,Greedy,8,8,2,18446744073709551615,0.019827795
"primary-tumor",9,5,affine,Greedy,8,8,2,18446744073709551615,0.01137211
"primary-tumor",9,5,smart_certified,Greedy,8,8,2,18446744073709551615,0.031264923
"primary-tumor",9,5,cals,SparseLookahead,16,8,2,18446744073709551615,0.457794597
"primary-tumor",9,5,cals_compact_explain,SelectiveLookahead,16,4,2,18446744073709551615,0.282485191
"primary-tumor",9,7,unary,Greedy,8,8,2,18446744073709551615,0.001992294
"primary-tumor",9,7,horn,Greedy,8,8,2,18446744073709551615,0.003297539
"primary-tumor",9,7,antihorn,Greedy,8,8,2,18446744073709551615,0.003465362
"primary-tumor",9,7,square2cnf,Greedy,8,8,2,18446744073709551615,0.033784824
"primary-tumor",9,7,affine,Greedy,8,8,2,18446744073709551615,0.018251852
"primary-tumor",9,7,smart_certified,Greedy,8,8,2,18446744073709551615,0.049174821
"primary-tumor",9,7,cals,SparseLookahead,16,8,2,18446744073709551615,0.498577328
"primary-tumor",9,7,cals_compact_explain,SelectiveLookahead,16,4,2,18446744073709551615,0.304286746
"segment",0,5,unary,Greedy,8,8,2,18446744073709551615,0.012471699
"segment",0,5,horn,Greedy,8,8,2,18446744073709551615,0.015872332
"segment",0,5,antihorn,Greedy,8,8,2,18446744073709551615,0.015312945
"segment",0,5,square2cnf,Greedy,8,8,2,18446744073709551615,0.03323309
"segment",0,5,affine,Greedy,8,8,2,18446744073709551615,0.019783535
"segment",0,5,smart_certified,Greedy,8,8,2,18446744073709551615,0.067094297
"segment",0,5,cals,SparseLookahead,16,8,2,18446744073709551615,0.78481588
"segment",0,5,cals_compact_explain,SelectiveLookahead,16,4,2,18446744073709551615,0.424546311
"segment",0,7,unary,Greedy,8,8,2,18446744073709551615,0.012261111
"segment",0,7,horn,Greedy,8,8,2,18446744073709551615,0.015443435
"segment",0,7,antihorn,Greedy,8,8,2,18446744073709551615,0.015388877
"segment",0,7,square2cnf,Greedy,8,8,2,18446744073709551615,0.033287282
"segment",0,7,affine,Greedy,8,8,2,18446744073709551615,0.01969819
"segment",0,7,smart_certified,Greedy,8,8,2,18446744073709551615,0.06868797
"segment",0,7,cals,SparseLookahead,16,8,2,18446744073709551615,0.783463183
"segment",0,7,cals_compact_explain,SelectiveLookahead,16,4,2,18446744073709551615,0.415664769
"segment",1,5,unary,Greedy,8,8,2,18446744073709551615,0.012641916
"segment",1,5,horn,Greedy,8,8,2,18446744073709551615,0.015548923
"segment",1,5,antihorn,Greedy,8,8,2,18446744073709551615,0.015989422
"segment",1,5,square2cnf,Greedy,8,8,2,18446744073709551615,0.033635464
"segment",1,5,affine,Greedy,8,8,2,18446744073709551615,0.019073782
"segment",1,5,smart_certified,Greedy,8,8,2,18446744073709551615,0.072302703
"segment",1,5,cals,SparseLookahead,16,8,2,18446744073709551615,0.449065077
"segment",1,5,cals_compact_explain,SelectiveLookahead,16,4,2,18446744073709551615,0.150412285
"segment",1,7,unary,Greedy,8,8,2,18446744073709551615,0.013058745
"segment",1,7,horn,Greedy,8,8,2,18446744073709551615,0.015642523
"segment",1,7,antihorn,Greedy,8,8,2,18446744073709551615,0.015704558
"segment",1,7,square2cnf,Greedy,8,8,2,18446744073709551615,0.033135921
"segment",1,7,affine,Greedy,8,8,2,18446744073709551615,0.022075787
"segment",1,7,smart_certified,Greedy,8,8,2,18446744073709551615,0.075142783
"segment",1,7,cals,SparseLookahead,16,8,2,18446744073709551615,0.452797821
"segment",1,7,cals_compact_explain,SelectiveLookahead,16,4,2,18446744073709551615,0.149929548
"segment",2,5,unary,Greedy,8,8,2,18446744073709551615,0.01267136
"segment",2,5,horn,Greedy,8,8,2,18446744073709551615,0.016248616
"segment",2,5,antihorn,Greedy,8,8,2,18446744073709551615,0.016355075
"segment",2,5,square2cnf,Greedy,8,8,2,18446744073709551615,0.037337727
"segment",2,5,affine,Greedy,8,8,2,18446744073709551615,0.020216984
"segment",2,5,smart_certified,Greedy,8,8,2,18446744073709551615,0.068761875
"segment",2,5,cals,SparseLookahead,16,8,2,18446744073709551615,0.217567898
"segment",2,5,cals_compact_explain,SelectiveLookahead,16,4,2,18446744073709551615,0.102812654
"segment",2,7,unary,Greedy,8,8,2,18446744073709551615,0.012805461
"segment",2,7,horn,Greedy,8,8,2,18446744073709551615,0.015926866
"segment",2,7,antihorn,Greedy,8,8,2,18446744073709551615,0.016390866
"segment",2,7,square2cnf,Greedy,8,8,2,18446744073709551615,0.037703312
"segment",2,7,affine,Greedy,8,8,2,18446744073709551615,0.019463251
"segment",2,7,smart_certified,Greedy,8,8,2,18446744073709551615,0.067502329
"segment",2,7,cals,SparseLookahead,16,8,2,18446744073709551615,0.210879148
"segment",2,7,cals_compact_explain,SelectiveLookahead,16,4,2,18446744073709551615,0.102954196
"segment",3,5,unary,Greedy,8,8,2,18446744073709551615,0.012094278
"segment",3,5,horn,Greedy,8,8,2,18446744073709551615,0.015618493
"segment",3,5,antihorn,Greedy,8,8,2,18446744073709551615,0.01499763
"segment",3,5,square2cnf,Greedy,8,8,2,18446744073709551615,0.02855857
"segment",3,5,affine,Greedy,8,8,2,18446744073709551615,0.017351949
"segment",3,5,smart_certified,Greedy,8,8,2,18446744073709551615,0.059993314
"segment",3,5,cals,SparseLookahead,16,8,2,18446744073709551615,0.777343209
"segment",3,5,cals_compact_explain,SelectiveLookahead,16,4,2,18446744073709551615,0.407667067
"segment",3,7,unary,Greedy,8,8,2,18446744073709551615,0.012173992
"segment",3,7,horn,Greedy,8,8,2,18446744073709551615,0.015485445
"segment",3,7,antihorn,Greedy,8,8,2,18446744073709551615,0.014672667
"segment",3,7,square2cnf,Greedy,8,8,2,18446744073709551615,0.027720865
"segment",3,7,affine,Greedy,8,8,2,18446744073709551615,0.016613549
"segment",3,7,smart_certified,Greedy,8,8,2,18446744073709551615,0.058031474
"segment",3,7,cals,SparseLookahead,16,8,2,18446744073709551615,0.787023966
"segment",3,7,cals_compact_explain,SelectiveLookahead,16,4,2,18446744073709551615,0.404097074
"segment",4,5,unary,Greedy,8,8,2,18446744073709551615,0.013403756
"segment",4,5,horn,Greedy,8,8,2,18446744073709551615,0.016480928
"segment",4,5,antihorn,Greedy,8,8,2,18446744073709551615,0.016529417
"segment",4,5,square2cnf,Greedy,8,8,2,18446744073709551615,0.03688616
"segment",4,5,affine,Greedy,8,8,2,18446744073709551615,0.02184618
"segment",4,5,smart_certified,Greedy,8,8,2,18446744073709551615,0.078939246
"segment",4,5,cals,SparseLookahead,16,8,2,18446744073709551615,0.199727287
"segment",4,5,cals_compact_explain,SelectiveLookahead,16,4,2,18446744073709551615,0.128888517
"segment",4,7,unary,Greedy,8,8,2,18446744073709551615,0.014079591
"segment",4,7,horn,Greedy,8,8,2,18446744073709551615,0.016211941
"segment",4,7,antihorn,Greedy,8,8,2,18446744073709551615,0.016099424
"segment",4,7,square2cnf,Greedy,8,8,2,18446744073709551615,0.036115424
"segment",4,7,affine,Greedy,8,8,2,18446744073709551615,0.024169044
"segment",4,7,smart_certified,Greedy,8,8,2,18446744073709551615,0.08690944
"segment",4,7,cals,SparseLookahead,16,8,2,18446744073709551615,0.19920289
"segment",4,7,cals_compact_explain,SelectiveLookahead,16,4,2,18446744073709551615,0.102901893
"segment",5,5,unary,Greedy,8,8,2,18446744073709551615,0.013022295
"segment",5,5,horn,Greedy,8,8,2,18446744073709551615,0.015280026
"segment",5,5,antihorn,Greedy,8,8,2,18446744073709551615,0.015669043
"segment",5,5,square2cnf,Greedy,8,8,2,18446744073709551615,0.032392653
"segment",5,5,affine,Greedy,8,8,2,18446744073709551615,0.018906432
"segment",5,5,smart_certified,Greedy,8,8,2,18446744073709551615,0.066330217
"segment",5,5,cals,SparseLookahead,16,8,2,18446744073709551615,0.815307274
"segment",5,5,cals_compact_explain,SelectiveLookahead,16,4,2,18446744073709551615,0.430885735
"segment",5,7,unary,Greedy,8,8,2,18446744073709551615,0.012750922
"segment",5,7,horn,Greedy,8,8,2,18446744073709551615,0.0157435
"segment",5,7,antihorn,Greedy,8,8,2,18446744073709551615,0.015679119
"segment",5,7,square2cnf,Greedy,8,8,2,18446744073709551615,0.032538189
"segment",5,7,affine,Greedy,8,8,2,18446744073709551615,0.018852064
"segment",5,7,smart_certified,Greedy,8,8,2,18446744073709551615,0.067593853
"segment",5,7,cals,SparseLookahead,16,8,2,18446744073709551615,0.822931096
"segment",5,7,cals_compact_explain,SelectiveLookahead,16,4,2,18446744073709551615,0.43121733
"segment",6,5,unary,Greedy,8,8,2,18446744073709551615,0.012323938
"segment",6,5,horn,Greedy,8,8,2,18446744073709551615,0.014617549
"segment",6,5,antihorn,Greedy,8,8,2,18446744073709551615,0.015000546
"segment",6,5,square2cnf,Greedy,8,8,2,18446744073709551615,0.027593932
"segment",6,5,affine,Greedy,8,8,2,18446744073709551615,0.016840955
"segment",6,5,smart_certified,Greedy,8,8,2,18446744073709551615,0.057964278
"segment",6,5,cals,SparseLookahead,16,8,2,18446744073709551615,0.207227616
"segment",6,5,cals_compact_explain,SelectiveLookahead,16,4,2,18446744073709551615,0.143134561
"segment",6,7,unary,Greedy,8,8,2,18446744073709551615,0.012615076
"segment",6,7,horn,Greedy,8,8,2,18446744073709551615,0.014869298
"segment",6,7,antihorn,Greedy,8,8,2,18446744073709551615,0.014869991
"segment",6,7,square2cnf,Greedy,8,8,2,18446744073709551615,0.02801808
"segment",6,7,affine,Greedy,8,8,2,18446744073709551615,0.016684084
"segment",6,7,smart_certified,Greedy,8,8,2,18446744073709551615,0.058456183
"segment",6,7,cals,SparseLookahead,16,8,2,18446744073709551615,0.203190984
"segment",6,7,cals_compact_explain,SelectiveLookahead,16,4,2,18446744073709551615,0.143403126
"segment",7,5,unary,Greedy,8,8,2,18446744073709551615,0.012902749
"segment",7,5,horn,Greedy,8,8,2,18446744073709551615,0.016331575
"segment",7,5,antihorn,Greedy,8,8,2,18446744073709551615,0.016379014
"segment",7,5,square2cnf,Greedy,8,8,2,18446744073709551615,0.036826957
"segment",7,5,affine,Greedy,8,8,2,18446744073709551615,0.02221044
"segment",7,5,smart_certified,Greedy,8,8,2,18446744073709551615,0.076014787
"segment",7,5,cals,SparseLookahead,16,8,2,18446744073709551615,0.216952845
"segment",7,5,cals_compact_explain,SelectiveLookahead,16,4,2,18446744073709551615,0.155460696
"segment",7,7,unary,Greedy,8,8,2,18446744073709551615,0.013094086
"segment",7,7,horn,Greedy,8,8,2,18446744073709551615,0.016221537
"segment",7,7,antihorn,Greedy,8,8,2,18446744073709551615,0.015827774
"segment",7,7,square2cnf,Greedy,8,8,2,18446744073709551615,0.03617353
"segment",7,7,affine,Greedy,8,8,2,18446744073709551615,0.022505789
"segment",7,7,smart_certified,Greedy,8,8,2,18446744073709551615,0.076334513
"segment",7,7,cals,SparseLookahead,16,8,2,18446744073709551615,0.219314533
"segment",7,7,cals_compact_explain,SelectiveLookahead,16,4,2,18446744073709551615,0.154816466
"segment",8,5,unary,Greedy,8,8,2,18446744073709551615,0.013116182
"segment",8,5,horn,Greedy,8,8,2,18446744073709551615,0.016276393
"segment",8,5,antihorn,Greedy,8,8,2,18446744073709551615,0.016072216
"segment",8,5,square2cnf,Greedy,8,8,2,18446744073709551615,0.037253786
"segment",8,5,affine,Greedy,8,8,2,18446744073709551615,0.022315085
"segment",8,5,smart_certified,Greedy,8,8,2,18446744073709551615,0.077466241
"segment",8,5,cals,SparseLookahead,16,8,2,18446744073709551615,0.196408108
"segment",8,5,cals_compact_explain,SelectiveLookahead,16,4,2,18446744073709551615,0.159780532
"segment",8,7,unary,Greedy,8,8,2,18446744073709551615,0.012917106
"segment",8,7,horn,Greedy,8,8,2,18446744073709551615,0.016046016
"segment",8,7,antihorn,Greedy,8,8,2,18446744073709551615,0.016886008
"segment",8,7,square2cnf,Greedy,8,8,2,18446744073709551615,0.038231172
"segment",8,7,affine,Greedy,8,8,2,18446744073709551615,0.022576885
"segment",8,7,smart_certified,Greedy,8,8,2,18446744073709551615,0.077455351
"segment",8,7,cals,SparseLookahead,16,8,2,18446744073709551615,0.196109758
"segment",8,7,cals_compact_explain,SelectiveLookahead,16,4,2,18446744073709551615,0.154485932
"segment",9,5,unary,Greedy,8,8,2,18446744073709551615,0.012802727
"segment",9,5,horn,Greedy,8,8,2,18446744073709551615,0.015566262
"segment",9,5,antihorn,Greedy,8,8,2,18446744073709551615,0.01563426
"segment",9,5,square2cnf,Greedy,8,8,2,18446744073709551615,0.031882494
"segment",9,5,affine,Greedy,8,8,2,18446744073709551615,0.019075845
"segment",9,5,smart_certified,Greedy,8,8,2,18446744073709551615,0.067504075
"segment",9,5,cals,SparseLookahead,16,8,2,18446744073709551615,0.792739121
"segment",9,5,cals_compact_explain,SelectiveLookahead,16,4,2,18446744073709551615,0.393889419
"segment",9,7,unary,Greedy,8,8,2,18446744073709551615,0.0122498
"segment",9,7,horn,Greedy,8,8,2,18446744073709551615,0.016164025
"segment",9,7,antihorn,Greedy,8,8,2,18446744073709551615,0.015488901
"segment",9,7,square2cnf,Greedy,8,8,2,18446744073709551615,0.031561833
"segment",9,7,affine,Greedy,8,8,2,18446744073709551615,0.019393383
"segment",9,7,smart_certified,Greedy,8,8,2,18446744073709551615,0.066059051
"segment",9,7,cals,SparseLookahead,16,8,2,18446744073709551615,0.78707651
"segment",9,7,cals_compact_explain,SelectiveLookahead,16,4,2,18446744073709551615,0.396319898
"seismic_bumps-bin",0,5,unary,Greedy,8,8,2,18446744073709551615,0.011849348
"seismic_bumps-bin",0,5,horn,Greedy,8,8,2,18446744073709551615,0.020258457
"seismic_bumps-bin",0,5,antihorn,Greedy,8,8,2,18446744073709551615,0.020383857
"seismic_bumps-bin",0,5,square2cnf,Greedy,8,8,2,18446744073709551615,0.122585416
"seismic_bumps-bin",0,5,affine,Greedy,8,8,2,18446744073709551615,0.033956845
"seismic_bumps-bin",0,5,smart_certified,Greedy,8,8,2,18446744073709551615,0.248414402
"seismic_bumps-bin",0,5,cals,SparseLookahead,16,8,2,18446744073709551615,11.417347521
"seismic_bumps-bin",0,5,cals_compact_explain,SelectiveLookahead,16,4,2,18446744073709551615,3.407636873
"seismic_bumps-bin",0,7,unary,Greedy,8,8,2,18446744073709551615,0.017385379
"seismic_bumps-bin",0,7,horn,Greedy,8,8,2,18446744073709551615,0.037500742
"seismic_bumps-bin",0,7,antihorn,Greedy,8,8,2,18446744073709551615,0.034826745
"seismic_bumps-bin",0,7,square2cnf,Greedy,8,8,2,18446744073709551615,0.278154073
"seismic_bumps-bin",0,7,affine,Greedy,8,8,2,18446744073709551615,0.05328327
"seismic_bumps-bin",0,7,smart_certified,Greedy,8,8,2,18446744073709551615,0.446687406
"seismic_bumps-bin",0,7,cals,SparseLookahead,16,8,2,18446744073709551615,15.896020308
"seismic_bumps-bin",0,7,cals_compact_explain,SelectiveLookahead,16,4,2,18446744073709551615,4.510243805
"seismic_bumps-bin",1,5,unary,Greedy,8,8,2,18446744073709551615,0.011672973
"seismic_bumps-bin",1,5,horn,Greedy,8,8,2,18446744073709551615,0.019138616
"seismic_bumps-bin",1,5,antihorn,Greedy,8,8,2,18446744073709551615,0.020449045
"seismic_bumps-bin",1,5,square2cnf,Greedy,8,8,2,18446744073709551615,0.143893949
"seismic_bumps-bin",1,5,affine,Greedy,8,8,2,18446744073709551615,0.038538619
"seismic_bumps-bin",1,5,smart_certified,Greedy,8,8,2,18446744073709551615,0.251219201
"seismic_bumps-bin",1,5,cals,SparseLookahead,16,8,2,18446744073709551615,3.014849072
"seismic_bumps-bin",1,5,cals_compact_explain,SelectiveLookahead,16,4,2,18446744073709551615,0.597298915
"seismic_bumps-bin",1,7,unary,Greedy,8,8,2,18446744073709551615,0.018764736
"seismic_bumps-bin",1,7,horn,Greedy,8,8,2,18446744073709551615,0.031455841
"seismic_bumps-bin",1,7,antihorn,Greedy,8,8,2,18446744073709551615,0.036255091
"seismic_bumps-bin",1,7,square2cnf,Greedy,8,8,2,18446744073709551615,0.280731812
"seismic_bumps-bin",1,7,affine,Greedy,8,8,2,18446744073709551615,0.094291494
"seismic_bumps-bin",1,7,smart_certified,Greedy,8,8,2,18446744073709551615,0.871343033
"seismic_bumps-bin",1,7,cals,SparseLookahead,16,8,2,18446744073709551615,3.207797744
"seismic_bumps-bin",1,7,cals_compact_explain,SelectiveLookahead,16,4,2,18446744073709551615,0.693862121
"seismic_bumps-bin",2,5,unary,Greedy,8,8,2,18446744073709551615,0.011842311
"seismic_bumps-bin",2,5,horn,Greedy,8,8,2,18446744073709551615,0.020228243
"seismic_bumps-bin",2,5,antihorn,Greedy,8,8,2,18446744073709551615,0.019520317
"seismic_bumps-bin",2,5,square2cnf,Greedy,8,8,2,18446744073709551615,0.136933299
"seismic_bumps-bin",2,5,affine,Greedy,8,8,2,18446744073709551615,0.069866299
"seismic_bumps-bin",2,5,smart_certified,Greedy,8,8,2,18446744073709551615,0.278558282
"seismic_bumps-bin",2,5,cals,SparseLookahead,16,8,2,18446744073709551615,4.582305214
"seismic_bumps-bin",2,5,cals_compact_explain,SelectiveLookahead,16,4,2,18446744073709551615,0.595234107
"seismic_bumps-bin",2,7,unary,Greedy,8,8,2,18446744073709551615,0.01810335
"seismic_bumps-bin",2,7,horn,Greedy,8,8,2,18446744073709551615,0.037625227
"seismic_bumps-bin",2,7,antihorn,Greedy,8,8,2,18446744073709551615,0.032883441
"seismic_bumps-bin",2,7,square2cnf,Greedy,8,8,2,18446744073709551615,0.311188732
"seismic_bumps-bin",2,7,affine,Greedy,8,8,2,18446744073709551615,0.129311247
"seismic_bumps-bin",2,7,smart_certified,Greedy,8,8,2,18446744073709551615,0.662331468
"seismic_bumps-bin",2,7,cals,SparseLookahead,16,8,2,18446744073709551615,4.782335978
"seismic_bumps-bin",2,7,cals_compact_explain,SelectiveLookahead,16,4,2,18446744073709551615,0.663064907
"seismic_bumps-bin",3,5,unary,Greedy,8,8,2,18446744073709551615,0.010650996
"seismic_bumps-bin",3,5,horn,Greedy,8,8,2,18446744073709551615,0.020257347
"seismic_bumps-bin",3,5,antihorn,Greedy,8,8,2,18446744073709551615,0.020053709
"seismic_bumps-bin",3,5,square2cnf,Greedy,8,8,2,18446744073709551615,0.140013861
"seismic_bumps-bin",3,5,affine,Greedy,8,8,2,18446744073709551615,0.068335342
"seismic_bumps-bin",3,5,smart_certified,Greedy,8,8,2,18446744073709551615,0.220646103
"seismic_bumps-bin",3,5,cals,SparseLookahead,16,8,2,18446744073709551615,17.714861557
"seismic_bumps-bin",3,5,cals_compact_explain,SelectiveLookahead,16,4,2,18446744073709551615,5.362741225
"seismic_bumps-bin",3,7,unary,Greedy,8,8,2,18446744073709551615,0.016184771
"seismic_bumps-bin",3,7,horn,Greedy,8,8,2,18446744073709551615,0.033787869
"seismic_bumps-bin",3,7,antihorn,Greedy,8,8,2,18446744073709551615,0.032055266
"seismic_bumps-bin",3,7,square2cnf,Greedy,8,8,2,18446744073709551615,0.282140616
"seismic_bumps-bin",3,7,affine,Greedy,8,8,2,18446744073709551615,0.128338797
"seismic_bumps-bin",3,7,smart_certified,Greedy,8,8,2,18446744073709551615,0.425214353
"seismic_bumps-bin",3,7,cals,SparseLookahead,16,8,2,18446744073709551615,25.503544355
"seismic_bumps-bin",3,7,cals_compact_explain,SelectiveLookahead,16,4,2,18446744073709551615,8.099967004
"seismic_bumps-bin",4,5,unary,Greedy,8,8,2,18446744073709551615,0.011382489
"seismic_bumps-bin",4,5,horn,Greedy,8,8,2,18446744073709551615,0.020965394
"seismic_bumps-bin",4,5,antihorn,Greedy,8,8,2,18446744073709551615,0.021230447
"seismic_bumps-bin",4,5,square2cnf,Greedy,8,8,2,18446744073709551615,0.123371378
"seismic_bumps-bin",4,5,affine,Greedy,8,8,2,18446744073709551615,0.064548088
"seismic_bumps-bin",4,5,smart_certified,Greedy,8,8,2,18446744073709551615,0.249150594
"seismic_bumps-bin",4,5,cals,SparseLookahead,16,8,2,18446744073709551615,14.885536246000001
"seismic_bumps-bin",4,5,cals_compact_explain,SelectiveLookahead,16,4,2,18446744073709551615,2.226201543
"seismic_bumps-bin",4,7,unary,Greedy,8,8,2,18446744073709551615,0.018015772
"seismic_bumps-bin",4,7,horn,Greedy,8,8,2,18446744073709551615,0.036965976
"seismic_bumps-bin",4,7,antihorn,Greedy,8,8,2,18446744073709551615,0.0337081
"seismic_bumps-bin",4,7,square2cnf,Greedy,8,8,2,18446744073709551615,0.277416734
"seismic_bumps-bin",4,7,affine,Greedy,8,8,2,18446744073709551615,0.124707685
"seismic_bumps-bin",4,7,smart_certified,Greedy,8,8,2,18446744073709551615,0.651400032
"seismic_bumps-bin",4,7,cals,SparseLookahead,16,8,2,18446744073709551615,26.481527819
"seismic_bumps-bin",4,7,cals_compact_explain,SelectiveLookahead,16,4,2,18446744073709551615,3.350964443
"seismic_bumps-bin",5,5,unary,Greedy,8,8,2,18446744073709551615,0.012003498
"seismic_bumps-bin",5,5,horn,Greedy,8,8,2,18446744073709551615,0.018715689
"seismic_bumps-bin",5,5,antihorn,Greedy,8,8,2,18446744073709551615,0.021234792
"seismic_bumps-bin",5,5,square2cnf,Greedy,8,8,2,18446744073709551615,0.15476582
"seismic_bumps-bin",5,5,affine,Greedy,8,8,2,18446744073709551615,0.035125283
"seismic_bumps-bin",5,5,smart_certified,Greedy,8,8,2,18446744073709551615,0.291991058
"seismic_bumps-bin",5,5,cals,SparseLookahead,16,8,2,18446744073709551615,11.815955452
"seismic_bumps-bin",5,5,cals_compact_explain,SelectiveLookahead,16,4,2,18446744073709551615,3.407067886
"seismic_bumps-bin",5,7,unary,Greedy,8,8,2,18446744073709551615,0.020062768
"seismic_bumps-bin",5,7,horn,Greedy,8,8,2,18446744073709551615,0.031327063
"seismic_bumps-bin",5,7,antihorn,Greedy,8,8,2,18446744073709551615,0.03675454
"seismic_bumps-bin",5,7,square2cnf,Greedy,8,8,2,18446744073709551615,0.317215791
"seismic_bumps-bin",5,7,affine,Greedy,8,8,2,18446744073709551615,0.067175169
"seismic_bumps-bin",5,7,smart_certified,Greedy,8,8,2,18446744073709551615,0.721492668
"seismic_bumps-bin",5,7,cals,SparseLookahead,16,8,2,18446744073709551615,22.340993061
"seismic_bumps-bin",5,7,cals_compact_explain,SelectiveLookahead,16,4,2,18446744073709551615,5.825487293
"seismic_bumps-bin",6,5,unary,Greedy,8,8,2,18446744073709551615,0.009977742
"seismic_bumps-bin",6,5,horn,Greedy,8,8,2,18446744073709551615,0.016400358
"seismic_bumps-bin",6,5,antihorn,Greedy,8,8,2,18446744073709551615,0.019099873
"seismic_bumps-bin",6,5,square2cnf,Greedy,8,8,2,18446744073709551615,0.117653471
"seismic_bumps-bin",6,5,affine,Greedy,8,8,2,18446744073709551615,0.052095065
"seismic_bumps-bin",6,5,smart_certified,Greedy,8,8,2,18446744073709551615,0.200541587
"seismic_bumps-bin",6,5,cals,SparseLookahead,16,8,2,18446744073709551615,1.340437299
"seismic_bumps-bin",6,5,cals_compact_explain,SelectiveLookahead,16,4,2,18446744073709551615,0.746825612
"seismic_bumps-bin",6,7,unary,Greedy,8,8,2,18446744073709551615,0.014783752
"seismic_bumps-bin",6,7,horn,Greedy,8,8,2,18446744073709551615,0.026370666
"seismic_bumps-bin",6,7,antihorn,Greedy,8,8,2,18446744073709551615,0.033179009
"seismic_bumps-bin",6,7,square2cnf,Greedy,8,8,2,18446744073709551615,0.251464751
"seismic_bumps-bin",6,7,affine,Greedy,8,8,2,18446744073709551615,0.088943148
"seismic_bumps-bin",6,7,smart_certified,Greedy,8,8,2,18446744073709551615,0.376022225
"seismic_bumps-bin",6,7,cals,SparseLookahead,16,8,2,18446744073709551615,1.5492586099999999
"seismic_bumps-bin",6,7,cals_compact_explain,SelectiveLookahead,16,4,2,18446744073709551615,0.843464013
"seismic_bumps-bin",7,5,unary,Greedy,8,8,2,18446744073709551615,0.01186988
"seismic_bumps-bin",7,5,horn,Greedy,8,8,2,18446744073709551615,0.018753161
"seismic_bumps-bin",7,5,antihorn,Greedy,8,8,2,18446744073709551615,0.019019827
"seismic_bumps-bin",7,5,square2cnf,Greedy,8,8,2,18446744073709551615,0.148268087
"seismic_bumps-bin",7,5,affine,Greedy,8,8,2,18446744073709551615,0.043369406
"seismic_bumps-bin",7,5,smart_certified,Greedy,8,8,2,18446744073709551615,0.260071081
"seismic_bumps-bin",7,5,cals,SparseLookahead,16,8,2,18446744073709551615,23.046210099
"seismic_bumps-bin",7,5,cals_compact_explain,SelectiveLookahead,16,4,2,18446744073709551615,6.346917747
"seismic_bumps-bin",7,7,unary,Greedy,8,8,2,18446744073709551615,0.01821032
"seismic_bumps-bin",7,7,horn,Greedy,8,8,2,18446744073709551615,0.034820615
"seismic_bumps-bin",7,7,antihorn,Greedy,8,8,2,18446744073709551615,0.035138819
"seismic_bumps-bin",7,7,square2cnf,Greedy,8,8,2,18446744073709551615,0.329895728
"seismic_bumps-bin",7,7,affine,Greedy,8,8,2,18446744073709551615,0.067789598
"seismic_bumps-bin",7,7,smart_certified,Greedy,8,8,2,18446744073709551615,0.602020921
"seismic_bumps-bin",7,7,cals,SparseLookahead,16,8,2,18446744073709551615,40.940741979
"seismic_bumps-bin",7,7,cals_compact_explain,SelectiveLookahead,16,4,2,18446744073709551615,11.503329756
"seismic_bumps-bin",8,5,unary,Greedy,8,8,2,18446744073709551615,0.011179044
"seismic_bumps-bin",8,5,horn,Greedy,8,8,2,18446744073709551615,0.019817081
"seismic_bumps-bin",8,5,antihorn,Greedy,8,8,2,18446744073709551615,0.018708723
"seismic_bumps-bin",8,5,square2cnf,Greedy,8,8,2,18446744073709551615,0.140557538
"seismic_bumps-bin",8,5,affine,Greedy,8,8,2,18446744073709551615,0.064275344
"seismic_bumps-bin",8,5,smart_certified,Greedy,8,8,2,18446744073709551615,0.239310814
"seismic_bumps-bin",8,5,cals,SparseLookahead,16,8,2,18446744073709551615,0.378815588
"seismic_bumps-bin",8,5,cals_compact_explain,SelectiveLookahead,16,4,2,18446744073709551615,0.200414777
"seismic_bumps-bin",8,7,unary,Greedy,8,8,2,18446744073709551615,0.017177576
"seismic_bumps-bin",8,7,horn,Greedy,8,8,2,18446744073709551615,0.032886874
"seismic_bumps-bin",8,7,antihorn,Greedy,8,8,2,18446744073709551615,0.029268768
"seismic_bumps-bin",8,7,square2cnf,Greedy,8,8,2,18446744073709551615,0.284731496
"seismic_bumps-bin",8,7,affine,Greedy,8,8,2,18446744073709551615,0.121176644
"seismic_bumps-bin",8,7,smart_certified,Greedy,8,8,2,18446744073709551615,0.417930037
"seismic_bumps-bin",8,7,cals,SparseLookahead,16,8,2,18446744073709551615,0.489017254
"seismic_bumps-bin",8,7,cals_compact_explain,SelectiveLookahead,16,4,2,18446744073709551615,0.229025846
"seismic_bumps-bin",9,5,unary,Greedy,8,8,2,18446744073709551615,0.01137554
"seismic_bumps-bin",9,5,horn,Greedy,8,8,2,18446744073709551615,0.019584889
"seismic_bumps-bin",9,5,antihorn,Greedy,8,8,2,18446744073709551615,0.020875157
"seismic_bumps-bin",9,5,square2cnf,Greedy,8,8,2,18446744073709551615,0.14766515
"seismic_bumps-bin",9,5,affine,Greedy,8,8,2,18446744073709551615,0.074287615
"seismic_bumps-bin",9,5,smart_certified,Greedy,8,8,2,18446744073709551615,0.252609699
"seismic_bumps-bin",9,5,cals,SparseLookahead,16,8,2,18446744073709551615,18.59918572
"seismic_bumps-bin",9,5,cals_compact_explain,SelectiveLookahead,16,4,2,18446744073709551615,4.469662756
"seismic_bumps-bin",9,7,unary,Greedy,8,8,2,18446744073709551615,0.019201079
"seismic_bumps-bin",9,7,horn,Greedy,8,8,2,18446744073709551615,0.033005742
"seismic_bumps-bin",9,7,antihorn,Greedy,8,8,2,18446744073709551615,0.033980771
"seismic_bumps-bin",9,7,square2cnf,Greedy,8,8,2,18446744073709551615,0.354225129
"seismic_bumps-bin",9,7,affine,Greedy,8,8,2,18446744073709551615,0.132491329
"seismic_bumps-bin",9,7,smart_certified,Greedy,8,8,2,18446744073709551615,1.097387159
"seismic_bumps-bin",9,7,cals,SparseLookahead,16,8,2,18446744073709551615,27.25510991
"seismic_bumps-bin",9,7,cals_compact_explain,SelectiveLookahead,16,4,2,18446744073709551615,7.659857517
"soybean",0,5,unary,Greedy,8,8,2,18446744073709551615,0.006046178
"soybean",0,5,horn,Greedy,8,8,2,18446744073709551615,0.003905153
"soybean",0,5,antihorn,Greedy,8,8,2,18446744073709551615,0.00489787
"soybean",0,5,square2cnf,Greedy,8,8,2,18446744073709551615,0.035978502
"soybean",0,5,affine,Greedy,8,8,2,18446744073709551615,0.011556644
"soybean",0,5,smart_certified,Greedy,8,8,2,18446744073709551615,0.020204362
"soybean",0,5,cals,SparseLookahead,16,8,2,18446744073709551615,10.461267955
"soybean",0,5,cals_compact_explain,SelectiveLookahead,16,4,2,18446744073709551615,2.747804723
"soybean",0,7,unary,Greedy,8,8,2,18446744073709551615,0.002833941
"soybean",0,7,horn,Greedy,8,8,2,18446744073709551615,0.004553434
"soybean",0,7,antihorn,Greedy,8,8,2,18446744073709551615,0.005801375
"soybean",0,7,square2cnf,Greedy,8,8,2,18446744073709551615,0.044654345
"soybean",0,7,affine,Greedy,8,8,2,18446744073709551615,0.020981562
"soybean",0,7,smart_certified,Greedy,8,8,2,18446744073709551615,0.022410484
"soybean",0,7,cals,SparseLookahead,16,8,2,18446744073709551615,13.461195284
"soybean",0,7,cals_compact_explain,SelectiveLookahead,16,4,2,18446744073709551615,3.048824425
"soybean",1,5,unary,Greedy,8,8,2,18446744073709551615,0.00201066
"soybean",1,5,horn,Greedy,8,8,2,18446744073709551615,0.004661165
"soybean",1,5,antihorn,Greedy,8,8,2,18446744073709551615,0.004697349
"soybean",1,5,square2cnf,Greedy,8,8,2,18446744073709551615,0.029652553
"soybean",1,5,affine,Greedy,8,8,2,18446744073709551615,0.011660895
"soybean",1,5,smart_certified,Greedy,8,8,2,18446744073709551615,0.024278056
"soybean",1,5,cals,SparseLookahead,16,8,2,18446744073709551615,11.021355055
"soybean",1,5,cals_compact_explain,SelectiveLookahead,16,4,2,18446744073709551615,2.053723119
"soybean",1,7,unary,Greedy,8,8,2,18446744073709551615,0.002580369
"soybean",1,7,horn,Greedy,8,8,2,18446744073709551615,0.005558917
"soybean",1,7,antihorn,Greedy,8,8,2,18446744073709551615,0.005765692
"soybean",1,7,square2cnf,Greedy,8,8,2,18446744073709551615,0.040895471
"soybean",1,7,affine,Greedy,8,8,2,18446744073709551615,0.019922028
"soybean",1,7,smart_certified,Greedy,8,8,2,18446744073709551615,0.029728023
"soybean",1,7,cals,SparseLookahead,16,8,2,18446744073709551615,11.722787539
"soybean",1,7,cals_compact_explain,SelectiveLookahead,16,4,2,18446744073709551615,2.230025494
"soybean",2,5,unary,Greedy,8,8,2,18446744073709551615,0.00153645
"soybean",2,5,horn,Greedy,8,8,2,18446744073709551615,0.003161489
"soybean",2,5,antihorn,Greedy,8,8,2,18446744073709551615,0.003689692
"soybean",2,5,square2cnf,Greedy,8,8,2,18446744073709551615,0.030531935
"soybean",2,5,affine,Greedy,8,8,2,18446744073709551615,0.018769729
"soybean",2,5,smart_certified,Greedy,8,8,2,18446744073709551615,0.031600033
"soybean",2,5,cals,SparseLookahead,16,8,2,18446744073709551615,8.30316564
"soybean",2,5,cals_compact_explain,SelectiveLookahead,16,4,2,18446744073709551615,1.7814415559999999
"soybean",2,7,unary,Greedy,8,8,2,18446744073709551615,0.002196058
"soybean",2,7,horn,Greedy,8,8,2,18446744073709551615,0.004589439
"soybean",2,7,antihorn,Greedy,8,8,2,18446744073709551615,0.004314518
"soybean",2,7,square2cnf,Greedy,8,8,2,18446744073709551615,0.040975102
"soybean",2,7,affine,Greedy,8,8,2,18446744073709551615,0.02507887
"soybean",2,7,smart_certified,Greedy,8,8,2,18446744073709551615,0.035203669
"soybean",2,7,cals,SparseLookahead,16,8,2,18446744073709551615,10.462260493
"soybean",2,7,cals_compact_explain,SelectiveLookahead,16,4,2,18446744073709551615,2.526332009
"soybean",3,5,unary,Greedy,8,8,2,18446744073709551615,0.001794157
"soybean",3,5,horn,Greedy,8,8,2,18446744073709551615,0.003614723
"soybean",3,5,antihorn,Greedy,8,8,2,18446744073709551615,0.004196898
"soybean",3,5,square2cnf,Greedy,8,8,2,18446744073709551615,0.033870512
"soybean",3,5,affine,Greedy,8,8,2,18446744073709551615,0.015574498
"soybean",3,5,smart_certified,Greedy,8,8,2,18446744073709551615,0.023592651
"soybean",3,5,cals,SparseLookahead,16,8,2,18446744073709551615,10.921561038
"soybean",3,5,cals_compact_explain,SelectiveLookahead,16,4,2,18446744073709551615,1.929127323
"soybean",3,7,unary,Greedy,8,8,2,18446744073709551615,0.00221101
"soybean",3,7,horn,Greedy,8,8,2,18446744073709551615,0.004748934
"soybean",3,7,antihorn,Greedy,8,8,2,18446744073709551615,0.005295744
"soybean",3,7,square2cnf,Greedy,8,8,2,18446744073709551615,0.048524533
"soybean",3,7,affine,Greedy,8,8,2,18446744073709551615,0.022745967
"soybean",3,7,smart_certified,Greedy,8,8,2,18446744073709551615,0.02719457
"soybean",3,7,cals,SparseLookahead,16,8,2,18446744073709551615,12.933622249
"soybean",3,7,cals_compact_explain,SelectiveLookahead,16,4,2,18446744073709551615,2.299991185
"soybean",4,5,unary,Greedy,8,8,2,18446744073709551615,0.001796054
"soybean",4,5,horn,Greedy,8,8,2,18446744073709551615,0.003779179
"soybean",4,5,antihorn,Greedy,8,8,2,18446744073709551615,0.004358253
"soybean",4,5,square2cnf,Greedy,8,8,2,18446744073709551615,0.03670297
"soybean",4,5,affine,Greedy,8,8,2,18446744073709551615,0.020047438
"soybean",4,5,smart_certified,Greedy,8,8,2,18446744073709551615,0.024260252
"soybean",4,5,cals,SparseLookahead,16,8,2,18446744073709551615,7.861814863
"soybean",4,5,cals_compact_explain,SelectiveLookahead,16,4,2,18446744073709551615,2.384801632
"soybean",4,7,unary,Greedy,8,8,2,18446744073709551615,0.002717132
"soybean",4,7,horn,Greedy,8,8,2,18446744073709551615,0.004779558
"soybean",4,7,antihorn,Greedy,8,8,2,18446744073709551615,0.00518651
"soybean",4,7,square2cnf,Greedy,8,8,2,18446744073709551615,0.048686901
"soybean",4,7,affine,Greedy,8,8,2,18446744073709551615,0.0255727
"soybean",4,7,smart_certified,Greedy,8,8,2,18446744073709551615,0.026666624
"soybean",4,7,cals,SparseLookahead,16,8,2,18446744073709551615,9.310316595
"soybean",4,7,cals_compact_explain,SelectiveLookahead,16,4,2,18446744073709551615,2.78612467
"soybean",5,5,unary,Greedy,8,8,2,18446744073709551615,0.001653517
"soybean",5,5,horn,Greedy,8,8,2,18446744073709551615,0.00341841
"soybean",5,5,antihorn,Greedy,8,8,2,18446744073709551615,0.003881684
"soybean",5,5,square2cnf,Greedy,8,8,2,18446744073709551615,0.034325397
"soybean",5,5,affine,Greedy,8,8,2,18446744073709551615,0.014179162
"soybean",5,5,smart_certified,Greedy,8,8,2,18446744073709551615,0.029093202
"soybean",5,5,cals,SparseLookahead,16,8,2,18446744073709551615,9.464306236
"soybean",5,5,cals_compact_explain,SelectiveLookahead,16,4,2,18446744073709551615,2.381483358
"soybean",5,7,unary,Greedy,8,8,2,18446744073709551615,0.002502822
"soybean",5,7,horn,Greedy,8,8,2,18446744073709551615,0.004534812
"soybean",5,7,antihorn,Greedy,8,8,2,18446744073709551615,0.005130358
"soybean",5,7,square2cnf,Greedy,8,8,2,18446744073709551615,0.037721063
"soybean",5,7,affine,Greedy,8,8,2,18446744073709551615,0.022619549
"soybean",5,7,smart_certified,Greedy,8,8,2,18446744073709551615,0.038171434
"soybean",5,7,cals,SparseLookahead,16,8,2,18446744073709551615,10.967818061
"soybean",5,7,cals_compact_explain,SelectiveLookahead,16,4,2,18446744073709551615,2.573306373
"soybean",6,5,unary,Greedy,8,8,2,18446744073709551615,0.001828737
"soybean",6,5,horn,Greedy,8,8,2,18446744073709551615,0.003469858
"soybean",6,5,antihorn,Greedy,8,8,2,18446744073709551615,0.00393064
"soybean",6,5,square2cnf,Greedy,8,8,2,18446744073709551615,0.028760188
"soybean",6,5,affine,Greedy,8,8,2,18446744073709551615,0.01358833
"soybean",6,5,smart_certified,Greedy,8,8,2,18446744073709551615,0.035992755
"soybean",6,5,cals,SparseLookahead,16,8,2,18446744073709551615,9.697699501
"soybean",6,5,cals_compact_explain,SelectiveLookahead,16,4,2,18446744073709551615,2.574857782
"soybean",6,7,unary,Greedy,8,8,2,18446744073709551615,0.002361807
"soybean",6,7,horn,Greedy,8,8,2,18446744073709551615,0.005447501
"soybean",6,7,antihorn,Greedy,8,8,2,18446744073709551615,0.005359314
"soybean",6,7,square2cnf,Greedy,8,8,2,18446744073709551615,0.045809487
"soybean",6,7,affine,Greedy,8,8,2,18446744073709551615,0.026266514
"soybean",6,7,smart_certified,Greedy,8,8,2,18446744073709551615,0.041381935
"soybean",6,7,cals,SparseLookahead,16,8,2,18446744073709551615,11.86495578
"soybean",6,7,cals_compact_explain,SelectiveLookahead,16,4,2,18446744073709551615,3.153443222
"soybean",7,5,unary,Greedy,8,8,2,18446744073709551615,0.001820199
"soybean",7,5,horn,Greedy,8,8,2,18446744073709551615,0.003931523
"soybean",7,5,antihorn,Greedy,8,8,2,18446744073709551615,0.004446715
"soybean",7,5,square2cnf,Greedy,8,8,2,18446744073709551615,0.035965741
"soybean",7,5,affine,Greedy,8,8,2,18446744073709551615,0.012711012
"soybean",7,5,smart_certified,Greedy,8,8,2,18446744073709551615,0.020076714
"soybean",7,5,cals,SparseLookahead,16,8,2,18446744073709551615,8.609483267
"soybean",7,5,cals_compact_explain,SelectiveLookahead,16,4,2,18446744073709551615,2.097873051
"soybean",7,7,unary,Greedy,8,8,2,18446744073709551615,0.002694613
"soybean",7,7,horn,Greedy,8,8,2,18446744073709551615,0.004995934
"soybean",7,7,antihorn,Greedy,8,8,2,18446744073709551615,0.005631732
"soybean",7,7,square2cnf,Greedy,8,8,2,18446744073709551615,0.049293249
"soybean",7,7,affine,Greedy,8,8,2,18446744073709551615,0.022543433
"soybean",7,7,smart_certified,Greedy,8,8,2,18446744073709551615,0.022591796
"soybean",7,7,cals,SparseLookahead,16,8,2,18446744073709551615,10.432627621
"soybean",7,7,cals_compact_explain,SelectiveLookahead,16,4,2,18446744073709551615,2.56404353
"soybean",8,5,unary,Greedy,8,8,2,18446744073709551615,0.001738154
"soybean",8,5,horn,Greedy,8,8,2,18446744073709551615,0.003168187
"soybean",8,5,antihorn,Greedy,8,8,2,18446744073709551615,0.004314999
"soybean",8,5,square2cnf,Greedy,8,8,2,18446744073709551615,0.029952547
"soybean",8,5,affine,Greedy,8,8,2,18446744073709551615,0.015227906
"soybean",8,5,smart_certified,Greedy,8,8,2,18446744073709551615,0.039477759
"soybean",8,5,cals,SparseLookahead,16,8,2,18446744073709551615,13.120899806
"soybean",8,5,cals_compact_explain,SelectiveLookahead,16,4,2,18446744073709551615,3.2942701850000002
"soybean",8,7,unary,Greedy,8,8,2,18446744073709551615,0.002661747
"soybean",8,7,horn,Greedy,8,8,2,18446744073709551615,0.0048359
"soybean",8,7,antihorn,Greedy,8,8,2,18446744073709551615,0.005883832
"soybean",8,7,square2cnf,Greedy,8,8,2,18446744073709551615,0.040975386
"soybean",8,7,affine,Greedy,8,8,2,18446744073709551615,0.020854975
"soybean",8,7,smart_certified,Greedy,8,8,2,18446744073709551615,0.05528602
"soybean",8,7,cals,SparseLookahead,16,8,2,18446744073709551615,14.651249187
"soybean",8,7,cals_compact_explain,SelectiveLookahead,16,4,2,18446744073709551615,3.641726974
"soybean",9,5,unary,Greedy,8,8,2,18446744073709551615,0.001795328
"soybean",9,5,horn,Greedy,8,8,2,18446744073709551615,0.003577519
"soybean",9,5,antihorn,Greedy,8,8,2,18446744073709551615,0.004398752
"soybean",9,5,square2cnf,Greedy,8,8,2,18446744073709551615,0.024083527
"soybean",9,5,affine,Greedy,8,8,2,18446744073709551615,0.012327159
"soybean",9,5,smart_certified,Greedy,8,8,2,18446744073709551615,0.02287017
"soybean",9,5,cals,SparseLookahead,16,8,2,18446744073709551615,12.177233819
"soybean",9,5,cals_compact_explain,SelectiveLookahead,16,4,2,18446744073709551615,2.679125989
"soybean",9,7,unary,Greedy,8,8,2,18446744073709551615,0.002729319
"soybean",9,7,horn,Greedy,8,8,2,18446744073709551615,0.004608014
"soybean",9,7,antihorn,Greedy,8,8,2,18446744073709551615,0.005170993
"soybean",9,7,square2cnf,Greedy,8,8,2,18446744073709551615,0.03630406
"soybean",9,7,affine,Greedy,8,8,2,18446744073709551615,0.021047197
"soybean",9,7,smart_certified,Greedy,8,8,2,18446744073709551615,0.025274734
"soybean",9,7,cals,SparseLookahead,16,8,2,18446744073709551615,13.649600864
"soybean",9,7,cals_compact_explain,SelectiveLookahead,16,4,2,18446744073709551615,3.125552992
"splice-1",0,5,unary,Greedy,8,8,2,18446744073709551615,0.040064534
"splice-1",0,5,horn,Greedy,8,8,2,18446744073709551615,0.053037599
"splice-1",0,5,antihorn,Greedy,8,8,2,18446744073709551615,0.043724029
"splice-1",0,5,square2cnf,Greedy,8,8,2,18446744073709551615,0.165317256
"splice-1",0,5,affine,Greedy,8,8,2,18446744073709551615,0.098154591
"splice-1",0,5,smart_certified,Greedy,8,8,2,18446744073709551615,0.250272838
"splice-1",0,5,cals,SparseLookahead,16,8,2,18446744073709551615,18.904250982
"splice-1",0,5,cals_compact_explain,SelectiveLookahead,16,4,2,18446744073709551615,6.470277711
"splice-1",0,7,unary,Greedy,8,8,2,18446744073709551615,0.071823429
"splice-1",0,7,horn,Greedy,8,8,2,18446744073709551615,0.076948451
"splice-1",0,7,antihorn,Greedy,8,8,2,18446744073709551615,0.067140239
"splice-1",0,7,square2cnf,Greedy,8,8,2,18446744073709551615,0.28639433
"splice-1",0,7,affine,Greedy,8,8,2,18446744073709551615,0.219637425
"splice-1",0,7,smart_certified,Greedy,8,8,2,18446744073709551615,0.444452081
"splice-1",0,7,cals,SparseLookahead,16,8,2,18446744073709551615,28.880305834
"splice-1",0,7,cals_compact_explain,SelectiveLookahead,16,4,2,18446744073709551615,9.035763936
"splice-1",1,5,unary,Greedy,8,8,2,18446744073709551615,0.041694052
"splice-1",1,5,horn,Greedy,8,8,2,18446744073709551615,0.053015916
"splice-1",1,5,antihorn,Greedy,8,8,2,18446744073709551615,0.039656955
"splice-1",1,5,square2cnf,Greedy,8,8,2,18446744073709551615,0.189477222
"splice-1",1,5,affine,Greedy,8,8,2,18446744073709551615,0.093887507
"splice-1",1,5,smart_certified,Greedy,8,8,2,18446744073709551615,0.279845943
"splice-1",1,5,cals,SparseLookahead,16,8,2,18446744073709551615,23.116027178
"splice-1",1,5,cals_compact_explain,SelectiveLookahead,16,4,2,18446744073709551615,5.5026262169999995
"splice-1",1,7,unary,Greedy,8,8,2,18446744073709551615,0.075809327
"splice-1",1,7,horn,Greedy,8,8,2,18446744073709551615,0.078551225
"splice-1",1,7,antihorn,Greedy,8,8,2,18446744073709551615,0.062184832
"splice-1",1,7,square2cnf,Greedy,8,8,2,18446744073709551615,0.301920002
"splice-1",1,7,affine,Greedy,8,8,2,18446744073709551615,0.184433708
"splice-1",1,7,smart_certified,Greedy,8,8,2,18446744073709551615,0.422195771
"splice-1",1,7,cals,SparseLookahead,16,8,2,18446744073709551615,26.941822498
"splice-1",1,7,cals_compact_explain,SelectiveLookahead,16,4,2,18446744073709551615,7.274687499
"splice-1",2,5,unary,Greedy,8,8,2,18446744073709551615,0.04327268
"splice-1",2,5,horn,Greedy,8,8,2,18446744073709551615,0.056619677
"splice-1",2,5,antihorn,Greedy,8,8,2,18446744073709551615,0.049370702
"splice-1",2,5,square2cnf,Greedy,8,8,2,18446744073709551615,0.207371632
"splice-1",2,5,affine,Greedy,8,8,2,18446744073709551615,0.092207202
"splice-1",2,5,smart_certified,Greedy,8,8,2,18446744073709551615,0.267982927
"splice-1",2,5,cals,SparseLookahead,16,8,2,18446744073709551615,18.88769158
"splice-1",2,5,cals_compact_explain,SelectiveLookahead,16,4,2,18446744073709551615,6.70860401
"splice-1",2,7,unary,Greedy,8,8,2,18446744073709551615,0.07951445
"splice-1",2,7,horn,Greedy,8,8,2,18446744073709551615,0.082750764
"splice-1",2,7,antihorn,Greedy,8,8,2,18446744073709551615,0.078562696
"splice-1",2,7,square2cnf,Greedy,8,8,2,18446744073709551615,0.32667575
"splice-1",2,7,affine,Greedy,8,8,2,18446744073709551615,0.220907302
"splice-1",2,7,smart_certified,Greedy,8,8,2,18446744073709551615,0.505921978
"splice-1",2,7,cals,SparseLookahead,16,8,2,18446744073709551615,28.26088813
"splice-1",2,7,cals_compact_explain,SelectiveLookahead,16,4,2,18446744073709551615,8.210026457
"splice-1",3,5,unary,Greedy,8,8,2,18446744073709551615,0.042471662
"splice-1",3,5,horn,Greedy,8,8,2,18446744073709551615,0.053024533
"splice-1",3,5,antihorn,Greedy,8,8,2,18446744073709551615,0.0457634
"splice-1",3,5,square2cnf,Greedy,8,8,2,18446744073709551615,0.163256965
"splice-1",3,5,affine,Greedy,8,8,2,18446744073709551615,0.085842769
"splice-1",3,5,smart_certified,Greedy,8,8,2,18446744073709551615,0.279412361
"splice-1",3,5,cals,SparseLookahead,16,8,2,18446744073709551615,20.833802254
"splice-1",3,5,cals_compact_explain,SelectiveLookahead,16,4,2,18446744073709551615,6.908072172
"splice-1",3,7,unary,Greedy,8,8,2,18446744073709551615,0.07798311
"splice-1",3,7,horn,Greedy,8,8,2,18446744073709551615,0.074600374
"splice-1",3,7,antihorn,Greedy,8,8,2,18446744073709551615,0.068287753
"splice-1",3,7,square2cnf,Greedy,8,8,2,18446744073709551615,0.292483945
"splice-1",3,7,affine,Greedy,8,8,2,18446744073709551615,0.209706462
"splice-1",3,7,smart_certified,Greedy,8,8,2,18446744073709551615,0.554966766
"splice-1",3,7,cals,SparseLookahead,16,8,2,18446744073709551615,27.860719168
"splice-1",3,7,cals_compact_explain,SelectiveLookahead,16,4,2,18446744073709551615,8.025712613
"splice-1",4,5,unary,Greedy,8,8,2,18446744073709551615,0.042886179
"splice-1",4,5,horn,Greedy,8,8,2,18446744073709551615,0.051691743
"splice-1",4,5,antihorn,Greedy,8,8,2,18446744073709551615,0.040737686
"splice-1",4,5,square2cnf,Greedy,8,8,2,18446744073709551615,0.197346477
"splice-1",4,5,affine,Greedy,8,8,2,18446744073709551615,0.095317566
"splice-1",4,5,smart_certified,Greedy,8,8,2,18446744073709551615,0.264106672
"splice-1",4,5,cals,SparseLookahead,16,8,2,18446744073709551615,22.677967192
"splice-1",4,5,cals_compact_explain,SelectiveLookahead,16,4,2,18446744073709551615,6.318126798
"splice-1",4,7,unary,Greedy,8,8,2,18446744073709551615,0.069462678
"splice-1",4,7,horn,Greedy,8,8,2,18446744073709551615,0.070540334
"splice-1",4,7,antihorn,Greedy,8,8,2,18446744073709551615,0.060778755
"splice-1",4,7,square2cnf,Greedy,8,8,2,18446744073709551615,0.322059659
"splice-1",4,7,affine,Greedy,8,8,2,18446744073709551615,0.195049875
"splice-1",4,7,smart_certified,Greedy,8,8,2,18446744073709551615,0.470135256
"splice-1",4,7,cals,SparseLookahead,16,8,2,18446744073709551615,28.762912516
"splice-1",4,7,cals_compact_explain,SelectiveLookahead,16,4,2,18446744073709551615,8.325476603
"splice-1",5,5,unary,Greedy,8,8,2,18446744073709551615,0.04183669
"splice-1",5,5,horn,Greedy,8,8,2,18446744073709551615,0.055881865
"splice-1",5,5,antihorn,Greedy,8,8,2,18446744073709551615,0.045800434
"splice-1",5,5,square2cnf,Greedy,8,8,2,18446744073709551615,0.215369523
"splice-1",5,5,affine,Greedy,8,8,2,18446744073709551615,0.089185593
"splice-1",5,5,smart_certified,Greedy,8,8,2,18446744073709551615,0.276149883
"splice-1",5,5,cals,SparseLookahead,16,8,2,18446744073709551615,22.469034573
"splice-1",5,5,cals_compact_explain,SelectiveLookahead,16,4,2,18446744073709551615,6.530679393
"splice-1",5,7,unary,Greedy,8,8,2,18446744073709551615,0.06816383
"splice-1",5,7,horn,Greedy,8,8,2,18446744073709551615,0.074578342
"splice-1",5,7,antihorn,Greedy,8,8,2,18446744073709551615,0.070633808
"splice-1",5,7,square2cnf,Greedy,8,8,2,18446744073709551615,0.375521617
"splice-1",5,7,affine,Greedy,8,8,2,18446744073709551615,0.210462385
"splice-1",5,7,smart_certified,Greedy,8,8,2,18446744073709551615,0.500048767
"splice-1",5,7,cals,SparseLookahead,16,8,2,18446744073709551615,29.852125443
"splice-1",5,7,cals_compact_explain,SelectiveLookahead,16,4,2,18446744073709551615,9.726477697
"splice-1",6,5,unary,Greedy,8,8,2,18446744073709551615,0.039233126
"splice-1",6,5,horn,Greedy,8,8,2,18446744073709551615,0.053391331
"splice-1",6,5,antihorn,Greedy,8,8,2,18446744073709551615,0.044891753
"splice-1",6,5,square2cnf,Greedy,8,8,2,18446744073709551615,0.195342487
"splice-1",6,5,affine,Greedy,8,8,2,18446744073709551615,0.096483366
"splice-1",6,5,smart_certified,Greedy,8,8,2,18446744073709551615,0.269763303
"splice-1",6,5,cals,SparseLookahead,16,8,2,18446744073709551615,22.166145609
"splice-1",6,5,cals_compact_explain,SelectiveLookahead,16,4,2,18446744073709551615,6.545575207
"splice-1",6,7,unary,Greedy,8,8,2,18446744073709551615,0.063632878
"splice-1",6,7,horn,Greedy,8,8,2,18446744073709551615,0.071489781
"splice-1",6,7,antihorn,Greedy,8,8,2,18446744073709551615,0.066192364
"splice-1",6,7,square2cnf,Greedy,8,8,2,18446744073709551615,0.297284603
"splice-1",6,7,affine,Greedy,8,8,2,18446744073709551615,0.227413254
"splice-1",6,7,smart_certified,Greedy,8,8,2,18446744073709551615,0.501866685
"splice-1",6,7,cals,SparseLookahead,16,8,2,18446744073709551615,29.025706505
"splice-1",6,7,cals_compact_explain,SelectiveLookahead,16,4,2,18446744073709551615,8.842194953
"splice-1",7,5,unary,Greedy,8,8,2,18446744073709551615,0.039697504
"splice-1",7,5,horn,Greedy,8,8,2,18446744073709551615,0.050279898
"splice-1",7,5,antihorn,Greedy,8,8,2,18446744073709551615,0.044290406
"splice-1",7,5,square2cnf,Greedy,8,8,2,18446744073709551615,0.170345087
"splice-1",7,5,affine,Greedy,8,8,2,18446744073709551615,0.099178593
"splice-1",7,5,smart_certified,Greedy,8,8,2,18446744073709551615,0.246469487
"splice-1",7,5,cals,SparseLookahead,16,8,2,18446744073709551615,21.743413574
"splice-1",7,5,cals_compact_explain,SelectiveLookahead,16,4,2,18446744073709551615,6.224908079
"splice-1",7,7,unary,Greedy,8,8,2,18446744073709551615,0.080495147
"splice-1",7,7,horn,Greedy,8,8,2,18446744073709551615,0.070472126
"splice-1",7,7,antihorn,Greedy,8,8,2,18446744073709551615,0.065497238
"splice-1",7,7,square2cnf,Greedy,8,8,2,18446744073709551615,0.267634553
"splice-1",7,7,affine,Greedy,8,8,2,18446744073709551615,0.214859068
"splice-1",7,7,smart_certified,Greedy,8,8,2,18446744073709551615,0.487852039
"splice-1",7,7,cals,SparseLookahead,16,8,2,18446744073709551615,26.339291687
"splice-1",7,7,cals_compact_explain,SelectiveLookahead,16,4,2,18446744073709551615,7.701404353
"splice-1",8,5,unary,Greedy,8,8,2,18446744073709551615,0.042919539
"splice-1",8,5,horn,Greedy,8,8,2,18446744073709551615,0.055711018
"splice-1",8,5,antihorn,Greedy,8,8,2,18446744073709551615,0.046113028
"splice-1",8,5,square2cnf,Greedy,8,8,2,18446744073709551615,0.169878178
"splice-1",8,5,affine,Greedy,8,8,2,18446744073709551615,0.091569886
"splice-1",8,5,smart_certified,Greedy,8,8,2,18446744073709551615,0.280207347
"splice-1",8,5,cals,SparseLookahead,16,8,2,18446744073709551615,23.775455661
"splice-1",8,5,cals_compact_explain,SelectiveLookahead,16,4,2,18446744073709551615,6.397475953
"splice-1",8,7,unary,Greedy,8,8,2,18446744073709551615,0.078702404
"splice-1",8,7,horn,Greedy,8,8,2,18446744073709551615,0.080055242
"splice-1",8,7,antihorn,Greedy,8,8,2,18446744073709551615,0.069600601
"splice-1",8,7,square2cnf,Greedy,8,8,2,18446744073709551615,0.285477178
"splice-1",8,7,affine,Greedy,8,8,2,18446744073709551615,0.22400928
"splice-1",8,7,smart_certified,Greedy,8,8,2,18446744073709551615,0.500031317
"splice-1",8,7,cals,SparseLookahead,16,8,2,18446744073709551615,31.463176669
"splice-1",8,7,cals_compact_explain,SelectiveLookahead,16,4,2,18446744073709551615,8.611826601
"splice-1",9,5,unary,Greedy,8,8,2,18446744073709551615,0.043760086
"splice-1",9,5,horn,Greedy,8,8,2,18446744073709551615,0.052803985
"splice-1",9,5,antihorn,Greedy,8,8,2,18446744073709551615,0.046260646
"splice-1",9,5,square2cnf,Greedy,8,8,2,18446744073709551615,0.199008828
"splice-1",9,5,affine,Greedy,8,8,2,18446744073709551615,0.101750435
"splice-1",9,5,smart_certified,Greedy,8,8,2,18446744073709551615,0.270272016
"splice-1",9,5,cals,SparseLookahead,16,8,2,18446744073709551615,25.434722205
"splice-1",9,5,cals_compact_explain,SelectiveLookahead,16,4,2,18446744073709551615,8.055485213
"splice-1",9,7,unary,Greedy,8,8,2,18446744073709551615,0.079789924
"splice-1",9,7,horn,Greedy,8,8,2,18446744073709551615,0.077853024
"splice-1",9,7,antihorn,Greedy,8,8,2,18446744073709551615,0.07987859
"splice-1",9,7,square2cnf,Greedy,8,8,2,18446744073709551615,0.344480878
"splice-1",9,7,affine,Greedy,8,8,2,18446744073709551615,0.228332149
"splice-1",9,7,smart_certified,Greedy,8,8,2,18446744073709551615,0.565493965
"splice-1",9,7,cals,SparseLookahead,16,8,2,18446744073709551615,33.524525028
"splice-1",9,7,cals_compact_explain,SelectiveLookahead,16,4,2,18446744073709551615,10.595399581
"taiwan_binarised",0,5,unary,Greedy,8,8,2,18446744073709551615,0.356215642
"taiwan_binarised",0,5,horn,Greedy,8,8,2,18446744073709551615,0.574900348
"taiwan_binarised",0,5,antihorn,Greedy,8,8,2,18446744073709551615,0.482135192
"taiwan_binarised",0,5,square2cnf,Greedy,8,8,2,18446744073709551615,2.009533334
"taiwan_binarised",0,5,affine,Greedy,8,8,2,18446744073709551615,0.762154168
"taiwan_binarised",0,5,smart_certified,Greedy,8,8,2,18446744073709551615,3.571409141
"taiwan_binarised",0,5,cals,SparseLookahead,16,8,2,18446744073709551615,3.719610613
"taiwan_binarised",0,5,cals_compact_explain,SelectiveLookahead,16,4,2,18446744073709551615,2.191965547
"taiwan_binarised",0,7,unary,Greedy,8,8,2,18446744073709551615,0.678971708
"taiwan_binarised",0,7,horn,Greedy,8,8,2,18446744073709551615,1.0114158070000001
"taiwan_binarised",0,7,antihorn,Greedy,8,8,2,18446744073709551615,1.0871226489999999
"taiwan_binarised",0,7,square2cnf,Greedy,8,8,2,18446744073709551615,10.181243658
"taiwan_binarised",0,7,affine,Greedy,8,8,2,18446744073709551615,2.766731939
"taiwan_binarised",0,7,smart_certified,Greedy,8,8,2,18446744073709551615,11.554937191
"taiwan_binarised",0,7,cals,SparseLookahead,16,8,2,18446744073709551615,6.210607824
"taiwan_binarised",0,7,cals_compact_explain,SelectiveLookahead,16,4,2,18446744073709551615,4.516740018
"taiwan_binarised",1,5,unary,Greedy,8,8,2,18446744073709551615,0.369774403
"taiwan_binarised",1,5,horn,Greedy,8,8,2,18446744073709551615,0.460488251
"taiwan_binarised",1,5,antihorn,Greedy,8,8,2,18446744073709551615,0.537220891
"taiwan_binarised",1,5,square2cnf,Greedy,8,8,2,18446744073709551615,1.940059038
"taiwan_binarised",1,5,affine,Greedy,8,8,2,18446744073709551615,0.740681215
"taiwan_binarised",1,5,smart_certified,Greedy,8,8,2,18446744073709551615,3.835843708
"taiwan_binarised",1,5,cals,SparseLookahead,16,8,2,18446744073709551615,3.612580119
"taiwan_binarised",1,5,cals_compact_explain,SelectiveLookahead,16,4,2,18446744073709551615,1.716880607
"taiwan_binarised",1,7,unary,Greedy,8,8,2,18446744073709551615,0.679947188
"taiwan_binarised",1,7,horn,Greedy,8,8,2,18446744073709551615,1.06474848
"taiwan_binarised",1,7,antihorn,Greedy,8,8,2,18446744073709551615,1.176107379
"taiwan_binarised",1,7,square2cnf,Greedy,8,8,2,18446744073709551615,8.179052238
"taiwan_binarised",1,7,affine,Greedy,8,8,2,18446744073709551615,3.014467034
"taiwan_binarised",1,7,smart_certified,Greedy,8,8,2,18446744073709551615,12.484182235
"taiwan_binarised",1,7,cals,SparseLookahead,16,8,2,18446744073709551615,6.554306362
"taiwan_binarised",1,7,cals_compact_explain,SelectiveLookahead,16,4,2,18446744073709551615,3.615404376
"taiwan_binarised",2,5,unary,Greedy,8,8,2,18446744073709551615,0.328712672
"taiwan_binarised",2,5,horn,Greedy,8,8,2,18446744073709551615,0.462426044
"taiwan_binarised",2,5,antihorn,Greedy,8,8,2,18446744073709551615,0.482068246
"taiwan_binarised",2,5,square2cnf,Greedy,8,8,2,18446744073709551615,1.966098111
"taiwan_binarised",2,5,affine,Greedy,8,8,2,18446744073709551615,0.785260774
"taiwan_binarised",2,5,smart_certified,Greedy,8,8,2,18446744073709551615,3.441356342
"taiwan_binarised",2,5,cals,SparseLookahead,16,8,2,18446744073709551615,4.547232848
"taiwan_binarised",2,5,cals_compact_explain,SelectiveLookahead,16,4,2,18446744073709551615,1.8681929510000002
"taiwan_binarised",2,7,unary,Greedy,8,8,2,18446744073709551615,0.679646638
"taiwan_binarised",2,7,horn,Greedy,8,8,2,18446744073709551615,0.957725018
"taiwan_binarised",2,7,antihorn,Greedy,8,8,2,18446744073709551615,1.092522227
"taiwan_binarised",2,7,square2cnf,Greedy,8,8,2,18446744073709551615,8.548484247
"taiwan_binarised",2,7,affine,Greedy,8,8,2,18446744073709551615,2.818245389
"taiwan_binarised",2,7,smart_certified,Greedy,8,8,2,18446744073709551615,12.354201452
"taiwan_binarised",2,7,cals,SparseLookahead,16,8,2,18446744073709551615,7.004860401
"taiwan_binarised",2,7,cals_compact_explain,SelectiveLookahead,16,4,2,18446744073709551615,3.716113964
"taiwan_binarised",3,5,unary,Greedy,8,8,2,18446744073709551615,0.363076362
"taiwan_binarised",3,5,horn,Greedy,8,8,2,18446744073709551615,0.467771935
"taiwan_binarised",3,5,antihorn,Greedy,8,8,2,18446744073709551615,0.476539227
"taiwan_binarised",3,5,square2cnf,Greedy,8,8,2,18446744073709551615,1.902260379
"taiwan_binarised",3,5,affine,Greedy,8,8,2,18446744073709551615,0.691172942
"taiwan_binarised",3,5,smart_certified,Greedy,8,8,2,18446744073709551615,3.593490269
"taiwan_binarised",3,5,cals,SparseLookahead,16,8,2,18446744073709551615,3.7373148990000002
"taiwan_binarised",3,5,cals_compact_explain,SelectiveLookahead,16,4,2,18446744073709551615,1.81215049
"taiwan_binarised",3,7,unary,Greedy,8,8,2,18446744073709551615,0.65102664
"taiwan_binarised",3,7,horn,Greedy,8,8,2,18446744073709551615,1.037770446
"taiwan_binarised",3,7,antihorn,Greedy,8,8,2,18446744073709551615,1.134966339
"taiwan_binarised",3,7,square2cnf,Greedy,8,8,2,18446744073709551615,7.273972148
"taiwan_binarised",3,7,affine,Greedy,8,8,2,18446744073709551615,2.459996711
"taiwan_binarised",3,7,smart_certified,Greedy,8,8,2,18446744073709551615,12.444658404
"taiwan_binarised",3,7,cals,SparseLookahead,16,8,2,18446744073709551615,6.448814911
"taiwan_binarised",3,7,cals_compact_explain,SelectiveLookahead,16,4,2,18446744073709551615,3.549137432
"taiwan_binarised",4,5,unary,Greedy,8,8,2,18446744073709551615,0.365426797
"taiwan_binarised",4,5,horn,Greedy,8,8,2,18446744073709551615,0.453472694
"taiwan_binarised",4,5,antihorn,Greedy,8,8,2,18446744073709551615,0.492563711
"taiwan_binarised",4,5,square2cnf,Greedy,8,8,2,18446744073709551615,1.916708957
"taiwan_binarised",4,5,affine,Greedy,8,8,2,18446744073709551615,0.724136433
"taiwan_binarised",4,5,smart_certified,Greedy,8,8,2,18446744073709551615,3.89001469
"taiwan_binarised",4,5,cals,SparseLookahead,16,8,2,18446744073709551615,4.716809478
"taiwan_binarised",4,5,cals_compact_explain,SelectiveLookahead,16,4,2,18446744073709551615,2.459381483
"taiwan_binarised",4,7,unary,Greedy,8,8,2,18446744073709551615,0.719155744
"taiwan_binarised",4,7,horn,Greedy,8,8,2,18446744073709551615,0.953505658
"taiwan_binarised",4,7,antihorn,Greedy,8,8,2,18446744073709551615,1.014843432
"taiwan_binarised",4,7,square2cnf,Greedy,8,8,2,18446744073709551615,7.327497482
"taiwan_binarised",4,7,affine,Greedy,8,8,2,18446744073709551615,2.485993246
"taiwan_binarised",4,7,smart_certified,Greedy,8,8,2,18446744073709551615,15.023630994
"taiwan_binarised",4,7,cals,SparseLookahead,16,8,2,18446744073709551615,6.852387977
"taiwan_binarised",4,7,cals_compact_explain,SelectiveLookahead,16,4,2,18446744073709551615,4.240235866
"taiwan_binarised",5,5,unary,Greedy,8,8,2,18446744073709551615,0.342018067
"taiwan_binarised",5,5,horn,Greedy,8,8,2,18446744073709551615,0.469366507
"taiwan_binarised",5,5,antihorn,Greedy,8,8,2,18446744073709551615,0.48050665
"taiwan_binarised",5,5,square2cnf,Greedy,8,8,2,18446744073709551615,1.960030259
"taiwan_binarised",5,5,affine,Greedy,8,8,2,18446744073709551615,0.779197449
"taiwan_binarised",5,5,smart_certified,Greedy,8,8,2,18446744073709551615,3.926604624
"taiwan_binarised",5,5,cals,SparseLookahead,16,8,2,18446744073709551615,5.406493457
"taiwan_binarised",5,5,cals_compact_explain,SelectiveLookahead,16,4,2,18446744073709551615,2.8262468160000003
"taiwan_binarised",5,7,unary,Greedy,8,8,2,18446744073709551615,0.726877278
"taiwan_binarised",5,7,horn,Greedy,8,8,2,18446744073709551615,1.058787854
"taiwan_binarised",5,7,antihorn,Greedy,8,8,2,18446744073709551615,1.106579671
"taiwan_binarised",5,7,square2cnf,Greedy,8,8,2,18446744073709551615,7.959849925
"taiwan_binarised",5,7,affine,Greedy,8,8,2,18446744073709551615,2.769447044
"taiwan_binarised",5,7,smart_certified,Greedy,8,8,2,18446744073709551615,13.459594821
"taiwan_binarised",5,7,cals,SparseLookahead,16,8,2,18446744073709551615,8.61319641
"taiwan_binarised",5,7,cals_compact_explain,SelectiveLookahead,16,4,2,18446744073709551615,5.069585928
"taiwan_binarised",6,5,unary,Greedy,8,8,2,18446744073709551615,0.334530646
"taiwan_binarised",6,5,horn,Greedy,8,8,2,18446744073709551615,0.456050401
"taiwan_binarised",6,5,antihorn,Greedy,8,8,2,18446744073709551615,0.486727331
"taiwan_binarised",6,5,square2cnf,Greedy,8,8,2,18446744073709551615,1.86896359
"taiwan_binarised",6,5,affine,Greedy,8,8,2,18446744073709551615,0.770826776
"taiwan_binarised",6,5,smart_certified,Greedy,8,8,2,18446744073709551615,3.636105195
"taiwan_binarised",6,5,cals,SparseLookahead,16,8,2,18446744073709551615,3.660009874
"taiwan_binarised",6,5,cals_compact_explain,SelectiveLookahead,16,4,2,18446744073709551615,2.081976907
"taiwan_binarised",6,7,unary,Greedy,8,8,2,18446744073709551615,0.677276117
"taiwan_binarised",6,7,horn,Greedy,8,8,2,18446744073709551615,0.991596766
"taiwan_binarised",6,7,antihorn,Greedy,8,8,2,18446744073709551615,1.092737592
"taiwan_binarised",6,7,square2cnf,Greedy,8,8,2,18446744073709551615,7.399812883
"taiwan_binarised",6,7,affine,Greedy,8,8,2,18446744073709551615,2.743412562
"taiwan_binarised",6,7,smart_certified,Greedy,8,8,2,18446744073709551615,11.962283789
"taiwan_binarised",6,7,cals,SparseLookahead,16,8,2,18446744073709551615,6.104054905
"taiwan_binarised",6,7,cals_compact_explain,SelectiveLookahead,16,4,2,18446744073709551615,4.122955344
"taiwan_binarised",7,5,unary,Greedy,8,8,2,18446744073709551615,0.359844291
"taiwan_binarised",7,5,horn,Greedy,8,8,2,18446744073709551615,0.453722959
"taiwan_binarised",7,5,antihorn,Greedy,8,8,2,18446744073709551615,0.498459838
"taiwan_binarised",7,5,square2cnf,Greedy,8,8,2,18446744073709551615,1.974022566
"taiwan_binarised",7,5,affine,Greedy,8,8,2,18446744073709551615,0.864562349
"taiwan_binarised",7,5,smart_certified,Greedy,8,8,2,18446744073709551615,3.958470865
"taiwan_binarised",7,5,cals,SparseLookahead,16,8,2,18446744073709551615,6.426338631
"taiwan_binarised",7,5,cals_compact_explain,SelectiveLookahead,16,4,2,18446744073709551615,3.095229318
"taiwan_binarised",7,7,unary,Greedy,8,8,2,18446744073709551615,0.727757816
"taiwan_binarised",7,7,horn,Greedy,8,8,2,18446744073709551615,0.938075797
"taiwan_binarised",7,7,antihorn,Greedy,8,8,2,18446744073709551615,1.104673343
"taiwan_binarised",7,7,square2cnf,Greedy,8,8,2,18446744073709551615,8.736187257
"taiwan_binarised",7,7,affine,Greedy,8,8,2,18446744073709551615,2.935762799
"taiwan_binarised",7,7,smart_certified,Greedy,8,8,2,18446744073709551615,13.690451651
"taiwan_binarised",7,7,cals,SparseLookahead,16,8,2,18446744073709551615,8.979525108
"taiwan_binarised",7,7,cals_compact_explain,SelectiveLookahead,16,4,2,18446744073709551615,5.16514355
"taiwan_binarised",8,5,unary,Greedy,8,8,2,18446744073709551615,0.356298082
"taiwan_binarised",8,5,horn,Greedy,8,8,2,18446744073709551615,0.454444967
"taiwan_binarised",8,5,antihorn,Greedy,8,8,2,18446744073709551615,0.49583898
"taiwan_binarised",8,5,square2cnf,Greedy,8,8,2,18446744073709551615,2.010199064
"taiwan_binarised",8,5,affine,Greedy,8,8,2,18446744073709551615,0.698039207
"taiwan_binarised",8,5,smart_certified,Greedy,8,8,2,18446744073709551615,3.670175742
"taiwan_binarised",8,5,cals,SparseLookahead,16,8,2,18446744073709551615,4.224921449
"taiwan_binarised",8,5,cals_compact_explain,SelectiveLookahead,16,4,2,18446744073709551615,3.1264938
"taiwan_binarised",8,7,unary,Greedy,8,8,2,18446744073709551615,0.708673097
"taiwan_binarised",8,7,horn,Greedy,8,8,2,18446744073709551615,1.068448231
"taiwan_binarised",8,7,antihorn,Greedy,8,8,2,18446744073709551615,1.140476674
"taiwan_binarised",8,7,square2cnf,Greedy,8,8,2,18446744073709551615,7.482984534
"taiwan_binarised",8,7,affine,Greedy,8,8,2,18446744073709551615,2.26648681
"taiwan_binarised",8,7,smart_certified,Greedy,8,8,2,18446744073709551615,12.831137455
"taiwan_binarised",8,7,cals,SparseLookahead,16,8,2,18446744073709551615,6.698926793
"taiwan_binarised",8,7,cals_compact_explain,SelectiveLookahead,16,4,2,18446744073709551615,5.166573068
"taiwan_binarised",9,5,unary,Greedy,8,8,2,18446744073709551615,0.354714941
"taiwan_binarised",9,5,horn,Greedy,8,8,2,18446744073709551615,0.473364613
"taiwan_binarised",9,5,antihorn,Greedy,8,8,2,18446744073709551615,0.480137584
"taiwan_binarised",9,5,square2cnf,Greedy,8,8,2,18446744073709551615,1.853974908
"taiwan_binarised",9,5,affine,Greedy,8,8,2,18446744073709551615,0.802731913
"taiwan_binarised",9,5,smart_certified,Greedy,8,8,2,18446744073709551615,3.56213762
"taiwan_binarised",9,5,cals,SparseLookahead,16,8,2,18446744073709551615,3.788913047
"taiwan_binarised",9,5,cals_compact_explain,SelectiveLookahead,16,4,2,18446744073709551615,2.138870765
"taiwan_binarised",9,7,unary,Greedy,8,8,2,18446744073709551615,0.702943022
"taiwan_binarised",9,7,horn,Greedy,8,8,2,18446744073709551615,0.969490049
"taiwan_binarised",9,7,antihorn,Greedy,8,8,2,18446744073709551615,1.174597764
"taiwan_binarised",9,7,square2cnf,Greedy,8,8,2,18446744073709551615,7.266571852
"taiwan_binarised",9,7,affine,Greedy,8,8,2,18446744073709551615,3.210063203
"taiwan_binarised",9,7,smart_certified,Greedy,8,8,2,18446744073709551615,12.541039693
"taiwan_binarised",9,7,cals,SparseLookahead,16,8,2,18446744073709551615,10.152121415
"taiwan_binarised",9,7,cals_compact_explain,SelectiveLookahead,16,4,2,18446744073709551615,7.010764537
"tic-tac-toe",0,5,unary,Greedy,8,8,2,18446744073709551615,0.004576296
"tic-tac-toe",0,5,horn,Greedy,8,8,2,18446744073709551615,0.006772573
"tic-tac-toe",0,5,antihorn,Greedy,8,8,2,18446744073709551615,0.007382472
"tic-tac-toe",0,5,square2cnf,Greedy,8,8,2,18446744073709551615,0.09808599
"tic-tac-toe",0,5,affine,Greedy,8,8,2,18446744073709551615,0.053109916
"tic-tac-toe",0,5,smart_certified,Greedy,8,8,2,18446744073709551615,0.066022667
"tic-tac-toe",0,5,cals,SparseLookahead,16,8,2,18446744073709551615,28.293639194
"tic-tac-toe",0,5,cals_compact_explain,SelectiveLookahead,16,4,2,18446744073709551615,6.619568454
"tic-tac-toe",0,7,unary,Greedy,8,8,2,18446744073709551615,0.005398021
"tic-tac-toe",0,7,horn,Greedy,8,8,2,18446744073709551615,0.009467892
"tic-tac-toe",0,7,antihorn,Greedy,8,8,2,18446744073709551615,0.009462022
"tic-tac-toe",0,7,square2cnf,Greedy,8,8,2,18446744073709551615,0.194015246
"tic-tac-toe",0,7,affine,Greedy,8,8,2,18446744073709551615,0.087175615
"tic-tac-toe",0,7,smart_certified,Greedy,8,8,2,18446744073709551615,0.1124038
"tic-tac-toe",0,7,cals,SparseLookahead,16,8,2,18446744073709551615,40.578346666
"tic-tac-toe",0,7,cals_compact_explain,SelectiveLookahead,16,4,2,18446744073709551615,10.474008524
"tic-tac-toe",1,5,unary,Greedy,8,8,2,18446744073709551615,0.004112971
"tic-tac-toe",1,5,horn,Greedy,8,8,2,18446744073709551615,0.006309148
"tic-tac-toe",1,5,antihorn,Greedy,8,8,2,18446744073709551615,0.005339803
"tic-tac-toe",1,5,square2cnf,Greedy,8,8,2,18446744073709551615,0.094142707
"tic-tac-toe",1,5,affine,Greedy,8,8,2,18446744073709551615,0.052135827
"tic-tac-toe",1,5,smart_certified,Greedy,8,8,2,18446744073709551615,0.065625432
"tic-tac-toe",1,5,cals,SparseLookahead,16,8,2,18446744073709551615,27.388836463
"tic-tac-toe",1,5,cals_compact_explain,SelectiveLookahead,16,4,2,18446744073709551615,4.937873107
"tic-tac-toe",1,7,unary,Greedy,8,8,2,18446744073709551615,0.003016238
"tic-tac-toe",1,7,horn,Greedy,8,8,2,18446744073709551615,0.006007263
"tic-tac-toe",1,7,antihorn,Greedy,8,8,2,18446744073709551615,0.006709901
"tic-tac-toe",1,7,square2cnf,Greedy,8,8,2,18446744073709551615,0.119969686
"tic-tac-toe",1,7,affine,Greedy,8,8,2,18446744073709551615,0.062251496
"tic-tac-toe",1,7,smart_certified,Greedy,8,8,2,18446744073709551615,0.095331228
"tic-tac-toe",1,7,cals,SparseLookahead,16,8,2,18446744073709551615,27.83881328
"tic-tac-toe",1,7,cals_compact_explain,SelectiveLookahead,16,4,2,18446744073709551615,6.533654719
"tic-tac-toe",2,5,unary,Greedy,8,8,2,18446744073709551615,0.002115004
"tic-tac-toe",2,5,horn,Greedy,8,8,2,18446744073709551615,0.003988418
"tic-tac-toe",2,5,antihorn,Greedy,8,8,2,18446744073709551615,0.003432212
"tic-tac-toe",2,5,square2cnf,Greedy,8,8,2,18446744073709551615,0.063114022
"tic-tac-toe",2,5,affine,Greedy,8,8,2,18446744073709551615,0.030746464
"tic-tac-toe",2,5,smart_certified,Greedy,8,8,2,18446744073709551615,0.021239345
"tic-tac-toe",2,5,cals,SparseLookahead,16,8,2,18446744073709551615,19.540038371
"tic-tac-toe",2,5,cals_compact_explain,SelectiveLookahead,16,4,2,18446744073709551615,5.362490686
"tic-tac-toe",2,7,unary,Greedy,8,8,2,18446744073709551615,0.003068449
"tic-tac-toe",2,7,horn,Greedy,8,8,2,18446744073709551615,0.006323726
"tic-tac-toe",2,7,antihorn,Greedy,8,8,2,18446744073709551615,0.007388691
"tic-tac-toe",2,7,square2cnf,Greedy,8,8,2,18446744073709551615,0.118591384
"tic-tac-toe",2,7,affine,Greedy,8,8,2,18446744073709551615,0.054972862
"tic-tac-toe",2,7,smart_certified,Greedy,8,8,2,18446744073709551615,0.025970208
"tic-tac-toe",2,7,cals,SparseLookahead,16,8,2,18446744073709551615,25.902522924
"tic-tac-toe",2,7,cals_compact_explain,SelectiveLookahead,16,4,2,18446744073709551615,6.9460384170000005
"tic-tac-toe",3,5,unary,Greedy,8,8,2,18446744073709551615,0.0018435
"tic-tac-toe",3,5,horn,Greedy,8,8,2,18446744073709551615,0.004947465
"tic-tac-toe",3,5,antihorn,Greedy,8,8,2,18446744073709551615,0.005037842
"tic-tac-toe",3,5,square2cnf,Greedy,8,8,2,18446744073709551615,0.063265996
"tic-tac-toe",3,5,affine,Greedy,8,8,2,18446744073709551615,0.032572899
"tic-tac-toe",3,5,smart_certified,Greedy,8,8,2,18446744073709551615,0.055264124
"tic-tac-toe",3,5,cals,SparseLookahead,16,8,2,18446744073709551615,21.893715828
"tic-tac-toe",3,5,cals_compact_explain,SelectiveLookahead,16,4,2,18446744073709551615,5.678612061
"tic-tac-toe",3,7,unary,Greedy,8,8,2,18446744073709551615,0.0031386
"tic-tac-toe",3,7,horn,Greedy,8,8,2,18446744073709551615,0.008563473
"tic-tac-toe",3,7,antihorn,Greedy,8,8,2,18446744073709551615,0.009017693
"tic-tac-toe",3,7,square2cnf,Greedy,8,8,2,18446744073709551615,0.140026165
"tic-tac-toe",3,7,affine,Greedy,8,8,2,18446744073709551615,0.054281536
"tic-tac-toe",3,7,smart_certified,Greedy,8,8,2,18446744073709551615,0.09511064
"tic-tac-toe",3,7,cals,SparseLookahead,16,8,2,18446744073709551615,29.387334136
"tic-tac-toe",3,7,cals_compact_explain,SelectiveLookahead,16,4,2,18446744073709551615,7.477382025
"tic-tac-toe",4,5,unary,Greedy,8,8,2,18446744073709551615,0.001887685
"tic-tac-toe",4,5,horn,Greedy,8,8,2,18446744073709551615,0.004091815
"tic-tac-toe",4,5,antihorn,Greedy,8,8,2,18446744073709551615,0.003435943
"tic-tac-toe",4,5,square2cnf,Greedy,8,8,2,18446744073709551615,0.057862955
"tic-tac-toe",4,5,affine,Greedy,8,8,2,18446744073709551615,0.028620305
"tic-tac-toe",4,5,smart_certified,Greedy,8,8,2,18446744073709551615,0.044401719
"tic-tac-toe",4,5,cals,SparseLookahead,16,8,2,18446744073709551615,21.011218327
"tic-tac-toe",4,5,cals_compact_explain,SelectiveLookahead,16,4,2,18446744073709551615,2.9904390899999997
"tic-tac-toe",4,7,unary,Greedy,8,8,2,18446744073709551615,0.003096987
"tic-tac-toe",4,7,horn,Greedy,8,8,2,18446744073709551615,0.006315439
"tic-tac-toe",4,7,antihorn,Greedy,8,8,2,18446744073709551615,0.007341822
"tic-tac-toe",4,7,square2cnf,Greedy,8,8,2,18446744073709551615,0.095619372
"tic-tac-toe",4,7,affine,Greedy,8,8,2,18446744073709551615,0.055462224
"tic-tac-toe",4,7,smart_certified,Greedy,8,8,2,18446744073709551615,0.083084868
"tic-tac-toe",4,7,cals,SparseLookahead,16,8,2,18446744073709551615,27.05561645
"tic-tac-toe",4,7,cals_compact_explain,SelectiveLookahead,16,4,2,18446744073709551615,5.331782732
"tic-tac-toe",5,5,unary,Greedy,8,8,2,18446744073709551615,0.001951907
"tic-tac-toe",5,5,horn,Greedy,8,8,2,18446744073709551615,0.003688768
"tic-tac-toe",5,5,antihorn,Greedy,8,8,2,18446744073709551615,0.004820234
"tic-tac-toe",5,5,square2cnf,Greedy,8,8,2,18446744073709551615,0.059638766
"tic-tac-toe",5,5,affine,Greedy,8,8,2,18446744073709551615,0.032943752
"tic-tac-toe",5,5,smart_certified,Greedy,8,8,2,18446744073709551615,0.039957913
"tic-tac-toe",5,5,cals,SparseLookahead,16,8,2,18446744073709551615,18.827069947
"tic-tac-toe",5,5,cals_compact_explain,SelectiveLookahead,16,4,2,18446744073709551615,4.733757278
"tic-tac-toe",5,7,unary,Greedy,8,8,2,18446744073709551615,0.002920945
"tic-tac-toe",5,7,horn,Greedy,8,8,2,18446744073709551615,0.005741547
"tic-tac-toe",5,7,antihorn,Greedy,8,8,2,18446744073709551615,0.007048219
"tic-tac-toe",5,7,square2cnf,Greedy,8,8,2,18446744073709551615,0.122133613
"tic-tac-toe",5,7,affine,Greedy,8,8,2,18446744073709551615,0.071355669
"tic-tac-toe",5,7,smart_certified,Greedy,8,8,2,18446744073709551615,0.075387622
"tic-tac-toe",5,7,cals,SparseLookahead,16,8,2,18446744073709551615,21.871618149
"tic-tac-toe",5,7,cals_compact_explain,SelectiveLookahead,16,4,2,18446744073709551615,6.470714387
"tic-tac-toe",6,5,unary,Greedy,8,8,2,18446744073709551615,0.002020563
"tic-tac-toe",6,5,horn,Greedy,8,8,2,18446744073709551615,0.006029004
"tic-tac-toe",6,5,antihorn,Greedy,8,8,2,18446744073709551615,0.004549571
"tic-tac-toe",6,5,square2cnf,Greedy,8,8,2,18446744073709551615,0.070795214
"tic-tac-toe",6,5,affine,Greedy,8,8,2,18446744073709551615,0.03163594
"tic-tac-toe",6,5,smart_certified,Greedy,8,8,2,18446744073709551615,0.039541576
"tic-tac-toe",6,5,cals,SparseLookahead,16,8,2,18446744073709551615,21.412327078
"tic-tac-toe",6,5,cals_compact_explain,SelectiveLookahead,16,4,2,18446744073709551615,5.423827885
"tic-tac-toe",6,7,unary,Greedy,8,8,2,18446744073709551615,0.00294471
"tic-tac-toe",6,7,horn,Greedy,8,8,2,18446744073709551615,0.008210247
"tic-tac-toe",6,7,antihorn,Greedy,8,8,2,18446744073709551615,0.00709632
"tic-tac-toe",6,7,square2cnf,Greedy,8,8,2,18446744073709551615,0.135526961
"tic-tac-toe",6,7,affine,Greedy,8,8,2,18446744073709551615,0.064592317
"tic-tac-toe",6,7,smart_certified,Greedy,8,8,2,18446744073709551615,0.069770796
"tic-tac-toe",6,7,cals,SparseLookahead,16,8,2,18446744073709551615,29.903809442
"tic-tac-toe",6,7,cals_compact_explain,SelectiveLookahead,16,4,2,18446744073709551615,8.265039509
"tic-tac-toe",7,5,unary,Greedy,8,8,2,18446744073709551615,0.001876626
"tic-tac-toe",7,5,horn,Greedy,8,8,2,18446744073709551615,0.004095538
"tic-tac-toe",7,5,antihorn,Greedy,8,8,2,18446744073709551615,0.004590805
"tic-tac-toe",7,5,square2cnf,Greedy,8,8,2,18446744073709551615,0.052522792
"tic-tac-toe",7,5,affine,Greedy,8,8,2,18446744073709551615,0.03267209
"tic-tac-toe",7,5,smart_certified,Greedy,8,8,2,18446744073709551615,0.041514983
"tic-tac-toe",7,5,cals,SparseLookahead,16,8,2,18446744073709551615,14.191130691
"tic-tac-toe",7,5,cals_compact_explain,SelectiveLookahead,16,4,2,18446744073709551615,3.431923832
"tic-tac-toe",7,7,unary,Greedy,8,8,2,18446744073709551615,0.003259339
"tic-tac-toe",7,7,horn,Greedy,8,8,2,18446744073709551615,0.006770167
"tic-tac-toe",7,7,antihorn,Greedy,8,8,2,18446744073709551615,0.007600495
"tic-tac-toe",7,7,square2cnf,Greedy,8,8,2,18446744073709551615,0.109828898
"tic-tac-toe",7,7,affine,Greedy,8,8,2,18446744073709551615,0.061209098
"tic-tac-toe",7,7,smart_certified,Greedy,8,8,2,18446744073709551615,0.082730991
"tic-tac-toe",7,7,cals,SparseLookahead,16,8,2,18446744073709551615,19.705993966
"tic-tac-toe",7,7,cals_compact_explain,SelectiveLookahead,16,4,2,18446744073709551615,4.629366699
"tic-tac-toe",8,5,unary,Greedy,8,8,2,18446744073709551615,0.001870331
"tic-tac-toe",8,5,horn,Greedy,8,8,2,18446744073709551615,0.005539185
"tic-tac-toe",8,5,antihorn,Greedy,8,8,2,18446744073709551615,0.004323659
"tic-tac-toe",8,5,square2cnf,Greedy,8,8,2,18446744073709551615,0.053700685
"tic-tac-toe",8,5,affine,Greedy,8,8,2,18446744073709551615,0.034955182
"tic-tac-toe",8,5,smart_certified,Greedy,8,8,2,18446744073709551615,0.057708898
"tic-tac-toe",8,5,cals,SparseLookahead,16,8,2,18446744073709551615,21.748169306
"tic-tac-toe",8,5,cals_compact_explain,SelectiveLookahead,16,4,2,18446744073709551615,5.028551657
"tic-tac-toe",8,7,unary,Greedy,8,8,2,18446744073709551615,0.003072037
"tic-tac-toe",8,7,horn,Greedy,8,8,2,18446744073709551615,0.008465784
"tic-tac-toe",8,7,antihorn,Greedy,8,8,2,18446744073709551615,0.008163006
"tic-tac-toe",8,7,square2cnf,Greedy,8,8,2,18446744073709551615,0.098309765
"tic-tac-toe",8,7,affine,Greedy,8,8,2,18446744073709551615,0.055273144
"tic-tac-toe",8,7,smart_certified,Greedy,8,8,2,18446744073709551615,0.095000678
"tic-tac-toe",8,7,cals,SparseLookahead,16,8,2,18446744073709551615,30.60110071
"tic-tac-toe",8,7,cals_compact_explain,SelectiveLookahead,16,4,2,18446744073709551615,6.790002285
"tic-tac-toe",9,5,unary,Greedy,8,8,2,18446744073709551615,0.001913176
"tic-tac-toe",9,5,horn,Greedy,8,8,2,18446744073709551615,0.004024282
"tic-tac-toe",9,5,antihorn,Greedy,8,8,2,18446744073709551615,0.005235931
"tic-tac-toe",9,5,square2cnf,Greedy,8,8,2,18446744073709551615,0.085885608
"tic-tac-toe",9,5,affine,Greedy,8,8,2,18446744073709551615,0.032695448
"tic-tac-toe",9,5,smart_certified,Greedy,8,8,2,18446744073709551615,0.032883142
"tic-tac-toe",9,5,cals,SparseLookahead,16,8,2,18446744073709551615,16.288540085
"tic-tac-toe",9,5,cals_compact_explain,SelectiveLookahead,16,4,2,18446744073709551615,3.456885784
"tic-tac-toe",9,7,unary,Greedy,8,8,2,18446744073709551615,0.003310399
"tic-tac-toe",9,7,horn,Greedy,8,8,2,18446744073709551615,0.006045482
"tic-tac-toe",9,7,antihorn,Greedy,8,8,2,18446744073709551615,0.008462575
"tic-tac-toe",9,7,square2cnf,Greedy,8,8,2,18446744073709551615,0.177443942
"tic-tac-toe",9,7,affine,Greedy,8,8,2,18446744073709551615,0.057774633
"tic-tac-toe",9,7,smart_certified,Greedy,8,8,2,18446744073709551615,0.04885885
"tic-tac-toe",9,7,cals,SparseLookahead,16,8,2,18446744073709551615,22.630739832
"tic-tac-toe",9,7,cals_compact_explain,SelectiveLookahead,16,4,2,18446744073709551615,5.268123834
"titanic-un",0,5,unary,Greedy,8,8,2,18446744073709551615,0.018959228
"titanic-un",0,5,horn,Greedy,8,8,2,18446744073709551615,0.022918377
"titanic-un",0,5,antihorn,Greedy,8,8,2,18446744073709551615,0.02263098
"titanic-un",0,5,square2cnf,Greedy,8,8,2,18446744073709551615,0.066248115
"titanic-un",0,5,affine,Greedy,8,8,2,18446744073709551615,0.02702467
"titanic-un",0,5,smart_certified,Greedy,8,8,2,18446744073709551615,0.141581134
"titanic-un",0,5,cals,SparseLookahead,16,8,2,18446744073709551615,1.2019282900000001
"titanic-un",0,5,cals_compact_explain,SelectiveLookahead,16,4,2,18446744073709551615,0.144003284
"titanic-un",0,7,unary,Greedy,8,8,2,18446744073709551615,0.027931066
"titanic-un",0,7,horn,Greedy,8,8,2,18446744073709551615,0.033839725
"titanic-un",0,7,antihorn,Greedy,8,8,2,18446744073709551615,0.03155508
"titanic-un",0,7,square2cnf,Greedy,8,8,2,18446744073709551615,0.110456865
"titanic-un",0,7,affine,Greedy,8,8,2,18446744073709551615,0.049523694
"titanic-un",0,7,smart_certified,Greedy,8,8,2,18446744073709551615,0.272640691
"titanic-un",0,7,cals,SparseLookahead,16,8,2,18446744073709551615,1.4090131750000001
"titanic-un",0,7,cals_compact_explain,SelectiveLookahead,16,4,2,18446744073709551615,0.194369667
"titanic-un",1,5,unary,Greedy,8,8,2,18446744073709551615,0.019012295
"titanic-un",1,5,horn,Greedy,8,8,2,18446744073709551615,0.020365215
"titanic-un",1,5,antihorn,Greedy,8,8,2,18446744073709551615,0.01982387
"titanic-un",1,5,square2cnf,Greedy,8,8,2,18446744073709551615,0.05531742
"titanic-un",1,5,affine,Greedy,8,8,2,18446744073709551615,0.01892794
"titanic-un",1,5,smart_certified,Greedy,8,8,2,18446744073709551615,0.135721812
"titanic-un",1,5,cals,SparseLookahead,16,8,2,18446744073709551615,2.684113619
"titanic-un",1,5,cals_compact_explain,SelectiveLookahead,16,4,2,18446744073709551615,0.297964967
"titanic-un",1,7,unary,Greedy,8,8,2,18446744073709551615,0.026232812
"titanic-un",1,7,horn,Greedy,8,8,2,18446744073709551615,0.028575883
"titanic-un",1,7,antihorn,Greedy,8,8,2,18446744073709551615,0.027273756
"titanic-un",1,7,square2cnf,Greedy,8,8,2,18446744073709551615,0.085148873
"titanic-un",1,7,affine,Greedy,8,8,2,18446744073709551615,0.036133867
"titanic-un",1,7,smart_certified,Greedy,8,8,2,18446744073709551615,0.20558643
"titanic-un",1,7,cals,SparseLookahead,16,8,2,18446744073709551615,2.635066255
"titanic-un",1,7,cals_compact_explain,SelectiveLookahead,16,4,2,18446744073709551615,0.383702486
"titanic-un",2,5,unary,Greedy,8,8,2,18446744073709551615,0.021178428
"titanic-un",2,5,horn,Greedy,8,8,2,18446744073709551615,0.022091333
"titanic-un",2,5,antihorn,Greedy,8,8,2,18446744073709551615,0.022041545
"titanic-un",2,5,square2cnf,Greedy,8,8,2,18446744073709551615,0.063152106
"titanic-un",2,5,affine,Greedy,8,8,2,18446744073709551615,0.032129355
"titanic-un",2,5,smart_certified,Greedy,8,8,2,18446744073709551615,0.14298416
"titanic-un",2,5,cals,SparseLookahead,16,8,2,18446744073709551615,16.877079968
"titanic-un",2,5,cals_compact_explain,SelectiveLookahead,16,4,2,18446744073709551615,4.163812997
"titanic-un",2,7,unary,Greedy,8,8,2,18446744073709551615,0.031597044
"titanic-un",2,7,horn,Greedy,8,8,2,18446744073709551615,0.032418767
"titanic-un",2,7,antihorn,Greedy,8,8,2,18446744073709551615,0.030933063
"titanic-un",2,7,square2cnf,Greedy,8,8,2,18446744073709551615,0.108832556
"titanic-un",2,7,affine,Greedy,8,8,2,18446744073709551615,0.053645066
"titanic-un",2,7,smart_certified,Greedy,8,8,2,18446744073709551615,0.216997028
"titanic-un",2,7,cals,SparseLookahead,16,8,2,18446744073709551615,29.603506767
"titanic-un",2,7,cals_compact_explain,SelectiveLookahead,16,4,2,18446744073709551615,7.527508603
"titanic-un",3,5,unary,Greedy,8,8,2,18446744073709551615,0.020203129
"titanic-un",3,5,horn,Greedy,8,8,2,18446744073709551615,0.021176101
"titanic-un",3,5,antihorn,Greedy,8,8,2,18446744073709551615,0.020523362
"titanic-un",3,5,square2cnf,Greedy,8,8,2,18446744073709551615,0.055636036
"titanic-un",3,5,affine,Greedy,8,8,2,18446744073709551615,0.022259661
"titanic-un",3,5,smart_certified,Greedy,8,8,2,18446744073709551615,0.131110378
"titanic-un",3,5,cals,SparseLookahead,16,8,2,18446744073709551615,7.421507769
"titanic-un",3,5,cals_compact_explain,SelectiveLookahead,16,4,2,18446744073709551615,3.090537028
"titanic-un",3,7,unary,Greedy,8,8,2,18446744073709551615,0.03380378
"titanic-un",3,7,horn,Greedy,8,8,2,18446744073709551615,0.032674982
"titanic-un",3,7,antihorn,Greedy,8,8,2,18446744073709551615,0.031870716
"titanic-un",3,7,square2cnf,Greedy,8,8,2,18446744073709551615,0.101296589
"titanic-un",3,7,affine,Greedy,8,8,2,18446744073709551615,0.02931169
"titanic-un",3,7,smart_certified,Greedy,8,8,2,18446744073709551615,0.208794766
"titanic-un",3,7,cals,SparseLookahead,16,8,2,18446744073709551615,13.856842714
"titanic-un",3,7,cals_compact_explain,SelectiveLookahead,16,4,2,18446744073709551615,4.156299571
"titanic-un",4,5,unary,Greedy,8,8,2,18446744073709551615,0.015162195
"titanic-un",4,5,horn,Greedy,8,8,2,18446744073709551615,0.020467478
"titanic-un",4,5,antihorn,Greedy,8,8,2,18446744073709551615,0.019485741
"titanic-un",4,5,square2cnf,Greedy,8,8,2,18446744073709551615,0.045174851
"titanic-un",4,5,affine,Greedy,8,8,2,18446744073709551615,0.016612031
"titanic-un",4,5,smart_certified,Greedy,8,8,2,18446744073709551615,0.102346221
"titanic-un",4,5,cals,SparseLookahead,16,8,2,18446744073709551615,0.637266581
"titanic-un",4,5,cals_compact_explain,SelectiveLookahead,16,4,2,18446744073709551615,0.132019702
"titanic-un",4,7,unary,Greedy,8,8,2,18446744073709551615,0.024235532
"titanic-un",4,7,horn,Greedy,8,8,2,18446744073709551615,0.029235979
"titanic-un",4,7,antihorn,Greedy,8,8,2,18446744073709551615,0.024636187
"titanic-un",4,7,square2cnf,Greedy,8,8,2,18446744073709551615,0.084201927
"titanic-un",4,7,affine,Greedy,8,8,2,18446744073709551615,0.029679395
"titanic-un",4,7,smart_certified,Greedy,8,8,2,18446744073709551615,0.175662026
"titanic-un",4,7,cals,SparseLookahead,16,8,2,18446744073709551615,0.765082972
"titanic-un",4,7,cals_compact_explain,SelectiveLookahead,16,4,2,18446744073709551615,0.153125193
"titanic-un",5,5,unary,Greedy,8,8,2,18446744073709551615,0.023956007
"titanic-un",5,5,horn,Greedy,8,8,2,18446744073709551615,0.022423295
"titanic-un",5,5,antihorn,Greedy,8,8,2,18446744073709551615,0.021923725
"titanic-un",5,5,square2cnf,Greedy,8,8,2,18446744073709551615,0.060457735
"titanic-un",5,5,affine,Greedy,8,8,2,18446744073709551615,0.022421003
"titanic-un",5,5,smart_certified,Greedy,8,8,2,18446744073709551615,0.165642985
"titanic-un",5,5,cals,SparseLookahead,16,8,2,18446744073709551615,0.460821105
"titanic-un",5,5,cals_compact_explain,SelectiveLookahead,16,4,2,18446744073709551615,0.227715361
"titanic-un",5,7,unary,Greedy,8,8,2,18446744073709551615,0.039185251
"titanic-un",5,7,horn,Greedy,8,8,2,18446744073709551615,0.036448703
"titanic-un",5,7,antihorn,Greedy,8,8,2,18446744073709551615,0.034129252
"titanic-un",5,7,square2cnf,Greedy,8,8,2,18446744073709551615,0.115085418
"titanic-un",5,7,affine,Greedy,8,8,2,18446744073709551615,0.040065251
"titanic-un",5,7,smart_certified,Greedy,8,8,2,18446744073709551615,0.339664705
"titanic-un",5,7,cals,SparseLookahead,16,8,2,18446744073709551615,0.556420362
"titanic-un",5,7,cals_compact_explain,SelectiveLookahead,16,4,2,18446744073709551615,0.287013667
"titanic-un",6,5,unary,Greedy,8,8,2,18446744073709551615,0.021213771
"titanic-un",6,5,horn,Greedy,8,8,2,18446744073709551615,0.02510636
"titanic-un",6,5,antihorn,Greedy,8,8,2,18446744073709551615,0.023140534
"titanic-un",6,5,square2cnf,Greedy,8,8,2,18446744073709551615,0.059549574
"titanic-un",6,5,affine,Greedy,8,8,2,18446744073709551615,0.029898394
"titanic-un",6,5,smart_certified,Greedy,8,8,2,18446744073709551615,0.15164214
"titanic-un",6,5,cals,SparseLookahead,16,8,2,18446744073709551615,13.125631102
"titanic-un",6,5,cals_compact_explain,SelectiveLookahead,16,4,2,18446744073709551615,3.804002929
"titanic-un",6,7,unary,Greedy,8,8,2,18446744073709551615,0.034210093
"titanic-un",6,7,horn,Greedy,8,8,2,18446744073709551615,0.034407497
"titanic-un",6,7,antihorn,Greedy,8,8,2,18446744073709551615,0.031064556
"titanic-un",6,7,square2cnf,Greedy,8,8,2,18446744073709551615,0.114574836
"titanic-un",6,7,affine,Greedy,8,8,2,18446744073709551615,0.043002206
"titanic-un",6,7,smart_certified,Greedy,8,8,2,18446744073709551615,0.370400219
"titanic-un",6,7,cals,SparseLookahead,16,8,2,18446744073709551615,25.913551534
"titanic-un",6,7,cals_compact_explain,SelectiveLookahead,16,4,2,18446744073709551615,5.07377162
"titanic-un",7,5,unary,Greedy,8,8,2,18446744073709551615,0.020422225
"titanic-un",7,5,horn,Greedy,8,8,2,18446744073709551615,0.023018368
"titanic-un",7,5,antihorn,Greedy,8,8,2,18446744073709551615,0.027361905
"titanic-un",7,5,square2cnf,Greedy,8,8,2,18446744073709551615,0.061138115
"titanic-un",7,5,affine,Greedy,8,8,2,18446744073709551615,0.023410021
"titanic-un",7,5,smart_certified,Greedy,8,8,2,18446744073709551615,0.134540472
"titanic-un",7,5,cals,SparseLookahead,16,8,2,18446744073709551615,16.011761525
"titanic-un",7,5,cals_compact_explain,SelectiveLookahead,16,4,2,18446744073709551615,4.735127345
"titanic-un",7,7,unary,Greedy,8,8,2,18446744073709551615,0.028800911
"titanic-un",7,7,horn,Greedy,8,8,2,18446744073709551615,0.032629495
"titanic-un",7,7,antihorn,Greedy,8,8,2,18446744073709551615,0.031954554
"titanic-un",7,7,square2cnf,Greedy,8,8,2,18446744073709551615,0.108824517
"titanic-un",7,7,affine,Greedy,8,8,2,18446744073709551615,0.043040603
"titanic-un",7,7,smart_certified,Greedy,8,8,2,18446744073709551615,0.211180246
"titanic-un",7,7,cals,SparseLookahead,16,8,2,18446744073709551615,30.883032225
"titanic-un",7,7,cals_compact_explain,SelectiveLookahead,16,4,2,18446744073709551615,8.61181591
"titanic-un",8,5,unary,Greedy,8,8,2,18446744073709551615,0.01796714
"titanic-un",8,5,horn,Greedy,8,8,2,18446744073709551615,0.018270818
"titanic-un",8,5,antihorn,Greedy,8,8,2,18446744073709551615,0.022674072
"titanic-un",8,5,square2cnf,Greedy,8,8,2,18446744073709551615,0.058339328
"titanic-un",8,5,affine,Greedy,8,8,2,18446744073709551615,0.029599981
"titanic-un",8,5,smart_certified,Greedy,8,8,2,18446744073709551615,0.14805594
"titanic-un",8,5,cals,SparseLookahead,16,8,2,18446744073709551615,1.505309017
"titanic-un",8,5,cals_compact_explain,SelectiveLookahead,16,4,2,18446744073709551615,0.479910657
"titanic-un",8,7,unary,Greedy,8,8,2,18446744073709551615,0.028118113
"titanic-un",8,7,horn,Greedy,8,8,2,18446744073709551615,0.023022342
"titanic-un",8,7,antihorn,Greedy,8,8,2,18446744073709551615,0.02670598
"titanic-un",8,7,square2cnf,Greedy,8,8,2,18446744073709551615,0.109053402
"titanic-un",8,7,affine,Greedy,8,8,2,18446744073709551615,0.052364994
"titanic-un",8,7,smart_certified,Greedy,8,8,2,18446744073709551615,0.243640649
"titanic-un",8,7,cals,SparseLookahead,16,8,2,18446744073709551615,1.686319368
"titanic-un",8,7,cals_compact_explain,SelectiveLookahead,16,4,2,18446744073709551615,0.541286787
"titanic-un",9,5,unary,Greedy,8,8,2,18446744073709551615,0.018343855
"titanic-un",9,5,horn,Greedy,8,8,2,18446744073709551615,0.020471875
"titanic-un",9,5,antihorn,Greedy,8,8,2,18446744073709551615,0.020657998
"titanic-un",9,5,square2cnf,Greedy,8,8,2,18446744073709551615,0.057398915
"titanic-un",9,5,affine,Greedy,8,8,2,18446744073709551615,0.021490451
"titanic-un",9,5,smart_certified,Greedy,8,8,2,18446744073709551615,0.140629338
"titanic-un",9,5,cals,SparseLookahead,16,8,2,18446744073709551615,0.206947521
"titanic-un",9,5,cals_compact_explain,SelectiveLookahead,16,4,2,18446744073709551615,0.133968772
"titanic-un",9,7,unary,Greedy,8,8,2,18446744073709551615,0.026274276
"titanic-un",9,7,horn,Greedy,8,8,2,18446744073709551615,0.029903676
"titanic-un",9,7,antihorn,Greedy,8,8,2,18446744073709551615,0.028865029
"titanic-un",9,7,square2cnf,Greedy,8,8,2,18446744073709551615,0.088983792
"titanic-un",9,7,affine,Greedy,8,8,2,18446744073709551615,0.027403354
"titanic-un",9,7,smart_certified,Greedy,8,8,2,18446744073709551615,0.212531759
"titanic-un",9,7,cals,SparseLookahead,16,8,2,18446744073709551615,0.235180631
"titanic-un",9,7,cals_compact_explain,SelectiveLookahead,16,4,2,18446744073709551615,0.20495207
"vehicle",0,5,unary,Greedy,8,8,2,18446744073709551615,0.015690731
"vehicle",0,5,horn,Greedy,8,8,2,18446744073709551615,0.015737233
"vehicle",0,5,antihorn,Greedy,8,8,2,18446744073709551615,0.015431942
"vehicle",0,5,square2cnf,Greedy,8,8,2,18446744073709551615,0.047180983
"vehicle",0,5,affine,Greedy,8,8,2,18446744073709551615,0.022253995
"vehicle",0,5,smart_certified,Greedy,8,8,2,18446744073709551615,0.103926937
"vehicle",0,5,cals,SparseLookahead,16,8,2,18446744073709551615,3.065807958
"vehicle",0,5,cals_compact_explain,SelectiveLookahead,16,4,2,18446744073709551615,0.78064981
"vehicle",0,7,unary,Greedy,8,8,2,18446744073709551615,0.020052037
"vehicle",0,7,horn,Greedy,8,8,2,18446744073709551615,0.018552499
"vehicle",0,7,antihorn,Greedy,8,8,2,18446744073709551615,0.019126953
"vehicle",0,7,square2cnf,Greedy,8,8,2,18446744073709551615,0.056948889
"vehicle",0,7,affine,Greedy,8,8,2,18446744073709551615,0.032744631
"vehicle",0,7,smart_certified,Greedy,8,8,2,18446744073709551615,0.133395317
"vehicle",0,7,cals,SparseLookahead,16,8,2,18446744073709551615,3.161574691
"vehicle",0,7,cals_compact_explain,SelectiveLookahead,16,4,2,18446744073709551615,0.748033251
"vehicle",1,5,unary,Greedy,8,8,2,18446744073709551615,0.013857692
"vehicle",1,5,horn,Greedy,8,8,2,18446744073709551615,0.014915066
"vehicle",1,5,antihorn,Greedy,8,8,2,18446744073709551615,0.016116941
"vehicle",1,5,square2cnf,Greedy,8,8,2,18446744073709551615,0.042628579
"vehicle",1,5,affine,Greedy,8,8,2,18446744073709551615,0.02247013
"vehicle",1,5,smart_certified,Greedy,8,8,2,18446744073709551615,0.095498101
"vehicle",1,5,cals,SparseLookahead,16,8,2,18446744073709551615,0.155047546
"vehicle",1,5,cals_compact_explain,SelectiveLookahead,16,4,2,18446744073709551615,1.656351474
"vehicle",1,7,unary,Greedy,8,8,2,18446744073709551615,0.01883317
"vehicle",1,7,horn,Greedy,8,8,2,18446744073709551615,0.018446843
"vehicle",1,7,antihorn,Greedy,8,8,2,18446744073709551615,0.018500482
"vehicle",1,7,square2cnf,Greedy,8,8,2,18446744073709551615,0.057446963
"vehicle",1,7,affine,Greedy,8,8,2,18446744073709551615,0.029763137
"vehicle",1,7,smart_certified,Greedy,8,8,2,18446744073709551615,0.116355411
"vehicle",1,7,cals,SparseLookahead,16,8,2,18446744073709551615,0.167526611
"vehicle",1,7,cals_compact_explain,SelectiveLookahead,16,4,2,18446744073709551615,2.068380074
"vehicle",2,5,unary,Greedy,8,8,2,18446744073709551615,0.013974915
"vehicle",2,5,horn,Greedy,8,8,2,18446744073709551615,0.016403601
"vehicle",2,5,antihorn,Greedy,8,8,2,18446744073709551615,0.017175444
"vehicle",2,5,square2cnf,Greedy,8,8,2,18446744073709551615,0.046944133
"vehicle",2,5,affine,Greedy,8,8,2,18446744073709551615,0.02569689
"vehicle",2,5,smart_certified,Greedy,8,8,2,18446744073709551615,0.103952059
"vehicle",2,5,cals,SparseLookahead,16,8,2,18446744073709551615,0.46947254
"vehicle",2,5,cals_compact_explain,SelectiveLookahead,16,4,2,18446744073709551615,0.177485957
"vehicle",2,7,unary,Greedy,8,8,2,18446744073709551615,0.019580541
"vehicle",2,7,horn,Greedy,8,8,2,18446744073709551615,0.021436137
"vehicle",2,7,antihorn,Greedy,8,8,2,18446744073709551615,0.020733176
"vehicle",2,7,square2cnf,Greedy,8,8,2,18446744073709551615,0.067390032
"vehicle",2,7,affine,Greedy,8,8,2,18446744073709551615,0.037905231
"vehicle",2,7,smart_certified,Greedy,8,8,2,18446744073709551615,0.127882796
"vehicle",2,7,cals,SparseLookahead,16,8,2,18446744073709551615,0.534794124
"vehicle",2,7,cals_compact_explain,SelectiveLookahead,16,4,2,18446744073709551615,0.221122369
"vehicle",3,5,unary,Greedy,8,8,2,18446744073709551615,0.01442416
"vehicle",3,5,horn,Greedy,8,8,2,18446744073709551615,0.019288288
"vehicle",3,5,antihorn,Greedy,8,8,2,18446744073709551615,0.014813337
"vehicle",3,5,square2cnf,Greedy,8,8,2,18446744073709551615,0.040421894
"vehicle",3,5,affine,Greedy,8,8,2,18446744073709551615,0.021737281
"vehicle",3,5,smart_certified,Greedy,8,8,2,18446744073709551615,0.092980034
"vehicle",3,5,cals,SparseLookahead,16,8,2,18446744073709551615,2.117467238
"vehicle",3,5,cals_compact_explain,SelectiveLookahead,16,4,2,18446744073709551615,0.697049865
"vehicle",3,7,unary,Greedy,8,8,2,18446744073709551615,0.019750069
"vehicle",3,7,horn,Greedy,8,8,2,18446744073709551615,0.016480983
"vehicle",3,7,antihorn,Greedy,8,8,2,18446744073709551615,0.016995803
"vehicle",3,7,square2cnf,Greedy,8,8,2,18446744073709551615,0.049701598
"vehicle",3,7,affine,Greedy,8,8,2,18446744073709551615,0.032199724
"vehicle",3,7,smart_certified,Greedy,8,8,2,18446744073709551615,0.119005462
"vehicle",3,7,cals,SparseLookahead,16,8,2,18446744073709551615,2.18056022
"vehicle",3,7,cals_compact_explain,SelectiveLookahead,16,4,2,18446744073709551615,0.684411867
"vehicle",4,5,unary,Greedy,8,8,2,18446744073709551615,0.0195478
"vehicle",4,5,horn,Greedy,8,8,2,18446744073709551615,0.012250797
"vehicle",4,5,antihorn,Greedy,8,8,2,18446744073709551615,0.015703505
"vehicle",4,5,square2cnf,Greedy,8,8,2,18446744073709551615,0.03553971
"vehicle",4,5,affine,Greedy,8,8,2,18446744073709551615,0.019962479
"vehicle",4,5,smart_certified,Greedy,8,8,2,18446744073709551615,0.058279055
"vehicle",4,5,cals,SparseLookahead,16,8,2,18446744073709551615,2.360501953
"vehicle",4,5,cals_compact_explain,SelectiveLookahead,16,4,2,18446744073709551615,2.207261878
"vehicle",4,7,unary,Greedy,8,8,2,18446744073709551615,0.017063531
"vehicle",4,7,horn,Greedy,8,8,2,18446744073709551615,0.016100231
"vehicle",4,7,antihorn,Greedy,8,8,2,18446744073709551615,0.01575107
"vehicle",4,7,square2cnf,Greedy,8,8,2,18446744073709551615,0.043655287
"vehicle",4,7,affine,Greedy,8,8,2,18446744073709551615,0.029254889
"vehicle",4,7,smart_certified,Greedy,8,8,2,18446744073709551615,0.068586006
"vehicle",4,7,cals,SparseLookahead,16,8,2,18446744073709551615,2.720313632
"vehicle",4,7,cals_compact_explain,SelectiveLookahead,16,4,2,18446744073709551615,2.390939492
"vehicle",5,5,unary,Greedy,8,8,2,18446744073709551615,0.013853637
"vehicle",5,5,horn,Greedy,8,8,2,18446744073709551615,0.015499129
"vehicle",5,5,antihorn,Greedy,8,8,2,18446744073709551615,0.014626239
"vehicle",5,5,square2cnf,Greedy,8,8,2,18446744073709551615,0.042210397
"vehicle",5,5,affine,Greedy,8,8,2,18446744073709551615,0.020944465
"vehicle",5,5,smart_certified,Greedy,8,8,2,18446744073709551615,0.091820307
"vehicle",5,5,cals,SparseLookahead,16,8,2,18446744073709551615,2.92257483
"vehicle",5,5,cals_compact_explain,SelectiveLookahead,16,4,2,18446744073709551615,0.75776755
"vehicle",5,7,unary,Greedy,8,8,2,18446744073709551615,0.019264105
"vehicle",5,7,horn,Greedy,8,8,2,18446744073709551615,0.018716315
"vehicle",5,7,antihorn,Greedy,8,8,2,18446744073709551615,0.019517766
"vehicle",5,7,square2cnf,Greedy,8,8,2,18446744073709551615,0.060801974
"vehicle",5,7,affine,Greedy,8,8,2,18446744073709551615,0.03340672
"vehicle",5,7,smart_certified,Greedy,8,8,2,18446744073709551615,0.131234039
"vehicle",5,7,cals,SparseLookahead,16,8,2,18446744073709551615,3.032521861
"vehicle",5,7,cals_compact_explain,SelectiveLookahead,16,4,2,18446744073709551615,0.732985693
"vehicle",6,5,unary,Greedy,8,8,2,18446744073709551615,0.012506502
"vehicle",6,5,horn,Greedy,8,8,2,18446744073709551615,0.013337281
"vehicle",6,5,antihorn,Greedy,8,8,2,18446744073709551615,0.013321093
"vehicle",6,5,square2cnf,Greedy,8,8,2,18446744073709551615,0.033387305
"vehicle",6,5,affine,Greedy,8,8,2,18446744073709551615,0.019203722
"vehicle",6,5,smart_certified,Greedy,8,8,2,18446744073709551615,0.059451239
"vehicle",6,5,cals,SparseLookahead,16,8,2,18446744073709551615,0.161281678
"vehicle",6,5,cals_compact_explain,SelectiveLookahead,16,4,2,18446744073709551615,0.189881788
"vehicle",6,7,unary,Greedy,8,8,2,18446744073709551615,0.016304847
"vehicle",6,7,horn,Greedy,8,8,2,18446744073709551615,0.016340129
"vehicle",6,7,antihorn,Greedy,8,8,2,18446744073709551615,0.015516837
"vehicle",6,7,square2cnf,Greedy,8,8,2,18446744073709551615,0.043088441
"vehicle",6,7,affine,Greedy,8,8,2,18446744073709551615,0.026870094
"vehicle",6,7,smart_certified,Greedy,8,8,2,18446744073709551615,0.071196401
"vehicle",6,7,cals,SparseLookahead,16,8,2,18446744073709551615,0.160450295
"vehicle",6,7,cals_compact_explain,SelectiveLookahead,16,4,2,18446744073709551615,0.204026889
"vehicle",7,5,unary,Greedy,8,8,2,18446744073709551615,0.013669341
"vehicle",7,5,horn,Greedy,8,8,2,18446744073709551615,0.013659153
"vehicle",7,5,antihorn,Greedy,8,8,2,18446744073709551615,0.013334536
"vehicle",7,5,square2cnf,Greedy,8,8,2,18446744073709551615,0.035424181
"vehicle",7,5,affine,Greedy,8,8,2,18446744073709551615,0.019296866
"vehicle",7,5,smart_certified,Greedy,8,8,2,18446744073709551615,0.060260724
"vehicle",7,5,cals,SparseLookahead,16,8,2,18446744073709551615,2.023046871
"vehicle",7,5,cals_compact_explain,SelectiveLookahead,16,4,2,18446744073709551615,0.60838965
"vehicle",7,7,unary,Greedy,8,8,2,18446744073709551615,0.018166128
"vehicle",7,7,horn,Greedy,8,8,2,18446744073709551615,0.016351539
"vehicle",7,7,antihorn,Greedy,8,8,2,18446744073709551615,0.016188583
"vehicle",7,7,square2cnf,Greedy,8,8,2,18446744073709551615,0.04422367
"vehicle",7,7,affine,Greedy,8,8,2,18446744073709551615,0.034040927
"vehicle",7,7,smart_certified,Greedy,8,8,2,18446744073709551615,0.063823844
"vehicle",7,7,cals,SparseLookahead,16,8,2,18446744073709551615,2.971342282
"vehicle",7,7,cals_compact_explain,SelectiveLookahead,16,4,2,18446744073709551615,1.012443314
"vehicle",8,5,unary,Greedy,8,8,2,18446744073709551615,0.012308599
"vehicle",8,5,horn,Greedy,8,8,2,18446744073709551615,0.013267885
"vehicle",8,5,antihorn,Greedy,8,8,2,18446744073709551615,0.012640353
"vehicle",8,5,square2cnf,Greedy,8,8,2,18446744073709551615,0.036273847
"vehicle",8,5,affine,Greedy,8,8,2,18446744073709551615,0.02299868
"vehicle",8,5,smart_certified,Greedy,8,8,2,18446744073709551615,0.074051908
"vehicle",8,5,cals,SparseLookahead,16,8,2,18446744073709551615,0.192478807
"vehicle",8,5,cals_compact_explain,SelectiveLookahead,16,4,2,18446744073709551615,0.113203951
"vehicle",8,7,unary,Greedy,8,8,2,18446744073709551615,0.0167896
"vehicle",8,7,horn,Greedy,8,8,2,18446744073709551615,0.01666503
"vehicle",8,7,antihorn,Greedy,8,8,2,18446744073709551615,0.01853928
"vehicle",8,7,square2cnf,Greedy,8,8,2,18446744073709551615,0.047805266
"vehicle",8,7,affine,Greedy,8,8,2,18446744073709551615,0.031325852
"vehicle",8,7,smart_certified,Greedy,8,8,2,18446744073709551615,0.075516165
"vehicle",8,7,cals,SparseLookahead,16,8,2,18446744073709551615,0.170553156
"vehicle",8,7,cals_compact_explain,SelectiveLookahead,16,4,2,18446744073709551615,0.113044493
"vehicle",9,5,unary,Greedy,8,8,2,18446744073709551615,0.012142817
"vehicle",9,5,horn,Greedy,8,8,2,18446744073709551615,0.013799607
"vehicle",9,5,antihorn,Greedy,8,8,2,18446744073709551615,0.014083424
"vehicle",9,5,square2cnf,Greedy,8,8,2,18446744073709551615,0.037881298
"vehicle",9,5,affine,Greedy,8,8,2,18446744073709551615,0.024317552
"vehicle",9,5,smart_certified,Greedy,8,8,2,18446744073709551615,0.085720863
"vehicle",9,5,cals,SparseLookahead,16,8,2,18446744073709551615,8.789798729
"vehicle",9,5,cals_compact_explain,SelectiveLookahead,16,4,2,18446744073709551615,2.699380421
"vehicle",9,7,unary,Greedy,8,8,2,18446744073709551615,0.018377442
"vehicle",9,7,horn,Greedy,8,8,2,18446744073709551615,0.017796475
"vehicle",9,7,antihorn,Greedy,8,8,2,18446744073709551615,0.018101556
"vehicle",9,7,square2cnf,Greedy,8,8,2,18446744073709551615,0.056288771
"vehicle",9,7,affine,Greedy,8,8,2,18446744073709551615,0.035174541
"vehicle",9,7,smart_certified,Greedy,8,8,2,18446744073709551615,0.103349111
"vehicle",9,7,cals,SparseLookahead,16,8,2,18446744073709551615,8.822407187
"vehicle",9,7,cals_compact_explain,SelectiveLookahead,16,4,2,18446744073709551615,2.798970957
"vote",0,5,unary,Greedy,8,8,2,18446744073709551615,0.001630344
"vote",0,5,horn,Greedy,8,8,2,18446744073709551615,0.002015288
"vote",0,5,antihorn,Greedy,8,8,2,18446744073709551615,0.002166415
"vote",0,5,square2cnf,Greedy,8,8,2,18446744073709551615,0.016019618
"vote",0,5,affine,Greedy,8,8,2,18446744073709551615,0.010768214
"vote",0,5,smart_certified,Greedy,8,8,2,18446744073709551615,0.033912503
"vote",0,5,cals,SparseLookahead,16,8,2,18446744073709551615,3.059637328
"vote",0,5,cals_compact_explain,SelectiveLookahead,16,4,2,18446744073709551615,0.350066832
"vote",0,7,unary,Greedy,8,8,2,18446744073709551615,0.001611484
"vote",0,7,horn,Greedy,8,8,2,18446744073709551615,0.002279986
"vote",0,7,antihorn,Greedy,8,8,2,18446744073709551615,0.002291783
"vote",0,7,square2cnf,Greedy,8,8,2,18446744073709551615,0.018366487
"vote",0,7,affine,Greedy,8,8,2,18446744073709551615,0.013225239
"vote",0,7,smart_certified,Greedy,8,8,2,18446744073709551615,0.0368554
"vote",0,7,cals,SparseLookahead,16,8,2,18446744073709551615,3.035915057
"vote",0,7,cals_compact_explain,SelectiveLookahead,16,4,2,18446744073709551615,0.334148254
"vote",1,5,unary,Greedy,8,8,2,18446744073709551615,0.001561593
"vote",1,5,horn,Greedy,8,8,2,18446744073709551615,0.001888544
"vote",1,5,antihorn,Greedy,8,8,2,18446744073709551615,0.002144174
"vote",1,5,square2cnf,Greedy,8,8,2,18446744073709551615,0.016194325
"vote",1,5,affine,Greedy,8,8,2,18446744073709551615,0.015050681
"vote",1,5,smart_certified,Greedy,8,8,2,18446744073709551615,0.029704556
"vote",1,5,cals,SparseLookahead,16,8,2,18446744073709551615,8.46069046
"vote",1,5,cals_compact_explain,SelectiveLookahead,16,4,2,18446744073709551615,1.6403246089999999
"vote",1,7,unary,Greedy,8,8,2,18446744073709551615,0.001712718
"vote",1,7,horn,Greedy,8,8,2,18446744073709551615,0.002221702
"vote",1,7,antihorn,Greedy,8,8,2,18446744073709551615,0.002557051
"vote",1,7,square2cnf,Greedy,8,8,2,18446744073709551615,0.018174043
"vote",1,7,affine,Greedy,8,8,2,18446744073709551615,0.017142956
"vote",1,7,smart_certified,Greedy,8,8,2,18446744073709551615,0.02594158
"vote",1,7,cals,SparseLookahead,16,8,2,18446744073709551615,8.505593281
"vote",1,7,cals_compact_explain,SelectiveLookahead,16,4,2,18446744073709551615,1.652261014
"vote",2,5,unary,Greedy,8,8,2,18446744073709551615,0.002145665
"vote",2,5,horn,Greedy,8,8,2,18446744073709551615,0.002667632
"vote",2,5,antihorn,Greedy,8,8,2,18446744073709551615,0.002653118
"vote",2,5,square2cnf,Greedy,8,8,2,18446744073709551615,0.020031438
"vote",2,5,affine,Greedy,8,8,2,18446744073709551615,0.010855861
"vote",2,5,smart_certified,Greedy,8,8,2,18446744073709551615,0.039979555
"vote",2,5,cals,SparseLookahead,16,8,2,18446744073709551615,7.957815113
"vote",2,5,cals_compact_explain,SelectiveLookahead,16,4,2,18446744073709551615,2.07277181
"vote",2,7,unary,Greedy,8,8,2,18446744073709551615,0.001824711
"vote",2,7,horn,Greedy,8,8,2,18446744073709551615,0.002511316
"vote",2,7,antihorn,Greedy,8,8,2,18446744073709551615,0.002598306
"vote",2,7,square2cnf,Greedy,8,8,2,18446744073709551615,0.019022049
"vote",2,7,affine,Greedy,8,8,2,18446744073709551615,0.015248084
"vote",2,7,smart_certified,Greedy,8,8,2,18446744073709551615,0.042374347
"vote",2,7,cals,SparseLookahead,16,8,2,18446744073709551615,8.086411567
"vote",2,7,cals_compact_explain,SelectiveLookahead,16,4,2,18446744073709551615,2.10734808
"vote",3,5,unary,Greedy,8,8,2,18446744073709551615,0.001933598
"vote",3,5,horn,Greedy,8,8,2,18446744073709551615,0.003167529
"vote",3,5,antihorn,Greedy,8,8,2,18446744073709551615,0.003257394
"vote",3,5,square2cnf,Greedy,8,8,2,18446744073709551615,0.022576613
"vote",3,5,affine,Greedy,8,8,2,18446744073709551615,0.016922097
"vote",3,5,smart_certified,Greedy,8,8,2,18446744073709551615,0.045190991
"vote",3,5,cals,SparseLookahead,16,8,2,18446744073709551615,10.62744514
"vote",3,5,cals_compact_explain,SelectiveLookahead,16,4,2,18446744073709551615,1.959368215
"vote",3,7,unary,Greedy,8,8,2,18446744073709551615,0.00209297
"vote",3,7,horn,Greedy,8,8,2,18446744073709551615,0.003154332
"vote",3,7,antihorn,Greedy,8,8,2,18446744073709551615,0.003299161
"vote",3,7,square2cnf,Greedy,8,8,2,18446744073709551615,0.026634479
"vote",3,7,affine,Greedy,8,8,2,18446744073709551615,0.01924232
"vote",3,7,smart_certified,Greedy,8,8,2,18446744073709551615,0.04627857
"vote",3,7,cals,SparseLookahead,16,8,2,18446744073709551615,11.962521187
"vote",3,7,cals_compact_explain,SelectiveLookahead,16,4,2,18446744073709551615,2.273093878
"vote",4,5,unary,Greedy,8,8,2,18446744073709551615,0.001632547
"vote",4,5,horn,Greedy,8,8,2,18446744073709551615,0.002484271
"vote",4,5,antihorn,Greedy,8,8,2,18446744073709551615,0.002615594
"vote",4,5,square2cnf,Greedy,8,8,2,18446744073709551615,0.014780207
"vote",4,5,affine,Greedy,8,8,2,18446744073709551615,0.010077327
"vote",4,5,smart_certified,Greedy,8,8,2,18446744073709551615,0.028780787
"vote",4,5,cals,SparseLookahead,16,8,2,18446744073709551615,5.254485265
"vote",4,5,cals_compact_explain,SelectiveLookahead,16,4,2,18446744073709551615,0.866643567
"vote",4,7,unary,Greedy,8,8,2,18446744073709551615,0.002442534
"vote",4,7,horn,Greedy,8,8,2,18446744073709551615,0.002880502
"vote",4,7,antihorn,Greedy,8,8,2,18446744073709551615,0.002622041
"vote",4,7,square2cnf,Greedy,8,8,2,18446744073709551615,0.014947873
"vote",4,7,affine,Greedy,8,8,2,18446744073709551615,0.011308433
"vote",4,7,smart_certified,Greedy,8,8,2,18446744073709551615,0.027537516
"vote",4,7,cals,SparseLookahead,16,8,2,18446744073709551615,5.275168533
"vote",4,7,cals_compact_explain,SelectiveLookahead,16,4,2,18446744073709551615,0.8971438
"vote",5,5,unary,Greedy,8,8,2,18446744073709551615,0.001601762
"vote",5,5,horn,Greedy,8,8,2,18446744073709551615,0.002485287
"vote",5,5,antihorn,Greedy,8,8,2,18446744073709551615,0.00256744
"vote",5,5,square2cnf,Greedy,8,8,2,18446744073709551615,0.017830483
"vote",5,5,affine,Greedy,8,8,2,18446744073709551615,0.013374657
"vote",5,5,smart_certified,Greedy,8,8,2,18446744073709551615,0.032438479
"vote",5,5,cals,SparseLookahead,16,8,2,18446744073709551615,8.886307113
"vote",5,5,cals_compact_explain,SelectiveLookahead,16,4,2,18446744073709551615,1.593471715
"vote",5,7,unary,Greedy,8,8,2,18446744073709551615,0.00186822
"vote",5,7,horn,Greedy,8,8,2,18446744073709551615,0.003372659
"vote",5,7,antihorn,Greedy,8,8,2,18446744073709551615,0.003445102
"vote",5,7,square2cnf,Greedy,8,8,2,18446744073709551615,0.025719713
"vote",5,7,affine,Greedy,8,8,2,18446744073709551615,0.020258059
"vote",5,7,smart_certified,Greedy,8,8,2,18446744073709551615,0.040132674
"vote",5,7,cals,SparseLookahead,16,8,2,18446744073709551615,10.541319525
"vote",5,7,cals_compact_explain,SelectiveLookahead,16,4,2,18446744073709551615,1.507181608
"vote",6,5,unary,Greedy,8,8,2,18446744073709551615,0.001743044
"vote",6,5,horn,Greedy,8,8,2,18446744073709551615,0.003428493
"vote",6,5,antihorn,Greedy,8,8,2,18446744073709551615,0.002801533
"vote",6,5,square2cnf,Greedy,8,8,2,18446744073709551615,0.02108469
"vote",6,5,affine,Greedy,8,8,2,18446744073709551615,0.014396506
"vote",6,5,smart_certified,Greedy,8,8,2,18446744073709551615,0.039511485
"vote",6,5,cals,SparseLookahead,16,8,2,18446744073709551615,11.083587315
"vote",6,5,cals_compact_explain,SelectiveLookahead,16,4,2,18446744073709551615,2.611562492
"vote",6,7,unary,Greedy,8,8,2,18446744073709551615,0.001848712
"vote",6,7,horn,Greedy,8,8,2,18446744073709551615,0.00288402
"vote",6,7,antihorn,Greedy,8,8,2,18446744073709551615,0.003078457
"vote",6,7,square2cnf,Greedy,8,8,2,18446744073709551615,0.021971288
"vote",6,7,affine,Greedy,8,8,2,18446744073709551615,0.014542144
"vote",6,7,smart_certified,Greedy,8,8,2,18446744073709551615,0.041323599
"vote",6,7,cals,SparseLookahead,16,8,2,18446744073709551615,11.869903307
"vote",6,7,cals_compact_explain,SelectiveLookahead,16,4,2,18446744073709551615,2.810895929
"vote",7,5,unary,Greedy,8,8,2,18446744073709551615,0.001447983
"vote",7,5,horn,Greedy,8,8,2,18446744073709551615,0.002045213
"vote",7,5,antihorn,Greedy,8,8,2,18446744073709551615,0.001900268
"vote",7,5,square2cnf,Greedy,8,8,2,18446744073709551615,0.014284554
"vote",7,5,affine,Greedy,8,8,2,18446744073709551615,0.013637353
"vote",7,5,smart_certified,Greedy,8,8,2,18446744073709551615,0.02407547
"vote",7,5,cals,SparseLookahead,16,8,2,18446744073709551615,7.813314163
"vote",7,5,cals_compact_explain,SelectiveLookahead,16,4,2,18446744073709551615,1.546284722
"vote",7,7,unary,Greedy,8,8,2,18446744073709551615,0.001666696
"vote",7,7,horn,Greedy,8,8,2,18446744073709551615,0.002482181
"vote",7,7,antihorn,Greedy,8,8,2,18446744073709551615,0.002282272
"vote",7,7,square2cnf,Greedy,8,8,2,18446744073709551615,0.018465041
"vote",7,7,affine,Greedy,8,8,2,18446744073709551615,0.014497042
"vote",7,7,smart_certified,Greedy,8,8,2,18446744073709551615,0.025369101
"vote",7,7,cals,SparseLookahead,16,8,2,18446744073709551615,7.878971334
"vote",7,7,cals_compact_explain,SelectiveLookahead,16,4,2,18446744073709551615,1.501141048
"vote",8,5,unary,Greedy,8,8,2,18446744073709551615,0.001147043
"vote",8,5,horn,Greedy,8,8,2,18446744073709551615,0.001901092
"vote",8,5,antihorn,Greedy,8,8,2,18446744073709551615,0.001659601
"vote",8,5,square2cnf,Greedy,8,8,2,18446744073709551615,0.014091415
"vote",8,5,affine,Greedy,8,8,2,18446744073709551615,0.010456437
"vote",8,5,smart_certified,Greedy,8,8,2,18446744073709551615,0.018975157
"vote",8,5,cals,SparseLookahead,16,8,2,18446744073709551615,0.551322679
"vote",8,5,cals_compact_explain,SelectiveLookahead,16,4,2,18446744073709551615,0.29608121
"vote",8,7,unary,Greedy,8,8,2,18446744073709551615,0.001139761
"vote",8,7,horn,Greedy,8,8,2,18446744073709551615,0.001772747
"vote",8,7,antihorn,Greedy,8,8,2,18446744073709551615,0.001919768
"vote",8,7,square2cnf,Greedy,8,8,2,18446744073709551615,0.016116192
"vote",8,7,affine,Greedy,8,8,2,18446744073709551615,0.013483445
"vote",8,7,smart_certified,Greedy,8,8,2,18446744073709551615,0.020210488
"vote",8,7,cals,SparseLookahead,16,8,2,18446744073709551615,0.564914486
"vote",8,7,cals_compact_explain,SelectiveLookahead,16,4,2,18446744073709551615,0.306772664
"vote",9,5,unary,Greedy,8,8,2,18446744073709551615,0.001826176
"vote",9,5,horn,Greedy,8,8,2,18446744073709551615,0.002817848
"vote",9,5,antihorn,Greedy,8,8,2,18446744073709551615,0.002755039
"vote",9,5,square2cnf,Greedy,8,8,2,18446744073709551615,0.02257593
"vote",9,5,affine,Greedy,8,8,2,18446744073709551615,0.015574406
"vote",9,5,smart_certified,Greedy,8,8,2,18446744073709551615,0.036335513
"vote",9,5,cals,SparseLookahead,16,8,2,18446744073709551615,9.539760665
"vote",9,5,cals_compact_explain,SelectiveLookahead,16,4,2,18446744073709551615,1.933215636
"vote",9,7,unary,Greedy,8,8,2,18446744073709551615,0.002078522
"vote",9,7,horn,Greedy,8,8,2,18446744073709551615,0.002965924
"vote",9,7,antihorn,Greedy,8,8,2,18446744073709551615,0.002808091
"vote",9,7,square2cnf,Greedy,8,8,2,18446744073709551615,0.025431374
"vote",9,7,affine,Greedy,8,8,2,18446744073709551615,0.015891883
"vote",9,7,smart_certified,Greedy,8,8,2,18446744073709551615,0.036652186
"vote",9,7,cals,SparseLookahead,16,8,2,18446744073709551615,9.568054105
"vote",9,7,cals_compact_explain,SelectiveLookahead,16,4,2,18446744073709551615,2.056877306
"wine1-un",0,5,unary,Greedy,8,8,2,18446744073709551615,0.038482376
"wine1-un",0,5,horn,Greedy,8,8,2,18446744073709551615,0.016994809
"wine1-un",0,5,antihorn,Greedy,8,8,2,18446744073709551615,0.02058736
"wine1-un",0,5,square2cnf,Greedy,8,8,2,18446744073709551615,0.020786513
"wine1-un",0,5,affine,Greedy,8,8,2,18446744073709551615,0.012164895
"wine1-un",0,5,smart_certified,Greedy,8,8,2,18446744073709551615,0.091604741
"wine1-un",0,5,cals,SparseLookahead,16,8,2,18446744073709551615,0.305198725
"wine1-un",0,5,cals_compact_explain,SelectiveLookahead,16,4,2,18446744073709551615,0.169362812
"wine1-un",0,7,unary,Greedy,8,8,2,18446744073709551615,0.050410053
"wine1-un",0,7,horn,Greedy,8,8,2,18446744073709551615,0.022049186
"wine1-un",0,7,antihorn,Greedy,8,8,2,18446744073709551615,0.019973216
"wine1-un",0,7,square2cnf,Greedy,8,8,2,18446744073709551615,0.029945922
"wine1-un",0,7,affine,Greedy,8,8,2,18446744073709551615,0.017419426
"wine1-un",0,7,smart_certified,Greedy,8,8,2,18446744073709551615,0.12518756
"wine1-un",0,7,cals,SparseLookahead,16,8,2,18446744073709551615,0.318964802
"wine1-un",0,7,cals_compact_explain,SelectiveLookahead,16,4,2,18446744073709551615,0.176610984
"wine1-un",1,5,unary,Greedy,8,8,2,18446744073709551615,0.036200125
"wine1-un",1,5,horn,Greedy,8,8,2,18446744073709551615,0.01530071
"wine1-un",1,5,antihorn,Greedy,8,8,2,18446744073709551615,0.015109965
"wine1-un",1,5,square2cnf,Greedy,8,8,2,18446744073709551615,0.023640835
"wine1-un",1,5,affine,Greedy,8,8,2,18446744073709551615,0.015140181
"wine1-un",1,5,smart_certified,Greedy,8,8,2,18446744073709551615,0.089160762
"wine1-un",1,5,cals,SparseLookahead,16,8,2,18446744073709551615,0.286669841
"wine1-un",1,5,cals_compact_explain,SelectiveLookahead,16,4,2,18446744073709551615,0.256436123
"wine1-un",1,7,unary,Greedy,8,8,2,18446744073709551615,0.048308387
"wine1-un",1,7,horn,Greedy,8,8,2,18446744073709551615,0.019909151
"wine1-un",1,7,antihorn,Greedy,8,8,2,18446744073709551615,0.020634146
"wine1-un",1,7,square2cnf,Greedy,8,8,2,18446744073709551615,0.027867292
"wine1-un",1,7,affine,Greedy,8,8,2,18446744073709551615,0.018659403
"wine1-un",1,7,smart_certified,Greedy,8,8,2,18446744073709551615,0.12207238
"wine1-un",1,7,cals,SparseLookahead,16,8,2,18446744073709551615,0.312717527
"wine1-un",1,7,cals_compact_explain,SelectiveLookahead,16,4,2,18446744073709551615,0.353265294
"wine1-un",2,5,unary,Greedy,8,8,2,18446744073709551615,0.035896475
"wine1-un",2,5,horn,Greedy,8,8,2,18446744073709551615,0.01622501
"wine1-un",2,5,antihorn,Greedy,8,8,2,18446744073709551615,0.016435026
"wine1-un",2,5,square2cnf,Greedy,8,8,2,18446744073709551615,0.02121938
"wine1-un",2,5,affine,Greedy,8,8,2,18446744073709551615,0.014402174
"wine1-un",2,5,smart_certified,Greedy,8,8,2,18446744073709551615,0.08939245
"wine1-un",2,5,cals,SparseLookahead,16,8,2,18446744073709551615,0.310925028
"wine1-un",2,5,cals_compact_explain,SelectiveLookahead,16,4,2,18446744073709551615,0.252234176
"wine1-un",2,7,unary,Greedy,8,8,2,18446744073709551615,0.049645177
"wine1-un",2,7,horn,Greedy,8,8,2,18446744073709551615,0.022228173
"wine1-un",2,7,antihorn,Greedy,8,8,2,18446744073709551615,0.019675794
"wine1-un",2,7,square2cnf,Greedy,8,8,2,18446744073709551615,0.030137975
"wine1-un",2,7,affine,Greedy,8,8,2,18446744073709551615,0.018538456
"wine1-un",2,7,smart_certified,Greedy,8,8,2,18446744073709551615,0.12343125
"wine1-un",2,7,cals,SparseLookahead,16,8,2,18446744073709551615,0.387190087
"wine1-un",2,7,cals_compact_explain,SelectiveLookahead,16,4,2,18446744073709551615,0.300792126
"wine1-un",3,5,unary,Greedy,8,8,2,18446744073709551615,0.037409831
"wine1-un",3,5,horn,Greedy,8,8,2,18446744073709551615,0.017358227
"wine1-un",3,5,antihorn,Greedy,8,8,2,18446744073709551615,0.015225964
"wine1-un",3,5,square2cnf,Greedy,8,8,2,18446744073709551615,0.020371374
"wine1-un",3,5,affine,Greedy,8,8,2,18446744073709551615,0.012798076
"wine1-un",3,5,smart_certified,Greedy,8,8,2,18446744073709551615,0.100626736
"wine1-un",3,5,cals,SparseLookahead,16,8,2,18446744073709551615,0.304308545
"wine1-un",3,5,cals_compact_explain,SelectiveLookahead,16,4,2,18446744073709551615,0.230974907
"wine1-un",3,7,unary,Greedy,8,8,2,18446744073709551615,0.050749804
"wine1-un",3,7,horn,Greedy,8,8,2,18446744073709551615,0.021419621
"wine1-un",3,7,antihorn,Greedy,8,8,2,18446744073709551615,0.019219897
"wine1-un",3,7,square2cnf,Greedy,8,8,2,18446744073709551615,0.027182114
"wine1-un",3,7,affine,Greedy,8,8,2,18446744073709551615,0.017435082
"wine1-un",3,7,smart_certified,Greedy,8,8,2,18446744073709551615,0.120949909
"wine1-un",3,7,cals,SparseLookahead,16,8,2,18446744073709551615,0.321705005
"wine1-un",3,7,cals_compact_explain,SelectiveLookahead,16,4,2,18446744073709551615,0.365554353
"wine1-un",4,5,unary,Greedy,8,8,2,18446744073709551615,0.040283208
"wine1-un",4,5,horn,Greedy,8,8,2,18446744073709551615,0.018217709
"wine1-un",4,5,antihorn,Greedy,8,8,2,18446744073709551615,0.0155664
"wine1-un",4,5,square2cnf,Greedy,8,8,2,18446744073709551615,0.022576652
"wine1-un",4,5,affine,Greedy,8,8,2,18446744073709551615,0.015037596
"wine1-un",4,5,smart_certified,Greedy,8,8,2,18446744073709551615,0.104111187
"wine1-un",4,5,cals,SparseLookahead,16,8,2,18446744073709551615,0.317277558
"wine1-un",4,5,cals_compact_explain,SelectiveLookahead,16,4,2,18446744073709551615,0.270148823
"wine1-un",4,7,unary,Greedy,8,8,2,18446744073709551615,0.050426065
"wine1-un",4,7,horn,Greedy,8,8,2,18446744073709551615,0.020700063
"wine1-un",4,7,antihorn,Greedy,8,8,2,18446744073709551615,0.021320931
"wine1-un",4,7,square2cnf,Greedy,8,8,2,18446744073709551615,0.027922092
"wine1-un",4,7,affine,Greedy,8,8,2,18446744073709551615,0.021345084
"wine1-un",4,7,smart_certified,Greedy,8,8,2,18446744073709551615,0.144840556
"wine1-un",4,7,cals,SparseLookahead,16,8,2,18446744073709551615,0.488370437
"wine1-un",4,7,cals_compact_explain,SelectiveLookahead,16,4,2,18446744073709551615,0.354246731
"wine1-un",5,5,unary,Greedy,8,8,2,18446744073709551615,0.037096939
"wine1-un",5,5,horn,Greedy,8,8,2,18446744073709551615,0.016846526
"wine1-un",5,5,antihorn,Greedy,8,8,2,18446744073709551615,0.015613662
"wine1-un",5,5,square2cnf,Greedy,8,8,2,18446744073709551615,0.020595139
"wine1-un",5,5,affine,Greedy,8,8,2,18446744073709551615,0.015065193
"wine1-un",5,5,smart_certified,Greedy,8,8,2,18446744073709551615,0.092470078
"wine1-un",5,5,cals,SparseLookahead,16,8,2,18446744073709551615,0.512301452
"wine1-un",5,5,cals_compact_explain,SelectiveLookahead,16,4,2,18446744073709551615,0.357152768
"wine1-un",5,7,unary,Greedy,8,8,2,18446744073709551615,0.047832545
"wine1-un",5,7,horn,Greedy,8,8,2,18446744073709551615,0.020139523
"wine1-un",5,7,antihorn,Greedy,8,8,2,18446744073709551615,0.021951645
"wine1-un",5,7,square2cnf,Greedy,8,8,2,18446744073709551615,0.027578299
"wine1-un",5,7,affine,Greedy,8,8,2,18446744073709551615,0.019532216
"wine1-un",5,7,smart_certified,Greedy,8,8,2,18446744073709551615,0.129072501
"wine1-un",5,7,cals,SparseLookahead,16,8,2,18446744073709551615,0.505333503
"wine1-un",5,7,cals_compact_explain,SelectiveLookahead,16,4,2,18446744073709551615,0.331291841
"wine1-un",6,5,unary,Greedy,8,8,2,18446744073709551615,0.036800626
"wine1-un",6,5,horn,Greedy,8,8,2,18446744073709551615,0.017475688
"wine1-un",6,5,antihorn,Greedy,8,8,2,18446744073709551615,0.01574723
"wine1-un",6,5,square2cnf,Greedy,8,8,2,18446744073709551615,0.02168552
"wine1-un",6,5,affine,Greedy,8,8,2,18446744073709551615,0.013667049
"wine1-un",6,5,smart_certified,Greedy,8,8,2,18446744073709551615,0.101794506
"wine1-un",6,5,cals,SparseLookahead,16,8,2,18446744073709551615,0.29757339
"wine1-un",6,5,cals_compact_explain,SelectiveLookahead,16,4,2,18446744073709551615,0.300512043
"wine1-un",6,7,unary,Greedy,8,8,2,18446744073709551615,0.056811709
"wine1-un",6,7,horn,Greedy,8,8,2,18446744073709551615,0.020736354
"wine1-un",6,7,antihorn,Greedy,8,8,2,18446744073709551615,0.020055255
"wine1-un",6,7,square2cnf,Greedy,8,8,2,18446744073709551615,0.029015724
"wine1-un",6,7,affine,Greedy,8,8,2,18446744073709551615,0.017489258
"wine1-un",6,7,smart_certified,Greedy,8,8,2,18446744073709551615,0.14046802
"wine1-un",6,7,cals,SparseLookahead,16,8,2,18446744073709551615,0.306057344
"wine1-un",6,7,cals_compact_explain,SelectiveLookahead,16,4,2,18446744073709551615,0.353495535
"wine1-un",7,5,unary,Greedy,8,8,2,18446744073709551615,0.036169167
"wine1-un",7,5,horn,Greedy,8,8,2,18446744073709551615,0.015738278
"wine1-un",7,5,antihorn,Greedy,8,8,2,18446744073709551615,0.015893489
"wine1-un",7,5,square2cnf,Greedy,8,8,2,18446744073709551615,0.02360854
"wine1-un",7,5,affine,Greedy,8,8,2,18446744073709551615,0.013501344
"wine1-un",7,5,smart_certified,Greedy,8,8,2,18446744073709551615,0.091342357
"wine1-un",7,5,cals,SparseLookahead,16,8,2,18446744073709551615,0.260667182
"wine1-un",7,5,cals_compact_explain,SelectiveLookahead,16,4,2,18446744073709551615,0.273140705
"wine1-un",7,7,unary,Greedy,8,8,2,18446744073709551615,0.049784052
"wine1-un",7,7,horn,Greedy,8,8,2,18446744073709551615,0.020743626
"wine1-un",7,7,antihorn,Greedy,8,8,2,18446744073709551615,0.020671167
"wine1-un",7,7,square2cnf,Greedy,8,8,2,18446744073709551615,0.028392765
"wine1-un",7,7,affine,Greedy,8,8,2,18446744073709551615,0.018502757
"wine1-un",7,7,smart_certified,Greedy,8,8,2,18446744073709551615,0.13912424
"wine1-un",7,7,cals,SparseLookahead,16,8,2,18446744073709551615,0.434779547
"wine1-un",7,7,cals_compact_explain,SelectiveLookahead,16,4,2,18446744073709551615,0.405406795
"wine1-un",8,5,unary,Greedy,8,8,2,18446744073709551615,0.035859461
"wine1-un",8,5,horn,Greedy,8,8,2,18446744073709551615,0.016108251
"wine1-un",8,5,antihorn,Greedy,8,8,2,18446744073709551615,0.016704817
"wine1-un",8,5,square2cnf,Greedy,8,8,2,18446744073709551615,0.021768933
"wine1-un",8,5,affine,Greedy,8,8,2,18446744073709551615,0.013173774
"wine1-un",8,5,smart_certified,Greedy,8,8,2,18446744073709551615,0.091851554
"wine1-un",8,5,cals,SparseLookahead,16,8,2,18446744073709551615,0.270272291
"wine1-un",8,5,cals_compact_explain,SelectiveLookahead,16,4,2,18446744073709551615,0.212294728
"wine1-un",8,7,unary,Greedy,8,8,2,18446744073709551615,0.053089483
"wine1-un",8,7,horn,Greedy,8,8,2,18446744073709551615,0.021851523
"wine1-un",8,7,antihorn,Greedy,8,8,2,18446744073709551615,0.020131582
"wine1-un",8,7,square2cnf,Greedy,8,8,2,18446744073709551615,0.026967975
"wine1-un",8,7,affine,Greedy,8,8,2,18446744073709551615,0.017466099
"wine1-un",8,7,smart_certified,Greedy,8,8,2,18446744073709551615,0.142143446
"wine1-un",8,7,cals,SparseLookahead,16,8,2,18446744073709551615,0.281188091
"wine1-un",8,7,cals_compact_explain,SelectiveLookahead,16,4,2,18446744073709551615,0.275238086
"wine1-un",9,5,unary,Greedy,8,8,2,18446744073709551615,0.038570767
"wine1-un",9,5,horn,Greedy,8,8,2,18446744073709551615,0.016940412
"wine1-un",9,5,antihorn,Greedy,8,8,2,18446744073709551615,0.01591847
"wine1-un",9,5,square2cnf,Greedy,8,8,2,18446744073709551615,0.020999082
"wine1-un",9,5,affine,Greedy,8,8,2,18446744073709551615,0.012746212
"wine1-un",9,5,smart_certified,Greedy,8,8,2,18446744073709551615,0.09547392
"wine1-un",9,5,cals,SparseLookahead,16,8,2,18446744073709551615,0.270107465
"wine1-un",9,5,cals_compact_explain,SelectiveLookahead,16,4,2,18446744073709551615,0.206668559
"wine1-un",9,7,unary,Greedy,8,8,2,18446744073709551615,0.048752297
"wine1-un",9,7,horn,Greedy,8,8,2,18446744073709551615,0.03142379
"wine1-un",9,7,antihorn,Greedy,8,8,2,18446744073709551615,0.019760667
"wine1-un",9,7,square2cnf,Greedy,8,8,2,18446744073709551615,0.029286401
"wine1-un",9,7,affine,Greedy,8,8,2,18446744073709551615,0.016047713
"wine1-un",9,7,smart_certified,Greedy,8,8,2,18446744073709551615,0.122552253
"wine1-un",9,7,cals,SparseLookahead,16,8,2,18446744073709551615,0.310944116
"wine1-un",9,7,cals_compact_explain,SelectiveLookahead,16,4,2,18446744073709551615,0.224983153
"wine2-un",0,5,unary,Greedy,8,8,2,18446744073709551615,0.034508841
"wine2-un",0,5,horn,Greedy,8,8,2,18446744073709551615,0.015528574
"wine2-un",0,5,antihorn,Greedy,8,8,2,18446744073709551615,0.016153002
"wine2-un",0,5,square2cnf,Greedy,8,8,2,18446744073709551615,0.022604076
"wine2-un",0,5,affine,Greedy,8,8,2,18446744073709551615,0.015462157
"wine2-un",0,5,smart_certified,Greedy,8,8,2,18446744073709551615,0.105571301
"wine2-un",0,5,cals,SparseLookahead,16,8,2,18446744073709551615,0.659666452
"wine2-un",0,5,cals_compact_explain,SelectiveLookahead,16,4,2,18446744073709551615,0.247829176
"wine2-un",0,7,unary,Greedy,8,8,2,18446744073709551615,0.046922033
"wine2-un",0,7,horn,Greedy,8,8,2,18446744073709551615,0.020637508
"wine2-un",0,7,antihorn,Greedy,8,8,2,18446744073709551615,0.022626663
"wine2-un",0,7,square2cnf,Greedy,8,8,2,18446744073709551615,0.028491293
"wine2-un",0,7,affine,Greedy,8,8,2,18446744073709551615,0.021779601
"wine2-un",0,7,smart_certified,Greedy,8,8,2,18446744073709551615,0.136473248
"wine2-un",0,7,cals,SparseLookahead,16,8,2,18446744073709551615,0.921603796
"wine2-un",0,7,cals_compact_explain,SelectiveLookahead,16,4,2,18446744073709551615,0.374794237
"wine2-un",1,5,unary,Greedy,8,8,2,18446744073709551615,0.039115756
"wine2-un",1,5,horn,Greedy,8,8,2,18446744073709551615,0.017341916
"wine2-un",1,5,antihorn,Greedy,8,8,2,18446744073709551615,0.01610737
"wine2-un",1,5,square2cnf,Greedy,8,8,2,18446744073709551615,0.023365397
"wine2-un",1,5,affine,Greedy,8,8,2,18446744073709551615,0.017824738
"wine2-un",1,5,smart_certified,Greedy,8,8,2,18446744073709551615,0.100880715
"wine2-un",1,5,cals,SparseLookahead,16,8,2,18446744073709551615,1.091401356
"wine2-un",1,5,cals_compact_explain,SelectiveLookahead,16,4,2,18446744073709551615,0.316502687
"wine2-un",1,7,unary,Greedy,8,8,2,18446744073709551615,0.051386753
"wine2-un",1,7,horn,Greedy,8,8,2,18446744073709551615,0.022969511
"wine2-un",1,7,antihorn,Greedy,8,8,2,18446744073709551615,0.02007372
"wine2-un",1,7,square2cnf,Greedy,8,8,2,18446744073709551615,0.031880523
"wine2-un",1,7,affine,Greedy,8,8,2,18446744073709551615,0.021191942
"wine2-un",1,7,smart_certified,Greedy,8,8,2,18446744073709551615,0.134607444
"wine2-un",1,7,cals,SparseLookahead,16,8,2,18446744073709551615,1.540584924
"wine2-un",1,7,cals_compact_explain,SelectiveLookahead,16,4,2,18446744073709551615,0.395998492
"wine2-un",2,5,unary,Greedy,8,8,2,18446744073709551615,0.0374714
"wine2-un",2,5,horn,Greedy,8,8,2,18446744073709551615,0.017918451
"wine2-un",2,5,antihorn,Greedy,8,8,2,18446744073709551615,0.015957633
"wine2-un",2,5,square2cnf,Greedy,8,8,2,18446744073709551615,0.021353814
"wine2-un",2,5,affine,Greedy,8,8,2,18446744073709551615,0.014713763
"wine2-un",2,5,smart_certified,Greedy,8,8,2,18446744073709551615,0.09468774
"wine2-un",2,5,cals,SparseLookahead,16,8,2,18446744073709551615,0.309795677
"wine2-un",2,5,cals_compact_explain,SelectiveLookahead,16,4,2,18446744073709551615,0.225742374
"wine2-un",2,7,unary,Greedy,8,8,2,18446744073709551615,0.05087683
"wine2-un",2,7,horn,Greedy,8,8,2,18446744073709551615,0.021634631
"wine2-un",2,7,antihorn,Greedy,8,8,2,18446744073709551615,0.020057726
"wine2-un",2,7,square2cnf,Greedy,8,8,2,18446744073709551615,0.028064903
"wine2-un",2,7,affine,Greedy,8,8,2,18446744073709551615,0.019572184
"wine2-un",2,7,smart_certified,Greedy,8,8,2,18446744073709551615,0.127386506
"wine2-un",2,7,cals,SparseLookahead,16,8,2,18446744073709551615,0.459395354
"wine2-un",2,7,cals_compact_explain,SelectiveLookahead,16,4,2,18446744073709551615,0.380401446
"wine2-un",3,5,unary,Greedy,8,8,2,18446744073709551615,0.037571023
"wine2-un",3,5,horn,Greedy,8,8,2,18446744073709551615,0.016619465
"wine2-un",3,5,antihorn,Greedy,8,8,2,18446744073709551615,0.015713588
"wine2-un",3,5,square2cnf,Greedy,8,8,2,18446744073709551615,0.023313629
"wine2-un",3,5,affine,Greedy,8,8,2,18446744073709551615,0.016928978
"wine2-un",3,5,smart_certified,Greedy,8,8,2,18446744073709551615,0.103487638
"wine2-un",3,5,cals,SparseLookahead,16,8,2,18446744073709551615,0.844831847
"wine2-un",3,5,cals_compact_explain,SelectiveLookahead,16,4,2,18446744073709551615,0.260456089
"wine2-un",3,7,unary,Greedy,8,8,2,18446744073709551615,0.050493862
"wine2-un",3,7,horn,Greedy,8,8,2,18446744073709551615,0.022894455
"wine2-un",3,7,antihorn,Greedy,8,8,2,18446744073709551615,0.023423557
"wine2-un",3,7,square2cnf,Greedy,8,8,2,18446744073709551615,0.031508017
"wine2-un",3,7,affine,Greedy,8,8,2,18446744073709551615,0.023830767
"wine2-un",3,7,smart_certified,Greedy,8,8,2,18446744073709551615,0.132525192
"wine2-un",3,7,cals,SparseLookahead,16,8,2,18446744073709551615,1.151344998
"wine2-un",3,7,cals_compact_explain,SelectiveLookahead,16,4,2,18446744073709551615,0.392910381
"wine2-un",4,5,unary,Greedy,8,8,2,18446744073709551615,0.035828587
"wine2-un",4,5,horn,Greedy,8,8,2,18446744073709551615,0.015716458
"wine2-un",4,5,antihorn,Greedy,8,8,2,18446744073709551615,0.016327224
"wine2-un",4,5,square2cnf,Greedy,8,8,2,18446744073709551615,0.021714939
"wine2-un",4,5,affine,Greedy,8,8,2,18446744073709551615,0.015789059
"wine2-un",4,5,smart_certified,Greedy,8,8,2,18446744073709551615,0.100220812
"wine2-un",4,5,cals,SparseLookahead,16,8,2,18446744073709551615,0.300307534
"wine2-un",4,5,cals_compact_explain,SelectiveLookahead,16,4,2,18446744073709551615,0.304199825
"wine2-un",4,7,unary,Greedy,8,8,2,18446744073709551615,0.047206251
"wine2-un",4,7,horn,Greedy,8,8,2,18446744073709551615,0.020007612
"wine2-un",4,7,antihorn,Greedy,8,8,2,18446744073709551615,0.020327003
"wine2-un",4,7,square2cnf,Greedy,8,8,2,18446744073709551615,0.027768637
"wine2-un",4,7,affine,Greedy,8,8,2,18446744073709551615,0.020353849
"wine2-un",4,7,smart_certified,Greedy,8,8,2,18446744073709551615,0.127926263
"wine2-un",4,7,cals,SparseLookahead,16,8,2,18446744073709551615,0.561369835
"wine2-un",4,7,cals_compact_explain,SelectiveLookahead,16,4,2,18446744073709551615,0.419134403
"wine2-un",5,5,unary,Greedy,8,8,2,18446744073709551615,0.039547871
"wine2-un",5,5,horn,Greedy,8,8,2,18446744073709551615,0.016145803
"wine2-un",5,5,antihorn,Greedy,8,8,2,18446744073709551615,0.015890874
"wine2-un",5,5,square2cnf,Greedy,8,8,2,18446744073709551615,0.022741519
"wine2-un",5,5,affine,Greedy,8,8,2,18446744073709551615,0.016345456
"wine2-un",5,5,smart_certified,Greedy,8,8,2,18446744073709551615,0.062202134
"wine2-un",5,5,cals,SparseLookahead,16,8,2,18446744073709551615,0.504813783
"wine2-un",5,5,cals_compact_explain,SelectiveLookahead,16,4,2,18446744073709551615,0.410133774
"wine2-un",5,7,unary,Greedy,8,8,2,18446744073709551615,0.046927406
"wine2-un",5,7,horn,Greedy,8,8,2,18446744073709551615,0.024376228
"wine2-un",5,7,antihorn,Greedy,8,8,2,18446744073709551615,0.02042089
"wine2-un",5,7,square2cnf,Greedy,8,8,2,18446744073709551615,0.028907205
"wine2-un",5,7,affine,Greedy,8,8,2,18446744073709551615,0.02161182
"wine2-un",5,7,smart_certified,Greedy,8,8,2,18446744073709551615,0.072968591
"wine2-un",5,7,cals,SparseLookahead,16,8,2,18446744073709551615,0.860391687
"wine2-un",5,7,cals_compact_explain,SelectiveLookahead,16,4,2,18446744073709551615,0.605295741
"wine2-un",6,5,unary,Greedy,8,8,2,18446744073709551615,0.038466404
"wine2-un",6,5,horn,Greedy,8,8,2,18446744073709551615,0.015657246
"wine2-un",6,5,antihorn,Greedy,8,8,2,18446744073709551615,0.015279684
"wine2-un",6,5,square2cnf,Greedy,8,8,2,18446744073709551615,0.02236342
"wine2-un",6,5,affine,Greedy,8,8,2,18446744073709551615,0.015918502
"wine2-un",6,5,smart_certified,Greedy,8,8,2,18446744073709551615,0.095857308
"wine2-un",6,5,cals,SparseLookahead,16,8,2,18446744073709551615,0.489669323
"wine2-un",6,5,cals_compact_explain,SelectiveLookahead,16,4,2,18446744073709551615,0.328575146
"wine2-un",6,7,unary,Greedy,8,8,2,18446744073709551615,0.046973673
"wine2-un",6,7,horn,Greedy,8,8,2,18446744073709551615,0.020879935
"wine2-un",6,7,antihorn,Greedy,8,8,2,18446744073709551615,0.019544297
"wine2-un",6,7,square2cnf,Greedy,8,8,2,18446744073709551615,0.029258042
"wine2-un",6,7,affine,Greedy,8,8,2,18446744073709551615,0.021617129
"wine2-un",6,7,smart_certified,Greedy,8,8,2,18446744073709551615,0.129925597
"wine2-un",6,7,cals,SparseLookahead,16,8,2,18446744073709551615,0.495304297
"wine2-un",6,7,cals_compact_explain,SelectiveLookahead,16,4,2,18446744073709551615,0.358821484
"wine2-un",7,5,unary,Greedy,8,8,2,18446744073709551615,0.036774278
"wine2-un",7,5,horn,Greedy,8,8,2,18446744073709551615,0.016496422
"wine2-un",7,5,antihorn,Greedy,8,8,2,18446744073709551615,0.015840335
"wine2-un",7,5,square2cnf,Greedy,8,8,2,18446744073709551615,0.02749992
"wine2-un",7,5,affine,Greedy,8,8,2,18446744073709551615,0.014226837
"wine2-un",7,5,smart_certified,Greedy,8,8,2,18446744073709551615,0.098670655
"wine2-un",7,5,cals,SparseLookahead,16,8,2,18446744073709551615,0.735820983
"wine2-un",7,5,cals_compact_explain,SelectiveLookahead,16,4,2,18446744073709551615,0.241419927
"wine2-un",7,7,unary,Greedy,8,8,2,18446744073709551615,0.048169436
"wine2-un",7,7,horn,Greedy,8,8,2,18446744073709551615,0.021554007
"wine2-un",7,7,antihorn,Greedy,8,8,2,18446744073709551615,0.020189264
"wine2-un",7,7,square2cnf,Greedy,8,8,2,18446744073709551615,0.029040705
"wine2-un",7,7,affine,Greedy,8,8,2,18446744073709551615,0.019566494
"wine2-un",7,7,smart_certified,Greedy,8,8,2,18446744073709551615,0.125344764
"wine2-un",7,7,cals,SparseLookahead,16,8,2,18446744073709551615,1.027356208
"wine2-un",7,7,cals_compact_explain,SelectiveLookahead,16,4,2,18446744073709551615,0.380969004
"wine2-un",8,5,unary,Greedy,8,8,2,18446744073709551615,0.03755576
"wine2-un",8,5,horn,Greedy,8,8,2,18446744073709551615,0.016375695
"wine2-un",8,5,antihorn,Greedy,8,8,2,18446744073709551615,0.015694689
"wine2-un",8,5,square2cnf,Greedy,8,8,2,18446744073709551615,0.021613678
"wine2-un",8,5,affine,Greedy,8,8,2,18446744073709551615,0.015713621
"wine2-un",8,5,smart_certified,Greedy,8,8,2,18446744073709551615,0.124624712
"wine2-un",8,5,cals,SparseLookahead,16,8,2,18446744073709551615,0.435314728
"wine2-un",8,5,cals_compact_explain,SelectiveLookahead,16,4,2,18446744073709551615,0.344918686
"wine2-un",8,7,unary,Greedy,8,8,2,18446744073709551615,0.049229051
"wine2-un",8,7,horn,Greedy,8,8,2,18446744073709551615,0.021059795
"wine2-un",8,7,antihorn,Greedy,8,8,2,18446744073709551615,0.020057874
"wine2-un",8,7,square2cnf,Greedy,8,8,2,18446744073709551615,0.026978228
"wine2-un",8,7,affine,Greedy,8,8,2,18446744073709551615,0.019751987
"wine2-un",8,7,smart_certified,Greedy,8,8,2,18446744073709551615,0.130417942
"wine2-un",8,7,cals,SparseLookahead,16,8,2,18446744073709551615,0.431315929
"wine2-un",8,7,cals_compact_explain,SelectiveLookahead,16,4,2,18446744073709551615,0.346379707
"wine2-un",9,5,unary,Greedy,8,8,2,18446744073709551615,0.035988059
"wine2-un",9,5,horn,Greedy,8,8,2,18446744073709551615,0.018643682
"wine2-un",9,5,antihorn,Greedy,8,8,2,18446744073709551615,0.016119697
"wine2-un",9,5,square2cnf,Greedy,8,8,2,18446744073709551615,0.022790082
"wine2-un",9,5,affine,Greedy,8,8,2,18446744073709551615,0.016226373
"wine2-un",9,5,smart_certified,Greedy,8,8,2,18446744073709551615,0.107044844
"wine2-un",9,5,cals,SparseLookahead,16,8,2,18446744073709551615,0.491372697
"wine2-un",9,5,cals_compact_explain,SelectiveLookahead,16,4,2,18446744073709551615,0.407962945
"wine2-un",9,7,unary,Greedy,8,8,2,18446744073709551615,0.06239331
"wine2-un",9,7,horn,Greedy,8,8,2,18446744073709551615,0.023596531
"wine2-un",9,7,antihorn,Greedy,8,8,2,18446744073709551615,0.020982199
"wine2-un",9,7,square2cnf,Greedy,8,8,2,18446744073709551615,0.029515517
"wine2-un",9,7,affine,Greedy,8,8,2,18446744073709551615,0.020524217
"wine2-un",9,7,smart_certified,Greedy,8,8,2,18446744073709551615,0.129544119
"wine2-un",9,7,cals,SparseLookahead,16,8,2,18446744073709551615,0.806316873
"wine2-un",9,7,cals_compact_explain,SelectiveLookahead,16,4,2,18446744073709551615,0.446929847
"wine3-un",0,5,unary,Greedy,8,8,2,18446744073709551615,0.038878962
"wine3-un",0,5,horn,Greedy,8,8,2,18446744073709551615,0.016141164
"wine3-un",0,5,antihorn,Greedy,8,8,2,18446744073709551615,0.016641501
"wine3-un",0,5,square2cnf,Greedy,8,8,2,18446744073709551615,0.024481793
"wine3-un",0,5,affine,Greedy,8,8,2,18446744073709551615,0.015571847
"wine3-un",0,5,smart_certified,Greedy,8,8,2,18446744073709551615,0.094103811
"wine3-un",0,5,cals,SparseLookahead,16,8,2,18446744073709551615,0.276239477
"wine3-un",0,5,cals_compact_explain,SelectiveLookahead,16,4,2,18446744073709551615,0.31514274
"wine3-un",0,7,unary,Greedy,8,8,2,18446744073709551615,0.053281358
"wine3-un",0,7,horn,Greedy,8,8,2,18446744073709551615,0.024246808
"wine3-un",0,7,antihorn,Greedy,8,8,2,18446744073709551615,0.021295572
"wine3-un",0,7,square2cnf,Greedy,8,8,2,18446744073709551615,0.030937392
"wine3-un",0,7,affine,Greedy,8,8,2,18446744073709551615,0.021567432
"wine3-un",0,7,smart_certified,Greedy,8,8,2,18446744073709551615,0.132492639
"wine3-un",0,7,cals,SparseLookahead,16,8,2,18446744073709551615,0.27839905
"wine3-un",0,7,cals_compact_explain,SelectiveLookahead,16,4,2,18446744073709551615,0.320070541
"wine3-un",1,5,unary,Greedy,8,8,2,18446744073709551615,0.039668493
"wine3-un",1,5,horn,Greedy,8,8,2,18446744073709551615,0.016863321
"wine3-un",1,5,antihorn,Greedy,8,8,2,18446744073709551615,0.016427473
"wine3-un",1,5,square2cnf,Greedy,8,8,2,18446744073709551615,0.021437554
"wine3-un",1,5,affine,Greedy,8,8,2,18446744073709551615,0.013448212
"wine3-un",1,5,smart_certified,Greedy,8,8,2,18446744073709551615,0.108910833
"wine3-un",1,5,cals,SparseLookahead,16,8,2,18446744073709551615,0.329619095
"wine3-un",1,5,cals_compact_explain,SelectiveLookahead,16,4,2,18446744073709551615,0.313695021
"wine3-un",1,7,unary,Greedy,8,8,2,18446744073709551615,0.049230786
"wine3-un",1,7,horn,Greedy,8,8,2,18446744073709551615,0.0198664
"wine3-un",1,7,antihorn,Greedy,8,8,2,18446744073709551615,0.020158005
"wine3-un",1,7,square2cnf,Greedy,8,8,2,18446744073709551615,0.033752365
"wine3-un",1,7,affine,Greedy,8,8,2,18446744073709551615,0.019087048
"wine3-un",1,7,smart_certified,Greedy,8,8,2,18446744073709551615,0.135666562
"wine3-un",1,7,cals,SparseLookahead,16,8,2,18446744073709551615,0.468305554
"wine3-un",1,7,cals_compact_explain,SelectiveLookahead,16,4,2,18446744073709551615,0.341985214
"wine3-un",2,5,unary,Greedy,8,8,2,18446744073709551615,0.035365035
"wine3-un",2,5,horn,Greedy,8,8,2,18446744073709551615,0.016165739
"wine3-un",2,5,antihorn,Greedy,8,8,2,18446744073709551615,0.016937355
"wine3-un",2,5,square2cnf,Greedy,8,8,2,18446744073709551615,0.021595033
"wine3-un",2,5,affine,Greedy,8,8,2,18446744073709551615,0.012676917
"wine3-un",2,5,smart_certified,Greedy,8,8,2,18446744073709551615,0.09288499
"wine3-un",2,5,cals,SparseLookahead,16,8,2,18446744073709551615,0.325708468
"wine3-un",2,5,cals_compact_explain,SelectiveLookahead,16,4,2,18446744073709551615,0.273275688
"wine3-un",2,7,unary,Greedy,8,8,2,18446744073709551615,0.049059714
"wine3-un",2,7,horn,Greedy,8,8,2,18446744073709551615,0.020298625
"wine3-un",2,7,antihorn,Greedy,8,8,2,18446744073709551615,0.020652535
"wine3-un",2,7,square2cnf,Greedy,8,8,2,18446744073709551615,0.032382179
"wine3-un",2,7,affine,Greedy,8,8,2,18446744073709551615,0.018114152
"wine3-un",2,7,smart_certified,Greedy,8,8,2,18446744073709551615,0.132658105
"wine3-un",2,7,cals,SparseLookahead,16,8,2,18446744073709551615,0.429273397
"wine3-un",2,7,cals_compact_explain,SelectiveLookahead,16,4,2,18446744073709551615,0.331774251
"wine3-un",3,5,unary,Greedy,8,8,2,18446744073709551615,0.03668809
"wine3-un",3,5,horn,Greedy,8,8,2,18446744073709551615,0.015631994
"wine3-un",3,5,antihorn,Greedy,8,8,2,18446744073709551615,0.015537031
"wine3-un",3,5,square2cnf,Greedy,8,8,2,18446744073709551615,0.023747866
"wine3-un",3,5,affine,Greedy,8,8,2,18446744073709551615,0.0144461
"wine3-un",3,5,smart_certified,Greedy,8,8,2,18446744073709551615,0.090272487
"wine3-un",3,5,cals,SparseLookahead,16,8,2,18446744073709551615,0.298391318
"wine3-un",3,5,cals_compact_explain,SelectiveLookahead,16,4,2,18446744073709551615,0.223356711
"wine3-un",3,7,unary,Greedy,8,8,2,18446744073709551615,0.049512713
"wine3-un",3,7,horn,Greedy,8,8,2,18446744073709551615,0.020986361
"wine3-un",3,7,antihorn,Greedy,8,8,2,18446744073709551615,0.021222509
"wine3-un",3,7,square2cnf,Greedy,8,8,2,18446744073709551615,0.028612573
"wine3-un",3,7,affine,Greedy,8,8,2,18446744073709551615,0.01933715
"wine3-un",3,7,smart_certified,Greedy,8,8,2,18446744073709551615,0.124594421
"wine3-un",3,7,cals,SparseLookahead,16,8,2,18446744073709551615,0.317912984
"wine3-un",3,7,cals_compact_explain,SelectiveLookahead,16,4,2,18446744073709551615,0.269530963
"wine3-un",4,5,unary,Greedy,8,8,2,18446744073709551615,0.039771856
"wine3-un",4,5,horn,Greedy,8,8,2,18446744073709551615,0.016148103
"wine3-un",4,5,antihorn,Greedy,8,8,2,18446744073709551615,0.015438263
"wine3-un",4,5,square2cnf,Greedy,8,8,2,18446744073709551615,0.021726522
"wine3-un",4,5,affine,Greedy,8,8,2,18446744073709551615,0.014819783
"wine3-un",4,5,smart_certified,Greedy,8,8,2,18446744073709551615,0.096713885
"wine3-un",4,5,cals,SparseLookahead,16,8,2,18446744073709551615,0.314750591
"wine3-un",4,5,cals_compact_explain,SelectiveLookahead,16,4,2,18446744073709551615,0.207738158
"wine3-un",4,7,unary,Greedy,8,8,2,18446744073709551615,0.047324115
"wine3-un",4,7,horn,Greedy,8,8,2,18446744073709551615,0.020321012
"wine3-un",4,7,antihorn,Greedy,8,8,2,18446744073709551615,0.019952081
"wine3-un",4,7,square2cnf,Greedy,8,8,2,18446744073709551615,0.028616837
"wine3-un",4,7,affine,Greedy,8,8,2,18446744073709551615,0.018461136
"wine3-un",4,7,smart_certified,Greedy,8,8,2,18446744073709551615,0.138018853
"wine3-un",4,7,cals,SparseLookahead,16,8,2,18446744073709551615,0.325987212
"wine3-un",4,7,cals_compact_explain,SelectiveLookahead,16,4,2,18446744073709551615,0.295839659
"wine3-un",5,5,unary,Greedy,8,8,2,18446744073709551615,0.036642746
"wine3-un",5,5,horn,Greedy,8,8,2,18446744073709551615,0.016456351
"wine3-un",5,5,antihorn,Greedy,8,8,2,18446744073709551615,0.014946392
"wine3-un",5,5,square2cnf,Greedy,8,8,2,18446744073709551615,0.022018404
"wine3-un",5,5,affine,Greedy,8,8,2,18446744073709551615,0.013947256
"wine3-un",5,5,smart_certified,Greedy,8,8,2,18446744073709551615,0.093950591
"wine3-un",5,5,cals,SparseLookahead,16,8,2,18446744073709551615,0.233399707
"wine3-un",5,5,cals_compact_explain,SelectiveLookahead,16,4,2,18446744073709551615,0.228635082
"wine3-un",5,7,unary,Greedy,8,8,2,18446744073709551615,0.053058939
"wine3-un",5,7,horn,Greedy,8,8,2,18446744073709551615,0.021491408
"wine3-un",5,7,antihorn,Greedy,8,8,2,18446744073709551615,0.019182444
"wine3-un",5,7,square2cnf,Greedy,8,8,2,18446744073709551615,0.027439675
"wine3-un",5,7,affine,Greedy,8,8,2,18446744073709551615,0.020052365
"wine3-un",5,7,smart_certified,Greedy,8,8,2,18446744073709551615,0.131606504
"wine3-un",5,7,cals,SparseLookahead,16,8,2,18446744073709551615,0.233621166
"wine3-un",5,7,cals_compact_explain,SelectiveLookahead,16,4,2,18446744073709551615,0.231035124
"wine3-un",6,5,unary,Greedy,8,8,2,18446744073709551615,0.036218351
"wine3-un",6,5,horn,Greedy,8,8,2,18446744073709551615,0.016902683
"wine3-un",6,5,antihorn,Greedy,8,8,2,18446744073709551615,0.016319006
"wine3-un",6,5,square2cnf,Greedy,8,8,2,18446744073709551615,0.021120903
"wine3-un",6,5,affine,Greedy,8,8,2,18446744073709551615,0.014087598
"wine3-un",6,5,smart_certified,Greedy,8,8,2,18446744073709551615,0.092754061
"wine3-un",6,5,cals,SparseLookahead,16,8,2,18446744073709551615,0.313978469
"wine3-un",6,5,cals_compact_explain,SelectiveLookahead,16,4,2,18446744073709551615,0.308615695
"wine3-un",6,7,unary,Greedy,8,8,2,18446744073709551615,0.053648454
"wine3-un",6,7,horn,Greedy,8,8,2,18446744073709551615,0.021037638
"wine3-un",6,7,antihorn,Greedy,8,8,2,18446744073709551615,0.019869204
"wine3-un",6,7,square2cnf,Greedy,8,8,2,18446744073709551615,0.030506718
"wine3-un",6,7,affine,Greedy,8,8,2,18446744073709551615,0.0190439
"wine3-un",6,7,smart_certified,Greedy,8,8,2,18446744073709551615,0.134332768
"wine3-un",6,7,cals,SparseLookahead,16,8,2,18446744073709551615,0.324339045
"wine3-un",6,7,cals_compact_explain,SelectiveLookahead,16,4,2,18446744073709551615,0.297745905
"wine3-un",7,5,unary,Greedy,8,8,2,18446744073709551615,0.036238581
"wine3-un",7,5,horn,Greedy,8,8,2,18446744073709551615,0.016013223
"wine3-un",7,5,antihorn,Greedy,8,8,2,18446744073709551615,0.015608458
"wine3-un",7,5,square2cnf,Greedy,8,8,2,18446744073709551615,0.022660934
"wine3-un",7,5,affine,Greedy,8,8,2,18446744073709551615,0.013367128
"wine3-un",7,5,smart_certified,Greedy,8,8,2,18446744073709551615,0.097943235
"wine3-un",7,5,cals,SparseLookahead,16,8,2,18446744073709551615,0.594635922
"wine3-un",7,5,cals_compact_explain,SelectiveLookahead,16,4,2,18446744073709551615,0.352076429
"wine3-un",7,7,unary,Greedy,8,8,2,18446744073709551615,0.051723123
"wine3-un",7,7,horn,Greedy,8,8,2,18446744073709551615,0.021197357
"wine3-un",7,7,antihorn,Greedy,8,8,2,18446744073709551615,0.021218669
"wine3-un",7,7,square2cnf,Greedy,8,8,2,18446744073709551615,0.032337227
"wine3-un",7,7,affine,Greedy,8,8,2,18446744073709551615,0.018863284
"wine3-un",7,7,smart_certified,Greedy,8,8,2,18446744073709551615,0.130804935
"wine3-un",7,7,cals,SparseLookahead,16,8,2,18446744073709551615,0.608554921
"wine3-un",7,7,cals_compact_explain,SelectiveLookahead,16,4,2,18446744073709551615,0.376170656
"wine3-un",8,5,unary,Greedy,8,8,2,18446744073709551615,0.039858644
"wine3-un",8,5,horn,Greedy,8,8,2,18446744073709551615,0.015984977
"wine3-un",8,5,antihorn,Greedy,8,8,2,18446744073709551615,0.015551837
"wine3-un",8,5,square2cnf,Greedy,8,8,2,18446744073709551615,0.024098955
"wine3-un",8,5,affine,Greedy,8,8,2,18446744073709551615,0.014774186
"wine3-un",8,5,smart_certified,Greedy,8,8,2,18446744073709551615,0.094369455
"wine3-un",8,5,cals,SparseLookahead,16,8,2,18446744073709551615,0.474513318
"wine3-un",8,5,cals_compact_explain,SelectiveLookahead,16,4,2,18446744073709551615,0.334291781
"wine3-un",8,7,unary,Greedy,8,8,2,18446744073709551615,0.049207903
"wine3-un",8,7,horn,Greedy,8,8,2,18446744073709551615,0.022937454
"wine3-un",8,7,antihorn,Greedy,8,8,2,18446744073709551615,0.020874021
"wine3-un",8,7,square2cnf,Greedy,8,8,2,18446744073709551615,0.02984717
"wine3-un",8,7,affine,Greedy,8,8,2,18446744073709551615,0.020156308
"wine3-un",8,7,smart_certified,Greedy,8,8,2,18446744073709551615,0.128950524
"wine3-un",8,7,cals,SparseLookahead,16,8,2,18446744073709551615,0.477247985
"wine3-un",8,7,cals_compact_explain,SelectiveLookahead,16,4,2,18446744073709551615,0.330489635
"wine3-un",9,5,unary,Greedy,8,8,2,18446744073709551615,0.038149912
"wine3-un",9,5,horn,Greedy,8,8,2,18446744073709551615,0.016866661
"wine3-un",9,5,antihorn,Greedy,8,8,2,18446744073709551615,0.016699156
"wine3-un",9,5,square2cnf,Greedy,8,8,2,18446744073709551615,0.021713866
"wine3-un",9,5,affine,Greedy,8,8,2,18446744073709551615,0.013915856
"wine3-un",9,5,smart_certified,Greedy,8,8,2,18446744073709551615,0.097322734
"wine3-un",9,5,cals,SparseLookahead,16,8,2,18446744073709551615,0.270335001
"wine3-un",9,5,cals_compact_explain,SelectiveLookahead,16,4,2,18446744073709551615,0.208569695
"wine3-un",9,7,unary,Greedy,8,8,2,18446744073709551615,0.055029574
"wine3-un",9,7,horn,Greedy,8,8,2,18446744073709551615,0.020334098
"wine3-un",9,7,antihorn,Greedy,8,8,2,18446744073709551615,0.020040892
"wine3-un",9,7,square2cnf,Greedy,8,8,2,18446744073709551615,0.029646897
"wine3-un",9,7,affine,Greedy,8,8,2,18446744073709551615,0.019054781
"wine3-un",9,7,smart_certified,Greedy,8,8,2,18446744073709551615,0.132793205
"wine3-un",9,7,cals,SparseLookahead,16,8,2,18446744073709551615,0.289698254
"wine3-un",9,7,cals_compact_explain,SelectiveLookahead,16,4,2,18446744073709551615,0.206775736
"winequality-red-bin",0,5,unary,Greedy,8,8,2,18446744073709551615,0.003077351
"winequality-red-bin",0,5,horn,Greedy,8,8,2,18446744073709551615,0.00524952
"winequality-red-bin",0,5,antihorn,Greedy,8,8,2,18446744073709551615,0.004475285
"winequality-red-bin",0,5,square2cnf,Greedy,8,8,2,18446744073709551615,0.050877583
"winequality-red-bin",0,5,affine,Greedy,8,8,2,18446744073709551615,0.020061224
"winequality-red-bin",0,5,smart_certified,Greedy,8,8,2,18446744073709551615,0.094109054
"winequality-red-bin",0,5,cals,SparseLookahead,16,8,2,18446744073709551615,0.475352427
"winequality-red-bin",0,5,cals_compact_explain,SelectiveLookahead,16,4,2,18446744073709551615,0.119656292
"winequality-red-bin",0,7,unary,Greedy,8,8,2,18446744073709551615,0.003658287
"winequality-red-bin",0,7,horn,Greedy,8,8,2,18446744073709551615,0.005298117
"winequality-red-bin",0,7,antihorn,Greedy,8,8,2,18446744073709551615,0.005270775
"winequality-red-bin",0,7,square2cnf,Greedy,8,8,2,18446744073709551615,0.057075858
"winequality-red-bin",0,7,affine,Greedy,8,8,2,18446744073709551615,0.026579068
"winequality-red-bin",0,7,smart_certified,Greedy,8,8,2,18446744073709551615,0.11739898
"winequality-red-bin",0,7,cals,SparseLookahead,16,8,2,18446744073709551615,0.483116831
"winequality-red-bin",0,7,cals_compact_explain,SelectiveLookahead,16,4,2,18446744073709551615,0.12365298
"winequality-red-bin",1,5,unary,Greedy,8,8,2,18446744073709551615,0.002007494
"winequality-red-bin",1,5,horn,Greedy,8,8,2,18446744073709551615,0.003949033
"winequality-red-bin",1,5,antihorn,Greedy,8,8,2,18446744073709551615,0.004014556
"winequality-red-bin",1,5,square2cnf,Greedy,8,8,2,18446744073709551615,0.038453027
"winequality-red-bin",1,5,affine,Greedy,8,8,2,18446744073709551615,0.018712115
"winequality-red-bin",1,5,smart_certified,Greedy,8,8,2,18446744073709551615,0.052949759
"winequality-red-bin",1,5,cals,SparseLookahead,16,8,2,18446744073709551615,7.487022414
"winequality-red-bin",1,5,cals_compact_explain,SelectiveLookahead,16,4,2,18446744073709551615,2.399415649
"winequality-red-bin",1,7,unary,Greedy,8,8,2,18446744073709551615,0.002193389
"winequality-red-bin",1,7,horn,Greedy,8,8,2,18446744073709551615,0.00406634
"winequality-red-bin",1,7,antihorn,Greedy,8,8,2,18446744073709551615,0.004292449
"winequality-red-bin",1,7,square2cnf,Greedy,8,8,2,18446744073709551615,0.038215465
"winequality-red-bin",1,7,affine,Greedy,8,8,2,18446744073709551615,0.024636962
"winequality-red-bin",1,7,smart_certified,Greedy,8,8,2,18446744073709551615,0.055881591
"winequality-red-bin",1,7,cals,SparseLookahead,16,8,2,18446744073709551615,7.425837162
"winequality-red-bin",1,7,cals_compact_explain,SelectiveLookahead,16,4,2,18446744073709551615,2.424522027
"winequality-red-bin",2,5,unary,Greedy,8,8,2,18446744073709551615,0.002134311
"winequality-red-bin",2,5,horn,Greedy,8,8,2,18446744073709551615,0.00431209
"winequality-red-bin",2,5,antihorn,Greedy,8,8,2,18446744073709551615,0.004673409
"winequality-red-bin",2,5,square2cnf,Greedy,8,8,2,18446744073709551615,0.033368963
"winequality-red-bin",2,5,affine,Greedy,8,8,2,18446744073709551615,0.016307564
"winequality-red-bin",2,5,smart_certified,Greedy,8,8,2,18446744073709551615,0.065911171
"winequality-red-bin",2,5,cals,SparseLookahead,16,8,2,18446744073709551615,1.439659607
"winequality-red-bin",2,5,cals_compact_explain,SelectiveLookahead,16,4,2,18446744073709551615,0.153135245
"winequality-red-bin",2,7,unary,Greedy,8,8,2,18446744073709551615,0.002214026
"winequality-red-bin",2,7,horn,Greedy,8,8,2,18446744073709551615,0.004170562
"winequality-red-bin",2,7,antihorn,Greedy,8,8,2,18446744073709551615,0.004330047
"winequality-red-bin",2,7,square2cnf,Greedy,8,8,2,18446744073709551615,0.035952196
"winequality-red-bin",2,7,affine,Greedy,8,8,2,18446744073709551615,0.017549488
"winequality-red-bin",2,7,smart_certified,Greedy,8,8,2,18446744073709551615,0.068371144
"winequality-red-bin",2,7,cals,SparseLookahead,16,8,2,18446744073709551615,1.496522497
"winequality-red-bin",2,7,cals_compact_explain,SelectiveLookahead,16,4,2,18446744073709551615,0.163923624
"winequality-red-bin",3,5,unary,Greedy,8,8,2,18446744073709551615,0.002206514
"winequality-red-bin",3,5,horn,Greedy,8,8,2,18446744073709551615,0.003539667
"winequality-red-bin",3,5,antihorn,Greedy,8,8,2,18446744073709551615,0.004682367
"winequality-red-bin",3,5,square2cnf,Greedy,8,8,2,18446744073709551615,0.031824956
"winequality-red-bin",3,5,affine,Greedy,8,8,2,18446744073709551615,0.012910613
"winequality-red-bin",3,5,smart_certified,Greedy,8,8,2,18446744073709551615,0.070465815
"winequality-red-bin",3,5,cals,SparseLookahead,16,8,2,18446744073709551615,0.186286076
"winequality-red-bin",3,5,cals_compact_explain,SelectiveLookahead,16,4,2,18446744073709551615,0.100244187
"winequality-red-bin",3,7,unary,Greedy,8,8,2,18446744073709551615,0.002272694
"winequality-red-bin",3,7,horn,Greedy,8,8,2,18446744073709551615,0.005473811
"winequality-red-bin",3,7,antihorn,Greedy,8,8,2,18446744073709551615,0.004771324
"winequality-red-bin",3,7,square2cnf,Greedy,8,8,2,18446744073709551615,0.036805817
"winequality-red-bin",3,7,affine,Greedy,8,8,2,18446744073709551615,0.016547354
"winequality-red-bin",3,7,smart_certified,Greedy,8,8,2,18446744073709551615,0.067347188
"winequality-red-bin",3,7,cals,SparseLookahead,16,8,2,18446744073709551615,0.178384835
"winequality-red-bin",3,7,cals_compact_explain,SelectiveLookahead,16,4,2,18446744073709551615,0.095216191
"winequality-red-bin",4,5,unary,Greedy,8,8,2,18446744073709551615,0.002252815
"winequality-red-bin",4,5,horn,Greedy,8,8,2,18446744073709551615,0.004033824
"winequality-red-bin",4,5,antihorn,Greedy,8,8,2,18446744073709551615,0.005631929
"winequality-red-bin",4,5,square2cnf,Greedy,8,8,2,18446744073709551615,0.04594559
"winequality-red-bin",4,5,affine,Greedy,8,8,2,18446744073709551615,0.020205537
"winequality-red-bin",4,5,smart_certified,Greedy,8,8,2,18446744073709551615,0.056348077
"winequality-red-bin",4,5,cals,SparseLookahead,16,8,2,18446744073709551615,1.139202077
"winequality-red-bin",4,5,cals_compact_explain,SelectiveLookahead,16,4,2,18446744073709551615,0.053060109
"winequality-red-bin",4,7,unary,Greedy,8,8,2,18446744073709551615,0.002792038
"winequality-red-bin",4,7,horn,Greedy,8,8,2,18446744073709551615,0.005092291
"winequality-red-bin",4,7,antihorn,Greedy,8,8,2,18446744073709551615,0.005534086
"winequality-red-bin",4,7,square2cnf,Greedy,8,8,2,18446744073709551615,0.050545963
"winequality-red-bin",4,7,affine,Greedy,8,8,2,18446744073709551615,0.026918151
"winequality-red-bin",4,7,smart_certified,Greedy,8,8,2,18446744073709551615,0.086093471
"winequality-red-bin",4,7,cals,SparseLookahead,16,8,2,18446744073709551615,1.19892693
"winequality-red-bin",4,7,cals_compact_explain,SelectiveLookahead,16,4,2,18446744073709551615,0.059551995
"winequality-red-bin",5,5,unary,Greedy,8,8,2,18446744073709551615,0.002268489
"winequality-red-bin",5,5,horn,Greedy,8,8,2,18446744073709551615,0.00536793
"winequality-red-bin",5,5,antihorn,Greedy,8,8,2,18446744073709551615,0.004253213
"winequality-red-bin",5,5,square2cnf,Greedy,8,8,2,18446744073709551615,0.043445763
"winequality-red-bin",5,5,affine,Greedy,8,8,2,18446744073709551615,0.024226471
"winequality-red-bin",5,5,smart_certified,Greedy,8,8,2,18446744073709551615,0.085903915
"winequality-red-bin",5,5,cals,SparseLookahead,16,8,2,18446744073709551615,1.6445434780000001
"winequality-red-bin",5,5,cals_compact_explain,SelectiveLookahead,16,4,2,18446744073709551615,0.39899125
"winequality-red-bin",5,7,unary,Greedy,8,8,2,18446744073709551615,0.002418767
"winequality-red-bin",5,7,horn,Greedy,8,8,2,18446744073709551615,0.005671382
"winequality-red-bin",5,7,antihorn,Greedy,8,8,2,18446744073709551615,0.004851461
"winequality-red-bin",5,7,square2cnf,Greedy,8,8,2,18446744073709551615,0.050622705
"winequality-red-bin",5,7,affine,Greedy,8,8,2,18446744073709551615,0.023971123
"winequality-red-bin",5,7,smart_certified,Greedy,8,8,2,18446744073709551615,0.092672878
"winequality-red-bin",5,7,cals,SparseLookahead,16,8,2,18446744073709551615,1.736618965
"winequality-red-bin",5,7,cals_compact_explain,SelectiveLookahead,16,4,2,18446744073709551615,0.419444916
"winequality-red-bin",6,5,unary,Greedy,8,8,2,18446744073709551615,0.002804841
"winequality-red-bin",6,5,horn,Greedy,8,8,2,18446744073709551615,0.005218729
"winequality-red-bin",6,5,antihorn,Greedy,8,8,2,18446744073709551615,0.005625849
"winequality-red-bin",6,5,square2cnf,Greedy,8,8,2,18446744073709551615,0.057487526
"winequality-red-bin",6,5,affine,Greedy,8,8,2,18446744073709551615,0.021841348
"winequality-red-bin",6,5,smart_certified,Greedy,8,8,2,18446744073709551615,0.092995651
"winequality-red-bin",6,5,cals,SparseLookahead,16,8,2,18446744073709551615,0.9243041
"winequality-red-bin",6,5,cals_compact_explain,SelectiveLookahead,16,4,2,18446744073709551615,0.197053293
"winequality-red-bin",6,7,unary,Greedy,8,8,2,18446744073709551615,0.002695041
"winequality-red-bin",6,7,horn,Greedy,8,8,2,18446744073709551615,0.005393376
"winequality-red-bin",6,7,antihorn,Greedy,8,8,2,18446744073709551615,0.005533628
"winequality-red-bin",6,7,square2cnf,Greedy,8,8,2,18446744073709551615,0.061167455
"winequality-red-bin",6,7,affine,Greedy,8,8,2,18446744073709551615,0.026770062
"winequality-red-bin",6,7,smart_certified,Greedy,8,8,2,18446744073709551615,0.112417026
"winequality-red-bin",6,7,cals,SparseLookahead,16,8,2,18446744073709551615,0.935766613
"winequality-red-bin",6,7,cals_compact_explain,SelectiveLookahead,16,4,2,18446744073709551615,0.214571616
"winequality-red-bin",7,5,unary,Greedy,8,8,2,18446744073709551615,0.003113898
"winequality-red-bin",7,5,horn,Greedy,8,8,2,18446744073709551615,0.00479199
"winequality-red-bin",7,5,antihorn,Greedy,8,8,2,18446744073709551615,0.005152662
"winequality-red-bin",7,5,square2cnf,Greedy,8,8,2,18446744073709551615,0.047977942
"winequality-red-bin",7,5,affine,Greedy,8,8,2,18446744073709551615,0.023274986
"winequality-red-bin",7,5,smart_certified,Greedy,8,8,2,18446744073709551615,0.118800899
"winequality-red-bin",7,5,cals,SparseLookahead,16,8,2,18446744073709551615,0.218144115
"winequality-red-bin",7,5,cals_compact_explain,SelectiveLookahead,16,4,2,18446744073709551615,0.083573697
"winequality-red-bin",7,7,unary,Greedy,8,8,2,18446744073709551615,0.003478093
"winequality-red-bin",7,7,horn,Greedy,8,8,2,18446744073709551615,0.005773478
"winequality-red-bin",7,7,antihorn,Greedy,8,8,2,18446744073709551615,0.007142055
"winequality-red-bin",7,7,square2cnf,Greedy,8,8,2,18446744073709551615,0.060942974
"winequality-red-bin",7,7,affine,Greedy,8,8,2,18446744073709551615,0.031078078
"winequality-red-bin",7,7,smart_certified,Greedy,8,8,2,18446744073709551615,0.137907532
"winequality-red-bin",7,7,cals,SparseLookahead,16,8,2,18446744073709551615,0.21495426
"winequality-red-bin",7,7,cals_compact_explain,SelectiveLookahead,16,4,2,18446744073709551615,0.082580696
"winequality-red-bin",8,5,unary,Greedy,8,8,2,18446744073709551615,0.002880624
"winequality-red-bin",8,5,horn,Greedy,8,8,2,18446744073709551615,0.004513543
"winequality-red-bin",8,5,antihorn,Greedy,8,8,2,18446744073709551615,0.005454228
"winequality-red-bin",8,5,square2cnf,Greedy,8,8,2,18446744073709551615,0.045312844
"winequality-red-bin",8,5,affine,Greedy,8,8,2,18446744073709551615,0.022386461
"winequality-red-bin",8,5,smart_certified,Greedy,8,8,2,18446744073709551615,0.103570312
"winequality-red-bin",8,5,cals,SparseLookahead,16,8,2,18446744073709551615,1.806743465
"winequality-red-bin",8,5,cals_compact_explain,SelectiveLookahead,16,4,2,18446744073709551615,0.195223739
"winequality-red-bin",8,7,unary,Greedy,8,8,2,18446744073709551615,0.003391008
"winequality-red-bin",8,7,horn,Greedy,8,8,2,18446744073709551615,0.006048565
"winequality-red-bin",8,7,antihorn,Greedy,8,8,2,18446744073709551615,0.006207776
"winequality-red-bin",8,7,square2cnf,Greedy,8,8,2,18446744073709551615,0.052328305
"winequality-red-bin",8,7,affine,Greedy,8,8,2,18446744073709551615,0.026649483
"winequality-red-bin",8,7,smart_certified,Greedy,8,8,2,18446744073709551615,0.125236789
"winequality-red-bin",8,7,cals,SparseLookahead,16,8,2,18446744073709551615,1.858284659
"winequality-red-bin",8,7,cals_compact_explain,SelectiveLookahead,16,4,2,18446744073709551615,0.179640758
"winequality-red-bin",9,5,unary,Greedy,8,8,2,18446744073709551615,0.002504909
"winequality-red-bin",9,5,horn,Greedy,8,8,2,18446744073709551615,0.003818463
"winequality-red-bin",9,5,antihorn,Greedy,8,8,2,18446744073709551615,0.004935911
"winequality-red-bin",9,5,square2cnf,Greedy,8,8,2,18446744073709551615,0.033605217
"winequality-red-bin",9,5,affine,Greedy,8,8,2,18446744073709551615,0.023776411
"winequality-red-bin",9,5,smart_certified,Greedy,8,8,2,18446744073709551615,0.094699295
"winequality-red-bin",9,5,cals,SparseLookahead,16,8,2,18446744073709551615,0.997464942
"winequality-red-bin",9,5,cals_compact_explain,SelectiveLookahead,16,4,2,18446744073709551615,0.060896319
"winequality-red-bin",9,7,unary,Greedy,8,8,2,18446744073709551615,0.003130262
"winequality-red-bin",9,7,horn,Greedy,8,8,2,18446744073709551615,0.004093281
"winequality-red-bin",9,7,antihorn,Greedy,8,8,2,18446744073709551615,0.005632608
"winequality-red-bin",9,7,square2cnf,Greedy,8,8,2,18446744073709551615,0.044691243
"winequality-red-bin",9,7,affine,Greedy,8,8,2,18446744073709551615,0.029392336
"winequality-red-bin",9,7,smart_certified,Greedy,8,8,2,18446744073709551615,0.120476524
"winequality-red-bin",9,7,cals,SparseLookahead,16,8,2,18446744073709551615,1.032223468
"winequality-red-bin",9,7,cals_compact_explain,SelectiveLookahead,16,4,2,18446744073709551615,0.065308426
"yeast",0,5,unary,Greedy,8,8,2,18446744073709551615,0.010191874
"yeast",0,5,horn,Greedy,8,8,2,18446744073709551615,0.01189077
"yeast",0,5,antihorn,Greedy,8,8,2,18446744073709551615,0.011907006
"yeast",0,5,square2cnf,Greedy,8,8,2,18446744073709551615,0.070389236
"yeast",0,5,affine,Greedy,8,8,2,18446744073709551615,0.034462305
"yeast",0,5,smart_certified,Greedy,8,8,2,18446744073709551615,0.128948508
"yeast",0,5,cals,SparseLookahead,16,8,2,18446744073709551615,2.826875426
"yeast",0,5,cals_compact_explain,SelectiveLookahead,16,4,2,18446744073709551615,1.177322233
"yeast",0,7,unary,Greedy,8,8,2,18446744073709551615,0.015893388
"yeast",0,7,horn,Greedy,8,8,2,18446744073709551615,0.022218585
"yeast",0,7,antihorn,Greedy,8,8,2,18446744073709551615,0.024385825
"yeast",0,7,square2cnf,Greedy,8,8,2,18446744073709551615,0.16924282
"yeast",0,7,affine,Greedy,8,8,2,18446744073709551615,0.079437526
"yeast",0,7,smart_certified,Greedy,8,8,2,18446744073709551615,0.900479844
"yeast",0,7,cals,SparseLookahead,16,8,2,18446744073709551615,7.003005908
"yeast",0,7,cals_compact_explain,SelectiveLookahead,16,4,2,18446744073709551615,2.300262034
"yeast",1,5,unary,Greedy,8,8,2,18446744073709551615,0.007074795
"yeast",1,5,horn,Greedy,8,8,2,18446744073709551615,0.012086327
"yeast",1,5,antihorn,Greedy,8,8,2,18446744073709551615,0.012738155
"yeast",1,5,square2cnf,Greedy,8,8,2,18446744073709551615,0.069467146
"yeast",1,5,affine,Greedy,8,8,2,18446744073709551615,0.016050842
"yeast",1,5,smart_certified,Greedy,8,8,2,18446744073709551615,0.114886666
"yeast",1,5,cals,SparseLookahead,16,8,2,18446744073709551615,0.450911003
"yeast",1,5,cals_compact_explain,SelectiveLookahead,16,4,2,18446744073709551615,0.137173569
"yeast",1,7,unary,Greedy,8,8,2,18446744073709551615,0.013980736
"yeast",1,7,horn,Greedy,8,8,2,18446744073709551615,0.025941315
"yeast",1,7,antihorn,Greedy,8,8,2,18446744073709551615,0.025506581
"yeast",1,7,square2cnf,Greedy,8,8,2,18446744073709551615,0.184099178
"yeast",1,7,affine,Greedy,8,8,2,18446744073709551615,0.03821678
"yeast",1,7,smart_certified,Greedy,8,8,2,18446744073709551615,0.895518373
"yeast",1,7,cals,SparseLookahead,16,8,2,18446744073709551615,0.725315163
"yeast",1,7,cals_compact_explain,SelectiveLookahead,16,4,2,18446744073709551615,0.239515987
"yeast",2,5,unary,Greedy,8,8,2,18446744073709551615,0.007683561
"yeast",2,5,horn,Greedy,8,8,2,18446744073709551615,0.011437676
"yeast",2,5,antihorn,Greedy,8,8,2,18446744073709551615,0.011484826
"yeast",2,5,square2cnf,Greedy,8,8,2,18446744073709551615,0.076371284
"yeast",2,5,affine,Greedy,8,8,2,18446744073709551615,0.023352153
"yeast",2,5,smart_certified,Greedy,8,8,2,18446744073709551615,0.127872696
"yeast",2,5,cals,SparseLookahead,16,8,2,18446744073709551615,1.198588585
"yeast",2,5,cals_compact_explain,SelectiveLookahead,16,4,2,18446744073709551615,3.192228268
"yeast",2,7,unary,Greedy,8,8,2,18446744073709551615,0.014696825
"yeast",2,7,horn,Greedy,8,8,2,18446744073709551615,0.02049913
"yeast",2,7,antihorn,Greedy,8,8,2,18446744073709551615,0.019756136
"yeast",2,7,square2cnf,Greedy,8,8,2,18446744073709551615,0.138744084
"yeast",2,7,affine,Greedy,8,8,2,18446744073709551615,0.055779952
"yeast",2,7,smart_certified,Greedy,8,8,2,18446744073709551615,0.814956501
"yeast",2,7,cals,SparseLookahead,16,8,2,18446744073709551615,1.562352137
"yeast",2,7,cals_compact_explain,SelectiveLookahead,16,4,2,18446744073709551615,4.990829921
"yeast",3,5,unary,Greedy,8,8,2,18446744073709551615,0.007569126
"yeast",3,5,horn,Greedy,8,8,2,18446744073709551615,0.012130155
"yeast",3,5,antihorn,Greedy,8,8,2,18446744073709551615,0.012189927
"yeast",3,5,square2cnf,Greedy,8,8,2,18446744073709551615,0.06481317
"yeast",3,5,affine,Greedy,8,8,2,18446744073709551615,0.027500919
"yeast",3,5,smart_certified,Greedy,8,8,2,18446744073709551615,0.121039937
"yeast",3,5,cals,SparseLookahead,16,8,2,18446744073709551615,0.679915813
"yeast",3,5,cals_compact_explain,SelectiveLookahead,16,4,2,18446744073709551615,1.204253875
"yeast",3,7,unary,Greedy,8,8,2,18446744073709551615,0.012817382
"yeast",3,7,horn,Greedy,8,8,2,18446744073709551615,0.023117035
"yeast",3,7,antihorn,Greedy,8,8,2,18446744073709551615,0.020491036
"yeast",3,7,square2cnf,Greedy,8,8,2,18446744073709551615,0.140982772
"yeast",3,7,affine,Greedy,8,8,2,18446744073709551615,0.059207933
"yeast",3,7,smart_certified,Greedy,8,8,2,18446744073709551615,0.395315066
"yeast",3,7,cals,SparseLookahead,16,8,2,18446744073709551615,0.971256665
"yeast",3,7,cals_compact_explain,SelectiveLookahead,16,4,2,18446744073709551615,2.37432855
"yeast",4,5,unary,Greedy,8,8,2,18446744073709551615,0.007151263
"yeast",4,5,horn,Greedy,8,8,2,18446744073709551615,0.011602034
"yeast",4,5,antihorn,Greedy,8,8,2,18446744073709551615,0.013076173
"yeast",4,5,square2cnf,Greedy,8,8,2,18446744073709551615,0.066861517
"yeast",4,5,affine,Greedy,8,8,2,18446744073709551615,0.026029924
"yeast",4,5,smart_certified,Greedy,8,8,2,18446744073709551615,0.110041481
"yeast",4,5,cals,SparseLookahead,16,8,2,18446744073709551615,0.18599919
"yeast",4,5,cals_compact_explain,SelectiveLookahead,16,4,2,18446744073709551615,0.158163699
"yeast",4,7,unary,Greedy,8,8,2,18446744073709551615,0.01262182
"yeast",4,7,horn,Greedy,8,8,2,18446744073709551615,0.02377292
"yeast",4,7,antihorn,Greedy,8,8,2,18446744073709551615,0.023140088
"yeast",4,7,square2cnf,Greedy,8,8,2,18446744073709551615,0.159396099
"yeast",4,7,affine,Greedy,8,8,2,18446744073709551615,0.057166477
"yeast",4,7,smart_certified,Greedy,8,8,2,18446744073709551615,0.242511726
"yeast",4,7,cals,SparseLookahead,16,8,2,18446744073709551615,0.222699201
"yeast",4,7,cals_compact_explain,SelectiveLookahead,16,4,2,18446744073709551615,0.269371444
"yeast",5,5,unary,Greedy,8,8,2,18446744073709551615,0.00794716
"yeast",5,5,horn,Greedy,8,8,2,18446744073709551615,0.012065733
"yeast",5,5,antihorn,Greedy,8,8,2,18446744073709551615,0.01277878
"yeast",5,5,square2cnf,Greedy,8,8,2,18446744073709551615,0.071214881
"yeast",5,5,affine,Greedy,8,8,2,18446744073709551615,0.026240317
"yeast",5,5,smart_certified,Greedy,8,8,2,18446744073709551615,0.126949999
"yeast",5,5,cals,SparseLookahead,16,8,2,18446744073709551615,1.5388856290000001
"yeast",5,5,cals_compact_explain,SelectiveLookahead,16,4,2,18446744073709551615,5.227975104
"yeast",5,7,unary,Greedy,8,8,2,18446744073709551615,0.016666707
"yeast",5,7,horn,Greedy,8,8,2,18446744073709551615,0.024049673
"yeast",5,7,antihorn,Greedy,8,8,2,18446744073709551615,0.024251318
"yeast",5,7,square2cnf,Greedy,8,8,2,18446744073709551615,0.155927787
"yeast",5,7,affine,Greedy,8,8,2,18446744073709551615,0.065819716
"yeast",5,7,smart_certified,Greedy,8,8,2,18446744073709551615,0.909484922
"yeast",5,7,cals,SparseLookahead,16,8,2,18446744073709551615,1.8346629540000001
"yeast",5,7,cals_compact_explain,SelectiveLookahead,16,4,2,18446744073709551615,13.46912993
"yeast",6,5,unary,Greedy,8,8,2,18446744073709551615,0.00738105
"yeast",6,5,horn,Greedy,8,8,2,18446744073709551615,0.011958935
"yeast",6,5,antihorn,Greedy,8,8,2,18446744073709551615,0.011870955
"yeast",6,5,square2cnf,Greedy,8,8,2,18446744073709551615,0.062121907
"yeast",6,5,affine,Greedy,8,8,2,18446744073709551615,0.03454642
"yeast",6,5,smart_certified,Greedy,8,8,2,18446744073709551615,0.113398798
"yeast",6,5,cals,SparseLookahead,16,8,2,18446744073709551615,3.624048155
"yeast",6,5,cals_compact_explain,SelectiveLookahead,16,4,2,18446744073709551615,0.914735071
"yeast",6,7,unary,Greedy,8,8,2,18446744073709551615,0.014662332
"yeast",6,7,horn,Greedy,8,8,2,18446744073709551615,0.023393348
"yeast",6,7,antihorn,Greedy,8,8,2,18446744073709551615,0.023817351
"yeast",6,7,square2cnf,Greedy,8,8,2,18446744073709551615,0.154583583
"yeast",6,7,affine,Greedy,8,8,2,18446744073709551615,0.067519937
"yeast",6,7,smart_certified,Greedy,8,8,2,18446744073709551615,0.405463427
"yeast",6,7,cals,SparseLookahead,16,8,2,18446744073709551615,7.435760869
"yeast",6,7,cals_compact_explain,SelectiveLookahead,16,4,2,18446744073709551615,1.006583234
"yeast",7,5,unary,Greedy,8,8,2,18446744073709551615,0.00706262
"yeast",7,5,horn,Greedy,8,8,2,18446744073709551615,0.011931502
"yeast",7,5,antihorn,Greedy,8,8,2,18446744073709551615,0.011366306
"yeast",7,5,square2cnf,Greedy,8,8,2,18446744073709551615,0.060857362
"yeast",7,5,affine,Greedy,8,8,2,18446744073709551615,0.026927945
"yeast",7,5,smart_certified,Greedy,8,8,2,18446744073709551615,0.111017413
"yeast",7,5,cals,SparseLookahead,16,8,2,18446744073709551615,0.517904769
"yeast",7,5,cals_compact_explain,SelectiveLookahead,16,4,2,18446744073709551615,0.274911337
"yeast",7,7,unary,Greedy,8,8,2,18446744073709551615,0.013293493
"yeast",7,7,horn,Greedy,8,8,2,18446744073709551615,0.024501431
"yeast",7,7,antihorn,Greedy,8,8,2,18446744073709551615,0.024018407
"yeast",7,7,square2cnf,Greedy,8,8,2,18446744073709551615,0.161336939
"yeast",7,7,affine,Greedy,8,8,2,18446744073709551615,0.068580099
"yeast",7,7,smart_certified,Greedy,8,8,2,18446744073709551615,0.664811358
"yeast",7,7,cals,SparseLookahead,16,8,2,18446744073709551615,0.846986557
"yeast",7,7,cals_compact_explain,SelectiveLookahead,16,4,2,18446744073709551615,0.384932814
"yeast",8,5,unary,Greedy,8,8,2,18446744073709551615,0.007459477
"yeast",8,5,horn,Greedy,8,8,2,18446744073709551615,0.012008025
"yeast",8,5,antihorn,Greedy,8,8,2,18446744073709551615,0.012129691
"yeast",8,5,square2cnf,Greedy,8,8,2,18446744073709551615,0.066383764
"yeast",8,5,affine,Greedy,8,8,2,18446744073709551615,0.030360289
"yeast",8,5,smart_certified,Greedy,8,8,2,18446744073709551615,0.119240967
"yeast",8,5,cals,SparseLookahead,16,8,2,18446744073709551615,2.708700125
"yeast",8,5,cals_compact_explain,SelectiveLookahead,16,4,2,18446744073709551615,1.050789785
"yeast",8,7,unary,Greedy,8,8,2,18446744073709551615,0.014286757
"yeast",8,7,horn,Greedy,8,8,2,18446744073709551615,0.021819449
"yeast",8,7,antihorn,Greedy,8,8,2,18446744073709551615,0.023211855
"yeast",8,7,square2cnf,Greedy,8,8,2,18446744073709551615,0.146025874
"yeast",8,7,affine,Greedy,8,8,2,18446744073709551615,0.072670242
"yeast",8,7,smart_certified,Greedy,8,8,2,18446744073709551615,0.700892258
"yeast",8,7,cals,SparseLookahead,16,8,2,18446744073709551615,5.893591568
"yeast",8,7,cals_compact_explain,SelectiveLookahead,16,4,2,18446744073709551615,2.042069711
"yeast",9,5,unary,Greedy,8,8,2,18446744073709551615,0.007270379
"yeast",9,5,horn,Greedy,8,8,2,18446744073709551615,0.011513441
"yeast",9,5,antihorn,Greedy,8,8,2,18446744073709551615,0.012390426
"yeast",9,5,square2cnf,Greedy,8,8,2,18446744073709551615,0.06545516
"yeast",9,5,affine,Greedy,8,8,2,18446744073709551615,0.029007474
"yeast",9,5,smart_certified,Greedy,8,8,2,18446744073709551615,0.121159864
"yeast",9,5,cals,SparseLookahead,16,8,2,18446744073709551615,0.419823707
"yeast",9,5,cals_compact_explain,SelectiveLookahead,16,4,2,18446744073709551615,0.083615831
"yeast",9,7,unary,Greedy,8,8,2,18446744073709551615,0.014569563
"yeast",9,7,horn,Greedy,8,8,2,18446744073709551615,0.023424531
"yeast",9,7,antihorn,Greedy,8,8,2,18446744073709551615,0.022884101
"yeast",9,7,square2cnf,Greedy,8,8,2,18446744073709551615,0.150664005
"yeast",9,7,affine,Greedy,8,8,2,18446744073709551615,0.069719946
"yeast",9,7,smart_certified,Greedy,8,8,2,18446744073709551615,0.391875998
"yeast",9,7,cals,SparseLookahead,16,8,2,18446744073709551615,0.699901956
"yeast",9,7,cals_compact_explain,SelectiveLookahead,16,4,2,18446744073709551615,0.130452723
