dataset,run,depth,method,predicate_mask_hits,predicate_mask_misses,candidate_hits,candidate_misses,subtree_hits,subtree_misses,incompatible_subtree_reuse
"HTRU_2-bin",0,5,unary,1111,70,0,0,0,57,false
"HTRU_2-bin",0,5,horn,2309,608,0,0,0,59,false
"HTRU_2-bin",0,5,antihorn,2282,641,0,0,0,59,false
"HTRU_2-bin",0,5,square2cnf,3196,8621,0,0,0,59,false
"HTRU_2-bin",0,5,affine,3844,3326,0,0,0,61,false
"HTRU_2-bin",0,5,smart_certified,11757,12579,0,0,0,57,false
"HTRU_2-bin",0,5,cals,43703,117806,35,35,0,57,false
"HTRU_2-bin",0,5,cals_compact_explain,21309,58994,45,32,0,57,false
"HTRU_2-bin",0,7,unary,2337,70,0,0,0,153,false
"HTRU_2-bin",0,7,horn,5180,1290,0,0,0,165,false
"HTRU_2-bin",0,7,antihorn,5124,1396,0,0,0,173,false
"HTRU_2-bin",0,7,square2cnf,8362,24277,0,0,0,173,false
"HTRU_2-bin",0,7,affine,12466,7848,0,0,0,169,false
"HTRU_2-bin",0,7,smart_certified,28156,30108,0,0,0,147,false
"HTRU_2-bin",0,7,cals,77124,245550,87,87,0,161,false
"HTRU_2-bin",0,7,cals_compact_explain,46228,132591,97,84,0,161,false
"HTRU_2-bin",1,5,unary,1150,70,0,0,0,59,false
"HTRU_2-bin",1,5,horn,2183,605,0,0,0,57,false
"HTRU_2-bin",1,5,antihorn,2325,627,0,0,0,61,false
"HTRU_2-bin",1,5,square2cnf,2941,8056,0,0,0,55,false
"HTRU_2-bin",1,5,affine,4124,3046,0,0,0,61,false
"HTRU_2-bin",1,5,smart_certified,12152,13556,0,0,0,59,false
"HTRU_2-bin",1,5,cals,62930,175409,29,37,0,53,false
"HTRU_2-bin",1,5,cals_compact_explain,35678,76095,30,40,0,53,false
"HTRU_2-bin",1,7,unary,2335,70,0,0,0,161,false
"HTRU_2-bin",1,7,horn,4432,1228,0,0,0,145,false
"HTRU_2-bin",1,7,antihorn,4867,1287,0,0,0,161,false
"HTRU_2-bin",1,7,square2cnf,7298,22199,0,0,0,155,false
"HTRU_2-bin",1,7,affine,13029,6568,0,0,0,163,false
"HTRU_2-bin",1,7,smart_certified,27590,30379,0,0,0,163,false
"HTRU_2-bin",1,7,cals,101134,372675,74,82,0,143,false
"HTRU_2-bin",1,7,cals_compact_explain,56374,137356,80,90,0,153,false
"HTRU_2-bin",2,5,unary,1155,70,0,0,0,59,false
"HTRU_2-bin",2,5,horn,2310,593,0,0,0,59,false
"HTRU_2-bin",2,5,antihorn,2363,629,0,0,0,61,false
"HTRU_2-bin",2,5,square2cnf,3488,8704,0,0,0,61,false
"HTRU_2-bin",2,5,affine,4044,3126,0,0,0,61,false
"HTRU_2-bin",2,5,smart_certified,12262,12823,0,0,0,59,false
"HTRU_2-bin",2,5,cals,32255,22717,29,37,0,53,false
"HTRU_2-bin",2,5,cals_compact_explain,33545,119574,41,41,0,59,false
"HTRU_2-bin",2,7,unary,2358,70,0,0,0,165,false
"HTRU_2-bin",2,7,horn,4484,1230,0,0,0,149,false
"HTRU_2-bin",2,7,antihorn,4975,1362,0,0,0,169,false
"HTRU_2-bin",2,7,square2cnf,7661,21651,0,0,0,153,false
"HTRU_2-bin",2,7,affine,12429,7886,0,0,0,171,false
"HTRU_2-bin",2,7,smart_certified,28502,30505,0,0,0,161,false
"HTRU_2-bin",2,7,cals,42099,24022,67,75,0,127,false
"HTRU_2-bin",2,7,cals_compact_explain,59227,256267,89,87,0,151,false
"HTRU_2-bin",3,5,unary,1129,70,0,0,0,59,false
"HTRU_2-bin",3,5,horn,2101,593,0,0,0,57,false
"HTRU_2-bin",3,5,antihorn,2078,598,0,0,0,57,false
"HTRU_2-bin",3,5,square2cnf,2809,7643,0,0,0,53,false
"HTRU_2-bin",3,5,affine,3912,3258,0,0,0,61,false
"HTRU_2-bin",3,5,smart_certified,12183,13378,0,0,0,59,false
"HTRU_2-bin",3,5,cals,55190,189527,27,37,0,51,false
"HTRU_2-bin",3,5,cals_compact_explain,22576,56760,41,29,0,53,false
"HTRU_2-bin",3,7,unary,2484,70,0,0,0,177,false
"HTRU_2-bin",3,7,horn,4876,1333,0,0,0,169,false
"HTRU_2-bin",3,7,antihorn,4925,1311,0,0,0,163,false
"HTRU_2-bin",3,7,square2cnf,6629,19616,0,0,0,137,false
"HTRU_2-bin",3,7,affine,11904,7454,0,0,0,161,false
"HTRU_2-bin",3,7,smart_certified,31588,35044,0,0,0,171,false
"HTRU_2-bin",3,7,cals,77264,442339,71,81,0,139,false
"HTRU_2-bin",3,7,cals_compact_explain,46788,142666,91,79,0,153,false
"HTRU_2-bin",4,5,unary,1088,70,0,0,0,57,false
"HTRU_2-bin",4,5,horn,2029,569,0,0,0,53,false
"HTRU_2-bin",4,5,antihorn,2077,599,0,0,0,57,false
"HTRU_2-bin",4,5,square2cnf,2751,7821,0,0,0,53,false
"HTRU_2-bin",4,5,affine,3586,3106,0,0,0,57,false
"HTRU_2-bin",4,5,smart_certified,11716,12966,0,0,0,57,false
"HTRU_2-bin",4,5,cals,38233,16864,30,38,0,55,false
"HTRU_2-bin",4,5,cals_compact_explain,20777,101603,43,32,0,55,false
"HTRU_2-bin",4,7,unary,2147,70,0,0,0,149,false
"HTRU_2-bin",4,7,horn,4348,1166,0,0,0,143,false
"HTRU_2-bin",4,7,antihorn,4577,1321,0,0,0,167,false
"HTRU_2-bin",4,7,square2cnf,6878,20688,0,0,0,145,false
"HTRU_2-bin",4,7,affine,10428,7018,0,0,0,145,false
"HTRU_2-bin",4,7,smart_certified,27114,31015,0,0,0,147,false
"HTRU_2-bin",4,7,cals,48409,18378,76,84,0,147,false
"HTRU_2-bin",4,7,cals_compact_explain,48565,249984,92,79,0,151,false
"HTRU_2-bin",5,5,unary,1226,70,0,0,0,61,false
"HTRU_2-bin",5,5,horn,2216,623,0,0,0,59,false
"HTRU_2-bin",5,5,antihorn,2331,659,0,0,0,61,false
"HTRU_2-bin",5,5,square2cnf,3260,9391,0,0,0,63,false
"HTRU_2-bin",5,5,affine,3986,3184,0,0,0,61,false
"HTRU_2-bin",5,5,smart_certified,12841,13991,0,0,0,61,false
"HTRU_2-bin",5,5,cals,43479,168283,38,37,0,55,false
"HTRU_2-bin",5,5,cals_compact_explain,23337,98242,45,32,0,57,false
"HTRU_2-bin",5,7,unary,2636,70,0,0,0,177,false
"HTRU_2-bin",5,7,horn,5294,1411,0,0,0,175,false
"HTRU_2-bin",5,7,antihorn,5374,1420,0,0,0,183,false
"HTRU_2-bin",5,7,square2cnf,8155,25028,0,0,0,175,false
"HTRU_2-bin",5,7,affine,11797,6844,0,0,0,155,false
"HTRU_2-bin",5,7,smart_certified,32493,36840,0,0,0,177,false
"HTRU_2-bin",5,7,cals,74096,298671,86,85,0,151,false
"HTRU_2-bin",5,7,cals_compact_explain,45218,186956,95,82,0,157,false
"HTRU_2-bin",6,5,unary,1122,70,0,0,0,59,false
"HTRU_2-bin",6,5,horn,2313,605,0,0,0,57,false
"HTRU_2-bin",6,5,antihorn,2338,638,0,0,0,59,false
"HTRU_2-bin",6,5,square2cnf,3291,9019,0,0,0,61,false
"HTRU_2-bin",6,5,affine,3761,3170,0,0,0,59,false
"HTRU_2-bin",6,5,smart_certified,12422,12406,0,0,0,59,false
"HTRU_2-bin",6,5,cals,58138,196405,28,38,0,53,false
"HTRU_2-bin",6,5,cals_compact_explain,32064,57572,37,38,0,59,false
"HTRU_2-bin",6,7,unary,2396,70,0,0,0,171,false
"HTRU_2-bin",6,7,horn,4749,1227,0,0,0,153,false
"HTRU_2-bin",6,7,antihorn,5039,1368,0,0,0,163,false
"HTRU_2-bin",6,7,square2cnf,8210,24025,0,0,0,171,false
"HTRU_2-bin",6,7,affine,11586,6816,0,0,0,153,false
"HTRU_2-bin",6,7,smart_certified,30083,32316,0,0,0,173,false
"HTRU_2-bin",6,7,cals,86949,451046,75,85,0,143,false
"HTRU_2-bin",6,7,cals_compact_explain,49584,96393,92,88,0,161,false
"HTRU_2-bin",7,5,unary,1147,70,0,0,0,59,false
"HTRU_2-bin",7,5,horn,2423,611,0,0,0,61,false
"HTRU_2-bin",7,5,antihorn,2373,640,0,0,0,61,false
"HTRU_2-bin",7,5,square2cnf,3312,8916,0,0,0,61,false
"HTRU_2-bin",7,5,affine,3928,2764,0,0,0,57,false
"HTRU_2-bin",7,5,smart_certified,12285,13402,0,0,0,59,false
"HTRU_2-bin",7,5,cals,38214,104319,38,35,0,53,false
"HTRU_2-bin",7,5,cals_compact_explain,21450,55743,39,34,0,53,false
"HTRU_2-bin",7,7,unary,2517,70,0,0,0,173,false
"HTRU_2-bin",7,7,horn,5043,1273,0,0,0,165,false
"HTRU_2-bin",7,7,antihorn,5242,1480,0,0,0,185,false
"HTRU_2-bin",7,7,square2cnf,7788,22457,0,0,0,167,false
"HTRU_2-bin",7,7,affine,11807,6594,0,0,0,151,false
"HTRU_2-bin",7,7,smart_certified,32930,35101,0,0,0,173,false
"HTRU_2-bin",7,7,cals,67012,196638,90,87,0,155,false
"HTRU_2-bin",7,7,cals_compact_explain,41361,106328,92,85,0,155,false
"HTRU_2-bin",8,5,unary,1131,70,0,0,0,57,false
"HTRU_2-bin",8,5,horn,2396,638,0,0,0,61,false
"HTRU_2-bin",8,5,antihorn,2379,642,0,0,0,61,false
"HTRU_2-bin",8,5,square2cnf,3235,9039,0,0,0,61,false
"HTRU_2-bin",8,5,affine,3964,3206,0,0,0,61,false
"HTRU_2-bin",8,5,smart_certified,11928,12548,0,0,0,57,false
"HTRU_2-bin",8,5,cals,59288,215224,31,41,0,59,false
"HTRU_2-bin",8,5,cals_compact_explain,48874,114195,40,40,0,57,false
"HTRU_2-bin",8,7,unary,2329,70,0,0,0,153,false
"HTRU_2-bin",8,7,horn,5229,1392,0,0,0,171,false
"HTRU_2-bin",8,7,antihorn,5196,1389,0,0,0,171,false
"HTRU_2-bin",8,7,square2cnf,7982,25074,0,0,0,177,false
"HTRU_2-bin",8,7,affine,12133,6508,0,0,0,155,false
"HTRU_2-bin",8,7,smart_certified,28569,30344,0,0,0,153,false
"HTRU_2-bin",8,7,cals,104708,476774,81,91,0,159,false
"HTRU_2-bin",8,7,cals_compact_explain,72763,249836,96,92,0,165,false
"HTRU_2-bin",9,5,unary,1141,70,0,0,0,59,false
"HTRU_2-bin",9,5,horn,2237,611,0,0,0,57,false
"HTRU_2-bin",9,5,antihorn,2276,629,0,0,0,59,false
"HTRU_2-bin",9,5,square2cnf,2941,8491,0,0,0,57,false
"HTRU_2-bin",9,5,affine,4104,3066,0,0,0,61,false
"HTRU_2-bin",9,5,smart_certified,12151,13494,0,0,0,59,false
"HTRU_2-bin",9,5,cals,31095,184523,45,34,0,59,false
"HTRU_2-bin",9,5,cals_compact_explain,28398,115605,39,37,0,59,false
"HTRU_2-bin",9,7,unary,2534,70,0,0,0,173,false
"HTRU_2-bin",9,7,horn,4856,1273,0,0,0,161,false
"HTRU_2-bin",9,7,antihorn,5549,1497,0,0,0,183,false
"HTRU_2-bin",9,7,square2cnf,8377,24124,0,0,0,171,false
"HTRU_2-bin",9,7,affine,12171,6470,0,0,0,155,false
"HTRU_2-bin",9,7,smart_certified,32258,35098,0,0,0,173,false
"HTRU_2-bin",9,7,cals,66035,376889,95,84,0,159,false
"HTRU_2-bin",9,7,cals_compact_explain,45602,217414,94,82,0,159,false
"IndiansDiabetes-bin",0,5,unary,605,39,0,0,0,49,false
"IndiansDiabetes-bin",0,5,horn,1264,446,0,0,0,49,false
"IndiansDiabetes-bin",0,5,antihorn,1404,471,0,0,0,51,false
"IndiansDiabetes-bin",0,5,square2cnf,2140,7784,0,0,0,53,false
"IndiansDiabetes-bin",0,5,affine,2423,2802,0,0,0,51,false
"IndiansDiabetes-bin",0,5,smart_certified,6602,9459,0,0,0,45,false
"IndiansDiabetes-bin",0,5,cals,20358,169013,26,28,0,41,false
"IndiansDiabetes-bin",0,5,cals_compact_explain,13553,99494,32,29,0,41,false
"IndiansDiabetes-bin",0,7,unary,1189,39,0,0,0,115,false
"IndiansDiabetes-bin",0,7,horn,2456,828,0,0,0,101,false
"IndiansDiabetes-bin",0,7,antihorn,2435,815,0,0,0,99,false
"IndiansDiabetes-bin",0,7,square2cnf,4505,16293,0,0,0,113,false
"IndiansDiabetes-bin",0,7,affine,5742,5126,0,0,0,105,false
"IndiansDiabetes-bin",0,7,smart_certified,11923,15762,0,0,0,99,false
"IndiansDiabetes-bin",0,7,cals,26615,269088,42,44,0,73,false
"IndiansDiabetes-bin",0,7,cals_compact_explain,18588,151923,47,44,0,71,false
"IndiansDiabetes-bin",1,5,unary,602,39,0,0,0,47,false
"IndiansDiabetes-bin",1,5,horn,1418,486,0,0,0,53,false
"IndiansDiabetes-bin",1,5,antihorn,1020,387,0,0,0,39,false
"IndiansDiabetes-bin",1,5,square2cnf,1882,6225,0,0,0,43,false
"IndiansDiabetes-bin",1,5,affine,2066,2532,0,0,0,45,false
"IndiansDiabetes-bin",1,5,smart_certified,6230,8529,0,0,0,45,false
"IndiansDiabetes-bin",1,5,cals,26180,176308,37,30,0,47,false
"IndiansDiabetes-bin",1,5,cals_compact_explain,17849,106457,35,32,0,47,false
"IndiansDiabetes-bin",1,7,unary,1086,39,0,0,0,97,false
"IndiansDiabetes-bin",1,7,horn,2397,821,0,0,0,101,false
"IndiansDiabetes-bin",1,7,antihorn,1621,552,0,0,0,63,false
"IndiansDiabetes-bin",1,7,square2cnf,4385,14985,0,0,0,105,false
"IndiansDiabetes-bin",1,7,affine,5068,4546,0,0,0,93,false
"IndiansDiabetes-bin",1,7,smart_certified,12076,15782,0,0,0,97,false
"IndiansDiabetes-bin",1,7,cals,35010,288146,56,49,0,85,false
"IndiansDiabetes-bin",1,7,cals_compact_explain,22907,177939,56,53,0,89,false
"IndiansDiabetes-bin",2,5,unary,624,38,0,0,0,51,false
"IndiansDiabetes-bin",2,5,horn,1362,460,0,0,0,51,false
"IndiansDiabetes-bin",2,5,antihorn,1246,481,0,0,0,51,false
"IndiansDiabetes-bin",2,5,square2cnf,2103,7815,0,0,0,53,false
"IndiansDiabetes-bin",2,5,affine,2721,2922,0,0,0,55,false
"IndiansDiabetes-bin",2,5,smart_certified,5831,8469,0,0,0,47,false
"IndiansDiabetes-bin",2,5,cals,26504,162558,37,28,0,45,false
"IndiansDiabetes-bin",2,5,cals_compact_explain,12000,100943,42,29,0,51,false
"IndiansDiabetes-bin",2,7,unary,1201,38,0,0,0,117,false
"IndiansDiabetes-bin",2,7,horn,2429,801,0,0,0,101,false
"IndiansDiabetes-bin",2,7,antihorn,2405,866,0,0,0,107,false
"IndiansDiabetes-bin",2,7,square2cnf,4203,15464,0,0,0,107,false
"IndiansDiabetes-bin",2,7,affine,7580,5378,0,0,0,125,false
"IndiansDiabetes-bin",2,7,smart_certified,11748,15258,0,0,0,99,false
"IndiansDiabetes-bin",2,7,cals,31786,238040,50,41,0,71,false
"IndiansDiabetes-bin",2,7,cals_compact_explain,16619,157621,58,45,0,83,false
"IndiansDiabetes-bin",3,5,unary,605,40,0,0,0,45,false
"IndiansDiabetes-bin",3,5,horn,1262,470,0,0,0,49,false
"IndiansDiabetes-bin",3,5,antihorn,1492,497,0,0,0,55,false
"IndiansDiabetes-bin",3,5,square2cnf,1830,6640,0,0,0,45,false
"IndiansDiabetes-bin",3,5,affine,2548,2468,0,0,0,49,false
"IndiansDiabetes-bin",3,5,smart_certified,6203,8679,0,0,0,43,false
"IndiansDiabetes-bin",3,5,cals,33283,169961,23,31,0,41,false
"IndiansDiabetes-bin",3,5,cals_compact_explain,14178,106588,36,31,0,47,false
"IndiansDiabetes-bin",3,7,unary,1204,40,0,0,0,105,false
"IndiansDiabetes-bin",3,7,horn,2299,788,0,0,0,95,false
"IndiansDiabetes-bin",3,7,antihorn,2468,787,0,0,0,95,false
"IndiansDiabetes-bin",3,7,square2cnf,3505,12319,0,0,0,85,false
"IndiansDiabetes-bin",3,7,affine,7341,4990,0,0,0,119,false
"IndiansDiabetes-bin",3,7,smart_certified,11661,15015,0,0,0,99,false
"IndiansDiabetes-bin",3,7,cals,41935,288109,42,50,0,79,false
"IndiansDiabetes-bin",3,7,cals_compact_explain,23641,170276,56,51,0,87,false
"IndiansDiabetes-bin",4,5,unary,689,40,0,0,0,49,false
"IndiansDiabetes-bin",4,5,horn,1337,432,0,0,0,47,false
"IndiansDiabetes-bin",4,5,antihorn,1296,484,0,0,0,49,false
"IndiansDiabetes-bin",4,5,square2cnf,2087,7488,0,0,0,51,false
"IndiansDiabetes-bin",4,5,affine,2882,2970,0,0,0,57,false
"IndiansDiabetes-bin",4,5,smart_certified,7433,10014,0,0,0,49,false
"IndiansDiabetes-bin",4,5,cals,32420,131144,20,26,0,33,false
"IndiansDiabetes-bin",4,5,cals_compact_explain,14735,79016,22,25,0,33,false
"IndiansDiabetes-bin",4,7,unary,1234,40,0,0,0,105,false
"IndiansDiabetes-bin",4,7,horn,2641,843,0,0,0,105,false
"IndiansDiabetes-bin",4,7,antihorn,2360,839,0,0,0,101,false
"IndiansDiabetes-bin",4,7,square2cnf,4338,14345,0,0,0,103,false
"IndiansDiabetes-bin",4,7,affine,6270,5016,0,0,0,109,false
"IndiansDiabetes-bin",4,7,smart_certified,12171,15287,0,0,0,97,false
"IndiansDiabetes-bin",4,7,cals,39412,197774,31,37,0,55,false
"IndiansDiabetes-bin",4,7,cals_compact_explain,18645,121166,34,37,0,57,false
"IndiansDiabetes-bin",5,5,unary,692,39,0,0,0,53,false
"IndiansDiabetes-bin",5,5,horn,1277,459,0,0,0,49,false
"IndiansDiabetes-bin",5,5,antihorn,1198,426,0,0,0,45,false
"IndiansDiabetes-bin",5,5,square2cnf,1827,6665,0,0,0,45,false
"IndiansDiabetes-bin",5,5,affine,2501,2724,0,0,0,51,false
"IndiansDiabetes-bin",5,5,smart_certified,7872,10562,0,0,0,51,false
"IndiansDiabetes-bin",5,5,cals,26092,143126,23,25,0,35,false
"IndiansDiabetes-bin",5,5,cals_compact_explain,9181,80683,30,24,0,37,false
"IndiansDiabetes-bin",5,7,unary,1299,39,0,0,0,117,false
"IndiansDiabetes-bin",5,7,horn,2512,847,0,0,0,105,false
"IndiansDiabetes-bin",5,7,antihorn,2013,698,0,0,0,83,false
"IndiansDiabetes-bin",5,7,square2cnf,4300,14867,0,0,0,103,false
"IndiansDiabetes-bin",5,7,affine,7391,4940,0,0,0,119,false
"IndiansDiabetes-bin",5,7,smart_certified,13844,17305,0,0,0,107,false
"IndiansDiabetes-bin",5,7,cals,33653,259798,43,45,0,75,false
"IndiansDiabetes-bin",5,7,cals_compact_explain,13903,148648,49,43,0,75,false
"IndiansDiabetes-bin",6,5,unary,608,38,0,0,0,47,false
"IndiansDiabetes-bin",6,5,horn,1172,421,0,0,0,43,false
"IndiansDiabetes-bin",6,5,antihorn,1193,439,0,0,0,45,false
"IndiansDiabetes-bin",6,5,square2cnf,1661,6098,0,0,0,43,false
"IndiansDiabetes-bin",6,5,affine,2966,2886,0,0,0,57,false
"IndiansDiabetes-bin",6,5,smart_certified,7138,9843,0,0,0,47,false
"IndiansDiabetes-bin",6,5,cals,33451,155673,22,28,0,37,false
"IndiansDiabetes-bin",6,5,cals_compact_explain,15904,98537,21,31,0,37,false
"IndiansDiabetes-bin",6,7,unary,1158,38,0,0,0,103,false
"IndiansDiabetes-bin",6,7,horn,2312,775,0,0,0,93,false
"IndiansDiabetes-bin",6,7,antihorn,1855,694,0,0,0,79,false
"IndiansDiabetes-bin",6,7,square2cnf,2967,11448,0,0,0,79,false
"IndiansDiabetes-bin",6,7,affine,6955,5166,0,0,0,115,false
"IndiansDiabetes-bin",6,7,smart_certified,12853,16502,0,0,0,91,false
"IndiansDiabetes-bin",6,7,cals,39567,229825,35,41,0,63,false
"IndiansDiabetes-bin",6,7,cals_compact_explain,19698,144411,38,44,0,65,false
"IndiansDiabetes-bin",7,5,unary,537,39,0,0,0,43,false
"IndiansDiabetes-bin",7,5,horn,1059,409,0,0,0,41,false
"IndiansDiabetes-bin",7,5,antihorn,1198,471,0,0,0,49,false
"IndiansDiabetes-bin",7,5,square2cnf,2162,8083,0,0,0,55,false
"IndiansDiabetes-bin",7,5,affine,2639,2586,0,0,0,51,false
"IndiansDiabetes-bin",7,5,smart_certified,6244,9056,0,0,0,45,false
"IndiansDiabetes-bin",7,5,cals,31904,179309,24,32,0,43,false
"IndiansDiabetes-bin",7,5,cals_compact_explain,11406,101592,33,29,0,45,false
"IndiansDiabetes-bin",7,7,unary,1086,39,0,0,0,103,false
"IndiansDiabetes-bin",7,7,horn,2028,757,0,0,0,87,false
"IndiansDiabetes-bin",7,7,antihorn,2135,788,0,0,0,95,false
"IndiansDiabetes-bin",7,7,square2cnf,4202,16305,0,0,0,115,false
"IndiansDiabetes-bin",7,7,affine,7157,5174,0,0,0,119,false
"IndiansDiabetes-bin",7,7,smart_certified,11216,15871,0,0,0,93,false
"IndiansDiabetes-bin",7,7,cals,41634,296670,45,53,0,85,false
"IndiansDiabetes-bin",7,7,cals_compact_explain,18485,177792,57,53,0,93,false
"IndiansDiabetes-bin",8,5,unary,636,39,0,0,0,47,false
"IndiansDiabetes-bin",8,5,horn,1462,511,0,0,0,53,false
"IndiansDiabetes-bin",8,5,antihorn,1437,472,0,0,0,49,false
"IndiansDiabetes-bin",8,5,square2cnf,2037,7504,0,0,0,51,false
"IndiansDiabetes-bin",8,5,affine,2390,2626,0,0,0,49,false
"IndiansDiabetes-bin",8,5,smart_certified,7119,9762,0,0,0,49,false
"IndiansDiabetes-bin",8,5,cals,28951,180810,31,32,0,43,false
"IndiansDiabetes-bin",8,5,cals_compact_explain,17662,106946,33,32,0,45,false
"IndiansDiabetes-bin",8,7,unary,1270,39,0,0,0,109,false
"IndiansDiabetes-bin",8,7,horn,2734,888,0,0,0,109,false
"IndiansDiabetes-bin",8,7,antihorn,2776,843,0,0,0,107,false
"IndiansDiabetes-bin",8,7,square2cnf,4231,15597,0,0,0,107,false
"IndiansDiabetes-bin",8,7,affine,5934,4934,0,0,0,105,false
"IndiansDiabetes-bin",8,7,smart_certified,14796,18046,0,0,0,103,false
"IndiansDiabetes-bin",8,7,cals,40946,249131,44,45,0,69,false
"IndiansDiabetes-bin",8,7,cals_compact_explain,21343,160568,49,48,0,75,false
"IndiansDiabetes-bin",9,5,unary,655,39,0,0,0,49,false
"IndiansDiabetes-bin",9,5,horn,1368,494,0,0,0,51,false
"IndiansDiabetes-bin",9,5,antihorn,1385,494,0,0,0,49,false
"IndiansDiabetes-bin",9,5,square2cnf,1844,6598,0,0,0,45,false
"IndiansDiabetes-bin",9,5,affine,2564,2870,0,0,0,53,false
"IndiansDiabetes-bin",9,5,smart_certified,7563,9848,0,0,0,49,false
"IndiansDiabetes-bin",9,5,cals,36999,179040,22,32,0,41,false
"IndiansDiabetes-bin",9,5,cals_compact_explain,9861,87731,35,25,0,43,false
"IndiansDiabetes-bin",9,7,unary,1178,39,0,0,0,101,false
"IndiansDiabetes-bin",9,7,horn,2705,921,0,0,0,117,false
"IndiansDiabetes-bin",9,7,antihorn,2445,770,0,0,0,91,false
"IndiansDiabetes-bin",9,7,square2cnf,4002,14297,0,0,0,99,false
"IndiansDiabetes-bin",9,7,affine,6346,4940,0,0,0,109,false
"IndiansDiabetes-bin",9,7,smart_certified,13238,15650,0,0,0,95,false
"IndiansDiabetes-bin",9,7,cals,44118,278683,38,48,0,73,false
"IndiansDiabetes-bin",9,7,cals_compact_explain,15123,148595,54,44,0,81,false
"Statlog_satellite-bin",0,5,unary,5071,525,0,0,0,35,false
"Statlog_satellite-bin",0,5,horn,9479,1335,0,0,0,33,false
"Statlog_satellite-bin",0,5,antihorn,8284,1306,0,0,0,29,false
"Statlog_satellite-bin",0,5,square2cnf,8138,4975,0,0,0,27,false
"Statlog_satellite-bin",0,5,affine,9989,3311,0,0,0,39,false
"Statlog_satellite-bin",0,5,smart_certified,44252,9217,0,0,0,35,false
"Statlog_satellite-bin",0,5,cals,77286,16078,15,29,0,31,false
"Statlog_satellite-bin",0,5,cals_compact_explain,79866,10190,22,33,0,35,false
"Statlog_satellite-bin",0,7,unary,7234,525,0,0,0,49,false
"Statlog_satellite-bin",0,7,horn,14089,1494,0,0,0,51,false
"Statlog_satellite-bin",0,7,antihorn,11872,1414,0,0,0,41,false
"Statlog_satellite-bin",0,7,square2cnf,12704,7375,0,0,0,43,false
"Statlog_satellite-bin",0,7,affine,20397,5503,0,0,0,75,false
"Statlog_satellite-bin",0,7,smart_certified,62041,12239,0,0,0,49,false
"Statlog_satellite-bin",0,7,cals,91933,17445,23,37,0,47,false
"Statlog_satellite-bin",0,7,cals_compact_explain,87872,10636,32,39,0,51,false
"Statlog_satellite-bin",1,5,unary,4504,525,0,0,0,33,false
"Statlog_satellite-bin",1,5,horn,9717,1335,0,0,0,33,false
"Statlog_satellite-bin",1,5,antihorn,7928,1312,0,0,0,29,false
"Statlog_satellite-bin",1,5,square2cnf,11239,6421,0,0,0,37,false
"Statlog_satellite-bin",1,5,affine,11633,3767,0,0,0,45,false
"Statlog_satellite-bin",1,5,smart_certified,40945,9181,0,0,0,33,false
"Statlog_satellite-bin",1,5,cals,91895,23448,17,29,0,33,false
"Statlog_satellite-bin",1,5,cals_compact_explain,61544,9988,26,24,0,33,false
"Statlog_satellite-bin",1,7,unary,6877,525,0,0,0,53,false
"Statlog_satellite-bin",1,7,horn,15001,1513,0,0,0,53,false
"Statlog_satellite-bin",1,7,antihorn,11930,1435,0,0,0,43,false
"Statlog_satellite-bin",1,7,square2cnf,16541,10296,0,0,0,63,false
"Statlog_satellite-bin",1,7,affine,20587,5313,0,0,0,75,false
"Statlog_satellite-bin",1,7,smart_certified,59251,12671,0,0,0,49,false
"Statlog_satellite-bin",1,7,cals,108379,23127,25,37,0,49,false
"Statlog_satellite-bin",1,7,cals_compact_explain,77230,10513,35,33,0,51,false
"Statlog_satellite-bin",2,5,unary,5504,527,0,0,0,41,false
"Statlog_satellite-bin",2,5,horn,10878,1382,0,0,0,37,false
"Statlog_satellite-bin",2,5,antihorn,11466,1393,0,0,0,39,false
"Statlog_satellite-bin",2,5,square2cnf,11335,6479,0,0,0,37,false
"Statlog_satellite-bin",2,5,affine,11667,3733,0,0,0,45,false
"Statlog_satellite-bin",2,5,smart_certified,48602,10661,0,0,0,39,false
"Statlog_satellite-bin",2,5,cals,87495,21391,23,33,0,43,false
"Statlog_satellite-bin",2,5,cals_compact_explain,65483,6572,31,29,0,43,false
"Statlog_satellite-bin",2,7,unary,7262,527,0,0,0,51,false
"Statlog_satellite-bin",2,7,horn,15388,1541,0,0,0,55,false
"Statlog_satellite-bin",2,7,antihorn,16524,1552,0,0,0,57,false
"Statlog_satellite-bin",2,7,square2cnf,15960,8904,0,0,0,53,false
"Statlog_satellite-bin",2,7,affine,21079,5521,0,0,0,77,false
"Statlog_satellite-bin",2,7,smart_certified,59695,12419,0,0,0,49,false
"Statlog_satellite-bin",2,7,cals,107937,23529,39,49,0,75,false
"Statlog_satellite-bin",2,7,cals_compact_explain,86157,7473,47,45,0,75,false
"Statlog_satellite-bin",3,5,unary,4424,525,0,0,0,29,false
"Statlog_satellite-bin",3,5,horn,8834,1302,0,0,0,29,false
"Statlog_satellite-bin",3,5,antihorn,8032,1302,0,0,0,29,false
"Statlog_satellite-bin",3,5,square2cnf,8712,4975,0,0,0,27,false
"Statlog_satellite-bin",3,5,affine,9933,3367,0,0,0,39,false
"Statlog_satellite-bin",3,5,smart_certified,40804,8581,0,0,0,29,false
"Statlog_satellite-bin",3,5,cals,77758,26833,18,26,0,31,false
"Statlog_satellite-bin",3,5,cals_compact_explain,84914,10499,15,33,0,31,false
"Statlog_satellite-bin",3,7,unary,6701,525,0,0,0,45,false
"Statlog_satellite-bin",3,7,horn,13115,1443,0,0,0,45,false
"Statlog_satellite-bin",3,7,antihorn,12340,1425,0,0,0,43,false
"Statlog_satellite-bin",3,7,square2cnf,13144,7375,0,0,0,43,false
"Statlog_satellite-bin",3,7,affine,19181,5319,0,0,0,71,false
"Statlog_satellite-bin",3,7,smart_certified,61240,12508,0,0,0,45,false
"Statlog_satellite-bin",3,7,cals,91752,27407,26,34,0,47,false
"Statlog_satellite-bin",3,7,cals_compact_explain,84489,10652,29,35,0,47,false
"Statlog_satellite-bin",4,5,unary,4832,529,0,0,0,35,false
"Statlog_satellite-bin",4,5,horn,10373,1361,0,0,0,35,false
"Statlog_satellite-bin",4,5,antihorn,9429,1355,0,0,0,35,false
"Statlog_satellite-bin",4,5,square2cnf,9949,6208,0,0,0,35,false
"Statlog_satellite-bin",4,5,affine,12153,3947,0,0,0,47,false
"Statlog_satellite-bin",4,5,smart_certified,37997,7670,0,0,0,29,false
"Statlog_satellite-bin",4,5,cals,84631,22946,18,32,0,37,false
"Statlog_satellite-bin",4,5,cals_compact_explain,83541,10370,22,35,0,37,false
"Statlog_satellite-bin",4,7,unary,7305,529,0,0,0,53,false
"Statlog_satellite-bin",4,7,horn,16011,1550,0,0,0,57,false
"Statlog_satellite-bin",4,7,antihorn,13229,1478,0,0,0,49,false
"Statlog_satellite-bin",4,7,square2cnf,13704,8302,0,0,0,49,false
"Statlog_satellite-bin",4,7,affine,22361,5639,0,0,0,81,false
"Statlog_satellite-bin",4,7,smart_certified,57890,11200,0,0,0,45,false
"Statlog_satellite-bin",4,7,cals,99903,23887,28,42,0,57,false
"Statlog_satellite-bin",4,7,cals_compact_explain,93146,10808,31,42,0,53,false
"Statlog_satellite-bin",5,5,unary,4960,527,0,0,0,35,false
"Statlog_satellite-bin",5,5,horn,10821,1370,0,0,0,37,false
"Statlog_satellite-bin",5,5,antihorn,8638,1306,0,0,0,29,false
"Statlog_satellite-bin",5,5,square2cnf,8514,5001,0,0,0,27,false
"Statlog_satellite-bin",5,5,affine,10659,3341,0,0,0,41,false
"Statlog_satellite-bin",5,5,smart_certified,39498,8147,0,0,0,31,false
"Statlog_satellite-bin",5,5,cals,124444,53433,15,29,0,31,false
"Statlog_satellite-bin",5,5,cals_compact_explain,87990,38163,19,31,0,33,false
"Statlog_satellite-bin",5,7,unary,7255,527,0,0,0,51,false
"Statlog_satellite-bin",5,7,horn,15127,1514,0,0,0,53,false
"Statlog_satellite-bin",5,7,antihorn,12453,1426,0,0,0,43,false
"Statlog_satellite-bin",5,7,square2cnf,12882,7401,0,0,0,43,false
"Statlog_satellite-bin",5,7,affine,19481,5019,0,0,0,71,false
"Statlog_satellite-bin",5,7,smart_certified,57011,11127,0,0,0,43,false
"Statlog_satellite-bin",5,7,cals,141203,54794,27,41,0,55,false
"Statlog_satellite-bin",5,7,cals_compact_explain,104334,38928,31,43,0,57,false
"Statlog_satellite-bin",6,5,unary,4513,527,0,0,0,33,false
"Statlog_satellite-bin",6,5,horn,9956,1386,0,0,0,37,false
"Statlog_satellite-bin",6,5,antihorn,8481,1294,0,0,0,29,false
"Statlog_satellite-bin",6,5,square2cnf,9174,5595,0,0,0,31,false
"Statlog_satellite-bin",6,5,affine,10413,3587,0,0,0,41,false
"Statlog_satellite-bin",6,5,smart_certified,40837,9027,0,0,0,31,false
"Statlog_satellite-bin",6,5,cals,103314,40187,16,26,0,29,false
"Statlog_satellite-bin",6,5,cals_compact_explain,78780,18370,22,27,0,33,false
"Statlog_satellite-bin",6,7,unary,6565,527,0,0,0,45,false
"Statlog_satellite-bin",6,7,horn,14052,1530,0,0,0,53,false
"Statlog_satellite-bin",6,7,antihorn,12490,1420,0,0,0,43,false
"Statlog_satellite-bin",6,7,square2cnf,12863,7695,0,0,0,45,false
"Statlog_satellite-bin",6,7,affine,17853,5247,0,0,0,67,false
"Statlog_satellite-bin",6,7,smart_certified,58558,12015,0,0,0,43,false
"Statlog_satellite-bin",6,7,cals,124193,41453,32,42,0,61,false
"Statlog_satellite-bin",6,7,cals_compact_explain,99932,19398,39,43,0,65,false
"Statlog_satellite-bin",7,5,unary,4380,527,0,0,0,31,false
"Statlog_satellite-bin",7,5,horn,8873,1303,0,0,0,29,false
"Statlog_satellite-bin",7,5,antihorn,9443,1360,0,0,0,35,false
"Statlog_satellite-bin",7,5,square2cnf,10276,6454,0,0,0,37,false
"Statlog_satellite-bin",7,5,affine,9427,3173,0,0,0,37,false
"Statlog_satellite-bin",7,5,smart_certified,38042,8128,0,0,0,29,false
"Statlog_satellite-bin",7,5,cals,79010,102337,17,25,0,29,false
"Statlog_satellite-bin",7,5,cals_compact_explain,80637,82373,19,29,0,31,false
"Statlog_satellite-bin",7,7,unary,6200,527,0,0,0,43,false
"Statlog_satellite-bin",7,7,horn,13372,1444,0,0,0,45,false
"Statlog_satellite-bin",7,7,antihorn,12965,1468,0,0,0,47,false
"Statlog_satellite-bin",7,7,square2cnf,13550,8254,0,0,0,49,false
"Statlog_satellite-bin",7,7,affine,17815,4585,0,0,0,65,false
"Statlog_satellite-bin",7,7,smart_certified,52904,10631,0,0,0,41,false
"Statlog_satellite-bin",7,7,cals,94640,172006,28,36,0,51,false
"Statlog_satellite-bin",7,7,cals_compact_explain,94167,115229,28,38,0,49,false
"Statlog_satellite-bin",8,5,unary,3949,526,0,0,0,29,false
"Statlog_satellite-bin",8,5,horn,7676,1304,0,0,0,29,false
"Statlog_satellite-bin",8,5,antihorn,8403,1322,0,0,0,31,false
"Statlog_satellite-bin",8,5,square2cnf,8920,5577,0,0,0,31,false
"Statlog_satellite-bin",8,5,affine,10927,3773,0,0,0,43,false
"Statlog_satellite-bin",8,5,smart_certified,37442,8625,0,0,0,29,false
"Statlog_satellite-bin",8,5,cals,121751,47982,21,31,0,39,false
"Statlog_satellite-bin",8,5,cals_compact_explain,89394,24389,23,30,0,39,false
"Statlog_satellite-bin",8,7,unary,5813,526,0,0,0,43,false
"Statlog_satellite-bin",8,7,horn,12304,1448,0,0,0,45,false
"Statlog_satellite-bin",8,7,antihorn,12590,1448,0,0,0,45,false
"Statlog_satellite-bin",8,7,square2cnf,13784,8292,0,0,0,49,false
"Statlog_satellite-bin",8,7,affine,19411,5789,0,0,0,73,false
"Statlog_satellite-bin",8,7,smart_certified,52269,11131,0,0,0,39,false
"Statlog_satellite-bin",8,7,cals,134833,49712,33,43,0,63,false
"Statlog_satellite-bin",8,7,cals_compact_explain,102465,25233,35,42,0,63,false
"Statlog_satellite-bin",9,5,unary,5403,526,0,0,0,39,false
"Statlog_satellite-bin",9,5,horn,10593,1368,0,0,0,37,false
"Statlog_satellite-bin",9,5,antihorn,8553,1326,0,0,0,33,false
"Statlog_satellite-bin",9,5,square2cnf,9510,5868,0,0,0,33,false
"Statlog_satellite-bin",9,5,affine,11261,3439,0,0,0,43,false
"Statlog_satellite-bin",9,5,smart_certified,47117,9949,0,0,0,35,false
"Statlog_satellite-bin",9,5,cals,81992,17114,22,34,0,43,false
"Statlog_satellite-bin",9,5,cals_compact_explain,84803,10393,26,35,0,41,false
"Statlog_satellite-bin",9,7,unary,7483,526,0,0,0,51,false
"Statlog_satellite-bin",9,7,horn,14763,1491,0,0,0,51,false
"Statlog_satellite-bin",9,7,antihorn,12163,1428,0,0,0,45,false
"Statlog_satellite-bin",9,7,square2cnf,13636,8268,0,0,0,49,false
"Statlog_satellite-bin",9,7,affine,19767,4733,0,0,0,71,false
"Statlog_satellite-bin",9,7,smart_certified,61052,12229,0,0,0,47,false
"Statlog_satellite-bin",9,7,cals,100336,18177,36,48,0,71,false
"Statlog_satellite-bin",9,7,cals_compact_explain,93054,11000,39,44,0,63,false
"adult_discretized",0,5,unary,942,59,0,0,0,51,false
"adult_discretized",0,5,horn,2275,576,0,0,0,59,false
"adult_discretized",0,5,antihorn,2450,563,0,0,0,59,false
"adult_discretized",0,5,square2cnf,3249,8628,0,0,0,59,false
"adult_discretized",0,5,affine,3329,3055,0,0,0,57,false
"adult_discretized",0,5,smart_certified,10876,10683,0,0,0,51,false
"adult_discretized",0,5,cals,27929,16602,33,39,0,59,false
"adult_discretized",0,5,cals_compact_explain,12341,8749,38,39,0,57,false
"adult_discretized",0,7,unary,2268,59,0,0,0,137,false
"adult_discretized",0,7,horn,5963,1410,0,0,0,177,false
"adult_discretized",0,7,antihorn,6727,1443,0,0,0,191,false
"adult_discretized",0,7,square2cnf,9437,25117,0,0,0,177,false
"adult_discretized",0,7,affine,11535,8301,0,0,0,175,false
"adult_discretized",0,7,smart_certified,28276,26405,0,0,0,137,false
"adult_discretized",0,7,cals,46378,18900,94,100,0,181,false
"adult_discretized",0,7,cals_compact_explain,24970,10632,101,96,0,177,false
"adult_discretized",1,5,unary,955,59,0,0,0,53,false
"adult_discretized",1,5,horn,2333,547,0,0,0,59,false
"adult_discretized",1,5,antihorn,2501,548,0,0,0,59,false
"adult_discretized",1,5,square2cnf,3513,8811,0,0,0,61,false
"adult_discretized",1,5,affine,3317,3523,0,0,0,61,false
"adult_discretized",1,5,smart_certified,11152,11080,0,0,0,53,false
"adult_discretized",1,5,cals,27381,16463,30,38,0,55,false
"adult_discretized",1,5,cals_compact_explain,16142,8909,24,51,0,55,false
"adult_discretized",1,7,unary,2311,59,0,0,0,141,false
"adult_discretized",1,7,horn,5811,1262,0,0,0,171,false
"adult_discretized",1,7,antihorn,6752,1453,0,0,0,185,false
"adult_discretized",1,7,square2cnf,9933,26228,0,0,0,183,false
"adult_discretized",1,7,affine,12823,8837,0,0,0,191,false
"adult_discretized",1,7,smart_certified,27845,27221,0,0,0,139,false
"adult_discretized",1,7,cals,44191,18455,85,93,0,165,false
"adult_discretized",1,7,cals_compact_explain,23555,10281,97,89,0,163,false
"adult_discretized",2,5,unary,1022,59,0,0,0,57,false
"adult_discretized",2,5,horn,2217,586,0,0,0,59,false
"adult_discretized",2,5,antihorn,2402,525,0,0,0,57,false
"adult_discretized",2,5,square2cnf,3108,8025,0,0,0,55,false
"adult_discretized",2,5,affine,3217,2939,0,0,0,55,false
"adult_discretized",2,5,smart_certified,11761,12074,0,0,0,57,false
"adult_discretized",2,5,cals,33978,17265,31,39,0,57,false
"adult_discretized",2,5,cals_compact_explain,11550,8739,35,36,0,51,false
"adult_discretized",2,7,unary,2471,59,0,0,0,155,false
"adult_discretized",2,7,horn,5552,1225,0,0,0,161,false
"adult_discretized",2,7,antihorn,6394,1359,0,0,0,177,false
"adult_discretized",2,7,square2cnf,9316,25605,0,0,0,177,false
"adult_discretized",2,7,affine,11621,7987,0,0,0,173,false
"adult_discretized",2,7,smart_certified,30083,28144,0,0,0,149,false
"adult_discretized",2,7,cals,52935,19639,91,99,0,177,false
"adult_discretized",2,7,cals_compact_explain,24209,10572,81,90,0,147,false
"adult_discretized",3,5,unary,987,59,0,0,0,53,false
"adult_discretized",3,5,horn,2242,550,0,0,0,57,false
"adult_discretized",3,5,antihorn,2474,563,0,0,0,59,false
"adult_discretized",3,5,square2cnf,3492,8794,0,0,0,61,false
"adult_discretized",3,5,affine,3211,3173,0,0,0,57,false
"adult_discretized",3,5,smart_certified,11231,11197,0,0,0,53,false
"adult_discretized",3,5,cals,33276,16826,28,36,0,51,false
"adult_discretized",3,5,cals_compact_explain,11564,8739,37,36,0,53,false
"adult_discretized",3,7,unary,2346,59,0,0,0,145,false
"adult_discretized",3,7,horn,5274,1208,0,0,0,151,false
"adult_discretized",3,7,antihorn,6308,1326,0,0,0,173,false
"adult_discretized",3,7,square2cnf,9868,26012,0,0,0,185,false
"adult_discretized",3,7,affine,12631,8117,0,0,0,183,false
"adult_discretized",3,7,smart_certified,27821,27259,0,0,0,137,false
"adult_discretized",3,7,cals,52644,19487,89,97,0,173,false
"adult_discretized",3,7,cals_compact_explain,23792,10539,90,89,0,159,false
"adult_discretized",4,5,unary,963,59,0,0,0,53,false
"adult_discretized",4,5,horn,2250,570,0,0,0,57,false
"adult_discretized",4,5,antihorn,2505,560,0,0,0,59,false
"adult_discretized",4,5,square2cnf,3203,7928,0,0,0,55,false
"adult_discretized",4,5,affine,3521,3091,0,0,0,59,false
"adult_discretized",4,5,smart_certified,11118,11170,0,0,0,53,false
"adult_discretized",4,5,cals,35872,16298,31,41,0,59,false
"adult_discretized",4,5,cals_compact_explain,12211,8778,39,38,0,57,false
"adult_discretized",4,7,unary,2290,59,0,0,0,139,false
"adult_discretized",4,7,horn,5721,1284,0,0,0,165,false
"adult_discretized",4,7,antihorn,6736,1420,0,0,0,185,false
"adult_discretized",4,7,square2cnf,9105,24578,0,0,0,171,false
"adult_discretized",4,7,affine,12305,7987,0,0,0,179,false
"adult_discretized",4,7,smart_certified,28395,26585,0,0,0,135,false
"adult_discretized",4,7,cals,54079,18341,88,98,0,173,false
"adult_discretized",4,7,cals_compact_explain,24831,10494,101,96,0,175,false
"adult_discretized",5,5,unary,1003,59,0,0,0,55,false
"adult_discretized",5,5,horn,2455,598,0,0,0,61,false
"adult_discretized",5,5,antihorn,2622,584,0,0,0,63,false
"adult_discretized",5,5,square2cnf,3393,8891,0,0,0,61,false
"adult_discretized",5,5,affine,3265,2891,0,0,0,55,false
"adult_discretized",5,5,smart_certified,11450,11699,0,0,0,55,false
"adult_discretized",5,5,cals,30410,17888,30,36,0,53,false
"adult_discretized",5,5,cals_compact_explain,12274,8831,34,40,0,53,false
"adult_discretized",5,7,unary,2379,59,0,0,0,145,false
"adult_discretized",5,7,horn,6036,1293,0,0,0,171,false
"adult_discretized",5,7,antihorn,6495,1321,0,0,0,179,false
"adult_discretized",5,7,square2cnf,8697,24571,0,0,0,169,false
"adult_discretized",5,7,affine,12833,7915,0,0,0,183,false
"adult_discretized",5,7,smart_certified,29041,27499,0,0,0,143,false
"adult_discretized",5,7,cals,45101,19731,78,84,0,149,false
"adult_discretized",5,7,cals_compact_explain,22907,10262,84,85,0,149,false
"adult_discretized",6,5,unary,928,59,0,0,0,49,false
"adult_discretized",6,5,horn,2328,535,0,0,0,55,false
"adult_discretized",6,5,antihorn,2427,557,0,0,0,57,false
"adult_discretized",6,5,square2cnf,3300,8607,0,0,0,59,false
"adult_discretized",6,5,affine,3329,3055,0,0,0,57,false
"adult_discretized",6,5,smart_certified,10695,10158,0,0,0,49,false
"adult_discretized",6,5,cals,26988,16441,30,36,0,53,false
"adult_discretized",6,5,cals_compact_explain,12178,8744,38,37,0,55,false
"adult_discretized",6,7,unary,2309,59,0,0,0,137,false
"adult_discretized",6,7,horn,6150,1303,0,0,0,171,false
"adult_discretized",6,7,antihorn,6512,1378,0,0,0,177,false
"adult_discretized",6,7,square2cnf,9498,25805,0,0,0,181,false
"adult_discretized",6,7,affine,11877,7731,0,0,0,173,false
"adult_discretized",6,7,smart_certified,28684,25672,0,0,0,135,false
"adult_discretized",6,7,cals,44561,18727,86,92,0,165,false
"adult_discretized",6,7,cals_compact_explain,24679,10591,96,91,0,167,false
"adult_discretized",7,5,unary,998,59,0,0,0,57,false
"adult_discretized",7,5,horn,2210,547,0,0,0,57,false
"adult_discretized",7,5,antihorn,2540,602,0,0,0,63,false
"adult_discretized",7,5,square2cnf,3343,8933,0,0,0,61,false
"adult_discretized",7,5,affine,3221,3163,0,0,0,57,false
"adult_discretized",7,5,smart_certified,11498,12197,0,0,0,57,false
"adult_discretized",7,5,cals,27996,16730,33,39,0,59,false
"adult_discretized",7,5,cals_compact_explain,12930,8859,39,40,0,59,false
"adult_discretized",7,7,unary,2371,59,0,0,0,155,false
"adult_discretized",7,7,horn,5533,1236,0,0,0,163,false
"adult_discretized",7,7,antihorn,6661,1381,0,0,0,191,false
"adult_discretized",7,7,square2cnf,9003,24784,0,0,0,175,false
"adult_discretized",7,7,affine,12111,8181,0,0,0,179,false
"adult_discretized",7,7,smart_certified,29689,29041,0,0,0,145,false
"adult_discretized",7,7,cals,45838,18976,90,96,0,173,false
"adult_discretized",7,7,cals_compact_explain,26398,10758,97,98,0,175,false
"adult_discretized",8,5,unary,858,59,0,0,0,45,false
"adult_discretized",8,5,horn,2383,599,0,0,0,61,false
"adult_discretized",8,5,antihorn,2462,556,0,0,0,61,false
"adult_discretized",8,5,square2cnf,3456,8509,0,0,0,59,false
"adult_discretized",8,5,affine,3413,3199,0,0,0,59,false
"adult_discretized",8,5,smart_certified,9854,9375,0,0,0,45,false
"adult_discretized",8,5,cals,34401,16618,31,39,0,57,false
"adult_discretized",8,5,cals_compact_explain,12737,8865,37,40,0,57,false
"adult_discretized",8,7,unary,2149,59,0,0,0,127,false
"adult_discretized",8,7,horn,5791,1303,0,0,0,173,false
"adult_discretized",8,7,antihorn,5961,1376,0,0,0,173,false
"adult_discretized",8,7,square2cnf,9645,25953,0,0,0,181,false
"adult_discretized",8,7,affine,12267,8709,0,0,0,185,false
"adult_discretized",8,7,smart_certified,26384,24463,0,0,0,129,false
"adult_discretized",8,7,cals,50268,18761,82,90,0,159,false
"adult_discretized",8,7,cals_compact_explain,23388,10479,89,86,0,155,false
"adult_discretized",9,5,unary,918,59,0,0,0,51,false
"adult_discretized",9,5,horn,2177,587,0,0,0,59,false
"adult_discretized",9,5,antihorn,2386,523,0,0,0,57,false
"adult_discretized",9,5,square2cnf,3327,8528,0,0,0,59,false
"adult_discretized",9,5,affine,3179,3205,0,0,0,57,false
"adult_discretized",9,5,smart_certified,10661,10731,0,0,0,51,false
"adult_discretized",9,5,cals,30889,19138,26,36,0,49,false
"adult_discretized",9,5,cals_compact_explain,11900,8642,33,36,0,49,false
"adult_discretized",9,7,unary,2201,59,0,0,0,137,false
"adult_discretized",9,7,horn,5433,1193,0,0,0,159,false
"adult_discretized",9,7,antihorn,6026,1292,0,0,0,167,false
"adult_discretized",9,7,square2cnf,9010,24642,0,0,0,173,false
"adult_discretized",9,7,affine,11445,8391,0,0,0,175,false
"adult_discretized",9,7,smart_certified,27360,25496,0,0,0,133,false
"adult_discretized",9,7,cals,47038,21339,78,88,0,151,false
"adult_discretized",9,7,cals_compact_explain,22873,10348,83,84,0,145,false
"anneal",0,5,unary,587,88,0,0,0,23,false
"anneal",0,5,horn,1145,387,0,0,0,25,false
"anneal",0,5,antihorn,1145,387,0,0,0,25,false
"anneal",0,5,square2cnf,1439,3765,0,0,0,25,false
"anneal",0,5,affine,1395,1946,0,0,0,27,false
"anneal",0,5,smart_certified,5628,5202,0,0,0,23,false
"anneal",0,5,cals,14419,19954,17,15,0,19,false
"anneal",0,5,cals_compact_explain,8261,11811,18,12,0,19,false
"anneal",0,7,unary,908,88,0,0,0,39,false
"anneal",0,7,horn,1560,505,0,0,0,39,false
"anneal",0,7,antihorn,1561,504,0,0,0,39,false
"anneal",0,7,square2cnf,2040,5839,0,0,0,39,false
"anneal",0,7,affine,2665,3246,0,0,0,47,false
"anneal",0,7,smart_certified,8693,8020,0,0,0,39,false
"anneal",0,7,cals,18953,25589,23,21,0,31,false
"anneal",0,7,cals_compact_explain,10694,16488,24,18,0,31,false
"anneal",1,5,unary,530,86,0,0,0,21,false
"anneal",1,5,horn,917,344,0,0,0,21,false
"anneal",1,5,antihorn,1000,360,0,0,0,23,false
"anneal",1,5,square2cnf,1289,3462,0,0,0,23,false
"anneal",1,5,affine,1364,1720,0,0,0,25,false
"anneal",1,5,smart_certified,4595,4197,0,0,0,21,false
"anneal",1,5,cals,14481,19156,16,16,0,19,false
"anneal",1,5,cals_compact_explain,8455,12549,17,13,0,19,false
"anneal",1,7,unary,684,86,0,0,0,29,false
"anneal",1,7,horn,1332,435,0,0,0,33,false
"anneal",1,7,antihorn,1546,488,0,0,0,41,false
"anneal",1,7,square2cnf,2368,5836,0,0,0,41,false
"anneal",1,7,affine,3433,2992,0,0,0,51,false
"anneal",1,7,smart_certified,5192,4429,0,0,0,31,false
"anneal",1,7,cals,26421,25716,27,27,0,41,false
"anneal",1,7,cals_compact_explain,16607,18459,29,25,0,41,false
"anneal",2,5,unary,565,86,0,0,0,23,false
"anneal",2,5,horn,1297,376,0,0,0,25,false
"anneal",2,5,antihorn,1297,376,0,0,0,25,false
"anneal",2,5,square2cnf,1660,3710,0,0,0,25,false
"anneal",2,5,affine,1579,1762,0,0,0,27,false
"anneal",2,5,smart_certified,5357,5180,0,0,0,23,false
"anneal",2,5,cals,18056,23171,21,19,0,27,false
"anneal",2,5,cals_compact_explain,9423,15401,22,16,0,27,false
"anneal",2,7,unary,878,86,0,0,0,39,false
"anneal",2,7,horn,2018,519,0,0,0,49,false
"anneal",2,7,antihorn,2015,522,0,0,0,49,false
"anneal",2,7,square2cnf,2917,6719,0,0,0,49,false
"anneal",2,7,affine,3660,3536,0,0,0,57,false
"anneal",2,7,smart_certified,8254,7306,0,0,0,39,false
"anneal",2,7,cals,29210,32106,33,31,0,49,false
"anneal",2,7,cals_compact_explain,16722,22192,34,28,0,49,false
"anneal",3,5,unary,528,88,0,0,0,21,false
"anneal",3,5,horn,1180,373,0,0,0,23,false
"anneal",3,5,antihorn,1181,372,0,0,0,23,false
"anneal",3,5,square2cnf,1450,3520,0,0,0,23,false
"anneal",3,5,affine,1091,1736,0,0,0,23,false
"anneal",3,5,smart_certified,5024,4601,0,0,0,21,false
"anneal",3,5,cals,15310,27228,18,16,0,21,false
"anneal",3,5,cals_compact_explain,8845,13515,18,14,0,21,false
"anneal",3,7,unary,844,88,0,0,0,39,false
"anneal",3,7,horn,2011,539,0,0,0,49,false
"anneal",3,7,antihorn,2013,537,0,0,0,49,false
"anneal",3,7,square2cnf,3121,6559,0,0,0,47,false
"anneal",3,7,affine,2396,2230,0,0,0,37,false
"anneal",3,7,smart_certified,8595,7436,0,0,0,41,false
"anneal",3,7,cals,24910,34362,28,26,0,39,false
"anneal",3,7,cals_compact_explain,13726,19120,27,23,0,37,false
"anneal",4,5,unary,613,86,0,0,0,27,false
"anneal",4,5,horn,1223,415,0,0,0,29,false
"anneal",4,5,antihorn,1223,415,0,0,0,29,false
"anneal",4,5,square2cnf,1580,4342,0,0,0,29,false
"anneal",4,5,affine,791,1522,0,0,0,19,false
"anneal",4,5,smart_certified,5397,5592,0,0,0,27,false
"anneal",4,5,cals,13915,25631,17,15,0,19,false
"anneal",4,5,cals_compact_explain,9444,16474,17,15,0,21,false
"anneal",4,7,unary,857,86,0,0,0,45,false
"anneal",4,7,horn,1743,559,0,0,0,53,false
"anneal",4,7,antihorn,1740,562,0,0,0,53,false
"anneal",4,7,square2cnf,2707,7602,0,0,0,53,false
"anneal",4,7,affine,2467,2416,0,0,0,39,false
"anneal",4,7,smart_certified,6916,6598,0,0,0,41,false
"anneal",4,7,cals,21712,31354,25,23,0,35,false
"anneal",4,7,cals_compact_explain,13566,21712,25,23,0,37,false
"anneal",5,5,unary,590,88,0,0,0,23,false
"anneal",5,5,horn,1158,386,0,0,0,25,false
"anneal",5,5,antihorn,1156,388,0,0,0,25,false
"anneal",5,5,square2cnf,1450,3766,0,0,0,25,false
"anneal",5,5,affine,1323,1504,0,0,0,23,false
"anneal",5,5,smart_certified,5604,5086,0,0,0,23,false
"anneal",5,5,cals,16454,23028,20,18,0,25,false
"anneal",5,5,cals_compact_explain,8744,13580,20,14,0,23,false
"anneal",5,7,unary,803,88,0,0,0,35,false
"anneal",5,7,horn,1588,495,0,0,0,39,false
"anneal",5,7,antihorn,1586,497,0,0,0,39,false
"anneal",5,7,square2cnf,2093,5820,0,0,0,39,false
"anneal",5,7,affine,2091,2278,0,0,0,35,false
"anneal",5,7,smart_certified,7276,6737,0,0,0,35,false
"anneal",5,7,cals,25209,32981,31,29,0,47,false
"anneal",5,7,cals_compact_explain,11679,17741,26,20,0,35,false
"anneal",6,5,unary,609,88,0,0,0,25,false
"anneal",6,5,horn,1217,383,0,0,0,25,false
"anneal",6,5,antihorn,1216,384,0,0,0,25,false
"anneal",6,5,square2cnf,1521,3751,0,0,0,25,false
"anneal",6,5,affine,1206,1364,0,0,0,21,false
"anneal",6,5,smart_certified,6167,5238,0,0,0,25,false
"anneal",6,5,cals,15765,26200,17,15,0,19,false
"anneal",6,5,cals_compact_explain,9831,11349,17,13,0,19,false
"anneal",6,7,unary,927,88,0,0,0,43,false
"anneal",6,7,horn,2025,545,0,0,0,49,false
"anneal",6,7,antihorn,2014,554,0,0,0,49,false
"anneal",6,7,square2cnf,2814,6701,0,0,0,47,false
"anneal",6,7,affine,2462,2678,0,0,0,41,false
"anneal",6,7,smart_certified,9583,8451,0,0,0,45,false
"anneal",6,7,cals,24950,33883,27,25,0,39,false
"anneal",6,7,cals_compact_explain,14482,18480,27,23,0,39,false
"anneal",7,5,unary,539,86,0,0,0,21,false
"anneal",7,5,horn,919,349,0,0,0,21,false
"anneal",7,5,antihorn,919,349,0,0,0,21,false
"anneal",7,5,square2cnf,1166,3162,0,0,0,21,false
"anneal",7,5,affine,1197,1630,0,0,0,23,false
"anneal",7,5,smart_certified,4949,4728,0,0,0,21,false
"anneal",7,5,cals,13792,25075,16,16,0,19,false
"anneal",7,5,cals_compact_explain,9463,15783,17,13,0,19,false
"anneal",7,7,unary,706,86,0,0,0,29,false
"anneal",7,7,horn,1294,446,0,0,0,33,false
"anneal",7,7,antihorn,1291,449,0,0,0,33,false
"anneal",7,7,square2cnf,1725,4962,0,0,0,33,false
"anneal",7,7,affine,2158,2468,0,0,0,37,false
"anneal",7,7,smart_certified,5903,5984,0,0,0,29,false
"anneal",7,7,cals,22032,31891,25,25,0,37,false
"anneal",7,7,cals_compact_explain,14474,21324,26,22,0,37,false
"anneal",8,5,unary,595,88,0,0,0,25,false
"anneal",8,5,horn,1201,382,0,0,0,25,false
"anneal",8,5,antihorn,1200,383,0,0,0,25,false
"anneal",8,5,square2cnf,1505,3775,0,0,0,25,false
"anneal",8,5,affine,1743,1598,0,0,0,27,false
"anneal",8,5,smart_certified,5448,5463,0,0,0,27,false
"anneal",8,5,cals,15430,20607,18,16,0,21,false
"anneal",8,5,cals_compact_explain,9915,12453,18,14,0,21,false
"anneal",8,7,unary,930,88,0,0,0,45,false
"anneal",8,7,horn,1819,510,0,0,0,43,false
"anneal",8,7,antihorn,1817,512,0,0,0,43,false
"anneal",8,7,square2cnf,2645,6148,0,0,0,43,false
"anneal",8,7,affine,3215,2696,0,0,0,47,false
"anneal",8,7,smart_certified,6759,6600,0,0,0,45,false
"anneal",8,7,cals,24198,27031,27,25,0,39,false
"anneal",8,7,cals_compact_explain,14697,19453,28,24,0,41,false
"anneal",9,5,unary,565,88,0,0,0,23,false
"anneal",9,5,horn,1286,387,0,0,0,27,false
"anneal",9,5,antihorn,1283,386,0,0,0,27,false
"anneal",9,5,square2cnf,1691,3960,0,0,0,27,false
"anneal",9,5,affine,1168,1916,0,0,0,25,false
"anneal",9,5,smart_certified,5413,5137,0,0,0,23,false
"anneal",9,5,cals,15216,30251,19,17,0,23,false
"anneal",9,5,cals_compact_explain,9079,13299,20,14,0,23,false
"anneal",9,7,unary,853,88,0,0,0,37,false
"anneal",9,7,horn,1944,541,0,0,0,47,false
"anneal",9,7,antihorn,1942,539,0,0,0,47,false
"anneal",9,7,square2cnf,2638,6883,0,0,0,47,false
"anneal",9,7,affine,3117,2794,0,0,0,47,false
"anneal",9,7,smart_certified,7822,6986,0,0,0,37,false
"anneal",9,7,cals,27987,37752,31,29,0,47,false
"anneal",9,7,cals_compact_explain,17113,22971,35,29,0,53,false
"audiology",0,5,unary,334,129,0,0,0,17,false
"audiology",0,5,horn,528,345,0,0,0,11,false
"audiology",0,5,antihorn,528,345,0,0,0,11,false
"audiology",0,5,square2cnf,655,1748,0,0,0,11,false
"audiology",0,5,affine,633,937,0,0,0,11,false
"audiology",0,5,smart_certified,1584,991,0,0,0,13,false
"audiology",0,5,cals,18111,26987,12,10,0,9,false
"audiology",0,5,cals_compact_explain,4509,15190,10,7,0,9,false
"audiology",0,7,unary,334,129,0,0,0,17,false
"audiology",0,7,horn,528,345,0,0,0,11,false
"audiology",0,7,antihorn,528,345,0,0,0,11,false
"audiology",0,7,square2cnf,655,1748,0,0,0,11,false
"audiology",0,7,affine,633,937,0,0,0,11,false
"audiology",0,7,smart_certified,1584,991,0,0,0,13,false
"audiology",0,7,cals,18159,26939,12,10,0,9,false
"audiology",0,7,cals_compact_explain,4509,15190,10,7,0,9,false
"audiology",1,5,unary,310,119,0,0,0,15,false
"audiology",1,5,horn,648,361,0,0,0,15,false
"audiology",1,5,antihorn,648,361,0,0,0,15,false
"audiology",1,5,square2cnf,823,2328,0,0,0,15,false
"audiology",1,5,affine,1125,1073,0,0,0,15,false
"audiology",1,5,smart_certified,1896,1423,0,0,0,13,false
"audiology",1,5,cals,6626,26162,12,12,0,11,false
"audiology",1,5,cals_compact_explain,5280,11552,8,10,0,11,false
"audiology",1,7,unary,335,119,0,0,0,17,false
"audiology",1,7,horn,648,361,0,0,0,15,false
"audiology",1,7,antihorn,648,361,0,0,0,15,false
"audiology",1,7,square2cnf,823,2328,0,0,0,15,false
"audiology",1,7,affine,1125,1073,0,0,0,15,false
"audiology",1,7,smart_certified,1896,1423,0,0,0,13,false
"audiology",1,7,cals,6661,26127,12,12,0,11,false
"audiology",1,7,cals_compact_explain,5280,11552,8,10,0,11,false
"audiology",2,5,unary,299,139,0,0,0,15,false
"audiology",2,5,horn,413,368,0,0,0,11,false
"audiology",2,5,antihorn,413,368,0,0,0,11,false
"audiology",2,5,square2cnf,729,1768,0,0,0,11,false
"audiology",2,5,affine,487,769,0,0,0,9,false
"audiology",2,5,smart_certified,1857,1445,0,0,0,11,false
"audiology",2,5,cals,7532,25876,9,13,0,9,false
"audiology",2,5,cals_compact_explain,4208,18070,7,5,0,7,false
"audiology",2,7,unary,299,139,0,0,0,15,false
"audiology",2,7,horn,413,368,0,0,0,11,false
"audiology",2,7,antihorn,413,368,0,0,0,11,false
"audiology",2,7,square2cnf,729,1768,0,0,0,11,false
"audiology",2,7,affine,487,769,0,0,0,9,false
"audiology",2,7,smart_certified,1857,1445,0,0,0,11,false
"audiology",2,7,cals,7585,25823,9,13,0,9,false
"audiology",2,7,cals_compact_explain,4208,18070,7,5,0,7,false
"audiology",3,5,unary,294,125,0,0,0,13,false
"audiology",3,5,horn,681,371,0,0,0,15,false
"audiology",3,5,antihorn,682,370,0,0,0,15,false
"audiology",3,5,square2cnf,705,2075,0,0,0,13,false
"audiology",3,5,affine,815,1069,0,0,0,13,false
"audiology",3,5,smart_certified,1977,1465,0,0,0,15,false
"audiology",3,5,cals,16265,23486,9,13,0,9,false
"audiology",3,5,cals_compact_explain,3511,7902,8,6,0,9,false
"audiology",3,7,unary,310,125,0,0,0,15,false
"audiology",3,7,horn,681,371,0,0,0,15,false
"audiology",3,7,antihorn,682,370,0,0,0,15,false
"audiology",3,7,square2cnf,705,2075,0,0,0,13,false
"audiology",3,7,affine,815,1069,0,0,0,13,false
"audiology",3,7,smart_certified,1977,1465,0,0,0,15,false
"audiology",3,7,cals,16231,23520,9,13,0,9,false
"audiology",3,7,cals_compact_explain,3511,7902,8,6,0,9,false
"audiology",4,5,unary,373,137,0,0,0,17,false
"audiology",4,5,horn,893,409,0,0,0,17,false
"audiology",4,5,antihorn,893,409,0,0,0,17,false
"audiology",4,5,square2cnf,1106,2644,0,0,0,17,false
"audiology",4,5,affine,787,1097,0,0,0,13,false
"audiology",4,5,smart_certified,2108,1497,0,0,0,15,false
"audiology",4,5,cals,17119,37699,6,16,0,9,false
"audiology",4,5,cals_compact_explain,8104,22267,12,15,0,13,false
"audiology",4,7,unary,382,137,0,0,0,19,false
"audiology",4,7,horn,893,409,0,0,0,17,false
"audiology",4,7,antihorn,893,409,0,0,0,17,false
"audiology",4,7,square2cnf,1106,2644,0,0,0,17,false
"audiology",4,7,affine,787,1097,0,0,0,13,false
"audiology",4,7,smart_certified,2108,1497,0,0,0,15,false
"audiology",4,7,cals,17125,37693,6,16,0,9,false
"audiology",4,7,cals_compact_explain,8104,22267,12,15,0,13,false
"audiology",5,5,unary,332,126,0,0,0,17,false
"audiology",5,5,horn,507,357,0,0,0,13,false
"audiology",5,5,antihorn,507,357,0,0,0,13,false
"audiology",5,5,square2cnf,658,2042,0,0,0,13,false
"audiology",5,5,affine,665,905,0,0,0,11,false
"audiology",5,5,smart_certified,1926,1492,0,0,0,15,false
"audiology",5,5,cals,30081,17253,9,15,0,11,false
"audiology",5,5,cals_compact_explain,4730,8038,12,10,0,11,false
"audiology",5,7,unary,332,126,0,0,0,17,false
"audiology",5,7,horn,507,357,0,0,0,13,false
"audiology",5,7,antihorn,507,357,0,0,0,13,false
"audiology",5,7,square2cnf,658,2042,0,0,0,13,false
"audiology",5,7,affine,665,905,0,0,0,11,false
"audiology",5,7,smart_certified,1926,1492,0,0,0,15,false
"audiology",5,7,cals,30078,17256,9,15,0,11,false
"audiology",5,7,cals_compact_explain,4730,8038,12,10,0,11,false
"audiology",6,5,unary,362,135,0,0,0,15,false
"audiology",6,5,horn,780,381,0,0,0,15,false
"audiology",6,5,antihorn,780,381,0,0,0,15,false
"audiology",6,5,square2cnf,729,1784,0,0,0,11,false
"audiology",6,5,affine,679,891,0,0,0,11,false
"audiology",6,5,smart_certified,2168,1409,0,0,0,13,false
"audiology",6,5,cals,8402,56045,12,10,0,9,false
"audiology",6,5,cals_compact_explain,4899,32673,10,9,0,9,false
"audiology",6,7,unary,378,135,0,0,0,17,false
"audiology",6,7,horn,780,381,0,0,0,15,false
"audiology",6,7,antihorn,780,381,0,0,0,15,false
"audiology",6,7,square2cnf,729,1784,0,0,0,11,false
"audiology",6,7,affine,679,891,0,0,0,11,false
"audiology",6,7,smart_certified,2168,1409,0,0,0,13,false
"audiology",6,7,cals,8366,56081,12,10,0,9,false
"audiology",6,7,cals_compact_explain,4899,32673,10,9,0,9,false
"audiology",7,5,unary,358,133,0,0,0,17,false
"audiology",7,5,horn,590,410,0,0,0,17,false
"audiology",7,5,antihorn,590,410,0,0,0,17,false
"audiology",7,5,square2cnf,782,2666,0,0,0,17,false
"audiology",7,5,affine,1047,1151,0,0,0,15,false
"audiology",7,5,smart_certified,1591,1041,0,0,0,17,false
"audiology",7,5,cals,6999,25885,11,11,0,9,false
"audiology",7,5,cals_compact_explain,6269,15263,5,10,0,9,false
"audiology",7,7,unary,381,133,0,0,0,19,false
"audiology",7,7,horn,590,410,0,0,0,17,false
"audiology",7,7,antihorn,590,410,0,0,0,17,false
"audiology",7,7,square2cnf,782,2666,0,0,0,17,false
"audiology",7,7,affine,1047,1151,0,0,0,15,false
"audiology",7,7,smart_certified,1591,1041,0,0,0,17,false
"audiology",7,7,cals,7023,25861,11,11,0,9,false
"audiology",7,7,cals_compact_explain,6269,15263,5,10,0,9,false
"audiology",8,5,unary,308,129,0,0,0,15,false
"audiology",8,5,horn,619,364,0,0,0,13,false
"audiology",8,5,antihorn,647,364,0,0,0,13,false
"audiology",8,5,square2cnf,771,2073,0,0,0,13,false
"audiology",8,5,affine,967,1231,0,0,0,15,false
"audiology",8,5,smart_certified,1659,1054,0,0,0,17,false
"audiology",8,5,cals,18021,23323,6,16,0,9,false
"audiology",8,5,cals_compact_explain,3713,7883,5,6,0,9,false
"audiology",8,7,unary,324,129,0,0,0,17,false
"audiology",8,7,horn,619,364,0,0,0,13,false
"audiology",8,7,antihorn,704,382,0,0,0,15,false
"audiology",8,7,square2cnf,771,2073,0,0,0,13,false
"audiology",8,7,affine,967,1231,0,0,0,15,false
"audiology",8,7,smart_certified,1659,1054,0,0,0,17,false
"audiology",8,7,cals,18027,23317,6,16,0,9,false
"audiology",8,7,cals_compact_explain,3713,7883,5,6,0,9,false
"audiology",9,5,unary,365,127,0,0,0,17,false
"audiology",9,5,horn,861,371,0,0,0,15,false
"audiology",9,5,antihorn,861,371,0,0,0,15,false
"audiology",9,5,square2cnf,1051,2348,0,0,0,15,false
"audiology",9,5,affine,855,1029,0,0,0,13,false
"audiology",9,5,smart_certified,2272,1467,0,0,0,17,false
"audiology",9,5,cals,9361,29590,13,11,0,11,false
"audiology",9,5,cals_compact_explain,3822,7964,12,7,0,11,false
"audiology",9,7,unary,387,127,0,0,0,19,false
"audiology",9,7,horn,861,371,0,0,0,15,false
"audiology",9,7,antihorn,861,371,0,0,0,15,false
"audiology",9,7,square2cnf,1051,2348,0,0,0,15,false
"audiology",9,7,affine,855,1029,0,0,0,13,false
"audiology",9,7,smart_certified,2272,1467,0,0,0,17,false
"audiology",9,7,cals,9397,29554,13,11,0,11,false
"audiology",9,7,cals_compact_explain,3822,7964,12,7,0,11,false
"australian-credit",0,5,unary,1571,124,0,0,0,37,false
"australian-credit",0,5,horn,2772,525,0,0,0,33,false
"australian-credit",0,5,antihorn,2689,505,0,0,0,31,false
"australian-credit",0,5,square2cnf,3088,4772,0,0,0,31,false
"australian-credit",0,5,affine,3095,3058,0,0,0,43,false
"australian-credit",0,5,smart_certified,14190,7729,0,0,0,35,false
"australian-credit",0,5,cals,27520,46994,26,28,0,41,false
"australian-credit",0,5,cals_compact_explain,22516,47784,29,31,0,43,false
"australian-credit",0,7,unary,2753,124,0,0,0,73,false
"australian-credit",0,7,horn,5048,752,0,0,0,65,false
"australian-credit",0,7,antihorn,5035,759,0,0,0,65,false
"australian-credit",0,7,square2cnf,6144,9577,0,0,0,65,false
"australian-credit",0,7,affine,6843,5756,0,0,0,87,false
"australian-credit",0,7,smart_certified,24503,14252,0,0,0,67,false
"australian-credit",0,7,cals,32659,50957,36,38,0,61,false
"australian-credit",0,7,cals_compact_explain,25538,55284,42,39,0,61,false
"australian-credit",1,5,unary,1670,124,0,0,0,37,false
"australian-credit",1,5,horn,3618,569,0,0,0,41,false
"australian-credit",1,5,antihorn,3617,570,0,0,0,41,false
"australian-credit",1,5,square2cnf,4496,5918,0,0,0,41,false
"australian-credit",1,5,affine,3189,2964,0,0,0,43,false
"australian-credit",1,5,smart_certified,15583,8687,0,0,0,37,false
"australian-credit",1,5,cals,25312,44496,25,27,0,39,false
"australian-credit",1,5,cals_compact_explain,19590,26480,36,23,0,39,false
"australian-credit",1,7,unary,3216,124,0,0,0,79,false
"australian-credit",1,7,horn,5912,801,0,0,0,75,false
"australian-credit",1,7,antihorn,5948,782,0,0,0,75,false
"australian-credit",1,7,square2cnf,7414,10369,0,0,0,73,false
"australian-credit",1,7,affine,6066,5068,0,0,0,77,false
"australian-credit",1,7,smart_certified,23312,13474,0,0,0,71,false
"australian-credit",1,7,cals,31293,51159,35,37,0,59,false
"australian-credit",1,7,cals_compact_explain,23779,29311,44,31,0,55,false
"australian-credit",2,5,unary,1575,124,0,0,0,35,false
"australian-credit",2,5,horn,3493,560,0,0,0,39,false
"australian-credit",2,5,antihorn,3494,559,0,0,0,39,false
"australian-credit",2,5,square2cnf,4140,5839,0,0,0,39,false
"australian-credit",2,5,affine,3583,3156,0,0,0,47,false
"australian-credit",2,5,smart_certified,14461,8528,0,0,0,35,false
"australian-credit",2,5,cals,25244,47119,25,27,0,39,false
"australian-credit",2,5,cals_compact_explain,25132,43081,32,30,0,37,false
"australian-credit",2,7,unary,2833,124,0,0,0,73,false
"australian-credit",2,7,horn,5567,788,0,0,0,71,false
"australian-credit",2,7,antihorn,5568,787,0,0,0,71,false
"australian-credit",2,7,square2cnf,6979,10206,0,0,0,71,false
"australian-credit",2,7,affine,5674,4874,0,0,0,73,false
"australian-credit",2,7,smart_certified,23573,14237,0,0,0,65,false
"australian-credit",2,7,cals,29599,51370,34,36,0,57,false
"australian-credit",2,7,cals_compact_explain,26807,53051,43,36,0,59,false
"australian-credit",3,5,unary,1569,124,0,0,0,35,false
"australian-credit",3,5,horn,4053,607,0,0,0,45,false
"australian-credit",3,5,antihorn,3756,585,0,0,0,43,false
"australian-credit",3,5,square2cnf,4464,6831,0,0,0,45,false
"australian-credit",3,5,affine,2822,2452,0,0,0,37,false
"australian-credit",3,5,smart_certified,14347,8543,0,0,0,35,false
"australian-credit",3,5,cals,25216,63467,26,26,0,39,false
"australian-credit",3,5,cals_compact_explain,18329,33697,31,22,0,39,false
"australian-credit",3,7,unary,2791,124,0,0,0,65,false
"australian-credit",3,7,horn,6271,867,0,0,0,81,false
"australian-credit",3,7,antihorn,6179,818,0,0,0,79,false
"australian-credit",3,7,square2cnf,8666,11769,0,0,0,85,false
"australian-credit",3,7,affine,5330,4632,0,0,0,69,false
"australian-credit",3,7,smart_certified,22907,13380,0,0,0,61,false
"australian-credit",3,7,cals,30890,95622,37,37,0,61,false
"australian-credit",3,7,cals_compact_explain,22477,48239,39,30,0,55,false
"australian-credit",4,5,unary,1626,124,0,0,0,37,false
"australian-credit",4,5,horn,3212,529,0,0,0,35,false
"australian-credit",4,5,antihorn,3218,543,0,0,0,37,false
"australian-credit",4,5,square2cnf,3778,5155,0,0,0,35,false
"australian-credit",4,5,affine,2806,3054,0,0,0,41,false
"australian-credit",4,5,smart_certified,14626,9252,0,0,0,37,false
"australian-credit",4,5,cals,23344,77111,24,26,0,37,false
"australian-credit",4,5,cals_compact_explain,18304,15302,29,24,0,39,false
"australian-credit",4,7,unary,3066,124,0,0,0,75,false
"australian-credit",4,7,horn,5643,766,0,0,0,67,false
"australian-credit",4,7,antihorn,5268,742,0,0,0,63,false
"australian-credit",4,7,square2cnf,5961,8459,0,0,0,57,false
"australian-credit",4,7,affine,5090,4872,0,0,0,69,false
"australian-credit",4,7,smart_certified,23786,14496,0,0,0,71,false
"australian-credit",4,7,cals,29646,102739,36,38,0,61,false
"australian-credit",4,7,cals_compact_explain,23120,15877,40,35,0,61,false
"australian-credit",5,5,unary,2001,124,0,0,0,47,false
"australian-credit",5,5,horn,3942,630,0,0,0,47,false
"australian-credit",5,5,antihorn,3875,604,0,0,0,45,false
"australian-credit",5,5,square2cnf,4497,6711,0,0,0,45,false
"australian-credit",5,5,affine,3157,2996,0,0,0,43,false
"australian-credit",5,5,smart_certified,18365,11396,0,0,0,47,false
"australian-credit",5,5,cals,24613,73468,23,23,0,33,false
"australian-credit",5,5,cals_compact_explain,21817,51360,25,23,0,31,false
"australian-credit",5,7,unary,3180,124,0,0,0,81,false
"australian-credit",5,7,horn,6031,859,0,0,0,77,false
"australian-credit",5,7,antihorn,6015,855,0,0,0,79,false
"australian-credit",5,7,square2cnf,7194,11040,0,0,0,77,false
"australian-credit",5,7,affine,6318,5988,0,0,0,85,false
"australian-credit",5,7,smart_certified,25383,15907,0,0,0,77,false
"australian-credit",5,7,cals,30053,86766,34,34,0,55,false
"australian-credit",5,7,cals_compact_explain,26175,58997,34,32,0,49,false
"australian-credit",6,5,unary,1902,123,0,0,0,45,false
"australian-credit",6,5,horn,3988,619,0,0,0,47,false
"australian-credit",6,5,antihorn,3978,625,0,0,0,47,false
"australian-credit",6,5,square2cnf,4618,7043,0,0,0,47,false
"australian-credit",6,5,affine,3504,2942,0,0,0,45,false
"australian-credit",6,5,smart_certified,15821,9764,0,0,0,43,false
"australian-credit",6,5,cals,24339,37664,27,29,0,43,false
"australian-credit",6,5,cals_compact_explain,20839,15633,28,29,0,43,false
"australian-credit",6,7,unary,3330,123,0,0,0,87,false
"australian-credit",6,7,horn,5961,810,0,0,0,75,false
"australian-credit",6,7,antihorn,5983,833,0,0,0,77,false
"australian-credit",6,7,square2cnf,7894,11849,0,0,0,83,false
"australian-credit",6,7,affine,5658,4890,0,0,0,73,false
"australian-credit",6,7,smart_certified,22578,13433,0,0,0,81,false
"australian-credit",6,7,cals,28091,38304,36,38,0,61,false
"australian-credit",6,7,cals_compact_explain,24158,16155,37,38,0,61,false
"australian-credit",7,5,unary,1756,124,0,0,0,39,false
"australian-credit",7,5,horn,4285,647,0,0,0,49,false
"australian-credit",7,5,antihorn,4284,648,0,0,0,49,false
"australian-credit",7,5,square2cnf,4592,6849,0,0,0,45,false
"australian-credit",7,5,affine,3372,3074,0,0,0,45,false
"australian-credit",7,5,smart_certified,15219,8752,0,0,0,39,false
"australian-credit",7,5,cals,22455,67025,24,24,0,35,false
"australian-credit",7,5,cals_compact_explain,16250,35618,28,21,0,35,false
"australian-credit",7,7,unary,3036,124,0,0,0,75,false
"australian-credit",7,7,horn,6738,877,0,0,0,87,false
"australian-credit",7,7,antihorn,6716,881,0,0,0,87,false
"australian-credit",7,7,square2cnf,6982,10392,0,0,0,71,false
"australian-credit",7,7,affine,6401,5026,0,0,0,79,false
"australian-credit",7,7,smart_certified,24261,13373,0,0,0,75,false
"australian-credit",7,7,cals,27332,74074,35,35,0,57,false
"australian-credit",7,7,cals_compact_explain,20770,43380,43,33,0,59,false
"australian-credit",8,5,unary,1680,124,0,0,0,37,false
"australian-credit",8,5,horn,4239,645,0,0,0,49,false
"australian-credit",8,5,antihorn,4245,649,0,0,0,49,false
"australian-credit",8,5,square2cnf,4411,6488,0,0,0,43,false
"australian-credit",8,5,affine,3489,3250,0,0,0,47,false
"australian-credit",8,5,smart_certified,13818,8004,0,0,0,37,false
"australian-credit",8,5,cals,22888,80256,28,24,0,39,false
"australian-credit",8,5,cals_compact_explain,22336,65106,29,27,0,39,false
"australian-credit",8,7,unary,3095,124,0,0,0,77,false
"australian-credit",8,7,horn,6538,909,0,0,0,85,false
"australian-credit",8,7,antihorn,6638,926,0,0,0,87,false
"australian-credit",8,7,square2cnf,7486,11244,0,0,0,77,false
"australian-credit",8,7,affine,6309,5118,0,0,0,79,false
"australian-credit",8,7,smart_certified,23887,14172,0,0,0,79,false
"australian-credit",8,7,cals,28966,101977,39,35,0,61,false
"australian-credit",8,7,cals_compact_explain,25930,83249,36,34,0,53,false
"australian-credit",9,5,unary,1816,124,0,0,0,41,false
"australian-credit",9,5,horn,3949,625,0,0,0,45,false
"australian-credit",9,5,antihorn,3597,587,0,0,0,41,false
"australian-credit",9,5,square2cnf,4415,5937,0,0,0,41,false
"australian-credit",9,5,affine,2588,2100,0,0,0,33,false
"australian-credit",9,5,smart_certified,16381,10232,0,0,0,41,false
"australian-credit",9,5,cals,23960,46751,24,24,0,35,false
"australian-credit",9,5,cals_compact_explain,19539,30097,31,22,0,33,false
"australian-credit",9,7,unary,3264,124,0,0,0,83,false
"australian-credit",9,7,horn,6492,918,0,0,0,83,false
"australian-credit",9,7,antihorn,6443,897,0,0,0,83,false
"australian-credit",9,7,square2cnf,8280,11583,0,0,0,83,false
"australian-credit",9,7,affine,5518,4444,0,0,0,69,false
"australian-credit",9,7,smart_certified,24040,14452,0,0,0,79,false
"australian-credit",9,7,cals,29990,48237,35,35,0,57,false
"australian-credit",9,7,cals_compact_explain,24870,32384,43,34,0,57,false
"balance-scale-bin",0,5,unary,165,16,0,0,0,35,false
"balance-scale-bin",0,5,horn,378,209,0,0,0,27,false
"balance-scale-bin",0,5,antihorn,243,158,0,0,0,21,false
"balance-scale-bin",0,5,square2cnf,827,3789,0,0,0,27,false
"balance-scale-bin",0,5,affine,1647,1128,0,0,0,31,false
"balance-scale-bin",0,5,smart_certified,3506,4990,0,0,0,35,false
"balance-scale-bin",0,5,cals,6396,20255,12,24,0,23,false
"balance-scale-bin",0,5,cals_compact_explain,5550,5260,9,40,0,23,false
"balance-scale-bin",0,7,unary,256,16,0,0,0,61,false
"balance-scale-bin",0,7,horn,703,335,0,0,0,53,false
"balance-scale-bin",0,7,antihorn,396,218,0,0,0,33,false
"balance-scale-bin",0,7,square2cnf,1505,6602,0,0,0,47,false
"balance-scale-bin",0,7,affine,4471,1264,0,0,0,63,false
"balance-scale-bin",0,7,smart_certified,5465,6887,0,0,0,51,false
"balance-scale-bin",0,7,cals,8030,20287,22,34,0,43,false
"balance-scale-bin",0,7,cals_compact_explain,5190,5227,21,37,0,41,false
"balance-scale-bin",1,5,unary,191,16,0,0,0,41,false
"balance-scale-bin",1,5,horn,480,289,0,0,0,39,false
"balance-scale-bin",1,5,antihorn,317,214,0,0,0,27,false
"balance-scale-bin",1,5,square2cnf,1255,5327,0,0,0,41,false
"balance-scale-bin",1,5,affine,1582,1008,0,0,0,29,false
"balance-scale-bin",1,5,smart_certified,4087,5724,0,0,0,37,false
"balance-scale-bin",1,5,cals,22076,126154,18,24,0,29,false
"balance-scale-bin",1,5,cals_compact_explain,6360,12928,19,27,0,29,false
"balance-scale-bin",1,7,unary,305,16,0,0,0,83,false
"balance-scale-bin",1,7,horn,830,368,0,0,0,65,false
"balance-scale-bin",1,7,antihorn,600,314,0,0,0,51,false
"balance-scale-bin",1,7,square2cnf,2133,7925,0,0,0,61,false
"balance-scale-bin",1,7,affine,4495,1240,0,0,0,63,false
"balance-scale-bin",1,7,smart_certified,6480,6417,0,0,0,61,false
"balance-scale-bin",1,7,cals,31228,167932,31,37,0,55,false
"balance-scale-bin",1,7,cals_compact_explain,7711,12991,32,40,0,55,false
"balance-scale-bin",2,5,unary,164,16,0,0,0,35,false
"balance-scale-bin",2,5,horn,267,183,0,0,0,21,false
"balance-scale-bin",2,5,antihorn,201,140,0,0,0,17,false
"balance-scale-bin",2,5,square2cnf,832,3765,0,0,0,27,false
"balance-scale-bin",2,5,affine,1697,1078,0,0,0,31,false
"balance-scale-bin",2,5,smart_certified,3564,4901,0,0,0,33,false
"balance-scale-bin",2,5,cals,27232,30748,21,21,0,29,false
"balance-scale-bin",2,5,cals_compact_explain,19021,8531,25,21,0,29,false
"balance-scale-bin",2,7,unary,256,16,0,0,0,63,false
"balance-scale-bin",2,7,horn,486,277,0,0,0,39,false
"balance-scale-bin",2,7,antihorn,379,239,0,0,0,31,false
"balance-scale-bin",2,7,square2cnf,1388,5704,0,0,0,41,false
"balance-scale-bin",2,7,affine,3888,1292,0,0,0,57,false
"balance-scale-bin",2,7,smart_certified,5729,6750,0,0,0,49,false
"balance-scale-bin",2,7,cals,36308,30772,27,27,0,41,false
"balance-scale-bin",2,7,cals_compact_explain,25130,8531,31,27,0,41,false
"balance-scale-bin",3,5,unary,157,16,0,0,0,31,false
"balance-scale-bin",3,5,horn,171,125,0,0,0,13,false
"balance-scale-bin",3,5,antihorn,163,131,0,0,0,13,false
"balance-scale-bin",3,5,square2cnf,365,2116,0,0,0,15,false
"balance-scale-bin",3,5,affine,1963,1182,0,0,0,35,false
"balance-scale-bin",3,5,smart_certified,3596,5712,0,0,0,31,false
"balance-scale-bin",3,5,cals,11647,116602,13,21,0,21,false
"balance-scale-bin",3,5,cals_compact_explain,9715,75036,25,23,0,31,false
"balance-scale-bin",3,7,unary,275,16,0,0,0,65,false
"balance-scale-bin",3,7,horn,472,239,0,0,0,35,false
"balance-scale-bin",3,7,antihorn,232,164,0,0,0,17,false
"balance-scale-bin",3,7,square2cnf,775,4143,0,0,0,29,false
"balance-scale-bin",3,7,affine,4095,1270,0,0,0,59,false
"balance-scale-bin",3,7,smart_certified,6405,7326,0,0,0,59,false
"balance-scale-bin",3,7,cals,16445,158235,20,28,0,35,false
"balance-scale-bin",3,7,cals_compact_explain,14568,108981,39,37,0,59,false
"balance-scale-bin",4,5,unary,166,16,0,0,0,37,false
"balance-scale-bin",4,5,horn,317,167,0,0,0,21,false
"balance-scale-bin",4,5,antihorn,309,197,0,0,0,25,false
"balance-scale-bin",4,5,square2cnf,1078,3917,0,0,0,29,false
"balance-scale-bin",4,5,affine,2375,1140,0,0,0,39,false
"balance-scale-bin",4,5,smart_certified,3234,4215,0,0,0,29,false
"balance-scale-bin",4,5,cals,5877,20984,15,25,0,27,false
"balance-scale-bin",4,5,cals_compact_explain,4271,7924,14,29,0,27,false
"balance-scale-bin",4,7,unary,254,16,0,0,0,65,false
"balance-scale-bin",4,7,horn,620,245,0,0,0,41,false
"balance-scale-bin",4,7,antihorn,555,289,0,0,0,45,false
"balance-scale-bin",4,7,square2cnf,1993,6445,0,0,0,51,false
"balance-scale-bin",4,7,affine,4272,1278,0,0,0,61,false
"balance-scale-bin",4,7,smart_certified,5697,6143,0,0,0,49,false
"balance-scale-bin",4,7,cals,6810,21014,21,31,0,39,false
"balance-scale-bin",4,7,cals_compact_explain,5328,7975,23,36,0,39,false
"balance-scale-bin",5,5,unary,163,16,0,0,0,35,false
"balance-scale-bin",5,5,horn,303,167,0,0,0,21,false
"balance-scale-bin",5,5,antihorn,267,197,0,0,0,21,false
"balance-scale-bin",5,5,square2cnf,1056,3172,0,0,0,25,false
"balance-scale-bin",5,5,affine,2357,1158,0,0,0,39,false
"balance-scale-bin",5,5,smart_certified,3269,4181,0,0,0,29,false
"balance-scale-bin",5,5,cals,23144,118045,15,23,0,25,false
"balance-scale-bin",5,5,cals_compact_explain,18237,12190,25,21,0,29,false
"balance-scale-bin",5,7,unary,258,16,0,0,0,65,false
"balance-scale-bin",5,7,horn,500,261,0,0,0,37,false
"balance-scale-bin",5,7,antihorn,670,321,0,0,0,51,false
"balance-scale-bin",5,7,square2cnf,1639,5343,0,0,0,41,false
"balance-scale-bin",5,7,affine,5406,1254,0,0,0,73,false
"balance-scale-bin",5,7,smart_certified,5668,6177,0,0,0,49,false
"balance-scale-bin",5,7,cals,29989,145285,23,31,0,41,false
"balance-scale-bin",5,7,cals_compact_explain,27262,12190,34,30,0,47,false
"balance-scale-bin",6,5,unary,168,16,0,0,0,35,false
"balance-scale-bin",6,5,horn,344,223,0,0,0,29,false
"balance-scale-bin",6,5,antihorn,339,206,0,0,0,27,false
"balance-scale-bin",6,5,square2cnf,931,4661,0,0,0,33,false
"balance-scale-bin",6,5,affine,1747,1028,0,0,0,31,false
"balance-scale-bin",6,5,smart_certified,3487,5134,0,0,0,33,false
"balance-scale-bin",6,5,cals,22704,103733,12,20,0,19,false
"balance-scale-bin",6,5,cals_compact_explain,7558,53627,14,18,0,21,false
"balance-scale-bin",6,7,unary,287,16,0,0,0,73,false
"balance-scale-bin",6,7,horn,560,307,0,0,0,45,false
"balance-scale-bin",6,7,antihorn,551,299,0,0,0,43,false
"balance-scale-bin",6,7,square2cnf,2230,7124,0,0,0,57,false
"balance-scale-bin",6,7,affine,4163,1202,0,0,0,59,false
"balance-scale-bin",6,7,smart_certified,5772,5156,0,0,0,57,false
"balance-scale-bin",6,7,cals,26021,141195,20,28,0,35,false
"balance-scale-bin",6,7,cals_compact_explain,11999,76879,23,27,0,39,false
"balance-scale-bin",7,5,unary,199,16,0,0,0,43,false
"balance-scale-bin",7,5,horn,280,212,0,0,0,25,false
"balance-scale-bin",7,5,antihorn,339,206,0,0,0,29,false
"balance-scale-bin",7,5,square2cnf,965,4603,0,0,0,33,false
"balance-scale-bin",7,5,affine,1840,1120,0,0,0,33,false
"balance-scale-bin",7,5,smart_certified,3755,4852,0,0,0,37,false
"balance-scale-bin",7,5,cals,11750,134784,18,24,0,29,false
"balance-scale-bin",7,5,cals_compact_explain,7523,64763,25,19,0,27,false
"balance-scale-bin",7,7,unary,319,16,0,0,0,87,false
"balance-scale-bin",7,7,horn,438,281,0,0,0,39,false
"balance-scale-bin",7,7,antihorn,579,295,0,0,0,51,false
"balance-scale-bin",7,7,square2cnf,2162,7266,0,0,0,57,false
"balance-scale-bin",7,7,affine,4135,1230,0,0,0,59,false
"balance-scale-bin",7,7,smart_certified,7507,5931,0,0,0,71,false
"balance-scale-bin",7,7,cals,17226,167171,27,33,0,47,false
"balance-scale-bin",7,7,cals_compact_explain,10173,83185,32,26,0,41,false
"balance-scale-bin",8,5,unary,177,16,0,0,0,37,false
"balance-scale-bin",8,5,horn,392,249,0,0,0,33,false
"balance-scale-bin",8,5,antihorn,364,247,0,0,0,33,false
"balance-scale-bin",8,5,square2cnf,955,4371,0,0,0,33,false
"balance-scale-bin",8,5,affine,2091,1054,0,0,0,35,false
"balance-scale-bin",8,5,smart_certified,4458,6604,0,0,0,37,false
"balance-scale-bin",8,5,cals,18119,128841,18,24,0,29,false
"balance-scale-bin",8,5,cals_compact_explain,3265,11350,13,18,0,23,false
"balance-scale-bin",8,7,unary,284,16,0,0,0,73,false
"balance-scale-bin",8,7,horn,664,321,0,0,0,55,false
"balance-scale-bin",8,7,antihorn,607,337,0,0,0,57,false
"balance-scale-bin",8,7,square2cnf,2111,8116,0,0,0,63,false
"balance-scale-bin",8,7,affine,5068,1222,0,0,0,69,false
"balance-scale-bin",8,7,smart_certified,6654,7383,0,0,0,63,false
"balance-scale-bin",8,7,cals,25643,154693,26,32,0,45,false
"balance-scale-bin",8,7,cals_compact_explain,4205,11425,21,26,0,39,false
"balance-scale-bin",9,5,unary,175,16,0,0,0,37,false
"balance-scale-bin",9,5,horn,281,177,0,0,0,23,false
"balance-scale-bin",9,5,antihorn,305,224,0,0,0,29,false
"balance-scale-bin",9,5,square2cnf,1147,4804,0,0,0,35,false
"balance-scale-bin",9,5,affine,1602,988,0,0,0,29,false
"balance-scale-bin",9,5,smart_certified,3208,4795,0,0,0,31,false
"balance-scale-bin",9,5,cals,14786,137903,18,24,0,29,false
"balance-scale-bin",9,5,cals_compact_explain,10088,74637,22,24,0,29,false
"balance-scale-bin",9,7,unary,308,16,0,0,0,83,false
"balance-scale-bin",9,7,horn,529,282,0,0,0,41,false
"balance-scale-bin",9,7,antihorn,542,299,0,0,0,47,false
"balance-scale-bin",9,7,square2cnf,2159,8619,0,0,0,65,false
"balance-scale-bin",9,7,affine,3612,1198,0,0,0,53,false
"balance-scale-bin",9,7,smart_certified,5128,4855,0,0,0,55,false
"balance-scale-bin",9,7,cals,21300,171159,26,32,0,45,false
"balance-scale-bin",9,7,cals_compact_explain,11507,88304,26,28,0,37,false
"bank_conv-bin",0,5,unary,4133,210,0,0,0,55,false
"bank_conv-bin",0,5,horn,7911,864,0,0,0,53,false
"bank_conv-bin",0,5,antihorn,8275,879,0,0,0,55,false
"bank_conv-bin",0,5,square2cnf,9038,8531,0,0,0,55,false
"bank_conv-bin",0,5,affine,6495,4525,0,0,0,59,false
"bank_conv-bin",0,5,smart_certified,35721,12635,0,0,0,55,false
"bank_conv-bin",0,5,cals,47648,22275,27,35,0,49,false
"bank_conv-bin",0,5,cals_compact_explain,47459,9715,30,40,0,49,false
"bank_conv-bin",0,7,unary,8706,210,0,0,0,135,false
"bank_conv-bin",0,7,horn,18226,1643,0,0,0,147,false
"bank_conv-bin",0,7,antihorn,18415,1609,0,0,0,143,false
"bank_conv-bin",0,7,square2cnf,18844,19370,0,0,0,129,false
"bank_conv-bin",0,7,affine,17163,9817,0,0,0,143,false
"bank_conv-bin",0,7,smart_certified,67662,24515,0,0,0,117,false
"bank_conv-bin",0,7,cals,75450,24576,60,68,0,115,false
"bank_conv-bin",0,7,cals_compact_explain,69002,11341,66,69,0,115,false
"bank_conv-bin",1,5,unary,3826,209,0,0,0,51,false
"bank_conv-bin",1,5,horn,7303,821,0,0,0,49,false
"bank_conv-bin",1,5,antihorn,8744,892,0,0,0,57,false
"bank_conv-bin",1,5,square2cnf,9029,8205,0,0,0,53,false
"bank_conv-bin",1,5,affine,6711,4689,0,0,0,61,false
"bank_conv-bin",1,5,smart_certified,32486,11570,0,0,0,51,false
"bank_conv-bin",1,5,cals,56613,193700,28,36,0,51,false
"bank_conv-bin",1,5,cals_compact_explain,48738,111892,36,35,0,51,false
"bank_conv-bin",1,7,unary,7523,209,0,0,0,113,false
"bank_conv-bin",1,7,horn,14843,1327,0,0,0,113,false
"bank_conv-bin",1,7,antihorn,17865,1530,0,0,0,135,false
"bank_conv-bin",1,7,square2cnf,18577,18651,0,0,0,123,false
"bank_conv-bin",1,7,affine,18925,11095,0,0,0,159,false
"bank_conv-bin",1,7,smart_certified,61217,20814,0,0,0,113,false
"bank_conv-bin",1,7,cals,86370,396664,60,68,0,115,false
"bank_conv-bin",1,7,cals_compact_explain,77964,254781,62,74,0,115,false
"bank_conv-bin",2,5,unary,4148,209,0,0,0,57,false
"bank_conv-bin",2,5,horn,7157,797,0,0,0,47,false
"bank_conv-bin",2,5,antihorn,7518,819,0,0,0,49,false
"bank_conv-bin",2,5,square2cnf,8246,7510,0,0,0,49,false
"bank_conv-bin",2,5,affine,5857,4023,0,0,0,53,false
"bank_conv-bin",2,5,smart_certified,33076,11666,0,0,0,53,false
"bank_conv-bin",2,5,cals,48506,26878,33,37,0,57,false
"bank_conv-bin",2,5,cals_compact_explain,41950,13266,33,41,0,57,false
"bank_conv-bin",2,7,unary,8037,209,0,0,0,127,false
"bank_conv-bin",2,7,horn,13576,1230,0,0,0,103,false
"bank_conv-bin",2,7,antihorn,15160,1375,0,0,0,115,false
"bank_conv-bin",2,7,square2cnf,17606,17845,0,0,0,119,false
"bank_conv-bin",2,7,affine,15601,9859,0,0,0,135,false
"bank_conv-bin",2,7,smart_certified,62816,22956,0,0,0,115,false
"bank_conv-bin",2,7,cals,69128,29519,66,70,0,123,false
"bank_conv-bin",2,7,cals_compact_explain,66661,15292,56,81,0,123,false
"bank_conv-bin",3,5,unary,4087,210,0,0,0,53,false
"bank_conv-bin",3,5,horn,8285,884,0,0,0,55,false
"bank_conv-bin",3,5,antihorn,8807,922,0,0,0,59,false
"bank_conv-bin",3,5,square2cnf,9302,8718,0,0,0,57,false
"bank_conv-bin",3,5,affine,5885,3995,0,0,0,53,false
"bank_conv-bin",3,5,smart_certified,35839,12394,0,0,0,55,false
"bank_conv-bin",3,5,cals,48114,27124,26,34,0,47,false
"bank_conv-bin",3,5,cals_compact_explain,41153,9832,35,34,0,49,false
"bank_conv-bin",3,7,unary,8757,210,0,0,0,135,false
"bank_conv-bin",3,7,horn,17565,1508,0,0,0,133,false
"bank_conv-bin",3,7,antihorn,19190,1618,0,0,0,145,false
"bank_conv-bin",3,7,square2cnf,20822,20897,0,0,0,143,false
"bank_conv-bin",3,7,affine,15657,9803,0,0,0,135,false
"bank_conv-bin",3,7,smart_certified,69181,24757,0,0,0,129,false
"bank_conv-bin",3,7,cals,74378,29574,60,68,0,115,false
"bank_conv-bin",3,7,cals_compact_explain,62183,11457,68,63,0,111,false
"bank_conv-bin",4,5,unary,4187,207,0,0,0,57,false
"bank_conv-bin",4,5,horn,8174,867,0,0,0,55,false
"bank_conv-bin",4,5,antihorn,8438,894,0,0,0,57,false
"bank_conv-bin",4,5,square2cnf,9237,8398,0,0,0,55,false
"bank_conv-bin",4,5,affine,6519,4121,0,0,0,57,false
"bank_conv-bin",4,5,smart_certified,34260,11541,0,0,0,59,false
"bank_conv-bin",4,5,cals,50497,193054,28,36,0,51,false
"bank_conv-bin",4,5,cals_compact_explain,44777,6160,29,40,0,49,false
"bank_conv-bin",4,7,unary,8961,207,0,0,0,143,false
"bank_conv-bin",4,7,horn,16937,1471,0,0,0,129,false
"bank_conv-bin",4,7,antihorn,17900,1577,0,0,0,139,false
"bank_conv-bin",4,7,square2cnf,20615,20773,0,0,0,141,false
"bank_conv-bin",4,7,affine,16235,9985,0,0,0,139,false
"bank_conv-bin",4,7,smart_certified,66725,24161,0,0,0,135,false
"bank_conv-bin",4,7,cals,74573,338326,51,59,0,97,false
"bank_conv-bin",4,7,cals_compact_explain,63395,7771,69,68,0,117,false
"bank_conv-bin",5,5,unary,4010,209,0,0,0,53,false
"bank_conv-bin",5,5,horn,7162,836,0,0,0,49,false
"bank_conv-bin",5,5,antihorn,7692,860,0,0,0,51,false
"bank_conv-bin",5,5,square2cnf,7418,7022,0,0,0,45,false
"bank_conv-bin",5,5,affine,5813,4067,0,0,0,53,false
"bank_conv-bin",5,5,smart_certified,34155,11926,0,0,0,53,false
"bank_conv-bin",5,5,cals,40450,27544,29,35,0,51,false
"bank_conv-bin",5,5,cals_compact_explain,33676,5975,39,32,0,51,false
"bank_conv-bin",5,7,unary,8721,209,0,0,0,133,false
"bank_conv-bin",5,7,horn,13368,1244,0,0,0,101,false
"bank_conv-bin",5,7,antihorn,16965,1488,0,0,0,127,false
"bank_conv-bin",5,7,square2cnf,16734,17329,0,0,0,115,false
"bank_conv-bin",5,7,affine,13543,8497,0,0,0,117,false
"bank_conv-bin",5,7,smart_certified,63766,21986,0,0,0,123,false
"bank_conv-bin",5,7,cals,64946,30110,60,66,0,113,false
"bank_conv-bin",5,7,cals_compact_explain,57053,7690,71,64,0,115,false
"bank_conv-bin",6,5,unary,4257,211,0,0,0,59,false
"bank_conv-bin",6,5,horn,7949,867,0,0,0,53,false
"bank_conv-bin",6,5,antihorn,7831,861,0,0,0,51,false
"bank_conv-bin",6,5,square2cnf,8192,7628,0,0,0,49,false
"bank_conv-bin",6,5,affine,5673,4207,0,0,0,53,false
"bank_conv-bin",6,5,smart_certified,33849,11719,0,0,0,57,false
"bank_conv-bin",6,5,cals,50990,26314,31,37,0,55,false
"bank_conv-bin",6,5,cals_compact_explain,42301,11224,40,38,0,55,false
"bank_conv-bin",6,7,unary,8314,211,0,0,0,129,false
"bank_conv-bin",6,7,horn,17924,1550,0,0,0,137,false
"bank_conv-bin",6,7,antihorn,17651,1537,0,0,0,133,false
"bank_conv-bin",6,7,square2cnf,17777,17783,0,0,0,117,false
"bank_conv-bin",6,7,affine,15227,9853,0,0,0,133,false
"bank_conv-bin",6,7,smart_certified,65497,23376,0,0,0,129,false
"bank_conv-bin",6,7,cals,76783,28849,64,70,0,121,false
"bank_conv-bin",6,7,cals_compact_explain,69123,13233,66,74,0,117,false
"bank_conv-bin",7,5,unary,4113,210,0,0,0,57,false
"bank_conv-bin",7,5,horn,7655,837,0,0,0,51,false
"bank_conv-bin",7,5,antihorn,8734,919,0,0,0,59,false
"bank_conv-bin",7,5,square2cnf,9194,8495,0,0,0,55,false
"bank_conv-bin",7,5,affine,5947,3553,0,0,0,51,false
"bank_conv-bin",7,5,smart_certified,33032,11581,0,0,0,53,false
"bank_conv-bin",7,5,cals,58251,227051,28,40,0,55,false
"bank_conv-bin",7,5,cals_compact_explain,40456,114110,47,34,0,55,false
"bank_conv-bin",7,7,unary,8379,210,0,0,0,131,false
"bank_conv-bin",7,7,horn,16578,1446,0,0,0,125,false
"bank_conv-bin",7,7,antihorn,16661,1447,0,0,0,127,false
"bank_conv-bin",7,7,square2cnf,20863,21843,0,0,0,145,false
"bank_conv-bin",7,7,affine,14439,8741,0,0,0,123,false
"bank_conv-bin",7,7,smart_certified,67173,25475,0,0,0,127,false
"bank_conv-bin",7,7,cals,104644,485526,70,82,0,139,false
"bank_conv-bin",7,7,cals_compact_explain,79080,266143,90,77,0,141,false
"bank_conv-bin",8,5,unary,4296,209,0,0,0,57,false
"bank_conv-bin",8,5,horn,8640,894,0,0,0,57,false
"bank_conv-bin",8,5,antihorn,8316,909,0,0,0,57,false
"bank_conv-bin",8,5,square2cnf,8904,8451,0,0,0,55,false
"bank_conv-bin",8,5,affine,6801,4599,0,0,0,61,false
"bank_conv-bin",8,5,smart_certified,36804,13001,0,0,0,57,false
"bank_conv-bin",8,5,cals,59015,206577,28,38,0,53,false
"bank_conv-bin",8,5,cals_compact_explain,48127,125601,39,38,0,57,false
"bank_conv-bin",8,7,unary,9176,209,0,0,0,143,false
"bank_conv-bin",8,7,horn,17467,1475,0,0,0,129,false
"bank_conv-bin",8,7,antihorn,18178,1494,0,0,0,133,false
"bank_conv-bin",8,7,square2cnf,18817,19032,0,0,0,127,false
"bank_conv-bin",8,7,affine,17109,10251,0,0,0,145,false
"bank_conv-bin",8,7,smart_certified,73530,27210,0,0,0,137,false
"bank_conv-bin",8,7,cals,88833,381492,56,66,0,109,false
"bank_conv-bin",8,7,cals_compact_explain,72935,232975,69,68,0,117,false
"bank_conv-bin",9,5,unary,3969,210,0,0,0,55,false
"bank_conv-bin",9,5,horn,7658,839,0,0,0,51,false
"bank_conv-bin",9,5,antihorn,8119,859,0,0,0,53,false
"bank_conv-bin",9,5,square2cnf,8835,8548,0,0,0,55,false
"bank_conv-bin",9,5,affine,6423,3457,0,0,0,53,false
"bank_conv-bin",9,5,smart_certified,30806,9856,0,0,0,51,false
"bank_conv-bin",9,5,cals,48316,22957,31,39,0,57,false
"bank_conv-bin",9,5,cals_compact_explain,39828,9721,38,39,0,57,false
"bank_conv-bin",9,7,unary,7879,210,0,0,0,119,false
"bank_conv-bin",9,7,horn,16408,1436,0,0,0,121,false
"bank_conv-bin",9,7,antihorn,17292,1475,0,0,0,129,false
"bank_conv-bin",9,7,square2cnf,17823,18614,0,0,0,123,false
"bank_conv-bin",9,7,affine,15079,8481,0,0,0,125,false
"bank_conv-bin",9,7,smart_certified,58418,19601,0,0,0,111,false
"bank_conv-bin",9,7,cals,74191,25104,65,73,0,125,false
"bank_conv-bin",9,7,cals_compact_explain,60230,11252,73,67,0,117,false
"banknote-bin",0,5,unary,202,26,0,0,0,31,false
"banknote-bin",0,5,horn,346,235,0,0,0,25,false
"banknote-bin",0,5,antihorn,399,271,0,0,0,29,false
"banknote-bin",0,5,square2cnf,714,3310,0,0,0,25,false
"banknote-bin",0,5,affine,1380,1350,0,0,0,29,false
"banknote-bin",0,5,smart_certified,1832,2947,0,0,0,29,false
"banknote-bin",0,5,cals,23799,90128,16,20,0,21,false
"banknote-bin",0,5,cals_compact_explain,4071,45897,19,15,0,21,false
"banknote-bin",0,7,unary,244,26,0,0,0,43,false
"banknote-bin",0,7,horn,465,307,0,0,0,37,false
"banknote-bin",0,7,antihorn,462,304,0,0,0,35,false
"banknote-bin",0,7,square2cnf,809,3885,0,0,0,29,false
"banknote-bin",0,7,affine,2386,1708,0,0,0,41,false
"banknote-bin",0,7,smart_certified,2236,3041,0,0,0,37,false
"banknote-bin",0,7,cals,23811,90116,16,20,0,21,false
"banknote-bin",0,7,cals_compact_explain,4071,45897,19,15,0,21,false
"banknote-bin",1,5,unary,215,26,0,0,0,31,false
"banknote-bin",1,5,horn,428,259,0,0,0,27,false
"banknote-bin",1,5,antihorn,431,291,0,0,0,31,false
"banknote-bin",1,5,square2cnf,920,4159,0,0,0,29,false
"banknote-bin",1,5,affine,1421,1504,0,0,0,31,false
"banknote-bin",1,5,smart_certified,1610,3193,0,0,0,29,false
"banknote-bin",1,5,cals,23922,90834,14,18,0,19,false
"banknote-bin",1,5,cals_compact_explain,4088,43191,22,13,0,21,false
"banknote-bin",1,7,unary,289,26,0,0,0,49,false
"banknote-bin",1,7,horn,653,346,0,0,0,45,false
"banknote-bin",1,7,antihorn,559,351,0,0,0,43,false
"banknote-bin",1,7,square2cnf,1016,4754,0,0,0,35,false
"banknote-bin",1,7,affine,3347,1722,0,0,0,51,false
"banknote-bin",1,7,smart_certified,2067,3292,0,0,0,39,false
"banknote-bin",1,7,cals,24391,96933,16,20,0,21,false
"banknote-bin",1,7,cals_compact_explain,5260,49507,25,16,0,25,false
"banknote-bin",2,5,unary,183,26,0,0,0,27,false
"banknote-bin",2,5,horn,327,217,0,0,0,23,false
"banknote-bin",2,5,antihorn,439,250,0,0,0,27,false
"banknote-bin",2,5,square2cnf,808,3515,0,0,0,27,false
"banknote-bin",2,5,affine,1244,1486,0,0,0,29,false
"banknote-bin",2,5,smart_certified,1660,3149,0,0,0,29,false
"banknote-bin",2,5,cals,12341,94943,15,17,0,19,false
"banknote-bin",2,5,cals_compact_explain,4937,45308,20,13,0,19,false
"banknote-bin",2,7,unary,251,26,0,0,0,41,false
"banknote-bin",2,7,horn,484,286,0,0,0,35,false
"banknote-bin",2,7,antihorn,647,358,0,0,0,47,false
"banknote-bin",2,7,square2cnf,1035,4352,0,0,0,35,false
"banknote-bin",2,7,affine,2692,1792,0,0,0,45,false
"banknote-bin",2,7,smart_certified,2105,3263,0,0,0,39,false
"banknote-bin",2,7,cals,12357,94927,16,18,0,19,false
"banknote-bin",2,7,cals_compact_explain,5841,48132,22,15,0,21,false
"banknote-bin",3,5,unary,215,26,0,0,0,31,false
"banknote-bin",3,5,horn,454,280,0,0,0,29,false
"banknote-bin",3,5,antihorn,416,280,0,0,0,31,false
"banknote-bin",3,5,square2cnf,1015,3999,0,0,0,29,false
"banknote-bin",3,5,affine,1258,1472,0,0,0,29,false
"banknote-bin",3,5,smart_certified,1646,3154,0,0,0,29,false
"banknote-bin",3,5,cals,21577,86366,17,19,0,21,false
"banknote-bin",3,5,cals_compact_explain,3408,36134,19,12,0,23,false
"banknote-bin",3,7,unary,259,26,0,0,0,45,false
"banknote-bin",3,7,horn,566,313,0,0,0,37,false
"banknote-bin",3,7,antihorn,477,324,0,0,0,37,false
"banknote-bin",3,7,square2cnf,1135,4571,0,0,0,33,false
"banknote-bin",3,7,affine,2149,1750,0,0,0,39,false
"banknote-bin",3,7,smart_certified,2059,3263,0,0,0,37,false
"banknote-bin",3,7,cals,21563,86380,17,19,0,21,false
"banknote-bin",3,7,cals_compact_explain,3408,36134,20,13,0,23,false
"banknote-bin",4,5,unary,213,26,0,0,0,29,false
"banknote-bin",4,5,horn,397,262,0,0,0,27,false
"banknote-bin",4,5,antihorn,406,277,0,0,0,29,false
"banknote-bin",4,5,square2cnf,695,3603,0,0,0,25,false
"banknote-bin",4,5,affine,1336,1394,0,0,0,29,false
"banknote-bin",4,5,smart_certified,2161,3752,0,0,0,31,false
"banknote-bin",4,5,cals,20777,93268,17,19,0,23,false
"banknote-bin",4,5,cals_compact_explain,3917,42829,23,14,0,23,false
"banknote-bin",4,7,unary,314,26,0,0,0,49,false
"banknote-bin",4,7,horn,500,313,0,0,0,35,false
"banknote-bin",4,7,antihorn,572,364,0,0,0,43,false
"banknote-bin",4,7,square2cnf,939,4396,0,0,0,31,false
"banknote-bin",4,7,affine,2105,1600,0,0,0,39,false
"banknote-bin",4,7,smart_certified,2478,4263,0,0,0,41,false
"banknote-bin",4,7,cals,20779,93266,18,20,0,23,false
"banknote-bin",4,7,cals_compact_explain,4088,43028,25,16,0,25,false
"banknote-bin",5,5,unary,218,26,0,0,0,31,false
"banknote-bin",5,5,horn,455,277,0,0,0,29,false
"banknote-bin",5,5,antihorn,427,289,0,0,0,31,false
"banknote-bin",5,5,square2cnf,1213,4469,0,0,0,33,false
"banknote-bin",5,5,affine,1409,1516,0,0,0,31,false
"banknote-bin",5,5,smart_certified,1607,3132,0,0,0,27,false
"banknote-bin",5,5,cals,24591,96621,16,20,0,23,false
"banknote-bin",5,5,cals_compact_explain,5044,45977,26,16,0,25,false
"banknote-bin",5,7,unary,312,26,0,0,0,53,false
"banknote-bin",5,7,horn,594,364,0,0,0,43,false
"banknote-bin",5,7,antihorn,566,370,0,0,0,45,false
"banknote-bin",5,7,square2cnf,1259,4617,0,0,0,37,false
"banknote-bin",5,7,affine,2942,1932,0,0,0,49,false
"banknote-bin",5,7,smart_certified,2167,3265,0,0,0,39,false
"banknote-bin",5,7,cals,24591,96621,17,21,0,23,false
"banknote-bin",5,7,cals_compact_explain,5044,45977,27,17,0,25,false
"banknote-bin",6,5,unary,201,26,0,0,0,29,false
"banknote-bin",6,5,horn,400,271,0,0,0,29,false
"banknote-bin",6,5,antihorn,403,283,0,0,0,29,false
"banknote-bin",6,5,square2cnf,724,3895,0,0,0,27,false
"banknote-bin",6,5,affine,1492,1628,0,0,0,33,false
"banknote-bin",6,5,smart_certified,1733,3127,0,0,0,33,false
"banknote-bin",6,5,cals,14454,93548,17,17,0,21,false
"banknote-bin",6,5,cals_compact_explain,6778,51860,19,16,0,21,false
"banknote-bin",6,7,unary,281,26,0,0,0,49,false
"banknote-bin",6,7,horn,529,331,0,0,0,39,false
"banknote-bin",6,7,antihorn,496,334,0,0,0,37,false
"banknote-bin",6,7,square2cnf,828,4477,0,0,0,31,false
"banknote-bin",6,7,affine,2205,1890,0,0,0,43,false
"banknote-bin",6,7,smart_certified,2568,3363,0,0,0,47,false
"banknote-bin",6,7,cals,14432,93580,18,18,0,23,false
"banknote-bin",6,7,cals_compact_explain,7288,55140,21,18,0,25,false
"banknote-bin",7,5,unary,219,25,0,0,0,33,false
"banknote-bin",7,5,horn,386,266,0,0,0,29,false
"banknote-bin",7,5,antihorn,460,296,0,0,0,33,false
"banknote-bin",7,5,square2cnf,726,3984,0,0,0,29,false
"banknote-bin",7,5,affine,1524,1596,0,0,0,33,false
"banknote-bin",7,5,smart_certified,1335,2692,0,0,0,35,false
"banknote-bin",7,5,cals,23055,91667,16,18,0,21,false
"banknote-bin",7,5,cals_compact_explain,4526,42803,22,13,0,21,false
"banknote-bin",7,7,unary,281,25,0,0,0,51,false
"banknote-bin",7,7,horn,518,344,0,0,0,41,false
"banknote-bin",7,7,antihorn,519,362,0,0,0,43,false
"banknote-bin",7,7,square2cnf,775,4274,0,0,0,31,false
"banknote-bin",7,7,affine,2686,1798,0,0,0,45,false
"banknote-bin",7,7,smart_certified,1448,2758,0,0,0,45,false
"banknote-bin",7,7,cals,24840,103079,19,21,0,27,false
"banknote-bin",7,7,cals_compact_explain,5373,49521,25,16,0,27,false
"banknote-bin",8,5,unary,211,25,0,0,0,33,false
"banknote-bin",8,5,horn,374,254,0,0,0,27,false
"banknote-bin",8,5,antihorn,450,275,0,0,0,33,false
"banknote-bin",8,5,square2cnf,810,3892,0,0,0,29,false
"banknote-bin",8,5,affine,1418,1702,0,0,0,33,false
"banknote-bin",8,5,smart_certified,1372,2669,0,0,0,35,false
"banknote-bin",8,5,cals,23242,97345,14,20,0,21,false
"banknote-bin",8,5,cals_compact_explain,4810,38223,19,14,0,21,false
"banknote-bin",8,7,unary,278,25,0,0,0,53,false
"banknote-bin",8,7,horn,499,320,0,0,0,37,false
"banknote-bin",8,7,antihorn,489,323,0,0,0,39,false
"banknote-bin",8,7,square2cnf,810,3892,0,0,0,29,false
"banknote-bin",8,7,affine,2351,1938,0,0,0,43,false
"banknote-bin",8,7,smart_certified,1413,2699,0,0,0,39,false
"banknote-bin",8,7,cals,23262,97325,16,22,0,21,false
"banknote-bin",8,7,cals_compact_explain,4809,38223,20,16,0,21,false
"banknote-bin",9,5,unary,201,26,0,0,0,27,false
"banknote-bin",9,5,horn,434,250,0,0,0,25,false
"banknote-bin",9,5,antihorn,435,271,0,0,0,29,false
"banknote-bin",9,5,square2cnf,940,4104,0,0,0,29,false
"banknote-bin",9,5,affine,1099,1436,0,0,0,27,false
"banknote-bin",9,5,smart_certified,1309,2498,0,0,0,21,false
"banknote-bin",9,5,cals,24895,108836,15,23,0,25,false
"banknote-bin",9,5,cals_compact_explain,5945,59343,18,17,0,21,false
"banknote-bin",9,7,unary,242,26,0,0,0,37,false
"banknote-bin",9,7,horn,614,334,0,0,0,37,false
"banknote-bin",9,7,antihorn,491,316,0,0,0,35,false
"banknote-bin",9,7,square2cnf,1009,4394,0,0,0,31,false
"banknote-bin",9,7,affine,1957,1748,0,0,0,39,false
"banknote-bin",9,7,smart_certified,1421,2555,0,0,0,29,false
"banknote-bin",9,7,cals,25115,115144,17,25,0,27,false
"banknote-bin",9,7,cals_compact_explain,5954,59343,20,19,0,23,false
"biodeg-bin",0,5,unary,3649,294,0,0,0,51,false
"biodeg-bin",0,5,horn,6796,987,0,0,0,47,false
"biodeg-bin",0,5,antihorn,6139,924,0,0,0,39,false
"biodeg-bin",0,5,square2cnf,8282,8372,0,0,0,53,false
"biodeg-bin",0,5,affine,7056,3306,0,0,0,45,false
"biodeg-bin",0,5,smart_certified,22873,6527,0,0,0,49,false
"biodeg-bin",0,5,cals,54916,148410,18,28,0,33,false
"biodeg-bin",0,5,cals_compact_explain,27551,76225,28,22,0,33,false
"biodeg-bin",0,7,unary,6530,294,0,0,0,115,false
"biodeg-bin",0,7,horn,11311,1476,0,0,0,103,false
"biodeg-bin",0,7,antihorn,10755,1384,0,0,0,91,false
"biodeg-bin",0,7,square2cnf,13035,15487,0,0,0,101,false
"biodeg-bin",0,7,affine,13706,6076,0,0,0,85,false
"biodeg-bin",0,7,smart_certified,31885,8398,0,0,0,99,false
"biodeg-bin",0,7,cals,63133,211673,29,39,0,53,false
"biodeg-bin",0,7,cals_compact_explain,36160,130854,43,37,0,63,false
"biodeg-bin",1,5,unary,3417,299,0,0,0,49,false
"biodeg-bin",1,5,horn,6614,949,0,0,0,41,false
"biodeg-bin",1,5,antihorn,5718,937,0,0,0,39,false
"biodeg-bin",1,5,square2cnf,7519,7759,0,0,0,49,false
"biodeg-bin",1,5,affine,6800,3562,0,0,0,45,false
"biodeg-bin",1,5,smart_certified,31025,11522,0,0,0,47,false
"biodeg-bin",1,5,cals,63646,167302,22,30,0,39,false
"biodeg-bin",1,5,cals_compact_explain,44992,104687,25,31,0,39,false
"biodeg-bin",1,7,unary,5603,299,0,0,0,101,false
"biodeg-bin",1,7,horn,9883,1270,0,0,0,77,false
"biodeg-bin",1,7,antihorn,10136,1304,0,0,0,83,false
"biodeg-bin",1,7,square2cnf,12406,14390,0,0,0,93,false
"biodeg-bin",1,7,affine,15479,7600,0,0,0,99,false
"biodeg-bin",1,7,smart_certified,48205,19667,0,0,0,91,false
"biodeg-bin",1,7,cals,73436,250002,35,43,0,65,false
"biodeg-bin",1,7,cals_compact_explain,52457,148383,37,43,0,63,false
"biodeg-bin",2,5,unary,3194,291,0,0,0,47,false
"biodeg-bin",2,5,horn,6192,970,0,0,0,45,false
"biodeg-bin",2,5,antihorn,7080,1030,0,0,0,51,false
"biodeg-bin",2,5,square2cnf,7518,7497,0,0,0,47,false
"biodeg-bin",2,5,affine,5767,3182,0,0,0,39,false
"biodeg-bin",2,5,smart_certified,31117,12258,0,0,0,47,false
"biodeg-bin",2,5,cals,70890,157721,21,31,0,39,false
"biodeg-bin",2,5,cals_compact_explain,33959,103399,37,30,0,47,false
"biodeg-bin",2,7,unary,5476,291,0,0,0,97,false
"biodeg-bin",2,7,horn,10423,1418,0,0,0,97,false
"biodeg-bin",2,7,antihorn,11065,1414,0,0,0,97,false
"biodeg-bin",2,7,square2cnf,13184,15801,0,0,0,103,false
"biodeg-bin",2,7,affine,12307,6062,0,0,0,79,false
"biodeg-bin",2,7,smart_certified,45909,17853,0,0,0,93,false
"biodeg-bin",2,7,cals,80303,259950,37,47,0,71,false
"biodeg-bin",2,7,cals_compact_explain,41397,157653,52,45,0,77,false
"biodeg-bin",3,5,unary,2696,287,0,0,0,39,false
"biodeg-bin",3,5,horn,7111,1034,0,0,0,53,false
"biodeg-bin",3,5,antihorn,7184,986,0,0,0,49,false
"biodeg-bin",3,5,square2cnf,7946,8713,0,0,0,55,false
"biodeg-bin",3,5,affine,6707,3184,0,0,0,43,false
"biodeg-bin",3,5,smart_certified,18282,5487,0,0,0,35,false
"biodeg-bin",3,5,cals,40315,151831,36,27,0,43,false
"biodeg-bin",3,5,cals_compact_explain,29896,93738,31,26,0,43,false
"biodeg-bin",3,7,unary,4583,287,0,0,0,79,false
"biodeg-bin",3,7,horn,11192,1523,0,0,0,109,false
"biodeg-bin",3,7,antihorn,10592,1319,0,0,0,89,false
"biodeg-bin",3,7,square2cnf,12018,15028,0,0,0,97,false
"biodeg-bin",3,7,affine,12557,5812,0,0,0,79,false
"biodeg-bin",3,7,smart_certified,29882,9425,0,0,0,71,false
"biodeg-bin",3,7,cals,50222,254045,53,44,0,75,false
"biodeg-bin",3,7,cals_compact_explain,38890,159275,50,45,0,79,false
"biodeg-bin",4,5,unary,3543,292,0,0,0,47,false
"biodeg-bin",4,5,horn,6725,991,0,0,0,47,false
"biodeg-bin",4,5,antihorn,6687,969,0,0,0,45,false
"biodeg-bin",4,5,square2cnf,7687,7825,0,0,0,49,false
"biodeg-bin",4,5,affine,7005,3828,0,0,0,47,false
"biodeg-bin",4,5,smart_certified,31265,10862,0,0,0,45,false
"biodeg-bin",4,5,cals,77313,166008,26,32,0,45,false
"biodeg-bin",4,5,cals_compact_explain,43572,98926,31,30,0,41,false
"biodeg-bin",4,7,unary,5981,292,0,0,0,99,false
"biodeg-bin",4,7,horn,10666,1396,0,0,0,93,false
"biodeg-bin",4,7,antihorn,11435,1383,0,0,0,93,false
"biodeg-bin",4,7,square2cnf,12088,15057,0,0,0,97,false
"biodeg-bin",4,7,affine,12985,6326,0,0,0,83,false
"biodeg-bin",4,7,smart_certified,48444,17723,0,0,0,93,false
"biodeg-bin",4,7,cals,85958,249603,41,47,0,75,false
"biodeg-bin",4,7,cals_compact_explain,54134,163770,49,48,0,77,false
"biodeg-bin",5,5,unary,3317,298,0,0,0,45,false
"biodeg-bin",5,5,horn,6737,1025,0,0,0,49,false
"biodeg-bin",5,5,antihorn,6951,998,0,0,0,47,false
"biodeg-bin",5,5,square2cnf,6890,7170,0,0,0,45,false
"biodeg-bin",5,5,affine,7609,4166,0,0,0,51,false
"biodeg-bin",5,5,smart_certified,26415,9228,0,0,0,43,false
"biodeg-bin",5,5,cals,55060,173896,24,30,0,41,false
"biodeg-bin",5,5,cals_compact_explain,41409,111175,30,32,0,45,false
"biodeg-bin",5,7,unary,5771,298,0,0,0,99,false
"biodeg-bin",5,7,horn,10570,1354,0,0,0,89,false
"biodeg-bin",5,7,antihorn,10828,1370,0,0,0,89,false
"biodeg-bin",5,7,square2cnf,11373,13129,0,0,0,85,false
"biodeg-bin",5,7,affine,15654,7896,0,0,0,101,false
"biodeg-bin",5,7,smart_certified,41296,15281,0,0,0,95,false
"biodeg-bin",5,7,cals,67864,253000,38,44,0,67,false
"biodeg-bin",5,7,cals_compact_explain,48296,150818,42,44,0,67,false
"biodeg-bin",6,5,unary,2762,300,0,0,0,35,false
"biodeg-bin",6,5,horn,6132,954,0,0,0,41,false
"biodeg-bin",6,5,antihorn,6109,945,0,0,0,41,false
"biodeg-bin",6,5,square2cnf,5849,5991,0,0,0,37,false
"biodeg-bin",6,5,affine,7101,3732,0,0,0,47,false
"biodeg-bin",6,5,smart_certified,24384,8254,0,0,0,33,false
"biodeg-bin",6,5,cals,59602,146473,22,28,0,37,false
"biodeg-bin",6,5,cals_compact_explain,46788,98991,22,32,0,35,false
"biodeg-bin",6,7,unary,4415,300,0,0,0,67,false
"biodeg-bin",6,7,horn,10247,1392,0,0,0,91,false
"biodeg-bin",6,7,antihorn,9465,1242,0,0,0,75,false
"biodeg-bin",6,7,square2cnf,9593,12012,0,0,0,77,false
"biodeg-bin",6,7,affine,14463,6732,0,0,0,91,false
"biodeg-bin",6,7,smart_certified,38889,14162,0,0,0,67,false
"biodeg-bin",6,7,cals,65511,203864,32,38,0,55,false
"biodeg-bin",6,7,cals_compact_explain,54127,153147,45,47,0,75,false
"biodeg-bin",7,5,unary,3131,296,0,0,0,45,false
"biodeg-bin",7,5,horn,6555,987,0,0,0,47,false
"biodeg-bin",7,5,antihorn,6668,997,0,0,0,47,false
"biodeg-bin",7,5,square2cnf,7613,7797,0,0,0,49,false
"biodeg-bin",7,5,affine,7214,4090,0,0,0,49,false
"biodeg-bin",7,5,smart_certified,23887,7525,0,0,0,47,false
"biodeg-bin",7,5,cals,61633,156186,30,29,0,39,false
"biodeg-bin",7,5,cals_compact_explain,39250,91210,34,27,0,41,false
"biodeg-bin",7,7,unary,5753,296,0,0,0,97,false
"biodeg-bin",7,7,horn,10181,1357,0,0,0,89,false
"biodeg-bin",7,7,antihorn,10520,1327,0,0,0,85,false
"biodeg-bin",7,7,square2cnf,11045,12852,0,0,0,83,false
"biodeg-bin",7,7,affine,17455,8450,0,0,0,111,false
"biodeg-bin",7,7,smart_certified,40814,13146,0,0,0,87,false
"biodeg-bin",7,7,cals,72036,251683,46,45,0,69,false
"biodeg-bin",7,7,cals_compact_explain,48817,152414,51,44,0,75,false
"biodeg-bin",8,5,unary,3002,297,0,0,0,43,false
"biodeg-bin",8,5,horn,6939,1001,0,0,0,47,false
"biodeg-bin",8,5,antihorn,6679,1002,0,0,0,47,false
"biodeg-bin",8,5,square2cnf,7013,7484,0,0,0,47,false
"biodeg-bin",8,5,affine,7251,3582,0,0,0,47,false
"biodeg-bin",8,5,smart_certified,21580,7357,0,0,0,41,false
"biodeg-bin",8,5,cals,62726,166009,24,30,0,41,false
"biodeg-bin",8,5,cals_compact_explain,34497,112926,30,31,0,41,false
"biodeg-bin",8,7,unary,5054,297,0,0,0,89,false
"biodeg-bin",8,7,horn,11362,1486,0,0,0,103,false
"biodeg-bin",8,7,antihorn,11237,1447,0,0,0,99,false
"biodeg-bin",8,7,square2cnf,11280,13758,0,0,0,89,false
"biodeg-bin",8,7,affine,13522,6260,0,0,0,85,false
"biodeg-bin",8,7,smart_certified,32298,10417,0,0,0,91,false
"biodeg-bin",8,7,cals,69881,229105,34,40,0,61,false
"biodeg-bin",8,7,cals_compact_explain,38016,149087,48,41,0,69,false
"biodeg-bin",9,5,unary,3180,288,0,0,0,45,false
"biodeg-bin",9,5,horn,6844,997,0,0,0,49,false
"biodeg-bin",9,5,antihorn,6275,945,0,0,0,45,false
"biodeg-bin",9,5,square2cnf,7197,7388,0,0,0,47,false
"biodeg-bin",9,5,affine,6023,2926,0,0,0,39,false
"biodeg-bin",9,5,smart_certified,20758,6551,0,0,0,45,false
"biodeg-bin",9,5,cals,34077,150465,35,26,0,41,false
"biodeg-bin",9,5,cals_compact_explain,30748,92148,39,28,0,47,false
"biodeg-bin",9,7,unary,5432,288,0,0,0,95,false
"biodeg-bin",9,7,horn,11673,1463,0,0,0,101,false
"biodeg-bin",9,7,antihorn,9759,1243,0,0,0,79,false
"biodeg-bin",9,7,square2cnf,10725,12802,0,0,0,83,false
"biodeg-bin",9,7,affine,13011,6300,0,0,0,83,false
"biodeg-bin",9,7,smart_certified,33097,10756,0,0,0,89,false
"biodeg-bin",9,7,cals,42902,239036,50,41,0,69,false
"biodeg-bin",9,7,cals_compact_explain,38500,149700,56,45,0,79,false
"breast-cancer-un",0,5,unary,675,89,0,0,0,25,false
"breast-cancer-un",0,5,horn,1031,307,0,0,0,17,false
"breast-cancer-un",0,5,antihorn,1547,406,0,0,0,27,false
"breast-cancer-un",0,5,square2cnf,1295,2870,0,0,0,19,false
"breast-cancer-un",0,5,affine,2191,1679,0,0,0,31,false
"breast-cancer-un",0,5,smart_certified,6175,4866,0,0,0,25,false
"breast-cancer-un",0,5,cals,33643,114645,9,21,0,17,false
"breast-cancer-un",0,5,cals_compact_explain,7972,46423,14,13,0,19,false
"breast-cancer-un",0,7,unary,904,89,0,0,0,35,false
"breast-cancer-un",0,7,horn,1539,367,0,0,0,25,false
"breast-cancer-un",0,7,antihorn,1979,493,0,0,0,37,false
"breast-cancer-un",0,7,square2cnf,1732,3770,0,0,0,25,false
"breast-cancer-un",0,7,affine,2943,2475,0,0,0,43,false
"breast-cancer-un",0,7,smart_certified,6819,5474,0,0,0,33,false
"breast-cancer-un",0,7,cals,33673,114615,9,21,0,17,false
"breast-cancer-un",0,7,cals_compact_explain,7972,46423,14,13,0,19,false
"breast-cancer-un",1,5,unary,713,88,0,0,0,27,false
"breast-cancer-un",1,5,horn,1208,350,0,0,0,21,false
"breast-cancer-un",1,5,antihorn,1396,401,0,0,0,27,false
"breast-cancer-un",1,5,square2cnf,1202,2566,0,0,0,17,false
"breast-cancer-un",1,5,affine,1875,1479,0,0,0,27,false
"breast-cancer-un",1,5,smart_certified,2667,973,0,0,0,27,false
"breast-cancer-un",1,5,cals,28403,98852,10,18,0,15,false
"breast-cancer-un",1,5,cals_compact_explain,14562,56335,14,17,0,17,false
"breast-cancer-un",1,7,unary,997,88,0,0,0,39,false
"breast-cancer-un",1,7,horn,1783,428,0,0,0,31,false
"breast-cancer-un",1,7,antihorn,1602,437,0,0,0,31,false
"breast-cancer-un",1,7,square2cnf,1456,3166,0,0,0,21,false
"breast-cancer-un",1,7,affine,2549,2095,0,0,0,37,false
"breast-cancer-un",1,7,smart_certified,3159,1024,0,0,0,33,false
"breast-cancer-un",1,7,cals,28423,98832,10,18,0,15,false
"breast-cancer-un",1,7,cals_compact_explain,14562,56335,14,17,0,17,false
"breast-cancer-un",2,5,unary,737,89,0,0,0,29,false
"breast-cancer-un",2,5,horn,1289,364,0,0,0,23,false
"breast-cancer-un",2,5,antihorn,1223,343,0,0,0,21,false
"breast-cancer-un",2,5,square2cnf,1214,2568,0,0,0,17,false
"breast-cancer-un",2,5,affine,2077,1535,0,0,0,29,false
"breast-cancer-un",2,5,smart_certified,2599,939,0,0,0,25,false
"breast-cancer-un",2,5,cals,45030,89242,9,19,0,15,false
"breast-cancer-un",2,5,cals_compact_explain,4631,28955,12,8,0,15,false
"breast-cancer-un",2,7,unary,1083,89,0,0,0,45,false
"breast-cancer-un",2,7,horn,1839,445,0,0,0,33,false
"breast-cancer-un",2,7,antihorn,1455,379,0,0,0,25,false
"breast-cancer-un",2,7,square2cnf,1593,3468,0,0,0,23,false
"breast-cancer-un",2,7,affine,3001,1901,0,0,0,39,false
"breast-cancer-un",2,7,smart_certified,3263,1012,0,0,0,33,false
"breast-cancer-un",2,7,cals,45030,89242,9,19,0,15,false
"breast-cancer-un",2,7,cals_compact_explain,4631,28955,12,8,0,15,false
"breast-cancer-un",3,5,unary,812,89,0,0,0,33,false
"breast-cancer-un",3,5,horn,1243,342,0,0,0,21,false
"breast-cancer-un",3,5,antihorn,1570,433,0,0,0,31,false
"breast-cancer-un",3,5,square2cnf,1138,2500,0,0,0,17,false
"breast-cancer-un",3,5,affine,1717,1637,0,0,0,27,false
"breast-cancer-un",3,5,smart_certified,3047,1032,0,0,0,33,false
"breast-cancer-un",3,5,cals,40863,107020,9,21,0,17,false
"breast-cancer-un",3,5,cals_compact_explain,5646,32333,13,9,0,17,false
"breast-cancer-un",3,7,unary,1132,89,0,0,0,47,false
"breast-cancer-un",3,7,horn,2012,471,0,0,0,37,false
"breast-cancer-un",3,7,antihorn,1931,523,0,0,0,41,false
"breast-cancer-un",3,7,square2cnf,1557,3390,0,0,0,23,false
"breast-cancer-un",3,7,affine,2251,2135,0,0,0,35,false
"breast-cancer-un",3,7,smart_certified,3837,1114,0,0,0,43,false
"breast-cancer-un",3,7,cals,40839,107044,9,21,0,17,false
"breast-cancer-un",3,7,cals_compact_explain,5646,32333,13,9,0,17,false
"breast-cancer-un",4,5,unary,784,89,0,0,0,33,false
"breast-cancer-un",4,5,horn,1143,376,0,0,0,23,false
"breast-cancer-un",4,5,antihorn,1586,439,0,0,0,31,false
"breast-cancer-un",4,5,square2cnf,1796,3750,0,0,0,25,false
"breast-cancer-un",4,5,affine,2079,2049,0,0,0,33,false
"breast-cancer-un",4,5,smart_certified,2741,975,0,0,0,27,false
"breast-cancer-un",4,5,cals,23324,82828,11,15,0,13,false
"breast-cancer-un",4,5,cals_compact_explain,7412,43100,15,12,0,13,false
"breast-cancer-un",4,7,unary,1244,89,0,0,0,51,false
"breast-cancer-un",4,7,horn,1604,439,0,0,0,31,false
"breast-cancer-un",4,7,antihorn,1695,472,0,0,0,35,false
"breast-cancer-un",4,7,square2cnf,1953,4050,0,0,0,27,false
"breast-cancer-un",4,7,affine,2627,2533,0,0,0,41,false
"breast-cancer-un",4,7,smart_certified,3674,1080,0,0,0,39,false
"breast-cancer-un",4,7,cals,23268,82884,11,15,0,13,false
"breast-cancer-un",4,7,cals_compact_explain,7412,43100,15,12,0,13,false
"breast-cancer-un",5,5,unary,809,89,0,0,0,31,false
"breast-cancer-un",5,5,horn,1126,319,0,0,0,19,false
"breast-cancer-un",5,5,antihorn,1578,469,0,0,0,35,false
"breast-cancer-un",5,5,square2cnf,1569,3468,0,0,0,23,false
"breast-cancer-un",5,5,affine,1971,1641,0,0,0,29,false
"breast-cancer-un",5,5,smart_certified,2531,957,0,0,0,27,false
"breast-cancer-un",5,5,cals,46087,81752,8,18,0,13,false
"breast-cancer-un",5,5,cals_compact_explain,12548,35875,8,12,0,13,false
"breast-cancer-un",5,7,unary,1113,89,0,0,0,45,false
"breast-cancer-un",5,7,horn,1786,421,0,0,0,31,false
"breast-cancer-un",5,7,antihorn,1806,505,0,0,0,39,false
"breast-cancer-un",5,7,square2cnf,1839,4058,0,0,0,27,false
"breast-cancer-un",5,7,affine,3071,2863,0,0,0,47,false
"breast-cancer-un",5,7,smart_certified,3205,1019,0,0,0,35,false
"breast-cancer-un",5,7,cals,47737,100714,11,21,0,19,false
"breast-cancer-un",5,7,cals_compact_explain,13934,46581,15,15,0,19,false
"breast-cancer-un",6,5,unary,793,89,0,0,0,33,false
"breast-cancer-un",6,5,horn,1083,316,0,0,0,19,false
"breast-cancer-un",6,5,antihorn,1669,472,0,0,0,35,false
"breast-cancer-un",6,5,square2cnf,1540,3778,0,0,0,25,false
"breast-cancer-un",6,5,affine,1765,1589,0,0,0,27,false
"breast-cancer-un",6,5,smart_certified,2776,1011,0,0,0,31,false
"breast-cancer-un",6,5,cals,39697,101864,8,20,0,15,false
"breast-cancer-un",6,5,cals_compact_explain,18912,47577,11,16,0,17,false
"breast-cancer-un",6,7,unary,1127,89,0,0,0,49,false
"breast-cancer-un",6,7,horn,1756,409,0,0,0,31,false
"breast-cancer-un",6,7,antihorn,1756,505,0,0,0,39,false
"breast-cancer-un",6,7,square2cnf,1540,3778,0,0,0,25,false
"breast-cancer-un",6,7,affine,2397,2247,0,0,0,37,false
"breast-cancer-un",6,7,smart_certified,3461,1083,0,0,0,39,false
"breast-cancer-un",6,7,cals,39699,101862,8,20,0,15,false
"breast-cancer-un",6,7,cals_compact_explain,19140,51211,13,17,0,19,false
"breast-cancer-un",7,5,unary,759,88,0,0,0,33,false
"breast-cancer-un",7,5,horn,966,329,0,0,0,19,false
"breast-cancer-un",7,5,antihorn,1537,419,0,0,0,29,false
"breast-cancer-un",7,5,square2cnf,1158,2566,0,0,0,17,false
"breast-cancer-un",7,5,affine,1857,1497,0,0,0,27,false
"breast-cancer-un",7,5,smart_certified,2763,975,0,0,0,29,false
"breast-cancer-un",7,5,cals,23434,116966,10,20,0,17,false
"breast-cancer-un",7,5,cals_compact_explain,6984,42512,15,12,0,19,false
"breast-cancer-un",7,7,unary,1123,88,0,0,0,51,false
"breast-cancer-un",7,7,horn,1531,398,0,0,0,27,false
"breast-cancer-un",7,7,antihorn,1861,491,0,0,0,37,false
"breast-cancer-un",7,7,square2cnf,1488,3156,0,0,0,21,false
"breast-cancer-un",7,7,affine,2149,1979,0,0,0,33,false
"breast-cancer-un",7,7,smart_certified,3560,1065,0,0,0,39,false
"breast-cancer-un",7,7,cals,24352,136080,13,23,0,23,false
"breast-cancer-un",7,7,cals_compact_explain,6984,42512,15,12,0,19,false
"breast-cancer-un",8,5,unary,735,89,0,0,0,29,false
"breast-cancer-un",8,5,horn,1015,314,0,0,0,17,false
"breast-cancer-un",8,5,antihorn,1496,422,0,0,0,29,false
"breast-cancer-un",8,5,square2cnf,1158,2568,0,0,0,17,false
"breast-cancer-un",8,5,affine,1703,1651,0,0,0,27,false
"breast-cancer-un",8,5,smart_certified,6976,5899,0,0,0,27,false
"breast-cancer-un",8,5,cals,40630,80012,9,17,0,13,false
"breast-cancer-un",8,5,cals_compact_explain,20026,45171,7,16,0,13,false
"breast-cancer-un",8,7,unary,959,89,0,0,0,37,false
"breast-cancer-un",8,7,horn,1369,334,0,0,0,21,false
"breast-cancer-un",8,7,antihorn,1748,458,0,0,0,33,false
"breast-cancer-un",8,7,square2cnf,1502,3168,0,0,0,21,false
"breast-cancer-un",8,7,affine,2417,1969,0,0,0,35,false
"breast-cancer-un",8,7,smart_certified,8447,6763,0,0,0,31,false
"breast-cancer-un",8,7,cals,41542,92756,11,19,0,17,false
"breast-cancer-un",8,7,cals_compact_explain,20733,52506,9,18,0,17,false
"breast-cancer-un",9,5,unary,704,89,0,0,0,25,false
"breast-cancer-un",9,5,horn,1064,319,0,0,0,19,false
"breast-cancer-un",9,5,antihorn,1356,400,0,0,0,27,false
"breast-cancer-un",9,5,square2cnf,1664,3760,0,0,0,25,false
"breast-cancer-un",9,5,affine,1447,1133,0,0,0,21,false
"breast-cancer-un",9,5,smart_certified,6328,4902,0,0,0,23,false
"breast-cancer-un",9,5,cals,17834,102080,11,17,0,15,false
"breast-cancer-un",9,5,cals_compact_explain,6918,39533,12,11,0,15,false
"breast-cancer-un",9,7,unary,947,89,0,0,0,35,false
"breast-cancer-un",9,7,horn,1688,421,0,0,0,31,false
"breast-cancer-un",9,7,antihorn,1521,433,0,0,0,31,false
"breast-cancer-un",9,7,square2cnf,1989,4642,0,0,0,31,false
"breast-cancer-un",9,7,affine,1849,1763,0,0,0,29,false
"breast-cancer-un",9,7,smart_certified,7269,5944,0,0,0,33,false
"breast-cancer-un",9,7,cals,17740,102174,11,17,0,15,false
"breast-cancer-un",9,7,cals_compact_explain,6918,39533,12,11,0,15,false
"breast-wisconsin",0,5,unary,1155,120,0,0,0,31,false
"breast-wisconsin",0,5,horn,2091,466,0,0,0,27,false
"breast-wisconsin",0,5,antihorn,2091,466,0,0,0,27,false
"breast-wisconsin",0,5,square2cnf,2491,4448,0,0,0,29,false
"breast-wisconsin",0,5,affine,1948,2098,0,0,0,29,false
"breast-wisconsin",0,5,smart_certified,6163,3446,0,0,0,27,false
"breast-wisconsin",0,5,cals,12483,83945,19,15,0,21,false
"breast-wisconsin",0,5,cals_compact_explain,12506,53480,20,15,0,21,false
"breast-wisconsin",0,7,unary,1402,120,0,0,0,41,false
"breast-wisconsin",0,7,horn,2415,511,0,0,0,33,false
"breast-wisconsin",0,7,antihorn,2415,511,0,0,0,33,false
"breast-wisconsin",0,7,square2cnf,2908,5318,0,0,0,35,false
"breast-wisconsin",0,7,affine,2662,2540,0,0,0,37,false
"breast-wisconsin",0,7,smart_certified,6688,3500,0,0,0,33,false
"breast-wisconsin",0,7,cals,12334,84094,19,15,0,21,false
"breast-wisconsin",0,7,cals_compact_explain,12506,53480,20,15,0,21,false
"breast-wisconsin",1,5,unary,1139,120,0,0,0,31,false
"breast-wisconsin",1,5,horn,1926,438,0,0,0,25,false
"breast-wisconsin",1,5,antihorn,1926,438,0,0,0,25,false
"breast-wisconsin",1,5,square2cnf,2256,3780,0,0,0,25,false
"breast-wisconsin",1,5,affine,2074,1972,0,0,0,29,false
"breast-wisconsin",1,5,smart_certified,9913,6709,0,0,0,29,false
"breast-wisconsin",1,5,cals,20128,28277,14,18,0,19,false
"breast-wisconsin",1,5,cals_compact_explain,9494,16523,13,14,0,19,false
"breast-wisconsin",1,7,unary,1424,120,0,0,0,41,false
"breast-wisconsin",1,7,horn,2182,472,0,0,0,29,false
"breast-wisconsin",1,7,antihorn,2183,471,0,0,0,29,false
"breast-wisconsin",1,7,square2cnf,2564,4374,0,0,0,29,false
"breast-wisconsin",1,7,affine,2796,2406,0,0,0,37,false
"breast-wisconsin",1,7,smart_certified,10847,7215,0,0,0,37,false
"breast-wisconsin",1,7,cals,20109,28296,14,18,0,19,false
"breast-wisconsin",1,7,cals_compact_explain,9494,16523,13,14,0,19,false
"breast-wisconsin",2,5,unary,1181,120,0,0,0,31,false
"breast-wisconsin",2,5,horn,2032,463,0,0,0,27,false
"breast-wisconsin",2,5,antihorn,2033,462,0,0,0,27,false
"breast-wisconsin",2,5,square2cnf,2369,4104,0,0,0,27,false
"breast-wisconsin",2,5,affine,2049,1708,0,0,0,27,false
"breast-wisconsin",2,5,smart_certified,10091,6761,0,0,0,29,false
"breast-wisconsin",2,5,cals,16693,88183,16,18,0,21,false
"breast-wisconsin",2,5,cals_compact_explain,13867,47138,21,14,0,21,false
"breast-wisconsin",2,7,unary,1507,120,0,0,0,43,false
"breast-wisconsin",2,7,horn,2390,529,0,0,0,35,false
"breast-wisconsin",2,7,antihorn,2391,528,0,0,0,35,false
"breast-wisconsin",2,7,square2cnf,2837,5284,0,0,0,35,false
"breast-wisconsin",2,7,affine,2817,2674,0,0,0,39,false
"breast-wisconsin",2,7,smart_certified,12865,9206,0,0,0,39,false
"breast-wisconsin",2,7,cals,16796,88080,16,18,0,21,false
"breast-wisconsin",2,7,cals_compact_explain,13867,47138,21,14,0,21,false
"breast-wisconsin",3,5,unary,1122,120,0,0,0,29,false
"breast-wisconsin",3,5,horn,1922,438,0,0,0,25,false
"breast-wisconsin",3,5,antihorn,1925,435,0,0,0,25,false
"breast-wisconsin",3,5,square2cnf,2250,3782,0,0,0,25,false
"breast-wisconsin",3,5,affine,2484,2140,0,0,0,33,false
"breast-wisconsin",3,5,smart_certified,10333,6574,0,0,0,27,false
"breast-wisconsin",3,5,cals,19609,86341,12,18,0,17,false
"breast-wisconsin",3,5,cals_compact_explain,11872,46607,16,14,0,17,false
"breast-wisconsin",3,7,unary,1325,120,0,0,0,35,false
"breast-wisconsin",3,7,horn,2548,519,0,0,0,35,false
"breast-wisconsin",3,7,antihorn,2551,516,0,0,0,35,false
"breast-wisconsin",3,7,square2cnf,3017,5252,0,0,0,35,false
"breast-wisconsin",3,7,affine,3413,2656,0,0,0,43,false
"breast-wisconsin",3,7,smart_certified,11279,7204,0,0,0,31,false
"breast-wisconsin",3,7,cals,20665,99061,14,20,0,21,false
"breast-wisconsin",3,7,cals_compact_explain,13091,57345,23,17,0,21,false
"breast-wisconsin",4,5,unary,1051,120,0,0,0,31,false
"breast-wisconsin",4,5,horn,2048,462,0,0,0,29,false
"breast-wisconsin",4,5,antihorn,2047,463,0,0,0,29,false
"breast-wisconsin",4,5,square2cnf,2665,4129,0,0,0,29,false
"breast-wisconsin",4,5,affine,2703,2210,0,0,0,35,false
"breast-wisconsin",4,5,smart_certified,9618,6372,0,0,0,29,false
"breast-wisconsin",4,5,cals,23905,106522,16,18,0,21,false
"breast-wisconsin",4,5,cals_compact_explain,13101,64806,20,18,0,21,false
"breast-wisconsin",4,7,unary,1415,120,0,0,0,43,false
"breast-wisconsin",4,7,horn,2360,507,0,0,0,35,false
"breast-wisconsin",4,7,antihorn,2359,508,0,0,0,35,false
"breast-wisconsin",4,7,square2cnf,3070,4999,0,0,0,35,false
"breast-wisconsin",4,7,affine,3239,2830,0,0,0,43,false
"breast-wisconsin",4,7,smart_certified,10774,6884,0,0,0,37,false
"breast-wisconsin",4,7,cals,23894,113281,17,19,0,23,false
"breast-wisconsin",4,7,cals_compact_explain,13408,68423,21,19,0,23,false
"breast-wisconsin",5,5,unary,970,120,0,0,0,25,false
"breast-wisconsin",5,5,horn,1544,414,0,0,0,21,false
"breast-wisconsin",5,5,antihorn,1544,414,0,0,0,21,false
"breast-wisconsin",5,5,square2cnf,1798,3220,0,0,0,21,false
"breast-wisconsin",5,5,affine,1361,1818,0,0,0,23,false
"breast-wisconsin",5,5,smart_certified,8628,5768,0,0,0,25,false
"breast-wisconsin",5,5,cals,43576,73876,12,16,0,15,false
"breast-wisconsin",5,5,cals_compact_explain,13747,48829,12,14,0,15,false
"breast-wisconsin",5,7,unary,1234,120,0,0,0,33,false
"breast-wisconsin",5,7,horn,1678,427,0,0,0,23,false
"breast-wisconsin",5,7,antihorn,1679,426,0,0,0,23,false
"breast-wisconsin",5,7,square2cnf,1967,3504,0,0,0,23,false
"breast-wisconsin",5,7,affine,1901,2434,0,0,0,31,false
"breast-wisconsin",5,7,smart_certified,10191,6897,0,0,0,33,false
"breast-wisconsin",5,7,cals,45019,86360,14,18,0,19,false
"breast-wisconsin",5,7,cals_compact_explain,14291,52307,18,15,0,19,false
"breast-wisconsin",6,5,unary,1103,120,0,0,0,31,false
"breast-wisconsin",6,5,horn,2028,478,0,0,0,29,false
"breast-wisconsin",6,5,antihorn,2029,477,0,0,0,29,false
"breast-wisconsin",6,5,square2cnf,2396,4394,0,0,0,29,false
"breast-wisconsin",6,5,affine,2060,1986,0,0,0,29,false
"breast-wisconsin",6,5,smart_certified,8004,5376,0,0,0,29,false
"breast-wisconsin",6,5,cals,17385,86026,16,16,0,19,false
"breast-wisconsin",6,5,cals_compact_explain,8484,44620,24,12,0,19,false
"breast-wisconsin",6,7,unary,1309,120,0,0,0,39,false
"breast-wisconsin",6,7,horn,2264,508,0,0,0,33,false
"breast-wisconsin",6,7,antihorn,2265,507,0,0,0,33,false
"breast-wisconsin",6,7,square2cnf,2702,4966,0,0,0,33,false
"breast-wisconsin",6,7,affine,2730,2472,0,0,0,37,false
"breast-wisconsin",6,7,smart_certified,8354,5406,0,0,0,33,false
"breast-wisconsin",6,7,cals,17244,86167,16,16,0,19,false
"breast-wisconsin",6,7,cals_compact_explain,8484,44620,24,12,0,19,false
"breast-wisconsin",7,5,unary,997,120,0,0,0,27,false
"breast-wisconsin",7,5,horn,2210,476,0,0,0,29,false
"breast-wisconsin",7,5,antihorn,2212,474,0,0,0,29,false
"breast-wisconsin",7,5,square2cnf,2582,4388,0,0,0,29,false
"breast-wisconsin",7,5,affine,1919,1838,0,0,0,27,false
"breast-wisconsin",7,5,smart_certified,8703,5699,0,0,0,25,false
"breast-wisconsin",7,5,cals,14815,96276,20,17,0,17,false
"breast-wisconsin",7,5,cals_compact_explain,8004,40901,20,11,0,17,false
"breast-wisconsin",7,7,unary,1291,120,0,0,0,35,false
"breast-wisconsin",7,7,horn,2419,509,0,0,0,33,false
"breast-wisconsin",7,7,antihorn,2421,507,0,0,0,33,false
"breast-wisconsin",7,7,square2cnf,2846,4978,0,0,0,33,false
"breast-wisconsin",7,7,affine,2682,2520,0,0,0,37,false
"breast-wisconsin",7,7,smart_certified,9279,6044,0,0,0,31,false
"breast-wisconsin",7,7,cals,14913,96178,20,17,0,17,false
"breast-wisconsin",7,7,cals_compact_explain,8004,40901,20,11,0,17,false
"breast-wisconsin",8,5,unary,1171,120,0,0,0,31,false
"breast-wisconsin",8,5,horn,2061,458,0,0,0,27,false
"breast-wisconsin",8,5,antihorn,2063,456,0,0,0,27,false
"breast-wisconsin",8,5,square2cnf,2409,4088,0,0,0,27,false
"breast-wisconsin",8,5,affine,2020,2026,0,0,0,29,false
"breast-wisconsin",8,5,smart_certified,9543,6241,0,0,0,29,false
"breast-wisconsin",8,5,cals,20731,104596,16,20,0,23,false
"breast-wisconsin",8,5,cals_compact_explain,9021,48355,25,13,0,21,false
"breast-wisconsin",8,7,unary,1485,120,0,0,0,43,false
"breast-wisconsin",8,7,horn,2490,509,0,0,0,35,false
"breast-wisconsin",8,7,antihorn,2492,507,0,0,0,35,false
"breast-wisconsin",8,7,square2cnf,3223,4978,0,0,0,35,false
"breast-wisconsin",8,7,affine,3021,3048,0,0,0,43,false
"breast-wisconsin",8,7,smart_certified,10483,6905,0,0,0,37,false
"breast-wisconsin",8,7,cals,20693,104634,16,20,0,23,false
"breast-wisconsin",8,7,cals_compact_explain,9021,48355,25,13,0,21,false
"breast-wisconsin",9,5,unary,1051,120,0,0,0,27,false
"breast-wisconsin",9,5,horn,1820,420,0,0,0,25,false
"breast-wisconsin",9,5,antihorn,1820,420,0,0,0,25,false
"breast-wisconsin",9,5,square2cnf,2408,3504,0,0,0,25,false
"breast-wisconsin",9,5,affine,1998,2048,0,0,0,29,false
"breast-wisconsin",9,5,smart_certified,6688,3877,0,0,0,27,false
"breast-wisconsin",9,5,cals,14037,32143,15,17,0,19,false
"breast-wisconsin",9,5,cals_compact_explain,7331,12676,14,11,0,17,false
"breast-wisconsin",9,7,unary,1185,120,0,0,0,31,false
"breast-wisconsin",9,7,horn,1969,453,0,0,0,29,false
"breast-wisconsin",9,7,antihorn,1969,453,0,0,0,29,false
"breast-wisconsin",9,7,square2cnf,2612,4094,0,0,0,29,false
"breast-wisconsin",9,7,affine,2648,2554,0,0,0,37,false
"breast-wisconsin",9,7,smart_certified,7089,3910,0,0,0,31,false
"breast-wisconsin",9,7,cals,13984,32196,15,17,0,19,false
"breast-wisconsin",9,7,cals_compact_explain,7331,12676,14,11,0,17,false
"car-un",0,5,unary,125,21,0,0,0,17,false
"car-un",0,5,horn,267,159,0,0,0,17,false
"car-un",0,5,antihorn,389,226,0,0,0,25,false
"car-un",0,5,square2cnf,782,3524,0,0,0,25,false
"car-un",0,5,affine,823,887,0,0,0,19,false
"car-un",0,5,smart_certified,672,721,0,0,0,25,false
"car-un",0,5,cals,22973,28925,13,25,0,25,false
"car-un",0,5,cals_compact_explain,5551,20060,14,19,0,25,false
"car-un",0,7,unary,274,21,0,0,0,39,false
"car-un",0,7,horn,509,277,0,0,0,35,false
"car-un",0,7,antihorn,759,370,0,0,0,49,false
"car-un",0,7,square2cnf,1447,6370,0,0,0,47,false
"car-un",0,7,affine,2801,1379,0,0,0,45,false
"car-un",0,7,smart_certified,1117,836,0,0,0,47,false
"car-un",0,7,cals,24810,29090,23,35,0,45,false
"car-un",0,7,cals_compact_explain,6912,20260,25,30,0,47,false
"car-un",1,5,unary,125,21,0,0,0,17,false
"car-un",1,5,horn,261,165,0,0,0,17,false
"car-un",1,5,antihorn,345,223,0,0,0,23,false
"car-un",1,5,square2cnf,815,3555,0,0,0,25,false
"car-un",1,5,affine,887,823,0,0,0,19,false
"car-un",1,5,smart_certified,609,697,0,0,0,21,false
"car-un",1,5,cals,21695,29955,12,24,0,23,false
"car-un",1,5,cals_compact_explain,4526,9631,12,16,0,23,false
"car-un",1,7,unary,273,21,0,0,0,39,false
"car-un",1,7,horn,504,243,0,0,0,31,false
"car-un",1,7,antihorn,626,298,0,0,0,39,false
"car-un",1,7,square2cnf,1896,6960,0,0,0,53,false
"car-un",1,7,affine,2727,1453,0,0,0,45,false
"car-un",1,7,smart_certified,1037,818,0,0,0,43,false
"car-un",1,7,cals,23374,30123,21,33,0,41,false
"car-un",1,7,cals_compact_explain,5668,9808,21,25,0,41,false
"car-un",2,5,unary,126,21,0,0,0,17,false
"car-un",2,5,horn,299,172,0,0,0,19,false
"car-un",2,5,antihorn,483,249,0,0,0,29,false
"car-un",2,5,square2cnf,836,3889,0,0,0,27,false
"car-un",2,5,affine,877,833,0,0,0,19,false
"car-un",2,5,smart_certified,646,706,0,0,0,23,false
"car-un",2,5,cals,19323,31966,11,23,0,21,false
"car-un",2,5,cals_compact_explain,4052,20865,11,15,0,21,false
"car-un",2,7,unary,303,21,0,0,0,43,false
"car-un",2,7,horn,523,253,0,0,0,33,false
"car-un",2,7,antihorn,868,392,0,0,0,55,false
"car-un",2,7,square2cnf,1688,6846,0,0,0,49,false
"car-un",2,7,affine,2883,1487,0,0,0,47,false
"car-un",2,7,smart_certified,1252,883,0,0,0,53,false
"car-un",2,7,cals,20944,32165,19,31,0,37,false
"car-un",2,7,cals_compact_explain,5149,21068,19,23,0,37,false
"car-un",3,5,unary,126,21,0,0,0,17,false
"car-un",3,5,horn,255,171,0,0,0,17,false
"car-un",3,5,antihorn,344,224,0,0,0,23,false
"car-un",3,5,square2cnf,623,2999,0,0,0,21,false
"car-un",3,5,affine,1195,895,0,0,0,23,false
"car-un",3,5,smart_certified,655,706,0,0,0,23,false
"car-un",3,5,cals,20263,31979,15,27,0,29,false
"car-un",3,5,cals_compact_explain,4784,10418,16,21,0,29,false
"car-un",3,7,unary,287,21,0,0,0,41,false
"car-un",3,7,horn,547,291,0,0,0,37,false
"car-un",3,7,antihorn,597,316,0,0,0,39,false
"car-un",3,7,square2cnf,1176,5284,0,0,0,37,false
"car-un",3,7,affine,3275,1475,0,0,0,51,false
"car-un",3,7,smart_certified,938,802,0,0,0,37,false
"car-un",3,7,cals,21666,32103,24,36,0,47,false
"car-un",3,7,cals_compact_explain,5739,10558,25,30,0,47,false
"car-un",4,5,unary,125,21,0,0,0,17,false
"car-un",4,5,horn,229,151,0,0,0,15,false
"car-un",4,5,antihorn,327,193,0,0,0,21,false
"car-un",4,5,square2cnf,594,2679,0,0,0,19,false
"car-un",4,5,affine,1223,867,0,0,0,23,false
"car-un",4,5,smart_certified,646,697,0,0,0,23,false
"car-un",4,5,cals,19022,32361,11,23,0,21,false
"car-un",4,5,cals_compact_explain,5078,31359,11,18,0,21,false
"car-un",4,7,unary,263,21,0,0,0,37,false
"car-un",4,7,horn,543,242,0,0,0,33,false
"car-un",4,7,antihorn,613,304,0,0,0,39,false
"car-un",4,7,square2cnf,1336,5474,0,0,0,41,false
"car-un",4,7,affine,3057,1503,0,0,0,49,false
"car-un",4,7,smart_certified,1073,784,0,0,0,41,false
"car-un",4,7,cals,20493,32573,19,31,0,37,false
"car-un",4,7,cals_compact_explain,6060,31582,19,26,0,37,false
"car-un",5,5,unary,125,21,0,0,0,17,false
"car-un",5,5,horn,441,210,0,0,0,29,false
"car-un",5,5,antihorn,355,208,0,0,0,23,false
"car-un",5,5,square2cnf,575,3007,0,0,0,21,false
"car-un",5,5,affine,877,833,0,0,0,19,false
"car-un",5,5,smart_certified,640,703,0,0,0,23,false
"car-un",5,5,cals,17248,34411,15,25,0,27,false
"car-un",5,5,cals_compact_explain,3874,11256,14,21,0,27,false
"car-un",5,7,unary,274,21,0,0,0,39,false
"car-un",5,7,horn,555,243,0,0,0,35,false
"car-un",5,7,antihorn,640,314,0,0,0,41,false
"car-un",5,7,square2cnf,1122,5298,0,0,0,37,false
"car-un",5,7,affine,2535,1455,0,0,0,43,false
"car-un",5,7,smart_certified,1157,841,0,0,0,49,false
"car-un",5,7,cals,18587,34636,24,34,0,45,false
"car-un",5,7,cals_compact_explain,4837,11436,23,30,0,45,false
"car-un",6,5,unary,126,21,0,0,0,17,false
"car-un",6,5,horn,237,142,0,0,0,15,false
"car-un",6,5,antihorn,446,218,0,0,0,27,false
"car-un",6,5,square2cnf,504,2422,0,0,0,17,false
"car-un",6,5,affine,1223,867,0,0,0,23,false
"car-un",6,5,smart_certified,675,730,0,0,0,25,false
"car-un",6,5,cals,21661,29615,11,23,0,21,false
"car-un",6,5,cals_compact_explain,4415,10474,16,19,0,21,false
"car-un",6,7,unary,297,21,0,0,0,43,false
"car-un",6,7,horn,530,254,0,0,0,33,false
"car-un",6,7,antihorn,831,376,0,0,0,55,false
"car-un",6,7,square2cnf,982,4493,0,0,0,31,false
"car-un",6,7,affine,3193,1557,0,0,0,51,false
"car-un",6,7,smart_certified,1188,850,0,0,0,49,false
"car-un",6,7,cals,23228,29895,20,32,0,39,false
"car-un",6,7,cals_compact_explain,5562,10645,25,28,0,39,false
"car-un",7,5,unary,126,21,0,0,0,17,false
"car-un",7,5,horn,458,231,0,0,0,31,false
"car-un",7,5,antihorn,453,216,0,0,0,27,false
"car-un",7,5,square2cnf,628,2994,0,0,0,21,false
"car-un",7,5,affine,1229,861,0,0,0,23,false
"car-un",7,5,smart_certified,663,742,0,0,0,25,false
"car-un",7,5,cals,22917,28614,12,24,0,23,false
"car-un",7,5,cals_compact_explain,4385,10306,13,18,0,23,false
"car-un",7,7,unary,297,21,0,0,0,43,false
"car-un",7,7,horn,648,305,0,0,0,43,false
"car-un",7,7,antihorn,773,336,0,0,0,49,false
"car-un",7,7,square2cnf,1559,5272,0,0,0,43,false
"car-un",7,7,affine,3253,1497,0,0,0,51,false
"car-un",7,7,smart_certified,1132,848,0,0,0,47,false
"car-un",7,7,cals,24700,28853,21,33,0,41,false
"car-un",7,7,cals_compact_explain,5638,10488,22,27,0,41,false
"car-un",8,5,unary,125,21,0,0,0,17,false
"car-un",8,5,horn,242,138,0,0,0,15,false
"car-un",8,5,antihorn,355,214,0,0,0,23,false
"car-un",8,5,square2cnf,601,2644,0,0,0,19,false
"car-un",8,5,affine,811,899,0,0,0,19,false
"car-un",8,5,smart_certified,615,694,0,0,0,21,false
"car-un",8,5,cals,20634,31113,13,25,0,25,false
"car-un",8,5,cals_compact_explain,4046,10808,14,19,0,25,false
"car-un",8,7,unary,274,21,0,0,0,39,false
"car-un",8,7,horn,519,229,0,0,0,31,false
"car-un",8,7,antihorn,666,307,0,0,0,43,false
"car-un",8,7,square2cnf,1151,4613,0,0,0,33,false
"car-un",8,7,affine,2723,1457,0,0,0,45,false
"car-un",8,7,smart_certified,997,817,0,0,0,39,false
"car-un",8,7,cals,22154,31286,21,33,0,41,false
"car-un",8,7,cals_compact_explain,5105,10962,22,27,0,41,false
"car-un",9,5,unary,125,21,0,0,0,17,false
"car-un",9,5,horn,223,156,0,0,0,15,false
"car-un",9,5,antihorn,339,221,0,0,0,23,false
"car-un",9,5,square2cnf,604,3014,0,0,0,21,false
"car-un",9,5,affine,795,915,0,0,0,19,false
"car-un",9,5,smart_certified,618,714,0,0,0,23,false
"car-un",9,5,cals,17880,33425,11,23,0,21,false
"car-un",9,5,cals_compact_explain,11938,58583,9,27,0,21,false
"car-un",9,7,unary,248,21,0,0,0,35,false
"car-un",9,7,horn,443,243,0,0,0,29,false
"car-un",9,7,antihorn,562,301,0,0,0,37,false
"car-un",9,7,square2cnf,1330,4750,0,0,0,37,false
"car-un",9,7,affine,2803,1377,0,0,0,45,false
"car-un",9,7,smart_certified,953,803,0,0,0,39,false
"car-un",9,7,cals,19175,33638,18,30,0,35,false
"car-un",9,7,cals_compact_explain,9719,28305,21,28,0,35,false
"car_evaluation-bin",0,5,unary,79,14,0,0,0,17,false
"car_evaluation-bin",0,5,horn,309,199,0,0,0,29,false
"car_evaluation-bin",0,5,antihorn,272,157,0,0,0,23,false
"car_evaluation-bin",0,5,square2cnf,277,1809,0,0,0,13,false
"car_evaluation-bin",0,5,affine,1367,646,0,0,0,23,false
"car_evaluation-bin",0,5,smart_certified,454,681,0,0,0,25,false
"car_evaluation-bin",0,5,cals,17285,26345,14,24,0,25,false
"car_evaluation-bin",0,5,cals_compact_explain,3152,7416,13,23,0,25,false
"car_evaluation-bin",0,7,unary,146,14,0,0,0,35,false
"car_evaluation-bin",0,7,horn,682,257,0,0,0,65,false
"car_evaluation-bin",0,7,antihorn,553,244,0,0,0,47,false
"car_evaluation-bin",0,7,square2cnf,766,4042,0,0,0,29,false
"car_evaluation-bin",0,7,affine,3644,748,0,0,0,49,false
"car_evaluation-bin",0,7,smart_certified,805,745,0,0,0,51,false
"car_evaluation-bin",0,7,cals,18928,26379,32,42,0,61,false
"car_evaluation-bin",0,7,cals_compact_explain,4357,7437,31,41,0,61,false
"car_evaluation-bin",1,5,unary,79,14,0,0,0,17,false
"car_evaluation-bin",1,5,horn,298,205,0,0,0,29,false
"car_evaluation-bin",1,5,antihorn,265,181,0,0,0,25,false
"car_evaluation-bin",1,5,square2cnf,396,2376,0,0,0,17,false
"car_evaluation-bin",1,5,affine,1411,602,0,0,0,23,false
"car_evaluation-bin",1,5,smart_certified,451,681,0,0,0,25,false
"car_evaluation-bin",1,5,cals,19488,24193,15,25,0,27,false
"car_evaluation-bin",1,5,cals_compact_explain,2621,7814,14,21,0,27,false
"car_evaluation-bin",1,7,unary,154,14,0,0,0,39,false
"car_evaluation-bin",1,7,horn,592,255,0,0,0,61,false
"car_evaluation-bin",1,7,antihorn,521,238,0,0,0,47,false
"car_evaluation-bin",1,7,square2cnf,964,4438,0,0,0,37,false
"car_evaluation-bin",1,7,affine,4006,752,0,0,0,53,false
"car_evaluation-bin",1,7,smart_certified,684,752,0,0,0,49,false
"car_evaluation-bin",1,7,cals,20760,24197,29,39,0,53,false
"car_evaluation-bin",1,7,cals_compact_explain,3580,7820,28,35,0,53,false
"car_evaluation-bin",2,5,unary,87,14,0,0,0,19,false
"car_evaluation-bin",2,5,horn,285,208,0,0,0,29,false
"car_evaluation-bin",2,5,antihorn,307,178,0,0,0,27,false
"car_evaluation-bin",2,5,square2cnf,389,2383,0,0,0,17,false
"car_evaluation-bin",2,5,affine,1369,644,0,0,0,23,false
"car_evaluation-bin",2,5,smart_certified,470,696,0,0,0,27,false
"car_evaluation-bin",2,5,cals,15984,27276,15,23,0,25,false
"car_evaluation-bin",2,5,cals_compact_explain,2350,7540,14,19,0,25,false
"car_evaluation-bin",2,7,unary,185,14,0,0,0,49,false
"car_evaluation-bin",2,7,horn,608,262,0,0,0,59,false
"car_evaluation-bin",2,7,antihorn,606,250,0,0,0,53,false
"car_evaluation-bin",2,7,square2cnf,1205,5015,0,0,0,37,false
"car_evaluation-bin",2,7,affine,4676,814,0,0,0,61,false
"car_evaluation-bin",2,7,smart_certified,862,773,0,0,0,59,false
"car_evaluation-bin",2,7,cals,17318,27287,29,37,0,51,false
"car_evaluation-bin",2,7,cals_compact_explain,3201,7579,29,32,0,51,false
"car_evaluation-bin",3,5,unary,79,14,0,0,0,17,false
"car_evaluation-bin",3,5,horn,302,193,0,0,0,29,false
"car_evaluation-bin",3,5,antihorn,290,172,0,0,0,25,false
"car_evaluation-bin",3,5,square2cnf,272,1818,0,0,0,13,false
"car_evaluation-bin",3,5,affine,1399,614,0,0,0,23,false
"car_evaluation-bin",3,5,smart_certified,457,681,0,0,0,25,false
"car_evaluation-bin",3,5,cals,18274,25252,14,24,0,25,false
"car_evaluation-bin",3,5,cals_compact_explain,2904,7484,14,22,0,25,false
"car_evaluation-bin",3,7,unary,176,14,0,0,0,45,false
"car_evaluation-bin",3,7,horn,632,272,0,0,0,59,false
"car_evaluation-bin",3,7,antihorn,581,256,0,0,0,49,false
"car_evaluation-bin",3,7,square2cnf,735,3078,0,0,0,23,false
"car_evaluation-bin",3,7,affine,4185,756,0,0,0,55,false
"car_evaluation-bin",3,7,smart_certified,785,756,0,0,0,51,false
"car_evaluation-bin",3,7,cals,19640,25287,28,38,0,51,false
"car_evaluation-bin",3,7,cals_compact_explain,3865,7511,28,36,0,51,false
"car_evaluation-bin",4,5,unary,79,14,0,0,0,17,false
"car_evaluation-bin",4,5,horn,288,184,0,0,0,27,false
"car_evaluation-bin",4,5,antihorn,307,178,0,0,0,27,false
"car_evaluation-bin",4,5,square2cnf,314,1772,0,0,0,13,false
"car_evaluation-bin",4,5,affine,1399,614,0,0,0,23,false
"car_evaluation-bin",4,5,smart_certified,429,672,0,0,0,23,false
"car_evaluation-bin",4,5,cals,18884,24660,14,24,0,25,false
"car_evaluation-bin",4,5,cals_compact_explain,2765,7568,14,22,0,25,false
"car_evaluation-bin",4,7,unary,155,14,0,0,0,39,false
"car_evaluation-bin",4,7,horn,601,250,0,0,0,55,false
"car_evaluation-bin",4,7,antihorn,659,247,0,0,0,57,false
"car_evaluation-bin",4,7,square2cnf,878,3706,0,0,0,29,false
"car_evaluation-bin",4,7,affine,4310,814,0,0,0,57,false
"car_evaluation-bin",4,7,smart_certified,767,743,0,0,0,49,false
"car_evaluation-bin",4,7,cals,19947,24680,26,36,0,45,false
"car_evaluation-bin",4,7,cals_compact_explain,3555,7580,26,34,0,45,false
"car_evaluation-bin",5,5,unary,87,14,0,0,0,19,false
"car_evaluation-bin",5,5,horn,279,193,0,0,0,27,false
"car_evaluation-bin",5,5,antihorn,296,166,0,0,0,25,false
"car_evaluation-bin",5,5,square2cnf,313,1775,0,0,0,13,false
"car_evaluation-bin",5,5,affine,1369,644,0,0,0,23,false
"car_evaluation-bin",5,5,smart_certified,485,684,0,0,0,27,false
"car_evaluation-bin",5,5,cals,18956,24612,14,24,0,25,false
"car_evaluation-bin",5,5,cals_compact_explain,2902,7400,15,21,0,25,false
"car_evaluation-bin",5,7,unary,175,14,0,0,0,45,false
"car_evaluation-bin",5,7,horn,577,236,0,0,0,53,false
"car_evaluation-bin",5,7,antihorn,586,259,0,0,0,49,false
"car_evaluation-bin",5,7,square2cnf,833,3749,0,0,0,29,false
"car_evaluation-bin",5,7,affine,4310,814,0,0,0,57,false
"car_evaluation-bin",5,7,smart_certified,844,769,0,0,0,57,false
"car_evaluation-bin",5,7,cals,20097,24647,27,37,0,51,false
"car_evaluation-bin",5,7,cals_compact_explain,3772,7427,28,34,0,51,false
"car_evaluation-bin",6,5,unary,79,14,0,0,0,17,false
"car_evaluation-bin",6,5,horn,305,196,0,0,0,29,false
"car_evaluation-bin",6,5,antihorn,274,178,0,0,0,25,false
"car_evaluation-bin",6,5,square2cnf,387,2387,0,0,0,17,false
"car_evaluation-bin",6,5,affine,1387,626,0,0,0,23,false
"car_evaluation-bin",6,5,smart_certified,423,678,0,0,0,23,false
"car_evaluation-bin",6,5,cals,17862,25677,14,24,0,25,false
"car_evaluation-bin",6,5,cals_compact_explain,2493,7480,14,19,0,25,false
"car_evaluation-bin",6,7,unary,162,14,0,0,0,41,false
"car_evaluation-bin",6,7,horn,685,259,0,0,0,63,false
"car_evaluation-bin",6,7,antihorn,546,241,0,0,0,51,false
"car_evaluation-bin",6,7,square2cnf,1023,4195,0,0,0,37,false
"car_evaluation-bin",6,7,affine,4364,760,0,0,0,57,false
"car_evaluation-bin",6,7,smart_certified,763,747,0,0,0,49,false
"car_evaluation-bin",6,7,cals,19524,25733,29,39,0,53,false
"car_evaluation-bin",6,7,cals_compact_explain,3566,7523,28,33,0,51,false
"car_evaluation-bin",7,5,unary,79,14,0,0,0,17,false
"car_evaluation-bin",7,5,horn,305,196,0,0,0,29,false
"car_evaluation-bin",7,5,antihorn,285,175,0,0,0,27,false
"car_evaluation-bin",7,5,square2cnf,383,2391,0,0,0,17,false
"car_evaluation-bin",7,5,affine,1385,628,0,0,0,23,false
"car_evaluation-bin",7,5,smart_certified,445,687,0,0,0,25,false
"car_evaluation-bin",7,5,cals,19253,24599,14,26,0,27,false
"car_evaluation-bin",7,5,cals_compact_explain,2902,7572,15,23,0,27,false
"car_evaluation-bin",7,7,unary,167,14,0,0,0,43,false
"car_evaluation-bin",7,7,horn,575,241,0,0,0,51,false
"car_evaluation-bin",7,7,antihorn,578,277,0,0,0,57,false
"car_evaluation-bin",7,7,square2cnf,930,4400,0,0,0,37,false
"car_evaluation-bin",7,7,affine,4549,758,0,0,0,59,false
"car_evaluation-bin",7,7,smart_certified,819,747,0,0,0,53,false
"car_evaluation-bin",7,7,cals,20523,24608,29,41,0,55,false
"car_evaluation-bin",7,7,cals_compact_explain,3768,7599,31,37,0,55,false
"car_evaluation-bin",8,5,unary,79,14,0,0,0,17,false
"car_evaluation-bin",8,5,horn,314,184,0,0,0,29,false
"car_evaluation-bin",8,5,antihorn,305,178,0,0,0,27,false
"car_evaluation-bin",8,5,square2cnf,488,2284,0,0,0,17,false
"car_evaluation-bin",8,5,affine,1411,602,0,0,0,23,false
"car_evaluation-bin",8,5,smart_certified,429,669,0,0,0,23,false
"car_evaluation-bin",8,5,cals,17383,26300,15,25,0,27,false
"car_evaluation-bin",8,5,cals_compact_explain,2890,7619,15,23,0,27,false
"car_evaluation-bin",8,7,unary,162,14,0,0,0,41,false
"car_evaluation-bin",8,7,horn,706,253,0,0,0,65,false
"car_evaluation-bin",8,7,antihorn,663,277,0,0,0,63,false
"car_evaluation-bin",8,7,square2cnf,1187,4019,0,0,0,33,false
"car_evaluation-bin",8,7,affine,4493,814,0,0,0,59,false
"car_evaluation-bin",8,7,smart_certified,846,762,0,0,0,53,false
"car_evaluation-bin",8,7,cals,18825,26342,33,43,0,61,false
"car_evaluation-bin",8,7,cals_compact_explain,3987,7640,33,41,0,61,false
"car_evaluation-bin",9,5,unary,79,14,0,0,0,17,false
"car_evaluation-bin",9,5,horn,277,193,0,0,0,29,false
"car_evaluation-bin",9,5,antihorn,272,178,0,0,0,25,false
"car_evaluation-bin",9,5,square2cnf,299,1787,0,0,0,13,false
"car_evaluation-bin",9,5,affine,1339,674,0,0,0,23,false
"car_evaluation-bin",9,5,smart_certified,432,666,0,0,0,23,false
"car_evaluation-bin",9,5,cals,20486,23204,16,26,0,29,false
"car_evaluation-bin",9,5,cals_compact_explain,2737,7543,16,21,0,29,false
"car_evaluation-bin",9,7,unary,163,14,0,0,0,41,false
"car_evaluation-bin",9,7,horn,547,251,0,0,0,55,false
"car_evaluation-bin",9,7,antihorn,568,265,0,0,0,53,false
"car_evaluation-bin",9,7,square2cnf,749,3730,0,0,0,27,false
"car_evaluation-bin",9,7,affine,3964,794,0,0,0,53,false
"car_evaluation-bin",9,7,smart_certified,795,756,0,0,0,51,false
"car_evaluation-bin",9,7,cals,21710,23240,28,38,0,51,false
"car_evaluation-bin",9,7,cals_compact_explain,3605,7567,28,33,0,51,false
"compas_discretized",0,5,unary,400,25,0,0,0,49,false
"compas_discretized",0,5,horn,968,459,0,0,0,59,false
"compas_discretized",0,5,antihorn,1158,491,0,0,0,63,false
"compas_discretized",0,5,square2cnf,2600,8260,0,0,0,61,false
"compas_discretized",0,5,affine,2831,2601,0,0,0,57,false
"compas_discretized",0,5,smart_certified,6945,9463,0,0,0,49,false
"compas_discretized",0,5,cals,12906,25161,31,43,0,61,false
"compas_discretized",0,5,cals_compact_explain,7358,5007,37,44,0,61,false
"compas_discretized",0,7,unary,917,25,0,0,0,141,false
"compas_discretized",0,7,horn,2512,791,0,0,0,161,false
"compas_discretized",0,7,antihorn,2943,931,0,0,0,175,false
"compas_discretized",0,7,square2cnf,8047,20749,0,0,0,165,false
"compas_discretized",0,7,affine,12818,3865,0,0,0,171,false
"compas_discretized",0,7,smart_certified,22210,21576,0,0,0,137,false
"compas_discretized",0,7,cals,22593,25489,100,112,0,185,false
"compas_discretized",0,7,cals_compact_explain,14160,5323,106,107,0,179,false
"compas_discretized",1,5,unary,385,25,0,0,0,47,false
"compas_discretized",1,5,horn,929,436,0,0,0,57,false
"compas_discretized",1,5,antihorn,1009,409,0,0,0,55,false
"compas_discretized",1,5,square2cnf,2427,7741,0,0,0,57,false
"compas_discretized",1,5,affine,2569,2281,0,0,0,51,false
"compas_discretized",1,5,smart_certified,6249,9314,0,0,0,47,false
"compas_discretized",1,5,cals,13879,24020,33,43,0,63,false
"compas_discretized",1,5,cals_compact_explain,7199,5109,40,43,0,63,false
"compas_discretized",1,7,unary,893,25,0,0,0,139,false
"compas_discretized",1,7,horn,2412,765,0,0,0,153,false
"compas_discretized",1,7,antihorn,2543,802,0,0,0,149,false
"compas_discretized",1,7,square2cnf,7198,18614,0,0,0,147,false
"compas_discretized",1,7,affine,11816,3701,0,0,0,155,false
"compas_discretized",1,7,smart_certified,22247,21834,0,0,0,139,false
"compas_discretized",1,7,cals,23871,24251,103,113,0,189,false
"compas_discretized",1,7,cals_compact_explain,13872,5355,116,109,0,189,false
"compas_discretized",2,5,unary,459,25,0,0,0,59,false
"compas_discretized",2,5,horn,1031,461,0,0,0,61,false
"compas_discretized",2,5,antihorn,1131,450,0,0,0,61,false
"compas_discretized",2,5,square2cnf,2111,8203,0,0,0,57,false
"compas_discretized",2,5,affine,2899,2339,0,0,0,55,false
"compas_discretized",2,5,smart_certified,8510,10625,0,0,0,59,false
"compas_discretized",2,5,cals,55538,17216,33,39,0,59,false
"compas_discretized",2,5,cals_compact_explain,6829,7763,43,36,0,59,false
"compas_discretized",2,7,unary,1022,25,0,0,0,167,false
"compas_discretized",2,7,horn,2765,919,0,0,0,179,false
"compas_discretized",2,7,antihorn,2921,843,0,0,0,173,false
"compas_discretized",2,7,square2cnf,6970,20221,0,0,0,155,false
"compas_discretized",2,7,affine,12320,3587,0,0,0,163,false
"compas_discretized",2,7,smart_certified,27277,23652,0,0,0,165,false
"compas_discretized",2,7,cals,157612,17404,101,107,0,185,false
"compas_discretized",2,7,cals_compact_explain,13097,8096,101,94,0,167,false
"compas_discretized",3,5,unary,439,25,0,0,0,59,false
"compas_discretized",3,5,horn,1093,461,0,0,0,63,false
"compas_discretized",3,5,antihorn,1156,485,0,0,0,63,false
"compas_discretized",3,5,square2cnf,2161,9078,0,0,0,63,false
"compas_discretized",3,5,affine,3361,2459,0,0,0,61,false
"compas_discretized",3,5,smart_certified,8069,10581,0,0,0,59,false
"compas_discretized",3,5,cals,12993,19931,34,42,0,63,false
"compas_discretized",3,5,cals_compact_explain,6114,4861,46,37,0,63,false
"compas_discretized",3,7,unary,970,25,0,0,0,173,false
"compas_discretized",3,7,horn,2785,815,0,0,0,165,false
"compas_discretized",3,7,antihorn,2986,938,0,0,0,181,false
"compas_discretized",3,7,square2cnf,9201,23173,0,0,0,191,false
"compas_discretized",3,7,affine,14702,3531,0,0,0,183,false
"compas_discretized",3,7,smart_certified,24987,21415,0,0,0,165,false
"compas_discretized",3,7,cals,22497,20292,104,112,0,197,false
"compas_discretized",3,7,cals_compact_explain,13103,5305,116,107,0,197,false
"compas_discretized",4,5,unary,425,25,0,0,0,57,false
"compas_discretized",4,5,horn,903,405,0,0,0,51,false
"compas_discretized",4,5,antihorn,913,385,0,0,0,51,false
"compas_discretized",4,5,square2cnf,1980,7913,0,0,0,55,false
"compas_discretized",4,5,affine,2643,2207,0,0,0,51,false
"compas_discretized",4,5,smart_certified,7512,10680,0,0,0,57,false
"compas_discretized",4,5,cals,48704,23022,32,38,0,57,false
"compas_discretized",4,5,cals_compact_explain,6879,4863,47,39,0,63,false
"compas_discretized",4,7,unary,912,25,0,0,0,145,false
"compas_discretized",4,7,horn,2175,724,0,0,0,129,false
"compas_discretized",4,7,antihorn,2306,756,0,0,0,139,false
"compas_discretized",4,7,square2cnf,7579,19603,0,0,0,159,false
"compas_discretized",4,7,affine,10980,3569,0,0,0,149,false
"compas_discretized",4,7,smart_certified,22160,20864,0,0,0,141,false
"compas_discretized",4,7,cals,140947,23110,93,99,0,175,false
"compas_discretized",4,7,cals_compact_explain,14265,5260,120,112,0,197,false
"compas_discretized",5,5,unary,440,25,0,0,0,55,false
"compas_discretized",5,5,horn,1022,414,0,0,0,57,false
"compas_discretized",5,5,antihorn,1029,445,0,0,0,57,false
"compas_discretized",5,5,square2cnf,2196,7948,0,0,0,57,false
"compas_discretized",5,5,affine,3213,2219,0,0,0,57,false
"compas_discretized",5,5,smart_certified,7393,10799,0,0,0,55,false
"compas_discretized",5,5,cals,53462,23055,35,41,0,63,false
"compas_discretized",5,5,cals_compact_explain,7375,4882,37,44,0,61,false
"compas_discretized",5,7,unary,987,25,0,0,0,163,false
"compas_discretized",5,7,horn,2379,796,0,0,0,145,false
"compas_discretized",5,7,antihorn,2609,822,0,0,0,165,false
"compas_discretized",5,7,square2cnf,7567,19748,0,0,0,163,false
"compas_discretized",5,7,affine,12426,3675,0,0,0,165,false
"compas_discretized",5,7,smart_certified,25445,24143,0,0,0,161,false
"compas_discretized",5,7,cals,166695,23211,110,116,0,209,false
"compas_discretized",5,7,cals_compact_explain,14781,5263,119,116,0,197,false
"compas_discretized",6,5,unary,461,25,0,0,0,59,false
"compas_discretized",6,5,horn,978,426,0,0,0,57,false
"compas_discretized",6,5,antihorn,1177,452,0,0,0,61,false
"compas_discretized",6,5,square2cnf,2272,7724,0,0,0,57,false
"compas_discretized",6,5,affine,3164,2267,0,0,0,55,false
"compas_discretized",6,5,smart_certified,8187,11219,0,0,0,59,false
"compas_discretized",6,5,cals,48700,18210,33,39,0,59,false
"compas_discretized",6,5,cals_compact_explain,7563,8522,42,41,0,63,false
"compas_discretized",6,7,unary,1003,25,0,0,0,169,false
"compas_discretized",6,7,horn,2506,776,0,0,0,159,false
"compas_discretized",6,7,antihorn,2992,907,0,0,0,175,false
"compas_discretized",6,7,square2cnf,7101,20295,0,0,0,159,false
"compas_discretized",6,7,affine,12142,3765,0,0,0,163,false
"compas_discretized",6,7,smart_certified,27661,23795,0,0,0,169,false
"compas_discretized",6,7,cals,155790,18260,104,110,0,193,false
"compas_discretized",6,7,cals_compact_explain,14555,8956,113,108,0,193,false
"compas_discretized",7,5,unary,433,25,0,0,0,59,false
"compas_discretized",7,5,horn,905,404,0,0,0,55,false
"compas_discretized",7,5,antihorn,950,422,0,0,0,55,false
"compas_discretized",7,5,square2cnf,1844,7974,0,0,0,57,false
"compas_discretized",7,5,affine,2957,2281,0,0,0,55,false
"compas_discretized",7,5,smart_certified,7571,10713,0,0,0,59,false
"compas_discretized",7,5,cals,50250,17998,34,40,0,61,false
"compas_discretized",7,5,cals_compact_explain,7000,8523,45,39,0,61,false
"compas_discretized",7,7,unary,972,25,0,0,0,173,false
"compas_discretized",7,7,horn,2525,792,0,0,0,157,false
"compas_discretized",7,7,antihorn,2601,875,0,0,0,169,false
"compas_discretized",7,7,square2cnf,8462,21190,0,0,0,177,false
"compas_discretized",7,7,affine,13287,3591,0,0,0,175,false
"compas_discretized",7,7,smart_certified,28605,21178,0,0,0,171,false
"compas_discretized",7,7,cals,156752,18036,105,111,0,197,false
"compas_discretized",7,7,cals_compact_explain,14266,8896,118,112,0,197,false
"compas_discretized",8,5,unary,403,25,0,0,0,49,false
"compas_discretized",8,5,horn,1017,432,0,0,0,59,false
"compas_discretized",8,5,antihorn,1087,464,0,0,0,61,false
"compas_discretized",8,5,square2cnf,2065,8431,0,0,0,61,false
"compas_discretized",8,5,affine,2797,2247,0,0,0,53,false
"compas_discretized",8,5,smart_certified,6917,9291,0,0,0,49,false
"compas_discretized",8,5,cals,51102,23764,36,40,0,63,false
"compas_discretized",8,5,cals_compact_explain,7067,8236,45,38,0,63,false
"compas_discretized",8,7,unary,919,25,0,0,0,141,false
"compas_discretized",8,7,horn,2514,809,0,0,0,157,false
"compas_discretized",8,7,antihorn,2924,934,0,0,0,177,false
"compas_discretized",8,7,square2cnf,7233,21781,0,0,0,169,false
"compas_discretized",8,7,affine,12098,3615,0,0,0,161,false
"compas_discretized",8,7,smart_certified,24425,19902,0,0,0,141,false
"compas_discretized",8,7,cals,161216,23805,109,113,0,207,false
"compas_discretized",8,7,cals_compact_explain,14644,8686,120,109,0,201,false
"compas_discretized",9,5,unary,458,25,0,0,0,61,false
"compas_discretized",9,5,horn,1022,428,0,0,0,59,false
"compas_discretized",9,5,antihorn,1056,406,0,0,0,57,false
"compas_discretized",9,5,square2cnf,2355,8948,0,0,0,63,false
"compas_discretized",9,5,affine,3411,2409,0,0,0,61,false
"compas_discretized",9,5,smart_certified,8697,11234,0,0,0,61,false
"compas_discretized",9,5,cals,17850,19766,33,43,0,63,false
"compas_discretized",9,5,cals_compact_explain,6475,4781,45,38,0,63,false
"compas_discretized",9,7,unary,984,25,0,0,0,177,false
"compas_discretized",9,7,horn,2722,778,0,0,0,171,false
"compas_discretized",9,7,antihorn,2724,821,0,0,0,163,false
"compas_discretized",9,7,square2cnf,8616,21860,0,0,0,183,false
"compas_discretized",9,7,affine,14414,3625,0,0,0,181,false
"compas_discretized",9,7,smart_certified,30329,22541,0,0,0,177,false
"compas_discretized",9,7,cals,26896,20111,98,108,0,181,false
"compas_discretized",9,7,cals_compact_explain,13093,5216,110,103,0,181,false
"diabetes",0,5,unary,2196,112,0,0,0,53,false
"diabetes",0,5,horn,4107,605,0,0,0,49,false
"diabetes",0,5,antihorn,4107,605,0,0,0,49,false
"diabetes",0,5,square2cnf,4793,7263,0,0,0,49,false
"diabetes",0,5,affine,3299,3164,0,0,0,47,false
"diabetes",0,5,smart_certified,19613,12243,0,0,0,53,false
"diabetes",0,5,cals,25653,108559,28,30,0,45,false
"diabetes",0,5,cals_compact_explain,20310,61693,35,27,0,45,false
"diabetes",0,7,unary,4126,112,0,0,0,109,false
"diabetes",0,7,horn,8353,998,0,0,0,107,false
"diabetes",0,7,antihorn,8353,998,0,0,0,107,false
"diabetes",0,7,square2cnf,10243,15326,0,0,0,107,false
"diabetes",0,7,affine,6639,6006,0,0,0,91,false
"diabetes",0,7,smart_certified,32693,19819,0,0,0,107,false
"diabetes",0,7,cals,37415,203702,48,50,0,85,false
"diabetes",0,7,cals_compact_explain,30333,115636,55,47,0,85,false
"diabetes",1,5,unary,2038,112,0,0,0,49,false
"diabetes",1,5,horn,3852,597,0,0,0,47,false
"diabetes",1,5,antihorn,3854,595,0,0,0,47,false
"diabetes",1,5,square2cnf,4487,7000,0,0,0,47,false
"diabetes",1,5,affine,4183,3404,0,0,0,55,false
"diabetes",1,5,smart_certified,18591,11675,0,0,0,49,false
"diabetes",1,5,cals,23764,32033,30,26,0,43,false
"diabetes",1,5,cals_compact_explain,18364,15660,35,27,0,45,false
"diabetes",1,7,unary,4334,112,0,0,0,117,false
"diabetes",1,7,horn,7516,942,0,0,0,97,false
"diabetes",1,7,antihorn,7519,939,0,0,0,97,false
"diabetes",1,7,square2cnf,8976,14221,0,0,0,97,false
"diabetes",1,7,affine,10695,8132,0,0,0,135,false
"diabetes",1,7,smart_certified,34492,22089,0,0,0,107,false
"diabetes",1,7,cals,32322,33336,48,44,0,79,false
"diabetes",1,7,cals_compact_explain,27192,16704,56,48,0,87,false
"diabetes",2,5,unary,2022,112,0,0,0,49,false
"diabetes",2,5,horn,4201,622,0,0,0,51,false
"diabetes",2,5,antihorn,4202,621,0,0,0,51,false
"diabetes",2,5,square2cnf,5141,7332,0,0,0,51,false
"diabetes",2,5,affine,3163,2738,0,0,0,43,false
"diabetes",2,5,smart_certified,17771,10501,0,0,0,49,false
"diabetes",2,5,cals,44594,87797,27,29,0,43,false
"diabetes",2,5,cals_compact_explain,21452,91297,25,26,0,37,false
"diabetes",2,7,unary,3799,112,0,0,0,99,false
"diabetes",2,7,horn,8140,964,0,0,0,105,false
"diabetes",2,7,antihorn,8135,969,0,0,0,105,false
"diabetes",2,7,square2cnf,10514,14502,0,0,0,105,false
"diabetes",2,7,affine,6584,6342,0,0,0,93,false
"diabetes",2,7,smart_certified,30968,18483,0,0,0,99,false
"diabetes",2,7,cals,55688,114421,50,52,0,89,false
"diabetes",2,7,cals_compact_explain,31549,163153,47,46,0,79,false
"diabetes",3,5,unary,2256,112,0,0,0,57,false
"diabetes",3,5,horn,4633,664,0,0,0,55,false
"diabetes",3,5,antihorn,4633,664,0,0,0,55,false
"diabetes",3,5,square2cnf,5361,8198,0,0,0,55,false
"diabetes",3,5,affine,4127,3460,0,0,0,55,false
"diabetes",3,5,smart_certified,20932,13396,0,0,0,57,false
"diabetes",3,5,cals,28882,106623,28,32,0,47,false
"diabetes",3,5,cals_compact_explain,22498,58663,29,28,0,43,false
"diabetes",3,7,unary,4738,112,0,0,0,133,false
"diabetes",3,7,horn,9456,1126,0,0,0,125,false
"diabetes",3,7,antihorn,9448,1134,0,0,0,125,false
"diabetes",3,7,square2cnf,11562,18098,0,0,0,125,false
"diabetes",3,7,affine,9338,7522,0,0,0,121,false
"diabetes",3,7,smart_certified,40120,25174,0,0,0,125,false
"diabetes",3,7,cals,39373,151910,48,52,0,87,false
"diabetes",3,7,cals_compact_explain,32244,80817,48,47,0,81,false
"diabetes",4,5,unary,2076,112,0,0,0,49,false
"diabetes",4,5,horn,4340,641,0,0,0,51,false
"diabetes",4,5,antihorn,4344,637,0,0,0,51,false
"diabetes",4,5,square2cnf,5013,7669,0,0,0,51,false
"diabetes",4,5,affine,3731,3856,0,0,0,55,false
"diabetes",4,5,smart_certified,17419,10315,0,0,0,49,false
"diabetes",4,5,cals,31417,163775,30,30,0,47,false
"diabetes",4,5,cals_compact_explain,27143,93634,37,30,0,47,false
"diabetes",4,7,unary,4691,112,0,0,0,127,false
"diabetes",4,7,horn,8671,1013,0,0,0,109,false
"diabetes",4,7,antihorn,8675,1009,0,0,0,109,false
"diabetes",4,7,square2cnf,10784,15475,0,0,0,109,false
"diabetes",4,7,affine,9449,8254,0,0,0,127,false
"diabetes",4,7,smart_certified,33161,20060,0,0,0,113,false
"diabetes",4,7,cals,48832,301358,55,55,0,97,false
"diabetes",4,7,cals_compact_explain,39304,168833,62,53,0,95,false
"diabetes",5,5,unary,1949,112,0,0,0,47,false
"diabetes",5,5,horn,4314,611,0,0,0,51,false
"diabetes",5,5,antihorn,4312,613,0,0,0,51,false
"diabetes",5,5,square2cnf,5230,7396,0,0,0,51,false
"diabetes",5,5,affine,3310,3434,0,0,0,49,false
"diabetes",5,5,smart_certified,16349,9847,0,0,0,45,false
"diabetes",5,5,cals,30418,38125,27,33,0,47,false
"diabetes",5,5,cals_compact_explain,30117,24526,30,45,0,55,false
"diabetes",5,7,unary,4010,112,0,0,0,105,false
"diabetes",5,7,horn,9105,1052,0,0,0,119,false
"diabetes",5,7,antihorn,9102,1055,0,0,0,119,false
"diabetes",5,7,square2cnf,11649,16664,0,0,0,119,false
"diabetes",5,7,affine,8009,8008,0,0,0,115,false
"diabetes",5,7,smart_certified,30277,18325,0,0,0,105,false
"diabetes",5,7,cals,41160,39293,48,54,0,89,false
"diabetes",5,7,cals_compact_explain,35885,25203,59,59,0,95,false
"diabetes",6,5,unary,2160,112,0,0,0,53,false
"diabetes",6,5,horn,3985,602,0,0,0,47,false
"diabetes",6,5,antihorn,3986,601,0,0,0,47,false
"diabetes",6,5,square2cnf,4604,7072,0,0,0,47,false
"diabetes",6,5,affine,3304,3440,0,0,0,49,false
"diabetes",6,5,smart_certified,19240,11416,0,0,0,51,false
"diabetes",6,5,cals,26739,95390,27,31,0,45,false
"diabetes",6,5,cals_compact_explain,21470,66374,26,27,0,39,false
"diabetes",6,7,unary,4451,112,0,0,0,123,false
"diabetes",6,7,horn,8318,961,0,0,0,103,false
"diabetes",6,7,antihorn,8319,960,0,0,0,103,false
"diabetes",6,7,square2cnf,10414,14522,0,0,0,103,false
"diabetes",6,7,affine,8333,7684,0,0,0,115,false
"diabetes",6,7,smart_certified,38198,24183,0,0,0,109,false
"diabetes",6,7,cals,37730,140990,46,50,0,83,false
"diabetes",6,7,cals_compact_explain,29021,92094,40,41,0,67,false
"diabetes",7,5,unary,1981,112,0,0,0,47,false
"diabetes",7,5,horn,4129,619,0,0,0,49,false
"diabetes",7,5,antihorn,4126,622,0,0,0,49,false
"diabetes",7,5,square2cnf,4751,7341,0,0,0,49,false
"diabetes",7,5,affine,2922,2698,0,0,0,41,false
"diabetes",7,5,smart_certified,17955,11278,0,0,0,47,false
"diabetes",7,5,cals,23489,166336,30,30,0,47,false
"diabetes",7,5,cals_compact_explain,19962,95573,38,29,0,47,false
"diabetes",7,7,unary,3983,112,0,0,0,107,false
"diabetes",7,7,horn,8438,1021,0,0,0,107,false
"diabetes",7,7,antihorn,8436,1023,0,0,0,107,false
"diabetes",7,7,square2cnf,10006,15671,0,0,0,107,false
"diabetes",7,7,affine,6978,5948,0,0,0,93,false
"diabetes",7,7,smart_certified,33449,21260,0,0,0,99,false
"diabetes",7,7,cals,35565,279725,48,48,0,83,false
"diabetes",7,7,cals_compact_explain,31718,178185,61,52,0,93,false
"diabetes",8,5,unary,2170,112,0,0,0,53,false
"diabetes",8,5,horn,4330,650,0,0,0,53,false
"diabetes",8,5,antihorn,4332,648,0,0,0,53,false
"diabetes",8,5,square2cnf,5078,7937,0,0,0,53,false
"diabetes",8,5,affine,4052,3254,0,0,0,53,false
"diabetes",8,5,smart_certified,19794,12721,0,0,0,53,false
"diabetes",8,5,cals,35778,41930,28,28,0,43,false
"diabetes",8,5,cals_compact_explain,20026,26163,33,29,0,45,false
"diabetes",8,7,unary,4446,112,0,0,0,121,false
"diabetes",8,7,horn,7941,965,0,0,0,101,false
"diabetes",8,7,antihorn,7946,960,0,0,0,101,false
"diabetes",8,7,square2cnf,9608,14295,0,0,0,99,false
"diabetes",8,7,affine,8838,6898,0,0,0,113,false
"diabetes",8,7,smart_certified,38746,24872,0,0,0,119,false
"diabetes",8,7,cals,44589,43121,45,45,0,77,false
"diabetes",8,7,cals_compact_explain,28799,27214,53,49,0,85,false
"diabetes",9,5,unary,2276,112,0,0,0,57,false
"diabetes",9,5,horn,4440,663,0,0,0,55,false
"diabetes",9,5,antihorn,4439,664,0,0,0,55,false
"diabetes",9,5,square2cnf,5181,8235,0,0,0,55,false
"diabetes",9,5,affine,3185,3278,0,0,0,47,false
"diabetes",9,5,smart_certified,19279,12765,0,0,0,57,false
"diabetes",9,5,cals,28648,149271,30,30,0,47,false
"diabetes",9,5,cals_compact_explain,26683,96147,37,30,0,47,false
"diabetes",9,7,unary,4249,112,0,0,0,115,false
"diabetes",9,7,horn,8140,1033,0,0,0,107,false
"diabetes",9,7,antihorn,8140,1033,0,0,0,107,false
"diabetes",9,7,square2cnf,9703,15841,0,0,0,107,false
"diabetes",9,7,affine,7883,7010,0,0,0,107,false
"diabetes",9,7,smart_certified,32558,20665,0,0,0,115,false
"diabetes",9,7,cals,40339,231916,51,51,0,89,false
"diabetes",9,7,cals_compact_explain,36999,150743,60,53,0,93,false
"forest-fires-un",0,5,unary,3267,848,0,0,0,11,false
"forest-fires-un",0,5,horn,6553,1762,0,0,0,11,false
"forest-fires-un",0,5,antihorn,6855,1795,0,0,0,13,false
"forest-fires-un",0,5,square2cnf,7511,3766,0,0,0,15,false
"forest-fires-un",0,5,affine,5119,1829,0,0,0,13,false
"forest-fires-un",0,5,smart_certified,31750,4610,0,0,0,11,false
"forest-fires-un",0,5,cals,65864,24519,13,15,0,15,false
"forest-fires-un",0,5,cals_compact_explain,48717,15076,15,13,0,15,false
"forest-fires-un",0,7,unary,5143,848,0,0,0,19,false
"forest-fires-un",0,7,horn,10310,1825,0,0,0,19,false
"forest-fires-un",0,7,antihorn,10730,1864,0,0,0,21,false
"forest-fires-un",0,7,square2cnf,11441,4946,0,0,0,23,false
"forest-fires-un",0,7,affine,9169,2411,0,0,0,21,false
"forest-fires-un",0,7,smart_certified,47923,6198,0,0,0,19,false
"forest-fires-un",0,7,cals,73702,26169,15,17,0,19,false
"forest-fires-un",0,7,cals_compact_explain,55523,16736,17,15,0,19,false
"forest-fires-un",1,5,unary,3790,850,0,0,0,17,false
"forest-fires-un",1,5,horn,7584,1832,0,0,0,17,false
"forest-fires-un",1,5,antihorn,7470,1842,0,0,0,17,false
"forest-fires-un",1,5,square2cnf,7677,4105,0,0,0,17,false
"forest-fires-un",1,5,affine,6989,2275,0,0,0,17,false
"forest-fires-un",1,5,smart_certified,35592,5851,0,0,0,17,false
"forest-fires-un",1,5,cals,95864,16465,9,21,0,17,false
"forest-fires-un",1,5,cals_compact_explain,70521,9922,8,17,0,17,false
"forest-fires-un",1,7,unary,5704,850,0,0,0,25,false
"forest-fires-un",1,7,horn,11430,1878,0,0,0,25,false
"forest-fires-un",1,7,antihorn,10589,1913,0,0,0,25,false
"forest-fires-un",1,7,square2cnf,10892,5304,0,0,0,25,false
"forest-fires-un",1,7,affine,9109,2471,0,0,0,21,false
"forest-fires-un",1,7,smart_certified,48681,6584,0,0,0,21,false
"forest-fires-un",1,7,cals,108078,16531,14,26,0,27,false
"forest-fires-un",1,7,cals_compact_explain,82183,10183,13,22,0,27,false
"forest-fires-un",2,5,unary,3566,865,0,0,0,13,false
"forest-fires-un",2,5,horn,8086,1862,0,0,0,21,false
"forest-fires-un",2,5,antihorn,6880,1868,0,0,0,17,false
"forest-fires-un",2,5,square2cnf,7075,3810,0,0,0,15,false
"forest-fires-un",2,5,affine,7053,2211,0,0,0,17,false
"forest-fires-un",2,5,smart_certified,34813,5270,0,0,0,13,false
"forest-fires-un",2,5,cals,61780,24270,14,14,0,15,false
"forest-fires-un",2,5,cals_compact_explain,50598,13727,15,13,0,15,false
"forest-fires-un",2,7,unary,5682,865,0,0,0,27,false
"forest-fires-un",2,7,horn,12088,1958,0,0,0,33,false
"forest-fires-un",2,7,antihorn,10268,1940,0,0,0,25,false
"forest-fires-un",2,7,square2cnf,10674,5300,0,0,0,25,false
"forest-fires-un",2,7,affine,12039,3015,0,0,0,27,false
"forest-fires-un",2,7,smart_certified,52809,7339,0,0,0,27,false
"forest-fires-un",2,7,cals,69133,26435,16,16,0,19,false
"forest-fires-un",2,7,cals_compact_explain,57528,15281,17,15,0,19,false
"forest-fires-un",3,5,unary,3605,874,0,0,0,17,false
"forest-fires-un",3,5,horn,7219,1871,0,0,0,17,false
"forest-fires-un",3,5,antihorn,8599,1940,0,0,0,23,false
"forest-fires-un",3,5,square2cnf,8877,5028,0,0,0,23,false
"forest-fires-un",3,5,affine,5059,1889,0,0,0,13,false
"forest-fires-un",3,5,smart_certified,36204,5661,0,0,0,17,false
"forest-fires-un",3,5,cals,71235,20796,15,17,0,19,false
"forest-fires-un",3,5,cals_compact_explain,47444,13095,14,12,0,15,false
"forest-fires-un",3,7,unary,5570,874,0,0,0,27,false
"forest-fires-un",3,7,horn,11159,1946,0,0,0,27,false
"forest-fires-un",3,7,antihorn,12428,2009,0,0,0,31,false
"forest-fires-un",3,7,square2cnf,12809,6218,0,0,0,31,false
"forest-fires-un",3,7,affine,10163,2575,0,0,0,23,false
"forest-fires-un",3,7,smart_certified,53273,7113,0,0,0,23,false
"forest-fires-un",3,7,cals,80263,25004,18,20,0,25,false
"forest-fires-un",3,7,cals_compact_explain,54506,14563,16,14,0,19,false
"forest-fires-un",4,5,unary,3962,885,0,0,0,21,false
"forest-fires-un",4,5,horn,7420,1917,0,0,0,19,false
"forest-fires-un",4,5,antihorn,8639,1977,0,0,0,25,false
"forest-fires-un",4,5,square2cnf,8296,4750,0,0,0,21,false
"forest-fires-un",4,5,affine,10997,2899,0,0,0,25,false
"forest-fires-un",4,5,smart_certified,39492,6329,0,0,0,21,false
"forest-fires-un",4,5,cals,80504,32785,13,19,0,19,false
"forest-fires-un",4,5,cals_compact_explain,65390,11063,10,17,0,19,false
"forest-fires-un",4,7,unary,6136,885,0,0,0,39,false
"forest-fires-un",4,7,horn,11816,2022,0,0,0,33,false
"forest-fires-un",4,7,antihorn,12261,2058,0,0,0,35,false
"forest-fires-un",4,7,square2cnf,12541,6230,0,0,0,31,false
"forest-fires-un",4,7,affine,14011,3359,0,0,0,31,false
"forest-fires-un",4,7,smart_certified,58264,8423,0,0,0,33,false
"forest-fires-un",4,7,cals,89371,33643,17,23,0,27,false
"forest-fires-un",4,7,cals_compact_explain,74603,11264,14,21,0,27,false
"forest-fires-un",5,5,unary,3455,872,0,0,0,13,false
"forest-fires-un",5,5,horn,6919,1837,0,0,0,13,false
"forest-fires-un",5,5,antihorn,7472,1882,0,0,0,17,false
"forest-fires-un",5,5,square2cnf,7678,4124,0,0,0,17,false
"forest-fires-un",5,5,affine,5083,1865,0,0,0,13,false
"forest-fires-un",5,5,smart_certified,34038,5317,0,0,0,13,false
"forest-fires-un",5,5,cals,81088,21568,8,16,0,11,false
"forest-fires-un",5,5,cals_compact_explain,64442,10348,6,13,0,11,false
"forest-fires-un",5,7,unary,5102,872,0,0,0,17,false
"forest-fires-un",5,7,horn,10220,1864,0,0,0,17,false
"forest-fires-un",5,7,antihorn,11049,1951,0,0,0,25,false
"forest-fires-un",5,7,square2cnf,11358,5314,0,0,0,25,false
"forest-fires-un",5,7,affine,7173,2091,0,0,0,17,false
"forest-fires-un",5,7,smart_certified,47831,6075,0,0,0,17,false
"forest-fires-un",5,7,cals,90612,21103,10,18,0,15,false
"forest-fires-un",5,7,cals_compact_explain,73710,10507,9,16,0,17,false
"forest-fires-un",6,5,unary,3524,896,0,0,0,13,false
"forest-fires-un",6,5,horn,7208,1870,0,0,0,13,false
"forest-fires-un",6,5,antihorn,7279,1912,0,0,0,15,false
"forest-fires-un",6,5,square2cnf,7461,3872,0,0,0,15,false
"forest-fires-un",6,5,affine,7213,2051,0,0,0,17,false
"forest-fires-un",6,5,smart_certified,34815,5191,0,0,0,13,false
"forest-fires-un",6,5,cals,84428,23182,10,20,0,17,false
"forest-fires-un",6,5,cals_compact_explain,64079,7853,9,16,0,17,false
"forest-fires-un",6,7,unary,5627,896,0,0,0,23,false
"forest-fires-un",6,7,horn,11086,1930,0,0,0,21,false
"forest-fires-un",6,7,antihorn,11037,1984,0,0,0,23,false
"forest-fires-un",6,7,square2cnf,11315,5072,0,0,0,23,false
"forest-fires-un",6,7,affine,12249,2805,0,0,0,27,false
"forest-fires-un",6,7,smart_certified,53762,7243,0,0,0,23,false
"forest-fires-un",6,7,cals,95748,24033,16,26,0,29,false
"forest-fires-un",6,7,cals_compact_explain,75416,8219,15,22,0,29,false
"forest-fires-un",7,5,unary,3483,903,0,0,0,11,false
"forest-fires-un",7,5,horn,6988,1869,0,0,0,11,false
"forest-fires-un",7,5,antihorn,7785,1941,0,0,0,17,false
"forest-fires-un",7,5,square2cnf,7998,4176,0,0,0,17,false
"forest-fires-un",7,5,affine,7069,2195,0,0,0,17,false
"forest-fires-un",7,5,smart_certified,33566,4691,0,0,0,11,false
"forest-fires-un",7,5,cals,88279,22050,8,18,0,13,false
"forest-fires-un",7,5,cals_compact_explain,65825,7691,7,14,0,13,false
"forest-fires-un",7,7,unary,5449,903,0,0,0,21,false
"forest-fires-un",7,7,horn,10588,1923,0,0,0,19,false
"forest-fires-un",7,7,antihorn,12003,2064,0,0,0,31,false
"forest-fires-un",7,7,square2cnf,12391,6266,0,0,0,31,false
"forest-fires-un",7,7,affine,14066,3303,0,0,0,29,false
"forest-fires-un",7,7,smart_certified,51109,6527,0,0,0,19,false
"forest-fires-un",7,7,cals,98204,23119,13,23,0,23,false
"forest-fires-un",7,7,cals_compact_explain,76136,8000,12,19,0,23,false
"forest-fires-un",8,5,unary,3768,870,0,0,0,17,false
"forest-fires-un",8,5,horn,7669,1863,0,0,0,17,false
"forest-fires-un",8,5,antihorn,7961,1917,0,0,0,21,false
"forest-fires-un",8,5,square2cnf,8609,4677,0,0,0,21,false
"forest-fires-un",8,5,affine,6069,2037,0,0,0,15,false
"forest-fires-un",8,5,smart_certified,36999,6125,0,0,0,17,false
"forest-fires-un",8,5,cals,97725,16632,7,19,0,13,false
"forest-fires-un",8,5,cals_compact_explain,77708,10339,6,15,0,13,false
"forest-fires-un",8,7,unary,5936,870,0,0,0,33,false
"forest-fires-un",8,7,horn,12060,1991,0,0,0,33,false
"forest-fires-un",8,7,antihorn,11917,2019,0,0,0,33,false
"forest-fires-un",8,7,square2cnf,12897,6672,0,0,0,35,false
"forest-fires-un",8,7,affine,11107,2789,0,0,0,25,false
"forest-fires-un",8,7,smart_certified,54891,8053,0,0,0,29,false
"forest-fires-un",8,7,cals,107822,16664,11,23,0,21,false
"forest-fires-un",8,7,cals_compact_explain,87327,10546,10,19,0,21,false
"forest-fires-un",9,5,unary,3456,886,0,0,0,11,false
"forest-fires-un",9,5,horn,6928,1841,0,0,0,11,false
"forest-fires-un",9,5,antihorn,6823,1850,0,0,0,11,false
"forest-fires-un",9,5,square2cnf,7019,3184,0,0,0,11,false
"forest-fires-un",9,5,affine,4037,1753,0,0,0,11,false
"forest-fires-un",9,5,smart_certified,33094,4855,0,0,0,11,false
"forest-fires-un",9,5,cals,86249,17775,9,19,0,15,false
"forest-fires-un",9,5,cals_compact_explain,66135,11239,8,15,0,15,false
"forest-fires-un",9,7,unary,5152,886,0,0,0,15,false
"forest-fires-un",9,7,horn,10327,1868,0,0,0,15,false
"forest-fires-un",9,7,antihorn,10274,1904,0,0,0,17,false
"forest-fires-un",9,7,square2cnf,10542,4084,0,0,0,17,false
"forest-fires-un",9,7,affine,7087,2177,0,0,0,17,false
"forest-fires-un",9,7,smart_certified,47138,5705,0,0,0,15,false
"forest-fires-un",9,7,cals,98101,17480,14,24,0,25,false
"forest-fires-un",9,7,cals_compact_explain,77116,11473,13,20,0,25,false
"german-credit",0,5,unary,1996,110,0,0,0,45,false
"german-credit",0,5,horn,4068,603,0,0,0,45,false
"german-credit",0,5,antihorn,4607,651,0,0,0,51,false
"german-credit",0,5,square2cnf,5381,8074,0,0,0,53,false
"german-credit",0,5,affine,3501,4032,0,0,0,55,false
"german-credit",0,5,smart_certified,15481,8434,0,0,0,45,false
"german-credit",0,5,cals,43450,201223,26,34,0,47,false
"german-credit",0,5,cals_compact_explain,26110,108394,41,31,0,49,false
"german-credit",0,7,unary,3805,110,0,0,0,91,false
"german-credit",0,7,horn,7939,983,0,0,0,93,false
"german-credit",0,7,antihorn,8755,1074,0,0,0,105,false
"german-credit",0,7,square2cnf,10539,16278,0,0,0,109,false
"german-credit",0,7,affine,7464,7602,0,0,0,109,false
"german-credit",0,7,smart_certified,27332,15468,0,0,0,87,false
"german-credit",0,7,cals,60565,366029,52,60,0,99,false
"german-credit",0,7,cals_compact_explain,39381,198421,66,56,0,99,false
"german-credit",1,5,unary,2301,110,0,0,0,53,false
"german-credit",1,5,horn,4183,641,0,0,0,49,false
"german-credit",1,5,antihorn,4801,680,0,0,0,55,false
"german-credit",1,5,square2cnf,5520,8070,0,0,0,53,false
"german-credit",1,5,affine,3043,3932,0,0,0,51,false
"german-credit",1,5,smart_certified,20514,12852,0,0,0,53,false
"german-credit",1,5,cals,25248,170785,39,28,0,47,false
"german-credit",1,5,cals_compact_explain,20947,96146,43,27,0,47,false
"german-credit",1,7,unary,4729,110,0,0,0,123,false
"german-credit",1,7,horn,7660,976,0,0,0,91,false
"german-credit",1,7,antihorn,9310,1148,0,0,0,113,false
"german-credit",1,7,square2cnf,11372,17536,0,0,0,117,false
"german-credit",1,7,affine,7909,8552,0,0,0,119,false
"german-credit",1,7,smart_certified,36644,22286,0,0,0,109,false
"german-credit",1,7,cals,36642,272033,55,44,0,79,false
"german-credit",1,7,cals_compact_explain,30232,153487,59,43,0,79,false
"german-credit",2,5,unary,2481,110,0,0,0,59,false
"german-credit",2,5,horn,4015,596,0,0,0,45,false
"german-credit",2,5,antihorn,4524,652,0,0,0,51,false
"german-credit",2,5,square2cnf,5301,7690,0,0,0,51,false
"german-credit",2,5,affine,3382,4430,0,0,0,57,false
"german-credit",2,5,smart_certified,20219,12786,0,0,0,59,false
"german-credit",2,5,cals,24498,17074,29,35,0,51,false
"german-credit",2,5,cals_compact_explain,19450,5670,36,31,0,47,false
"german-credit",2,7,unary,4473,110,0,0,0,113,false
"german-credit",2,7,horn,7537,939,0,0,0,87,false
"german-credit",2,7,antihorn,8847,1119,0,0,0,107,false
"german-credit",2,7,square2cnf,10483,15956,0,0,0,107,false
"german-credit",2,7,affine,7667,8236,0,0,0,115,false
"german-credit",2,7,smart_certified,32768,20436,0,0,0,101,false
"german-credit",2,7,cals,35679,18319,49,55,0,91,false
"german-credit",2,7,cals_compact_explain,30473,6945,60,55,0,95,false
"german-credit",3,5,unary,2119,110,0,0,0,49,false
"german-credit",3,5,horn,4312,640,0,0,0,49,false
"german-credit",3,5,antihorn,4291,643,0,0,0,49,false
"german-credit",3,5,square2cnf,5564,8475,0,0,0,55,false
"german-credit",3,5,affine,3221,3196,0,0,0,47,false
"german-credit",3,5,smart_certified,15927,9844,0,0,0,45,false
"german-credit",3,5,cals,28742,31427,28,36,0,51,false
"german-credit",3,5,cals_compact_explain,23913,9446,31,37,0,49,false
"german-credit",3,7,unary,4222,110,0,0,0,107,false
"german-credit",3,7,horn,8497,1112,0,0,0,107,false
"german-credit",3,7,antihorn,9034,1145,0,0,0,113,false
"german-credit",3,7,square2cnf,10022,14933,0,0,0,99,false
"german-credit",3,7,affine,7569,7218,0,0,0,107,false
"german-credit",3,7,smart_certified,27618,15619,0,0,0,91,false
"german-credit",3,7,cals,41084,32934,50,58,0,95,false
"german-credit",3,7,cals_compact_explain,34022,10560,57,58,0,95,false
"german-credit",4,5,unary,2310,110,0,0,0,53,false
"german-credit",4,5,horn,4326,632,0,0,0,49,false
"german-credit",4,5,antihorn,4189,623,0,0,0,47,false
"german-credit",4,5,square2cnf,6332,9262,0,0,0,61,false
"german-credit",4,5,affine,2453,2848,0,0,0,39,false
"german-credit",4,5,smart_certified,19105,11508,0,0,0,53,false
"german-credit",4,5,cals,37110,180021,26,32,0,45,false
"german-credit",4,5,cals_compact_explain,21223,9374,29,34,0,49,false
"german-credit",4,7,unary,4727,110,0,0,0,121,false
"german-credit",4,7,horn,8407,1078,0,0,0,103,false
"german-credit",4,7,antihorn,9025,1188,0,0,0,115,false
"german-credit",4,7,square2cnf,10961,16616,0,0,0,111,false
"german-credit",4,7,affine,4834,5210,0,0,0,73,false
"german-credit",4,7,smart_certified,34346,21098,0,0,0,113,false
"german-credit",4,7,cals,51108,291914,44,50,0,81,false
"german-credit",4,7,cals_compact_explain,29991,10307,53,52,0,91,false
"german-credit",5,5,unary,2201,110,0,0,0,51,false
"german-credit",5,5,horn,4896,697,0,0,0,57,false
"german-credit",5,5,antihorn,4428,664,0,0,0,51,false
"german-credit",5,5,square2cnf,4946,7406,0,0,0,49,false
"german-credit",5,5,affine,3221,3754,0,0,0,51,false
"german-credit",5,5,smart_certified,17529,10670,0,0,0,47,false
"german-credit",5,5,cals,40535,176243,21,31,0,39,false
"german-credit",5,5,cals_compact_explain,24380,109914,27,31,0,41,false
"german-credit",5,7,unary,4389,110,0,0,0,115,false
"german-credit",5,7,horn,9422,1184,0,0,0,117,false
"german-credit",5,7,antihorn,8801,1117,0,0,0,107,false
"german-credit",5,7,square2cnf,9510,14817,0,0,0,99,false
"german-credit",5,7,affine,7566,8058,0,0,0,113,false
"german-credit",5,7,smart_certified,31994,20158,0,0,0,101,false
"german-credit",5,7,cals,50722,264866,35,45,0,67,false
"german-credit",5,7,cals_compact_explain,38162,184843,34,52,0,65,false
"german-credit",6,5,unary,2178,110,0,0,0,51,false
"german-credit",6,5,horn,3407,530,0,0,0,39,false
"german-credit",6,5,antihorn,3372,535,0,0,0,39,false
"german-credit",6,5,square2cnf,4320,6515,0,0,0,43,false
"german-credit",6,5,affine,3367,4166,0,0,0,55,false
"german-credit",6,5,smart_certified,18027,10391,0,0,0,53,false
"german-credit",6,5,cals,47944,167732,27,31,0,45,false
"german-credit",6,5,cals_compact_explain,25763,112264,29,33,0,39,false
"german-credit",6,7,unary,4083,110,0,0,0,103,false
"german-credit",6,7,horn,6315,803,0,0,0,73,false
"german-credit",6,7,antihorn,6447,821,0,0,0,75,false
"german-credit",6,7,square2cnf,8478,13049,0,0,0,87,false
"german-credit",6,7,affine,8036,8704,0,0,0,121,false
"german-credit",6,7,smart_certified,29763,17555,0,0,0,91,false
"german-credit",6,7,cals,63448,306025,49,53,0,89,false
"german-credit",6,7,cals_compact_explain,33478,158238,53,46,0,73,false
"german-credit",7,5,unary,2022,110,0,0,0,45,false
"german-credit",7,5,horn,4554,667,0,0,0,53,false
"german-credit",7,5,antihorn,4829,688,0,0,0,55,false
"german-credit",7,5,square2cnf,5485,8266,0,0,0,55,false
"german-credit",7,5,affine,3191,3784,0,0,0,51,false
"german-credit",7,5,smart_certified,15795,9593,0,0,0,47,false
"german-credit",7,5,cals,33587,31228,24,34,0,45,false
"german-credit",7,5,cals_compact_explain,25559,21934,25,39,0,45,false
"german-credit",7,7,unary,4140,110,0,0,0,101,false
"german-credit",7,7,horn,8367,1063,0,0,0,105,false
"german-credit",7,7,antihorn,9305,1173,0,0,0,117,false
"german-credit",7,7,square2cnf,8492,13376,0,0,0,89,false
"german-credit",7,7,affine,7536,8088,0,0,0,113,false
"german-credit",7,7,smart_certified,27758,16886,0,0,0,91,false
"german-credit",7,7,cals,44192,32662,44,54,0,85,false
"german-credit",7,7,cals_compact_explain,32209,22787,49,54,0,89,false
"german-credit",8,5,unary,2147,110,0,0,0,51,false
"german-credit",8,5,horn,4209,657,0,0,0,51,false
"german-credit",8,5,antihorn,4994,695,0,0,0,55,false
"german-credit",8,5,square2cnf,4697,6797,0,0,0,45,false
"german-credit",8,5,affine,3373,3602,0,0,0,51,false
"german-credit",8,5,smart_certified,16572,10358,0,0,0,47,false
"german-credit",8,5,cals,36783,216489,25,35,0,47,false
"german-credit",8,5,cals_compact_explain,24312,109884,38,31,0,49,false
"german-credit",8,7,unary,4121,110,0,0,0,105,false
"german-credit",8,7,horn,6921,961,0,0,0,87,false
"german-credit",8,7,antihorn,9600,1199,0,0,0,115,false
"german-credit",8,7,square2cnf,10074,14804,0,0,0,101,false
"german-credit",8,7,affine,8183,8278,0,0,0,119,false
"german-credit",8,7,smart_certified,29604,18194,0,0,0,93,false
"german-credit",8,7,cals,50786,335734,44,54,0,85,false
"german-credit",8,7,cals_compact_explain,35303,181654,58,51,0,89,false
"german-credit",9,5,unary,2183,110,0,0,0,51,false
"german-credit",9,5,horn,4628,651,0,0,0,53,false
"german-credit",9,5,antihorn,3790,573,0,0,0,41,false
"german-credit",9,5,square2cnf,4793,7182,0,0,0,47,false
"german-credit",9,5,affine,3205,3770,0,0,0,51,false
"german-credit",9,5,smart_certified,17539,10614,0,0,0,49,false
"german-credit",9,5,cals,35816,159511,19,27,0,33,false
"german-credit",9,5,cals_compact_explain,27285,94070,35,28,0,43,false
"german-credit",9,7,unary,4313,110,0,0,0,113,false
"german-credit",9,7,horn,9091,1124,0,0,0,111,false
"german-credit",9,7,antihorn,8393,1032,0,0,0,99,false
"german-credit",9,7,square2cnf,9534,14915,0,0,0,99,false
"german-credit",9,7,affine,7485,7302,0,0,0,107,false
"german-credit",9,7,smart_certified,29706,17058,0,0,0,101,false
"german-credit",9,7,cals,50096,272609,37,45,0,69,false
"german-credit",9,7,cals_compact_explain,38303,166241,55,48,0,83,false
"heart-cleveland",0,5,unary,1726,95,0,0,0,49,false
"heart-cleveland",0,5,horn,2301,446,0,0,0,33,false
"heart-cleveland",0,5,antihorn,2299,448,0,0,0,33,false
"heart-cleveland",0,5,square2cnf,2939,4954,0,0,0,33,false
"heart-cleveland",0,5,affine,2011,3005,0,0,0,39,false
"heart-cleveland",0,5,smart_certified,5762,1848,0,0,0,37,false
"heart-cleveland",0,5,cals,29621,128031,16,22,0,25,false
"heart-cleveland",0,5,cals_compact_explain,13785,45865,20,14,0,23,false
"heart-cleveland",0,7,unary,2221,95,0,0,0,71,false
"heart-cleveland",0,7,horn,3284,571,0,0,0,49,false
"heart-cleveland",0,7,antihorn,3282,573,0,0,0,49,false
"heart-cleveland",0,7,square2cnf,3549,6126,0,0,0,41,false
"heart-cleveland",0,7,affine,3221,4171,0,0,0,57,false
"heart-cleveland",0,7,smart_certified,7048,1984,0,0,0,55,false
"heart-cleveland",0,7,cals,30188,134356,17,23,0,27,false
"heart-cleveland",0,7,cals_compact_explain,14183,49397,21,15,0,25,false
"heart-cleveland",1,5,unary,1531,95,0,0,0,41,false
"heart-cleveland",1,5,horn,2180,428,0,0,0,29,false
"heart-cleveland",1,5,antihorn,2181,427,0,0,0,29,false
"heart-cleveland",1,5,square2cnf,2989,5335,0,0,0,35,false
"heart-cleveland",1,5,affine,2153,2863,0,0,0,39,false
"heart-cleveland",1,5,smart_certified,9842,5856,0,0,0,41,false
"heart-cleveland",1,5,cals,26009,150936,19,25,0,31,false
"heart-cleveland",1,5,cals_compact_explain,14018,74184,32,21,0,33,false
"heart-cleveland",1,7,unary,2192,95,0,0,0,67,false
"heart-cleveland",1,7,horn,3225,578,0,0,0,47,false
"heart-cleveland",1,7,antihorn,3204,577,0,0,0,47,false
"heart-cleveland",1,7,square2cnf,4384,7683,0,0,0,53,false
"heart-cleveland",1,7,affine,3409,4247,0,0,0,59,false
"heart-cleveland",1,7,smart_certified,11254,6155,0,0,0,61,false
"heart-cleveland",1,7,cals,27219,163608,21,27,0,35,false
"heart-cleveland",1,7,cals_compact_explain,15550,88558,36,25,0,41,false
"heart-cleveland",2,5,unary,1489,95,0,0,0,39,false
"heart-cleveland",2,5,horn,2320,450,0,0,0,31,false
"heart-cleveland",2,5,antihorn,2308,431,0,0,0,31,false
"heart-cleveland",2,5,square2cnf,2779,5042,0,0,0,33,false
"heart-cleveland",2,5,affine,2469,2811,0,0,0,41,false
"heart-cleveland",2,5,smart_certified,9403,5152,0,0,0,41,false
"heart-cleveland",2,5,cals,17244,147948,21,23,0,31,false
"heart-cleveland",2,5,cals_compact_explain,12087,72331,26,20,0,29,false
"heart-cleveland",2,7,unary,2220,95,0,0,0,63,false
"heart-cleveland",2,7,horn,3574,597,0,0,0,49,false
"heart-cleveland",2,7,antihorn,3442,555,0,0,0,47,false
"heart-cleveland",2,7,square2cnf,3696,7096,0,0,0,47,false
"heart-cleveland",2,7,affine,3775,3881,0,0,0,59,false
"heart-cleveland",2,7,smart_certified,11189,5303,0,0,0,63,false
"heart-cleveland",2,7,cals,18721,166843,24,26,0,37,false
"heart-cleveland",2,7,cals_compact_explain,14774,93848,32,26,0,41,false
"heart-cleveland",3,5,unary,1623,95,0,0,0,43,false
"heart-cleveland",3,5,horn,2118,452,0,0,0,31,false
"heart-cleveland",3,5,antihorn,2119,451,0,0,0,31,false
"heart-cleveland",3,5,square2cnf,2653,4640,0,0,0,31,false
"heart-cleveland",3,5,affine,2751,3057,0,0,0,45,false
"heart-cleveland",3,5,smart_certified,7547,4355,0,0,0,33,false
"heart-cleveland",3,5,cals,30679,133639,17,23,0,27,false
"heart-cleveland",3,5,cals_compact_explain,22721,83123,19,25,0,27,false
"heart-cleveland",3,7,unary,2228,95,0,0,0,65,false
"heart-cleveland",3,7,horn,2708,518,0,0,0,39,false
"heart-cleveland",3,7,antihorn,2709,517,0,0,0,39,false
"heart-cleveland",3,7,square2cnf,3701,6749,0,0,0,45,false
"heart-cleveland",3,7,affine,3719,4201,0,0,0,61,false
"heart-cleveland",3,7,smart_certified,9662,4958,0,0,0,51,false
"heart-cleveland",3,7,cals,31642,139541,18,24,0,29,false
"heart-cleveland",3,7,cals_compact_explain,23270,86714,20,26,0,29,false
"heart-cleveland",4,5,unary,1527,95,0,0,0,41,false
"heart-cleveland",4,5,horn,1813,390,0,0,0,25,false
"heart-cleveland",4,5,antihorn,1761,373,0,0,0,23,false
"heart-cleveland",4,5,square2cnf,2051,3470,0,0,0,23,false
"heart-cleveland",4,5,affine,2349,3195,0,0,0,43,false
"heart-cleveland",4,5,smart_certified,10324,6903,0,0,0,39,false
"heart-cleveland",4,5,cals,22742,141004,17,23,0,27,false
"heart-cleveland",4,5,cals_compact_explain,19585,77651,19,23,0,25,false
"heart-cleveland",4,7,unary,2152,95,0,0,0,63,false
"heart-cleveland",4,7,horn,3027,515,0,0,0,43,false
"heart-cleveland",4,7,antihorn,3014,523,0,0,0,41,false
"heart-cleveland",4,7,square2cnf,3523,6149,0,0,0,41,false
"heart-cleveland",4,7,affine,3367,4289,0,0,0,59,false
"heart-cleveland",4,7,smart_certified,11607,8001,0,0,0,55,false
"heart-cleveland",4,7,cals,24205,153371,19,25,0,31,false
"heart-cleveland",4,7,cals_compact_explain,21827,91911,23,27,0,33,false
"heart-cleveland",5,5,unary,1366,95,0,0,0,37,false
"heart-cleveland",5,5,horn,2658,494,0,0,0,37,false
"heart-cleveland",5,5,antihorn,2656,496,0,0,0,37,false
"heart-cleveland",5,5,square2cnf,2913,5262,0,0,0,35,false
"heart-cleveland",5,5,affine,2141,2875,0,0,0,39,false
"heart-cleveland",5,5,smart_certified,7491,4435,0,0,0,35,false
"heart-cleveland",5,5,cals,22035,129366,13,21,0,21,false
"heart-cleveland",5,5,cals_compact_explain,13352,59514,23,17,0,23,false
"heart-cleveland",5,7,unary,1788,95,0,0,0,51,false
"heart-cleveland",5,7,horn,3598,623,0,0,0,55,false
"heart-cleveland",5,7,antihorn,3596,625,0,0,0,55,false
"heart-cleveland",5,7,square2cnf,3710,6732,0,0,0,45,false
"heart-cleveland",5,7,affine,3479,3913,0,0,0,57,false
"heart-cleveland",5,7,smart_certified,8874,5142,0,0,0,47,false
"heart-cleveland",5,7,cals,24142,154709,17,25,0,29,false
"heart-cleveland",5,7,cals_compact_explain,15613,77413,28,22,0,33,false
"heart-cleveland",6,5,unary,1418,95,0,0,0,39,false
"heart-cleveland",6,5,horn,2513,476,0,0,0,35,false
"heart-cleveland",6,5,antihorn,2514,475,0,0,0,35,false
"heart-cleveland",6,5,square2cnf,2967,5224,0,0,0,35,false
"heart-cleveland",6,5,affine,1977,3039,0,0,0,39,false
"heart-cleveland",6,5,smart_certified,8965,5886,0,0,0,35,false
"heart-cleveland",6,5,cals,16185,22475,18,26,0,31,false
"heart-cleveland",6,5,cals_compact_explain,14321,83987,24,25,0,33,false
"heart-cleveland",6,7,unary,2030,95,0,0,0,61,false
"heart-cleveland",6,7,horn,3285,596,0,0,0,51,false
"heart-cleveland",6,7,antihorn,3285,596,0,0,0,51,false
"heart-cleveland",6,7,square2cnf,3982,7549,0,0,0,51,false
"heart-cleveland",6,7,affine,2953,3911,0,0,0,53,false
"heart-cleveland",6,7,smart_certified,10498,6332,0,0,0,53,false
"heart-cleveland",6,7,cals,18192,22807,23,31,0,41,false
"heart-cleveland",6,7,cals_compact_explain,15269,91185,34,27,0,41,false
"heart-cleveland",7,5,unary,1471,95,0,0,0,41,false
"heart-cleveland",7,5,horn,2238,468,0,0,0,33,false
"heart-cleveland",7,5,antihorn,2532,488,0,0,0,37,false
"heart-cleveland",7,5,square2cnf,2875,5244,0,0,0,35,false
"heart-cleveland",7,5,affine,2299,2981,0,0,0,41,false
"heart-cleveland",7,5,smart_certified,6089,2116,0,0,0,43,false
"heart-cleveland",7,5,cals,22991,133518,18,22,0,27,false
"heart-cleveland",7,5,cals_compact_explain,14349,78866,17,22,0,23,false
"heart-cleveland",7,7,unary,2003,95,0,0,0,63,false
"heart-cleveland",7,7,horn,2799,531,0,0,0,41,false
"heart-cleveland",7,7,antihorn,3252,599,0,0,0,51,false
"heart-cleveland",7,7,square2cnf,3838,7298,0,0,0,49,false
"heart-cleveland",7,7,affine,3707,4213,0,0,0,61,false
"heart-cleveland",7,7,smart_certified,7375,2233,0,0,0,59,false
"heart-cleveland",7,7,cals,23697,139832,19,23,0,29,false
"heart-cleveland",7,7,cals_compact_explain,11318,61172,33,17,0,27,false
"heart-cleveland",8,5,unary,1467,95,0,0,0,41,false
"heart-cleveland",8,5,horn,2497,484,0,0,0,35,false
"heart-cleveland",8,5,antihorn,2497,484,0,0,0,35,false
"heart-cleveland",8,5,square2cnf,3295,5804,0,0,0,39,false
"heart-cleveland",8,5,affine,2611,2933,0,0,0,43,false
"heart-cleveland",8,5,smart_certified,9340,5713,0,0,0,41,false
"heart-cleveland",8,5,cals,23997,125949,28,21,0,29,false
"heart-cleveland",8,5,cals_compact_explain,14081,76494,30,23,0,33,false
"heart-cleveland",8,7,unary,1949,95,0,0,0,59,false
"heart-cleveland",8,7,horn,3343,590,0,0,0,51,false
"heart-cleveland",8,7,antihorn,3344,589,0,0,0,51,false
"heart-cleveland",8,7,square2cnf,4452,8418,0,0,0,57,false
"heart-cleveland",8,7,affine,4023,4161,0,0,0,63,false
"heart-cleveland",8,7,smart_certified,12469,8090,0,0,0,57,false
"heart-cleveland",8,7,cals,24075,125871,28,21,0,29,false
"heart-cleveland",8,7,cals_compact_explain,14081,76494,30,23,0,33,false
"heart-cleveland",9,5,unary,1397,95,0,0,0,37,false
"heart-cleveland",9,5,horn,2454,475,0,0,0,35,false
"heart-cleveland",9,5,antihorn,2456,473,0,0,0,35,false
"heart-cleveland",9,5,square2cnf,3368,5825,0,0,0,39,false
"heart-cleveland",9,5,affine,2479,2537,0,0,0,39,false
"heart-cleveland",9,5,smart_certified,11276,7646,0,0,0,37,false
"heart-cleveland",9,5,cals,27991,141759,16,24,0,27,false
"heart-cleveland",9,5,cals_compact_explain,9580,57730,25,16,0,27,false
"heart-cleveland",9,7,unary,2160,95,0,0,0,63,false
"heart-cleveland",9,7,horn,3272,580,0,0,0,49,false
"heart-cleveland",9,7,antihorn,3272,580,0,0,0,49,false
"heart-cleveland",9,7,square2cnf,4080,7304,0,0,0,49,false
"heart-cleveland",9,7,affine,3751,3905,0,0,0,59,false
"heart-cleveland",9,7,smart_certified,13458,9268,0,0,0,51,false
"heart-cleveland",9,7,cals,29186,154486,18,26,0,31,false
"heart-cleveland",9,7,cals_compact_explain,10271,64931,29,18,0,33,false
"hepatitis",0,5,unary,619,68,0,0,0,31,false
"hepatitis",0,5,horn,926,323,0,0,0,23,false
"hepatitis",0,5,antihorn,926,323,0,0,0,23,false
"hepatitis",0,5,square2cnf,1211,3404,0,0,0,23,false
"hepatitis",0,5,affine,1299,2256,0,0,0,31,false
"hepatitis",0,5,smart_certified,2073,921,0,0,0,29,false
"hepatitis",0,5,cals,8103,21777,16,18,0,21,false
"hepatitis",0,5,cals_compact_explain,6880,16430,17,18,0,21,false
"hepatitis",0,7,unary,685,68,0,0,0,35,false
"hepatitis",0,7,horn,926,323,0,0,0,23,false
"hepatitis",0,7,antihorn,926,323,0,0,0,23,false
"hepatitis",0,7,square2cnf,1211,3404,0,0,0,23,false
"hepatitis",0,7,affine,1533,2496,0,0,0,35,false
"hepatitis",0,7,smart_certified,2194,939,0,0,0,31,false
"hepatitis",0,7,cals,8099,21781,16,18,0,21,false
"hepatitis",0,7,cals_compact_explain,6880,16430,17,18,0,21,false
"hepatitis",1,5,unary,617,68,0,0,0,27,false
"hepatitis",1,5,horn,1125,326,0,0,0,27,false
"hepatitis",1,5,antihorn,1126,325,0,0,0,27,false
"hepatitis",1,5,square2cnf,1891,3538,0,0,0,27,false
"hepatitis",1,5,affine,1075,1532,0,0,0,23,false
"hepatitis",1,5,smart_certified,3658,3679,0,0,0,27,false
"hepatitis",1,5,cals,23220,82476,13,15,0,15,false
"hepatitis",1,5,cals_compact_explain,10738,43922,16,13,0,15,false
"hepatitis",1,7,unary,654,68,0,0,0,29,false
"hepatitis",1,7,horn,1125,326,0,0,0,27,false
"hepatitis",1,7,antihorn,1126,325,0,0,0,27,false
"hepatitis",1,7,square2cnf,1891,3538,0,0,0,27,false
"hepatitis",1,7,affine,1075,1532,0,0,0,23,false
"hepatitis",1,7,smart_certified,3815,3775,0,0,0,29,false
"hepatitis",1,7,cals,23686,88602,14,16,0,17,false
"hepatitis",1,7,cals_compact_explain,10807,47637,17,14,0,17,false
"hepatitis",2,5,unary,629,68,0,0,0,31,false
"hepatitis",2,5,horn,932,298,0,0,0,21,false
"hepatitis",2,5,antihorn,929,301,0,0,0,21,false
"hepatitis",2,5,square2cnf,1199,3091,0,0,0,21,false
"hepatitis",2,5,affine,1089,1992,0,0,0,27,false
"hepatitis",2,5,smart_certified,1872,867,0,0,0,23,false
"hepatitis",2,5,cals,8640,77200,14,14,0,15,false
"hepatitis",2,5,cals_compact_explain,6716,39820,20,12,0,15,false
"hepatitis",2,7,unary,693,68,0,0,0,35,false
"hepatitis",2,7,horn,985,316,0,0,0,23,false
"hepatitis",2,7,antihorn,982,319,0,0,0,23,false
"hepatitis",2,7,square2cnf,1276,3391,0,0,0,23,false
"hepatitis",2,7,affine,1089,1992,0,0,0,27,false
"hepatitis",2,7,smart_certified,1951,885,0,0,0,25,false
"hepatitis",2,7,cals,8637,77203,14,14,0,15,false
"hepatitis",2,7,cals_compact_explain,6716,39820,20,12,0,15,false
"hepatitis",3,5,unary,510,68,0,0,0,21,false
"hepatitis",3,5,horn,955,326,0,0,0,23,false
"hepatitis",3,5,antihorn,955,326,0,0,0,23,false
"hepatitis",3,5,square2cnf,1232,3415,0,0,0,23,false
"hepatitis",3,5,affine,1017,1590,0,0,0,23,false
"hepatitis",3,5,smart_certified,4004,3647,0,0,0,21,false
"hepatitis",3,5,cals,8323,76470,16,12,0,15,false
"hepatitis",3,5,cals_compact_explain,3547,26402,16,7,0,15,false
"hepatitis",3,7,unary,637,68,0,0,0,27,false
"hepatitis",3,7,horn,955,326,0,0,0,23,false
"hepatitis",3,7,antihorn,955,326,0,0,0,23,false
"hepatitis",3,7,square2cnf,1232,3415,0,0,0,23,false
"hepatitis",3,7,affine,1108,1736,0,0,0,25,false
"hepatitis",3,7,smart_certified,4004,3647,0,0,0,21,false
"hepatitis",3,7,cals,8342,76451,16,12,0,15,false
"hepatitis",3,7,cals_compact_explain,3547,26402,16,7,0,15,false
"hepatitis",4,5,unary,652,68,0,0,0,29,false
"hepatitis",4,5,horn,955,284,0,0,0,19,false
"hepatitis",4,5,antihorn,956,283,0,0,0,19,false
"hepatitis",4,5,square2cnf,1203,2790,0,0,0,19,false
"hepatitis",4,5,affine,1175,1906,0,0,0,27,false
"hepatitis",4,5,smart_certified,3584,3269,0,0,0,23,false
"hepatitis",4,5,cals,24315,89703,10,18,0,15,false
"hepatitis",4,5,cals_compact_explain,8073,47221,16,15,0,17,false
"hepatitis",4,7,unary,740,68,0,0,0,33,false
"hepatitis",4,7,horn,1328,347,0,0,0,27,false
"hepatitis",4,7,antihorn,1329,346,0,0,0,27,false
"hepatitis",4,7,square2cnf,1693,3960,0,0,0,27,false
"hepatitis",4,7,affine,1407,2148,0,0,0,31,false
"hepatitis",4,7,smart_certified,3584,3269,0,0,0,23,false
"hepatitis",4,7,cals,24324,89694,10,18,0,15,false
"hepatitis",4,7,cals_compact_explain,8073,47221,16,15,0,17,false
"hepatitis",5,5,unary,513,68,0,0,0,19,false
"hepatitis",5,5,horn,1092,344,0,0,0,25,false
"hepatitis",5,5,antihorn,1093,343,0,0,0,25,false
"hepatitis",5,5,square2cnf,1398,3710,0,0,0,25,false
"hepatitis",5,5,affine,1500,1818,0,0,0,29,false
"hepatitis",5,5,smart_certified,3797,3199,0,0,0,21,false
"hepatitis",5,5,cals,7933,77720,25,14,0,19,false
"hepatitis",5,5,cals_compact_explain,5503,44122,18,12,0,19,false
"hepatitis",5,7,unary,800,68,0,0,0,33,false
"hepatitis",5,7,horn,1183,371,0,0,0,29,false
"hepatitis",5,7,antihorn,1184,370,0,0,0,29,false
"hepatitis",5,7,square2cnf,1558,4280,0,0,0,29,false
"hepatitis",5,7,affine,1791,2238,0,0,0,35,false
"hepatitis",5,7,smart_certified,4758,3873,0,0,0,31,false
"hepatitis",5,7,cals,7929,77724,25,14,0,19,false
"hepatitis",5,7,cals_compact_explain,5503,44122,18,12,0,19,false
"hepatitis",6,5,unary,476,68,0,0,0,21,false
"hepatitis",6,5,horn,1220,332,0,0,0,25,false
"hepatitis",6,5,antihorn,1219,333,0,0,0,25,false
"hepatitis",6,5,square2cnf,1545,3679,0,0,0,25,false
"hepatitis",6,5,affine,798,1098,0,0,0,17,false
"hepatitis",6,5,smart_certified,4217,4642,0,0,0,19,false
"hepatitis",6,5,cals,14927,86991,14,16,0,17,false
"hepatitis",6,5,cals_compact_explain,7048,50974,14,14,0,17,false
"hepatitis",6,7,unary,639,68,0,0,0,31,false
"hepatitis",6,7,horn,1220,332,0,0,0,25,false
"hepatitis",6,7,antihorn,1219,333,0,0,0,25,false
"hepatitis",6,7,square2cnf,1545,3679,0,0,0,25,false
"hepatitis",6,7,affine,1269,1812,0,0,0,27,false
"hepatitis",6,7,smart_certified,4991,5608,0,0,0,23,false
"hepatitis",6,7,cals,15253,93289,15,17,0,19,false
"hepatitis",6,7,cals_compact_explain,7273,54561,15,15,0,19,false
"hepatitis",7,5,unary,693,68,0,0,0,31,false
"hepatitis",7,5,horn,1170,333,0,0,0,27,false
"hepatitis",7,5,antihorn,1171,332,0,0,0,27,false
"hepatitis",7,5,square2cnf,1712,3769,0,0,0,27,false
"hepatitis",7,5,affine,1033,1574,0,0,0,23,false
"hepatitis",7,5,smart_certified,2059,885,0,0,0,25,false
"hepatitis",7,5,cals,11831,29383,14,14,0,15,false
"hepatitis",7,5,cals_compact_explain,6289,19714,11,15,0,15,false
"hepatitis",7,7,unary,768,68,0,0,0,37,false
"hepatitis",7,7,horn,1170,333,0,0,0,27,false
"hepatitis",7,7,antihorn,1171,332,0,0,0,27,false
"hepatitis",7,7,square2cnf,1712,3769,0,0,0,27,false
"hepatitis",7,7,affine,1108,1736,0,0,0,25,false
"hepatitis",7,7,smart_certified,2271,915,0,0,0,29,false
"hepatitis",7,7,cals,11847,29367,14,14,0,15,false
"hepatitis",7,7,cals_compact_explain,6289,19714,11,15,0,15,false
"hepatitis",8,5,unary,655,68,0,0,0,27,false
"hepatitis",8,5,horn,959,307,0,0,0,21,false
"hepatitis",8,5,antihorn,959,307,0,0,0,21,false
"hepatitis",8,5,square2cnf,1220,3106,0,0,0,21,false
"hepatitis",8,5,affine,798,1572,0,0,0,21,false
"hepatitis",8,5,smart_certified,4380,4223,0,0,0,23,false
"hepatitis",8,5,cals,15652,77386,13,15,0,15,false
"hepatitis",8,5,cals_compact_explain,6600,31586,20,9,0,15,false
"hepatitis",8,7,unary,699,68,0,0,0,31,false
"hepatitis",8,7,horn,1130,322,0,0,0,25,false
"hepatitis",8,7,antihorn,1130,322,0,0,0,25,false
"hepatitis",8,7,square2cnf,1728,3396,0,0,0,25,false
"hepatitis",8,7,affine,1059,2022,0,0,0,27,false
"hepatitis",8,7,smart_certified,4625,4673,0,0,0,25,false
"hepatitis",8,7,cals,15645,77393,13,15,0,15,false
"hepatitis",8,7,cals_compact_explain,6600,31586,20,9,0,15,false
"hepatitis",9,5,unary,602,68,0,0,0,25,false
"hepatitis",9,5,horn,1143,322,0,0,0,23,false
"hepatitis",9,5,antihorn,1142,323,0,0,0,23,false
"hepatitis",9,5,square2cnf,1430,3401,0,0,0,23,false
"hepatitis",9,5,affine,937,1670,0,0,0,23,false
"hepatitis",9,5,smart_certified,3991,3607,0,0,0,21,false
"hepatitis",9,5,cals,9020,21435,12,18,0,17,false
"hepatitis",9,5,cals_compact_explain,6370,19662,10,15,0,17,false
"hepatitis",9,7,unary,715,68,0,0,0,31,false
"hepatitis",9,7,horn,1494,383,0,0,0,31,false
"hepatitis",9,7,antihorn,1494,383,0,0,0,31,false
"hepatitis",9,7,square2cnf,1902,4565,0,0,0,31,false
"hepatitis",9,7,affine,1262,2056,0,0,0,29,false
"hepatitis",9,7,smart_certified,4350,3653,0,0,0,27,false
"hepatitis",9,7,cals,9014,21441,12,18,0,17,false
"hepatitis",9,7,cals_compact_explain,6370,19662,10,15,0,17,false
"hypothyroid",0,5,unary,725,83,0,0,0,33,false
"hypothyroid",0,5,horn,1598,409,0,0,0,35,false
"hypothyroid",0,5,antihorn,1599,408,0,0,0,35,false
"hypothyroid",0,5,square2cnf,2524,4736,0,0,0,35,false
"hypothyroid",0,5,affine,1879,1901,0,0,0,31,false
"hypothyroid",0,5,smart_certified,7435,6608,0,0,0,33,false
"hypothyroid",0,5,cals,22084,56949,19,19,0,25,false
"hypothyroid",0,5,cals_compact_explain,20384,38558,20,19,0,25,false
"hypothyroid",0,7,unary,1138,83,0,0,0,61,false
"hypothyroid",0,7,horn,2410,599,0,0,0,63,false
"hypothyroid",0,7,antihorn,2412,597,0,0,0,63,false
"hypothyroid",0,7,square2cnf,4005,8541,0,0,0,63,false
"hypothyroid",0,7,affine,4177,3635,0,0,0,63,false
"hypothyroid",0,7,smart_certified,12349,11505,0,0,0,59,false
"hypothyroid",0,7,cals,25083,57744,30,30,0,47,false
"hypothyroid",0,7,cals_compact_explain,22868,39132,31,30,0,47,false
"hypothyroid",1,5,unary,705,83,0,0,0,33,false
"hypothyroid",1,5,horn,1570,388,0,0,0,33,false
"hypothyroid",1,5,antihorn,1568,390,0,0,0,33,false
"hypothyroid",1,5,square2cnf,2578,4276,0,0,0,33,false
"hypothyroid",1,5,affine,1751,2029,0,0,0,31,false
"hypothyroid",1,5,smart_certified,7874,6361,0,0,0,33,false
"hypothyroid",1,5,cals,14423,32712,19,17,0,23,false
"hypothyroid",1,5,cals_compact_explain,10417,22272,22,16,0,27,false
"hypothyroid",1,7,unary,1036,83,0,0,0,57,false
"hypothyroid",1,7,horn,2393,548,0,0,0,61,false
"hypothyroid",1,7,antihorn,2390,551,0,0,0,61,false
"hypothyroid",1,7,square2cnf,4002,7538,0,0,0,59,false
"hypothyroid",1,7,affine,4223,3841,0,0,0,65,false
"hypothyroid",1,7,smart_certified,11670,9992,0,0,0,55,false
"hypothyroid",1,7,cals,20310,38637,26,24,0,37,false
"hypothyroid",1,7,cals_compact_explain,15958,26153,30,24,0,43,false
"hypothyroid",2,5,unary,718,83,0,0,0,33,false
"hypothyroid",2,5,horn,1437,383,0,0,0,29,false
"hypothyroid",2,5,antihorn,1436,384,0,0,0,29,false
"hypothyroid",2,5,square2cnf,1949,4155,0,0,0,29,false
"hypothyroid",2,5,affine,1887,1893,0,0,0,31,false
"hypothyroid",2,5,smart_certified,7810,6915,0,0,0,33,false
"hypothyroid",2,5,cals,23457,47480,18,20,0,25,false
"hypothyroid",2,5,cals_compact_explain,18343,30397,23,16,0,25,false
"hypothyroid",2,7,unary,1030,83,0,0,0,57,false
"hypothyroid",2,7,horn,2223,549,0,0,0,55,false
"hypothyroid",2,7,antihorn,2223,549,0,0,0,55,false
"hypothyroid",2,7,square2cnf,3173,7566,0,0,0,55,false
"hypothyroid",2,7,affine,4551,3513,0,0,0,65,false
"hypothyroid",2,7,smart_certified,10766,9662,0,0,0,49,false
"hypothyroid",2,7,cals,25995,48047,27,29,0,43,false
"hypothyroid",2,7,cals_compact_explain,20424,30873,32,25,0,43,false
"hypothyroid",3,5,unary,657,83,0,0,0,31,false
"hypothyroid",3,5,horn,1343,413,0,0,0,33,false
"hypothyroid",3,5,antihorn,1342,414,0,0,0,33,false
"hypothyroid",3,5,square2cnf,1957,4695,0,0,0,33,false
"hypothyroid",3,5,affine,2469,1815,0,0,0,35,false
"hypothyroid",3,5,smart_certified,6504,6510,0,0,0,31,false
"hypothyroid",3,5,cals,34081,88345,21,21,0,29,false
"hypothyroid",3,5,cals_compact_explain,22363,50445,28,18,0,29,false
"hypothyroid",3,7,unary,926,83,0,0,0,51,false
"hypothyroid",3,7,horn,2042,550,0,0,0,55,false
"hypothyroid",3,7,antihorn,2041,551,0,0,0,55,false
"hypothyroid",3,7,square2cnf,3106,7453,0,0,0,55,false
"hypothyroid",3,7,affine,4763,3553,0,0,0,67,false
"hypothyroid",3,7,smart_certified,9667,9457,0,0,0,47,false
"hypothyroid",3,7,cals,40243,149775,33,33,0,53,false
"hypothyroid",3,7,cals_compact_explain,25410,86374,40,30,0,53,false
"hypothyroid",4,5,unary,647,81,0,0,0,31,false
"hypothyroid",4,5,horn,1260,399,0,0,0,31,false
"hypothyroid",4,5,antihorn,1260,399,0,0,0,31,false
"hypothyroid",4,5,square2cnf,1937,4312,0,0,0,31,false
"hypothyroid",4,5,affine,1863,1917,0,0,0,31,false
"hypothyroid",4,5,smart_certified,6293,6440,0,0,0,31,false
"hypothyroid",4,5,cals,36619,77528,17,19,0,23,false
"hypothyroid",4,5,cals_compact_explain,31733,45891,18,16,0,23,false
"hypothyroid",4,7,unary,961,81,0,0,0,55,false
"hypothyroid",4,7,horn,1984,538,0,0,0,53,false
"hypothyroid",4,7,antihorn,1983,539,0,0,0,53,false
"hypothyroid",4,7,square2cnf,3170,7308,0,0,0,53,false
"hypothyroid",4,7,affine,3871,3689,0,0,0,61,false
"hypothyroid",4,7,smart_certified,9538,9978,0,0,0,55,false
"hypothyroid",4,7,cals,40348,128507,27,29,0,43,false
"hypothyroid",4,7,cals_compact_explain,34625,74742,28,26,0,43,false
"hypothyroid",5,5,unary,575,81,0,0,0,27,false
"hypothyroid",5,5,horn,1305,375,0,0,0,29,false
"hypothyroid",5,5,antihorn,1305,375,0,0,0,29,false
"hypothyroid",5,5,square2cnf,1972,3992,0,0,0,29,false
"hypothyroid",5,5,affine,2113,1919,0,0,0,33,false
"hypothyroid",5,5,smart_certified,6249,6459,0,0,0,27,false
"hypothyroid",5,5,cals,15472,32591,19,19,0,25,false
"hypothyroid",5,5,cals_compact_explain,6187,13586,21,15,0,23,false
"hypothyroid",5,7,unary,850,81,0,0,0,45,false
"hypothyroid",5,7,horn,1790,472,0,0,0,45,false
"hypothyroid",5,7,antihorn,1788,474,0,0,0,45,false
"hypothyroid",5,7,square2cnf,2983,6011,0,0,0,45,false
"hypothyroid",5,7,affine,4114,3193,0,0,0,57,false
"hypothyroid",5,7,smart_certified,9117,8558,0,0,0,43,false
"hypothyroid",5,7,cals,26789,39618,30,30,0,43,false
"hypothyroid",5,7,cals_compact_explain,7399,13816,28,22,0,37,false
"hypothyroid",6,5,unary,446,83,0,0,0,23,false
"hypothyroid",6,5,horn,755,283,0,0,0,17,false
"hypothyroid",6,5,antihorn,755,283,0,0,0,17,false
"hypothyroid",6,5,square2cnf,1226,2260,0,0,0,17,false
"hypothyroid",6,5,affine,1185,1587,0,0,0,23,false
"hypothyroid",6,5,smart_certified,4844,4303,0,0,0,23,false
"hypothyroid",6,5,cals,13910,32528,18,18,0,23,false
"hypothyroid",6,5,cals_compact_explain,8473,17155,20,14,0,23,false
"hypothyroid",6,7,unary,711,83,0,0,0,43,false
"hypothyroid",6,7,horn,1404,438,0,0,0,37,false
"hypothyroid",6,7,antihorn,1406,436,0,0,0,37,false
"hypothyroid",6,7,square2cnf,2179,5222,0,0,0,37,false
"hypothyroid",6,7,affine,3775,3029,0,0,0,55,false
"hypothyroid",6,7,smart_certified,7526,7576,0,0,0,41,false
"hypothyroid",6,7,cals,23400,36266,26,26,0,39,false
"hypothyroid",6,7,cals_compact_explain,15215,19778,28,22,0,39,false
"hypothyroid",7,5,unary,631,81,0,0,0,31,false
"hypothyroid",7,5,horn,1280,397,0,0,0,31,false
"hypothyroid",7,5,antihorn,1280,397,0,0,0,31,false
"hypothyroid",7,5,square2cnf,1722,4545,0,0,0,31,false
"hypothyroid",7,5,affine,2305,1979,0,0,0,35,false
"hypothyroid",7,5,smart_certified,6609,6730,0,0,0,31,false
"hypothyroid",7,5,cals,36950,35886,23,23,0,33,false
"hypothyroid",7,5,cals_compact_explain,25734,20765,27,20,0,33,false
"hypothyroid",7,7,unary,911,81,0,0,0,53,false
"hypothyroid",7,7,horn,2044,567,0,0,0,57,false
"hypothyroid",7,7,antihorn,2046,565,0,0,0,57,false
"hypothyroid",7,7,square2cnf,2899,7985,0,0,0,57,false
"hypothyroid",7,7,affine,4655,3157,0,0,0,63,false
"hypothyroid",7,7,smart_certified,9729,9482,0,0,0,51,false
"hypothyroid",7,7,cals,39081,36375,35,35,0,55,false
"hypothyroid",7,7,cals_compact_explain,27369,21477,40,33,0,57,false
"hypothyroid",8,5,unary,647,83,0,0,0,31,false
"hypothyroid",8,5,horn,1358,419,0,0,0,33,false
"hypothyroid",8,5,antihorn,1357,420,0,0,0,33,false
"hypothyroid",8,5,square2cnf,2062,4636,0,0,0,33,false
"hypothyroid",8,5,affine,1805,1975,0,0,0,31,false
"hypothyroid",8,5,smart_certified,7260,6953,0,0,0,31,false
"hypothyroid",8,5,cals,38769,40157,19,19,0,25,false
"hypothyroid",8,5,cals_compact_explain,26908,28664,19,20,0,25,false
"hypothyroid",8,7,unary,984,83,0,0,0,59,false
"hypothyroid",8,7,horn,2131,564,0,0,0,61,false
"hypothyroid",8,7,antihorn,2126,569,0,0,0,61,false
"hypothyroid",8,7,square2cnf,3633,7677,0,0,0,61,false
"hypothyroid",8,7,affine,4111,3449,0,0,0,61,false
"hypothyroid",8,7,smart_certified,11243,11219,0,0,0,57,false
"hypothyroid",8,7,cals,44430,47135,31,31,0,49,false
"hypothyroid",8,7,cals_compact_explain,30430,33630,31,32,0,49,false
"hypothyroid",9,5,unary,720,83,0,0,0,33,false
"hypothyroid",9,5,horn,1474,393,0,0,0,33,false
"hypothyroid",9,5,antihorn,1473,394,0,0,0,33,false
"hypothyroid",9,5,square2cnf,2426,4362,0,0,0,33,false
"hypothyroid",9,5,affine,1985,2047,0,0,0,33,false
"hypothyroid",9,5,smart_certified,7975,6856,0,0,0,33,false
"hypothyroid",9,5,cals,26209,40525,21,19,0,27,false
"hypothyroid",9,5,cals_compact_explain,20115,34063,23,18,0,27,false
"hypothyroid",9,7,unary,1083,83,0,0,0,59,false
"hypothyroid",9,7,horn,2274,567,0,0,0,61,false
"hypothyroid",9,7,antihorn,2274,567,0,0,0,61,false
"hypothyroid",9,7,square2cnf,3971,8075,0,0,0,61,false
"hypothyroid",9,7,affine,4519,3293,0,0,0,63,false
"hypothyroid",9,7,smart_certified,11825,10472,0,0,0,55,false
"hypothyroid",9,7,cals,38847,49381,34,32,0,51,false
"hypothyroid",9,7,cals_compact_explain,29112,40070,39,31,0,51,false
"ionosphere",0,5,unary,4877,444,0,0,0,27,false
"ionosphere",0,5,horn,10901,1167,0,0,0,33,false
"ionosphere",0,5,antihorn,10901,1167,0,0,0,33,false
"ionosphere",0,5,square2cnf,11306,5658,0,0,0,33,false
"ionosphere",0,5,affine,4521,2222,0,0,0,23,false
"ionosphere",0,5,smart_certified,16438,2051,0,0,0,27,false
"ionosphere",0,5,cals,54122,30842,14,18,0,19,false
"ionosphere",0,5,cals_compact_explain,39662,13790,15,15,0,19,false
"ionosphere",0,7,unary,6552,444,0,0,0,37,false
"ionosphere",0,7,horn,11205,1182,0,0,0,35,false
"ionosphere",0,7,antihorn,11205,1182,0,0,0,35,false
"ionosphere",0,7,square2cnf,11641,5948,0,0,0,35,false
"ionosphere",0,7,affine,6762,3046,0,0,0,33,false
"ionosphere",0,7,smart_certified,17913,2084,0,0,0,31,false
"ionosphere",0,7,cals,54159,30805,14,18,0,19,false
"ionosphere",0,7,cals_compact_explain,39662,13790,15,15,0,19,false
"ionosphere",1,5,unary,4811,444,0,0,0,27,false
"ionosphere",1,5,horn,8861,1122,0,0,0,27,false
"ionosphere",1,5,antihorn,8861,1122,0,0,0,27,false
"ionosphere",1,5,square2cnf,9173,4788,0,0,0,27,false
"ionosphere",1,5,affine,4691,2052,0,0,0,23,false
"ionosphere",1,5,smart_certified,16165,2046,0,0,0,27,false
"ionosphere",1,5,cals,37811,28916,22,13,0,15,false
"ionosphere",1,5,cals_compact_explain,36057,13605,16,13,0,15,false
"ionosphere",1,7,unary,6075,444,0,0,0,35,false
"ionosphere",1,7,horn,9298,1140,0,0,0,29,false
"ionosphere",1,7,antihorn,9298,1140,0,0,0,29,false
"ionosphere",1,7,square2cnf,9634,5088,0,0,0,29,false
"ionosphere",1,7,affine,6567,2628,0,0,0,31,false
"ionosphere",1,7,smart_certified,16934,2064,0,0,0,29,false
"ionosphere",1,7,cals,39547,29056,23,14,0,17,false
"ionosphere",1,7,cals_compact_explain,37372,13668,17,14,0,17,false
"ionosphere",2,5,unary,4041,444,0,0,0,23,false
"ionosphere",2,5,horn,7904,1077,0,0,0,23,false
"ionosphere",2,5,antihorn,7904,1077,0,0,0,23,false
"ionosphere",2,5,square2cnf,8189,4158,0,0,0,23,false
"ionosphere",2,5,affine,5631,2338,0,0,0,27,false
"ionosphere",2,5,smart_certified,13185,1987,0,0,0,21,false
"ionosphere",2,5,cals,54789,94922,15,19,0,21,false
"ionosphere",2,5,cals_compact_explain,39767,48719,20,15,0,21,false
"ionosphere",2,7,unary,5568,444,0,0,0,33,false
"ionosphere",2,7,horn,9591,1131,0,0,0,29,false
"ionosphere",2,7,antihorn,9591,1131,0,0,0,29,false
"ionosphere",2,7,square2cnf,9948,5058,0,0,0,29,false
"ionosphere",2,7,affine,7902,3132,0,0,0,37,false
"ionosphere",2,7,smart_certified,18168,2092,0,0,0,33,false
"ionosphere",2,7,cals,57236,107871,17,21,0,25,false
"ionosphere",2,7,cals_compact_explain,41935,56295,22,17,0,25,false
"ionosphere",3,5,unary,4829,444,0,0,0,27,false
"ionosphere",3,5,horn,8506,1098,0,0,0,25,false
"ionosphere",3,5,antihorn,8506,1098,0,0,0,25,false
"ionosphere",3,5,square2cnf,8808,4468,0,0,0,25,false
"ionosphere",3,5,affine,4512,1618,0,0,0,21,false
"ionosphere",3,5,smart_certified,16096,2043,0,0,0,27,false
"ionosphere",3,5,cals,54645,34140,11,19,0,17,false
"ionosphere",3,5,cals_compact_explain,44916,10345,14,17,0,17,false
"ionosphere",3,7,unary,6616,444,0,0,0,41,false
"ionosphere",3,7,horn,9728,1134,0,0,0,29,false
"ionosphere",3,7,antihorn,9728,1134,0,0,0,29,false
"ionosphere",3,7,square2cnf,10078,5068,0,0,0,29,false
"ionosphere",3,7,affine,6935,2260,0,0,0,31,false
"ionosphere",3,7,smart_certified,18529,2097,0,0,0,33,false
"ionosphere",3,7,cals,55288,34115,12,20,0,19,false
"ionosphere",3,7,cals_compact_explain,45421,10402,15,18,0,19,false
"ionosphere",4,5,unary,4049,444,0,0,0,23,false
"ionosphere",4,5,horn,9958,1128,0,0,0,29,false
"ionosphere",4,5,antihorn,9958,1128,0,0,0,29,false
"ionosphere",4,5,square2cnf,10322,5048,0,0,0,29,false
"ionosphere",4,5,affine,4270,1860,0,0,0,21,false
"ionosphere",4,5,smart_certified,27652,5288,0,0,0,21,false
"ionosphere",4,5,cals,51703,28121,12,16,0,15,false
"ionosphere",4,5,cals_compact_explain,28190,10213,12,11,0,15,false
"ionosphere",4,7,unary,5554,444,0,0,0,33,false
"ionosphere",4,7,horn,11172,1179,0,0,0,35,false
"ionosphere",4,7,antihorn,11172,1179,0,0,0,35,false
"ionosphere",4,7,square2cnf,11615,5938,0,0,0,35,false
"ionosphere",4,7,affine,7084,2724,0,0,0,33,false
"ionosphere",4,7,smart_certified,32946,5992,0,0,0,29,false
"ionosphere",4,7,cals,53673,28279,13,17,0,17,false
"ionosphere",4,7,cals_compact_explain,30201,10276,13,12,0,17,false
"ionosphere",5,5,unary,4290,444,0,0,0,25,false
"ionosphere",5,5,horn,8989,1126,0,0,0,27,false
"ionosphere",5,5,antihorn,8989,1126,0,0,0,27,false
"ionosphere",5,5,square2cnf,9301,4890,0,0,0,27,false
"ionosphere",5,5,affine,6569,2626,0,0,0,31,false
"ionosphere",5,5,smart_certified,17153,2069,0,0,0,29,false
"ionosphere",5,5,cals,59661,23438,14,22,0,23,false
"ionosphere",5,5,cals_compact_explain,45135,10365,20,17,0,23,false
"ionosphere",5,7,unary,6063,444,0,0,0,35,false
"ionosphere",5,7,horn,9538,1144,0,0,0,29,false
"ionosphere",5,7,antihorn,9538,1144,0,0,0,29,false
"ionosphere",5,7,square2cnf,9874,5190,0,0,0,29,false
"ionosphere",5,7,affine,8427,3220,0,0,0,39,false
"ionosphere",5,7,smart_certified,19165,2105,0,0,0,33,false
"ionosphere",5,7,cals,59579,23520,14,22,0,23,false
"ionosphere",5,7,cals_compact_explain,45135,10365,20,17,0,23,false
"ionosphere",6,5,unary,4408,444,0,0,0,25,false
"ionosphere",6,5,horn,7974,1083,0,0,0,23,false
"ionosphere",6,5,antihorn,7973,1084,0,0,0,23,false
"ionosphere",6,5,square2cnf,8240,4183,0,0,0,23,false
"ionosphere",6,5,affine,4585,2158,0,0,0,23,false
"ionosphere",6,5,smart_certified,14171,2018,0,0,0,23,false
"ionosphere",6,5,cals,38549,22946,16,14,0,17,false
"ionosphere",6,5,cals_compact_explain,29614,41681,17,11,0,17,false
"ionosphere",6,7,unary,6162,444,0,0,0,37,false
"ionosphere",6,7,horn,9426,1155,0,0,0,31,false
"ionosphere",6,7,antihorn,9425,1156,0,0,0,31,false
"ionosphere",6,7,square2cnf,9788,5383,0,0,0,31,false
"ionosphere",6,7,affine,6605,2590,0,0,0,31,false
"ionosphere",6,7,smart_certified,17479,2086,0,0,0,31,false
"ionosphere",6,7,cals,38468,23027,16,14,0,17,false
"ionosphere",6,7,cals_compact_explain,29614,41681,17,11,0,17,false
"ionosphere",7,5,unary,5365,444,0,0,0,31,false
"ionosphere",7,5,horn,9358,1113,0,0,0,27,false
"ionosphere",7,5,antihorn,9357,1114,0,0,0,27,false
"ionosphere",7,5,square2cnf,9686,4763,0,0,0,27,false
"ionosphere",7,5,affine,5609,2360,0,0,0,27,false
"ionosphere",7,5,smart_certified,36135,6403,0,0,0,29,false
"ionosphere",7,5,cals,56174,27911,14,20,0,21,false
"ionosphere",7,5,cals_compact_explain,42426,10351,16,16,0,21,false
"ionosphere",7,7,unary,6160,444,0,0,0,37,false
"ionosphere",7,7,horn,9926,1128,0,0,0,29,false
"ionosphere",7,7,antihorn,9925,1129,0,0,0,29,false
"ionosphere",7,7,square2cnf,10285,5053,0,0,0,29,false
"ionosphere",7,7,affine,7036,2772,0,0,0,33,false
"ionosphere",7,7,smart_certified,37757,6439,0,0,0,33,false
"ionosphere",7,7,cals,57546,28068,15,21,0,23,false
"ionosphere",7,7,cals_compact_explain,43839,10412,17,17,0,23,false
"ionosphere",8,5,unary,3995,444,0,0,0,23,false
"ionosphere",8,5,horn,7613,1080,0,0,0,23,false
"ionosphere",8,5,antihorn,7613,1080,0,0,0,23,false
"ionosphere",8,5,square2cnf,7891,4168,0,0,0,23,false
"ionosphere",8,5,affine,5068,2288,0,0,0,25,false
"ionosphere",8,5,smart_certified,28341,5654,0,0,0,23,false
"ionosphere",8,5,cals,44193,23275,18,16,0,21,false
"ionosphere",8,5,cals_compact_explain,32990,10217,20,12,0,21,false
"ionosphere",8,7,unary,4864,444,0,0,0,29,false
"ionosphere",8,7,horn,7613,1080,0,0,0,23,false
"ionosphere",8,7,antihorn,7613,1080,0,0,0,23,false
"ionosphere",8,7,square2cnf,7891,4168,0,0,0,23,false
"ionosphere",8,7,affine,6575,2620,0,0,0,31,false
"ionosphere",8,7,smart_certified,29798,5837,0,0,0,27,false
"ionosphere",8,7,cals,45468,23229,19,17,0,23,false
"ionosphere",8,7,cals_compact_explain,34101,10280,21,13,0,23,false
"ionosphere",9,5,unary,4101,444,0,0,0,23,false
"ionosphere",9,5,horn,10969,1169,0,0,0,33,false
"ionosphere",9,5,antihorn,10969,1169,0,0,0,33,false
"ionosphere",9,5,square2cnf,11376,5709,0,0,0,33,false
"ionosphere",9,5,affine,5336,2020,0,0,0,25,false
"ionosphere",9,5,smart_certified,26349,4747,0,0,0,21,false
"ionosphere",9,5,cals,64548,23972,14,20,0,21,false
"ionosphere",9,5,cals_compact_explain,42598,13964,15,17,0,21,false
"ionosphere",9,7,unary,5618,444,0,0,0,33,false
"ionosphere",9,7,horn,11920,1200,0,0,0,37,false
"ionosphere",9,7,antihorn,11920,1200,0,0,0,37,false
"ionosphere",9,7,square2cnf,11865,6009,0,0,0,35,false
"ionosphere",9,7,affine,7286,2522,0,0,0,33,false
"ionosphere",9,7,smart_certified,35423,6273,0,0,0,29,false
"ionosphere",9,7,cals,67885,24104,16,22,0,25,false
"ionosphere",9,7,cals_compact_explain,45745,14090,17,19,0,25,false
"kr-vs-kp",0,5,unary,490,73,0,0,0,19,false
"kr-vs-kp",0,5,horn,1492,368,0,0,0,29,false
"kr-vs-kp",0,5,antihorn,1491,369,0,0,0,29,false
"kr-vs-kp",0,5,square2cnf,1901,4243,0,0,0,29,false
"kr-vs-kp",0,5,affine,1961,1669,0,0,0,31,false
"kr-vs-kp",0,5,smart_certified,2572,906,0,0,0,29,false
"kr-vs-kp",0,5,cals,26074,107339,19,19,0,25,false
"kr-vs-kp",0,5,cals_compact_explain,8217,58159,23,16,0,25,false
"kr-vs-kp",0,7,unary,819,73,0,0,0,35,false
"kr-vs-kp",0,7,horn,2300,522,0,0,0,49,false
"kr-vs-kp",0,7,antihorn,2290,528,0,0,0,49,false
"kr-vs-kp",0,7,square2cnf,3070,7467,0,0,0,51,false
"kr-vs-kp",0,7,affine,3907,3111,0,0,0,59,false
"kr-vs-kp",0,7,smart_certified,3415,1015,0,0,0,43,false
"kr-vs-kp",0,7,cals,29993,157303,27,27,0,41,false
"kr-vs-kp",0,7,cals_compact_explain,11418,86242,31,24,0,41,false
"kr-vs-kp",1,5,unary,442,73,0,0,0,17,false
"kr-vs-kp",1,5,horn,1258,328,0,0,0,23,false
"kr-vs-kp",1,5,antihorn,1259,327,0,0,0,23,false
"kr-vs-kp",1,5,square2cnf,1562,3415,0,0,0,23,false
"kr-vs-kp",1,5,affine,1561,1585,0,0,0,27,false
"kr-vs-kp",1,5,smart_certified,2385,884,0,0,0,25,false
"kr-vs-kp",1,5,cals,29668,110305,20,20,0,27,false
"kr-vs-kp",1,5,cals_compact_explain,13974,72438,23,21,0,27,false
"kr-vs-kp",1,7,unary,723,73,0,0,0,29,false
"kr-vs-kp",1,7,horn,2101,483,0,0,0,43,false
"kr-vs-kp",1,7,antihorn,2104,480,0,0,0,43,false
"kr-vs-kp",1,7,square2cnf,2610,6054,0,0,0,41,false
"kr-vs-kp",1,7,affine,3075,2975,0,0,0,51,false
"kr-vs-kp",1,7,smart_certified,3107,968,0,0,0,35,false
"kr-vs-kp",1,7,cals,31172,128979,23,23,0,33,false
"kr-vs-kp",1,7,cals_compact_explain,14943,83097,26,24,0,33,false
"kr-vs-kp",2,5,unary,493,73,0,0,0,19,false
"kr-vs-kp",2,5,horn,1241,312,0,0,0,23,false
"kr-vs-kp",2,5,antihorn,1241,312,0,0,0,23,false
"kr-vs-kp",2,5,square2cnf,1666,3253,0,0,0,23,false
"kr-vs-kp",2,5,affine,1939,1691,0,0,0,31,false
"kr-vs-kp",2,5,smart_certified,2358,881,0,0,0,25,false
"kr-vs-kp",2,5,cals,22996,117253,20,20,0,27,false
"kr-vs-kp",2,5,cals_compact_explain,16479,62341,22,19,0,27,false
"kr-vs-kp",2,7,unary,871,73,0,0,0,37,false
"kr-vs-kp",2,7,horn,2107,456,0,0,0,43,false
"kr-vs-kp",2,7,antihorn,2106,457,0,0,0,43,false
"kr-vs-kp",2,7,square2cnf,3018,5971,0,0,0,43,false
"kr-vs-kp",2,7,affine,3551,3225,0,0,0,57,false
"kr-vs-kp",2,7,smart_certified,3408,1019,0,0,0,43,false
"kr-vs-kp",2,7,cals,26004,156283,27,27,0,41,false
"kr-vs-kp",2,7,cals_compact_explain,18429,85415,29,26,0,41,false
"kr-vs-kp",3,5,unary,485,71,0,0,0,19,false
"kr-vs-kp",3,5,horn,1388,347,0,0,0,27,false
"kr-vs-kp",3,5,antihorn,1389,346,0,0,0,27,false
"kr-vs-kp",3,5,square2cnf,1767,3946,0,0,0,27,false
"kr-vs-kp",3,5,affine,1273,1147,0,0,0,21,false
"kr-vs-kp",3,5,smart_certified,2313,888,0,0,0,25,false
"kr-vs-kp",3,5,cals,21844,118108,20,20,0,27,false
"kr-vs-kp",3,5,cals_compact_explain,10415,72299,21,20,0,27,false
"kr-vs-kp",3,7,unary,863,71,0,0,0,37,false
"kr-vs-kp",3,7,horn,2309,534,0,0,0,51,false
"kr-vs-kp",3,7,antihorn,2310,533,0,0,0,51,false
"kr-vs-kp",3,7,square2cnf,3044,7449,0,0,0,51,false
"kr-vs-kp",3,7,affine,2249,2591,0,0,0,41,false
"kr-vs-kp",3,7,smart_certified,3305,1027,0,0,0,43,false
"kr-vs-kp",3,7,cals,24948,150506,26,26,0,39,false
"kr-vs-kp",3,7,cals_compact_explain,12097,88169,26,25,0,37,false
"kr-vs-kp",4,5,unary,447,73,0,0,0,17,false
"kr-vs-kp",4,5,horn,1249,330,0,0,0,23,false
"kr-vs-kp",4,5,antihorn,1249,330,0,0,0,23,false
"kr-vs-kp",4,5,square2cnf,1560,3426,0,0,0,23,false
"kr-vs-kp",4,5,affine,1977,2137,0,0,0,35,false
"kr-vs-kp",4,5,smart_certified,2510,903,0,0,0,27,false
"kr-vs-kp",4,5,cals,33053,100382,19,19,0,25,false
"kr-vs-kp",4,5,cals_compact_explain,11787,66967,20,19,0,25,false
"kr-vs-kp",4,7,unary,903,73,0,0,0,37,false
"kr-vs-kp",4,7,horn,2196,463,0,0,0,45,false
"kr-vs-kp",4,7,antihorn,2196,463,0,0,0,45,false
"kr-vs-kp",4,7,square2cnf,2984,6133,0,0,0,43,false
"kr-vs-kp",4,7,affine,3791,3711,0,0,0,63,false
"kr-vs-kp",4,7,smart_certified,3960,1064,0,0,0,51,false
"kr-vs-kp",4,7,cals,35219,138649,25,25,0,37,false
"kr-vs-kp",4,7,cals_compact_explain,13432,88566,26,25,0,37,false
"kr-vs-kp",5,5,unary,493,73,0,0,0,19,false
"kr-vs-kp",5,5,horn,1417,339,0,0,0,27,false
"kr-vs-kp",5,5,antihorn,1417,339,0,0,0,27,false
"kr-vs-kp",5,5,square2cnf,2060,3699,0,0,0,27,false
"kr-vs-kp",5,5,affine,1633,1755,0,0,0,29,false
"kr-vs-kp",5,5,smart_certified,2348,891,0,0,0,25,false
"kr-vs-kp",5,5,cals,24748,115607,20,20,0,27,false
"kr-vs-kp",5,5,cals_compact_explain,9924,72463,24,20,0,27,false
"kr-vs-kp",5,7,unary,875,73,0,0,0,37,false
"kr-vs-kp",5,7,horn,2342,518,0,0,0,51,false
"kr-vs-kp",5,7,antihorn,2340,520,0,0,0,51,false
"kr-vs-kp",5,7,square2cnf,3235,6913,0,0,0,49,false
"kr-vs-kp",5,7,affine,3409,3125,0,0,0,55,false
"kr-vs-kp",5,7,smart_certified,3341,1026,0,0,0,43,false
"kr-vs-kp",5,7,cals,26545,141021,24,24,0,35,false
"kr-vs-kp",5,7,cals_compact_explain,11204,86857,28,24,0,35,false
"kr-vs-kp",6,5,unary,493,73,0,0,0,19,false
"kr-vs-kp",6,5,horn,1421,360,0,0,0,27,false
"kr-vs-kp",6,5,antihorn,1421,360,0,0,0,27,false
"kr-vs-kp",6,5,square2cnf,1774,4026,0,0,0,27,false
"kr-vs-kp",6,5,affine,1575,1813,0,0,0,29,false
"kr-vs-kp",6,5,smart_certified,2497,913,0,0,0,27,false
"kr-vs-kp",6,5,cals,27162,133446,23,23,0,33,false
"kr-vs-kp",6,5,cals_compact_explain,14767,83626,26,24,0,33,false
"kr-vs-kp",6,7,unary,879,73,0,0,0,37,false
"kr-vs-kp",6,7,horn,2413,542,0,0,0,51,false
"kr-vs-kp",6,7,antihorn,2413,542,0,0,0,51,false
"kr-vs-kp",6,7,square2cnf,2901,7214,0,0,0,49,false
"kr-vs-kp",6,7,affine,3349,3185,0,0,0,55,false
"kr-vs-kp",6,7,smart_certified,4387,1110,0,0,0,57,false
"kr-vs-kp",6,7,cals,29234,160094,28,28,0,43,false
"kr-vs-kp",6,7,cals_compact_explain,16066,99683,31,29,0,43,false
"kr-vs-kp",7,5,unary,490,73,0,0,0,19,false
"kr-vs-kp",7,5,horn,1342,353,0,0,0,27,false
"kr-vs-kp",7,5,antihorn,1342,353,0,0,0,27,false
"kr-vs-kp",7,5,square2cnf,1717,3956,0,0,0,27,false
"kr-vs-kp",7,5,affine,2197,1917,0,0,0,35,false
"kr-vs-kp",7,5,smart_certified,2261,897,0,0,0,25,false
"kr-vs-kp",7,5,cals,26770,113381,20,20,0,27,false
"kr-vs-kp",7,5,cals_compact_explain,10223,72529,21,20,0,27,false
"kr-vs-kp",7,7,unary,817,73,0,0,0,35,false
"kr-vs-kp",7,7,horn,2304,531,0,0,0,51,false
"kr-vs-kp",7,7,antihorn,2303,532,0,0,0,51,false
"kr-vs-kp",7,7,square2cnf,3052,7433,0,0,0,51,false
"kr-vs-kp",7,7,affine,4191,3069,0,0,0,61,false
"kr-vs-kp",7,7,smart_certified,3086,999,0,0,0,37,false
"kr-vs-kp",7,7,cals,30673,156328,27,27,0,41,false
"kr-vs-kp",7,7,cals_compact_explain,12424,97250,28,27,0,41,false
"kr-vs-kp",8,5,unary,490,73,0,0,0,19,false
"kr-vs-kp",8,5,horn,1346,353,0,0,0,27,false
"kr-vs-kp",8,5,antihorn,1346,353,0,0,0,27,false
"kr-vs-kp",8,5,square2cnf,1721,3956,0,0,0,27,false
"kr-vs-kp",8,5,affine,2043,1587,0,0,0,31,false
"kr-vs-kp",8,5,smart_certified,2261,897,0,0,0,25,false
"kr-vs-kp",8,5,cals,31305,122501,22,22,0,31,false
"kr-vs-kp",8,5,cals_compact_explain,15252,71291,27,21,0,31,false
"kr-vs-kp",8,7,unary,821,73,0,0,0,35,false
"kr-vs-kp",8,7,horn,2233,515,0,0,0,49,false
"kr-vs-kp",8,7,antihorn,2215,498,0,0,0,47,false
"kr-vs-kp",8,7,square2cnf,2967,7135,0,0,0,49,false
"kr-vs-kp",8,7,affine,3873,2903,0,0,0,57,false
"kr-vs-kp",8,7,smart_certified,3068,993,0,0,0,37,false
"kr-vs-kp",8,7,cals,35509,180679,32,32,0,51,false
"kr-vs-kp",8,7,cals_compact_explain,18106,105269,37,31,0,51,false
"kr-vs-kp",9,5,unary,490,73,0,0,0,19,false
"kr-vs-kp",9,5,horn,1190,333,0,0,0,23,false
"kr-vs-kp",9,5,antihorn,1190,333,0,0,0,23,false
"kr-vs-kp",9,5,square2cnf,1533,3505,0,0,0,23,false
"kr-vs-kp",9,5,affine,2247,1867,0,0,0,35,false
"kr-vs-kp",9,5,smart_certified,2418,916,0,0,0,27,false
"kr-vs-kp",9,5,cals,24337,115945,20,20,0,27,false
"kr-vs-kp",9,5,cals_compact_explain,13315,69323,21,20,0,27,false
"kr-vs-kp",9,7,unary,817,73,0,0,0,35,false
"kr-vs-kp",9,7,horn,2166,494,0,0,0,45,false
"kr-vs-kp",9,7,antihorn,2165,495,0,0,0,45,false
"kr-vs-kp",9,7,square2cnf,2407,5880,0,0,0,39,false
"kr-vs-kp",9,7,affine,3901,3117,0,0,0,59,false
"kr-vs-kp",9,7,smart_certified,3660,1036,0,0,0,45,false
"kr-vs-kp",9,7,cals,26415,147270,25,25,0,37,false
"kr-vs-kp",9,7,cals_compact_explain,14666,87212,26,25,0,37,false
"letter",0,5,unary,2924,224,0,0,0,33,false
"letter",0,5,horn,7595,792,0,0,0,43,false
"letter",0,5,antihorn,7593,794,0,0,0,43,false
"letter",0,5,square2cnf,8159,6654,0,0,0,43,false
"letter",0,5,affine,3100,1616,0,0,0,25,false
"letter",0,5,smart_certified,19860,6834,0,0,0,33,false
"letter",0,5,cals,41077,16999,25,31,0,43,false
"letter",0,5,cals_compact_explain,39414,10364,32,31,0,43,false
"letter",0,7,unary,5517,224,0,0,0,67,false
"letter",0,7,horn,13790,1142,0,0,0,89,false
"letter",0,7,antihorn,13788,1144,0,0,0,89,false
"letter",0,7,square2cnf,15044,13352,0,0,0,89,false
"letter",0,7,affine,7931,3466,0,0,0,59,false
"letter",0,7,smart_certified,33695,11781,0,0,0,77,false
"letter",0,7,cals,62267,18286,47,53,0,87,false
"letter",0,7,cals_compact_explain,56911,11432,54,51,0,85,false
"letter",1,5,unary,3606,224,0,0,0,41,false
"letter",1,5,horn,7853,825,0,0,0,45,false
"letter",1,5,antihorn,7851,827,0,0,0,45,false
"letter",1,5,square2cnf,8405,7005,0,0,0,45,false
"letter",1,5,affine,2858,1858,0,0,0,25,false
"letter",1,5,smart_certified,25587,8332,0,0,0,43,false
"letter",1,5,cals,40166,17071,25,31,0,43,false
"letter",1,5,cals_compact_explain,40870,10429,30,33,0,43,false
"letter",1,7,unary,6637,224,0,0,0,83,false
"letter",1,7,horn,15209,1204,0,0,0,99,false
"letter",1,7,antihorn,15206,1207,0,0,0,99,false
"letter",1,7,square2cnf,16852,14606,0,0,0,99,false
"letter",1,7,affine,8108,3682,0,0,0,61,false
"letter",1,7,smart_certified,41159,13674,0,0,0,87,false
"letter",1,7,cals,59217,18232,46,52,0,85,false
"letter",1,7,cals_compact_explain,57752,11487,50,53,0,83,false
"letter",2,5,unary,2960,224,0,0,0,33,false
"letter",2,5,horn,8623,841,0,0,0,49,false
"letter",2,5,antihorn,8628,836,0,0,0,49,false
"letter",2,5,square2cnf,9291,7517,0,0,0,49,false
"letter",2,5,affine,5447,2020,0,0,0,39,false
"letter",2,5,smart_certified,20231,6783,0,0,0,33,false
"letter",2,5,cals,39992,16949,22,30,0,39,false
"letter",2,5,cals_compact_explain,38395,10276,29,30,0,39,false
"letter",2,7,unary,6442,224,0,0,0,77,false
"letter",2,7,horn,16516,1237,0,0,0,103,false
"letter",2,7,antihorn,16524,1229,0,0,0,103,false
"letter",2,7,square2cnf,18033,15326,0,0,0,103,false
"letter",2,7,affine,12017,4096,0,0,0,83,false
"letter",2,7,smart_certified,44565,15324,0,0,0,91,false
"letter",2,7,cals,56839,18102,39,47,0,73,false
"letter",2,7,cals_compact_explain,54251,11166,46,47,0,73,false
"letter",3,5,unary,3262,224,0,0,0,37,false
"letter",3,5,horn,8336,833,0,0,0,47,false
"letter",3,5,antihorn,8338,831,0,0,0,47,false
"letter",3,5,square2cnf,8943,7264,0,0,0,47,false
"letter",3,5,affine,4486,1802,0,0,0,33,false
"letter",3,5,smart_certified,21777,7343,0,0,0,37,false
"letter",3,5,cals,41107,17005,23,31,0,41,false
"letter",3,5,cals_compact_explain,38066,10382,31,30,0,41,false
"letter",3,7,unary,6758,224,0,0,0,85,false
"letter",3,7,horn,16167,1241,0,0,0,105,false
"letter",3,7,antihorn,16167,1241,0,0,0,105,false
"letter",3,7,square2cnf,17937,15383,0,0,0,105,false
"letter",3,7,affine,9301,3668,0,0,0,67,false
"letter",3,7,smart_certified,41172,14063,0,0,0,87,false
"letter",3,7,cals,61323,18296,43,51,0,81,false
"letter",3,7,cals_compact_explain,56331,11466,51,50,0,81,false
"letter",4,5,unary,3324,224,0,0,0,37,false
"letter",4,5,horn,8415,822,0,0,0,47,false
"letter",4,5,antihorn,8415,822,0,0,0,47,false
"letter",4,5,square2cnf,9057,7218,0,0,0,47,false
"letter",4,5,affine,4083,1812,0,0,0,31,false
"letter",4,5,smart_certified,22229,7301,0,0,0,37,false
"letter",4,5,cals,41319,16766,25,31,0,43,false
"letter",4,5,cals_compact_explain,38310,10293,33,30,0,43,false
"letter",4,7,unary,6636,224,0,0,0,81,false
"letter",4,7,horn,15578,1198,0,0,0,97,false
"letter",4,7,antihorn,15578,1198,0,0,0,97,false
"letter",4,7,square2cnf,16970,14494,0,0,0,97,false
"letter",4,7,affine,8886,3690,0,0,0,65,false
"letter",4,7,smart_certified,42046,14142,0,0,0,89,false
"letter",4,7,cals,61600,18564,46,52,0,85,false
"letter",4,7,cals_compact_explain,59478,11580,57,54,0,91,false
"letter",5,5,unary,2773,224,0,0,0,31,false
"letter",5,5,horn,8872,844,0,0,0,49,false
"letter",5,5,antihorn,8871,845,0,0,0,49,false
"letter",5,5,square2cnf,9511,7549,0,0,0,49,false
"letter",5,5,affine,3764,1738,0,0,0,29,false
"letter",5,5,smart_certified,19367,5596,0,0,0,31,false
"letter",5,5,cals,40030,16965,24,30,0,41,false
"letter",5,5,cals_compact_explain,36143,10209,33,28,0,41,false
"letter",5,7,unary,5681,224,0,0,0,67,false
"letter",5,7,horn,16942,1277,0,0,0,107,false
"letter",5,7,antihorn,16941,1278,0,0,0,107,false
"letter",5,7,square2cnf,18461,15976,0,0,0,107,false
"letter",5,7,affine,8407,2990,0,0,0,59,false
"letter",5,7,smart_certified,38948,10054,0,0,0,77,false
"letter",5,7,cals,61789,18431,46,52,0,85,false
"letter",5,7,cals_compact_explain,72133,11957,41,65,0,89,false
"letter",6,5,unary,3322,224,0,0,0,37,false
"letter",6,5,horn,8517,843,0,0,0,49,false
"letter",6,5,antihorn,8514,846,0,0,0,49,false
"letter",6,5,square2cnf,9153,7551,0,0,0,49,false
"letter",6,5,affine,3736,1766,0,0,0,29,false
"letter",6,5,smart_certified,23290,7708,0,0,0,37,false
"letter",6,5,cals,39793,16912,24,30,0,41,false
"letter",6,5,cals_compact_explain,35605,10347,33,28,0,41,false
"letter",6,7,unary,6471,224,0,0,0,79,false
"letter",6,7,horn,15560,1215,0,0,0,99,false
"letter",6,7,antihorn,15558,1217,0,0,0,99,false
"letter",6,7,square2cnf,16966,14803,0,0,0,99,false
"letter",6,7,affine,8176,3614,0,0,0,61,false
"letter",6,7,smart_certified,40903,13746,0,0,0,87,false
"letter",6,7,cals,64450,18384,48,54,0,89,false
"letter",6,7,cals_compact_explain,60267,11675,60,55,0,95,false
"letter",7,5,unary,3252,224,0,0,0,37,false
"letter",7,5,horn,7853,813,0,0,0,45,false
"letter",7,5,antihorn,7853,813,0,0,0,45,false
"letter",7,5,square2cnf,8442,6960,0,0,0,45,false
"letter",7,5,affine,4833,1848,0,0,0,35,false
"letter",7,5,smart_certified,23626,6936,0,0,0,37,false
"letter",7,5,cals,40419,17104,25,31,0,43,false
"letter",7,5,cals_compact_explain,41175,6810,30,33,0,43,false
"letter",7,7,unary,6007,224,0,0,0,75,false
"letter",7,7,horn,15464,1272,0,0,0,105,false
"letter",7,7,antihorn,15459,1277,0,0,0,105,false
"letter",7,7,square2cnf,16922,15722,0,0,0,105,false
"letter",7,7,affine,10128,3234,0,0,0,69,false
"letter",7,7,smart_certified,40042,10803,0,0,0,83,false
"letter",7,7,cals,57891,18081,44,50,0,81,false
"letter",7,7,cals_compact_explain,57258,7814,49,52,0,81,false
"letter",8,5,unary,3250,224,0,0,0,37,false
"letter",8,5,horn,7840,802,0,0,0,45,false
"letter",8,5,antihorn,7839,803,0,0,0,45,false
"letter",8,5,square2cnf,8649,6725,0,0,0,45,false
"letter",8,5,affine,4028,1474,0,0,0,29,false
"letter",8,5,smart_certified,22806,7702,0,0,0,37,false
"letter",8,5,cals,40958,17081,23,31,0,41,false
"letter",8,5,cals_compact_explain,34576,10218,34,27,0,41,false
"letter",8,7,unary,6255,224,0,0,0,79,false
"letter",8,7,horn,14574,1196,0,0,0,97,false
"letter",8,7,antihorn,14573,1197,0,0,0,97,false
"letter",8,7,square2cnf,16175,14334,0,0,0,97,false
"letter",8,7,affine,7246,2972,0,0,0,53,false
"letter",8,7,smart_certified,41458,14514,0,0,0,85,false
"letter",8,7,cals,59652,18552,44,52,0,83,false
"letter",8,7,cals_compact_explain,52800,11417,56,49,0,85,false
"letter",9,5,unary,3300,224,0,0,0,37,false
"letter",9,5,horn,7511,800,0,0,0,43,false
"letter",9,5,antihorn,7510,801,0,0,0,43,false
"letter",9,5,square2cnf,8054,6683,0,0,0,43,false
"letter",9,5,affine,4639,2042,0,0,0,35,false
"letter",9,5,smart_certified,23424,7434,0,0,0,37,false
"letter",9,5,cals,37377,16649,20,28,0,35,false
"letter",9,5,cals_compact_explain,33105,10174,28,26,0,37,false
"letter",9,7,unary,6465,224,0,0,0,79,false
"letter",9,7,horn,14705,1188,0,0,0,95,false
"letter",9,7,antihorn,14705,1188,0,0,0,95,false
"letter",9,7,square2cnf,16063,14212,0,0,0,95,false
"letter",9,7,affine,10105,3650,0,0,0,71,false
"letter",9,7,smart_certified,42009,14045,0,0,0,91,false
"letter",9,7,cals,55250,18191,39,47,0,73,false
"letter",9,7,cals_compact_explain,52293,11338,49,47,0,79,false
"letter_recognition-bin",0,5,unary,3327,239,0,0,0,47,false
"letter_recognition-bin",0,5,horn,5775,832,0,0,0,43,false
"letter_recognition-bin",0,5,antihorn,6476,877,0,0,0,47,false
"letter_recognition-bin",0,5,square2cnf,7213,7617,0,0,0,49,false
"letter_recognition-bin",0,5,affine,6555,2852,0,0,0,47,false
"letter_recognition-bin",0,5,smart_certified,29492,11261,0,0,0,49,false
"letter_recognition-bin",0,5,cals,63063,121504,25,25,0,37,false
"letter_recognition-bin",0,5,cals_compact_explain,46992,106767,24,33,0,37,false
"letter_recognition-bin",0,7,unary,4966,239,0,0,0,77,false
"letter_recognition-bin",0,7,horn,8379,1070,0,0,0,71,false
"letter_recognition-bin",0,7,antihorn,8557,1120,0,0,0,75,false
"letter_recognition-bin",0,7,square2cnf,9274,11198,0,0,0,73,false
"letter_recognition-bin",0,7,affine,13532,5282,0,0,0,93,false
"letter_recognition-bin",0,7,smart_certified,41298,15779,0,0,0,75,false
"letter_recognition-bin",0,7,cals,79157,172512,34,34,0,55,false
"letter_recognition-bin",0,7,cals_compact_explain,59421,135806,33,42,0,55,false
"letter_recognition-bin",1,5,unary,3380,240,0,0,0,49,false
"letter_recognition-bin",1,5,horn,5735,840,0,0,0,43,false
"letter_recognition-bin",1,5,antihorn,6591,894,0,0,0,49,false
"letter_recognition-bin",1,5,square2cnf,5867,6170,0,0,0,39,false
"letter_recognition-bin",1,5,affine,6481,2926,0,0,0,47,false
"letter_recognition-bin",1,5,smart_certified,29904,11441,0,0,0,47,false
"letter_recognition-bin",1,5,cals,56169,121663,23,25,0,35,false
"letter_recognition-bin",1,5,cals_compact_explain,44157,104670,27,33,0,37,false
"letter_recognition-bin",1,7,unary,5270,240,0,0,0,83,false
"letter_recognition-bin",1,7,horn,8938,1089,0,0,0,75,false
"letter_recognition-bin",1,7,antihorn,8703,1104,0,0,0,73,false
"letter_recognition-bin",1,7,square2cnf,8816,10225,0,0,0,67,false
"letter_recognition-bin",1,7,affine,12957,5448,0,0,0,91,false
"letter_recognition-bin",1,7,smart_certified,45697,17571,0,0,0,79,false
"letter_recognition-bin",1,7,cals,61969,166917,30,32,0,49,false
"letter_recognition-bin",1,7,cals_compact_explain,46260,116373,31,36,0,47,false
"letter_recognition-bin",2,5,unary,3388,239,0,0,0,49,false
"letter_recognition-bin",2,5,horn,5407,814,0,0,0,39,false
"letter_recognition-bin",2,5,antihorn,6061,844,0,0,0,43,false
"letter_recognition-bin",2,5,square2cnf,5365,5568,0,0,0,35,false
"letter_recognition-bin",2,5,affine,5957,2632,0,0,0,43,false
"letter_recognition-bin",2,5,smart_certified,29774,11531,0,0,0,47,false
"letter_recognition-bin",2,5,cals,85897,161404,28,33,0,41,false
"letter_recognition-bin",2,5,cals_compact_explain,44320,108877,28,33,0,41,false
"letter_recognition-bin",2,7,unary,5202,239,0,0,0,79,false
"letter_recognition-bin",2,7,horn,9071,1063,0,0,0,69,false
"letter_recognition-bin",2,7,antihorn,8496,1093,0,0,0,71,false
"letter_recognition-bin",2,7,square2cnf,7861,7942,0,0,0,51,false
"letter_recognition-bin",2,7,affine,12178,5000,0,0,0,85,false
"letter_recognition-bin",2,7,smart_certified,46224,18186,0,0,0,79,false
"letter_recognition-bin",2,7,cals,102664,224317,39,44,0,63,false
"letter_recognition-bin",2,7,cals_compact_explain,54977,142564,40,43,0,63,false
"letter_recognition-bin",3,5,unary,3396,236,0,0,0,49,false
"letter_recognition-bin",3,5,horn,5706,847,0,0,0,43,false
"letter_recognition-bin",3,5,antihorn,7148,892,0,0,0,49,false
"letter_recognition-bin",3,5,square2cnf,7507,7254,0,0,0,47,false
"letter_recognition-bin",3,5,affine,6573,2834,0,0,0,47,false
"letter_recognition-bin",3,5,smart_certified,29835,11537,0,0,0,47,false
"letter_recognition-bin",3,5,cals,82098,158295,27,32,0,39,false
"letter_recognition-bin",3,5,cals_compact_explain,53103,110108,24,35,0,39,false
"letter_recognition-bin",3,7,unary,5127,236,0,0,0,85,false
"letter_recognition-bin",3,7,horn,9330,1144,0,0,0,77,false
"letter_recognition-bin",3,7,antihorn,10593,1213,0,0,0,87,false
"letter_recognition-bin",3,7,square2cnf,10576,12015,0,0,0,79,false
"letter_recognition-bin",3,7,affine,12141,4628,0,0,0,83,false
"letter_recognition-bin",3,7,smart_certified,42008,15845,0,0,0,77,false
"letter_recognition-bin",3,7,cals,94438,219043,37,42,0,59,false
"letter_recognition-bin",3,7,cals_compact_explain,61860,141673,35,44,0,59,false
"letter_recognition-bin",4,5,unary,3600,240,0,0,0,51,false
"letter_recognition-bin",4,5,horn,5792,843,0,0,0,43,false
"letter_recognition-bin",4,5,antihorn,7033,891,0,0,0,49,false
"letter_recognition-bin",4,5,square2cnf,6119,6148,0,0,0,39,false
"letter_recognition-bin",4,5,affine,6627,2780,0,0,0,47,false
"letter_recognition-bin",4,5,smart_certified,33031,12899,0,0,0,51,false
"letter_recognition-bin",4,5,cals,54910,123169,25,25,0,37,false
"letter_recognition-bin",4,5,cals_compact_explain,45226,99479,26,31,0,37,false
"letter_recognition-bin",4,7,unary,5693,240,0,0,0,93,false
"letter_recognition-bin",4,7,horn,8708,1050,0,0,0,69,false
"letter_recognition-bin",4,7,antihorn,8895,1078,0,0,0,71,false
"letter_recognition-bin",4,7,square2cnf,9020,9942,0,0,0,65,false
"letter_recognition-bin",4,7,affine,13563,5660,0,0,0,95,false
"letter_recognition-bin",4,7,smart_certified,49886,20251,0,0,0,87,false
"letter_recognition-bin",4,7,cals,71904,172197,34,34,0,55,false
"letter_recognition-bin",4,7,cals_compact_explain,56850,124204,36,39,0,55,false
"letter_recognition-bin",5,5,unary,3547,237,0,0,0,53,false
"letter_recognition-bin",5,5,horn,5726,847,0,0,0,43,false
"letter_recognition-bin",5,5,antihorn,6662,879,0,0,0,47,false
"letter_recognition-bin",5,5,square2cnf,7187,7372,0,0,0,47,false
"letter_recognition-bin",5,5,affine,6423,2984,0,0,0,47,false
"letter_recognition-bin",5,5,smart_certified,29940,11554,0,0,0,47,false
"letter_recognition-bin",5,5,cals,70206,170760,28,33,0,41,false
"letter_recognition-bin",5,5,cals_compact_explain,54956,113837,24,37,0,41,false
"letter_recognition-bin",5,7,unary,5498,237,0,0,0,95,false
"letter_recognition-bin",5,7,horn,8777,1103,0,0,0,73,false
"letter_recognition-bin",5,7,antihorn,8744,1098,0,0,0,73,false
"letter_recognition-bin",5,7,square2cnf,9261,10934,0,0,0,71,false
"letter_recognition-bin",5,7,affine,10018,4706,0,0,0,73,false
"letter_recognition-bin",5,7,smart_certified,44518,16946,0,0,0,81,false
"letter_recognition-bin",5,7,cals,84150,244252,40,45,0,65,false
"letter_recognition-bin",5,7,cals_compact_explain,63487,141228,34,45,0,59,false
"letter_recognition-bin",6,5,unary,3622,239,0,0,0,53,false
"letter_recognition-bin",6,5,horn,5977,830,0,0,0,41,false
"letter_recognition-bin",6,5,antihorn,6705,874,0,0,0,47,false
"letter_recognition-bin",6,5,square2cnf,6907,7053,0,0,0,45,false
"letter_recognition-bin",6,5,affine,6031,2558,0,0,0,43,false
"letter_recognition-bin",6,5,smart_certified,31985,12479,0,0,0,51,false
"letter_recognition-bin",6,5,cals,85535,168815,29,34,0,43,false
"letter_recognition-bin",6,5,cals_compact_explain,43395,110208,30,33,0,43,false
"letter_recognition-bin",6,7,unary,5258,239,0,0,0,83,false
"letter_recognition-bin",6,7,horn,10312,1177,0,0,0,81,false
"letter_recognition-bin",6,7,antihorn,9267,1090,0,0,0,75,false
"letter_recognition-bin",6,7,square2cnf,8923,10015,0,0,0,65,false
"letter_recognition-bin",6,7,affine,11274,5086,0,0,0,81,false
"letter_recognition-bin",6,7,smart_certified,44437,16978,0,0,0,71,false
"letter_recognition-bin",6,7,cals,98147,222357,38,43,0,61,false
"letter_recognition-bin",6,7,cals_compact_explain,52232,137431,40,41,0,61,false
"letter_recognition-bin",7,5,unary,3692,240,0,0,0,53,false
"letter_recognition-bin",7,5,horn,5923,861,0,0,0,45,false
"letter_recognition-bin",7,5,antihorn,6472,858,0,0,0,45,false
"letter_recognition-bin",7,5,square2cnf,6513,6750,0,0,0,43,false
"letter_recognition-bin",7,5,affine,5433,2338,0,0,0,39,false
"letter_recognition-bin",7,5,smart_certified,32180,11853,0,0,0,53,false
"letter_recognition-bin",7,5,cals,69020,137886,26,28,0,41,false
"letter_recognition-bin",7,5,cals_compact_explain,54066,113575,25,36,0,41,false
"letter_recognition-bin",7,7,unary,5706,240,0,0,0,89,false
"letter_recognition-bin",7,7,horn,10162,1138,0,0,0,77,false
"letter_recognition-bin",7,7,antihorn,9089,1116,0,0,0,75,false
"letter_recognition-bin",7,7,square2cnf,8910,10295,0,0,0,67,false
"letter_recognition-bin",7,7,affine,11127,4824,0,0,0,79,false
"letter_recognition-bin",7,7,smart_certified,45830,16917,0,0,0,83,false
"letter_recognition-bin",7,7,cals,80044,199937,36,38,0,61,false
"letter_recognition-bin",7,7,cals_compact_explain,61951,145042,34,45,0,59,false
"letter_recognition-bin",8,5,unary,3442,240,0,0,0,51,false
"letter_recognition-bin",8,5,horn,6023,855,0,0,0,45,false
"letter_recognition-bin",8,5,antihorn,7198,894,0,0,0,49,false
"letter_recognition-bin",8,5,square2cnf,7574,7610,0,0,0,49,false
"letter_recognition-bin",8,5,affine,6138,2860,0,0,0,45,false
"letter_recognition-bin",8,5,smart_certified,29078,11256,0,0,0,49,false
"letter_recognition-bin",8,5,cals,68051,157504,26,31,0,37,false
"letter_recognition-bin",8,5,cals_compact_explain,34786,92457,29,28,0,37,false
"letter_recognition-bin",8,7,unary,5325,240,0,0,0,83,false
"letter_recognition-bin",8,7,horn,9596,1111,0,0,0,75,false
"letter_recognition-bin",8,7,antihorn,9805,1144,0,0,0,79,false
"letter_recognition-bin",8,7,square2cnf,8815,9710,0,0,0,63,false
"letter_recognition-bin",8,7,affine,13072,5742,0,0,0,93,false
"letter_recognition-bin",8,7,smart_certified,45888,18023,0,0,0,83,false
"letter_recognition-bin",8,7,cals,79507,218932,36,41,0,57,false
"letter_recognition-bin",8,7,cals_compact_explain,45334,126395,39,38,0,57,false
"letter_recognition-bin",9,5,unary,3160,240,0,0,0,45,false
"letter_recognition-bin",9,5,horn,6017,861,0,0,0,45,false
"letter_recognition-bin",9,5,antihorn,7290,915,0,0,0,51,false
"letter_recognition-bin",9,5,square2cnf,6724,6751,0,0,0,43,false
"letter_recognition-bin",9,5,affine,6602,3214,0,0,0,49,false
"letter_recognition-bin",9,5,smart_certified,26081,9872,0,0,0,43,false
"letter_recognition-bin",9,5,cals,61027,138035,27,27,0,41,false
"letter_recognition-bin",9,5,cals_compact_explain,55694,110681,25,36,0,41,false
"letter_recognition-bin",9,7,unary,5090,240,0,0,0,79,false
"letter_recognition-bin",9,7,horn,8778,1092,0,0,0,73,false
"letter_recognition-bin",9,7,antihorn,9179,1131,0,0,0,77,false
"letter_recognition-bin",9,7,square2cnf,9094,10004,0,0,0,65,false
"letter_recognition-bin",9,7,affine,12666,5330,0,0,0,89,false
"letter_recognition-bin",9,7,smart_certified,39958,14860,0,0,0,73,false
"letter_recognition-bin",9,7,cals,73044,199210,37,37,0,61,false
"letter_recognition-bin",9,7,cals_compact_explain,58534,143761,39,44,0,63,false
"lymph",0,5,unary,535,67,0,0,0,31,false
"lymph",0,5,horn,750,282,0,0,0,19,false
"lymph",0,5,antihorn,750,282,0,0,0,19,false
"lymph",0,5,square2cnf,1047,2762,0,0,0,19,false
"lymph",0,5,affine,1051,2030,0,0,0,27,false
"lymph",0,5,smart_certified,3734,3868,0,0,0,25,false
"lymph",0,5,cals,10263,75711,19,14,0,13,false
"lymph",0,5,cals_compact_explain,3945,8786,9,9,0,13,false
"lymph",0,7,unary,580,67,0,0,0,37,false
"lymph",0,7,horn,870,318,0,0,0,23,false
"lymph",0,7,antihorn,870,318,0,0,0,23,false
"lymph",0,7,square2cnf,1112,3062,0,0,0,21,false
"lymph",0,7,affine,1051,2030,0,0,0,27,false
"lymph",0,7,smart_certified,3734,3868,0,0,0,25,false
"lymph",0,7,cals,10244,75730,19,14,0,13,false
"lymph",0,7,cals_compact_explain,4171,8834,10,10,0,15,false
"lymph",1,5,unary,520,67,0,0,0,29,false
"lymph",1,5,horn,761,291,0,0,0,19,false
"lymph",1,5,antihorn,761,291,0,0,0,19,false
"lymph",1,5,square2cnf,992,2839,0,0,0,19,false
"lymph",1,5,affine,1382,1936,0,0,0,29,false
"lymph",1,5,smart_certified,1462,871,0,0,0,19,false
"lymph",1,5,cals,18385,73597,11,15,0,13,false
"lymph",1,5,cals_compact_explain,3138,25380,14,7,0,13,false
"lymph",1,7,unary,559,67,0,0,0,33,false
"lymph",1,7,horn,824,309,0,0,0,21,false
"lymph",1,7,antihorn,824,309,0,0,0,21,false
"lymph",1,7,square2cnf,1079,3139,0,0,0,21,false
"lymph",1,7,affine,1497,2058,0,0,0,31,false
"lymph",1,7,smart_certified,1462,871,0,0,0,19,false
"lymph",1,7,cals,18388,73594,11,15,0,13,false
"lymph",1,7,cals_compact_explain,3138,25380,14,7,0,13,false
"lymph",2,5,unary,479,67,0,0,0,25,false
"lymph",2,5,horn,926,329,0,0,0,23,false
"lymph",2,5,antihorn,767,305,0,0,0,21,false
"lymph",2,5,square2cnf,1028,3104,0,0,0,21,false
"lymph",2,5,affine,950,1894,0,0,0,25,false
"lymph",2,5,smart_certified,2713,2750,0,0,0,21,false
"lymph",2,5,cals,19007,24845,11,21,0,19,false
"lymph",2,5,cals_compact_explain,5744,16248,17,16,0,19,false
"lymph",2,7,unary,531,67,0,0,0,29,false
"lymph",2,7,horn,926,329,0,0,0,23,false
"lymph",2,7,antihorn,767,305,0,0,0,21,false
"lymph",2,7,square2cnf,1028,3104,0,0,0,21,false
"lymph",2,7,affine,1083,1998,0,0,0,27,false
"lymph",2,7,smart_certified,2713,2750,0,0,0,21,false
"lymph",2,7,cals,19002,24850,11,21,0,19,false
"lymph",2,7,cals_compact_explain,5744,16248,17,16,0,19,false
"lymph",3,5,unary,499,66,0,0,0,25,false
"lymph",3,5,horn,942,312,0,0,0,23,false
"lymph",3,5,antihorn,942,312,0,0,0,23,false
"lymph",3,5,square2cnf,1351,3292,0,0,0,23,false
"lymph",3,5,affine,975,1632,0,0,0,23,false
"lymph",3,5,smart_certified,2348,1858,0,0,0,23,false
"lymph",3,5,cals,7709,20790,12,14,0,13,false
"lymph",3,5,cals_compact_explain,4731,7975,9,12,0,13,false
"lymph",3,7,unary,559,66,0,0,0,29,false
"lymph",3,7,horn,942,312,0,0,0,23,false
"lymph",3,7,antihorn,942,312,0,0,0,23,false
"lymph",3,7,square2cnf,1351,3292,0,0,0,23,false
"lymph",3,7,affine,1116,1728,0,0,0,25,false
"lymph",3,7,smart_certified,2348,1858,0,0,0,23,false
"lymph",3,7,cals,8225,20923,14,16,0,17,false
"lymph",3,7,cals_compact_explain,5130,8098,11,14,0,17,false
"lymph",4,5,unary,566,68,0,0,0,29,false
"lymph",4,5,horn,697,249,0,0,0,15,false
"lymph",4,5,antihorn,697,249,0,0,0,15,false
"lymph",4,5,square2cnf,882,2885,0,0,0,19,false
"lymph",4,5,affine,1126,1718,0,0,0,25,false
"lymph",4,5,smart_certified,1524,873,0,0,0,19,false
"lymph",4,5,cals,17900,81577,10,16,0,13,false
"lymph",4,5,cals_compact_explain,4805,35788,16,10,0,13,false
"lymph",4,7,unary,690,68,0,0,0,39,false
"lymph",4,7,horn,1002,320,0,0,0,23,false
"lymph",4,7,antihorn,960,320,0,0,0,23,false
"lymph",4,7,square2cnf,882,2885,0,0,0,19,false
"lymph",4,7,affine,1197,1884,0,0,0,27,false
"lymph",4,7,smart_certified,1615,891,0,0,0,21,false
"lymph",4,7,cals,17890,81587,10,16,0,13,false
"lymph",4,7,cals_compact_explain,4805,35788,16,10,0,13,false
"lymph",5,5,unary,421,66,0,0,0,25,false
"lymph",5,5,horn,744,319,0,0,0,23,false
"lymph",5,5,antihorn,750,291,0,0,0,19,false
"lymph",5,5,square2cnf,973,2822,0,0,0,19,false
"lymph",5,5,affine,748,1622,0,0,0,21,false
"lymph",5,5,smart_certified,2925,3463,0,0,0,21,false
"lymph",5,5,cals,9917,24106,12,14,0,13,false
"lymph",5,5,cals_compact_explain,5069,18777,11,15,0,15,false
"lymph",5,7,unary,435,66,0,0,0,27,false
"lymph",5,7,horn,744,319,0,0,0,23,false
"lymph",5,7,antihorn,822,306,0,0,0,21,false
"lymph",5,7,square2cnf,1076,3112,0,0,0,21,false
"lymph",5,7,affine,748,1622,0,0,0,21,false
"lymph",5,7,smart_certified,2925,3463,0,0,0,21,false
"lymph",5,7,cals,9902,24121,12,14,0,13,false
"lymph",5,7,cals_compact_explain,5069,18777,11,15,0,15,false
"lymph",6,5,unary,529,68,0,0,0,27,false
"lymph",6,5,horn,959,342,0,0,0,25,false
"lymph",6,5,antihorn,891,341,0,0,0,25,false
"lymph",6,5,square2cnf,1170,3431,0,0,0,23,false
"lymph",6,5,affine,1131,1476,0,0,0,23,false
"lymph",6,5,smart_certified,3252,3635,0,0,0,27,false
"lymph",6,5,cals,20036,95838,10,18,0,15,false
"lymph",6,5,cals_compact_explain,6786,24348,16,14,0,19,false
"lymph",6,7,unary,622,68,0,0,0,37,false
"lymph",6,7,horn,959,342,0,0,0,25,false
"lymph",6,7,antihorn,935,356,0,0,0,27,false
"lymph",6,7,square2cnf,1170,3431,0,0,0,23,false
"lymph",6,7,affine,1462,1856,0,0,0,29,false
"lymph",6,7,smart_certified,3252,3635,0,0,0,27,false
"lymph",6,7,cals,20322,102196,11,19,0,17,false
"lymph",6,7,cals_compact_explain,6786,24348,16,14,0,19,false
"lymph",7,5,unary,461,68,0,0,0,25,false
"lymph",7,5,horn,752,294,0,0,0,19,false
"lymph",7,5,antihorn,753,293,0,0,0,19,false
"lymph",7,5,square2cnf,964,2845,0,0,0,19,false
"lymph",7,5,affine,905,1702,0,0,0,23,false
"lymph",7,5,smart_certified,2798,2715,0,0,0,19,false
"lymph",7,5,cals,8020,27613,9,17,0,13,false
"lymph",7,5,cals_compact_explain,5150,15237,9,14,0,13,false
"lymph",7,7,unary,496,68,0,0,0,29,false
"lymph",7,7,horn,752,294,0,0,0,19,false
"lymph",7,7,antihorn,753,293,0,0,0,19,false
"lymph",7,7,square2cnf,964,2845,0,0,0,19,false
"lymph",7,7,affine,905,1702,0,0,0,23,false
"lymph",7,7,smart_certified,2798,2715,0,0,0,19,false
"lymph",7,7,cals,8024,27609,9,17,0,13,false
"lymph",7,7,cals_compact_explain,5150,15237,9,14,0,13,false
"lymph",8,5,unary,467,68,0,0,0,25,false
"lymph",8,5,horn,744,279,0,0,0,17,false
"lymph",8,5,antihorn,827,315,0,0,0,21,false
"lymph",8,5,square2cnf,1331,4042,0,0,0,27,false
"lymph",8,5,affine,1076,1768,0,0,0,25,false
"lymph",8,5,smart_certified,2637,2836,0,0,0,19,false
"lymph",8,5,cals,14809,78080,11,15,0,13,false
"lymph",8,5,cals_compact_explain,6061,43246,9,14,0,13,false
"lymph",8,7,unary,498,68,0,0,0,29,false
"lymph",8,7,horn,913,306,0,0,0,21,false
"lymph",8,7,antihorn,998,363,0,0,0,27,false
"lymph",8,7,square2cnf,1418,4332,0,0,0,29,false
"lymph",8,7,affine,1147,1934,0,0,0,27,false
"lymph",8,7,smart_certified,2701,2851,0,0,0,21,false
"lymph",8,7,cals,15139,84460,12,16,0,15,false
"lymph",8,7,cals_compact_explain,6251,46917,11,15,0,15,false
"lymph",9,5,unary,514,68,0,0,0,27,false
"lymph",9,5,horn,715,272,0,0,0,17,false
"lymph",9,5,antihorn,759,289,0,0,0,19,false
"lymph",9,5,square2cnf,926,2534,0,0,0,17,false
"lymph",9,5,affine,959,1648,0,0,0,23,false
"lymph",9,5,smart_certified,1620,885,0,0,0,21,false
"lymph",9,5,cals,19636,84310,11,15,0,13,false
"lymph",9,5,cals_compact_explain,4021,32572,17,9,0,15,false
"lymph",9,7,unary,564,68,0,0,0,31,false
"lymph",9,7,horn,833,308,0,0,0,21,false
"lymph",9,7,antihorn,913,340,0,0,0,25,false
"lymph",9,7,square2cnf,1092,3134,0,0,0,21,false
"lymph",9,7,affine,1048,1796,0,0,0,25,false
"lymph",9,7,smart_certified,1708,903,0,0,0,23,false
"lymph",9,7,cals,19635,84311,11,15,0,13,false
"lymph",9,7,cals_compact_explain,4021,32572,17,9,0,15,false
"magic04-bin",0,5,unary,1885,86,0,0,0,63,false
"magic04-bin",0,5,horn,3739,694,0,0,0,63,false
"magic04-bin",0,5,antihorn,3473,677,0,0,0,61,false
"magic04-bin",0,5,square2cnf,4693,8877,0,0,0,61,false
"magic04-bin",0,5,affine,4252,3398,0,0,0,61,false
"magic04-bin",0,5,smart_certified,16373,11285,0,0,0,63,false
"magic04-bin",0,5,cals,34264,19857,35,39,0,61,false
"magic04-bin",0,5,cals_compact_explain,18645,9480,43,44,0,61,false
"magic04-bin",0,7,unary,5739,86,0,0,0,231,false
"magic04-bin",0,7,horn,11956,1929,0,0,0,233,false
"magic04-bin",0,7,antihorn,10019,1664,0,0,0,195,false
"magic04-bin",0,7,square2cnf,15152,30710,0,0,0,213,false
"magic04-bin",0,7,affine,16983,11832,0,0,0,227,false
"magic04-bin",0,7,smart_certified,50724,39352,0,0,0,229,false
"magic04-bin",0,7,cals,61741,23286,104,108,0,199,false
"magic04-bin",0,7,cals_compact_explain,42056,12397,130,119,0,223,false
"magic04-bin",1,5,unary,1905,86,0,0,0,63,false
"magic04-bin",1,5,horn,3767,712,0,0,0,63,false
"magic04-bin",1,5,antihorn,3904,695,0,0,0,63,false
"magic04-bin",1,5,square2cnf,4654,9072,0,0,0,61,false
"magic04-bin",1,5,affine,4275,3630,0,0,0,63,false
"magic04-bin",1,5,smart_certified,18522,14263,0,0,0,63,false
"magic04-bin",1,5,cals,40096,21595,34,40,0,61,false
"magic04-bin",1,5,cals_compact_explain,19462,12170,39,43,0,63,false
"magic04-bin",1,7,unary,5633,86,0,0,0,219,false
"magic04-bin",1,7,horn,11872,1880,0,0,0,223,false
"magic04-bin",1,7,antihorn,12672,1921,0,0,0,235,false
"magic04-bin",1,7,square2cnf,15195,31727,0,0,0,217,false
"magic04-bin",1,7,affine,18483,12372,0,0,0,243,false
"magic04-bin",1,7,smart_certified,56889,45821,0,0,0,219,false
"magic04-bin",1,7,cals,68989,25284,105,111,0,203,false
"magic04-bin",1,7,cals_compact_explain,44313,15373,128,121,0,229,false
"magic04-bin",2,5,unary,1902,86,0,0,0,63,false
"magic04-bin",2,5,horn,3866,683,0,0,0,63,false
"magic04-bin",2,5,antihorn,3945,662,0,0,0,63,false
"magic04-bin",2,5,square2cnf,4652,9182,0,0,0,61,false
"magic04-bin",2,5,affine,4463,3442,0,0,0,63,false
"magic04-bin",2,5,smart_certified,18246,14546,0,0,0,63,false
"magic04-bin",2,5,cals,40810,22599,33,43,0,63,false
"magic04-bin",2,5,cals_compact_explain,17473,9330,43,40,0,63,false
"magic04-bin",2,7,unary,5682,86,0,0,0,219,false
"magic04-bin",2,7,horn,12487,1920,0,0,0,231,false
"magic04-bin",2,7,antihorn,12306,1871,0,0,0,223,false
"magic04-bin",2,7,square2cnf,15670,32172,0,0,0,221,false
"magic04-bin",2,7,affine,18049,12296,0,0,0,239,false
"magic04-bin",2,7,smart_certified,57514,47818,0,0,0,219,false
"magic04-bin",2,7,cals,73809,26783,117,127,0,231,false
"magic04-bin",2,7,cals_compact_explain,43486,12594,129,122,0,231,false
"magic04-bin",3,5,unary,1914,86,0,0,0,63,false
"magic04-bin",3,5,horn,3514,688,0,0,0,61,false
"magic04-bin",3,5,antihorn,3582,673,0,0,0,61,false
"magic04-bin",3,5,square2cnf,4615,9037,0,0,0,61,false
"magic04-bin",3,5,affine,4145,3760,0,0,0,63,false
"magic04-bin",3,5,smart_certified,17537,13659,0,0,0,63,false
"magic04-bin",3,5,cals,35825,19396,34,40,0,61,false
"magic04-bin",3,5,cals_compact_explain,16390,9188,52,37,0,63,false
"magic04-bin",3,7,unary,5604,86,0,0,0,215,false
"magic04-bin",3,7,horn,11004,1776,0,0,0,213,false
"magic04-bin",3,7,antihorn,9884,1617,0,0,0,189,false
"magic04-bin",3,7,square2cnf,15772,32342,0,0,0,225,false
"magic04-bin",3,7,affine,15931,11864,0,0,0,219,false
"magic04-bin",3,7,smart_certified,49682,37934,0,0,0,217,false
"magic04-bin",3,7,cals,63678,22825,104,110,0,201,false
"magic04-bin",3,7,cals_compact_explain,41749,12377,132,117,0,223,false
"magic04-bin",4,5,unary,1916,86,0,0,0,63,false
"magic04-bin",4,5,horn,3788,699,0,0,0,63,false
"magic04-bin",4,5,antihorn,3428,637,0,0,0,59,false
"magic04-bin",4,5,square2cnf,4500,9084,0,0,0,61,false
"magic04-bin",4,5,affine,4242,3408,0,0,0,61,false
"magic04-bin",4,5,smart_certified,18457,14432,0,0,0,63,false
"magic04-bin",4,5,cals,41668,20945,32,42,0,61,false
"magic04-bin",4,5,cals_compact_explain,16651,9238,44,39,0,63,false
"magic04-bin",4,7,unary,5826,86,0,0,0,225,false
"magic04-bin",4,7,horn,12099,1913,0,0,0,231,false
"magic04-bin",4,7,antihorn,9048,1471,0,0,0,171,false
"magic04-bin",4,7,square2cnf,14768,30238,0,0,0,209,false
"magic04-bin",4,7,affine,16358,10672,0,0,0,213,false
"magic04-bin",4,7,smart_certified,57612,46683,0,0,0,221,false
"magic04-bin",4,7,cals,68456,24619,100,110,0,197,false
"magic04-bin",4,7,cals_compact_explain,41073,12299,125,116,0,221,false
"magic04-bin",5,5,unary,1904,85,0,0,0,63,false
"magic04-bin",5,5,horn,3834,665,0,0,0,63,false
"magic04-bin",5,5,antihorn,3601,626,0,0,0,59,false
"magic04-bin",5,5,square2cnf,4865,9296,0,0,0,63,false
"magic04-bin",5,5,affine,4208,3442,0,0,0,61,false
"magic04-bin",5,5,smart_certified,18549,14222,0,0,0,63,false
"magic04-bin",5,5,cals,41034,20869,33,41,0,61,false
"magic04-bin",5,5,cals_compact_explain,21050,9595,33,50,0,61,false
"magic04-bin",5,7,unary,5730,85,0,0,0,219,false
"magic04-bin",5,7,horn,12121,1923,0,0,0,227,false
"magic04-bin",5,7,antihorn,10330,1551,0,0,0,191,false
"magic04-bin",5,7,square2cnf,15567,32179,0,0,0,221,false
"magic04-bin",5,7,affine,16120,10910,0,0,0,213,false
"magic04-bin",5,7,smart_certified,56278,46592,0,0,0,217,false
"magic04-bin",5,7,cals,65955,24149,95,103,0,185,false
"magic04-bin",5,7,cals_compact_explain,39166,11995,114,106,0,191,false
"magic04-bin",6,5,unary,1898,85,0,0,0,63,false
"magic04-bin",6,5,horn,3856,671,0,0,0,63,false
"magic04-bin",6,5,antihorn,3912,683,0,0,0,63,false
"magic04-bin",6,5,square2cnf,4694,9034,0,0,0,61,false
"magic04-bin",6,5,affine,4225,3680,0,0,0,63,false
"magic04-bin",6,5,smart_certified,15747,11958,0,0,0,63,false
"magic04-bin",6,5,cals,34466,20436,34,40,0,61,false
"magic04-bin",6,5,cals_compact_explain,17610,11474,47,37,0,61,false
"magic04-bin",6,7,unary,5845,85,0,0,0,227,false
"magic04-bin",6,7,horn,12307,1911,0,0,0,233,false
"magic04-bin",6,7,antihorn,11956,1800,0,0,0,215,false
"magic04-bin",6,7,square2cnf,15019,30869,0,0,0,211,false
"magic04-bin",6,7,affine,17396,11674,0,0,0,229,false
"magic04-bin",6,7,smart_certified,50557,39865,0,0,0,219,false
"magic04-bin",6,7,cals,62638,23917,104,110,0,201,false
"magic04-bin",6,7,cals_compact_explain,41264,14436,120,110,0,207,false
"magic04-bin",7,5,unary,1897,86,0,0,0,63,false
"magic04-bin",7,5,horn,3877,689,0,0,0,63,false
"magic04-bin",7,5,antihorn,3538,654,0,0,0,59,false
"magic04-bin",7,5,square2cnf,4616,9102,0,0,0,61,false
"magic04-bin",7,5,affine,4415,3490,0,0,0,63,false
"magic04-bin",7,5,smart_certified,18274,14482,0,0,0,63,false
"magic04-bin",7,5,cals,33387,21530,34,40,0,61,false
"magic04-bin",7,5,cals_compact_explain,16934,11604,48,36,0,61,false
"magic04-bin",7,7,unary,5617,86,0,0,0,217,false
"magic04-bin",7,7,horn,12637,2004,0,0,0,235,false
"magic04-bin",7,7,antihorn,10282,1622,0,0,0,191,false
"magic04-bin",7,7,square2cnf,15427,32066,0,0,0,219,false
"magic04-bin",7,7,affine,17477,11848,0,0,0,231,false
"magic04-bin",7,7,smart_certified,54339,44149,0,0,0,215,false
"magic04-bin",7,7,cals,63735,25430,109,115,0,211,false
"magic04-bin",7,7,cals_compact_explain,40617,14513,120,108,0,205,false
"magic04-bin",8,5,unary,1890,85,0,0,0,63,false
"magic04-bin",8,5,horn,3793,692,0,0,0,63,false
"magic04-bin",8,5,antihorn,3875,660,0,0,0,63,false
"magic04-bin",8,5,square2cnf,4514,9024,0,0,0,61,false
"magic04-bin",8,5,affine,4179,3726,0,0,0,63,false
"magic04-bin",8,5,smart_certified,18293,14380,0,0,0,63,false
"magic04-bin",8,5,cals,43060,20396,33,43,0,63,false
"magic04-bin",8,5,cals_compact_explain,16081,9234,49,37,0,63,false
"magic04-bin",8,7,unary,5613,85,0,0,0,219,false
"magic04-bin",8,7,horn,11920,1928,0,0,0,229,false
"magic04-bin",8,7,antihorn,11784,1879,0,0,0,221,false
"magic04-bin",8,7,square2cnf,14365,29184,0,0,0,203,false
"magic04-bin",8,7,affine,17660,11410,0,0,0,229,false
"magic04-bin",8,7,smart_certified,55951,46385,0,0,0,217,false
"magic04-bin",8,7,cals,75275,24465,114,124,0,225,false
"magic04-bin",8,7,cals_compact_explain,42730,12534,133,121,0,231,false
"magic04-bin",9,5,unary,1900,85,0,0,0,63,false
"magic04-bin",9,5,horn,3754,677,0,0,0,63,false
"magic04-bin",9,5,antihorn,3733,644,0,0,0,61,false
"magic04-bin",9,5,square2cnf,4815,9300,0,0,0,63,false
"magic04-bin",9,5,affine,4299,3606,0,0,0,63,false
"magic04-bin",9,5,smart_certified,15757,11956,0,0,0,63,false
"magic04-bin",9,5,cals,34262,20751,34,40,0,61,false
"magic04-bin",9,5,cals_compact_explain,17042,9203,45,39,0,61,false
"magic04-bin",9,7,unary,5863,85,0,0,0,229,false
"magic04-bin",9,7,horn,12051,1868,0,0,0,231,false
"magic04-bin",9,7,antihorn,11288,1769,0,0,0,211,false
"magic04-bin",9,7,square2cnf,15825,31570,0,0,0,219,false
"magic04-bin",9,7,affine,17163,12162,0,0,0,231,false
"magic04-bin",9,7,smart_certified,52123,39302,0,0,0,227,false
"magic04-bin",9,7,cals,63991,24516,106,112,0,205,false
"magic04-bin",9,7,cals_compact_explain,41813,12404,127,115,0,219,false
"messidor-bin",0,5,unary,1293,82,0,0,0,51,false
"messidor-bin",0,5,horn,2765,575,0,0,0,51,false
"messidor-bin",0,5,antihorn,1894,450,0,0,0,35,false
"messidor-bin",0,5,square2cnf,3075,6745,0,0,0,45,false
"messidor-bin",0,5,affine,2233,2807,0,0,0,41,false
"messidor-bin",0,5,smart_certified,11032,10400,0,0,0,47,false
"messidor-bin",0,5,cals,23753,19824,25,33,0,45,false
"messidor-bin",0,5,cals_compact_explain,16553,9339,24,42,0,45,false
"messidor-bin",0,7,unary,2265,82,0,0,0,101,false
"messidor-bin",0,7,horn,5038,968,0,0,0,103,false
"messidor-bin",0,7,antihorn,3381,694,0,0,0,65,false
"messidor-bin",0,7,square2cnf,6123,14706,0,0,0,99,false
"messidor-bin",0,7,affine,4757,5575,0,0,0,83,false
"messidor-bin",0,7,smart_certified,17955,16515,0,0,0,93,false
"messidor-bin",0,7,cals,31229,21407,49,57,0,93,false
"messidor-bin",0,7,cals_compact_explain,21471,10365,62,64,0,103,false
"messidor-bin",1,5,unary,1209,81,0,0,0,47,false
"messidor-bin",1,5,horn,2597,552,0,0,0,47,false
"messidor-bin",1,5,antihorn,2325,522,0,0,0,43,false
"messidor-bin",1,5,square2cnf,2938,6427,0,0,0,43,false
"messidor-bin",1,5,affine,2167,2117,0,0,0,35,false
"messidor-bin",1,5,smart_certified,10757,10441,0,0,0,45,false
"messidor-bin",1,5,cals,42085,159561,23,29,0,39,false
"messidor-bin",1,5,cals_compact_explain,19707,13642,25,35,0,43,false
"messidor-bin",1,7,unary,2160,81,0,0,0,91,false
"messidor-bin",1,7,horn,4900,984,0,0,0,97,false
"messidor-bin",1,7,antihorn,4184,846,0,0,0,85,false
"messidor-bin",1,7,square2cnf,6342,13411,0,0,0,91,false
"messidor-bin",1,7,affine,3615,3441,0,0,0,57,false
"messidor-bin",1,7,smart_certified,19289,18553,0,0,0,89,false
"messidor-bin",1,7,cals,52709,298758,45,51,0,83,false
"messidor-bin",1,7,cals_compact_explain,25593,14860,57,57,0,97,false
"messidor-bin",2,5,unary,1307,83,0,0,0,51,false
"messidor-bin",2,5,horn,2707,598,0,0,0,51,false
"messidor-bin",2,5,antihorn,2339,530,0,0,0,43,false
"messidor-bin",2,5,square2cnf,3732,7417,0,0,0,51,false
"messidor-bin",2,5,affine,2527,2261,0,0,0,39,false
"messidor-bin",2,5,smart_certified,10866,10057,0,0,0,51,false
"messidor-bin",2,5,cals,18505,20480,26,36,0,49,false
"messidor-bin",2,5,cals_compact_explain,13571,12325,36,34,0,53,false
"messidor-bin",2,7,unary,2348,83,0,0,0,103,false
"messidor-bin",2,7,horn,5409,1096,0,0,0,113,false
"messidor-bin",2,7,antihorn,4506,953,0,0,0,97,false
"messidor-bin",2,7,square2cnf,6048,13321,0,0,0,91,false
"messidor-bin",2,7,affine,4137,3927,0,0,0,65,false
"messidor-bin",2,7,smart_certified,18519,16955,0,0,0,101,false
"messidor-bin",2,7,cals,28383,22133,55,65,0,107,false
"messidor-bin",2,7,cals_compact_explain,21640,13765,67,65,0,115,false
"messidor-bin",3,5,unary,1278,79,0,0,0,51,false
"messidor-bin",3,5,horn,3026,623,0,0,0,55,false
"messidor-bin",3,5,antihorn,2243,503,0,0,0,41,false
"messidor-bin",3,5,square2cnf,3287,7030,0,0,0,47,false
"messidor-bin",3,5,affine,2267,2269,0,0,0,37,false
"messidor-bin",3,5,smart_certified,11369,10745,0,0,0,49,false
"messidor-bin",3,5,cals,23635,24025,28,40,0,55,false
"messidor-bin",3,5,cals_compact_explain,14372,9267,32,35,0,53,false
"messidor-bin",3,7,unary,2258,79,0,0,0,101,false
"messidor-bin",3,7,horn,6155,1222,0,0,0,127,false
"messidor-bin",3,7,antihorn,4329,877,0,0,0,87,false
"messidor-bin",3,7,square2cnf,6900,15773,0,0,0,107,false
"messidor-bin",3,7,affine,3585,3471,0,0,0,57,false
"messidor-bin",3,7,smart_certified,20005,19088,0,0,0,99,false
"messidor-bin",3,7,cals,36139,26105,64,76,0,127,false
"messidor-bin",3,7,cals_compact_explain,25620,11066,72,75,0,133,false
"messidor-bin",4,5,unary,1094,81,0,0,0,41,false
"messidor-bin",4,5,horn,2260,510,0,0,0,41,false
"messidor-bin",4,5,antihorn,2305,519,0,0,0,41,false
"messidor-bin",4,5,square2cnf,2705,5848,0,0,0,39,false
"messidor-bin",4,5,affine,1777,1751,0,0,0,29,false
"messidor-bin",4,5,smart_certified,9722,8974,0,0,0,39,false
"messidor-bin",4,5,cals,15189,14851,18,30,0,35,false
"messidor-bin",4,5,cals_compact_explain,12722,5175,28,29,0,37,false
"messidor-bin",4,7,unary,2152,81,0,0,0,91,false
"messidor-bin",4,7,horn,4654,967,0,0,0,95,false
"messidor-bin",4,7,antihorn,4295,865,0,0,0,85,false
"messidor-bin",4,7,square2cnf,5148,11825,0,0,0,79,false
"messidor-bin",4,7,affine,3355,2945,0,0,0,51,false
"messidor-bin",4,7,smart_certified,18166,17080,0,0,0,81,false
"messidor-bin",4,7,cals,24119,16280,42,54,0,83,false
"messidor-bin",4,7,cals_compact_explain,20132,6438,53,54,0,87,false
"messidor-bin",5,5,unary,1201,83,0,0,0,47,false
"messidor-bin",5,5,horn,2229,515,0,0,0,41,false
"messidor-bin",5,5,antihorn,2360,565,0,0,0,47,false
"messidor-bin",5,5,square2cnf,2646,5857,0,0,0,39,false
"messidor-bin",5,5,affine,2247,2037,0,0,0,35,false
"messidor-bin",5,5,smart_certified,9636,9191,0,0,0,45,false
"messidor-bin",5,5,cals,33150,18702,24,36,0,47,false
"messidor-bin",5,5,cals_compact_explain,13306,9133,33,34,0,47,false
"messidor-bin",5,7,unary,2294,83,0,0,0,97,false
"messidor-bin",5,7,horn,4632,984,0,0,0,97,false
"messidor-bin",5,7,antihorn,3776,847,0,0,0,83,false
"messidor-bin",5,7,square2cnf,4879,11505,0,0,0,77,false
"messidor-bin",5,7,affine,3403,3149,0,0,0,53,false
"messidor-bin",5,7,smart_certified,16683,15629,0,0,0,91,false
"messidor-bin",5,7,cals,42913,20323,52,64,0,103,false
"messidor-bin",5,7,cals_compact_explain,20861,10343,59,60,0,99,false
"messidor-bin",6,5,unary,1084,83,0,0,0,41,false
"messidor-bin",6,5,horn,2167,493,0,0,0,39,false
"messidor-bin",6,5,antihorn,2173,484,0,0,0,39,false
"messidor-bin",6,5,square2cnf,2376,4932,0,0,0,33,false
"messidor-bin",6,5,affine,1727,1801,0,0,0,29,false
"messidor-bin",6,5,smart_certified,9593,9115,0,0,0,43,false
"messidor-bin",6,5,cals,21622,23577,27,35,0,49,false
"messidor-bin",6,5,cals_compact_explain,14439,9182,31,35,0,49,false
"messidor-bin",6,7,unary,2062,83,0,0,0,87,false
"messidor-bin",6,7,horn,4078,849,0,0,0,81,false
"messidor-bin",6,7,antihorn,3929,823,0,0,0,81,false
"messidor-bin",6,7,square2cnf,5250,11683,0,0,0,79,false
"messidor-bin",6,7,affine,3681,3123,0,0,0,55,false
"messidor-bin",6,7,smart_certified,17135,16167,0,0,0,93,false
"messidor-bin",6,7,cals,32563,25533,60,68,0,115,false
"messidor-bin",6,7,cals_compact_explain,23620,10612,63,67,0,113,false
"messidor-bin",7,5,unary,1090,81,0,0,0,41,false
"messidor-bin",7,5,horn,2450,551,0,0,0,45,false
"messidor-bin",7,5,antihorn,2398,529,0,0,0,43,false
"messidor-bin",7,5,square2cnf,2434,5594,0,0,0,37,false
"messidor-bin",7,5,affine,1733,1795,0,0,0,29,false
"messidor-bin",7,5,smart_certified,8838,8202,0,0,0,41,false
"messidor-bin",7,5,cals,24223,19297,22,32,0,41,false
"messidor-bin",7,5,cals_compact_explain,12962,8820,21,31,0,41,false
"messidor-bin",7,7,unary,2080,81,0,0,0,93,false
"messidor-bin",7,7,horn,5103,1024,0,0,0,103,false
"messidor-bin",7,7,antihorn,4832,947,0,0,0,97,false
"messidor-bin",7,7,square2cnf,4858,11538,0,0,0,77,false
"messidor-bin",7,7,affine,3219,3585,0,0,0,55,false
"messidor-bin",7,7,smart_certified,17631,16968,0,0,0,87,false
"messidor-bin",7,7,cals,33714,20787,48,58,0,93,false
"messidor-bin",7,7,cals_compact_explain,20106,10058,47,57,0,93,false
"messidor-bin",8,5,unary,1212,83,0,0,0,45,false
"messidor-bin",8,5,horn,2689,571,0,0,0,49,false
"messidor-bin",8,5,antihorn,2465,571,0,0,0,47,false
"messidor-bin",8,5,square2cnf,3135,6675,0,0,0,45,false
"messidor-bin",8,5,affine,2327,2713,0,0,0,41,false
"messidor-bin",8,5,smart_certified,10487,9957,0,0,0,45,false
"messidor-bin",8,5,cals,22883,22552,24,36,0,47,false
"messidor-bin",8,5,cals_compact_explain,13572,9233,32,34,0,49,false
"messidor-bin",8,7,unary,2209,83,0,0,0,91,false
"messidor-bin",8,7,horn,5037,1006,0,0,0,103,false
"messidor-bin",8,7,antihorn,3861,830,0,0,0,81,false
"messidor-bin",8,7,square2cnf,6181,14654,0,0,0,99,false
"messidor-bin",8,7,affine,4125,4947,0,0,0,73,false
"messidor-bin",8,7,smart_certified,19818,18149,0,0,0,91,false
"messidor-bin",8,7,cals,31061,24117,47,59,0,93,false
"messidor-bin",8,7,cals_compact_explain,20702,10450,57,59,0,99,false
"messidor-bin",9,5,unary,1036,80,0,0,0,39,false
"messidor-bin",9,5,horn,2756,556,0,0,0,49,false
"messidor-bin",9,5,antihorn,2175,494,0,0,0,39,false
"messidor-bin",9,5,square2cnf,3174,6692,0,0,0,45,false
"messidor-bin",9,5,affine,1775,1753,0,0,0,29,false
"messidor-bin",9,5,smart_certified,9015,8771,0,0,0,39,false
"messidor-bin",9,5,cals,20715,24771,26,36,0,49,false
"messidor-bin",9,5,cals_compact_explain,16132,9341,29,39,0,47,false
"messidor-bin",9,7,unary,2043,80,0,0,0,87,false
"messidor-bin",9,7,horn,5355,1050,0,0,0,111,false
"messidor-bin",9,7,antihorn,4072,811,0,0,0,79,false
"messidor-bin",9,7,square2cnf,7224,14793,0,0,0,103,false
"messidor-bin",9,7,affine,3009,3291,0,0,0,51,false
"messidor-bin",9,7,smart_certified,16577,15535,0,0,0,85,false
"messidor-bin",9,7,cals,30101,26419,54,64,0,105,false
"messidor-bin",9,7,cals_compact_explain,22620,10607,63,63,0,103,false
"mushroom",0,5,unary,554,111,0,0,0,19,false
"mushroom",0,5,horn,927,357,0,0,0,17,false
"mushroom",0,5,antihorn,849,342,0,0,0,15,false
"mushroom",0,5,square2cnf,988,2317,0,0,0,15,false
"mushroom",0,5,affine,723,957,0,0,0,13,false
"mushroom",0,5,smart_certified,4921,3577,0,0,0,15,false
"mushroom",0,5,cals,12552,53518,11,11,0,9,false
"mushroom",0,5,cals_compact_explain,7207,28229,10,9,0,9,false
"mushroom",0,7,unary,597,111,0,0,0,21,false
"mushroom",0,7,horn,927,357,0,0,0,17,false
"mushroom",0,7,antihorn,849,342,0,0,0,15,false
"mushroom",0,7,square2cnf,988,2317,0,0,0,15,false
"mushroom",0,7,affine,1079,1161,0,0,0,17,false
"mushroom",0,7,smart_certified,5389,4043,0,0,0,17,false
"mushroom",0,7,cals,12391,53679,11,11,0,9,false
"mushroom",0,7,cals_compact_explain,7207,28229,10,9,0,9,false
"mushroom",1,5,unary,518,111,0,0,0,19,false
"mushroom",1,5,horn,927,357,0,0,0,17,false
"mushroom",1,5,antihorn,849,342,0,0,0,15,false
"mushroom",1,5,square2cnf,1175,2607,0,0,0,17,false
"mushroom",1,5,affine,741,939,0,0,0,13,false
"mushroom",1,5,smart_certified,2598,2335,0,0,0,13,false
"mushroom",1,5,cals,13712,52336,11,11,0,9,false
"mushroom",1,5,cals_compact_explain,6719,24736,11,8,0,9,false
"mushroom",1,7,unary,518,111,0,0,0,19,false
"mushroom",1,7,horn,927,357,0,0,0,17,false
"mushroom",1,7,antihorn,849,342,0,0,0,15,false
"mushroom",1,7,square2cnf,1175,2607,0,0,0,17,false
"mushroom",1,7,affine,1135,1105,0,0,0,17,false
"mushroom",1,7,smart_certified,2598,2335,0,0,0,13,false
"mushroom",1,7,cals,13720,52328,11,11,0,9,false
"mushroom",1,7,cals_compact_explain,6719,24736,11,8,0,9,false
"mushroom",2,5,unary,554,111,0,0,0,19,false
"mushroom",2,5,horn,927,357,0,0,0,17,false
"mushroom",2,5,antihorn,849,342,0,0,0,15,false
"mushroom",2,5,square2cnf,1175,2607,0,0,0,17,false
"mushroom",2,5,affine,741,939,0,0,0,13,false
"mushroom",2,5,smart_certified,4949,3549,0,0,0,15,false
"mushroom",2,5,cals,13606,59244,17,12,0,9,false
"mushroom",2,5,cals_compact_explain,7497,19877,12,7,0,9,false
"mushroom",2,7,unary,598,111,0,0,0,21,false
"mushroom",2,7,horn,927,357,0,0,0,17,false
"mushroom",2,7,antihorn,849,342,0,0,0,15,false
"mushroom",2,7,square2cnf,1175,2607,0,0,0,17,false
"mushroom",2,7,affine,1135,1105,0,0,0,17,false
"mushroom",2,7,smart_certified,5412,4027,0,0,0,17,false
"mushroom",2,7,cals,13459,59391,17,12,0,9,false
"mushroom",2,7,cals_compact_explain,7497,19877,12,7,0,9,false
"mushroom",3,5,unary,555,111,0,0,0,19,false
"mushroom",3,5,horn,925,357,0,0,0,17,false
"mushroom",3,5,antihorn,847,342,0,0,0,15,false
"mushroom",3,5,square2cnf,1173,2607,0,0,0,17,false
"mushroom",3,5,affine,747,933,0,0,0,13,false
"mushroom",3,5,smart_certified,4930,3575,0,0,0,15,false
"mushroom",3,5,cals,22391,64313,15,14,0,9,false
"mushroom",3,5,cals_compact_explain,6718,24741,11,8,0,9,false
"mushroom",3,7,unary,599,111,0,0,0,21,false
"mushroom",3,7,horn,925,357,0,0,0,17,false
"mushroom",3,7,antihorn,847,342,0,0,0,15,false
"mushroom",3,7,square2cnf,1173,2607,0,0,0,17,false
"mushroom",3,7,affine,1141,1099,0,0,0,17,false
"mushroom",3,7,smart_certified,5405,4041,0,0,0,17,false
"mushroom",3,7,cals,22391,64313,15,14,0,9,false
"mushroom",3,7,cals_compact_explain,6718,24741,11,8,0,9,false
"mushroom",4,5,unary,554,111,0,0,0,19,false
"mushroom",4,5,horn,927,357,0,0,0,17,false
"mushroom",4,5,antihorn,849,342,0,0,0,15,false
"mushroom",4,5,square2cnf,1036,2311,0,0,0,15,false
"mushroom",4,5,affine,753,927,0,0,0,13,false
"mushroom",4,5,smart_certified,4935,3563,0,0,0,15,false
"mushroom",4,5,cals,16862,62924,16,13,0,9,false
"mushroom",4,5,cals_compact_explain,9814,33209,12,10,0,11,false
"mushroom",4,7,unary,598,111,0,0,0,21,false
"mushroom",4,7,horn,927,357,0,0,0,17,false
"mushroom",4,7,antihorn,849,342,0,0,0,15,false
"mushroom",4,7,square2cnf,1036,2311,0,0,0,15,false
"mushroom",4,7,affine,1147,1093,0,0,0,17,false
"mushroom",4,7,smart_certified,5398,4041,0,0,0,17,false
"mushroom",4,7,cals,16874,62912,16,13,0,9,false
"mushroom",4,7,cals_compact_explain,9814,33209,12,10,0,11,false
"mushroom",5,5,unary,554,111,0,0,0,19,false
"mushroom",5,5,horn,927,357,0,0,0,17,false
"mushroom",5,5,antihorn,849,342,0,0,0,15,false
"mushroom",5,5,square2cnf,897,2017,0,0,0,13,false
"mushroom",5,5,affine,723,957,0,0,0,13,false
"mushroom",5,5,smart_certified,4923,3575,0,0,0,15,false
"mushroom",5,5,cals,21585,65132,15,14,0,9,false
"mushroom",5,5,cals_compact_explain,10882,40407,10,12,0,11,false
"mushroom",5,7,unary,599,111,0,0,0,21,false
"mushroom",5,7,horn,927,357,0,0,0,17,false
"mushroom",5,7,antihorn,849,342,0,0,0,15,false
"mushroom",5,7,square2cnf,897,2017,0,0,0,13,false
"mushroom",5,7,affine,1099,1141,0,0,0,17,false
"mushroom",5,7,smart_certified,5405,4041,0,0,0,17,false
"mushroom",5,7,cals,21783,64934,15,14,0,9,false
"mushroom",5,7,cals_compact_explain,10882,40407,10,12,0,11,false
"mushroom",6,5,unary,553,111,0,0,0,19,false
"mushroom",6,5,horn,923,357,0,0,0,17,false
"mushroom",6,5,antihorn,845,342,0,0,0,15,false
"mushroom",6,5,square2cnf,1027,2302,0,0,0,15,false
"mushroom",6,5,affine,741,939,0,0,0,13,false
"mushroom",6,5,smart_certified,4916,3575,0,0,0,15,false
"mushroom",6,5,cals,11746,54323,11,11,0,9,false
"mushroom",6,5,cals_compact_explain,6481,24734,11,8,0,9,false
"mushroom",6,7,unary,597,111,0,0,0,21,false
"mushroom",6,7,horn,923,357,0,0,0,17,false
"mushroom",6,7,antihorn,845,342,0,0,0,15,false
"mushroom",6,7,square2cnf,1027,2302,0,0,0,15,false
"mushroom",6,7,affine,1415,1105,0,0,0,19,false
"mushroom",6,7,smart_certified,5379,4053,0,0,0,17,false
"mushroom",6,7,cals,11658,54411,11,11,0,9,false
"mushroom",6,7,cals_compact_explain,6481,24734,11,8,0,9,false
"mushroom",7,5,unary,518,111,0,0,0,19,false
"mushroom",7,5,horn,877,342,0,0,0,15,false
"mushroom",7,5,antihorn,799,327,0,0,0,13,false
"mushroom",7,5,square2cnf,950,2012,0,0,0,13,false
"mushroom",7,5,affine,741,939,0,0,0,13,false
"mushroom",7,5,smart_certified,4489,3757,0,0,0,15,false
"mushroom",7,5,cals,16430,63376,16,13,0,9,false
"mushroom",7,5,cals_compact_explain,6719,24735,11,8,0,9,false
"mushroom",7,7,unary,518,111,0,0,0,19,false
"mushroom",7,7,horn,877,342,0,0,0,15,false
"mushroom",7,7,antihorn,799,327,0,0,0,13,false
"mushroom",7,7,square2cnf,950,2012,0,0,0,13,false
"mushroom",7,7,affine,1043,1197,0,0,0,17,false
"mushroom",7,7,smart_certified,4489,3757,0,0,0,15,false
"mushroom",7,7,cals,16289,63517,16,13,0,9,false
"mushroom",7,7,cals_compact_explain,6719,24735,11,8,0,9,false
"mushroom",8,5,unary,554,111,0,0,0,19,false
"mushroom",8,5,horn,1055,351,0,0,0,17,false
"mushroom",8,5,antihorn,977,336,0,0,0,15,false
"mushroom",8,5,square2cnf,1221,2234,0,0,0,15,false
"mushroom",8,5,affine,741,939,0,0,0,13,false
"mushroom",8,5,smart_certified,4881,3617,0,0,0,15,false
"mushroom",8,5,cals,11500,54555,11,11,0,9,false
"mushroom",8,5,cals_compact_explain,8413,27248,15,9,0,13,false
"mushroom",8,7,unary,597,111,0,0,0,21,false
"mushroom",8,7,horn,1093,366,0,0,0,19,false
"mushroom",8,7,antihorn,1015,351,0,0,0,17,false
"mushroom",8,7,square2cnf,1290,2524,0,0,0,17,false
"mushroom",8,7,affine,1415,1105,0,0,0,19,false
"mushroom",8,7,smart_certified,5349,4083,0,0,0,17,false
"mushroom",8,7,cals,11432,54623,11,11,0,9,false
"mushroom",8,7,cals_compact_explain,8413,27248,15,9,0,13,false
"mushroom",9,5,unary,516,111,0,0,0,19,false
"mushroom",9,5,horn,875,342,0,0,0,15,false
"mushroom",9,5,antihorn,797,327,0,0,0,13,false
"mushroom",9,5,square2cnf,948,2012,0,0,0,13,false
"mushroom",9,5,affine,747,933,0,0,0,13,false
"mushroom",9,5,smart_certified,4475,3757,0,0,0,15,false
"mushroom",9,5,cals,24504,47772,18,11,0,9,false
"mushroom",9,5,cals_compact_explain,11800,23724,10,9,0,9,false
"mushroom",9,7,unary,516,111,0,0,0,19,false
"mushroom",9,7,horn,875,342,0,0,0,15,false
"mushroom",9,7,antihorn,797,327,0,0,0,13,false
"mushroom",9,7,square2cnf,948,2012,0,0,0,13,false
"mushroom",9,7,affine,1421,1099,0,0,0,19,false
"mushroom",9,7,smart_certified,4475,3757,0,0,0,15,false
"mushroom",9,7,cals,24510,47766,18,11,0,9,false
"mushroom",9,7,cals_compact_explain,11800,23724,10,9,0,9,false
"pendigits",0,5,unary,3385,216,0,0,0,43,false
"pendigits",0,5,horn,5506,729,0,0,0,35,false
"pendigits",0,5,antihorn,5506,729,0,0,0,35,false
"pendigits",0,5,square2cnf,5935,5502,0,0,0,35,false
"pendigits",0,5,affine,5555,3300,0,0,0,47,false
"pendigits",0,5,smart_certified,28720,10498,0,0,0,41,false
"pendigits",0,5,cals,42532,69840,23,23,0,33,false
"pendigits",0,5,cals_compact_explain,44688,48097,29,21,0,33,false
"pendigits",0,7,unary,4165,216,0,0,0,55,false
"pendigits",0,7,horn,6801,813,0,0,0,45,false
"pendigits",0,7,antihorn,6801,813,0,0,0,45,false
"pendigits",0,7,square2cnf,7364,6982,0,0,0,45,false
"pendigits",0,7,affine,8395,4310,0,0,0,67,false
"pendigits",0,7,smart_certified,35731,13432,0,0,0,53,false
"pendigits",0,7,cals,45417,82381,27,27,0,41,false
"pendigits",0,7,cals_compact_explain,47009,55420,33,25,0,41,false
"pendigits",1,5,unary,3240,216,0,0,0,41,false
"pendigits",1,5,horn,4658,676,0,0,0,29,false
"pendigits",1,5,antihorn,4658,676,0,0,0,29,false
"pendigits",1,5,square2cnf,5008,4610,0,0,0,29,false
"pendigits",1,5,affine,5008,3462,0,0,0,45,false
"pendigits",1,5,smart_certified,27885,9580,0,0,0,39,false
"pendigits",1,5,cals,41597,67634,20,20,0,27,false
"pendigits",1,5,cals_compact_explain,41623,48217,26,18,0,27,false
"pendigits",1,7,unary,4122,216,0,0,0,57,false
"pendigits",1,7,horn,5991,764,0,0,0,39,false
"pendigits",1,7,antihorn,5990,765,0,0,0,39,false
"pendigits",1,7,square2cnf,6465,6155,0,0,0,39,false
"pendigits",1,7,affine,7520,4800,0,0,0,65,false
"pendigits",1,7,smart_certified,34624,12463,0,0,0,51,false
"pendigits",1,7,cals,45326,79970,24,24,0,35,false
"pendigits",1,7,cals_compact_explain,44984,55136,30,22,0,35,false
"pendigits",2,5,unary,3069,216,0,0,0,39,false
"pendigits",2,5,horn,5541,741,0,0,0,37,false
"pendigits",2,5,antihorn,5541,741,0,0,0,37,false
"pendigits",2,5,square2cnf,6016,5774,0,0,0,37,false
"pendigits",2,5,affine,5530,2940,0,0,0,45,false
"pendigits",2,5,smart_certified,27113,9904,0,0,0,39,false
"pendigits",2,5,cals,42193,75973,23,23,0,33,false
"pendigits",2,5,cals_compact_explain,38469,48300,31,19,0,33,false
"pendigits",2,7,unary,3720,216,0,0,0,53,false
"pendigits",2,7,horn,7198,868,0,0,0,53,false
"pendigits",2,7,antihorn,7199,867,0,0,0,53,false
"pendigits",2,7,square2cnf,7904,8118,0,0,0,53,false
"pendigits",2,7,affine,9281,4194,0,0,0,71,false
"pendigits",2,7,smart_certified,33076,12779,0,0,0,51,false
"pendigits",2,7,cals,45199,89100,27,27,0,41,false
"pendigits",2,7,cals_compact_explain,41392,55717,35,23,0,41,false
"pendigits",3,5,unary,3264,216,0,0,0,41,false
"pendigits",3,5,horn,5020,693,0,0,0,31,false
"pendigits",3,5,antihorn,5020,693,0,0,0,31,false
"pendigits",3,5,square2cnf,5401,4902,0,0,0,31,false
"pendigits",3,5,affine,5267,3588,0,0,0,47,false
"pendigits",3,5,smart_certified,28784,10336,0,0,0,41,false
"pendigits",3,5,cals,38026,61772,21,21,0,29,false
"pendigits",3,5,cals_compact_explain,36399,39075,28,18,0,29,false
"pendigits",3,7,unary,4046,216,0,0,0,57,false
"pendigits",3,7,horn,6603,792,0,0,0,43,false
"pendigits",3,7,antihorn,6603,792,0,0,0,43,false
"pendigits",3,7,square2cnf,7149,6672,0,0,0,43,false
"pendigits",3,7,affine,8076,4244,0,0,0,65,false
"pendigits",3,7,smart_certified,35851,13776,0,0,0,55,false
"pendigits",3,7,cals,40678,80870,25,25,0,37,false
"pendigits",3,7,cals_compact_explain,38562,50074,32,22,0,37,false
"pendigits",4,5,unary,2826,216,0,0,0,37,false
"pendigits",4,5,horn,4347,675,0,0,0,29,false
"pendigits",4,5,antihorn,4346,676,0,0,0,29,false
"pendigits",4,5,square2cnf,4707,4599,0,0,0,29,false
"pendigits",4,5,affine,4124,2806,0,0,0,37,false
"pendigits",4,5,smart_certified,25006,9572,0,0,0,37,false
"pendigits",4,5,cals,40244,67021,22,22,0,31,false
"pendigits",4,5,cals_compact_explain,38752,41497,29,19,0,31,false
"pendigits",4,7,unary,3561,216,0,0,0,51,false
"pendigits",4,7,horn,6122,804,0,0,0,45,false
"pendigits",4,7,antihorn,6121,805,0,0,0,45,false
"pendigits",4,7,square2cnf,6709,6949,0,0,0,45,false
"pendigits",4,7,affine,5844,3396,0,0,0,49,false
"pendigits",4,7,smart_certified,30791,11647,0,0,0,49,false
"pendigits",4,7,cals,43529,85809,25,25,0,37,false
"pendigits",4,7,cals_compact_explain,41479,52318,32,22,0,37,false
"pendigits",5,5,unary,2842,216,0,0,0,37,false
"pendigits",5,5,horn,4549,681,0,0,0,29,false
"pendigits",5,5,antihorn,4549,681,0,0,0,29,false
"pendigits",5,5,square2cnf,4892,4622,0,0,0,29,false
"pendigits",5,5,affine,4488,3212,0,0,0,41,false
"pendigits",5,5,smart_certified,24483,8734,0,0,0,35,false
"pendigits",5,5,cals,37961,45254,20,24,0,31,false
"pendigits",5,5,cals_compact_explain,42260,29724,25,23,0,31,false
"pendigits",5,7,unary,3592,216,0,0,0,49,false
"pendigits",5,7,horn,6086,786,0,0,0,41,false
"pendigits",5,7,antihorn,6085,787,0,0,0,41,false
"pendigits",5,7,square2cnf,6575,6417,0,0,0,41,false
"pendigits",5,7,affine,6192,3818,0,0,0,53,false
"pendigits",5,7,smart_certified,31249,11646,0,0,0,47,false
"pendigits",5,7,cals,42777,45390,26,30,0,43,false
"pendigits",5,7,cals_compact_explain,45593,29971,29,27,0,39,false
"pendigits",6,5,unary,2554,216,0,0,0,33,false
"pendigits",6,5,horn,4724,678,0,0,0,29,false
"pendigits",6,5,antihorn,4723,679,0,0,0,29,false
"pendigits",6,5,square2cnf,5069,4617,0,0,0,29,false
"pendigits",6,5,affine,4324,2606,0,0,0,37,false
"pendigits",6,5,smart_certified,21563,8050,0,0,0,31,false
"pendigits",6,5,cals,38137,40996,20,22,0,29,false
"pendigits",6,5,cals_compact_explain,30779,24650,28,18,0,29,false
"pendigits",6,7,unary,3128,216,0,0,0,41,false
"pendigits",6,7,horn,6008,765,0,0,0,39,false
"pendigits",6,7,antihorn,6007,766,0,0,0,39,false
"pendigits",6,7,square2cnf,6480,6107,0,0,0,39,false
"pendigits",6,7,affine,5725,3130,0,0,0,47,false
"pendigits",6,7,smart_certified,26881,9702,0,0,0,39,false
"pendigits",6,7,cals,42144,41564,25,27,0,39,false
"pendigits",6,7,cals_compact_explain,34727,24964,33,23,0,39,false
"pendigits",7,5,unary,3041,216,0,0,0,39,false
"pendigits",7,5,horn,4378,657,0,0,0,27,false
"pendigits",7,5,antihorn,4377,658,0,0,0,27,false
"pendigits",7,5,square2cnf,4706,4307,0,0,0,27,false
"pendigits",7,5,affine,4648,3052,0,0,0,41,false
"pendigits",7,5,smart_certified,25639,9597,0,0,0,37,false
"pendigits",7,5,cals,47154,111893,24,20,0,31,false
"pendigits",7,5,cals_compact_explain,26904,71680,28,20,0,31,false
"pendigits",7,7,unary,3750,216,0,0,0,53,false
"pendigits",7,7,horn,6189,759,0,0,0,41,false
"pendigits",7,7,antihorn,6187,761,0,0,0,41,false
"pendigits",7,7,square2cnf,6928,6140,0,0,0,41,false
"pendigits",7,7,affine,6384,3626,0,0,0,53,false
"pendigits",7,7,smart_certified,31683,12447,0,0,0,49,false
"pendigits",7,7,cals,54483,142006,29,25,0,41,false
"pendigits",7,7,cals_compact_explain,32762,89075,33,25,0,41,false
"pendigits",8,5,unary,3230,216,0,0,0,41,false
"pendigits",8,5,horn,5771,749,0,0,0,37,false
"pendigits",8,5,antihorn,5771,749,0,0,0,37,false
"pendigits",8,5,square2cnf,6226,5853,0,0,0,37,false
"pendigits",8,5,affine,5366,3104,0,0,0,45,false
"pendigits",8,5,smart_certified,27499,10065,0,0,0,39,false
"pendigits",8,5,cals,40286,68140,21,23,0,31,false
"pendigits",8,5,cals_compact_explain,36788,43372,29,19,0,31,false
"pendigits",8,7,unary,3948,216,0,0,0,53,false
"pendigits",8,7,horn,7079,836,0,0,0,47,false
"pendigits",8,7,antihorn,7078,837,0,0,0,47,false
"pendigits",8,7,square2cnf,7656,7348,0,0,0,47,false
"pendigits",8,7,affine,7653,3512,0,0,0,59,false
"pendigits",8,7,smart_certified,34163,12855,0,0,0,51,false
"pendigits",8,7,cals,44384,87371,26,28,0,41,false
"pendigits",8,7,cals_compact_explain,41595,54328,35,25,0,43,false
"pendigits",9,5,unary,3250,216,0,0,0,41,false
"pendigits",9,5,horn,6129,760,0,0,0,39,false
"pendigits",9,5,antihorn,6130,759,0,0,0,39,false
"pendigits",9,5,square2cnf,6617,6086,0,0,0,39,false
"pendigits",9,5,affine,4877,3208,0,0,0,43,false
"pendigits",9,5,smart_certified,27441,9996,0,0,0,39,false
"pendigits",9,5,cals,28876,18099,28,24,0,39,false
"pendigits",9,5,cals_compact_explain,29346,11104,31,26,0,39,false
"pendigits",9,7,unary,4087,216,0,0,0,55,false
"pendigits",9,7,horn,7408,859,0,0,0,51,false
"pendigits",9,7,antihorn,7409,858,0,0,0,51,false
"pendigits",9,7,square2cnf,8061,7856,0,0,0,51,false
"pendigits",9,7,affine,7681,4254,0,0,0,63,false
"pendigits",9,7,smart_certified,34161,12954,0,0,0,51,false
"pendigits",9,7,cals,30915,18305,31,27,0,45,false
"pendigits",9,7,cals_compact_explain,29485,11194,35,27,0,45,false
"primary-tumor",0,5,unary,433,31,0,0,0,41,false
"primary-tumor",0,5,horn,819,331,0,0,0,37,false
"primary-tumor",0,5,antihorn,821,329,0,0,0,37,false
"primary-tumor",0,5,square2cnf,1361,5297,0,0,0,37,false
"primary-tumor",0,5,affine,2387,2213,0,0,0,47,false
"primary-tumor",0,5,smart_certified,4669,6413,0,0,0,37,false
"primary-tumor",0,5,cals,31850,117433,20,22,0,29,false
"primary-tumor",0,5,cals_compact_explain,9057,88384,25,25,0,29,false
"primary-tumor",0,7,unary,653,31,0,0,0,73,false
"primary-tumor",0,7,horn,1382,481,0,0,0,73,false
"primary-tumor",0,7,antihorn,1383,480,0,0,0,73,false
"primary-tumor",0,7,square2cnf,3210,8877,0,0,0,71,false
"primary-tumor",0,7,affine,5178,3221,0,0,0,83,false
"primary-tumor",0,7,smart_certified,6116,7714,0,0,0,63,false
"primary-tumor",0,7,cals,34313,154744,26,28,0,41,false
"primary-tumor",0,7,cals_compact_explain,10471,94713,31,28,0,39,false
"primary-tumor",1,5,unary,456,31,0,0,0,45,false
"primary-tumor",1,5,horn,900,345,0,0,0,39,false
"primary-tumor",1,5,antihorn,900,345,0,0,0,39,false
"primary-tumor",1,5,square2cnf,1766,5362,0,0,0,39,false
"primary-tumor",1,5,affine,2125,2475,0,0,0,47,false
"primary-tumor",1,5,smart_certified,4703,6907,0,0,0,41,false
"primary-tumor",1,5,cals,20980,74109,33,24,0,37,false
"primary-tumor",1,5,cals_compact_explain,11784,44356,35,23,0,41,false
"primary-tumor",1,7,unary,601,31,0,0,0,73,false
"primary-tumor",1,7,horn,1387,451,0,0,0,67,false
"primary-tumor",1,7,antihorn,1379,451,0,0,0,67,false
"primary-tumor",1,7,square2cnf,3530,7453,0,0,0,65,false
"primary-tumor",1,7,affine,4671,2929,0,0,0,77,false
"primary-tumor",1,7,smart_certified,6321,8583,0,0,0,57,false
"primary-tumor",1,7,cals,35397,81316,46,37,0,57,false
"primary-tumor",1,7,cals_compact_explain,17040,45446,43,31,0,55,false
"primary-tumor",2,5,unary,460,31,0,0,0,45,false
"primary-tumor",2,5,horn,902,338,0,0,0,41,false
"primary-tumor",2,5,antihorn,904,336,0,0,0,41,false
"primary-tumor",2,5,square2cnf,1646,5495,0,0,0,41,false
"primary-tumor",2,5,affine,2417,2183,0,0,0,47,false
"primary-tumor",2,5,smart_certified,3371,4965,0,0,0,45,false
"primary-tumor",2,5,cals,25112,137155,24,24,0,35,false
"primary-tumor",2,5,cals_compact_explain,7985,78148,33,22,0,35,false
"primary-tumor",2,7,unary,645,31,0,0,0,71,false
"primary-tumor",2,7,horn,1343,483,0,0,0,69,false
"primary-tumor",2,7,antihorn,1346,480,0,0,0,69,false
"primary-tumor",2,7,square2cnf,2876,9860,0,0,0,75,false
"primary-tumor",2,7,affine,4202,2997,0,0,0,71,false
"primary-tumor",2,7,smart_certified,4807,6622,0,0,0,67,false
"primary-tumor",2,7,cals,27275,174574,32,32,0,49,false
"primary-tumor",2,7,cals_compact_explain,9334,99451,41,30,0,49,false
"primary-tumor",3,5,unary,471,31,0,0,0,47,false
"primary-tumor",3,5,horn,1070,382,0,0,0,47,false
"primary-tumor",3,5,antihorn,1066,386,0,0,0,47,false
"primary-tumor",3,5,square2cnf,1903,6663,0,0,0,47,false
"primary-tumor",3,5,affine,2499,2301,0,0,0,49,false
"primary-tumor",3,5,smart_certified,5898,8640,0,0,0,45,false
"primary-tumor",3,5,cals,11795,105869,33,24,0,37,false
"primary-tumor",3,5,cals_compact_explain,7340,70379,35,21,0,39,false
"primary-tumor",3,7,unary,687,31,0,0,0,85,false
"primary-tumor",3,7,horn,1595,563,0,0,0,81,false
"primary-tumor",3,7,antihorn,1592,566,0,0,0,81,false
"primary-tumor",3,7,square2cnf,3354,10876,0,0,0,81,false
"primary-tumor",3,7,affine,5841,3159,0,0,0,91,false
"primary-tumor",3,7,smart_certified,7935,10638,0,0,0,73,false
"primary-tumor",3,7,cals,15164,142625,44,35,0,51,false
"primary-tumor",3,7,cals_compact_explain,9351,94914,47,33,0,59,false
"primary-tumor",4,5,unary,426,31,0,0,0,41,false
"primary-tumor",4,5,horn,805,320,0,0,0,37,false
"primary-tumor",4,5,antihorn,850,332,0,0,0,39,false
"primary-tumor",4,5,square2cnf,1618,5403,0,0,0,39,false
"primary-tumor",4,5,affine,1897,2503,0,0,0,45,false
"primary-tumor",4,5,smart_certified,4355,6184,0,0,0,47,false
"primary-tumor",4,5,cals,10848,31684,33,22,0,35,false
"primary-tumor",4,5,cals_compact_explain,5499,12986,22,26,0,35,false
"primary-tumor",4,7,unary,608,31,0,0,0,69,false
"primary-tumor",4,7,horn,1243,427,0,0,0,63,false
"primary-tumor",4,7,antihorn,1332,453,0,0,0,69,false
"primary-tumor",4,7,square2cnf,2631,7983,0,0,0,65,false
"primary-tumor",4,7,affine,4420,2979,0,0,0,73,false
"primary-tumor",4,7,smart_certified,6679,8079,0,0,0,67,false
"primary-tumor",4,7,cals,12439,31946,44,33,0,55,false
"primary-tumor",4,7,cals_compact_explain,6423,13145,36,35,0,55,false
"primary-tumor",5,5,unary,484,31,0,0,0,45,false
"primary-tumor",5,5,horn,754,292,0,0,0,35,false
"primary-tumor",5,5,antihorn,756,290,0,0,0,35,false
"primary-tumor",5,5,square2cnf,1354,4599,0,0,0,35,false
"primary-tumor",5,5,affine,2037,2363,0,0,0,45,false
"primary-tumor",5,5,smart_certified,5136,7192,0,0,0,45,false
"primary-tumor",5,5,cals,14022,21847,24,26,0,37,false
"primary-tumor",5,5,cals_compact_explain,9830,20055,23,28,0,37,false
"primary-tumor",5,7,unary,741,31,0,0,0,85,false
"primary-tumor",5,7,horn,1233,439,0,0,0,61,false
"primary-tumor",5,7,antihorn,1235,437,0,0,0,61,false
"primary-tumor",5,7,square2cnf,2322,7940,0,0,0,61,false
"primary-tumor",5,7,affine,4937,3263,0,0,0,83,false
"primary-tumor",5,7,smart_certified,7203,9354,0,0,0,77,false
"primary-tumor",5,7,cals,15902,22112,36,38,0,59,false
"primary-tumor",5,7,cals_compact_explain,11222,20327,35,40,0,59,false
"primary-tumor",6,5,unary,426,31,0,0,0,41,false
"primary-tumor",6,5,horn,956,349,0,0,0,41,false
"primary-tumor",6,5,antihorn,955,350,0,0,0,41,false
"primary-tumor",6,5,square2cnf,1653,5797,0,0,0,41,false
"primary-tumor",6,5,affine,1991,2409,0,0,0,45,false
"primary-tumor",6,5,smart_certified,4784,7679,0,0,0,39,false
"primary-tumor",6,5,cals,13166,17054,29,24,0,33,false
"primary-tumor",6,5,cals_compact_explain,5603,10274,28,26,0,37,false
"primary-tumor",6,7,unary,610,31,0,0,0,69,false
"primary-tumor",6,7,horn,1566,544,0,0,0,79,false
"primary-tumor",6,7,antihorn,1566,544,0,0,0,79,false
"primary-tumor",6,7,square2cnf,3406,10663,0,0,0,79,false
"primary-tumor",6,7,affine,4677,3123,0,0,0,79,false
"primary-tumor",6,7,smart_certified,7533,10684,0,0,0,63,false
"primary-tumor",6,7,cals,14482,17281,36,31,0,47,false
"primary-tumor",6,7,cals_compact_explain,6616,10464,38,36,0,55,false
"primary-tumor",7,5,unary,484,31,0,0,0,47,false
"primary-tumor",7,5,horn,873,336,0,0,0,41,false
"primary-tumor",7,5,antihorn,877,332,0,0,0,41,false
"primary-tumor",7,5,square2cnf,1523,5511,0,0,0,41,false
"primary-tumor",7,5,affine,2189,2411,0,0,0,47,false
"primary-tumor",7,5,smart_certified,4344,6535,0,0,0,45,false
"primary-tumor",7,5,cals,29451,21829,36,25,0,41,false
"primary-tumor",7,5,cals_compact_explain,16087,16055,37,22,0,39,false
"primary-tumor",7,7,unary,710,31,0,0,0,85,false
"primary-tumor",7,7,horn,1537,486,0,0,0,75,false
"primary-tumor",7,7,antihorn,1541,482,0,0,0,75,false
"primary-tumor",7,7,square2cnf,3680,9077,0,0,0,75,false
"primary-tumor",7,7,affine,5254,3145,0,0,0,83,false
"primary-tumor",7,7,smart_certified,7358,9431,0,0,0,69,false
"primary-tumor",7,7,cals,50233,22168,50,39,0,63,false
"primary-tumor",7,7,cals_compact_explain,27591,16966,49,34,0,59,false
"primary-tumor",8,5,unary,387,31,0,0,0,35,false
"primary-tumor",8,5,horn,802,311,0,0,0,35,false
"primary-tumor",8,5,antihorn,805,308,0,0,0,35,false
"primary-tumor",8,5,square2cnf,1379,4987,0,0,0,35,false
"primary-tumor",8,5,affine,2523,2077,0,0,0,47,false
"primary-tumor",8,5,smart_certified,3194,4650,0,0,0,33,false
"primary-tumor",8,5,cals,16348,116651,22,22,0,31,false
"primary-tumor",8,5,cals_compact_explain,7218,60057,32,19,0,31,false
"primary-tumor",8,7,unary,587,31,0,0,0,63,false
"primary-tumor",8,7,horn,1193,400,0,0,0,59,false
"primary-tumor",8,7,antihorn,1196,397,0,0,0,59,false
"primary-tumor",8,7,square2cnf,2669,7259,0,0,0,59,false
"primary-tumor",8,7,affine,5268,2931,0,0,0,81,false
"primary-tumor",8,7,smart_certified,5188,7119,0,0,0,57,false
"primary-tumor",8,7,cals,17751,143866,31,31,0,43,false
"primary-tumor",8,7,cals_compact_explain,9323,77176,41,28,0,43,false
"primary-tumor",9,5,unary,396,31,0,0,0,39,false
"primary-tumor",9,5,horn,752,305,0,0,0,35,false
"primary-tumor",9,5,antihorn,755,302,0,0,0,35,false
"primary-tumor",9,5,square2cnf,1248,4749,0,0,0,35,false
"primary-tumor",9,5,affine,1965,2035,0,0,0,41,false
"primary-tumor",9,5,smart_certified,4059,6316,0,0,0,35,false
"primary-tumor",9,5,cals,12598,23227,22,20,0,29,false
"primary-tumor",9,5,cals_compact_explain,6189,14783,16,21,0,29,false
"primary-tumor",9,7,unary,613,31,0,0,0,67,false
"primary-tumor",9,7,horn,1215,401,0,0,0,59,false
"primary-tumor",9,7,antihorn,1217,399,0,0,0,59,false
"primary-tumor",9,7,square2cnf,2758,7482,0,0,0,61,false
"primary-tumor",9,7,affine,4003,2997,0,0,0,71,false
"primary-tumor",9,7,smart_certified,7110,9511,0,0,0,57,false
"primary-tumor",9,7,cals,13904,23499,29,27,0,43,false
"primary-tumor",9,7,cals_compact_explain,7302,15029,24,29,0,45,false
"segment",0,5,unary,461,234,0,0,0,11,false
"segment",0,5,horn,896,555,0,0,0,11,false
"segment",0,5,antihorn,896,555,0,0,0,11,false
"segment",0,5,square2cnf,1023,1958,0,0,0,11,false
"segment",0,5,affine,945,1070,0,0,0,11,false
"segment",0,5,smart_certified,5443,3202,0,0,0,11,false
"segment",0,5,cals,17208,24717,10,10,0,7,false
"segment",0,5,cals_compact_explain,12850,14705,6,8,0,7,false
"segment",0,7,unary,461,234,0,0,0,11,false
"segment",0,7,horn,896,555,0,0,0,11,false
"segment",0,7,antihorn,896,555,0,0,0,11,false
"segment",0,7,square2cnf,1023,1958,0,0,0,11,false
"segment",0,7,affine,945,1070,0,0,0,11,false
"segment",0,7,smart_certified,5443,3202,0,0,0,11,false
"segment",0,7,cals,17201,24724,10,10,0,7,false
"segment",0,7,cals_compact_explain,12850,14705,6,8,0,7,false
"segment",1,5,unary,555,234,0,0,0,11,false
"segment",1,5,horn,1005,558,0,0,0,11,false
"segment",1,5,antihorn,1005,558,0,0,0,11,false
"segment",1,5,square2cnf,1125,1968,0,0,0,11,false
"segment",1,5,affine,941,1074,0,0,0,11,false
"segment",1,5,smart_certified,6081,3222,0,0,0,11,false
"segment",1,5,cals,20614,22095,13,11,0,11,false
"segment",1,5,cals_compact_explain,12760,10113,10,9,0,11,false
"segment",1,7,unary,590,234,0,0,0,13,false
"segment",1,7,horn,1005,558,0,0,0,11,false
"segment",1,7,antihorn,1005,558,0,0,0,11,false
"segment",1,7,square2cnf,1125,1968,0,0,0,11,false
"segment",1,7,affine,1196,1222,0,0,0,13,false
"segment",1,7,smart_certified,6578,3726,0,0,0,13,false
"segment",1,7,cals,20604,22105,13,11,0,11,false
"segment",1,7,cals_compact_explain,12760,10113,10,9,0,11,false
"segment",2,5,unary,581,234,0,0,0,11,false
"segment",2,5,horn,1198,576,0,0,0,13,false
"segment",2,5,antihorn,1198,576,0,0,0,13,false
"segment",2,5,square2cnf,1342,2268,0,0,0,13,false
"segment",2,5,affine,943,1072,0,0,0,11,false
"segment",2,5,smart_certified,6265,3220,0,0,0,11,false
"segment",2,5,cals,20551,17118,10,14,0,11,false
"segment",2,5,cals_compact_explain,12324,5653,9,10,0,11,false
"segment",2,7,unary,581,234,0,0,0,11,false
"segment",2,7,horn,1198,576,0,0,0,13,false
"segment",2,7,antihorn,1198,576,0,0,0,13,false
"segment",2,7,square2cnf,1342,2268,0,0,0,13,false
"segment",2,7,affine,943,1072,0,0,0,11,false
"segment",2,7,smart_certified,6265,3220,0,0,0,11,false
"segment",2,7,cals,20598,17071,10,14,0,11,false
"segment",2,7,cals_compact_explain,12324,5653,9,10,0,11,false
"segment",3,5,unary,484,234,0,0,0,9,false
"segment",3,5,horn,908,540,0,0,0,9,false
"segment",3,5,antihorn,908,540,0,0,0,9,false
"segment",3,5,square2cnf,1004,1668,0,0,0,9,false
"segment",3,5,affine,706,906,0,0,0,9,false
"segment",3,5,smart_certified,5332,2718,0,0,0,9,false
"segment",3,5,cals,19135,24702,8,12,0,7,false
"segment",3,5,cals_compact_explain,11954,14561,6,6,0,7,false
"segment",3,7,unary,484,234,0,0,0,9,false
"segment",3,7,horn,908,540,0,0,0,9,false
"segment",3,7,antihorn,908,540,0,0,0,9,false
"segment",3,7,square2cnf,1004,1668,0,0,0,9,false
"segment",3,7,affine,706,906,0,0,0,9,false
"segment",3,7,smart_certified,5332,2718,0,0,0,9,false
"segment",3,7,cals,19139,24698,8,12,0,7,false
"segment",3,7,cals_compact_explain,11954,14561,6,6,0,7,false
"segment",4,5,unary,682,234,0,0,0,13,false
"segment",4,5,horn,1206,576,0,0,0,13,false
"segment",4,5,antihorn,1206,576,0,0,0,13,false
"segment",4,5,square2cnf,1350,2268,0,0,0,13,false
"segment",4,5,affine,1178,1240,0,0,0,13,false
"segment",4,5,smart_certified,7224,3724,0,0,0,13,false
"segment",4,5,cals,17630,15865,8,14,0,9,false
"segment",4,5,cals_compact_explain,11657,5758,7,10,0,9,false
"segment",4,7,unary,711,234,0,0,0,15,false
"segment",4,7,horn,1206,576,0,0,0,13,false
"segment",4,7,antihorn,1206,576,0,0,0,13,false
"segment",4,7,square2cnf,1350,2268,0,0,0,13,false
"segment",4,7,affine,1433,1388,0,0,0,15,false
"segment",4,7,smart_certified,7715,4192,0,0,0,15,false
"segment",4,7,cals,17906,15589,8,14,0,9,false
"segment",4,7,cals_compact_explain,11657,5758,7,10,0,9,false
"segment",5,5,unary,577,234,0,0,0,11,false
"segment",5,5,horn,1125,558,0,0,0,11,false
"segment",5,5,antihorn,1125,558,0,0,0,11,false
"segment",5,5,square2cnf,1245,1968,0,0,0,11,false
"segment",5,5,affine,943,1072,0,0,0,11,false
"segment",5,5,smart_certified,6239,3218,0,0,0,11,false
"segment",5,5,cals,31289,24509,9,13,0,9,false
"segment",5,5,cals_compact_explain,16124,14844,6,11,0,9,false
"segment",5,7,unary,577,234,0,0,0,11,false
"segment",5,7,horn,1125,558,0,0,0,11,false
"segment",5,7,antihorn,1125,558,0,0,0,11,false
"segment",5,7,square2cnf,1245,1968,0,0,0,11,false
"segment",5,7,affine,943,1072,0,0,0,11,false
"segment",5,7,smart_certified,6239,3218,0,0,0,11,false
"segment",5,7,cals,30970,24828,9,13,0,9,false
"segment",5,7,cals_compact_explain,16124,14844,6,11,0,9,false
"segment",6,5,unary,470,232,0,0,0,9,false
"segment",6,5,horn,936,536,0,0,0,9,false
"segment",6,5,antihorn,936,536,0,0,0,9,false
"segment",6,5,square2cnf,1032,1664,0,0,0,9,false
"segment",6,5,affine,706,906,0,0,0,9,false
"segment",6,5,smart_certified,5224,2714,0,0,0,9,false
"segment",6,5,cals,17984,17002,10,12,0,9,false
"segment",6,5,cals_compact_explain,11696,10049,10,7,0,9,false
"segment",6,7,unary,470,232,0,0,0,9,false
"segment",6,7,horn,936,536,0,0,0,9,false
"segment",6,7,antihorn,936,536,0,0,0,9,false
"segment",6,7,square2cnf,1032,1664,0,0,0,9,false
"segment",6,7,affine,706,906,0,0,0,9,false
"segment",6,7,smart_certified,5224,2714,0,0,0,9,false
"segment",6,7,cals,18315,16671,10,12,0,9,false
"segment",6,7,cals_compact_explain,11696,10049,10,7,0,9,false
"segment",7,5,unary,608,232,0,0,0,13,false
"segment",7,5,horn,1198,572,0,0,0,13,false
"segment",7,5,antihorn,1198,572,0,0,0,13,false
"segment",7,5,square2cnf,1342,2264,0,0,0,13,false
"segment",7,5,affine,1196,1222,0,0,0,13,false
"segment",7,5,smart_certified,6714,3702,0,0,0,13,false
"segment",7,5,cals,25445,17025,13,11,0,11,false
"segment",7,5,cals_compact_explain,12904,10212,9,10,0,11,false
"segment",7,7,unary,608,232,0,0,0,13,false
"segment",7,7,horn,1198,572,0,0,0,13,false
"segment",7,7,antihorn,1198,572,0,0,0,13,false
"segment",7,7,square2cnf,1342,2264,0,0,0,13,false
"segment",7,7,affine,1196,1222,0,0,0,13,false
"segment",7,7,smart_certified,6714,3702,0,0,0,13,false
"segment",7,7,cals,25433,17037,13,11,0,11,false
"segment",7,7,cals_compact_explain,12904,10212,9,10,0,11,false
"segment",8,5,unary,624,234,0,0,0,13,false
"segment",8,5,horn,1242,576,0,0,0,13,false
"segment",8,5,antihorn,1242,576,0,0,0,13,false
"segment",8,5,square2cnf,1386,2268,0,0,0,13,false
"segment",8,5,affine,1176,1242,0,0,0,13,false
"segment",8,5,smart_certified,6816,3726,0,0,0,13,false
"segment",8,5,cals,14859,17040,12,10,0,9,false
"segment",8,5,cals_compact_explain,13405,10155,7,10,0,9,false
"segment",8,7,unary,624,234,0,0,0,13,false
"segment",8,7,horn,1242,576,0,0,0,13,false
"segment",8,7,antihorn,1242,576,0,0,0,13,false
"segment",8,7,square2cnf,1386,2268,0,0,0,13,false
"segment",8,7,affine,1176,1242,0,0,0,13,false
"segment",8,7,smart_certified,6816,3726,0,0,0,13,false
"segment",8,7,cals,14886,17013,12,10,0,9,false
"segment",8,7,cals_compact_explain,13405,10155,7,10,0,9,false
"segment",9,5,unary,495,234,0,0,0,11,false
"segment",9,5,horn,985,558,0,0,0,11,false
"segment",9,5,antihorn,985,558,0,0,0,11,false
"segment",9,5,square2cnf,1105,1968,0,0,0,11,false
"segment",9,5,affine,961,1054,0,0,0,11,false
"segment",9,5,smart_certified,5681,3202,0,0,0,11,false
"segment",9,5,cals,27952,24370,9,11,0,7,false
"segment",9,5,cals_compact_explain,10486,14537,7,5,0,7,false
"segment",9,7,unary,495,234,0,0,0,11,false
"segment",9,7,horn,985,558,0,0,0,11,false
"segment",9,7,antihorn,985,558,0,0,0,11,false
"segment",9,7,square2cnf,1105,1968,0,0,0,11,false
"segment",9,7,affine,961,1054,0,0,0,11,false
"segment",9,7,smart_certified,5681,3202,0,0,0,11,false
"segment",9,7,cals,27623,24699,9,11,0,7,false
"segment",9,7,cals_compact_explain,10486,14537,7,5,0,7,false
"seismic_bumps-bin",0,5,unary,1217,87,0,0,0,51,false
"seismic_bumps-bin",0,5,horn,2212,628,0,0,0,53,false
"seismic_bumps-bin",0,5,antihorn,2505,605,0,0,0,51,false
"seismic_bumps-bin",0,5,square2cnf,2924,7045,0,0,0,47,false
"seismic_bumps-bin",0,5,affine,1873,1494,0,0,0,27,false
"seismic_bumps-bin",0,5,smart_certified,11759,11015,0,0,0,49,false
"seismic_bumps-bin",0,5,cals,46095,104895,28,36,0,51,false
"seismic_bumps-bin",0,5,cals_compact_explain,20361,59124,31,38,0,49,false
"seismic_bumps-bin",0,7,unary,2150,87,0,0,0,103,false
"seismic_bumps-bin",0,7,horn,4503,1165,0,0,0,129,false
"seismic_bumps-bin",0,7,antihorn,4578,1058,0,0,0,111,false
"seismic_bumps-bin",0,7,square2cnf,5293,14776,0,0,0,99,false
"seismic_bumps-bin",0,7,affine,3081,2358,0,0,0,43,false
"seismic_bumps-bin",0,7,smart_certified,21292,20003,0,0,0,97,false
"seismic_bumps-bin",0,7,cals,57484,138419,59,67,0,113,false
"seismic_bumps-bin",0,7,cals_compact_explain,27439,76500,63,68,0,111,false
"seismic_bumps-bin",1,5,unary,1332,90,0,0,0,47,false
"seismic_bumps-bin",1,5,horn,2465,565,0,0,0,47,false
"seismic_bumps-bin",1,5,antihorn,2762,600,0,0,0,51,false
"seismic_bumps-bin",1,5,square2cnf,3168,7364,0,0,0,49,false
"seismic_bumps-bin",1,5,affine,2261,1624,0,0,0,31,false
"seismic_bumps-bin",1,5,smart_certified,12925,11187,0,0,0,47,false
"seismic_bumps-bin",1,5,cals,22974,41097,27,37,0,51,false
"seismic_bumps-bin",1,5,cals_compact_explain,17523,16500,37,36,0,53,false
"seismic_bumps-bin",1,7,unary,2528,90,0,0,0,113,false
"seismic_bumps-bin",1,7,horn,4196,912,0,0,0,95,false
"seismic_bumps-bin",1,7,antihorn,5262,1058,0,0,0,115,false
"seismic_bumps-bin",1,7,square2cnf,5685,14486,0,0,0,99,false
"seismic_bumps-bin",1,7,affine,5234,4090,0,0,0,73,false
"seismic_bumps-bin",1,7,smart_certified,25850,22820,0,0,0,111,false
"seismic_bumps-bin",1,7,cals,30448,42521,52,62,0,101,false
"seismic_bumps-bin",1,7,cals_compact_explain,24135,17874,66,65,0,111,false
"seismic_bumps-bin",2,5,unary,1341,87,0,0,0,51,false
"seismic_bumps-bin",2,5,horn,2606,612,0,0,0,51,false
"seismic_bumps-bin",2,5,antihorn,2512,567,0,0,0,47,false
"seismic_bumps-bin",2,5,square2cnf,3453,7337,0,0,0,49,false
"seismic_bumps-bin",2,5,affine,3083,3392,0,0,0,51,false
"seismic_bumps-bin",2,5,smart_certified,13113,12183,0,0,0,51,false
"seismic_bumps-bin",2,5,cals,21015,52857,27,35,0,49,false
"seismic_bumps-bin",2,5,cals_compact_explain,14017,16348,35,34,0,49,false
"seismic_bumps-bin",2,7,unary,2364,87,0,0,0,109,false
"seismic_bumps-bin",2,7,horn,4906,1121,0,0,0,121,false
"seismic_bumps-bin",2,7,antihorn,4774,1003,0,0,0,105,false
"seismic_bumps-bin",2,7,square2cnf,6687,16174,0,0,0,111,false
"seismic_bumps-bin",2,7,affine,7303,5906,0,0,0,103,false
"seismic_bumps-bin",2,7,smart_certified,23251,21629,0,0,0,101,false
"seismic_bumps-bin",2,7,cals,29247,54317,56,64,0,105,false
"seismic_bumps-bin",2,7,cals_compact_explain,19794,17321,68,59,0,105,false
"seismic_bumps-bin",3,5,unary,1079,87,0,0,0,41,false
"seismic_bumps-bin",3,5,horn,2557,600,0,0,0,51,false
"seismic_bumps-bin",3,5,antihorn,2617,586,0,0,0,49,false
"seismic_bumps-bin",3,5,square2cnf,3111,7325,0,0,0,49,false
"seismic_bumps-bin",3,5,affine,2743,3214,0,0,0,47,false
"seismic_bumps-bin",3,5,smart_certified,10687,9742,0,0,0,41,false
"seismic_bumps-bin",3,5,cals,30550,155767,24,34,0,45,false
"seismic_bumps-bin",3,5,cals_compact_explain,26573,95715,41,35,0,53,false
"seismic_bumps-bin",3,7,unary,1999,87,0,0,0,91,false
"seismic_bumps-bin",3,7,horn,4422,1044,0,0,0,105,false
"seismic_bumps-bin",3,7,antihorn,4387,1003,0,0,0,99,false
"seismic_bumps-bin",3,7,square2cnf,5570,14695,0,0,0,99,false
"seismic_bumps-bin",3,7,affine,6285,5888,0,0,0,95,false
"seismic_bumps-bin",3,7,smart_certified,20441,18589,0,0,0,89,false
"seismic_bumps-bin",3,7,cals,45613,215009,51,61,0,99,false
"seismic_bumps-bin",3,7,cals_compact_explain,37494,140964,70,64,0,111,false
"seismic_bumps-bin",4,5,unary,1309,90,0,0,0,49,false
"seismic_bumps-bin",4,5,horn,2690,600,0,0,0,51,false
"seismic_bumps-bin",4,5,antihorn,3048,623,0,0,0,55,false
"seismic_bumps-bin",4,5,square2cnf,2980,6782,0,0,0,45,false
"seismic_bumps-bin",4,5,affine,2627,2812,0,0,0,43,false
"seismic_bumps-bin",4,5,smart_certified,13252,11229,0,0,0,49,false
"seismic_bumps-bin",4,5,cals,41957,134138,26,36,0,49,false
"seismic_bumps-bin",4,5,cals_compact_explain,28315,42373,35,35,0,53,false
"seismic_bumps-bin",4,7,unary,2273,90,0,0,0,105,false
"seismic_bumps-bin",4,7,horn,5017,1129,0,0,0,121,false
"seismic_bumps-bin",4,7,antihorn,4888,1027,0,0,0,113,false
"seismic_bumps-bin",4,7,square2cnf,6089,14809,0,0,0,101,false
"seismic_bumps-bin",4,7,affine,6907,5266,0,0,0,95,false
"seismic_bumps-bin",4,7,smart_certified,23901,21506,0,0,0,105,false
"seismic_bumps-bin",4,7,cals,51944,224574,57,67,0,111,false
"seismic_bumps-bin",4,7,cals_compact_explain,36359,61615,56,70,0,113,false
"seismic_bumps-bin",5,5,unary,1384,89,0,0,0,55,false
"seismic_bumps-bin",5,5,horn,1977,566,0,0,0,49,false
"seismic_bumps-bin",5,5,antihorn,2814,635,0,0,0,55,false
"seismic_bumps-bin",5,5,square2cnf,3515,8245,0,0,0,55,false
"seismic_bumps-bin",5,5,affine,1789,1578,0,0,0,27,false
"seismic_bumps-bin",5,5,smart_certified,13650,13239,0,0,0,55,false
"seismic_bumps-bin",5,5,cals,34518,110115,32,32,0,51,false
"seismic_bumps-bin",5,5,cals_compact_explain,22215,62507,38,31,0,49,false
"seismic_bumps-bin",5,7,unary,2556,89,0,0,0,121,false
"seismic_bumps-bin",5,7,horn,3505,925,0,0,0,97,false
"seismic_bumps-bin",5,7,antihorn,4624,1043,0,0,0,109,false
"seismic_bumps-bin",5,7,square2cnf,6500,16916,0,0,0,115,false
"seismic_bumps-bin",5,7,affine,3979,3014,0,0,0,55,false
"seismic_bumps-bin",5,7,smart_certified,24594,22073,0,0,0,111,false
"seismic_bumps-bin",5,7,cals,43369,193285,61,61,0,109,false
"seismic_bumps-bin",5,7,cals_compact_explain,28639,102706,65,58,0,103,false
"seismic_bumps-bin",6,5,unary,1014,90,0,0,0,37,false
"seismic_bumps-bin",6,5,horn,1669,525,0,0,0,41,false
"seismic_bumps-bin",6,5,antihorn,2413,557,0,0,0,45,false
"seismic_bumps-bin",6,5,square2cnf,2534,5837,0,0,0,39,false
"seismic_bumps-bin",6,5,affine,3043,2396,0,0,0,43,false
"seismic_bumps-bin",6,5,smart_certified,9948,8796,0,0,0,37,false
"seismic_bumps-bin",6,5,cals,20564,28006,22,36,0,45,false
"seismic_bumps-bin",6,5,cals_compact_explain,17418,19031,33,32,0,45,false
"seismic_bumps-bin",6,7,unary,1778,90,0,0,0,81,false
"seismic_bumps-bin",6,7,horn,2906,797,0,0,0,75,false
"seismic_bumps-bin",6,7,antihorn,4588,1011,0,0,0,107,false
"seismic_bumps-bin",6,7,square2cnf,5143,12898,0,0,0,87,false
"seismic_bumps-bin",6,7,affine,6231,3870,0,0,0,79,false
"seismic_bumps-bin",6,7,smart_certified,17669,16531,0,0,0,77,false
"seismic_bumps-bin",6,7,cals,28047,29570,48,62,0,97,false
"seismic_bumps-bin",6,7,cals_compact_explain,23683,20303,60,59,0,99,false
"seismic_bumps-bin",7,5,unary,1369,88,0,0,0,51,false
"seismic_bumps-bin",7,5,horn,2092,568,0,0,0,47,false
"seismic_bumps-bin",7,5,antihorn,2624,579,0,0,0,49,false
"seismic_bumps-bin",7,5,square2cnf,3683,7891,0,0,0,53,false
"seismic_bumps-bin",7,5,affine,1999,1886,0,0,0,31,false
"seismic_bumps-bin",7,5,smart_certified,12865,11144,0,0,0,49,false
"seismic_bumps-bin",7,5,cals,63825,194550,29,41,0,57,false
"seismic_bumps-bin",7,5,cals_compact_explain,29450,109617,40,37,0,57,false
"seismic_bumps-bin",7,7,unary,2441,88,0,0,0,111,false
"seismic_bumps-bin",7,7,horn,4109,1026,0,0,0,109,false
"seismic_bumps-bin",7,7,antihorn,4873,1085,0,0,0,113,false
"seismic_bumps-bin",7,7,square2cnf,6589,17053,0,0,0,117,false
"seismic_bumps-bin",7,7,affine,3854,2880,0,0,0,53,false
"seismic_bumps-bin",7,7,smart_certified,23079,21233,0,0,0,109,false
"seismic_bumps-bin",7,7,cals,79826,331286,63,75,0,123,false
"seismic_bumps-bin",7,7,cals_compact_explain,43161,192500,75,72,0,125,false
"seismic_bumps-bin",8,5,unary,1209,86,0,0,0,47,false
"seismic_bumps-bin",8,5,horn,2203,622,0,0,0,53,false
"seismic_bumps-bin",8,5,antihorn,2537,575,0,0,0,47,false
"seismic_bumps-bin",8,5,square2cnf,3433,7682,0,0,0,51,false
"seismic_bumps-bin",8,5,affine,2837,3120,0,0,0,47,false
"seismic_bumps-bin",8,5,smart_certified,11481,10434,0,0,0,49,false
"seismic_bumps-bin",8,5,cals,20624,19616,21,33,0,41,false
"seismic_bumps-bin",8,5,cals_compact_explain,14861,8980,25,33,0,41,false
"seismic_bumps-bin",8,7,unary,2077,86,0,0,0,97,false
"seismic_bumps-bin",8,7,horn,4075,1033,0,0,0,113,false
"seismic_bumps-bin",8,7,antihorn,4126,942,0,0,0,95,false
"seismic_bumps-bin",8,7,square2cnf,5744,15333,0,0,0,103,false
"seismic_bumps-bin",8,7,affine,6828,5604,0,0,0,97,false
"seismic_bumps-bin",8,7,smart_certified,20040,18471,0,0,0,99,false
"seismic_bumps-bin",8,7,cals,28277,20770,45,57,0,89,false
"seismic_bumps-bin",8,7,cals_compact_explain,20816,9926,51,57,0,91,false
"seismic_bumps-bin",9,5,unary,1286,88,0,0,0,47,false
"seismic_bumps-bin",9,5,horn,2610,570,0,0,0,49,false
"seismic_bumps-bin",9,5,antihorn,2860,620,0,0,0,53,false
"seismic_bumps-bin",9,5,square2cnf,3598,7639,0,0,0,51,false
"seismic_bumps-bin",9,5,affine,3108,3626,0,0,0,53,false
"seismic_bumps-bin",9,5,smart_certified,12505,11243,0,0,0,47,false
"seismic_bumps-bin",9,5,cals,28517,161536,25,37,0,49,false
"seismic_bumps-bin",9,5,cals_compact_explain,20769,80941,37,30,0,47,false
"seismic_bumps-bin",9,7,unary,2622,88,0,0,0,123,false
"seismic_bumps-bin",9,7,horn,4665,1028,0,0,0,105,false
"seismic_bumps-bin",9,7,antihorn,5189,1062,0,0,0,111,false
"seismic_bumps-bin",9,7,square2cnf,7147,18210,0,0,0,123,false
"seismic_bumps-bin",9,7,affine,6616,6334,0,0,0,101,false
"seismic_bumps-bin",9,7,smart_certified,26281,24967,0,0,0,119,false
"seismic_bumps-bin",9,7,cals,39896,230550,53,65,0,105,false
"seismic_bumps-bin",9,7,cals_compact_explain,30261,133770,63,56,0,99,false
"soybean",0,5,unary,409,50,0,0,0,27,false
"soybean",0,5,horn,1058,373,0,0,0,33,false
"soybean",0,5,antihorn,1109,404,0,0,0,37,false
"soybean",0,5,square2cnf,1354,4547,0,0,0,31,false
"soybean",0,5,affine,549,1422,0,0,0,19,false
"soybean",0,5,smart_certified,2183,2212,0,0,0,23,false
"soybean",0,5,cals,38452,106507,15,23,0,23,false
"soybean",0,5,cals_compact_explain,11874,61295,26,20,0,27,false
"soybean",0,7,unary,697,50,0,0,0,53,false
"soybean",0,7,horn,1217,432,0,0,0,41,false
"soybean",0,7,antihorn,1416,502,0,0,0,53,false
"soybean",0,7,square2cnf,1721,5957,0,0,0,41,false
"soybean",0,7,affine,1502,2440,0,0,0,37,false
"soybean",0,7,smart_certified,2614,2335,0,0,0,39,false
"soybean",0,7,cals,39850,131687,19,27,0,31,false
"soybean",0,7,cals_compact_explain,12339,66670,28,22,0,31,false
"soybean",1,5,unary,413,50,0,0,0,29,false
"soybean",1,5,horn,1141,414,0,0,0,43,false
"soybean",1,5,antihorn,1114,415,0,0,0,39,false
"soybean",1,5,square2cnf,1229,4253,0,0,0,29,false
"soybean",1,5,affine,585,1386,0,0,0,19,false
"soybean",1,5,smart_certified,2249,2679,0,0,0,25,false
"soybean",1,5,cals,31931,110946,22,21,0,23,false
"soybean",1,5,cals_compact_explain,11472,48053,25,15,0,23,false
"soybean",1,7,unary,607,50,0,0,0,55,false
"soybean",1,7,horn,1463,510,0,0,0,59,false
"soybean",1,7,antihorn,1420,538,0,0,0,57,false
"soybean",1,7,square2cnf,1880,5736,0,0,0,41,false
"soybean",1,7,affine,1640,2302,0,0,0,37,false
"soybean",1,7,smart_certified,2918,3185,0,0,0,37,false
"soybean",1,7,cals,32133,117272,24,23,0,25,false
"soybean",1,7,cals_compact_explain,11643,51610,27,17,0,25,false
"soybean",2,5,unary,273,49,0,0,0,19,false
"soybean",2,5,horn,798,307,0,0,0,27,false
"soybean",2,5,antihorn,854,351,0,0,0,31,false
"soybean",2,5,square2cnf,1216,4182,0,0,0,29,false
"soybean",2,5,affine,1429,2294,0,0,0,35,false
"soybean",2,5,smart_certified,2927,3840,0,0,0,19,false
"soybean",2,5,cals,55874,87107,11,21,0,19,false
"soybean",2,5,cals_compact_explain,10113,43251,17,15,0,19,false
"soybean",2,7,unary,433,49,0,0,0,35,false
"soybean",2,7,horn,1100,406,0,0,0,41,false
"soybean",2,7,antihorn,995,402,0,0,0,41,false
"soybean",2,7,square2cnf,1623,5662,0,0,0,39,false
"soybean",2,7,affine,2342,2914,0,0,0,49,false
"soybean",2,7,smart_certified,3606,4210,0,0,0,33,false
"soybean",2,7,cals,57791,106992,15,25,0,27,false
"soybean",2,7,cals_compact_explain,11101,57425,22,19,0,27,false
"soybean",3,5,unary,344,50,0,0,0,23,false
"soybean",3,5,horn,893,339,0,0,0,29,false
"soybean",3,5,antihorn,975,379,0,0,0,33,false
"soybean",3,5,square2cnf,1354,4569,0,0,0,31,false
"soybean",3,5,affine,854,1774,0,0,0,25,false
"soybean",3,5,smart_certified,2464,2669,0,0,0,23,false
"soybean",3,5,cals,27591,109502,15,21,0,23,false
"soybean",3,5,cals_compact_explain,5394,46314,20,13,0,19,false
"soybean",3,7,unary,526,50,0,0,0,39,false
"soybean",3,7,horn,1230,454,0,0,0,45,false
"soybean",3,7,antihorn,1325,475,0,0,0,51,false
"soybean",3,7,square2cnf,2050,6342,0,0,0,45,false
"soybean",3,7,affine,2081,2518,0,0,0,43,false
"soybean",3,7,smart_certified,3144,2837,0,0,0,45,false
"soybean",3,7,cals,28913,128040,18,24,0,29,false
"soybean",3,7,cals_compact_explain,5757,53605,22,15,0,23,false
"soybean",4,5,unary,354,50,0,0,0,23,false
"soybean",4,5,horn,882,361,0,0,0,33,false
"soybean",4,5,antihorn,964,398,0,0,0,37,false
"soybean",4,5,square2cnf,1534,5053,0,0,0,35,false
"soybean",4,5,affine,1288,2216,0,0,0,33,false
"soybean",4,5,smart_certified,2511,2644,0,0,0,25,false
"soybean",4,5,cals,11431,84841,28,17,0,23,false
"soybean",4,5,cals_compact_explain,10322,53543,23,19,0,23,false
"soybean",4,7,unary,627,50,0,0,0,49,false
"soybean",4,7,horn,1130,442,0,0,0,47,false
"soybean",4,7,antihorn,1149,485,0,0,0,51,false
"soybean",4,7,square2cnf,1952,6763,0,0,0,47,false
"soybean",4,7,affine,2166,2870,0,0,0,45,false
"soybean",4,7,smart_certified,3158,2801,0,0,0,47,false
"soybean",4,7,cals,12577,97121,30,19,0,27,false
"soybean",4,7,cals_compact_explain,10958,60631,25,21,0,27,false
"soybean",5,5,unary,347,49,0,0,0,21,false
"soybean",5,5,horn,860,326,0,0,0,29,false
"soybean",5,5,antihorn,882,358,0,0,0,31,false
"soybean",5,5,square2cnf,1225,4558,0,0,0,31,false
"soybean",5,5,affine,946,1682,0,0,0,25,false
"soybean",5,5,smart_certified,2847,3215,0,0,0,25,false
"soybean",5,5,cals,45135,97902,14,22,0,21,false
"soybean",5,5,cals_compact_explain,12169,55003,18,18,0,21,false
"soybean",5,7,unary,611,49,0,0,0,43,false
"soybean",5,7,horn,1186,429,0,0,0,43,false
"soybean",5,7,antihorn,1224,482,0,0,0,51,false
"soybean",5,7,square2cnf,1382,5144,0,0,0,37,false
"soybean",5,7,affine,1999,2600,0,0,0,43,false
"soybean",5,7,smart_certified,4078,3973,0,0,0,45,false
"soybean",5,7,cals,46676,109755,16,24,0,25,false
"soybean",5,7,cals_compact_explain,12681,58478,22,19,0,25,false
"soybean",6,5,unary,399,50,0,0,0,25,false
"soybean",6,5,horn,836,347,0,0,0,31,false
"soybean",6,5,antihorn,926,371,0,0,0,35,false
"soybean",6,5,square2cnf,1086,3971,0,0,0,27,false
"soybean",6,5,affine,809,1600,0,0,0,23,false
"soybean",6,5,smart_certified,4202,3893,0,0,0,29,false
"soybean",6,5,cals,28945,100363,29,20,0,29,false
"soybean",6,5,cals_compact_explain,9165,57791,30,18,0,31,false
"soybean",6,7,unary,578,50,0,0,0,39,false
"soybean",6,7,horn,1094,398,0,0,0,41,false
"soybean",6,7,antihorn,1150,464,0,0,0,51,false
"soybean",6,7,square2cnf,1626,6255,0,0,0,43,false
"soybean",6,7,affine,2234,3022,0,0,0,49,false
"soybean",6,7,smart_certified,5226,4374,0,0,0,49,false
"soybean",6,7,cals,30854,118270,32,23,0,35,false
"soybean",6,7,cals_compact_explain,10232,68066,33,21,0,37,false
"soybean",7,5,unary,388,50,0,0,0,25,false
"soybean",7,5,horn,974,382,0,0,0,35,false
"soybean",7,5,antihorn,1081,394,0,0,0,39,false
"soybean",7,5,square2cnf,1494,5097,0,0,0,35,false
"soybean",7,5,affine,939,1470,0,0,0,23,false
"soybean",7,5,smart_certified,2055,2200,0,0,0,21,false
"soybean",7,5,cals,59333,90746,14,22,0,23,false
"soybean",7,5,cals_compact_explain,10719,48580,19,15,0,23,false
"soybean",7,7,unary,637,50,0,0,0,51,false
"soybean",7,7,horn,1303,478,0,0,0,49,false
"soybean",7,7,antihorn,1413,493,0,0,0,55,false
"soybean",7,7,square2cnf,1874,6867,0,0,0,47,false
"soybean",7,7,affine,1882,2498,0,0,0,41,false
"soybean",7,7,smart_certified,2609,2316,0,0,0,35,false
"soybean",7,7,cals,61183,106074,17,25,0,29,false
"soybean",7,7,cals_compact_explain,11713,57282,22,18,0,29,false
"soybean",8,5,unary,376,49,0,0,0,23,false
"soybean",8,5,horn,846,306,0,0,0,27,false
"soybean",8,5,antihorn,1026,388,0,0,0,37,false
"soybean",8,5,square2cnf,1271,4179,0,0,0,29,false
"soybean",8,5,affine,910,1718,0,0,0,25,false
"soybean",8,5,smart_certified,4026,4639,0,0,0,25,false
"soybean",8,5,cals,25593,130891,15,23,0,25,false
"soybean",8,5,cals_compact_explain,14219,72427,20,22,0,25,false
"soybean",8,7,unary,663,49,0,0,0,49,false
"soybean",8,7,horn,1259,426,0,0,0,45,false
"soybean",8,7,antihorn,1433,492,0,0,0,57,false
"soybean",8,7,square2cnf,1653,5941,0,0,0,41,false
"soybean",8,7,affine,1846,2314,0,0,0,37,false
"soybean",8,7,smart_certified,5556,6417,0,0,0,49,false
"soybean",8,7,cals,26347,143468,18,26,0,29,false
"soybean",8,7,cals_compact_explain,14762,79523,23,25,0,29,false
"soybean",9,5,unary,367,49,0,0,0,25,false
"soybean",9,5,horn,915,350,0,0,0,31,false
"soybean",9,5,antihorn,1098,405,0,0,0,39,false
"soybean",9,5,square2cnf,1191,3567,0,0,0,25,false
"soybean",9,5,affine,557,1414,0,0,0,19,false
"soybean",9,5,smart_certified,2207,2564,0,0,0,23,false
"soybean",9,5,cals,35859,120481,15,23,0,25,false
"soybean",9,5,cals_compact_explain,8097,59126,22,17,0,25,false
"soybean",9,7,unary,635,49,0,0,0,49,false
"soybean",9,7,horn,1223,434,0,0,0,43,false
"soybean",9,7,antihorn,1306,459,0,0,0,49,false
"soybean",9,7,square2cnf,1511,5032,0,0,0,35,false
"soybean",9,7,affine,1474,2468,0,0,0,37,false
"soybean",9,7,smart_certified,2723,2812,0,0,0,37,false
"soybean",9,7,cals,36413,133478,18,26,0,31,false
"soybean",9,7,cals_compact_explain,8608,68071,25,20,0,31,false
"splice-1",0,5,unary,5014,287,0,0,0,45,false
"splice-1",0,5,horn,9806,962,0,0,0,45,false
"splice-1",0,5,antihorn,6860,829,0,0,0,31,false
"splice-1",0,5,square2cnf,7172,5055,0,0,0,31,false
"splice-1",0,5,affine,7875,3069,0,0,0,49,false
"splice-1",0,5,smart_certified,14858,6675,0,0,0,39,false
"splice-1",0,5,cals,74625,151996,16,28,0,31,false
"splice-1",0,5,cals_compact_explain,52119,94342,22,28,0,33,false
"splice-1",0,7,unary,10416,287,0,0,0,97,false
"splice-1",0,7,horn,15823,1211,0,0,0,73,false
"splice-1",0,7,antihorn,13503,1087,0,0,0,61,false
"splice-1",0,7,square2cnf,13858,9255,0,0,0,59,false
"splice-1",0,7,affine,18065,7015,0,0,0,111,false
"splice-1",0,7,smart_certified,27574,12340,0,0,0,77,false
"splice-1",0,7,cals,91898,221312,27,39,0,53,false
"splice-1",0,7,cals_compact_explain,66661,129963,32,38,0,53,false
"splice-1",1,5,unary,5244,287,0,0,0,47,false
"splice-1",1,5,horn,9102,914,0,0,0,41,false
"splice-1",1,5,antihorn,5421,781,0,0,0,25,false
"splice-1",1,5,square2cnf,8601,6050,0,0,0,37,false
"splice-1",1,5,affine,7383,2649,0,0,0,45,false
"splice-1",1,5,smart_certified,15434,6922,0,0,0,41,false
"splice-1",1,5,cals,77799,164839,16,30,0,33,false
"splice-1",1,5,cals_compact_explain,44010,82228,21,24,0,31,false
"splice-1",1,7,unary,10506,287,0,0,0,97,false
"splice-1",1,7,horn,15942,1199,0,0,0,73,false
"splice-1",1,7,antihorn,11430,1019,0,0,0,51,false
"splice-1",1,7,square2cnf,14608,9930,0,0,0,63,false
"splice-1",1,7,affine,16943,5857,0,0,0,101,false
"splice-1",1,7,smart_certified,27239,12012,0,0,0,75,false
"splice-1",1,7,cals,88931,208707,23,37,0,47,false
"splice-1",1,7,cals_compact_explain,54314,107124,28,31,0,45,false
"splice-1",2,5,unary,5249,286,0,0,0,47,false
"splice-1",2,5,horn,10129,968,0,0,0,47,false
"splice-1",2,5,antihorn,7804,854,0,0,0,35,false
"splice-1",2,5,square2cnf,9641,6467,0,0,0,41,false
"splice-1",2,5,affine,7529,2959,0,0,0,47,false
"splice-1",2,5,smart_certified,16199,7323,0,0,0,43,false
"splice-1",2,5,cals,66974,150827,19,27,0,33,false
"splice-1",2,5,cals_compact_explain,51269,99490,21,29,0,33,false
"splice-1",2,7,unary,12199,286,0,0,0,113,false
"splice-1",2,7,horn,18875,1352,0,0,0,91,false
"splice-1",2,7,antihorn,17123,1216,0,0,0,77,false
"splice-1",2,7,square2cnf,15787,10358,0,0,0,67,false
"splice-1",2,7,affine,17697,6927,0,0,0,109,false
"splice-1",2,7,smart_certified,32415,14324,0,0,0,91,false
"splice-1",2,7,cals,84908,220186,30,38,0,55,false
"splice-1",2,7,cals_compact_explain,60625,120752,27,35,0,45,false
"splice-1",3,5,unary,5499,285,0,0,0,49,false
"splice-1",3,5,horn,9269,927,0,0,0,43,false
"splice-1",3,5,antihorn,6829,832,0,0,0,31,false
"splice-1",3,5,square2cnf,7128,5085,0,0,0,31,false
"splice-1",3,5,affine,7321,2711,0,0,0,45,false
"splice-1",3,5,smart_certified,17038,7644,0,0,0,45,false
"splice-1",3,5,cals,67599,165975,15,29,0,31,false
"splice-1",3,5,cals_compact_explain,48603,102026,23,29,0,35,false
"splice-1",3,7,unary,11610,285,0,0,0,107,false
"splice-1",3,7,horn,16211,1206,0,0,0,75,false
"splice-1",3,7,antihorn,13679,1093,0,0,0,61,false
"splice-1",3,7,square2cnf,13947,9330,0,0,0,59,false
"splice-1",3,7,affine,17117,6595,0,0,0,105,false
"splice-1",3,7,smart_certified,34925,15903,0,0,0,101,false
"splice-1",3,7,cals,79682,216276,23,37,0,47,false
"splice-1",3,7,cals_compact_explain,53657,116878,31,33,0,47,false
"splice-1",4,5,unary,5225,286,0,0,0,47,false
"splice-1",4,5,horn,8611,902,0,0,0,39,false
"splice-1",4,5,antihorn,5387,783,0,0,0,25,false
"splice-1",4,5,square2cnf,9191,6158,0,0,0,39,false
"splice-1",4,5,affine,7455,3033,0,0,0,47,false
"splice-1",4,5,smart_certified,16232,7258,0,0,0,43,false
"splice-1",4,5,cals,64996,177793,20,30,0,37,false
"splice-1",4,5,cals_compact_explain,47862,93843,24,27,0,37,false
"splice-1",4,7,unary,9915,286,0,0,0,93,false
"splice-1",4,7,horn,14732,1151,0,0,0,67,false
"splice-1",4,7,antihorn,11241,1014,0,0,0,51,false
"splice-1",4,7,square2cnf,16316,10658,0,0,0,69,false
"splice-1",4,7,affine,16405,6395,0,0,0,101,false
"splice-1",4,7,smart_certified,29936,13205,0,0,0,83,false
"splice-1",4,7,cals,75632,221899,27,37,0,51,false
"splice-1",4,7,cals_compact_explain,59606,122441,32,35,0,53,false
"splice-1",5,5,unary,5234,285,0,0,0,47,false
"splice-1",5,5,horn,10498,990,0,0,0,49,false
"splice-1",5,5,antihorn,6820,830,0,0,0,31,false
"splice-1",5,5,square2cnf,10052,6817,0,0,0,43,false
"splice-1",5,5,affine,8173,2771,0,0,0,49,false
"splice-1",5,5,smart_certified,16762,7622,0,0,0,45,false
"splice-1",5,5,cals,58371,176043,17,29,0,33,false
"splice-1",5,5,cals_compact_explain,49686,96748,30,28,0,41,false
"splice-1",5,7,unary,10204,285,0,0,0,93,false
"splice-1",5,7,horn,15576,1206,0,0,0,73,false
"splice-1",5,7,antihorn,13621,1094,0,0,0,61,false
"splice-1",5,7,square2cnf,17940,11942,0,0,0,77,false
"splice-1",5,7,affine,18277,6803,0,0,0,111,false
"splice-1",5,7,smart_certified,30768,13845,0,0,0,87,false
"splice-1",5,7,cals,72722,232846,26,38,0,51,false
"splice-1",5,7,cals_compact_explain,69580,141609,44,42,0,67,false
"splice-1",6,5,unary,4783,286,0,0,0,43,false
"splice-1",6,5,horn,9840,944,0,0,0,45,false
"splice-1",6,5,antihorn,6829,836,0,0,0,31,false
"splice-1",6,5,square2cnf,8559,5945,0,0,0,37,false
"splice-1",6,5,affine,7489,2999,0,0,0,47,false
"splice-1",6,5,smart_certified,16220,7270,0,0,0,43,false
"splice-1",6,5,cals,76032,174473,19,31,0,37,false
"splice-1",6,5,cals_compact_explain,54493,97334,23,29,0,35,false
"splice-1",6,7,unary,9304,286,0,0,0,85,false
"splice-1",6,7,horn,15766,1190,0,0,0,73,false
"splice-1",6,7,antihorn,12805,1067,0,0,0,57,false
"splice-1",6,7,square2cnf,14413,9595,0,0,0,61,false
"splice-1",6,7,affine,17761,7319,0,0,0,111,false
"splice-1",6,7,smart_certified,31910,14461,0,0,0,91,false
"splice-1",6,7,cals,88055,224959,27,39,0,53,false
"splice-1",6,7,cals_compact_explain,66749,129561,32,38,0,53,false
"splice-1",7,5,unary,4996,284,0,0,0,45,false
"splice-1",7,5,horn,8586,901,0,0,0,39,false
"splice-1",7,5,antihorn,6833,820,0,0,0,31,false
"splice-1",7,5,square2cnf,7580,5336,0,0,0,33,false
"splice-1",7,5,affine,7867,3077,0,0,0,49,false
"splice-1",7,5,smart_certified,14777,6699,0,0,0,39,false
"splice-1",7,5,cals,69214,172836,18,30,0,35,false
"splice-1",7,5,cals_compact_explain,45555,90556,21,26,0,33,false
"splice-1",7,7,unary,12110,284,0,0,0,111,false
"splice-1",7,7,horn,14321,1135,0,0,0,65,false
"splice-1",7,7,antihorn,13346,1078,0,0,0,61,false
"splice-1",7,7,square2cnf,12580,8377,0,0,0,53,false
"splice-1",7,7,affine,17675,6949,0,0,0,109,false
"splice-1",7,7,smart_certified,30921,13844,0,0,0,87,false
"splice-1",7,7,cals,77563,204159,23,35,0,45,false
"splice-1",7,7,cals_compact_explain,54974,111903,27,32,0,45,false
"splice-1",8,5,unary,5252,287,0,0,0,47,false
"splice-1",8,5,horn,9867,955,0,0,0,45,false
"splice-1",8,5,antihorn,6869,826,0,0,0,31,false
"splice-1",8,5,square2cnf,7717,5355,0,0,0,33,false
"splice-1",8,5,affine,7553,2935,0,0,0,47,false
"splice-1",8,5,smart_certified,16876,7606,0,0,0,45,false
"splice-1",8,5,cals,73017,184852,20,32,0,39,false
"splice-1",8,5,cals_compact_explain,46874,94324,26,27,0,39,false
"splice-1",8,7,unary,11824,287,0,0,0,111,false
"splice-1",8,7,horn,18120,1285,0,0,0,83,false
"splice-1",8,7,antihorn,14292,1120,0,0,0,65,false
"splice-1",8,7,square2cnf,13718,9271,0,0,0,59,false
"splice-1",8,7,affine,17759,7321,0,0,0,111,false
"splice-1",8,7,smart_certified,31214,14197,0,0,0,89,false
"splice-1",8,7,cals,85592,241467,29,41,0,57,false
"splice-1",8,7,cals_compact_explain,58723,126157,35,36,0,57,false
"splice-1",9,5,unary,5253,286,0,0,0,47,false
"splice-1",9,5,horn,8924,911,0,0,0,41,false
"splice-1",9,5,antihorn,7342,842,0,0,0,33,false
"splice-1",9,5,square2cnf,9206,6314,0,0,0,39,false
"splice-1",9,5,affine,8159,3241,0,0,0,51,false
"splice-1",9,5,smart_certified,16413,7290,0,0,0,43,false
"splice-1",9,5,cals,67104,199608,21,33,0,41,false
"splice-1",9,5,cals_compact_explain,58946,118459,22,34,0,39,false
"splice-1",9,7,unary,12583,286,0,0,0,115,false
"splice-1",9,7,horn,16529,1215,0,0,0,75,false
"splice-1",9,7,antihorn,17126,1236,0,0,0,77,false
"splice-1",9,7,square2cnf,16824,11132,0,0,0,71,false
"splice-1",9,7,affine,19199,7249,0,0,0,117,false
"splice-1",9,7,smart_certified,35551,15912,0,0,0,101,false
"splice-1",9,7,cals,80069,256459,30,42,0,59,false
"splice-1",9,7,cals_compact_explain,73201,154212,32,44,0,59,false
"taiwan_binarised",0,5,unary,4397,198,0,0,0,59,false
"taiwan_binarised",0,5,horn,8940,862,0,0,0,59,false
"taiwan_binarised",0,5,antihorn,8988,909,0,0,0,61,false
"taiwan_binarised",0,5,square2cnf,10524,9515,0,0,0,63,false
"taiwan_binarised",0,5,affine,7653,3724,0,0,0,63,false
"taiwan_binarised",0,5,smart_certified,38310,13902,0,0,0,61,false
"taiwan_binarised",0,5,cals,46197,19890,38,38,0,63,false
"taiwan_binarised",0,5,cals_compact_explain,40390,8442,50,36,0,63,false
"taiwan_binarised",0,7,unary,12099,198,0,0,0,181,false
"taiwan_binarised",0,7,horn,26229,2001,0,0,0,197,false
"taiwan_binarised",0,7,antihorn,27636,2158,0,0,0,209,false
"taiwan_binarised",0,7,square2cnf,32684,32732,0,0,0,219,false
"taiwan_binarised",0,7,affine,23841,13226,0,0,0,203,false
"taiwan_binarised",0,7,smart_certified,101984,38215,0,0,0,185,false
"taiwan_binarised",0,7,cals,122840,25637,125,125,0,237,false
"taiwan_binarised",0,7,cals_compact_explain,109906,14490,138,124,0,239,false
"taiwan_binarised",1,5,unary,4563,197,0,0,0,63,false
"taiwan_binarised",1,5,horn,9499,904,0,0,0,63,false
"taiwan_binarised",1,5,antihorn,9282,932,0,0,0,63,false
"taiwan_binarised",1,5,square2cnf,10730,9581,0,0,0,63,false
"taiwan_binarised",1,5,affine,7831,3546,0,0,0,63,false
"taiwan_binarised",1,5,smart_certified,39170,14350,0,0,0,63,false
"taiwan_binarised",1,5,cals,52049,19357,37,37,0,61,false
"taiwan_binarised",1,5,cals_compact_explain,35250,5816,47,34,0,61,false
"taiwan_binarised",1,7,unary,12351,197,0,0,0,191,false
"taiwan_binarised",1,7,horn,27665,2082,0,0,0,207,false
"taiwan_binarised",1,7,antihorn,29078,2248,0,0,0,221,false
"taiwan_binarised",1,7,square2cnf,33356,32181,0,0,0,215,false
"taiwan_binarised",1,7,affine,26036,14334,0,0,0,221,false
"taiwan_binarised",1,7,smart_certified,102894,40546,0,0,0,183,false
"taiwan_binarised",1,7,cals,119657,27305,118,118,0,223,false
"taiwan_binarised",1,7,cals_compact_explain,100429,10251,129,116,0,225,false
"taiwan_binarised",2,5,unary,4116,198,0,0,0,55,false
"taiwan_binarised",2,5,horn,9142,906,0,0,0,61,false
"taiwan_binarised",2,5,antihorn,9342,918,0,0,0,63,false
"taiwan_binarised",2,5,square2cnf,10336,9286,0,0,0,61,false
"taiwan_binarised",2,5,affine,7581,3796,0,0,0,63,false
"taiwan_binarised",2,5,smart_certified,36492,13224,0,0,0,55,false
"taiwan_binarised",2,5,cals,45432,22350,37,39,0,63,false
"taiwan_binarised",2,5,cals_compact_explain,37422,6075,50,36,0,63,false
"taiwan_binarised",2,7,unary,11711,198,0,0,0,177,false
"taiwan_binarised",2,7,horn,24832,1902,0,0,0,179,false
"taiwan_binarised",2,7,antihorn,28664,2258,0,0,0,219,false
"taiwan_binarised",2,7,square2cnf,33717,32696,0,0,0,219,false
"taiwan_binarised",2,7,affine,24521,13280,0,0,0,207,false
"taiwan_binarised",2,7,smart_certified,101455,39793,0,0,0,173,false
"taiwan_binarised",2,7,cals,120960,28296,124,126,0,237,false
"taiwan_binarised",2,7,cals_compact_explain,106889,10694,137,123,0,237,false
"taiwan_binarised",3,5,unary,4341,197,0,0,0,59,false
"taiwan_binarised",3,5,horn,9340,897,0,0,0,61,false
"taiwan_binarised",3,5,antihorn,9247,894,0,0,0,63,false
"taiwan_binarised",3,5,square2cnf,10451,9001,0,0,0,61,false
"taiwan_binarised",3,5,affine,7754,3256,0,0,0,61,false
"taiwan_binarised",3,5,smart_certified,38112,13585,0,0,0,59,false
"taiwan_binarised",3,5,cals,46826,19407,38,38,0,63,false
"taiwan_binarised",3,5,cals_compact_explain,35283,6067,49,34,0,63,false
"taiwan_binarised",3,7,unary,12452,197,0,0,0,185,false
"taiwan_binarised",3,7,horn,27214,2057,0,0,0,201,false
"taiwan_binarised",3,7,antihorn,27945,2188,0,0,0,219,false
"taiwan_binarised",3,7,square2cnf,30905,29646,0,0,0,199,false
"taiwan_binarised",3,7,affine,23320,11912,0,0,0,193,false
"taiwan_binarised",3,7,smart_certified,104427,39482,0,0,0,189,false
"taiwan_binarised",3,7,cals,115576,27263,118,118,0,223,false
"taiwan_binarised",3,7,cals_compact_explain,107316,10839,138,123,0,241,false
"taiwan_binarised",4,5,unary,4812,197,0,0,0,63,false
"taiwan_binarised",4,5,horn,8939,866,0,0,0,59,false
"taiwan_binarised",4,5,antihorn,8828,911,0,0,0,61,false
"taiwan_binarised",4,5,square2cnf,10242,9388,0,0,0,61,false
"taiwan_binarised",4,5,affine,7556,3454,0,0,0,61,false
"taiwan_binarised",4,5,smart_certified,42101,15309,0,0,0,63,false
"taiwan_binarised",4,5,cals,52899,22335,34,40,0,61,false
"taiwan_binarised",4,5,cals_compact_explain,38159,9634,46,35,0,61,false
"taiwan_binarised",4,7,unary,13942,197,0,0,0,205,false
"taiwan_binarised",4,7,horn,24097,1786,0,0,0,171,false
"taiwan_binarised",4,7,antihorn,25348,2074,0,0,0,199,false
"taiwan_binarised",4,7,square2cnf,30472,29229,0,0,0,195,false
"taiwan_binarised",4,7,affine,23345,12254,0,0,0,195,false
"taiwan_binarised",4,7,smart_certified,120820,47127,0,0,0,203,false
"taiwan_binarised",4,7,cals,120544,27554,111,117,0,215,false
"taiwan_binarised",4,7,cals_compact_explain,102232,14024,127,116,0,223,false
"taiwan_binarised",5,5,unary,4564,196,0,0,0,63,false
"taiwan_binarised",5,5,horn,9315,934,0,0,0,63,false
"taiwan_binarised",5,5,antihorn,8776,897,0,0,0,61,false
"taiwan_binarised",5,5,square2cnf,10623,9562,0,0,0,63,false
"taiwan_binarised",5,5,affine,7521,3856,0,0,0,63,false
"taiwan_binarised",5,5,smart_certified,40123,15571,0,0,0,63,false
"taiwan_binarised",5,5,cals,48397,26192,45,38,0,63,false
"taiwan_binarised",5,5,cals_compact_explain,40971,12107,48,35,0,63,false
"taiwan_binarised",5,7,unary,12819,196,0,0,0,199,false
"taiwan_binarised",5,7,horn,27001,2081,0,0,0,203,false
"taiwan_binarised",5,7,antihorn,27712,2189,0,0,0,217,false
"taiwan_binarised",5,7,square2cnf,32717,31622,0,0,0,211,false
"taiwan_binarised",5,7,affine,23082,13618,0,0,0,201,false
"taiwan_binarised",5,7,smart_certified,106862,42504,0,0,0,189,false
"taiwan_binarised",5,7,cals,123582,34871,135,128,0,243,false
"taiwan_binarised",5,7,cals_compact_explain,111457,18017,138,125,0,243,false
"taiwan_binarised",6,5,unary,4280,195,0,0,0,59,false
"taiwan_binarised",6,5,horn,9298,911,0,0,0,63,false
"taiwan_binarised",6,5,antihorn,8992,894,0,0,0,61,false
"taiwan_binarised",6,5,square2cnf,10502,9473,0,0,0,63,false
"taiwan_binarised",6,5,affine,7496,3514,0,0,0,61,false
"taiwan_binarised",6,5,smart_certified,37690,13560,0,0,0,59,false
"taiwan_binarised",6,5,cals,50222,20101,36,40,0,63,false
"taiwan_binarised",6,5,cals_compact_explain,37923,8324,49,34,0,63,false
"taiwan_binarised",6,7,unary,12488,195,0,0,0,189,false
"taiwan_binarised",6,7,horn,25238,1968,0,0,0,191,false
"taiwan_binarised",6,7,antihorn,27626,2144,0,0,0,211,false
"taiwan_binarised",6,7,square2cnf,30900,29992,0,0,0,201,false
"taiwan_binarised",6,7,affine,23255,13078,0,0,0,199,false
"taiwan_binarised",6,7,smart_certified,103276,38945,0,0,0,183,false
"taiwan_binarised",6,7,cals,125086,25707,121,125,0,233,false
"taiwan_binarised",6,7,cals_compact_explain,105008,13270,134,119,0,233,false
"taiwan_binarised",7,5,unary,4573,198,0,0,0,61,false
"taiwan_binarised",7,5,horn,9218,903,0,0,0,61,false
"taiwan_binarised",7,5,antihorn,9187,931,0,0,0,63,false
"taiwan_binarised",7,5,square2cnf,10460,9601,0,0,0,63,false
"taiwan_binarised",7,5,affine,7293,4084,0,0,0,63,false
"taiwan_binarised",7,5,smart_certified,39933,15119,0,0,0,61,false
"taiwan_binarised",7,5,cals,51834,29582,38,38,0,63,false
"taiwan_binarised",7,5,cals_compact_explain,40653,12799,51,35,0,63,false
"taiwan_binarised",7,7,unary,12826,198,0,0,0,185,false
"taiwan_binarised",7,7,horn,25209,1915,0,0,0,185,false
"taiwan_binarised",7,7,antihorn,27695,2226,0,0,0,215,false
"taiwan_binarised",7,7,square2cnf,32946,33105,0,0,0,221,false
"taiwan_binarised",7,7,affine,24887,14382,0,0,0,215,false
"taiwan_binarised",7,7,smart_certified,112143,44220,0,0,0,185,false
"taiwan_binarised",7,7,cals,127479,35980,125,125,0,237,false
"taiwan_binarised",7,7,cals_compact_explain,111054,18063,139,123,0,239,false
"taiwan_binarised",8,5,unary,4487,194,0,0,0,63,false
"taiwan_binarised",8,5,horn,9210,896,0,0,0,61,false
"taiwan_binarised",8,5,antihorn,9360,911,0,0,0,63,false
"taiwan_binarised",8,5,square2cnf,10270,9336,0,0,0,61,false
"taiwan_binarised",8,5,affine,6966,3310,0,0,0,57,false
"taiwan_binarised",8,5,smart_certified,38844,14622,0,0,0,63,false
"taiwan_binarised",8,5,cals,48150,22120,36,40,0,63,false
"taiwan_binarised",8,5,cals_compact_explain,39827,12920,48,35,0,63,false
"taiwan_binarised",8,7,unary,12368,194,0,0,0,185,false
"taiwan_binarised",8,7,horn,27226,2008,0,0,0,195,false
"taiwan_binarised",8,7,antihorn,28505,2210,0,0,0,219,false
"taiwan_binarised",8,7,square2cnf,31439,30432,0,0,0,203,false
"taiwan_binarised",8,7,affine,20813,11116,0,0,0,175,false
"taiwan_binarised",8,7,smart_certified,105070,41284,0,0,0,181,false
"taiwan_binarised",8,7,cals,119839,28094,119,123,0,229,false
"taiwan_binarised",8,7,cals_compact_explain,106354,17705,132,119,0,231,false
"taiwan_binarised",9,5,unary,4535,198,0,0,0,61,false
"taiwan_binarised",9,5,horn,9187,870,0,0,0,59,false
"taiwan_binarised",9,5,antihorn,9382,913,0,0,0,63,false
"taiwan_binarised",9,5,square2cnf,9648,8743,0,0,0,57,false
"taiwan_binarised",9,5,affine,7591,3786,0,0,0,63,false
"taiwan_binarised",9,5,smart_certified,38658,13865,0,0,0,61,false
"taiwan_binarised",9,5,cals,47424,20251,37,39,0,63,false
"taiwan_binarised",9,5,cals_compact_explain,38387,8644,49,34,0,63,false
"taiwan_binarised",9,7,unary,12503,198,0,0,0,197,false
"taiwan_binarised",9,7,horn,26929,1956,0,0,0,189,false
"taiwan_binarised",9,7,antihorn,29530,2262,0,0,0,225,false
"taiwan_binarised",9,7,square2cnf,30037,29466,0,0,0,197,false
"taiwan_binarised",9,7,affine,25614,14756,0,0,0,221,false
"taiwan_binarised",9,7,smart_certified,104840,40359,0,0,0,191,false
"taiwan_binarised",9,7,cals,122302,25998,124,126,0,237,false
"taiwan_binarised",9,7,cals_compact_explain,106645,13832,136,121,0,237,false
"tic-tac-toe",0,5,unary,433,27,0,0,0,43,false
"tic-tac-toe",0,5,horn,669,296,0,0,0,31,false
"tic-tac-toe",0,5,antihorn,800,336,0,0,0,37,false
"tic-tac-toe",0,5,square2cnf,1365,5375,0,0,0,37,false
"tic-tac-toe",0,5,affine,1975,2533,0,0,0,47,false
"tic-tac-toe",0,5,smart_certified,1670,3268,0,0,0,27,false
"tic-tac-toe",0,5,cals,23066,166792,19,29,0,35,false
"tic-tac-toe",0,5,cals_compact_explain,10148,82756,24,24,0,37,false
"tic-tac-toe",0,7,unary,810,27,0,0,0,89,false
"tic-tac-toe",0,7,horn,1187,448,0,0,0,55,false
"tic-tac-toe",0,7,antihorn,1137,440,0,0,0,53,false
"tic-tac-toe",0,7,square2cnf,3330,11031,0,0,0,79,false
"tic-tac-toe",0,7,affine,5607,3801,0,0,0,97,false
"tic-tac-toe",0,7,smart_certified,2875,5681,0,0,0,57,false
"tic-tac-toe",0,7,cals,28586,227803,29,39,0,55,false
"tic-tac-toe",0,7,cals_compact_explain,12246,111154,32,32,0,53,false
"tic-tac-toe",1,5,unary,433,27,0,0,0,43,false
"tic-tac-toe",1,5,horn,655,300,0,0,0,31,false
"tic-tac-toe",1,5,antihorn,518,237,0,0,0,23,false
"tic-tac-toe",1,5,square2cnf,1425,5335,0,0,0,37,false
"tic-tac-toe",1,5,affine,2307,2593,0,0,0,51,false
"tic-tac-toe",1,5,smart_certified,1730,3619,0,0,0,29,false
"tic-tac-toe",1,5,cals,24984,183508,23,31,0,41,false
"tic-tac-toe",1,5,cals_compact_explain,11555,92898,26,27,0,39,false
"tic-tac-toe",1,7,unary,737,27,0,0,0,81,false
"tic-tac-toe",1,7,horn,1053,429,0,0,0,49,false
"tic-tac-toe",1,7,antihorn,1263,460,0,0,0,55,false
"tic-tac-toe",1,7,square2cnf,3143,10498,0,0,0,75,false
"tic-tac-toe",1,7,affine,6085,3715,0,0,0,101,false
"tic-tac-toe",1,7,smart_certified,3372,7385,0,0,0,69,false
"tic-tac-toe",1,7,cals,29043,241292,33,41,0,61,false
"tic-tac-toe",1,7,cals_compact_explain,13774,121323,34,35,0,55,false
"tic-tac-toe",2,5,unary,433,27,0,0,0,43,false
"tic-tac-toe",2,5,horn,636,279,0,0,0,29,false
"tic-tac-toe",2,5,antihorn,513,240,0,0,0,23,false
"tic-tac-toe",2,5,square2cnf,1362,5342,0,0,0,37,false
"tic-tac-toe",2,5,affine,1969,2343,0,0,0,45,false
"tic-tac-toe",2,5,smart_certified,1340,1601,0,0,0,23,false
"tic-tac-toe",2,5,cals,20838,174086,19,29,0,35,false
"tic-tac-toe",2,5,cals_compact_explain,11026,101284,29,29,0,41,false
"tic-tac-toe",2,7,unary,811,27,0,0,0,91,false
"tic-tac-toe",2,7,horn,1196,456,0,0,0,55,false
"tic-tac-toe",2,7,antihorn,1395,491,0,0,0,61,false
"tic-tac-toe",2,7,square2cnf,2776,9760,0,0,0,69,false
"tic-tac-toe",2,7,affine,5379,3637,0,0,0,93,false
"tic-tac-toe",2,7,smart_certified,2421,1811,0,0,0,55,false
"tic-tac-toe",2,7,cals,24022,224109,27,37,0,51,false
"tic-tac-toe",2,7,cals_compact_explain,13657,129168,37,37,0,57,false
"tic-tac-toe",3,5,unary,433,27,0,0,0,43,false
"tic-tac-toe",3,5,horn,909,353,0,0,0,41,false
"tic-tac-toe",3,5,antihorn,850,359,0,0,0,39,false
"tic-tac-toe",3,5,square2cnf,1429,5329,0,0,0,37,false
"tic-tac-toe",3,5,affine,2031,2477,0,0,0,47,false
"tic-tac-toe",3,5,smart_certified,2171,4542,0,0,0,37,false
"tic-tac-toe",3,5,cals,26271,188663,26,32,0,45,false
"tic-tac-toe",3,5,cals_compact_explain,9527,106519,32,30,0,45,false
"tic-tac-toe",3,7,unary,740,27,0,0,0,81,false
"tic-tac-toe",3,7,horn,1595,579,0,0,0,77,false
"tic-tac-toe",3,7,antihorn,1657,606,0,0,0,79,false
"tic-tac-toe",3,7,square2cnf,3194,11592,0,0,0,81,false
"tic-tac-toe",3,7,affine,5733,3675,0,0,0,97,false
"tic-tac-toe",3,7,smart_certified,4303,7776,0,0,0,73,false
"tic-tac-toe",3,7,cals,30091,248953,37,43,0,67,false
"tic-tac-toe",3,7,cals_compact_explain,11934,138545,41,39,0,63,false
"tic-tac-toe",4,5,unary,452,27,0,0,0,45,false
"tic-tac-toe",4,5,horn,707,313,0,0,0,33,false
"tic-tac-toe",4,5,antihorn,512,241,0,0,0,23,false
"tic-tac-toe",4,5,square2cnf,1174,4852,0,0,0,33,false
"tic-tac-toe",4,5,affine,2061,2251,0,0,0,45,false
"tic-tac-toe",4,5,smart_certified,1583,3681,0,0,0,27,false
"tic-tac-toe",4,5,cals,18493,183349,24,30,0,41,false
"tic-tac-toe",4,5,cals_compact_explain,11534,58528,17,18,0,21,false
"tic-tac-toe",4,7,unary,809,27,0,0,0,89,false
"tic-tac-toe",4,7,horn,1143,460,0,0,0,55,false
"tic-tac-toe",4,7,antihorn,1335,507,0,0,0,59,false
"tic-tac-toe",4,7,square2cnf,2101,7960,0,0,0,55,false
"tic-tac-toe",4,7,affine,5647,3761,0,0,0,97,false
"tic-tac-toe",4,7,smart_certified,3064,6900,0,0,0,55,false
"tic-tac-toe",4,7,cals,23349,231730,32,38,0,57,false
"tic-tac-toe",4,7,cals_compact_explain,15005,101169,29,30,0,45,false
"tic-tac-toe",5,5,unary,451,27,0,0,0,45,false
"tic-tac-toe",5,5,horn,572,268,0,0,0,27,false
"tic-tac-toe",5,5,antihorn,860,339,0,0,0,39,false
"tic-tac-toe",5,5,square2cnf,1230,5089,0,0,0,35,false
"tic-tac-toe",5,5,affine,1969,2539,0,0,0,47,false
"tic-tac-toe",5,5,smart_certified,1671,3282,0,0,0,27,false
"tic-tac-toe",5,5,cals,22127,166092,20,28,0,35,false
"tic-tac-toe",5,5,cals_compact_explain,9666,90970,33,26,0,39,false
"tic-tac-toe",5,7,unary,746,27,0,0,0,81,false
"tic-tac-toe",5,7,horn,991,414,0,0,0,45,false
"tic-tac-toe",5,7,antihorn,1272,438,0,0,0,57,false
"tic-tac-toe",5,7,square2cnf,2761,10112,0,0,0,71,false
"tic-tac-toe",5,7,affine,6249,4139,0,0,0,107,false
"tic-tac-toe",5,7,smart_certified,2972,5911,0,0,0,57,false
"tic-tac-toe",5,7,cals,25112,189793,24,32,0,43,false
"tic-tac-toe",5,7,cals_compact_explain,10764,120505,43,34,0,57,false
"tic-tac-toe",6,5,unary,450,27,0,0,0,45,false
"tic-tac-toe",6,5,horn,1013,405,0,0,0,47,false
"tic-tac-toe",6,5,antihorn,750,303,0,0,0,33,false
"tic-tac-toe",6,5,square2cnf,1574,5894,0,0,0,41,false
"tic-tac-toe",6,5,affine,1787,2525,0,0,0,45,false
"tic-tac-toe",6,5,smart_certified,1599,3336,0,0,0,27,false
"tic-tac-toe",6,5,cals,27922,187187,22,32,0,41,false
"tic-tac-toe",6,5,cals_compact_explain,10498,101601,30,29,0,39,false
"tic-tac-toe",6,7,unary,768,27,0,0,0,85,false
"tic-tac-toe",6,7,horn,1516,579,0,0,0,73,false
"tic-tac-toe",6,7,antihorn,1290,442,0,0,0,55,false
"tic-tac-toe",6,7,square2cnf,3275,11812,0,0,0,83,false
"tic-tac-toe",6,7,affine,6323,4065,0,0,0,107,false
"tic-tac-toe",6,7,smart_certified,2774,5730,0,0,0,55,false
"tic-tac-toe",6,7,cals,33187,255123,33,43,0,63,false
"tic-tac-toe",6,7,cals_compact_explain,14878,150606,44,43,0,67,false
"tic-tac-toe",7,5,unary,432,27,0,0,0,43,false
"tic-tac-toe",7,5,horn,698,278,0,0,0,31,false
"tic-tac-toe",7,5,antihorn,788,311,0,0,0,35,false
"tic-tac-toe",7,5,square2cnf,1191,4458,0,0,0,31,false
"tic-tac-toe",7,5,affine,1903,2605,0,0,0,47,false
"tic-tac-toe",7,5,smart_certified,1855,3471,0,0,0,29,false
"tic-tac-toe",7,5,cals,10439,130860,23,21,0,31,false
"tic-tac-toe",7,5,cals_compact_explain,6872,66763,20,19,0,31,false
"tic-tac-toe",7,7,unary,741,27,0,0,0,81,false
"tic-tac-toe",7,7,horn,1234,434,0,0,0,55,false
"tic-tac-toe",7,7,antihorn,1423,518,0,0,0,67,false
"tic-tac-toe",7,7,square2cnf,2608,9274,0,0,0,65,false
"tic-tac-toe",7,7,affine,6115,4077,0,0,0,105,false
"tic-tac-toe",7,7,smart_certified,3554,6892,0,0,0,69,false
"tic-tac-toe",7,7,cals,14365,174255,31,29,0,47,false
"tic-tac-toe",7,7,cals_compact_explain,8670,88370,27,26,0,45,false
"tic-tac-toe",8,5,unary,433,27,0,0,0,43,false
"tic-tac-toe",8,5,horn,1065,399,0,0,0,49,false
"tic-tac-toe",8,5,antihorn,741,297,0,0,0,33,false
"tic-tac-toe",8,5,square2cnf,1192,4784,0,0,0,33,false
"tic-tac-toe",8,5,affine,2229,2671,0,0,0,51,false
"tic-tac-toe",8,5,smart_certified,2379,4550,0,0,0,39,false
"tic-tac-toe",8,5,cals,24683,190197,24,32,0,43,false
"tic-tac-toe",8,5,cals_compact_explain,9855,94867,26,27,0,39,false
"tic-tac-toe",8,7,unary,758,27,0,0,0,83,false
"tic-tac-toe",8,7,horn,1597,591,0,0,0,77,false
"tic-tac-toe",8,7,antihorn,1446,507,0,0,0,65,false
"tic-tac-toe",8,7,square2cnf,2246,8501,0,0,0,59,false
"tic-tac-toe",8,7,affine,5707,3897,0,0,0,99,false
"tic-tac-toe",8,7,smart_certified,4841,7483,0,0,0,79,false
"tic-tac-toe",8,7,cals,28887,259051,35,43,0,65,false
"tic-tac-toe",8,7,cals_compact_explain,12393,127004,35,36,0,57,false
"tic-tac-toe",9,5,unary,451,27,0,0,0,45,false
"tic-tac-toe",9,5,horn,718,293,0,0,0,33,false
"tic-tac-toe",9,5,antihorn,892,372,0,0,0,41,false
"tic-tac-toe",9,5,square2cnf,1941,7352,0,0,0,51,false
"tic-tac-toe",9,5,affine,2149,2555,0,0,0,49,false
"tic-tac-toe",9,5,smart_certified,2021,2525,0,0,0,33,false
"tic-tac-toe",9,5,cals,21791,146383,24,25,0,29,false
"tic-tac-toe",9,5,cals_compact_explain,8690,68824,20,20,0,29,false
"tic-tac-toe",9,7,unary,848,27,0,0,0,97,false
"tic-tac-toe",9,7,horn,1043,415,0,0,0,51,false
"tic-tac-toe",9,7,antihorn,1294,489,0,0,0,59,false
"tic-tac-toe",9,7,square2cnf,3763,12670,0,0,0,91,false
"tic-tac-toe",9,7,affine,5871,3929,0,0,0,101,false
"tic-tac-toe",9,7,smart_certified,4191,3568,0,0,0,73,false
"tic-tac-toe",9,7,cals,25130,196566,32,33,0,45,false
"tic-tac-toe",9,7,cals_compact_explain,11687,100242,29,29,0,47,false
"titanic-un",0,5,unary,3691,333,0,0,0,45,false
"titanic-un",0,5,horn,7067,1034,0,0,0,41,false
"titanic-un",0,5,antihorn,8174,1090,0,0,0,49,false
"titanic-un",0,5,square2cnf,8440,8003,0,0,0,49,false
"titanic-un",0,5,affine,6519,3019,0,0,0,39,false
"titanic-un",0,5,smart_certified,35250,11963,0,0,0,45,false
"titanic-un",0,5,cals,71843,28448,20,32,0,39,false
"titanic-un",0,5,cals_compact_explain,40195,9592,26,30,0,39,false
"titanic-un",0,7,unary,5803,333,0,0,0,85,false
"titanic-un",0,7,horn,12158,1485,0,0,0,95,false
"titanic-un",0,7,antihorn,11541,1362,0,0,0,83,false
"titanic-un",0,7,square2cnf,13722,13681,0,0,0,91,false
"titanic-un",0,7,affine,12371,5199,0,0,0,71,false
"titanic-un",0,7,smart_certified,57192,20368,0,0,0,83,false
"titanic-un",0,7,cals,87119,29958,42,54,0,83,false
"titanic-un",0,7,cals_compact_explain,51388,10583,49,47,0,79,false
"titanic-un",1,5,unary,3666,332,0,0,0,45,false
"titanic-un",1,5,horn,7194,1006,0,0,0,41,false
"titanic-un",1,5,antihorn,6776,982,0,0,0,37,false
"titanic-un",1,5,square2cnf,7295,6336,0,0,0,39,false
"titanic-un",1,5,affine,5743,1787,0,0,0,31,false
"titanic-un",1,5,smart_certified,35463,11441,0,0,0,45,false
"titanic-un",1,5,cals,64110,39702,19,33,0,39,false
"titanic-un",1,5,cals_compact_explain,39165,12913,27,26,0,39,false
"titanic-un",1,7,unary,5451,332,0,0,0,73,false
"titanic-un",1,7,horn,10275,1196,0,0,0,63,false
"titanic-un",1,7,antihorn,10088,1208,0,0,0,63,false
"titanic-un",1,7,square2cnf,10886,9925,0,0,0,63,false
"titanic-un",1,7,affine,11031,3527,0,0,0,59,false
"titanic-un",1,7,smart_certified,51768,17118,0,0,0,73,false
"titanic-un",1,7,cals,76681,40819,37,51,0,75,false
"titanic-un",1,7,cals_compact_explain,50459,13795,43,42,0,71,false
"titanic-un",2,5,unary,4322,333,0,0,0,49,false
"titanic-un",2,5,horn,8236,1056,0,0,0,45,false
"titanic-un",2,5,antihorn,7645,1020,0,0,0,41,false
"titanic-un",2,5,square2cnf,7521,7677,0,0,0,47,false
"titanic-un",2,5,affine,7023,3519,0,0,0,43,false
"titanic-un",2,5,smart_certified,36496,10725,0,0,0,43,false
"titanic-un",2,5,cals,72439,161650,24,30,0,41,false
"titanic-un",2,5,cals_compact_explain,36279,89503,30,25,0,41,false
"titanic-un",2,7,unary,6681,333,0,0,0,91,false
"titanic-un",2,7,horn,13105,1367,0,0,0,85,false
"titanic-un",2,7,antihorn,12170,1266,0,0,0,71,false
"titanic-un",2,7,square2cnf,12703,13290,0,0,0,85,false
"titanic-un",2,7,affine,14235,5845,0,0,0,81,false
"titanic-un",2,7,smart_certified,57153,17511,0,0,0,85,false
"titanic-un",2,7,cals,87546,269736,41,47,0,75,false
"titanic-un",2,7,cals_compact_explain,49948,154398,48,43,0,77,false
"titanic-un",3,5,unary,4112,333,0,0,0,39,false
"titanic-un",3,5,horn,8076,984,0,0,0,39,false
"titanic-un",3,5,antihorn,7255,958,0,0,0,35,false
"titanic-un",3,5,square2cnf,8559,6325,0,0,0,39,false
"titanic-un",3,5,affine,5135,2395,0,0,0,31,false
"titanic-un",3,5,smart_certified,36546,9773,0,0,0,37,false
"titanic-un",3,5,cals,94960,80546,28,27,0,35,false
"titanic-un",3,5,cals_compact_explain,72310,68237,28,27,0,35,false
"titanic-un",3,7,unary,6823,333,0,0,0,73,false
"titanic-un",3,7,horn,13202,1280,0,0,0,77,false
"titanic-un",3,7,antihorn,12639,1328,0,0,0,77,false
"titanic-un",3,7,square2cnf,14862,12096,0,0,0,79,false
"titanic-un",3,7,affine,8439,3107,0,0,0,47,false
"titanic-un",3,7,smart_certified,58964,16332,0,0,0,69,false
"titanic-un",3,7,cals,108112,133941,46,45,0,71,false
"titanic-un",3,7,cals_compact_explain,83744,86888,43,42,0,65,false
"titanic-un",4,5,unary,2994,333,0,0,0,31,false
"titanic-un",4,5,horn,6245,969,0,0,0,35,false
"titanic-un",4,5,antihorn,6902,954,0,0,0,35,false
"titanic-un",4,5,square2cnf,6732,5388,0,0,0,33,false
"titanic-un",4,5,affine,4249,1775,0,0,0,25,false
"titanic-un",4,5,smart_certified,26793,7959,0,0,0,31,false
"titanic-un",4,5,cals,75473,23502,16,30,0,33,false
"titanic-un",4,5,cals_compact_explain,37521,9245,25,22,0,33,false
"titanic-un",4,7,unary,4665,333,0,0,0,59,false
"titanic-un",4,7,horn,10351,1356,0,0,0,79,false
"titanic-un",4,7,antihorn,9134,1156,0,0,0,59,false
"titanic-un",4,7,square2cnf,10424,9944,0,0,0,63,false
"titanic-un",4,7,affine,7825,3219,0,0,0,45,false
"titanic-un",4,7,smart_certified,41856,13941,0,0,0,59,false
"titanic-un",4,7,cals,86978,24555,31,45,0,63,false
"titanic-un",4,7,cals_compact_explain,48363,10061,40,37,0,63,false
"titanic-un",5,5,unary,4901,333,0,0,0,51,false
"titanic-un",5,5,horn,8102,1039,0,0,0,43,false
"titanic-un",5,5,antihorn,7913,1038,0,0,0,43,false
"titanic-un",5,5,square2cnf,8276,6666,0,0,0,41,false
"titanic-un",5,5,affine,5717,2315,0,0,0,33,false
"titanic-un",5,5,smart_certified,44048,12798,0,0,0,51,false
"titanic-un",5,5,cals,64987,22304,21,31,0,39,false
"titanic-un",5,5,cals_compact_explain,42779,11695,23,30,0,39,false
"titanic-un",5,7,unary,7799,333,0,0,0,95,false
"titanic-un",5,7,horn,14321,1404,0,0,0,87,false
"titanic-un",5,7,antihorn,13153,1359,0,0,0,81,false
"titanic-un",5,7,square2cnf,14043,12820,0,0,0,83,false
"titanic-un",5,7,affine,10899,4161,0,0,0,61,false
"titanic-un",5,7,smart_certified,66798,20606,0,0,0,93,false
"titanic-un",5,7,cals,74498,23114,33,43,0,63,false
"titanic-un",5,7,cals_compact_explain,49422,12434,42,43,0,71,false
"titanic-un",6,5,unary,4064,331,0,0,0,49,false
"titanic-un",6,5,horn,7803,1015,0,0,0,41,false
"titanic-un",6,5,antihorn,7725,1029,0,0,0,43,false
"titanic-un",6,5,square2cnf,7165,7255,0,0,0,45,false
"titanic-un",6,5,affine,6673,2865,0,0,0,39,false
"titanic-un",6,5,smart_certified,37612,12453,0,0,0,47,false
"titanic-un",6,5,cals,66375,130512,23,25,0,35,false
"titanic-un",6,5,cals_compact_explain,71938,82078,36,23,0,39,false
"titanic-un",6,7,unary,6502,331,0,0,0,91,false
"titanic-un",6,7,horn,13777,1356,0,0,0,81,false
"titanic-un",6,7,antihorn,12805,1267,0,0,0,75,false
"titanic-un",6,7,square2cnf,11628,13214,0,0,0,85,false
"titanic-un",6,7,affine,11999,4567,0,0,0,67,false
"titanic-un",6,7,smart_certified,60050,21055,0,0,0,87,false
"titanic-un",6,7,cals,83320,234352,40,42,0,69,false
"titanic-un",6,7,cals_compact_explain,88317,105604,52,39,0,71,false
"titanic-un",7,5,unary,4046,332,0,0,0,41,false
"titanic-un",7,5,horn,8159,1042,0,0,0,45,false
"titanic-un",7,5,antihorn,8035,1046,0,0,0,45,false
"titanic-un",7,5,square2cnf,7662,7277,0,0,0,45,false
"titanic-un",7,5,affine,5903,2631,0,0,0,35,false
"titanic-un",7,5,smart_certified,36460,10455,0,0,0,41,false
"titanic-un",7,5,cals,64661,153509,26,30,0,43,false
"titanic-un",7,5,cals_compact_explain,44288,100705,29,29,0,41,false
"titanic-un",7,7,unary,6122,332,0,0,0,71,false
"titanic-un",7,7,horn,12197,1377,0,0,0,83,false
"titanic-un",7,7,antihorn,12371,1373,0,0,0,83,false
"titanic-un",7,7,square2cnf,12123,13397,0,0,0,85,false
"titanic-un",7,7,affine,11719,4847,0,0,0,67,false
"titanic-un",7,7,smart_certified,56683,16791,0,0,0,69,false
"titanic-un",7,7,cals,79880,279869,46,50,0,83,false
"titanic-un",7,7,cals_compact_explain,59711,175175,50,50,0,83,false
"titanic-un",8,5,unary,3551,332,0,0,0,45,false
"titanic-un",8,5,horn,5739,917,0,0,0,29,false
"titanic-un",8,5,antihorn,7107,1025,0,0,0,41,false
"titanic-un",8,5,square2cnf,7009,7018,0,0,0,43,false
"titanic-un",8,5,affine,7577,3467,0,0,0,45,false
"titanic-un",8,5,smart_certified,34322,11696,0,0,0,45,false
"titanic-un",8,5,cals,70789,31354,19,33,0,39,false
"titanic-un",8,5,cals_compact_explain,42529,16693,28,30,0,41,false
"titanic-un",8,7,unary,5390,332,0,0,0,89,false
"titanic-un",8,7,horn,7901,1081,0,0,0,49,false
"titanic-un",8,7,antihorn,9364,1230,0,0,0,65,false
"titanic-un",8,7,square2cnf,12092,13519,0,0,0,89,false
"titanic-un",8,7,affine,14765,5817,0,0,0,83,false
"titanic-un",8,7,smart_certified,52894,20067,0,0,0,89,false
"titanic-un",8,7,cals,81142,32589,39,53,0,79,false
"titanic-un",8,7,cals_compact_explain,52166,17638,50,50,0,83,false
"titanic-un",9,5,unary,3628,332,0,0,0,43,false
"titanic-un",9,5,horn,6841,1001,0,0,0,39,false
"titanic-un",9,5,antihorn,6517,963,0,0,0,35,false
"titanic-un",9,5,square2cnf,7258,6094,0,0,0,37,false
"titanic-un",9,5,affine,5845,2187,0,0,0,33,false
"titanic-un",9,5,smart_certified,33097,10324,0,0,0,43,false
"titanic-un",9,5,cals,70711,16152,17,27,0,31,false
"titanic-un",9,5,cals_compact_explain,40971,9751,21,26,0,33,false
"titanic-un",9,7,unary,5252,332,0,0,0,79,false
"titanic-un",9,7,horn,10634,1241,0,0,0,67,false
"titanic-un",9,7,antihorn,10523,1195,0,0,0,63,false
"titanic-un",9,7,square2cnf,10936,10071,0,0,0,63,false
"titanic-un",9,7,affine,9245,2803,0,0,0,49,false
"titanic-un",9,7,smart_certified,47452,16924,0,0,0,77,false
"titanic-un",9,7,cals,80106,16983,30,40,0,57,false
"titanic-un",9,7,cals_compact_explain,51790,10616,38,43,0,67,false
"vehicle",0,5,unary,2816,252,0,0,0,33,false
"vehicle",0,5,horn,5161,760,0,0,0,31,false
"vehicle",0,5,antihorn,5161,760,0,0,0,31,false
"vehicle",0,5,square2cnf,5548,4963,0,0,0,31,false
"vehicle",0,5,affine,4318,2418,0,0,0,33,false
"vehicle",0,5,smart_certified,25311,8549,0,0,0,33,false
"vehicle",0,5,cals,36870,45146,17,19,0,23,false
"vehicle",0,5,cals_compact_explain,29642,22451,19,15,0,23,false
"vehicle",0,7,unary,4097,252,0,0,0,55,false
"vehicle",0,7,horn,7155,886,0,0,0,47,false
"vehicle",0,7,antihorn,7155,886,0,0,0,47,false
"vehicle",0,7,square2cnf,7776,7303,0,0,0,47,false
"vehicle",0,7,affine,6899,3626,0,0,0,51,false
"vehicle",0,7,smart_certified,34594,11927,0,0,0,51,false
"vehicle",0,7,cals,40529,45380,21,23,0,31,false
"vehicle",0,7,cals_compact_explain,33018,22695,26,19,0,31,false
"vehicle",1,5,unary,2724,252,0,0,0,33,false
"vehicle",1,5,horn,5471,769,0,0,0,33,false
"vehicle",1,5,antihorn,5472,768,0,0,0,33,false
"vehicle",1,5,square2cnf,5908,5228,0,0,0,33,false
"vehicle",1,5,affine,4068,2668,0,0,0,33,false
"vehicle",1,5,smart_certified,23822,8104,0,0,0,33,false
"vehicle",1,5,cals,35320,17949,18,18,0,23,false
"vehicle",1,5,cals_compact_explain,16301,41389,21,11,0,21,false
"vehicle",1,7,unary,3680,252,0,0,0,49,false
"vehicle",1,7,horn,7116,874,0,0,0,45,false
"vehicle",1,7,antihorn,7117,873,0,0,0,45,false
"vehicle",1,7,square2cnf,7704,7018,0,0,0,45,false
"vehicle",1,7,affine,6201,3482,0,0,0,47,false
"vehicle",1,7,smart_certified,29530,10081,0,0,0,43,false
"vehicle",1,7,cals,36607,18390,20,20,0,27,false
"vehicle",1,7,cals_compact_explain,17798,48688,23,13,0,25,false
"vehicle",2,5,unary,2911,252,0,0,0,35,false
"vehicle",2,5,horn,6325,813,0,0,0,37,false
"vehicle",2,5,antihorn,6328,810,0,0,0,37,false
"vehicle",2,5,square2cnf,6794,5852,0,0,0,37,false
"vehicle",2,5,affine,4501,2656,0,0,0,35,false
"vehicle",2,5,smart_certified,25480,8721,0,0,0,35,false
"vehicle",2,5,cals,40869,22943,22,20,0,29,false
"vehicle",2,5,cals_compact_explain,24442,11636,17,17,0,29,false
"vehicle",2,7,unary,4138,252,0,0,0,53,false
"vehicle",2,7,horn,8302,951,0,0,0,55,false
"vehicle",2,7,antihorn,8305,948,0,0,0,55,false
"vehicle",2,7,square2cnf,9043,8472,0,0,0,55,false
"vehicle",2,7,affine,7782,4006,0,0,0,57,false
"vehicle",2,7,smart_certified,33430,11095,0,0,0,51,false
"vehicle",2,7,cals,45598,23339,28,26,0,41,false
"vehicle",2,7,cals_compact_explain,28806,11980,23,23,0,41,false
"vehicle",3,5,unary,2792,252,0,0,0,33,false
"vehicle",3,5,horn,5106,759,0,0,0,31,false
"vehicle",3,5,antihorn,5105,760,0,0,0,31,false
"vehicle",3,5,square2cnf,5496,4959,0,0,0,31,false
"vehicle",3,5,affine,4685,2472,0,0,0,35,false
"vehicle",3,5,smart_certified,24172,8090,0,0,0,33,false
"vehicle",3,5,cals,37856,36894,21,23,0,31,false
"vehicle",3,5,cals_compact_explain,30052,21190,32,19,0,31,false
"vehicle",3,7,unary,3643,252,0,0,0,47,false
"vehicle",3,7,horn,6125,828,0,0,0,39,false
"vehicle",3,7,antihorn,6124,829,0,0,0,39,false
"vehicle",3,7,square2cnf,6618,6149,0,0,0,39,false
"vehicle",3,7,affine,6921,3604,0,0,0,51,false
"vehicle",3,7,smart_certified,28695,9582,0,0,0,43,false
"vehicle",3,7,cals,40724,36997,24,26,0,37,false
"vehicle",3,7,cals_compact_explain,32649,21371,35,22,0,37,false
"vehicle",4,5,unary,2350,252,0,0,0,29,false
"vehicle",4,5,horn,3644,693,0,0,0,23,false
"vehicle",4,5,antihorn,3644,693,0,0,0,23,false
"vehicle",4,5,square2cnf,3929,3774,0,0,0,23,false
"vehicle",4,5,affine,4131,2184,0,0,0,31,false
"vehicle",4,5,smart_certified,12934,5060,0,0,0,25,false
"vehicle",4,5,cals,33150,38327,24,22,0,33,false
"vehicle",4,5,cals_compact_explain,29418,52032,20,15,0,21,false
"vehicle",4,7,unary,3246,252,0,0,0,41,false
"vehicle",4,7,horn,5939,772,0,0,0,35,false
"vehicle",4,7,antihorn,5938,773,0,0,0,35,false
"vehicle",4,7,square2cnf,6642,5271,0,0,0,35,false
"vehicle",4,7,affine,6347,3336,0,0,0,47,false
"vehicle",4,7,smart_certified,15204,6052,0,0,0,37,false
"vehicle",4,7,cals,36904,41212,27,25,0,39,false
"vehicle",4,7,cals_compact_explain,30237,55713,21,16,0,23,false
"vehicle",5,5,unary,2523,252,0,0,0,31,false
"vehicle",5,5,horn,5007,781,0,0,0,33,false
"vehicle",5,5,antihorn,5008,780,0,0,0,33,false
"vehicle",5,5,square2cnf,5416,5268,0,0,0,33,false
"vehicle",5,5,affine,3380,2514,0,0,0,29,false
"vehicle",5,5,smart_certified,22872,8163,0,0,0,31,false
"vehicle",5,5,cals,40442,43727,18,18,0,23,false
"vehicle",5,5,cals_compact_explain,27388,22366,18,16,0,23,false
"vehicle",5,7,unary,4206,252,0,0,0,57,false
"vehicle",5,7,horn,7700,919,0,0,0,51,false
"vehicle",5,7,antihorn,7701,918,0,0,0,51,false
"vehicle",5,7,square2cnf,8381,7888,0,0,0,51,false
"vehicle",5,7,affine,6194,3910,0,0,0,49,false
"vehicle",5,7,smart_certified,33654,11645,0,0,0,51,false
"vehicle",5,7,cals,44243,43774,22,22,0,31,false
"vehicle",5,7,cals_compact_explain,30725,22609,22,20,0,31,false
"vehicle",6,5,unary,2165,252,0,0,0,27,false
"vehicle",6,5,horn,4054,706,0,0,0,25,false
"vehicle",6,5,antihorn,4053,707,0,0,0,25,false
"vehicle",6,5,square2cnf,4364,4068,0,0,0,25,false
"vehicle",6,5,affine,4127,2188,0,0,0,31,false
"vehicle",6,5,smart_certified,13576,5055,0,0,0,27,false
"vehicle",6,5,cals,44180,16355,16,16,0,19,false
"vehicle",6,5,cals_compact_explain,25532,11597,13,17,0,19,false
"vehicle",6,7,unary,3103,252,0,0,0,39,false
"vehicle",6,7,horn,5721,782,0,0,0,35,false
"vehicle",6,7,antihorn,5721,782,0,0,0,35,false
"vehicle",6,7,square2cnf,6183,5522,0,0,0,35,false
"vehicle",6,7,affine,5705,3136,0,0,0,43,false
"vehicle",6,7,smart_certified,15789,5881,0,0,0,37,false
"vehicle",6,7,cals,46770,16327,18,18,0,23,false
"vehicle",6,7,cals_compact_explain,27817,11720,15,19,0,23,false
"vehicle",7,5,unary,2659,252,0,0,0,31,false
"vehicle",7,5,horn,4364,735,0,0,0,27,false
"vehicle",7,5,antihorn,4364,735,0,0,0,27,false
"vehicle",7,5,square2cnf,4683,4394,0,0,0,27,false
"vehicle",7,5,affine,3650,2244,0,0,0,29,false
"vehicle",7,5,smart_certified,14278,4381,0,0,0,27,false
"vehicle",7,5,cals,27502,36153,21,21,0,29,false
"vehicle",7,5,cals_compact_explain,22424,19743,27,19,0,29,false
"vehicle",7,7,unary,3996,252,0,0,0,49,false
"vehicle",7,7,horn,5564,795,0,0,0,35,false
"vehicle",7,7,antihorn,5564,795,0,0,0,35,false
"vehicle",7,7,square2cnf,6007,5554,0,0,0,35,false
"vehicle",7,7,affine,5625,3216,0,0,0,43,false
"vehicle",7,7,smart_certified,16545,4453,0,0,0,37,false
"vehicle",7,7,cals,34035,42892,27,27,0,41,false
"vehicle",7,7,cals_compact_explain,27603,26422,34,26,0,43,false
"vehicle",8,5,unary,2290,252,0,0,0,29,false
"vehicle",8,5,horn,4142,714,0,0,0,25,false
"vehicle",8,5,antihorn,4141,715,0,0,0,25,false
"vehicle",8,5,square2cnf,4439,4089,0,0,0,25,false
"vehicle",8,5,affine,3789,2526,0,0,0,31,false
"vehicle",8,5,smart_certified,16997,5718,0,0,0,27,false
"vehicle",8,5,cals,50641,16471,18,22,0,27,false
"vehicle",8,5,cals_compact_explain,30875,10122,20,21,0,27,false
"vehicle",8,7,unary,3609,252,0,0,0,47,false
"vehicle",8,7,horn,6251,807,0,0,0,37,false
"vehicle",8,7,antihorn,6250,808,0,0,0,37,false
"vehicle",8,7,square2cnf,6727,5839,0,0,0,37,false
"vehicle",8,7,affine,5716,3546,0,0,0,45,false
"vehicle",8,7,smart_certified,19236,5781,0,0,0,35,false
"vehicle",8,7,cals,50371,16741,18,22,0,27,false
"vehicle",8,7,cals_compact_explain,30875,10122,20,21,0,27,false
"vehicle",9,5,unary,2423,252,0,0,0,31,false
"vehicle",9,5,horn,4653,745,0,0,0,29,false
"vehicle",9,5,antihorn,4654,744,0,0,0,29,false
"vehicle",9,5,square2cnf,5014,4668,0,0,0,29,false
"vehicle",9,5,affine,4942,2636,0,0,0,37,false
"vehicle",9,5,smart_certified,20806,7225,0,0,0,31,false
"vehicle",9,5,cals,42656,92931,22,20,0,29,false
"vehicle",9,5,cals_compact_explain,41001,61104,24,19,0,29,false
"vehicle",9,7,unary,3551,252,0,0,0,51,false
"vehicle",9,7,horn,6667,871,0,0,0,45,false
"vehicle",9,7,antihorn,6671,867,0,0,0,45,false
"vehicle",9,7,square2cnf,7260,7010,0,0,0,45,false
"vehicle",9,7,affine,7860,3928,0,0,0,57,false
"vehicle",9,7,smart_certified,26040,8734,0,0,0,45,false
"vehicle",9,7,cals,46746,93340,26,24,0,37,false
"vehicle",9,7,cals_compact_explain,44927,61394,28,23,0,37,false
"vote",0,5,unary,377,48,0,0,0,25,false
"vote",0,5,horn,516,249,0,0,0,19,false
"vote",0,5,antihorn,516,249,0,0,0,19,false
"vote",0,5,square2cnf,747,2792,0,0,0,19,false
"vote",0,5,affine,1465,1356,0,0,0,27,false
"vote",0,5,smart_certified,3358,4936,0,0,0,23,false
"vote",0,5,cals,13896,44871,13,15,0,15,false
"vote",0,5,cals_compact_explain,8158,15050,21,11,0,15,false
"vote",0,7,unary,390,48,0,0,0,29,false
"vote",0,7,horn,525,267,0,0,0,21,false
"vote",0,7,antihorn,525,267,0,0,0,21,false
"vote",0,7,square2cnf,780,3092,0,0,0,21,false
"vote",0,7,affine,1637,1618,0,0,0,31,false
"vote",0,7,smart_certified,3358,4936,0,0,0,23,false
"vote",0,7,cals,13908,44859,13,15,0,15,false
"vote",0,7,cals_compact_explain,8158,15050,21,11,0,15,false
"vote",1,5,unary,408,48,0,0,0,25,false
"vote",1,5,horn,537,216,0,0,0,15,false
"vote",1,5,antihorn,653,246,0,0,0,19,false
"vote",1,5,square2cnf,761,2467,0,0,0,17,false
"vote",1,5,affine,1658,1814,0,0,0,33,false
"vote",1,5,smart_certified,2930,3545,0,0,0,23,false
"vote",1,5,cals,28537,88594,11,17,0,15,false
"vote",1,5,cals_compact_explain,4919,39663,12,11,0,15,false
"vote",1,7,unary,481,48,0,0,0,33,false
"vote",1,7,horn,657,252,0,0,0,19,false
"vote",1,7,antihorn,700,279,0,0,0,23,false
"vote",1,7,square2cnf,875,3067,0,0,0,21,false
"vote",1,7,affine,1822,2084,0,0,0,37,false
"vote",1,7,smart_certified,2955,3563,0,0,0,25,false
"vote",1,7,cals,28538,88593,11,17,0,15,false
"vote",1,7,cals_compact_explain,4919,39663,12,11,0,15,false
"vote",2,5,unary,449,48,0,0,0,33,false
"vote",2,5,horn,752,298,0,0,0,25,false
"vote",2,5,antihorn,674,285,0,0,0,23,false
"vote",2,5,square2cnf,839,3081,0,0,0,21,false
"vote",2,5,affine,985,1402,0,0,0,23,false
"vote",2,5,smart_certified,3879,5150,0,0,0,29,false
"vote",2,5,cals,18302,85181,18,17,0,15,false
"vote",2,5,cals_compact_explain,6810,49423,13,16,0,15,false
"vote",2,7,unary,478,48,0,0,0,39,false
"vote",2,7,horn,757,301,0,0,0,27,false
"vote",2,7,antihorn,674,285,0,0,0,23,false
"vote",2,7,square2cnf,839,3081,0,0,0,21,false
"vote",2,7,affine,1387,1868,0,0,0,31,false
"vote",2,7,smart_certified,3886,5153,0,0,0,31,false
"vote",2,7,cals,18303,85180,18,17,0,15,false
"vote",2,7,cals_compact_explain,6810,49423,13,16,0,15,false
"vote",3,5,unary,539,48,0,0,0,35,false
"vote",3,5,horn,973,357,0,0,0,33,false
"vote",3,5,antihorn,977,357,0,0,0,33,false
"vote",3,5,square2cnf,1089,3677,0,0,0,25,false
"vote",3,5,affine,1551,2138,0,0,0,35,false
"vote",3,5,smart_certified,5250,6415,0,0,0,35,false
"vote",3,5,cals,11898,108201,15,21,0,23,false
"vote",3,5,cals_compact_explain,7121,47465,24,19,0,23,false
"vote",3,7,unary,588,48,0,0,0,43,false
"vote",3,7,horn,1008,357,0,0,0,35,false
"vote",3,7,antihorn,1012,357,0,0,0,35,false
"vote",3,7,square2cnf,1261,4561,0,0,0,33,false
"vote",3,7,affine,1920,2420,0,0,0,41,false
"vote",3,7,smart_certified,5250,6415,0,0,0,35,false
"vote",3,7,cals,13243,119968,17,23,0,27,false
"vote",3,7,cals_compact_explain,7771,54313,26,21,0,27,false
"vote",4,5,unary,414,48,0,0,0,31,false
"vote",4,5,horn,665,282,0,0,0,23,false
"vote",4,5,antihorn,687,282,0,0,0,23,false
"vote",4,5,square2cnf,666,2127,0,0,0,15,false
"vote",4,5,affine,856,1314,0,0,0,21,false
"vote",4,5,smart_certified,3127,3927,0,0,0,25,false
"vote",4,5,cals,16008,62155,10,12,0,9,false
"vote",4,5,cals_compact_explain,3730,24669,7,7,0,9,false
"vote",4,7,unary,427,48,0,0,0,35,false
"vote",4,7,horn,673,282,0,0,0,25,false
"vote",4,7,antihorn,695,282,0,0,0,25,false
"vote",4,7,square2cnf,675,2137,0,0,0,17,false
"vote",4,7,affine,1048,1556,0,0,0,25,false
"vote",4,7,smart_certified,3262,4019,0,0,0,27,false
"vote",4,7,cals,16014,62149,10,12,0,9,false
"vote",4,7,cals_compact_explain,3730,24669,7,7,0,9,false
"vote",5,5,unary,384,48,0,0,0,25,false
"vote",5,5,horn,717,282,0,0,0,23,false
"vote",5,5,antihorn,663,291,0,0,0,23,false
"vote",5,5,square2cnf,797,2766,0,0,0,19,false
"vote",5,5,affine,1406,1632,0,0,0,29,false
"vote",5,5,smart_certified,3263,4503,0,0,0,23,false
"vote",5,5,cals,19645,85294,11,17,0,15,false
"vote",5,5,cals_compact_explain,8898,34269,11,18,0,15,false
"vote",5,7,unary,420,48,0,0,0,29,false
"vote",5,7,horn,793,333,0,0,0,29,false
"vote",5,7,antihorn,726,324,0,0,0,27,false
"vote",5,7,square2cnf,1037,3242,0,0,0,23,false
"vote",5,7,affine,1850,2056,0,0,0,37,false
"vote",5,7,smart_certified,3303,4518,0,0,0,25,false
"vote",5,7,cals,20332,97811,13,19,0,19,false
"vote",5,7,cals_compact_explain,8644,38149,15,18,0,19,false
"vote",6,5,unary,437,48,0,0,0,29,false
"vote",6,5,horn,737,291,0,0,0,25,false
"vote",6,5,antihorn,753,291,0,0,0,27,false
"vote",6,5,square2cnf,1005,3067,0,0,0,21,false
"vote",6,5,affine,1274,1764,0,0,0,29,false
"vote",6,5,smart_certified,3989,5350,0,0,0,27,false
"vote",6,5,cals,17176,109902,14,20,0,21,false
"vote",6,5,cals_compact_explain,9530,58135,20,18,0,21,false
"vote",6,7,unary,469,48,0,0,0,33,false
"vote",6,7,horn,822,324,0,0,0,29,false
"vote",6,7,antihorn,838,324,0,0,0,31,false
"vote",6,7,square2cnf,1046,3367,0,0,0,23,false
"vote",6,7,affine,1407,1848,0,0,0,31,false
"vote",6,7,smart_certified,4075,5640,0,0,0,29,false
"vote",6,7,cals,17649,115965,15,21,0,23,false
"vote",6,7,cals_compact_explain,9631,61762,21,19,0,23,false
"vote",7,5,unary,395,48,0,0,0,25,false
"vote",7,5,horn,625,243,0,0,0,19,false
"vote",7,5,antihorn,531,216,0,0,0,15,false
"vote",7,5,square2cnf,755,2176,0,0,0,15,false
"vote",7,5,affine,1441,1814,0,0,0,31,false
"vote",7,5,smart_certified,2933,3370,0,0,0,19,false
"vote",7,5,cals,19870,83816,9,17,0,13,false
"vote",7,5,cals_compact_explain,4816,37796,14,12,0,15,false
"vote",7,7,unary,402,48,0,0,0,27,false
"vote",7,7,horn,705,279,0,0,0,23,false
"vote",7,7,antihorn,616,249,0,0,0,19,false
"vote",7,7,square2cnf,894,2767,0,0,0,19,false
"vote",7,7,affine,1658,1814,0,0,0,33,false
"vote",7,7,smart_certified,2933,3370,0,0,0,19,false
"vote",7,7,cals,19885,83801,9,17,0,13,false
"vote",7,7,cals_compact_explain,4816,37796,14,12,0,15,false
"vote",8,5,unary,242,48,0,0,0,19,false
"vote",8,5,horn,438,234,0,0,0,17,false
"vote",8,5,antihorn,373,201,0,0,0,13,false
"vote",8,5,square2cnf,657,2447,0,0,0,17,false
"vote",8,5,affine,1489,1332,0,0,0,27,false
"vote",8,5,smart_certified,1866,2674,0,0,0,17,false
"vote",8,5,cals,16092,23459,7,17,0,11,false
"vote",8,5,cals_compact_explain,4413,14583,9,13,0,11,false
"vote",8,7,unary,250,48,0,0,0,21,false
"vote",8,7,horn,438,234,0,0,0,17,false
"vote",8,7,antihorn,474,235,0,0,0,17,false
"vote",8,7,square2cnf,657,2447,0,0,0,17,false
"vote",8,7,affine,1699,1556,0,0,0,31,false
"vote",8,7,smart_certified,1866,2674,0,0,0,17,false
"vote",8,7,cals,16119,23432,7,17,0,11,false
"vote",8,7,cals_compact_explain,4413,14583,9,13,0,11,false
"vote",9,5,unary,437,48,0,0,0,29,false
"vote",9,5,horn,835,318,0,0,0,27,false
"vote",9,5,antihorn,764,300,0,0,0,25,false
"vote",9,5,square2cnf,1164,3652,0,0,0,25,false
"vote",9,5,affine,1038,2000,0,0,0,29,false
"vote",9,5,smart_certified,3487,4998,0,0,0,27,false
"vote",9,5,cals,24577,99162,12,20,0,19,false
"vote",9,5,cals_compact_explain,10448,46381,15,16,0,17,false
"vote",9,7,unary,486,48,0,0,0,33,false
"vote",9,7,horn,835,318,0,0,0,27,false
"vote",9,7,antihorn,764,300,0,0,0,25,false
"vote",9,7,square2cnf,1270,4252,0,0,0,29,false
"vote",9,7,affine,1038,2000,0,0,0,29,false
"vote",9,7,smart_certified,3487,4998,0,0,0,27,false
"vote",9,7,cals,24584,99155,12,20,0,19,false
"vote",9,7,cals_compact_explain,10574,50057,17,18,0,21,false
"wine1-un",0,5,unary,3876,1015,0,0,0,11,false
"wine1-un",0,5,horn,7759,2096,0,0,0,11,false
"wine1-un",0,5,antihorn,7420,2111,0,0,0,11,false
"wine1-un",0,5,square2cnf,7561,3500,0,0,0,11,false
"wine1-un",0,5,affine,5191,2034,0,0,0,11,false
"wine1-un",0,5,smart_certified,37801,5426,0,0,0,11,false
"wine1-un",0,5,cals,100260,10303,5,19,0,11,false
"wine1-un",0,5,cals_compact_explain,58646,7076,5,11,0,11,false
"wine1-un",0,7,unary,5710,1015,0,0,0,15,false
"wine1-un",0,7,horn,11439,2114,0,0,0,15,false
"wine1-un",0,7,antihorn,10754,2147,0,0,0,15,false
"wine1-un",0,7,square2cnf,10943,4100,0,0,0,15,false
"wine1-un",0,7,affine,7773,2342,0,0,0,15,false
"wine1-un",0,7,smart_certified,53699,5962,0,0,0,15,false
"wine1-un",0,7,cals,108614,10464,7,21,0,15,false
"wine1-un",0,7,cals_compact_explain,66976,7184,7,13,0,15,false
"wine1-un",1,5,unary,3703,1007,0,0,0,11,false
"wine1-un",1,5,horn,7416,2089,0,0,0,11,false
"wine1-un",1,5,antihorn,7387,2098,0,0,0,11,false
"wine1-un",1,5,square2cnf,7429,3514,0,0,0,11,false
"wine1-un",1,5,affine,5145,2080,0,0,0,11,false
"wine1-un",1,5,smart_certified,36436,5524,0,0,0,11,false
"wine1-un",1,5,cals,73553,16590,10,14,0,11,false
"wine1-un",1,5,cals_compact_explain,45561,11837,10,9,0,11,false
"wine1-un",1,7,unary,5366,1007,0,0,0,15,false
"wine1-un",1,7,horn,10749,2116,0,0,0,15,false
"wine1-un",1,7,antihorn,10737,2118,0,0,0,15,false
"wine1-un",1,7,square2cnf,10796,4129,0,0,0,15,false
"wine1-un",1,7,affine,7759,2356,0,0,0,15,false
"wine1-un",1,7,smart_certified,50839,6358,0,0,0,15,false
"wine1-un",1,7,cals,80546,18982,12,16,0,15,false
"wine1-un",1,7,cals_compact_explain,52067,13713,12,11,0,15,false
"wine1-un",2,5,unary,3856,1016,0,0,0,11,false
"wine1-un",2,5,horn,7708,2101,0,0,0,11,false
"wine1-un",2,5,antihorn,7326,2119,0,0,0,11,false
"wine1-un",2,5,square2cnf,7453,3522,0,0,0,11,false
"wine1-un",2,5,affine,5155,2070,0,0,0,11,false
"wine1-un",2,5,smart_certified,37579,5542,0,0,0,11,false
"wine1-un",2,5,cals,56552,19359,13,11,0,11,false
"wine1-un",2,5,cals_compact_explain,40505,11950,11,8,0,11,false
"wine1-un",2,7,unary,5662,1016,0,0,0,15,false
"wine1-un",2,7,horn,11329,2134,0,0,0,15,false
"wine1-un",2,7,antihorn,10623,2152,0,0,0,15,false
"wine1-un",2,7,square2cnf,10805,4112,0,0,0,15,false
"wine1-un",2,7,affine,7757,2358,0,0,0,15,false
"wine1-un",2,7,smart_certified,52997,6362,0,0,0,15,false
"wine1-un",2,7,cals,60659,20510,14,12,0,13,false
"wine1-un",2,7,cals_compact_explain,44349,12850,12,9,0,13,false
"wine1-un",3,5,unary,3742,1005,0,0,0,11,false
"wine1-un",3,5,horn,7494,2085,0,0,0,11,false
"wine1-un",3,5,antihorn,6899,2100,0,0,0,11,false
"wine1-un",3,5,square2cnf,7019,3510,0,0,0,11,false
"wine1-un",3,5,affine,5173,2052,0,0,0,11,false
"wine1-un",3,5,smart_certified,36730,5489,0,0,0,11,false
"wine1-un",3,5,cals,66830,16571,11,13,0,11,false
"wine1-un",3,5,cals_compact_explain,45090,11202,10,9,0,11,false
"wine1-un",3,7,unary,5401,1005,0,0,0,15,false
"wine1-un",3,7,horn,10813,2118,0,0,0,15,false
"wine1-un",3,7,antihorn,9953,2130,0,0,0,15,false
"wine1-un",3,7,square2cnf,10135,4090,0,0,0,15,false
"wine1-un",3,7,affine,7755,2360,0,0,0,15,false
"wine1-un",3,7,smart_certified,51049,6379,0,0,0,15,false
"wine1-un",3,7,cals,73517,19205,13,15,0,15,false
"wine1-un",3,7,cals_compact_explain,50895,13715,12,11,0,15,false
"wine1-un",4,5,unary,3903,1022,0,0,0,11,false
"wine1-un",4,5,horn,7813,2122,0,0,0,11,false
"wine1-un",4,5,antihorn,7492,2131,0,0,0,11,false
"wine1-un",4,5,square2cnf,7619,3534,0,0,0,11,false
"wine1-un",4,5,affine,5171,2054,0,0,0,11,false
"wine1-un",4,5,smart_certified,37780,5685,0,0,0,11,false
"wine1-un",4,5,cals,57383,19083,13,11,0,11,false
"wine1-un",4,5,cals_compact_explain,40947,11962,11,8,0,11,false
"wine1-un",4,7,unary,5771,1022,0,0,0,15,false
"wine1-un",4,7,horn,11563,2140,0,0,0,15,false
"wine1-un",4,7,antihorn,10893,2157,0,0,0,15,false
"wine1-un",4,7,square2cnf,11077,4175,0,0,0,15,false
"wine1-un",4,7,affine,7765,2350,0,0,0,15,false
"wine1-un",4,7,smart_certified,54100,6037,0,0,0,15,false
"wine1-un",4,7,cals,65234,21809,15,13,0,15,false
"wine1-un",4,7,cals_compact_explain,48875,13592,13,10,0,15,false
"wine1-un",5,5,unary,3792,1006,0,0,0,11,false
"wine1-un",5,5,horn,7593,2073,0,0,0,11,false
"wine1-un",5,5,antihorn,7229,2102,0,0,0,11,false
"wine1-un",5,5,square2cnf,7349,3512,0,0,0,11,false
"wine1-un",5,5,affine,6450,2220,0,0,0,13,false
"wine1-un",5,5,smart_certified,37171,5432,0,0,0,11,false
"wine1-un",5,5,cals,61984,21978,15,13,0,15,false
"wine1-un",5,5,cals_compact_explain,45571,13992,13,10,0,15,false
"wine1-un",5,7,unary,5570,1006,0,0,0,15,false
"wine1-un",5,7,horn,11162,2100,0,0,0,15,false
"wine1-un",5,7,antihorn,10510,2132,0,0,0,15,false
"wine1-un",5,7,square2cnf,10686,4127,0,0,0,15,false
"wine1-un",5,7,affine,10311,2694,0,0,0,19,false
"wine1-un",5,7,smart_certified,52713,5932,0,0,0,15,false
"wine1-un",5,7,cals,61819,22143,15,13,0,15,false
"wine1-un",5,7,cals_compact_explain,45571,13992,13,10,0,15,false
"wine1-un",6,5,unary,3891,1026,0,0,0,11,false
"wine1-un",6,5,horn,7763,2142,0,0,0,11,false
"wine1-un",6,5,antihorn,7470,2139,0,0,0,11,false
"wine1-un",6,5,square2cnf,7597,3542,0,0,0,11,false
"wine1-un",6,5,affine,5159,2066,0,0,0,11,false
"wine1-un",6,5,smart_certified,37807,5602,0,0,0,11,false
"wine1-un",6,5,cals,70216,18667,12,14,0,13,false
"wine1-un",6,5,cals_compact_explain,43009,12866,12,9,0,13,false
"wine1-un",6,7,unary,5744,1026,0,0,0,15,false
"wine1-un",6,7,horn,11451,2166,0,0,0,15,false
"wine1-un",6,7,antihorn,10869,2169,0,0,0,15,false
"wine1-un",6,7,square2cnf,11052,4157,0,0,0,15,false
"wine1-un",6,7,affine,7753,2362,0,0,0,15,false
"wine1-un",6,7,smart_certified,53782,6194,0,0,0,15,false
"wine1-un",6,7,cals,74005,20136,13,15,0,15,false
"wine1-un",6,7,cals_compact_explain,46863,13756,13,10,0,15,false
"wine1-un",7,5,unary,3809,1010,0,0,0,11,false
"wine1-un",7,5,horn,7715,2119,0,0,0,13,false
"wine1-un",7,5,antihorn,7322,2107,0,0,0,11,false
"wine1-un",7,5,square2cnf,7449,3510,0,0,0,11,false
"wine1-un",7,5,affine,5189,2036,0,0,0,11,false
"wine1-un",7,5,smart_certified,37143,5580,0,0,0,11,false
"wine1-un",7,5,cals,62718,17718,12,12,0,11,false
"wine1-un",7,5,cals_compact_explain,45289,12036,10,9,0,11,false
"wine1-un",7,7,unary,5612,1010,0,0,0,15,false
"wine1-un",7,7,horn,11279,2143,0,0,0,17,false
"wine1-un",7,7,antihorn,10645,2149,0,0,0,15,false
"wine1-un",7,7,square2cnf,10830,4178,0,0,0,15,false
"wine1-un",7,7,affine,7791,2324,0,0,0,15,false
"wine1-un",7,7,smart_certified,53206,5734,0,0,0,15,false
"wine1-un",7,7,cals,73592,21469,15,15,0,17,false
"wine1-un",7,7,cals_compact_explain,55801,14618,13,12,0,17,false
"wine1-un",8,5,unary,3912,1017,0,0,0,13,false
"wine1-un",8,5,horn,7827,2133,0,0,0,13,false
"wine1-un",8,5,antihorn,7477,2124,0,0,0,11,false
"wine1-un",8,5,square2cnf,7597,3534,0,0,0,11,false
"wine1-un",8,5,affine,5175,2050,0,0,0,11,false
"wine1-un",8,5,smart_certified,39173,6118,0,0,0,13,false
"wine1-un",8,5,cals,63195,17733,12,12,0,11,false
"wine1-un",8,5,cals_compact_explain,41132,11299,11,8,0,11,false
"wine1-un",8,7,unary,5732,1017,0,0,0,17,false
"wine1-un",8,7,horn,11491,2151,0,0,0,17,false
"wine1-un",8,7,antihorn,10857,2156,0,0,0,15,false
"wine1-un",8,7,square2cnf,11043,4134,0,0,0,15,false
"wine1-un",8,7,affine,7809,2306,0,0,0,15,false
"wine1-un",8,7,smart_certified,55163,6464,0,0,0,17,false
"wine1-un",8,7,cals,67231,18953,13,13,0,13,false
"wine1-un",8,7,cals_compact_explain,45064,12139,12,9,0,13,false
"wine1-un",9,5,unary,3876,1019,0,0,0,11,false
"wine1-un",9,5,horn,7762,2113,0,0,0,11,false
"wine1-un",9,5,antihorn,7423,2128,0,0,0,11,false
"wine1-un",9,5,square2cnf,7543,3538,0,0,0,11,false
"wine1-un",9,5,affine,5189,2036,0,0,0,11,false
"wine1-un",9,5,smart_certified,37743,5512,0,0,0,11,false
"wine1-un",9,5,cals,99978,10541,6,20,0,13,false
"wine1-un",9,5,cals_compact_explain,72732,7350,6,15,0,13,false
"wine1-un",9,7,unary,5626,1019,0,0,0,15,false
"wine1-un",9,7,horn,11270,2137,0,0,0,15,false
"wine1-un",9,7,antihorn,10796,2170,0,0,0,15,false
"wine1-un",9,7,square2cnf,10966,4188,0,0,0,15,false
"wine1-un",9,7,affine,7771,2344,0,0,0,15,false
"wine1-un",9,7,smart_certified,53251,5850,0,0,0,15,false
"wine1-un",9,7,cals,108843,11003,10,24,0,21,false
"wine1-un",9,7,cals_compact_explain,81567,7560,13,19,0,21,false
"wine2-un",0,5,unary,3757,994,0,0,0,13,false
"wine2-un",0,5,horn,7524,2078,0,0,0,13,false
"wine2-un",0,5,antihorn,7392,2111,0,0,0,15,false
"wine2-un",0,5,square2cnf,7567,4078,0,0,0,15,false
"wine2-un",0,5,affine,7693,2422,0,0,0,15,false
"wine2-un",0,5,smart_certified,37954,6091,0,0,0,13,false
"wine2-un",0,5,cals,61059,23593,12,12,0,11,false
"wine2-un",0,5,cals_compact_explain,44608,11772,10,9,0,11,false
"wine2-un",0,7,unary,5509,994,0,0,0,19,false
"wine2-un",0,7,horn,11037,2120,0,0,0,19,false
"wine2-un",0,7,antihorn,10478,2147,0,0,0,19,false
"wine2-un",0,7,square2cnf,10701,4678,0,0,0,19,false
"wine2-un",0,7,affine,10295,2710,0,0,0,19,false
"wine2-un",0,7,smart_certified,54382,7321,0,0,0,19,false
"wine2-un",0,7,cals,69243,25811,14,14,0,15,false
"wine2-un",0,7,cals_compact_explain,51626,14152,12,11,0,15,false
"wine2-un",1,5,unary,3846,1025,0,0,0,13,false
"wine2-un",1,5,horn,7689,2159,0,0,0,13,false
"wine2-un",1,5,antihorn,7572,2173,0,0,0,15,false
"wine2-un",1,5,square2cnf,7747,4140,0,0,0,15,false
"wine2-un",1,5,affine,7719,2396,0,0,0,15,false
"wine2-un",1,5,smart_certified,38883,6002,0,0,0,13,false
"wine2-un",1,5,cals,68365,27429,13,13,0,13,false
"wine2-un",1,5,cals_compact_explain,47492,12920,11,10,0,13,false
"wine2-un",1,7,unary,5652,1025,0,0,0,19,false
"wine2-un",1,7,horn,11399,2225,0,0,0,21,false
"wine2-un",1,7,antihorn,10691,2206,0,0,0,19,false
"wine2-un",1,7,square2cnf,10921,4730,0,0,0,19,false
"wine2-un",1,7,affine,10353,2652,0,0,0,19,false
"wine2-un",1,7,smart_certified,55533,7388,0,0,0,19,false
"wine2-un",1,7,cals,74529,30580,15,15,0,17,false
"wine2-un",1,7,cals_compact_explain,54124,14612,13,12,0,17,false
"wine2-un",2,5,unary,3817,1014,0,0,0,11,false
"wine2-un",2,5,horn,7661,2088,0,0,0,11,false
"wine2-un",2,5,antihorn,7260,2109,0,0,0,11,false
"wine2-un",2,5,square2cnf,7401,3498,0,0,0,11,false
"wine2-un",2,5,affine,5199,2026,0,0,0,11,false
"wine2-un",2,5,smart_certified,37585,5222,0,0,0,11,false
"wine2-un",2,5,cals,62906,17556,12,12,0,11,false
"wine2-un",2,5,cals_compact_explain,41176,11321,11,8,0,11,false
"wine2-un",2,7,unary,5598,1014,0,0,0,15,false
"wine2-un",2,7,horn,11246,2115,0,0,0,15,false
"wine2-un",2,7,antihorn,10521,2142,0,0,0,15,false
"wine2-un",2,7,square2cnf,10717,4088,0,0,0,15,false
"wine2-un",2,7,affine,7783,2332,0,0,0,15,false
"wine2-un",2,7,smart_certified,52822,6048,0,0,0,15,false
"wine2-un",2,7,cals,73944,21123,15,15,0,17,false
"wine2-un",2,7,cals_compact_explain,51740,13831,14,11,0,17,false
"wine2-un",3,5,unary,3882,1007,0,0,0,13,false
"wine2-un",3,5,horn,7773,2107,0,0,0,13,false
"wine2-un",3,5,antihorn,7478,2122,0,0,0,13,false
"wine2-un",3,5,square2cnf,7622,3814,0,0,0,13,false
"wine2-un",3,5,affine,6462,2208,0,0,0,13,false
"wine2-un",3,5,smart_certified,39387,5624,0,0,0,13,false
"wine2-un",3,5,cals,61538,24858,12,12,0,11,false
"wine2-un",3,5,cals_compact_explain,40298,11829,11,8,0,11,false
"wine2-un",3,7,unary,5676,1007,0,0,0,17,false
"wine2-un",3,7,horn,11365,2131,0,0,0,17,false
"wine2-un",3,7,antihorn,10794,2173,0,0,0,19,false
"wine2-un",3,7,square2cnf,11017,4704,0,0,0,19,false
"wine2-un",3,7,affine,10297,2708,0,0,0,19,false
"wine2-un",3,7,smart_certified,55165,6000,0,0,0,17,false
"wine2-un",3,7,cals,67952,27789,14,14,0,15,false
"wine2-un",3,7,cals_compact_explain,46843,13642,13,10,0,15,false
"wine2-un",4,5,unary,3762,1002,0,0,0,13,false
"wine2-un",4,5,horn,7542,2088,0,0,0,13,false
"wine2-un",4,5,antihorn,7229,2109,0,0,0,13,false
"wine2-un",4,5,square2cnf,7380,3794,0,0,0,13,false
"wine2-un",4,5,affine,6456,2214,0,0,0,13,false
"wine2-un",4,5,smart_certified,38272,5864,0,0,0,13,false
"wine2-un",4,5,cals,68035,20018,14,14,0,15,false
"wine2-un",4,5,cals_compact_explain,46391,12908,16,10,0,15,false
"wine2-un",4,7,unary,5477,1002,0,0,0,17,false
"wine2-un",4,7,horn,10971,2121,0,0,0,17,false
"wine2-un",4,7,antihorn,10318,2142,0,0,0,17,false
"wine2-un",4,7,square2cnf,10524,4384,0,0,0,17,false
"wine2-un",4,7,affine,9058,2502,0,0,0,17,false
"wine2-un",4,7,smart_certified,53095,6642,0,0,0,17,false
"wine2-un",4,7,cals,75969,22410,16,16,0,19,false
"wine2-un",4,7,cals_compact_explain,53981,14646,18,12,0,19,false
"wine2-un",5,5,unary,3852,1003,0,0,0,17,false
"wine2-un",5,5,horn,7640,2123,0,0,0,15,false
"wine2-un",5,5,antihorn,7304,2129,0,0,0,15,false
"wine2-un",5,5,square2cnf,7479,4096,0,0,0,15,false
"wine2-un",5,5,affine,7723,2392,0,0,0,15,false
"wine2-un",5,5,smart_certified,16303,3894,0,0,0,17,false
"wine2-un",5,5,cals,69831,22067,15,15,0,17,false
"wine2-un",5,5,cals_compact_explain,52006,15179,19,12,0,17,false
"wine2-un",5,7,unary,5504,1003,0,0,0,23,false
"wine2-un",5,7,horn,11063,2165,0,0,0,21,false
"wine2-un",5,7,antihorn,10249,2162,0,0,0,19,false
"wine2-un",5,7,square2cnf,10479,4686,0,0,0,19,false
"wine2-un",5,7,affine,11652,2798,0,0,0,21,false
"wine2-un",5,7,smart_certified,21012,3912,0,0,0,21,false
"wine2-un",5,7,cals,77013,25118,17,17,0,21,false
"wine2-un",5,7,cals_compact_explain,58527,17872,21,14,0,21,false
"wine2-un",6,5,unary,3817,1004,0,0,0,13,false
"wine2-un",6,5,horn,7632,2092,0,0,0,13,false
"wine2-un",6,5,antihorn,7335,2113,0,0,0,13,false
"wine2-un",6,5,square2cnf,7486,3798,0,0,0,13,false
"wine2-un",6,5,affine,6454,2216,0,0,0,13,false
"wine2-un",6,5,smart_certified,38641,5894,0,0,0,13,false
"wine2-un",6,5,cals,61540,21895,15,13,0,15,false
"wine2-un",6,5,cals_compact_explain,45764,13488,13,10,0,15,false
"wine2-un",6,7,unary,5555,1004,0,0,0,17,false
"wine2-un",6,7,horn,11119,2119,0,0,0,17,false
"wine2-un",6,7,antihorn,10432,2150,0,0,0,17,false
"wine2-un",6,7,square2cnf,10639,4413,0,0,0,17,false
"wine2-un",6,7,affine,10309,2696,0,0,0,19,false
"wine2-un",6,7,smart_certified,53637,6660,0,0,0,17,false
"wine2-un",6,7,cals,61541,21894,15,13,0,15,false
"wine2-un",6,7,cals_compact_explain,45764,13488,13,10,0,15,false
"wine2-un",7,5,unary,3880,1001,0,0,0,15,false
"wine2-un",7,5,horn,7963,2131,0,0,0,17,false
"wine2-un",7,5,antihorn,7345,2107,0,0,0,13,false
"wine2-un",7,5,square2cnf,7496,3792,0,0,0,13,false
"wine2-un",7,5,affine,6424,2246,0,0,0,13,false
"wine2-un",7,5,smart_certified,40235,6518,0,0,0,15,false
"wine2-un",7,5,cals,65606,24244,13,13,0,13,false
"wine2-un",7,5,cals_compact_explain,43387,12059,12,9,0,13,false
"wine2-un",7,7,unary,5616,1001,0,0,0,21,false
"wine2-un",7,7,horn,11443,2176,0,0,0,23,false
"wine2-un",7,7,antihorn,10388,2140,0,0,0,17,false
"wine2-un",7,7,square2cnf,10594,4382,0,0,0,17,false
"wine2-un",7,7,affine,9006,2554,0,0,0,17,false
"wine2-un",7,7,smart_certified,54828,7022,0,0,0,19,false
"wine2-un",7,7,cals,72196,26939,15,15,0,17,false
"wine2-un",7,7,cals_compact_explain,49795,13922,17,11,0,17,false
"wine2-un",8,5,unary,3790,1005,0,0,0,11,false
"wine2-un",8,5,horn,7593,2082,0,0,0,11,false
"wine2-un",8,5,antihorn,7397,2115,0,0,0,13,false
"wine2-un",8,5,square2cnf,7548,3800,0,0,0,13,false
"wine2-un",8,5,affine,6448,2222,0,0,0,13,false
"wine2-un",8,5,smart_certified,37257,5298,0,0,0,11,false
"wine2-un",8,5,cals,67127,21474,14,14,0,15,false
"wine2-un",8,5,cals_compact_explain,45321,13876,16,10,0,15,false
"wine2-un",8,7,unary,5699,1005,0,0,0,19,false
"wine2-un",8,7,horn,11422,2145,0,0,0,19,false
"wine2-un",8,7,antihorn,10488,2148,0,0,0,17,false
"wine2-un",8,7,square2cnf,10694,4390,0,0,0,17,false
"wine2-un",8,7,affine,9082,2478,0,0,0,17,false
"wine2-un",8,7,smart_certified,54164,6588,0,0,0,17,false
"wine2-un",8,7,cals,67130,21471,14,14,0,15,false
"wine2-un",8,7,cals_compact_explain,45321,13876,16,10,0,15,false
"wine2-un",9,5,unary,3898,1019,0,0,0,13,false
"wine2-un",9,5,horn,7830,2134,0,0,0,13,false
"wine2-un",9,5,antihorn,7639,2164,0,0,0,15,false
"wine2-un",9,5,square2cnf,7807,4138,0,0,0,15,false
"wine2-un",9,5,affine,7745,2370,0,0,0,15,false
"wine2-un",9,5,smart_certified,39493,5714,0,0,0,13,false
"wine2-un",9,5,cals,61917,21990,15,13,0,15,false
"wine2-un",9,5,cals_compact_explain,45983,13543,13,10,0,15,false
"wine2-un",9,7,unary,5678,1019,0,0,0,17,false
"wine2-un",9,7,horn,11432,2158,0,0,0,17,false
"wine2-un",9,7,antihorn,10821,2200,0,0,0,19,false
"wine2-un",9,7,square2cnf,11037,4738,0,0,0,19,false
"wine2-un",9,7,affine,10333,2672,0,0,0,19,false
"wine2-un",9,7,smart_certified,54914,6349,0,0,0,17,false
"wine2-un",9,7,cals,69812,24472,17,15,0,19,false
"wine2-un",9,7,cals_compact_explain,53636,15251,18,12,0,19,false
"wine3-un",0,5,unary,3942,1021,0,0,0,13,false
"wine3-un",0,5,horn,7890,2132,0,0,0,13,false
"wine3-un",0,5,antihorn,7676,2157,0,0,0,13,false
"wine3-un",0,5,square2cnf,7822,3893,0,0,0,13,false
"wine3-un",0,5,affine,6436,2234,0,0,0,13,false
"wine3-un",0,5,smart_certified,39825,5704,0,0,0,13,false
"wine3-un",0,5,cals,68826,20370,14,14,0,15,false
"wine3-un",0,5,cals_compact_explain,46594,13426,16,10,0,15,false
"wine3-un",0,7,unary,5887,1021,0,0,0,21,false
"wine3-un",0,7,horn,11770,2195,0,0,0,21,false
"wine3-un",0,7,antihorn,11191,2211,0,0,0,19,false
"wine3-un",0,7,square2cnf,11385,4793,0,0,0,19,false
"wine3-un",0,7,affine,10301,2704,0,0,0,19,false
"wine3-un",0,7,smart_certified,57318,6800,0,0,0,19,false
"wine3-un",0,7,cals,68795,20401,14,14,0,15,false
"wine3-un",0,7,cals_compact_explain,46594,13426,16,10,0,15,false
"wine3-un",1,5,unary,3865,1019,0,0,0,11,false
"wine3-un",1,5,horn,7735,2116,0,0,0,11,false
"wine3-un",1,5,antihorn,7401,2132,0,0,0,11,false
"wine3-un",1,5,square2cnf,7522,3563,0,0,0,11,false
"wine3-un",1,5,affine,5193,2032,0,0,0,11,false
"wine3-un",1,5,smart_certified,37636,5542,0,0,0,11,false
"wine3-un",1,5,cals,59750,20522,14,12,0,13,false
"wine3-un",1,5,cals_compact_explain,43141,13122,12,9,0,13,false
"wine3-un",1,7,unary,5695,1019,0,0,0,15,false
"wine3-un",1,7,horn,11411,2140,0,0,0,15,false
"wine3-un",1,7,antihorn,11142,2222,0,0,0,21,false
"wine3-un",1,7,square2cnf,11383,5063,0,0,0,21,false
"wine3-un",1,7,affine,10317,2688,0,0,0,19,false
"wine3-un",1,7,smart_certified,53372,6212,0,0,0,15,false
"wine3-un",1,7,cals,62504,21918,15,13,0,15,false
"wine3-un",1,7,cals_compact_explain,45909,13990,13,10,0,15,false
"wine3-un",2,5,unary,3842,1010,0,0,0,11,false
"wine3-un",2,5,horn,7692,2101,0,0,0,11,false
"wine3-un",2,5,antihorn,7374,2107,0,0,0,11,false
"wine3-un",2,5,square2cnf,7501,3510,0,0,0,11,false
"wine3-un",2,5,affine,5143,2082,0,0,0,11,false
"wine3-un",2,5,smart_certified,37692,5262,0,0,0,11,false
"wine3-un",2,5,cals,69774,19564,12,14,0,13,false
"wine3-un",2,5,cals_compact_explain,43526,12347,12,9,0,13,false
"wine3-un",2,7,unary,5668,1010,0,0,0,15,false
"wine3-un",2,7,horn,11352,2125,0,0,0,15,false
"wine3-un",2,7,antihorn,10799,2151,0,0,0,17,false
"wine3-un",2,7,square2cnf,11029,4482,0,0,0,17,false
"wine3-un",2,7,affine,8984,2576,0,0,0,17,false
"wine3-un",2,7,smart_certified,53320,6012,0,0,0,15,false
"wine3-un",2,7,cals,72339,21121,13,15,0,15,false
"wine3-un",2,7,cals_compact_explain,46225,13258,13,10,0,15,false
"wine3-un",3,5,unary,3823,1015,0,0,0,11,false
"wine3-un",3,5,horn,7647,2108,0,0,0,11,false
"wine3-un",3,5,antihorn,7325,2117,0,0,0,11,false
"wine3-un",3,5,square2cnf,7446,3555,0,0,0,11,false
"wine3-un",3,5,affine,5165,2060,0,0,0,11,false
"wine3-un",3,5,smart_certified,37372,5484,0,0,0,11,false
"wine3-un",3,5,cals,61484,18960,12,12,0,11,false
"wine3-un",3,5,cals_compact_explain,41034,11425,11,8,0,11,false
"wine3-un",3,7,unary,5641,1015,0,0,0,15,false
"wine3-un",3,7,horn,11283,2132,0,0,0,15,false
"wine3-un",3,7,antihorn,10768,2171,0,0,0,17,false
"wine3-un",3,7,square2cnf,10962,4454,0,0,0,17,false
"wine3-un",3,7,affine,9006,2554,0,0,0,17,false
"wine3-un",3,7,smart_certified,53030,6148,0,0,0,15,false
"wine3-un",3,7,cals,65542,20231,13,13,0,13,false
"wine3-un",3,7,cals_compact_explain,45031,12266,12,9,0,13,false
"wine3-un",4,5,unary,3789,1001,0,0,0,11,false
"wine3-un",4,5,horn,7586,2077,0,0,0,11,false
"wine3-un",4,5,antihorn,7305,2092,0,0,0,11,false
"wine3-un",4,5,square2cnf,7425,3502,0,0,0,11,false
"wine3-un",4,5,affine,5187,2038,0,0,0,11,false
"wine3-un",4,5,smart_certified,37038,5482,0,0,0,11,false
"wine3-un",4,5,cals,66687,18720,11,13,0,11,false
"wine3-un",4,5,cals_compact_explain,46187,11063,10,9,0,11,false
"wine3-un",4,7,unary,5607,1001,0,0,0,15,false
"wine3-un",4,7,horn,11222,2101,0,0,0,15,false
"wine3-un",4,7,antihorn,10643,2128,0,0,0,15,false
"wine3-un",4,7,square2cnf,10815,4102,0,0,0,15,false
"wine3-un",4,7,affine,7745,2370,0,0,0,15,false
"wine3-un",4,7,smart_certified,52924,5918,0,0,0,15,false
"wine3-un",4,7,cals,70765,20008,12,14,0,13,false
"wine3-un",4,7,cals_compact_explain,49294,12808,11,10,0,13,false
"wine3-un",5,5,unary,3908,1010,0,0,0,15,false
"wine3-un",5,5,horn,7843,2122,0,0,0,15,false
"wine3-un",5,5,antihorn,7347,2104,0,0,0,11,false
"wine3-un",5,5,square2cnf,7481,3500,0,0,0,11,false
"wine3-un",5,5,affine,5211,2014,0,0,0,11,false
"wine3-un",5,5,smart_certified,38703,5930,0,0,0,13,false
"wine3-un",5,5,cals,64932,18120,11,13,0,11,false
"wine3-un",5,5,cals_compact_explain,38796,12005,11,8,0,11,false
"wine3-un",5,7,unary,5683,1010,0,0,0,21,false
"wine3-un",5,7,horn,11529,2188,0,0,0,23,false
"wine3-un",5,7,antihorn,10665,2140,0,0,0,15,false
"wine3-un",5,7,square2cnf,10847,4100,0,0,0,15,false
"wine3-un",5,7,affine,7787,2328,0,0,0,15,false
"wine3-un",5,7,smart_certified,55170,7282,0,0,0,19,false
"wine3-un",5,7,cals,65040,18012,11,13,0,11,false
"wine3-un",5,7,cals_compact_explain,38796,12005,11,8,0,11,false
"wine3-un",6,5,unary,3840,1019,0,0,0,11,false
"wine3-un",6,5,horn,7695,2110,0,0,0,11,false
"wine3-un",6,5,antihorn,7381,2128,0,0,0,11,false
"wine3-un",6,5,square2cnf,7501,3538,0,0,0,11,false
"wine3-un",6,5,affine,5169,2056,0,0,0,11,false
"wine3-un",6,5,smart_certified,37505,5498,0,0,0,11,false
"wine3-un",6,5,cals,65402,19224,13,13,0,13,false
"wine3-un",6,5,cals_compact_explain,48374,12656,11,10,0,13,false
"wine3-un",6,7,unary,5673,1019,0,0,0,15,false
"wine3-un",6,7,horn,11375,2134,0,0,0,15,false
"wine3-un",6,7,antihorn,10766,2161,0,0,0,15,false
"wine3-un",6,7,square2cnf,10941,4128,0,0,0,15,false
"wine3-un",6,7,affine,7795,2320,0,0,0,15,false
"wine3-un",6,7,smart_certified,53748,5682,0,0,0,15,false
"wine3-un",6,7,cals,65544,19082,13,13,0,13,false
"wine3-un",6,7,cals_compact_explain,48374,12656,11,10,0,13,false
"wine3-un",7,5,unary,3888,1000,0,0,0,15,false
"wine3-un",7,5,horn,7775,2114,0,0,0,15,false
"wine3-un",7,5,antihorn,7332,2091,0,0,0,11,false
"wine3-un",7,5,square2cnf,7460,3515,0,0,0,11,false
"wine3-un",7,5,affine,5191,2034,0,0,0,11,false
"wine3-un",7,5,smart_certified,40182,6620,0,0,0,15,false
"wine3-un",7,5,cals,61042,23117,15,13,0,15,false
"wine3-un",7,5,cals_compact_explain,45385,14336,13,10,0,15,false
"wine3-un",7,7,unary,5650,1000,0,0,0,19,false
"wine3-un",7,7,horn,11313,2132,0,0,0,19,false
"wine3-un",7,7,antihorn,11034,2178,0,0,0,21,false
"wine3-un",7,7,square2cnf,11279,4995,0,0,0,21,false
"wine3-un",7,7,affine,9038,2522,0,0,0,17,false
"wine3-un",7,7,smart_certified,55319,7440,0,0,0,19,false
"wine3-un",7,7,cals,61166,22993,15,13,0,15,false
"wine3-un",7,7,cals_compact_explain,45385,14336,13,10,0,15,false
"wine3-un",8,5,unary,3909,1005,0,0,0,15,false
"wine3-un",8,5,horn,7818,2127,0,0,0,15,false
"wine3-un",8,5,antihorn,7545,2136,0,0,0,15,false
"wine3-un",8,5,square2cnf,7733,4100,0,0,0,15,false
"wine3-un",8,5,affine,6430,2240,0,0,0,13,false
"wine3-un",8,5,smart_certified,38552,6046,0,0,0,13,false
"wine3-un",8,5,cals,65211,22363,14,14,0,15,false
"wine3-un",8,5,cals_compact_explain,49897,13902,12,11,0,15,false
"wine3-un",8,7,unary,5696,1005,0,0,0,19,false
"wine3-un",8,7,horn,11531,2190,0,0,0,23,false
"wine3-un",8,7,antihorn,10807,2187,0,0,0,21,false
"wine3-un",8,7,square2cnf,11064,5000,0,0,0,21,false
"wine3-un",8,7,affine,10289,2716,0,0,0,19,false
"wine3-un",8,7,smart_certified,53853,6850,0,0,0,17,false
"wine3-un",8,7,cals,65299,22275,14,14,0,15,false
"wine3-un",8,7,cals_compact_explain,49897,13902,12,11,0,15,false
"wine3-un",9,5,unary,3991,1020,0,0,0,13,false
"wine3-un",9,5,horn,7818,2121,0,0,0,11,false
"wine3-un",9,5,antihorn,7509,2127,0,0,0,11,false
"wine3-un",9,5,square2cnf,7630,3565,0,0,0,11,false
"wine3-un",9,5,affine,5161,2064,0,0,0,11,false
"wine3-un",9,5,smart_certified,39683,6182,0,0,0,13,false
"wine3-un",9,5,cals,101062,10467,5,19,0,11,false
"wine3-un",9,5,cals_compact_explain,74008,7184,5,14,0,11,false
"wine3-un",9,7,unary,5944,1020,0,0,0,21,false
"wine3-un",9,7,horn,11546,2151,0,0,0,15,false
"wine3-un",9,7,antihorn,11052,2185,0,0,0,17,false
"wine3-un",9,7,square2cnf,11247,4489,0,0,0,17,false
"wine3-un",9,7,affine,9012,2548,0,0,0,17,false
"wine3-un",9,7,smart_certified,56628,6786,0,0,0,19,false
"wine3-un",9,7,cals,110266,10748,9,23,0,19,false
"wine3-un",9,7,cals_compact_explain,79068,7370,8,17,0,17,false
"winequality-red-bin",0,5,unary,325,39,0,0,0,29,false
"winequality-red-bin",0,5,horn,480,252,0,0,0,21,false
"winequality-red-bin",0,5,antihorn,398,216,0,0,0,19,false
"winequality-red-bin",0,5,square2cnf,744,3371,0,0,0,23,false
"winequality-red-bin",0,5,affine,1105,1183,0,0,0,23,false
"winequality-red-bin",0,5,smart_certified,3669,5493,0,0,0,27,false
"winequality-red-bin",0,5,cals,13073,21737,11,23,0,19,false
"winequality-red-bin",0,5,cals_compact_explain,6622,9919,13,19,0,19,false
"winequality-red-bin",0,7,unary,379,39,0,0,0,43,false
"winequality-red-bin",0,7,horn,547,285,0,0,0,25,false
"winequality-red-bin",0,7,antihorn,551,273,0,0,0,27,false
"winequality-red-bin",0,7,square2cnf,856,3965,0,0,0,27,false
"winequality-red-bin",0,7,affine,1459,1661,0,0,0,31,false
"winequality-red-bin",0,7,smart_certified,4544,6788,0,0,0,37,false
"winequality-red-bin",0,7,cals,13309,21804,13,25,0,23,false
"winequality-red-bin",0,7,cals_compact_explain,6804,10010,16,22,0,25,false
"winequality-red-bin",1,5,unary,206,39,0,0,0,21,false
"winequality-red-bin",1,5,horn,304,237,0,0,0,19,false
"winequality-red-bin",1,5,antihorn,332,252,0,0,0,21,false
"winequality-red-bin",1,5,square2cnf,527,2768,0,0,0,19,false
"winequality-red-bin",1,5,affine,693,1179,0,0,0,19,false
"winequality-red-bin",1,5,smart_certified,1956,2904,0,0,0,19,false
"winequality-red-bin",1,5,cals,15137,74948,12,16,0,15,false
"winequality-red-bin",1,5,cals_compact_explain,13011,45965,15,16,0,17,false
"winequality-red-bin",1,7,unary,234,39,0,0,0,25,false
"winequality-red-bin",1,7,horn,304,237,0,0,0,19,false
"winequality-red-bin",1,7,antihorn,332,252,0,0,0,21,false
"winequality-red-bin",1,7,square2cnf,527,2768,0,0,0,19,false
"winequality-red-bin",1,7,affine,909,1587,0,0,0,25,false
"winequality-red-bin",1,7,smart_certified,2380,3392,0,0,0,23,false
"winequality-red-bin",1,7,cals,15247,75222,14,18,0,17,false
"winequality-red-bin",1,7,cals_compact_explain,13011,45965,16,17,0,17,false
"winequality-red-bin",2,5,unary,257,37,0,0,0,23,false
"winequality-red-bin",2,5,horn,478,227,0,0,0,19,false
"winequality-red-bin",2,5,antihorn,433,242,0,0,0,23,false
"winequality-red-bin",2,5,square2cnf,630,2453,0,0,0,19,false
"winequality-red-bin",2,5,affine,941,931,0,0,0,19,false
"winequality-red-bin",2,5,smart_certified,2663,4222,0,0,0,21,false
"winequality-red-bin",2,5,cals,19391,28980,8,22,0,17,false
"winequality-red-bin",2,5,cals_compact_explain,6270,10543,8,20,0,17,false
"winequality-red-bin",2,7,unary,276,37,0,0,0,29,false
"winequality-red-bin",2,7,horn,478,227,0,0,0,19,false
"winequality-red-bin",2,7,antihorn,433,242,0,0,0,23,false
"winequality-red-bin",2,7,square2cnf,669,2753,0,0,0,21,false
"winequality-red-bin",2,7,affine,1025,1055,0,0,0,21,false
"winequality-red-bin",2,7,smart_certified,2783,4439,0,0,0,23,false
"winequality-red-bin",2,7,cals,19964,29063,10,24,0,21,false
"winequality-red-bin",2,7,cals_compact_explain,6748,10564,10,22,0,21,false
"winequality-red-bin",3,5,unary,220,39,0,0,0,25,false
"winequality-red-bin",3,5,horn,298,201,0,0,0,15,false
"winequality-red-bin",3,5,antihorn,361,255,0,0,0,23,false
"winequality-red-bin",3,5,square2cnf,465,2172,0,0,0,15,false
"winequality-red-bin",3,5,affine,281,759,0,0,0,11,false
"winequality-red-bin",3,5,smart_certified,2231,4035,0,0,0,21,false
"winequality-red-bin",3,5,cals,7487,13918,8,18,0,13,false
"winequality-red-bin",3,5,cals_compact_explain,4842,7723,7,14,0,13,false
"winequality-red-bin",3,7,unary,225,39,0,0,0,27,false
"winequality-red-bin",3,7,horn,428,267,0,0,0,23,false
"winequality-red-bin",3,7,antihorn,361,255,0,0,0,23,false
"winequality-red-bin",3,7,square2cnf,526,2472,0,0,0,17,false
"winequality-red-bin",3,7,affine,399,1057,0,0,0,15,false
"winequality-red-bin",3,7,smart_certified,2231,4035,0,0,0,21,false
"winequality-red-bin",3,7,cals,7615,14033,9,19,0,15,false
"winequality-red-bin",3,7,cals_compact_explain,4987,7774,8,15,0,15,false
"winequality-red-bin",4,5,unary,254,39,0,0,0,25,false
"winequality-red-bin",4,5,horn,414,237,0,0,0,19,false
"winequality-red-bin",4,5,antihorn,501,270,0,0,0,25,false
"winequality-red-bin",4,5,square2cnf,734,3341,0,0,0,23,false
"winequality-red-bin",4,5,affine,1091,1197,0,0,0,23,false
"winequality-red-bin",4,5,smart_certified,2455,3663,0,0,0,19,false
"winequality-red-bin",4,5,cals,15167,26861,8,22,0,15,false
"winequality-red-bin",4,5,cals_compact_explain,4610,4349,9,19,0,15,false
"winequality-red-bin",4,7,unary,342,39,0,0,0,39,false
"winequality-red-bin",4,7,horn,534,288,0,0,0,27,false
"winequality-red-bin",4,7,antihorn,545,294,0,0,0,29,false
"winequality-red-bin",4,7,square2cnf,771,3641,0,0,0,25,false
"winequality-red-bin",4,7,affine,1657,1463,0,0,0,31,false
"winequality-red-bin",4,7,smart_certified,3491,4958,0,0,0,27,false
"winequality-red-bin",4,7,cals,15721,26954,10,24,0,19,false
"winequality-red-bin",4,7,cals_compact_explain,5032,4418,11,21,0,19,false
"winequality-red-bin",5,5,unary,259,39,0,0,0,25,false
"winequality-red-bin",5,5,horn,497,288,0,0,0,27,false
"winequality-red-bin",5,5,antihorn,409,228,0,0,0,19,false
"winequality-red-bin",5,5,square2cnf,684,2851,0,0,0,23,false
"winequality-red-bin",5,5,affine,1501,1411,0,0,0,29,false
"winequality-red-bin",5,5,smart_certified,3206,5002,0,0,0,23,false
"winequality-red-bin",5,5,cals,17186,30864,5,19,0,11,false
"winequality-red-bin",5,5,cals_compact_explain,9672,14329,5,14,0,11,false
"winequality-red-bin",5,7,unary,311,39,0,0,0,35,false
"winequality-red-bin",5,7,horn,530,321,0,0,0,31,false
"winequality-red-bin",5,7,antihorn,489,273,0,0,0,25,false
"winequality-red-bin",5,7,square2cnf,816,3433,0,0,0,27,false
"winequality-red-bin",5,7,affine,1917,1411,0,0,0,33,false
"winequality-red-bin",5,7,smart_certified,3743,5856,0,0,0,29,false
"winequality-red-bin",5,7,cals,17957,31023,8,22,0,17,false
"winequality-red-bin",5,7,cals_compact_explain,10159,14488,8,17,0,17,false
"winequality-red-bin",6,5,unary,270,37,0,0,0,29,false
"winequality-red-bin",6,5,horn,473,281,0,0,0,25,false
"winequality-red-bin",6,5,antihorn,571,311,0,0,0,31,false
"winequality-red-bin",6,5,square2cnf,816,3659,0,0,0,27,false
"winequality-red-bin",6,5,affine,1319,1177,0,0,0,25,false
"winequality-red-bin",6,5,smart_certified,3241,5572,0,0,0,27,false
"winequality-red-bin",6,5,cals,13358,25610,10,18,0,15,false
"winequality-red-bin",6,5,cals_compact_explain,4644,11497,8,18,0,15,false
"winequality-red-bin",6,7,unary,340,37,0,0,0,39,false
"winequality-red-bin",6,7,horn,515,311,0,0,0,29,false
"winequality-red-bin",6,7,antihorn,573,311,0,0,0,31,false
"winequality-red-bin",6,7,square2cnf,877,4032,0,0,0,31,false
"winequality-red-bin",6,7,affine,2213,1531,0,0,0,37,false
"winequality-red-bin",6,7,smart_certified,4375,7144,0,0,0,35,false
"winequality-red-bin",6,7,cals,13761,25681,12,20,0,19,false
"winequality-red-bin",6,7,cals_compact_explain,4897,11587,10,20,0,19,false
"winequality-red-bin",7,5,unary,366,39,0,0,0,35,false
"winequality-red-bin",7,5,horn,484,258,0,0,0,21,false
"winequality-red-bin",7,5,antihorn,539,249,0,0,0,21,false
"winequality-red-bin",7,5,square2cnf,753,3046,0,0,0,23,false
"winequality-red-bin",7,5,affine,1161,1335,0,0,0,25,false
"winequality-red-bin",7,5,smart_certified,4387,6946,0,0,0,33,false
"winequality-red-bin",7,5,cals,12929,14917,5,19,0,11,false
"winequality-red-bin",7,5,cals_compact_explain,6158,5959,5,14,0,11,false
"winequality-red-bin",7,7,unary,436,39,0,0,0,49,false
"winequality-red-bin",7,7,horn,616,316,0,0,0,29,false
"winequality-red-bin",7,7,antihorn,764,360,0,0,0,37,false
"winequality-red-bin",7,7,square2cnf,946,3952,0,0,0,29,false
"winequality-red-bin",7,7,affine,1665,1871,0,0,0,35,false
"winequality-red-bin",7,7,smart_certified,5305,7863,0,0,0,41,false
"winequality-red-bin",7,7,cals,13693,15108,9,23,0,19,false
"winequality-red-bin",7,7,cals_compact_explain,6779,6136,10,19,0,21,false
"winequality-red-bin",8,5,unary,370,37,0,0,0,35,false
"winequality-red-bin",8,5,horn,475,251,0,0,0,21,false
"winequality-red-bin",8,5,antihorn,567,287,0,0,0,25,false
"winequality-red-bin",8,5,square2cnf,701,3061,0,0,0,21,false
"winequality-red-bin",8,5,affine,1379,1325,0,0,0,27,false
"winequality-red-bin",8,5,smart_certified,3729,6162,0,0,0,29,false
"winequality-red-bin",8,5,cals,16329,32214,9,21,0,17,false
"winequality-red-bin",8,5,cals_compact_explain,5965,11065,9,19,0,17,false
"winequality-red-bin",8,7,unary,434,37,0,0,0,45,false
"winequality-red-bin",8,7,horn,621,326,0,0,0,31,false
"winequality-red-bin",8,7,antihorn,610,314,0,0,0,29,false
"winequality-red-bin",8,7,square2cnf,771,3352,0,0,0,23,false
"winequality-red-bin",8,7,affine,1873,1455,0,0,0,33,false
"winequality-red-bin",8,7,smart_certified,4321,6958,0,0,0,33,false
"winequality-red-bin",8,7,cals,16760,32397,13,25,0,23,false
"winequality-red-bin",8,7,cals_compact_explain,6409,11101,16,23,0,23,false
"winequality-red-bin",9,5,unary,299,39,0,0,0,31,false
"winequality-red-bin",9,5,horn,366,220,0,0,0,17,false
"winequality-red-bin",9,5,antihorn,495,270,0,0,0,25,false
"winequality-red-bin",9,5,square2cnf,609,2440,0,0,0,19,false
"winequality-red-bin",9,5,affine,1121,1375,0,0,0,25,false
"winequality-red-bin",9,5,smart_certified,3411,5928,0,0,0,29,false
"winequality-red-bin",9,5,cals,16628,25645,8,22,0,17,false
"winequality-red-bin",9,5,cals_compact_explain,4199,4370,11,17,0,17,false
"winequality-red-bin",9,7,unary,360,39,0,0,0,43,false
"winequality-red-bin",9,7,horn,466,232,0,0,0,21,false
"winequality-red-bin",9,7,antihorn,550,318,0,0,0,31,false
"winequality-red-bin",9,7,square2cnf,740,3023,0,0,0,23,false
"winequality-red-bin",9,7,affine,1948,1587,0,0,0,33,false
"winequality-red-bin",9,7,smart_certified,4176,7331,0,0,0,37,false
"winequality-red-bin",9,7,cals,17282,25755,11,25,0,23,false
"winequality-red-bin",9,7,cals_compact_explain,4652,4493,14,20,0,23,false
"yeast",0,5,unary,1303,89,0,0,0,43,false
"yeast",0,5,horn,2809,550,0,0,0,47,false
"yeast",0,5,antihorn,2813,546,0,0,0,47,false
"yeast",0,5,square2cnf,3451,6946,0,0,0,47,false
"yeast",0,5,affine,2459,2701,0,0,0,41,false
"yeast",0,5,smart_certified,12426,10149,0,0,0,43,false
"yeast",0,5,cals,21274,42101,31,29,0,47,false
"yeast",0,5,cals_compact_explain,18775,28406,32,30,0,45,false
"yeast",0,7,unary,3201,89,0,0,0,125,false
"yeast",0,7,horn,6216,978,0,0,0,113,false
"yeast",0,7,antihorn,6226,968,0,0,0,113,false
"yeast",0,7,square2cnf,8196,16134,0,0,0,113,false
"yeast",0,7,affine,6971,6445,0,0,0,105,false
"yeast",0,7,smart_certified,30253,25299,0,0,0,119,false
"yeast",0,7,cals,45442,74276,67,65,0,119,false
"yeast",0,7,cals_compact_explain,34927,48484,57,66,0,109,false
"yeast",1,5,unary,1245,89,0,0,0,41,false
"yeast",1,5,horn,2858,547,0,0,0,47,false
"yeast",1,5,antihorn,2858,547,0,0,0,47,false
"yeast",1,5,square2cnf,3498,6945,0,0,0,47,false
"yeast",1,5,affine,1841,1255,0,0,0,25,false
"yeast",1,5,smart_certified,11958,9600,0,0,0,41,false
"yeast",1,5,cals,23299,22200,30,26,0,43,false
"yeast",1,5,cals_compact_explain,13141,10556,32,25,0,43,false
"yeast",1,7,unary,2983,89,0,0,0,117,false
"yeast",1,7,horn,7069,1093,0,0,0,133,false
"yeast",1,7,antihorn,7070,1092,0,0,0,133,false
"yeast",1,7,square2cnf,9457,18901,0,0,0,133,false
"yeast",1,7,affine,3973,2993,0,0,0,55,false
"yeast",1,7,smart_certified,29645,25227,0,0,0,117,false
"yeast",1,7,cals,35233,24009,61,57,0,105,false
"yeast",1,7,cals_compact_explain,23238,12089,63,56,0,105,false
"yeast",2,5,unary,1329,89,0,0,0,45,false
"yeast",2,5,horn,2537,522,0,0,0,43,false
"yeast",2,5,antihorn,2541,518,0,0,0,43,false
"yeast",2,5,square2cnf,3112,6373,0,0,0,43,false
"yeast",2,5,affine,2643,1743,0,0,0,35,false
"yeast",2,5,smart_certified,12531,10195,0,0,0,45,false
"yeast",2,5,cals,24259,28642,33,35,0,55,false
"yeast",2,5,cals_compact_explain,19489,66420,34,30,0,47,false
"yeast",2,7,unary,3151,89,0,0,0,121,false
"yeast",2,7,horn,5070,871,0,0,0,95,false
"yeast",2,7,antihorn,5071,870,0,0,0,95,false
"yeast",2,7,square2cnf,6517,13806,0,0,0,95,false
"yeast",2,7,affine,6111,4209,0,0,0,81,false
"yeast",2,7,smart_certified,30941,24537,0,0,0,119,false
"yeast",2,7,cals,37554,30754,69,71,0,127,false
"yeast",2,7,cals_compact_explain,34204,99245,68,62,0,113,false
"yeast",3,5,unary,1241,89,0,0,0,41,false
"yeast",3,5,horn,2822,553,0,0,0,47,false
"yeast",3,5,antihorn,2820,555,0,0,0,47,false
"yeast",3,5,square2cnf,3439,6974,0,0,0,47,false
"yeast",3,5,affine,2629,2015,0,0,0,37,false
"yeast",3,5,smart_certified,11768,9762,0,0,0,41,false
"yeast",3,5,cals,18121,24125,27,31,0,45,false
"yeast",3,5,cals_compact_explain,15917,30158,28,30,0,41,false
"yeast",3,7,unary,2698,89,0,0,0,99,false
"yeast",3,7,horn,5486,890,0,0,0,101,false
"yeast",3,7,antihorn,5485,891,0,0,0,101,false
"yeast",3,7,square2cnf,7381,14295,0,0,0,101,false
"yeast",3,7,affine,5471,4849,0,0,0,81,false
"yeast",3,7,smart_certified,26725,21258,0,0,0,101,false
"yeast",3,7,cals,30521,26206,60,64,0,111,false
"yeast",3,7,cals_compact_explain,30528,50412,61,63,0,107,false
"yeast",4,5,unary,1212,89,0,0,0,39,false
"yeast",4,5,horn,2710,521,0,0,0,45,false
"yeast",4,5,antihorn,2710,521,0,0,0,45,false
"yeast",4,5,square2cnf,3493,6487,0,0,0,45,false
"yeast",4,5,affine,2239,2147,0,0,0,35,false
"yeast",4,5,smart_certified,11418,9298,0,0,0,39,false
"yeast",4,5,cals,17070,17725,31,31,0,49,false
"yeast",4,5,cals_compact_explain,14619,10894,28,29,0,43,false
"yeast",4,7,unary,2643,89,0,0,0,97,false
"yeast",4,7,horn,6211,967,0,0,0,115,false
"yeast",4,7,antihorn,6206,972,0,0,0,115,false
"yeast",4,7,square2cnf,8364,16251,0,0,0,115,false
"yeast",4,7,affine,4689,4599,0,0,0,73,false
"yeast",4,7,smart_certified,25010,19789,0,0,0,95,false
"yeast",4,7,cals,27162,19490,60,60,0,105,false
"yeast",4,7,cals_compact_explain,24973,12499,62,63,0,111,false
"yeast",5,5,unary,1351,89,0,0,0,45,false
"yeast",5,5,horn,2812,547,0,0,0,47,false
"yeast",5,5,antihorn,2810,549,0,0,0,47,false
"yeast",5,5,square2cnf,3443,6954,0,0,0,47,false
"yeast",5,5,affine,2787,2115,0,0,0,39,false
"yeast",5,5,smart_certified,12912,10610,0,0,0,45,false
"yeast",5,5,cals,18539,31191,32,30,0,49,false
"yeast",5,5,cals_compact_explain,21204,105202,33,29,0,45,false
"yeast",5,7,unary,3122,89,0,0,0,123,false
"yeast",5,7,horn,6459,985,0,0,0,117,false
"yeast",5,7,antihorn,6459,985,0,0,0,117,false
"yeast",5,7,square2cnf,8976,16267,0,0,0,117,false
"yeast",5,7,affine,6209,5143,0,0,0,89,false
"yeast",5,7,smart_certified,30424,25165,0,0,0,121,false
"yeast",5,7,cals,30320,32965,61,59,0,107,false
"yeast",5,7,cals_compact_explain,37862,255956,75,71,0,129,false
"yeast",6,5,unary,1201,89,0,0,0,39,false
"yeast",6,5,horn,2884,532,0,0,0,45,false
"yeast",6,5,antihorn,2886,530,0,0,0,45,false
"yeast",6,5,square2cnf,3488,6660,0,0,0,45,false
"yeast",6,5,affine,2197,2705,0,0,0,39,false
"yeast",6,5,smart_certified,11269,9370,0,0,0,39,false
"yeast",6,5,cals,21741,48333,29,29,0,45,false
"yeast",6,5,cals_compact_explain,18917,24667,29,32,0,47,false
"yeast",6,7,unary,2996,89,0,0,0,113,false
"yeast",6,7,horn,6480,982,0,0,0,111,false
"yeast",6,7,antihorn,6487,975,0,0,0,111,false
"yeast",6,7,square2cnf,8246,16122,0,0,0,111,false
"yeast",6,7,affine,6107,5503,0,0,0,91,false
"yeast",6,7,smart_certified,26690,21258,0,0,0,107,false
"yeast",6,7,cals,46998,78395,66,66,0,119,false
"yeast",6,7,cals_compact_explain,28786,26396,68,65,0,119,false
"yeast",7,5,unary,1228,89,0,0,0,39,false
"yeast",7,5,horn,2636,492,0,0,0,41,false
"yeast",7,5,antihorn,2636,492,0,0,0,41,false
"yeast",7,5,square2cnf,3212,6036,0,0,0,41,false
"yeast",7,5,affine,2419,2225,0,0,0,37,false
"yeast",7,5,smart_certified,11447,9438,0,0,0,39,false
"yeast",7,5,cals,26883,22789,29,33,0,49,false
"yeast",7,5,cals_compact_explain,17312,13113,33,31,0,47,false
"yeast",7,7,unary,2911,89,0,0,0,105,false
"yeast",7,7,horn,6751,985,0,0,0,117,false
"yeast",7,7,antihorn,6743,993,0,0,0,117,false
"yeast",7,7,square2cnf,9083,16459,0,0,0,117,false
"yeast",7,7,affine,5559,5277,0,0,0,85,false
"yeast",7,7,smart_certified,27982,23429,0,0,0,103,false
"yeast",7,7,cals,39593,24781,62,66,0,115,false
"yeast",7,7,cals_compact_explain,27079,14452,46,61,0,95,false
"yeast",8,5,unary,1250,89,0,0,0,41,false
"yeast",8,5,horn,2738,530,0,0,0,45,false
"yeast",8,5,antihorn,2740,528,0,0,0,45,false
"yeast",8,5,square2cnf,3368,6738,0,0,0,45,false
"yeast",8,5,affine,2555,2347,0,0,0,39,false
"yeast",8,5,smart_certified,12425,9281,0,0,0,41,false
"yeast",8,5,cals,19440,40966,25,27,0,39,false
"yeast",8,5,cals_compact_explain,15765,26855,29,27,0,39,false
"yeast",8,7,unary,2919,89,0,0,0,111,false
"yeast",8,7,horn,5883,939,0,0,0,105,false
"yeast",8,7,antihorn,5877,945,0,0,0,105,false
"yeast",8,7,square2cnf,7465,15375,0,0,0,105,false
"yeast",8,7,affine,6514,5869,0,0,0,95,false
"yeast",8,7,smart_certified,29323,23570,0,0,0,111,false
"yeast",8,7,cals,36696,64906,50,52,0,89,false
"yeast",8,7,cals_compact_explain,28092,44494,56,54,0,93,false
"yeast",9,5,unary,1299,89,0,0,0,43,false
"yeast",9,5,horn,2741,535,0,0,0,45,false
"yeast",9,5,antihorn,2738,538,0,0,0,45,false
"yeast",9,5,square2cnf,3329,6679,0,0,0,45,false
"yeast",9,5,affine,2189,2455,0,0,0,37,false
"yeast",9,5,smart_certified,11939,9950,0,0,0,43,false
"yeast",9,5,cals,18934,21808,26,32,0,45,false
"yeast",9,5,cals_compact_explain,16332,6519,29,33,0,45,false
"yeast",9,7,unary,2861,89,0,0,0,105,false
"yeast",9,7,horn,6353,950,0,0,0,111,false
"yeast",9,7,antihorn,6353,950,0,0,0,111,false
"yeast",9,7,square2cnf,8425,15708,0,0,0,111,false
"yeast",9,7,affine,4919,5401,0,0,0,81,false
"yeast",9,7,smart_certified,25711,21160,0,0,0,103,false
"yeast",9,7,cals,33124,23977,62,68,0,117,false
"yeast",9,7,cals_compact_explain,28599,8125,65,69,0,117,false
