dataset,run,depth,method,structural_dataset_group,node_depth,family,predicate_arity,predicate_literals,gain,survived_pruning,is_root,node_count,source_granularity
HTRU_2-bin,0,5,cals,square2cnf_interaction,unavailable_in_frozen_csv,horn,unavailable_in_frozen_csv,unavailable_in_frozen_csv,unavailable_in_frozen_csv,True,unavailable_in_frozen_csv,4,exact_final_tree_family_counts
HTRU_2-bin,0,5,cals,square2cnf_interaction,unavailable_in_frozen_csv,unary,unavailable_in_frozen_csv,unavailable_in_frozen_csv,unavailable_in_frozen_csv,True,unavailable_in_frozen_csv,1,exact_final_tree_family_counts
HTRU_2-bin,0,5,cals_compact_explain,square2cnf_interaction,unavailable_in_frozen_csv,horn,unavailable_in_frozen_csv,unavailable_in_frozen_csv,unavailable_in_frozen_csv,True,unavailable_in_frozen_csv,1,exact_final_tree_family_counts
HTRU_2-bin,0,5,cals_compact_explain,square2cnf_interaction,unavailable_in_frozen_csv,unary,unavailable_in_frozen_csv,unavailable_in_frozen_csv,unavailable_in_frozen_csv,True,unavailable_in_frozen_csv,1,exact_final_tree_family_counts
HTRU_2-bin,0,7,cals,square2cnf_interaction,unavailable_in_frozen_csv,horn,unavailable_in_frozen_csv,unavailable_in_frozen_csv,unavailable_in_frozen_csv,True,unavailable_in_frozen_csv,12,exact_final_tree_family_counts
HTRU_2-bin,0,7,cals,square2cnf_interaction,unavailable_in_frozen_csv,unary,unavailable_in_frozen_csv,unavailable_in_frozen_csv,unavailable_in_frozen_csv,True,unavailable_in_frozen_csv,1,exact_final_tree_family_counts
HTRU_2-bin,0,7,cals_compact_explain,square2cnf_interaction,unavailable_in_frozen_csv,horn,unavailable_in_frozen_csv,unavailable_in_frozen_csv,unavailable_in_frozen_csv,True,unavailable_in_frozen_csv,1,exact_final_tree_family_counts
HTRU_2-bin,0,7,cals_compact_explain,square2cnf_interaction,unavailable_in_frozen_csv,unary,unavailable_in_frozen_csv,unavailable_in_frozen_csv,unavailable_in_frozen_csv,True,unavailable_in_frozen_csv,1,exact_final_tree_family_counts
HTRU_2-bin,1,5,cals,square2cnf_interaction,unavailable_in_frozen_csv,square2cnf,unavailable_in_frozen_csv,unavailable_in_frozen_csv,unavailable_in_frozen_csv,True,unavailable_in_frozen_csv,5,exact_final_tree_family_counts
HTRU_2-bin,1,5,cals,square2cnf_interaction,unavailable_in_frozen_csv,unary,unavailable_in_frozen_csv,unavailable_in_frozen_csv,unavailable_in_frozen_csv,True,unavailable_in_frozen_csv,1,exact_final_tree_family_counts
HTRU_2-bin,1,5,cals_compact_explain,square2cnf_interaction,unavailable_in_frozen_csv,horn,unavailable_in_frozen_csv,unavailable_in_frozen_csv,unavailable_in_frozen_csv,True,unavailable_in_frozen_csv,1,exact_final_tree_family_counts
HTRU_2-bin,1,5,cals_compact_explain,square2cnf_interaction,unavailable_in_frozen_csv,unary,unavailable_in_frozen_csv,unavailable_in_frozen_csv,unavailable_in_frozen_csv,True,unavailable_in_frozen_csv,1,exact_final_tree_family_counts
HTRU_2-bin,1,7,cals,square2cnf_interaction,unavailable_in_frozen_csv,square2cnf,unavailable_in_frozen_csv,unavailable_in_frozen_csv,unavailable_in_frozen_csv,True,unavailable_in_frozen_csv,8,exact_final_tree_family_counts
HTRU_2-bin,1,7,cals,square2cnf_interaction,unavailable_in_frozen_csv,unary,unavailable_in_frozen_csv,unavailable_in_frozen_csv,unavailable_in_frozen_csv,True,unavailable_in_frozen_csv,1,exact_final_tree_family_counts
HTRU_2-bin,1,7,cals_compact_explain,square2cnf_interaction,unavailable_in_frozen_csv,horn,unavailable_in_frozen_csv,unavailable_in_frozen_csv,unavailable_in_frozen_csv,True,unavailable_in_frozen_csv,1,exact_final_tree_family_counts
HTRU_2-bin,1,7,cals_compact_explain,square2cnf_interaction,unavailable_in_frozen_csv,unary,unavailable_in_frozen_csv,unavailable_in_frozen_csv,unavailable_in_frozen_csv,True,unavailable_in_frozen_csv,1,exact_final_tree_family_counts
HTRU_2-bin,2,5,cals,square2cnf_interaction,0,antihorn,unavailable_in_frozen_csv,unavailable_in_frozen_csv,unavailable_in_frozen_csv,True,True,1,exact_final_tree_family_counts
HTRU_2-bin,2,5,cals_compact_explain,square2cnf_interaction,unavailable_in_frozen_csv,square2cnf,unavailable_in_frozen_csv,unavailable_in_frozen_csv,unavailable_in_frozen_csv,True,unavailable_in_frozen_csv,1,exact_final_tree_family_counts
HTRU_2-bin,2,5,cals_compact_explain,square2cnf_interaction,unavailable_in_frozen_csv,unary,unavailable_in_frozen_csv,unavailable_in_frozen_csv,unavailable_in_frozen_csv,True,unavailable_in_frozen_csv,1,exact_final_tree_family_counts
HTRU_2-bin,2,7,cals,square2cnf_interaction,0,antihorn,unavailable_in_frozen_csv,unavailable_in_frozen_csv,unavailable_in_frozen_csv,True,True,1,exact_final_tree_family_counts
HTRU_2-bin,2,7,cals_compact_explain,square2cnf_interaction,unavailable_in_frozen_csv,square2cnf,unavailable_in_frozen_csv,unavailable_in_frozen_csv,unavailable_in_frozen_csv,True,unavailable_in_frozen_csv,1,exact_final_tree_family_counts
HTRU_2-bin,2,7,cals_compact_explain,square2cnf_interaction,unavailable_in_frozen_csv,unary,unavailable_in_frozen_csv,unavailable_in_frozen_csv,unavailable_in_frozen_csv,True,unavailable_in_frozen_csv,1,exact_final_tree_family_counts
HTRU_2-bin,3,5,cals,square2cnf_interaction,0,square2cnf,unavailable_in_frozen_csv,unavailable_in_frozen_csv,unavailable_in_frozen_csv,True,True,1,exact_final_tree_family_counts
HTRU_2-bin,3,5,cals_compact_explain,square2cnf_interaction,unavailable_in_frozen_csv,horn,unavailable_in_frozen_csv,unavailable_in_frozen_csv,unavailable_in_frozen_csv,True,unavailable_in_frozen_csv,1,exact_final_tree_family_counts
HTRU_2-bin,3,5,cals_compact_explain,square2cnf_interaction,unavailable_in_frozen_csv,unary,unavailable_in_frozen_csv,unavailable_in_frozen_csv,unavailable_in_frozen_csv,True,unavailable_in_frozen_csv,1,exact_final_tree_family_counts
HTRU_2-bin,3,7,cals,square2cnf_interaction,0,square2cnf,unavailable_in_frozen_csv,unavailable_in_frozen_csv,unavailable_in_frozen_csv,True,True,1,exact_final_tree_family_counts
HTRU_2-bin,3,7,cals_compact_explain,square2cnf_interaction,unavailable_in_frozen_csv,horn,unavailable_in_frozen_csv,unavailable_in_frozen_csv,unavailable_in_frozen_csv,True,unavailable_in_frozen_csv,1,exact_final_tree_family_counts
HTRU_2-bin,3,7,cals_compact_explain,square2cnf_interaction,unavailable_in_frozen_csv,unary,unavailable_in_frozen_csv,unavailable_in_frozen_csv,unavailable_in_frozen_csv,True,unavailable_in_frozen_csv,1,exact_final_tree_family_counts
HTRU_2-bin,4,5,cals,square2cnf_interaction,0,antihorn,unavailable_in_frozen_csv,unavailable_in_frozen_csv,unavailable_in_frozen_csv,True,True,1,exact_final_tree_family_counts
HTRU_2-bin,4,5,cals_compact_explain,square2cnf_interaction,unavailable_in_frozen_csv,unary,unavailable_in_frozen_csv,unavailable_in_frozen_csv,unavailable_in_frozen_csv,True,unavailable_in_frozen_csv,2,exact_final_tree_family_counts
HTRU_2-bin,4,7,cals,square2cnf_interaction,0,antihorn,unavailable_in_frozen_csv,unavailable_in_frozen_csv,unavailable_in_frozen_csv,True,True,1,exact_final_tree_family_counts
HTRU_2-bin,4,7,cals_compact_explain,square2cnf_interaction,unavailable_in_frozen_csv,unary,unavailable_in_frozen_csv,unavailable_in_frozen_csv,unavailable_in_frozen_csv,True,unavailable_in_frozen_csv,2,exact_final_tree_family_counts
HTRU_2-bin,5,5,cals,square2cnf_interaction,unavailable_in_frozen_csv,square2cnf,unavailable_in_frozen_csv,unavailable_in_frozen_csv,unavailable_in_frozen_csv,True,unavailable_in_frozen_csv,1,exact_final_tree_family_counts
HTRU_2-bin,5,5,cals,square2cnf_interaction,unavailable_in_frozen_csv,unary,unavailable_in_frozen_csv,unavailable_in_frozen_csv,unavailable_in_frozen_csv,True,unavailable_in_frozen_csv,1,exact_final_tree_family_counts
HTRU_2-bin,5,5,cals_compact_explain,square2cnf_interaction,unavailable_in_frozen_csv,square2cnf,unavailable_in_frozen_csv,unavailable_in_frozen_csv,unavailable_in_frozen_csv,True,unavailable_in_frozen_csv,1,exact_final_tree_family_counts
HTRU_2-bin,5,5,cals_compact_explain,square2cnf_interaction,unavailable_in_frozen_csv,unary,unavailable_in_frozen_csv,unavailable_in_frozen_csv,unavailable_in_frozen_csv,True,unavailable_in_frozen_csv,1,exact_final_tree_family_counts
HTRU_2-bin,5,7,cals,square2cnf_interaction,unavailable_in_frozen_csv,square2cnf,unavailable_in_frozen_csv,unavailable_in_frozen_csv,unavailable_in_frozen_csv,True,unavailable_in_frozen_csv,5,exact_final_tree_family_counts
HTRU_2-bin,5,7,cals,square2cnf_interaction,unavailable_in_frozen_csv,unary,unavailable_in_frozen_csv,unavailable_in_frozen_csv,unavailable_in_frozen_csv,True,unavailable_in_frozen_csv,2,exact_final_tree_family_counts
HTRU_2-bin,5,7,cals_compact_explain,square2cnf_interaction,unavailable_in_frozen_csv,square2cnf,unavailable_in_frozen_csv,unavailable_in_frozen_csv,unavailable_in_frozen_csv,True,unavailable_in_frozen_csv,1,exact_final_tree_family_counts
HTRU_2-bin,5,7,cals_compact_explain,square2cnf_interaction,unavailable_in_frozen_csv,unary,unavailable_in_frozen_csv,unavailable_in_frozen_csv,unavailable_in_frozen_csv,True,unavailable_in_frozen_csv,1,exact_final_tree_family_counts
HTRU_2-bin,6,5,cals,square2cnf_interaction,0,square2cnf,unavailable_in_frozen_csv,unavailable_in_frozen_csv,unavailable_in_frozen_csv,True,True,1,exact_final_tree_family_counts
HTRU_2-bin,6,5,cals_compact_explain,square2cnf_interaction,unavailable_in_frozen_csv,antihorn,unavailable_in_frozen_csv,unavailable_in_frozen_csv,unavailable_in_frozen_csv,True,unavailable_in_frozen_csv,1,exact_final_tree_family_counts
HTRU_2-bin,6,5,cals_compact_explain,square2cnf_interaction,unavailable_in_frozen_csv,unary,unavailable_in_frozen_csv,unavailable_in_frozen_csv,unavailable_in_frozen_csv,True,unavailable_in_frozen_csv,1,exact_final_tree_family_counts
HTRU_2-bin,6,7,cals,square2cnf_interaction,0,square2cnf,unavailable_in_frozen_csv,unavailable_in_frozen_csv,unavailable_in_frozen_csv,True,True,1,exact_final_tree_family_counts
HTRU_2-bin,6,7,cals_compact_explain,square2cnf_interaction,unavailable_in_frozen_csv,antihorn,unavailable_in_frozen_csv,unavailable_in_frozen_csv,unavailable_in_frozen_csv,True,unavailable_in_frozen_csv,1,exact_final_tree_family_counts
HTRU_2-bin,6,7,cals_compact_explain,square2cnf_interaction,unavailable_in_frozen_csv,unary,unavailable_in_frozen_csv,unavailable_in_frozen_csv,unavailable_in_frozen_csv,True,unavailable_in_frozen_csv,1,exact_final_tree_family_counts
HTRU_2-bin,7,5,cals,square2cnf_interaction,unavailable_in_frozen_csv,horn,unavailable_in_frozen_csv,unavailable_in_frozen_csv,unavailable_in_frozen_csv,True,unavailable_in_frozen_csv,4,exact_final_tree_family_counts
HTRU_2-bin,7,5,cals,square2cnf_interaction,unavailable_in_frozen_csv,unary,unavailable_in_frozen_csv,unavailable_in_frozen_csv,unavailable_in_frozen_csv,True,unavailable_in_frozen_csv,1,exact_final_tree_family_counts
HTRU_2-bin,7,5,cals_compact_explain,square2cnf_interaction,unavailable_in_frozen_csv,horn,unavailable_in_frozen_csv,unavailable_in_frozen_csv,unavailable_in_frozen_csv,True,unavailable_in_frozen_csv,1,exact_final_tree_family_counts
HTRU_2-bin,7,5,cals_compact_explain,square2cnf_interaction,unavailable_in_frozen_csv,unary,unavailable_in_frozen_csv,unavailable_in_frozen_csv,unavailable_in_frozen_csv,True,unavailable_in_frozen_csv,1,exact_final_tree_family_counts
HTRU_2-bin,7,7,cals,square2cnf_interaction,unavailable_in_frozen_csv,horn,unavailable_in_frozen_csv,unavailable_in_frozen_csv,unavailable_in_frozen_csv,True,unavailable_in_frozen_csv,6,exact_final_tree_family_counts
HTRU_2-bin,7,7,cals,square2cnf_interaction,unavailable_in_frozen_csv,unary,unavailable_in_frozen_csv,unavailable_in_frozen_csv,unavailable_in_frozen_csv,True,unavailable_in_frozen_csv,1,exact_final_tree_family_counts
HTRU_2-bin,7,7,cals_compact_explain,square2cnf_interaction,unavailable_in_frozen_csv,horn,unavailable_in_frozen_csv,unavailable_in_frozen_csv,unavailable_in_frozen_csv,True,unavailable_in_frozen_csv,6,exact_final_tree_family_counts
HTRU_2-bin,7,7,cals_compact_explain,square2cnf_interaction,unavailable_in_frozen_csv,unary,unavailable_in_frozen_csv,unavailable_in_frozen_csv,unavailable_in_frozen_csv,True,unavailable_in_frozen_csv,1,exact_final_tree_family_counts
HTRU_2-bin,8,5,cals,square2cnf_interaction,unavailable_in_frozen_csv,square2cnf,unavailable_in_frozen_csv,unavailable_in_frozen_csv,unavailable_in_frozen_csv,True,unavailable_in_frozen_csv,5,exact_final_tree_family_counts
HTRU_2-bin,8,5,cals,square2cnf_interaction,unavailable_in_frozen_csv,unary,unavailable_in_frozen_csv,unavailable_in_frozen_csv,unavailable_in_frozen_csv,True,unavailable_in_frozen_csv,3,exact_final_tree_family_counts
HTRU_2-bin,8,5,cals_compact_explain,square2cnf_interaction,unavailable_in_frozen_csv,square2cnf,unavailable_in_frozen_csv,unavailable_in_frozen_csv,unavailable_in_frozen_csv,True,unavailable_in_frozen_csv,1,exact_final_tree_family_counts
HTRU_2-bin,8,5,cals_compact_explain,square2cnf_interaction,unavailable_in_frozen_csv,unary,unavailable_in_frozen_csv,unavailable_in_frozen_csv,unavailable_in_frozen_csv,True,unavailable_in_frozen_csv,1,exact_final_tree_family_counts
HTRU_2-bin,8,7,cals,square2cnf_interaction,unavailable_in_frozen_csv,square2cnf,unavailable_in_frozen_csv,unavailable_in_frozen_csv,unavailable_in_frozen_csv,True,unavailable_in_frozen_csv,11,exact_final_tree_family_counts
HTRU_2-bin,8,7,cals,square2cnf_interaction,unavailable_in_frozen_csv,unary,unavailable_in_frozen_csv,unavailable_in_frozen_csv,unavailable_in_frozen_csv,True,unavailable_in_frozen_csv,3,exact_final_tree_family_counts
HTRU_2-bin,8,7,cals_compact_explain,square2cnf_interaction,unavailable_in_frozen_csv,square2cnf,unavailable_in_frozen_csv,unavailable_in_frozen_csv,unavailable_in_frozen_csv,True,unavailable_in_frozen_csv,1,exact_final_tree_family_counts
HTRU_2-bin,8,7,cals_compact_explain,square2cnf_interaction,unavailable_in_frozen_csv,unary,unavailable_in_frozen_csv,unavailable_in_frozen_csv,unavailable_in_frozen_csv,True,unavailable_in_frozen_csv,1,exact_final_tree_family_counts
HTRU_2-bin,9,5,cals,square2cnf_interaction,unavailable_in_frozen_csv,square2cnf,unavailable_in_frozen_csv,unavailable_in_frozen_csv,unavailable_in_frozen_csv,True,unavailable_in_frozen_csv,5,exact_final_tree_family_counts
HTRU_2-bin,9,5,cals,square2cnf_interaction,unavailable_in_frozen_csv,unary,unavailable_in_frozen_csv,unavailable_in_frozen_csv,unavailable_in_frozen_csv,True,unavailable_in_frozen_csv,2,exact_final_tree_family_counts
HTRU_2-bin,9,5,cals_compact_explain,square2cnf_interaction,unavailable_in_frozen_csv,square2cnf,unavailable_in_frozen_csv,unavailable_in_frozen_csv,unavailable_in_frozen_csv,True,unavailable_in_frozen_csv,4,exact_final_tree_family_counts
HTRU_2-bin,9,5,cals_compact_explain,square2cnf_interaction,unavailable_in_frozen_csv,unary,unavailable_in_frozen_csv,unavailable_in_frozen_csv,unavailable_in_frozen_csv,True,unavailable_in_frozen_csv,3,exact_final_tree_family_counts
HTRU_2-bin,9,7,cals,square2cnf_interaction,unavailable_in_frozen_csv,square2cnf,unavailable_in_frozen_csv,unavailable_in_frozen_csv,unavailable_in_frozen_csv,True,unavailable_in_frozen_csv,7,exact_final_tree_family_counts
HTRU_2-bin,9,7,cals,square2cnf_interaction,unavailable_in_frozen_csv,unary,unavailable_in_frozen_csv,unavailable_in_frozen_csv,unavailable_in_frozen_csv,True,unavailable_in_frozen_csv,3,exact_final_tree_family_counts
HTRU_2-bin,9,7,cals_compact_explain,square2cnf_interaction,unavailable_in_frozen_csv,square2cnf,unavailable_in_frozen_csv,unavailable_in_frozen_csv,unavailable_in_frozen_csv,True,unavailable_in_frozen_csv,7,exact_final_tree_family_counts
HTRU_2-bin,9,7,cals_compact_explain,square2cnf_interaction,unavailable_in_frozen_csv,unary,unavailable_in_frozen_csv,unavailable_in_frozen_csv,unavailable_in_frozen_csv,True,unavailable_in_frozen_csv,4,exact_final_tree_family_counts
IndiansDiabetes-bin,0,5,cals,square2cnf_interaction,0,square2cnf,unavailable_in_frozen_csv,unavailable_in_frozen_csv,unavailable_in_frozen_csv,True,True,1,exact_final_tree_family_counts
IndiansDiabetes-bin,0,5,cals_compact_explain,square2cnf_interaction,0,square2cnf,unavailable_in_frozen_csv,unavailable_in_frozen_csv,unavailable_in_frozen_csv,True,True,1,exact_final_tree_family_counts
IndiansDiabetes-bin,0,7,cals,square2cnf_interaction,0,square2cnf,unavailable_in_frozen_csv,unavailable_in_frozen_csv,unavailable_in_frozen_csv,True,True,1,exact_final_tree_family_counts
IndiansDiabetes-bin,0,7,cals_compact_explain,square2cnf_interaction,0,square2cnf,unavailable_in_frozen_csv,unavailable_in_frozen_csv,unavailable_in_frozen_csv,True,True,1,exact_final_tree_family_counts
IndiansDiabetes-bin,1,5,cals,square2cnf_interaction,unavailable_in_frozen_csv,square2cnf,unavailable_in_frozen_csv,unavailable_in_frozen_csv,unavailable_in_frozen_csv,True,unavailable_in_frozen_csv,5,exact_final_tree_family_counts
IndiansDiabetes-bin,1,5,cals_compact_explain,square2cnf_interaction,unavailable_in_frozen_csv,square2cnf,unavailable_in_frozen_csv,unavailable_in_frozen_csv,unavailable_in_frozen_csv,True,unavailable_in_frozen_csv,5,exact_final_tree_family_counts
IndiansDiabetes-bin,1,7,cals,square2cnf_interaction,unavailable_in_frozen_csv,square2cnf,unavailable_in_frozen_csv,unavailable_in_frozen_csv,unavailable_in_frozen_csv,True,unavailable_in_frozen_csv,10,exact_final_tree_family_counts
IndiansDiabetes-bin,1,7,cals_compact_explain,square2cnf_interaction,unavailable_in_frozen_csv,square2cnf,unavailable_in_frozen_csv,unavailable_in_frozen_csv,unavailable_in_frozen_csv,True,unavailable_in_frozen_csv,5,exact_final_tree_family_counts
IndiansDiabetes-bin,2,5,cals,square2cnf_interaction,unavailable_in_frozen_csv,square2cnf,unavailable_in_frozen_csv,unavailable_in_frozen_csv,unavailable_in_frozen_csv,True,unavailable_in_frozen_csv,5,exact_final_tree_family_counts
IndiansDiabetes-bin,2,5,cals_compact_explain,square2cnf_interaction,unavailable_in_frozen_csv,square2cnf,unavailable_in_frozen_csv,unavailable_in_frozen_csv,unavailable_in_frozen_csv,True,unavailable_in_frozen_csv,2,exact_final_tree_family_counts
IndiansDiabetes-bin,2,7,cals,square2cnf_interaction,unavailable_in_frozen_csv,square2cnf,unavailable_in_frozen_csv,unavailable_in_frozen_csv,unavailable_in_frozen_csv,True,unavailable_in_frozen_csv,9,exact_final_tree_family_counts
IndiansDiabetes-bin,2,7,cals,square2cnf_interaction,unavailable_in_frozen_csv,unary,unavailable_in_frozen_csv,unavailable_in_frozen_csv,unavailable_in_frozen_csv,True,unavailable_in_frozen_csv,1,exact_final_tree_family_counts
IndiansDiabetes-bin,2,7,cals_compact_explain,square2cnf_interaction,unavailable_in_frozen_csv,square2cnf,unavailable_in_frozen_csv,unavailable_in_frozen_csv,unavailable_in_frozen_csv,True,unavailable_in_frozen_csv,2,exact_final_tree_family_counts
IndiansDiabetes-bin,3,5,cals,square2cnf_interaction,unavailable_in_frozen_csv,square2cnf,unavailable_in_frozen_csv,unavailable_in_frozen_csv,unavailable_in_frozen_csv,True,unavailable_in_frozen_csv,6,exact_final_tree_family_counts
IndiansDiabetes-bin,3,5,cals_compact_explain,square2cnf_interaction,0,square2cnf,unavailable_in_frozen_csv,unavailable_in_frozen_csv,unavailable_in_frozen_csv,True,True,1,exact_final_tree_family_counts
IndiansDiabetes-bin,3,7,cals,square2cnf_interaction,unavailable_in_frozen_csv,square2cnf,unavailable_in_frozen_csv,unavailable_in_frozen_csv,unavailable_in_frozen_csv,True,unavailable_in_frozen_csv,15,exact_final_tree_family_counts
IndiansDiabetes-bin,3,7,cals,square2cnf_interaction,unavailable_in_frozen_csv,unary,unavailable_in_frozen_csv,unavailable_in_frozen_csv,unavailable_in_frozen_csv,True,unavailable_in_frozen_csv,1,exact_final_tree_family_counts
IndiansDiabetes-bin,3,7,cals_compact_explain,square2cnf_interaction,0,square2cnf,unavailable_in_frozen_csv,unavailable_in_frozen_csv,unavailable_in_frozen_csv,True,True,1,exact_final_tree_family_counts
IndiansDiabetes-bin,4,5,cals,square2cnf_interaction,unavailable_in_frozen_csv,square2cnf,unavailable_in_frozen_csv,unavailable_in_frozen_csv,unavailable_in_frozen_csv,True,unavailable_in_frozen_csv,7,exact_final_tree_family_counts
IndiansDiabetes-bin,4,5,cals_compact_explain,square2cnf_interaction,unavailable_in_frozen_csv,square2cnf,unavailable_in_frozen_csv,unavailable_in_frozen_csv,unavailable_in_frozen_csv,True,unavailable_in_frozen_csv,5,exact_final_tree_family_counts
IndiansDiabetes-bin,4,7,cals,square2cnf_interaction,unavailable_in_frozen_csv,square2cnf,unavailable_in_frozen_csv,unavailable_in_frozen_csv,unavailable_in_frozen_csv,True,unavailable_in_frozen_csv,7,exact_final_tree_family_counts
IndiansDiabetes-bin,4,7,cals_compact_explain,square2cnf_interaction,unavailable_in_frozen_csv,square2cnf,unavailable_in_frozen_csv,unavailable_in_frozen_csv,unavailable_in_frozen_csv,True,unavailable_in_frozen_csv,6,exact_final_tree_family_counts
IndiansDiabetes-bin,5,5,cals,square2cnf_interaction,unavailable_in_frozen_csv,square2cnf,unavailable_in_frozen_csv,unavailable_in_frozen_csv,unavailable_in_frozen_csv,True,unavailable_in_frozen_csv,6,exact_final_tree_family_counts
IndiansDiabetes-bin,5,5,cals_compact_explain,square2cnf_interaction,unavailable_in_frozen_csv,square2cnf,unavailable_in_frozen_csv,unavailable_in_frozen_csv,unavailable_in_frozen_csv,True,unavailable_in_frozen_csv,2,exact_final_tree_family_counts
IndiansDiabetes-bin,5,7,cals,square2cnf_interaction,unavailable_in_frozen_csv,square2cnf,unavailable_in_frozen_csv,unavailable_in_frozen_csv,unavailable_in_frozen_csv,True,unavailable_in_frozen_csv,6,exact_final_tree_family_counts
IndiansDiabetes-bin,5,7,cals_compact_explain,square2cnf_interaction,unavailable_in_frozen_csv,square2cnf,unavailable_in_frozen_csv,unavailable_in_frozen_csv,unavailable_in_frozen_csv,True,unavailable_in_frozen_csv,2,exact_final_tree_family_counts
IndiansDiabetes-bin,6,5,cals,square2cnf_interaction,unavailable_in_frozen_csv,square2cnf,unavailable_in_frozen_csv,unavailable_in_frozen_csv,unavailable_in_frozen_csv,True,unavailable_in_frozen_csv,9,exact_final_tree_family_counts
IndiansDiabetes-bin,6,5,cals_compact_explain,square2cnf_interaction,unavailable_in_frozen_csv,square2cnf,unavailable_in_frozen_csv,unavailable_in_frozen_csv,unavailable_in_frozen_csv,True,unavailable_in_frozen_csv,3,exact_final_tree_family_counts
IndiansDiabetes-bin,6,7,cals,square2cnf_interaction,unavailable_in_frozen_csv,square2cnf,unavailable_in_frozen_csv,unavailable_in_frozen_csv,unavailable_in_frozen_csv,True,unavailable_in_frozen_csv,14,exact_final_tree_family_counts
IndiansDiabetes-bin,6,7,cals_compact_explain,square2cnf_interaction,unavailable_in_frozen_csv,square2cnf,unavailable_in_frozen_csv,unavailable_in_frozen_csv,unavailable_in_frozen_csv,True,unavailable_in_frozen_csv,10,exact_final_tree_family_counts
IndiansDiabetes-bin,7,5,cals,square2cnf_interaction,unavailable_in_frozen_csv,square2cnf,unavailable_in_frozen_csv,unavailable_in_frozen_csv,unavailable_in_frozen_csv,True,unavailable_in_frozen_csv,4,exact_final_tree_family_counts
IndiansDiabetes-bin,7,5,cals_compact_explain,square2cnf_interaction,unavailable_in_frozen_csv,square2cnf,unavailable_in_frozen_csv,unavailable_in_frozen_csv,unavailable_in_frozen_csv,True,unavailable_in_frozen_csv,5,exact_final_tree_family_counts
IndiansDiabetes-bin,7,5,cals_compact_explain,square2cnf_interaction,unavailable_in_frozen_csv,unary,unavailable_in_frozen_csv,unavailable_in_frozen_csv,unavailable_in_frozen_csv,True,unavailable_in_frozen_csv,2,exact_final_tree_family_counts
IndiansDiabetes-bin,7,7,cals,square2cnf_interaction,unavailable_in_frozen_csv,square2cnf,unavailable_in_frozen_csv,unavailable_in_frozen_csv,unavailable_in_frozen_csv,True,unavailable_in_frozen_csv,6,exact_final_tree_family_counts
IndiansDiabetes-bin,7,7,cals_compact_explain,square2cnf_interaction,unavailable_in_frozen_csv,square2cnf,unavailable_in_frozen_csv,unavailable_in_frozen_csv,unavailable_in_frozen_csv,True,unavailable_in_frozen_csv,7,exact_final_tree_family_counts
IndiansDiabetes-bin,7,7,cals_compact_explain,square2cnf_interaction,unavailable_in_frozen_csv,unary,unavailable_in_frozen_csv,unavailable_in_frozen_csv,unavailable_in_frozen_csv,True,unavailable_in_frozen_csv,4,exact_final_tree_family_counts
IndiansDiabetes-bin,8,5,cals,square2cnf_interaction,unavailable_in_frozen_csv,square2cnf,unavailable_in_frozen_csv,unavailable_in_frozen_csv,unavailable_in_frozen_csv,True,unavailable_in_frozen_csv,6,exact_final_tree_family_counts
IndiansDiabetes-bin,8,5,cals_compact_explain,square2cnf_interaction,0,square2cnf,unavailable_in_frozen_csv,unavailable_in_frozen_csv,unavailable_in_frozen_csv,True,True,1,exact_final_tree_family_counts
IndiansDiabetes-bin,8,7,cals,square2cnf_interaction,unavailable_in_frozen_csv,square2cnf,unavailable_in_frozen_csv,unavailable_in_frozen_csv,unavailable_in_frozen_csv,True,unavailable_in_frozen_csv,6,exact_final_tree_family_counts
IndiansDiabetes-bin,8,7,cals_compact_explain,square2cnf_interaction,0,square2cnf,unavailable_in_frozen_csv,unavailable_in_frozen_csv,unavailable_in_frozen_csv,True,True,1,exact_final_tree_family_counts
IndiansDiabetes-bin,9,5,cals,square2cnf_interaction,unavailable_in_frozen_csv,square2cnf,unavailable_in_frozen_csv,unavailable_in_frozen_csv,unavailable_in_frozen_csv,True,unavailable_in_frozen_csv,3,exact_final_tree_family_counts
IndiansDiabetes-bin,9,5,cals_compact_explain,square2cnf_interaction,unavailable_in_frozen_csv,square2cnf,unavailable_in_frozen_csv,unavailable_in_frozen_csv,unavailable_in_frozen_csv,True,unavailable_in_frozen_csv,5,exact_final_tree_family_counts
IndiansDiabetes-bin,9,7,cals,square2cnf_interaction,unavailable_in_frozen_csv,square2cnf,unavailable_in_frozen_csv,unavailable_in_frozen_csv,unavailable_in_frozen_csv,True,unavailable_in_frozen_csv,3,exact_final_tree_family_counts
IndiansDiabetes-bin,9,7,cals_compact_explain,square2cnf_interaction,unavailable_in_frozen_csv,square2cnf,unavailable_in_frozen_csv,unavailable_in_frozen_csv,unavailable_in_frozen_csv,True,unavailable_in_frozen_csv,11,exact_final_tree_family_counts
IndiansDiabetes-bin,9,7,cals_compact_explain,square2cnf_interaction,unavailable_in_frozen_csv,unary,unavailable_in_frozen_csv,unavailable_in_frozen_csv,unavailable_in_frozen_csv,True,unavailable_in_frozen_csv,1,exact_final_tree_family_counts
Statlog_satellite-bin,0,5,cals,square2cnf_interaction,unavailable_in_frozen_csv,horn,unavailable_in_frozen_csv,unavailable_in_frozen_csv,unavailable_in_frozen_csv,True,unavailable_in_frozen_csv,6,exact_final_tree_family_counts
Statlog_satellite-bin,0,5,cals,square2cnf_interaction,unavailable_in_frozen_csv,unary,unavailable_in_frozen_csv,unavailable_in_frozen_csv,unavailable_in_frozen_csv,True,unavailable_in_frozen_csv,4,exact_final_tree_family_counts
Statlog_satellite-bin,0,5,cals_compact_explain,square2cnf_interaction,unavailable_in_frozen_csv,horn,unavailable_in_frozen_csv,unavailable_in_frozen_csv,unavailable_in_frozen_csv,True,unavailable_in_frozen_csv,3,exact_final_tree_family_counts
Statlog_satellite-bin,0,5,cals_compact_explain,square2cnf_interaction,unavailable_in_frozen_csv,unary,unavailable_in_frozen_csv,unavailable_in_frozen_csv,unavailable_in_frozen_csv,True,unavailable_in_frozen_csv,2,exact_final_tree_family_counts
Statlog_satellite-bin,0,7,cals,square2cnf_interaction,unavailable_in_frozen_csv,horn,unavailable_in_frozen_csv,unavailable_in_frozen_csv,unavailable_in_frozen_csv,True,unavailable_in_frozen_csv,10,exact_final_tree_family_counts
Statlog_satellite-bin,0,7,cals,square2cnf_interaction,unavailable_in_frozen_csv,unary,unavailable_in_frozen_csv,unavailable_in_frozen_csv,unavailable_in_frozen_csv,True,unavailable_in_frozen_csv,4,exact_final_tree_family_counts
Statlog_satellite-bin,0,7,cals_compact_explain,square2cnf_interaction,unavailable_in_frozen_csv,horn,unavailable_in_frozen_csv,unavailable_in_frozen_csv,unavailable_in_frozen_csv,True,unavailable_in_frozen_csv,7,exact_final_tree_family_counts
Statlog_satellite-bin,0,7,cals_compact_explain,square2cnf_interaction,unavailable_in_frozen_csv,unary,unavailable_in_frozen_csv,unavailable_in_frozen_csv,unavailable_in_frozen_csv,True,unavailable_in_frozen_csv,3,exact_final_tree_family_counts
Statlog_satellite-bin,1,5,cals,square2cnf_interaction,unavailable_in_frozen_csv,antihorn,unavailable_in_frozen_csv,unavailable_in_frozen_csv,unavailable_in_frozen_csv,True,unavailable_in_frozen_csv,6,exact_final_tree_family_counts
Statlog_satellite-bin,1,5,cals,square2cnf_interaction,unavailable_in_frozen_csv,unary,unavailable_in_frozen_csv,unavailable_in_frozen_csv,unavailable_in_frozen_csv,True,unavailable_in_frozen_csv,3,exact_final_tree_family_counts
Statlog_satellite-bin,1,5,cals_compact_explain,square2cnf_interaction,unavailable_in_frozen_csv,antihorn,unavailable_in_frozen_csv,unavailable_in_frozen_csv,unavailable_in_frozen_csv,True,unavailable_in_frozen_csv,5,exact_final_tree_family_counts
Statlog_satellite-bin,1,5,cals_compact_explain,square2cnf_interaction,unavailable_in_frozen_csv,unary,unavailable_in_frozen_csv,unavailable_in_frozen_csv,unavailable_in_frozen_csv,True,unavailable_in_frozen_csv,2,exact_final_tree_family_counts
Statlog_satellite-bin,1,7,cals,square2cnf_interaction,unavailable_in_frozen_csv,antihorn,unavailable_in_frozen_csv,unavailable_in_frozen_csv,unavailable_in_frozen_csv,True,unavailable_in_frozen_csv,7,exact_final_tree_family_counts
Statlog_satellite-bin,1,7,cals,square2cnf_interaction,unavailable_in_frozen_csv,unary,unavailable_in_frozen_csv,unavailable_in_frozen_csv,unavailable_in_frozen_csv,True,unavailable_in_frozen_csv,3,exact_final_tree_family_counts
Statlog_satellite-bin,1,7,cals_compact_explain,square2cnf_interaction,unavailable_in_frozen_csv,antihorn,unavailable_in_frozen_csv,unavailable_in_frozen_csv,unavailable_in_frozen_csv,True,unavailable_in_frozen_csv,6,exact_final_tree_family_counts
Statlog_satellite-bin,1,7,cals_compact_explain,square2cnf_interaction,unavailable_in_frozen_csv,unary,unavailable_in_frozen_csv,unavailable_in_frozen_csv,unavailable_in_frozen_csv,True,unavailable_in_frozen_csv,3,exact_final_tree_family_counts
Statlog_satellite-bin,2,5,cals,square2cnf_interaction,unavailable_in_frozen_csv,horn,unavailable_in_frozen_csv,unavailable_in_frozen_csv,unavailable_in_frozen_csv,True,unavailable_in_frozen_csv,6,exact_final_tree_family_counts
Statlog_satellite-bin,2,5,cals,square2cnf_interaction,unavailable_in_frozen_csv,unary,unavailable_in_frozen_csv,unavailable_in_frozen_csv,unavailable_in_frozen_csv,True,unavailable_in_frozen_csv,5,exact_final_tree_family_counts
Statlog_satellite-bin,2,5,cals_compact_explain,square2cnf_interaction,unavailable_in_frozen_csv,horn,unavailable_in_frozen_csv,unavailable_in_frozen_csv,unavailable_in_frozen_csv,True,unavailable_in_frozen_csv,4,exact_final_tree_family_counts
Statlog_satellite-bin,2,5,cals_compact_explain,square2cnf_interaction,unavailable_in_frozen_csv,unary,unavailable_in_frozen_csv,unavailable_in_frozen_csv,unavailable_in_frozen_csv,True,unavailable_in_frozen_csv,6,exact_final_tree_family_counts
Statlog_satellite-bin,2,7,cals,square2cnf_interaction,unavailable_in_frozen_csv,horn,unavailable_in_frozen_csv,unavailable_in_frozen_csv,unavailable_in_frozen_csv,True,unavailable_in_frozen_csv,9,exact_final_tree_family_counts
Statlog_satellite-bin,2,7,cals,square2cnf_interaction,unavailable_in_frozen_csv,unary,unavailable_in_frozen_csv,unavailable_in_frozen_csv,unavailable_in_frozen_csv,True,unavailable_in_frozen_csv,5,exact_final_tree_family_counts
Statlog_satellite-bin,2,7,cals_compact_explain,square2cnf_interaction,unavailable_in_frozen_csv,horn,unavailable_in_frozen_csv,unavailable_in_frozen_csv,unavailable_in_frozen_csv,True,unavailable_in_frozen_csv,7,exact_final_tree_family_counts
Statlog_satellite-bin,2,7,cals_compact_explain,square2cnf_interaction,unavailable_in_frozen_csv,unary,unavailable_in_frozen_csv,unavailable_in_frozen_csv,unavailable_in_frozen_csv,True,unavailable_in_frozen_csv,9,exact_final_tree_family_counts
Statlog_satellite-bin,3,5,cals,square2cnf_interaction,unavailable_in_frozen_csv,horn,unavailable_in_frozen_csv,unavailable_in_frozen_csv,unavailable_in_frozen_csv,True,unavailable_in_frozen_csv,3,exact_final_tree_family_counts
Statlog_satellite-bin,3,5,cals,square2cnf_interaction,unavailable_in_frozen_csv,unary,unavailable_in_frozen_csv,unavailable_in_frozen_csv,unavailable_in_frozen_csv,True,unavailable_in_frozen_csv,2,exact_final_tree_family_counts
Statlog_satellite-bin,3,5,cals_compact_explain,square2cnf_interaction,unavailable_in_frozen_csv,horn,unavailable_in_frozen_csv,unavailable_in_frozen_csv,unavailable_in_frozen_csv,True,unavailable_in_frozen_csv,3,exact_final_tree_family_counts
Statlog_satellite-bin,3,5,cals_compact_explain,square2cnf_interaction,unavailable_in_frozen_csv,unary,unavailable_in_frozen_csv,unavailable_in_frozen_csv,unavailable_in_frozen_csv,True,unavailable_in_frozen_csv,2,exact_final_tree_family_counts
Statlog_satellite-bin,3,7,cals,square2cnf_interaction,unavailable_in_frozen_csv,horn,unavailable_in_frozen_csv,unavailable_in_frozen_csv,unavailable_in_frozen_csv,True,unavailable_in_frozen_csv,7,exact_final_tree_family_counts
Statlog_satellite-bin,3,7,cals,square2cnf_interaction,unavailable_in_frozen_csv,unary,unavailable_in_frozen_csv,unavailable_in_frozen_csv,unavailable_in_frozen_csv,True,unavailable_in_frozen_csv,2,exact_final_tree_family_counts
Statlog_satellite-bin,3,7,cals_compact_explain,square2cnf_interaction,unavailable_in_frozen_csv,horn,unavailable_in_frozen_csv,unavailable_in_frozen_csv,unavailable_in_frozen_csv,True,unavailable_in_frozen_csv,7,exact_final_tree_family_counts
Statlog_satellite-bin,3,7,cals_compact_explain,square2cnf_interaction,unavailable_in_frozen_csv,unary,unavailable_in_frozen_csv,unavailable_in_frozen_csv,unavailable_in_frozen_csv,True,unavailable_in_frozen_csv,2,exact_final_tree_family_counts
Statlog_satellite-bin,4,5,cals,square2cnf_interaction,unavailable_in_frozen_csv,horn,unavailable_in_frozen_csv,unavailable_in_frozen_csv,unavailable_in_frozen_csv,True,unavailable_in_frozen_csv,8,exact_final_tree_family_counts
Statlog_satellite-bin,4,5,cals,square2cnf_interaction,unavailable_in_frozen_csv,unary,unavailable_in_frozen_csv,unavailable_in_frozen_csv,unavailable_in_frozen_csv,True,unavailable_in_frozen_csv,4,exact_final_tree_family_counts
Statlog_satellite-bin,4,5,cals_compact_explain,square2cnf_interaction,unavailable_in_frozen_csv,horn,unavailable_in_frozen_csv,unavailable_in_frozen_csv,unavailable_in_frozen_csv,True,unavailable_in_frozen_csv,8,exact_final_tree_family_counts
Statlog_satellite-bin,4,5,cals_compact_explain,square2cnf_interaction,unavailable_in_frozen_csv,unary,unavailable_in_frozen_csv,unavailable_in_frozen_csv,unavailable_in_frozen_csv,True,unavailable_in_frozen_csv,7,exact_final_tree_family_counts
Statlog_satellite-bin,4,7,cals,square2cnf_interaction,unavailable_in_frozen_csv,horn,unavailable_in_frozen_csv,unavailable_in_frozen_csv,unavailable_in_frozen_csv,True,unavailable_in_frozen_csv,10,exact_final_tree_family_counts
Statlog_satellite-bin,4,7,cals,square2cnf_interaction,unavailable_in_frozen_csv,unary,unavailable_in_frozen_csv,unavailable_in_frozen_csv,unavailable_in_frozen_csv,True,unavailable_in_frozen_csv,5,exact_final_tree_family_counts
Statlog_satellite-bin,4,7,cals_compact_explain,square2cnf_interaction,unavailable_in_frozen_csv,horn,unavailable_in_frozen_csv,unavailable_in_frozen_csv,unavailable_in_frozen_csv,True,unavailable_in_frozen_csv,14,exact_final_tree_family_counts
Statlog_satellite-bin,4,7,cals_compact_explain,square2cnf_interaction,unavailable_in_frozen_csv,unary,unavailable_in_frozen_csv,unavailable_in_frozen_csv,unavailable_in_frozen_csv,True,unavailable_in_frozen_csv,9,exact_final_tree_family_counts
Statlog_satellite-bin,5,5,cals,square2cnf_interaction,unavailable_in_frozen_csv,antihorn,unavailable_in_frozen_csv,unavailable_in_frozen_csv,unavailable_in_frozen_csv,True,unavailable_in_frozen_csv,7,exact_final_tree_family_counts
Statlog_satellite-bin,5,5,cals,square2cnf_interaction,unavailable_in_frozen_csv,square2cnf,unavailable_in_frozen_csv,unavailable_in_frozen_csv,unavailable_in_frozen_csv,True,unavailable_in_frozen_csv,2,exact_final_tree_family_counts
Statlog_satellite-bin,5,5,cals,square2cnf_interaction,unavailable_in_frozen_csv,unary,unavailable_in_frozen_csv,unavailable_in_frozen_csv,unavailable_in_frozen_csv,True,unavailable_in_frozen_csv,2,exact_final_tree_family_counts
Statlog_satellite-bin,5,5,cals_compact_explain,square2cnf_interaction,unavailable_in_frozen_csv,antihorn,unavailable_in_frozen_csv,unavailable_in_frozen_csv,unavailable_in_frozen_csv,True,unavailable_in_frozen_csv,7,exact_final_tree_family_counts
Statlog_satellite-bin,5,5,cals_compact_explain,square2cnf_interaction,unavailable_in_frozen_csv,square2cnf,unavailable_in_frozen_csv,unavailable_in_frozen_csv,unavailable_in_frozen_csv,True,unavailable_in_frozen_csv,1,exact_final_tree_family_counts
Statlog_satellite-bin,5,5,cals_compact_explain,square2cnf_interaction,unavailable_in_frozen_csv,unary,unavailable_in_frozen_csv,unavailable_in_frozen_csv,unavailable_in_frozen_csv,True,unavailable_in_frozen_csv,2,exact_final_tree_family_counts
Statlog_satellite-bin,5,7,cals,square2cnf_interaction,unavailable_in_frozen_csv,antihorn,unavailable_in_frozen_csv,unavailable_in_frozen_csv,unavailable_in_frozen_csv,True,unavailable_in_frozen_csv,9,exact_final_tree_family_counts
Statlog_satellite-bin,5,7,cals,square2cnf_interaction,unavailable_in_frozen_csv,square2cnf,unavailable_in_frozen_csv,unavailable_in_frozen_csv,unavailable_in_frozen_csv,True,unavailable_in_frozen_csv,2,exact_final_tree_family_counts
Statlog_satellite-bin,5,7,cals,square2cnf_interaction,unavailable_in_frozen_csv,unary,unavailable_in_frozen_csv,unavailable_in_frozen_csv,unavailable_in_frozen_csv,True,unavailable_in_frozen_csv,2,exact_final_tree_family_counts
Statlog_satellite-bin,5,7,cals_compact_explain,square2cnf_interaction,unavailable_in_frozen_csv,antihorn,unavailable_in_frozen_csv,unavailable_in_frozen_csv,unavailable_in_frozen_csv,True,unavailable_in_frozen_csv,10,exact_final_tree_family_counts
Statlog_satellite-bin,5,7,cals_compact_explain,square2cnf_interaction,unavailable_in_frozen_csv,square2cnf,unavailable_in_frozen_csv,unavailable_in_frozen_csv,unavailable_in_frozen_csv,True,unavailable_in_frozen_csv,1,exact_final_tree_family_counts
Statlog_satellite-bin,5,7,cals_compact_explain,square2cnf_interaction,unavailable_in_frozen_csv,unary,unavailable_in_frozen_csv,unavailable_in_frozen_csv,unavailable_in_frozen_csv,True,unavailable_in_frozen_csv,4,exact_final_tree_family_counts
Statlog_satellite-bin,6,5,cals,square2cnf_interaction,unavailable_in_frozen_csv,antihorn,unavailable_in_frozen_csv,unavailable_in_frozen_csv,unavailable_in_frozen_csv,True,unavailable_in_frozen_csv,8,exact_final_tree_family_counts
Statlog_satellite-bin,6,5,cals,square2cnf_interaction,unavailable_in_frozen_csv,unary,unavailable_in_frozen_csv,unavailable_in_frozen_csv,unavailable_in_frozen_csv,True,unavailable_in_frozen_csv,3,exact_final_tree_family_counts
Statlog_satellite-bin,6,5,cals_compact_explain,square2cnf_interaction,unavailable_in_frozen_csv,antihorn,unavailable_in_frozen_csv,unavailable_in_frozen_csv,unavailable_in_frozen_csv,True,unavailable_in_frozen_csv,7,exact_final_tree_family_counts
Statlog_satellite-bin,6,5,cals_compact_explain,square2cnf_interaction,unavailable_in_frozen_csv,unary,unavailable_in_frozen_csv,unavailable_in_frozen_csv,unavailable_in_frozen_csv,True,unavailable_in_frozen_csv,2,exact_final_tree_family_counts
Statlog_satellite-bin,6,7,cals,square2cnf_interaction,unavailable_in_frozen_csv,antihorn,unavailable_in_frozen_csv,unavailable_in_frozen_csv,unavailable_in_frozen_csv,True,unavailable_in_frozen_csv,13,exact_final_tree_family_counts
Statlog_satellite-bin,6,7,cals,square2cnf_interaction,unavailable_in_frozen_csv,unary,unavailable_in_frozen_csv,unavailable_in_frozen_csv,unavailable_in_frozen_csv,True,unavailable_in_frozen_csv,6,exact_final_tree_family_counts
Statlog_satellite-bin,6,7,cals_compact_explain,square2cnf_interaction,unavailable_in_frozen_csv,antihorn,unavailable_in_frozen_csv,unavailable_in_frozen_csv,unavailable_in_frozen_csv,True,unavailable_in_frozen_csv,12,exact_final_tree_family_counts
Statlog_satellite-bin,6,7,cals_compact_explain,square2cnf_interaction,unavailable_in_frozen_csv,unary,unavailable_in_frozen_csv,unavailable_in_frozen_csv,unavailable_in_frozen_csv,True,unavailable_in_frozen_csv,8,exact_final_tree_family_counts
Statlog_satellite-bin,7,5,cals,square2cnf_interaction,unavailable_in_frozen_csv,horn,unavailable_in_frozen_csv,unavailable_in_frozen_csv,unavailable_in_frozen_csv,True,unavailable_in_frozen_csv,1,exact_final_tree_family_counts
Statlog_satellite-bin,7,5,cals,square2cnf_interaction,unavailable_in_frozen_csv,square2cnf,unavailable_in_frozen_csv,unavailable_in_frozen_csv,unavailable_in_frozen_csv,True,unavailable_in_frozen_csv,8,exact_final_tree_family_counts
Statlog_satellite-bin,7,5,cals,square2cnf_interaction,unavailable_in_frozen_csv,unary,unavailable_in_frozen_csv,unavailable_in_frozen_csv,unavailable_in_frozen_csv,True,unavailable_in_frozen_csv,2,exact_final_tree_family_counts
Statlog_satellite-bin,7,5,cals_compact_explain,square2cnf_interaction,unavailable_in_frozen_csv,square2cnf,unavailable_in_frozen_csv,unavailable_in_frozen_csv,unavailable_in_frozen_csv,True,unavailable_in_frozen_csv,8,exact_final_tree_family_counts
Statlog_satellite-bin,7,5,cals_compact_explain,square2cnf_interaction,unavailable_in_frozen_csv,unary,unavailable_in_frozen_csv,unavailable_in_frozen_csv,unavailable_in_frozen_csv,True,unavailable_in_frozen_csv,1,exact_final_tree_family_counts
Statlog_satellite-bin,7,7,cals,square2cnf_interaction,unavailable_in_frozen_csv,horn,unavailable_in_frozen_csv,unavailable_in_frozen_csv,unavailable_in_frozen_csv,True,unavailable_in_frozen_csv,1,exact_final_tree_family_counts
Statlog_satellite-bin,7,7,cals,square2cnf_interaction,unavailable_in_frozen_csv,square2cnf,unavailable_in_frozen_csv,unavailable_in_frozen_csv,unavailable_in_frozen_csv,True,unavailable_in_frozen_csv,13,exact_final_tree_family_counts
Statlog_satellite-bin,7,7,cals,square2cnf_interaction,unavailable_in_frozen_csv,unary,unavailable_in_frozen_csv,unavailable_in_frozen_csv,unavailable_in_frozen_csv,True,unavailable_in_frozen_csv,4,exact_final_tree_family_counts
Statlog_satellite-bin,7,7,cals_compact_explain,square2cnf_interaction,unavailable_in_frozen_csv,square2cnf,unavailable_in_frozen_csv,unavailable_in_frozen_csv,unavailable_in_frozen_csv,True,unavailable_in_frozen_csv,10,exact_final_tree_family_counts
Statlog_satellite-bin,7,7,cals_compact_explain,square2cnf_interaction,unavailable_in_frozen_csv,unary,unavailable_in_frozen_csv,unavailable_in_frozen_csv,unavailable_in_frozen_csv,True,unavailable_in_frozen_csv,1,exact_final_tree_family_counts
Statlog_satellite-bin,8,5,cals,square2cnf_interaction,unavailable_in_frozen_csv,antihorn,unavailable_in_frozen_csv,unavailable_in_frozen_csv,unavailable_in_frozen_csv,True,unavailable_in_frozen_csv,7,exact_final_tree_family_counts
Statlog_satellite-bin,8,5,cals,square2cnf_interaction,unavailable_in_frozen_csv,horn,unavailable_in_frozen_csv,unavailable_in_frozen_csv,unavailable_in_frozen_csv,True,unavailable_in_frozen_csv,2,exact_final_tree_family_counts
Statlog_satellite-bin,8,5,cals,square2cnf_interaction,unavailable_in_frozen_csv,unary,unavailable_in_frozen_csv,unavailable_in_frozen_csv,unavailable_in_frozen_csv,True,unavailable_in_frozen_csv,1,exact_final_tree_family_counts
Statlog_satellite-bin,8,5,cals_compact_explain,square2cnf_interaction,unavailable_in_frozen_csv,antihorn,unavailable_in_frozen_csv,unavailable_in_frozen_csv,unavailable_in_frozen_csv,True,unavailable_in_frozen_csv,7,exact_final_tree_family_counts
Statlog_satellite-bin,8,5,cals_compact_explain,square2cnf_interaction,unavailable_in_frozen_csv,horn,unavailable_in_frozen_csv,unavailable_in_frozen_csv,unavailable_in_frozen_csv,True,unavailable_in_frozen_csv,2,exact_final_tree_family_counts
Statlog_satellite-bin,8,5,cals_compact_explain,square2cnf_interaction,unavailable_in_frozen_csv,unary,unavailable_in_frozen_csv,unavailable_in_frozen_csv,unavailable_in_frozen_csv,True,unavailable_in_frozen_csv,4,exact_final_tree_family_counts
Statlog_satellite-bin,8,7,cals,square2cnf_interaction,unavailable_in_frozen_csv,antihorn,unavailable_in_frozen_csv,unavailable_in_frozen_csv,unavailable_in_frozen_csv,True,unavailable_in_frozen_csv,8,exact_final_tree_family_counts
Statlog_satellite-bin,8,7,cals,square2cnf_interaction,unavailable_in_frozen_csv,horn,unavailable_in_frozen_csv,unavailable_in_frozen_csv,unavailable_in_frozen_csv,True,unavailable_in_frozen_csv,2,exact_final_tree_family_counts
Statlog_satellite-bin,8,7,cals,square2cnf_interaction,unavailable_in_frozen_csv,unary,unavailable_in_frozen_csv,unavailable_in_frozen_csv,unavailable_in_frozen_csv,True,unavailable_in_frozen_csv,2,exact_final_tree_family_counts
Statlog_satellite-bin,8,7,cals_compact_explain,square2cnf_interaction,unavailable_in_frozen_csv,antihorn,unavailable_in_frozen_csv,unavailable_in_frozen_csv,unavailable_in_frozen_csv,True,unavailable_in_frozen_csv,10,exact_final_tree_family_counts
Statlog_satellite-bin,8,7,cals_compact_explain,square2cnf_interaction,unavailable_in_frozen_csv,horn,unavailable_in_frozen_csv,unavailable_in_frozen_csv,unavailable_in_frozen_csv,True,unavailable_in_frozen_csv,2,exact_final_tree_family_counts
Statlog_satellite-bin,8,7,cals_compact_explain,square2cnf_interaction,unavailable_in_frozen_csv,unary,unavailable_in_frozen_csv,unavailable_in_frozen_csv,unavailable_in_frozen_csv,True,unavailable_in_frozen_csv,6,exact_final_tree_family_counts
Statlog_satellite-bin,9,5,cals,square2cnf_interaction,unavailable_in_frozen_csv,horn,unavailable_in_frozen_csv,unavailable_in_frozen_csv,unavailable_in_frozen_csv,True,unavailable_in_frozen_csv,5,exact_final_tree_family_counts
Statlog_satellite-bin,9,5,cals,square2cnf_interaction,unavailable_in_frozen_csv,unary,unavailable_in_frozen_csv,unavailable_in_frozen_csv,unavailable_in_frozen_csv,True,unavailable_in_frozen_csv,3,exact_final_tree_family_counts
Statlog_satellite-bin,9,5,cals_compact_explain,square2cnf_interaction,unavailable_in_frozen_csv,horn,unavailable_in_frozen_csv,unavailable_in_frozen_csv,unavailable_in_frozen_csv,True,unavailable_in_frozen_csv,3,exact_final_tree_family_counts
Statlog_satellite-bin,9,5,cals_compact_explain,square2cnf_interaction,unavailable_in_frozen_csv,unary,unavailable_in_frozen_csv,unavailable_in_frozen_csv,unavailable_in_frozen_csv,True,unavailable_in_frozen_csv,3,exact_final_tree_family_counts
Statlog_satellite-bin,9,7,cals,square2cnf_interaction,unavailable_in_frozen_csv,horn,unavailable_in_frozen_csv,unavailable_in_frozen_csv,unavailable_in_frozen_csv,True,unavailable_in_frozen_csv,6,exact_final_tree_family_counts
Statlog_satellite-bin,9,7,cals,square2cnf_interaction,unavailable_in_frozen_csv,unary,unavailable_in_frozen_csv,unavailable_in_frozen_csv,unavailable_in_frozen_csv,True,unavailable_in_frozen_csv,3,exact_final_tree_family_counts
Statlog_satellite-bin,9,7,cals_compact_explain,square2cnf_interaction,unavailable_in_frozen_csv,horn,unavailable_in_frozen_csv,unavailable_in_frozen_csv,unavailable_in_frozen_csv,True,unavailable_in_frozen_csv,5,exact_final_tree_family_counts
Statlog_satellite-bin,9,7,cals_compact_explain,square2cnf_interaction,unavailable_in_frozen_csv,unary,unavailable_in_frozen_csv,unavailable_in_frozen_csv,unavailable_in_frozen_csv,True,unavailable_in_frozen_csv,4,exact_final_tree_family_counts
adult_discretized,0,5,cals,antihorn_interaction,unavailable_in_frozen_csv,antihorn,unavailable_in_frozen_csv,unavailable_in_frozen_csv,unavailable_in_frozen_csv,True,unavailable_in_frozen_csv,8,exact_final_tree_family_counts
adult_discretized,0,5,cals_compact_explain,antihorn_interaction,unavailable_in_frozen_csv,antihorn,unavailable_in_frozen_csv,unavailable_in_frozen_csv,unavailable_in_frozen_csv,True,unavailable_in_frozen_csv,4,exact_final_tree_family_counts
adult_discretized,0,7,cals,antihorn_interaction,unavailable_in_frozen_csv,antihorn,unavailable_in_frozen_csv,unavailable_in_frozen_csv,unavailable_in_frozen_csv,True,unavailable_in_frozen_csv,13,exact_final_tree_family_counts
adult_discretized,0,7,cals_compact_explain,antihorn_interaction,unavailable_in_frozen_csv,antihorn,unavailable_in_frozen_csv,unavailable_in_frozen_csv,unavailable_in_frozen_csv,True,unavailable_in_frozen_csv,4,exact_final_tree_family_counts
adult_discretized,1,5,cals,antihorn_interaction,unavailable_in_frozen_csv,horn,unavailable_in_frozen_csv,unavailable_in_frozen_csv,unavailable_in_frozen_csv,True,unavailable_in_frozen_csv,6,exact_final_tree_family_counts
adult_discretized,1,5,cals,antihorn_interaction,unavailable_in_frozen_csv,unary,unavailable_in_frozen_csv,unavailable_in_frozen_csv,unavailable_in_frozen_csv,True,unavailable_in_frozen_csv,5,exact_final_tree_family_counts
adult_discretized,1,5,cals_compact_explain,antihorn_interaction,unavailable_in_frozen_csv,horn,unavailable_in_frozen_csv,unavailable_in_frozen_csv,unavailable_in_frozen_csv,True,unavailable_in_frozen_csv,4,exact_final_tree_family_counts
adult_discretized,1,5,cals_compact_explain,antihorn_interaction,unavailable_in_frozen_csv,unary,unavailable_in_frozen_csv,unavailable_in_frozen_csv,unavailable_in_frozen_csv,True,unavailable_in_frozen_csv,1,exact_final_tree_family_counts
adult_discretized,1,7,cals,antihorn_interaction,unavailable_in_frozen_csv,horn,unavailable_in_frozen_csv,unavailable_in_frozen_csv,unavailable_in_frozen_csv,True,unavailable_in_frozen_csv,12,exact_final_tree_family_counts
adult_discretized,1,7,cals,antihorn_interaction,unavailable_in_frozen_csv,unary,unavailable_in_frozen_csv,unavailable_in_frozen_csv,unavailable_in_frozen_csv,True,unavailable_in_frozen_csv,10,exact_final_tree_family_counts
adult_discretized,1,7,cals_compact_explain,antihorn_interaction,unavailable_in_frozen_csv,horn,unavailable_in_frozen_csv,unavailable_in_frozen_csv,unavailable_in_frozen_csv,True,unavailable_in_frozen_csv,5,exact_final_tree_family_counts
adult_discretized,1,7,cals_compact_explain,antihorn_interaction,unavailable_in_frozen_csv,unary,unavailable_in_frozen_csv,unavailable_in_frozen_csv,unavailable_in_frozen_csv,True,unavailable_in_frozen_csv,3,exact_final_tree_family_counts
adult_discretized,2,5,cals,antihorn_interaction,unavailable_in_frozen_csv,antihorn,unavailable_in_frozen_csv,unavailable_in_frozen_csv,unavailable_in_frozen_csv,True,unavailable_in_frozen_csv,10,exact_final_tree_family_counts
adult_discretized,2,5,cals_compact_explain,antihorn_interaction,unavailable_in_frozen_csv,antihorn,unavailable_in_frozen_csv,unavailable_in_frozen_csv,unavailable_in_frozen_csv,True,unavailable_in_frozen_csv,3,exact_final_tree_family_counts
adult_discretized,2,5,cals_compact_explain,antihorn_interaction,unavailable_in_frozen_csv,unary,unavailable_in_frozen_csv,unavailable_in_frozen_csv,unavailable_in_frozen_csv,True,unavailable_in_frozen_csv,1,exact_final_tree_family_counts
adult_discretized,2,7,cals,antihorn_interaction,unavailable_in_frozen_csv,antihorn,unavailable_in_frozen_csv,unavailable_in_frozen_csv,unavailable_in_frozen_csv,True,unavailable_in_frozen_csv,21,exact_final_tree_family_counts
adult_discretized,2,7,cals,antihorn_interaction,unavailable_in_frozen_csv,unary,unavailable_in_frozen_csv,unavailable_in_frozen_csv,unavailable_in_frozen_csv,True,unavailable_in_frozen_csv,3,exact_final_tree_family_counts
adult_discretized,2,7,cals_compact_explain,antihorn_interaction,unavailable_in_frozen_csv,antihorn,unavailable_in_frozen_csv,unavailable_in_frozen_csv,unavailable_in_frozen_csv,True,unavailable_in_frozen_csv,3,exact_final_tree_family_counts
adult_discretized,2,7,cals_compact_explain,antihorn_interaction,unavailable_in_frozen_csv,unary,unavailable_in_frozen_csv,unavailable_in_frozen_csv,unavailable_in_frozen_csv,True,unavailable_in_frozen_csv,1,exact_final_tree_family_counts
adult_discretized,3,5,cals,antihorn_interaction,unavailable_in_frozen_csv,antihorn,unavailable_in_frozen_csv,unavailable_in_frozen_csv,unavailable_in_frozen_csv,True,unavailable_in_frozen_csv,9,exact_final_tree_family_counts
adult_discretized,3,5,cals_compact_explain,antihorn_interaction,unavailable_in_frozen_csv,antihorn,unavailable_in_frozen_csv,unavailable_in_frozen_csv,unavailable_in_frozen_csv,True,unavailable_in_frozen_csv,4,exact_final_tree_family_counts
adult_discretized,3,7,cals,antihorn_interaction,unavailable_in_frozen_csv,antihorn,unavailable_in_frozen_csv,unavailable_in_frozen_csv,unavailable_in_frozen_csv,True,unavailable_in_frozen_csv,18,exact_final_tree_family_counts
adult_discretized,3,7,cals,antihorn_interaction,unavailable_in_frozen_csv,unary,unavailable_in_frozen_csv,unavailable_in_frozen_csv,unavailable_in_frozen_csv,True,unavailable_in_frozen_csv,1,exact_final_tree_family_counts
adult_discretized,3,7,cals_compact_explain,antihorn_interaction,unavailable_in_frozen_csv,antihorn,unavailable_in_frozen_csv,unavailable_in_frozen_csv,unavailable_in_frozen_csv,True,unavailable_in_frozen_csv,4,exact_final_tree_family_counts
adult_discretized,4,5,cals,antihorn_interaction,unavailable_in_frozen_csv,antihorn,unavailable_in_frozen_csv,unavailable_in_frozen_csv,unavailable_in_frozen_csv,True,unavailable_in_frozen_csv,8,exact_final_tree_family_counts
adult_discretized,4,5,cals,antihorn_interaction,unavailable_in_frozen_csv,unary,unavailable_in_frozen_csv,unavailable_in_frozen_csv,unavailable_in_frozen_csv,True,unavailable_in_frozen_csv,1,exact_final_tree_family_counts
adult_discretized,4,5,cals_compact_explain,antihorn_interaction,unavailable_in_frozen_csv,antihorn,unavailable_in_frozen_csv,unavailable_in_frozen_csv,unavailable_in_frozen_csv,True,unavailable_in_frozen_csv,5,exact_final_tree_family_counts
adult_discretized,4,5,cals_compact_explain,antihorn_interaction,unavailable_in_frozen_csv,unary,unavailable_in_frozen_csv,unavailable_in_frozen_csv,unavailable_in_frozen_csv,True,unavailable_in_frozen_csv,1,exact_final_tree_family_counts
adult_discretized,4,7,cals,antihorn_interaction,unavailable_in_frozen_csv,antihorn,unavailable_in_frozen_csv,unavailable_in_frozen_csv,unavailable_in_frozen_csv,True,unavailable_in_frozen_csv,20,exact_final_tree_family_counts
adult_discretized,4,7,cals,antihorn_interaction,unavailable_in_frozen_csv,unary,unavailable_in_frozen_csv,unavailable_in_frozen_csv,unavailable_in_frozen_csv,True,unavailable_in_frozen_csv,2,exact_final_tree_family_counts
adult_discretized,4,7,cals_compact_explain,antihorn_interaction,unavailable_in_frozen_csv,antihorn,unavailable_in_frozen_csv,unavailable_in_frozen_csv,unavailable_in_frozen_csv,True,unavailable_in_frozen_csv,8,exact_final_tree_family_counts
adult_discretized,4,7,cals_compact_explain,antihorn_interaction,unavailable_in_frozen_csv,unary,unavailable_in_frozen_csv,unavailable_in_frozen_csv,unavailable_in_frozen_csv,True,unavailable_in_frozen_csv,1,exact_final_tree_family_counts
adult_discretized,5,5,cals,antihorn_interaction,unavailable_in_frozen_csv,antihorn,unavailable_in_frozen_csv,unavailable_in_frozen_csv,unavailable_in_frozen_csv,True,unavailable_in_frozen_csv,9,exact_final_tree_family_counts
adult_discretized,5,5,cals,antihorn_interaction,unavailable_in_frozen_csv,unary,unavailable_in_frozen_csv,unavailable_in_frozen_csv,unavailable_in_frozen_csv,True,unavailable_in_frozen_csv,4,exact_final_tree_family_counts
adult_discretized,5,5,cals_compact_explain,antihorn_interaction,unavailable_in_frozen_csv,antihorn,unavailable_in_frozen_csv,unavailable_in_frozen_csv,unavailable_in_frozen_csv,True,unavailable_in_frozen_csv,2,exact_final_tree_family_counts
adult_discretized,5,5,cals_compact_explain,antihorn_interaction,unavailable_in_frozen_csv,unary,unavailable_in_frozen_csv,unavailable_in_frozen_csv,unavailable_in_frozen_csv,True,unavailable_in_frozen_csv,1,exact_final_tree_family_counts
adult_discretized,5,7,cals,antihorn_interaction,unavailable_in_frozen_csv,antihorn,unavailable_in_frozen_csv,unavailable_in_frozen_csv,unavailable_in_frozen_csv,True,unavailable_in_frozen_csv,20,exact_final_tree_family_counts
adult_discretized,5,7,cals,antihorn_interaction,unavailable_in_frozen_csv,unary,unavailable_in_frozen_csv,unavailable_in_frozen_csv,unavailable_in_frozen_csv,True,unavailable_in_frozen_csv,6,exact_final_tree_family_counts
adult_discretized,5,7,cals_compact_explain,antihorn_interaction,unavailable_in_frozen_csv,antihorn,unavailable_in_frozen_csv,unavailable_in_frozen_csv,unavailable_in_frozen_csv,True,unavailable_in_frozen_csv,4,exact_final_tree_family_counts
adult_discretized,5,7,cals_compact_explain,antihorn_interaction,unavailable_in_frozen_csv,unary,unavailable_in_frozen_csv,unavailable_in_frozen_csv,unavailable_in_frozen_csv,True,unavailable_in_frozen_csv,2,exact_final_tree_family_counts
adult_discretized,6,5,cals,antihorn_interaction,unavailable_in_frozen_csv,antihorn,unavailable_in_frozen_csv,unavailable_in_frozen_csv,unavailable_in_frozen_csv,True,unavailable_in_frozen_csv,8,exact_final_tree_family_counts
adult_discretized,6,5,cals_compact_explain,antihorn_interaction,unavailable_in_frozen_csv,antihorn,unavailable_in_frozen_csv,unavailable_in_frozen_csv,unavailable_in_frozen_csv,True,unavailable_in_frozen_csv,4,exact_final_tree_family_counts
adult_discretized,6,7,cals,antihorn_interaction,unavailable_in_frozen_csv,antihorn,unavailable_in_frozen_csv,unavailable_in_frozen_csv,unavailable_in_frozen_csv,True,unavailable_in_frozen_csv,16,exact_final_tree_family_counts
adult_discretized,6,7,cals_compact_explain,antihorn_interaction,unavailable_in_frozen_csv,antihorn,unavailable_in_frozen_csv,unavailable_in_frozen_csv,unavailable_in_frozen_csv,True,unavailable_in_frozen_csv,4,exact_final_tree_family_counts
adult_discretized,7,5,cals,antihorn_interaction,unavailable_in_frozen_csv,antihorn,unavailable_in_frozen_csv,unavailable_in_frozen_csv,unavailable_in_frozen_csv,True,unavailable_in_frozen_csv,4,exact_final_tree_family_counts
adult_discretized,7,5,cals_compact_explain,antihorn_interaction,unavailable_in_frozen_csv,antihorn,unavailable_in_frozen_csv,unavailable_in_frozen_csv,unavailable_in_frozen_csv,True,unavailable_in_frozen_csv,4,exact_final_tree_family_counts
adult_discretized,7,7,cals,antihorn_interaction,unavailable_in_frozen_csv,antihorn,unavailable_in_frozen_csv,unavailable_in_frozen_csv,unavailable_in_frozen_csv,True,unavailable_in_frozen_csv,19,exact_final_tree_family_counts
adult_discretized,7,7,cals,antihorn_interaction,unavailable_in_frozen_csv,unary,unavailable_in_frozen_csv,unavailable_in_frozen_csv,unavailable_in_frozen_csv,True,unavailable_in_frozen_csv,3,exact_final_tree_family_counts
adult_discretized,7,7,cals_compact_explain,antihorn_interaction,unavailable_in_frozen_csv,antihorn,unavailable_in_frozen_csv,unavailable_in_frozen_csv,unavailable_in_frozen_csv,True,unavailable_in_frozen_csv,4,exact_final_tree_family_counts
adult_discretized,8,5,cals,antihorn_interaction,unavailable_in_frozen_csv,antihorn,unavailable_in_frozen_csv,unavailable_in_frozen_csv,unavailable_in_frozen_csv,True,unavailable_in_frozen_csv,8,exact_final_tree_family_counts
adult_discretized,8,5,cals_compact_explain,antihorn_interaction,unavailable_in_frozen_csv,antihorn,unavailable_in_frozen_csv,unavailable_in_frozen_csv,unavailable_in_frozen_csv,True,unavailable_in_frozen_csv,4,exact_final_tree_family_counts
adult_discretized,8,7,cals,antihorn_interaction,unavailable_in_frozen_csv,antihorn,unavailable_in_frozen_csv,unavailable_in_frozen_csv,unavailable_in_frozen_csv,True,unavailable_in_frozen_csv,13,exact_final_tree_family_counts
adult_discretized,8,7,cals,antihorn_interaction,unavailable_in_frozen_csv,unary,unavailable_in_frozen_csv,unavailable_in_frozen_csv,unavailable_in_frozen_csv,True,unavailable_in_frozen_csv,1,exact_final_tree_family_counts
adult_discretized,8,7,cals_compact_explain,antihorn_interaction,unavailable_in_frozen_csv,antihorn,unavailable_in_frozen_csv,unavailable_in_frozen_csv,unavailable_in_frozen_csv,True,unavailable_in_frozen_csv,4,exact_final_tree_family_counts
adult_discretized,9,5,cals,antihorn_interaction,unavailable_in_frozen_csv,antihorn,unavailable_in_frozen_csv,unavailable_in_frozen_csv,unavailable_in_frozen_csv,True,unavailable_in_frozen_csv,5,exact_final_tree_family_counts
adult_discretized,9,5,cals,antihorn_interaction,unavailable_in_frozen_csv,unary,unavailable_in_frozen_csv,unavailable_in_frozen_csv,unavailable_in_frozen_csv,True,unavailable_in_frozen_csv,2,exact_final_tree_family_counts
adult_discretized,9,5,cals_compact_explain,antihorn_interaction,unavailable_in_frozen_csv,antihorn,unavailable_in_frozen_csv,unavailable_in_frozen_csv,unavailable_in_frozen_csv,True,unavailable_in_frozen_csv,3,exact_final_tree_family_counts
adult_discretized,9,5,cals_compact_explain,antihorn_interaction,unavailable_in_frozen_csv,unary,unavailable_in_frozen_csv,unavailable_in_frozen_csv,unavailable_in_frozen_csv,True,unavailable_in_frozen_csv,1,exact_final_tree_family_counts
adult_discretized,9,7,cals,antihorn_interaction,unavailable_in_frozen_csv,antihorn,unavailable_in_frozen_csv,unavailable_in_frozen_csv,unavailable_in_frozen_csv,True,unavailable_in_frozen_csv,18,exact_final_tree_family_counts
adult_discretized,9,7,cals,antihorn_interaction,unavailable_in_frozen_csv,unary,unavailable_in_frozen_csv,unavailable_in_frozen_csv,unavailable_in_frozen_csv,True,unavailable_in_frozen_csv,4,exact_final_tree_family_counts
adult_discretized,9,7,cals_compact_explain,antihorn_interaction,unavailable_in_frozen_csv,antihorn,unavailable_in_frozen_csv,unavailable_in_frozen_csv,unavailable_in_frozen_csv,True,unavailable_in_frozen_csv,8,exact_final_tree_family_counts
adult_discretized,9,7,cals_compact_explain,antihorn_interaction,unavailable_in_frozen_csv,unary,unavailable_in_frozen_csv,unavailable_in_frozen_csv,unavailable_in_frozen_csv,True,unavailable_in_frozen_csv,1,exact_final_tree_family_counts
anneal,0,5,cals,unary_dominant,unavailable_in_frozen_csv,affine,unavailable_in_frozen_csv,unavailable_in_frozen_csv,unavailable_in_frozen_csv,True,unavailable_in_frozen_csv,5,exact_final_tree_family_counts
anneal,0,5,cals_compact_explain,unary_dominant,0,affine,unavailable_in_frozen_csv,unavailable_in_frozen_csv,unavailable_in_frozen_csv,True,True,1,exact_final_tree_family_counts
anneal,0,7,cals,unary_dominant,unavailable_in_frozen_csv,affine,unavailable_in_frozen_csv,unavailable_in_frozen_csv,unavailable_in_frozen_csv,True,unavailable_in_frozen_csv,7,exact_final_tree_family_counts
anneal,0,7,cals_compact_explain,unary_dominant,unavailable_in_frozen_csv,affine,unavailable_in_frozen_csv,unavailable_in_frozen_csv,unavailable_in_frozen_csv,True,unavailable_in_frozen_csv,7,exact_final_tree_family_counts
anneal,0,7,cals_compact_explain,unary_dominant,unavailable_in_frozen_csv,unary,unavailable_in_frozen_csv,unavailable_in_frozen_csv,unavailable_in_frozen_csv,True,unavailable_in_frozen_csv,1,exact_final_tree_family_counts
anneal,1,5,cals,unary_dominant,unavailable_in_frozen_csv,affine,unavailable_in_frozen_csv,unavailable_in_frozen_csv,unavailable_in_frozen_csv,True,unavailable_in_frozen_csv,5,exact_final_tree_family_counts
anneal,1,5,cals_compact_explain,unary_dominant,unavailable_in_frozen_csv,affine,unavailable_in_frozen_csv,unavailable_in_frozen_csv,unavailable_in_frozen_csv,True,unavailable_in_frozen_csv,5,exact_final_tree_family_counts
anneal,1,7,cals,unary_dominant,unavailable_in_frozen_csv,affine,unavailable_in_frozen_csv,unavailable_in_frozen_csv,unavailable_in_frozen_csv,True,unavailable_in_frozen_csv,7,exact_final_tree_family_counts
anneal,1,7,cals_compact_explain,unary_dominant,unavailable_in_frozen_csv,affine,unavailable_in_frozen_csv,unavailable_in_frozen_csv,unavailable_in_frozen_csv,True,unavailable_in_frozen_csv,7,exact_final_tree_family_counts
anneal,2,5,cals,unary_dominant,unavailable_in_frozen_csv,affine,unavailable_in_frozen_csv,unavailable_in_frozen_csv,unavailable_in_frozen_csv,True,unavailable_in_frozen_csv,4,exact_final_tree_family_counts
anneal,2,5,cals_compact_explain,unary_dominant,0,affine,unavailable_in_frozen_csv,unavailable_in_frozen_csv,unavailable_in_frozen_csv,True,True,1,exact_final_tree_family_counts
anneal,2,7,cals,unary_dominant,unavailable_in_frozen_csv,affine,unavailable_in_frozen_csv,unavailable_in_frozen_csv,unavailable_in_frozen_csv,True,unavailable_in_frozen_csv,8,exact_final_tree_family_counts
anneal,2,7,cals_compact_explain,unary_dominant,unavailable_in_frozen_csv,affine,unavailable_in_frozen_csv,unavailable_in_frozen_csv,unavailable_in_frozen_csv,True,unavailable_in_frozen_csv,7,exact_final_tree_family_counts
anneal,3,5,cals,unary_dominant,unavailable_in_frozen_csv,affine,unavailable_in_frozen_csv,unavailable_in_frozen_csv,unavailable_in_frozen_csv,True,unavailable_in_frozen_csv,5,exact_final_tree_family_counts
anneal,3,5,cals_compact_explain,unary_dominant,unavailable_in_frozen_csv,affine,unavailable_in_frozen_csv,unavailable_in_frozen_csv,unavailable_in_frozen_csv,True,unavailable_in_frozen_csv,5,exact_final_tree_family_counts
anneal,3,7,cals,unary_dominant,unavailable_in_frozen_csv,affine,unavailable_in_frozen_csv,unavailable_in_frozen_csv,unavailable_in_frozen_csv,True,unavailable_in_frozen_csv,6,exact_final_tree_family_counts
anneal,3,7,cals,unary_dominant,unavailable_in_frozen_csv,unary,unavailable_in_frozen_csv,unavailable_in_frozen_csv,unavailable_in_frozen_csv,True,unavailable_in_frozen_csv,1,exact_final_tree_family_counts
anneal,3,7,cals_compact_explain,unary_dominant,unavailable_in_frozen_csv,affine,unavailable_in_frozen_csv,unavailable_in_frozen_csv,unavailable_in_frozen_csv,True,unavailable_in_frozen_csv,6,exact_final_tree_family_counts
anneal,3,7,cals_compact_explain,unary_dominant,unavailable_in_frozen_csv,unary,unavailable_in_frozen_csv,unavailable_in_frozen_csv,unavailable_in_frozen_csv,True,unavailable_in_frozen_csv,1,exact_final_tree_family_counts
anneal,4,5,cals,unary_dominant,unavailable_in_frozen_csv,affine,unavailable_in_frozen_csv,unavailable_in_frozen_csv,unavailable_in_frozen_csv,True,unavailable_in_frozen_csv,4,exact_final_tree_family_counts
anneal,4,5,cals,unary_dominant,unavailable_in_frozen_csv,unary,unavailable_in_frozen_csv,unavailable_in_frozen_csv,unavailable_in_frozen_csv,True,unavailable_in_frozen_csv,2,exact_final_tree_family_counts
anneal,4,5,cals_compact_explain,unary_dominant,unavailable_in_frozen_csv,affine,unavailable_in_frozen_csv,unavailable_in_frozen_csv,unavailable_in_frozen_csv,True,unavailable_in_frozen_csv,4,exact_final_tree_family_counts
anneal,4,5,cals_compact_explain,unary_dominant,unavailable_in_frozen_csv,unary,unavailable_in_frozen_csv,unavailable_in_frozen_csv,unavailable_in_frozen_csv,True,unavailable_in_frozen_csv,2,exact_final_tree_family_counts
anneal,4,7,cals,unary_dominant,unavailable_in_frozen_csv,affine,unavailable_in_frozen_csv,unavailable_in_frozen_csv,unavailable_in_frozen_csv,True,unavailable_in_frozen_csv,5,exact_final_tree_family_counts
anneal,4,7,cals,unary_dominant,unavailable_in_frozen_csv,unary,unavailable_in_frozen_csv,unavailable_in_frozen_csv,unavailable_in_frozen_csv,True,unavailable_in_frozen_csv,2,exact_final_tree_family_counts
anneal,4,7,cals_compact_explain,unary_dominant,unavailable_in_frozen_csv,affine,unavailable_in_frozen_csv,unavailable_in_frozen_csv,unavailable_in_frozen_csv,True,unavailable_in_frozen_csv,6,exact_final_tree_family_counts
anneal,4,7,cals_compact_explain,unary_dominant,unavailable_in_frozen_csv,unary,unavailable_in_frozen_csv,unavailable_in_frozen_csv,unavailable_in_frozen_csv,True,unavailable_in_frozen_csv,2,exact_final_tree_family_counts
anneal,5,5,cals,unary_dominant,unavailable_in_frozen_csv,affine,unavailable_in_frozen_csv,unavailable_in_frozen_csv,unavailable_in_frozen_csv,True,unavailable_in_frozen_csv,5,exact_final_tree_family_counts
anneal,5,5,cals,unary_dominant,unavailable_in_frozen_csv,unary,unavailable_in_frozen_csv,unavailable_in_frozen_csv,unavailable_in_frozen_csv,True,unavailable_in_frozen_csv,2,exact_final_tree_family_counts
anneal,5,5,cals_compact_explain,unary_dominant,0,affine,unavailable_in_frozen_csv,unavailable_in_frozen_csv,unavailable_in_frozen_csv,True,True,1,exact_final_tree_family_counts
anneal,5,7,cals,unary_dominant,unavailable_in_frozen_csv,affine,unavailable_in_frozen_csv,unavailable_in_frozen_csv,unavailable_in_frozen_csv,True,unavailable_in_frozen_csv,7,exact_final_tree_family_counts
anneal,5,7,cals,unary_dominant,unavailable_in_frozen_csv,unary,unavailable_in_frozen_csv,unavailable_in_frozen_csv,unavailable_in_frozen_csv,True,unavailable_in_frozen_csv,2,exact_final_tree_family_counts
anneal,5,7,cals_compact_explain,unary_dominant,0,affine,unavailable_in_frozen_csv,unavailable_in_frozen_csv,unavailable_in_frozen_csv,True,True,1,exact_final_tree_family_counts
anneal,6,5,cals,unary_dominant,unavailable_in_frozen_csv,affine,unavailable_in_frozen_csv,unavailable_in_frozen_csv,unavailable_in_frozen_csv,True,unavailable_in_frozen_csv,4,exact_final_tree_family_counts
anneal,6,5,cals_compact_explain,unary_dominant,0,affine,unavailable_in_frozen_csv,unavailable_in_frozen_csv,unavailable_in_frozen_csv,True,True,1,exact_final_tree_family_counts
anneal,6,7,cals,unary_dominant,unavailable_in_frozen_csv,affine,unavailable_in_frozen_csv,unavailable_in_frozen_csv,unavailable_in_frozen_csv,True,unavailable_in_frozen_csv,7,exact_final_tree_family_counts
anneal,6,7,cals_compact_explain,unary_dominant,0,affine,unavailable_in_frozen_csv,unavailable_in_frozen_csv,unavailable_in_frozen_csv,True,True,1,exact_final_tree_family_counts
anneal,7,5,cals,unary_dominant,unavailable_in_frozen_csv,affine,unavailable_in_frozen_csv,unavailable_in_frozen_csv,unavailable_in_frozen_csv,True,unavailable_in_frozen_csv,3,exact_final_tree_family_counts
anneal,7,5,cals,unary_dominant,unavailable_in_frozen_csv,unary,unavailable_in_frozen_csv,unavailable_in_frozen_csv,unavailable_in_frozen_csv,True,unavailable_in_frozen_csv,1,exact_final_tree_family_counts
anneal,7,5,cals_compact_explain,unary_dominant,unavailable_in_frozen_csv,affine,unavailable_in_frozen_csv,unavailable_in_frozen_csv,unavailable_in_frozen_csv,True,unavailable_in_frozen_csv,3,exact_final_tree_family_counts
anneal,7,5,cals_compact_explain,unary_dominant,unavailable_in_frozen_csv,unary,unavailable_in_frozen_csv,unavailable_in_frozen_csv,unavailable_in_frozen_csv,True,unavailable_in_frozen_csv,1,exact_final_tree_family_counts
anneal,7,7,cals,unary_dominant,unavailable_in_frozen_csv,affine,unavailable_in_frozen_csv,unavailable_in_frozen_csv,unavailable_in_frozen_csv,True,unavailable_in_frozen_csv,4,exact_final_tree_family_counts
anneal,7,7,cals,unary_dominant,unavailable_in_frozen_csv,unary,unavailable_in_frozen_csv,unavailable_in_frozen_csv,unavailable_in_frozen_csv,True,unavailable_in_frozen_csv,2,exact_final_tree_family_counts
anneal,7,7,cals_compact_explain,unary_dominant,unavailable_in_frozen_csv,affine,unavailable_in_frozen_csv,unavailable_in_frozen_csv,unavailable_in_frozen_csv,True,unavailable_in_frozen_csv,3,exact_final_tree_family_counts
anneal,7,7,cals_compact_explain,unary_dominant,unavailable_in_frozen_csv,unary,unavailable_in_frozen_csv,unavailable_in_frozen_csv,unavailable_in_frozen_csv,True,unavailable_in_frozen_csv,1,exact_final_tree_family_counts
anneal,8,5,cals,unary_dominant,unavailable_in_frozen_csv,affine,unavailable_in_frozen_csv,unavailable_in_frozen_csv,unavailable_in_frozen_csv,True,unavailable_in_frozen_csv,4,exact_final_tree_family_counts
anneal,8,5,cals_compact_explain,unary_dominant,unavailable_in_frozen_csv,affine,unavailable_in_frozen_csv,unavailable_in_frozen_csv,unavailable_in_frozen_csv,True,unavailable_in_frozen_csv,4,exact_final_tree_family_counts
anneal,8,5,cals_compact_explain,unary_dominant,unavailable_in_frozen_csv,unary,unavailable_in_frozen_csv,unavailable_in_frozen_csv,unavailable_in_frozen_csv,True,unavailable_in_frozen_csv,1,exact_final_tree_family_counts
anneal,8,7,cals,unary_dominant,unavailable_in_frozen_csv,affine,unavailable_in_frozen_csv,unavailable_in_frozen_csv,unavailable_in_frozen_csv,True,unavailable_in_frozen_csv,5,exact_final_tree_family_counts
anneal,8,7,cals,unary_dominant,unavailable_in_frozen_csv,unary,unavailable_in_frozen_csv,unavailable_in_frozen_csv,unavailable_in_frozen_csv,True,unavailable_in_frozen_csv,1,exact_final_tree_family_counts
anneal,8,7,cals_compact_explain,unary_dominant,unavailable_in_frozen_csv,affine,unavailable_in_frozen_csv,unavailable_in_frozen_csv,unavailable_in_frozen_csv,True,unavailable_in_frozen_csv,6,exact_final_tree_family_counts
anneal,8,7,cals_compact_explain,unary_dominant,unavailable_in_frozen_csv,unary,unavailable_in_frozen_csv,unavailable_in_frozen_csv,unavailable_in_frozen_csv,True,unavailable_in_frozen_csv,1,exact_final_tree_family_counts
anneal,9,5,cals,unary_dominant,unavailable_in_frozen_csv,affine,unavailable_in_frozen_csv,unavailable_in_frozen_csv,unavailable_in_frozen_csv,True,unavailable_in_frozen_csv,4,exact_final_tree_family_counts
anneal,9,5,cals_compact_explain,unary_dominant,unavailable_in_frozen_csv,affine,unavailable_in_frozen_csv,unavailable_in_frozen_csv,unavailable_in_frozen_csv,True,unavailable_in_frozen_csv,4,exact_final_tree_family_counts
anneal,9,5,cals_compact_explain,unary_dominant,unavailable_in_frozen_csv,unary,unavailable_in_frozen_csv,unavailable_in_frozen_csv,unavailable_in_frozen_csv,True,unavailable_in_frozen_csv,2,exact_final_tree_family_counts
anneal,9,7,cals,unary_dominant,unavailable_in_frozen_csv,affine,unavailable_in_frozen_csv,unavailable_in_frozen_csv,unavailable_in_frozen_csv,True,unavailable_in_frozen_csv,6,exact_final_tree_family_counts
anneal,9,7,cals_compact_explain,unary_dominant,unavailable_in_frozen_csv,affine,unavailable_in_frozen_csv,unavailable_in_frozen_csv,unavailable_in_frozen_csv,True,unavailable_in_frozen_csv,5,exact_final_tree_family_counts
anneal,9,7,cals_compact_explain,unary_dominant,unavailable_in_frozen_csv,unary,unavailable_in_frozen_csv,unavailable_in_frozen_csv,unavailable_in_frozen_csv,True,unavailable_in_frozen_csv,2,exact_final_tree_family_counts
audiology,0,5,cals,square2cnf_interaction,0,square2cnf,unavailable_in_frozen_csv,unavailable_in_frozen_csv,unavailable_in_frozen_csv,True,True,1,exact_final_tree_family_counts
audiology,0,5,cals_compact_explain,square2cnf_interaction,unavailable_in_frozen_csv,square2cnf,unavailable_in_frozen_csv,unavailable_in_frozen_csv,unavailable_in_frozen_csv,True,unavailable_in_frozen_csv,1,exact_final_tree_family_counts
audiology,0,5,cals_compact_explain,square2cnf_interaction,unavailable_in_frozen_csv,unary,unavailable_in_frozen_csv,unavailable_in_frozen_csv,unavailable_in_frozen_csv,True,unavailable_in_frozen_csv,1,exact_final_tree_family_counts
audiology,0,7,cals,square2cnf_interaction,0,square2cnf,unavailable_in_frozen_csv,unavailable_in_frozen_csv,unavailable_in_frozen_csv,True,True,1,exact_final_tree_family_counts
audiology,0,7,cals_compact_explain,square2cnf_interaction,unavailable_in_frozen_csv,square2cnf,unavailable_in_frozen_csv,unavailable_in_frozen_csv,unavailable_in_frozen_csv,True,unavailable_in_frozen_csv,1,exact_final_tree_family_counts
audiology,0,7,cals_compact_explain,square2cnf_interaction,unavailable_in_frozen_csv,unary,unavailable_in_frozen_csv,unavailable_in_frozen_csv,unavailable_in_frozen_csv,True,unavailable_in_frozen_csv,1,exact_final_tree_family_counts
audiology,1,5,cals,square2cnf_interaction,0,horn,unavailable_in_frozen_csv,unavailable_in_frozen_csv,unavailable_in_frozen_csv,True,True,1,exact_final_tree_family_counts
audiology,1,5,cals_compact_explain,square2cnf_interaction,unavailable_in_frozen_csv,horn,unavailable_in_frozen_csv,unavailable_in_frozen_csv,unavailable_in_frozen_csv,True,unavailable_in_frozen_csv,2,exact_final_tree_family_counts
audiology,1,5,cals_compact_explain,square2cnf_interaction,unavailable_in_frozen_csv,unary,unavailable_in_frozen_csv,unavailable_in_frozen_csv,unavailable_in_frozen_csv,True,unavailable_in_frozen_csv,1,exact_final_tree_family_counts
audiology,1,7,cals,square2cnf_interaction,0,horn,unavailable_in_frozen_csv,unavailable_in_frozen_csv,unavailable_in_frozen_csv,True,True,1,exact_final_tree_family_counts
audiology,1,7,cals_compact_explain,square2cnf_interaction,unavailable_in_frozen_csv,horn,unavailable_in_frozen_csv,unavailable_in_frozen_csv,unavailable_in_frozen_csv,True,unavailable_in_frozen_csv,2,exact_final_tree_family_counts
audiology,1,7,cals_compact_explain,square2cnf_interaction,unavailable_in_frozen_csv,unary,unavailable_in_frozen_csv,unavailable_in_frozen_csv,unavailable_in_frozen_csv,True,unavailable_in_frozen_csv,1,exact_final_tree_family_counts
audiology,2,5,cals,square2cnf_interaction,unavailable_in_frozen_csv,horn,unavailable_in_frozen_csv,unavailable_in_frozen_csv,unavailable_in_frozen_csv,True,unavailable_in_frozen_csv,2,exact_final_tree_family_counts
audiology,2,5,cals_compact_explain,square2cnf_interaction,unavailable_in_frozen_csv,square2cnf,unavailable_in_frozen_csv,unavailable_in_frozen_csv,unavailable_in_frozen_csv,True,unavailable_in_frozen_csv,2,exact_final_tree_family_counts
audiology,2,5,cals_compact_explain,square2cnf_interaction,unavailable_in_frozen_csv,unary,unavailable_in_frozen_csv,unavailable_in_frozen_csv,unavailable_in_frozen_csv,True,unavailable_in_frozen_csv,1,exact_final_tree_family_counts
audiology,2,7,cals,square2cnf_interaction,unavailable_in_frozen_csv,horn,unavailable_in_frozen_csv,unavailable_in_frozen_csv,unavailable_in_frozen_csv,True,unavailable_in_frozen_csv,2,exact_final_tree_family_counts
audiology,2,7,cals_compact_explain,square2cnf_interaction,unavailable_in_frozen_csv,square2cnf,unavailable_in_frozen_csv,unavailable_in_frozen_csv,unavailable_in_frozen_csv,True,unavailable_in_frozen_csv,2,exact_final_tree_family_counts
audiology,2,7,cals_compact_explain,square2cnf_interaction,unavailable_in_frozen_csv,unary,unavailable_in_frozen_csv,unavailable_in_frozen_csv,unavailable_in_frozen_csv,True,unavailable_in_frozen_csv,1,exact_final_tree_family_counts
audiology,3,5,cals,square2cnf_interaction,0,horn,unavailable_in_frozen_csv,unavailable_in_frozen_csv,unavailable_in_frozen_csv,True,True,1,exact_final_tree_family_counts
audiology,3,5,cals_compact_explain,square2cnf_interaction,unavailable_in_frozen_csv,horn,unavailable_in_frozen_csv,unavailable_in_frozen_csv,unavailable_in_frozen_csv,True,unavailable_in_frozen_csv,2,exact_final_tree_family_counts
audiology,3,7,cals,square2cnf_interaction,0,horn,unavailable_in_frozen_csv,unavailable_in_frozen_csv,unavailable_in_frozen_csv,True,True,1,exact_final_tree_family_counts
audiology,3,7,cals_compact_explain,square2cnf_interaction,unavailable_in_frozen_csv,horn,unavailable_in_frozen_csv,unavailable_in_frozen_csv,unavailable_in_frozen_csv,True,unavailable_in_frozen_csv,2,exact_final_tree_family_counts
audiology,4,5,cals,square2cnf_interaction,unavailable_in_frozen_csv,horn,unavailable_in_frozen_csv,unavailable_in_frozen_csv,unavailable_in_frozen_csv,True,unavailable_in_frozen_csv,2,exact_final_tree_family_counts
audiology,4,5,cals_compact_explain,square2cnf_interaction,unavailable_in_frozen_csv,horn,unavailable_in_frozen_csv,unavailable_in_frozen_csv,unavailable_in_frozen_csv,True,unavailable_in_frozen_csv,4,exact_final_tree_family_counts
audiology,4,5,cals_compact_explain,square2cnf_interaction,unavailable_in_frozen_csv,unary,unavailable_in_frozen_csv,unavailable_in_frozen_csv,unavailable_in_frozen_csv,True,unavailable_in_frozen_csv,2,exact_final_tree_family_counts
audiology,4,7,cals,square2cnf_interaction,unavailable_in_frozen_csv,horn,unavailable_in_frozen_csv,unavailable_in_frozen_csv,unavailable_in_frozen_csv,True,unavailable_in_frozen_csv,2,exact_final_tree_family_counts
audiology,4,7,cals_compact_explain,square2cnf_interaction,unavailable_in_frozen_csv,horn,unavailable_in_frozen_csv,unavailable_in_frozen_csv,unavailable_in_frozen_csv,True,unavailable_in_frozen_csv,4,exact_final_tree_family_counts
audiology,4,7,cals_compact_explain,square2cnf_interaction,unavailable_in_frozen_csv,unary,unavailable_in_frozen_csv,unavailable_in_frozen_csv,unavailable_in_frozen_csv,True,unavailable_in_frozen_csv,2,exact_final_tree_family_counts
audiology,5,5,cals,square2cnf_interaction,0,horn,unavailable_in_frozen_csv,unavailable_in_frozen_csv,unavailable_in_frozen_csv,True,True,1,exact_final_tree_family_counts
audiology,5,5,cals_compact_explain,square2cnf_interaction,unavailable_in_frozen_csv,horn,unavailable_in_frozen_csv,unavailable_in_frozen_csv,unavailable_in_frozen_csv,True,unavailable_in_frozen_csv,3,exact_final_tree_family_counts
audiology,5,5,cals_compact_explain,square2cnf_interaction,unavailable_in_frozen_csv,unary,unavailable_in_frozen_csv,unavailable_in_frozen_csv,unavailable_in_frozen_csv,True,unavailable_in_frozen_csv,2,exact_final_tree_family_counts
audiology,5,7,cals,square2cnf_interaction,0,horn,unavailable_in_frozen_csv,unavailable_in_frozen_csv,unavailable_in_frozen_csv,True,True,1,exact_final_tree_family_counts
audiology,5,7,cals_compact_explain,square2cnf_interaction,unavailable_in_frozen_csv,horn,unavailable_in_frozen_csv,unavailable_in_frozen_csv,unavailable_in_frozen_csv,True,unavailable_in_frozen_csv,3,exact_final_tree_family_counts
audiology,5,7,cals_compact_explain,square2cnf_interaction,unavailable_in_frozen_csv,unary,unavailable_in_frozen_csv,unavailable_in_frozen_csv,unavailable_in_frozen_csv,True,unavailable_in_frozen_csv,2,exact_final_tree_family_counts
audiology,6,5,cals,square2cnf_interaction,unavailable_in_frozen_csv,square2cnf,unavailable_in_frozen_csv,unavailable_in_frozen_csv,unavailable_in_frozen_csv,True,unavailable_in_frozen_csv,1,exact_final_tree_family_counts
audiology,6,5,cals,square2cnf_interaction,unavailable_in_frozen_csv,unary,unavailable_in_frozen_csv,unavailable_in_frozen_csv,unavailable_in_frozen_csv,True,unavailable_in_frozen_csv,1,exact_final_tree_family_counts
audiology,6,5,cals_compact_explain,square2cnf_interaction,unavailable_in_frozen_csv,square2cnf,unavailable_in_frozen_csv,unavailable_in_frozen_csv,unavailable_in_frozen_csv,True,unavailable_in_frozen_csv,3,exact_final_tree_family_counts
audiology,6,5,cals_compact_explain,square2cnf_interaction,unavailable_in_frozen_csv,unary,unavailable_in_frozen_csv,unavailable_in_frozen_csv,unavailable_in_frozen_csv,True,unavailable_in_frozen_csv,1,exact_final_tree_family_counts
audiology,6,7,cals,square2cnf_interaction,unavailable_in_frozen_csv,square2cnf,unavailable_in_frozen_csv,unavailable_in_frozen_csv,unavailable_in_frozen_csv,True,unavailable_in_frozen_csv,1,exact_final_tree_family_counts
audiology,6,7,cals,square2cnf_interaction,unavailable_in_frozen_csv,unary,unavailable_in_frozen_csv,unavailable_in_frozen_csv,unavailable_in_frozen_csv,True,unavailable_in_frozen_csv,1,exact_final_tree_family_counts
audiology,6,7,cals_compact_explain,square2cnf_interaction,unavailable_in_frozen_csv,square2cnf,unavailable_in_frozen_csv,unavailable_in_frozen_csv,unavailable_in_frozen_csv,True,unavailable_in_frozen_csv,3,exact_final_tree_family_counts
audiology,6,7,cals_compact_explain,square2cnf_interaction,unavailable_in_frozen_csv,unary,unavailable_in_frozen_csv,unavailable_in_frozen_csv,unavailable_in_frozen_csv,True,unavailable_in_frozen_csv,1,exact_final_tree_family_counts
audiology,7,5,cals,square2cnf_interaction,unavailable_in_frozen_csv,horn,unavailable_in_frozen_csv,unavailable_in_frozen_csv,unavailable_in_frozen_csv,True,unavailable_in_frozen_csv,2,exact_final_tree_family_counts
audiology,7,5,cals_compact_explain,square2cnf_interaction,unavailable_in_frozen_csv,horn,unavailable_in_frozen_csv,unavailable_in_frozen_csv,unavailable_in_frozen_csv,True,unavailable_in_frozen_csv,2,exact_final_tree_family_counts
audiology,7,5,cals_compact_explain,square2cnf_interaction,unavailable_in_frozen_csv,unary,unavailable_in_frozen_csv,unavailable_in_frozen_csv,unavailable_in_frozen_csv,True,unavailable_in_frozen_csv,1,exact_final_tree_family_counts
audiology,7,7,cals,square2cnf_interaction,unavailable_in_frozen_csv,horn,unavailable_in_frozen_csv,unavailable_in_frozen_csv,unavailable_in_frozen_csv,True,unavailable_in_frozen_csv,2,exact_final_tree_family_counts
audiology,7,7,cals_compact_explain,square2cnf_interaction,unavailable_in_frozen_csv,horn,unavailable_in_frozen_csv,unavailable_in_frozen_csv,unavailable_in_frozen_csv,True,unavailable_in_frozen_csv,2,exact_final_tree_family_counts
audiology,7,7,cals_compact_explain,square2cnf_interaction,unavailable_in_frozen_csv,unary,unavailable_in_frozen_csv,unavailable_in_frozen_csv,unavailable_in_frozen_csv,True,unavailable_in_frozen_csv,1,exact_final_tree_family_counts
audiology,8,5,cals,square2cnf_interaction,0,horn,unavailable_in_frozen_csv,unavailable_in_frozen_csv,unavailable_in_frozen_csv,True,True,1,exact_final_tree_family_counts
audiology,8,5,cals_compact_explain,square2cnf_interaction,unavailable_in_frozen_csv,horn,unavailable_in_frozen_csv,unavailable_in_frozen_csv,unavailable_in_frozen_csv,True,unavailable_in_frozen_csv,4,exact_final_tree_family_counts
audiology,8,7,cals,square2cnf_interaction,0,horn,unavailable_in_frozen_csv,unavailable_in_frozen_csv,unavailable_in_frozen_csv,True,True,1,exact_final_tree_family_counts
audiology,8,7,cals_compact_explain,square2cnf_interaction,unavailable_in_frozen_csv,horn,unavailable_in_frozen_csv,unavailable_in_frozen_csv,unavailable_in_frozen_csv,True,unavailable_in_frozen_csv,4,exact_final_tree_family_counts
audiology,9,5,cals,square2cnf_interaction,0,horn,unavailable_in_frozen_csv,unavailable_in_frozen_csv,unavailable_in_frozen_csv,True,True,1,exact_final_tree_family_counts
audiology,9,5,cals_compact_explain,square2cnf_interaction,0,horn,unavailable_in_frozen_csv,unavailable_in_frozen_csv,unavailable_in_frozen_csv,True,True,1,exact_final_tree_family_counts
audiology,9,7,cals,square2cnf_interaction,0,horn,unavailable_in_frozen_csv,unavailable_in_frozen_csv,unavailable_in_frozen_csv,True,True,1,exact_final_tree_family_counts
audiology,9,7,cals_compact_explain,square2cnf_interaction,0,horn,unavailable_in_frozen_csv,unavailable_in_frozen_csv,unavailable_in_frozen_csv,True,True,1,exact_final_tree_family_counts
australian-credit,0,5,cals,unary_dominant,unavailable_in_frozen_csv,horn,unavailable_in_frozen_csv,unavailable_in_frozen_csv,unavailable_in_frozen_csv,True,unavailable_in_frozen_csv,2,exact_final_tree_family_counts
australian-credit,0,5,cals,unary_dominant,unavailable_in_frozen_csv,unary,unavailable_in_frozen_csv,unavailable_in_frozen_csv,unavailable_in_frozen_csv,True,unavailable_in_frozen_csv,1,exact_final_tree_family_counts
australian-credit,0,5,cals_compact_explain,unary_dominant,0,unary,unavailable_in_frozen_csv,unavailable_in_frozen_csv,unavailable_in_frozen_csv,True,True,1,exact_final_tree_family_counts
australian-credit,0,7,cals,unary_dominant,unavailable_in_frozen_csv,horn,unavailable_in_frozen_csv,unavailable_in_frozen_csv,unavailable_in_frozen_csv,True,unavailable_in_frozen_csv,2,exact_final_tree_family_counts
australian-credit,0,7,cals,unary_dominant,unavailable_in_frozen_csv,unary,unavailable_in_frozen_csv,unavailable_in_frozen_csv,unavailable_in_frozen_csv,True,unavailable_in_frozen_csv,1,exact_final_tree_family_counts
australian-credit,0,7,cals_compact_explain,unary_dominant,0,unary,unavailable_in_frozen_csv,unavailable_in_frozen_csv,unavailable_in_frozen_csv,True,True,1,exact_final_tree_family_counts
australian-credit,1,5,cals,unary_dominant,0,unary,unavailable_in_frozen_csv,unavailable_in_frozen_csv,unavailable_in_frozen_csv,True,True,1,exact_final_tree_family_counts
australian-credit,1,5,cals_compact_explain,unary_dominant,0,unary,unavailable_in_frozen_csv,unavailable_in_frozen_csv,unavailable_in_frozen_csv,True,True,1,exact_final_tree_family_counts
australian-credit,1,7,cals,unary_dominant,0,unary,unavailable_in_frozen_csv,unavailable_in_frozen_csv,unavailable_in_frozen_csv,True,True,1,exact_final_tree_family_counts
australian-credit,1,7,cals_compact_explain,unary_dominant,0,unary,unavailable_in_frozen_csv,unavailable_in_frozen_csv,unavailable_in_frozen_csv,True,True,1,exact_final_tree_family_counts
australian-credit,2,5,cals,unary_dominant,unavailable_in_frozen_csv,horn,unavailable_in_frozen_csv,unavailable_in_frozen_csv,unavailable_in_frozen_csv,True,unavailable_in_frozen_csv,3,exact_final_tree_family_counts
australian-credit,2,5,cals,unary_dominant,unavailable_in_frozen_csv,unary,unavailable_in_frozen_csv,unavailable_in_frozen_csv,unavailable_in_frozen_csv,True,unavailable_in_frozen_csv,1,exact_final_tree_family_counts
australian-credit,2,5,cals_compact_explain,unary_dominant,unavailable_in_frozen_csv,horn,unavailable_in_frozen_csv,unavailable_in_frozen_csv,unavailable_in_frozen_csv,True,unavailable_in_frozen_csv,1,exact_final_tree_family_counts
australian-credit,2,5,cals_compact_explain,unary_dominant,unavailable_in_frozen_csv,unary,unavailable_in_frozen_csv,unavailable_in_frozen_csv,unavailable_in_frozen_csv,True,unavailable_in_frozen_csv,2,exact_final_tree_family_counts
australian-credit,2,7,cals,unary_dominant,unavailable_in_frozen_csv,horn,unavailable_in_frozen_csv,unavailable_in_frozen_csv,unavailable_in_frozen_csv,True,unavailable_in_frozen_csv,3,exact_final_tree_family_counts
australian-credit,2,7,cals,unary_dominant,unavailable_in_frozen_csv,unary,unavailable_in_frozen_csv,unavailable_in_frozen_csv,unavailable_in_frozen_csv,True,unavailable_in_frozen_csv,1,exact_final_tree_family_counts
australian-credit,2,7,cals_compact_explain,unary_dominant,unavailable_in_frozen_csv,horn,unavailable_in_frozen_csv,unavailable_in_frozen_csv,unavailable_in_frozen_csv,True,unavailable_in_frozen_csv,4,exact_final_tree_family_counts
australian-credit,2,7,cals_compact_explain,unary_dominant,unavailable_in_frozen_csv,unary,unavailable_in_frozen_csv,unavailable_in_frozen_csv,unavailable_in_frozen_csv,True,unavailable_in_frozen_csv,4,exact_final_tree_family_counts
australian-credit,3,5,cals,unary_dominant,unavailable_in_frozen_csv,horn,unavailable_in_frozen_csv,unavailable_in_frozen_csv,unavailable_in_frozen_csv,True,unavailable_in_frozen_csv,5,exact_final_tree_family_counts
australian-credit,3,5,cals,unary_dominant,unavailable_in_frozen_csv,unary,unavailable_in_frozen_csv,unavailable_in_frozen_csv,unavailable_in_frozen_csv,True,unavailable_in_frozen_csv,3,exact_final_tree_family_counts
australian-credit,3,5,cals_compact_explain,unary_dominant,0,unary,unavailable_in_frozen_csv,unavailable_in_frozen_csv,unavailable_in_frozen_csv,True,True,1,exact_final_tree_family_counts
australian-credit,3,7,cals,unary_dominant,unavailable_in_frozen_csv,horn,unavailable_in_frozen_csv,unavailable_in_frozen_csv,unavailable_in_frozen_csv,True,unavailable_in_frozen_csv,5,exact_final_tree_family_counts
australian-credit,3,7,cals,unary_dominant,unavailable_in_frozen_csv,unary,unavailable_in_frozen_csv,unavailable_in_frozen_csv,unavailable_in_frozen_csv,True,unavailable_in_frozen_csv,3,exact_final_tree_family_counts
australian-credit,3,7,cals_compact_explain,unary_dominant,0,unary,unavailable_in_frozen_csv,unavailable_in_frozen_csv,unavailable_in_frozen_csv,True,True,1,exact_final_tree_family_counts
australian-credit,4,5,cals,unary_dominant,unavailable_in_frozen_csv,horn,unavailable_in_frozen_csv,unavailable_in_frozen_csv,unavailable_in_frozen_csv,True,unavailable_in_frozen_csv,4,exact_final_tree_family_counts
australian-credit,4,5,cals,unary_dominant,unavailable_in_frozen_csv,unary,unavailable_in_frozen_csv,unavailable_in_frozen_csv,unavailable_in_frozen_csv,True,unavailable_in_frozen_csv,1,exact_final_tree_family_counts
australian-credit,4,5,cals_compact_explain,unary_dominant,0,unary,unavailable_in_frozen_csv,unavailable_in_frozen_csv,unavailable_in_frozen_csv,True,True,1,exact_final_tree_family_counts
australian-credit,4,7,cals,unary_dominant,unavailable_in_frozen_csv,horn,unavailable_in_frozen_csv,unavailable_in_frozen_csv,unavailable_in_frozen_csv,True,unavailable_in_frozen_csv,4,exact_final_tree_family_counts
australian-credit,4,7,cals,unary_dominant,unavailable_in_frozen_csv,unary,unavailable_in_frozen_csv,unavailable_in_frozen_csv,unavailable_in_frozen_csv,True,unavailable_in_frozen_csv,1,exact_final_tree_family_counts
australian-credit,4,7,cals_compact_explain,unary_dominant,0,unary,unavailable_in_frozen_csv,unavailable_in_frozen_csv,unavailable_in_frozen_csv,True,True,1,exact_final_tree_family_counts
australian-credit,5,5,cals,unary_dominant,0,unary,unavailable_in_frozen_csv,unavailable_in_frozen_csv,unavailable_in_frozen_csv,True,True,1,exact_final_tree_family_counts
australian-credit,5,5,cals_compact_explain,unary_dominant,0,unary,unavailable_in_frozen_csv,unavailable_in_frozen_csv,unavailable_in_frozen_csv,True,True,1,exact_final_tree_family_counts
australian-credit,5,7,cals,unary_dominant,0,unary,unavailable_in_frozen_csv,unavailable_in_frozen_csv,unavailable_in_frozen_csv,True,True,1,exact_final_tree_family_counts
australian-credit,5,7,cals_compact_explain,unary_dominant,0,unary,unavailable_in_frozen_csv,unavailable_in_frozen_csv,unavailable_in_frozen_csv,True,True,1,exact_final_tree_family_counts
australian-credit,6,5,cals,unary_dominant,unavailable_in_frozen_csv,horn,unavailable_in_frozen_csv,unavailable_in_frozen_csv,unavailable_in_frozen_csv,True,unavailable_in_frozen_csv,3,exact_final_tree_family_counts
australian-credit,6,5,cals,unary_dominant,unavailable_in_frozen_csv,unary,unavailable_in_frozen_csv,unavailable_in_frozen_csv,unavailable_in_frozen_csv,True,unavailable_in_frozen_csv,1,exact_final_tree_family_counts
australian-credit,6,5,cals_compact_explain,unary_dominant,0,unary,unavailable_in_frozen_csv,unavailable_in_frozen_csv,unavailable_in_frozen_csv,True,True,1,exact_final_tree_family_counts
australian-credit,6,7,cals,unary_dominant,unavailable_in_frozen_csv,horn,unavailable_in_frozen_csv,unavailable_in_frozen_csv,unavailable_in_frozen_csv,True,unavailable_in_frozen_csv,6,exact_final_tree_family_counts
australian-credit,6,7,cals,unary_dominant,unavailable_in_frozen_csv,unary,unavailable_in_frozen_csv,unavailable_in_frozen_csv,unavailable_in_frozen_csv,True,unavailable_in_frozen_csv,1,exact_final_tree_family_counts
australian-credit,6,7,cals_compact_explain,unary_dominant,0,unary,unavailable_in_frozen_csv,unavailable_in_frozen_csv,unavailable_in_frozen_csv,True,True,1,exact_final_tree_family_counts
australian-credit,7,5,cals,unary_dominant,unavailable_in_frozen_csv,horn,unavailable_in_frozen_csv,unavailable_in_frozen_csv,unavailable_in_frozen_csv,True,unavailable_in_frozen_csv,1,exact_final_tree_family_counts
australian-credit,7,5,cals,unary_dominant,unavailable_in_frozen_csv,unary,unavailable_in_frozen_csv,unavailable_in_frozen_csv,unavailable_in_frozen_csv,True,unavailable_in_frozen_csv,2,exact_final_tree_family_counts
australian-credit,7,5,cals_compact_explain,unary_dominant,unavailable_in_frozen_csv,horn,unavailable_in_frozen_csv,unavailable_in_frozen_csv,unavailable_in_frozen_csv,True,unavailable_in_frozen_csv,1,exact_final_tree_family_counts
australian-credit,7,5,cals_compact_explain,unary_dominant,unavailable_in_frozen_csv,unary,unavailable_in_frozen_csv,unavailable_in_frozen_csv,unavailable_in_frozen_csv,True,unavailable_in_frozen_csv,2,exact_final_tree_family_counts
australian-credit,7,7,cals,unary_dominant,unavailable_in_frozen_csv,horn,unavailable_in_frozen_csv,unavailable_in_frozen_csv,unavailable_in_frozen_csv,True,unavailable_in_frozen_csv,1,exact_final_tree_family_counts
australian-credit,7,7,cals,unary_dominant,unavailable_in_frozen_csv,unary,unavailable_in_frozen_csv,unavailable_in_frozen_csv,unavailable_in_frozen_csv,True,unavailable_in_frozen_csv,2,exact_final_tree_family_counts
australian-credit,7,7,cals_compact_explain,unary_dominant,unavailable_in_frozen_csv,horn,unavailable_in_frozen_csv,unavailable_in_frozen_csv,unavailable_in_frozen_csv,True,unavailable_in_frozen_csv,1,exact_final_tree_family_counts
australian-credit,7,7,cals_compact_explain,unary_dominant,unavailable_in_frozen_csv,unary,unavailable_in_frozen_csv,unavailable_in_frozen_csv,unavailable_in_frozen_csv,True,unavailable_in_frozen_csv,2,exact_final_tree_family_counts
australian-credit,8,5,cals,unary_dominant,0,unary,unavailable_in_frozen_csv,unavailable_in_frozen_csv,unavailable_in_frozen_csv,True,True,1,exact_final_tree_family_counts
australian-credit,8,5,cals_compact_explain,unary_dominant,0,unary,unavailable_in_frozen_csv,unavailable_in_frozen_csv,unavailable_in_frozen_csv,True,True,1,exact_final_tree_family_counts
australian-credit,8,7,cals,unary_dominant,0,unary,unavailable_in_frozen_csv,unavailable_in_frozen_csv,unavailable_in_frozen_csv,True,True,1,exact_final_tree_family_counts
australian-credit,8,7,cals_compact_explain,unary_dominant,0,unary,unavailable_in_frozen_csv,unavailable_in_frozen_csv,unavailable_in_frozen_csv,True,True,1,exact_final_tree_family_counts
australian-credit,9,5,cals,unary_dominant,unavailable_in_frozen_csv,horn,unavailable_in_frozen_csv,unavailable_in_frozen_csv,unavailable_in_frozen_csv,True,unavailable_in_frozen_csv,2,exact_final_tree_family_counts
australian-credit,9,5,cals,unary_dominant,unavailable_in_frozen_csv,unary,unavailable_in_frozen_csv,unavailable_in_frozen_csv,unavailable_in_frozen_csv,True,unavailable_in_frozen_csv,2,exact_final_tree_family_counts
australian-credit,9,5,cals_compact_explain,unary_dominant,unavailable_in_frozen_csv,horn,unavailable_in_frozen_csv,unavailable_in_frozen_csv,unavailable_in_frozen_csv,True,unavailable_in_frozen_csv,4,exact_final_tree_family_counts
australian-credit,9,5,cals_compact_explain,unary_dominant,unavailable_in_frozen_csv,unary,unavailable_in_frozen_csv,unavailable_in_frozen_csv,unavailable_in_frozen_csv,True,unavailable_in_frozen_csv,3,exact_final_tree_family_counts
australian-credit,9,7,cals,unary_dominant,unavailable_in_frozen_csv,horn,unavailable_in_frozen_csv,unavailable_in_frozen_csv,unavailable_in_frozen_csv,True,unavailable_in_frozen_csv,4,exact_final_tree_family_counts
australian-credit,9,7,cals,unary_dominant,unavailable_in_frozen_csv,unary,unavailable_in_frozen_csv,unavailable_in_frozen_csv,unavailable_in_frozen_csv,True,unavailable_in_frozen_csv,2,exact_final_tree_family_counts
australian-credit,9,7,cals_compact_explain,unary_dominant,unavailable_in_frozen_csv,horn,unavailable_in_frozen_csv,unavailable_in_frozen_csv,unavailable_in_frozen_csv,True,unavailable_in_frozen_csv,6,exact_final_tree_family_counts
australian-credit,9,7,cals_compact_explain,unary_dominant,unavailable_in_frozen_csv,unary,unavailable_in_frozen_csv,unavailable_in_frozen_csv,unavailable_in_frozen_csv,True,unavailable_in_frozen_csv,4,exact_final_tree_family_counts
balance-scale-bin,2,7,cals,affine_interaction,unavailable_in_frozen_csv,affine,unavailable_in_frozen_csv,unavailable_in_frozen_csv,unavailable_in_frozen_csv,True,unavailable_in_frozen_csv,7,exact_final_tree_family_counts
bank_conv-bin,0,5,cals,affine_interaction,unavailable_in_frozen_csv,horn,unavailable_in_frozen_csv,unavailable_in_frozen_csv,unavailable_in_frozen_csv,True,unavailable_in_frozen_csv,3,exact_final_tree_family_counts
bank_conv-bin,0,5,cals,affine_interaction,unavailable_in_frozen_csv,unary,unavailable_in_frozen_csv,unavailable_in_frozen_csv,unavailable_in_frozen_csv,True,unavailable_in_frozen_csv,1,exact_final_tree_family_counts
bank_conv-bin,0,5,cals_compact_explain,affine_interaction,unavailable_in_frozen_csv,horn,unavailable_in_frozen_csv,unavailable_in_frozen_csv,unavailable_in_frozen_csv,True,unavailable_in_frozen_csv,3,exact_final_tree_family_counts
bank_conv-bin,0,5,cals_compact_explain,affine_interaction,unavailable_in_frozen_csv,unary,unavailable_in_frozen_csv,unavailable_in_frozen_csv,unavailable_in_frozen_csv,True,unavailable_in_frozen_csv,1,exact_final_tree_family_counts
bank_conv-bin,0,7,cals,affine_interaction,unavailable_in_frozen_csv,horn,unavailable_in_frozen_csv,unavailable_in_frozen_csv,unavailable_in_frozen_csv,True,unavailable_in_frozen_csv,12,exact_final_tree_family_counts
bank_conv-bin,0,7,cals,affine_interaction,unavailable_in_frozen_csv,unary,unavailable_in_frozen_csv,unavailable_in_frozen_csv,unavailable_in_frozen_csv,True,unavailable_in_frozen_csv,1,exact_final_tree_family_counts
bank_conv-bin,0,7,cals_compact_explain,affine_interaction,unavailable_in_frozen_csv,horn,unavailable_in_frozen_csv,unavailable_in_frozen_csv,unavailable_in_frozen_csv,True,unavailable_in_frozen_csv,5,exact_final_tree_family_counts
bank_conv-bin,0,7,cals_compact_explain,affine_interaction,unavailable_in_frozen_csv,unary,unavailable_in_frozen_csv,unavailable_in_frozen_csv,unavailable_in_frozen_csv,True,unavailable_in_frozen_csv,2,exact_final_tree_family_counts
bank_conv-bin,1,5,cals,affine_interaction,unavailable_in_frozen_csv,square2cnf,unavailable_in_frozen_csv,unavailable_in_frozen_csv,unavailable_in_frozen_csv,True,unavailable_in_frozen_csv,7,exact_final_tree_family_counts
bank_conv-bin,1,5,cals,affine_interaction,unavailable_in_frozen_csv,unary,unavailable_in_frozen_csv,unavailable_in_frozen_csv,unavailable_in_frozen_csv,True,unavailable_in_frozen_csv,1,exact_final_tree_family_counts
bank_conv-bin,1,5,cals_compact_explain,affine_interaction,0,square2cnf,unavailable_in_frozen_csv,unavailable_in_frozen_csv,unavailable_in_frozen_csv,True,True,1,exact_final_tree_family_counts
bank_conv-bin,1,7,cals,affine_interaction,unavailable_in_frozen_csv,square2cnf,unavailable_in_frozen_csv,unavailable_in_frozen_csv,unavailable_in_frozen_csv,True,unavailable_in_frozen_csv,11,exact_final_tree_family_counts
bank_conv-bin,1,7,cals,affine_interaction,unavailable_in_frozen_csv,unary,unavailable_in_frozen_csv,unavailable_in_frozen_csv,unavailable_in_frozen_csv,True,unavailable_in_frozen_csv,3,exact_final_tree_family_counts
bank_conv-bin,1,7,cals_compact_explain,affine_interaction,0,square2cnf,unavailable_in_frozen_csv,unavailable_in_frozen_csv,unavailable_in_frozen_csv,True,True,1,exact_final_tree_family_counts
bank_conv-bin,2,5,cals_compact_explain,affine_interaction,unavailable_in_frozen_csv,horn,unavailable_in_frozen_csv,unavailable_in_frozen_csv,unavailable_in_frozen_csv,True,unavailable_in_frozen_csv,2,exact_final_tree_family_counts
bank_conv-bin,2,7,cals_compact_explain,affine_interaction,unavailable_in_frozen_csv,horn,unavailable_in_frozen_csv,unavailable_in_frozen_csv,unavailable_in_frozen_csv,True,unavailable_in_frozen_csv,4,exact_final_tree_family_counts
bank_conv-bin,2,7,cals_compact_explain,affine_interaction,unavailable_in_frozen_csv,unary,unavailable_in_frozen_csv,unavailable_in_frozen_csv,unavailable_in_frozen_csv,True,unavailable_in_frozen_csv,3,exact_final_tree_family_counts
bank_conv-bin,3,5,cals,affine_interaction,unavailable_in_frozen_csv,horn,unavailable_in_frozen_csv,unavailable_in_frozen_csv,unavailable_in_frozen_csv,True,unavailable_in_frozen_csv,4,exact_final_tree_family_counts
bank_conv-bin,3,5,cals_compact_explain,affine_interaction,unavailable_in_frozen_csv,horn,unavailable_in_frozen_csv,unavailable_in_frozen_csv,unavailable_in_frozen_csv,True,unavailable_in_frozen_csv,2,exact_final_tree_family_counts
bank_conv-bin,3,7,cals,affine_interaction,unavailable_in_frozen_csv,horn,unavailable_in_frozen_csv,unavailable_in_frozen_csv,unavailable_in_frozen_csv,True,unavailable_in_frozen_csv,4,exact_final_tree_family_counts
bank_conv-bin,3,7,cals_compact_explain,affine_interaction,unavailable_in_frozen_csv,horn,unavailable_in_frozen_csv,unavailable_in_frozen_csv,unavailable_in_frozen_csv,True,unavailable_in_frozen_csv,2,exact_final_tree_family_counts
bank_conv-bin,4,5,cals,affine_interaction,unavailable_in_frozen_csv,square2cnf,unavailable_in_frozen_csv,unavailable_in_frozen_csv,unavailable_in_frozen_csv,True,unavailable_in_frozen_csv,6,exact_final_tree_family_counts
bank_conv-bin,4,5,cals_compact_explain,affine_interaction,unavailable_in_frozen_csv,horn,unavailable_in_frozen_csv,unavailable_in_frozen_csv,unavailable_in_frozen_csv,True,unavailable_in_frozen_csv,3,exact_final_tree_family_counts
bank_conv-bin,4,5,cals_compact_explain,affine_interaction,unavailable_in_frozen_csv,unary,unavailable_in_frozen_csv,unavailable_in_frozen_csv,unavailable_in_frozen_csv,True,unavailable_in_frozen_csv,2,exact_final_tree_family_counts
bank_conv-bin,4,7,cals,affine_interaction,unavailable_in_frozen_csv,square2cnf,unavailable_in_frozen_csv,unavailable_in_frozen_csv,unavailable_in_frozen_csv,True,unavailable_in_frozen_csv,12,exact_final_tree_family_counts
bank_conv-bin,4,7,cals_compact_explain,affine_interaction,unavailable_in_frozen_csv,horn,unavailable_in_frozen_csv,unavailable_in_frozen_csv,unavailable_in_frozen_csv,True,unavailable_in_frozen_csv,3,exact_final_tree_family_counts
bank_conv-bin,4,7,cals_compact_explain,affine_interaction,unavailable_in_frozen_csv,unary,unavailable_in_frozen_csv,unavailable_in_frozen_csv,unavailable_in_frozen_csv,True,unavailable_in_frozen_csv,2,exact_final_tree_family_counts
bank_conv-bin,5,5,cals,affine_interaction,unavailable_in_frozen_csv,horn,unavailable_in_frozen_csv,unavailable_in_frozen_csv,unavailable_in_frozen_csv,True,unavailable_in_frozen_csv,7,exact_final_tree_family_counts
bank_conv-bin,5,5,cals,affine_interaction,unavailable_in_frozen_csv,unary,unavailable_in_frozen_csv,unavailable_in_frozen_csv,unavailable_in_frozen_csv,True,unavailable_in_frozen_csv,3,exact_final_tree_family_counts
bank_conv-bin,5,5,cals_compact_explain,affine_interaction,0,horn,unavailable_in_frozen_csv,unavailable_in_frozen_csv,unavailable_in_frozen_csv,True,True,1,exact_final_tree_family_counts
bank_conv-bin,5,7,cals,affine_interaction,unavailable_in_frozen_csv,horn,unavailable_in_frozen_csv,unavailable_in_frozen_csv,unavailable_in_frozen_csv,True,unavailable_in_frozen_csv,19,exact_final_tree_family_counts
bank_conv-bin,5,7,cals,affine_interaction,unavailable_in_frozen_csv,unary,unavailable_in_frozen_csv,unavailable_in_frozen_csv,unavailable_in_frozen_csv,True,unavailable_in_frozen_csv,4,exact_final_tree_family_counts
bank_conv-bin,5,7,cals_compact_explain,affine_interaction,unavailable_in_frozen_csv,horn,unavailable_in_frozen_csv,unavailable_in_frozen_csv,unavailable_in_frozen_csv,True,unavailable_in_frozen_csv,10,exact_final_tree_family_counts
bank_conv-bin,5,7,cals_compact_explain,affine_interaction,unavailable_in_frozen_csv,unary,unavailable_in_frozen_csv,unavailable_in_frozen_csv,unavailable_in_frozen_csv,True,unavailable_in_frozen_csv,5,exact_final_tree_family_counts
bank_conv-bin,6,5,cals,affine_interaction,unavailable_in_frozen_csv,horn,unavailable_in_frozen_csv,unavailable_in_frozen_csv,unavailable_in_frozen_csv,True,unavailable_in_frozen_csv,8,exact_final_tree_family_counts
bank_conv-bin,6,5,cals,affine_interaction,unavailable_in_frozen_csv,unary,unavailable_in_frozen_csv,unavailable_in_frozen_csv,unavailable_in_frozen_csv,True,unavailable_in_frozen_csv,1,exact_final_tree_family_counts
bank_conv-bin,6,5,cals_compact_explain,affine_interaction,0,horn,unavailable_in_frozen_csv,unavailable_in_frozen_csv,unavailable_in_frozen_csv,True,True,1,exact_final_tree_family_counts
bank_conv-bin,6,7,cals,affine_interaction,unavailable_in_frozen_csv,horn,unavailable_in_frozen_csv,unavailable_in_frozen_csv,unavailable_in_frozen_csv,True,unavailable_in_frozen_csv,11,exact_final_tree_family_counts
bank_conv-bin,6,7,cals,affine_interaction,unavailable_in_frozen_csv,unary,unavailable_in_frozen_csv,unavailable_in_frozen_csv,unavailable_in_frozen_csv,True,unavailable_in_frozen_csv,1,exact_final_tree_family_counts
bank_conv-bin,6,7,cals_compact_explain,affine_interaction,unavailable_in_frozen_csv,horn,unavailable_in_frozen_csv,unavailable_in_frozen_csv,unavailable_in_frozen_csv,True,unavailable_in_frozen_csv,11,exact_final_tree_family_counts
bank_conv-bin,6,7,cals_compact_explain,affine_interaction,unavailable_in_frozen_csv,unary,unavailable_in_frozen_csv,unavailable_in_frozen_csv,unavailable_in_frozen_csv,True,unavailable_in_frozen_csv,1,exact_final_tree_family_counts
bank_conv-bin,7,5,cals,affine_interaction,unavailable_in_frozen_csv,square2cnf,unavailable_in_frozen_csv,unavailable_in_frozen_csv,unavailable_in_frozen_csv,True,unavailable_in_frozen_csv,12,exact_final_tree_family_counts
bank_conv-bin,7,5,cals,affine_interaction,unavailable_in_frozen_csv,unary,unavailable_in_frozen_csv,unavailable_in_frozen_csv,unavailable_in_frozen_csv,True,unavailable_in_frozen_csv,2,exact_final_tree_family_counts
bank_conv-bin,7,5,cals_compact_explain,affine_interaction,unavailable_in_frozen_csv,square2cnf,unavailable_in_frozen_csv,unavailable_in_frozen_csv,unavailable_in_frozen_csv,True,unavailable_in_frozen_csv,7,exact_final_tree_family_counts
bank_conv-bin,7,7,cals,affine_interaction,unavailable_in_frozen_csv,square2cnf,unavailable_in_frozen_csv,unavailable_in_frozen_csv,unavailable_in_frozen_csv,True,unavailable_in_frozen_csv,12,exact_final_tree_family_counts
bank_conv-bin,7,7,cals,affine_interaction,unavailable_in_frozen_csv,unary,unavailable_in_frozen_csv,unavailable_in_frozen_csv,unavailable_in_frozen_csv,True,unavailable_in_frozen_csv,2,exact_final_tree_family_counts
bank_conv-bin,7,7,cals_compact_explain,affine_interaction,unavailable_in_frozen_csv,square2cnf,unavailable_in_frozen_csv,unavailable_in_frozen_csv,unavailable_in_frozen_csv,True,unavailable_in_frozen_csv,9,exact_final_tree_family_counts
bank_conv-bin,7,7,cals_compact_explain,affine_interaction,unavailable_in_frozen_csv,unary,unavailable_in_frozen_csv,unavailable_in_frozen_csv,unavailable_in_frozen_csv,True,unavailable_in_frozen_csv,1,exact_final_tree_family_counts
bank_conv-bin,8,5,cals,affine_interaction,unavailable_in_frozen_csv,square2cnf,unavailable_in_frozen_csv,unavailable_in_frozen_csv,unavailable_in_frozen_csv,True,unavailable_in_frozen_csv,3,exact_final_tree_family_counts
bank_conv-bin,8,5,cals,affine_interaction,unavailable_in_frozen_csv,unary,unavailable_in_frozen_csv,unavailable_in_frozen_csv,unavailable_in_frozen_csv,True,unavailable_in_frozen_csv,2,exact_final_tree_family_counts
bank_conv-bin,8,5,cals_compact_explain,affine_interaction,unavailable_in_frozen_csv,square2cnf,unavailable_in_frozen_csv,unavailable_in_frozen_csv,unavailable_in_frozen_csv,True,unavailable_in_frozen_csv,2,exact_final_tree_family_counts
bank_conv-bin,8,7,cals,affine_interaction,unavailable_in_frozen_csv,square2cnf,unavailable_in_frozen_csv,unavailable_in_frozen_csv,unavailable_in_frozen_csv,True,unavailable_in_frozen_csv,3,exact_final_tree_family_counts
bank_conv-bin,8,7,cals,affine_interaction,unavailable_in_frozen_csv,unary,unavailable_in_frozen_csv,unavailable_in_frozen_csv,unavailable_in_frozen_csv,True,unavailable_in_frozen_csv,2,exact_final_tree_family_counts
bank_conv-bin,8,7,cals_compact_explain,affine_interaction,unavailable_in_frozen_csv,square2cnf,unavailable_in_frozen_csv,unavailable_in_frozen_csv,unavailable_in_frozen_csv,True,unavailable_in_frozen_csv,2,exact_final_tree_family_counts
bank_conv-bin,9,5,cals,affine_interaction,unavailable_in_frozen_csv,horn,unavailable_in_frozen_csv,unavailable_in_frozen_csv,unavailable_in_frozen_csv,True,unavailable_in_frozen_csv,4,exact_final_tree_family_counts
bank_conv-bin,9,5,cals_compact_explain,affine_interaction,unavailable_in_frozen_csv,horn,unavailable_in_frozen_csv,unavailable_in_frozen_csv,unavailable_in_frozen_csv,True,unavailable_in_frozen_csv,2,exact_final_tree_family_counts
bank_conv-bin,9,7,cals,affine_interaction,unavailable_in_frozen_csv,horn,unavailable_in_frozen_csv,unavailable_in_frozen_csv,unavailable_in_frozen_csv,True,unavailable_in_frozen_csv,8,exact_final_tree_family_counts
bank_conv-bin,9,7,cals_compact_explain,affine_interaction,unavailable_in_frozen_csv,horn,unavailable_in_frozen_csv,unavailable_in_frozen_csv,unavailable_in_frozen_csv,True,unavailable_in_frozen_csv,2,exact_final_tree_family_counts
banknote-bin,0,5,cals,unary_dominant,unavailable_in_frozen_csv,square2cnf,unavailable_in_frozen_csv,unavailable_in_frozen_csv,unavailable_in_frozen_csv,True,unavailable_in_frozen_csv,7,exact_final_tree_family_counts
banknote-bin,0,5,cals,unary_dominant,unavailable_in_frozen_csv,unary,unavailable_in_frozen_csv,unavailable_in_frozen_csv,unavailable_in_frozen_csv,True,unavailable_in_frozen_csv,1,exact_final_tree_family_counts
banknote-bin,0,5,cals_compact_explain,unary_dominant,unavailable_in_frozen_csv,square2cnf,unavailable_in_frozen_csv,unavailable_in_frozen_csv,unavailable_in_frozen_csv,True,unavailable_in_frozen_csv,9,exact_final_tree_family_counts
banknote-bin,0,5,cals_compact_explain,unary_dominant,unavailable_in_frozen_csv,unary,unavailable_in_frozen_csv,unavailable_in_frozen_csv,unavailable_in_frozen_csv,True,unavailable_in_frozen_csv,1,exact_final_tree_family_counts
banknote-bin,0,7,cals,unary_dominant,unavailable_in_frozen_csv,square2cnf,unavailable_in_frozen_csv,unavailable_in_frozen_csv,unavailable_in_frozen_csv,True,unavailable_in_frozen_csv,7,exact_final_tree_family_counts
banknote-bin,0,7,cals,unary_dominant,unavailable_in_frozen_csv,unary,unavailable_in_frozen_csv,unavailable_in_frozen_csv,unavailable_in_frozen_csv,True,unavailable_in_frozen_csv,1,exact_final_tree_family_counts
banknote-bin,0,7,cals_compact_explain,unary_dominant,unavailable_in_frozen_csv,square2cnf,unavailable_in_frozen_csv,unavailable_in_frozen_csv,unavailable_in_frozen_csv,True,unavailable_in_frozen_csv,9,exact_final_tree_family_counts
banknote-bin,0,7,cals_compact_explain,unary_dominant,unavailable_in_frozen_csv,unary,unavailable_in_frozen_csv,unavailable_in_frozen_csv,unavailable_in_frozen_csv,True,unavailable_in_frozen_csv,1,exact_final_tree_family_counts
banknote-bin,1,5,cals,unary_dominant,unavailable_in_frozen_csv,square2cnf,unavailable_in_frozen_csv,unavailable_in_frozen_csv,unavailable_in_frozen_csv,True,unavailable_in_frozen_csv,5,exact_final_tree_family_counts
banknote-bin,1,5,cals_compact_explain,unary_dominant,unavailable_in_frozen_csv,square2cnf,unavailable_in_frozen_csv,unavailable_in_frozen_csv,unavailable_in_frozen_csv,True,unavailable_in_frozen_csv,5,exact_final_tree_family_counts
banknote-bin,1,5,cals_compact_explain,unary_dominant,unavailable_in_frozen_csv,unary,unavailable_in_frozen_csv,unavailable_in_frozen_csv,unavailable_in_frozen_csv,True,unavailable_in_frozen_csv,1,exact_final_tree_family_counts
banknote-bin,1,7,cals,unary_dominant,unavailable_in_frozen_csv,square2cnf,unavailable_in_frozen_csv,unavailable_in_frozen_csv,unavailable_in_frozen_csv,True,unavailable_in_frozen_csv,5,exact_final_tree_family_counts
banknote-bin,1,7,cals_compact_explain,unary_dominant,unavailable_in_frozen_csv,square2cnf,unavailable_in_frozen_csv,unavailable_in_frozen_csv,unavailable_in_frozen_csv,True,unavailable_in_frozen_csv,5,exact_final_tree_family_counts
banknote-bin,1,7,cals_compact_explain,unary_dominant,unavailable_in_frozen_csv,unary,unavailable_in_frozen_csv,unavailable_in_frozen_csv,unavailable_in_frozen_csv,True,unavailable_in_frozen_csv,1,exact_final_tree_family_counts
banknote-bin,2,5,cals,unary_dominant,unavailable_in_frozen_csv,square2cnf,unavailable_in_frozen_csv,unavailable_in_frozen_csv,unavailable_in_frozen_csv,True,unavailable_in_frozen_csv,6,exact_final_tree_family_counts
banknote-bin,2,5,cals_compact_explain,unary_dominant,unavailable_in_frozen_csv,square2cnf,unavailable_in_frozen_csv,unavailable_in_frozen_csv,unavailable_in_frozen_csv,True,unavailable_in_frozen_csv,4,exact_final_tree_family_counts
banknote-bin,2,7,cals,unary_dominant,unavailable_in_frozen_csv,square2cnf,unavailable_in_frozen_csv,unavailable_in_frozen_csv,unavailable_in_frozen_csv,True,unavailable_in_frozen_csv,6,exact_final_tree_family_counts
banknote-bin,2,7,cals_compact_explain,unary_dominant,unavailable_in_frozen_csv,square2cnf,unavailable_in_frozen_csv,unavailable_in_frozen_csv,unavailable_in_frozen_csv,True,unavailable_in_frozen_csv,4,exact_final_tree_family_counts
banknote-bin,3,5,cals,unary_dominant,unavailable_in_frozen_csv,square2cnf,unavailable_in_frozen_csv,unavailable_in_frozen_csv,unavailable_in_frozen_csv,True,unavailable_in_frozen_csv,6,exact_final_tree_family_counts
banknote-bin,3,5,cals_compact_explain,unary_dominant,unavailable_in_frozen_csv,square2cnf,unavailable_in_frozen_csv,unavailable_in_frozen_csv,unavailable_in_frozen_csv,True,unavailable_in_frozen_csv,7,exact_final_tree_family_counts
banknote-bin,3,5,cals_compact_explain,unary_dominant,unavailable_in_frozen_csv,unary,unavailable_in_frozen_csv,unavailable_in_frozen_csv,unavailable_in_frozen_csv,True,unavailable_in_frozen_csv,1,exact_final_tree_family_counts
banknote-bin,3,7,cals,unary_dominant,unavailable_in_frozen_csv,square2cnf,unavailable_in_frozen_csv,unavailable_in_frozen_csv,unavailable_in_frozen_csv,True,unavailable_in_frozen_csv,6,exact_final_tree_family_counts
banknote-bin,3,7,cals_compact_explain,unary_dominant,unavailable_in_frozen_csv,square2cnf,unavailable_in_frozen_csv,unavailable_in_frozen_csv,unavailable_in_frozen_csv,True,unavailable_in_frozen_csv,7,exact_final_tree_family_counts
banknote-bin,3,7,cals_compact_explain,unary_dominant,unavailable_in_frozen_csv,unary,unavailable_in_frozen_csv,unavailable_in_frozen_csv,unavailable_in_frozen_csv,True,unavailable_in_frozen_csv,1,exact_final_tree_family_counts
banknote-bin,4,5,cals,unary_dominant,unavailable_in_frozen_csv,square2cnf,unavailable_in_frozen_csv,unavailable_in_frozen_csv,unavailable_in_frozen_csv,True,unavailable_in_frozen_csv,6,exact_final_tree_family_counts
banknote-bin,4,5,cals_compact_explain,unary_dominant,unavailable_in_frozen_csv,square2cnf,unavailable_in_frozen_csv,unavailable_in_frozen_csv,unavailable_in_frozen_csv,True,unavailable_in_frozen_csv,7,exact_final_tree_family_counts
banknote-bin,4,7,cals,unary_dominant,unavailable_in_frozen_csv,square2cnf,unavailable_in_frozen_csv,unavailable_in_frozen_csv,unavailable_in_frozen_csv,True,unavailable_in_frozen_csv,6,exact_final_tree_family_counts
banknote-bin,4,7,cals_compact_explain,unary_dominant,unavailable_in_frozen_csv,square2cnf,unavailable_in_frozen_csv,unavailable_in_frozen_csv,unavailable_in_frozen_csv,True,unavailable_in_frozen_csv,7,exact_final_tree_family_counts
banknote-bin,4,7,cals_compact_explain,unary_dominant,unavailable_in_frozen_csv,unary,unavailable_in_frozen_csv,unavailable_in_frozen_csv,unavailable_in_frozen_csv,True,unavailable_in_frozen_csv,1,exact_final_tree_family_counts
banknote-bin,5,5,cals,unary_dominant,unavailable_in_frozen_csv,square2cnf,unavailable_in_frozen_csv,unavailable_in_frozen_csv,unavailable_in_frozen_csv,True,unavailable_in_frozen_csv,7,exact_final_tree_family_counts
banknote-bin,5,5,cals,unary_dominant,unavailable_in_frozen_csv,unary,unavailable_in_frozen_csv,unavailable_in_frozen_csv,unavailable_in_frozen_csv,True,unavailable_in_frozen_csv,1,exact_final_tree_family_counts
banknote-bin,5,5,cals_compact_explain,unary_dominant,unavailable_in_frozen_csv,square2cnf,unavailable_in_frozen_csv,unavailable_in_frozen_csv,unavailable_in_frozen_csv,True,unavailable_in_frozen_csv,4,exact_final_tree_family_counts
banknote-bin,5,5,cals_compact_explain,unary_dominant,unavailable_in_frozen_csv,unary,unavailable_in_frozen_csv,unavailable_in_frozen_csv,unavailable_in_frozen_csv,True,unavailable_in_frozen_csv,1,exact_final_tree_family_counts
banknote-bin,5,7,cals,unary_dominant,unavailable_in_frozen_csv,square2cnf,unavailable_in_frozen_csv,unavailable_in_frozen_csv,unavailable_in_frozen_csv,True,unavailable_in_frozen_csv,7,exact_final_tree_family_counts
banknote-bin,5,7,cals,unary_dominant,unavailable_in_frozen_csv,unary,unavailable_in_frozen_csv,unavailable_in_frozen_csv,unavailable_in_frozen_csv,True,unavailable_in_frozen_csv,1,exact_final_tree_family_counts
banknote-bin,5,7,cals_compact_explain,unary_dominant,unavailable_in_frozen_csv,square2cnf,unavailable_in_frozen_csv,unavailable_in_frozen_csv,unavailable_in_frozen_csv,True,unavailable_in_frozen_csv,4,exact_final_tree_family_counts
banknote-bin,5,7,cals_compact_explain,unary_dominant,unavailable_in_frozen_csv,unary,unavailable_in_frozen_csv,unavailable_in_frozen_csv,unavailable_in_frozen_csv,True,unavailable_in_frozen_csv,1,exact_final_tree_family_counts
banknote-bin,6,5,cals,unary_dominant,unavailable_in_frozen_csv,square2cnf,unavailable_in_frozen_csv,unavailable_in_frozen_csv,unavailable_in_frozen_csv,True,unavailable_in_frozen_csv,5,exact_final_tree_family_counts
banknote-bin,6,5,cals_compact_explain,unary_dominant,unavailable_in_frozen_csv,square2cnf,unavailable_in_frozen_csv,unavailable_in_frozen_csv,unavailable_in_frozen_csv,True,unavailable_in_frozen_csv,5,exact_final_tree_family_counts
banknote-bin,6,5,cals_compact_explain,unary_dominant,unavailable_in_frozen_csv,unary,unavailable_in_frozen_csv,unavailable_in_frozen_csv,unavailable_in_frozen_csv,True,unavailable_in_frozen_csv,1,exact_final_tree_family_counts
banknote-bin,6,7,cals,unary_dominant,unavailable_in_frozen_csv,square2cnf,unavailable_in_frozen_csv,unavailable_in_frozen_csv,unavailable_in_frozen_csv,True,unavailable_in_frozen_csv,5,exact_final_tree_family_counts
banknote-bin,6,7,cals_compact_explain,unary_dominant,unavailable_in_frozen_csv,square2cnf,unavailable_in_frozen_csv,unavailable_in_frozen_csv,unavailable_in_frozen_csv,True,unavailable_in_frozen_csv,5,exact_final_tree_family_counts
banknote-bin,6,7,cals_compact_explain,unary_dominant,unavailable_in_frozen_csv,unary,unavailable_in_frozen_csv,unavailable_in_frozen_csv,unavailable_in_frozen_csv,True,unavailable_in_frozen_csv,1,exact_final_tree_family_counts
banknote-bin,7,5,cals,unary_dominant,unavailable_in_frozen_csv,square2cnf,unavailable_in_frozen_csv,unavailable_in_frozen_csv,unavailable_in_frozen_csv,True,unavailable_in_frozen_csv,4,exact_final_tree_family_counts
banknote-bin,7,5,cals_compact_explain,unary_dominant,unavailable_in_frozen_csv,square2cnf,unavailable_in_frozen_csv,unavailable_in_frozen_csv,unavailable_in_frozen_csv,True,unavailable_in_frozen_csv,5,exact_final_tree_family_counts
banknote-bin,7,5,cals_compact_explain,unary_dominant,unavailable_in_frozen_csv,unary,unavailable_in_frozen_csv,unavailable_in_frozen_csv,unavailable_in_frozen_csv,True,unavailable_in_frozen_csv,1,exact_final_tree_family_counts
banknote-bin,7,7,cals,unary_dominant,unavailable_in_frozen_csv,square2cnf,unavailable_in_frozen_csv,unavailable_in_frozen_csv,unavailable_in_frozen_csv,True,unavailable_in_frozen_csv,7,exact_final_tree_family_counts
banknote-bin,7,7,cals,unary_dominant,unavailable_in_frozen_csv,unary,unavailable_in_frozen_csv,unavailable_in_frozen_csv,unavailable_in_frozen_csv,True,unavailable_in_frozen_csv,1,exact_final_tree_family_counts
banknote-bin,7,7,cals_compact_explain,unary_dominant,unavailable_in_frozen_csv,square2cnf,unavailable_in_frozen_csv,unavailable_in_frozen_csv,unavailable_in_frozen_csv,True,unavailable_in_frozen_csv,9,exact_final_tree_family_counts
banknote-bin,7,7,cals_compact_explain,unary_dominant,unavailable_in_frozen_csv,unary,unavailable_in_frozen_csv,unavailable_in_frozen_csv,unavailable_in_frozen_csv,True,unavailable_in_frozen_csv,4,exact_final_tree_family_counts
banknote-bin,8,5,cals,unary_dominant,unavailable_in_frozen_csv,square2cnf,unavailable_in_frozen_csv,unavailable_in_frozen_csv,unavailable_in_frozen_csv,True,unavailable_in_frozen_csv,5,exact_final_tree_family_counts
banknote-bin,8,5,cals_compact_explain,unary_dominant,unavailable_in_frozen_csv,square2cnf,unavailable_in_frozen_csv,unavailable_in_frozen_csv,unavailable_in_frozen_csv,True,unavailable_in_frozen_csv,7,exact_final_tree_family_counts
banknote-bin,8,5,cals_compact_explain,unary_dominant,unavailable_in_frozen_csv,unary,unavailable_in_frozen_csv,unavailable_in_frozen_csv,unavailable_in_frozen_csv,True,unavailable_in_frozen_csv,1,exact_final_tree_family_counts
banknote-bin,8,7,cals,unary_dominant,unavailable_in_frozen_csv,square2cnf,unavailable_in_frozen_csv,unavailable_in_frozen_csv,unavailable_in_frozen_csv,True,unavailable_in_frozen_csv,5,exact_final_tree_family_counts
banknote-bin,8,7,cals_compact_explain,unary_dominant,unavailable_in_frozen_csv,square2cnf,unavailable_in_frozen_csv,unavailable_in_frozen_csv,unavailable_in_frozen_csv,True,unavailable_in_frozen_csv,7,exact_final_tree_family_counts
banknote-bin,8,7,cals_compact_explain,unary_dominant,unavailable_in_frozen_csv,unary,unavailable_in_frozen_csv,unavailable_in_frozen_csv,unavailable_in_frozen_csv,True,unavailable_in_frozen_csv,1,exact_final_tree_family_counts
banknote-bin,9,5,cals,unary_dominant,unavailable_in_frozen_csv,square2cnf,unavailable_in_frozen_csv,unavailable_in_frozen_csv,unavailable_in_frozen_csv,True,unavailable_in_frozen_csv,5,exact_final_tree_family_counts
banknote-bin,9,5,cals_compact_explain,unary_dominant,unavailable_in_frozen_csv,square2cnf,unavailable_in_frozen_csv,unavailable_in_frozen_csv,unavailable_in_frozen_csv,True,unavailable_in_frozen_csv,10,exact_final_tree_family_counts
banknote-bin,9,7,cals,unary_dominant,unavailable_in_frozen_csv,square2cnf,unavailable_in_frozen_csv,unavailable_in_frozen_csv,unavailable_in_frozen_csv,True,unavailable_in_frozen_csv,5,exact_final_tree_family_counts
banknote-bin,9,7,cals_compact_explain,unary_dominant,unavailable_in_frozen_csv,square2cnf,unavailable_in_frozen_csv,unavailable_in_frozen_csv,unavailable_in_frozen_csv,True,unavailable_in_frozen_csv,8,exact_final_tree_family_counts
biodeg-bin,0,5,cals,square2cnf_interaction,unavailable_in_frozen_csv,square2cnf,unavailable_in_frozen_csv,unavailable_in_frozen_csv,unavailable_in_frozen_csv,True,unavailable_in_frozen_csv,3,exact_final_tree_family_counts
biodeg-bin,0,5,cals_compact_explain,square2cnf_interaction,unavailable_in_frozen_csv,square2cnf,unavailable_in_frozen_csv,unavailable_in_frozen_csv,unavailable_in_frozen_csv,True,unavailable_in_frozen_csv,5,exact_final_tree_family_counts
biodeg-bin,0,7,cals,square2cnf_interaction,unavailable_in_frozen_csv,square2cnf,unavailable_in_frozen_csv,unavailable_in_frozen_csv,unavailable_in_frozen_csv,True,unavailable_in_frozen_csv,11,exact_final_tree_family_counts
biodeg-bin,0,7,cals,square2cnf_interaction,unavailable_in_frozen_csv,unary,unavailable_in_frozen_csv,unavailable_in_frozen_csv,unavailable_in_frozen_csv,True,unavailable_in_frozen_csv,1,exact_final_tree_family_counts
biodeg-bin,0,7,cals_compact_explain,square2cnf_interaction,unavailable_in_frozen_csv,square2cnf,unavailable_in_frozen_csv,unavailable_in_frozen_csv,unavailable_in_frozen_csv,True,unavailable_in_frozen_csv,14,exact_final_tree_family_counts
biodeg-bin,1,5,cals,square2cnf_interaction,unavailable_in_frozen_csv,square2cnf,unavailable_in_frozen_csv,unavailable_in_frozen_csv,unavailable_in_frozen_csv,True,unavailable_in_frozen_csv,4,exact_final_tree_family_counts
biodeg-bin,1,5,cals_compact_explain,square2cnf_interaction,unavailable_in_frozen_csv,square2cnf,unavailable_in_frozen_csv,unavailable_in_frozen_csv,unavailable_in_frozen_csv,True,unavailable_in_frozen_csv,5,exact_final_tree_family_counts
biodeg-bin,1,5,cals_compact_explain,square2cnf_interaction,unavailable_in_frozen_csv,unary,unavailable_in_frozen_csv,unavailable_in_frozen_csv,unavailable_in_frozen_csv,True,unavailable_in_frozen_csv,1,exact_final_tree_family_counts
biodeg-bin,1,7,cals,square2cnf_interaction,unavailable_in_frozen_csv,square2cnf,unavailable_in_frozen_csv,unavailable_in_frozen_csv,unavailable_in_frozen_csv,True,unavailable_in_frozen_csv,8,exact_final_tree_family_counts
biodeg-bin,1,7,cals_compact_explain,square2cnf_interaction,unavailable_in_frozen_csv,square2cnf,unavailable_in_frozen_csv,unavailable_in_frozen_csv,unavailable_in_frozen_csv,True,unavailable_in_frozen_csv,5,exact_final_tree_family_counts
biodeg-bin,1,7,cals_compact_explain,square2cnf_interaction,unavailable_in_frozen_csv,unary,unavailable_in_frozen_csv,unavailable_in_frozen_csv,unavailable_in_frozen_csv,True,unavailable_in_frozen_csv,1,exact_final_tree_family_counts
biodeg-bin,2,5,cals,square2cnf_interaction,unavailable_in_frozen_csv,square2cnf,unavailable_in_frozen_csv,unavailable_in_frozen_csv,unavailable_in_frozen_csv,True,unavailable_in_frozen_csv,8,exact_final_tree_family_counts
biodeg-bin,2,5,cals_compact_explain,square2cnf_interaction,unavailable_in_frozen_csv,square2cnf,unavailable_in_frozen_csv,unavailable_in_frozen_csv,unavailable_in_frozen_csv,True,unavailable_in_frozen_csv,13,exact_final_tree_family_counts
biodeg-bin,2,5,cals_compact_explain,square2cnf_interaction,unavailable_in_frozen_csv,unary,unavailable_in_frozen_csv,unavailable_in_frozen_csv,unavailable_in_frozen_csv,True,unavailable_in_frozen_csv,2,exact_final_tree_family_counts
biodeg-bin,2,7,cals,square2cnf_interaction,unavailable_in_frozen_csv,square2cnf,unavailable_in_frozen_csv,unavailable_in_frozen_csv,unavailable_in_frozen_csv,True,unavailable_in_frozen_csv,12,exact_final_tree_family_counts
biodeg-bin,2,7,cals,square2cnf_interaction,unavailable_in_frozen_csv,unary,unavailable_in_frozen_csv,unavailable_in_frozen_csv,unavailable_in_frozen_csv,True,unavailable_in_frozen_csv,2,exact_final_tree_family_counts
biodeg-bin,2,7,cals_compact_explain,square2cnf_interaction,unavailable_in_frozen_csv,square2cnf,unavailable_in_frozen_csv,unavailable_in_frozen_csv,unavailable_in_frozen_csv,True,unavailable_in_frozen_csv,8,exact_final_tree_family_counts
biodeg-bin,3,5,cals,square2cnf_interaction,unavailable_in_frozen_csv,square2cnf,unavailable_in_frozen_csv,unavailable_in_frozen_csv,unavailable_in_frozen_csv,True,unavailable_in_frozen_csv,2,exact_final_tree_family_counts
biodeg-bin,3,5,cals_compact_explain,square2cnf_interaction,unavailable_in_frozen_csv,square2cnf,unavailable_in_frozen_csv,unavailable_in_frozen_csv,unavailable_in_frozen_csv,True,unavailable_in_frozen_csv,2,exact_final_tree_family_counts
biodeg-bin,3,7,cals,square2cnf_interaction,unavailable_in_frozen_csv,square2cnf,unavailable_in_frozen_csv,unavailable_in_frozen_csv,unavailable_in_frozen_csv,True,unavailable_in_frozen_csv,13,exact_final_tree_family_counts
biodeg-bin,3,7,cals_compact_explain,square2cnf_interaction,unavailable_in_frozen_csv,square2cnf,unavailable_in_frozen_csv,unavailable_in_frozen_csv,unavailable_in_frozen_csv,True,unavailable_in_frozen_csv,6,exact_final_tree_family_counts
biodeg-bin,3,7,cals_compact_explain,square2cnf_interaction,unavailable_in_frozen_csv,unary,unavailable_in_frozen_csv,unavailable_in_frozen_csv,unavailable_in_frozen_csv,True,unavailable_in_frozen_csv,1,exact_final_tree_family_counts
biodeg-bin,4,5,cals,square2cnf_interaction,unavailable_in_frozen_csv,square2cnf,unavailable_in_frozen_csv,unavailable_in_frozen_csv,unavailable_in_frozen_csv,True,unavailable_in_frozen_csv,12,exact_final_tree_family_counts
biodeg-bin,4,5,cals,square2cnf_interaction,unavailable_in_frozen_csv,unary,unavailable_in_frozen_csv,unavailable_in_frozen_csv,unavailable_in_frozen_csv,True,unavailable_in_frozen_csv,1,exact_final_tree_family_counts
biodeg-bin,4,5,cals_compact_explain,square2cnf_interaction,unavailable_in_frozen_csv,square2cnf,unavailable_in_frozen_csv,unavailable_in_frozen_csv,unavailable_in_frozen_csv,True,unavailable_in_frozen_csv,5,exact_final_tree_family_counts
biodeg-bin,4,7,cals,square2cnf_interaction,unavailable_in_frozen_csv,square2cnf,unavailable_in_frozen_csv,unavailable_in_frozen_csv,unavailable_in_frozen_csv,True,unavailable_in_frozen_csv,12,exact_final_tree_family_counts
biodeg-bin,4,7,cals,square2cnf_interaction,unavailable_in_frozen_csv,unary,unavailable_in_frozen_csv,unavailable_in_frozen_csv,unavailable_in_frozen_csv,True,unavailable_in_frozen_csv,1,exact_final_tree_family_counts
biodeg-bin,4,7,cals_compact_explain,square2cnf_interaction,unavailable_in_frozen_csv,square2cnf,unavailable_in_frozen_csv,unavailable_in_frozen_csv,unavailable_in_frozen_csv,True,unavailable_in_frozen_csv,6,exact_final_tree_family_counts
biodeg-bin,5,5,cals,square2cnf_interaction,unavailable_in_frozen_csv,square2cnf,unavailable_in_frozen_csv,unavailable_in_frozen_csv,unavailable_in_frozen_csv,True,unavailable_in_frozen_csv,8,exact_final_tree_family_counts
biodeg-bin,5,5,cals,square2cnf_interaction,unavailable_in_frozen_csv,unary,unavailable_in_frozen_csv,unavailable_in_frozen_csv,unavailable_in_frozen_csv,True,unavailable_in_frozen_csv,2,exact_final_tree_family_counts
biodeg-bin,5,5,cals_compact_explain,square2cnf_interaction,unavailable_in_frozen_csv,square2cnf,unavailable_in_frozen_csv,unavailable_in_frozen_csv,unavailable_in_frozen_csv,True,unavailable_in_frozen_csv,2,exact_final_tree_family_counts
biodeg-bin,5,7,cals,square2cnf_interaction,unavailable_in_frozen_csv,square2cnf,unavailable_in_frozen_csv,unavailable_in_frozen_csv,unavailable_in_frozen_csv,True,unavailable_in_frozen_csv,11,exact_final_tree_family_counts
biodeg-bin,5,7,cals,square2cnf_interaction,unavailable_in_frozen_csv,unary,unavailable_in_frozen_csv,unavailable_in_frozen_csv,unavailable_in_frozen_csv,True,unavailable_in_frozen_csv,3,exact_final_tree_family_counts
biodeg-bin,5,7,cals_compact_explain,square2cnf_interaction,unavailable_in_frozen_csv,square2cnf,unavailable_in_frozen_csv,unavailable_in_frozen_csv,unavailable_in_frozen_csv,True,unavailable_in_frozen_csv,2,exact_final_tree_family_counts
biodeg-bin,6,5,cals,square2cnf_interaction,unavailable_in_frozen_csv,square2cnf,unavailable_in_frozen_csv,unavailable_in_frozen_csv,unavailable_in_frozen_csv,True,unavailable_in_frozen_csv,9,exact_final_tree_family_counts
biodeg-bin,6,5,cals_compact_explain,square2cnf_interaction,unavailable_in_frozen_csv,square2cnf,unavailable_in_frozen_csv,unavailable_in_frozen_csv,unavailable_in_frozen_csv,True,unavailable_in_frozen_csv,5,exact_final_tree_family_counts
biodeg-bin,6,7,cals,square2cnf_interaction,unavailable_in_frozen_csv,square2cnf,unavailable_in_frozen_csv,unavailable_in_frozen_csv,unavailable_in_frozen_csv,True,unavailable_in_frozen_csv,9,exact_final_tree_family_counts
biodeg-bin,6,7,cals_compact_explain,square2cnf_interaction,unavailable_in_frozen_csv,square2cnf,unavailable_in_frozen_csv,unavailable_in_frozen_csv,unavailable_in_frozen_csv,True,unavailable_in_frozen_csv,10,exact_final_tree_family_counts
biodeg-bin,7,5,cals,square2cnf_interaction,unavailable_in_frozen_csv,square2cnf,unavailable_in_frozen_csv,unavailable_in_frozen_csv,unavailable_in_frozen_csv,True,unavailable_in_frozen_csv,9,exact_final_tree_family_counts
biodeg-bin,7,5,cals_compact_explain,square2cnf_interaction,unavailable_in_frozen_csv,square2cnf,unavailable_in_frozen_csv,unavailable_in_frozen_csv,unavailable_in_frozen_csv,True,unavailable_in_frozen_csv,8,exact_final_tree_family_counts
biodeg-bin,7,7,cals,square2cnf_interaction,unavailable_in_frozen_csv,square2cnf,unavailable_in_frozen_csv,unavailable_in_frozen_csv,unavailable_in_frozen_csv,True,unavailable_in_frozen_csv,13,exact_final_tree_family_counts
biodeg-bin,7,7,cals_compact_explain,square2cnf_interaction,unavailable_in_frozen_csv,square2cnf,unavailable_in_frozen_csv,unavailable_in_frozen_csv,unavailable_in_frozen_csv,True,unavailable_in_frozen_csv,12,exact_final_tree_family_counts
biodeg-bin,8,5,cals,square2cnf_interaction,unavailable_in_frozen_csv,square2cnf,unavailable_in_frozen_csv,unavailable_in_frozen_csv,unavailable_in_frozen_csv,True,unavailable_in_frozen_csv,5,exact_final_tree_family_counts
biodeg-bin,8,5,cals_compact_explain,square2cnf_interaction,unavailable_in_frozen_csv,square2cnf,unavailable_in_frozen_csv,unavailable_in_frozen_csv,unavailable_in_frozen_csv,True,unavailable_in_frozen_csv,2,exact_final_tree_family_counts
biodeg-bin,8,5,cals_compact_explain,square2cnf_interaction,unavailable_in_frozen_csv,unary,unavailable_in_frozen_csv,unavailable_in_frozen_csv,unavailable_in_frozen_csv,True,unavailable_in_frozen_csv,3,exact_final_tree_family_counts
biodeg-bin,8,7,cals,square2cnf_interaction,unavailable_in_frozen_csv,square2cnf,unavailable_in_frozen_csv,unavailable_in_frozen_csv,unavailable_in_frozen_csv,True,unavailable_in_frozen_csv,10,exact_final_tree_family_counts
biodeg-bin,8,7,cals_compact_explain,square2cnf_interaction,unavailable_in_frozen_csv,square2cnf,unavailable_in_frozen_csv,unavailable_in_frozen_csv,unavailable_in_frozen_csv,True,unavailable_in_frozen_csv,8,exact_final_tree_family_counts
biodeg-bin,8,7,cals_compact_explain,square2cnf_interaction,unavailable_in_frozen_csv,unary,unavailable_in_frozen_csv,unavailable_in_frozen_csv,unavailable_in_frozen_csv,True,unavailable_in_frozen_csv,4,exact_final_tree_family_counts
biodeg-bin,9,5,cals,square2cnf_interaction,unavailable_in_frozen_csv,square2cnf,unavailable_in_frozen_csv,unavailable_in_frozen_csv,unavailable_in_frozen_csv,True,unavailable_in_frozen_csv,9,exact_final_tree_family_counts
biodeg-bin,9,5,cals_compact_explain,square2cnf_interaction,unavailable_in_frozen_csv,square2cnf,unavailable_in_frozen_csv,unavailable_in_frozen_csv,unavailable_in_frozen_csv,True,unavailable_in_frozen_csv,5,exact_final_tree_family_counts
biodeg-bin,9,7,cals,square2cnf_interaction,unavailable_in_frozen_csv,square2cnf,unavailable_in_frozen_csv,unavailable_in_frozen_csv,unavailable_in_frozen_csv,True,unavailable_in_frozen_csv,14,exact_final_tree_family_counts
biodeg-bin,9,7,cals,square2cnf_interaction,unavailable_in_frozen_csv,unary,unavailable_in_frozen_csv,unavailable_in_frozen_csv,unavailable_in_frozen_csv,True,unavailable_in_frozen_csv,1,exact_final_tree_family_counts
biodeg-bin,9,7,cals_compact_explain,square2cnf_interaction,unavailable_in_frozen_csv,square2cnf,unavailable_in_frozen_csv,unavailable_in_frozen_csv,unavailable_in_frozen_csv,True,unavailable_in_frozen_csv,5,exact_final_tree_family_counts
breast-cancer-un,0,5,cals,square2cnf_interaction,unavailable_in_frozen_csv,square2cnf,unavailable_in_frozen_csv,unavailable_in_frozen_csv,unavailable_in_frozen_csv,True,unavailable_in_frozen_csv,2,exact_final_tree_family_counts
breast-cancer-un,0,5,cals_compact_explain,square2cnf_interaction,unavailable_in_frozen_csv,square2cnf,unavailable_in_frozen_csv,unavailable_in_frozen_csv,unavailable_in_frozen_csv,True,unavailable_in_frozen_csv,2,exact_final_tree_family_counts
breast-cancer-un,0,7,cals,square2cnf_interaction,unavailable_in_frozen_csv,square2cnf,unavailable_in_frozen_csv,unavailable_in_frozen_csv,unavailable_in_frozen_csv,True,unavailable_in_frozen_csv,2,exact_final_tree_family_counts
breast-cancer-un,0,7,cals_compact_explain,square2cnf_interaction,unavailable_in_frozen_csv,square2cnf,unavailable_in_frozen_csv,unavailable_in_frozen_csv,unavailable_in_frozen_csv,True,unavailable_in_frozen_csv,2,exact_final_tree_family_counts
breast-cancer-un,1,5,cals,square2cnf_interaction,unavailable_in_frozen_csv,square2cnf,unavailable_in_frozen_csv,unavailable_in_frozen_csv,unavailable_in_frozen_csv,True,unavailable_in_frozen_csv,2,exact_final_tree_family_counts
breast-cancer-un,1,5,cals_compact_explain,square2cnf_interaction,0,square2cnf,unavailable_in_frozen_csv,unavailable_in_frozen_csv,unavailable_in_frozen_csv,True,True,1,exact_final_tree_family_counts
breast-cancer-un,1,7,cals,square2cnf_interaction,unavailable_in_frozen_csv,square2cnf,unavailable_in_frozen_csv,unavailable_in_frozen_csv,unavailable_in_frozen_csv,True,unavailable_in_frozen_csv,2,exact_final_tree_family_counts
breast-cancer-un,1,7,cals_compact_explain,square2cnf_interaction,0,square2cnf,unavailable_in_frozen_csv,unavailable_in_frozen_csv,unavailable_in_frozen_csv,True,True,1,exact_final_tree_family_counts
breast-cancer-un,2,5,cals,square2cnf_interaction,unavailable_in_frozen_csv,square2cnf,unavailable_in_frozen_csv,unavailable_in_frozen_csv,unavailable_in_frozen_csv,True,unavailable_in_frozen_csv,3,exact_final_tree_family_counts
breast-cancer-un,2,5,cals_compact_explain,square2cnf_interaction,0,square2cnf,unavailable_in_frozen_csv,unavailable_in_frozen_csv,unavailable_in_frozen_csv,True,True,1,exact_final_tree_family_counts
breast-cancer-un,2,7,cals,square2cnf_interaction,unavailable_in_frozen_csv,square2cnf,unavailable_in_frozen_csv,unavailable_in_frozen_csv,unavailable_in_frozen_csv,True,unavailable_in_frozen_csv,3,exact_final_tree_family_counts
breast-cancer-un,2,7,cals_compact_explain,square2cnf_interaction,0,square2cnf,unavailable_in_frozen_csv,unavailable_in_frozen_csv,unavailable_in_frozen_csv,True,True,1,exact_final_tree_family_counts
breast-cancer-un,3,5,cals,square2cnf_interaction,0,square2cnf,unavailable_in_frozen_csv,unavailable_in_frozen_csv,unavailable_in_frozen_csv,True,True,1,exact_final_tree_family_counts
breast-cancer-un,3,5,cals_compact_explain,square2cnf_interaction,unavailable_in_frozen_csv,square2cnf,unavailable_in_frozen_csv,unavailable_in_frozen_csv,unavailable_in_frozen_csv,True,unavailable_in_frozen_csv,2,exact_final_tree_family_counts
breast-cancer-un,3,7,cals,square2cnf_interaction,0,square2cnf,unavailable_in_frozen_csv,unavailable_in_frozen_csv,unavailable_in_frozen_csv,True,True,1,exact_final_tree_family_counts
breast-cancer-un,3,7,cals_compact_explain,square2cnf_interaction,unavailable_in_frozen_csv,square2cnf,unavailable_in_frozen_csv,unavailable_in_frozen_csv,unavailable_in_frozen_csv,True,unavailable_in_frozen_csv,2,exact_final_tree_family_counts
breast-cancer-un,4,5,cals,square2cnf_interaction,unavailable_in_frozen_csv,square2cnf,unavailable_in_frozen_csv,unavailable_in_frozen_csv,unavailable_in_frozen_csv,True,unavailable_in_frozen_csv,2,exact_final_tree_family_counts
breast-cancer-un,4,5,cals_compact_explain,square2cnf_interaction,0,square2cnf,unavailable_in_frozen_csv,unavailable_in_frozen_csv,unavailable_in_frozen_csv,True,True,1,exact_final_tree_family_counts
breast-cancer-un,4,7,cals,square2cnf_interaction,unavailable_in_frozen_csv,square2cnf,unavailable_in_frozen_csv,unavailable_in_frozen_csv,unavailable_in_frozen_csv,True,unavailable_in_frozen_csv,2,exact_final_tree_family_counts
breast-cancer-un,4,7,cals_compact_explain,square2cnf_interaction,0,square2cnf,unavailable_in_frozen_csv,unavailable_in_frozen_csv,unavailable_in_frozen_csv,True,True,1,exact_final_tree_family_counts
breast-cancer-un,5,5,cals,square2cnf_interaction,0,square2cnf,unavailable_in_frozen_csv,unavailable_in_frozen_csv,unavailable_in_frozen_csv,True,True,1,exact_final_tree_family_counts
breast-cancer-un,5,5,cals_compact_explain,square2cnf_interaction,unavailable_in_frozen_csv,square2cnf,unavailable_in_frozen_csv,unavailable_in_frozen_csv,unavailable_in_frozen_csv,True,unavailable_in_frozen_csv,2,exact_final_tree_family_counts
breast-cancer-un,5,7,cals,square2cnf_interaction,0,square2cnf,unavailable_in_frozen_csv,unavailable_in_frozen_csv,unavailable_in_frozen_csv,True,True,1,exact_final_tree_family_counts
breast-cancer-un,5,7,cals_compact_explain,square2cnf_interaction,unavailable_in_frozen_csv,square2cnf,unavailable_in_frozen_csv,unavailable_in_frozen_csv,unavailable_in_frozen_csv,True,unavailable_in_frozen_csv,2,exact_final_tree_family_counts
breast-cancer-un,6,5,cals,square2cnf_interaction,unavailable_in_frozen_csv,square2cnf,unavailable_in_frozen_csv,unavailable_in_frozen_csv,unavailable_in_frozen_csv,True,unavailable_in_frozen_csv,5,exact_final_tree_family_counts
breast-cancer-un,6,5,cals_compact_explain,square2cnf_interaction,unavailable_in_frozen_csv,square2cnf,unavailable_in_frozen_csv,unavailable_in_frozen_csv,unavailable_in_frozen_csv,True,unavailable_in_frozen_csv,2,exact_final_tree_family_counts
breast-cancer-un,6,7,cals,square2cnf_interaction,unavailable_in_frozen_csv,square2cnf,unavailable_in_frozen_csv,unavailable_in_frozen_csv,unavailable_in_frozen_csv,True,unavailable_in_frozen_csv,5,exact_final_tree_family_counts
breast-cancer-un,6,7,cals_compact_explain,square2cnf_interaction,unavailable_in_frozen_csv,square2cnf,unavailable_in_frozen_csv,unavailable_in_frozen_csv,unavailable_in_frozen_csv,True,unavailable_in_frozen_csv,2,exact_final_tree_family_counts
breast-cancer-un,7,5,cals,square2cnf_interaction,unavailable_in_frozen_csv,square2cnf,unavailable_in_frozen_csv,unavailable_in_frozen_csv,unavailable_in_frozen_csv,True,unavailable_in_frozen_csv,5,exact_final_tree_family_counts
breast-cancer-un,7,5,cals_compact_explain,square2cnf_interaction,unavailable_in_frozen_csv,square2cnf,unavailable_in_frozen_csv,unavailable_in_frozen_csv,unavailable_in_frozen_csv,True,unavailable_in_frozen_csv,2,exact_final_tree_family_counts
breast-cancer-un,7,7,cals,square2cnf_interaction,unavailable_in_frozen_csv,square2cnf,unavailable_in_frozen_csv,unavailable_in_frozen_csv,unavailable_in_frozen_csv,True,unavailable_in_frozen_csv,5,exact_final_tree_family_counts
breast-cancer-un,7,7,cals_compact_explain,square2cnf_interaction,unavailable_in_frozen_csv,square2cnf,unavailable_in_frozen_csv,unavailable_in_frozen_csv,unavailable_in_frozen_csv,True,unavailable_in_frozen_csv,2,exact_final_tree_family_counts
breast-cancer-un,8,5,cals,square2cnf_interaction,0,square2cnf,unavailable_in_frozen_csv,unavailable_in_frozen_csv,unavailable_in_frozen_csv,True,True,1,exact_final_tree_family_counts
breast-cancer-un,8,5,cals_compact_explain,square2cnf_interaction,unavailable_in_frozen_csv,square2cnf,unavailable_in_frozen_csv,unavailable_in_frozen_csv,unavailable_in_frozen_csv,True,unavailable_in_frozen_csv,2,exact_final_tree_family_counts
breast-cancer-un,8,7,cals,square2cnf_interaction,0,square2cnf,unavailable_in_frozen_csv,unavailable_in_frozen_csv,unavailable_in_frozen_csv,True,True,1,exact_final_tree_family_counts
breast-cancer-un,8,7,cals_compact_explain,square2cnf_interaction,unavailable_in_frozen_csv,square2cnf,unavailable_in_frozen_csv,unavailable_in_frozen_csv,unavailable_in_frozen_csv,True,unavailable_in_frozen_csv,2,exact_final_tree_family_counts
breast-cancer-un,9,5,cals,square2cnf_interaction,unavailable_in_frozen_csv,square2cnf,unavailable_in_frozen_csv,unavailable_in_frozen_csv,unavailable_in_frozen_csv,True,unavailable_in_frozen_csv,2,exact_final_tree_family_counts
breast-cancer-un,9,5,cals_compact_explain,square2cnf_interaction,unavailable_in_frozen_csv,square2cnf,unavailable_in_frozen_csv,unavailable_in_frozen_csv,unavailable_in_frozen_csv,True,unavailable_in_frozen_csv,2,exact_final_tree_family_counts
breast-cancer-un,9,7,cals,square2cnf_interaction,unavailable_in_frozen_csv,square2cnf,unavailable_in_frozen_csv,unavailable_in_frozen_csv,unavailable_in_frozen_csv,True,unavailable_in_frozen_csv,2,exact_final_tree_family_counts
breast-cancer-un,9,7,cals_compact_explain,square2cnf_interaction,unavailable_in_frozen_csv,square2cnf,unavailable_in_frozen_csv,unavailable_in_frozen_csv,unavailable_in_frozen_csv,True,unavailable_in_frozen_csv,2,exact_final_tree_family_counts
breast-wisconsin,0,5,cals,horn_interaction,unavailable_in_frozen_csv,square2cnf,unavailable_in_frozen_csv,unavailable_in_frozen_csv,unavailable_in_frozen_csv,True,unavailable_in_frozen_csv,3,exact_final_tree_family_counts
breast-wisconsin,0,5,cals,horn_interaction,unavailable_in_frozen_csv,unary,unavailable_in_frozen_csv,unavailable_in_frozen_csv,unavailable_in_frozen_csv,True,unavailable_in_frozen_csv,2,exact_final_tree_family_counts
breast-wisconsin,0,5,cals_compact_explain,horn_interaction,unavailable_in_frozen_csv,square2cnf,unavailable_in_frozen_csv,unavailable_in_frozen_csv,unavailable_in_frozen_csv,True,unavailable_in_frozen_csv,2,exact_final_tree_family_counts
breast-wisconsin,0,5,cals_compact_explain,horn_interaction,unavailable_in_frozen_csv,unary,unavailable_in_frozen_csv,unavailable_in_frozen_csv,unavailable_in_frozen_csv,True,unavailable_in_frozen_csv,2,exact_final_tree_family_counts
breast-wisconsin,0,7,cals,horn_interaction,unavailable_in_frozen_csv,square2cnf,unavailable_in_frozen_csv,unavailable_in_frozen_csv,unavailable_in_frozen_csv,True,unavailable_in_frozen_csv,3,exact_final_tree_family_counts
breast-wisconsin,0,7,cals,horn_interaction,unavailable_in_frozen_csv,unary,unavailable_in_frozen_csv,unavailable_in_frozen_csv,unavailable_in_frozen_csv,True,unavailable_in_frozen_csv,2,exact_final_tree_family_counts
breast-wisconsin,0,7,cals_compact_explain,horn_interaction,unavailable_in_frozen_csv,square2cnf,unavailable_in_frozen_csv,unavailable_in_frozen_csv,unavailable_in_frozen_csv,True,unavailable_in_frozen_csv,2,exact_final_tree_family_counts
breast-wisconsin,0,7,cals_compact_explain,horn_interaction,unavailable_in_frozen_csv,unary,unavailable_in_frozen_csv,unavailable_in_frozen_csv,unavailable_in_frozen_csv,True,unavailable_in_frozen_csv,2,exact_final_tree_family_counts
breast-wisconsin,1,5,cals,horn_interaction,unavailable_in_frozen_csv,horn,unavailable_in_frozen_csv,unavailable_in_frozen_csv,unavailable_in_frozen_csv,True,unavailable_in_frozen_csv,2,exact_final_tree_family_counts
breast-wisconsin,1,5,cals_compact_explain,horn_interaction,0,horn,unavailable_in_frozen_csv,unavailable_in_frozen_csv,unavailable_in_frozen_csv,True,True,1,exact_final_tree_family_counts
breast-wisconsin,1,7,cals,horn_interaction,unavailable_in_frozen_csv,horn,unavailable_in_frozen_csv,unavailable_in_frozen_csv,unavailable_in_frozen_csv,True,unavailable_in_frozen_csv,2,exact_final_tree_family_counts
breast-wisconsin,1,7,cals_compact_explain,horn_interaction,0,horn,unavailable_in_frozen_csv,unavailable_in_frozen_csv,unavailable_in_frozen_csv,True,True,1,exact_final_tree_family_counts
breast-wisconsin,2,5,cals,horn_interaction,unavailable_in_frozen_csv,square2cnf,unavailable_in_frozen_csv,unavailable_in_frozen_csv,unavailable_in_frozen_csv,True,unavailable_in_frozen_csv,2,exact_final_tree_family_counts
breast-wisconsin,2,5,cals_compact_explain,horn_interaction,0,square2cnf,unavailable_in_frozen_csv,unavailable_in_frozen_csv,unavailable_in_frozen_csv,True,True,1,exact_final_tree_family_counts
breast-wisconsin,2,7,cals,horn_interaction,unavailable_in_frozen_csv,square2cnf,unavailable_in_frozen_csv,unavailable_in_frozen_csv,unavailable_in_frozen_csv,True,unavailable_in_frozen_csv,2,exact_final_tree_family_counts
breast-wisconsin,2,7,cals_compact_explain,horn_interaction,0,square2cnf,unavailable_in_frozen_csv,unavailable_in_frozen_csv,unavailable_in_frozen_csv,True,True,1,exact_final_tree_family_counts
breast-wisconsin,3,5,cals,horn_interaction,unavailable_in_frozen_csv,square2cnf,unavailable_in_frozen_csv,unavailable_in_frozen_csv,unavailable_in_frozen_csv,True,unavailable_in_frozen_csv,2,exact_final_tree_family_counts
breast-wisconsin,3,5,cals,horn_interaction,unavailable_in_frozen_csv,unary,unavailable_in_frozen_csv,unavailable_in_frozen_csv,unavailable_in_frozen_csv,True,unavailable_in_frozen_csv,1,exact_final_tree_family_counts
breast-wisconsin,3,5,cals_compact_explain,horn_interaction,unavailable_in_frozen_csv,square2cnf,unavailable_in_frozen_csv,unavailable_in_frozen_csv,unavailable_in_frozen_csv,True,unavailable_in_frozen_csv,5,exact_final_tree_family_counts
breast-wisconsin,3,7,cals,horn_interaction,unavailable_in_frozen_csv,square2cnf,unavailable_in_frozen_csv,unavailable_in_frozen_csv,unavailable_in_frozen_csv,True,unavailable_in_frozen_csv,2,exact_final_tree_family_counts
breast-wisconsin,3,7,cals,horn_interaction,unavailable_in_frozen_csv,unary,unavailable_in_frozen_csv,unavailable_in_frozen_csv,unavailable_in_frozen_csv,True,unavailable_in_frozen_csv,1,exact_final_tree_family_counts
breast-wisconsin,3,7,cals_compact_explain,horn_interaction,unavailable_in_frozen_csv,square2cnf,unavailable_in_frozen_csv,unavailable_in_frozen_csv,unavailable_in_frozen_csv,True,unavailable_in_frozen_csv,7,exact_final_tree_family_counts
breast-wisconsin,4,5,cals,horn_interaction,unavailable_in_frozen_csv,square2cnf,unavailable_in_frozen_csv,unavailable_in_frozen_csv,unavailable_in_frozen_csv,True,unavailable_in_frozen_csv,4,exact_final_tree_family_counts
breast-wisconsin,4,5,cals,horn_interaction,unavailable_in_frozen_csv,unary,unavailable_in_frozen_csv,unavailable_in_frozen_csv,unavailable_in_frozen_csv,True,unavailable_in_frozen_csv,1,exact_final_tree_family_counts
breast-wisconsin,4,5,cals_compact_explain,horn_interaction,unavailable_in_frozen_csv,square2cnf,unavailable_in_frozen_csv,unavailable_in_frozen_csv,unavailable_in_frozen_csv,True,unavailable_in_frozen_csv,3,exact_final_tree_family_counts
breast-wisconsin,4,7,cals,horn_interaction,unavailable_in_frozen_csv,square2cnf,unavailable_in_frozen_csv,unavailable_in_frozen_csv,unavailable_in_frozen_csv,True,unavailable_in_frozen_csv,4,exact_final_tree_family_counts
breast-wisconsin,4,7,cals,horn_interaction,unavailable_in_frozen_csv,unary,unavailable_in_frozen_csv,unavailable_in_frozen_csv,unavailable_in_frozen_csv,True,unavailable_in_frozen_csv,1,exact_final_tree_family_counts
breast-wisconsin,4,7,cals_compact_explain,horn_interaction,unavailable_in_frozen_csv,square2cnf,unavailable_in_frozen_csv,unavailable_in_frozen_csv,unavailable_in_frozen_csv,True,unavailable_in_frozen_csv,3,exact_final_tree_family_counts
breast-wisconsin,5,5,cals,horn_interaction,unavailable_in_frozen_csv,square2cnf,unavailable_in_frozen_csv,unavailable_in_frozen_csv,unavailable_in_frozen_csv,True,unavailable_in_frozen_csv,4,exact_final_tree_family_counts
breast-wisconsin,5,5,cals_compact_explain,horn_interaction,unavailable_in_frozen_csv,square2cnf,unavailable_in_frozen_csv,unavailable_in_frozen_csv,unavailable_in_frozen_csv,True,unavailable_in_frozen_csv,2,exact_final_tree_family_counts
breast-wisconsin,5,5,cals_compact_explain,horn_interaction,unavailable_in_frozen_csv,unary,unavailable_in_frozen_csv,unavailable_in_frozen_csv,unavailable_in_frozen_csv,True,unavailable_in_frozen_csv,1,exact_final_tree_family_counts
breast-wisconsin,5,7,cals,horn_interaction,unavailable_in_frozen_csv,square2cnf,unavailable_in_frozen_csv,unavailable_in_frozen_csv,unavailable_in_frozen_csv,True,unavailable_in_frozen_csv,4,exact_final_tree_family_counts
breast-wisconsin,5,7,cals_compact_explain,horn_interaction,unavailable_in_frozen_csv,square2cnf,unavailable_in_frozen_csv,unavailable_in_frozen_csv,unavailable_in_frozen_csv,True,unavailable_in_frozen_csv,2,exact_final_tree_family_counts
breast-wisconsin,5,7,cals_compact_explain,horn_interaction,unavailable_in_frozen_csv,unary,unavailable_in_frozen_csv,unavailable_in_frozen_csv,unavailable_in_frozen_csv,True,unavailable_in_frozen_csv,1,exact_final_tree_family_counts
breast-wisconsin,6,5,cals,horn_interaction,unavailable_in_frozen_csv,square2cnf,unavailable_in_frozen_csv,unavailable_in_frozen_csv,unavailable_in_frozen_csv,True,unavailable_in_frozen_csv,2,exact_final_tree_family_counts
breast-wisconsin,6,5,cals_compact_explain,horn_interaction,0,square2cnf,unavailable_in_frozen_csv,unavailable_in_frozen_csv,unavailable_in_frozen_csv,True,True,1,exact_final_tree_family_counts
breast-wisconsin,6,7,cals,horn_interaction,unavailable_in_frozen_csv,square2cnf,unavailable_in_frozen_csv,unavailable_in_frozen_csv,unavailable_in_frozen_csv,True,unavailable_in_frozen_csv,2,exact_final_tree_family_counts
breast-wisconsin,6,7,cals_compact_explain,horn_interaction,0,square2cnf,unavailable_in_frozen_csv,unavailable_in_frozen_csv,unavailable_in_frozen_csv,True,True,1,exact_final_tree_family_counts
breast-wisconsin,7,5,cals,horn_interaction,0,square2cnf,unavailable_in_frozen_csv,unavailable_in_frozen_csv,unavailable_in_frozen_csv,True,True,1,exact_final_tree_family_counts
breast-wisconsin,7,5,cals_compact_explain,horn_interaction,unavailable_in_frozen_csv,square2cnf,unavailable_in_frozen_csv,unavailable_in_frozen_csv,unavailable_in_frozen_csv,True,unavailable_in_frozen_csv,2,exact_final_tree_family_counts
breast-wisconsin,7,5,cals_compact_explain,horn_interaction,unavailable_in_frozen_csv,unary,unavailable_in_frozen_csv,unavailable_in_frozen_csv,unavailable_in_frozen_csv,True,unavailable_in_frozen_csv,1,exact_final_tree_family_counts
breast-wisconsin,7,7,cals,horn_interaction,0,square2cnf,unavailable_in_frozen_csv,unavailable_in_frozen_csv,unavailable_in_frozen_csv,True,True,1,exact_final_tree_family_counts
breast-wisconsin,7,7,cals_compact_explain,horn_interaction,unavailable_in_frozen_csv,square2cnf,unavailable_in_frozen_csv,unavailable_in_frozen_csv,unavailable_in_frozen_csv,True,unavailable_in_frozen_csv,2,exact_final_tree_family_counts
breast-wisconsin,7,7,cals_compact_explain,horn_interaction,unavailable_in_frozen_csv,unary,unavailable_in_frozen_csv,unavailable_in_frozen_csv,unavailable_in_frozen_csv,True,unavailable_in_frozen_csv,1,exact_final_tree_family_counts
breast-wisconsin,8,5,cals,horn_interaction,0,square2cnf,unavailable_in_frozen_csv,unavailable_in_frozen_csv,unavailable_in_frozen_csv,True,True,1,exact_final_tree_family_counts
breast-wisconsin,8,5,cals_compact_explain,horn_interaction,unavailable_in_frozen_csv,square2cnf,unavailable_in_frozen_csv,unavailable_in_frozen_csv,unavailable_in_frozen_csv,True,unavailable_in_frozen_csv,4,exact_final_tree_family_counts
breast-wisconsin,8,5,cals_compact_explain,horn_interaction,unavailable_in_frozen_csv,unary,unavailable_in_frozen_csv,unavailable_in_frozen_csv,unavailable_in_frozen_csv,True,unavailable_in_frozen_csv,1,exact_final_tree_family_counts
breast-wisconsin,8,7,cals,horn_interaction,0,square2cnf,unavailable_in_frozen_csv,unavailable_in_frozen_csv,unavailable_in_frozen_csv,True,True,1,exact_final_tree_family_counts
breast-wisconsin,8,7,cals_compact_explain,horn_interaction,unavailable_in_frozen_csv,square2cnf,unavailable_in_frozen_csv,unavailable_in_frozen_csv,unavailable_in_frozen_csv,True,unavailable_in_frozen_csv,4,exact_final_tree_family_counts
breast-wisconsin,8,7,cals_compact_explain,horn_interaction,unavailable_in_frozen_csv,unary,unavailable_in_frozen_csv,unavailable_in_frozen_csv,unavailable_in_frozen_csv,True,unavailable_in_frozen_csv,1,exact_final_tree_family_counts
breast-wisconsin,9,5,cals,horn_interaction,unavailable_in_frozen_csv,horn,unavailable_in_frozen_csv,unavailable_in_frozen_csv,unavailable_in_frozen_csv,True,unavailable_in_frozen_csv,3,exact_final_tree_family_counts
breast-wisconsin,9,5,cals,horn_interaction,unavailable_in_frozen_csv,unary,unavailable_in_frozen_csv,unavailable_in_frozen_csv,unavailable_in_frozen_csv,True,unavailable_in_frozen_csv,2,exact_final_tree_family_counts
breast-wisconsin,9,5,cals_compact_explain,horn_interaction,unavailable_in_frozen_csv,horn,unavailable_in_frozen_csv,unavailable_in_frozen_csv,unavailable_in_frozen_csv,True,unavailable_in_frozen_csv,2,exact_final_tree_family_counts
breast-wisconsin,9,5,cals_compact_explain,horn_interaction,unavailable_in_frozen_csv,unary,unavailable_in_frozen_csv,unavailable_in_frozen_csv,unavailable_in_frozen_csv,True,unavailable_in_frozen_csv,2,exact_final_tree_family_counts
breast-wisconsin,9,7,cals,horn_interaction,unavailable_in_frozen_csv,horn,unavailable_in_frozen_csv,unavailable_in_frozen_csv,unavailable_in_frozen_csv,True,unavailable_in_frozen_csv,3,exact_final_tree_family_counts
breast-wisconsin,9,7,cals,horn_interaction,unavailable_in_frozen_csv,unary,unavailable_in_frozen_csv,unavailable_in_frozen_csv,unavailable_in_frozen_csv,True,unavailable_in_frozen_csv,2,exact_final_tree_family_counts
breast-wisconsin,9,7,cals_compact_explain,horn_interaction,unavailable_in_frozen_csv,horn,unavailable_in_frozen_csv,unavailable_in_frozen_csv,unavailable_in_frozen_csv,True,unavailable_in_frozen_csv,2,exact_final_tree_family_counts
breast-wisconsin,9,7,cals_compact_explain,horn_interaction,unavailable_in_frozen_csv,unary,unavailable_in_frozen_csv,unavailable_in_frozen_csv,unavailable_in_frozen_csv,True,unavailable_in_frozen_csv,2,exact_final_tree_family_counts
car-un,0,5,cals,antihorn_interaction,unavailable_in_frozen_csv,antihorn,unavailable_in_frozen_csv,unavailable_in_frozen_csv,unavailable_in_frozen_csv,True,unavailable_in_frozen_csv,6,exact_final_tree_family_counts
car-un,0,5,cals,antihorn_interaction,unavailable_in_frozen_csv,unary,unavailable_in_frozen_csv,unavailable_in_frozen_csv,unavailable_in_frozen_csv,True,unavailable_in_frozen_csv,1,exact_final_tree_family_counts
car-un,0,5,cals_compact_explain,antihorn_interaction,unavailable_in_frozen_csv,antihorn,unavailable_in_frozen_csv,unavailable_in_frozen_csv,unavailable_in_frozen_csv,True,unavailable_in_frozen_csv,6,exact_final_tree_family_counts
car-un,0,5,cals_compact_explain,antihorn_interaction,unavailable_in_frozen_csv,unary,unavailable_in_frozen_csv,unavailable_in_frozen_csv,unavailable_in_frozen_csv,True,unavailable_in_frozen_csv,1,exact_final_tree_family_counts
car-un,0,7,cals,antihorn_interaction,unavailable_in_frozen_csv,antihorn,unavailable_in_frozen_csv,unavailable_in_frozen_csv,unavailable_in_frozen_csv,True,unavailable_in_frozen_csv,14,exact_final_tree_family_counts
car-un,0,7,cals,antihorn_interaction,unavailable_in_frozen_csv,unary,unavailable_in_frozen_csv,unavailable_in_frozen_csv,unavailable_in_frozen_csv,True,unavailable_in_frozen_csv,4,exact_final_tree_family_counts
car-un,0,7,cals_compact_explain,antihorn_interaction,unavailable_in_frozen_csv,antihorn,unavailable_in_frozen_csv,unavailable_in_frozen_csv,unavailable_in_frozen_csv,True,unavailable_in_frozen_csv,14,exact_final_tree_family_counts
car-un,0,7,cals_compact_explain,antihorn_interaction,unavailable_in_frozen_csv,unary,unavailable_in_frozen_csv,unavailable_in_frozen_csv,unavailable_in_frozen_csv,True,unavailable_in_frozen_csv,5,exact_final_tree_family_counts
car-un,1,5,cals,antihorn_interaction,unavailable_in_frozen_csv,antihorn,unavailable_in_frozen_csv,unavailable_in_frozen_csv,unavailable_in_frozen_csv,True,unavailable_in_frozen_csv,5,exact_final_tree_family_counts
car-un,1,5,cals,antihorn_interaction,unavailable_in_frozen_csv,unary,unavailable_in_frozen_csv,unavailable_in_frozen_csv,unavailable_in_frozen_csv,True,unavailable_in_frozen_csv,1,exact_final_tree_family_counts
car-un,1,5,cals_compact_explain,antihorn_interaction,unavailable_in_frozen_csv,antihorn,unavailable_in_frozen_csv,unavailable_in_frozen_csv,unavailable_in_frozen_csv,True,unavailable_in_frozen_csv,8,exact_final_tree_family_counts
car-un,1,5,cals_compact_explain,antihorn_interaction,unavailable_in_frozen_csv,unary,unavailable_in_frozen_csv,unavailable_in_frozen_csv,unavailable_in_frozen_csv,True,unavailable_in_frozen_csv,1,exact_final_tree_family_counts
car-un,1,7,cals,antihorn_interaction,unavailable_in_frozen_csv,antihorn,unavailable_in_frozen_csv,unavailable_in_frozen_csv,unavailable_in_frozen_csv,True,unavailable_in_frozen_csv,8,exact_final_tree_family_counts
car-un,1,7,cals,antihorn_interaction,unavailable_in_frozen_csv,unary,unavailable_in_frozen_csv,unavailable_in_frozen_csv,unavailable_in_frozen_csv,True,unavailable_in_frozen_csv,2,exact_final_tree_family_counts
car-un,1,7,cals_compact_explain,antihorn_interaction,unavailable_in_frozen_csv,antihorn,unavailable_in_frozen_csv,unavailable_in_frozen_csv,unavailable_in_frozen_csv,True,unavailable_in_frozen_csv,16,exact_final_tree_family_counts
car-un,1,7,cals_compact_explain,antihorn_interaction,unavailable_in_frozen_csv,unary,unavailable_in_frozen_csv,unavailable_in_frozen_csv,unavailable_in_frozen_csv,True,unavailable_in_frozen_csv,3,exact_final_tree_family_counts
car-un,2,5,cals,antihorn_interaction,unavailable_in_frozen_csv,antihorn,unavailable_in_frozen_csv,unavailable_in_frozen_csv,unavailable_in_frozen_csv,True,unavailable_in_frozen_csv,7,exact_final_tree_family_counts
car-un,2,5,cals,antihorn_interaction,unavailable_in_frozen_csv,unary,unavailable_in_frozen_csv,unavailable_in_frozen_csv,unavailable_in_frozen_csv,True,unavailable_in_frozen_csv,1,exact_final_tree_family_counts
car-un,2,5,cals_compact_explain,antihorn_interaction,unavailable_in_frozen_csv,antihorn,unavailable_in_frozen_csv,unavailable_in_frozen_csv,unavailable_in_frozen_csv,True,unavailable_in_frozen_csv,7,exact_final_tree_family_counts
car-un,2,5,cals_compact_explain,antihorn_interaction,unavailable_in_frozen_csv,unary,unavailable_in_frozen_csv,unavailable_in_frozen_csv,unavailable_in_frozen_csv,True,unavailable_in_frozen_csv,1,exact_final_tree_family_counts
car-un,2,7,cals,antihorn_interaction,unavailable_in_frozen_csv,antihorn,unavailable_in_frozen_csv,unavailable_in_frozen_csv,unavailable_in_frozen_csv,True,unavailable_in_frozen_csv,10,exact_final_tree_family_counts
car-un,2,7,cals,antihorn_interaction,unavailable_in_frozen_csv,unary,unavailable_in_frozen_csv,unavailable_in_frozen_csv,unavailable_in_frozen_csv,True,unavailable_in_frozen_csv,3,exact_final_tree_family_counts
car-un,2,7,cals_compact_explain,antihorn_interaction,unavailable_in_frozen_csv,antihorn,unavailable_in_frozen_csv,unavailable_in_frozen_csv,unavailable_in_frozen_csv,True,unavailable_in_frozen_csv,11,exact_final_tree_family_counts
car-un,2,7,cals_compact_explain,antihorn_interaction,unavailable_in_frozen_csv,unary,unavailable_in_frozen_csv,unavailable_in_frozen_csv,unavailable_in_frozen_csv,True,unavailable_in_frozen_csv,4,exact_final_tree_family_counts
car-un,3,5,cals,antihorn_interaction,unavailable_in_frozen_csv,antihorn,unavailable_in_frozen_csv,unavailable_in_frozen_csv,unavailable_in_frozen_csv,True,unavailable_in_frozen_csv,9,exact_final_tree_family_counts
car-un,3,5,cals,antihorn_interaction,unavailable_in_frozen_csv,unary,unavailable_in_frozen_csv,unavailable_in_frozen_csv,unavailable_in_frozen_csv,True,unavailable_in_frozen_csv,1,exact_final_tree_family_counts
car-un,3,5,cals_compact_explain,antihorn_interaction,unavailable_in_frozen_csv,antihorn,unavailable_in_frozen_csv,unavailable_in_frozen_csv,unavailable_in_frozen_csv,True,unavailable_in_frozen_csv,10,exact_final_tree_family_counts
car-un,3,5,cals_compact_explain,antihorn_interaction,unavailable_in_frozen_csv,unary,unavailable_in_frozen_csv,unavailable_in_frozen_csv,unavailable_in_frozen_csv,True,unavailable_in_frozen_csv,1,exact_final_tree_family_counts
car-un,3,7,cals,antihorn_interaction,unavailable_in_frozen_csv,antihorn,unavailable_in_frozen_csv,unavailable_in_frozen_csv,unavailable_in_frozen_csv,True,unavailable_in_frozen_csv,14,exact_final_tree_family_counts
car-un,3,7,cals,antihorn_interaction,unavailable_in_frozen_csv,unary,unavailable_in_frozen_csv,unavailable_in_frozen_csv,unavailable_in_frozen_csv,True,unavailable_in_frozen_csv,1,exact_final_tree_family_counts
car-un,3,7,cals_compact_explain,antihorn_interaction,unavailable_in_frozen_csv,antihorn,unavailable_in_frozen_csv,unavailable_in_frozen_csv,unavailable_in_frozen_csv,True,unavailable_in_frozen_csv,18,exact_final_tree_family_counts
car-un,3,7,cals_compact_explain,antihorn_interaction,unavailable_in_frozen_csv,unary,unavailable_in_frozen_csv,unavailable_in_frozen_csv,unavailable_in_frozen_csv,True,unavailable_in_frozen_csv,3,exact_final_tree_family_counts
car-un,4,5,cals,antihorn_interaction,unavailable_in_frozen_csv,antihorn,unavailable_in_frozen_csv,unavailable_in_frozen_csv,unavailable_in_frozen_csv,True,unavailable_in_frozen_csv,9,exact_final_tree_family_counts
car-un,4,5,cals,antihorn_interaction,unavailable_in_frozen_csv,unary,unavailable_in_frozen_csv,unavailable_in_frozen_csv,unavailable_in_frozen_csv,True,unavailable_in_frozen_csv,1,exact_final_tree_family_counts
car-un,4,5,cals_compact_explain,antihorn_interaction,unavailable_in_frozen_csv,antihorn,unavailable_in_frozen_csv,unavailable_in_frozen_csv,unavailable_in_frozen_csv,True,unavailable_in_frozen_csv,9,exact_final_tree_family_counts
car-un,4,5,cals_compact_explain,antihorn_interaction,unavailable_in_frozen_csv,unary,unavailable_in_frozen_csv,unavailable_in_frozen_csv,unavailable_in_frozen_csv,True,unavailable_in_frozen_csv,1,exact_final_tree_family_counts
car-un,4,7,cals,antihorn_interaction,unavailable_in_frozen_csv,antihorn,unavailable_in_frozen_csv,unavailable_in_frozen_csv,unavailable_in_frozen_csv,True,unavailable_in_frozen_csv,11,exact_final_tree_family_counts
car-un,4,7,cals,antihorn_interaction,unavailable_in_frozen_csv,unary,unavailable_in_frozen_csv,unavailable_in_frozen_csv,unavailable_in_frozen_csv,True,unavailable_in_frozen_csv,5,exact_final_tree_family_counts
car-un,4,7,cals_compact_explain,antihorn_interaction,unavailable_in_frozen_csv,antihorn,unavailable_in_frozen_csv,unavailable_in_frozen_csv,unavailable_in_frozen_csv,True,unavailable_in_frozen_csv,12,exact_final_tree_family_counts
car-un,4,7,cals_compact_explain,antihorn_interaction,unavailable_in_frozen_csv,unary,unavailable_in_frozen_csv,unavailable_in_frozen_csv,unavailable_in_frozen_csv,True,unavailable_in_frozen_csv,5,exact_final_tree_family_counts
car-un,5,5,cals,antihorn_interaction,unavailable_in_frozen_csv,antihorn,unavailable_in_frozen_csv,unavailable_in_frozen_csv,unavailable_in_frozen_csv,True,unavailable_in_frozen_csv,10,exact_final_tree_family_counts
car-un,5,5,cals_compact_explain,antihorn_interaction,unavailable_in_frozen_csv,antihorn,unavailable_in_frozen_csv,unavailable_in_frozen_csv,unavailable_in_frozen_csv,True,unavailable_in_frozen_csv,11,exact_final_tree_family_counts
car-un,5,7,cals,antihorn_interaction,unavailable_in_frozen_csv,antihorn,unavailable_in_frozen_csv,unavailable_in_frozen_csv,unavailable_in_frozen_csv,True,unavailable_in_frozen_csv,14,exact_final_tree_family_counts
car-un,5,7,cals_compact_explain,antihorn_interaction,unavailable_in_frozen_csv,antihorn,unavailable_in_frozen_csv,unavailable_in_frozen_csv,unavailable_in_frozen_csv,True,unavailable_in_frozen_csv,16,exact_final_tree_family_counts
car-un,5,7,cals_compact_explain,antihorn_interaction,unavailable_in_frozen_csv,unary,unavailable_in_frozen_csv,unavailable_in_frozen_csv,unavailable_in_frozen_csv,True,unavailable_in_frozen_csv,1,exact_final_tree_family_counts
car-un,6,5,cals,antihorn_interaction,unavailable_in_frozen_csv,antihorn,unavailable_in_frozen_csv,unavailable_in_frozen_csv,unavailable_in_frozen_csv,True,unavailable_in_frozen_csv,7,exact_final_tree_family_counts
car-un,6,5,cals,antihorn_interaction,unavailable_in_frozen_csv,unary,unavailable_in_frozen_csv,unavailable_in_frozen_csv,unavailable_in_frozen_csv,True,unavailable_in_frozen_csv,1,exact_final_tree_family_counts
car-un,6,5,cals_compact_explain,antihorn_interaction,unavailable_in_frozen_csv,antihorn,unavailable_in_frozen_csv,unavailable_in_frozen_csv,unavailable_in_frozen_csv,True,unavailable_in_frozen_csv,7,exact_final_tree_family_counts
car-un,6,5,cals_compact_explain,antihorn_interaction,unavailable_in_frozen_csv,unary,unavailable_in_frozen_csv,unavailable_in_frozen_csv,unavailable_in_frozen_csv,True,unavailable_in_frozen_csv,1,exact_final_tree_family_counts
car-un,6,7,cals,antihorn_interaction,unavailable_in_frozen_csv,antihorn,unavailable_in_frozen_csv,unavailable_in_frozen_csv,unavailable_in_frozen_csv,True,unavailable_in_frozen_csv,10,exact_final_tree_family_counts
car-un,6,7,cals,antihorn_interaction,unavailable_in_frozen_csv,unary,unavailable_in_frozen_csv,unavailable_in_frozen_csv,unavailable_in_frozen_csv,True,unavailable_in_frozen_csv,3,exact_final_tree_family_counts
car-un,6,7,cals_compact_explain,antihorn_interaction,unavailable_in_frozen_csv,antihorn,unavailable_in_frozen_csv,unavailable_in_frozen_csv,unavailable_in_frozen_csv,True,unavailable_in_frozen_csv,13,exact_final_tree_family_counts
car-un,6,7,cals_compact_explain,antihorn_interaction,unavailable_in_frozen_csv,unary,unavailable_in_frozen_csv,unavailable_in_frozen_csv,unavailable_in_frozen_csv,True,unavailable_in_frozen_csv,3,exact_final_tree_family_counts
car-un,7,5,cals,antihorn_interaction,unavailable_in_frozen_csv,antihorn,unavailable_in_frozen_csv,unavailable_in_frozen_csv,unavailable_in_frozen_csv,True,unavailable_in_frozen_csv,5,exact_final_tree_family_counts
car-un,7,5,cals_compact_explain,antihorn_interaction,unavailable_in_frozen_csv,antihorn,unavailable_in_frozen_csv,unavailable_in_frozen_csv,unavailable_in_frozen_csv,True,unavailable_in_frozen_csv,6,exact_final_tree_family_counts
car-un,7,5,cals_compact_explain,antihorn_interaction,unavailable_in_frozen_csv,unary,unavailable_in_frozen_csv,unavailable_in_frozen_csv,unavailable_in_frozen_csv,True,unavailable_in_frozen_csv,1,exact_final_tree_family_counts
car-un,7,7,cals,antihorn_interaction,unavailable_in_frozen_csv,antihorn,unavailable_in_frozen_csv,unavailable_in_frozen_csv,unavailable_in_frozen_csv,True,unavailable_in_frozen_csv,12,exact_final_tree_family_counts
car-un,7,7,cals,antihorn_interaction,unavailable_in_frozen_csv,unary,unavailable_in_frozen_csv,unavailable_in_frozen_csv,unavailable_in_frozen_csv,True,unavailable_in_frozen_csv,1,exact_final_tree_family_counts
car-un,7,7,cals_compact_explain,antihorn_interaction,unavailable_in_frozen_csv,antihorn,unavailable_in_frozen_csv,unavailable_in_frozen_csv,unavailable_in_frozen_csv,True,unavailable_in_frozen_csv,17,exact_final_tree_family_counts
car-un,7,7,cals_compact_explain,antihorn_interaction,unavailable_in_frozen_csv,unary,unavailable_in_frozen_csv,unavailable_in_frozen_csv,unavailable_in_frozen_csv,True,unavailable_in_frozen_csv,2,exact_final_tree_family_counts
car-un,8,5,cals,antihorn_interaction,unavailable_in_frozen_csv,antihorn,unavailable_in_frozen_csv,unavailable_in_frozen_csv,unavailable_in_frozen_csv,True,unavailable_in_frozen_csv,6,exact_final_tree_family_counts
car-un,8,5,cals,antihorn_interaction,unavailable_in_frozen_csv,unary,unavailable_in_frozen_csv,unavailable_in_frozen_csv,unavailable_in_frozen_csv,True,unavailable_in_frozen_csv,1,exact_final_tree_family_counts
car-un,8,5,cals_compact_explain,antihorn_interaction,unavailable_in_frozen_csv,antihorn,unavailable_in_frozen_csv,unavailable_in_frozen_csv,unavailable_in_frozen_csv,True,unavailable_in_frozen_csv,7,exact_final_tree_family_counts
car-un,8,5,cals_compact_explain,antihorn_interaction,unavailable_in_frozen_csv,unary,unavailable_in_frozen_csv,unavailable_in_frozen_csv,unavailable_in_frozen_csv,True,unavailable_in_frozen_csv,1,exact_final_tree_family_counts
car-un,8,7,cals,antihorn_interaction,unavailable_in_frozen_csv,antihorn,unavailable_in_frozen_csv,unavailable_in_frozen_csv,unavailable_in_frozen_csv,True,unavailable_in_frozen_csv,12,exact_final_tree_family_counts
car-un,8,7,cals,antihorn_interaction,unavailable_in_frozen_csv,unary,unavailable_in_frozen_csv,unavailable_in_frozen_csv,unavailable_in_frozen_csv,True,unavailable_in_frozen_csv,1,exact_final_tree_family_counts
car-un,8,7,cals_compact_explain,antihorn_interaction,unavailable_in_frozen_csv,antihorn,unavailable_in_frozen_csv,unavailable_in_frozen_csv,unavailable_in_frozen_csv,True,unavailable_in_frozen_csv,9,exact_final_tree_family_counts
car-un,8,7,cals_compact_explain,antihorn_interaction,unavailable_in_frozen_csv,unary,unavailable_in_frozen_csv,unavailable_in_frozen_csv,unavailable_in_frozen_csv,True,unavailable_in_frozen_csv,1,exact_final_tree_family_counts
car-un,9,5,cals,antihorn_interaction,unavailable_in_frozen_csv,antihorn,unavailable_in_frozen_csv,unavailable_in_frozen_csv,unavailable_in_frozen_csv,True,unavailable_in_frozen_csv,4,exact_final_tree_family_counts
car-un,9,5,cals_compact_explain,antihorn_interaction,unavailable_in_frozen_csv,antihorn,unavailable_in_frozen_csv,unavailable_in_frozen_csv,unavailable_in_frozen_csv,True,unavailable_in_frozen_csv,4,exact_final_tree_family_counts
car-un,9,7,cals,antihorn_interaction,unavailable_in_frozen_csv,antihorn,unavailable_in_frozen_csv,unavailable_in_frozen_csv,unavailable_in_frozen_csv,True,unavailable_in_frozen_csv,8,exact_final_tree_family_counts
car-un,9,7,cals_compact_explain,antihorn_interaction,unavailable_in_frozen_csv,antihorn,unavailable_in_frozen_csv,unavailable_in_frozen_csv,unavailable_in_frozen_csv,True,unavailable_in_frozen_csv,9,exact_final_tree_family_counts
car-un,9,7,cals_compact_explain,antihorn_interaction,unavailable_in_frozen_csv,unary,unavailable_in_frozen_csv,unavailable_in_frozen_csv,unavailable_in_frozen_csv,True,unavailable_in_frozen_csv,1,exact_final_tree_family_counts
car_evaluation-bin,0,5,cals,horn_interaction,unavailable_in_frozen_csv,horn,unavailable_in_frozen_csv,unavailable_in_frozen_csv,unavailable_in_frozen_csv,True,unavailable_in_frozen_csv,8,exact_final_tree_family_counts
car_evaluation-bin,0,5,cals_compact_explain,horn_interaction,unavailable_in_frozen_csv,horn,unavailable_in_frozen_csv,unavailable_in_frozen_csv,unavailable_in_frozen_csv,True,unavailable_in_frozen_csv,6,exact_final_tree_family_counts
car_evaluation-bin,0,7,cals,horn_interaction,unavailable_in_frozen_csv,horn,unavailable_in_frozen_csv,unavailable_in_frozen_csv,unavailable_in_frozen_csv,True,unavailable_in_frozen_csv,11,exact_final_tree_family_counts
car_evaluation-bin,0,7,cals,horn_interaction,unavailable_in_frozen_csv,unary,unavailable_in_frozen_csv,unavailable_in_frozen_csv,unavailable_in_frozen_csv,True,unavailable_in_frozen_csv,2,exact_final_tree_family_counts
car_evaluation-bin,0,7,cals_compact_explain,horn_interaction,unavailable_in_frozen_csv,horn,unavailable_in_frozen_csv,unavailable_in_frozen_csv,unavailable_in_frozen_csv,True,unavailable_in_frozen_csv,7,exact_final_tree_family_counts
car_evaluation-bin,0,7,cals_compact_explain,horn_interaction,unavailable_in_frozen_csv,unary,unavailable_in_frozen_csv,unavailable_in_frozen_csv,unavailable_in_frozen_csv,True,unavailable_in_frozen_csv,2,exact_final_tree_family_counts
car_evaluation-bin,1,5,cals,horn_interaction,unavailable_in_frozen_csv,horn,unavailable_in_frozen_csv,unavailable_in_frozen_csv,unavailable_in_frozen_csv,True,unavailable_in_frozen_csv,5,exact_final_tree_family_counts
car_evaluation-bin,1,5,cals,horn_interaction,unavailable_in_frozen_csv,unary,unavailable_in_frozen_csv,unavailable_in_frozen_csv,unavailable_in_frozen_csv,True,unavailable_in_frozen_csv,1,exact_final_tree_family_counts
car_evaluation-bin,1,5,cals_compact_explain,horn_interaction,unavailable_in_frozen_csv,horn,unavailable_in_frozen_csv,unavailable_in_frozen_csv,unavailable_in_frozen_csv,True,unavailable_in_frozen_csv,4,exact_final_tree_family_counts
car_evaluation-bin,1,5,cals_compact_explain,horn_interaction,unavailable_in_frozen_csv,unary,unavailable_in_frozen_csv,unavailable_in_frozen_csv,unavailable_in_frozen_csv,True,unavailable_in_frozen_csv,2,exact_final_tree_family_counts
car_evaluation-bin,1,7,cals,horn_interaction,unavailable_in_frozen_csv,horn,unavailable_in_frozen_csv,unavailable_in_frozen_csv,unavailable_in_frozen_csv,True,unavailable_in_frozen_csv,8,exact_final_tree_family_counts
car_evaluation-bin,1,7,cals,horn_interaction,unavailable_in_frozen_csv,unary,unavailable_in_frozen_csv,unavailable_in_frozen_csv,unavailable_in_frozen_csv,True,unavailable_in_frozen_csv,3,exact_final_tree_family_counts
car_evaluation-bin,1,7,cals_compact_explain,horn_interaction,unavailable_in_frozen_csv,horn,unavailable_in_frozen_csv,unavailable_in_frozen_csv,unavailable_in_frozen_csv,True,unavailable_in_frozen_csv,5,exact_final_tree_family_counts
car_evaluation-bin,1,7,cals_compact_explain,horn_interaction,unavailable_in_frozen_csv,unary,unavailable_in_frozen_csv,unavailable_in_frozen_csv,unavailable_in_frozen_csv,True,unavailable_in_frozen_csv,7,exact_final_tree_family_counts
car_evaluation-bin,2,5,cals,horn_interaction,unavailable_in_frozen_csv,horn,unavailable_in_frozen_csv,unavailable_in_frozen_csv,unavailable_in_frozen_csv,True,unavailable_in_frozen_csv,5,exact_final_tree_family_counts
car_evaluation-bin,2,5,cals,horn_interaction,unavailable_in_frozen_csv,unary,unavailable_in_frozen_csv,unavailable_in_frozen_csv,unavailable_in_frozen_csv,True,unavailable_in_frozen_csv,2,exact_final_tree_family_counts
car_evaluation-bin,2,5,cals_compact_explain,horn_interaction,unavailable_in_frozen_csv,horn,unavailable_in_frozen_csv,unavailable_in_frozen_csv,unavailable_in_frozen_csv,True,unavailable_in_frozen_csv,4,exact_final_tree_family_counts
car_evaluation-bin,2,5,cals_compact_explain,horn_interaction,unavailable_in_frozen_csv,unary,unavailable_in_frozen_csv,unavailable_in_frozen_csv,unavailable_in_frozen_csv,True,unavailable_in_frozen_csv,1,exact_final_tree_family_counts
car_evaluation-bin,2,7,cals,horn_interaction,unavailable_in_frozen_csv,horn,unavailable_in_frozen_csv,unavailable_in_frozen_csv,unavailable_in_frozen_csv,True,unavailable_in_frozen_csv,5,exact_final_tree_family_counts
car_evaluation-bin,2,7,cals,horn_interaction,unavailable_in_frozen_csv,unary,unavailable_in_frozen_csv,unavailable_in_frozen_csv,unavailable_in_frozen_csv,True,unavailable_in_frozen_csv,2,exact_final_tree_family_counts
car_evaluation-bin,2,7,cals_compact_explain,horn_interaction,unavailable_in_frozen_csv,horn,unavailable_in_frozen_csv,unavailable_in_frozen_csv,unavailable_in_frozen_csv,True,unavailable_in_frozen_csv,4,exact_final_tree_family_counts
car_evaluation-bin,2,7,cals_compact_explain,horn_interaction,unavailable_in_frozen_csv,unary,unavailable_in_frozen_csv,unavailable_in_frozen_csv,unavailable_in_frozen_csv,True,unavailable_in_frozen_csv,1,exact_final_tree_family_counts
car_evaluation-bin,3,5,cals,horn_interaction,unavailable_in_frozen_csv,horn,unavailable_in_frozen_csv,unavailable_in_frozen_csv,unavailable_in_frozen_csv,True,unavailable_in_frozen_csv,6,exact_final_tree_family_counts
car_evaluation-bin,3,5,cals,horn_interaction,unavailable_in_frozen_csv,unary,unavailable_in_frozen_csv,unavailable_in_frozen_csv,unavailable_in_frozen_csv,True,unavailable_in_frozen_csv,1,exact_final_tree_family_counts
car_evaluation-bin,3,5,cals_compact_explain,horn_interaction,unavailable_in_frozen_csv,horn,unavailable_in_frozen_csv,unavailable_in_frozen_csv,unavailable_in_frozen_csv,True,unavailable_in_frozen_csv,5,exact_final_tree_family_counts
car_evaluation-bin,3,5,cals_compact_explain,horn_interaction,unavailable_in_frozen_csv,unary,unavailable_in_frozen_csv,unavailable_in_frozen_csv,unavailable_in_frozen_csv,True,unavailable_in_frozen_csv,1,exact_final_tree_family_counts
car_evaluation-bin,3,7,cals,horn_interaction,unavailable_in_frozen_csv,horn,unavailable_in_frozen_csv,unavailable_in_frozen_csv,unavailable_in_frozen_csv,True,unavailable_in_frozen_csv,7,exact_final_tree_family_counts
car_evaluation-bin,3,7,cals,horn_interaction,unavailable_in_frozen_csv,unary,unavailable_in_frozen_csv,unavailable_in_frozen_csv,unavailable_in_frozen_csv,True,unavailable_in_frozen_csv,1,exact_final_tree_family_counts
car_evaluation-bin,3,7,cals_compact_explain,horn_interaction,unavailable_in_frozen_csv,horn,unavailable_in_frozen_csv,unavailable_in_frozen_csv,unavailable_in_frozen_csv,True,unavailable_in_frozen_csv,8,exact_final_tree_family_counts
car_evaluation-bin,3,7,cals_compact_explain,horn_interaction,unavailable_in_frozen_csv,unary,unavailable_in_frozen_csv,unavailable_in_frozen_csv,unavailable_in_frozen_csv,True,unavailable_in_frozen_csv,4,exact_final_tree_family_counts
car_evaluation-bin,4,5,cals,horn_interaction,unavailable_in_frozen_csv,horn,unavailable_in_frozen_csv,unavailable_in_frozen_csv,unavailable_in_frozen_csv,True,unavailable_in_frozen_csv,3,exact_final_tree_family_counts
car_evaluation-bin,4,5,cals,horn_interaction,unavailable_in_frozen_csv,unary,unavailable_in_frozen_csv,unavailable_in_frozen_csv,unavailable_in_frozen_csv,True,unavailable_in_frozen_csv,1,exact_final_tree_family_counts
car_evaluation-bin,4,5,cals_compact_explain,horn_interaction,unavailable_in_frozen_csv,horn,unavailable_in_frozen_csv,unavailable_in_frozen_csv,unavailable_in_frozen_csv,True,unavailable_in_frozen_csv,3,exact_final_tree_family_counts
car_evaluation-bin,4,5,cals_compact_explain,horn_interaction,unavailable_in_frozen_csv,unary,unavailable_in_frozen_csv,unavailable_in_frozen_csv,unavailable_in_frozen_csv,True,unavailable_in_frozen_csv,1,exact_final_tree_family_counts
car_evaluation-bin,4,7,cals,horn_interaction,unavailable_in_frozen_csv,horn,unavailable_in_frozen_csv,unavailable_in_frozen_csv,unavailable_in_frozen_csv,True,unavailable_in_frozen_csv,7,exact_final_tree_family_counts
car_evaluation-bin,4,7,cals,horn_interaction,unavailable_in_frozen_csv,unary,unavailable_in_frozen_csv,unavailable_in_frozen_csv,unavailable_in_frozen_csv,True,unavailable_in_frozen_csv,5,exact_final_tree_family_counts
car_evaluation-bin,4,7,cals_compact_explain,horn_interaction,unavailable_in_frozen_csv,horn,unavailable_in_frozen_csv,unavailable_in_frozen_csv,unavailable_in_frozen_csv,True,unavailable_in_frozen_csv,7,exact_final_tree_family_counts
car_evaluation-bin,4,7,cals_compact_explain,horn_interaction,unavailable_in_frozen_csv,unary,unavailable_in_frozen_csv,unavailable_in_frozen_csv,unavailable_in_frozen_csv,True,unavailable_in_frozen_csv,5,exact_final_tree_family_counts
car_evaluation-bin,5,5,cals,horn_interaction,unavailable_in_frozen_csv,horn,unavailable_in_frozen_csv,unavailable_in_frozen_csv,unavailable_in_frozen_csv,True,unavailable_in_frozen_csv,3,exact_final_tree_family_counts
car_evaluation-bin,5,5,cals,horn_interaction,unavailable_in_frozen_csv,unary,unavailable_in_frozen_csv,unavailable_in_frozen_csv,unavailable_in_frozen_csv,True,unavailable_in_frozen_csv,1,exact_final_tree_family_counts
car_evaluation-bin,5,5,cals_compact_explain,horn_interaction,unavailable_in_frozen_csv,horn,unavailable_in_frozen_csv,unavailable_in_frozen_csv,unavailable_in_frozen_csv,True,unavailable_in_frozen_csv,3,exact_final_tree_family_counts
car_evaluation-bin,5,5,cals_compact_explain,horn_interaction,unavailable_in_frozen_csv,unary,unavailable_in_frozen_csv,unavailable_in_frozen_csv,unavailable_in_frozen_csv,True,unavailable_in_frozen_csv,1,exact_final_tree_family_counts
car_evaluation-bin,5,7,cals,horn_interaction,unavailable_in_frozen_csv,horn,unavailable_in_frozen_csv,unavailable_in_frozen_csv,unavailable_in_frozen_csv,True,unavailable_in_frozen_csv,8,exact_final_tree_family_counts
car_evaluation-bin,5,7,cals,horn_interaction,unavailable_in_frozen_csv,unary,unavailable_in_frozen_csv,unavailable_in_frozen_csv,unavailable_in_frozen_csv,True,unavailable_in_frozen_csv,3,exact_final_tree_family_counts
car_evaluation-bin,5,7,cals_compact_explain,horn_interaction,unavailable_in_frozen_csv,horn,unavailable_in_frozen_csv,unavailable_in_frozen_csv,unavailable_in_frozen_csv,True,unavailable_in_frozen_csv,6,exact_final_tree_family_counts
car_evaluation-bin,5,7,cals_compact_explain,horn_interaction,unavailable_in_frozen_csv,unary,unavailable_in_frozen_csv,unavailable_in_frozen_csv,unavailable_in_frozen_csv,True,unavailable_in_frozen_csv,4,exact_final_tree_family_counts
car_evaluation-bin,6,5,cals,horn_interaction,unavailable_in_frozen_csv,horn,unavailable_in_frozen_csv,unavailable_in_frozen_csv,unavailable_in_frozen_csv,True,unavailable_in_frozen_csv,5,exact_final_tree_family_counts
car_evaluation-bin,6,5,cals_compact_explain,horn_interaction,unavailable_in_frozen_csv,horn,unavailable_in_frozen_csv,unavailable_in_frozen_csv,unavailable_in_frozen_csv,True,unavailable_in_frozen_csv,4,exact_final_tree_family_counts
car_evaluation-bin,6,7,cals,horn_interaction,unavailable_in_frozen_csv,horn,unavailable_in_frozen_csv,unavailable_in_frozen_csv,unavailable_in_frozen_csv,True,unavailable_in_frozen_csv,8,exact_final_tree_family_counts
car_evaluation-bin,6,7,cals_compact_explain,horn_interaction,unavailable_in_frozen_csv,horn,unavailable_in_frozen_csv,unavailable_in_frozen_csv,unavailable_in_frozen_csv,True,unavailable_in_frozen_csv,5,exact_final_tree_family_counts
car_evaluation-bin,6,7,cals_compact_explain,horn_interaction,unavailable_in_frozen_csv,unary,unavailable_in_frozen_csv,unavailable_in_frozen_csv,unavailable_in_frozen_csv,True,unavailable_in_frozen_csv,2,exact_final_tree_family_counts
car_evaluation-bin,7,5,cals,horn_interaction,unavailable_in_frozen_csv,horn,unavailable_in_frozen_csv,unavailable_in_frozen_csv,unavailable_in_frozen_csv,True,unavailable_in_frozen_csv,4,exact_final_tree_family_counts
car_evaluation-bin,7,5,cals,horn_interaction,unavailable_in_frozen_csv,unary,unavailable_in_frozen_csv,unavailable_in_frozen_csv,unavailable_in_frozen_csv,True,unavailable_in_frozen_csv,1,exact_final_tree_family_counts
car_evaluation-bin,7,5,cals_compact_explain,horn_interaction,unavailable_in_frozen_csv,horn,unavailable_in_frozen_csv,unavailable_in_frozen_csv,unavailable_in_frozen_csv,True,unavailable_in_frozen_csv,5,exact_final_tree_family_counts
car_evaluation-bin,7,5,cals_compact_explain,horn_interaction,unavailable_in_frozen_csv,unary,unavailable_in_frozen_csv,unavailable_in_frozen_csv,unavailable_in_frozen_csv,True,unavailable_in_frozen_csv,2,exact_final_tree_family_counts
car_evaluation-bin,7,7,cals,horn_interaction,unavailable_in_frozen_csv,horn,unavailable_in_frozen_csv,unavailable_in_frozen_csv,unavailable_in_frozen_csv,True,unavailable_in_frozen_csv,6,exact_final_tree_family_counts
car_evaluation-bin,7,7,cals,horn_interaction,unavailable_in_frozen_csv,unary,unavailable_in_frozen_csv,unavailable_in_frozen_csv,unavailable_in_frozen_csv,True,unavailable_in_frozen_csv,1,exact_final_tree_family_counts
car_evaluation-bin,7,7,cals_compact_explain,horn_interaction,unavailable_in_frozen_csv,horn,unavailable_in_frozen_csv,unavailable_in_frozen_csv,unavailable_in_frozen_csv,True,unavailable_in_frozen_csv,5,exact_final_tree_family_counts
car_evaluation-bin,7,7,cals_compact_explain,horn_interaction,unavailable_in_frozen_csv,unary,unavailable_in_frozen_csv,unavailable_in_frozen_csv,unavailable_in_frozen_csv,True,unavailable_in_frozen_csv,6,exact_final_tree_family_counts
car_evaluation-bin,8,5,cals,horn_interaction,unavailable_in_frozen_csv,horn,unavailable_in_frozen_csv,unavailable_in_frozen_csv,unavailable_in_frozen_csv,True,unavailable_in_frozen_csv,3,exact_final_tree_family_counts
car_evaluation-bin,8,5,cals,horn_interaction,unavailable_in_frozen_csv,unary,unavailable_in_frozen_csv,unavailable_in_frozen_csv,unavailable_in_frozen_csv,True,unavailable_in_frozen_csv,1,exact_final_tree_family_counts
car_evaluation-bin,8,5,cals_compact_explain,horn_interaction,unavailable_in_frozen_csv,horn,unavailable_in_frozen_csv,unavailable_in_frozen_csv,unavailable_in_frozen_csv,True,unavailable_in_frozen_csv,3,exact_final_tree_family_counts
car_evaluation-bin,8,5,cals_compact_explain,horn_interaction,unavailable_in_frozen_csv,unary,unavailable_in_frozen_csv,unavailable_in_frozen_csv,unavailable_in_frozen_csv,True,unavailable_in_frozen_csv,2,exact_final_tree_family_counts
car_evaluation-bin,8,7,cals,horn_interaction,unavailable_in_frozen_csv,horn,unavailable_in_frozen_csv,unavailable_in_frozen_csv,unavailable_in_frozen_csv,True,unavailable_in_frozen_csv,3,exact_final_tree_family_counts
car_evaluation-bin,8,7,cals,horn_interaction,unavailable_in_frozen_csv,unary,unavailable_in_frozen_csv,unavailable_in_frozen_csv,unavailable_in_frozen_csv,True,unavailable_in_frozen_csv,1,exact_final_tree_family_counts
car_evaluation-bin,8,7,cals_compact_explain,horn_interaction,unavailable_in_frozen_csv,horn,unavailable_in_frozen_csv,unavailable_in_frozen_csv,unavailable_in_frozen_csv,True,unavailable_in_frozen_csv,5,exact_final_tree_family_counts
car_evaluation-bin,8,7,cals_compact_explain,horn_interaction,unavailable_in_frozen_csv,unary,unavailable_in_frozen_csv,unavailable_in_frozen_csv,unavailable_in_frozen_csv,True,unavailable_in_frozen_csv,2,exact_final_tree_family_counts
car_evaluation-bin,9,5,cals,horn_interaction,unavailable_in_frozen_csv,horn,unavailable_in_frozen_csv,unavailable_in_frozen_csv,unavailable_in_frozen_csv,True,unavailable_in_frozen_csv,3,exact_final_tree_family_counts
car_evaluation-bin,9,5,cals,horn_interaction,unavailable_in_frozen_csv,unary,unavailable_in_frozen_csv,unavailable_in_frozen_csv,unavailable_in_frozen_csv,True,unavailable_in_frozen_csv,1,exact_final_tree_family_counts
car_evaluation-bin,9,5,cals_compact_explain,horn_interaction,unavailable_in_frozen_csv,horn,unavailable_in_frozen_csv,unavailable_in_frozen_csv,unavailable_in_frozen_csv,True,unavailable_in_frozen_csv,5,exact_final_tree_family_counts
car_evaluation-bin,9,5,cals_compact_explain,horn_interaction,unavailable_in_frozen_csv,unary,unavailable_in_frozen_csv,unavailable_in_frozen_csv,unavailable_in_frozen_csv,True,unavailable_in_frozen_csv,1,exact_final_tree_family_counts
car_evaluation-bin,9,7,cals,horn_interaction,unavailable_in_frozen_csv,horn,unavailable_in_frozen_csv,unavailable_in_frozen_csv,unavailable_in_frozen_csv,True,unavailable_in_frozen_csv,7,exact_final_tree_family_counts
car_evaluation-bin,9,7,cals,horn_interaction,unavailable_in_frozen_csv,unary,unavailable_in_frozen_csv,unavailable_in_frozen_csv,unavailable_in_frozen_csv,True,unavailable_in_frozen_csv,4,exact_final_tree_family_counts
car_evaluation-bin,9,7,cals_compact_explain,horn_interaction,unavailable_in_frozen_csv,horn,unavailable_in_frozen_csv,unavailable_in_frozen_csv,unavailable_in_frozen_csv,True,unavailable_in_frozen_csv,10,exact_final_tree_family_counts
car_evaluation-bin,9,7,cals_compact_explain,horn_interaction,unavailable_in_frozen_csv,unary,unavailable_in_frozen_csv,unavailable_in_frozen_csv,unavailable_in_frozen_csv,True,unavailable_in_frozen_csv,5,exact_final_tree_family_counts
compas_discretized,0,5,cals,square2cnf_interaction,unavailable_in_frozen_csv,horn,unavailable_in_frozen_csv,unavailable_in_frozen_csv,unavailable_in_frozen_csv,True,unavailable_in_frozen_csv,6,exact_final_tree_family_counts
compas_discretized,0,5,cals,square2cnf_interaction,unavailable_in_frozen_csv,unary,unavailable_in_frozen_csv,unavailable_in_frozen_csv,unavailable_in_frozen_csv,True,unavailable_in_frozen_csv,1,exact_final_tree_family_counts
compas_discretized,0,5,cals_compact_explain,square2cnf_interaction,0,horn,unavailable_in_frozen_csv,unavailable_in_frozen_csv,unavailable_in_frozen_csv,True,True,1,exact_final_tree_family_counts
compas_discretized,0,7,cals,square2cnf_interaction,unavailable_in_frozen_csv,horn,unavailable_in_frozen_csv,unavailable_in_frozen_csv,unavailable_in_frozen_csv,True,unavailable_in_frozen_csv,8,exact_final_tree_family_counts
compas_discretized,0,7,cals,square2cnf_interaction,unavailable_in_frozen_csv,unary,unavailable_in_frozen_csv,unavailable_in_frozen_csv,unavailable_in_frozen_csv,True,unavailable_in_frozen_csv,1,exact_final_tree_family_counts
compas_discretized,0,7,cals_compact_explain,square2cnf_interaction,0,horn,unavailable_in_frozen_csv,unavailable_in_frozen_csv,unavailable_in_frozen_csv,True,True,1,exact_final_tree_family_counts
compas_discretized,1,5,cals,square2cnf_interaction,unavailable_in_frozen_csv,horn,unavailable_in_frozen_csv,unavailable_in_frozen_csv,unavailable_in_frozen_csv,True,unavailable_in_frozen_csv,4,exact_final_tree_family_counts
compas_discretized,1,5,cals,square2cnf_interaction,unavailable_in_frozen_csv,unary,unavailable_in_frozen_csv,unavailable_in_frozen_csv,unavailable_in_frozen_csv,True,unavailable_in_frozen_csv,1,exact_final_tree_family_counts
compas_discretized,1,5,cals_compact_explain,square2cnf_interaction,0,horn,unavailable_in_frozen_csv,unavailable_in_frozen_csv,unavailable_in_frozen_csv,True,True,1,exact_final_tree_family_counts
compas_discretized,1,7,cals,square2cnf_interaction,unavailable_in_frozen_csv,horn,unavailable_in_frozen_csv,unavailable_in_frozen_csv,unavailable_in_frozen_csv,True,unavailable_in_frozen_csv,16,exact_final_tree_family_counts
compas_discretized,1,7,cals,square2cnf_interaction,unavailable_in_frozen_csv,unary,unavailable_in_frozen_csv,unavailable_in_frozen_csv,unavailable_in_frozen_csv,True,unavailable_in_frozen_csv,8,exact_final_tree_family_counts
compas_discretized,1,7,cals_compact_explain,square2cnf_interaction,0,horn,unavailable_in_frozen_csv,unavailable_in_frozen_csv,unavailable_in_frozen_csv,True,True,1,exact_final_tree_family_counts
compas_discretized,2,5,cals,square2cnf_interaction,unavailable_in_frozen_csv,affine,unavailable_in_frozen_csv,unavailable_in_frozen_csv,unavailable_in_frozen_csv,True,unavailable_in_frozen_csv,4,exact_final_tree_family_counts
compas_discretized,2,5,cals,square2cnf_interaction,unavailable_in_frozen_csv,unary,unavailable_in_frozen_csv,unavailable_in_frozen_csv,unavailable_in_frozen_csv,True,unavailable_in_frozen_csv,1,exact_final_tree_family_counts
compas_discretized,2,5,cals_compact_explain,square2cnf_interaction,0,horn,unavailable_in_frozen_csv,unavailable_in_frozen_csv,unavailable_in_frozen_csv,True,True,1,exact_final_tree_family_counts
compas_discretized,2,7,cals,square2cnf_interaction,unavailable_in_frozen_csv,affine,unavailable_in_frozen_csv,unavailable_in_frozen_csv,unavailable_in_frozen_csv,True,unavailable_in_frozen_csv,9,exact_final_tree_family_counts
compas_discretized,2,7,cals,square2cnf_interaction,unavailable_in_frozen_csv,unary,unavailable_in_frozen_csv,unavailable_in_frozen_csv,unavailable_in_frozen_csv,True,unavailable_in_frozen_csv,12,exact_final_tree_family_counts
compas_discretized,2,7,cals_compact_explain,square2cnf_interaction,0,horn,unavailable_in_frozen_csv,unavailable_in_frozen_csv,unavailable_in_frozen_csv,True,True,1,exact_final_tree_family_counts
compas_discretized,3,5,cals,square2cnf_interaction,unavailable_in_frozen_csv,horn,unavailable_in_frozen_csv,unavailable_in_frozen_csv,unavailable_in_frozen_csv,True,unavailable_in_frozen_csv,4,exact_final_tree_family_counts
compas_discretized,3,5,cals,square2cnf_interaction,unavailable_in_frozen_csv,unary,unavailable_in_frozen_csv,unavailable_in_frozen_csv,unavailable_in_frozen_csv,True,unavailable_in_frozen_csv,2,exact_final_tree_family_counts
compas_discretized,3,5,cals_compact_explain,square2cnf_interaction,0,horn,unavailable_in_frozen_csv,unavailable_in_frozen_csv,unavailable_in_frozen_csv,True,True,1,exact_final_tree_family_counts
compas_discretized,3,7,cals,square2cnf_interaction,unavailable_in_frozen_csv,horn,unavailable_in_frozen_csv,unavailable_in_frozen_csv,unavailable_in_frozen_csv,True,unavailable_in_frozen_csv,5,exact_final_tree_family_counts
compas_discretized,3,7,cals,square2cnf_interaction,unavailable_in_frozen_csv,unary,unavailable_in_frozen_csv,unavailable_in_frozen_csv,unavailable_in_frozen_csv,True,unavailable_in_frozen_csv,4,exact_final_tree_family_counts
compas_discretized,3,7,cals_compact_explain,square2cnf_interaction,0,horn,unavailable_in_frozen_csv,unavailable_in_frozen_csv,unavailable_in_frozen_csv,True,True,1,exact_final_tree_family_counts
compas_discretized,4,5,cals,square2cnf_interaction,unavailable_in_frozen_csv,affine,unavailable_in_frozen_csv,unavailable_in_frozen_csv,unavailable_in_frozen_csv,True,unavailable_in_frozen_csv,3,exact_final_tree_family_counts
compas_discretized,4,5,cals,square2cnf_interaction,unavailable_in_frozen_csv,unary,unavailable_in_frozen_csv,unavailable_in_frozen_csv,unavailable_in_frozen_csv,True,unavailable_in_frozen_csv,8,exact_final_tree_family_counts
compas_discretized,4,5,cals_compact_explain,square2cnf_interaction,0,horn,unavailable_in_frozen_csv,unavailable_in_frozen_csv,unavailable_in_frozen_csv,True,True,1,exact_final_tree_family_counts
compas_discretized,4,7,cals,square2cnf_interaction,unavailable_in_frozen_csv,affine,unavailable_in_frozen_csv,unavailable_in_frozen_csv,unavailable_in_frozen_csv,True,unavailable_in_frozen_csv,4,exact_final_tree_family_counts
compas_discretized,4,7,cals,square2cnf_interaction,unavailable_in_frozen_csv,unary,unavailable_in_frozen_csv,unavailable_in_frozen_csv,unavailable_in_frozen_csv,True,unavailable_in_frozen_csv,9,exact_final_tree_family_counts
compas_discretized,4,7,cals_compact_explain,square2cnf_interaction,0,horn,unavailable_in_frozen_csv,unavailable_in_frozen_csv,unavailable_in_frozen_csv,True,True,1,exact_final_tree_family_counts
compas_discretized,5,5,cals,square2cnf_interaction,unavailable_in_frozen_csv,affine,unavailable_in_frozen_csv,unavailable_in_frozen_csv,unavailable_in_frozen_csv,True,unavailable_in_frozen_csv,4,exact_final_tree_family_counts
compas_discretized,5,5,cals,square2cnf_interaction,unavailable_in_frozen_csv,unary,unavailable_in_frozen_csv,unavailable_in_frozen_csv,unavailable_in_frozen_csv,True,unavailable_in_frozen_csv,1,exact_final_tree_family_counts
compas_discretized,5,5,cals_compact_explain,square2cnf_interaction,0,horn,unavailable_in_frozen_csv,unavailable_in_frozen_csv,unavailable_in_frozen_csv,True,True,1,exact_final_tree_family_counts
compas_discretized,5,7,cals,square2cnf_interaction,unavailable_in_frozen_csv,affine,unavailable_in_frozen_csv,unavailable_in_frozen_csv,unavailable_in_frozen_csv,True,unavailable_in_frozen_csv,5,exact_final_tree_family_counts
compas_discretized,5,7,cals,square2cnf_interaction,unavailable_in_frozen_csv,unary,unavailable_in_frozen_csv,unavailable_in_frozen_csv,unavailable_in_frozen_csv,True,unavailable_in_frozen_csv,3,exact_final_tree_family_counts
compas_discretized,5,7,cals_compact_explain,square2cnf_interaction,0,horn,unavailable_in_frozen_csv,unavailable_in_frozen_csv,unavailable_in_frozen_csv,True,True,1,exact_final_tree_family_counts
compas_discretized,6,5,cals,square2cnf_interaction,unavailable_in_frozen_csv,affine,unavailable_in_frozen_csv,unavailable_in_frozen_csv,unavailable_in_frozen_csv,True,unavailable_in_frozen_csv,3,exact_final_tree_family_counts
compas_discretized,6,5,cals,square2cnf_interaction,unavailable_in_frozen_csv,unary,unavailable_in_frozen_csv,unavailable_in_frozen_csv,unavailable_in_frozen_csv,True,unavailable_in_frozen_csv,2,exact_final_tree_family_counts
compas_discretized,6,5,cals_compact_explain,square2cnf_interaction,0,horn,unavailable_in_frozen_csv,unavailable_in_frozen_csv,unavailable_in_frozen_csv,True,True,1,exact_final_tree_family_counts
compas_discretized,6,7,cals,square2cnf_interaction,unavailable_in_frozen_csv,affine,unavailable_in_frozen_csv,unavailable_in_frozen_csv,unavailable_in_frozen_csv,True,unavailable_in_frozen_csv,3,exact_final_tree_family_counts
compas_discretized,6,7,cals,square2cnf_interaction,unavailable_in_frozen_csv,unary,unavailable_in_frozen_csv,unavailable_in_frozen_csv,unavailable_in_frozen_csv,True,unavailable_in_frozen_csv,3,exact_final_tree_family_counts
compas_discretized,6,7,cals_compact_explain,square2cnf_interaction,0,horn,unavailable_in_frozen_csv,unavailable_in_frozen_csv,unavailable_in_frozen_csv,True,True,1,exact_final_tree_family_counts
compas_discretized,7,5,cals,square2cnf_interaction,unavailable_in_frozen_csv,affine,unavailable_in_frozen_csv,unavailable_in_frozen_csv,unavailable_in_frozen_csv,True,unavailable_in_frozen_csv,3,exact_final_tree_family_counts
compas_discretized,7,5,cals,square2cnf_interaction,unavailable_in_frozen_csv,unary,unavailable_in_frozen_csv,unavailable_in_frozen_csv,unavailable_in_frozen_csv,True,unavailable_in_frozen_csv,7,exact_final_tree_family_counts
compas_discretized,7,5,cals_compact_explain,square2cnf_interaction,unavailable_in_frozen_csv,horn,unavailable_in_frozen_csv,unavailable_in_frozen_csv,unavailable_in_frozen_csv,True,unavailable_in_frozen_csv,2,exact_final_tree_family_counts
compas_discretized,7,5,cals_compact_explain,square2cnf_interaction,unavailable_in_frozen_csv,unary,unavailable_in_frozen_csv,unavailable_in_frozen_csv,unavailable_in_frozen_csv,True,unavailable_in_frozen_csv,2,exact_final_tree_family_counts
compas_discretized,7,7,cals,square2cnf_interaction,unavailable_in_frozen_csv,affine,unavailable_in_frozen_csv,unavailable_in_frozen_csv,unavailable_in_frozen_csv,True,unavailable_in_frozen_csv,4,exact_final_tree_family_counts
compas_discretized,7,7,cals,square2cnf_interaction,unavailable_in_frozen_csv,unary,unavailable_in_frozen_csv,unavailable_in_frozen_csv,unavailable_in_frozen_csv,True,unavailable_in_frozen_csv,7,exact_final_tree_family_counts
compas_discretized,7,7,cals_compact_explain,square2cnf_interaction,unavailable_in_frozen_csv,horn,unavailable_in_frozen_csv,unavailable_in_frozen_csv,unavailable_in_frozen_csv,True,unavailable_in_frozen_csv,2,exact_final_tree_family_counts
compas_discretized,7,7,cals_compact_explain,square2cnf_interaction,unavailable_in_frozen_csv,unary,unavailable_in_frozen_csv,unavailable_in_frozen_csv,unavailable_in_frozen_csv,True,unavailable_in_frozen_csv,2,exact_final_tree_family_counts
compas_discretized,8,5,cals,square2cnf_interaction,unavailable_in_frozen_csv,affine,unavailable_in_frozen_csv,unavailable_in_frozen_csv,unavailable_in_frozen_csv,True,unavailable_in_frozen_csv,3,exact_final_tree_family_counts
compas_discretized,8,5,cals,square2cnf_interaction,unavailable_in_frozen_csv,unary,unavailable_in_frozen_csv,unavailable_in_frozen_csv,unavailable_in_frozen_csv,True,unavailable_in_frozen_csv,2,exact_final_tree_family_counts
compas_discretized,8,5,cals_compact_explain,square2cnf_interaction,unavailable_in_frozen_csv,horn,unavailable_in_frozen_csv,unavailable_in_frozen_csv,unavailable_in_frozen_csv,True,unavailable_in_frozen_csv,3,exact_final_tree_family_counts
compas_discretized,8,5,cals_compact_explain,square2cnf_interaction,unavailable_in_frozen_csv,unary,unavailable_in_frozen_csv,unavailable_in_frozen_csv,unavailable_in_frozen_csv,True,unavailable_in_frozen_csv,2,exact_final_tree_family_counts
compas_discretized,8,7,cals,square2cnf_interaction,unavailable_in_frozen_csv,affine,unavailable_in_frozen_csv,unavailable_in_frozen_csv,unavailable_in_frozen_csv,True,unavailable_in_frozen_csv,5,exact_final_tree_family_counts
compas_discretized,8,7,cals,square2cnf_interaction,unavailable_in_frozen_csv,unary,unavailable_in_frozen_csv,unavailable_in_frozen_csv,unavailable_in_frozen_csv,True,unavailable_in_frozen_csv,4,exact_final_tree_family_counts
compas_discretized,8,7,cals_compact_explain,square2cnf_interaction,unavailable_in_frozen_csv,horn,unavailable_in_frozen_csv,unavailable_in_frozen_csv,unavailable_in_frozen_csv,True,unavailable_in_frozen_csv,3,exact_final_tree_family_counts
compas_discretized,8,7,cals_compact_explain,square2cnf_interaction,unavailable_in_frozen_csv,unary,unavailable_in_frozen_csv,unavailable_in_frozen_csv,unavailable_in_frozen_csv,True,unavailable_in_frozen_csv,2,exact_final_tree_family_counts
compas_discretized,9,5,cals,square2cnf_interaction,unavailable_in_frozen_csv,horn,unavailable_in_frozen_csv,unavailable_in_frozen_csv,unavailable_in_frozen_csv,True,unavailable_in_frozen_csv,4,exact_final_tree_family_counts
compas_discretized,9,5,cals,square2cnf_interaction,unavailable_in_frozen_csv,unary,unavailable_in_frozen_csv,unavailable_in_frozen_csv,unavailable_in_frozen_csv,True,unavailable_in_frozen_csv,1,exact_final_tree_family_counts
compas_discretized,9,5,cals_compact_explain,square2cnf_interaction,0,horn,unavailable_in_frozen_csv,unavailable_in_frozen_csv,unavailable_in_frozen_csv,True,True,1,exact_final_tree_family_counts
compas_discretized,9,7,cals,square2cnf_interaction,unavailable_in_frozen_csv,horn,unavailable_in_frozen_csv,unavailable_in_frozen_csv,unavailable_in_frozen_csv,True,unavailable_in_frozen_csv,8,exact_final_tree_family_counts
compas_discretized,9,7,cals,square2cnf_interaction,unavailable_in_frozen_csv,unary,unavailable_in_frozen_csv,unavailable_in_frozen_csv,unavailable_in_frozen_csv,True,unavailable_in_frozen_csv,3,exact_final_tree_family_counts
compas_discretized,9,7,cals_compact_explain,square2cnf_interaction,0,horn,unavailable_in_frozen_csv,unavailable_in_frozen_csv,unavailable_in_frozen_csv,True,True,1,exact_final_tree_family_counts
diabetes,0,5,cals,unary_dominant,unavailable_in_frozen_csv,horn,unavailable_in_frozen_csv,unavailable_in_frozen_csv,unavailable_in_frozen_csv,True,unavailable_in_frozen_csv,3,exact_final_tree_family_counts
diabetes,0,5,cals,unary_dominant,unavailable_in_frozen_csv,square2cnf,unavailable_in_frozen_csv,unavailable_in_frozen_csv,unavailable_in_frozen_csv,True,unavailable_in_frozen_csv,4,exact_final_tree_family_counts
diabetes,0,5,cals,unary_dominant,unavailable_in_frozen_csv,unary,unavailable_in_frozen_csv,unavailable_in_frozen_csv,unavailable_in_frozen_csv,True,unavailable_in_frozen_csv,1,exact_final_tree_family_counts
diabetes,0,5,cals_compact_explain,unary_dominant,unavailable_in_frozen_csv,square2cnf,unavailable_in_frozen_csv,unavailable_in_frozen_csv,unavailable_in_frozen_csv,True,unavailable_in_frozen_csv,4,exact_final_tree_family_counts
diabetes,0,5,cals_compact_explain,unary_dominant,unavailable_in_frozen_csv,unary,unavailable_in_frozen_csv,unavailable_in_frozen_csv,unavailable_in_frozen_csv,True,unavailable_in_frozen_csv,1,exact_final_tree_family_counts
diabetes,0,7,cals,unary_dominant,unavailable_in_frozen_csv,horn,unavailable_in_frozen_csv,unavailable_in_frozen_csv,unavailable_in_frozen_csv,True,unavailable_in_frozen_csv,3,exact_final_tree_family_counts
diabetes,0,7,cals,unary_dominant,unavailable_in_frozen_csv,square2cnf,unavailable_in_frozen_csv,unavailable_in_frozen_csv,unavailable_in_frozen_csv,True,unavailable_in_frozen_csv,6,exact_final_tree_family_counts
diabetes,0,7,cals,unary_dominant,unavailable_in_frozen_csv,unary,unavailable_in_frozen_csv,unavailable_in_frozen_csv,unavailable_in_frozen_csv,True,unavailable_in_frozen_csv,2,exact_final_tree_family_counts
diabetes,0,7,cals_compact_explain,unary_dominant,unavailable_in_frozen_csv,square2cnf,unavailable_in_frozen_csv,unavailable_in_frozen_csv,unavailable_in_frozen_csv,True,unavailable_in_frozen_csv,6,exact_final_tree_family_counts
diabetes,0,7,cals_compact_explain,unary_dominant,unavailable_in_frozen_csv,unary,unavailable_in_frozen_csv,unavailable_in_frozen_csv,unavailable_in_frozen_csv,True,unavailable_in_frozen_csv,1,exact_final_tree_family_counts
diabetes,1,5,cals,unary_dominant,unavailable_in_frozen_csv,horn,unavailable_in_frozen_csv,unavailable_in_frozen_csv,unavailable_in_frozen_csv,True,unavailable_in_frozen_csv,2,exact_final_tree_family_counts
diabetes,1,5,cals,unary_dominant,unavailable_in_frozen_csv,unary,unavailable_in_frozen_csv,unavailable_in_frozen_csv,unavailable_in_frozen_csv,True,unavailable_in_frozen_csv,1,exact_final_tree_family_counts
diabetes,1,5,cals_compact_explain,unary_dominant,unavailable_in_frozen_csv,horn,unavailable_in_frozen_csv,unavailable_in_frozen_csv,unavailable_in_frozen_csv,True,unavailable_in_frozen_csv,2,exact_final_tree_family_counts
diabetes,1,5,cals_compact_explain,unary_dominant,unavailable_in_frozen_csv,unary,unavailable_in_frozen_csv,unavailable_in_frozen_csv,unavailable_in_frozen_csv,True,unavailable_in_frozen_csv,3,exact_final_tree_family_counts
diabetes,1,7,cals,unary_dominant,unavailable_in_frozen_csv,horn,unavailable_in_frozen_csv,unavailable_in_frozen_csv,unavailable_in_frozen_csv,True,unavailable_in_frozen_csv,2,exact_final_tree_family_counts
diabetes,1,7,cals,unary_dominant,unavailable_in_frozen_csv,unary,unavailable_in_frozen_csv,unavailable_in_frozen_csv,unavailable_in_frozen_csv,True,unavailable_in_frozen_csv,1,exact_final_tree_family_counts
diabetes,1,7,cals_compact_explain,unary_dominant,unavailable_in_frozen_csv,horn,unavailable_in_frozen_csv,unavailable_in_frozen_csv,unavailable_in_frozen_csv,True,unavailable_in_frozen_csv,2,exact_final_tree_family_counts
diabetes,1,7,cals_compact_explain,unary_dominant,unavailable_in_frozen_csv,unary,unavailable_in_frozen_csv,unavailable_in_frozen_csv,unavailable_in_frozen_csv,True,unavailable_in_frozen_csv,3,exact_final_tree_family_counts
diabetes,2,5,cals,unary_dominant,unavailable_in_frozen_csv,square2cnf,unavailable_in_frozen_csv,unavailable_in_frozen_csv,unavailable_in_frozen_csv,True,unavailable_in_frozen_csv,2,exact_final_tree_family_counts
diabetes,2,5,cals,unary_dominant,unavailable_in_frozen_csv,unary,unavailable_in_frozen_csv,unavailable_in_frozen_csv,unavailable_in_frozen_csv,True,unavailable_in_frozen_csv,1,exact_final_tree_family_counts
diabetes,2,5,cals_compact_explain,unary_dominant,unavailable_in_frozen_csv,square2cnf,unavailable_in_frozen_csv,unavailable_in_frozen_csv,unavailable_in_frozen_csv,True,unavailable_in_frozen_csv,3,exact_final_tree_family_counts
diabetes,2,5,cals_compact_explain,unary_dominant,unavailable_in_frozen_csv,unary,unavailable_in_frozen_csv,unavailable_in_frozen_csv,unavailable_in_frozen_csv,True,unavailable_in_frozen_csv,2,exact_final_tree_family_counts
diabetes,2,7,cals,unary_dominant,unavailable_in_frozen_csv,square2cnf,unavailable_in_frozen_csv,unavailable_in_frozen_csv,unavailable_in_frozen_csv,True,unavailable_in_frozen_csv,2,exact_final_tree_family_counts
diabetes,2,7,cals,unary_dominant,unavailable_in_frozen_csv,unary,unavailable_in_frozen_csv,unavailable_in_frozen_csv,unavailable_in_frozen_csv,True,unavailable_in_frozen_csv,1,exact_final_tree_family_counts
diabetes,2,7,cals_compact_explain,unary_dominant,unavailable_in_frozen_csv,square2cnf,unavailable_in_frozen_csv,unavailable_in_frozen_csv,unavailable_in_frozen_csv,True,unavailable_in_frozen_csv,10,exact_final_tree_family_counts
diabetes,2,7,cals_compact_explain,unary_dominant,unavailable_in_frozen_csv,unary,unavailable_in_frozen_csv,unavailable_in_frozen_csv,unavailable_in_frozen_csv,True,unavailable_in_frozen_csv,4,exact_final_tree_family_counts
diabetes,3,5,cals,unary_dominant,unavailable_in_frozen_csv,horn,unavailable_in_frozen_csv,unavailable_in_frozen_csv,unavailable_in_frozen_csv,True,unavailable_in_frozen_csv,3,exact_final_tree_family_counts
diabetes,3,5,cals,unary_dominant,unavailable_in_frozen_csv,unary,unavailable_in_frozen_csv,unavailable_in_frozen_csv,unavailable_in_frozen_csv,True,unavailable_in_frozen_csv,1,exact_final_tree_family_counts
diabetes,3,5,cals_compact_explain,unary_dominant,unavailable_in_frozen_csv,horn,unavailable_in_frozen_csv,unavailable_in_frozen_csv,unavailable_in_frozen_csv,True,unavailable_in_frozen_csv,3,exact_final_tree_family_counts
diabetes,3,5,cals_compact_explain,unary_dominant,unavailable_in_frozen_csv,unary,unavailable_in_frozen_csv,unavailable_in_frozen_csv,unavailable_in_frozen_csv,True,unavailable_in_frozen_csv,2,exact_final_tree_family_counts
diabetes,3,7,cals,unary_dominant,unavailable_in_frozen_csv,horn,unavailable_in_frozen_csv,unavailable_in_frozen_csv,unavailable_in_frozen_csv,True,unavailable_in_frozen_csv,3,exact_final_tree_family_counts
diabetes,3,7,cals,unary_dominant,unavailable_in_frozen_csv,unary,unavailable_in_frozen_csv,unavailable_in_frozen_csv,unavailable_in_frozen_csv,True,unavailable_in_frozen_csv,1,exact_final_tree_family_counts
diabetes,3,7,cals_compact_explain,unary_dominant,unavailable_in_frozen_csv,horn,unavailable_in_frozen_csv,unavailable_in_frozen_csv,unavailable_in_frozen_csv,True,unavailable_in_frozen_csv,11,exact_final_tree_family_counts
diabetes,3,7,cals_compact_explain,unary_dominant,unavailable_in_frozen_csv,unary,unavailable_in_frozen_csv,unavailable_in_frozen_csv,unavailable_in_frozen_csv,True,unavailable_in_frozen_csv,4,exact_final_tree_family_counts
diabetes,4,5,cals,unary_dominant,unavailable_in_frozen_csv,horn,unavailable_in_frozen_csv,unavailable_in_frozen_csv,unavailable_in_frozen_csv,True,unavailable_in_frozen_csv,1,exact_final_tree_family_counts
diabetes,4,5,cals,unary_dominant,unavailable_in_frozen_csv,square2cnf,unavailable_in_frozen_csv,unavailable_in_frozen_csv,unavailable_in_frozen_csv,True,unavailable_in_frozen_csv,3,exact_final_tree_family_counts
diabetes,4,5,cals,unary_dominant,unavailable_in_frozen_csv,unary,unavailable_in_frozen_csv,unavailable_in_frozen_csv,unavailable_in_frozen_csv,True,unavailable_in_frozen_csv,3,exact_final_tree_family_counts
diabetes,4,5,cals_compact_explain,unary_dominant,unavailable_in_frozen_csv,square2cnf,unavailable_in_frozen_csv,unavailable_in_frozen_csv,unavailable_in_frozen_csv,True,unavailable_in_frozen_csv,3,exact_final_tree_family_counts
diabetes,4,5,cals_compact_explain,unary_dominant,unavailable_in_frozen_csv,unary,unavailable_in_frozen_csv,unavailable_in_frozen_csv,unavailable_in_frozen_csv,True,unavailable_in_frozen_csv,1,exact_final_tree_family_counts
diabetes,4,7,cals,unary_dominant,unavailable_in_frozen_csv,horn,unavailable_in_frozen_csv,unavailable_in_frozen_csv,unavailable_in_frozen_csv,True,unavailable_in_frozen_csv,4,exact_final_tree_family_counts
diabetes,4,7,cals,unary_dominant,unavailable_in_frozen_csv,square2cnf,unavailable_in_frozen_csv,unavailable_in_frozen_csv,unavailable_in_frozen_csv,True,unavailable_in_frozen_csv,3,exact_final_tree_family_counts
diabetes,4,7,cals,unary_dominant,unavailable_in_frozen_csv,unary,unavailable_in_frozen_csv,unavailable_in_frozen_csv,unavailable_in_frozen_csv,True,unavailable_in_frozen_csv,3,exact_final_tree_family_counts
diabetes,4,7,cals_compact_explain,unary_dominant,unavailable_in_frozen_csv,square2cnf,unavailable_in_frozen_csv,unavailable_in_frozen_csv,unavailable_in_frozen_csv,True,unavailable_in_frozen_csv,3,exact_final_tree_family_counts
diabetes,4,7,cals_compact_explain,unary_dominant,unavailable_in_frozen_csv,unary,unavailable_in_frozen_csv,unavailable_in_frozen_csv,unavailable_in_frozen_csv,True,unavailable_in_frozen_csv,1,exact_final_tree_family_counts
diabetes,5,5,cals,unary_dominant,unavailable_in_frozen_csv,horn,unavailable_in_frozen_csv,unavailable_in_frozen_csv,unavailable_in_frozen_csv,True,unavailable_in_frozen_csv,4,exact_final_tree_family_counts
diabetes,5,5,cals,unary_dominant,unavailable_in_frozen_csv,unary,unavailable_in_frozen_csv,unavailable_in_frozen_csv,unavailable_in_frozen_csv,True,unavailable_in_frozen_csv,1,exact_final_tree_family_counts
diabetes,5,5,cals_compact_explain,unary_dominant,unavailable_in_frozen_csv,horn,unavailable_in_frozen_csv,unavailable_in_frozen_csv,unavailable_in_frozen_csv,True,unavailable_in_frozen_csv,1,exact_final_tree_family_counts
diabetes,5,5,cals_compact_explain,unary_dominant,unavailable_in_frozen_csv,unary,unavailable_in_frozen_csv,unavailable_in_frozen_csv,unavailable_in_frozen_csv,True,unavailable_in_frozen_csv,1,exact_final_tree_family_counts
diabetes,5,7,cals,unary_dominant,unavailable_in_frozen_csv,horn,unavailable_in_frozen_csv,unavailable_in_frozen_csv,unavailable_in_frozen_csv,True,unavailable_in_frozen_csv,10,exact_final_tree_family_counts
diabetes,5,7,cals,unary_dominant,unavailable_in_frozen_csv,unary,unavailable_in_frozen_csv,unavailable_in_frozen_csv,unavailable_in_frozen_csv,True,unavailable_in_frozen_csv,2,exact_final_tree_family_counts
diabetes,5,7,cals_compact_explain,unary_dominant,unavailable_in_frozen_csv,horn,unavailable_in_frozen_csv,unavailable_in_frozen_csv,unavailable_in_frozen_csv,True,unavailable_in_frozen_csv,8,exact_final_tree_family_counts
diabetes,5,7,cals_compact_explain,unary_dominant,unavailable_in_frozen_csv,unary,unavailable_in_frozen_csv,unavailable_in_frozen_csv,unavailable_in_frozen_csv,True,unavailable_in_frozen_csv,2,exact_final_tree_family_counts
diabetes,6,5,cals,unary_dominant,unavailable_in_frozen_csv,horn,unavailable_in_frozen_csv,unavailable_in_frozen_csv,unavailable_in_frozen_csv,True,unavailable_in_frozen_csv,4,exact_final_tree_family_counts
diabetes,6,5,cals,unary_dominant,unavailable_in_frozen_csv,unary,unavailable_in_frozen_csv,unavailable_in_frozen_csv,unavailable_in_frozen_csv,True,unavailable_in_frozen_csv,1,exact_final_tree_family_counts
diabetes,6,5,cals_compact_explain,unary_dominant,unavailable_in_frozen_csv,horn,unavailable_in_frozen_csv,unavailable_in_frozen_csv,unavailable_in_frozen_csv,True,unavailable_in_frozen_csv,3,exact_final_tree_family_counts
diabetes,6,5,cals_compact_explain,unary_dominant,unavailable_in_frozen_csv,unary,unavailable_in_frozen_csv,unavailable_in_frozen_csv,unavailable_in_frozen_csv,True,unavailable_in_frozen_csv,2,exact_final_tree_family_counts
diabetes,6,7,cals,unary_dominant,unavailable_in_frozen_csv,horn,unavailable_in_frozen_csv,unavailable_in_frozen_csv,unavailable_in_frozen_csv,True,unavailable_in_frozen_csv,8,exact_final_tree_family_counts
diabetes,6,7,cals,unary_dominant,unavailable_in_frozen_csv,unary,unavailable_in_frozen_csv,unavailable_in_frozen_csv,unavailable_in_frozen_csv,True,unavailable_in_frozen_csv,2,exact_final_tree_family_counts
diabetes,6,7,cals_compact_explain,unary_dominant,unavailable_in_frozen_csv,horn,unavailable_in_frozen_csv,unavailable_in_frozen_csv,unavailable_in_frozen_csv,True,unavailable_in_frozen_csv,3,exact_final_tree_family_counts
diabetes,6,7,cals_compact_explain,unary_dominant,unavailable_in_frozen_csv,unary,unavailable_in_frozen_csv,unavailable_in_frozen_csv,unavailable_in_frozen_csv,True,unavailable_in_frozen_csv,2,exact_final_tree_family_counts
diabetes,7,5,cals,unary_dominant,unavailable_in_frozen_csv,square2cnf,unavailable_in_frozen_csv,unavailable_in_frozen_csv,unavailable_in_frozen_csv,True,unavailable_in_frozen_csv,8,exact_final_tree_family_counts
diabetes,7,5,cals_compact_explain,unary_dominant,unavailable_in_frozen_csv,square2cnf,unavailable_in_frozen_csv,unavailable_in_frozen_csv,unavailable_in_frozen_csv,True,unavailable_in_frozen_csv,2,exact_final_tree_family_counts
diabetes,7,7,cals,unary_dominant,unavailable_in_frozen_csv,square2cnf,unavailable_in_frozen_csv,unavailable_in_frozen_csv,unavailable_in_frozen_csv,True,unavailable_in_frozen_csv,11,exact_final_tree_family_counts
diabetes,7,7,cals_compact_explain,unary_dominant,unavailable_in_frozen_csv,square2cnf,unavailable_in_frozen_csv,unavailable_in_frozen_csv,unavailable_in_frozen_csv,True,unavailable_in_frozen_csv,14,exact_final_tree_family_counts
diabetes,7,7,cals_compact_explain,unary_dominant,unavailable_in_frozen_csv,unary,unavailable_in_frozen_csv,unavailable_in_frozen_csv,unavailable_in_frozen_csv,True,unavailable_in_frozen_csv,2,exact_final_tree_family_counts
diabetes,8,5,cals,unary_dominant,unavailable_in_frozen_csv,horn,unavailable_in_frozen_csv,unavailable_in_frozen_csv,unavailable_in_frozen_csv,True,unavailable_in_frozen_csv,2,exact_final_tree_family_counts
diabetes,8,5,cals,unary_dominant,unavailable_in_frozen_csv,unary,unavailable_in_frozen_csv,unavailable_in_frozen_csv,unavailable_in_frozen_csv,True,unavailable_in_frozen_csv,1,exact_final_tree_family_counts
diabetes,8,5,cals_compact_explain,unary_dominant,unavailable_in_frozen_csv,horn,unavailable_in_frozen_csv,unavailable_in_frozen_csv,unavailable_in_frozen_csv,True,unavailable_in_frozen_csv,3,exact_final_tree_family_counts
diabetes,8,5,cals_compact_explain,unary_dominant,unavailable_in_frozen_csv,unary,unavailable_in_frozen_csv,unavailable_in_frozen_csv,unavailable_in_frozen_csv,True,unavailable_in_frozen_csv,3,exact_final_tree_family_counts
diabetes,8,7,cals,unary_dominant,unavailable_in_frozen_csv,horn,unavailable_in_frozen_csv,unavailable_in_frozen_csv,unavailable_in_frozen_csv,True,unavailable_in_frozen_csv,2,exact_final_tree_family_counts
diabetes,8,7,cals,unary_dominant,unavailable_in_frozen_csv,unary,unavailable_in_frozen_csv,unavailable_in_frozen_csv,unavailable_in_frozen_csv,True,unavailable_in_frozen_csv,1,exact_final_tree_family_counts
diabetes,8,7,cals_compact_explain,unary_dominant,unavailable_in_frozen_csv,horn,unavailable_in_frozen_csv,unavailable_in_frozen_csv,unavailable_in_frozen_csv,True,unavailable_in_frozen_csv,3,exact_final_tree_family_counts
diabetes,8,7,cals_compact_explain,unary_dominant,unavailable_in_frozen_csv,unary,unavailable_in_frozen_csv,unavailable_in_frozen_csv,unavailable_in_frozen_csv,True,unavailable_in_frozen_csv,3,exact_final_tree_family_counts
diabetes,9,5,cals,unary_dominant,unavailable_in_frozen_csv,horn,unavailable_in_frozen_csv,unavailable_in_frozen_csv,unavailable_in_frozen_csv,True,unavailable_in_frozen_csv,1,exact_final_tree_family_counts
diabetes,9,5,cals,unary_dominant,unavailable_in_frozen_csv,unary,unavailable_in_frozen_csv,unavailable_in_frozen_csv,unavailable_in_frozen_csv,True,unavailable_in_frozen_csv,2,exact_final_tree_family_counts
diabetes,9,5,cals_compact_explain,unary_dominant,unavailable_in_frozen_csv,horn,unavailable_in_frozen_csv,unavailable_in_frozen_csv,unavailable_in_frozen_csv,True,unavailable_in_frozen_csv,1,exact_final_tree_family_counts
diabetes,9,5,cals_compact_explain,unary_dominant,unavailable_in_frozen_csv,unary,unavailable_in_frozen_csv,unavailable_in_frozen_csv,unavailable_in_frozen_csv,True,unavailable_in_frozen_csv,2,exact_final_tree_family_counts
diabetes,9,7,cals,unary_dominant,unavailable_in_frozen_csv,horn,unavailable_in_frozen_csv,unavailable_in_frozen_csv,unavailable_in_frozen_csv,True,unavailable_in_frozen_csv,5,exact_final_tree_family_counts
diabetes,9,7,cals,unary_dominant,unavailable_in_frozen_csv,square2cnf,unavailable_in_frozen_csv,unavailable_in_frozen_csv,unavailable_in_frozen_csv,True,unavailable_in_frozen_csv,5,exact_final_tree_family_counts
diabetes,9,7,cals,unary_dominant,unavailable_in_frozen_csv,unary,unavailable_in_frozen_csv,unavailable_in_frozen_csv,unavailable_in_frozen_csv,True,unavailable_in_frozen_csv,3,exact_final_tree_family_counts
diabetes,9,7,cals_compact_explain,unary_dominant,unavailable_in_frozen_csv,horn,unavailable_in_frozen_csv,unavailable_in_frozen_csv,unavailable_in_frozen_csv,True,unavailable_in_frozen_csv,7,exact_final_tree_family_counts
diabetes,9,7,cals_compact_explain,unary_dominant,unavailable_in_frozen_csv,unary,unavailable_in_frozen_csv,unavailable_in_frozen_csv,unavailable_in_frozen_csv,True,unavailable_in_frozen_csv,3,exact_final_tree_family_counts
forest-fires-un,0,5,cals_compact_explain,affine_interaction,0,affine,unavailable_in_frozen_csv,unavailable_in_frozen_csv,unavailable_in_frozen_csv,True,True,1,exact_final_tree_family_counts
forest-fires-un,0,7,cals_compact_explain,affine_interaction,0,affine,unavailable_in_frozen_csv,unavailable_in_frozen_csv,unavailable_in_frozen_csv,True,True,1,exact_final_tree_family_counts
forest-fires-un,1,5,cals_compact_explain,affine_interaction,0,antihorn,unavailable_in_frozen_csv,unavailable_in_frozen_csv,unavailable_in_frozen_csv,True,True,1,exact_final_tree_family_counts
forest-fires-un,1,7,cals_compact_explain,affine_interaction,0,antihorn,unavailable_in_frozen_csv,unavailable_in_frozen_csv,unavailable_in_frozen_csv,True,True,1,exact_final_tree_family_counts
forest-fires-un,2,5,cals_compact_explain,affine_interaction,0,affine,unavailable_in_frozen_csv,unavailable_in_frozen_csv,unavailable_in_frozen_csv,True,True,1,exact_final_tree_family_counts
forest-fires-un,2,7,cals_compact_explain,affine_interaction,0,affine,unavailable_in_frozen_csv,unavailable_in_frozen_csv,unavailable_in_frozen_csv,True,True,1,exact_final_tree_family_counts
forest-fires-un,3,5,cals,affine_interaction,unavailable_in_frozen_csv,affine,unavailable_in_frozen_csv,unavailable_in_frozen_csv,unavailable_in_frozen_csv,True,unavailable_in_frozen_csv,6,exact_final_tree_family_counts
forest-fires-un,3,5,cals_compact_explain,affine_interaction,0,affine,unavailable_in_frozen_csv,unavailable_in_frozen_csv,unavailable_in_frozen_csv,True,True,1,exact_final_tree_family_counts
forest-fires-un,3,7,cals,affine_interaction,unavailable_in_frozen_csv,affine,unavailable_in_frozen_csv,unavailable_in_frozen_csv,unavailable_in_frozen_csv,True,unavailable_in_frozen_csv,6,exact_final_tree_family_counts
forest-fires-un,3,7,cals_compact_explain,affine_interaction,0,affine,unavailable_in_frozen_csv,unavailable_in_frozen_csv,unavailable_in_frozen_csv,True,True,1,exact_final_tree_family_counts
forest-fires-un,4,5,cals,affine_interaction,unavailable_in_frozen_csv,antihorn,unavailable_in_frozen_csv,unavailable_in_frozen_csv,unavailable_in_frozen_csv,True,unavailable_in_frozen_csv,4,exact_final_tree_family_counts
forest-fires-un,4,5,cals_compact_explain,affine_interaction,0,antihorn,unavailable_in_frozen_csv,unavailable_in_frozen_csv,unavailable_in_frozen_csv,True,True,1,exact_final_tree_family_counts
forest-fires-un,4,7,cals,affine_interaction,unavailable_in_frozen_csv,antihorn,unavailable_in_frozen_csv,unavailable_in_frozen_csv,unavailable_in_frozen_csv,True,unavailable_in_frozen_csv,7,exact_final_tree_family_counts
forest-fires-un,4,7,cals_compact_explain,affine_interaction,0,antihorn,unavailable_in_frozen_csv,unavailable_in_frozen_csv,unavailable_in_frozen_csv,True,True,1,exact_final_tree_family_counts
forest-fires-un,5,5,cals,affine_interaction,unavailable_in_frozen_csv,antihorn,unavailable_in_frozen_csv,unavailable_in_frozen_csv,unavailable_in_frozen_csv,True,unavailable_in_frozen_csv,2,exact_final_tree_family_counts
forest-fires-un,5,5,cals_compact_explain,affine_interaction,0,antihorn,unavailable_in_frozen_csv,unavailable_in_frozen_csv,unavailable_in_frozen_csv,True,True,1,exact_final_tree_family_counts
forest-fires-un,5,7,cals,affine_interaction,unavailable_in_frozen_csv,antihorn,unavailable_in_frozen_csv,unavailable_in_frozen_csv,unavailable_in_frozen_csv,True,unavailable_in_frozen_csv,2,exact_final_tree_family_counts
forest-fires-un,5,7,cals_compact_explain,affine_interaction,0,antihorn,unavailable_in_frozen_csv,unavailable_in_frozen_csv,unavailable_in_frozen_csv,True,True,1,exact_final_tree_family_counts
forest-fires-un,6,5,cals,affine_interaction,unavailable_in_frozen_csv,antihorn,unavailable_in_frozen_csv,unavailable_in_frozen_csv,unavailable_in_frozen_csv,True,unavailable_in_frozen_csv,3,exact_final_tree_family_counts
forest-fires-un,6,5,cals_compact_explain,affine_interaction,0,antihorn,unavailable_in_frozen_csv,unavailable_in_frozen_csv,unavailable_in_frozen_csv,True,True,1,exact_final_tree_family_counts
forest-fires-un,6,7,cals,affine_interaction,unavailable_in_frozen_csv,antihorn,unavailable_in_frozen_csv,unavailable_in_frozen_csv,unavailable_in_frozen_csv,True,unavailable_in_frozen_csv,9,exact_final_tree_family_counts
forest-fires-un,6,7,cals_compact_explain,affine_interaction,0,antihorn,unavailable_in_frozen_csv,unavailable_in_frozen_csv,unavailable_in_frozen_csv,True,True,1,exact_final_tree_family_counts
forest-fires-un,7,5,cals,affine_interaction,unavailable_in_frozen_csv,antihorn,unavailable_in_frozen_csv,unavailable_in_frozen_csv,unavailable_in_frozen_csv,True,unavailable_in_frozen_csv,4,exact_final_tree_family_counts
forest-fires-un,7,5,cals_compact_explain,affine_interaction,0,antihorn,unavailable_in_frozen_csv,unavailable_in_frozen_csv,unavailable_in_frozen_csv,True,True,1,exact_final_tree_family_counts
forest-fires-un,7,7,cals,affine_interaction,unavailable_in_frozen_csv,antihorn,unavailable_in_frozen_csv,unavailable_in_frozen_csv,unavailable_in_frozen_csv,True,unavailable_in_frozen_csv,7,exact_final_tree_family_counts
forest-fires-un,7,7,cals_compact_explain,affine_interaction,0,antihorn,unavailable_in_frozen_csv,unavailable_in_frozen_csv,unavailable_in_frozen_csv,True,True,1,exact_final_tree_family_counts
forest-fires-un,8,5,cals_compact_explain,affine_interaction,0,antihorn,unavailable_in_frozen_csv,unavailable_in_frozen_csv,unavailable_in_frozen_csv,True,True,1,exact_final_tree_family_counts
forest-fires-un,8,7,cals_compact_explain,affine_interaction,0,antihorn,unavailable_in_frozen_csv,unavailable_in_frozen_csv,unavailable_in_frozen_csv,True,True,1,exact_final_tree_family_counts
forest-fires-un,9,5,cals,affine_interaction,unavailable_in_frozen_csv,antihorn,unavailable_in_frozen_csv,unavailable_in_frozen_csv,unavailable_in_frozen_csv,True,unavailable_in_frozen_csv,4,exact_final_tree_family_counts
forest-fires-un,9,5,cals_compact_explain,affine_interaction,unavailable_in_frozen_csv,antihorn,unavailable_in_frozen_csv,unavailable_in_frozen_csv,unavailable_in_frozen_csv,True,unavailable_in_frozen_csv,2,exact_final_tree_family_counts
forest-fires-un,9,7,cals,affine_interaction,unavailable_in_frozen_csv,antihorn,unavailable_in_frozen_csv,unavailable_in_frozen_csv,unavailable_in_frozen_csv,True,unavailable_in_frozen_csv,8,exact_final_tree_family_counts
forest-fires-un,9,7,cals_compact_explain,affine_interaction,unavailable_in_frozen_csv,antihorn,unavailable_in_frozen_csv,unavailable_in_frozen_csv,unavailable_in_frozen_csv,True,unavailable_in_frozen_csv,2,exact_final_tree_family_counts
german-credit,0,5,cals,square2cnf_interaction,unavailable_in_frozen_csv,square2cnf,unavailable_in_frozen_csv,unavailable_in_frozen_csv,unavailable_in_frozen_csv,True,unavailable_in_frozen_csv,5,exact_final_tree_family_counts
german-credit,0,5,cals_compact_explain,square2cnf_interaction,unavailable_in_frozen_csv,square2cnf,unavailable_in_frozen_csv,unavailable_in_frozen_csv,unavailable_in_frozen_csv,True,unavailable_in_frozen_csv,4,exact_final_tree_family_counts
german-credit,0,7,cals,square2cnf_interaction,unavailable_in_frozen_csv,square2cnf,unavailable_in_frozen_csv,unavailable_in_frozen_csv,unavailable_in_frozen_csv,True,unavailable_in_frozen_csv,15,exact_final_tree_family_counts
german-credit,0,7,cals_compact_explain,square2cnf_interaction,unavailable_in_frozen_csv,square2cnf,unavailable_in_frozen_csv,unavailable_in_frozen_csv,unavailable_in_frozen_csv,True,unavailable_in_frozen_csv,9,exact_final_tree_family_counts
german-credit,0,7,cals_compact_explain,square2cnf_interaction,unavailable_in_frozen_csv,unary,unavailable_in_frozen_csv,unavailable_in_frozen_csv,unavailable_in_frozen_csv,True,unavailable_in_frozen_csv,2,exact_final_tree_family_counts
german-credit,1,5,cals,square2cnf_interaction,unavailable_in_frozen_csv,square2cnf,unavailable_in_frozen_csv,unavailable_in_frozen_csv,unavailable_in_frozen_csv,True,unavailable_in_frozen_csv,5,exact_final_tree_family_counts
german-credit,1,5,cals_compact_explain,square2cnf_interaction,unavailable_in_frozen_csv,square2cnf,unavailable_in_frozen_csv,unavailable_in_frozen_csv,unavailable_in_frozen_csv,True,unavailable_in_frozen_csv,2,exact_final_tree_family_counts
german-credit,1,7,cals,square2cnf_interaction,unavailable_in_frozen_csv,square2cnf,unavailable_in_frozen_csv,unavailable_in_frozen_csv,unavailable_in_frozen_csv,True,unavailable_in_frozen_csv,12,exact_final_tree_family_counts
german-credit,1,7,cals_compact_explain,square2cnf_interaction,unavailable_in_frozen_csv,square2cnf,unavailable_in_frozen_csv,unavailable_in_frozen_csv,unavailable_in_frozen_csv,True,unavailable_in_frozen_csv,7,exact_final_tree_family_counts
german-credit,1,7,cals_compact_explain,square2cnf_interaction,unavailable_in_frozen_csv,unary,unavailable_in_frozen_csv,unavailable_in_frozen_csv,unavailable_in_frozen_csv,True,unavailable_in_frozen_csv,1,exact_final_tree_family_counts
german-credit,2,5,cals,square2cnf_interaction,unavailable_in_frozen_csv,horn,unavailable_in_frozen_csv,unavailable_in_frozen_csv,unavailable_in_frozen_csv,True,unavailable_in_frozen_csv,3,exact_final_tree_family_counts
german-credit,2,5,cals_compact_explain,square2cnf_interaction,unavailable_in_frozen_csv,horn,unavailable_in_frozen_csv,unavailable_in_frozen_csv,unavailable_in_frozen_csv,True,unavailable_in_frozen_csv,2,exact_final_tree_family_counts
german-credit,2,7,cals,square2cnf_interaction,unavailable_in_frozen_csv,horn,unavailable_in_frozen_csv,unavailable_in_frozen_csv,unavailable_in_frozen_csv,True,unavailable_in_frozen_csv,5,exact_final_tree_family_counts
german-credit,2,7,cals,square2cnf_interaction,unavailable_in_frozen_csv,unary,unavailable_in_frozen_csv,unavailable_in_frozen_csv,unavailable_in_frozen_csv,True,unavailable_in_frozen_csv,3,exact_final_tree_family_counts
german-credit,2,7,cals_compact_explain,square2cnf_interaction,unavailable_in_frozen_csv,horn,unavailable_in_frozen_csv,unavailable_in_frozen_csv,unavailable_in_frozen_csv,True,unavailable_in_frozen_csv,9,exact_final_tree_family_counts
german-credit,2,7,cals_compact_explain,square2cnf_interaction,unavailable_in_frozen_csv,unary,unavailable_in_frozen_csv,unavailable_in_frozen_csv,unavailable_in_frozen_csv,True,unavailable_in_frozen_csv,1,exact_final_tree_family_counts
german-credit,3,5,cals,square2cnf_interaction,unavailable_in_frozen_csv,horn,unavailable_in_frozen_csv,unavailable_in_frozen_csv,unavailable_in_frozen_csv,True,unavailable_in_frozen_csv,5,exact_final_tree_family_counts
german-credit,3,5,cals_compact_explain,square2cnf_interaction,unavailable_in_frozen_csv,horn,unavailable_in_frozen_csv,unavailable_in_frozen_csv,unavailable_in_frozen_csv,True,unavailable_in_frozen_csv,6,exact_final_tree_family_counts
german-credit,3,7,cals,square2cnf_interaction,unavailable_in_frozen_csv,horn,unavailable_in_frozen_csv,unavailable_in_frozen_csv,unavailable_in_frozen_csv,True,unavailable_in_frozen_csv,16,exact_final_tree_family_counts
german-credit,3,7,cals,square2cnf_interaction,unavailable_in_frozen_csv,unary,unavailable_in_frozen_csv,unavailable_in_frozen_csv,unavailable_in_frozen_csv,True,unavailable_in_frozen_csv,1,exact_final_tree_family_counts
german-credit,3,7,cals_compact_explain,square2cnf_interaction,unavailable_in_frozen_csv,horn,unavailable_in_frozen_csv,unavailable_in_frozen_csv,unavailable_in_frozen_csv,True,unavailable_in_frozen_csv,12,exact_final_tree_family_counts
german-credit,3,7,cals_compact_explain,square2cnf_interaction,unavailable_in_frozen_csv,unary,unavailable_in_frozen_csv,unavailable_in_frozen_csv,unavailable_in_frozen_csv,True,unavailable_in_frozen_csv,1,exact_final_tree_family_counts
german-credit,4,5,cals,square2cnf_interaction,unavailable_in_frozen_csv,square2cnf,unavailable_in_frozen_csv,unavailable_in_frozen_csv,unavailable_in_frozen_csv,True,unavailable_in_frozen_csv,2,exact_final_tree_family_counts
german-credit,4,5,cals,square2cnf_interaction,unavailable_in_frozen_csv,unary,unavailable_in_frozen_csv,unavailable_in_frozen_csv,unavailable_in_frozen_csv,True,unavailable_in_frozen_csv,1,exact_final_tree_family_counts
german-credit,4,5,cals_compact_explain,square2cnf_interaction,unavailable_in_frozen_csv,horn,unavailable_in_frozen_csv,unavailable_in_frozen_csv,unavailable_in_frozen_csv,True,unavailable_in_frozen_csv,5,exact_final_tree_family_counts
german-credit,4,7,cals,square2cnf_interaction,unavailable_in_frozen_csv,square2cnf,unavailable_in_frozen_csv,unavailable_in_frozen_csv,unavailable_in_frozen_csv,True,unavailable_in_frozen_csv,2,exact_final_tree_family_counts
german-credit,4,7,cals,square2cnf_interaction,unavailable_in_frozen_csv,unary,unavailable_in_frozen_csv,unavailable_in_frozen_csv,unavailable_in_frozen_csv,True,unavailable_in_frozen_csv,1,exact_final_tree_family_counts
german-credit,4,7,cals_compact_explain,square2cnf_interaction,unavailable_in_frozen_csv,horn,unavailable_in_frozen_csv,unavailable_in_frozen_csv,unavailable_in_frozen_csv,True,unavailable_in_frozen_csv,9,exact_final_tree_family_counts
german-credit,4,7,cals_compact_explain,square2cnf_interaction,unavailable_in_frozen_csv,unary,unavailable_in_frozen_csv,unavailable_in_frozen_csv,unavailable_in_frozen_csv,True,unavailable_in_frozen_csv,2,exact_final_tree_family_counts
german-credit,5,5,cals,square2cnf_interaction,unavailable_in_frozen_csv,square2cnf,unavailable_in_frozen_csv,unavailable_in_frozen_csv,unavailable_in_frozen_csv,True,unavailable_in_frozen_csv,4,exact_final_tree_family_counts
german-credit,5,5,cals_compact_explain,square2cnf_interaction,unavailable_in_frozen_csv,square2cnf,unavailable_in_frozen_csv,unavailable_in_frozen_csv,unavailable_in_frozen_csv,True,unavailable_in_frozen_csv,3,exact_final_tree_family_counts
german-credit,5,7,cals,square2cnf_interaction,unavailable_in_frozen_csv,square2cnf,unavailable_in_frozen_csv,unavailable_in_frozen_csv,unavailable_in_frozen_csv,True,unavailable_in_frozen_csv,7,exact_final_tree_family_counts
german-credit,5,7,cals_compact_explain,square2cnf_interaction,unavailable_in_frozen_csv,square2cnf,unavailable_in_frozen_csv,unavailable_in_frozen_csv,unavailable_in_frozen_csv,True,unavailable_in_frozen_csv,3,exact_final_tree_family_counts
german-credit,6,5,cals_compact_explain,square2cnf_interaction,unavailable_in_frozen_csv,square2cnf,unavailable_in_frozen_csv,unavailable_in_frozen_csv,unavailable_in_frozen_csv,True,unavailable_in_frozen_csv,7,exact_final_tree_family_counts
german-credit,6,5,cals_compact_explain,square2cnf_interaction,unavailable_in_frozen_csv,unary,unavailable_in_frozen_csv,unavailable_in_frozen_csv,unavailable_in_frozen_csv,True,unavailable_in_frozen_csv,1,exact_final_tree_family_counts
german-credit,6,7,cals,square2cnf_interaction,unavailable_in_frozen_csv,square2cnf,unavailable_in_frozen_csv,unavailable_in_frozen_csv,unavailable_in_frozen_csv,True,unavailable_in_frozen_csv,5,exact_final_tree_family_counts
german-credit,6,7,cals,square2cnf_interaction,unavailable_in_frozen_csv,unary,unavailable_in_frozen_csv,unavailable_in_frozen_csv,unavailable_in_frozen_csv,True,unavailable_in_frozen_csv,1,exact_final_tree_family_counts
german-credit,6,7,cals_compact_explain,square2cnf_interaction,unavailable_in_frozen_csv,square2cnf,unavailable_in_frozen_csv,unavailable_in_frozen_csv,unavailable_in_frozen_csv,True,unavailable_in_frozen_csv,5,exact_final_tree_family_counts
german-credit,6,7,cals_compact_explain,square2cnf_interaction,unavailable_in_frozen_csv,unary,unavailable_in_frozen_csv,unavailable_in_frozen_csv,unavailable_in_frozen_csv,True,unavailable_in_frozen_csv,2,exact_final_tree_family_counts
german-credit,7,5,cals,square2cnf_interaction,unavailable_in_frozen_csv,horn,unavailable_in_frozen_csv,unavailable_in_frozen_csv,unavailable_in_frozen_csv,True,unavailable_in_frozen_csv,3,exact_final_tree_family_counts
german-credit,7,5,cals_compact_explain,square2cnf_interaction,unavailable_in_frozen_csv,horn,unavailable_in_frozen_csv,unavailable_in_frozen_csv,unavailable_in_frozen_csv,True,unavailable_in_frozen_csv,5,exact_final_tree_family_counts
german-credit,7,7,cals,square2cnf_interaction,unavailable_in_frozen_csv,horn,unavailable_in_frozen_csv,unavailable_in_frozen_csv,unavailable_in_frozen_csv,True,unavailable_in_frozen_csv,15,exact_final_tree_family_counts
german-credit,7,7,cals_compact_explain,square2cnf_interaction,unavailable_in_frozen_csv,horn,unavailable_in_frozen_csv,unavailable_in_frozen_csv,unavailable_in_frozen_csv,True,unavailable_in_frozen_csv,5,exact_final_tree_family_counts
german-credit,8,5,cals,square2cnf_interaction,unavailable_in_frozen_csv,square2cnf,unavailable_in_frozen_csv,unavailable_in_frozen_csv,unavailable_in_frozen_csv,True,unavailable_in_frozen_csv,6,exact_final_tree_family_counts
german-credit,8,5,cals_compact_explain,square2cnf_interaction,0,square2cnf,unavailable_in_frozen_csv,unavailable_in_frozen_csv,unavailable_in_frozen_csv,True,True,1,exact_final_tree_family_counts
german-credit,8,7,cals,square2cnf_interaction,unavailable_in_frozen_csv,square2cnf,unavailable_in_frozen_csv,unavailable_in_frozen_csv,unavailable_in_frozen_csv,True,unavailable_in_frozen_csv,6,exact_final_tree_family_counts
german-credit,8,7,cals_compact_explain,square2cnf_interaction,unavailable_in_frozen_csv,square2cnf,unavailable_in_frozen_csv,unavailable_in_frozen_csv,unavailable_in_frozen_csv,True,unavailable_in_frozen_csv,7,exact_final_tree_family_counts
german-credit,9,5,cals,square2cnf_interaction,unavailable_in_frozen_csv,square2cnf,unavailable_in_frozen_csv,unavailable_in_frozen_csv,unavailable_in_frozen_csv,True,unavailable_in_frozen_csv,8,exact_final_tree_family_counts
german-credit,9,5,cals_compact_explain,square2cnf_interaction,unavailable_in_frozen_csv,square2cnf,unavailable_in_frozen_csv,unavailable_in_frozen_csv,unavailable_in_frozen_csv,True,unavailable_in_frozen_csv,4,exact_final_tree_family_counts
german-credit,9,7,cals,square2cnf_interaction,unavailable_in_frozen_csv,square2cnf,unavailable_in_frozen_csv,unavailable_in_frozen_csv,unavailable_in_frozen_csv,True,unavailable_in_frozen_csv,13,exact_final_tree_family_counts
german-credit,9,7,cals_compact_explain,square2cnf_interaction,unavailable_in_frozen_csv,square2cnf,unavailable_in_frozen_csv,unavailable_in_frozen_csv,unavailable_in_frozen_csv,True,unavailable_in_frozen_csv,4,exact_final_tree_family_counts
heart-cleveland,0,5,cals,square2cnf_interaction,0,square2cnf,unavailable_in_frozen_csv,unavailable_in_frozen_csv,unavailable_in_frozen_csv,True,True,1,exact_final_tree_family_counts
heart-cleveland,0,5,cals_compact_explain,square2cnf_interaction,0,square2cnf,unavailable_in_frozen_csv,unavailable_in_frozen_csv,unavailable_in_frozen_csv,True,True,1,exact_final_tree_family_counts
heart-cleveland,0,7,cals,square2cnf_interaction,0,square2cnf,unavailable_in_frozen_csv,unavailable_in_frozen_csv,unavailable_in_frozen_csv,True,True,1,exact_final_tree_family_counts
heart-cleveland,0,7,cals_compact_explain,square2cnf_interaction,0,square2cnf,unavailable_in_frozen_csv,unavailable_in_frozen_csv,unavailable_in_frozen_csv,True,True,1,exact_final_tree_family_counts
heart-cleveland,1,5,cals,square2cnf_interaction,unavailable_in_frozen_csv,square2cnf,unavailable_in_frozen_csv,unavailable_in_frozen_csv,unavailable_in_frozen_csv,True,unavailable_in_frozen_csv,3,exact_final_tree_family_counts
heart-cleveland,1,5,cals_compact_explain,square2cnf_interaction,unavailable_in_frozen_csv,square2cnf,unavailable_in_frozen_csv,unavailable_in_frozen_csv,unavailable_in_frozen_csv,True,unavailable_in_frozen_csv,4,exact_final_tree_family_counts
heart-cleveland,1,5,cals_compact_explain,square2cnf_interaction,unavailable_in_frozen_csv,unary,unavailable_in_frozen_csv,unavailable_in_frozen_csv,unavailable_in_frozen_csv,True,unavailable_in_frozen_csv,1,exact_final_tree_family_counts
heart-cleveland,1,7,cals,square2cnf_interaction,unavailable_in_frozen_csv,square2cnf,unavailable_in_frozen_csv,unavailable_in_frozen_csv,unavailable_in_frozen_csv,True,unavailable_in_frozen_csv,3,exact_final_tree_family_counts
heart-cleveland,1,7,cals_compact_explain,square2cnf_interaction,unavailable_in_frozen_csv,square2cnf,unavailable_in_frozen_csv,unavailable_in_frozen_csv,unavailable_in_frozen_csv,True,unavailable_in_frozen_csv,4,exact_final_tree_family_counts
heart-cleveland,1,7,cals_compact_explain,square2cnf_interaction,unavailable_in_frozen_csv,unary,unavailable_in_frozen_csv,unavailable_in_frozen_csv,unavailable_in_frozen_csv,True,unavailable_in_frozen_csv,1,exact_final_tree_family_counts
heart-cleveland,2,5,cals,square2cnf_interaction,unavailable_in_frozen_csv,square2cnf,unavailable_in_frozen_csv,unavailable_in_frozen_csv,unavailable_in_frozen_csv,True,unavailable_in_frozen_csv,4,exact_final_tree_family_counts
heart-cleveland,2,5,cals_compact_explain,square2cnf_interaction,0,square2cnf,unavailable_in_frozen_csv,unavailable_in_frozen_csv,unavailable_in_frozen_csv,True,True,1,exact_final_tree_family_counts
heart-cleveland,2,7,cals,square2cnf_interaction,unavailable_in_frozen_csv,square2cnf,unavailable_in_frozen_csv,unavailable_in_frozen_csv,unavailable_in_frozen_csv,True,unavailable_in_frozen_csv,4,exact_final_tree_family_counts
heart-cleveland,2,7,cals_compact_explain,square2cnf_interaction,0,square2cnf,unavailable_in_frozen_csv,unavailable_in_frozen_csv,unavailable_in_frozen_csv,True,True,1,exact_final_tree_family_counts
heart-cleveland,3,5,cals,square2cnf_interaction,unavailable_in_frozen_csv,square2cnf,unavailable_in_frozen_csv,unavailable_in_frozen_csv,unavailable_in_frozen_csv,True,unavailable_in_frozen_csv,3,exact_final_tree_family_counts
heart-cleveland,3,5,cals_compact_explain,square2cnf_interaction,0,square2cnf,unavailable_in_frozen_csv,unavailable_in_frozen_csv,unavailable_in_frozen_csv,True,True,1,exact_final_tree_family_counts
heart-cleveland,3,7,cals,square2cnf_interaction,unavailable_in_frozen_csv,square2cnf,unavailable_in_frozen_csv,unavailable_in_frozen_csv,unavailable_in_frozen_csv,True,unavailable_in_frozen_csv,3,exact_final_tree_family_counts
heart-cleveland,3,7,cals_compact_explain,square2cnf_interaction,0,square2cnf,unavailable_in_frozen_csv,unavailable_in_frozen_csv,unavailable_in_frozen_csv,True,True,1,exact_final_tree_family_counts
heart-cleveland,4,5,cals,square2cnf_interaction,0,square2cnf,unavailable_in_frozen_csv,unavailable_in_frozen_csv,unavailable_in_frozen_csv,True,True,1,exact_final_tree_family_counts
heart-cleveland,4,5,cals_compact_explain,square2cnf_interaction,unavailable_in_frozen_csv,square2cnf,unavailable_in_frozen_csv,unavailable_in_frozen_csv,unavailable_in_frozen_csv,True,unavailable_in_frozen_csv,7,exact_final_tree_family_counts
heart-cleveland,4,5,cals_compact_explain,square2cnf_interaction,unavailable_in_frozen_csv,unary,unavailable_in_frozen_csv,unavailable_in_frozen_csv,unavailable_in_frozen_csv,True,unavailable_in_frozen_csv,1,exact_final_tree_family_counts
heart-cleveland,4,7,cals,square2cnf_interaction,0,square2cnf,unavailable_in_frozen_csv,unavailable_in_frozen_csv,unavailable_in_frozen_csv,True,True,1,exact_final_tree_family_counts
heart-cleveland,4,7,cals_compact_explain,square2cnf_interaction,unavailable_in_frozen_csv,square2cnf,unavailable_in_frozen_csv,unavailable_in_frozen_csv,unavailable_in_frozen_csv,True,unavailable_in_frozen_csv,9,exact_final_tree_family_counts
heart-cleveland,4,7,cals_compact_explain,square2cnf_interaction,unavailable_in_frozen_csv,unary,unavailable_in_frozen_csv,unavailable_in_frozen_csv,unavailable_in_frozen_csv,True,unavailable_in_frozen_csv,1,exact_final_tree_family_counts
heart-cleveland,5,5,cals,square2cnf_interaction,unavailable_in_frozen_csv,square2cnf,unavailable_in_frozen_csv,unavailable_in_frozen_csv,unavailable_in_frozen_csv,True,unavailable_in_frozen_csv,4,exact_final_tree_family_counts
heart-cleveland,5,5,cals_compact_explain,square2cnf_interaction,unavailable_in_frozen_csv,square2cnf,unavailable_in_frozen_csv,unavailable_in_frozen_csv,unavailable_in_frozen_csv,True,unavailable_in_frozen_csv,5,exact_final_tree_family_counts
heart-cleveland,5,7,cals,square2cnf_interaction,unavailable_in_frozen_csv,square2cnf,unavailable_in_frozen_csv,unavailable_in_frozen_csv,unavailable_in_frozen_csv,True,unavailable_in_frozen_csv,4,exact_final_tree_family_counts
heart-cleveland,5,7,cals_compact_explain,square2cnf_interaction,unavailable_in_frozen_csv,square2cnf,unavailable_in_frozen_csv,unavailable_in_frozen_csv,unavailable_in_frozen_csv,True,unavailable_in_frozen_csv,6,exact_final_tree_family_counts
heart-cleveland,6,5,cals,square2cnf_interaction,unavailable_in_frozen_csv,horn,unavailable_in_frozen_csv,unavailable_in_frozen_csv,unavailable_in_frozen_csv,True,unavailable_in_frozen_csv,5,exact_final_tree_family_counts
heart-cleveland,6,5,cals_compact_explain,square2cnf_interaction,unavailable_in_frozen_csv,square2cnf,unavailable_in_frozen_csv,unavailable_in_frozen_csv,unavailable_in_frozen_csv,True,unavailable_in_frozen_csv,2,exact_final_tree_family_counts
heart-cleveland,6,7,cals,square2cnf_interaction,unavailable_in_frozen_csv,horn,unavailable_in_frozen_csv,unavailable_in_frozen_csv,unavailable_in_frozen_csv,True,unavailable_in_frozen_csv,5,exact_final_tree_family_counts
heart-cleveland,6,7,cals_compact_explain,square2cnf_interaction,unavailable_in_frozen_csv,square2cnf,unavailable_in_frozen_csv,unavailable_in_frozen_csv,unavailable_in_frozen_csv,True,unavailable_in_frozen_csv,2,exact_final_tree_family_counts
heart-cleveland,7,5,cals,square2cnf_interaction,unavailable_in_frozen_csv,square2cnf,unavailable_in_frozen_csv,unavailable_in_frozen_csv,unavailable_in_frozen_csv,True,unavailable_in_frozen_csv,2,exact_final_tree_family_counts
heart-cleveland,7,5,cals_compact_explain,square2cnf_interaction,0,square2cnf,unavailable_in_frozen_csv,unavailable_in_frozen_csv,unavailable_in_frozen_csv,True,True,1,exact_final_tree_family_counts
heart-cleveland,7,7,cals,square2cnf_interaction,unavailable_in_frozen_csv,square2cnf,unavailable_in_frozen_csv,unavailable_in_frozen_csv,unavailable_in_frozen_csv,True,unavailable_in_frozen_csv,2,exact_final_tree_family_counts
heart-cleveland,7,7,cals_compact_explain,square2cnf_interaction,0,square2cnf,unavailable_in_frozen_csv,unavailable_in_frozen_csv,unavailable_in_frozen_csv,True,True,1,exact_final_tree_family_counts
heart-cleveland,8,5,cals,square2cnf_interaction,unavailable_in_frozen_csv,square2cnf,unavailable_in_frozen_csv,unavailable_in_frozen_csv,unavailable_in_frozen_csv,True,unavailable_in_frozen_csv,3,exact_final_tree_family_counts
heart-cleveland,8,5,cals_compact_explain,square2cnf_interaction,unavailable_in_frozen_csv,square2cnf,unavailable_in_frozen_csv,unavailable_in_frozen_csv,unavailable_in_frozen_csv,True,unavailable_in_frozen_csv,4,exact_final_tree_family_counts
heart-cleveland,8,5,cals_compact_explain,square2cnf_interaction,unavailable_in_frozen_csv,unary,unavailable_in_frozen_csv,unavailable_in_frozen_csv,unavailable_in_frozen_csv,True,unavailable_in_frozen_csv,2,exact_final_tree_family_counts
heart-cleveland,8,7,cals,square2cnf_interaction,unavailable_in_frozen_csv,square2cnf,unavailable_in_frozen_csv,unavailable_in_frozen_csv,unavailable_in_frozen_csv,True,unavailable_in_frozen_csv,3,exact_final_tree_family_counts
heart-cleveland,8,7,cals_compact_explain,square2cnf_interaction,unavailable_in_frozen_csv,square2cnf,unavailable_in_frozen_csv,unavailable_in_frozen_csv,unavailable_in_frozen_csv,True,unavailable_in_frozen_csv,4,exact_final_tree_family_counts
heart-cleveland,8,7,cals_compact_explain,square2cnf_interaction,unavailable_in_frozen_csv,unary,unavailable_in_frozen_csv,unavailable_in_frozen_csv,unavailable_in_frozen_csv,True,unavailable_in_frozen_csv,2,exact_final_tree_family_counts
heart-cleveland,9,5,cals,square2cnf_interaction,unavailable_in_frozen_csv,square2cnf,unavailable_in_frozen_csv,unavailable_in_frozen_csv,unavailable_in_frozen_csv,True,unavailable_in_frozen_csv,4,exact_final_tree_family_counts
heart-cleveland,9,5,cals_compact_explain,square2cnf_interaction,0,square2cnf,unavailable_in_frozen_csv,unavailable_in_frozen_csv,unavailable_in_frozen_csv,True,True,1,exact_final_tree_family_counts
heart-cleveland,9,7,cals,square2cnf_interaction,unavailable_in_frozen_csv,square2cnf,unavailable_in_frozen_csv,unavailable_in_frozen_csv,unavailable_in_frozen_csv,True,unavailable_in_frozen_csv,4,exact_final_tree_family_counts
heart-cleveland,9,7,cals_compact_explain,square2cnf_interaction,0,square2cnf,unavailable_in_frozen_csv,unavailable_in_frozen_csv,unavailable_in_frozen_csv,True,True,1,exact_final_tree_family_counts
hepatitis,0,5,cals,horn_interaction,0,horn,unavailable_in_frozen_csv,unavailable_in_frozen_csv,unavailable_in_frozen_csv,True,True,1,exact_final_tree_family_counts
hepatitis,0,5,cals_compact_explain,horn_interaction,unavailable_in_frozen_csv,horn,unavailable_in_frozen_csv,unavailable_in_frozen_csv,unavailable_in_frozen_csv,True,unavailable_in_frozen_csv,4,exact_final_tree_family_counts
hepatitis,0,5,cals_compact_explain,horn_interaction,unavailable_in_frozen_csv,unary,unavailable_in_frozen_csv,unavailable_in_frozen_csv,unavailable_in_frozen_csv,True,unavailable_in_frozen_csv,1,exact_final_tree_family_counts
hepatitis,0,7,cals,horn_interaction,0,horn,unavailable_in_frozen_csv,unavailable_in_frozen_csv,unavailable_in_frozen_csv,True,True,1,exact_final_tree_family_counts
hepatitis,0,7,cals_compact_explain,horn_interaction,unavailable_in_frozen_csv,horn,unavailable_in_frozen_csv,unavailable_in_frozen_csv,unavailable_in_frozen_csv,True,unavailable_in_frozen_csv,4,exact_final_tree_family_counts
hepatitis,0,7,cals_compact_explain,horn_interaction,unavailable_in_frozen_csv,unary,unavailable_in_frozen_csv,unavailable_in_frozen_csv,unavailable_in_frozen_csv,True,unavailable_in_frozen_csv,1,exact_final_tree_family_counts
hepatitis,1,5,cals_compact_explain,horn_interaction,0,square2cnf,unavailable_in_frozen_csv,unavailable_in_frozen_csv,unavailable_in_frozen_csv,True,True,1,exact_final_tree_family_counts
hepatitis,1,7,cals_compact_explain,horn_interaction,0,square2cnf,unavailable_in_frozen_csv,unavailable_in_frozen_csv,unavailable_in_frozen_csv,True,True,1,exact_final_tree_family_counts
hepatitis,2,5,cals,horn_interaction,unavailable_in_frozen_csv,square2cnf,unavailable_in_frozen_csv,unavailable_in_frozen_csv,unavailable_in_frozen_csv,True,unavailable_in_frozen_csv,2,exact_final_tree_family_counts
hepatitis,2,5,cals_compact_explain,horn_interaction,0,square2cnf,unavailable_in_frozen_csv,unavailable_in_frozen_csv,unavailable_in_frozen_csv,True,True,1,exact_final_tree_family_counts
hepatitis,2,7,cals,horn_interaction,unavailable_in_frozen_csv,square2cnf,unavailable_in_frozen_csv,unavailable_in_frozen_csv,unavailable_in_frozen_csv,True,unavailable_in_frozen_csv,2,exact_final_tree_family_counts
hepatitis,2,7,cals_compact_explain,horn_interaction,0,square2cnf,unavailable_in_frozen_csv,unavailable_in_frozen_csv,unavailable_in_frozen_csv,True,True,1,exact_final_tree_family_counts
hepatitis,3,5,cals_compact_explain,horn_interaction,0,square2cnf,unavailable_in_frozen_csv,unavailable_in_frozen_csv,unavailable_in_frozen_csv,True,True,1,exact_final_tree_family_counts
hepatitis,3,7,cals_compact_explain,horn_interaction,0,square2cnf,unavailable_in_frozen_csv,unavailable_in_frozen_csv,unavailable_in_frozen_csv,True,True,1,exact_final_tree_family_counts
hepatitis,4,5,cals_compact_explain,horn_interaction,unavailable_in_frozen_csv,square2cnf,unavailable_in_frozen_csv,unavailable_in_frozen_csv,unavailable_in_frozen_csv,True,unavailable_in_frozen_csv,2,exact_final_tree_family_counts
hepatitis,4,7,cals_compact_explain,horn_interaction,unavailable_in_frozen_csv,square2cnf,unavailable_in_frozen_csv,unavailable_in_frozen_csv,unavailable_in_frozen_csv,True,unavailable_in_frozen_csv,2,exact_final_tree_family_counts
hepatitis,5,5,cals,horn_interaction,unavailable_in_frozen_csv,square2cnf,unavailable_in_frozen_csv,unavailable_in_frozen_csv,unavailable_in_frozen_csv,True,unavailable_in_frozen_csv,2,exact_final_tree_family_counts
hepatitis,5,5,cals,horn_interaction,unavailable_in_frozen_csv,unary,unavailable_in_frozen_csv,unavailable_in_frozen_csv,unavailable_in_frozen_csv,True,unavailable_in_frozen_csv,1,exact_final_tree_family_counts
hepatitis,5,5,cals_compact_explain,horn_interaction,unavailable_in_frozen_csv,square2cnf,unavailable_in_frozen_csv,unavailable_in_frozen_csv,unavailable_in_frozen_csv,True,unavailable_in_frozen_csv,4,exact_final_tree_family_counts
hepatitis,5,5,cals_compact_explain,horn_interaction,unavailable_in_frozen_csv,unary,unavailable_in_frozen_csv,unavailable_in_frozen_csv,unavailable_in_frozen_csv,True,unavailable_in_frozen_csv,3,exact_final_tree_family_counts
hepatitis,5,7,cals,horn_interaction,unavailable_in_frozen_csv,square2cnf,unavailable_in_frozen_csv,unavailable_in_frozen_csv,unavailable_in_frozen_csv,True,unavailable_in_frozen_csv,2,exact_final_tree_family_counts
hepatitis,5,7,cals,horn_interaction,unavailable_in_frozen_csv,unary,unavailable_in_frozen_csv,unavailable_in_frozen_csv,unavailable_in_frozen_csv,True,unavailable_in_frozen_csv,1,exact_final_tree_family_counts
hepatitis,5,7,cals_compact_explain,horn_interaction,unavailable_in_frozen_csv,square2cnf,unavailable_in_frozen_csv,unavailable_in_frozen_csv,unavailable_in_frozen_csv,True,unavailable_in_frozen_csv,4,exact_final_tree_family_counts
hepatitis,5,7,cals_compact_explain,horn_interaction,unavailable_in_frozen_csv,unary,unavailable_in_frozen_csv,unavailable_in_frozen_csv,unavailable_in_frozen_csv,True,unavailable_in_frozen_csv,3,exact_final_tree_family_counts
hepatitis,6,5,cals,horn_interaction,0,square2cnf,unavailable_in_frozen_csv,unavailable_in_frozen_csv,unavailable_in_frozen_csv,True,True,1,exact_final_tree_family_counts
hepatitis,6,5,cals_compact_explain,horn_interaction,0,square2cnf,unavailable_in_frozen_csv,unavailable_in_frozen_csv,unavailable_in_frozen_csv,True,True,1,exact_final_tree_family_counts
hepatitis,6,7,cals,horn_interaction,0,square2cnf,unavailable_in_frozen_csv,unavailable_in_frozen_csv,unavailable_in_frozen_csv,True,True,1,exact_final_tree_family_counts
hepatitis,6,7,cals_compact_explain,horn_interaction,0,square2cnf,unavailable_in_frozen_csv,unavailable_in_frozen_csv,unavailable_in_frozen_csv,True,True,1,exact_final_tree_family_counts
hepatitis,7,5,cals_compact_explain,horn_interaction,0,horn,unavailable_in_frozen_csv,unavailable_in_frozen_csv,unavailable_in_frozen_csv,True,True,1,exact_final_tree_family_counts
hepatitis,7,7,cals_compact_explain,horn_interaction,0,horn,unavailable_in_frozen_csv,unavailable_in_frozen_csv,unavailable_in_frozen_csv,True,True,1,exact_final_tree_family_counts
hepatitis,8,5,cals,horn_interaction,0,square2cnf,unavailable_in_frozen_csv,unavailable_in_frozen_csv,unavailable_in_frozen_csv,True,True,1,exact_final_tree_family_counts
hepatitis,8,5,cals_compact_explain,horn_interaction,0,square2cnf,unavailable_in_frozen_csv,unavailable_in_frozen_csv,unavailable_in_frozen_csv,True,True,1,exact_final_tree_family_counts
hepatitis,8,7,cals,horn_interaction,0,square2cnf,unavailable_in_frozen_csv,unavailable_in_frozen_csv,unavailable_in_frozen_csv,True,True,1,exact_final_tree_family_counts
hepatitis,8,7,cals_compact_explain,horn_interaction,0,square2cnf,unavailable_in_frozen_csv,unavailable_in_frozen_csv,unavailable_in_frozen_csv,True,True,1,exact_final_tree_family_counts
hepatitis,9,5,cals_compact_explain,horn_interaction,0,horn,unavailable_in_frozen_csv,unavailable_in_frozen_csv,unavailable_in_frozen_csv,True,True,1,exact_final_tree_family_counts
hepatitis,9,7,cals_compact_explain,horn_interaction,0,horn,unavailable_in_frozen_csv,unavailable_in_frozen_csv,unavailable_in_frozen_csv,True,True,1,exact_final_tree_family_counts
hypothyroid,0,5,cals,unary_dominant,unavailable_in_frozen_csv,horn,unavailable_in_frozen_csv,unavailable_in_frozen_csv,unavailable_in_frozen_csv,True,unavailable_in_frozen_csv,2,exact_final_tree_family_counts
hypothyroid,0,5,cals,unary_dominant,unavailable_in_frozen_csv,unary,unavailable_in_frozen_csv,unavailable_in_frozen_csv,unavailable_in_frozen_csv,True,unavailable_in_frozen_csv,1,exact_final_tree_family_counts
hypothyroid,0,5,cals_compact_explain,unary_dominant,unavailable_in_frozen_csv,horn,unavailable_in_frozen_csv,unavailable_in_frozen_csv,unavailable_in_frozen_csv,True,unavailable_in_frozen_csv,2,exact_final_tree_family_counts
hypothyroid,0,5,cals_compact_explain,unary_dominant,unavailable_in_frozen_csv,unary,unavailable_in_frozen_csv,unavailable_in_frozen_csv,unavailable_in_frozen_csv,True,unavailable_in_frozen_csv,4,exact_final_tree_family_counts
hypothyroid,0,7,cals,unary_dominant,unavailable_in_frozen_csv,horn,unavailable_in_frozen_csv,unavailable_in_frozen_csv,unavailable_in_frozen_csv,True,unavailable_in_frozen_csv,2,exact_final_tree_family_counts
hypothyroid,0,7,cals,unary_dominant,unavailable_in_frozen_csv,unary,unavailable_in_frozen_csv,unavailable_in_frozen_csv,unavailable_in_frozen_csv,True,unavailable_in_frozen_csv,1,exact_final_tree_family_counts
hypothyroid,0,7,cals_compact_explain,unary_dominant,unavailable_in_frozen_csv,horn,unavailable_in_frozen_csv,unavailable_in_frozen_csv,unavailable_in_frozen_csv,True,unavailable_in_frozen_csv,4,exact_final_tree_family_counts
hypothyroid,0,7,cals_compact_explain,unary_dominant,unavailable_in_frozen_csv,unary,unavailable_in_frozen_csv,unavailable_in_frozen_csv,unavailable_in_frozen_csv,True,unavailable_in_frozen_csv,4,exact_final_tree_family_counts
hypothyroid,1,5,cals,unary_dominant,unavailable_in_frozen_csv,affine,unavailable_in_frozen_csv,unavailable_in_frozen_csv,unavailable_in_frozen_csv,True,unavailable_in_frozen_csv,2,exact_final_tree_family_counts
hypothyroid,1,5,cals,unary_dominant,unavailable_in_frozen_csv,unary,unavailable_in_frozen_csv,unavailable_in_frozen_csv,unavailable_in_frozen_csv,True,unavailable_in_frozen_csv,1,exact_final_tree_family_counts
hypothyroid,1,5,cals_compact_explain,unary_dominant,unavailable_in_frozen_csv,affine,unavailable_in_frozen_csv,unavailable_in_frozen_csv,unavailable_in_frozen_csv,True,unavailable_in_frozen_csv,1,exact_final_tree_family_counts
hypothyroid,1,5,cals_compact_explain,unary_dominant,unavailable_in_frozen_csv,unary,unavailable_in_frozen_csv,unavailable_in_frozen_csv,unavailable_in_frozen_csv,True,unavailable_in_frozen_csv,1,exact_final_tree_family_counts
hypothyroid,1,7,cals,unary_dominant,unavailable_in_frozen_csv,affine,unavailable_in_frozen_csv,unavailable_in_frozen_csv,unavailable_in_frozen_csv,True,unavailable_in_frozen_csv,2,exact_final_tree_family_counts
hypothyroid,1,7,cals,unary_dominant,unavailable_in_frozen_csv,unary,unavailable_in_frozen_csv,unavailable_in_frozen_csv,unavailable_in_frozen_csv,True,unavailable_in_frozen_csv,1,exact_final_tree_family_counts
hypothyroid,1,7,cals_compact_explain,unary_dominant,unavailable_in_frozen_csv,affine,unavailable_in_frozen_csv,unavailable_in_frozen_csv,unavailable_in_frozen_csv,True,unavailable_in_frozen_csv,1,exact_final_tree_family_counts
hypothyroid,1,7,cals_compact_explain,unary_dominant,unavailable_in_frozen_csv,unary,unavailable_in_frozen_csv,unavailable_in_frozen_csv,unavailable_in_frozen_csv,True,unavailable_in_frozen_csv,1,exact_final_tree_family_counts
hypothyroid,2,5,cals,unary_dominant,unavailable_in_frozen_csv,horn,unavailable_in_frozen_csv,unavailable_in_frozen_csv,unavailable_in_frozen_csv,True,unavailable_in_frozen_csv,3,exact_final_tree_family_counts
hypothyroid,2,5,cals,unary_dominant,unavailable_in_frozen_csv,unary,unavailable_in_frozen_csv,unavailable_in_frozen_csv,unavailable_in_frozen_csv,True,unavailable_in_frozen_csv,2,exact_final_tree_family_counts
hypothyroid,2,5,cals_compact_explain,unary_dominant,unavailable_in_frozen_csv,horn,unavailable_in_frozen_csv,unavailable_in_frozen_csv,unavailable_in_frozen_csv,True,unavailable_in_frozen_csv,2,exact_final_tree_family_counts
hypothyroid,2,5,cals_compact_explain,unary_dominant,unavailable_in_frozen_csv,unary,unavailable_in_frozen_csv,unavailable_in_frozen_csv,unavailable_in_frozen_csv,True,unavailable_in_frozen_csv,4,exact_final_tree_family_counts
hypothyroid,2,7,cals,unary_dominant,unavailable_in_frozen_csv,horn,unavailable_in_frozen_csv,unavailable_in_frozen_csv,unavailable_in_frozen_csv,True,unavailable_in_frozen_csv,3,exact_final_tree_family_counts
hypothyroid,2,7,cals,unary_dominant,unavailable_in_frozen_csv,unary,unavailable_in_frozen_csv,unavailable_in_frozen_csv,unavailable_in_frozen_csv,True,unavailable_in_frozen_csv,2,exact_final_tree_family_counts
hypothyroid,2,7,cals_compact_explain,unary_dominant,unavailable_in_frozen_csv,horn,unavailable_in_frozen_csv,unavailable_in_frozen_csv,unavailable_in_frozen_csv,True,unavailable_in_frozen_csv,4,exact_final_tree_family_counts
hypothyroid,2,7,cals_compact_explain,unary_dominant,unavailable_in_frozen_csv,unary,unavailable_in_frozen_csv,unavailable_in_frozen_csv,unavailable_in_frozen_csv,True,unavailable_in_frozen_csv,4,exact_final_tree_family_counts
hypothyroid,3,5,cals,unary_dominant,unavailable_in_frozen_csv,square2cnf,unavailable_in_frozen_csv,unavailable_in_frozen_csv,unavailable_in_frozen_csv,True,unavailable_in_frozen_csv,2,exact_final_tree_family_counts
hypothyroid,3,5,cals,unary_dominant,unavailable_in_frozen_csv,unary,unavailable_in_frozen_csv,unavailable_in_frozen_csv,unavailable_in_frozen_csv,True,unavailable_in_frozen_csv,1,exact_final_tree_family_counts
hypothyroid,3,5,cals_compact_explain,unary_dominant,unavailable_in_frozen_csv,horn,unavailable_in_frozen_csv,unavailable_in_frozen_csv,unavailable_in_frozen_csv,True,unavailable_in_frozen_csv,1,exact_final_tree_family_counts
hypothyroid,3,5,cals_compact_explain,unary_dominant,unavailable_in_frozen_csv,square2cnf,unavailable_in_frozen_csv,unavailable_in_frozen_csv,unavailable_in_frozen_csv,True,unavailable_in_frozen_csv,6,exact_final_tree_family_counts
hypothyroid,3,5,cals_compact_explain,unary_dominant,unavailable_in_frozen_csv,unary,unavailable_in_frozen_csv,unavailable_in_frozen_csv,unavailable_in_frozen_csv,True,unavailable_in_frozen_csv,4,exact_final_tree_family_counts
hypothyroid,3,7,cals,unary_dominant,unavailable_in_frozen_csv,square2cnf,unavailable_in_frozen_csv,unavailable_in_frozen_csv,unavailable_in_frozen_csv,True,unavailable_in_frozen_csv,3,exact_final_tree_family_counts
hypothyroid,3,7,cals,unary_dominant,unavailable_in_frozen_csv,unary,unavailable_in_frozen_csv,unavailable_in_frozen_csv,unavailable_in_frozen_csv,True,unavailable_in_frozen_csv,4,exact_final_tree_family_counts
hypothyroid,3,7,cals_compact_explain,unary_dominant,unavailable_in_frozen_csv,horn,unavailable_in_frozen_csv,unavailable_in_frozen_csv,unavailable_in_frozen_csv,True,unavailable_in_frozen_csv,2,exact_final_tree_family_counts
hypothyroid,3,7,cals_compact_explain,unary_dominant,unavailable_in_frozen_csv,square2cnf,unavailable_in_frozen_csv,unavailable_in_frozen_csv,unavailable_in_frozen_csv,True,unavailable_in_frozen_csv,6,exact_final_tree_family_counts
hypothyroid,3,7,cals_compact_explain,unary_dominant,unavailable_in_frozen_csv,unary,unavailable_in_frozen_csv,unavailable_in_frozen_csv,unavailable_in_frozen_csv,True,unavailable_in_frozen_csv,6,exact_final_tree_family_counts
hypothyroid,4,5,cals,unary_dominant,unavailable_in_frozen_csv,square2cnf,unavailable_in_frozen_csv,unavailable_in_frozen_csv,unavailable_in_frozen_csv,True,unavailable_in_frozen_csv,2,exact_final_tree_family_counts
hypothyroid,4,5,cals,unary_dominant,unavailable_in_frozen_csv,unary,unavailable_in_frozen_csv,unavailable_in_frozen_csv,unavailable_in_frozen_csv,True,unavailable_in_frozen_csv,1,exact_final_tree_family_counts
hypothyroid,4,5,cals_compact_explain,unary_dominant,unavailable_in_frozen_csv,horn,unavailable_in_frozen_csv,unavailable_in_frozen_csv,unavailable_in_frozen_csv,True,unavailable_in_frozen_csv,1,exact_final_tree_family_counts
hypothyroid,4,5,cals_compact_explain,unary_dominant,unavailable_in_frozen_csv,square2cnf,unavailable_in_frozen_csv,unavailable_in_frozen_csv,unavailable_in_frozen_csv,True,unavailable_in_frozen_csv,2,exact_final_tree_family_counts
hypothyroid,4,5,cals_compact_explain,unary_dominant,unavailable_in_frozen_csv,unary,unavailable_in_frozen_csv,unavailable_in_frozen_csv,unavailable_in_frozen_csv,True,unavailable_in_frozen_csv,4,exact_final_tree_family_counts
hypothyroid,4,7,cals,unary_dominant,unavailable_in_frozen_csv,square2cnf,unavailable_in_frozen_csv,unavailable_in_frozen_csv,unavailable_in_frozen_csv,True,unavailable_in_frozen_csv,2,exact_final_tree_family_counts
hypothyroid,4,7,cals,unary_dominant,unavailable_in_frozen_csv,unary,unavailable_in_frozen_csv,unavailable_in_frozen_csv,unavailable_in_frozen_csv,True,unavailable_in_frozen_csv,1,exact_final_tree_family_counts
hypothyroid,4,7,cals_compact_explain,unary_dominant,unavailable_in_frozen_csv,horn,unavailable_in_frozen_csv,unavailable_in_frozen_csv,unavailable_in_frozen_csv,True,unavailable_in_frozen_csv,2,exact_final_tree_family_counts
hypothyroid,4,7,cals_compact_explain,unary_dominant,unavailable_in_frozen_csv,square2cnf,unavailable_in_frozen_csv,unavailable_in_frozen_csv,unavailable_in_frozen_csv,True,unavailable_in_frozen_csv,2,exact_final_tree_family_counts
hypothyroid,4,7,cals_compact_explain,unary_dominant,unavailable_in_frozen_csv,unary,unavailable_in_frozen_csv,unavailable_in_frozen_csv,unavailable_in_frozen_csv,True,unavailable_in_frozen_csv,5,exact_final_tree_family_counts
hypothyroid,5,5,cals,unary_dominant,unavailable_in_frozen_csv,affine,unavailable_in_frozen_csv,unavailable_in_frozen_csv,unavailable_in_frozen_csv,True,unavailable_in_frozen_csv,4,exact_final_tree_family_counts
hypothyroid,5,5,cals,unary_dominant,unavailable_in_frozen_csv,unary,unavailable_in_frozen_csv,unavailable_in_frozen_csv,unavailable_in_frozen_csv,True,unavailable_in_frozen_csv,2,exact_final_tree_family_counts
hypothyroid,5,5,cals_compact_explain,unary_dominant,unavailable_in_frozen_csv,horn,unavailable_in_frozen_csv,unavailable_in_frozen_csv,unavailable_in_frozen_csv,True,unavailable_in_frozen_csv,1,exact_final_tree_family_counts
hypothyroid,5,5,cals_compact_explain,unary_dominant,unavailable_in_frozen_csv,unary,unavailable_in_frozen_csv,unavailable_in_frozen_csv,unavailable_in_frozen_csv,True,unavailable_in_frozen_csv,1,exact_final_tree_family_counts
hypothyroid,5,7,cals,unary_dominant,unavailable_in_frozen_csv,affine,unavailable_in_frozen_csv,unavailable_in_frozen_csv,unavailable_in_frozen_csv,True,unavailable_in_frozen_csv,7,exact_final_tree_family_counts
hypothyroid,5,7,cals,unary_dominant,unavailable_in_frozen_csv,unary,unavailable_in_frozen_csv,unavailable_in_frozen_csv,unavailable_in_frozen_csv,True,unavailable_in_frozen_csv,3,exact_final_tree_family_counts
hypothyroid,5,7,cals_compact_explain,unary_dominant,unavailable_in_frozen_csv,horn,unavailable_in_frozen_csv,unavailable_in_frozen_csv,unavailable_in_frozen_csv,True,unavailable_in_frozen_csv,1,exact_final_tree_family_counts
hypothyroid,5,7,cals_compact_explain,unary_dominant,unavailable_in_frozen_csv,unary,unavailable_in_frozen_csv,unavailable_in_frozen_csv,unavailable_in_frozen_csv,True,unavailable_in_frozen_csv,1,exact_final_tree_family_counts
hypothyroid,6,5,cals,unary_dominant,unavailable_in_frozen_csv,affine,unavailable_in_frozen_csv,unavailable_in_frozen_csv,unavailable_in_frozen_csv,True,unavailable_in_frozen_csv,1,exact_final_tree_family_counts
hypothyroid,6,5,cals,unary_dominant,unavailable_in_frozen_csv,unary,unavailable_in_frozen_csv,unavailable_in_frozen_csv,unavailable_in_frozen_csv,True,unavailable_in_frozen_csv,1,exact_final_tree_family_counts
hypothyroid,6,5,cals_compact_explain,unary_dominant,unavailable_in_frozen_csv,affine,unavailable_in_frozen_csv,unavailable_in_frozen_csv,unavailable_in_frozen_csv,True,unavailable_in_frozen_csv,1,exact_final_tree_family_counts
hypothyroid,6,5,cals_compact_explain,unary_dominant,unavailable_in_frozen_csv,unary,unavailable_in_frozen_csv,unavailable_in_frozen_csv,unavailable_in_frozen_csv,True,unavailable_in_frozen_csv,1,exact_final_tree_family_counts
hypothyroid,6,7,cals,unary_dominant,unavailable_in_frozen_csv,affine,unavailable_in_frozen_csv,unavailable_in_frozen_csv,unavailable_in_frozen_csv,True,unavailable_in_frozen_csv,1,exact_final_tree_family_counts
hypothyroid,6,7,cals,unary_dominant,unavailable_in_frozen_csv,unary,unavailable_in_frozen_csv,unavailable_in_frozen_csv,unavailable_in_frozen_csv,True,unavailable_in_frozen_csv,1,exact_final_tree_family_counts
hypothyroid,6,7,cals_compact_explain,unary_dominant,unavailable_in_frozen_csv,affine,unavailable_in_frozen_csv,unavailable_in_frozen_csv,unavailable_in_frozen_csv,True,unavailable_in_frozen_csv,1,exact_final_tree_family_counts
hypothyroid,6,7,cals_compact_explain,unary_dominant,unavailable_in_frozen_csv,unary,unavailable_in_frozen_csv,unavailable_in_frozen_csv,unavailable_in_frozen_csv,True,unavailable_in_frozen_csv,1,exact_final_tree_family_counts
hypothyroid,7,5,cals,unary_dominant,unavailable_in_frozen_csv,horn,unavailable_in_frozen_csv,unavailable_in_frozen_csv,unavailable_in_frozen_csv,True,unavailable_in_frozen_csv,2,exact_final_tree_family_counts
hypothyroid,7,5,cals,unary_dominant,unavailable_in_frozen_csv,unary,unavailable_in_frozen_csv,unavailable_in_frozen_csv,unavailable_in_frozen_csv,True,unavailable_in_frozen_csv,1,exact_final_tree_family_counts
hypothyroid,7,5,cals_compact_explain,unary_dominant,unavailable_in_frozen_csv,horn,unavailable_in_frozen_csv,unavailable_in_frozen_csv,unavailable_in_frozen_csv,True,unavailable_in_frozen_csv,2,exact_final_tree_family_counts
hypothyroid,7,5,cals_compact_explain,unary_dominant,unavailable_in_frozen_csv,unary,unavailable_in_frozen_csv,unavailable_in_frozen_csv,unavailable_in_frozen_csv,True,unavailable_in_frozen_csv,4,exact_final_tree_family_counts
hypothyroid,7,7,cals,unary_dominant,unavailable_in_frozen_csv,horn,unavailable_in_frozen_csv,unavailable_in_frozen_csv,unavailable_in_frozen_csv,True,unavailable_in_frozen_csv,2,exact_final_tree_family_counts
hypothyroid,7,7,cals,unary_dominant,unavailable_in_frozen_csv,unary,unavailable_in_frozen_csv,unavailable_in_frozen_csv,unavailable_in_frozen_csv,True,unavailable_in_frozen_csv,1,exact_final_tree_family_counts
hypothyroid,7,7,cals_compact_explain,unary_dominant,unavailable_in_frozen_csv,horn,unavailable_in_frozen_csv,unavailable_in_frozen_csv,unavailable_in_frozen_csv,True,unavailable_in_frozen_csv,3,exact_final_tree_family_counts
hypothyroid,7,7,cals_compact_explain,unary_dominant,unavailable_in_frozen_csv,unary,unavailable_in_frozen_csv,unavailable_in_frozen_csv,unavailable_in_frozen_csv,True,unavailable_in_frozen_csv,5,exact_final_tree_family_counts
hypothyroid,8,5,cals,unary_dominant,unavailable_in_frozen_csv,horn,unavailable_in_frozen_csv,unavailable_in_frozen_csv,unavailable_in_frozen_csv,True,unavailable_in_frozen_csv,2,exact_final_tree_family_counts
hypothyroid,8,5,cals,unary_dominant,unavailable_in_frozen_csv,unary,unavailable_in_frozen_csv,unavailable_in_frozen_csv,unavailable_in_frozen_csv,True,unavailable_in_frozen_csv,1,exact_final_tree_family_counts
hypothyroid,8,5,cals_compact_explain,unary_dominant,unavailable_in_frozen_csv,horn,unavailable_in_frozen_csv,unavailable_in_frozen_csv,unavailable_in_frozen_csv,True,unavailable_in_frozen_csv,2,exact_final_tree_family_counts
hypothyroid,8,5,cals_compact_explain,unary_dominant,unavailable_in_frozen_csv,unary,unavailable_in_frozen_csv,unavailable_in_frozen_csv,unavailable_in_frozen_csv,True,unavailable_in_frozen_csv,1,exact_final_tree_family_counts
hypothyroid,8,7,cals,unary_dominant,unavailable_in_frozen_csv,horn,unavailable_in_frozen_csv,unavailable_in_frozen_csv,unavailable_in_frozen_csv,True,unavailable_in_frozen_csv,2,exact_final_tree_family_counts
hypothyroid,8,7,cals,unary_dominant,unavailable_in_frozen_csv,unary,unavailable_in_frozen_csv,unavailable_in_frozen_csv,unavailable_in_frozen_csv,True,unavailable_in_frozen_csv,1,exact_final_tree_family_counts
hypothyroid,8,7,cals_compact_explain,unary_dominant,unavailable_in_frozen_csv,horn,unavailable_in_frozen_csv,unavailable_in_frozen_csv,unavailable_in_frozen_csv,True,unavailable_in_frozen_csv,2,exact_final_tree_family_counts
hypothyroid,8,7,cals_compact_explain,unary_dominant,unavailable_in_frozen_csv,unary,unavailable_in_frozen_csv,unavailable_in_frozen_csv,unavailable_in_frozen_csv,True,unavailable_in_frozen_csv,1,exact_final_tree_family_counts
hypothyroid,9,5,cals,unary_dominant,unavailable_in_frozen_csv,affine,unavailable_in_frozen_csv,unavailable_in_frozen_csv,unavailable_in_frozen_csv,True,unavailable_in_frozen_csv,2,exact_final_tree_family_counts
hypothyroid,9,5,cals,unary_dominant,unavailable_in_frozen_csv,unary,unavailable_in_frozen_csv,unavailable_in_frozen_csv,unavailable_in_frozen_csv,True,unavailable_in_frozen_csv,2,exact_final_tree_family_counts
hypothyroid,9,5,cals_compact_explain,unary_dominant,unavailable_in_frozen_csv,affine,unavailable_in_frozen_csv,unavailable_in_frozen_csv,unavailable_in_frozen_csv,True,unavailable_in_frozen_csv,1,exact_final_tree_family_counts
hypothyroid,9,5,cals_compact_explain,unary_dominant,unavailable_in_frozen_csv,unary,unavailable_in_frozen_csv,unavailable_in_frozen_csv,unavailable_in_frozen_csv,True,unavailable_in_frozen_csv,1,exact_final_tree_family_counts
hypothyroid,9,7,cals,unary_dominant,unavailable_in_frozen_csv,affine,unavailable_in_frozen_csv,unavailable_in_frozen_csv,unavailable_in_frozen_csv,True,unavailable_in_frozen_csv,2,exact_final_tree_family_counts
hypothyroid,9,7,cals,unary_dominant,unavailable_in_frozen_csv,unary,unavailable_in_frozen_csv,unavailable_in_frozen_csv,unavailable_in_frozen_csv,True,unavailable_in_frozen_csv,2,exact_final_tree_family_counts
hypothyroid,9,7,cals_compact_explain,unary_dominant,unavailable_in_frozen_csv,affine,unavailable_in_frozen_csv,unavailable_in_frozen_csv,unavailable_in_frozen_csv,True,unavailable_in_frozen_csv,1,exact_final_tree_family_counts
hypothyroid,9,7,cals_compact_explain,unary_dominant,unavailable_in_frozen_csv,unary,unavailable_in_frozen_csv,unavailable_in_frozen_csv,unavailable_in_frozen_csv,True,unavailable_in_frozen_csv,1,exact_final_tree_family_counts
ionosphere,0,5,cals,horn_interaction,unavailable_in_frozen_csv,horn,unavailable_in_frozen_csv,unavailable_in_frozen_csv,unavailable_in_frozen_csv,True,unavailable_in_frozen_csv,4,exact_final_tree_family_counts
ionosphere,0,5,cals_compact_explain,horn_interaction,unavailable_in_frozen_csv,horn,unavailable_in_frozen_csv,unavailable_in_frozen_csv,unavailable_in_frozen_csv,True,unavailable_in_frozen_csv,4,exact_final_tree_family_counts
ionosphere,0,7,cals,horn_interaction,unavailable_in_frozen_csv,horn,unavailable_in_frozen_csv,unavailable_in_frozen_csv,unavailable_in_frozen_csv,True,unavailable_in_frozen_csv,4,exact_final_tree_family_counts
ionosphere,0,7,cals_compact_explain,horn_interaction,unavailable_in_frozen_csv,horn,unavailable_in_frozen_csv,unavailable_in_frozen_csv,unavailable_in_frozen_csv,True,unavailable_in_frozen_csv,4,exact_final_tree_family_counts
ionosphere,1,5,cals,horn_interaction,0,horn,unavailable_in_frozen_csv,unavailable_in_frozen_csv,unavailable_in_frozen_csv,True,True,1,exact_final_tree_family_counts
ionosphere,1,5,cals_compact_explain,horn_interaction,0,horn,unavailable_in_frozen_csv,unavailable_in_frozen_csv,unavailable_in_frozen_csv,True,True,1,exact_final_tree_family_counts
ionosphere,1,7,cals,horn_interaction,0,horn,unavailable_in_frozen_csv,unavailable_in_frozen_csv,unavailable_in_frozen_csv,True,True,1,exact_final_tree_family_counts
ionosphere,1,7,cals_compact_explain,horn_interaction,0,horn,unavailable_in_frozen_csv,unavailable_in_frozen_csv,unavailable_in_frozen_csv,True,True,1,exact_final_tree_family_counts
ionosphere,2,5,cals,horn_interaction,unavailable_in_frozen_csv,square2cnf,unavailable_in_frozen_csv,unavailable_in_frozen_csv,unavailable_in_frozen_csv,True,unavailable_in_frozen_csv,1,exact_final_tree_family_counts
ionosphere,2,5,cals,horn_interaction,unavailable_in_frozen_csv,unary,unavailable_in_frozen_csv,unavailable_in_frozen_csv,unavailable_in_frozen_csv,True,unavailable_in_frozen_csv,3,exact_final_tree_family_counts
ionosphere,2,5,cals_compact_explain,horn_interaction,unavailable_in_frozen_csv,square2cnf,unavailable_in_frozen_csv,unavailable_in_frozen_csv,unavailable_in_frozen_csv,True,unavailable_in_frozen_csv,2,exact_final_tree_family_counts
ionosphere,2,5,cals_compact_explain,horn_interaction,unavailable_in_frozen_csv,unary,unavailable_in_frozen_csv,unavailable_in_frozen_csv,unavailable_in_frozen_csv,True,unavailable_in_frozen_csv,4,exact_final_tree_family_counts
ionosphere,2,7,cals,horn_interaction,unavailable_in_frozen_csv,square2cnf,unavailable_in_frozen_csv,unavailable_in_frozen_csv,unavailable_in_frozen_csv,True,unavailable_in_frozen_csv,1,exact_final_tree_family_counts
ionosphere,2,7,cals,horn_interaction,unavailable_in_frozen_csv,unary,unavailable_in_frozen_csv,unavailable_in_frozen_csv,unavailable_in_frozen_csv,True,unavailable_in_frozen_csv,3,exact_final_tree_family_counts
ionosphere,2,7,cals_compact_explain,horn_interaction,unavailable_in_frozen_csv,square2cnf,unavailable_in_frozen_csv,unavailable_in_frozen_csv,unavailable_in_frozen_csv,True,unavailable_in_frozen_csv,2,exact_final_tree_family_counts
ionosphere,2,7,cals_compact_explain,horn_interaction,unavailable_in_frozen_csv,unary,unavailable_in_frozen_csv,unavailable_in_frozen_csv,unavailable_in_frozen_csv,True,unavailable_in_frozen_csv,4,exact_final_tree_family_counts
ionosphere,3,5,cals,horn_interaction,0,horn,unavailable_in_frozen_csv,unavailable_in_frozen_csv,unavailable_in_frozen_csv,True,True,1,exact_final_tree_family_counts
ionosphere,3,5,cals_compact_explain,horn_interaction,0,horn,unavailable_in_frozen_csv,unavailable_in_frozen_csv,unavailable_in_frozen_csv,True,True,1,exact_final_tree_family_counts
ionosphere,3,7,cals,horn_interaction,0,horn,unavailable_in_frozen_csv,unavailable_in_frozen_csv,unavailable_in_frozen_csv,True,True,1,exact_final_tree_family_counts
ionosphere,3,7,cals_compact_explain,horn_interaction,0,horn,unavailable_in_frozen_csv,unavailable_in_frozen_csv,unavailable_in_frozen_csv,True,True,1,exact_final_tree_family_counts
ionosphere,4,5,cals,horn_interaction,unavailable_in_frozen_csv,horn,unavailable_in_frozen_csv,unavailable_in_frozen_csv,unavailable_in_frozen_csv,True,unavailable_in_frozen_csv,3,exact_final_tree_family_counts
ionosphere,4,5,cals_compact_explain,horn_interaction,0,horn,unavailable_in_frozen_csv,unavailable_in_frozen_csv,unavailable_in_frozen_csv,True,True,1,exact_final_tree_family_counts
ionosphere,4,7,cals,horn_interaction,unavailable_in_frozen_csv,horn,unavailable_in_frozen_csv,unavailable_in_frozen_csv,unavailable_in_frozen_csv,True,unavailable_in_frozen_csv,5,exact_final_tree_family_counts
ionosphere,4,7,cals,horn_interaction,unavailable_in_frozen_csv,unary,unavailable_in_frozen_csv,unavailable_in_frozen_csv,unavailable_in_frozen_csv,True,unavailable_in_frozen_csv,1,exact_final_tree_family_counts
ionosphere,4,7,cals_compact_explain,horn_interaction,0,horn,unavailable_in_frozen_csv,unavailable_in_frozen_csv,unavailable_in_frozen_csv,True,True,1,exact_final_tree_family_counts
ionosphere,5,5,cals,horn_interaction,0,horn,unavailable_in_frozen_csv,unavailable_in_frozen_csv,unavailable_in_frozen_csv,True,True,1,exact_final_tree_family_counts
ionosphere,5,5,cals_compact_explain,horn_interaction,unavailable_in_frozen_csv,horn,unavailable_in_frozen_csv,unavailable_in_frozen_csv,unavailable_in_frozen_csv,True,unavailable_in_frozen_csv,7,exact_final_tree_family_counts
ionosphere,5,5,cals_compact_explain,horn_interaction,unavailable_in_frozen_csv,unary,unavailable_in_frozen_csv,unavailable_in_frozen_csv,unavailable_in_frozen_csv,True,unavailable_in_frozen_csv,4,exact_final_tree_family_counts
ionosphere,5,7,cals,horn_interaction,0,horn,unavailable_in_frozen_csv,unavailable_in_frozen_csv,unavailable_in_frozen_csv,True,True,1,exact_final_tree_family_counts
ionosphere,5,7,cals_compact_explain,horn_interaction,unavailable_in_frozen_csv,horn,unavailable_in_frozen_csv,unavailable_in_frozen_csv,unavailable_in_frozen_csv,True,unavailable_in_frozen_csv,7,exact_final_tree_family_counts
ionosphere,5,7,cals_compact_explain,horn_interaction,unavailable_in_frozen_csv,unary,unavailable_in_frozen_csv,unavailable_in_frozen_csv,unavailable_in_frozen_csv,True,unavailable_in_frozen_csv,4,exact_final_tree_family_counts
ionosphere,6,5,cals,horn_interaction,unavailable_in_frozen_csv,horn,unavailable_in_frozen_csv,unavailable_in_frozen_csv,unavailable_in_frozen_csv,True,unavailable_in_frozen_csv,3,exact_final_tree_family_counts
ionosphere,6,5,cals_compact_explain,horn_interaction,unavailable_in_frozen_csv,square2cnf,unavailable_in_frozen_csv,unavailable_in_frozen_csv,unavailable_in_frozen_csv,True,unavailable_in_frozen_csv,3,exact_final_tree_family_counts
ionosphere,6,7,cals,horn_interaction,unavailable_in_frozen_csv,horn,unavailable_in_frozen_csv,unavailable_in_frozen_csv,unavailable_in_frozen_csv,True,unavailable_in_frozen_csv,3,exact_final_tree_family_counts
ionosphere,6,7,cals_compact_explain,horn_interaction,unavailable_in_frozen_csv,square2cnf,unavailable_in_frozen_csv,unavailable_in_frozen_csv,unavailable_in_frozen_csv,True,unavailable_in_frozen_csv,3,exact_final_tree_family_counts
ionosphere,7,5,cals,horn_interaction,unavailable_in_frozen_csv,horn,unavailable_in_frozen_csv,unavailable_in_frozen_csv,unavailable_in_frozen_csv,True,unavailable_in_frozen_csv,3,exact_final_tree_family_counts
ionosphere,7,5,cals_compact_explain,horn_interaction,unavailable_in_frozen_csv,horn,unavailable_in_frozen_csv,unavailable_in_frozen_csv,unavailable_in_frozen_csv,True,unavailable_in_frozen_csv,3,exact_final_tree_family_counts
ionosphere,7,5,cals_compact_explain,horn_interaction,unavailable_in_frozen_csv,unary,unavailable_in_frozen_csv,unavailable_in_frozen_csv,unavailable_in_frozen_csv,True,unavailable_in_frozen_csv,1,exact_final_tree_family_counts
ionosphere,7,7,cals,horn_interaction,unavailable_in_frozen_csv,horn,unavailable_in_frozen_csv,unavailable_in_frozen_csv,unavailable_in_frozen_csv,True,unavailable_in_frozen_csv,3,exact_final_tree_family_counts
ionosphere,7,7,cals_compact_explain,horn_interaction,unavailable_in_frozen_csv,horn,unavailable_in_frozen_csv,unavailable_in_frozen_csv,unavailable_in_frozen_csv,True,unavailable_in_frozen_csv,3,exact_final_tree_family_counts
ionosphere,7,7,cals_compact_explain,horn_interaction,unavailable_in_frozen_csv,unary,unavailable_in_frozen_csv,unavailable_in_frozen_csv,unavailable_in_frozen_csv,True,unavailable_in_frozen_csv,1,exact_final_tree_family_counts
ionosphere,8,5,cals,horn_interaction,0,horn,unavailable_in_frozen_csv,unavailable_in_frozen_csv,unavailable_in_frozen_csv,True,True,1,exact_final_tree_family_counts
ionosphere,8,5,cals_compact_explain,horn_interaction,unavailable_in_frozen_csv,horn,unavailable_in_frozen_csv,unavailable_in_frozen_csv,unavailable_in_frozen_csv,True,unavailable_in_frozen_csv,3,exact_final_tree_family_counts
ionosphere,8,5,cals_compact_explain,horn_interaction,unavailable_in_frozen_csv,unary,unavailable_in_frozen_csv,unavailable_in_frozen_csv,unavailable_in_frozen_csv,True,unavailable_in_frozen_csv,4,exact_final_tree_family_counts
ionosphere,8,7,cals,horn_interaction,0,horn,unavailable_in_frozen_csv,unavailable_in_frozen_csv,unavailable_in_frozen_csv,True,True,1,exact_final_tree_family_counts
ionosphere,8,7,cals_compact_explain,horn_interaction,unavailable_in_frozen_csv,horn,unavailable_in_frozen_csv,unavailable_in_frozen_csv,unavailable_in_frozen_csv,True,unavailable_in_frozen_csv,3,exact_final_tree_family_counts
ionosphere,8,7,cals_compact_explain,horn_interaction,unavailable_in_frozen_csv,unary,unavailable_in_frozen_csv,unavailable_in_frozen_csv,unavailable_in_frozen_csv,True,unavailable_in_frozen_csv,5,exact_final_tree_family_counts
ionosphere,9,5,cals,horn_interaction,unavailable_in_frozen_csv,horn,unavailable_in_frozen_csv,unavailable_in_frozen_csv,unavailable_in_frozen_csv,True,unavailable_in_frozen_csv,2,exact_final_tree_family_counts
ionosphere,9,5,cals_compact_explain,horn_interaction,unavailable_in_frozen_csv,horn,unavailable_in_frozen_csv,unavailable_in_frozen_csv,unavailable_in_frozen_csv,True,unavailable_in_frozen_csv,2,exact_final_tree_family_counts
ionosphere,9,5,cals_compact_explain,horn_interaction,unavailable_in_frozen_csv,unary,unavailable_in_frozen_csv,unavailable_in_frozen_csv,unavailable_in_frozen_csv,True,unavailable_in_frozen_csv,1,exact_final_tree_family_counts
ionosphere,9,7,cals,horn_interaction,unavailable_in_frozen_csv,horn,unavailable_in_frozen_csv,unavailable_in_frozen_csv,unavailable_in_frozen_csv,True,unavailable_in_frozen_csv,2,exact_final_tree_family_counts
ionosphere,9,7,cals_compact_explain,horn_interaction,unavailable_in_frozen_csv,horn,unavailable_in_frozen_csv,unavailable_in_frozen_csv,unavailable_in_frozen_csv,True,unavailable_in_frozen_csv,2,exact_final_tree_family_counts
ionosphere,9,7,cals_compact_explain,horn_interaction,unavailable_in_frozen_csv,unary,unavailable_in_frozen_csv,unavailable_in_frozen_csv,unavailable_in_frozen_csv,True,unavailable_in_frozen_csv,1,exact_final_tree_family_counts
kr-vs-kp,0,5,cals,horn_interaction,unavailable_in_frozen_csv,square2cnf,unavailable_in_frozen_csv,unavailable_in_frozen_csv,unavailable_in_frozen_csv,True,unavailable_in_frozen_csv,8,exact_final_tree_family_counts
kr-vs-kp,0,5,cals,horn_interaction,unavailable_in_frozen_csv,unary,unavailable_in_frozen_csv,unavailable_in_frozen_csv,unavailable_in_frozen_csv,True,unavailable_in_frozen_csv,1,exact_final_tree_family_counts
kr-vs-kp,0,5,cals_compact_explain,horn_interaction,unavailable_in_frozen_csv,square2cnf,unavailable_in_frozen_csv,unavailable_in_frozen_csv,unavailable_in_frozen_csv,True,unavailable_in_frozen_csv,10,exact_final_tree_family_counts
kr-vs-kp,0,5,cals_compact_explain,horn_interaction,unavailable_in_frozen_csv,unary,unavailable_in_frozen_csv,unavailable_in_frozen_csv,unavailable_in_frozen_csv,True,unavailable_in_frozen_csv,1,exact_final_tree_family_counts
kr-vs-kp,0,7,cals,horn_interaction,unavailable_in_frozen_csv,square2cnf,unavailable_in_frozen_csv,unavailable_in_frozen_csv,unavailable_in_frozen_csv,True,unavailable_in_frozen_csv,11,exact_final_tree_family_counts
kr-vs-kp,0,7,cals,horn_interaction,unavailable_in_frozen_csv,unary,unavailable_in_frozen_csv,unavailable_in_frozen_csv,unavailable_in_frozen_csv,True,unavailable_in_frozen_csv,2,exact_final_tree_family_counts
kr-vs-kp,0,7,cals_compact_explain,horn_interaction,unavailable_in_frozen_csv,square2cnf,unavailable_in_frozen_csv,unavailable_in_frozen_csv,unavailable_in_frozen_csv,True,unavailable_in_frozen_csv,18,exact_final_tree_family_counts
kr-vs-kp,0,7,cals_compact_explain,horn_interaction,unavailable_in_frozen_csv,unary,unavailable_in_frozen_csv,unavailable_in_frozen_csv,unavailable_in_frozen_csv,True,unavailable_in_frozen_csv,2,exact_final_tree_family_counts
kr-vs-kp,1,5,cals,horn_interaction,unavailable_in_frozen_csv,square2cnf,unavailable_in_frozen_csv,unavailable_in_frozen_csv,unavailable_in_frozen_csv,True,unavailable_in_frozen_csv,9,exact_final_tree_family_counts
kr-vs-kp,1,5,cals_compact_explain,horn_interaction,unavailable_in_frozen_csv,square2cnf,unavailable_in_frozen_csv,unavailable_in_frozen_csv,unavailable_in_frozen_csv,True,unavailable_in_frozen_csv,10,exact_final_tree_family_counts
kr-vs-kp,1,5,cals_compact_explain,horn_interaction,unavailable_in_frozen_csv,unary,unavailable_in_frozen_csv,unavailable_in_frozen_csv,unavailable_in_frozen_csv,True,unavailable_in_frozen_csv,1,exact_final_tree_family_counts
kr-vs-kp,1,7,cals,horn_interaction,unavailable_in_frozen_csv,square2cnf,unavailable_in_frozen_csv,unavailable_in_frozen_csv,unavailable_in_frozen_csv,True,unavailable_in_frozen_csv,11,exact_final_tree_family_counts
kr-vs-kp,1,7,cals_compact_explain,horn_interaction,unavailable_in_frozen_csv,square2cnf,unavailable_in_frozen_csv,unavailable_in_frozen_csv,unavailable_in_frozen_csv,True,unavailable_in_frozen_csv,13,exact_final_tree_family_counts
kr-vs-kp,1,7,cals_compact_explain,horn_interaction,unavailable_in_frozen_csv,unary,unavailable_in_frozen_csv,unavailable_in_frozen_csv,unavailable_in_frozen_csv,True,unavailable_in_frozen_csv,2,exact_final_tree_family_counts
kr-vs-kp,2,5,cals,horn_interaction,unavailable_in_frozen_csv,square2cnf,unavailable_in_frozen_csv,unavailable_in_frozen_csv,unavailable_in_frozen_csv,True,unavailable_in_frozen_csv,10,exact_final_tree_family_counts
kr-vs-kp,2,5,cals,horn_interaction,unavailable_in_frozen_csv,unary,unavailable_in_frozen_csv,unavailable_in_frozen_csv,unavailable_in_frozen_csv,True,unavailable_in_frozen_csv,1,exact_final_tree_family_counts
kr-vs-kp,2,5,cals_compact_explain,horn_interaction,unavailable_in_frozen_csv,square2cnf,unavailable_in_frozen_csv,unavailable_in_frozen_csv,unavailable_in_frozen_csv,True,unavailable_in_frozen_csv,6,exact_final_tree_family_counts
kr-vs-kp,2,5,cals_compact_explain,horn_interaction,unavailable_in_frozen_csv,unary,unavailable_in_frozen_csv,unavailable_in_frozen_csv,unavailable_in_frozen_csv,True,unavailable_in_frozen_csv,1,exact_final_tree_family_counts
kr-vs-kp,2,7,cals,horn_interaction,unavailable_in_frozen_csv,square2cnf,unavailable_in_frozen_csv,unavailable_in_frozen_csv,unavailable_in_frozen_csv,True,unavailable_in_frozen_csv,11,exact_final_tree_family_counts
kr-vs-kp,2,7,cals,horn_interaction,unavailable_in_frozen_csv,unary,unavailable_in_frozen_csv,unavailable_in_frozen_csv,unavailable_in_frozen_csv,True,unavailable_in_frozen_csv,1,exact_final_tree_family_counts
kr-vs-kp,2,7,cals_compact_explain,horn_interaction,unavailable_in_frozen_csv,square2cnf,unavailable_in_frozen_csv,unavailable_in_frozen_csv,unavailable_in_frozen_csv,True,unavailable_in_frozen_csv,7,exact_final_tree_family_counts
kr-vs-kp,2,7,cals_compact_explain,horn_interaction,unavailable_in_frozen_csv,unary,unavailable_in_frozen_csv,unavailable_in_frozen_csv,unavailable_in_frozen_csv,True,unavailable_in_frozen_csv,2,exact_final_tree_family_counts
kr-vs-kp,3,5,cals,horn_interaction,unavailable_in_frozen_csv,square2cnf,unavailable_in_frozen_csv,unavailable_in_frozen_csv,unavailable_in_frozen_csv,True,unavailable_in_frozen_csv,8,exact_final_tree_family_counts
kr-vs-kp,3,5,cals,horn_interaction,unavailable_in_frozen_csv,unary,unavailable_in_frozen_csv,unavailable_in_frozen_csv,unavailable_in_frozen_csv,True,unavailable_in_frozen_csv,2,exact_final_tree_family_counts
kr-vs-kp,3,5,cals_compact_explain,horn_interaction,unavailable_in_frozen_csv,square2cnf,unavailable_in_frozen_csv,unavailable_in_frozen_csv,unavailable_in_frozen_csv,True,unavailable_in_frozen_csv,8,exact_final_tree_family_counts
kr-vs-kp,3,5,cals_compact_explain,horn_interaction,unavailable_in_frozen_csv,unary,unavailable_in_frozen_csv,unavailable_in_frozen_csv,unavailable_in_frozen_csv,True,unavailable_in_frozen_csv,3,exact_final_tree_family_counts
kr-vs-kp,3,7,cals,horn_interaction,unavailable_in_frozen_csv,square2cnf,unavailable_in_frozen_csv,unavailable_in_frozen_csv,unavailable_in_frozen_csv,True,unavailable_in_frozen_csv,9,exact_final_tree_family_counts
kr-vs-kp,3,7,cals,horn_interaction,unavailable_in_frozen_csv,unary,unavailable_in_frozen_csv,unavailable_in_frozen_csv,unavailable_in_frozen_csv,True,unavailable_in_frozen_csv,3,exact_final_tree_family_counts
kr-vs-kp,3,7,cals_compact_explain,horn_interaction,unavailable_in_frozen_csv,square2cnf,unavailable_in_frozen_csv,unavailable_in_frozen_csv,unavailable_in_frozen_csv,True,unavailable_in_frozen_csv,9,exact_final_tree_family_counts
kr-vs-kp,3,7,cals_compact_explain,horn_interaction,unavailable_in_frozen_csv,unary,unavailable_in_frozen_csv,unavailable_in_frozen_csv,unavailable_in_frozen_csv,True,unavailable_in_frozen_csv,4,exact_final_tree_family_counts
kr-vs-kp,4,5,cals,horn_interaction,unavailable_in_frozen_csv,square2cnf,unavailable_in_frozen_csv,unavailable_in_frozen_csv,unavailable_in_frozen_csv,True,unavailable_in_frozen_csv,9,exact_final_tree_family_counts
kr-vs-kp,4,5,cals,horn_interaction,unavailable_in_frozen_csv,unary,unavailable_in_frozen_csv,unavailable_in_frozen_csv,unavailable_in_frozen_csv,True,unavailable_in_frozen_csv,1,exact_final_tree_family_counts
kr-vs-kp,4,5,cals_compact_explain,horn_interaction,unavailable_in_frozen_csv,square2cnf,unavailable_in_frozen_csv,unavailable_in_frozen_csv,unavailable_in_frozen_csv,True,unavailable_in_frozen_csv,10,exact_final_tree_family_counts
kr-vs-kp,4,5,cals_compact_explain,horn_interaction,unavailable_in_frozen_csv,unary,unavailable_in_frozen_csv,unavailable_in_frozen_csv,unavailable_in_frozen_csv,True,unavailable_in_frozen_csv,2,exact_final_tree_family_counts
kr-vs-kp,4,7,cals,horn_interaction,unavailable_in_frozen_csv,square2cnf,unavailable_in_frozen_csv,unavailable_in_frozen_csv,unavailable_in_frozen_csv,True,unavailable_in_frozen_csv,10,exact_final_tree_family_counts
kr-vs-kp,4,7,cals,horn_interaction,unavailable_in_frozen_csv,unary,unavailable_in_frozen_csv,unavailable_in_frozen_csv,unavailable_in_frozen_csv,True,unavailable_in_frozen_csv,1,exact_final_tree_family_counts
kr-vs-kp,4,7,cals_compact_explain,horn_interaction,unavailable_in_frozen_csv,square2cnf,unavailable_in_frozen_csv,unavailable_in_frozen_csv,unavailable_in_frozen_csv,True,unavailable_in_frozen_csv,12,exact_final_tree_family_counts
kr-vs-kp,4,7,cals_compact_explain,horn_interaction,unavailable_in_frozen_csv,unary,unavailable_in_frozen_csv,unavailable_in_frozen_csv,unavailable_in_frozen_csv,True,unavailable_in_frozen_csv,6,exact_final_tree_family_counts
kr-vs-kp,5,5,cals,horn_interaction,unavailable_in_frozen_csv,square2cnf,unavailable_in_frozen_csv,unavailable_in_frozen_csv,unavailable_in_frozen_csv,True,unavailable_in_frozen_csv,10,exact_final_tree_family_counts
kr-vs-kp,5,5,cals,horn_interaction,unavailable_in_frozen_csv,unary,unavailable_in_frozen_csv,unavailable_in_frozen_csv,unavailable_in_frozen_csv,True,unavailable_in_frozen_csv,1,exact_final_tree_family_counts
kr-vs-kp,5,5,cals_compact_explain,horn_interaction,unavailable_in_frozen_csv,square2cnf,unavailable_in_frozen_csv,unavailable_in_frozen_csv,unavailable_in_frozen_csv,True,unavailable_in_frozen_csv,10,exact_final_tree_family_counts
kr-vs-kp,5,7,cals,horn_interaction,unavailable_in_frozen_csv,square2cnf,unavailable_in_frozen_csv,unavailable_in_frozen_csv,unavailable_in_frozen_csv,True,unavailable_in_frozen_csv,11,exact_final_tree_family_counts
kr-vs-kp,5,7,cals,horn_interaction,unavailable_in_frozen_csv,unary,unavailable_in_frozen_csv,unavailable_in_frozen_csv,unavailable_in_frozen_csv,True,unavailable_in_frozen_csv,2,exact_final_tree_family_counts
kr-vs-kp,5,7,cals_compact_explain,horn_interaction,unavailable_in_frozen_csv,square2cnf,unavailable_in_frozen_csv,unavailable_in_frozen_csv,unavailable_in_frozen_csv,True,unavailable_in_frozen_csv,13,exact_final_tree_family_counts
kr-vs-kp,5,7,cals_compact_explain,horn_interaction,unavailable_in_frozen_csv,unary,unavailable_in_frozen_csv,unavailable_in_frozen_csv,unavailable_in_frozen_csv,True,unavailable_in_frozen_csv,1,exact_final_tree_family_counts
kr-vs-kp,6,5,cals,horn_interaction,unavailable_in_frozen_csv,square2cnf,unavailable_in_frozen_csv,unavailable_in_frozen_csv,unavailable_in_frozen_csv,True,unavailable_in_frozen_csv,11,exact_final_tree_family_counts
kr-vs-kp,6,5,cals_compact_explain,horn_interaction,unavailable_in_frozen_csv,square2cnf,unavailable_in_frozen_csv,unavailable_in_frozen_csv,unavailable_in_frozen_csv,True,unavailable_in_frozen_csv,13,exact_final_tree_family_counts
kr-vs-kp,6,5,cals_compact_explain,horn_interaction,unavailable_in_frozen_csv,unary,unavailable_in_frozen_csv,unavailable_in_frozen_csv,unavailable_in_frozen_csv,True,unavailable_in_frozen_csv,2,exact_final_tree_family_counts
kr-vs-kp,6,7,cals,horn_interaction,unavailable_in_frozen_csv,square2cnf,unavailable_in_frozen_csv,unavailable_in_frozen_csv,unavailable_in_frozen_csv,True,unavailable_in_frozen_csv,12,exact_final_tree_family_counts
kr-vs-kp,6,7,cals,horn_interaction,unavailable_in_frozen_csv,unary,unavailable_in_frozen_csv,unavailable_in_frozen_csv,unavailable_in_frozen_csv,True,unavailable_in_frozen_csv,1,exact_final_tree_family_counts
kr-vs-kp,6,7,cals_compact_explain,horn_interaction,unavailable_in_frozen_csv,square2cnf,unavailable_in_frozen_csv,unavailable_in_frozen_csv,unavailable_in_frozen_csv,True,unavailable_in_frozen_csv,16,exact_final_tree_family_counts
kr-vs-kp,6,7,cals_compact_explain,horn_interaction,unavailable_in_frozen_csv,unary,unavailable_in_frozen_csv,unavailable_in_frozen_csv,unavailable_in_frozen_csv,True,unavailable_in_frozen_csv,5,exact_final_tree_family_counts
kr-vs-kp,7,5,cals,horn_interaction,unavailable_in_frozen_csv,square2cnf,unavailable_in_frozen_csv,unavailable_in_frozen_csv,unavailable_in_frozen_csv,True,unavailable_in_frozen_csv,6,exact_final_tree_family_counts
kr-vs-kp,7,5,cals,horn_interaction,unavailable_in_frozen_csv,unary,unavailable_in_frozen_csv,unavailable_in_frozen_csv,unavailable_in_frozen_csv,True,unavailable_in_frozen_csv,1,exact_final_tree_family_counts
kr-vs-kp,7,5,cals_compact_explain,horn_interaction,unavailable_in_frozen_csv,square2cnf,unavailable_in_frozen_csv,unavailable_in_frozen_csv,unavailable_in_frozen_csv,True,unavailable_in_frozen_csv,7,exact_final_tree_family_counts
kr-vs-kp,7,5,cals_compact_explain,horn_interaction,unavailable_in_frozen_csv,unary,unavailable_in_frozen_csv,unavailable_in_frozen_csv,unavailable_in_frozen_csv,True,unavailable_in_frozen_csv,1,exact_final_tree_family_counts
kr-vs-kp,7,7,cals,horn_interaction,unavailable_in_frozen_csv,square2cnf,unavailable_in_frozen_csv,unavailable_in_frozen_csv,unavailable_in_frozen_csv,True,unavailable_in_frozen_csv,11,exact_final_tree_family_counts
kr-vs-kp,7,7,cals,horn_interaction,unavailable_in_frozen_csv,unary,unavailable_in_frozen_csv,unavailable_in_frozen_csv,unavailable_in_frozen_csv,True,unavailable_in_frozen_csv,4,exact_final_tree_family_counts
kr-vs-kp,7,7,cals_compact_explain,horn_interaction,unavailable_in_frozen_csv,square2cnf,unavailable_in_frozen_csv,unavailable_in_frozen_csv,unavailable_in_frozen_csv,True,unavailable_in_frozen_csv,12,exact_final_tree_family_counts
kr-vs-kp,7,7,cals_compact_explain,horn_interaction,unavailable_in_frozen_csv,unary,unavailable_in_frozen_csv,unavailable_in_frozen_csv,unavailable_in_frozen_csv,True,unavailable_in_frozen_csv,6,exact_final_tree_family_counts
kr-vs-kp,8,5,cals,horn_interaction,unavailable_in_frozen_csv,square2cnf,unavailable_in_frozen_csv,unavailable_in_frozen_csv,unavailable_in_frozen_csv,True,unavailable_in_frozen_csv,7,exact_final_tree_family_counts
kr-vs-kp,8,5,cals,horn_interaction,unavailable_in_frozen_csv,unary,unavailable_in_frozen_csv,unavailable_in_frozen_csv,unavailable_in_frozen_csv,True,unavailable_in_frozen_csv,2,exact_final_tree_family_counts
kr-vs-kp,8,5,cals_compact_explain,horn_interaction,unavailable_in_frozen_csv,square2cnf,unavailable_in_frozen_csv,unavailable_in_frozen_csv,unavailable_in_frozen_csv,True,unavailable_in_frozen_csv,8,exact_final_tree_family_counts
kr-vs-kp,8,5,cals_compact_explain,horn_interaction,unavailable_in_frozen_csv,unary,unavailable_in_frozen_csv,unavailable_in_frozen_csv,unavailable_in_frozen_csv,True,unavailable_in_frozen_csv,6,exact_final_tree_family_counts
kr-vs-kp,8,7,cals,horn_interaction,unavailable_in_frozen_csv,square2cnf,unavailable_in_frozen_csv,unavailable_in_frozen_csv,unavailable_in_frozen_csv,True,unavailable_in_frozen_csv,7,exact_final_tree_family_counts
kr-vs-kp,8,7,cals,horn_interaction,unavailable_in_frozen_csv,unary,unavailable_in_frozen_csv,unavailable_in_frozen_csv,unavailable_in_frozen_csv,True,unavailable_in_frozen_csv,4,exact_final_tree_family_counts
kr-vs-kp,8,7,cals_compact_explain,horn_interaction,unavailable_in_frozen_csv,square2cnf,unavailable_in_frozen_csv,unavailable_in_frozen_csv,unavailable_in_frozen_csv,True,unavailable_in_frozen_csv,12,exact_final_tree_family_counts
kr-vs-kp,8,7,cals_compact_explain,horn_interaction,unavailable_in_frozen_csv,unary,unavailable_in_frozen_csv,unavailable_in_frozen_csv,unavailable_in_frozen_csv,True,unavailable_in_frozen_csv,12,exact_final_tree_family_counts
kr-vs-kp,9,5,cals,horn_interaction,unavailable_in_frozen_csv,square2cnf,unavailable_in_frozen_csv,unavailable_in_frozen_csv,unavailable_in_frozen_csv,True,unavailable_in_frozen_csv,9,exact_final_tree_family_counts
kr-vs-kp,9,5,cals,horn_interaction,unavailable_in_frozen_csv,unary,unavailable_in_frozen_csv,unavailable_in_frozen_csv,unavailable_in_frozen_csv,True,unavailable_in_frozen_csv,1,exact_final_tree_family_counts
kr-vs-kp,9,5,cals_compact_explain,horn_interaction,unavailable_in_frozen_csv,square2cnf,unavailable_in_frozen_csv,unavailable_in_frozen_csv,unavailable_in_frozen_csv,True,unavailable_in_frozen_csv,10,exact_final_tree_family_counts
kr-vs-kp,9,5,cals_compact_explain,horn_interaction,unavailable_in_frozen_csv,unary,unavailable_in_frozen_csv,unavailable_in_frozen_csv,unavailable_in_frozen_csv,True,unavailable_in_frozen_csv,1,exact_final_tree_family_counts
kr-vs-kp,9,7,cals,horn_interaction,unavailable_in_frozen_csv,square2cnf,unavailable_in_frozen_csv,unavailable_in_frozen_csv,unavailable_in_frozen_csv,True,unavailable_in_frozen_csv,10,exact_final_tree_family_counts
kr-vs-kp,9,7,cals,horn_interaction,unavailable_in_frozen_csv,unary,unavailable_in_frozen_csv,unavailable_in_frozen_csv,unavailable_in_frozen_csv,True,unavailable_in_frozen_csv,2,exact_final_tree_family_counts
kr-vs-kp,9,7,cals_compact_explain,horn_interaction,unavailable_in_frozen_csv,square2cnf,unavailable_in_frozen_csv,unavailable_in_frozen_csv,unavailable_in_frozen_csv,True,unavailable_in_frozen_csv,11,exact_final_tree_family_counts
kr-vs-kp,9,7,cals_compact_explain,horn_interaction,unavailable_in_frozen_csv,unary,unavailable_in_frozen_csv,unavailable_in_frozen_csv,unavailable_in_frozen_csv,True,unavailable_in_frozen_csv,2,exact_final_tree_family_counts
letter,0,5,cals,horn_interaction,unavailable_in_frozen_csv,horn,unavailable_in_frozen_csv,unavailable_in_frozen_csv,unavailable_in_frozen_csv,True,unavailable_in_frozen_csv,5,exact_final_tree_family_counts
letter,0,7,cals,horn_interaction,unavailable_in_frozen_csv,horn,unavailable_in_frozen_csv,unavailable_in_frozen_csv,unavailable_in_frozen_csv,True,unavailable_in_frozen_csv,9,exact_final_tree_family_counts
letter,0,7,cals,horn_interaction,unavailable_in_frozen_csv,unary,unavailable_in_frozen_csv,unavailable_in_frozen_csv,unavailable_in_frozen_csv,True,unavailable_in_frozen_csv,2,exact_final_tree_family_counts
letter,1,5,cals,horn_interaction,unavailable_in_frozen_csv,horn,unavailable_in_frozen_csv,unavailable_in_frozen_csv,unavailable_in_frozen_csv,True,unavailable_in_frozen_csv,5,exact_final_tree_family_counts
letter,1,7,cals,horn_interaction,unavailable_in_frozen_csv,horn,unavailable_in_frozen_csv,unavailable_in_frozen_csv,unavailable_in_frozen_csv,True,unavailable_in_frozen_csv,11,exact_final_tree_family_counts
letter,1,7,cals,horn_interaction,unavailable_in_frozen_csv,unary,unavailable_in_frozen_csv,unavailable_in_frozen_csv,unavailable_in_frozen_csv,True,unavailable_in_frozen_csv,1,exact_final_tree_family_counts
letter,2,5,cals,horn_interaction,unavailable_in_frozen_csv,horn,unavailable_in_frozen_csv,unavailable_in_frozen_csv,unavailable_in_frozen_csv,True,unavailable_in_frozen_csv,5,exact_final_tree_family_counts
letter,2,7,cals,horn_interaction,unavailable_in_frozen_csv,horn,unavailable_in_frozen_csv,unavailable_in_frozen_csv,unavailable_in_frozen_csv,True,unavailable_in_frozen_csv,8,exact_final_tree_family_counts
letter,2,7,cals,horn_interaction,unavailable_in_frozen_csv,unary,unavailable_in_frozen_csv,unavailable_in_frozen_csv,unavailable_in_frozen_csv,True,unavailable_in_frozen_csv,1,exact_final_tree_family_counts
letter,3,5,cals,horn_interaction,unavailable_in_frozen_csv,horn,unavailable_in_frozen_csv,unavailable_in_frozen_csv,unavailable_in_frozen_csv,True,unavailable_in_frozen_csv,6,exact_final_tree_family_counts
letter,3,7,cals,horn_interaction,unavailable_in_frozen_csv,horn,unavailable_in_frozen_csv,unavailable_in_frozen_csv,unavailable_in_frozen_csv,True,unavailable_in_frozen_csv,10,exact_final_tree_family_counts
letter,3,7,cals_compact_explain,horn_interaction,unavailable_in_frozen_csv,horn,unavailable_in_frozen_csv,unavailable_in_frozen_csv,unavailable_in_frozen_csv,True,unavailable_in_frozen_csv,12,exact_final_tree_family_counts
letter,3,7,cals_compact_explain,horn_interaction,unavailable_in_frozen_csv,unary,unavailable_in_frozen_csv,unavailable_in_frozen_csv,unavailable_in_frozen_csv,True,unavailable_in_frozen_csv,5,exact_final_tree_family_counts
letter,4,5,cals,horn_interaction,unavailable_in_frozen_csv,horn,unavailable_in_frozen_csv,unavailable_in_frozen_csv,unavailable_in_frozen_csv,True,unavailable_in_frozen_csv,4,exact_final_tree_family_counts
letter,4,7,cals,horn_interaction,unavailable_in_frozen_csv,horn,unavailable_in_frozen_csv,unavailable_in_frozen_csv,unavailable_in_frozen_csv,True,unavailable_in_frozen_csv,9,exact_final_tree_family_counts
letter,4,7,cals,horn_interaction,unavailable_in_frozen_csv,unary,unavailable_in_frozen_csv,unavailable_in_frozen_csv,unavailable_in_frozen_csv,True,unavailable_in_frozen_csv,1,exact_final_tree_family_counts
letter,4,7,cals_compact_explain,horn_interaction,unavailable_in_frozen_csv,horn,unavailable_in_frozen_csv,unavailable_in_frozen_csv,unavailable_in_frozen_csv,True,unavailable_in_frozen_csv,16,exact_final_tree_family_counts
letter,4,7,cals_compact_explain,horn_interaction,unavailable_in_frozen_csv,unary,unavailable_in_frozen_csv,unavailable_in_frozen_csv,unavailable_in_frozen_csv,True,unavailable_in_frozen_csv,6,exact_final_tree_family_counts
letter,5,5,cals,horn_interaction,unavailable_in_frozen_csv,horn,unavailable_in_frozen_csv,unavailable_in_frozen_csv,unavailable_in_frozen_csv,True,unavailable_in_frozen_csv,5,exact_final_tree_family_counts
letter,5,7,cals,horn_interaction,unavailable_in_frozen_csv,horn,unavailable_in_frozen_csv,unavailable_in_frozen_csv,unavailable_in_frozen_csv,True,unavailable_in_frozen_csv,8,exact_final_tree_family_counts
letter,5,7,cals,horn_interaction,unavailable_in_frozen_csv,unary,unavailable_in_frozen_csv,unavailable_in_frozen_csv,unavailable_in_frozen_csv,True,unavailable_in_frozen_csv,2,exact_final_tree_family_counts
letter,6,5,cals,horn_interaction,unavailable_in_frozen_csv,horn,unavailable_in_frozen_csv,unavailable_in_frozen_csv,unavailable_in_frozen_csv,True,unavailable_in_frozen_csv,5,exact_final_tree_family_counts
letter,6,7,cals,horn_interaction,unavailable_in_frozen_csv,horn,unavailable_in_frozen_csv,unavailable_in_frozen_csv,unavailable_in_frozen_csv,True,unavailable_in_frozen_csv,12,exact_final_tree_family_counts
letter,7,5,cals,horn_interaction,unavailable_in_frozen_csv,horn,unavailable_in_frozen_csv,unavailable_in_frozen_csv,unavailable_in_frozen_csv,True,unavailable_in_frozen_csv,5,exact_final_tree_family_counts
letter,7,5,cals,horn_interaction,unavailable_in_frozen_csv,unary,unavailable_in_frozen_csv,unavailable_in_frozen_csv,unavailable_in_frozen_csv,True,unavailable_in_frozen_csv,1,exact_final_tree_family_counts
letter,7,7,cals,horn_interaction,unavailable_in_frozen_csv,horn,unavailable_in_frozen_csv,unavailable_in_frozen_csv,unavailable_in_frozen_csv,True,unavailable_in_frozen_csv,15,exact_final_tree_family_counts
letter,7,7,cals,horn_interaction,unavailable_in_frozen_csv,unary,unavailable_in_frozen_csv,unavailable_in_frozen_csv,unavailable_in_frozen_csv,True,unavailable_in_frozen_csv,7,exact_final_tree_family_counts
letter,8,5,cals,horn_interaction,unavailable_in_frozen_csv,horn,unavailable_in_frozen_csv,unavailable_in_frozen_csv,unavailable_in_frozen_csv,True,unavailable_in_frozen_csv,4,exact_final_tree_family_counts
letter,8,7,cals,horn_interaction,unavailable_in_frozen_csv,horn,unavailable_in_frozen_csv,unavailable_in_frozen_csv,unavailable_in_frozen_csv,True,unavailable_in_frozen_csv,9,exact_final_tree_family_counts
letter,8,7,cals,horn_interaction,unavailable_in_frozen_csv,unary,unavailable_in_frozen_csv,unavailable_in_frozen_csv,unavailable_in_frozen_csv,True,unavailable_in_frozen_csv,1,exact_final_tree_family_counts
letter,9,5,cals,horn_interaction,unavailable_in_frozen_csv,horn,unavailable_in_frozen_csv,unavailable_in_frozen_csv,unavailable_in_frozen_csv,True,unavailable_in_frozen_csv,6,exact_final_tree_family_counts
letter,9,5,cals,horn_interaction,unavailable_in_frozen_csv,unary,unavailable_in_frozen_csv,unavailable_in_frozen_csv,unavailable_in_frozen_csv,True,unavailable_in_frozen_csv,1,exact_final_tree_family_counts
letter,9,7,cals,horn_interaction,unavailable_in_frozen_csv,horn,unavailable_in_frozen_csv,unavailable_in_frozen_csv,unavailable_in_frozen_csv,True,unavailable_in_frozen_csv,9,exact_final_tree_family_counts
letter,9,7,cals,horn_interaction,unavailable_in_frozen_csv,unary,unavailable_in_frozen_csv,unavailable_in_frozen_csv,unavailable_in_frozen_csv,True,unavailable_in_frozen_csv,2,exact_final_tree_family_counts
letter_recognition-bin,0,5,cals,square2cnf_interaction,unavailable_in_frozen_csv,square2cnf,unavailable_in_frozen_csv,unavailable_in_frozen_csv,unavailable_in_frozen_csv,True,unavailable_in_frozen_csv,6,exact_final_tree_family_counts
letter_recognition-bin,0,5,cals,square2cnf_interaction,unavailable_in_frozen_csv,unary,unavailable_in_frozen_csv,unavailable_in_frozen_csv,unavailable_in_frozen_csv,True,unavailable_in_frozen_csv,1,exact_final_tree_family_counts
letter_recognition-bin,0,5,cals_compact_explain,square2cnf_interaction,unavailable_in_frozen_csv,square2cnf,unavailable_in_frozen_csv,unavailable_in_frozen_csv,unavailable_in_frozen_csv,True,unavailable_in_frozen_csv,7,exact_final_tree_family_counts
letter_recognition-bin,0,5,cals_compact_explain,square2cnf_interaction,unavailable_in_frozen_csv,unary,unavailable_in_frozen_csv,unavailable_in_frozen_csv,unavailable_in_frozen_csv,True,unavailable_in_frozen_csv,2,exact_final_tree_family_counts
letter_recognition-bin,0,7,cals,square2cnf_interaction,unavailable_in_frozen_csv,square2cnf,unavailable_in_frozen_csv,unavailable_in_frozen_csv,unavailable_in_frozen_csv,True,unavailable_in_frozen_csv,6,exact_final_tree_family_counts
letter_recognition-bin,0,7,cals,square2cnf_interaction,unavailable_in_frozen_csv,unary,unavailable_in_frozen_csv,unavailable_in_frozen_csv,unavailable_in_frozen_csv,True,unavailable_in_frozen_csv,1,exact_final_tree_family_counts
letter_recognition-bin,0,7,cals_compact_explain,square2cnf_interaction,unavailable_in_frozen_csv,square2cnf,unavailable_in_frozen_csv,unavailable_in_frozen_csv,unavailable_in_frozen_csv,True,unavailable_in_frozen_csv,8,exact_final_tree_family_counts
letter_recognition-bin,0,7,cals_compact_explain,square2cnf_interaction,unavailable_in_frozen_csv,unary,unavailable_in_frozen_csv,unavailable_in_frozen_csv,unavailable_in_frozen_csv,True,unavailable_in_frozen_csv,2,exact_final_tree_family_counts
letter_recognition-bin,1,5,cals,square2cnf_interaction,unavailable_in_frozen_csv,square2cnf,unavailable_in_frozen_csv,unavailable_in_frozen_csv,unavailable_in_frozen_csv,True,unavailable_in_frozen_csv,3,exact_final_tree_family_counts
letter_recognition-bin,1,5,cals,square2cnf_interaction,unavailable_in_frozen_csv,unary,unavailable_in_frozen_csv,unavailable_in_frozen_csv,unavailable_in_frozen_csv,True,unavailable_in_frozen_csv,1,exact_final_tree_family_counts
letter_recognition-bin,1,5,cals_compact_explain,square2cnf_interaction,unavailable_in_frozen_csv,square2cnf,unavailable_in_frozen_csv,unavailable_in_frozen_csv,unavailable_in_frozen_csv,True,unavailable_in_frozen_csv,8,exact_final_tree_family_counts
letter_recognition-bin,1,5,cals_compact_explain,square2cnf_interaction,unavailable_in_frozen_csv,unary,unavailable_in_frozen_csv,unavailable_in_frozen_csv,unavailable_in_frozen_csv,True,unavailable_in_frozen_csv,4,exact_final_tree_family_counts
letter_recognition-bin,1,7,cals,square2cnf_interaction,unavailable_in_frozen_csv,square2cnf,unavailable_in_frozen_csv,unavailable_in_frozen_csv,unavailable_in_frozen_csv,True,unavailable_in_frozen_csv,3,exact_final_tree_family_counts
letter_recognition-bin,1,7,cals,square2cnf_interaction,unavailable_in_frozen_csv,unary,unavailable_in_frozen_csv,unavailable_in_frozen_csv,unavailable_in_frozen_csv,True,unavailable_in_frozen_csv,1,exact_final_tree_family_counts
letter_recognition-bin,1,7,cals_compact_explain,square2cnf_interaction,unavailable_in_frozen_csv,square2cnf,unavailable_in_frozen_csv,unavailable_in_frozen_csv,unavailable_in_frozen_csv,True,unavailable_in_frozen_csv,9,exact_final_tree_family_counts
letter_recognition-bin,1,7,cals_compact_explain,square2cnf_interaction,unavailable_in_frozen_csv,unary,unavailable_in_frozen_csv,unavailable_in_frozen_csv,unavailable_in_frozen_csv,True,unavailable_in_frozen_csv,4,exact_final_tree_family_counts
letter_recognition-bin,2,5,cals,square2cnf_interaction,unavailable_in_frozen_csv,square2cnf,unavailable_in_frozen_csv,unavailable_in_frozen_csv,unavailable_in_frozen_csv,True,unavailable_in_frozen_csv,6,exact_final_tree_family_counts
letter_recognition-bin,2,5,cals,square2cnf_interaction,unavailable_in_frozen_csv,unary,unavailable_in_frozen_csv,unavailable_in_frozen_csv,unavailable_in_frozen_csv,True,unavailable_in_frozen_csv,1,exact_final_tree_family_counts
letter_recognition-bin,2,7,cals,square2cnf_interaction,unavailable_in_frozen_csv,square2cnf,unavailable_in_frozen_csv,unavailable_in_frozen_csv,unavailable_in_frozen_csv,True,unavailable_in_frozen_csv,6,exact_final_tree_family_counts
letter_recognition-bin,2,7,cals,square2cnf_interaction,unavailable_in_frozen_csv,unary,unavailable_in_frozen_csv,unavailable_in_frozen_csv,unavailable_in_frozen_csv,True,unavailable_in_frozen_csv,1,exact_final_tree_family_counts
letter_recognition-bin,3,5,cals,square2cnf_interaction,unavailable_in_frozen_csv,square2cnf,unavailable_in_frozen_csv,unavailable_in_frozen_csv,unavailable_in_frozen_csv,True,unavailable_in_frozen_csv,6,exact_final_tree_family_counts
letter_recognition-bin,3,5,cals_compact_explain,square2cnf_interaction,unavailable_in_frozen_csv,square2cnf,unavailable_in_frozen_csv,unavailable_in_frozen_csv,unavailable_in_frozen_csv,True,unavailable_in_frozen_csv,7,exact_final_tree_family_counts
letter_recognition-bin,3,5,cals_compact_explain,square2cnf_interaction,unavailable_in_frozen_csv,unary,unavailable_in_frozen_csv,unavailable_in_frozen_csv,unavailable_in_frozen_csv,True,unavailable_in_frozen_csv,2,exact_final_tree_family_counts
letter_recognition-bin,3,7,cals,square2cnf_interaction,unavailable_in_frozen_csv,square2cnf,unavailable_in_frozen_csv,unavailable_in_frozen_csv,unavailable_in_frozen_csv,True,unavailable_in_frozen_csv,6,exact_final_tree_family_counts
letter_recognition-bin,3,7,cals_compact_explain,square2cnf_interaction,unavailable_in_frozen_csv,square2cnf,unavailable_in_frozen_csv,unavailable_in_frozen_csv,unavailable_in_frozen_csv,True,unavailable_in_frozen_csv,7,exact_final_tree_family_counts
letter_recognition-bin,3,7,cals_compact_explain,square2cnf_interaction,unavailable_in_frozen_csv,unary,unavailable_in_frozen_csv,unavailable_in_frozen_csv,unavailable_in_frozen_csv,True,unavailable_in_frozen_csv,3,exact_final_tree_family_counts
letter_recognition-bin,4,5,cals,square2cnf_interaction,unavailable_in_frozen_csv,square2cnf,unavailable_in_frozen_csv,unavailable_in_frozen_csv,unavailable_in_frozen_csv,True,unavailable_in_frozen_csv,6,exact_final_tree_family_counts
letter_recognition-bin,4,5,cals,square2cnf_interaction,unavailable_in_frozen_csv,unary,unavailable_in_frozen_csv,unavailable_in_frozen_csv,unavailable_in_frozen_csv,True,unavailable_in_frozen_csv,1,exact_final_tree_family_counts
letter_recognition-bin,4,5,cals_compact_explain,square2cnf_interaction,unavailable_in_frozen_csv,square2cnf,unavailable_in_frozen_csv,unavailable_in_frozen_csv,unavailable_in_frozen_csv,True,unavailable_in_frozen_csv,5,exact_final_tree_family_counts
letter_recognition-bin,4,7,cals,square2cnf_interaction,unavailable_in_frozen_csv,square2cnf,unavailable_in_frozen_csv,unavailable_in_frozen_csv,unavailable_in_frozen_csv,True,unavailable_in_frozen_csv,8,exact_final_tree_family_counts
letter_recognition-bin,4,7,cals,square2cnf_interaction,unavailable_in_frozen_csv,unary,unavailable_in_frozen_csv,unavailable_in_frozen_csv,unavailable_in_frozen_csv,True,unavailable_in_frozen_csv,1,exact_final_tree_family_counts
letter_recognition-bin,4,7,cals_compact_explain,square2cnf_interaction,unavailable_in_frozen_csv,square2cnf,unavailable_in_frozen_csv,unavailable_in_frozen_csv,unavailable_in_frozen_csv,True,unavailable_in_frozen_csv,5,exact_final_tree_family_counts
letter_recognition-bin,5,5,cals,square2cnf_interaction,unavailable_in_frozen_csv,square2cnf,unavailable_in_frozen_csv,unavailable_in_frozen_csv,unavailable_in_frozen_csv,True,unavailable_in_frozen_csv,5,exact_final_tree_family_counts
letter_recognition-bin,5,5,cals,square2cnf_interaction,unavailable_in_frozen_csv,unary,unavailable_in_frozen_csv,unavailable_in_frozen_csv,unavailable_in_frozen_csv,True,unavailable_in_frozen_csv,2,exact_final_tree_family_counts
letter_recognition-bin,5,5,cals_compact_explain,square2cnf_interaction,unavailable_in_frozen_csv,square2cnf,unavailable_in_frozen_csv,unavailable_in_frozen_csv,unavailable_in_frozen_csv,True,unavailable_in_frozen_csv,7,exact_final_tree_family_counts
letter_recognition-bin,5,5,cals_compact_explain,square2cnf_interaction,unavailable_in_frozen_csv,unary,unavailable_in_frozen_csv,unavailable_in_frozen_csv,unavailable_in_frozen_csv,True,unavailable_in_frozen_csv,2,exact_final_tree_family_counts
letter_recognition-bin,5,7,cals,square2cnf_interaction,unavailable_in_frozen_csv,square2cnf,unavailable_in_frozen_csv,unavailable_in_frozen_csv,unavailable_in_frozen_csv,True,unavailable_in_frozen_csv,5,exact_final_tree_family_counts
letter_recognition-bin,5,7,cals,square2cnf_interaction,unavailable_in_frozen_csv,unary,unavailable_in_frozen_csv,unavailable_in_frozen_csv,unavailable_in_frozen_csv,True,unavailable_in_frozen_csv,2,exact_final_tree_family_counts
letter_recognition-bin,5,7,cals_compact_explain,square2cnf_interaction,unavailable_in_frozen_csv,square2cnf,unavailable_in_frozen_csv,unavailable_in_frozen_csv,unavailable_in_frozen_csv,True,unavailable_in_frozen_csv,7,exact_final_tree_family_counts
letter_recognition-bin,5,7,cals_compact_explain,square2cnf_interaction,unavailable_in_frozen_csv,unary,unavailable_in_frozen_csv,unavailable_in_frozen_csv,unavailable_in_frozen_csv,True,unavailable_in_frozen_csv,3,exact_final_tree_family_counts
letter_recognition-bin,6,5,cals,square2cnf_interaction,unavailable_in_frozen_csv,square2cnf,unavailable_in_frozen_csv,unavailable_in_frozen_csv,unavailable_in_frozen_csv,True,unavailable_in_frozen_csv,7,exact_final_tree_family_counts
letter_recognition-bin,6,5,cals_compact_explain,square2cnf_interaction,unavailable_in_frozen_csv,square2cnf,unavailable_in_frozen_csv,unavailable_in_frozen_csv,unavailable_in_frozen_csv,True,unavailable_in_frozen_csv,7,exact_final_tree_family_counts
letter_recognition-bin,6,5,cals_compact_explain,square2cnf_interaction,unavailable_in_frozen_csv,unary,unavailable_in_frozen_csv,unavailable_in_frozen_csv,unavailable_in_frozen_csv,True,unavailable_in_frozen_csv,2,exact_final_tree_family_counts
letter_recognition-bin,6,7,cals,square2cnf_interaction,unavailable_in_frozen_csv,square2cnf,unavailable_in_frozen_csv,unavailable_in_frozen_csv,unavailable_in_frozen_csv,True,unavailable_in_frozen_csv,7,exact_final_tree_family_counts
letter_recognition-bin,6,7,cals,square2cnf_interaction,unavailable_in_frozen_csv,unary,unavailable_in_frozen_csv,unavailable_in_frozen_csv,unavailable_in_frozen_csv,True,unavailable_in_frozen_csv,3,exact_final_tree_family_counts
letter_recognition-bin,6,7,cals_compact_explain,square2cnf_interaction,unavailable_in_frozen_csv,square2cnf,unavailable_in_frozen_csv,unavailable_in_frozen_csv,unavailable_in_frozen_csv,True,unavailable_in_frozen_csv,7,exact_final_tree_family_counts
letter_recognition-bin,6,7,cals_compact_explain,square2cnf_interaction,unavailable_in_frozen_csv,unary,unavailable_in_frozen_csv,unavailable_in_frozen_csv,unavailable_in_frozen_csv,True,unavailable_in_frozen_csv,5,exact_final_tree_family_counts
letter_recognition-bin,7,5,cals,square2cnf_interaction,unavailable_in_frozen_csv,square2cnf,unavailable_in_frozen_csv,unavailable_in_frozen_csv,unavailable_in_frozen_csv,True,unavailable_in_frozen_csv,5,exact_final_tree_family_counts
letter_recognition-bin,7,5,cals,square2cnf_interaction,unavailable_in_frozen_csv,unary,unavailable_in_frozen_csv,unavailable_in_frozen_csv,unavailable_in_frozen_csv,True,unavailable_in_frozen_csv,2,exact_final_tree_family_counts
letter_recognition-bin,7,5,cals_compact_explain,square2cnf_interaction,unavailable_in_frozen_csv,square2cnf,unavailable_in_frozen_csv,unavailable_in_frozen_csv,unavailable_in_frozen_csv,True,unavailable_in_frozen_csv,7,exact_final_tree_family_counts
letter_recognition-bin,7,5,cals_compact_explain,square2cnf_interaction,unavailable_in_frozen_csv,unary,unavailable_in_frozen_csv,unavailable_in_frozen_csv,unavailable_in_frozen_csv,True,unavailable_in_frozen_csv,3,exact_final_tree_family_counts
letter_recognition-bin,7,7,cals,square2cnf_interaction,unavailable_in_frozen_csv,square2cnf,unavailable_in_frozen_csv,unavailable_in_frozen_csv,unavailable_in_frozen_csv,True,unavailable_in_frozen_csv,5,exact_final_tree_family_counts
letter_recognition-bin,7,7,cals,square2cnf_interaction,unavailable_in_frozen_csv,unary,unavailable_in_frozen_csv,unavailable_in_frozen_csv,unavailable_in_frozen_csv,True,unavailable_in_frozen_csv,2,exact_final_tree_family_counts
letter_recognition-bin,7,7,cals_compact_explain,square2cnf_interaction,unavailable_in_frozen_csv,square2cnf,unavailable_in_frozen_csv,unavailable_in_frozen_csv,unavailable_in_frozen_csv,True,unavailable_in_frozen_csv,7,exact_final_tree_family_counts
letter_recognition-bin,7,7,cals_compact_explain,square2cnf_interaction,unavailable_in_frozen_csv,unary,unavailable_in_frozen_csv,unavailable_in_frozen_csv,unavailable_in_frozen_csv,True,unavailable_in_frozen_csv,4,exact_final_tree_family_counts
letter_recognition-bin,8,5,cals,square2cnf_interaction,unavailable_in_frozen_csv,square2cnf,unavailable_in_frozen_csv,unavailable_in_frozen_csv,unavailable_in_frozen_csv,True,unavailable_in_frozen_csv,7,exact_final_tree_family_counts
letter_recognition-bin,8,5,cals,square2cnf_interaction,unavailable_in_frozen_csv,unary,unavailable_in_frozen_csv,unavailable_in_frozen_csv,unavailable_in_frozen_csv,True,unavailable_in_frozen_csv,1,exact_final_tree_family_counts
letter_recognition-bin,8,5,cals_compact_explain,square2cnf_interaction,unavailable_in_frozen_csv,square2cnf,unavailable_in_frozen_csv,unavailable_in_frozen_csv,unavailable_in_frozen_csv,True,unavailable_in_frozen_csv,6,exact_final_tree_family_counts
letter_recognition-bin,8,5,cals_compact_explain,square2cnf_interaction,unavailable_in_frozen_csv,unary,unavailable_in_frozen_csv,unavailable_in_frozen_csv,unavailable_in_frozen_csv,True,unavailable_in_frozen_csv,2,exact_final_tree_family_counts
letter_recognition-bin,8,7,cals,square2cnf_interaction,unavailable_in_frozen_csv,square2cnf,unavailable_in_frozen_csv,unavailable_in_frozen_csv,unavailable_in_frozen_csv,True,unavailable_in_frozen_csv,8,exact_final_tree_family_counts
letter_recognition-bin,8,7,cals,square2cnf_interaction,unavailable_in_frozen_csv,unary,unavailable_in_frozen_csv,unavailable_in_frozen_csv,unavailable_in_frozen_csv,True,unavailable_in_frozen_csv,1,exact_final_tree_family_counts
letter_recognition-bin,8,7,cals_compact_explain,square2cnf_interaction,unavailable_in_frozen_csv,square2cnf,unavailable_in_frozen_csv,unavailable_in_frozen_csv,unavailable_in_frozen_csv,True,unavailable_in_frozen_csv,6,exact_final_tree_family_counts
letter_recognition-bin,8,7,cals_compact_explain,square2cnf_interaction,unavailable_in_frozen_csv,unary,unavailable_in_frozen_csv,unavailable_in_frozen_csv,unavailable_in_frozen_csv,True,unavailable_in_frozen_csv,2,exact_final_tree_family_counts
letter_recognition-bin,9,5,cals,square2cnf_interaction,unavailable_in_frozen_csv,square2cnf,unavailable_in_frozen_csv,unavailable_in_frozen_csv,unavailable_in_frozen_csv,True,unavailable_in_frozen_csv,6,exact_final_tree_family_counts
letter_recognition-bin,9,5,cals,square2cnf_interaction,unavailable_in_frozen_csv,unary,unavailable_in_frozen_csv,unavailable_in_frozen_csv,unavailable_in_frozen_csv,True,unavailable_in_frozen_csv,1,exact_final_tree_family_counts
letter_recognition-bin,9,5,cals_compact_explain,square2cnf_interaction,unavailable_in_frozen_csv,square2cnf,unavailable_in_frozen_csv,unavailable_in_frozen_csv,unavailable_in_frozen_csv,True,unavailable_in_frozen_csv,9,exact_final_tree_family_counts
letter_recognition-bin,9,5,cals_compact_explain,square2cnf_interaction,unavailable_in_frozen_csv,unary,unavailable_in_frozen_csv,unavailable_in_frozen_csv,unavailable_in_frozen_csv,True,unavailable_in_frozen_csv,2,exact_final_tree_family_counts
letter_recognition-bin,9,7,cals,square2cnf_interaction,unavailable_in_frozen_csv,square2cnf,unavailable_in_frozen_csv,unavailable_in_frozen_csv,unavailable_in_frozen_csv,True,unavailable_in_frozen_csv,6,exact_final_tree_family_counts
letter_recognition-bin,9,7,cals,square2cnf_interaction,unavailable_in_frozen_csv,unary,unavailable_in_frozen_csv,unavailable_in_frozen_csv,unavailable_in_frozen_csv,True,unavailable_in_frozen_csv,1,exact_final_tree_family_counts
letter_recognition-bin,9,7,cals_compact_explain,square2cnf_interaction,unavailable_in_frozen_csv,square2cnf,unavailable_in_frozen_csv,unavailable_in_frozen_csv,unavailable_in_frozen_csv,True,unavailable_in_frozen_csv,9,exact_final_tree_family_counts
letter_recognition-bin,9,7,cals_compact_explain,square2cnf_interaction,unavailable_in_frozen_csv,unary,unavailable_in_frozen_csv,unavailable_in_frozen_csv,unavailable_in_frozen_csv,True,unavailable_in_frozen_csv,3,exact_final_tree_family_counts
lymph,0,5,cals,square2cnf_interaction,unavailable_in_frozen_csv,square2cnf,unavailable_in_frozen_csv,unavailable_in_frozen_csv,unavailable_in_frozen_csv,True,unavailable_in_frozen_csv,3,exact_final_tree_family_counts
lymph,0,5,cals_compact_explain,square2cnf_interaction,unavailable_in_frozen_csv,horn,unavailable_in_frozen_csv,unavailable_in_frozen_csv,unavailable_in_frozen_csv,True,unavailable_in_frozen_csv,5,exact_final_tree_family_counts
lymph,0,5,cals_compact_explain,square2cnf_interaction,unavailable_in_frozen_csv,unary,unavailable_in_frozen_csv,unavailable_in_frozen_csv,unavailable_in_frozen_csv,True,unavailable_in_frozen_csv,1,exact_final_tree_family_counts
lymph,0,7,cals,square2cnf_interaction,unavailable_in_frozen_csv,square2cnf,unavailable_in_frozen_csv,unavailable_in_frozen_csv,unavailable_in_frozen_csv,True,unavailable_in_frozen_csv,3,exact_final_tree_family_counts
lymph,0,7,cals_compact_explain,square2cnf_interaction,unavailable_in_frozen_csv,horn,unavailable_in_frozen_csv,unavailable_in_frozen_csv,unavailable_in_frozen_csv,True,unavailable_in_frozen_csv,5,exact_final_tree_family_counts
lymph,0,7,cals_compact_explain,square2cnf_interaction,unavailable_in_frozen_csv,unary,unavailable_in_frozen_csv,unavailable_in_frozen_csv,unavailable_in_frozen_csv,True,unavailable_in_frozen_csv,1,exact_final_tree_family_counts
lymph,1,5,cals,square2cnf_interaction,0,square2cnf,unavailable_in_frozen_csv,unavailable_in_frozen_csv,unavailable_in_frozen_csv,True,True,1,exact_final_tree_family_counts
lymph,1,5,cals_compact_explain,square2cnf_interaction,unavailable_in_frozen_csv,square2cnf,unavailable_in_frozen_csv,unavailable_in_frozen_csv,unavailable_in_frozen_csv,True,unavailable_in_frozen_csv,2,exact_final_tree_family_counts
lymph,1,7,cals,square2cnf_interaction,0,square2cnf,unavailable_in_frozen_csv,unavailable_in_frozen_csv,unavailable_in_frozen_csv,True,True,1,exact_final_tree_family_counts
lymph,1,7,cals_compact_explain,square2cnf_interaction,unavailable_in_frozen_csv,square2cnf,unavailable_in_frozen_csv,unavailable_in_frozen_csv,unavailable_in_frozen_csv,True,unavailable_in_frozen_csv,2,exact_final_tree_family_counts
lymph,2,5,cals,square2cnf_interaction,0,horn,unavailable_in_frozen_csv,unavailable_in_frozen_csv,unavailable_in_frozen_csv,True,True,1,exact_final_tree_family_counts
lymph,2,5,cals_compact_explain,square2cnf_interaction,unavailable_in_frozen_csv,horn,unavailable_in_frozen_csv,unavailable_in_frozen_csv,unavailable_in_frozen_csv,True,unavailable_in_frozen_csv,1,exact_final_tree_family_counts
lymph,2,5,cals_compact_explain,square2cnf_interaction,unavailable_in_frozen_csv,unary,unavailable_in_frozen_csv,unavailable_in_frozen_csv,unavailable_in_frozen_csv,True,unavailable_in_frozen_csv,1,exact_final_tree_family_counts
lymph,2,7,cals,square2cnf_interaction,0,horn,unavailable_in_frozen_csv,unavailable_in_frozen_csv,unavailable_in_frozen_csv,True,True,1,exact_final_tree_family_counts
lymph,2,7,cals_compact_explain,square2cnf_interaction,unavailable_in_frozen_csv,horn,unavailable_in_frozen_csv,unavailable_in_frozen_csv,unavailable_in_frozen_csv,True,unavailable_in_frozen_csv,1,exact_final_tree_family_counts
lymph,2,7,cals_compact_explain,square2cnf_interaction,unavailable_in_frozen_csv,unary,unavailable_in_frozen_csv,unavailable_in_frozen_csv,unavailable_in_frozen_csv,True,unavailable_in_frozen_csv,1,exact_final_tree_family_counts
lymph,3,5,cals,square2cnf_interaction,unavailable_in_frozen_csv,horn,unavailable_in_frozen_csv,unavailable_in_frozen_csv,unavailable_in_frozen_csv,True,unavailable_in_frozen_csv,2,exact_final_tree_family_counts
lymph,3,5,cals,square2cnf_interaction,unavailable_in_frozen_csv,unary,unavailable_in_frozen_csv,unavailable_in_frozen_csv,unavailable_in_frozen_csv,True,unavailable_in_frozen_csv,2,exact_final_tree_family_counts
lymph,3,5,cals_compact_explain,square2cnf_interaction,unavailable_in_frozen_csv,horn,unavailable_in_frozen_csv,unavailable_in_frozen_csv,unavailable_in_frozen_csv,True,unavailable_in_frozen_csv,3,exact_final_tree_family_counts
lymph,3,5,cals_compact_explain,square2cnf_interaction,unavailable_in_frozen_csv,unary,unavailable_in_frozen_csv,unavailable_in_frozen_csv,unavailable_in_frozen_csv,True,unavailable_in_frozen_csv,2,exact_final_tree_family_counts
lymph,3,7,cals,square2cnf_interaction,unavailable_in_frozen_csv,horn,unavailable_in_frozen_csv,unavailable_in_frozen_csv,unavailable_in_frozen_csv,True,unavailable_in_frozen_csv,2,exact_final_tree_family_counts
lymph,3,7,cals,square2cnf_interaction,unavailable_in_frozen_csv,unary,unavailable_in_frozen_csv,unavailable_in_frozen_csv,unavailable_in_frozen_csv,True,unavailable_in_frozen_csv,2,exact_final_tree_family_counts
lymph,3,7,cals_compact_explain,square2cnf_interaction,unavailable_in_frozen_csv,horn,unavailable_in_frozen_csv,unavailable_in_frozen_csv,unavailable_in_frozen_csv,True,unavailable_in_frozen_csv,3,exact_final_tree_family_counts
lymph,3,7,cals_compact_explain,square2cnf_interaction,unavailable_in_frozen_csv,unary,unavailable_in_frozen_csv,unavailable_in_frozen_csv,unavailable_in_frozen_csv,True,unavailable_in_frozen_csv,2,exact_final_tree_family_counts
lymph,4,5,cals,square2cnf_interaction,unavailable_in_frozen_csv,square2cnf,unavailable_in_frozen_csv,unavailable_in_frozen_csv,unavailable_in_frozen_csv,True,unavailable_in_frozen_csv,2,exact_final_tree_family_counts
lymph,4,5,cals_compact_explain,square2cnf_interaction,unavailable_in_frozen_csv,square2cnf,unavailable_in_frozen_csv,unavailable_in_frozen_csv,unavailable_in_frozen_csv,True,unavailable_in_frozen_csv,2,exact_final_tree_family_counts
lymph,4,7,cals,square2cnf_interaction,unavailable_in_frozen_csv,square2cnf,unavailable_in_frozen_csv,unavailable_in_frozen_csv,unavailable_in_frozen_csv,True,unavailable_in_frozen_csv,2,exact_final_tree_family_counts
lymph,4,7,cals_compact_explain,square2cnf_interaction,unavailable_in_frozen_csv,square2cnf,unavailable_in_frozen_csv,unavailable_in_frozen_csv,unavailable_in_frozen_csv,True,unavailable_in_frozen_csv,2,exact_final_tree_family_counts
lymph,5,5,cals,square2cnf_interaction,unavailable_in_frozen_csv,antihorn,unavailable_in_frozen_csv,unavailable_in_frozen_csv,unavailable_in_frozen_csv,True,unavailable_in_frozen_csv,3,exact_final_tree_family_counts
lymph,5,5,cals_compact_explain,square2cnf_interaction,unavailable_in_frozen_csv,horn,unavailable_in_frozen_csv,unavailable_in_frozen_csv,unavailable_in_frozen_csv,True,unavailable_in_frozen_csv,2,exact_final_tree_family_counts
lymph,5,7,cals,square2cnf_interaction,unavailable_in_frozen_csv,antihorn,unavailable_in_frozen_csv,unavailable_in_frozen_csv,unavailable_in_frozen_csv,True,unavailable_in_frozen_csv,3,exact_final_tree_family_counts
lymph,5,7,cals_compact_explain,square2cnf_interaction,unavailable_in_frozen_csv,horn,unavailable_in_frozen_csv,unavailable_in_frozen_csv,unavailable_in_frozen_csv,True,unavailable_in_frozen_csv,2,exact_final_tree_family_counts
lymph,6,5,cals,square2cnf_interaction,unavailable_in_frozen_csv,square2cnf,unavailable_in_frozen_csv,unavailable_in_frozen_csv,unavailable_in_frozen_csv,True,unavailable_in_frozen_csv,2,exact_final_tree_family_counts
lymph,6,5,cals_compact_explain,square2cnf_interaction,unavailable_in_frozen_csv,horn,unavailable_in_frozen_csv,unavailable_in_frozen_csv,unavailable_in_frozen_csv,True,unavailable_in_frozen_csv,4,exact_final_tree_family_counts
lymph,6,5,cals_compact_explain,square2cnf_interaction,unavailable_in_frozen_csv,square2cnf,unavailable_in_frozen_csv,unavailable_in_frozen_csv,unavailable_in_frozen_csv,True,unavailable_in_frozen_csv,2,exact_final_tree_family_counts
lymph,6,5,cals_compact_explain,square2cnf_interaction,unavailable_in_frozen_csv,unary,unavailable_in_frozen_csv,unavailable_in_frozen_csv,unavailable_in_frozen_csv,True,unavailable_in_frozen_csv,2,exact_final_tree_family_counts
lymph,6,7,cals,square2cnf_interaction,unavailable_in_frozen_csv,square2cnf,unavailable_in_frozen_csv,unavailable_in_frozen_csv,unavailable_in_frozen_csv,True,unavailable_in_frozen_csv,2,exact_final_tree_family_counts
lymph,6,7,cals_compact_explain,square2cnf_interaction,unavailable_in_frozen_csv,horn,unavailable_in_frozen_csv,unavailable_in_frozen_csv,unavailable_in_frozen_csv,True,unavailable_in_frozen_csv,4,exact_final_tree_family_counts
lymph,6,7,cals_compact_explain,square2cnf_interaction,unavailable_in_frozen_csv,square2cnf,unavailable_in_frozen_csv,unavailable_in_frozen_csv,unavailable_in_frozen_csv,True,unavailable_in_frozen_csv,2,exact_final_tree_family_counts
lymph,6,7,cals_compact_explain,square2cnf_interaction,unavailable_in_frozen_csv,unary,unavailable_in_frozen_csv,unavailable_in_frozen_csv,unavailable_in_frozen_csv,True,unavailable_in_frozen_csv,2,exact_final_tree_family_counts
lymph,7,5,cals,square2cnf_interaction,unavailable_in_frozen_csv,horn,unavailable_in_frozen_csv,unavailable_in_frozen_csv,unavailable_in_frozen_csv,True,unavailable_in_frozen_csv,3,exact_final_tree_family_counts
lymph,7,5,cals,square2cnf_interaction,unavailable_in_frozen_csv,unary,unavailable_in_frozen_csv,unavailable_in_frozen_csv,unavailable_in_frozen_csv,True,unavailable_in_frozen_csv,1,exact_final_tree_family_counts
lymph,7,5,cals_compact_explain,square2cnf_interaction,unavailable_in_frozen_csv,horn,unavailable_in_frozen_csv,unavailable_in_frozen_csv,unavailable_in_frozen_csv,True,unavailable_in_frozen_csv,3,exact_final_tree_family_counts
lymph,7,5,cals_compact_explain,square2cnf_interaction,unavailable_in_frozen_csv,unary,unavailable_in_frozen_csv,unavailable_in_frozen_csv,unavailable_in_frozen_csv,True,unavailable_in_frozen_csv,1,exact_final_tree_family_counts
lymph,7,7,cals,square2cnf_interaction,unavailable_in_frozen_csv,horn,unavailable_in_frozen_csv,unavailable_in_frozen_csv,unavailable_in_frozen_csv,True,unavailable_in_frozen_csv,3,exact_final_tree_family_counts
lymph,7,7,cals,square2cnf_interaction,unavailable_in_frozen_csv,unary,unavailable_in_frozen_csv,unavailable_in_frozen_csv,unavailable_in_frozen_csv,True,unavailable_in_frozen_csv,1,exact_final_tree_family_counts
lymph,7,7,cals_compact_explain,square2cnf_interaction,unavailable_in_frozen_csv,horn,unavailable_in_frozen_csv,unavailable_in_frozen_csv,unavailable_in_frozen_csv,True,unavailable_in_frozen_csv,3,exact_final_tree_family_counts
lymph,7,7,cals_compact_explain,square2cnf_interaction,unavailable_in_frozen_csv,unary,unavailable_in_frozen_csv,unavailable_in_frozen_csv,unavailable_in_frozen_csv,True,unavailable_in_frozen_csv,1,exact_final_tree_family_counts
lymph,8,5,cals,square2cnf_interaction,0,square2cnf,unavailable_in_frozen_csv,unavailable_in_frozen_csv,unavailable_in_frozen_csv,True,True,1,exact_final_tree_family_counts
lymph,8,5,cals_compact_explain,square2cnf_interaction,0,square2cnf,unavailable_in_frozen_csv,unavailable_in_frozen_csv,unavailable_in_frozen_csv,True,True,1,exact_final_tree_family_counts
lymph,8,7,cals,square2cnf_interaction,0,square2cnf,unavailable_in_frozen_csv,unavailable_in_frozen_csv,unavailable_in_frozen_csv,True,True,1,exact_final_tree_family_counts
lymph,8,7,cals_compact_explain,square2cnf_interaction,0,square2cnf,unavailable_in_frozen_csv,unavailable_in_frozen_csv,unavailable_in_frozen_csv,True,True,1,exact_final_tree_family_counts
lymph,9,5,cals,square2cnf_interaction,0,square2cnf,unavailable_in_frozen_csv,unavailable_in_frozen_csv,unavailable_in_frozen_csv,True,True,1,exact_final_tree_family_counts
lymph,9,5,cals_compact_explain,square2cnf_interaction,0,square2cnf,unavailable_in_frozen_csv,unavailable_in_frozen_csv,unavailable_in_frozen_csv,True,True,1,exact_final_tree_family_counts
lymph,9,7,cals,square2cnf_interaction,0,square2cnf,unavailable_in_frozen_csv,unavailable_in_frozen_csv,unavailable_in_frozen_csv,True,True,1,exact_final_tree_family_counts
lymph,9,7,cals_compact_explain,square2cnf_interaction,0,square2cnf,unavailable_in_frozen_csv,unavailable_in_frozen_csv,unavailable_in_frozen_csv,True,True,1,exact_final_tree_family_counts
magic04-bin,0,5,cals,unary_dominant,unavailable_in_frozen_csv,horn,unavailable_in_frozen_csv,unavailable_in_frozen_csv,unavailable_in_frozen_csv,True,unavailable_in_frozen_csv,10,exact_final_tree_family_counts
magic04-bin,0,5,cals,unary_dominant,unavailable_in_frozen_csv,unary,unavailable_in_frozen_csv,unavailable_in_frozen_csv,unavailable_in_frozen_csv,True,unavailable_in_frozen_csv,2,exact_final_tree_family_counts
magic04-bin,0,5,cals_compact_explain,unary_dominant,unavailable_in_frozen_csv,horn,unavailable_in_frozen_csv,unavailable_in_frozen_csv,unavailable_in_frozen_csv,True,unavailable_in_frozen_csv,4,exact_final_tree_family_counts
magic04-bin,0,5,cals_compact_explain,unary_dominant,unavailable_in_frozen_csv,unary,unavailable_in_frozen_csv,unavailable_in_frozen_csv,unavailable_in_frozen_csv,True,unavailable_in_frozen_csv,3,exact_final_tree_family_counts
magic04-bin,0,7,cals,unary_dominant,unavailable_in_frozen_csv,horn,unavailable_in_frozen_csv,unavailable_in_frozen_csv,unavailable_in_frozen_csv,True,unavailable_in_frozen_csv,17,exact_final_tree_family_counts
magic04-bin,0,7,cals,unary_dominant,unavailable_in_frozen_csv,unary,unavailable_in_frozen_csv,unavailable_in_frozen_csv,unavailable_in_frozen_csv,True,unavailable_in_frozen_csv,7,exact_final_tree_family_counts
magic04-bin,0,7,cals_compact_explain,unary_dominant,unavailable_in_frozen_csv,horn,unavailable_in_frozen_csv,unavailable_in_frozen_csv,unavailable_in_frozen_csv,True,unavailable_in_frozen_csv,4,exact_final_tree_family_counts
magic04-bin,0,7,cals_compact_explain,unary_dominant,unavailable_in_frozen_csv,unary,unavailable_in_frozen_csv,unavailable_in_frozen_csv,unavailable_in_frozen_csv,True,unavailable_in_frozen_csv,3,exact_final_tree_family_counts
magic04-bin,1,5,cals,unary_dominant,unavailable_in_frozen_csv,horn,unavailable_in_frozen_csv,unavailable_in_frozen_csv,unavailable_in_frozen_csv,True,unavailable_in_frozen_csv,9,exact_final_tree_family_counts
magic04-bin,1,5,cals,unary_dominant,unavailable_in_frozen_csv,unary,unavailable_in_frozen_csv,unavailable_in_frozen_csv,unavailable_in_frozen_csv,True,unavailable_in_frozen_csv,1,exact_final_tree_family_counts
magic04-bin,1,5,cals_compact_explain,unary_dominant,unavailable_in_frozen_csv,horn,unavailable_in_frozen_csv,unavailable_in_frozen_csv,unavailable_in_frozen_csv,True,unavailable_in_frozen_csv,3,exact_final_tree_family_counts
magic04-bin,1,5,cals_compact_explain,unary_dominant,unavailable_in_frozen_csv,unary,unavailable_in_frozen_csv,unavailable_in_frozen_csv,unavailable_in_frozen_csv,True,unavailable_in_frozen_csv,3,exact_final_tree_family_counts
magic04-bin,1,7,cals,unary_dominant,unavailable_in_frozen_csv,horn,unavailable_in_frozen_csv,unavailable_in_frozen_csv,unavailable_in_frozen_csv,True,unavailable_in_frozen_csv,24,exact_final_tree_family_counts
magic04-bin,1,7,cals,unary_dominant,unavailable_in_frozen_csv,unary,unavailable_in_frozen_csv,unavailable_in_frozen_csv,unavailable_in_frozen_csv,True,unavailable_in_frozen_csv,6,exact_final_tree_family_counts
magic04-bin,1,7,cals_compact_explain,unary_dominant,unavailable_in_frozen_csv,horn,unavailable_in_frozen_csv,unavailable_in_frozen_csv,unavailable_in_frozen_csv,True,unavailable_in_frozen_csv,5,exact_final_tree_family_counts
magic04-bin,1,7,cals_compact_explain,unary_dominant,unavailable_in_frozen_csv,unary,unavailable_in_frozen_csv,unavailable_in_frozen_csv,unavailable_in_frozen_csv,True,unavailable_in_frozen_csv,5,exact_final_tree_family_counts
magic04-bin,2,5,cals,unary_dominant,unavailable_in_frozen_csv,horn,unavailable_in_frozen_csv,unavailable_in_frozen_csv,unavailable_in_frozen_csv,True,unavailable_in_frozen_csv,10,exact_final_tree_family_counts
magic04-bin,2,5,cals,unary_dominant,unavailable_in_frozen_csv,unary,unavailable_in_frozen_csv,unavailable_in_frozen_csv,unavailable_in_frozen_csv,True,unavailable_in_frozen_csv,5,exact_final_tree_family_counts
magic04-bin,2,5,cals_compact_explain,unary_dominant,unavailable_in_frozen_csv,horn,unavailable_in_frozen_csv,unavailable_in_frozen_csv,unavailable_in_frozen_csv,True,unavailable_in_frozen_csv,4,exact_final_tree_family_counts
magic04-bin,2,5,cals_compact_explain,unary_dominant,unavailable_in_frozen_csv,unary,unavailable_in_frozen_csv,unavailable_in_frozen_csv,unavailable_in_frozen_csv,True,unavailable_in_frozen_csv,5,exact_final_tree_family_counts
magic04-bin,2,7,cals,unary_dominant,unavailable_in_frozen_csv,horn,unavailable_in_frozen_csv,unavailable_in_frozen_csv,unavailable_in_frozen_csv,True,unavailable_in_frozen_csv,27,exact_final_tree_family_counts
magic04-bin,2,7,cals,unary_dominant,unavailable_in_frozen_csv,unary,unavailable_in_frozen_csv,unavailable_in_frozen_csv,unavailable_in_frozen_csv,True,unavailable_in_frozen_csv,10,exact_final_tree_family_counts
magic04-bin,2,7,cals_compact_explain,unary_dominant,unavailable_in_frozen_csv,horn,unavailable_in_frozen_csv,unavailable_in_frozen_csv,unavailable_in_frozen_csv,True,unavailable_in_frozen_csv,7,exact_final_tree_family_counts
magic04-bin,2,7,cals_compact_explain,unary_dominant,unavailable_in_frozen_csv,unary,unavailable_in_frozen_csv,unavailable_in_frozen_csv,unavailable_in_frozen_csv,True,unavailable_in_frozen_csv,7,exact_final_tree_family_counts
magic04-bin,3,5,cals,unary_dominant,unavailable_in_frozen_csv,horn,unavailable_in_frozen_csv,unavailable_in_frozen_csv,unavailable_in_frozen_csv,True,unavailable_in_frozen_csv,11,exact_final_tree_family_counts
magic04-bin,3,5,cals,unary_dominant,unavailable_in_frozen_csv,unary,unavailable_in_frozen_csv,unavailable_in_frozen_csv,unavailable_in_frozen_csv,True,unavailable_in_frozen_csv,3,exact_final_tree_family_counts
magic04-bin,3,5,cals_compact_explain,unary_dominant,unavailable_in_frozen_csv,horn,unavailable_in_frozen_csv,unavailable_in_frozen_csv,unavailable_in_frozen_csv,True,unavailable_in_frozen_csv,4,exact_final_tree_family_counts
magic04-bin,3,5,cals_compact_explain,unary_dominant,unavailable_in_frozen_csv,unary,unavailable_in_frozen_csv,unavailable_in_frozen_csv,unavailable_in_frozen_csv,True,unavailable_in_frozen_csv,2,exact_final_tree_family_counts
magic04-bin,3,7,cals,unary_dominant,unavailable_in_frozen_csv,horn,unavailable_in_frozen_csv,unavailable_in_frozen_csv,unavailable_in_frozen_csv,True,unavailable_in_frozen_csv,21,exact_final_tree_family_counts
magic04-bin,3,7,cals,unary_dominant,unavailable_in_frozen_csv,unary,unavailable_in_frozen_csv,unavailable_in_frozen_csv,unavailable_in_frozen_csv,True,unavailable_in_frozen_csv,7,exact_final_tree_family_counts
magic04-bin,3,7,cals_compact_explain,unary_dominant,unavailable_in_frozen_csv,horn,unavailable_in_frozen_csv,unavailable_in_frozen_csv,unavailable_in_frozen_csv,True,unavailable_in_frozen_csv,5,exact_final_tree_family_counts
magic04-bin,3,7,cals_compact_explain,unary_dominant,unavailable_in_frozen_csv,unary,unavailable_in_frozen_csv,unavailable_in_frozen_csv,unavailable_in_frozen_csv,True,unavailable_in_frozen_csv,3,exact_final_tree_family_counts
magic04-bin,4,5,cals,unary_dominant,unavailable_in_frozen_csv,horn,unavailable_in_frozen_csv,unavailable_in_frozen_csv,unavailable_in_frozen_csv,True,unavailable_in_frozen_csv,10,exact_final_tree_family_counts
magic04-bin,4,5,cals,unary_dominant,unavailable_in_frozen_csv,unary,unavailable_in_frozen_csv,unavailable_in_frozen_csv,unavailable_in_frozen_csv,True,unavailable_in_frozen_csv,2,exact_final_tree_family_counts
magic04-bin,4,5,cals_compact_explain,unary_dominant,unavailable_in_frozen_csv,horn,unavailable_in_frozen_csv,unavailable_in_frozen_csv,unavailable_in_frozen_csv,True,unavailable_in_frozen_csv,3,exact_final_tree_family_counts
magic04-bin,4,5,cals_compact_explain,unary_dominant,unavailable_in_frozen_csv,unary,unavailable_in_frozen_csv,unavailable_in_frozen_csv,unavailable_in_frozen_csv,True,unavailable_in_frozen_csv,4,exact_final_tree_family_counts
magic04-bin,4,7,cals,unary_dominant,unavailable_in_frozen_csv,horn,unavailable_in_frozen_csv,unavailable_in_frozen_csv,unavailable_in_frozen_csv,True,unavailable_in_frozen_csv,21,exact_final_tree_family_counts
magic04-bin,4,7,cals,unary_dominant,unavailable_in_frozen_csv,unary,unavailable_in_frozen_csv,unavailable_in_frozen_csv,unavailable_in_frozen_csv,True,unavailable_in_frozen_csv,4,exact_final_tree_family_counts
magic04-bin,4,7,cals_compact_explain,unary_dominant,unavailable_in_frozen_csv,horn,unavailable_in_frozen_csv,unavailable_in_frozen_csv,unavailable_in_frozen_csv,True,unavailable_in_frozen_csv,11,exact_final_tree_family_counts
magic04-bin,4,7,cals_compact_explain,unary_dominant,unavailable_in_frozen_csv,unary,unavailable_in_frozen_csv,unavailable_in_frozen_csv,unavailable_in_frozen_csv,True,unavailable_in_frozen_csv,6,exact_final_tree_family_counts
magic04-bin,5,5,cals,unary_dominant,unavailable_in_frozen_csv,horn,unavailable_in_frozen_csv,unavailable_in_frozen_csv,unavailable_in_frozen_csv,True,unavailable_in_frozen_csv,9,exact_final_tree_family_counts
magic04-bin,5,5,cals,unary_dominant,unavailable_in_frozen_csv,unary,unavailable_in_frozen_csv,unavailable_in_frozen_csv,unavailable_in_frozen_csv,True,unavailable_in_frozen_csv,3,exact_final_tree_family_counts
magic04-bin,5,5,cals_compact_explain,unary_dominant,unavailable_in_frozen_csv,horn,unavailable_in_frozen_csv,unavailable_in_frozen_csv,unavailable_in_frozen_csv,True,unavailable_in_frozen_csv,4,exact_final_tree_family_counts
magic04-bin,5,5,cals_compact_explain,unary_dominant,unavailable_in_frozen_csv,unary,unavailable_in_frozen_csv,unavailable_in_frozen_csv,unavailable_in_frozen_csv,True,unavailable_in_frozen_csv,1,exact_final_tree_family_counts
magic04-bin,5,7,cals,unary_dominant,unavailable_in_frozen_csv,horn,unavailable_in_frozen_csv,unavailable_in_frozen_csv,unavailable_in_frozen_csv,True,unavailable_in_frozen_csv,17,exact_final_tree_family_counts
magic04-bin,5,7,cals,unary_dominant,unavailable_in_frozen_csv,unary,unavailable_in_frozen_csv,unavailable_in_frozen_csv,unavailable_in_frozen_csv,True,unavailable_in_frozen_csv,7,exact_final_tree_family_counts
magic04-bin,5,7,cals_compact_explain,unary_dominant,unavailable_in_frozen_csv,horn,unavailable_in_frozen_csv,unavailable_in_frozen_csv,unavailable_in_frozen_csv,True,unavailable_in_frozen_csv,10,exact_final_tree_family_counts
magic04-bin,5,7,cals_compact_explain,unary_dominant,unavailable_in_frozen_csv,unary,unavailable_in_frozen_csv,unavailable_in_frozen_csv,unavailable_in_frozen_csv,True,unavailable_in_frozen_csv,5,exact_final_tree_family_counts
magic04-bin,6,5,cals,unary_dominant,unavailable_in_frozen_csv,horn,unavailable_in_frozen_csv,unavailable_in_frozen_csv,unavailable_in_frozen_csv,True,unavailable_in_frozen_csv,11,exact_final_tree_family_counts
magic04-bin,6,5,cals,unary_dominant,unavailable_in_frozen_csv,unary,unavailable_in_frozen_csv,unavailable_in_frozen_csv,unavailable_in_frozen_csv,True,unavailable_in_frozen_csv,1,exact_final_tree_family_counts
magic04-bin,6,5,cals_compact_explain,unary_dominant,unavailable_in_frozen_csv,horn,unavailable_in_frozen_csv,unavailable_in_frozen_csv,unavailable_in_frozen_csv,True,unavailable_in_frozen_csv,6,exact_final_tree_family_counts
magic04-bin,6,5,cals_compact_explain,unary_dominant,unavailable_in_frozen_csv,unary,unavailable_in_frozen_csv,unavailable_in_frozen_csv,unavailable_in_frozen_csv,True,unavailable_in_frozen_csv,4,exact_final_tree_family_counts
magic04-bin,6,7,cals,unary_dominant,unavailable_in_frozen_csv,horn,unavailable_in_frozen_csv,unavailable_in_frozen_csv,unavailable_in_frozen_csv,True,unavailable_in_frozen_csv,28,exact_final_tree_family_counts
magic04-bin,6,7,cals,unary_dominant,unavailable_in_frozen_csv,unary,unavailable_in_frozen_csv,unavailable_in_frozen_csv,unavailable_in_frozen_csv,True,unavailable_in_frozen_csv,8,exact_final_tree_family_counts
magic04-bin,6,7,cals_compact_explain,unary_dominant,unavailable_in_frozen_csv,horn,unavailable_in_frozen_csv,unavailable_in_frozen_csv,unavailable_in_frozen_csv,True,unavailable_in_frozen_csv,10,exact_final_tree_family_counts
magic04-bin,6,7,cals_compact_explain,unary_dominant,unavailable_in_frozen_csv,unary,unavailable_in_frozen_csv,unavailable_in_frozen_csv,unavailable_in_frozen_csv,True,unavailable_in_frozen_csv,5,exact_final_tree_family_counts
magic04-bin,7,5,cals,unary_dominant,unavailable_in_frozen_csv,horn,unavailable_in_frozen_csv,unavailable_in_frozen_csv,unavailable_in_frozen_csv,True,unavailable_in_frozen_csv,6,exact_final_tree_family_counts
magic04-bin,7,5,cals,unary_dominant,unavailable_in_frozen_csv,unary,unavailable_in_frozen_csv,unavailable_in_frozen_csv,unavailable_in_frozen_csv,True,unavailable_in_frozen_csv,2,exact_final_tree_family_counts
magic04-bin,7,5,cals_compact_explain,unary_dominant,unavailable_in_frozen_csv,horn,unavailable_in_frozen_csv,unavailable_in_frozen_csv,unavailable_in_frozen_csv,True,unavailable_in_frozen_csv,6,exact_final_tree_family_counts
magic04-bin,7,5,cals_compact_explain,unary_dominant,unavailable_in_frozen_csv,unary,unavailable_in_frozen_csv,unavailable_in_frozen_csv,unavailable_in_frozen_csv,True,unavailable_in_frozen_csv,3,exact_final_tree_family_counts
magic04-bin,7,7,cals,unary_dominant,unavailable_in_frozen_csv,horn,unavailable_in_frozen_csv,unavailable_in_frozen_csv,unavailable_in_frozen_csv,True,unavailable_in_frozen_csv,20,exact_final_tree_family_counts
magic04-bin,7,7,cals,unary_dominant,unavailable_in_frozen_csv,unary,unavailable_in_frozen_csv,unavailable_in_frozen_csv,unavailable_in_frozen_csv,True,unavailable_in_frozen_csv,4,exact_final_tree_family_counts
magic04-bin,7,7,cals_compact_explain,unary_dominant,unavailable_in_frozen_csv,horn,unavailable_in_frozen_csv,unavailable_in_frozen_csv,unavailable_in_frozen_csv,True,unavailable_in_frozen_csv,12,exact_final_tree_family_counts
magic04-bin,7,7,cals_compact_explain,unary_dominant,unavailable_in_frozen_csv,unary,unavailable_in_frozen_csv,unavailable_in_frozen_csv,unavailable_in_frozen_csv,True,unavailable_in_frozen_csv,3,exact_final_tree_family_counts
magic04-bin,8,5,cals,unary_dominant,unavailable_in_frozen_csv,horn,unavailable_in_frozen_csv,unavailable_in_frozen_csv,unavailable_in_frozen_csv,True,unavailable_in_frozen_csv,10,exact_final_tree_family_counts
magic04-bin,8,5,cals,unary_dominant,unavailable_in_frozen_csv,unary,unavailable_in_frozen_csv,unavailable_in_frozen_csv,unavailable_in_frozen_csv,True,unavailable_in_frozen_csv,3,exact_final_tree_family_counts
magic04-bin,8,5,cals_compact_explain,unary_dominant,unavailable_in_frozen_csv,horn,unavailable_in_frozen_csv,unavailable_in_frozen_csv,unavailable_in_frozen_csv,True,unavailable_in_frozen_csv,3,exact_final_tree_family_counts
magic04-bin,8,5,cals_compact_explain,unary_dominant,unavailable_in_frozen_csv,unary,unavailable_in_frozen_csv,unavailable_in_frozen_csv,unavailable_in_frozen_csv,True,unavailable_in_frozen_csv,4,exact_final_tree_family_counts
magic04-bin,8,7,cals,unary_dominant,unavailable_in_frozen_csv,horn,unavailable_in_frozen_csv,unavailable_in_frozen_csv,unavailable_in_frozen_csv,True,unavailable_in_frozen_csv,33,exact_final_tree_family_counts
magic04-bin,8,7,cals,unary_dominant,unavailable_in_frozen_csv,unary,unavailable_in_frozen_csv,unavailable_in_frozen_csv,unavailable_in_frozen_csv,True,unavailable_in_frozen_csv,6,exact_final_tree_family_counts
magic04-bin,8,7,cals_compact_explain,unary_dominant,unavailable_in_frozen_csv,horn,unavailable_in_frozen_csv,unavailable_in_frozen_csv,unavailable_in_frozen_csv,True,unavailable_in_frozen_csv,3,exact_final_tree_family_counts
magic04-bin,8,7,cals_compact_explain,unary_dominant,unavailable_in_frozen_csv,unary,unavailable_in_frozen_csv,unavailable_in_frozen_csv,unavailable_in_frozen_csv,True,unavailable_in_frozen_csv,4,exact_final_tree_family_counts
magic04-bin,9,5,cals,unary_dominant,unavailable_in_frozen_csv,horn,unavailable_in_frozen_csv,unavailable_in_frozen_csv,unavailable_in_frozen_csv,True,unavailable_in_frozen_csv,9,exact_final_tree_family_counts
magic04-bin,9,5,cals,unary_dominant,unavailable_in_frozen_csv,unary,unavailable_in_frozen_csv,unavailable_in_frozen_csv,unavailable_in_frozen_csv,True,unavailable_in_frozen_csv,3,exact_final_tree_family_counts
magic04-bin,9,5,cals_compact_explain,unary_dominant,unavailable_in_frozen_csv,horn,unavailable_in_frozen_csv,unavailable_in_frozen_csv,unavailable_in_frozen_csv,True,unavailable_in_frozen_csv,2,exact_final_tree_family_counts
magic04-bin,9,5,cals_compact_explain,unary_dominant,unavailable_in_frozen_csv,unary,unavailable_in_frozen_csv,unavailable_in_frozen_csv,unavailable_in_frozen_csv,True,unavailable_in_frozen_csv,1,exact_final_tree_family_counts
magic04-bin,9,7,cals,unary_dominant,unavailable_in_frozen_csv,horn,unavailable_in_frozen_csv,unavailable_in_frozen_csv,unavailable_in_frozen_csv,True,unavailable_in_frozen_csv,21,exact_final_tree_family_counts
magic04-bin,9,7,cals,unary_dominant,unavailable_in_frozen_csv,unary,unavailable_in_frozen_csv,unavailable_in_frozen_csv,unavailable_in_frozen_csv,True,unavailable_in_frozen_csv,6,exact_final_tree_family_counts
magic04-bin,9,7,cals_compact_explain,unary_dominant,unavailable_in_frozen_csv,horn,unavailable_in_frozen_csv,unavailable_in_frozen_csv,unavailable_in_frozen_csv,True,unavailable_in_frozen_csv,2,exact_final_tree_family_counts
magic04-bin,9,7,cals_compact_explain,unary_dominant,unavailable_in_frozen_csv,unary,unavailable_in_frozen_csv,unavailable_in_frozen_csv,unavailable_in_frozen_csv,True,unavailable_in_frozen_csv,1,exact_final_tree_family_counts
messidor-bin,0,5,cals,square2cnf_interaction,unavailable_in_frozen_csv,horn,unavailable_in_frozen_csv,unavailable_in_frozen_csv,unavailable_in_frozen_csv,True,unavailable_in_frozen_csv,5,exact_final_tree_family_counts
messidor-bin,0,5,cals,square2cnf_interaction,unavailable_in_frozen_csv,unary,unavailable_in_frozen_csv,unavailable_in_frozen_csv,unavailable_in_frozen_csv,True,unavailable_in_frozen_csv,2,exact_final_tree_family_counts
messidor-bin,0,5,cals_compact_explain,square2cnf_interaction,0,horn,unavailable_in_frozen_csv,unavailable_in_frozen_csv,unavailable_in_frozen_csv,True,True,1,exact_final_tree_family_counts
messidor-bin,0,7,cals,square2cnf_interaction,unavailable_in_frozen_csv,horn,unavailable_in_frozen_csv,unavailable_in_frozen_csv,unavailable_in_frozen_csv,True,unavailable_in_frozen_csv,7,exact_final_tree_family_counts
messidor-bin,0,7,cals,square2cnf_interaction,unavailable_in_frozen_csv,unary,unavailable_in_frozen_csv,unavailable_in_frozen_csv,unavailable_in_frozen_csv,True,unavailable_in_frozen_csv,2,exact_final_tree_family_counts
messidor-bin,0,7,cals_compact_explain,square2cnf_interaction,0,horn,unavailable_in_frozen_csv,unavailable_in_frozen_csv,unavailable_in_frozen_csv,True,True,1,exact_final_tree_family_counts
messidor-bin,1,5,cals,square2cnf_interaction,unavailable_in_frozen_csv,square2cnf,unavailable_in_frozen_csv,unavailable_in_frozen_csv,unavailable_in_frozen_csv,True,unavailable_in_frozen_csv,3,exact_final_tree_family_counts
messidor-bin,1,5,cals,square2cnf_interaction,unavailable_in_frozen_csv,unary,unavailable_in_frozen_csv,unavailable_in_frozen_csv,unavailable_in_frozen_csv,True,unavailable_in_frozen_csv,2,exact_final_tree_family_counts
messidor-bin,1,5,cals_compact_explain,square2cnf_interaction,unavailable_in_frozen_csv,horn,unavailable_in_frozen_csv,unavailable_in_frozen_csv,unavailable_in_frozen_csv,True,unavailable_in_frozen_csv,2,exact_final_tree_family_counts
messidor-bin,1,5,cals_compact_explain,square2cnf_interaction,unavailable_in_frozen_csv,unary,unavailable_in_frozen_csv,unavailable_in_frozen_csv,unavailable_in_frozen_csv,True,unavailable_in_frozen_csv,1,exact_final_tree_family_counts
messidor-bin,1,7,cals,square2cnf_interaction,unavailable_in_frozen_csv,square2cnf,unavailable_in_frozen_csv,unavailable_in_frozen_csv,unavailable_in_frozen_csv,True,unavailable_in_frozen_csv,9,exact_final_tree_family_counts
messidor-bin,1,7,cals,square2cnf_interaction,unavailable_in_frozen_csv,unary,unavailable_in_frozen_csv,unavailable_in_frozen_csv,unavailable_in_frozen_csv,True,unavailable_in_frozen_csv,4,exact_final_tree_family_counts
messidor-bin,1,7,cals_compact_explain,square2cnf_interaction,unavailable_in_frozen_csv,horn,unavailable_in_frozen_csv,unavailable_in_frozen_csv,unavailable_in_frozen_csv,True,unavailable_in_frozen_csv,2,exact_final_tree_family_counts
messidor-bin,1,7,cals_compact_explain,square2cnf_interaction,unavailable_in_frozen_csv,unary,unavailable_in_frozen_csv,unavailable_in_frozen_csv,unavailable_in_frozen_csv,True,unavailable_in_frozen_csv,1,exact_final_tree_family_counts
messidor-bin,2,5,cals,square2cnf_interaction,0,horn,unavailable_in_frozen_csv,unavailable_in_frozen_csv,unavailable_in_frozen_csv,True,True,1,exact_final_tree_family_counts
messidor-bin,2,5,cals_compact_explain,square2cnf_interaction,0,horn,unavailable_in_frozen_csv,unavailable_in_frozen_csv,unavailable_in_frozen_csv,True,True,1,exact_final_tree_family_counts
messidor-bin,2,7,cals,square2cnf_interaction,0,horn,unavailable_in_frozen_csv,unavailable_in_frozen_csv,unavailable_in_frozen_csv,True,True,1,exact_final_tree_family_counts
messidor-bin,2,7,cals_compact_explain,square2cnf_interaction,0,horn,unavailable_in_frozen_csv,unavailable_in_frozen_csv,unavailable_in_frozen_csv,True,True,1,exact_final_tree_family_counts
messidor-bin,3,5,cals,square2cnf_interaction,unavailable_in_frozen_csv,horn,unavailable_in_frozen_csv,unavailable_in_frozen_csv,unavailable_in_frozen_csv,True,unavailable_in_frozen_csv,13,exact_final_tree_family_counts
messidor-bin,3,5,cals,square2cnf_interaction,unavailable_in_frozen_csv,unary,unavailable_in_frozen_csv,unavailable_in_frozen_csv,unavailable_in_frozen_csv,True,unavailable_in_frozen_csv,3,exact_final_tree_family_counts
messidor-bin,3,5,cals_compact_explain,square2cnf_interaction,unavailable_in_frozen_csv,horn,unavailable_in_frozen_csv,unavailable_in_frozen_csv,unavailable_in_frozen_csv,True,unavailable_in_frozen_csv,7,exact_final_tree_family_counts
messidor-bin,3,5,cals_compact_explain,square2cnf_interaction,unavailable_in_frozen_csv,unary,unavailable_in_frozen_csv,unavailable_in_frozen_csv,unavailable_in_frozen_csv,True,unavailable_in_frozen_csv,2,exact_final_tree_family_counts
messidor-bin,3,7,cals,square2cnf_interaction,unavailable_in_frozen_csv,horn,unavailable_in_frozen_csv,unavailable_in_frozen_csv,unavailable_in_frozen_csv,True,unavailable_in_frozen_csv,14,exact_final_tree_family_counts
messidor-bin,3,7,cals,square2cnf_interaction,unavailable_in_frozen_csv,unary,unavailable_in_frozen_csv,unavailable_in_frozen_csv,unavailable_in_frozen_csv,True,unavailable_in_frozen_csv,3,exact_final_tree_family_counts
messidor-bin,3,7,cals_compact_explain,square2cnf_interaction,unavailable_in_frozen_csv,horn,unavailable_in_frozen_csv,unavailable_in_frozen_csv,unavailable_in_frozen_csv,True,unavailable_in_frozen_csv,17,exact_final_tree_family_counts
messidor-bin,3,7,cals_compact_explain,square2cnf_interaction,unavailable_in_frozen_csv,unary,unavailable_in_frozen_csv,unavailable_in_frozen_csv,unavailable_in_frozen_csv,True,unavailable_in_frozen_csv,4,exact_final_tree_family_counts
messidor-bin,4,5,cals,square2cnf_interaction,unavailable_in_frozen_csv,horn,unavailable_in_frozen_csv,unavailable_in_frozen_csv,unavailable_in_frozen_csv,True,unavailable_in_frozen_csv,4,exact_final_tree_family_counts
messidor-bin,4,5,cals,square2cnf_interaction,unavailable_in_frozen_csv,unary,unavailable_in_frozen_csv,unavailable_in_frozen_csv,unavailable_in_frozen_csv,True,unavailable_in_frozen_csv,2,exact_final_tree_family_counts
messidor-bin,4,5,cals_compact_explain,square2cnf_interaction,unavailable_in_frozen_csv,horn,unavailable_in_frozen_csv,unavailable_in_frozen_csv,unavailable_in_frozen_csv,True,unavailable_in_frozen_csv,3,exact_final_tree_family_counts
messidor-bin,4,5,cals_compact_explain,square2cnf_interaction,unavailable_in_frozen_csv,unary,unavailable_in_frozen_csv,unavailable_in_frozen_csv,unavailable_in_frozen_csv,True,unavailable_in_frozen_csv,1,exact_final_tree_family_counts
messidor-bin,4,7,cals,square2cnf_interaction,unavailable_in_frozen_csv,horn,unavailable_in_frozen_csv,unavailable_in_frozen_csv,unavailable_in_frozen_csv,True,unavailable_in_frozen_csv,6,exact_final_tree_family_counts
messidor-bin,4,7,cals,square2cnf_interaction,unavailable_in_frozen_csv,unary,unavailable_in_frozen_csv,unavailable_in_frozen_csv,unavailable_in_frozen_csv,True,unavailable_in_frozen_csv,2,exact_final_tree_family_counts
messidor-bin,4,7,cals_compact_explain,square2cnf_interaction,unavailable_in_frozen_csv,horn,unavailable_in_frozen_csv,unavailable_in_frozen_csv,unavailable_in_frozen_csv,True,unavailable_in_frozen_csv,10,exact_final_tree_family_counts
messidor-bin,4,7,cals_compact_explain,square2cnf_interaction,unavailable_in_frozen_csv,unary,unavailable_in_frozen_csv,unavailable_in_frozen_csv,unavailable_in_frozen_csv,True,unavailable_in_frozen_csv,1,exact_final_tree_family_counts
messidor-bin,5,5,cals,square2cnf_interaction,unavailable_in_frozen_csv,horn,unavailable_in_frozen_csv,unavailable_in_frozen_csv,unavailable_in_frozen_csv,True,unavailable_in_frozen_csv,8,exact_final_tree_family_counts
messidor-bin,5,5,cals,square2cnf_interaction,unavailable_in_frozen_csv,unary,unavailable_in_frozen_csv,unavailable_in_frozen_csv,unavailable_in_frozen_csv,True,unavailable_in_frozen_csv,1,exact_final_tree_family_counts
messidor-bin,5,5,cals_compact_explain,square2cnf_interaction,0,horn,unavailable_in_frozen_csv,unavailable_in_frozen_csv,unavailable_in_frozen_csv,True,True,1,exact_final_tree_family_counts
messidor-bin,5,7,cals,square2cnf_interaction,unavailable_in_frozen_csv,horn,unavailable_in_frozen_csv,unavailable_in_frozen_csv,unavailable_in_frozen_csv,True,unavailable_in_frozen_csv,17,exact_final_tree_family_counts
messidor-bin,5,7,cals,square2cnf_interaction,unavailable_in_frozen_csv,unary,unavailable_in_frozen_csv,unavailable_in_frozen_csv,unavailable_in_frozen_csv,True,unavailable_in_frozen_csv,1,exact_final_tree_family_counts
messidor-bin,5,7,cals_compact_explain,square2cnf_interaction,unavailable_in_frozen_csv,horn,unavailable_in_frozen_csv,unavailable_in_frozen_csv,unavailable_in_frozen_csv,True,unavailable_in_frozen_csv,8,exact_final_tree_family_counts
messidor-bin,5,7,cals_compact_explain,square2cnf_interaction,unavailable_in_frozen_csv,unary,unavailable_in_frozen_csv,unavailable_in_frozen_csv,unavailable_in_frozen_csv,True,unavailable_in_frozen_csv,4,exact_final_tree_family_counts
messidor-bin,6,5,cals,square2cnf_interaction,0,horn,unavailable_in_frozen_csv,unavailable_in_frozen_csv,unavailable_in_frozen_csv,True,True,1,exact_final_tree_family_counts
messidor-bin,6,5,cals_compact_explain,square2cnf_interaction,0,horn,unavailable_in_frozen_csv,unavailable_in_frozen_csv,unavailable_in_frozen_csv,True,True,1,exact_final_tree_family_counts
messidor-bin,6,7,cals,square2cnf_interaction,unavailable_in_frozen_csv,horn,unavailable_in_frozen_csv,unavailable_in_frozen_csv,unavailable_in_frozen_csv,True,unavailable_in_frozen_csv,10,exact_final_tree_family_counts
messidor-bin,6,7,cals_compact_explain,square2cnf_interaction,0,horn,unavailable_in_frozen_csv,unavailable_in_frozen_csv,unavailable_in_frozen_csv,True,True,1,exact_final_tree_family_counts
messidor-bin,7,5,cals,square2cnf_interaction,unavailable_in_frozen_csv,horn,unavailable_in_frozen_csv,unavailable_in_frozen_csv,unavailable_in_frozen_csv,True,unavailable_in_frozen_csv,5,exact_final_tree_family_counts
messidor-bin,7,5,cals_compact_explain,square2cnf_interaction,unavailable_in_frozen_csv,horn,unavailable_in_frozen_csv,unavailable_in_frozen_csv,unavailable_in_frozen_csv,True,unavailable_in_frozen_csv,5,exact_final_tree_family_counts
messidor-bin,7,7,cals,square2cnf_interaction,unavailable_in_frozen_csv,horn,unavailable_in_frozen_csv,unavailable_in_frozen_csv,unavailable_in_frozen_csv,True,unavailable_in_frozen_csv,5,exact_final_tree_family_counts
messidor-bin,7,7,cals_compact_explain,square2cnf_interaction,unavailable_in_frozen_csv,horn,unavailable_in_frozen_csv,unavailable_in_frozen_csv,unavailable_in_frozen_csv,True,unavailable_in_frozen_csv,5,exact_final_tree_family_counts
messidor-bin,8,5,cals,square2cnf_interaction,unavailable_in_frozen_csv,horn,unavailable_in_frozen_csv,unavailable_in_frozen_csv,unavailable_in_frozen_csv,True,unavailable_in_frozen_csv,4,exact_final_tree_family_counts
messidor-bin,8,5,cals,square2cnf_interaction,unavailable_in_frozen_csv,unary,unavailable_in_frozen_csv,unavailable_in_frozen_csv,unavailable_in_frozen_csv,True,unavailable_in_frozen_csv,1,exact_final_tree_family_counts
messidor-bin,8,5,cals_compact_explain,square2cnf_interaction,0,horn,unavailable_in_frozen_csv,unavailable_in_frozen_csv,unavailable_in_frozen_csv,True,True,1,exact_final_tree_family_counts
messidor-bin,8,7,cals,square2cnf_interaction,unavailable_in_frozen_csv,horn,unavailable_in_frozen_csv,unavailable_in_frozen_csv,unavailable_in_frozen_csv,True,unavailable_in_frozen_csv,6,exact_final_tree_family_counts
messidor-bin,8,7,cals,square2cnf_interaction,unavailable_in_frozen_csv,unary,unavailable_in_frozen_csv,unavailable_in_frozen_csv,unavailable_in_frozen_csv,True,unavailable_in_frozen_csv,2,exact_final_tree_family_counts
messidor-bin,8,7,cals_compact_explain,square2cnf_interaction,0,horn,unavailable_in_frozen_csv,unavailable_in_frozen_csv,unavailable_in_frozen_csv,True,True,1,exact_final_tree_family_counts
messidor-bin,9,5,cals,square2cnf_interaction,unavailable_in_frozen_csv,horn,unavailable_in_frozen_csv,unavailable_in_frozen_csv,unavailable_in_frozen_csv,True,unavailable_in_frozen_csv,6,exact_final_tree_family_counts
messidor-bin,9,5,cals,square2cnf_interaction,unavailable_in_frozen_csv,unary,unavailable_in_frozen_csv,unavailable_in_frozen_csv,unavailable_in_frozen_csv,True,unavailable_in_frozen_csv,1,exact_final_tree_family_counts
messidor-bin,9,5,cals_compact_explain,square2cnf_interaction,0,horn,unavailable_in_frozen_csv,unavailable_in_frozen_csv,unavailable_in_frozen_csv,True,True,1,exact_final_tree_family_counts
messidor-bin,9,7,cals,square2cnf_interaction,unavailable_in_frozen_csv,horn,unavailable_in_frozen_csv,unavailable_in_frozen_csv,unavailable_in_frozen_csv,True,unavailable_in_frozen_csv,6,exact_final_tree_family_counts
messidor-bin,9,7,cals,square2cnf_interaction,unavailable_in_frozen_csv,unary,unavailable_in_frozen_csv,unavailable_in_frozen_csv,unavailable_in_frozen_csv,True,unavailable_in_frozen_csv,1,exact_final_tree_family_counts
messidor-bin,9,7,cals_compact_explain,square2cnf_interaction,0,horn,unavailable_in_frozen_csv,unavailable_in_frozen_csv,unavailable_in_frozen_csv,True,True,1,exact_final_tree_family_counts
mushroom,0,5,cals,square2cnf_interaction,unavailable_in_frozen_csv,square2cnf,unavailable_in_frozen_csv,unavailable_in_frozen_csv,unavailable_in_frozen_csv,True,unavailable_in_frozen_csv,4,exact_final_tree_family_counts
mushroom,0,5,cals_compact_explain,square2cnf_interaction,unavailable_in_frozen_csv,square2cnf,unavailable_in_frozen_csv,unavailable_in_frozen_csv,unavailable_in_frozen_csv,True,unavailable_in_frozen_csv,4,exact_final_tree_family_counts
mushroom,0,7,cals,square2cnf_interaction,unavailable_in_frozen_csv,square2cnf,unavailable_in_frozen_csv,unavailable_in_frozen_csv,unavailable_in_frozen_csv,True,unavailable_in_frozen_csv,4,exact_final_tree_family_counts
mushroom,0,7,cals_compact_explain,square2cnf_interaction,unavailable_in_frozen_csv,square2cnf,unavailable_in_frozen_csv,unavailable_in_frozen_csv,unavailable_in_frozen_csv,True,unavailable_in_frozen_csv,4,exact_final_tree_family_counts
mushroom,1,5,cals,square2cnf_interaction,unavailable_in_frozen_csv,square2cnf,unavailable_in_frozen_csv,unavailable_in_frozen_csv,unavailable_in_frozen_csv,True,unavailable_in_frozen_csv,4,exact_final_tree_family_counts
mushroom,1,5,cals_compact_explain,square2cnf_interaction,unavailable_in_frozen_csv,square2cnf,unavailable_in_frozen_csv,unavailable_in_frozen_csv,unavailable_in_frozen_csv,True,unavailable_in_frozen_csv,4,exact_final_tree_family_counts
mushroom,1,7,cals,square2cnf_interaction,unavailable_in_frozen_csv,square2cnf,unavailable_in_frozen_csv,unavailable_in_frozen_csv,unavailable_in_frozen_csv,True,unavailable_in_frozen_csv,4,exact_final_tree_family_counts
mushroom,1,7,cals_compact_explain,square2cnf_interaction,unavailable_in_frozen_csv,square2cnf,unavailable_in_frozen_csv,unavailable_in_frozen_csv,unavailable_in_frozen_csv,True,unavailable_in_frozen_csv,4,exact_final_tree_family_counts
mushroom,2,5,cals,square2cnf_interaction,unavailable_in_frozen_csv,square2cnf,unavailable_in_frozen_csv,unavailable_in_frozen_csv,unavailable_in_frozen_csv,True,unavailable_in_frozen_csv,4,exact_final_tree_family_counts
mushroom,2,5,cals_compact_explain,square2cnf_interaction,unavailable_in_frozen_csv,square2cnf,unavailable_in_frozen_csv,unavailable_in_frozen_csv,unavailable_in_frozen_csv,True,unavailable_in_frozen_csv,4,exact_final_tree_family_counts
mushroom,2,7,cals,square2cnf_interaction,unavailable_in_frozen_csv,square2cnf,unavailable_in_frozen_csv,unavailable_in_frozen_csv,unavailable_in_frozen_csv,True,unavailable_in_frozen_csv,4,exact_final_tree_family_counts
mushroom,2,7,cals_compact_explain,square2cnf_interaction,unavailable_in_frozen_csv,square2cnf,unavailable_in_frozen_csv,unavailable_in_frozen_csv,unavailable_in_frozen_csv,True,unavailable_in_frozen_csv,4,exact_final_tree_family_counts
mushroom,3,5,cals,square2cnf_interaction,unavailable_in_frozen_csv,square2cnf,unavailable_in_frozen_csv,unavailable_in_frozen_csv,unavailable_in_frozen_csv,True,unavailable_in_frozen_csv,3,exact_final_tree_family_counts
mushroom,3,5,cals_compact_explain,square2cnf_interaction,unavailable_in_frozen_csv,square2cnf,unavailable_in_frozen_csv,unavailable_in_frozen_csv,unavailable_in_frozen_csv,True,unavailable_in_frozen_csv,4,exact_final_tree_family_counts
mushroom,3,7,cals,square2cnf_interaction,unavailable_in_frozen_csv,square2cnf,unavailable_in_frozen_csv,unavailable_in_frozen_csv,unavailable_in_frozen_csv,True,unavailable_in_frozen_csv,3,exact_final_tree_family_counts
mushroom,3,7,cals_compact_explain,square2cnf_interaction,unavailable_in_frozen_csv,square2cnf,unavailable_in_frozen_csv,unavailable_in_frozen_csv,unavailable_in_frozen_csv,True,unavailable_in_frozen_csv,4,exact_final_tree_family_counts
mushroom,4,5,cals,square2cnf_interaction,unavailable_in_frozen_csv,square2cnf,unavailable_in_frozen_csv,unavailable_in_frozen_csv,unavailable_in_frozen_csv,True,unavailable_in_frozen_csv,3,exact_final_tree_family_counts
mushroom,4,5,cals_compact_explain,square2cnf_interaction,unavailable_in_frozen_csv,square2cnf,unavailable_in_frozen_csv,unavailable_in_frozen_csv,unavailable_in_frozen_csv,True,unavailable_in_frozen_csv,5,exact_final_tree_family_counts
mushroom,4,7,cals,square2cnf_interaction,unavailable_in_frozen_csv,square2cnf,unavailable_in_frozen_csv,unavailable_in_frozen_csv,unavailable_in_frozen_csv,True,unavailable_in_frozen_csv,3,exact_final_tree_family_counts
mushroom,4,7,cals_compact_explain,square2cnf_interaction,unavailable_in_frozen_csv,square2cnf,unavailable_in_frozen_csv,unavailable_in_frozen_csv,unavailable_in_frozen_csv,True,unavailable_in_frozen_csv,5,exact_final_tree_family_counts
mushroom,5,5,cals,square2cnf_interaction,unavailable_in_frozen_csv,square2cnf,unavailable_in_frozen_csv,unavailable_in_frozen_csv,unavailable_in_frozen_csv,True,unavailable_in_frozen_csv,3,exact_final_tree_family_counts
mushroom,5,5,cals_compact_explain,square2cnf_interaction,unavailable_in_frozen_csv,square2cnf,unavailable_in_frozen_csv,unavailable_in_frozen_csv,unavailable_in_frozen_csv,True,unavailable_in_frozen_csv,5,exact_final_tree_family_counts
mushroom,5,7,cals,square2cnf_interaction,unavailable_in_frozen_csv,square2cnf,unavailable_in_frozen_csv,unavailable_in_frozen_csv,unavailable_in_frozen_csv,True,unavailable_in_frozen_csv,3,exact_final_tree_family_counts
mushroom,5,7,cals_compact_explain,square2cnf_interaction,unavailable_in_frozen_csv,square2cnf,unavailable_in_frozen_csv,unavailable_in_frozen_csv,unavailable_in_frozen_csv,True,unavailable_in_frozen_csv,5,exact_final_tree_family_counts
mushroom,6,5,cals,square2cnf_interaction,unavailable_in_frozen_csv,square2cnf,unavailable_in_frozen_csv,unavailable_in_frozen_csv,unavailable_in_frozen_csv,True,unavailable_in_frozen_csv,3,exact_final_tree_family_counts
mushroom,6,5,cals_compact_explain,square2cnf_interaction,unavailable_in_frozen_csv,square2cnf,unavailable_in_frozen_csv,unavailable_in_frozen_csv,unavailable_in_frozen_csv,True,unavailable_in_frozen_csv,4,exact_final_tree_family_counts
mushroom,6,7,cals,square2cnf_interaction,unavailable_in_frozen_csv,square2cnf,unavailable_in_frozen_csv,unavailable_in_frozen_csv,unavailable_in_frozen_csv,True,unavailable_in_frozen_csv,3,exact_final_tree_family_counts
mushroom,6,7,cals_compact_explain,square2cnf_interaction,unavailable_in_frozen_csv,square2cnf,unavailable_in_frozen_csv,unavailable_in_frozen_csv,unavailable_in_frozen_csv,True,unavailable_in_frozen_csv,4,exact_final_tree_family_counts
mushroom,7,5,cals,square2cnf_interaction,unavailable_in_frozen_csv,square2cnf,unavailable_in_frozen_csv,unavailable_in_frozen_csv,unavailable_in_frozen_csv,True,unavailable_in_frozen_csv,3,exact_final_tree_family_counts
mushroom,7,5,cals_compact_explain,square2cnf_interaction,unavailable_in_frozen_csv,square2cnf,unavailable_in_frozen_csv,unavailable_in_frozen_csv,unavailable_in_frozen_csv,True,unavailable_in_frozen_csv,4,exact_final_tree_family_counts
mushroom,7,7,cals,square2cnf_interaction,unavailable_in_frozen_csv,square2cnf,unavailable_in_frozen_csv,unavailable_in_frozen_csv,unavailable_in_frozen_csv,True,unavailable_in_frozen_csv,3,exact_final_tree_family_counts
mushroom,7,7,cals_compact_explain,square2cnf_interaction,unavailable_in_frozen_csv,square2cnf,unavailable_in_frozen_csv,unavailable_in_frozen_csv,unavailable_in_frozen_csv,True,unavailable_in_frozen_csv,4,exact_final_tree_family_counts
mushroom,8,5,cals,square2cnf_interaction,unavailable_in_frozen_csv,square2cnf,unavailable_in_frozen_csv,unavailable_in_frozen_csv,unavailable_in_frozen_csv,True,unavailable_in_frozen_csv,4,exact_final_tree_family_counts
mushroom,8,5,cals_compact_explain,square2cnf_interaction,unavailable_in_frozen_csv,square2cnf,unavailable_in_frozen_csv,unavailable_in_frozen_csv,unavailable_in_frozen_csv,True,unavailable_in_frozen_csv,4,exact_final_tree_family_counts
mushroom,8,5,cals_compact_explain,square2cnf_interaction,unavailable_in_frozen_csv,unary,unavailable_in_frozen_csv,unavailable_in_frozen_csv,unavailable_in_frozen_csv,True,unavailable_in_frozen_csv,2,exact_final_tree_family_counts
mushroom,8,7,cals,square2cnf_interaction,unavailable_in_frozen_csv,square2cnf,unavailable_in_frozen_csv,unavailable_in_frozen_csv,unavailable_in_frozen_csv,True,unavailable_in_frozen_csv,4,exact_final_tree_family_counts
mushroom,8,7,cals_compact_explain,square2cnf_interaction,unavailable_in_frozen_csv,square2cnf,unavailable_in_frozen_csv,unavailable_in_frozen_csv,unavailable_in_frozen_csv,True,unavailable_in_frozen_csv,4,exact_final_tree_family_counts
mushroom,8,7,cals_compact_explain,square2cnf_interaction,unavailable_in_frozen_csv,unary,unavailable_in_frozen_csv,unavailable_in_frozen_csv,unavailable_in_frozen_csv,True,unavailable_in_frozen_csv,2,exact_final_tree_family_counts
mushroom,9,5,cals,square2cnf_interaction,unavailable_in_frozen_csv,square2cnf,unavailable_in_frozen_csv,unavailable_in_frozen_csv,unavailable_in_frozen_csv,True,unavailable_in_frozen_csv,4,exact_final_tree_family_counts
mushroom,9,5,cals_compact_explain,square2cnf_interaction,unavailable_in_frozen_csv,square2cnf,unavailable_in_frozen_csv,unavailable_in_frozen_csv,unavailable_in_frozen_csv,True,unavailable_in_frozen_csv,4,exact_final_tree_family_counts
mushroom,9,7,cals,square2cnf_interaction,unavailable_in_frozen_csv,square2cnf,unavailable_in_frozen_csv,unavailable_in_frozen_csv,unavailable_in_frozen_csv,True,unavailable_in_frozen_csv,4,exact_final_tree_family_counts
mushroom,9,7,cals_compact_explain,square2cnf_interaction,unavailable_in_frozen_csv,square2cnf,unavailable_in_frozen_csv,unavailable_in_frozen_csv,unavailable_in_frozen_csv,True,unavailable_in_frozen_csv,4,exact_final_tree_family_counts
pendigits,0,5,cals,horn_interaction,unavailable_in_frozen_csv,horn,unavailable_in_frozen_csv,unavailable_in_frozen_csv,unavailable_in_frozen_csv,True,unavailable_in_frozen_csv,1,exact_final_tree_family_counts
pendigits,0,5,cals,horn_interaction,unavailable_in_frozen_csv,square2cnf,unavailable_in_frozen_csv,unavailable_in_frozen_csv,unavailable_in_frozen_csv,True,unavailable_in_frozen_csv,1,exact_final_tree_family_counts
pendigits,0,5,cals,horn_interaction,unavailable_in_frozen_csv,unary,unavailable_in_frozen_csv,unavailable_in_frozen_csv,unavailable_in_frozen_csv,True,unavailable_in_frozen_csv,4,exact_final_tree_family_counts
pendigits,0,5,cals_compact_explain,horn_interaction,unavailable_in_frozen_csv,horn,unavailable_in_frozen_csv,unavailable_in_frozen_csv,unavailable_in_frozen_csv,True,unavailable_in_frozen_csv,6,exact_final_tree_family_counts
pendigits,0,5,cals_compact_explain,horn_interaction,unavailable_in_frozen_csv,square2cnf,unavailable_in_frozen_csv,unavailable_in_frozen_csv,unavailable_in_frozen_csv,True,unavailable_in_frozen_csv,1,exact_final_tree_family_counts
pendigits,0,5,cals_compact_explain,horn_interaction,unavailable_in_frozen_csv,unary,unavailable_in_frozen_csv,unavailable_in_frozen_csv,unavailable_in_frozen_csv,True,unavailable_in_frozen_csv,7,exact_final_tree_family_counts
pendigits,0,7,cals,horn_interaction,unavailable_in_frozen_csv,horn,unavailable_in_frozen_csv,unavailable_in_frozen_csv,unavailable_in_frozen_csv,True,unavailable_in_frozen_csv,1,exact_final_tree_family_counts
pendigits,0,7,cals,horn_interaction,unavailable_in_frozen_csv,square2cnf,unavailable_in_frozen_csv,unavailable_in_frozen_csv,unavailable_in_frozen_csv,True,unavailable_in_frozen_csv,3,exact_final_tree_family_counts
pendigits,0,7,cals,horn_interaction,unavailable_in_frozen_csv,unary,unavailable_in_frozen_csv,unavailable_in_frozen_csv,unavailable_in_frozen_csv,True,unavailable_in_frozen_csv,6,exact_final_tree_family_counts
pendigits,0,7,cals_compact_explain,horn_interaction,unavailable_in_frozen_csv,horn,unavailable_in_frozen_csv,unavailable_in_frozen_csv,unavailable_in_frozen_csv,True,unavailable_in_frozen_csv,6,exact_final_tree_family_counts
pendigits,0,7,cals_compact_explain,horn_interaction,unavailable_in_frozen_csv,square2cnf,unavailable_in_frozen_csv,unavailable_in_frozen_csv,unavailable_in_frozen_csv,True,unavailable_in_frozen_csv,1,exact_final_tree_family_counts
pendigits,0,7,cals_compact_explain,horn_interaction,unavailable_in_frozen_csv,unary,unavailable_in_frozen_csv,unavailable_in_frozen_csv,unavailable_in_frozen_csv,True,unavailable_in_frozen_csv,9,exact_final_tree_family_counts
pendigits,1,5,cals,horn_interaction,unavailable_in_frozen_csv,horn,unavailable_in_frozen_csv,unavailable_in_frozen_csv,unavailable_in_frozen_csv,True,unavailable_in_frozen_csv,3,exact_final_tree_family_counts
pendigits,1,5,cals,horn_interaction,unavailable_in_frozen_csv,square2cnf,unavailable_in_frozen_csv,unavailable_in_frozen_csv,unavailable_in_frozen_csv,True,unavailable_in_frozen_csv,1,exact_final_tree_family_counts
pendigits,1,5,cals,horn_interaction,unavailable_in_frozen_csv,unary,unavailable_in_frozen_csv,unavailable_in_frozen_csv,unavailable_in_frozen_csv,True,unavailable_in_frozen_csv,3,exact_final_tree_family_counts
pendigits,1,5,cals_compact_explain,horn_interaction,unavailable_in_frozen_csv,horn,unavailable_in_frozen_csv,unavailable_in_frozen_csv,unavailable_in_frozen_csv,True,unavailable_in_frozen_csv,4,exact_final_tree_family_counts
pendigits,1,5,cals_compact_explain,horn_interaction,unavailable_in_frozen_csv,square2cnf,unavailable_in_frozen_csv,unavailable_in_frozen_csv,unavailable_in_frozen_csv,True,unavailable_in_frozen_csv,1,exact_final_tree_family_counts
pendigits,1,5,cals_compact_explain,horn_interaction,unavailable_in_frozen_csv,unary,unavailable_in_frozen_csv,unavailable_in_frozen_csv,unavailable_in_frozen_csv,True,unavailable_in_frozen_csv,2,exact_final_tree_family_counts
pendigits,1,7,cals,horn_interaction,unavailable_in_frozen_csv,horn,unavailable_in_frozen_csv,unavailable_in_frozen_csv,unavailable_in_frozen_csv,True,unavailable_in_frozen_csv,3,exact_final_tree_family_counts
pendigits,1,7,cals,horn_interaction,unavailable_in_frozen_csv,square2cnf,unavailable_in_frozen_csv,unavailable_in_frozen_csv,unavailable_in_frozen_csv,True,unavailable_in_frozen_csv,1,exact_final_tree_family_counts
pendigits,1,7,cals,horn_interaction,unavailable_in_frozen_csv,unary,unavailable_in_frozen_csv,unavailable_in_frozen_csv,unavailable_in_frozen_csv,True,unavailable_in_frozen_csv,3,exact_final_tree_family_counts
pendigits,1,7,cals_compact_explain,horn_interaction,unavailable_in_frozen_csv,horn,unavailable_in_frozen_csv,unavailable_in_frozen_csv,unavailable_in_frozen_csv,True,unavailable_in_frozen_csv,4,exact_final_tree_family_counts
pendigits,1,7,cals_compact_explain,horn_interaction,unavailable_in_frozen_csv,square2cnf,unavailable_in_frozen_csv,unavailable_in_frozen_csv,unavailable_in_frozen_csv,True,unavailable_in_frozen_csv,1,exact_final_tree_family_counts
pendigits,1,7,cals_compact_explain,horn_interaction,unavailable_in_frozen_csv,unary,unavailable_in_frozen_csv,unavailable_in_frozen_csv,unavailable_in_frozen_csv,True,unavailable_in_frozen_csv,3,exact_final_tree_family_counts
pendigits,2,5,cals,horn_interaction,unavailable_in_frozen_csv,horn,unavailable_in_frozen_csv,unavailable_in_frozen_csv,unavailable_in_frozen_csv,True,unavailable_in_frozen_csv,3,exact_final_tree_family_counts
pendigits,2,5,cals,horn_interaction,unavailable_in_frozen_csv,square2cnf,unavailable_in_frozen_csv,unavailable_in_frozen_csv,unavailable_in_frozen_csv,True,unavailable_in_frozen_csv,1,exact_final_tree_family_counts
pendigits,2,5,cals,horn_interaction,unavailable_in_frozen_csv,unary,unavailable_in_frozen_csv,unavailable_in_frozen_csv,unavailable_in_frozen_csv,True,unavailable_in_frozen_csv,4,exact_final_tree_family_counts
pendigits,2,5,cals_compact_explain,horn_interaction,unavailable_in_frozen_csv,horn,unavailable_in_frozen_csv,unavailable_in_frozen_csv,unavailable_in_frozen_csv,True,unavailable_in_frozen_csv,6,exact_final_tree_family_counts
pendigits,2,5,cals_compact_explain,horn_interaction,unavailable_in_frozen_csv,square2cnf,unavailable_in_frozen_csv,unavailable_in_frozen_csv,unavailable_in_frozen_csv,True,unavailable_in_frozen_csv,1,exact_final_tree_family_counts
pendigits,2,5,cals_compact_explain,horn_interaction,unavailable_in_frozen_csv,unary,unavailable_in_frozen_csv,unavailable_in_frozen_csv,unavailable_in_frozen_csv,True,unavailable_in_frozen_csv,6,exact_final_tree_family_counts
pendigits,2,7,cals,horn_interaction,unavailable_in_frozen_csv,horn,unavailable_in_frozen_csv,unavailable_in_frozen_csv,unavailable_in_frozen_csv,True,unavailable_in_frozen_csv,3,exact_final_tree_family_counts
pendigits,2,7,cals,horn_interaction,unavailable_in_frozen_csv,square2cnf,unavailable_in_frozen_csv,unavailable_in_frozen_csv,unavailable_in_frozen_csv,True,unavailable_in_frozen_csv,1,exact_final_tree_family_counts
pendigits,2,7,cals,horn_interaction,unavailable_in_frozen_csv,unary,unavailable_in_frozen_csv,unavailable_in_frozen_csv,unavailable_in_frozen_csv,True,unavailable_in_frozen_csv,4,exact_final_tree_family_counts
pendigits,2,7,cals_compact_explain,horn_interaction,unavailable_in_frozen_csv,horn,unavailable_in_frozen_csv,unavailable_in_frozen_csv,unavailable_in_frozen_csv,True,unavailable_in_frozen_csv,7,exact_final_tree_family_counts
pendigits,2,7,cals_compact_explain,horn_interaction,unavailable_in_frozen_csv,square2cnf,unavailable_in_frozen_csv,unavailable_in_frozen_csv,unavailable_in_frozen_csv,True,unavailable_in_frozen_csv,1,exact_final_tree_family_counts
pendigits,2,7,cals_compact_explain,horn_interaction,unavailable_in_frozen_csv,unary,unavailable_in_frozen_csv,unavailable_in_frozen_csv,unavailable_in_frozen_csv,True,unavailable_in_frozen_csv,7,exact_final_tree_family_counts
pendigits,3,5,cals,horn_interaction,unavailable_in_frozen_csv,horn,unavailable_in_frozen_csv,unavailable_in_frozen_csv,unavailable_in_frozen_csv,True,unavailable_in_frozen_csv,1,exact_final_tree_family_counts
pendigits,3,5,cals,horn_interaction,unavailable_in_frozen_csv,square2cnf,unavailable_in_frozen_csv,unavailable_in_frozen_csv,unavailable_in_frozen_csv,True,unavailable_in_frozen_csv,1,exact_final_tree_family_counts
pendigits,3,5,cals,horn_interaction,unavailable_in_frozen_csv,unary,unavailable_in_frozen_csv,unavailable_in_frozen_csv,unavailable_in_frozen_csv,True,unavailable_in_frozen_csv,2,exact_final_tree_family_counts
pendigits,3,5,cals_compact_explain,horn_interaction,unavailable_in_frozen_csv,horn,unavailable_in_frozen_csv,unavailable_in_frozen_csv,unavailable_in_frozen_csv,True,unavailable_in_frozen_csv,3,exact_final_tree_family_counts
pendigits,3,5,cals_compact_explain,horn_interaction,unavailable_in_frozen_csv,square2cnf,unavailable_in_frozen_csv,unavailable_in_frozen_csv,unavailable_in_frozen_csv,True,unavailable_in_frozen_csv,1,exact_final_tree_family_counts
pendigits,3,5,cals_compact_explain,horn_interaction,unavailable_in_frozen_csv,unary,unavailable_in_frozen_csv,unavailable_in_frozen_csv,unavailable_in_frozen_csv,True,unavailable_in_frozen_csv,3,exact_final_tree_family_counts
pendigits,3,7,cals,horn_interaction,unavailable_in_frozen_csv,horn,unavailable_in_frozen_csv,unavailable_in_frozen_csv,unavailable_in_frozen_csv,True,unavailable_in_frozen_csv,1,exact_final_tree_family_counts
pendigits,3,7,cals,horn_interaction,unavailable_in_frozen_csv,square2cnf,unavailable_in_frozen_csv,unavailable_in_frozen_csv,unavailable_in_frozen_csv,True,unavailable_in_frozen_csv,1,exact_final_tree_family_counts
pendigits,3,7,cals,horn_interaction,unavailable_in_frozen_csv,unary,unavailable_in_frozen_csv,unavailable_in_frozen_csv,unavailable_in_frozen_csv,True,unavailable_in_frozen_csv,2,exact_final_tree_family_counts
pendigits,3,7,cals_compact_explain,horn_interaction,unavailable_in_frozen_csv,horn,unavailable_in_frozen_csv,unavailable_in_frozen_csv,unavailable_in_frozen_csv,True,unavailable_in_frozen_csv,3,exact_final_tree_family_counts
pendigits,3,7,cals_compact_explain,horn_interaction,unavailable_in_frozen_csv,square2cnf,unavailable_in_frozen_csv,unavailable_in_frozen_csv,unavailable_in_frozen_csv,True,unavailable_in_frozen_csv,1,exact_final_tree_family_counts
pendigits,3,7,cals_compact_explain,horn_interaction,unavailable_in_frozen_csv,unary,unavailable_in_frozen_csv,unavailable_in_frozen_csv,unavailable_in_frozen_csv,True,unavailable_in_frozen_csv,3,exact_final_tree_family_counts
pendigits,4,5,cals,horn_interaction,unavailable_in_frozen_csv,horn,unavailable_in_frozen_csv,unavailable_in_frozen_csv,unavailable_in_frozen_csv,True,unavailable_in_frozen_csv,2,exact_final_tree_family_counts
pendigits,4,5,cals,horn_interaction,unavailable_in_frozen_csv,square2cnf,unavailable_in_frozen_csv,unavailable_in_frozen_csv,unavailable_in_frozen_csv,True,unavailable_in_frozen_csv,1,exact_final_tree_family_counts
pendigits,4,5,cals,horn_interaction,unavailable_in_frozen_csv,unary,unavailable_in_frozen_csv,unavailable_in_frozen_csv,unavailable_in_frozen_csv,True,unavailable_in_frozen_csv,3,exact_final_tree_family_counts
pendigits,4,5,cals_compact_explain,horn_interaction,unavailable_in_frozen_csv,horn,unavailable_in_frozen_csv,unavailable_in_frozen_csv,unavailable_in_frozen_csv,True,unavailable_in_frozen_csv,4,exact_final_tree_family_counts
pendigits,4,5,cals_compact_explain,horn_interaction,unavailable_in_frozen_csv,square2cnf,unavailable_in_frozen_csv,unavailable_in_frozen_csv,unavailable_in_frozen_csv,True,unavailable_in_frozen_csv,1,exact_final_tree_family_counts
pendigits,4,5,cals_compact_explain,horn_interaction,unavailable_in_frozen_csv,unary,unavailable_in_frozen_csv,unavailable_in_frozen_csv,unavailable_in_frozen_csv,True,unavailable_in_frozen_csv,5,exact_final_tree_family_counts
pendigits,4,7,cals,horn_interaction,unavailable_in_frozen_csv,horn,unavailable_in_frozen_csv,unavailable_in_frozen_csv,unavailable_in_frozen_csv,True,unavailable_in_frozen_csv,2,exact_final_tree_family_counts
pendigits,4,7,cals,horn_interaction,unavailable_in_frozen_csv,square2cnf,unavailable_in_frozen_csv,unavailable_in_frozen_csv,unavailable_in_frozen_csv,True,unavailable_in_frozen_csv,3,exact_final_tree_family_counts
pendigits,4,7,cals,horn_interaction,unavailable_in_frozen_csv,unary,unavailable_in_frozen_csv,unavailable_in_frozen_csv,unavailable_in_frozen_csv,True,unavailable_in_frozen_csv,4,exact_final_tree_family_counts
pendigits,4,7,cals_compact_explain,horn_interaction,unavailable_in_frozen_csv,horn,unavailable_in_frozen_csv,unavailable_in_frozen_csv,unavailable_in_frozen_csv,True,unavailable_in_frozen_csv,4,exact_final_tree_family_counts
pendigits,4,7,cals_compact_explain,horn_interaction,unavailable_in_frozen_csv,square2cnf,unavailable_in_frozen_csv,unavailable_in_frozen_csv,unavailable_in_frozen_csv,True,unavailable_in_frozen_csv,5,exact_final_tree_family_counts
pendigits,4,7,cals_compact_explain,horn_interaction,unavailable_in_frozen_csv,unary,unavailable_in_frozen_csv,unavailable_in_frozen_csv,unavailable_in_frozen_csv,True,unavailable_in_frozen_csv,7,exact_final_tree_family_counts
pendigits,5,5,cals,horn_interaction,unavailable_in_frozen_csv,horn,unavailable_in_frozen_csv,unavailable_in_frozen_csv,unavailable_in_frozen_csv,True,unavailable_in_frozen_csv,7,exact_final_tree_family_counts
pendigits,5,5,cals,horn_interaction,unavailable_in_frozen_csv,unary,unavailable_in_frozen_csv,unavailable_in_frozen_csv,unavailable_in_frozen_csv,True,unavailable_in_frozen_csv,2,exact_final_tree_family_counts
pendigits,5,5,cals_compact_explain,horn_interaction,unavailable_in_frozen_csv,horn,unavailable_in_frozen_csv,unavailable_in_frozen_csv,unavailable_in_frozen_csv,True,unavailable_in_frozen_csv,10,exact_final_tree_family_counts
pendigits,5,5,cals_compact_explain,horn_interaction,unavailable_in_frozen_csv,unary,unavailable_in_frozen_csv,unavailable_in_frozen_csv,unavailable_in_frozen_csv,True,unavailable_in_frozen_csv,4,exact_final_tree_family_counts
pendigits,5,7,cals,horn_interaction,unavailable_in_frozen_csv,horn,unavailable_in_frozen_csv,unavailable_in_frozen_csv,unavailable_in_frozen_csv,True,unavailable_in_frozen_csv,7,exact_final_tree_family_counts
pendigits,5,7,cals,horn_interaction,unavailable_in_frozen_csv,unary,unavailable_in_frozen_csv,unavailable_in_frozen_csv,unavailable_in_frozen_csv,True,unavailable_in_frozen_csv,2,exact_final_tree_family_counts
pendigits,5,7,cals_compact_explain,horn_interaction,unavailable_in_frozen_csv,horn,unavailable_in_frozen_csv,unavailable_in_frozen_csv,unavailable_in_frozen_csv,True,unavailable_in_frozen_csv,11,exact_final_tree_family_counts
pendigits,5,7,cals_compact_explain,horn_interaction,unavailable_in_frozen_csv,unary,unavailable_in_frozen_csv,unavailable_in_frozen_csv,unavailable_in_frozen_csv,True,unavailable_in_frozen_csv,5,exact_final_tree_family_counts
pendigits,6,5,cals,horn_interaction,unavailable_in_frozen_csv,horn,unavailable_in_frozen_csv,unavailable_in_frozen_csv,unavailable_in_frozen_csv,True,unavailable_in_frozen_csv,3,exact_final_tree_family_counts
pendigits,6,5,cals,horn_interaction,unavailable_in_frozen_csv,unary,unavailable_in_frozen_csv,unavailable_in_frozen_csv,unavailable_in_frozen_csv,True,unavailable_in_frozen_csv,2,exact_final_tree_family_counts
pendigits,6,5,cals_compact_explain,horn_interaction,unavailable_in_frozen_csv,horn,unavailable_in_frozen_csv,unavailable_in_frozen_csv,unavailable_in_frozen_csv,True,unavailable_in_frozen_csv,7,exact_final_tree_family_counts
pendigits,6,5,cals_compact_explain,horn_interaction,unavailable_in_frozen_csv,unary,unavailable_in_frozen_csv,unavailable_in_frozen_csv,unavailable_in_frozen_csv,True,unavailable_in_frozen_csv,6,exact_final_tree_family_counts
pendigits,6,7,cals,horn_interaction,unavailable_in_frozen_csv,horn,unavailable_in_frozen_csv,unavailable_in_frozen_csv,unavailable_in_frozen_csv,True,unavailable_in_frozen_csv,4,exact_final_tree_family_counts
pendigits,6,7,cals,horn_interaction,unavailable_in_frozen_csv,unary,unavailable_in_frozen_csv,unavailable_in_frozen_csv,unavailable_in_frozen_csv,True,unavailable_in_frozen_csv,4,exact_final_tree_family_counts
pendigits,6,7,cals_compact_explain,horn_interaction,unavailable_in_frozen_csv,horn,unavailable_in_frozen_csv,unavailable_in_frozen_csv,unavailable_in_frozen_csv,True,unavailable_in_frozen_csv,9,exact_final_tree_family_counts
pendigits,6,7,cals_compact_explain,horn_interaction,unavailable_in_frozen_csv,unary,unavailable_in_frozen_csv,unavailable_in_frozen_csv,unavailable_in_frozen_csv,True,unavailable_in_frozen_csv,10,exact_final_tree_family_counts
pendigits,7,5,cals,horn_interaction,unavailable_in_frozen_csv,square2cnf,unavailable_in_frozen_csv,unavailable_in_frozen_csv,unavailable_in_frozen_csv,True,unavailable_in_frozen_csv,4,exact_final_tree_family_counts
pendigits,7,5,cals,horn_interaction,unavailable_in_frozen_csv,unary,unavailable_in_frozen_csv,unavailable_in_frozen_csv,unavailable_in_frozen_csv,True,unavailable_in_frozen_csv,3,exact_final_tree_family_counts
pendigits,7,5,cals_compact_explain,horn_interaction,unavailable_in_frozen_csv,square2cnf,unavailable_in_frozen_csv,unavailable_in_frozen_csv,unavailable_in_frozen_csv,True,unavailable_in_frozen_csv,3,exact_final_tree_family_counts
pendigits,7,5,cals_compact_explain,horn_interaction,unavailable_in_frozen_csv,unary,unavailable_in_frozen_csv,unavailable_in_frozen_csv,unavailable_in_frozen_csv,True,unavailable_in_frozen_csv,5,exact_final_tree_family_counts
pendigits,7,7,cals,horn_interaction,unavailable_in_frozen_csv,square2cnf,unavailable_in_frozen_csv,unavailable_in_frozen_csv,unavailable_in_frozen_csv,True,unavailable_in_frozen_csv,7,exact_final_tree_family_counts
pendigits,7,7,cals,horn_interaction,unavailable_in_frozen_csv,unary,unavailable_in_frozen_csv,unavailable_in_frozen_csv,unavailable_in_frozen_csv,True,unavailable_in_frozen_csv,3,exact_final_tree_family_counts
pendigits,7,7,cals_compact_explain,horn_interaction,unavailable_in_frozen_csv,square2cnf,unavailable_in_frozen_csv,unavailable_in_frozen_csv,unavailable_in_frozen_csv,True,unavailable_in_frozen_csv,4,exact_final_tree_family_counts
pendigits,7,7,cals_compact_explain,horn_interaction,unavailable_in_frozen_csv,unary,unavailable_in_frozen_csv,unavailable_in_frozen_csv,unavailable_in_frozen_csv,True,unavailable_in_frozen_csv,6,exact_final_tree_family_counts
pendigits,8,5,cals,horn_interaction,unavailable_in_frozen_csv,horn,unavailable_in_frozen_csv,unavailable_in_frozen_csv,unavailable_in_frozen_csv,True,unavailable_in_frozen_csv,2,exact_final_tree_family_counts
pendigits,8,5,cals,horn_interaction,unavailable_in_frozen_csv,square2cnf,unavailable_in_frozen_csv,unavailable_in_frozen_csv,unavailable_in_frozen_csv,True,unavailable_in_frozen_csv,1,exact_final_tree_family_counts
pendigits,8,5,cals,horn_interaction,unavailable_in_frozen_csv,unary,unavailable_in_frozen_csv,unavailable_in_frozen_csv,unavailable_in_frozen_csv,True,unavailable_in_frozen_csv,2,exact_final_tree_family_counts
pendigits,8,5,cals_compact_explain,horn_interaction,unavailable_in_frozen_csv,horn,unavailable_in_frozen_csv,unavailable_in_frozen_csv,unavailable_in_frozen_csv,True,unavailable_in_frozen_csv,2,exact_final_tree_family_counts
pendigits,8,5,cals_compact_explain,horn_interaction,unavailable_in_frozen_csv,square2cnf,unavailable_in_frozen_csv,unavailable_in_frozen_csv,unavailable_in_frozen_csv,True,unavailable_in_frozen_csv,1,exact_final_tree_family_counts
pendigits,8,5,cals_compact_explain,horn_interaction,unavailable_in_frozen_csv,unary,unavailable_in_frozen_csv,unavailable_in_frozen_csv,unavailable_in_frozen_csv,True,unavailable_in_frozen_csv,6,exact_final_tree_family_counts
pendigits,8,7,cals,horn_interaction,unavailable_in_frozen_csv,horn,unavailable_in_frozen_csv,unavailable_in_frozen_csv,unavailable_in_frozen_csv,True,unavailable_in_frozen_csv,2,exact_final_tree_family_counts
pendigits,8,7,cals,horn_interaction,unavailable_in_frozen_csv,square2cnf,unavailable_in_frozen_csv,unavailable_in_frozen_csv,unavailable_in_frozen_csv,True,unavailable_in_frozen_csv,1,exact_final_tree_family_counts
pendigits,8,7,cals,horn_interaction,unavailable_in_frozen_csv,unary,unavailable_in_frozen_csv,unavailable_in_frozen_csv,unavailable_in_frozen_csv,True,unavailable_in_frozen_csv,6,exact_final_tree_family_counts
pendigits,8,7,cals_compact_explain,horn_interaction,unavailable_in_frozen_csv,horn,unavailable_in_frozen_csv,unavailable_in_frozen_csv,unavailable_in_frozen_csv,True,unavailable_in_frozen_csv,3,exact_final_tree_family_counts
pendigits,8,7,cals_compact_explain,horn_interaction,unavailable_in_frozen_csv,square2cnf,unavailable_in_frozen_csv,unavailable_in_frozen_csv,unavailable_in_frozen_csv,True,unavailable_in_frozen_csv,1,exact_final_tree_family_counts
pendigits,8,7,cals_compact_explain,horn_interaction,unavailable_in_frozen_csv,unary,unavailable_in_frozen_csv,unavailable_in_frozen_csv,unavailable_in_frozen_csv,True,unavailable_in_frozen_csv,7,exact_final_tree_family_counts
pendigits,9,5,cals,horn_interaction,unavailable_in_frozen_csv,horn,unavailable_in_frozen_csv,unavailable_in_frozen_csv,unavailable_in_frozen_csv,True,unavailable_in_frozen_csv,6,exact_final_tree_family_counts
pendigits,9,5,cals,horn_interaction,unavailable_in_frozen_csv,unary,unavailable_in_frozen_csv,unavailable_in_frozen_csv,unavailable_in_frozen_csv,True,unavailable_in_frozen_csv,4,exact_final_tree_family_counts
pendigits,9,5,cals_compact_explain,horn_interaction,unavailable_in_frozen_csv,horn,unavailable_in_frozen_csv,unavailable_in_frozen_csv,unavailable_in_frozen_csv,True,unavailable_in_frozen_csv,4,exact_final_tree_family_counts
pendigits,9,5,cals_compact_explain,horn_interaction,unavailable_in_frozen_csv,unary,unavailable_in_frozen_csv,unavailable_in_frozen_csv,unavailable_in_frozen_csv,True,unavailable_in_frozen_csv,7,exact_final_tree_family_counts
pendigits,9,7,cals,horn_interaction,unavailable_in_frozen_csv,horn,unavailable_in_frozen_csv,unavailable_in_frozen_csv,unavailable_in_frozen_csv,True,unavailable_in_frozen_csv,6,exact_final_tree_family_counts
pendigits,9,7,cals,horn_interaction,unavailable_in_frozen_csv,unary,unavailable_in_frozen_csv,unavailable_in_frozen_csv,unavailable_in_frozen_csv,True,unavailable_in_frozen_csv,4,exact_final_tree_family_counts
pendigits,9,7,cals_compact_explain,horn_interaction,unavailable_in_frozen_csv,horn,unavailable_in_frozen_csv,unavailable_in_frozen_csv,unavailable_in_frozen_csv,True,unavailable_in_frozen_csv,5,exact_final_tree_family_counts
pendigits,9,7,cals_compact_explain,horn_interaction,unavailable_in_frozen_csv,unary,unavailable_in_frozen_csv,unavailable_in_frozen_csv,unavailable_in_frozen_csv,True,unavailable_in_frozen_csv,9,exact_final_tree_family_counts
primary-tumor,0,5,cals,affine_interaction,unavailable_in_frozen_csv,square2cnf,unavailable_in_frozen_csv,unavailable_in_frozen_csv,unavailable_in_frozen_csv,True,unavailable_in_frozen_csv,7,exact_final_tree_family_counts
primary-tumor,0,5,cals_compact_explain,affine_interaction,unavailable_in_frozen_csv,square2cnf,unavailable_in_frozen_csv,unavailable_in_frozen_csv,unavailable_in_frozen_csv,True,unavailable_in_frozen_csv,7,exact_final_tree_family_counts
primary-tumor,0,7,cals,affine_interaction,unavailable_in_frozen_csv,square2cnf,unavailable_in_frozen_csv,unavailable_in_frozen_csv,unavailable_in_frozen_csv,True,unavailable_in_frozen_csv,7,exact_final_tree_family_counts
primary-tumor,0,7,cals_compact_explain,affine_interaction,unavailable_in_frozen_csv,square2cnf,unavailable_in_frozen_csv,unavailable_in_frozen_csv,unavailable_in_frozen_csv,True,unavailable_in_frozen_csv,10,exact_final_tree_family_counts
primary-tumor,0,7,cals_compact_explain,affine_interaction,unavailable_in_frozen_csv,unary,unavailable_in_frozen_csv,unavailable_in_frozen_csv,unavailable_in_frozen_csv,True,unavailable_in_frozen_csv,2,exact_final_tree_family_counts
primary-tumor,1,5,cals,affine_interaction,unavailable_in_frozen_csv,square2cnf,unavailable_in_frozen_csv,unavailable_in_frozen_csv,unavailable_in_frozen_csv,True,unavailable_in_frozen_csv,1,exact_final_tree_family_counts
primary-tumor,1,5,cals,affine_interaction,unavailable_in_frozen_csv,unary,unavailable_in_frozen_csv,unavailable_in_frozen_csv,unavailable_in_frozen_csv,True,unavailable_in_frozen_csv,1,exact_final_tree_family_counts
primary-tumor,1,5,cals_compact_explain,affine_interaction,unavailable_in_frozen_csv,square2cnf,unavailable_in_frozen_csv,unavailable_in_frozen_csv,unavailable_in_frozen_csv,True,unavailable_in_frozen_csv,3,exact_final_tree_family_counts
primary-tumor,1,5,cals_compact_explain,affine_interaction,unavailable_in_frozen_csv,unary,unavailable_in_frozen_csv,unavailable_in_frozen_csv,unavailable_in_frozen_csv,True,unavailable_in_frozen_csv,5,exact_final_tree_family_counts
primary-tumor,1,7,cals,affine_interaction,unavailable_in_frozen_csv,square2cnf,unavailable_in_frozen_csv,unavailable_in_frozen_csv,unavailable_in_frozen_csv,True,unavailable_in_frozen_csv,1,exact_final_tree_family_counts
primary-tumor,1,7,cals,affine_interaction,unavailable_in_frozen_csv,unary,unavailable_in_frozen_csv,unavailable_in_frozen_csv,unavailable_in_frozen_csv,True,unavailable_in_frozen_csv,1,exact_final_tree_family_counts
primary-tumor,1,7,cals_compact_explain,affine_interaction,unavailable_in_frozen_csv,square2cnf,unavailable_in_frozen_csv,unavailable_in_frozen_csv,unavailable_in_frozen_csv,True,unavailable_in_frozen_csv,3,exact_final_tree_family_counts
primary-tumor,1,7,cals_compact_explain,affine_interaction,unavailable_in_frozen_csv,unary,unavailable_in_frozen_csv,unavailable_in_frozen_csv,unavailable_in_frozen_csv,True,unavailable_in_frozen_csv,6,exact_final_tree_family_counts
primary-tumor,2,5,cals,affine_interaction,unavailable_in_frozen_csv,square2cnf,unavailable_in_frozen_csv,unavailable_in_frozen_csv,unavailable_in_frozen_csv,True,unavailable_in_frozen_csv,3,exact_final_tree_family_counts
primary-tumor,2,5,cals,affine_interaction,unavailable_in_frozen_csv,unary,unavailable_in_frozen_csv,unavailable_in_frozen_csv,unavailable_in_frozen_csv,True,unavailable_in_frozen_csv,1,exact_final_tree_family_counts
primary-tumor,2,5,cals_compact_explain,affine_interaction,unavailable_in_frozen_csv,square2cnf,unavailable_in_frozen_csv,unavailable_in_frozen_csv,unavailable_in_frozen_csv,True,unavailable_in_frozen_csv,2,exact_final_tree_family_counts
primary-tumor,2,5,cals_compact_explain,affine_interaction,unavailable_in_frozen_csv,unary,unavailable_in_frozen_csv,unavailable_in_frozen_csv,unavailable_in_frozen_csv,True,unavailable_in_frozen_csv,1,exact_final_tree_family_counts
primary-tumor,2,7,cals,affine_interaction,unavailable_in_frozen_csv,square2cnf,unavailable_in_frozen_csv,unavailable_in_frozen_csv,unavailable_in_frozen_csv,True,unavailable_in_frozen_csv,8,exact_final_tree_family_counts
primary-tumor,2,7,cals,affine_interaction,unavailable_in_frozen_csv,unary,unavailable_in_frozen_csv,unavailable_in_frozen_csv,unavailable_in_frozen_csv,True,unavailable_in_frozen_csv,1,exact_final_tree_family_counts
primary-tumor,2,7,cals_compact_explain,affine_interaction,unavailable_in_frozen_csv,square2cnf,unavailable_in_frozen_csv,unavailable_in_frozen_csv,unavailable_in_frozen_csv,True,unavailable_in_frozen_csv,2,exact_final_tree_family_counts
primary-tumor,2,7,cals_compact_explain,affine_interaction,unavailable_in_frozen_csv,unary,unavailable_in_frozen_csv,unavailable_in_frozen_csv,unavailable_in_frozen_csv,True,unavailable_in_frozen_csv,1,exact_final_tree_family_counts
primary-tumor,3,5,cals,affine_interaction,unavailable_in_frozen_csv,square2cnf,unavailable_in_frozen_csv,unavailable_in_frozen_csv,unavailable_in_frozen_csv,True,unavailable_in_frozen_csv,3,exact_final_tree_family_counts
primary-tumor,3,5,cals,affine_interaction,unavailable_in_frozen_csv,unary,unavailable_in_frozen_csv,unavailable_in_frozen_csv,unavailable_in_frozen_csv,True,unavailable_in_frozen_csv,1,exact_final_tree_family_counts
primary-tumor,3,5,cals_compact_explain,affine_interaction,0,unary,unavailable_in_frozen_csv,unavailable_in_frozen_csv,unavailable_in_frozen_csv,True,True,1,exact_final_tree_family_counts
primary-tumor,3,7,cals,affine_interaction,unavailable_in_frozen_csv,square2cnf,unavailable_in_frozen_csv,unavailable_in_frozen_csv,unavailable_in_frozen_csv,True,unavailable_in_frozen_csv,3,exact_final_tree_family_counts
primary-tumor,3,7,cals,affine_interaction,unavailable_in_frozen_csv,unary,unavailable_in_frozen_csv,unavailable_in_frozen_csv,unavailable_in_frozen_csv,True,unavailable_in_frozen_csv,1,exact_final_tree_family_counts
primary-tumor,3,7,cals_compact_explain,affine_interaction,unavailable_in_frozen_csv,square2cnf,unavailable_in_frozen_csv,unavailable_in_frozen_csv,unavailable_in_frozen_csv,True,unavailable_in_frozen_csv,8,exact_final_tree_family_counts
primary-tumor,3,7,cals_compact_explain,affine_interaction,unavailable_in_frozen_csv,unary,unavailable_in_frozen_csv,unavailable_in_frozen_csv,unavailable_in_frozen_csv,True,unavailable_in_frozen_csv,3,exact_final_tree_family_counts
primary-tumor,4,5,cals,affine_interaction,unavailable_in_frozen_csv,horn,unavailable_in_frozen_csv,unavailable_in_frozen_csv,unavailable_in_frozen_csv,True,unavailable_in_frozen_csv,4,exact_final_tree_family_counts
primary-tumor,4,5,cals,affine_interaction,unavailable_in_frozen_csv,unary,unavailable_in_frozen_csv,unavailable_in_frozen_csv,unavailable_in_frozen_csv,True,unavailable_in_frozen_csv,1,exact_final_tree_family_counts
primary-tumor,4,5,cals_compact_explain,affine_interaction,unavailable_in_frozen_csv,horn,unavailable_in_frozen_csv,unavailable_in_frozen_csv,unavailable_in_frozen_csv,True,unavailable_in_frozen_csv,4,exact_final_tree_family_counts
primary-tumor,4,5,cals_compact_explain,affine_interaction,unavailable_in_frozen_csv,unary,unavailable_in_frozen_csv,unavailable_in_frozen_csv,unavailable_in_frozen_csv,True,unavailable_in_frozen_csv,1,exact_final_tree_family_counts
primary-tumor,4,7,cals,affine_interaction,unavailable_in_frozen_csv,horn,unavailable_in_frozen_csv,unavailable_in_frozen_csv,unavailable_in_frozen_csv,True,unavailable_in_frozen_csv,4,exact_final_tree_family_counts
primary-tumor,4,7,cals,affine_interaction,unavailable_in_frozen_csv,unary,unavailable_in_frozen_csv,unavailable_in_frozen_csv,unavailable_in_frozen_csv,True,unavailable_in_frozen_csv,1,exact_final_tree_family_counts
primary-tumor,4,7,cals_compact_explain,affine_interaction,unavailable_in_frozen_csv,horn,unavailable_in_frozen_csv,unavailable_in_frozen_csv,unavailable_in_frozen_csv,True,unavailable_in_frozen_csv,4,exact_final_tree_family_counts
primary-tumor,4,7,cals_compact_explain,affine_interaction,unavailable_in_frozen_csv,unary,unavailable_in_frozen_csv,unavailable_in_frozen_csv,unavailable_in_frozen_csv,True,unavailable_in_frozen_csv,1,exact_final_tree_family_counts
primary-tumor,5,5,cals,affine_interaction,unavailable_in_frozen_csv,horn,unavailable_in_frozen_csv,unavailable_in_frozen_csv,unavailable_in_frozen_csv,True,unavailable_in_frozen_csv,5,exact_final_tree_family_counts
primary-tumor,5,5,cals,affine_interaction,unavailable_in_frozen_csv,unary,unavailable_in_frozen_csv,unavailable_in_frozen_csv,unavailable_in_frozen_csv,True,unavailable_in_frozen_csv,1,exact_final_tree_family_counts
primary-tumor,5,5,cals_compact_explain,affine_interaction,unavailable_in_frozen_csv,horn,unavailable_in_frozen_csv,unavailable_in_frozen_csv,unavailable_in_frozen_csv,True,unavailable_in_frozen_csv,4,exact_final_tree_family_counts
primary-tumor,5,5,cals_compact_explain,affine_interaction,unavailable_in_frozen_csv,unary,unavailable_in_frozen_csv,unavailable_in_frozen_csv,unavailable_in_frozen_csv,True,unavailable_in_frozen_csv,1,exact_final_tree_family_counts
primary-tumor,5,7,cals,affine_interaction,unavailable_in_frozen_csv,horn,unavailable_in_frozen_csv,unavailable_in_frozen_csv,unavailable_in_frozen_csv,True,unavailable_in_frozen_csv,5,exact_final_tree_family_counts
primary-tumor,5,7,cals,affine_interaction,unavailable_in_frozen_csv,unary,unavailable_in_frozen_csv,unavailable_in_frozen_csv,unavailable_in_frozen_csv,True,unavailable_in_frozen_csv,1,exact_final_tree_family_counts
primary-tumor,5,7,cals_compact_explain,affine_interaction,unavailable_in_frozen_csv,horn,unavailable_in_frozen_csv,unavailable_in_frozen_csv,unavailable_in_frozen_csv,True,unavailable_in_frozen_csv,7,exact_final_tree_family_counts
primary-tumor,5,7,cals_compact_explain,affine_interaction,unavailable_in_frozen_csv,unary,unavailable_in_frozen_csv,unavailable_in_frozen_csv,unavailable_in_frozen_csv,True,unavailable_in_frozen_csv,1,exact_final_tree_family_counts
primary-tumor,6,5,cals,affine_interaction,unavailable_in_frozen_csv,horn,unavailable_in_frozen_csv,unavailable_in_frozen_csv,unavailable_in_frozen_csv,True,unavailable_in_frozen_csv,3,exact_final_tree_family_counts
primary-tumor,6,5,cals_compact_explain,affine_interaction,0,horn,unavailable_in_frozen_csv,unavailable_in_frozen_csv,unavailable_in_frozen_csv,True,True,1,exact_final_tree_family_counts
primary-tumor,6,7,cals,affine_interaction,unavailable_in_frozen_csv,horn,unavailable_in_frozen_csv,unavailable_in_frozen_csv,unavailable_in_frozen_csv,True,unavailable_in_frozen_csv,3,exact_final_tree_family_counts
primary-tumor,6,7,cals_compact_explain,affine_interaction,0,horn,unavailable_in_frozen_csv,unavailable_in_frozen_csv,unavailable_in_frozen_csv,True,True,1,exact_final_tree_family_counts
primary-tumor,7,5,cals_compact_explain,affine_interaction,unavailable_in_frozen_csv,affine,unavailable_in_frozen_csv,unavailable_in_frozen_csv,unavailable_in_frozen_csv,True,unavailable_in_frozen_csv,2,exact_final_tree_family_counts
primary-tumor,7,5,cals_compact_explain,affine_interaction,unavailable_in_frozen_csv,unary,unavailable_in_frozen_csv,unavailable_in_frozen_csv,unavailable_in_frozen_csv,True,unavailable_in_frozen_csv,1,exact_final_tree_family_counts
primary-tumor,7,7,cals,affine_interaction,unavailable_in_frozen_csv,affine,unavailable_in_frozen_csv,unavailable_in_frozen_csv,unavailable_in_frozen_csv,True,unavailable_in_frozen_csv,5,exact_final_tree_family_counts
primary-tumor,7,7,cals,affine_interaction,unavailable_in_frozen_csv,unary,unavailable_in_frozen_csv,unavailable_in_frozen_csv,unavailable_in_frozen_csv,True,unavailable_in_frozen_csv,1,exact_final_tree_family_counts
primary-tumor,7,7,cals_compact_explain,affine_interaction,unavailable_in_frozen_csv,affine,unavailable_in_frozen_csv,unavailable_in_frozen_csv,unavailable_in_frozen_csv,True,unavailable_in_frozen_csv,2,exact_final_tree_family_counts
primary-tumor,7,7,cals_compact_explain,affine_interaction,unavailable_in_frozen_csv,unary,unavailable_in_frozen_csv,unavailable_in_frozen_csv,unavailable_in_frozen_csv,True,unavailable_in_frozen_csv,1,exact_final_tree_family_counts
primary-tumor,8,5,cals,affine_interaction,unavailable_in_frozen_csv,square2cnf,unavailable_in_frozen_csv,unavailable_in_frozen_csv,unavailable_in_frozen_csv,True,unavailable_in_frozen_csv,3,exact_final_tree_family_counts
primary-tumor,8,5,cals_compact_explain,affine_interaction,unavailable_in_frozen_csv,square2cnf,unavailable_in_frozen_csv,unavailable_in_frozen_csv,unavailable_in_frozen_csv,True,unavailable_in_frozen_csv,2,exact_final_tree_family_counts
primary-tumor,8,5,cals_compact_explain,affine_interaction,unavailable_in_frozen_csv,unary,unavailable_in_frozen_csv,unavailable_in_frozen_csv,unavailable_in_frozen_csv,True,unavailable_in_frozen_csv,2,exact_final_tree_family_counts
primary-tumor,8,7,cals,affine_interaction,unavailable_in_frozen_csv,square2cnf,unavailable_in_frozen_csv,unavailable_in_frozen_csv,unavailable_in_frozen_csv,True,unavailable_in_frozen_csv,3,exact_final_tree_family_counts
primary-tumor,8,7,cals_compact_explain,affine_interaction,unavailable_in_frozen_csv,square2cnf,unavailable_in_frozen_csv,unavailable_in_frozen_csv,unavailable_in_frozen_csv,True,unavailable_in_frozen_csv,2,exact_final_tree_family_counts
primary-tumor,8,7,cals_compact_explain,affine_interaction,unavailable_in_frozen_csv,unary,unavailable_in_frozen_csv,unavailable_in_frozen_csv,unavailable_in_frozen_csv,True,unavailable_in_frozen_csv,2,exact_final_tree_family_counts
primary-tumor,9,5,cals,affine_interaction,unavailable_in_frozen_csv,horn,unavailable_in_frozen_csv,unavailable_in_frozen_csv,unavailable_in_frozen_csv,True,unavailable_in_frozen_csv,4,exact_final_tree_family_counts
primary-tumor,9,5,cals_compact_explain,affine_interaction,unavailable_in_frozen_csv,horn,unavailable_in_frozen_csv,unavailable_in_frozen_csv,unavailable_in_frozen_csv,True,unavailable_in_frozen_csv,4,exact_final_tree_family_counts
primary-tumor,9,7,cals,affine_interaction,unavailable_in_frozen_csv,horn,unavailable_in_frozen_csv,unavailable_in_frozen_csv,unavailable_in_frozen_csv,True,unavailable_in_frozen_csv,4,exact_final_tree_family_counts
primary-tumor,9,7,cals_compact_explain,affine_interaction,unavailable_in_frozen_csv,horn,unavailable_in_frozen_csv,unavailable_in_frozen_csv,unavailable_in_frozen_csv,True,unavailable_in_frozen_csv,4,exact_final_tree_family_counts
segment,0,5,cals,horn_interaction,unavailable_in_frozen_csv,unary,unavailable_in_frozen_csv,unavailable_in_frozen_csv,unavailable_in_frozen_csv,True,unavailable_in_frozen_csv,2,exact_final_tree_family_counts
segment,0,5,cals_compact_explain,horn_interaction,unavailable_in_frozen_csv,square2cnf,unavailable_in_frozen_csv,unavailable_in_frozen_csv,unavailable_in_frozen_csv,True,unavailable_in_frozen_csv,1,exact_final_tree_family_counts
segment,0,5,cals_compact_explain,horn_interaction,unavailable_in_frozen_csv,unary,unavailable_in_frozen_csv,unavailable_in_frozen_csv,unavailable_in_frozen_csv,True,unavailable_in_frozen_csv,2,exact_final_tree_family_counts
segment,0,7,cals,horn_interaction,unavailable_in_frozen_csv,unary,unavailable_in_frozen_csv,unavailable_in_frozen_csv,unavailable_in_frozen_csv,True,unavailable_in_frozen_csv,2,exact_final_tree_family_counts
segment,0,7,cals_compact_explain,horn_interaction,unavailable_in_frozen_csv,square2cnf,unavailable_in_frozen_csv,unavailable_in_frozen_csv,unavailable_in_frozen_csv,True,unavailable_in_frozen_csv,1,exact_final_tree_family_counts
segment,0,7,cals_compact_explain,horn_interaction,unavailable_in_frozen_csv,unary,unavailable_in_frozen_csv,unavailable_in_frozen_csv,unavailable_in_frozen_csv,True,unavailable_in_frozen_csv,2,exact_final_tree_family_counts
segment,1,5,cals,horn_interaction,unavailable_in_frozen_csv,horn,unavailable_in_frozen_csv,unavailable_in_frozen_csv,unavailable_in_frozen_csv,True,unavailable_in_frozen_csv,1,exact_final_tree_family_counts
segment,1,5,cals,horn_interaction,unavailable_in_frozen_csv,unary,unavailable_in_frozen_csv,unavailable_in_frozen_csv,unavailable_in_frozen_csv,True,unavailable_in_frozen_csv,2,exact_final_tree_family_counts
segment,1,5,cals_compact_explain,horn_interaction,unavailable_in_frozen_csv,horn,unavailable_in_frozen_csv,unavailable_in_frozen_csv,unavailable_in_frozen_csv,True,unavailable_in_frozen_csv,1,exact_final_tree_family_counts
segment,1,5,cals_compact_explain,horn_interaction,unavailable_in_frozen_csv,unary,unavailable_in_frozen_csv,unavailable_in_frozen_csv,unavailable_in_frozen_csv,True,unavailable_in_frozen_csv,2,exact_final_tree_family_counts
segment,1,7,cals,horn_interaction,unavailable_in_frozen_csv,horn,unavailable_in_frozen_csv,unavailable_in_frozen_csv,unavailable_in_frozen_csv,True,unavailable_in_frozen_csv,1,exact_final_tree_family_counts
segment,1,7,cals,horn_interaction,unavailable_in_frozen_csv,unary,unavailable_in_frozen_csv,unavailable_in_frozen_csv,unavailable_in_frozen_csv,True,unavailable_in_frozen_csv,2,exact_final_tree_family_counts
segment,1,7,cals_compact_explain,horn_interaction,unavailable_in_frozen_csv,horn,unavailable_in_frozen_csv,unavailable_in_frozen_csv,unavailable_in_frozen_csv,True,unavailable_in_frozen_csv,1,exact_final_tree_family_counts
segment,1,7,cals_compact_explain,horn_interaction,unavailable_in_frozen_csv,unary,unavailable_in_frozen_csv,unavailable_in_frozen_csv,unavailable_in_frozen_csv,True,unavailable_in_frozen_csv,2,exact_final_tree_family_counts
segment,2,5,cals,horn_interaction,0,horn,unavailable_in_frozen_csv,unavailable_in_frozen_csv,unavailable_in_frozen_csv,True,True,1,exact_final_tree_family_counts
segment,2,5,cals_compact_explain,horn_interaction,unavailable_in_frozen_csv,horn,unavailable_in_frozen_csv,unavailable_in_frozen_csv,unavailable_in_frozen_csv,True,unavailable_in_frozen_csv,1,exact_final_tree_family_counts
segment,2,5,cals_compact_explain,horn_interaction,unavailable_in_frozen_csv,unary,unavailable_in_frozen_csv,unavailable_in_frozen_csv,unavailable_in_frozen_csv,True,unavailable_in_frozen_csv,1,exact_final_tree_family_counts
segment,2,7,cals,horn_interaction,0,horn,unavailable_in_frozen_csv,unavailable_in_frozen_csv,unavailable_in_frozen_csv,True,True,1,exact_final_tree_family_counts
segment,2,7,cals_compact_explain,horn_interaction,unavailable_in_frozen_csv,horn,unavailable_in_frozen_csv,unavailable_in_frozen_csv,unavailable_in_frozen_csv,True,unavailable_in_frozen_csv,1,exact_final_tree_family_counts
segment,2,7,cals_compact_explain,horn_interaction,unavailable_in_frozen_csv,unary,unavailable_in_frozen_csv,unavailable_in_frozen_csv,unavailable_in_frozen_csv,True,unavailable_in_frozen_csv,1,exact_final_tree_family_counts
segment,3,5,cals,horn_interaction,unavailable_in_frozen_csv,horn,unavailable_in_frozen_csv,unavailable_in_frozen_csv,unavailable_in_frozen_csv,True,unavailable_in_frozen_csv,1,exact_final_tree_family_counts
segment,3,5,cals,horn_interaction,unavailable_in_frozen_csv,unary,unavailable_in_frozen_csv,unavailable_in_frozen_csv,unavailable_in_frozen_csv,True,unavailable_in_frozen_csv,2,exact_final_tree_family_counts
segment,3,5,cals_compact_explain,horn_interaction,unavailable_in_frozen_csv,horn,unavailable_in_frozen_csv,unavailable_in_frozen_csv,unavailable_in_frozen_csv,True,unavailable_in_frozen_csv,1,exact_final_tree_family_counts
segment,3,5,cals_compact_explain,horn_interaction,unavailable_in_frozen_csv,unary,unavailable_in_frozen_csv,unavailable_in_frozen_csv,unavailable_in_frozen_csv,True,unavailable_in_frozen_csv,2,exact_final_tree_family_counts
segment,3,7,cals,horn_interaction,unavailable_in_frozen_csv,horn,unavailable_in_frozen_csv,unavailable_in_frozen_csv,unavailable_in_frozen_csv,True,unavailable_in_frozen_csv,1,exact_final_tree_family_counts
segment,3,7,cals,horn_interaction,unavailable_in_frozen_csv,unary,unavailable_in_frozen_csv,unavailable_in_frozen_csv,unavailable_in_frozen_csv,True,unavailable_in_frozen_csv,2,exact_final_tree_family_counts
segment,3,7,cals_compact_explain,horn_interaction,unavailable_in_frozen_csv,horn,unavailable_in_frozen_csv,unavailable_in_frozen_csv,unavailable_in_frozen_csv,True,unavailable_in_frozen_csv,1,exact_final_tree_family_counts
segment,3,7,cals_compact_explain,horn_interaction,unavailable_in_frozen_csv,unary,unavailable_in_frozen_csv,unavailable_in_frozen_csv,unavailable_in_frozen_csv,True,unavailable_in_frozen_csv,2,exact_final_tree_family_counts
segment,4,5,cals,horn_interaction,unavailable_in_frozen_csv,horn,unavailable_in_frozen_csv,unavailable_in_frozen_csv,unavailable_in_frozen_csv,True,unavailable_in_frozen_csv,3,exact_final_tree_family_counts
segment,4,5,cals_compact_explain,horn_interaction,unavailable_in_frozen_csv,horn,unavailable_in_frozen_csv,unavailable_in_frozen_csv,unavailable_in_frozen_csv,True,unavailable_in_frozen_csv,3,exact_final_tree_family_counts
segment,4,5,cals_compact_explain,horn_interaction,unavailable_in_frozen_csv,unary,unavailable_in_frozen_csv,unavailable_in_frozen_csv,unavailable_in_frozen_csv,True,unavailable_in_frozen_csv,1,exact_final_tree_family_counts
segment,4,7,cals,horn_interaction,unavailable_in_frozen_csv,horn,unavailable_in_frozen_csv,unavailable_in_frozen_csv,unavailable_in_frozen_csv,True,unavailable_in_frozen_csv,3,exact_final_tree_family_counts
segment,4,7,cals_compact_explain,horn_interaction,unavailable_in_frozen_csv,horn,unavailable_in_frozen_csv,unavailable_in_frozen_csv,unavailable_in_frozen_csv,True,unavailable_in_frozen_csv,3,exact_final_tree_family_counts
segment,4,7,cals_compact_explain,horn_interaction,unavailable_in_frozen_csv,unary,unavailable_in_frozen_csv,unavailable_in_frozen_csv,unavailable_in_frozen_csv,True,unavailable_in_frozen_csv,1,exact_final_tree_family_counts
segment,5,5,cals,horn_interaction,unavailable_in_frozen_csv,horn,unavailable_in_frozen_csv,unavailable_in_frozen_csv,unavailable_in_frozen_csv,True,unavailable_in_frozen_csv,2,exact_final_tree_family_counts
segment,5,5,cals,horn_interaction,unavailable_in_frozen_csv,unary,unavailable_in_frozen_csv,unavailable_in_frozen_csv,unavailable_in_frozen_csv,True,unavailable_in_frozen_csv,1,exact_final_tree_family_counts
segment,5,5,cals_compact_explain,horn_interaction,unavailable_in_frozen_csv,horn,unavailable_in_frozen_csv,unavailable_in_frozen_csv,unavailable_in_frozen_csv,True,unavailable_in_frozen_csv,2,exact_final_tree_family_counts
segment,5,5,cals_compact_explain,horn_interaction,unavailable_in_frozen_csv,unary,unavailable_in_frozen_csv,unavailable_in_frozen_csv,unavailable_in_frozen_csv,True,unavailable_in_frozen_csv,2,exact_final_tree_family_counts
segment,5,7,cals,horn_interaction,unavailable_in_frozen_csv,horn,unavailable_in_frozen_csv,unavailable_in_frozen_csv,unavailable_in_frozen_csv,True,unavailable_in_frozen_csv,2,exact_final_tree_family_counts
segment,5,7,cals,horn_interaction,unavailable_in_frozen_csv,unary,unavailable_in_frozen_csv,unavailable_in_frozen_csv,unavailable_in_frozen_csv,True,unavailable_in_frozen_csv,1,exact_final_tree_family_counts
segment,5,7,cals_compact_explain,horn_interaction,unavailable_in_frozen_csv,horn,unavailable_in_frozen_csv,unavailable_in_frozen_csv,unavailable_in_frozen_csv,True,unavailable_in_frozen_csv,2,exact_final_tree_family_counts
segment,5,7,cals_compact_explain,horn_interaction,unavailable_in_frozen_csv,unary,unavailable_in_frozen_csv,unavailable_in_frozen_csv,unavailable_in_frozen_csv,True,unavailable_in_frozen_csv,2,exact_final_tree_family_counts
segment,6,5,cals,horn_interaction,unavailable_in_frozen_csv,horn,unavailable_in_frozen_csv,unavailable_in_frozen_csv,unavailable_in_frozen_csv,True,unavailable_in_frozen_csv,1,exact_final_tree_family_counts
segment,6,5,cals,horn_interaction,unavailable_in_frozen_csv,unary,unavailable_in_frozen_csv,unavailable_in_frozen_csv,unavailable_in_frozen_csv,True,unavailable_in_frozen_csv,2,exact_final_tree_family_counts
segment,6,5,cals_compact_explain,horn_interaction,unavailable_in_frozen_csv,horn,unavailable_in_frozen_csv,unavailable_in_frozen_csv,unavailable_in_frozen_csv,True,unavailable_in_frozen_csv,1,exact_final_tree_family_counts
segment,6,5,cals_compact_explain,horn_interaction,unavailable_in_frozen_csv,unary,unavailable_in_frozen_csv,unavailable_in_frozen_csv,unavailable_in_frozen_csv,True,unavailable_in_frozen_csv,3,exact_final_tree_family_counts
segment,6,7,cals,horn_interaction,unavailable_in_frozen_csv,horn,unavailable_in_frozen_csv,unavailable_in_frozen_csv,unavailable_in_frozen_csv,True,unavailable_in_frozen_csv,1,exact_final_tree_family_counts
segment,6,7,cals,horn_interaction,unavailable_in_frozen_csv,unary,unavailable_in_frozen_csv,unavailable_in_frozen_csv,unavailable_in_frozen_csv,True,unavailable_in_frozen_csv,2,exact_final_tree_family_counts
segment,6,7,cals_compact_explain,horn_interaction,unavailable_in_frozen_csv,horn,unavailable_in_frozen_csv,unavailable_in_frozen_csv,unavailable_in_frozen_csv,True,unavailable_in_frozen_csv,1,exact_final_tree_family_counts
segment,6,7,cals_compact_explain,horn_interaction,unavailable_in_frozen_csv,unary,unavailable_in_frozen_csv,unavailable_in_frozen_csv,unavailable_in_frozen_csv,True,unavailable_in_frozen_csv,3,exact_final_tree_family_counts
segment,7,5,cals,horn_interaction,unavailable_in_frozen_csv,horn,unavailable_in_frozen_csv,unavailable_in_frozen_csv,unavailable_in_frozen_csv,True,unavailable_in_frozen_csv,2,exact_final_tree_family_counts
segment,7,5,cals,horn_interaction,unavailable_in_frozen_csv,unary,unavailable_in_frozen_csv,unavailable_in_frozen_csv,unavailable_in_frozen_csv,True,unavailable_in_frozen_csv,2,exact_final_tree_family_counts
segment,7,5,cals_compact_explain,horn_interaction,unavailable_in_frozen_csv,horn,unavailable_in_frozen_csv,unavailable_in_frozen_csv,unavailable_in_frozen_csv,True,unavailable_in_frozen_csv,2,exact_final_tree_family_counts
segment,7,5,cals_compact_explain,horn_interaction,unavailable_in_frozen_csv,unary,unavailable_in_frozen_csv,unavailable_in_frozen_csv,unavailable_in_frozen_csv,True,unavailable_in_frozen_csv,1,exact_final_tree_family_counts
segment,7,7,cals,horn_interaction,unavailable_in_frozen_csv,horn,unavailable_in_frozen_csv,unavailable_in_frozen_csv,unavailable_in_frozen_csv,True,unavailable_in_frozen_csv,2,exact_final_tree_family_counts
segment,7,7,cals,horn_interaction,unavailable_in_frozen_csv,unary,unavailable_in_frozen_csv,unavailable_in_frozen_csv,unavailable_in_frozen_csv,True,unavailable_in_frozen_csv,2,exact_final_tree_family_counts
segment,7,7,cals_compact_explain,horn_interaction,unavailable_in_frozen_csv,horn,unavailable_in_frozen_csv,unavailable_in_frozen_csv,unavailable_in_frozen_csv,True,unavailable_in_frozen_csv,2,exact_final_tree_family_counts
segment,7,7,cals_compact_explain,horn_interaction,unavailable_in_frozen_csv,unary,unavailable_in_frozen_csv,unavailable_in_frozen_csv,unavailable_in_frozen_csv,True,unavailable_in_frozen_csv,1,exact_final_tree_family_counts
segment,8,5,cals,horn_interaction,unavailable_in_frozen_csv,horn,unavailable_in_frozen_csv,unavailable_in_frozen_csv,unavailable_in_frozen_csv,True,unavailable_in_frozen_csv,3,exact_final_tree_family_counts
segment,8,5,cals_compact_explain,horn_interaction,unavailable_in_frozen_csv,horn,unavailable_in_frozen_csv,unavailable_in_frozen_csv,unavailable_in_frozen_csv,True,unavailable_in_frozen_csv,3,exact_final_tree_family_counts
segment,8,5,cals_compact_explain,horn_interaction,unavailable_in_frozen_csv,unary,unavailable_in_frozen_csv,unavailable_in_frozen_csv,unavailable_in_frozen_csv,True,unavailable_in_frozen_csv,1,exact_final_tree_family_counts
segment,8,7,cals,horn_interaction,unavailable_in_frozen_csv,horn,unavailable_in_frozen_csv,unavailable_in_frozen_csv,unavailable_in_frozen_csv,True,unavailable_in_frozen_csv,3,exact_final_tree_family_counts
segment,8,7,cals_compact_explain,horn_interaction,unavailable_in_frozen_csv,horn,unavailable_in_frozen_csv,unavailable_in_frozen_csv,unavailable_in_frozen_csv,True,unavailable_in_frozen_csv,3,exact_final_tree_family_counts
segment,8,7,cals_compact_explain,horn_interaction,unavailable_in_frozen_csv,unary,unavailable_in_frozen_csv,unavailable_in_frozen_csv,unavailable_in_frozen_csv,True,unavailable_in_frozen_csv,1,exact_final_tree_family_counts
segment,9,5,cals,horn_interaction,unavailable_in_frozen_csv,horn,unavailable_in_frozen_csv,unavailable_in_frozen_csv,unavailable_in_frozen_csv,True,unavailable_in_frozen_csv,1,exact_final_tree_family_counts
segment,9,5,cals,horn_interaction,unavailable_in_frozen_csv,unary,unavailable_in_frozen_csv,unavailable_in_frozen_csv,unavailable_in_frozen_csv,True,unavailable_in_frozen_csv,1,exact_final_tree_family_counts
segment,9,5,cals_compact_explain,horn_interaction,unavailable_in_frozen_csv,horn,unavailable_in_frozen_csv,unavailable_in_frozen_csv,unavailable_in_frozen_csv,True,unavailable_in_frozen_csv,1,exact_final_tree_family_counts
segment,9,5,cals_compact_explain,horn_interaction,unavailable_in_frozen_csv,unary,unavailable_in_frozen_csv,unavailable_in_frozen_csv,unavailable_in_frozen_csv,True,unavailable_in_frozen_csv,1,exact_final_tree_family_counts
segment,9,7,cals,horn_interaction,unavailable_in_frozen_csv,horn,unavailable_in_frozen_csv,unavailable_in_frozen_csv,unavailable_in_frozen_csv,True,unavailable_in_frozen_csv,1,exact_final_tree_family_counts
segment,9,7,cals,horn_interaction,unavailable_in_frozen_csv,unary,unavailable_in_frozen_csv,unavailable_in_frozen_csv,unavailable_in_frozen_csv,True,unavailable_in_frozen_csv,1,exact_final_tree_family_counts
segment,9,7,cals_compact_explain,horn_interaction,unavailable_in_frozen_csv,horn,unavailable_in_frozen_csv,unavailable_in_frozen_csv,unavailable_in_frozen_csv,True,unavailable_in_frozen_csv,1,exact_final_tree_family_counts
segment,9,7,cals_compact_explain,horn_interaction,unavailable_in_frozen_csv,unary,unavailable_in_frozen_csv,unavailable_in_frozen_csv,unavailable_in_frozen_csv,True,unavailable_in_frozen_csv,1,exact_final_tree_family_counts
seismic_bumps-bin,8,5,cals,square2cnf_interaction,unavailable_in_frozen_csv,horn,unavailable_in_frozen_csv,unavailable_in_frozen_csv,unavailable_in_frozen_csv,True,unavailable_in_frozen_csv,4,exact_final_tree_family_counts
seismic_bumps-bin,8,5,cals,square2cnf_interaction,unavailable_in_frozen_csv,unary,unavailable_in_frozen_csv,unavailable_in_frozen_csv,unavailable_in_frozen_csv,True,unavailable_in_frozen_csv,1,exact_final_tree_family_counts
seismic_bumps-bin,8,7,cals,square2cnf_interaction,unavailable_in_frozen_csv,horn,unavailable_in_frozen_csv,unavailable_in_frozen_csv,unavailable_in_frozen_csv,True,unavailable_in_frozen_csv,4,exact_final_tree_family_counts
seismic_bumps-bin,8,7,cals,square2cnf_interaction,unavailable_in_frozen_csv,unary,unavailable_in_frozen_csv,unavailable_in_frozen_csv,unavailable_in_frozen_csv,True,unavailable_in_frozen_csv,1,exact_final_tree_family_counts
soybean,0,5,cals,square2cnf_interaction,unavailable_in_frozen_csv,square2cnf,unavailable_in_frozen_csv,unavailable_in_frozen_csv,unavailable_in_frozen_csv,True,unavailable_in_frozen_csv,4,exact_final_tree_family_counts
soybean,0,5,cals,square2cnf_interaction,unavailable_in_frozen_csv,unary,unavailable_in_frozen_csv,unavailable_in_frozen_csv,unavailable_in_frozen_csv,True,unavailable_in_frozen_csv,1,exact_final_tree_family_counts
soybean,0,5,cals_compact_explain,square2cnf_interaction,unavailable_in_frozen_csv,square2cnf,unavailable_in_frozen_csv,unavailable_in_frozen_csv,unavailable_in_frozen_csv,True,unavailable_in_frozen_csv,10,exact_final_tree_family_counts
soybean,0,5,cals_compact_explain,square2cnf_interaction,unavailable_in_frozen_csv,unary,unavailable_in_frozen_csv,unavailable_in_frozen_csv,unavailable_in_frozen_csv,True,unavailable_in_frozen_csv,1,exact_final_tree_family_counts
soybean,0,7,cals,square2cnf_interaction,unavailable_in_frozen_csv,square2cnf,unavailable_in_frozen_csv,unavailable_in_frozen_csv,unavailable_in_frozen_csv,True,unavailable_in_frozen_csv,4,exact_final_tree_family_counts
soybean,0,7,cals,square2cnf_interaction,unavailable_in_frozen_csv,unary,unavailable_in_frozen_csv,unavailable_in_frozen_csv,unavailable_in_frozen_csv,True,unavailable_in_frozen_csv,1,exact_final_tree_family_counts
soybean,0,7,cals_compact_explain,square2cnf_interaction,unavailable_in_frozen_csv,square2cnf,unavailable_in_frozen_csv,unavailable_in_frozen_csv,unavailable_in_frozen_csv,True,unavailable_in_frozen_csv,11,exact_final_tree_family_counts
soybean,0,7,cals_compact_explain,square2cnf_interaction,unavailable_in_frozen_csv,unary,unavailable_in_frozen_csv,unavailable_in_frozen_csv,unavailable_in_frozen_csv,True,unavailable_in_frozen_csv,2,exact_final_tree_family_counts
soybean,1,5,cals,square2cnf_interaction,unavailable_in_frozen_csv,square2cnf,unavailable_in_frozen_csv,unavailable_in_frozen_csv,unavailable_in_frozen_csv,True,unavailable_in_frozen_csv,3,exact_final_tree_family_counts
soybean,1,5,cals,square2cnf_interaction,unavailable_in_frozen_csv,unary,unavailable_in_frozen_csv,unavailable_in_frozen_csv,unavailable_in_frozen_csv,True,unavailable_in_frozen_csv,1,exact_final_tree_family_counts
soybean,1,5,cals_compact_explain,square2cnf_interaction,unavailable_in_frozen_csv,square2cnf,unavailable_in_frozen_csv,unavailable_in_frozen_csv,unavailable_in_frozen_csv,True,unavailable_in_frozen_csv,2,exact_final_tree_family_counts
soybean,1,5,cals_compact_explain,square2cnf_interaction,unavailable_in_frozen_csv,unary,unavailable_in_frozen_csv,unavailable_in_frozen_csv,unavailable_in_frozen_csv,True,unavailable_in_frozen_csv,1,exact_final_tree_family_counts
soybean,1,7,cals,square2cnf_interaction,unavailable_in_frozen_csv,square2cnf,unavailable_in_frozen_csv,unavailable_in_frozen_csv,unavailable_in_frozen_csv,True,unavailable_in_frozen_csv,3,exact_final_tree_family_counts
soybean,1,7,cals,square2cnf_interaction,unavailable_in_frozen_csv,unary,unavailable_in_frozen_csv,unavailable_in_frozen_csv,unavailable_in_frozen_csv,True,unavailable_in_frozen_csv,1,exact_final_tree_family_counts
soybean,1,7,cals_compact_explain,square2cnf_interaction,unavailable_in_frozen_csv,square2cnf,unavailable_in_frozen_csv,unavailable_in_frozen_csv,unavailable_in_frozen_csv,True,unavailable_in_frozen_csv,2,exact_final_tree_family_counts
soybean,1,7,cals_compact_explain,square2cnf_interaction,unavailable_in_frozen_csv,unary,unavailable_in_frozen_csv,unavailable_in_frozen_csv,unavailable_in_frozen_csv,True,unavailable_in_frozen_csv,1,exact_final_tree_family_counts
soybean,2,5,cals,square2cnf_interaction,unavailable_in_frozen_csv,square2cnf,unavailable_in_frozen_csv,unavailable_in_frozen_csv,unavailable_in_frozen_csv,True,unavailable_in_frozen_csv,7,exact_final_tree_family_counts
soybean,2,5,cals_compact_explain,square2cnf_interaction,unavailable_in_frozen_csv,square2cnf,unavailable_in_frozen_csv,unavailable_in_frozen_csv,unavailable_in_frozen_csv,True,unavailable_in_frozen_csv,4,exact_final_tree_family_counts
soybean,2,5,cals_compact_explain,square2cnf_interaction,unavailable_in_frozen_csv,unary,unavailable_in_frozen_csv,unavailable_in_frozen_csv,unavailable_in_frozen_csv,True,unavailable_in_frozen_csv,3,exact_final_tree_family_counts
soybean,2,7,cals,square2cnf_interaction,unavailable_in_frozen_csv,square2cnf,unavailable_in_frozen_csv,unavailable_in_frozen_csv,unavailable_in_frozen_csv,True,unavailable_in_frozen_csv,7,exact_final_tree_family_counts
soybean,2,7,cals_compact_explain,square2cnf_interaction,unavailable_in_frozen_csv,square2cnf,unavailable_in_frozen_csv,unavailable_in_frozen_csv,unavailable_in_frozen_csv,True,unavailable_in_frozen_csv,8,exact_final_tree_family_counts
soybean,2,7,cals_compact_explain,square2cnf_interaction,unavailable_in_frozen_csv,unary,unavailable_in_frozen_csv,unavailable_in_frozen_csv,unavailable_in_frozen_csv,True,unavailable_in_frozen_csv,4,exact_final_tree_family_counts
soybean,3,5,cals,square2cnf_interaction,unavailable_in_frozen_csv,square2cnf,unavailable_in_frozen_csv,unavailable_in_frozen_csv,unavailable_in_frozen_csv,True,unavailable_in_frozen_csv,4,exact_final_tree_family_counts
soybean,3,5,cals_compact_explain,square2cnf_interaction,unavailable_in_frozen_csv,square2cnf,unavailable_in_frozen_csv,unavailable_in_frozen_csv,unavailable_in_frozen_csv,True,unavailable_in_frozen_csv,3,exact_final_tree_family_counts
soybean,3,7,cals,square2cnf_interaction,unavailable_in_frozen_csv,square2cnf,unavailable_in_frozen_csv,unavailable_in_frozen_csv,unavailable_in_frozen_csv,True,unavailable_in_frozen_csv,8,exact_final_tree_family_counts
soybean,3,7,cals,square2cnf_interaction,unavailable_in_frozen_csv,unary,unavailable_in_frozen_csv,unavailable_in_frozen_csv,unavailable_in_frozen_csv,True,unavailable_in_frozen_csv,1,exact_final_tree_family_counts
soybean,3,7,cals_compact_explain,square2cnf_interaction,unavailable_in_frozen_csv,square2cnf,unavailable_in_frozen_csv,unavailable_in_frozen_csv,unavailable_in_frozen_csv,True,unavailable_in_frozen_csv,3,exact_final_tree_family_counts
soybean,4,5,cals,square2cnf_interaction,unavailable_in_frozen_csv,square2cnf,unavailable_in_frozen_csv,unavailable_in_frozen_csv,unavailable_in_frozen_csv,True,unavailable_in_frozen_csv,5,exact_final_tree_family_counts
soybean,4,5,cals,square2cnf_interaction,unavailable_in_frozen_csv,unary,unavailable_in_frozen_csv,unavailable_in_frozen_csv,unavailable_in_frozen_csv,True,unavailable_in_frozen_csv,2,exact_final_tree_family_counts
soybean,4,5,cals_compact_explain,square2cnf_interaction,unavailable_in_frozen_csv,square2cnf,unavailable_in_frozen_csv,unavailable_in_frozen_csv,unavailable_in_frozen_csv,True,unavailable_in_frozen_csv,6,exact_final_tree_family_counts
soybean,4,5,cals_compact_explain,square2cnf_interaction,unavailable_in_frozen_csv,unary,unavailable_in_frozen_csv,unavailable_in_frozen_csv,unavailable_in_frozen_csv,True,unavailable_in_frozen_csv,3,exact_final_tree_family_counts
soybean,4,7,cals,square2cnf_interaction,unavailable_in_frozen_csv,square2cnf,unavailable_in_frozen_csv,unavailable_in_frozen_csv,unavailable_in_frozen_csv,True,unavailable_in_frozen_csv,5,exact_final_tree_family_counts
soybean,4,7,cals,square2cnf_interaction,unavailable_in_frozen_csv,unary,unavailable_in_frozen_csv,unavailable_in_frozen_csv,unavailable_in_frozen_csv,True,unavailable_in_frozen_csv,2,exact_final_tree_family_counts
soybean,4,7,cals_compact_explain,square2cnf_interaction,unavailable_in_frozen_csv,square2cnf,unavailable_in_frozen_csv,unavailable_in_frozen_csv,unavailable_in_frozen_csv,True,unavailable_in_frozen_csv,8,exact_final_tree_family_counts
soybean,4,7,cals_compact_explain,square2cnf_interaction,unavailable_in_frozen_csv,unary,unavailable_in_frozen_csv,unavailable_in_frozen_csv,unavailable_in_frozen_csv,True,unavailable_in_frozen_csv,3,exact_final_tree_family_counts
soybean,5,5,cals,square2cnf_interaction,unavailable_in_frozen_csv,square2cnf,unavailable_in_frozen_csv,unavailable_in_frozen_csv,unavailable_in_frozen_csv,True,unavailable_in_frozen_csv,6,exact_final_tree_family_counts
soybean,5,5,cals_compact_explain,square2cnf_interaction,unavailable_in_frozen_csv,square2cnf,unavailable_in_frozen_csv,unavailable_in_frozen_csv,unavailable_in_frozen_csv,True,unavailable_in_frozen_csv,5,exact_final_tree_family_counts
soybean,5,7,cals,square2cnf_interaction,unavailable_in_frozen_csv,square2cnf,unavailable_in_frozen_csv,unavailable_in_frozen_csv,unavailable_in_frozen_csv,True,unavailable_in_frozen_csv,6,exact_final_tree_family_counts
soybean,5,7,cals_compact_explain,square2cnf_interaction,unavailable_in_frozen_csv,square2cnf,unavailable_in_frozen_csv,unavailable_in_frozen_csv,unavailable_in_frozen_csv,True,unavailable_in_frozen_csv,5,exact_final_tree_family_counts
soybean,6,5,cals,square2cnf_interaction,unavailable_in_frozen_csv,square2cnf,unavailable_in_frozen_csv,unavailable_in_frozen_csv,unavailable_in_frozen_csv,True,unavailable_in_frozen_csv,5,exact_final_tree_family_counts
soybean,6,5,cals_compact_explain,square2cnf_interaction,unavailable_in_frozen_csv,square2cnf,unavailable_in_frozen_csv,unavailable_in_frozen_csv,unavailable_in_frozen_csv,True,unavailable_in_frozen_csv,3,exact_final_tree_family_counts
soybean,6,5,cals_compact_explain,square2cnf_interaction,unavailable_in_frozen_csv,unary,unavailable_in_frozen_csv,unavailable_in_frozen_csv,unavailable_in_frozen_csv,True,unavailable_in_frozen_csv,2,exact_final_tree_family_counts
soybean,6,7,cals,square2cnf_interaction,unavailable_in_frozen_csv,square2cnf,unavailable_in_frozen_csv,unavailable_in_frozen_csv,unavailable_in_frozen_csv,True,unavailable_in_frozen_csv,5,exact_final_tree_family_counts
soybean,6,7,cals_compact_explain,square2cnf_interaction,unavailable_in_frozen_csv,square2cnf,unavailable_in_frozen_csv,unavailable_in_frozen_csv,unavailable_in_frozen_csv,True,unavailable_in_frozen_csv,3,exact_final_tree_family_counts
soybean,6,7,cals_compact_explain,square2cnf_interaction,unavailable_in_frozen_csv,unary,unavailable_in_frozen_csv,unavailable_in_frozen_csv,unavailable_in_frozen_csv,True,unavailable_in_frozen_csv,2,exact_final_tree_family_counts
soybean,7,5,cals,square2cnf_interaction,unavailable_in_frozen_csv,square2cnf,unavailable_in_frozen_csv,unavailable_in_frozen_csv,unavailable_in_frozen_csv,True,unavailable_in_frozen_csv,3,exact_final_tree_family_counts
soybean,7,5,cals_compact_explain,square2cnf_interaction,unavailable_in_frozen_csv,square2cnf,unavailable_in_frozen_csv,unavailable_in_frozen_csv,unavailable_in_frozen_csv,True,unavailable_in_frozen_csv,4,exact_final_tree_family_counts
soybean,7,7,cals,square2cnf_interaction,unavailable_in_frozen_csv,square2cnf,unavailable_in_frozen_csv,unavailable_in_frozen_csv,unavailable_in_frozen_csv,True,unavailable_in_frozen_csv,5,exact_final_tree_family_counts
soybean,7,7,cals,square2cnf_interaction,unavailable_in_frozen_csv,unary,unavailable_in_frozen_csv,unavailable_in_frozen_csv,unavailable_in_frozen_csv,True,unavailable_in_frozen_csv,3,exact_final_tree_family_counts
soybean,7,7,cals_compact_explain,square2cnf_interaction,unavailable_in_frozen_csv,square2cnf,unavailable_in_frozen_csv,unavailable_in_frozen_csv,unavailable_in_frozen_csv,True,unavailable_in_frozen_csv,4,exact_final_tree_family_counts
soybean,8,5,cals,square2cnf_interaction,unavailable_in_frozen_csv,square2cnf,unavailable_in_frozen_csv,unavailable_in_frozen_csv,unavailable_in_frozen_csv,True,unavailable_in_frozen_csv,6,exact_final_tree_family_counts
soybean,8,5,cals,square2cnf_interaction,unavailable_in_frozen_csv,unary,unavailable_in_frozen_csv,unavailable_in_frozen_csv,unavailable_in_frozen_csv,True,unavailable_in_frozen_csv,1,exact_final_tree_family_counts
soybean,8,5,cals_compact_explain,square2cnf_interaction,unavailable_in_frozen_csv,square2cnf,unavailable_in_frozen_csv,unavailable_in_frozen_csv,unavailable_in_frozen_csv,True,unavailable_in_frozen_csv,5,exact_final_tree_family_counts
soybean,8,5,cals_compact_explain,square2cnf_interaction,unavailable_in_frozen_csv,unary,unavailable_in_frozen_csv,unavailable_in_frozen_csv,unavailable_in_frozen_csv,True,unavailable_in_frozen_csv,3,exact_final_tree_family_counts
soybean,8,7,cals,square2cnf_interaction,unavailable_in_frozen_csv,square2cnf,unavailable_in_frozen_csv,unavailable_in_frozen_csv,unavailable_in_frozen_csv,True,unavailable_in_frozen_csv,6,exact_final_tree_family_counts
soybean,8,7,cals,square2cnf_interaction,unavailable_in_frozen_csv,unary,unavailable_in_frozen_csv,unavailable_in_frozen_csv,unavailable_in_frozen_csv,True,unavailable_in_frozen_csv,1,exact_final_tree_family_counts
soybean,8,7,cals_compact_explain,square2cnf_interaction,unavailable_in_frozen_csv,square2cnf,unavailable_in_frozen_csv,unavailable_in_frozen_csv,unavailable_in_frozen_csv,True,unavailable_in_frozen_csv,5,exact_final_tree_family_counts
soybean,8,7,cals_compact_explain,square2cnf_interaction,unavailable_in_frozen_csv,unary,unavailable_in_frozen_csv,unavailable_in_frozen_csv,unavailable_in_frozen_csv,True,unavailable_in_frozen_csv,3,exact_final_tree_family_counts
soybean,9,5,cals,square2cnf_interaction,unavailable_in_frozen_csv,square2cnf,unavailable_in_frozen_csv,unavailable_in_frozen_csv,unavailable_in_frozen_csv,True,unavailable_in_frozen_csv,6,exact_final_tree_family_counts
soybean,9,5,cals_compact_explain,square2cnf_interaction,0,square2cnf,unavailable_in_frozen_csv,unavailable_in_frozen_csv,unavailable_in_frozen_csv,True,True,1,exact_final_tree_family_counts
soybean,9,7,cals,square2cnf_interaction,unavailable_in_frozen_csv,square2cnf,unavailable_in_frozen_csv,unavailable_in_frozen_csv,unavailable_in_frozen_csv,True,unavailable_in_frozen_csv,6,exact_final_tree_family_counts
soybean,9,7,cals_compact_explain,square2cnf_interaction,0,square2cnf,unavailable_in_frozen_csv,unavailable_in_frozen_csv,unavailable_in_frozen_csv,True,True,1,exact_final_tree_family_counts
splice-1,0,5,cals,square2cnf_interaction,unavailable_in_frozen_csv,square2cnf,unavailable_in_frozen_csv,unavailable_in_frozen_csv,unavailable_in_frozen_csv,True,unavailable_in_frozen_csv,5,exact_final_tree_family_counts
splice-1,0,5,cals_compact_explain,square2cnf_interaction,unavailable_in_frozen_csv,square2cnf,unavailable_in_frozen_csv,unavailable_in_frozen_csv,unavailable_in_frozen_csv,True,unavailable_in_frozen_csv,2,exact_final_tree_family_counts
splice-1,0,7,cals,square2cnf_interaction,unavailable_in_frozen_csv,square2cnf,unavailable_in_frozen_csv,unavailable_in_frozen_csv,unavailable_in_frozen_csv,True,unavailable_in_frozen_csv,6,exact_final_tree_family_counts
splice-1,0,7,cals_compact_explain,square2cnf_interaction,unavailable_in_frozen_csv,square2cnf,unavailable_in_frozen_csv,unavailable_in_frozen_csv,unavailable_in_frozen_csv,True,unavailable_in_frozen_csv,2,exact_final_tree_family_counts
splice-1,1,5,cals,square2cnf_interaction,unavailable_in_frozen_csv,square2cnf,unavailable_in_frozen_csv,unavailable_in_frozen_csv,unavailable_in_frozen_csv,True,unavailable_in_frozen_csv,8,exact_final_tree_family_counts
splice-1,1,5,cals_compact_explain,square2cnf_interaction,unavailable_in_frozen_csv,square2cnf,unavailable_in_frozen_csv,unavailable_in_frozen_csv,unavailable_in_frozen_csv,True,unavailable_in_frozen_csv,5,exact_final_tree_family_counts
splice-1,1,7,cals,square2cnf_interaction,unavailable_in_frozen_csv,square2cnf,unavailable_in_frozen_csv,unavailable_in_frozen_csv,unavailable_in_frozen_csv,True,unavailable_in_frozen_csv,8,exact_final_tree_family_counts
splice-1,1,7,cals_compact_explain,square2cnf_interaction,unavailable_in_frozen_csv,square2cnf,unavailable_in_frozen_csv,unavailable_in_frozen_csv,unavailable_in_frozen_csv,True,unavailable_in_frozen_csv,6,exact_final_tree_family_counts
splice-1,2,5,cals,square2cnf_interaction,unavailable_in_frozen_csv,square2cnf,unavailable_in_frozen_csv,unavailable_in_frozen_csv,unavailable_in_frozen_csv,True,unavailable_in_frozen_csv,8,exact_final_tree_family_counts
splice-1,2,5,cals_compact_explain,square2cnf_interaction,unavailable_in_frozen_csv,square2cnf,unavailable_in_frozen_csv,unavailable_in_frozen_csv,unavailable_in_frozen_csv,True,unavailable_in_frozen_csv,5,exact_final_tree_family_counts
splice-1,2,7,cals,square2cnf_interaction,unavailable_in_frozen_csv,square2cnf,unavailable_in_frozen_csv,unavailable_in_frozen_csv,unavailable_in_frozen_csv,True,unavailable_in_frozen_csv,13,exact_final_tree_family_counts
splice-1,2,7,cals_compact_explain,square2cnf_interaction,unavailable_in_frozen_csv,square2cnf,unavailable_in_frozen_csv,unavailable_in_frozen_csv,unavailable_in_frozen_csv,True,unavailable_in_frozen_csv,5,exact_final_tree_family_counts
splice-1,3,5,cals,square2cnf_interaction,unavailable_in_frozen_csv,square2cnf,unavailable_in_frozen_csv,unavailable_in_frozen_csv,unavailable_in_frozen_csv,True,unavailable_in_frozen_csv,2,exact_final_tree_family_counts
splice-1,3,5,cals_compact_explain,square2cnf_interaction,0,square2cnf,unavailable_in_frozen_csv,unavailable_in_frozen_csv,unavailable_in_frozen_csv,True,True,1,exact_final_tree_family_counts
splice-1,3,7,cals,square2cnf_interaction,unavailable_in_frozen_csv,square2cnf,unavailable_in_frozen_csv,unavailable_in_frozen_csv,unavailable_in_frozen_csv,True,unavailable_in_frozen_csv,5,exact_final_tree_family_counts
splice-1,3,7,cals,square2cnf_interaction,unavailable_in_frozen_csv,unary,unavailable_in_frozen_csv,unavailable_in_frozen_csv,unavailable_in_frozen_csv,True,unavailable_in_frozen_csv,1,exact_final_tree_family_counts
splice-1,3,7,cals_compact_explain,square2cnf_interaction,0,square2cnf,unavailable_in_frozen_csv,unavailable_in_frozen_csv,unavailable_in_frozen_csv,True,True,1,exact_final_tree_family_counts
splice-1,4,5,cals,square2cnf_interaction,unavailable_in_frozen_csv,square2cnf,unavailable_in_frozen_csv,unavailable_in_frozen_csv,unavailable_in_frozen_csv,True,unavailable_in_frozen_csv,7,exact_final_tree_family_counts
splice-1,4,5,cals_compact_explain,square2cnf_interaction,unavailable_in_frozen_csv,square2cnf,unavailable_in_frozen_csv,unavailable_in_frozen_csv,unavailable_in_frozen_csv,True,unavailable_in_frozen_csv,3,exact_final_tree_family_counts
splice-1,4,5,cals_compact_explain,square2cnf_interaction,unavailable_in_frozen_csv,unary,unavailable_in_frozen_csv,unavailable_in_frozen_csv,unavailable_in_frozen_csv,True,unavailable_in_frozen_csv,4,exact_final_tree_family_counts
splice-1,4,7,cals,square2cnf_interaction,unavailable_in_frozen_csv,square2cnf,unavailable_in_frozen_csv,unavailable_in_frozen_csv,unavailable_in_frozen_csv,True,unavailable_in_frozen_csv,7,exact_final_tree_family_counts
splice-1,4,7,cals_compact_explain,square2cnf_interaction,unavailable_in_frozen_csv,square2cnf,unavailable_in_frozen_csv,unavailable_in_frozen_csv,unavailable_in_frozen_csv,True,unavailable_in_frozen_csv,3,exact_final_tree_family_counts
splice-1,4,7,cals_compact_explain,square2cnf_interaction,unavailable_in_frozen_csv,unary,unavailable_in_frozen_csv,unavailable_in_frozen_csv,unavailable_in_frozen_csv,True,unavailable_in_frozen_csv,5,exact_final_tree_family_counts
splice-1,5,5,cals,square2cnf_interaction,unavailable_in_frozen_csv,square2cnf,unavailable_in_frozen_csv,unavailable_in_frozen_csv,unavailable_in_frozen_csv,True,unavailable_in_frozen_csv,4,exact_final_tree_family_counts
splice-1,5,5,cals_compact_explain,square2cnf_interaction,unavailable_in_frozen_csv,square2cnf,unavailable_in_frozen_csv,unavailable_in_frozen_csv,unavailable_in_frozen_csv,True,unavailable_in_frozen_csv,7,exact_final_tree_family_counts
splice-1,5,7,cals,square2cnf_interaction,unavailable_in_frozen_csv,square2cnf,unavailable_in_frozen_csv,unavailable_in_frozen_csv,unavailable_in_frozen_csv,True,unavailable_in_frozen_csv,4,exact_final_tree_family_counts
splice-1,5,7,cals_compact_explain,square2cnf_interaction,unavailable_in_frozen_csv,square2cnf,unavailable_in_frozen_csv,unavailable_in_frozen_csv,unavailable_in_frozen_csv,True,unavailable_in_frozen_csv,9,exact_final_tree_family_counts
splice-1,5,7,cals_compact_explain,square2cnf_interaction,unavailable_in_frozen_csv,unary,unavailable_in_frozen_csv,unavailable_in_frozen_csv,unavailable_in_frozen_csv,True,unavailable_in_frozen_csv,2,exact_final_tree_family_counts
splice-1,6,5,cals,square2cnf_interaction,unavailable_in_frozen_csv,square2cnf,unavailable_in_frozen_csv,unavailable_in_frozen_csv,unavailable_in_frozen_csv,True,unavailable_in_frozen_csv,3,exact_final_tree_family_counts
splice-1,6,5,cals_compact_explain,square2cnf_interaction,unavailable_in_frozen_csv,square2cnf,unavailable_in_frozen_csv,unavailable_in_frozen_csv,unavailable_in_frozen_csv,True,unavailable_in_frozen_csv,5,exact_final_tree_family_counts
splice-1,6,7,cals,square2cnf_interaction,unavailable_in_frozen_csv,square2cnf,unavailable_in_frozen_csv,unavailable_in_frozen_csv,unavailable_in_frozen_csv,True,unavailable_in_frozen_csv,3,exact_final_tree_family_counts
splice-1,6,7,cals_compact_explain,square2cnf_interaction,unavailable_in_frozen_csv,square2cnf,unavailable_in_frozen_csv,unavailable_in_frozen_csv,unavailable_in_frozen_csv,True,unavailable_in_frozen_csv,8,exact_final_tree_family_counts
splice-1,7,5,cals,square2cnf_interaction,unavailable_in_frozen_csv,square2cnf,unavailable_in_frozen_csv,unavailable_in_frozen_csv,unavailable_in_frozen_csv,True,unavailable_in_frozen_csv,5,exact_final_tree_family_counts
splice-1,7,5,cals_compact_explain,square2cnf_interaction,0,square2cnf,unavailable_in_frozen_csv,unavailable_in_frozen_csv,unavailable_in_frozen_csv,True,True,1,exact_final_tree_family_counts
splice-1,7,7,cals,square2cnf_interaction,unavailable_in_frozen_csv,square2cnf,unavailable_in_frozen_csv,unavailable_in_frozen_csv,unavailable_in_frozen_csv,True,unavailable_in_frozen_csv,5,exact_final_tree_family_counts
splice-1,7,7,cals_compact_explain,square2cnf_interaction,0,square2cnf,unavailable_in_frozen_csv,unavailable_in_frozen_csv,unavailable_in_frozen_csv,True,True,1,exact_final_tree_family_counts
splice-1,8,5,cals,square2cnf_interaction,unavailable_in_frozen_csv,square2cnf,unavailable_in_frozen_csv,unavailable_in_frozen_csv,unavailable_in_frozen_csv,True,unavailable_in_frozen_csv,8,exact_final_tree_family_counts
splice-1,8,5,cals,square2cnf_interaction,unavailable_in_frozen_csv,unary,unavailable_in_frozen_csv,unavailable_in_frozen_csv,unavailable_in_frozen_csv,True,unavailable_in_frozen_csv,1,exact_final_tree_family_counts
splice-1,8,5,cals_compact_explain,square2cnf_interaction,unavailable_in_frozen_csv,square2cnf,unavailable_in_frozen_csv,unavailable_in_frozen_csv,unavailable_in_frozen_csv,True,unavailable_in_frozen_csv,4,exact_final_tree_family_counts
splice-1,8,5,cals_compact_explain,square2cnf_interaction,unavailable_in_frozen_csv,unary,unavailable_in_frozen_csv,unavailable_in_frozen_csv,unavailable_in_frozen_csv,True,unavailable_in_frozen_csv,1,exact_final_tree_family_counts
splice-1,8,7,cals,square2cnf_interaction,unavailable_in_frozen_csv,square2cnf,unavailable_in_frozen_csv,unavailable_in_frozen_csv,unavailable_in_frozen_csv,True,unavailable_in_frozen_csv,8,exact_final_tree_family_counts
splice-1,8,7,cals,square2cnf_interaction,unavailable_in_frozen_csv,unary,unavailable_in_frozen_csv,unavailable_in_frozen_csv,unavailable_in_frozen_csv,True,unavailable_in_frozen_csv,1,exact_final_tree_family_counts
splice-1,8,7,cals_compact_explain,square2cnf_interaction,unavailable_in_frozen_csv,square2cnf,unavailable_in_frozen_csv,unavailable_in_frozen_csv,unavailable_in_frozen_csv,True,unavailable_in_frozen_csv,4,exact_final_tree_family_counts
splice-1,8,7,cals_compact_explain,square2cnf_interaction,unavailable_in_frozen_csv,unary,unavailable_in_frozen_csv,unavailable_in_frozen_csv,unavailable_in_frozen_csv,True,unavailable_in_frozen_csv,1,exact_final_tree_family_counts
splice-1,9,5,cals,square2cnf_interaction,unavailable_in_frozen_csv,square2cnf,unavailable_in_frozen_csv,unavailable_in_frozen_csv,unavailable_in_frozen_csv,True,unavailable_in_frozen_csv,4,exact_final_tree_family_counts
splice-1,9,5,cals_compact_explain,square2cnf_interaction,unavailable_in_frozen_csv,square2cnf,unavailable_in_frozen_csv,unavailable_in_frozen_csv,unavailable_in_frozen_csv,True,unavailable_in_frozen_csv,4,exact_final_tree_family_counts
splice-1,9,5,cals_compact_explain,square2cnf_interaction,unavailable_in_frozen_csv,unary,unavailable_in_frozen_csv,unavailable_in_frozen_csv,unavailable_in_frozen_csv,True,unavailable_in_frozen_csv,1,exact_final_tree_family_counts
splice-1,9,7,cals,square2cnf_interaction,unavailable_in_frozen_csv,square2cnf,unavailable_in_frozen_csv,unavailable_in_frozen_csv,unavailable_in_frozen_csv,True,unavailable_in_frozen_csv,4,exact_final_tree_family_counts
splice-1,9,7,cals_compact_explain,square2cnf_interaction,unavailable_in_frozen_csv,square2cnf,unavailable_in_frozen_csv,unavailable_in_frozen_csv,unavailable_in_frozen_csv,True,unavailable_in_frozen_csv,5,exact_final_tree_family_counts
splice-1,9,7,cals_compact_explain,square2cnf_interaction,unavailable_in_frozen_csv,unary,unavailable_in_frozen_csv,unavailable_in_frozen_csv,unavailable_in_frozen_csv,True,unavailable_in_frozen_csv,1,exact_final_tree_family_counts
taiwan_binarised,0,5,cals,square2cnf_interaction,unavailable_in_frozen_csv,antihorn,unavailable_in_frozen_csv,unavailable_in_frozen_csv,unavailable_in_frozen_csv,True,unavailable_in_frozen_csv,2,exact_final_tree_family_counts
taiwan_binarised,0,5,cals,square2cnf_interaction,unavailable_in_frozen_csv,unary,unavailable_in_frozen_csv,unavailable_in_frozen_csv,unavailable_in_frozen_csv,True,unavailable_in_frozen_csv,2,exact_final_tree_family_counts
taiwan_binarised,0,5,cals_compact_explain,square2cnf_interaction,unavailable_in_frozen_csv,antihorn,unavailable_in_frozen_csv,unavailable_in_frozen_csv,unavailable_in_frozen_csv,True,unavailable_in_frozen_csv,1,exact_final_tree_family_counts
taiwan_binarised,0,5,cals_compact_explain,square2cnf_interaction,unavailable_in_frozen_csv,unary,unavailable_in_frozen_csv,unavailable_in_frozen_csv,unavailable_in_frozen_csv,True,unavailable_in_frozen_csv,1,exact_final_tree_family_counts
taiwan_binarised,0,7,cals,square2cnf_interaction,unavailable_in_frozen_csv,antihorn,unavailable_in_frozen_csv,unavailable_in_frozen_csv,unavailable_in_frozen_csv,True,unavailable_in_frozen_csv,2,exact_final_tree_family_counts
taiwan_binarised,0,7,cals,square2cnf_interaction,unavailable_in_frozen_csv,unary,unavailable_in_frozen_csv,unavailable_in_frozen_csv,unavailable_in_frozen_csv,True,unavailable_in_frozen_csv,2,exact_final_tree_family_counts
taiwan_binarised,0,7,cals_compact_explain,square2cnf_interaction,unavailable_in_frozen_csv,antihorn,unavailable_in_frozen_csv,unavailable_in_frozen_csv,unavailable_in_frozen_csv,True,unavailable_in_frozen_csv,1,exact_final_tree_family_counts
taiwan_binarised,0,7,cals_compact_explain,square2cnf_interaction,unavailable_in_frozen_csv,unary,unavailable_in_frozen_csv,unavailable_in_frozen_csv,unavailable_in_frozen_csv,True,unavailable_in_frozen_csv,1,exact_final_tree_family_counts
taiwan_binarised,1,5,cals,square2cnf_interaction,unavailable_in_frozen_csv,antihorn,unavailable_in_frozen_csv,unavailable_in_frozen_csv,unavailable_in_frozen_csv,True,unavailable_in_frozen_csv,1,exact_final_tree_family_counts
taiwan_binarised,1,5,cals,square2cnf_interaction,unavailable_in_frozen_csv,unary,unavailable_in_frozen_csv,unavailable_in_frozen_csv,unavailable_in_frozen_csv,True,unavailable_in_frozen_csv,1,exact_final_tree_family_counts
taiwan_binarised,1,5,cals_compact_explain,square2cnf_interaction,unavailable_in_frozen_csv,antihorn,unavailable_in_frozen_csv,unavailable_in_frozen_csv,unavailable_in_frozen_csv,True,unavailable_in_frozen_csv,1,exact_final_tree_family_counts
taiwan_binarised,1,5,cals_compact_explain,square2cnf_interaction,unavailable_in_frozen_csv,unary,unavailable_in_frozen_csv,unavailable_in_frozen_csv,unavailable_in_frozen_csv,True,unavailable_in_frozen_csv,1,exact_final_tree_family_counts
taiwan_binarised,1,7,cals,square2cnf_interaction,unavailable_in_frozen_csv,antihorn,unavailable_in_frozen_csv,unavailable_in_frozen_csv,unavailable_in_frozen_csv,True,unavailable_in_frozen_csv,1,exact_final_tree_family_counts
taiwan_binarised,1,7,cals,square2cnf_interaction,unavailable_in_frozen_csv,unary,unavailable_in_frozen_csv,unavailable_in_frozen_csv,unavailable_in_frozen_csv,True,unavailable_in_frozen_csv,1,exact_final_tree_family_counts
taiwan_binarised,1,7,cals_compact_explain,square2cnf_interaction,unavailable_in_frozen_csv,antihorn,unavailable_in_frozen_csv,unavailable_in_frozen_csv,unavailable_in_frozen_csv,True,unavailable_in_frozen_csv,1,exact_final_tree_family_counts
taiwan_binarised,1,7,cals_compact_explain,square2cnf_interaction,unavailable_in_frozen_csv,unary,unavailable_in_frozen_csv,unavailable_in_frozen_csv,unavailable_in_frozen_csv,True,unavailable_in_frozen_csv,1,exact_final_tree_family_counts
taiwan_binarised,2,5,cals,square2cnf_interaction,unavailable_in_frozen_csv,antihorn,unavailable_in_frozen_csv,unavailable_in_frozen_csv,unavailable_in_frozen_csv,True,unavailable_in_frozen_csv,3,exact_final_tree_family_counts
taiwan_binarised,2,5,cals,square2cnf_interaction,unavailable_in_frozen_csv,unary,unavailable_in_frozen_csv,unavailable_in_frozen_csv,unavailable_in_frozen_csv,True,unavailable_in_frozen_csv,2,exact_final_tree_family_counts
taiwan_binarised,2,5,cals_compact_explain,square2cnf_interaction,unavailable_in_frozen_csv,antihorn,unavailable_in_frozen_csv,unavailable_in_frozen_csv,unavailable_in_frozen_csv,True,unavailable_in_frozen_csv,1,exact_final_tree_family_counts
taiwan_binarised,2,5,cals_compact_explain,square2cnf_interaction,unavailable_in_frozen_csv,unary,unavailable_in_frozen_csv,unavailable_in_frozen_csv,unavailable_in_frozen_csv,True,unavailable_in_frozen_csv,1,exact_final_tree_family_counts
taiwan_binarised,2,7,cals,square2cnf_interaction,unavailable_in_frozen_csv,antihorn,unavailable_in_frozen_csv,unavailable_in_frozen_csv,unavailable_in_frozen_csv,True,unavailable_in_frozen_csv,3,exact_final_tree_family_counts
taiwan_binarised,2,7,cals,square2cnf_interaction,unavailable_in_frozen_csv,unary,unavailable_in_frozen_csv,unavailable_in_frozen_csv,unavailable_in_frozen_csv,True,unavailable_in_frozen_csv,2,exact_final_tree_family_counts
taiwan_binarised,2,7,cals_compact_explain,square2cnf_interaction,unavailable_in_frozen_csv,antihorn,unavailable_in_frozen_csv,unavailable_in_frozen_csv,unavailable_in_frozen_csv,True,unavailable_in_frozen_csv,1,exact_final_tree_family_counts
taiwan_binarised,2,7,cals_compact_explain,square2cnf_interaction,unavailable_in_frozen_csv,unary,unavailable_in_frozen_csv,unavailable_in_frozen_csv,unavailable_in_frozen_csv,True,unavailable_in_frozen_csv,1,exact_final_tree_family_counts
taiwan_binarised,3,5,cals,square2cnf_interaction,unavailable_in_frozen_csv,antihorn,unavailable_in_frozen_csv,unavailable_in_frozen_csv,unavailable_in_frozen_csv,True,unavailable_in_frozen_csv,1,exact_final_tree_family_counts
taiwan_binarised,3,5,cals,square2cnf_interaction,unavailable_in_frozen_csv,unary,unavailable_in_frozen_csv,unavailable_in_frozen_csv,unavailable_in_frozen_csv,True,unavailable_in_frozen_csv,1,exact_final_tree_family_counts
taiwan_binarised,3,5,cals_compact_explain,square2cnf_interaction,unavailable_in_frozen_csv,antihorn,unavailable_in_frozen_csv,unavailable_in_frozen_csv,unavailable_in_frozen_csv,True,unavailable_in_frozen_csv,1,exact_final_tree_family_counts
taiwan_binarised,3,5,cals_compact_explain,square2cnf_interaction,unavailable_in_frozen_csv,unary,unavailable_in_frozen_csv,unavailable_in_frozen_csv,unavailable_in_frozen_csv,True,unavailable_in_frozen_csv,1,exact_final_tree_family_counts
taiwan_binarised,3,7,cals,square2cnf_interaction,unavailable_in_frozen_csv,antihorn,unavailable_in_frozen_csv,unavailable_in_frozen_csv,unavailable_in_frozen_csv,True,unavailable_in_frozen_csv,1,exact_final_tree_family_counts
taiwan_binarised,3,7,cals,square2cnf_interaction,unavailable_in_frozen_csv,unary,unavailable_in_frozen_csv,unavailable_in_frozen_csv,unavailable_in_frozen_csv,True,unavailable_in_frozen_csv,1,exact_final_tree_family_counts
taiwan_binarised,3,7,cals_compact_explain,square2cnf_interaction,unavailable_in_frozen_csv,antihorn,unavailable_in_frozen_csv,unavailable_in_frozen_csv,unavailable_in_frozen_csv,True,unavailable_in_frozen_csv,1,exact_final_tree_family_counts
taiwan_binarised,3,7,cals_compact_explain,square2cnf_interaction,unavailable_in_frozen_csv,unary,unavailable_in_frozen_csv,unavailable_in_frozen_csv,unavailable_in_frozen_csv,True,unavailable_in_frozen_csv,1,exact_final_tree_family_counts
taiwan_binarised,4,5,cals,square2cnf_interaction,unavailable_in_frozen_csv,antihorn,unavailable_in_frozen_csv,unavailable_in_frozen_csv,unavailable_in_frozen_csv,True,unavailable_in_frozen_csv,2,exact_final_tree_family_counts
taiwan_binarised,4,5,cals,square2cnf_interaction,unavailable_in_frozen_csv,unary,unavailable_in_frozen_csv,unavailable_in_frozen_csv,unavailable_in_frozen_csv,True,unavailable_in_frozen_csv,2,exact_final_tree_family_counts
taiwan_binarised,4,5,cals_compact_explain,square2cnf_interaction,unavailable_in_frozen_csv,antihorn,unavailable_in_frozen_csv,unavailable_in_frozen_csv,unavailable_in_frozen_csv,True,unavailable_in_frozen_csv,2,exact_final_tree_family_counts
taiwan_binarised,4,7,cals,square2cnf_interaction,unavailable_in_frozen_csv,antihorn,unavailable_in_frozen_csv,unavailable_in_frozen_csv,unavailable_in_frozen_csv,True,unavailable_in_frozen_csv,2,exact_final_tree_family_counts
taiwan_binarised,4,7,cals,square2cnf_interaction,unavailable_in_frozen_csv,unary,unavailable_in_frozen_csv,unavailable_in_frozen_csv,unavailable_in_frozen_csv,True,unavailable_in_frozen_csv,2,exact_final_tree_family_counts
taiwan_binarised,4,7,cals_compact_explain,square2cnf_interaction,unavailable_in_frozen_csv,antihorn,unavailable_in_frozen_csv,unavailable_in_frozen_csv,unavailable_in_frozen_csv,True,unavailable_in_frozen_csv,2,exact_final_tree_family_counts
taiwan_binarised,5,5,cals,square2cnf_interaction,unavailable_in_frozen_csv,antihorn,unavailable_in_frozen_csv,unavailable_in_frozen_csv,unavailable_in_frozen_csv,True,unavailable_in_frozen_csv,2,exact_final_tree_family_counts
taiwan_binarised,5,5,cals,square2cnf_interaction,unavailable_in_frozen_csv,unary,unavailable_in_frozen_csv,unavailable_in_frozen_csv,unavailable_in_frozen_csv,True,unavailable_in_frozen_csv,2,exact_final_tree_family_counts
taiwan_binarised,5,5,cals_compact_explain,square2cnf_interaction,unavailable_in_frozen_csv,antihorn,unavailable_in_frozen_csv,unavailable_in_frozen_csv,unavailable_in_frozen_csv,True,unavailable_in_frozen_csv,1,exact_final_tree_family_counts
taiwan_binarised,5,5,cals_compact_explain,square2cnf_interaction,unavailable_in_frozen_csv,unary,unavailable_in_frozen_csv,unavailable_in_frozen_csv,unavailable_in_frozen_csv,True,unavailable_in_frozen_csv,1,exact_final_tree_family_counts
taiwan_binarised,5,7,cals,square2cnf_interaction,unavailable_in_frozen_csv,antihorn,unavailable_in_frozen_csv,unavailable_in_frozen_csv,unavailable_in_frozen_csv,True,unavailable_in_frozen_csv,9,exact_final_tree_family_counts
taiwan_binarised,5,7,cals,square2cnf_interaction,unavailable_in_frozen_csv,unary,unavailable_in_frozen_csv,unavailable_in_frozen_csv,unavailable_in_frozen_csv,True,unavailable_in_frozen_csv,6,exact_final_tree_family_counts
taiwan_binarised,5,7,cals_compact_explain,square2cnf_interaction,unavailable_in_frozen_csv,antihorn,unavailable_in_frozen_csv,unavailable_in_frozen_csv,unavailable_in_frozen_csv,True,unavailable_in_frozen_csv,1,exact_final_tree_family_counts
taiwan_binarised,5,7,cals_compact_explain,square2cnf_interaction,unavailable_in_frozen_csv,unary,unavailable_in_frozen_csv,unavailable_in_frozen_csv,unavailable_in_frozen_csv,True,unavailable_in_frozen_csv,1,exact_final_tree_family_counts
taiwan_binarised,6,5,cals,square2cnf_interaction,unavailable_in_frozen_csv,antihorn,unavailable_in_frozen_csv,unavailable_in_frozen_csv,unavailable_in_frozen_csv,True,unavailable_in_frozen_csv,1,exact_final_tree_family_counts
taiwan_binarised,6,5,cals,square2cnf_interaction,unavailable_in_frozen_csv,unary,unavailable_in_frozen_csv,unavailable_in_frozen_csv,unavailable_in_frozen_csv,True,unavailable_in_frozen_csv,1,exact_final_tree_family_counts
taiwan_binarised,6,5,cals_compact_explain,square2cnf_interaction,unavailable_in_frozen_csv,antihorn,unavailable_in_frozen_csv,unavailable_in_frozen_csv,unavailable_in_frozen_csv,True,unavailable_in_frozen_csv,1,exact_final_tree_family_counts
taiwan_binarised,6,5,cals_compact_explain,square2cnf_interaction,unavailable_in_frozen_csv,unary,unavailable_in_frozen_csv,unavailable_in_frozen_csv,unavailable_in_frozen_csv,True,unavailable_in_frozen_csv,1,exact_final_tree_family_counts
taiwan_binarised,6,7,cals,square2cnf_interaction,unavailable_in_frozen_csv,antihorn,unavailable_in_frozen_csv,unavailable_in_frozen_csv,unavailable_in_frozen_csv,True,unavailable_in_frozen_csv,8,exact_final_tree_family_counts
taiwan_binarised,6,7,cals,square2cnf_interaction,unavailable_in_frozen_csv,unary,unavailable_in_frozen_csv,unavailable_in_frozen_csv,unavailable_in_frozen_csv,True,unavailable_in_frozen_csv,6,exact_final_tree_family_counts
taiwan_binarised,6,7,cals_compact_explain,square2cnf_interaction,unavailable_in_frozen_csv,antihorn,unavailable_in_frozen_csv,unavailable_in_frozen_csv,unavailable_in_frozen_csv,True,unavailable_in_frozen_csv,1,exact_final_tree_family_counts
taiwan_binarised,6,7,cals_compact_explain,square2cnf_interaction,unavailable_in_frozen_csv,unary,unavailable_in_frozen_csv,unavailable_in_frozen_csv,unavailable_in_frozen_csv,True,unavailable_in_frozen_csv,1,exact_final_tree_family_counts
taiwan_binarised,7,5,cals,square2cnf_interaction,unavailable_in_frozen_csv,antihorn,unavailable_in_frozen_csv,unavailable_in_frozen_csv,unavailable_in_frozen_csv,True,unavailable_in_frozen_csv,2,exact_final_tree_family_counts
taiwan_binarised,7,5,cals,square2cnf_interaction,unavailable_in_frozen_csv,unary,unavailable_in_frozen_csv,unavailable_in_frozen_csv,unavailable_in_frozen_csv,True,unavailable_in_frozen_csv,2,exact_final_tree_family_counts
taiwan_binarised,7,5,cals_compact_explain,square2cnf_interaction,unavailable_in_frozen_csv,antihorn,unavailable_in_frozen_csv,unavailable_in_frozen_csv,unavailable_in_frozen_csv,True,unavailable_in_frozen_csv,1,exact_final_tree_family_counts
taiwan_binarised,7,5,cals_compact_explain,square2cnf_interaction,unavailable_in_frozen_csv,unary,unavailable_in_frozen_csv,unavailable_in_frozen_csv,unavailable_in_frozen_csv,True,unavailable_in_frozen_csv,1,exact_final_tree_family_counts
taiwan_binarised,7,7,cals,square2cnf_interaction,unavailable_in_frozen_csv,antihorn,unavailable_in_frozen_csv,unavailable_in_frozen_csv,unavailable_in_frozen_csv,True,unavailable_in_frozen_csv,4,exact_final_tree_family_counts
taiwan_binarised,7,7,cals,square2cnf_interaction,unavailable_in_frozen_csv,unary,unavailable_in_frozen_csv,unavailable_in_frozen_csv,unavailable_in_frozen_csv,True,unavailable_in_frozen_csv,3,exact_final_tree_family_counts
taiwan_binarised,7,7,cals_compact_explain,square2cnf_interaction,unavailable_in_frozen_csv,antihorn,unavailable_in_frozen_csv,unavailable_in_frozen_csv,unavailable_in_frozen_csv,True,unavailable_in_frozen_csv,1,exact_final_tree_family_counts
taiwan_binarised,7,7,cals_compact_explain,square2cnf_interaction,unavailable_in_frozen_csv,unary,unavailable_in_frozen_csv,unavailable_in_frozen_csv,unavailable_in_frozen_csv,True,unavailable_in_frozen_csv,1,exact_final_tree_family_counts
taiwan_binarised,8,5,cals,square2cnf_interaction,unavailable_in_frozen_csv,antihorn,unavailable_in_frozen_csv,unavailable_in_frozen_csv,unavailable_in_frozen_csv,True,unavailable_in_frozen_csv,2,exact_final_tree_family_counts
taiwan_binarised,8,5,cals,square2cnf_interaction,unavailable_in_frozen_csv,unary,unavailable_in_frozen_csv,unavailable_in_frozen_csv,unavailable_in_frozen_csv,True,unavailable_in_frozen_csv,4,exact_final_tree_family_counts
taiwan_binarised,8,5,cals_compact_explain,square2cnf_interaction,unavailable_in_frozen_csv,antihorn,unavailable_in_frozen_csv,unavailable_in_frozen_csv,unavailable_in_frozen_csv,True,unavailable_in_frozen_csv,1,exact_final_tree_family_counts
taiwan_binarised,8,5,cals_compact_explain,square2cnf_interaction,unavailable_in_frozen_csv,unary,unavailable_in_frozen_csv,unavailable_in_frozen_csv,unavailable_in_frozen_csv,True,unavailable_in_frozen_csv,1,exact_final_tree_family_counts
taiwan_binarised,8,7,cals,square2cnf_interaction,unavailable_in_frozen_csv,antihorn,unavailable_in_frozen_csv,unavailable_in_frozen_csv,unavailable_in_frozen_csv,True,unavailable_in_frozen_csv,3,exact_final_tree_family_counts
taiwan_binarised,8,7,cals,square2cnf_interaction,unavailable_in_frozen_csv,unary,unavailable_in_frozen_csv,unavailable_in_frozen_csv,unavailable_in_frozen_csv,True,unavailable_in_frozen_csv,6,exact_final_tree_family_counts
taiwan_binarised,8,7,cals_compact_explain,square2cnf_interaction,unavailable_in_frozen_csv,antihorn,unavailable_in_frozen_csv,unavailable_in_frozen_csv,unavailable_in_frozen_csv,True,unavailable_in_frozen_csv,1,exact_final_tree_family_counts
taiwan_binarised,8,7,cals_compact_explain,square2cnf_interaction,unavailable_in_frozen_csv,unary,unavailable_in_frozen_csv,unavailable_in_frozen_csv,unavailable_in_frozen_csv,True,unavailable_in_frozen_csv,1,exact_final_tree_family_counts
taiwan_binarised,9,5,cals,square2cnf_interaction,unavailable_in_frozen_csv,antihorn,unavailable_in_frozen_csv,unavailable_in_frozen_csv,unavailable_in_frozen_csv,True,unavailable_in_frozen_csv,1,exact_final_tree_family_counts
taiwan_binarised,9,5,cals,square2cnf_interaction,unavailable_in_frozen_csv,unary,unavailable_in_frozen_csv,unavailable_in_frozen_csv,unavailable_in_frozen_csv,True,unavailable_in_frozen_csv,4,exact_final_tree_family_counts
taiwan_binarised,9,5,cals_compact_explain,square2cnf_interaction,unavailable_in_frozen_csv,antihorn,unavailable_in_frozen_csv,unavailable_in_frozen_csv,unavailable_in_frozen_csv,True,unavailable_in_frozen_csv,1,exact_final_tree_family_counts
taiwan_binarised,9,5,cals_compact_explain,square2cnf_interaction,unavailable_in_frozen_csv,unary,unavailable_in_frozen_csv,unavailable_in_frozen_csv,unavailable_in_frozen_csv,True,unavailable_in_frozen_csv,1,exact_final_tree_family_counts
taiwan_binarised,9,7,cals,square2cnf_interaction,unavailable_in_frozen_csv,antihorn,unavailable_in_frozen_csv,unavailable_in_frozen_csv,unavailable_in_frozen_csv,True,unavailable_in_frozen_csv,3,exact_final_tree_family_counts
taiwan_binarised,9,7,cals,square2cnf_interaction,unavailable_in_frozen_csv,unary,unavailable_in_frozen_csv,unavailable_in_frozen_csv,unavailable_in_frozen_csv,True,unavailable_in_frozen_csv,4,exact_final_tree_family_counts
taiwan_binarised,9,7,cals_compact_explain,square2cnf_interaction,unavailable_in_frozen_csv,antihorn,unavailable_in_frozen_csv,unavailable_in_frozen_csv,unavailable_in_frozen_csv,True,unavailable_in_frozen_csv,1,exact_final_tree_family_counts
taiwan_binarised,9,7,cals_compact_explain,square2cnf_interaction,unavailable_in_frozen_csv,unary,unavailable_in_frozen_csv,unavailable_in_frozen_csv,unavailable_in_frozen_csv,True,unavailable_in_frozen_csv,1,exact_final_tree_family_counts
tic-tac-toe,0,5,cals,affine_interaction,unavailable_in_frozen_csv,square2cnf,unavailable_in_frozen_csv,unavailable_in_frozen_csv,unavailable_in_frozen_csv,True,unavailable_in_frozen_csv,11,exact_final_tree_family_counts
tic-tac-toe,0,5,cals_compact_explain,affine_interaction,unavailable_in_frozen_csv,square2cnf,unavailable_in_frozen_csv,unavailable_in_frozen_csv,unavailable_in_frozen_csv,True,unavailable_in_frozen_csv,14,exact_final_tree_family_counts
tic-tac-toe,0,5,cals_compact_explain,affine_interaction,unavailable_in_frozen_csv,unary,unavailable_in_frozen_csv,unavailable_in_frozen_csv,unavailable_in_frozen_csv,True,unavailable_in_frozen_csv,1,exact_final_tree_family_counts
tic-tac-toe,0,7,cals,affine_interaction,unavailable_in_frozen_csv,square2cnf,unavailable_in_frozen_csv,unavailable_in_frozen_csv,unavailable_in_frozen_csv,True,unavailable_in_frozen_csv,17,exact_final_tree_family_counts
tic-tac-toe,0,7,cals_compact_explain,affine_interaction,unavailable_in_frozen_csv,square2cnf,unavailable_in_frozen_csv,unavailable_in_frozen_csv,unavailable_in_frozen_csv,True,unavailable_in_frozen_csv,16,exact_final_tree_family_counts
tic-tac-toe,0,7,cals_compact_explain,affine_interaction,unavailable_in_frozen_csv,unary,unavailable_in_frozen_csv,unavailable_in_frozen_csv,unavailable_in_frozen_csv,True,unavailable_in_frozen_csv,2,exact_final_tree_family_counts
tic-tac-toe,1,5,cals,affine_interaction,unavailable_in_frozen_csv,square2cnf,unavailable_in_frozen_csv,unavailable_in_frozen_csv,unavailable_in_frozen_csv,True,unavailable_in_frozen_csv,14,exact_final_tree_family_counts
tic-tac-toe,1,5,cals_compact_explain,affine_interaction,unavailable_in_frozen_csv,square2cnf,unavailable_in_frozen_csv,unavailable_in_frozen_csv,unavailable_in_frozen_csv,True,unavailable_in_frozen_csv,13,exact_final_tree_family_counts
tic-tac-toe,1,5,cals_compact_explain,affine_interaction,unavailable_in_frozen_csv,unary,unavailable_in_frozen_csv,unavailable_in_frozen_csv,unavailable_in_frozen_csv,True,unavailable_in_frozen_csv,1,exact_final_tree_family_counts
tic-tac-toe,1,7,cals,affine_interaction,unavailable_in_frozen_csv,square2cnf,unavailable_in_frozen_csv,unavailable_in_frozen_csv,unavailable_in_frozen_csv,True,unavailable_in_frozen_csv,20,exact_final_tree_family_counts
tic-tac-toe,1,7,cals,affine_interaction,unavailable_in_frozen_csv,unary,unavailable_in_frozen_csv,unavailable_in_frozen_csv,unavailable_in_frozen_csv,True,unavailable_in_frozen_csv,1,exact_final_tree_family_counts
tic-tac-toe,1,7,cals_compact_explain,affine_interaction,unavailable_in_frozen_csv,square2cnf,unavailable_in_frozen_csv,unavailable_in_frozen_csv,unavailable_in_frozen_csv,True,unavailable_in_frozen_csv,19,exact_final_tree_family_counts
tic-tac-toe,1,7,cals_compact_explain,affine_interaction,unavailable_in_frozen_csv,unary,unavailable_in_frozen_csv,unavailable_in_frozen_csv,unavailable_in_frozen_csv,True,unavailable_in_frozen_csv,2,exact_final_tree_family_counts
tic-tac-toe,2,5,cals,affine_interaction,unavailable_in_frozen_csv,square2cnf,unavailable_in_frozen_csv,unavailable_in_frozen_csv,unavailable_in_frozen_csv,True,unavailable_in_frozen_csv,9,exact_final_tree_family_counts
tic-tac-toe,2,5,cals_compact_explain,affine_interaction,unavailable_in_frozen_csv,square2cnf,unavailable_in_frozen_csv,unavailable_in_frozen_csv,unavailable_in_frozen_csv,True,unavailable_in_frozen_csv,14,exact_final_tree_family_counts
tic-tac-toe,2,7,cals,affine_interaction,unavailable_in_frozen_csv,square2cnf,unavailable_in_frozen_csv,unavailable_in_frozen_csv,unavailable_in_frozen_csv,True,unavailable_in_frozen_csv,10,exact_final_tree_family_counts
tic-tac-toe,2,7,cals,affine_interaction,unavailable_in_frozen_csv,unary,unavailable_in_frozen_csv,unavailable_in_frozen_csv,unavailable_in_frozen_csv,True,unavailable_in_frozen_csv,1,exact_final_tree_family_counts
tic-tac-toe,2,7,cals_compact_explain,affine_interaction,unavailable_in_frozen_csv,square2cnf,unavailable_in_frozen_csv,unavailable_in_frozen_csv,unavailable_in_frozen_csv,True,unavailable_in_frozen_csv,15,exact_final_tree_family_counts
tic-tac-toe,3,5,cals,affine_interaction,unavailable_in_frozen_csv,square2cnf,unavailable_in_frozen_csv,unavailable_in_frozen_csv,unavailable_in_frozen_csv,True,unavailable_in_frozen_csv,11,exact_final_tree_family_counts
tic-tac-toe,3,5,cals,affine_interaction,unavailable_in_frozen_csv,unary,unavailable_in_frozen_csv,unavailable_in_frozen_csv,unavailable_in_frozen_csv,True,unavailable_in_frozen_csv,1,exact_final_tree_family_counts
tic-tac-toe,3,5,cals_compact_explain,affine_interaction,unavailable_in_frozen_csv,square2cnf,unavailable_in_frozen_csv,unavailable_in_frozen_csv,unavailable_in_frozen_csv,True,unavailable_in_frozen_csv,15,exact_final_tree_family_counts
tic-tac-toe,3,5,cals_compact_explain,affine_interaction,unavailable_in_frozen_csv,unary,unavailable_in_frozen_csv,unavailable_in_frozen_csv,unavailable_in_frozen_csv,True,unavailable_in_frozen_csv,1,exact_final_tree_family_counts
tic-tac-toe,3,7,cals,affine_interaction,unavailable_in_frozen_csv,square2cnf,unavailable_in_frozen_csv,unavailable_in_frozen_csv,unavailable_in_frozen_csv,True,unavailable_in_frozen_csv,18,exact_final_tree_family_counts
tic-tac-toe,3,7,cals,affine_interaction,unavailable_in_frozen_csv,unary,unavailable_in_frozen_csv,unavailable_in_frozen_csv,unavailable_in_frozen_csv,True,unavailable_in_frozen_csv,2,exact_final_tree_family_counts
tic-tac-toe,3,7,cals_compact_explain,affine_interaction,unavailable_in_frozen_csv,square2cnf,unavailable_in_frozen_csv,unavailable_in_frozen_csv,unavailable_in_frozen_csv,True,unavailable_in_frozen_csv,22,exact_final_tree_family_counts
tic-tac-toe,3,7,cals_compact_explain,affine_interaction,unavailable_in_frozen_csv,unary,unavailable_in_frozen_csv,unavailable_in_frozen_csv,unavailable_in_frozen_csv,True,unavailable_in_frozen_csv,3,exact_final_tree_family_counts
tic-tac-toe,4,5,cals,affine_interaction,unavailable_in_frozen_csv,square2cnf,unavailable_in_frozen_csv,unavailable_in_frozen_csv,unavailable_in_frozen_csv,True,unavailable_in_frozen_csv,11,exact_final_tree_family_counts
tic-tac-toe,4,5,cals,affine_interaction,unavailable_in_frozen_csv,unary,unavailable_in_frozen_csv,unavailable_in_frozen_csv,unavailable_in_frozen_csv,True,unavailable_in_frozen_csv,1,exact_final_tree_family_counts
tic-tac-toe,4,5,cals_compact_explain,affine_interaction,unavailable_in_frozen_csv,square2cnf,unavailable_in_frozen_csv,unavailable_in_frozen_csv,unavailable_in_frozen_csv,True,unavailable_in_frozen_csv,9,exact_final_tree_family_counts
tic-tac-toe,4,7,cals,affine_interaction,unavailable_in_frozen_csv,square2cnf,unavailable_in_frozen_csv,unavailable_in_frozen_csv,unavailable_in_frozen_csv,True,unavailable_in_frozen_csv,14,exact_final_tree_family_counts
tic-tac-toe,4,7,cals,affine_interaction,unavailable_in_frozen_csv,unary,unavailable_in_frozen_csv,unavailable_in_frozen_csv,unavailable_in_frozen_csv,True,unavailable_in_frozen_csv,2,exact_final_tree_family_counts
tic-tac-toe,4,7,cals_compact_explain,affine_interaction,unavailable_in_frozen_csv,square2cnf,unavailable_in_frozen_csv,unavailable_in_frozen_csv,unavailable_in_frozen_csv,True,unavailable_in_frozen_csv,17,exact_final_tree_family_counts
tic-tac-toe,5,5,cals,affine_interaction,unavailable_in_frozen_csv,square2cnf,unavailable_in_frozen_csv,unavailable_in_frozen_csv,unavailable_in_frozen_csv,True,unavailable_in_frozen_csv,14,exact_final_tree_family_counts
tic-tac-toe,5,5,cals,affine_interaction,unavailable_in_frozen_csv,unary,unavailable_in_frozen_csv,unavailable_in_frozen_csv,unavailable_in_frozen_csv,True,unavailable_in_frozen_csv,1,exact_final_tree_family_counts
tic-tac-toe,5,5,cals_compact_explain,affine_interaction,unavailable_in_frozen_csv,square2cnf,unavailable_in_frozen_csv,unavailable_in_frozen_csv,unavailable_in_frozen_csv,True,unavailable_in_frozen_csv,8,exact_final_tree_family_counts
tic-tac-toe,5,5,cals_compact_explain,affine_interaction,unavailable_in_frozen_csv,unary,unavailable_in_frozen_csv,unavailable_in_frozen_csv,unavailable_in_frozen_csv,True,unavailable_in_frozen_csv,1,exact_final_tree_family_counts
tic-tac-toe,5,7,cals,affine_interaction,unavailable_in_frozen_csv,square2cnf,unavailable_in_frozen_csv,unavailable_in_frozen_csv,unavailable_in_frozen_csv,True,unavailable_in_frozen_csv,14,exact_final_tree_family_counts
tic-tac-toe,5,7,cals,affine_interaction,unavailable_in_frozen_csv,unary,unavailable_in_frozen_csv,unavailable_in_frozen_csv,unavailable_in_frozen_csv,True,unavailable_in_frozen_csv,1,exact_final_tree_family_counts
tic-tac-toe,5,7,cals_compact_explain,affine_interaction,unavailable_in_frozen_csv,square2cnf,unavailable_in_frozen_csv,unavailable_in_frozen_csv,unavailable_in_frozen_csv,True,unavailable_in_frozen_csv,24,exact_final_tree_family_counts
tic-tac-toe,5,7,cals_compact_explain,affine_interaction,unavailable_in_frozen_csv,unary,unavailable_in_frozen_csv,unavailable_in_frozen_csv,unavailable_in_frozen_csv,True,unavailable_in_frozen_csv,2,exact_final_tree_family_counts
tic-tac-toe,6,5,cals,affine_interaction,unavailable_in_frozen_csv,square2cnf,unavailable_in_frozen_csv,unavailable_in_frozen_csv,unavailable_in_frozen_csv,True,unavailable_in_frozen_csv,13,exact_final_tree_family_counts
tic-tac-toe,6,5,cals_compact_explain,affine_interaction,unavailable_in_frozen_csv,square2cnf,unavailable_in_frozen_csv,unavailable_in_frozen_csv,unavailable_in_frozen_csv,True,unavailable_in_frozen_csv,14,exact_final_tree_family_counts
tic-tac-toe,6,5,cals_compact_explain,affine_interaction,unavailable_in_frozen_csv,unary,unavailable_in_frozen_csv,unavailable_in_frozen_csv,unavailable_in_frozen_csv,True,unavailable_in_frozen_csv,1,exact_final_tree_family_counts
tic-tac-toe,6,7,cals,affine_interaction,unavailable_in_frozen_csv,square2cnf,unavailable_in_frozen_csv,unavailable_in_frozen_csv,unavailable_in_frozen_csv,True,unavailable_in_frozen_csv,14,exact_final_tree_family_counts
tic-tac-toe,6,7,cals,affine_interaction,unavailable_in_frozen_csv,unary,unavailable_in_frozen_csv,unavailable_in_frozen_csv,unavailable_in_frozen_csv,True,unavailable_in_frozen_csv,1,exact_final_tree_family_counts
tic-tac-toe,6,7,cals_compact_explain,affine_interaction,unavailable_in_frozen_csv,square2cnf,unavailable_in_frozen_csv,unavailable_in_frozen_csv,unavailable_in_frozen_csv,True,unavailable_in_frozen_csv,18,exact_final_tree_family_counts
tic-tac-toe,6,7,cals_compact_explain,affine_interaction,unavailable_in_frozen_csv,unary,unavailable_in_frozen_csv,unavailable_in_frozen_csv,unavailable_in_frozen_csv,True,unavailable_in_frozen_csv,4,exact_final_tree_family_counts
tic-tac-toe,7,5,cals,affine_interaction,unavailable_in_frozen_csv,square2cnf,unavailable_in_frozen_csv,unavailable_in_frozen_csv,unavailable_in_frozen_csv,True,unavailable_in_frozen_csv,9,exact_final_tree_family_counts
tic-tac-toe,7,5,cals_compact_explain,affine_interaction,unavailable_in_frozen_csv,square2cnf,unavailable_in_frozen_csv,unavailable_in_frozen_csv,unavailable_in_frozen_csv,True,unavailable_in_frozen_csv,10,exact_final_tree_family_counts
tic-tac-toe,7,5,cals_compact_explain,affine_interaction,unavailable_in_frozen_csv,unary,unavailable_in_frozen_csv,unavailable_in_frozen_csv,unavailable_in_frozen_csv,True,unavailable_in_frozen_csv,2,exact_final_tree_family_counts
tic-tac-toe,7,7,cals,affine_interaction,unavailable_in_frozen_csv,square2cnf,unavailable_in_frozen_csv,unavailable_in_frozen_csv,unavailable_in_frozen_csv,True,unavailable_in_frozen_csv,10,exact_final_tree_family_counts
tic-tac-toe,7,7,cals_compact_explain,affine_interaction,unavailable_in_frozen_csv,square2cnf,unavailable_in_frozen_csv,unavailable_in_frozen_csv,unavailable_in_frozen_csv,True,unavailable_in_frozen_csv,10,exact_final_tree_family_counts
tic-tac-toe,7,7,cals_compact_explain,affine_interaction,unavailable_in_frozen_csv,unary,unavailable_in_frozen_csv,unavailable_in_frozen_csv,unavailable_in_frozen_csv,True,unavailable_in_frozen_csv,2,exact_final_tree_family_counts
tic-tac-toe,8,5,cals,affine_interaction,unavailable_in_frozen_csv,square2cnf,unavailable_in_frozen_csv,unavailable_in_frozen_csv,unavailable_in_frozen_csv,True,unavailable_in_frozen_csv,11,exact_final_tree_family_counts
tic-tac-toe,8,5,cals,affine_interaction,unavailable_in_frozen_csv,unary,unavailable_in_frozen_csv,unavailable_in_frozen_csv,unavailable_in_frozen_csv,True,unavailable_in_frozen_csv,1,exact_final_tree_family_counts
tic-tac-toe,8,5,cals_compact_explain,affine_interaction,unavailable_in_frozen_csv,square2cnf,unavailable_in_frozen_csv,unavailable_in_frozen_csv,unavailable_in_frozen_csv,True,unavailable_in_frozen_csv,7,exact_final_tree_family_counts
tic-tac-toe,8,5,cals_compact_explain,affine_interaction,unavailable_in_frozen_csv,unary,unavailable_in_frozen_csv,unavailable_in_frozen_csv,unavailable_in_frozen_csv,True,unavailable_in_frozen_csv,1,exact_final_tree_family_counts
tic-tac-toe,8,7,cals,affine_interaction,unavailable_in_frozen_csv,square2cnf,unavailable_in_frozen_csv,unavailable_in_frozen_csv,unavailable_in_frozen_csv,True,unavailable_in_frozen_csv,13,exact_final_tree_family_counts
tic-tac-toe,8,7,cals,affine_interaction,unavailable_in_frozen_csv,unary,unavailable_in_frozen_csv,unavailable_in_frozen_csv,unavailable_in_frozen_csv,True,unavailable_in_frozen_csv,1,exact_final_tree_family_counts
tic-tac-toe,8,7,cals_compact_explain,affine_interaction,unavailable_in_frozen_csv,square2cnf,unavailable_in_frozen_csv,unavailable_in_frozen_csv,unavailable_in_frozen_csv,True,unavailable_in_frozen_csv,15,exact_final_tree_family_counts
tic-tac-toe,8,7,cals_compact_explain,affine_interaction,unavailable_in_frozen_csv,unary,unavailable_in_frozen_csv,unavailable_in_frozen_csv,unavailable_in_frozen_csv,True,unavailable_in_frozen_csv,1,exact_final_tree_family_counts
tic-tac-toe,9,5,cals,affine_interaction,unavailable_in_frozen_csv,square2cnf,unavailable_in_frozen_csv,unavailable_in_frozen_csv,unavailable_in_frozen_csv,True,unavailable_in_frozen_csv,7,exact_final_tree_family_counts
tic-tac-toe,9,5,cals_compact_explain,affine_interaction,unavailable_in_frozen_csv,square2cnf,unavailable_in_frozen_csv,unavailable_in_frozen_csv,unavailable_in_frozen_csv,True,unavailable_in_frozen_csv,11,exact_final_tree_family_counts
tic-tac-toe,9,5,cals_compact_explain,affine_interaction,unavailable_in_frozen_csv,unary,unavailable_in_frozen_csv,unavailable_in_frozen_csv,unavailable_in_frozen_csv,True,unavailable_in_frozen_csv,1,exact_final_tree_family_counts
tic-tac-toe,9,7,cals,affine_interaction,unavailable_in_frozen_csv,square2cnf,unavailable_in_frozen_csv,unavailable_in_frozen_csv,unavailable_in_frozen_csv,True,unavailable_in_frozen_csv,12,exact_final_tree_family_counts
tic-tac-toe,9,7,cals_compact_explain,affine_interaction,unavailable_in_frozen_csv,square2cnf,unavailable_in_frozen_csv,unavailable_in_frozen_csv,unavailable_in_frozen_csv,True,unavailable_in_frozen_csv,17,exact_final_tree_family_counts
tic-tac-toe,9,7,cals_compact_explain,affine_interaction,unavailable_in_frozen_csv,unary,unavailable_in_frozen_csv,unavailable_in_frozen_csv,unavailable_in_frozen_csv,True,unavailable_in_frozen_csv,2,exact_final_tree_family_counts
titanic-un,0,5,cals,square2cnf_interaction,unavailable_in_frozen_csv,horn,unavailable_in_frozen_csv,unavailable_in_frozen_csv,unavailable_in_frozen_csv,True,unavailable_in_frozen_csv,2,exact_final_tree_family_counts
titanic-un,0,5,cals_compact_explain,square2cnf_interaction,0,horn,unavailable_in_frozen_csv,unavailable_in_frozen_csv,unavailable_in_frozen_csv,True,True,1,exact_final_tree_family_counts
titanic-un,0,7,cals,square2cnf_interaction,unavailable_in_frozen_csv,horn,unavailable_in_frozen_csv,unavailable_in_frozen_csv,unavailable_in_frozen_csv,True,unavailable_in_frozen_csv,7,exact_final_tree_family_counts
titanic-un,0,7,cals,square2cnf_interaction,unavailable_in_frozen_csv,unary,unavailable_in_frozen_csv,unavailable_in_frozen_csv,unavailable_in_frozen_csv,True,unavailable_in_frozen_csv,4,exact_final_tree_family_counts
titanic-un,0,7,cals_compact_explain,square2cnf_interaction,0,horn,unavailable_in_frozen_csv,unavailable_in_frozen_csv,unavailable_in_frozen_csv,True,True,1,exact_final_tree_family_counts
titanic-un,1,5,cals,square2cnf_interaction,unavailable_in_frozen_csv,horn,unavailable_in_frozen_csv,unavailable_in_frozen_csv,unavailable_in_frozen_csv,True,unavailable_in_frozen_csv,3,exact_final_tree_family_counts
titanic-un,1,5,cals,square2cnf_interaction,unavailable_in_frozen_csv,unary,unavailable_in_frozen_csv,unavailable_in_frozen_csv,unavailable_in_frozen_csv,True,unavailable_in_frozen_csv,2,exact_final_tree_family_counts
titanic-un,1,5,cals_compact_explain,square2cnf_interaction,unavailable_in_frozen_csv,horn,unavailable_in_frozen_csv,unavailable_in_frozen_csv,unavailable_in_frozen_csv,True,unavailable_in_frozen_csv,2,exact_final_tree_family_counts
titanic-un,1,5,cals_compact_explain,square2cnf_interaction,unavailable_in_frozen_csv,unary,unavailable_in_frozen_csv,unavailable_in_frozen_csv,unavailable_in_frozen_csv,True,unavailable_in_frozen_csv,5,exact_final_tree_family_counts
titanic-un,1,7,cals,square2cnf_interaction,unavailable_in_frozen_csv,horn,unavailable_in_frozen_csv,unavailable_in_frozen_csv,unavailable_in_frozen_csv,True,unavailable_in_frozen_csv,4,exact_final_tree_family_counts
titanic-un,1,7,cals,square2cnf_interaction,unavailable_in_frozen_csv,unary,unavailable_in_frozen_csv,unavailable_in_frozen_csv,unavailable_in_frozen_csv,True,unavailable_in_frozen_csv,2,exact_final_tree_family_counts
titanic-un,1,7,cals_compact_explain,square2cnf_interaction,unavailable_in_frozen_csv,horn,unavailable_in_frozen_csv,unavailable_in_frozen_csv,unavailable_in_frozen_csv,True,unavailable_in_frozen_csv,7,exact_final_tree_family_counts
titanic-un,1,7,cals_compact_explain,square2cnf_interaction,unavailable_in_frozen_csv,unary,unavailable_in_frozen_csv,unavailable_in_frozen_csv,unavailable_in_frozen_csv,True,unavailable_in_frozen_csv,9,exact_final_tree_family_counts
titanic-un,2,5,cals,square2cnf_interaction,unavailable_in_frozen_csv,square2cnf,unavailable_in_frozen_csv,unavailable_in_frozen_csv,unavailable_in_frozen_csv,True,unavailable_in_frozen_csv,3,exact_final_tree_family_counts
titanic-un,2,5,cals,square2cnf_interaction,unavailable_in_frozen_csv,unary,unavailable_in_frozen_csv,unavailable_in_frozen_csv,unavailable_in_frozen_csv,True,unavailable_in_frozen_csv,4,exact_final_tree_family_counts
titanic-un,2,5,cals_compact_explain,square2cnf_interaction,0,square2cnf,unavailable_in_frozen_csv,unavailable_in_frozen_csv,unavailable_in_frozen_csv,True,True,1,exact_final_tree_family_counts
titanic-un,2,7,cals,square2cnf_interaction,unavailable_in_frozen_csv,square2cnf,unavailable_in_frozen_csv,unavailable_in_frozen_csv,unavailable_in_frozen_csv,True,unavailable_in_frozen_csv,3,exact_final_tree_family_counts
titanic-un,2,7,cals,square2cnf_interaction,unavailable_in_frozen_csv,unary,unavailable_in_frozen_csv,unavailable_in_frozen_csv,unavailable_in_frozen_csv,True,unavailable_in_frozen_csv,4,exact_final_tree_family_counts
titanic-un,2,7,cals_compact_explain,square2cnf_interaction,0,square2cnf,unavailable_in_frozen_csv,unavailable_in_frozen_csv,unavailable_in_frozen_csv,True,True,1,exact_final_tree_family_counts
titanic-un,3,5,cals,square2cnf_interaction,unavailable_in_frozen_csv,square2cnf,unavailable_in_frozen_csv,unavailable_in_frozen_csv,unavailable_in_frozen_csv,True,unavailable_in_frozen_csv,1,exact_final_tree_family_counts
titanic-un,3,5,cals,square2cnf_interaction,unavailable_in_frozen_csv,unary,unavailable_in_frozen_csv,unavailable_in_frozen_csv,unavailable_in_frozen_csv,True,unavailable_in_frozen_csv,4,exact_final_tree_family_counts
titanic-un,3,5,cals_compact_explain,square2cnf_interaction,unavailable_in_frozen_csv,square2cnf,unavailable_in_frozen_csv,unavailable_in_frozen_csv,unavailable_in_frozen_csv,True,unavailable_in_frozen_csv,1,exact_final_tree_family_counts
titanic-un,3,5,cals_compact_explain,square2cnf_interaction,unavailable_in_frozen_csv,unary,unavailable_in_frozen_csv,unavailable_in_frozen_csv,unavailable_in_frozen_csv,True,unavailable_in_frozen_csv,4,exact_final_tree_family_counts
titanic-un,3,7,cals,square2cnf_interaction,unavailable_in_frozen_csv,square2cnf,unavailable_in_frozen_csv,unavailable_in_frozen_csv,unavailable_in_frozen_csv,True,unavailable_in_frozen_csv,2,exact_final_tree_family_counts
titanic-un,3,7,cals,square2cnf_interaction,unavailable_in_frozen_csv,unary,unavailable_in_frozen_csv,unavailable_in_frozen_csv,unavailable_in_frozen_csv,True,unavailable_in_frozen_csv,6,exact_final_tree_family_counts
titanic-un,3,7,cals_compact_explain,square2cnf_interaction,unavailable_in_frozen_csv,square2cnf,unavailable_in_frozen_csv,unavailable_in_frozen_csv,unavailable_in_frozen_csv,True,unavailable_in_frozen_csv,2,exact_final_tree_family_counts
titanic-un,3,7,cals_compact_explain,square2cnf_interaction,unavailable_in_frozen_csv,unary,unavailable_in_frozen_csv,unavailable_in_frozen_csv,unavailable_in_frozen_csv,True,unavailable_in_frozen_csv,5,exact_final_tree_family_counts
titanic-un,4,5,cals,square2cnf_interaction,unavailable_in_frozen_csv,horn,unavailable_in_frozen_csv,unavailable_in_frozen_csv,unavailable_in_frozen_csv,True,unavailable_in_frozen_csv,3,exact_final_tree_family_counts
titanic-un,4,5,cals_compact_explain,square2cnf_interaction,unavailable_in_frozen_csv,horn,unavailable_in_frozen_csv,unavailable_in_frozen_csv,unavailable_in_frozen_csv,True,unavailable_in_frozen_csv,3,exact_final_tree_family_counts
titanic-un,4,5,cals_compact_explain,square2cnf_interaction,unavailable_in_frozen_csv,unary,unavailable_in_frozen_csv,unavailable_in_frozen_csv,unavailable_in_frozen_csv,True,unavailable_in_frozen_csv,2,exact_final_tree_family_counts
titanic-un,4,7,cals,square2cnf_interaction,unavailable_in_frozen_csv,horn,unavailable_in_frozen_csv,unavailable_in_frozen_csv,unavailable_in_frozen_csv,True,unavailable_in_frozen_csv,3,exact_final_tree_family_counts
titanic-un,4,7,cals_compact_explain,square2cnf_interaction,unavailable_in_frozen_csv,horn,unavailable_in_frozen_csv,unavailable_in_frozen_csv,unavailable_in_frozen_csv,True,unavailable_in_frozen_csv,3,exact_final_tree_family_counts
titanic-un,4,7,cals_compact_explain,square2cnf_interaction,unavailable_in_frozen_csv,unary,unavailable_in_frozen_csv,unavailable_in_frozen_csv,unavailable_in_frozen_csv,True,unavailable_in_frozen_csv,4,exact_final_tree_family_counts
titanic-un,5,5,cals,square2cnf_interaction,unavailable_in_frozen_csv,horn,unavailable_in_frozen_csv,unavailable_in_frozen_csv,unavailable_in_frozen_csv,True,unavailable_in_frozen_csv,2,exact_final_tree_family_counts
titanic-un,5,5,cals,square2cnf_interaction,unavailable_in_frozen_csv,unary,unavailable_in_frozen_csv,unavailable_in_frozen_csv,unavailable_in_frozen_csv,True,unavailable_in_frozen_csv,3,exact_final_tree_family_counts
titanic-un,5,5,cals_compact_explain,square2cnf_interaction,0,horn,unavailable_in_frozen_csv,unavailable_in_frozen_csv,unavailable_in_frozen_csv,True,True,1,exact_final_tree_family_counts
titanic-un,5,7,cals,square2cnf_interaction,unavailable_in_frozen_csv,horn,unavailable_in_frozen_csv,unavailable_in_frozen_csv,unavailable_in_frozen_csv,True,unavailable_in_frozen_csv,3,exact_final_tree_family_counts
titanic-un,5,7,cals,square2cnf_interaction,unavailable_in_frozen_csv,unary,unavailable_in_frozen_csv,unavailable_in_frozen_csv,unavailable_in_frozen_csv,True,unavailable_in_frozen_csv,5,exact_final_tree_family_counts
titanic-un,5,7,cals_compact_explain,square2cnf_interaction,0,horn,unavailable_in_frozen_csv,unavailable_in_frozen_csv,unavailable_in_frozen_csv,True,True,1,exact_final_tree_family_counts
titanic-un,6,5,cals,square2cnf_interaction,unavailable_in_frozen_csv,square2cnf,unavailable_in_frozen_csv,unavailable_in_frozen_csv,unavailable_in_frozen_csv,True,unavailable_in_frozen_csv,2,exact_final_tree_family_counts
titanic-un,6,5,cals,square2cnf_interaction,unavailable_in_frozen_csv,unary,unavailable_in_frozen_csv,unavailable_in_frozen_csv,unavailable_in_frozen_csv,True,unavailable_in_frozen_csv,6,exact_final_tree_family_counts
titanic-un,6,5,cals_compact_explain,square2cnf_interaction,unavailable_in_frozen_csv,horn,unavailable_in_frozen_csv,unavailable_in_frozen_csv,unavailable_in_frozen_csv,True,unavailable_in_frozen_csv,1,exact_final_tree_family_counts
titanic-un,6,5,cals_compact_explain,square2cnf_interaction,unavailable_in_frozen_csv,unary,unavailable_in_frozen_csv,unavailable_in_frozen_csv,unavailable_in_frozen_csv,True,unavailable_in_frozen_csv,8,exact_final_tree_family_counts
titanic-un,6,7,cals,square2cnf_interaction,unavailable_in_frozen_csv,square2cnf,unavailable_in_frozen_csv,unavailable_in_frozen_csv,unavailable_in_frozen_csv,True,unavailable_in_frozen_csv,10,exact_final_tree_family_counts
titanic-un,6,7,cals,square2cnf_interaction,unavailable_in_frozen_csv,unary,unavailable_in_frozen_csv,unavailable_in_frozen_csv,unavailable_in_frozen_csv,True,unavailable_in_frozen_csv,9,exact_final_tree_family_counts
titanic-un,6,7,cals_compact_explain,square2cnf_interaction,unavailable_in_frozen_csv,horn,unavailable_in_frozen_csv,unavailable_in_frozen_csv,unavailable_in_frozen_csv,True,unavailable_in_frozen_csv,1,exact_final_tree_family_counts
titanic-un,6,7,cals_compact_explain,square2cnf_interaction,unavailable_in_frozen_csv,unary,unavailable_in_frozen_csv,unavailable_in_frozen_csv,unavailable_in_frozen_csv,True,unavailable_in_frozen_csv,8,exact_final_tree_family_counts
titanic-un,7,5,cals,square2cnf_interaction,unavailable_in_frozen_csv,square2cnf,unavailable_in_frozen_csv,unavailable_in_frozen_csv,unavailable_in_frozen_csv,True,unavailable_in_frozen_csv,5,exact_final_tree_family_counts
titanic-un,7,5,cals,square2cnf_interaction,unavailable_in_frozen_csv,unary,unavailable_in_frozen_csv,unavailable_in_frozen_csv,unavailable_in_frozen_csv,True,unavailable_in_frozen_csv,5,exact_final_tree_family_counts
titanic-un,7,5,cals_compact_explain,square2cnf_interaction,0,square2cnf,unavailable_in_frozen_csv,unavailable_in_frozen_csv,unavailable_in_frozen_csv,True,True,1,exact_final_tree_family_counts
titanic-un,7,7,cals,square2cnf_interaction,unavailable_in_frozen_csv,square2cnf,unavailable_in_frozen_csv,unavailable_in_frozen_csv,unavailable_in_frozen_csv,True,unavailable_in_frozen_csv,6,exact_final_tree_family_counts
titanic-un,7,7,cals,square2cnf_interaction,unavailable_in_frozen_csv,unary,unavailable_in_frozen_csv,unavailable_in_frozen_csv,unavailable_in_frozen_csv,True,unavailable_in_frozen_csv,8,exact_final_tree_family_counts
titanic-un,7,7,cals_compact_explain,square2cnf_interaction,0,square2cnf,unavailable_in_frozen_csv,unavailable_in_frozen_csv,unavailable_in_frozen_csv,True,True,1,exact_final_tree_family_counts
titanic-un,8,5,cals,square2cnf_interaction,unavailable_in_frozen_csv,horn,unavailable_in_frozen_csv,unavailable_in_frozen_csv,unavailable_in_frozen_csv,True,unavailable_in_frozen_csv,3,exact_final_tree_family_counts
titanic-un,8,5,cals,square2cnf_interaction,unavailable_in_frozen_csv,unary,unavailable_in_frozen_csv,unavailable_in_frozen_csv,unavailable_in_frozen_csv,True,unavailable_in_frozen_csv,3,exact_final_tree_family_counts
titanic-un,8,5,cals_compact_explain,square2cnf_interaction,unavailable_in_frozen_csv,horn,unavailable_in_frozen_csv,unavailable_in_frozen_csv,unavailable_in_frozen_csv,True,unavailable_in_frozen_csv,3,exact_final_tree_family_counts
titanic-un,8,5,cals_compact_explain,square2cnf_interaction,unavailable_in_frozen_csv,unary,unavailable_in_frozen_csv,unavailable_in_frozen_csv,unavailable_in_frozen_csv,True,unavailable_in_frozen_csv,5,exact_final_tree_family_counts
titanic-un,8,7,cals,square2cnf_interaction,unavailable_in_frozen_csv,horn,unavailable_in_frozen_csv,unavailable_in_frozen_csv,unavailable_in_frozen_csv,True,unavailable_in_frozen_csv,4,exact_final_tree_family_counts
titanic-un,8,7,cals,square2cnf_interaction,unavailable_in_frozen_csv,unary,unavailable_in_frozen_csv,unavailable_in_frozen_csv,unavailable_in_frozen_csv,True,unavailable_in_frozen_csv,6,exact_final_tree_family_counts
titanic-un,8,7,cals_compact_explain,square2cnf_interaction,unavailable_in_frozen_csv,horn,unavailable_in_frozen_csv,unavailable_in_frozen_csv,unavailable_in_frozen_csv,True,unavailable_in_frozen_csv,3,exact_final_tree_family_counts
titanic-un,8,7,cals_compact_explain,square2cnf_interaction,unavailable_in_frozen_csv,unary,unavailable_in_frozen_csv,unavailable_in_frozen_csv,unavailable_in_frozen_csv,True,unavailable_in_frozen_csv,6,exact_final_tree_family_counts
titanic-un,9,5,cals,square2cnf_interaction,unavailable_in_frozen_csv,horn,unavailable_in_frozen_csv,unavailable_in_frozen_csv,unavailable_in_frozen_csv,True,unavailable_in_frozen_csv,3,exact_final_tree_family_counts
titanic-un,9,5,cals,square2cnf_interaction,unavailable_in_frozen_csv,unary,unavailable_in_frozen_csv,unavailable_in_frozen_csv,unavailable_in_frozen_csv,True,unavailable_in_frozen_csv,4,exact_final_tree_family_counts
titanic-un,9,5,cals_compact_explain,square2cnf_interaction,0,horn,unavailable_in_frozen_csv,unavailable_in_frozen_csv,unavailable_in_frozen_csv,True,True,1,exact_final_tree_family_counts
titanic-un,9,7,cals,square2cnf_interaction,unavailable_in_frozen_csv,horn,unavailable_in_frozen_csv,unavailable_in_frozen_csv,unavailable_in_frozen_csv,True,unavailable_in_frozen_csv,4,exact_final_tree_family_counts
titanic-un,9,7,cals,square2cnf_interaction,unavailable_in_frozen_csv,unary,unavailable_in_frozen_csv,unavailable_in_frozen_csv,unavailable_in_frozen_csv,True,unavailable_in_frozen_csv,5,exact_final_tree_family_counts
titanic-un,9,7,cals_compact_explain,square2cnf_interaction,0,horn,unavailable_in_frozen_csv,unavailable_in_frozen_csv,unavailable_in_frozen_csv,True,True,1,exact_final_tree_family_counts
vehicle,0,5,cals,unary_dominant,unavailable_in_frozen_csv,horn,unavailable_in_frozen_csv,unavailable_in_frozen_csv,unavailable_in_frozen_csv,True,unavailable_in_frozen_csv,3,exact_final_tree_family_counts
vehicle,0,5,cals,unary_dominant,unavailable_in_frozen_csv,unary,unavailable_in_frozen_csv,unavailable_in_frozen_csv,unavailable_in_frozen_csv,True,unavailable_in_frozen_csv,2,exact_final_tree_family_counts
vehicle,0,5,cals_compact_explain,unary_dominant,unavailable_in_frozen_csv,horn,unavailable_in_frozen_csv,unavailable_in_frozen_csv,unavailable_in_frozen_csv,True,unavailable_in_frozen_csv,4,exact_final_tree_family_counts
vehicle,0,5,cals_compact_explain,unary_dominant,unavailable_in_frozen_csv,unary,unavailable_in_frozen_csv,unavailable_in_frozen_csv,unavailable_in_frozen_csv,True,unavailable_in_frozen_csv,2,exact_final_tree_family_counts
vehicle,0,7,cals,unary_dominant,unavailable_in_frozen_csv,horn,unavailable_in_frozen_csv,unavailable_in_frozen_csv,unavailable_in_frozen_csv,True,unavailable_in_frozen_csv,5,exact_final_tree_family_counts
vehicle,0,7,cals,unary_dominant,unavailable_in_frozen_csv,unary,unavailable_in_frozen_csv,unavailable_in_frozen_csv,unavailable_in_frozen_csv,True,unavailable_in_frozen_csv,3,exact_final_tree_family_counts
vehicle,0,7,cals_compact_explain,unary_dominant,unavailable_in_frozen_csv,horn,unavailable_in_frozen_csv,unavailable_in_frozen_csv,unavailable_in_frozen_csv,True,unavailable_in_frozen_csv,6,exact_final_tree_family_counts
vehicle,0,7,cals_compact_explain,unary_dominant,unavailable_in_frozen_csv,unary,unavailable_in_frozen_csv,unavailable_in_frozen_csv,unavailable_in_frozen_csv,True,unavailable_in_frozen_csv,4,exact_final_tree_family_counts
vehicle,1,5,cals,unary_dominant,unavailable_in_frozen_csv,horn,unavailable_in_frozen_csv,unavailable_in_frozen_csv,unavailable_in_frozen_csv,True,unavailable_in_frozen_csv,4,exact_final_tree_family_counts
vehicle,1,5,cals,unary_dominant,unavailable_in_frozen_csv,unary,unavailable_in_frozen_csv,unavailable_in_frozen_csv,unavailable_in_frozen_csv,True,unavailable_in_frozen_csv,4,exact_final_tree_family_counts
vehicle,1,5,cals_compact_explain,unary_dominant,unavailable_in_frozen_csv,square2cnf,unavailable_in_frozen_csv,unavailable_in_frozen_csv,unavailable_in_frozen_csv,True,unavailable_in_frozen_csv,3,exact_final_tree_family_counts
vehicle,1,5,cals_compact_explain,unary_dominant,unavailable_in_frozen_csv,unary,unavailable_in_frozen_csv,unavailable_in_frozen_csv,unavailable_in_frozen_csv,True,unavailable_in_frozen_csv,4,exact_final_tree_family_counts
vehicle,1,7,cals,unary_dominant,unavailable_in_frozen_csv,horn,unavailable_in_frozen_csv,unavailable_in_frozen_csv,unavailable_in_frozen_csv,True,unavailable_in_frozen_csv,5,exact_final_tree_family_counts
vehicle,1,7,cals,unary_dominant,unavailable_in_frozen_csv,unary,unavailable_in_frozen_csv,unavailable_in_frozen_csv,unavailable_in_frozen_csv,True,unavailable_in_frozen_csv,4,exact_final_tree_family_counts
vehicle,1,7,cals_compact_explain,unary_dominant,unavailable_in_frozen_csv,square2cnf,unavailable_in_frozen_csv,unavailable_in_frozen_csv,unavailable_in_frozen_csv,True,unavailable_in_frozen_csv,5,exact_final_tree_family_counts
vehicle,1,7,cals_compact_explain,unary_dominant,unavailable_in_frozen_csv,unary,unavailable_in_frozen_csv,unavailable_in_frozen_csv,unavailable_in_frozen_csv,True,unavailable_in_frozen_csv,4,exact_final_tree_family_counts
vehicle,2,5,cals,unary_dominant,unavailable_in_frozen_csv,horn,unavailable_in_frozen_csv,unavailable_in_frozen_csv,unavailable_in_frozen_csv,True,unavailable_in_frozen_csv,3,exact_final_tree_family_counts
vehicle,2,5,cals,unary_dominant,unavailable_in_frozen_csv,unary,unavailable_in_frozen_csv,unavailable_in_frozen_csv,unavailable_in_frozen_csv,True,unavailable_in_frozen_csv,3,exact_final_tree_family_counts
vehicle,2,5,cals_compact_explain,unary_dominant,unavailable_in_frozen_csv,horn,unavailable_in_frozen_csv,unavailable_in_frozen_csv,unavailable_in_frozen_csv,True,unavailable_in_frozen_csv,8,exact_final_tree_family_counts
vehicle,2,5,cals_compact_explain,unary_dominant,unavailable_in_frozen_csv,unary,unavailable_in_frozen_csv,unavailable_in_frozen_csv,unavailable_in_frozen_csv,True,unavailable_in_frozen_csv,4,exact_final_tree_family_counts
vehicle,2,7,cals,unary_dominant,unavailable_in_frozen_csv,horn,unavailable_in_frozen_csv,unavailable_in_frozen_csv,unavailable_in_frozen_csv,True,unavailable_in_frozen_csv,3,exact_final_tree_family_counts
vehicle,2,7,cals,unary_dominant,unavailable_in_frozen_csv,unary,unavailable_in_frozen_csv,unavailable_in_frozen_csv,unavailable_in_frozen_csv,True,unavailable_in_frozen_csv,3,exact_final_tree_family_counts
vehicle,2,7,cals_compact_explain,unary_dominant,unavailable_in_frozen_csv,horn,unavailable_in_frozen_csv,unavailable_in_frozen_csv,unavailable_in_frozen_csv,True,unavailable_in_frozen_csv,10,exact_final_tree_family_counts
vehicle,2,7,cals_compact_explain,unary_dominant,unavailable_in_frozen_csv,unary,unavailable_in_frozen_csv,unavailable_in_frozen_csv,unavailable_in_frozen_csv,True,unavailable_in_frozen_csv,4,exact_final_tree_family_counts
vehicle,3,5,cals,unary_dominant,unavailable_in_frozen_csv,horn,unavailable_in_frozen_csv,unavailable_in_frozen_csv,unavailable_in_frozen_csv,True,unavailable_in_frozen_csv,4,exact_final_tree_family_counts
vehicle,3,5,cals,unary_dominant,unavailable_in_frozen_csv,unary,unavailable_in_frozen_csv,unavailable_in_frozen_csv,unavailable_in_frozen_csv,True,unavailable_in_frozen_csv,2,exact_final_tree_family_counts
vehicle,3,5,cals_compact_explain,unary_dominant,unavailable_in_frozen_csv,horn,unavailable_in_frozen_csv,unavailable_in_frozen_csv,unavailable_in_frozen_csv,True,unavailable_in_frozen_csv,4,exact_final_tree_family_counts
vehicle,3,5,cals_compact_explain,unary_dominant,unavailable_in_frozen_csv,unary,unavailable_in_frozen_csv,unavailable_in_frozen_csv,unavailable_in_frozen_csv,True,unavailable_in_frozen_csv,6,exact_final_tree_family_counts
vehicle,3,7,cals,unary_dominant,unavailable_in_frozen_csv,horn,unavailable_in_frozen_csv,unavailable_in_frozen_csv,unavailable_in_frozen_csv,True,unavailable_in_frozen_csv,5,exact_final_tree_family_counts
vehicle,3,7,cals,unary_dominant,unavailable_in_frozen_csv,unary,unavailable_in_frozen_csv,unavailable_in_frozen_csv,unavailable_in_frozen_csv,True,unavailable_in_frozen_csv,3,exact_final_tree_family_counts
vehicle,3,7,cals_compact_explain,unary_dominant,unavailable_in_frozen_csv,horn,unavailable_in_frozen_csv,unavailable_in_frozen_csv,unavailable_in_frozen_csv,True,unavailable_in_frozen_csv,6,exact_final_tree_family_counts
vehicle,3,7,cals_compact_explain,unary_dominant,unavailable_in_frozen_csv,unary,unavailable_in_frozen_csv,unavailable_in_frozen_csv,unavailable_in_frozen_csv,True,unavailable_in_frozen_csv,7,exact_final_tree_family_counts
vehicle,4,5,cals,unary_dominant,unavailable_in_frozen_csv,affine,unavailable_in_frozen_csv,unavailable_in_frozen_csv,unavailable_in_frozen_csv,True,unavailable_in_frozen_csv,1,exact_final_tree_family_counts
vehicle,4,5,cals,unary_dominant,unavailable_in_frozen_csv,unary,unavailable_in_frozen_csv,unavailable_in_frozen_csv,unavailable_in_frozen_csv,True,unavailable_in_frozen_csv,4,exact_final_tree_family_counts
vehicle,4,5,cals_compact_explain,unary_dominant,unavailable_in_frozen_csv,square2cnf,unavailable_in_frozen_csv,unavailable_in_frozen_csv,unavailable_in_frozen_csv,True,unavailable_in_frozen_csv,5,exact_final_tree_family_counts
vehicle,4,5,cals_compact_explain,unary_dominant,unavailable_in_frozen_csv,unary,unavailable_in_frozen_csv,unavailable_in_frozen_csv,unavailable_in_frozen_csv,True,unavailable_in_frozen_csv,4,exact_final_tree_family_counts
vehicle,4,7,cals,unary_dominant,unavailable_in_frozen_csv,affine,unavailable_in_frozen_csv,unavailable_in_frozen_csv,unavailable_in_frozen_csv,True,unavailable_in_frozen_csv,1,exact_final_tree_family_counts
vehicle,4,7,cals,unary_dominant,unavailable_in_frozen_csv,unary,unavailable_in_frozen_csv,unavailable_in_frozen_csv,unavailable_in_frozen_csv,True,unavailable_in_frozen_csv,4,exact_final_tree_family_counts
vehicle,4,7,cals_compact_explain,unary_dominant,unavailable_in_frozen_csv,square2cnf,unavailable_in_frozen_csv,unavailable_in_frozen_csv,unavailable_in_frozen_csv,True,unavailable_in_frozen_csv,6,exact_final_tree_family_counts
vehicle,4,7,cals_compact_explain,unary_dominant,unavailable_in_frozen_csv,unary,unavailable_in_frozen_csv,unavailable_in_frozen_csv,unavailable_in_frozen_csv,True,unavailable_in_frozen_csv,4,exact_final_tree_family_counts
vehicle,5,5,cals,unary_dominant,unavailable_in_frozen_csv,horn,unavailable_in_frozen_csv,unavailable_in_frozen_csv,unavailable_in_frozen_csv,True,unavailable_in_frozen_csv,3,exact_final_tree_family_counts
vehicle,5,5,cals,unary_dominant,unavailable_in_frozen_csv,unary,unavailable_in_frozen_csv,unavailable_in_frozen_csv,unavailable_in_frozen_csv,True,unavailable_in_frozen_csv,3,exact_final_tree_family_counts
vehicle,5,5,cals_compact_explain,unary_dominant,unavailable_in_frozen_csv,horn,unavailable_in_frozen_csv,unavailable_in_frozen_csv,unavailable_in_frozen_csv,True,unavailable_in_frozen_csv,3,exact_final_tree_family_counts
vehicle,5,5,cals_compact_explain,unary_dominant,unavailable_in_frozen_csv,unary,unavailable_in_frozen_csv,unavailable_in_frozen_csv,unavailable_in_frozen_csv,True,unavailable_in_frozen_csv,2,exact_final_tree_family_counts
vehicle,5,7,cals,unary_dominant,unavailable_in_frozen_csv,horn,unavailable_in_frozen_csv,unavailable_in_frozen_csv,unavailable_in_frozen_csv,True,unavailable_in_frozen_csv,7,exact_final_tree_family_counts
vehicle,5,7,cals,unary_dominant,unavailable_in_frozen_csv,unary,unavailable_in_frozen_csv,unavailable_in_frozen_csv,unavailable_in_frozen_csv,True,unavailable_in_frozen_csv,3,exact_final_tree_family_counts
vehicle,5,7,cals_compact_explain,unary_dominant,unavailable_in_frozen_csv,horn,unavailable_in_frozen_csv,unavailable_in_frozen_csv,unavailable_in_frozen_csv,True,unavailable_in_frozen_csv,8,exact_final_tree_family_counts
vehicle,5,7,cals_compact_explain,unary_dominant,unavailable_in_frozen_csv,unary,unavailable_in_frozen_csv,unavailable_in_frozen_csv,unavailable_in_frozen_csv,True,unavailable_in_frozen_csv,3,exact_final_tree_family_counts
vehicle,6,5,cals,unary_dominant,unavailable_in_frozen_csv,horn,unavailable_in_frozen_csv,unavailable_in_frozen_csv,unavailable_in_frozen_csv,True,unavailable_in_frozen_csv,3,exact_final_tree_family_counts
vehicle,6,5,cals,unary_dominant,unavailable_in_frozen_csv,unary,unavailable_in_frozen_csv,unavailable_in_frozen_csv,unavailable_in_frozen_csv,True,unavailable_in_frozen_csv,1,exact_final_tree_family_counts
vehicle,6,5,cals_compact_explain,unary_dominant,unavailable_in_frozen_csv,horn,unavailable_in_frozen_csv,unavailable_in_frozen_csv,unavailable_in_frozen_csv,True,unavailable_in_frozen_csv,4,exact_final_tree_family_counts
vehicle,6,5,cals_compact_explain,unary_dominant,unavailable_in_frozen_csv,unary,unavailable_in_frozen_csv,unavailable_in_frozen_csv,unavailable_in_frozen_csv,True,unavailable_in_frozen_csv,1,exact_final_tree_family_counts
vehicle,6,7,cals,unary_dominant,unavailable_in_frozen_csv,horn,unavailable_in_frozen_csv,unavailable_in_frozen_csv,unavailable_in_frozen_csv,True,unavailable_in_frozen_csv,3,exact_final_tree_family_counts
vehicle,6,7,cals,unary_dominant,unavailable_in_frozen_csv,unary,unavailable_in_frozen_csv,unavailable_in_frozen_csv,unavailable_in_frozen_csv,True,unavailable_in_frozen_csv,1,exact_final_tree_family_counts
vehicle,6,7,cals_compact_explain,unary_dominant,unavailable_in_frozen_csv,horn,unavailable_in_frozen_csv,unavailable_in_frozen_csv,unavailable_in_frozen_csv,True,unavailable_in_frozen_csv,4,exact_final_tree_family_counts
vehicle,6,7,cals_compact_explain,unary_dominant,unavailable_in_frozen_csv,unary,unavailable_in_frozen_csv,unavailable_in_frozen_csv,unavailable_in_frozen_csv,True,unavailable_in_frozen_csv,1,exact_final_tree_family_counts
vehicle,7,5,cals,unary_dominant,unavailable_in_frozen_csv,affine,unavailable_in_frozen_csv,unavailable_in_frozen_csv,unavailable_in_frozen_csv,True,unavailable_in_frozen_csv,2,exact_final_tree_family_counts
vehicle,7,5,cals,unary_dominant,unavailable_in_frozen_csv,unary,unavailable_in_frozen_csv,unavailable_in_frozen_csv,unavailable_in_frozen_csv,True,unavailable_in_frozen_csv,3,exact_final_tree_family_counts
vehicle,7,5,cals_compact_explain,unary_dominant,unavailable_in_frozen_csv,affine,unavailable_in_frozen_csv,unavailable_in_frozen_csv,unavailable_in_frozen_csv,True,unavailable_in_frozen_csv,2,exact_final_tree_family_counts
vehicle,7,7,cals,unary_dominant,unavailable_in_frozen_csv,affine,unavailable_in_frozen_csv,unavailable_in_frozen_csv,unavailable_in_frozen_csv,True,unavailable_in_frozen_csv,2,exact_final_tree_family_counts
vehicle,7,7,cals,unary_dominant,unavailable_in_frozen_csv,unary,unavailable_in_frozen_csv,unavailable_in_frozen_csv,unavailable_in_frozen_csv,True,unavailable_in_frozen_csv,3,exact_final_tree_family_counts
vehicle,7,7,cals_compact_explain,unary_dominant,unavailable_in_frozen_csv,affine,unavailable_in_frozen_csv,unavailable_in_frozen_csv,unavailable_in_frozen_csv,True,unavailable_in_frozen_csv,2,exact_final_tree_family_counts
vehicle,8,5,cals,unary_dominant,unavailable_in_frozen_csv,horn,unavailable_in_frozen_csv,unavailable_in_frozen_csv,unavailable_in_frozen_csv,True,unavailable_in_frozen_csv,4,exact_final_tree_family_counts
vehicle,8,5,cals,unary_dominant,unavailable_in_frozen_csv,unary,unavailable_in_frozen_csv,unavailable_in_frozen_csv,unavailable_in_frozen_csv,True,unavailable_in_frozen_csv,1,exact_final_tree_family_counts
vehicle,8,5,cals_compact_explain,unary_dominant,unavailable_in_frozen_csv,horn,unavailable_in_frozen_csv,unavailable_in_frozen_csv,unavailable_in_frozen_csv,True,unavailable_in_frozen_csv,7,exact_final_tree_family_counts
vehicle,8,5,cals_compact_explain,unary_dominant,unavailable_in_frozen_csv,unary,unavailable_in_frozen_csv,unavailable_in_frozen_csv,unavailable_in_frozen_csv,True,unavailable_in_frozen_csv,2,exact_final_tree_family_counts
vehicle,8,7,cals,unary_dominant,unavailable_in_frozen_csv,horn,unavailable_in_frozen_csv,unavailable_in_frozen_csv,unavailable_in_frozen_csv,True,unavailable_in_frozen_csv,4,exact_final_tree_family_counts
vehicle,8,7,cals,unary_dominant,unavailable_in_frozen_csv,unary,unavailable_in_frozen_csv,unavailable_in_frozen_csv,unavailable_in_frozen_csv,True,unavailable_in_frozen_csv,1,exact_final_tree_family_counts
vehicle,8,7,cals_compact_explain,unary_dominant,unavailable_in_frozen_csv,horn,unavailable_in_frozen_csv,unavailable_in_frozen_csv,unavailable_in_frozen_csv,True,unavailable_in_frozen_csv,7,exact_final_tree_family_counts
vehicle,8,7,cals_compact_explain,unary_dominant,unavailable_in_frozen_csv,unary,unavailable_in_frozen_csv,unavailable_in_frozen_csv,unavailable_in_frozen_csv,True,unavailable_in_frozen_csv,2,exact_final_tree_family_counts
vehicle,9,5,cals,unary_dominant,unavailable_in_frozen_csv,horn,unavailable_in_frozen_csv,unavailable_in_frozen_csv,unavailable_in_frozen_csv,True,unavailable_in_frozen_csv,2,exact_final_tree_family_counts
vehicle,9,5,cals,unary_dominant,unavailable_in_frozen_csv,unary,unavailable_in_frozen_csv,unavailable_in_frozen_csv,unavailable_in_frozen_csv,True,unavailable_in_frozen_csv,4,exact_final_tree_family_counts
vehicle,9,5,cals_compact_explain,unary_dominant,unavailable_in_frozen_csv,horn,unavailable_in_frozen_csv,unavailable_in_frozen_csv,unavailable_in_frozen_csv,True,unavailable_in_frozen_csv,1,exact_final_tree_family_counts
vehicle,9,5,cals_compact_explain,unary_dominant,unavailable_in_frozen_csv,unary,unavailable_in_frozen_csv,unavailable_in_frozen_csv,unavailable_in_frozen_csv,True,unavailable_in_frozen_csv,5,exact_final_tree_family_counts
vehicle,9,7,cals,unary_dominant,unavailable_in_frozen_csv,horn,unavailable_in_frozen_csv,unavailable_in_frozen_csv,unavailable_in_frozen_csv,True,unavailable_in_frozen_csv,3,exact_final_tree_family_counts
vehicle,9,7,cals,unary_dominant,unavailable_in_frozen_csv,unary,unavailable_in_frozen_csv,unavailable_in_frozen_csv,unavailable_in_frozen_csv,True,unavailable_in_frozen_csv,4,exact_final_tree_family_counts
vehicle,9,7,cals_compact_explain,unary_dominant,unavailable_in_frozen_csv,horn,unavailable_in_frozen_csv,unavailable_in_frozen_csv,unavailable_in_frozen_csv,True,unavailable_in_frozen_csv,2,exact_final_tree_family_counts
vehicle,9,7,cals_compact_explain,unary_dominant,unavailable_in_frozen_csv,unary,unavailable_in_frozen_csv,unavailable_in_frozen_csv,unavailable_in_frozen_csv,True,unavailable_in_frozen_csv,5,exact_final_tree_family_counts
vote,0,5,cals,square2cnf_interaction,0,unary,unavailable_in_frozen_csv,unavailable_in_frozen_csv,unavailable_in_frozen_csv,True,True,1,exact_final_tree_family_counts
vote,0,5,cals_compact_explain,square2cnf_interaction,unavailable_in_frozen_csv,horn,unavailable_in_frozen_csv,unavailable_in_frozen_csv,unavailable_in_frozen_csv,True,unavailable_in_frozen_csv,1,exact_final_tree_family_counts
vote,0,5,cals_compact_explain,square2cnf_interaction,unavailable_in_frozen_csv,unary,unavailable_in_frozen_csv,unavailable_in_frozen_csv,unavailable_in_frozen_csv,True,unavailable_in_frozen_csv,2,exact_final_tree_family_counts
vote,0,7,cals,square2cnf_interaction,0,unary,unavailable_in_frozen_csv,unavailable_in_frozen_csv,unavailable_in_frozen_csv,True,True,1,exact_final_tree_family_counts
vote,0,7,cals_compact_explain,square2cnf_interaction,unavailable_in_frozen_csv,horn,unavailable_in_frozen_csv,unavailable_in_frozen_csv,unavailable_in_frozen_csv,True,unavailable_in_frozen_csv,1,exact_final_tree_family_counts
vote,0,7,cals_compact_explain,square2cnf_interaction,unavailable_in_frozen_csv,unary,unavailable_in_frozen_csv,unavailable_in_frozen_csv,unavailable_in_frozen_csv,True,unavailable_in_frozen_csv,2,exact_final_tree_family_counts
vote,1,5,cals,square2cnf_interaction,0,square2cnf,unavailable_in_frozen_csv,unavailable_in_frozen_csv,unavailable_in_frozen_csv,True,True,1,exact_final_tree_family_counts
vote,1,5,cals_compact_explain,square2cnf_interaction,0,square2cnf,unavailable_in_frozen_csv,unavailable_in_frozen_csv,unavailable_in_frozen_csv,True,True,1,exact_final_tree_family_counts
vote,1,7,cals,square2cnf_interaction,0,square2cnf,unavailable_in_frozen_csv,unavailable_in_frozen_csv,unavailable_in_frozen_csv,True,True,1,exact_final_tree_family_counts
vote,1,7,cals_compact_explain,square2cnf_interaction,0,square2cnf,unavailable_in_frozen_csv,unavailable_in_frozen_csv,unavailable_in_frozen_csv,True,True,1,exact_final_tree_family_counts
vote,2,5,cals,square2cnf_interaction,0,square2cnf,unavailable_in_frozen_csv,unavailable_in_frozen_csv,unavailable_in_frozen_csv,True,True,1,exact_final_tree_family_counts
vote,2,5,cals_compact_explain,square2cnf_interaction,0,square2cnf,unavailable_in_frozen_csv,unavailable_in_frozen_csv,unavailable_in_frozen_csv,True,True,1,exact_final_tree_family_counts
vote,2,7,cals,square2cnf_interaction,0,square2cnf,unavailable_in_frozen_csv,unavailable_in_frozen_csv,unavailable_in_frozen_csv,True,True,1,exact_final_tree_family_counts
vote,2,7,cals_compact_explain,square2cnf_interaction,0,square2cnf,unavailable_in_frozen_csv,unavailable_in_frozen_csv,unavailable_in_frozen_csv,True,True,1,exact_final_tree_family_counts
vote,3,5,cals,square2cnf_interaction,0,unary,unavailable_in_frozen_csv,unavailable_in_frozen_csv,unavailable_in_frozen_csv,True,True,1,exact_final_tree_family_counts
vote,3,5,cals_compact_explain,square2cnf_interaction,0,unary,unavailable_in_frozen_csv,unavailable_in_frozen_csv,unavailable_in_frozen_csv,True,True,1,exact_final_tree_family_counts
vote,3,7,cals,square2cnf_interaction,0,unary,unavailable_in_frozen_csv,unavailable_in_frozen_csv,unavailable_in_frozen_csv,True,True,1,exact_final_tree_family_counts
vote,3,7,cals_compact_explain,square2cnf_interaction,0,unary,unavailable_in_frozen_csv,unavailable_in_frozen_csv,unavailable_in_frozen_csv,True,True,1,exact_final_tree_family_counts
vote,4,5,cals,square2cnf_interaction,unavailable_in_frozen_csv,square2cnf,unavailable_in_frozen_csv,unavailable_in_frozen_csv,unavailable_in_frozen_csv,True,unavailable_in_frozen_csv,3,exact_final_tree_family_counts
vote,4,5,cals_compact_explain,square2cnf_interaction,unavailable_in_frozen_csv,square2cnf,unavailable_in_frozen_csv,unavailable_in_frozen_csv,unavailable_in_frozen_csv,True,unavailable_in_frozen_csv,3,exact_final_tree_family_counts
vote,4,7,cals,square2cnf_interaction,unavailable_in_frozen_csv,square2cnf,unavailable_in_frozen_csv,unavailable_in_frozen_csv,unavailable_in_frozen_csv,True,unavailable_in_frozen_csv,3,exact_final_tree_family_counts
vote,4,7,cals_compact_explain,square2cnf_interaction,unavailable_in_frozen_csv,square2cnf,unavailable_in_frozen_csv,unavailable_in_frozen_csv,unavailable_in_frozen_csv,True,unavailable_in_frozen_csv,3,exact_final_tree_family_counts
vote,5,5,cals,square2cnf_interaction,unavailable_in_frozen_csv,square2cnf,unavailable_in_frozen_csv,unavailable_in_frozen_csv,unavailable_in_frozen_csv,True,unavailable_in_frozen_csv,3,exact_final_tree_family_counts
vote,5,5,cals_compact_explain,square2cnf_interaction,unavailable_in_frozen_csv,antihorn,unavailable_in_frozen_csv,unavailable_in_frozen_csv,unavailable_in_frozen_csv,True,unavailable_in_frozen_csv,2,exact_final_tree_family_counts
vote,5,5,cals_compact_explain,square2cnf_interaction,unavailable_in_frozen_csv,unary,unavailable_in_frozen_csv,unavailable_in_frozen_csv,unavailable_in_frozen_csv,True,unavailable_in_frozen_csv,1,exact_final_tree_family_counts
vote,5,7,cals,square2cnf_interaction,unavailable_in_frozen_csv,square2cnf,unavailable_in_frozen_csv,unavailable_in_frozen_csv,unavailable_in_frozen_csv,True,unavailable_in_frozen_csv,3,exact_final_tree_family_counts
vote,5,7,cals_compact_explain,square2cnf_interaction,unavailable_in_frozen_csv,antihorn,unavailable_in_frozen_csv,unavailable_in_frozen_csv,unavailable_in_frozen_csv,True,unavailable_in_frozen_csv,2,exact_final_tree_family_counts
vote,5,7,cals_compact_explain,square2cnf_interaction,unavailable_in_frozen_csv,unary,unavailable_in_frozen_csv,unavailable_in_frozen_csv,unavailable_in_frozen_csv,True,unavailable_in_frozen_csv,1,exact_final_tree_family_counts
vote,6,5,cals,square2cnf_interaction,0,square2cnf,unavailable_in_frozen_csv,unavailable_in_frozen_csv,unavailable_in_frozen_csv,True,True,1,exact_final_tree_family_counts
vote,6,5,cals_compact_explain,square2cnf_interaction,unavailable_in_frozen_csv,square2cnf,unavailable_in_frozen_csv,unavailable_in_frozen_csv,unavailable_in_frozen_csv,True,unavailable_in_frozen_csv,2,exact_final_tree_family_counts
vote,6,5,cals_compact_explain,square2cnf_interaction,unavailable_in_frozen_csv,unary,unavailable_in_frozen_csv,unavailable_in_frozen_csv,unavailable_in_frozen_csv,True,unavailable_in_frozen_csv,2,exact_final_tree_family_counts
vote,6,7,cals,square2cnf_interaction,0,square2cnf,unavailable_in_frozen_csv,unavailable_in_frozen_csv,unavailable_in_frozen_csv,True,True,1,exact_final_tree_family_counts
vote,6,7,cals_compact_explain,square2cnf_interaction,unavailable_in_frozen_csv,square2cnf,unavailable_in_frozen_csv,unavailable_in_frozen_csv,unavailable_in_frozen_csv,True,unavailable_in_frozen_csv,2,exact_final_tree_family_counts
vote,6,7,cals_compact_explain,square2cnf_interaction,unavailable_in_frozen_csv,unary,unavailable_in_frozen_csv,unavailable_in_frozen_csv,unavailable_in_frozen_csv,True,unavailable_in_frozen_csv,2,exact_final_tree_family_counts
vote,7,5,cals,square2cnf_interaction,0,square2cnf,unavailable_in_frozen_csv,unavailable_in_frozen_csv,unavailable_in_frozen_csv,True,True,1,exact_final_tree_family_counts
vote,7,5,cals_compact_explain,square2cnf_interaction,unavailable_in_frozen_csv,square2cnf,unavailable_in_frozen_csv,unavailable_in_frozen_csv,unavailable_in_frozen_csv,True,unavailable_in_frozen_csv,5,exact_final_tree_family_counts
vote,7,5,cals_compact_explain,square2cnf_interaction,unavailable_in_frozen_csv,unary,unavailable_in_frozen_csv,unavailable_in_frozen_csv,unavailable_in_frozen_csv,True,unavailable_in_frozen_csv,1,exact_final_tree_family_counts
vote,7,7,cals,square2cnf_interaction,0,square2cnf,unavailable_in_frozen_csv,unavailable_in_frozen_csv,unavailable_in_frozen_csv,True,True,1,exact_final_tree_family_counts
vote,7,7,cals_compact_explain,square2cnf_interaction,unavailable_in_frozen_csv,square2cnf,unavailable_in_frozen_csv,unavailable_in_frozen_csv,unavailable_in_frozen_csv,True,unavailable_in_frozen_csv,5,exact_final_tree_family_counts
vote,7,7,cals_compact_explain,square2cnf_interaction,unavailable_in_frozen_csv,unary,unavailable_in_frozen_csv,unavailable_in_frozen_csv,unavailable_in_frozen_csv,True,unavailable_in_frozen_csv,1,exact_final_tree_family_counts
vote,8,5,cals,square2cnf_interaction,0,horn,unavailable_in_frozen_csv,unavailable_in_frozen_csv,unavailable_in_frozen_csv,True,True,1,exact_final_tree_family_counts
vote,8,5,cals_compact_explain,square2cnf_interaction,0,horn,unavailable_in_frozen_csv,unavailable_in_frozen_csv,unavailable_in_frozen_csv,True,True,1,exact_final_tree_family_counts
vote,8,7,cals,square2cnf_interaction,0,horn,unavailable_in_frozen_csv,unavailable_in_frozen_csv,unavailable_in_frozen_csv,True,True,1,exact_final_tree_family_counts
vote,8,7,cals_compact_explain,square2cnf_interaction,0,horn,unavailable_in_frozen_csv,unavailable_in_frozen_csv,unavailable_in_frozen_csv,True,True,1,exact_final_tree_family_counts
vote,9,5,cals,square2cnf_interaction,unavailable_in_frozen_csv,square2cnf,unavailable_in_frozen_csv,unavailable_in_frozen_csv,unavailable_in_frozen_csv,True,unavailable_in_frozen_csv,3,exact_final_tree_family_counts
vote,9,5,cals_compact_explain,square2cnf_interaction,unavailable_in_frozen_csv,square2cnf,unavailable_in_frozen_csv,unavailable_in_frozen_csv,unavailable_in_frozen_csv,True,unavailable_in_frozen_csv,3,exact_final_tree_family_counts
vote,9,7,cals,square2cnf_interaction,unavailable_in_frozen_csv,square2cnf,unavailable_in_frozen_csv,unavailable_in_frozen_csv,unavailable_in_frozen_csv,True,unavailable_in_frozen_csv,3,exact_final_tree_family_counts
vote,9,7,cals_compact_explain,square2cnf_interaction,unavailable_in_frozen_csv,square2cnf,unavailable_in_frozen_csv,unavailable_in_frozen_csv,unavailable_in_frozen_csv,True,unavailable_in_frozen_csv,3,exact_final_tree_family_counts
wine1-un,0,5,cals_compact_explain,affine_interaction,0,antihorn,unavailable_in_frozen_csv,unavailable_in_frozen_csv,unavailable_in_frozen_csv,True,True,1,exact_final_tree_family_counts
wine1-un,0,7,cals_compact_explain,affine_interaction,unavailable_in_frozen_csv,antihorn,unavailable_in_frozen_csv,unavailable_in_frozen_csv,unavailable_in_frozen_csv,True,unavailable_in_frozen_csv,7,exact_final_tree_family_counts
wine1-un,1,5,cals_compact_explain,affine_interaction,0,affine,unavailable_in_frozen_csv,unavailable_in_frozen_csv,unavailable_in_frozen_csv,True,True,1,exact_final_tree_family_counts
wine1-un,1,7,cals_compact_explain,affine_interaction,0,affine,unavailable_in_frozen_csv,unavailable_in_frozen_csv,unavailable_in_frozen_csv,True,True,1,exact_final_tree_family_counts
wine1-un,2,5,cals_compact_explain,affine_interaction,unavailable_in_frozen_csv,affine,unavailable_in_frozen_csv,unavailable_in_frozen_csv,unavailable_in_frozen_csv,True,unavailable_in_frozen_csv,2,exact_final_tree_family_counts
wine1-un,2,7,cals_compact_explain,affine_interaction,unavailable_in_frozen_csv,affine,unavailable_in_frozen_csv,unavailable_in_frozen_csv,unavailable_in_frozen_csv,True,unavailable_in_frozen_csv,2,exact_final_tree_family_counts
wine1-un,3,5,cals,affine_interaction,0,affine,unavailable_in_frozen_csv,unavailable_in_frozen_csv,unavailable_in_frozen_csv,True,True,1,exact_final_tree_family_counts
wine1-un,3,5,cals_compact_explain,affine_interaction,0,affine,unavailable_in_frozen_csv,unavailable_in_frozen_csv,unavailable_in_frozen_csv,True,True,1,exact_final_tree_family_counts
wine1-un,3,7,cals,affine_interaction,0,affine,unavailable_in_frozen_csv,unavailable_in_frozen_csv,unavailable_in_frozen_csv,True,True,1,exact_final_tree_family_counts
wine1-un,3,7,cals_compact_explain,affine_interaction,0,affine,unavailable_in_frozen_csv,unavailable_in_frozen_csv,unavailable_in_frozen_csv,True,True,1,exact_final_tree_family_counts
wine1-un,4,5,cals_compact_explain,affine_interaction,unavailable_in_frozen_csv,affine,unavailable_in_frozen_csv,unavailable_in_frozen_csv,unavailable_in_frozen_csv,True,unavailable_in_frozen_csv,4,exact_final_tree_family_counts
wine1-un,4,7,cals_compact_explain,affine_interaction,unavailable_in_frozen_csv,affine,unavailable_in_frozen_csv,unavailable_in_frozen_csv,unavailable_in_frozen_csv,True,unavailable_in_frozen_csv,4,exact_final_tree_family_counts
wine1-un,5,5,cals,affine_interaction,unavailable_in_frozen_csv,affine,unavailable_in_frozen_csv,unavailable_in_frozen_csv,unavailable_in_frozen_csv,True,unavailable_in_frozen_csv,5,exact_final_tree_family_counts
wine1-un,5,5,cals_compact_explain,affine_interaction,unavailable_in_frozen_csv,affine,unavailable_in_frozen_csv,unavailable_in_frozen_csv,unavailable_in_frozen_csv,True,unavailable_in_frozen_csv,6,exact_final_tree_family_counts
wine1-un,5,5,cals_compact_explain,affine_interaction,unavailable_in_frozen_csv,unary,unavailable_in_frozen_csv,unavailable_in_frozen_csv,unavailable_in_frozen_csv,True,unavailable_in_frozen_csv,1,exact_final_tree_family_counts
wine1-un,5,7,cals,affine_interaction,unavailable_in_frozen_csv,affine,unavailable_in_frozen_csv,unavailable_in_frozen_csv,unavailable_in_frozen_csv,True,unavailable_in_frozen_csv,5,exact_final_tree_family_counts
wine1-un,5,7,cals_compact_explain,affine_interaction,unavailable_in_frozen_csv,affine,unavailable_in_frozen_csv,unavailable_in_frozen_csv,unavailable_in_frozen_csv,True,unavailable_in_frozen_csv,6,exact_final_tree_family_counts
wine1-un,5,7,cals_compact_explain,affine_interaction,unavailable_in_frozen_csv,unary,unavailable_in_frozen_csv,unavailable_in_frozen_csv,unavailable_in_frozen_csv,True,unavailable_in_frozen_csv,1,exact_final_tree_family_counts
wine1-un,6,5,cals_compact_explain,affine_interaction,0,affine,unavailable_in_frozen_csv,unavailable_in_frozen_csv,unavailable_in_frozen_csv,True,True,1,exact_final_tree_family_counts
wine1-un,6,7,cals_compact_explain,affine_interaction,0,affine,unavailable_in_frozen_csv,unavailable_in_frozen_csv,unavailable_in_frozen_csv,True,True,1,exact_final_tree_family_counts
wine1-un,7,5,cals,affine_interaction,unavailable_in_frozen_csv,affine,unavailable_in_frozen_csv,unavailable_in_frozen_csv,unavailable_in_frozen_csv,True,unavailable_in_frozen_csv,5,exact_final_tree_family_counts
wine1-un,7,5,cals_compact_explain,affine_interaction,unavailable_in_frozen_csv,affine,unavailable_in_frozen_csv,unavailable_in_frozen_csv,unavailable_in_frozen_csv,True,unavailable_in_frozen_csv,5,exact_final_tree_family_counts
wine1-un,7,7,cals,affine_interaction,unavailable_in_frozen_csv,affine,unavailable_in_frozen_csv,unavailable_in_frozen_csv,unavailable_in_frozen_csv,True,unavailable_in_frozen_csv,5,exact_final_tree_family_counts
wine1-un,7,7,cals_compact_explain,affine_interaction,unavailable_in_frozen_csv,affine,unavailable_in_frozen_csv,unavailable_in_frozen_csv,unavailable_in_frozen_csv,True,unavailable_in_frozen_csv,5,exact_final_tree_family_counts
wine1-un,8,5,cals_compact_explain,affine_interaction,0,affine,unavailable_in_frozen_csv,unavailable_in_frozen_csv,unavailable_in_frozen_csv,True,True,1,exact_final_tree_family_counts
wine1-un,8,7,cals_compact_explain,affine_interaction,0,affine,unavailable_in_frozen_csv,unavailable_in_frozen_csv,unavailable_in_frozen_csv,True,True,1,exact_final_tree_family_counts
wine1-un,9,5,cals_compact_explain,affine_interaction,unavailable_in_frozen_csv,antihorn,unavailable_in_frozen_csv,unavailable_in_frozen_csv,unavailable_in_frozen_csv,True,unavailable_in_frozen_csv,2,exact_final_tree_family_counts
wine1-un,9,5,cals_compact_explain,affine_interaction,unavailable_in_frozen_csv,unary,unavailable_in_frozen_csv,unavailable_in_frozen_csv,unavailable_in_frozen_csv,True,unavailable_in_frozen_csv,1,exact_final_tree_family_counts
wine1-un,9,7,cals_compact_explain,affine_interaction,unavailable_in_frozen_csv,antihorn,unavailable_in_frozen_csv,unavailable_in_frozen_csv,unavailable_in_frozen_csv,True,unavailable_in_frozen_csv,8,exact_final_tree_family_counts
wine1-un,9,7,cals_compact_explain,affine_interaction,unavailable_in_frozen_csv,unary,unavailable_in_frozen_csv,unavailable_in_frozen_csv,unavailable_in_frozen_csv,True,unavailable_in_frozen_csv,2,exact_final_tree_family_counts
wine2-un,0,5,cals,affine_interaction,unavailable_in_frozen_csv,affine,unavailable_in_frozen_csv,unavailable_in_frozen_csv,unavailable_in_frozen_csv,True,unavailable_in_frozen_csv,4,exact_final_tree_family_counts
wine2-un,0,5,cals_compact_explain,affine_interaction,unavailable_in_frozen_csv,affine,unavailable_in_frozen_csv,unavailable_in_frozen_csv,unavailable_in_frozen_csv,True,unavailable_in_frozen_csv,4,exact_final_tree_family_counts
wine2-un,0,7,cals,affine_interaction,unavailable_in_frozen_csv,affine,unavailable_in_frozen_csv,unavailable_in_frozen_csv,unavailable_in_frozen_csv,True,unavailable_in_frozen_csv,4,exact_final_tree_family_counts
wine2-un,0,7,cals_compact_explain,affine_interaction,unavailable_in_frozen_csv,affine,unavailable_in_frozen_csv,unavailable_in_frozen_csv,unavailable_in_frozen_csv,True,unavailable_in_frozen_csv,4,exact_final_tree_family_counts
wine2-un,1,5,cals,affine_interaction,unavailable_in_frozen_csv,affine,unavailable_in_frozen_csv,unavailable_in_frozen_csv,unavailable_in_frozen_csv,True,unavailable_in_frozen_csv,5,exact_final_tree_family_counts
wine2-un,1,5,cals_compact_explain,affine_interaction,unavailable_in_frozen_csv,affine,unavailable_in_frozen_csv,unavailable_in_frozen_csv,unavailable_in_frozen_csv,True,unavailable_in_frozen_csv,5,exact_final_tree_family_counts
wine2-un,1,5,cals_compact_explain,affine_interaction,unavailable_in_frozen_csv,unary,unavailable_in_frozen_csv,unavailable_in_frozen_csv,unavailable_in_frozen_csv,True,unavailable_in_frozen_csv,1,exact_final_tree_family_counts
wine2-un,1,7,cals,affine_interaction,unavailable_in_frozen_csv,affine,unavailable_in_frozen_csv,unavailable_in_frozen_csv,unavailable_in_frozen_csv,True,unavailable_in_frozen_csv,6,exact_final_tree_family_counts
wine2-un,1,7,cals_compact_explain,affine_interaction,unavailable_in_frozen_csv,affine,unavailable_in_frozen_csv,unavailable_in_frozen_csv,unavailable_in_frozen_csv,True,unavailable_in_frozen_csv,7,exact_final_tree_family_counts
wine2-un,1,7,cals_compact_explain,affine_interaction,unavailable_in_frozen_csv,unary,unavailable_in_frozen_csv,unavailable_in_frozen_csv,unavailable_in_frozen_csv,True,unavailable_in_frozen_csv,1,exact_final_tree_family_counts
wine2-un,2,5,cals,affine_interaction,unavailable_in_frozen_csv,affine,unavailable_in_frozen_csv,unavailable_in_frozen_csv,unavailable_in_frozen_csv,True,unavailable_in_frozen_csv,5,exact_final_tree_family_counts
wine2-un,2,5,cals_compact_explain,affine_interaction,unavailable_in_frozen_csv,affine,unavailable_in_frozen_csv,unavailable_in_frozen_csv,unavailable_in_frozen_csv,True,unavailable_in_frozen_csv,5,exact_final_tree_family_counts
wine2-un,2,7,cals,affine_interaction,unavailable_in_frozen_csv,affine,unavailable_in_frozen_csv,unavailable_in_frozen_csv,unavailable_in_frozen_csv,True,unavailable_in_frozen_csv,5,exact_final_tree_family_counts
wine2-un,2,7,cals_compact_explain,affine_interaction,unavailable_in_frozen_csv,affine,unavailable_in_frozen_csv,unavailable_in_frozen_csv,unavailable_in_frozen_csv,True,unavailable_in_frozen_csv,5,exact_final_tree_family_counts
wine2-un,2,7,cals_compact_explain,affine_interaction,unavailable_in_frozen_csv,unary,unavailable_in_frozen_csv,unavailable_in_frozen_csv,unavailable_in_frozen_csv,True,unavailable_in_frozen_csv,1,exact_final_tree_family_counts
wine2-un,3,5,cals,affine_interaction,unavailable_in_frozen_csv,affine,unavailable_in_frozen_csv,unavailable_in_frozen_csv,unavailable_in_frozen_csv,True,unavailable_in_frozen_csv,5,exact_final_tree_family_counts
wine2-un,3,5,cals_compact_explain,affine_interaction,unavailable_in_frozen_csv,affine,unavailable_in_frozen_csv,unavailable_in_frozen_csv,unavailable_in_frozen_csv,True,unavailable_in_frozen_csv,5,exact_final_tree_family_counts
wine2-un,3,7,cals,affine_interaction,unavailable_in_frozen_csv,affine,unavailable_in_frozen_csv,unavailable_in_frozen_csv,unavailable_in_frozen_csv,True,unavailable_in_frozen_csv,5,exact_final_tree_family_counts
wine2-un,3,7,cals_compact_explain,affine_interaction,unavailable_in_frozen_csv,affine,unavailable_in_frozen_csv,unavailable_in_frozen_csv,unavailable_in_frozen_csv,True,unavailable_in_frozen_csv,6,exact_final_tree_family_counts
wine2-un,4,5,cals,affine_interaction,0,affine,unavailable_in_frozen_csv,unavailable_in_frozen_csv,unavailable_in_frozen_csv,True,True,1,exact_final_tree_family_counts
wine2-un,4,5,cals_compact_explain,affine_interaction,unavailable_in_frozen_csv,affine,unavailable_in_frozen_csv,unavailable_in_frozen_csv,unavailable_in_frozen_csv,True,unavailable_in_frozen_csv,1,exact_final_tree_family_counts
wine2-un,4,5,cals_compact_explain,affine_interaction,unavailable_in_frozen_csv,unary,unavailable_in_frozen_csv,unavailable_in_frozen_csv,unavailable_in_frozen_csv,True,unavailable_in_frozen_csv,1,exact_final_tree_family_counts
wine2-un,4,7,cals,affine_interaction,0,affine,unavailable_in_frozen_csv,unavailable_in_frozen_csv,unavailable_in_frozen_csv,True,True,1,exact_final_tree_family_counts
wine2-un,4,7,cals_compact_explain,affine_interaction,unavailable_in_frozen_csv,affine,unavailable_in_frozen_csv,unavailable_in_frozen_csv,unavailable_in_frozen_csv,True,unavailable_in_frozen_csv,1,exact_final_tree_family_counts
wine2-un,4,7,cals_compact_explain,affine_interaction,unavailable_in_frozen_csv,unary,unavailable_in_frozen_csv,unavailable_in_frozen_csv,unavailable_in_frozen_csv,True,unavailable_in_frozen_csv,1,exact_final_tree_family_counts
wine2-un,5,5,cals,affine_interaction,unavailable_in_frozen_csv,affine,unavailable_in_frozen_csv,unavailable_in_frozen_csv,unavailable_in_frozen_csv,True,unavailable_in_frozen_csv,4,exact_final_tree_family_counts
wine2-un,5,5,cals_compact_explain,affine_interaction,unavailable_in_frozen_csv,affine,unavailable_in_frozen_csv,unavailable_in_frozen_csv,unavailable_in_frozen_csv,True,unavailable_in_frozen_csv,4,exact_final_tree_family_counts
wine2-un,5,5,cals_compact_explain,affine_interaction,unavailable_in_frozen_csv,unary,unavailable_in_frozen_csv,unavailable_in_frozen_csv,unavailable_in_frozen_csv,True,unavailable_in_frozen_csv,3,exact_final_tree_family_counts
wine2-un,5,7,cals,affine_interaction,unavailable_in_frozen_csv,affine,unavailable_in_frozen_csv,unavailable_in_frozen_csv,unavailable_in_frozen_csv,True,unavailable_in_frozen_csv,4,exact_final_tree_family_counts
wine2-un,5,7,cals_compact_explain,affine_interaction,unavailable_in_frozen_csv,affine,unavailable_in_frozen_csv,unavailable_in_frozen_csv,unavailable_in_frozen_csv,True,unavailable_in_frozen_csv,4,exact_final_tree_family_counts
wine2-un,5,7,cals_compact_explain,affine_interaction,unavailable_in_frozen_csv,unary,unavailable_in_frozen_csv,unavailable_in_frozen_csv,unavailable_in_frozen_csv,True,unavailable_in_frozen_csv,3,exact_final_tree_family_counts
wine2-un,6,5,cals,affine_interaction,unavailable_in_frozen_csv,affine,unavailable_in_frozen_csv,unavailable_in_frozen_csv,unavailable_in_frozen_csv,True,unavailable_in_frozen_csv,2,exact_final_tree_family_counts
wine2-un,6,5,cals_compact_explain,affine_interaction,unavailable_in_frozen_csv,affine,unavailable_in_frozen_csv,unavailable_in_frozen_csv,unavailable_in_frozen_csv,True,unavailable_in_frozen_csv,2,exact_final_tree_family_counts
wine2-un,6,5,cals_compact_explain,affine_interaction,unavailable_in_frozen_csv,unary,unavailable_in_frozen_csv,unavailable_in_frozen_csv,unavailable_in_frozen_csv,True,unavailable_in_frozen_csv,1,exact_final_tree_family_counts
wine2-un,6,7,cals,affine_interaction,unavailable_in_frozen_csv,affine,unavailable_in_frozen_csv,unavailable_in_frozen_csv,unavailable_in_frozen_csv,True,unavailable_in_frozen_csv,2,exact_final_tree_family_counts
wine2-un,6,7,cals_compact_explain,affine_interaction,unavailable_in_frozen_csv,affine,unavailable_in_frozen_csv,unavailable_in_frozen_csv,unavailable_in_frozen_csv,True,unavailable_in_frozen_csv,2,exact_final_tree_family_counts
wine2-un,6,7,cals_compact_explain,affine_interaction,unavailable_in_frozen_csv,unary,unavailable_in_frozen_csv,unavailable_in_frozen_csv,unavailable_in_frozen_csv,True,unavailable_in_frozen_csv,1,exact_final_tree_family_counts
wine2-un,7,5,cals_compact_explain,affine_interaction,0,affine,unavailable_in_frozen_csv,unavailable_in_frozen_csv,unavailable_in_frozen_csv,True,True,1,exact_final_tree_family_counts
wine2-un,7,7,cals_compact_explain,affine_interaction,unavailable_in_frozen_csv,affine,unavailable_in_frozen_csv,unavailable_in_frozen_csv,unavailable_in_frozen_csv,True,unavailable_in_frozen_csv,6,exact_final_tree_family_counts
wine2-un,7,7,cals_compact_explain,affine_interaction,unavailable_in_frozen_csv,unary,unavailable_in_frozen_csv,unavailable_in_frozen_csv,unavailable_in_frozen_csv,True,unavailable_in_frozen_csv,1,exact_final_tree_family_counts
wine2-un,8,5,cals,affine_interaction,0,affine,unavailable_in_frozen_csv,unavailable_in_frozen_csv,unavailable_in_frozen_csv,True,True,1,exact_final_tree_family_counts
wine2-un,8,5,cals_compact_explain,affine_interaction,0,affine,unavailable_in_frozen_csv,unavailable_in_frozen_csv,unavailable_in_frozen_csv,True,True,1,exact_final_tree_family_counts
wine2-un,8,7,cals,affine_interaction,0,affine,unavailable_in_frozen_csv,unavailable_in_frozen_csv,unavailable_in_frozen_csv,True,True,1,exact_final_tree_family_counts
wine2-un,8,7,cals_compact_explain,affine_interaction,0,affine,unavailable_in_frozen_csv,unavailable_in_frozen_csv,unavailable_in_frozen_csv,True,True,1,exact_final_tree_family_counts
wine2-un,9,5,cals,affine_interaction,unavailable_in_frozen_csv,affine,unavailable_in_frozen_csv,unavailable_in_frozen_csv,unavailable_in_frozen_csv,True,unavailable_in_frozen_csv,3,exact_final_tree_family_counts
wine2-un,9,5,cals_compact_explain,affine_interaction,unavailable_in_frozen_csv,affine,unavailable_in_frozen_csv,unavailable_in_frozen_csv,unavailable_in_frozen_csv,True,unavailable_in_frozen_csv,3,exact_final_tree_family_counts
wine2-un,9,5,cals_compact_explain,affine_interaction,unavailable_in_frozen_csv,unary,unavailable_in_frozen_csv,unavailable_in_frozen_csv,unavailable_in_frozen_csv,True,unavailable_in_frozen_csv,1,exact_final_tree_family_counts
wine2-un,9,7,cals,affine_interaction,unavailable_in_frozen_csv,affine,unavailable_in_frozen_csv,unavailable_in_frozen_csv,unavailable_in_frozen_csv,True,unavailable_in_frozen_csv,6,exact_final_tree_family_counts
wine2-un,9,7,cals_compact_explain,affine_interaction,unavailable_in_frozen_csv,affine,unavailable_in_frozen_csv,unavailable_in_frozen_csv,unavailable_in_frozen_csv,True,unavailable_in_frozen_csv,6,exact_final_tree_family_counts
wine2-un,9,7,cals_compact_explain,affine_interaction,unavailable_in_frozen_csv,unary,unavailable_in_frozen_csv,unavailable_in_frozen_csv,unavailable_in_frozen_csv,True,unavailable_in_frozen_csv,1,exact_final_tree_family_counts
wine3-un,0,5,cals_compact_explain,affine_interaction,0,affine,unavailable_in_frozen_csv,unavailable_in_frozen_csv,unavailable_in_frozen_csv,True,True,1,exact_final_tree_family_counts
wine3-un,0,7,cals_compact_explain,affine_interaction,0,affine,unavailable_in_frozen_csv,unavailable_in_frozen_csv,unavailable_in_frozen_csv,True,True,1,exact_final_tree_family_counts
wine3-un,1,5,cals,affine_interaction,unavailable_in_frozen_csv,affine,unavailable_in_frozen_csv,unavailable_in_frozen_csv,unavailable_in_frozen_csv,True,unavailable_in_frozen_csv,3,exact_final_tree_family_counts
wine3-un,1,5,cals_compact_explain,affine_interaction,unavailable_in_frozen_csv,affine,unavailable_in_frozen_csv,unavailable_in_frozen_csv,unavailable_in_frozen_csv,True,unavailable_in_frozen_csv,3,exact_final_tree_family_counts
wine3-un,1,7,cals,affine_interaction,unavailable_in_frozen_csv,affine,unavailable_in_frozen_csv,unavailable_in_frozen_csv,unavailable_in_frozen_csv,True,unavailable_in_frozen_csv,3,exact_final_tree_family_counts
wine3-un,1,7,cals_compact_explain,affine_interaction,unavailable_in_frozen_csv,affine,unavailable_in_frozen_csv,unavailable_in_frozen_csv,unavailable_in_frozen_csv,True,unavailable_in_frozen_csv,3,exact_final_tree_family_counts
wine3-un,2,5,cals,affine_interaction,unavailable_in_frozen_csv,affine,unavailable_in_frozen_csv,unavailable_in_frozen_csv,unavailable_in_frozen_csv,True,unavailable_in_frozen_csv,3,exact_final_tree_family_counts
wine3-un,2,5,cals_compact_explain,affine_interaction,unavailable_in_frozen_csv,affine,unavailable_in_frozen_csv,unavailable_in_frozen_csv,unavailable_in_frozen_csv,True,unavailable_in_frozen_csv,3,exact_final_tree_family_counts
wine3-un,2,7,cals,affine_interaction,unavailable_in_frozen_csv,affine,unavailable_in_frozen_csv,unavailable_in_frozen_csv,unavailable_in_frozen_csv,True,unavailable_in_frozen_csv,3,exact_final_tree_family_counts
wine3-un,2,7,cals_compact_explain,affine_interaction,unavailable_in_frozen_csv,affine,unavailable_in_frozen_csv,unavailable_in_frozen_csv,unavailable_in_frozen_csv,True,unavailable_in_frozen_csv,3,exact_final_tree_family_counts
wine3-un,3,5,cals,affine_interaction,unavailable_in_frozen_csv,affine,unavailable_in_frozen_csv,unavailable_in_frozen_csv,unavailable_in_frozen_csv,True,unavailable_in_frozen_csv,3,exact_final_tree_family_counts
wine3-un,3,5,cals_compact_explain,affine_interaction,unavailable_in_frozen_csv,affine,unavailable_in_frozen_csv,unavailable_in_frozen_csv,unavailable_in_frozen_csv,True,unavailable_in_frozen_csv,3,exact_final_tree_family_counts
wine3-un,3,7,cals,affine_interaction,unavailable_in_frozen_csv,affine,unavailable_in_frozen_csv,unavailable_in_frozen_csv,unavailable_in_frozen_csv,True,unavailable_in_frozen_csv,3,exact_final_tree_family_counts
wine3-un,3,7,cals_compact_explain,affine_interaction,unavailable_in_frozen_csv,affine,unavailable_in_frozen_csv,unavailable_in_frozen_csv,unavailable_in_frozen_csv,True,unavailable_in_frozen_csv,3,exact_final_tree_family_counts
wine3-un,4,5,cals,affine_interaction,0,affine,unavailable_in_frozen_csv,unavailable_in_frozen_csv,unavailable_in_frozen_csv,True,True,1,exact_final_tree_family_counts
wine3-un,4,5,cals_compact_explain,affine_interaction,0,affine,unavailable_in_frozen_csv,unavailable_in_frozen_csv,unavailable_in_frozen_csv,True,True,1,exact_final_tree_family_counts
wine3-un,4,7,cals,affine_interaction,0,affine,unavailable_in_frozen_csv,unavailable_in_frozen_csv,unavailable_in_frozen_csv,True,True,1,exact_final_tree_family_counts
wine3-un,4,7,cals_compact_explain,affine_interaction,0,affine,unavailable_in_frozen_csv,unavailable_in_frozen_csv,unavailable_in_frozen_csv,True,True,1,exact_final_tree_family_counts
wine3-un,5,5,cals,affine_interaction,0,affine,unavailable_in_frozen_csv,unavailable_in_frozen_csv,unavailable_in_frozen_csv,True,True,1,exact_final_tree_family_counts
wine3-un,5,5,cals_compact_explain,affine_interaction,0,affine,unavailable_in_frozen_csv,unavailable_in_frozen_csv,unavailable_in_frozen_csv,True,True,1,exact_final_tree_family_counts
wine3-un,5,7,cals,affine_interaction,0,affine,unavailable_in_frozen_csv,unavailable_in_frozen_csv,unavailable_in_frozen_csv,True,True,1,exact_final_tree_family_counts
wine3-un,5,7,cals_compact_explain,affine_interaction,0,affine,unavailable_in_frozen_csv,unavailable_in_frozen_csv,unavailable_in_frozen_csv,True,True,1,exact_final_tree_family_counts
wine3-un,6,5,cals,affine_interaction,unavailable_in_frozen_csv,affine,unavailable_in_frozen_csv,unavailable_in_frozen_csv,unavailable_in_frozen_csv,True,unavailable_in_frozen_csv,3,exact_final_tree_family_counts
wine3-un,6,5,cals_compact_explain,affine_interaction,unavailable_in_frozen_csv,affine,unavailable_in_frozen_csv,unavailable_in_frozen_csv,unavailable_in_frozen_csv,True,unavailable_in_frozen_csv,3,exact_final_tree_family_counts
wine3-un,6,7,cals,affine_interaction,unavailable_in_frozen_csv,affine,unavailable_in_frozen_csv,unavailable_in_frozen_csv,unavailable_in_frozen_csv,True,unavailable_in_frozen_csv,3,exact_final_tree_family_counts
wine3-un,6,7,cals_compact_explain,affine_interaction,unavailable_in_frozen_csv,affine,unavailable_in_frozen_csv,unavailable_in_frozen_csv,unavailable_in_frozen_csv,True,unavailable_in_frozen_csv,3,exact_final_tree_family_counts
wine3-un,7,5,cals_compact_explain,affine_interaction,0,affine,unavailable_in_frozen_csv,unavailable_in_frozen_csv,unavailable_in_frozen_csv,True,True,1,exact_final_tree_family_counts
wine3-un,7,7,cals_compact_explain,affine_interaction,0,affine,unavailable_in_frozen_csv,unavailable_in_frozen_csv,unavailable_in_frozen_csv,True,True,1,exact_final_tree_family_counts
wine3-un,8,5,cals_compact_explain,affine_interaction,unavailable_in_frozen_csv,affine,unavailable_in_frozen_csv,unavailable_in_frozen_csv,unavailable_in_frozen_csv,True,unavailable_in_frozen_csv,1,exact_final_tree_family_counts
wine3-un,8,5,cals_compact_explain,affine_interaction,unavailable_in_frozen_csv,unary,unavailable_in_frozen_csv,unavailable_in_frozen_csv,unavailable_in_frozen_csv,True,unavailable_in_frozen_csv,1,exact_final_tree_family_counts
wine3-un,8,7,cals_compact_explain,affine_interaction,unavailable_in_frozen_csv,affine,unavailable_in_frozen_csv,unavailable_in_frozen_csv,unavailable_in_frozen_csv,True,unavailable_in_frozen_csv,1,exact_final_tree_family_counts
wine3-un,8,7,cals_compact_explain,affine_interaction,unavailable_in_frozen_csv,unary,unavailable_in_frozen_csv,unavailable_in_frozen_csv,unavailable_in_frozen_csv,True,unavailable_in_frozen_csv,1,exact_final_tree_family_counts
wine3-un,9,5,cals_compact_explain,affine_interaction,0,antihorn,unavailable_in_frozen_csv,unavailable_in_frozen_csv,unavailable_in_frozen_csv,True,True,1,exact_final_tree_family_counts
wine3-un,9,7,cals_compact_explain,affine_interaction,0,antihorn,unavailable_in_frozen_csv,unavailable_in_frozen_csv,unavailable_in_frozen_csv,True,True,1,exact_final_tree_family_counts
yeast,0,5,cals,unary_dominant,unavailable_in_frozen_csv,affine,unavailable_in_frozen_csv,unavailable_in_frozen_csv,unavailable_in_frozen_csv,True,unavailable_in_frozen_csv,4,exact_final_tree_family_counts
yeast,0,5,cals,unary_dominant,unavailable_in_frozen_csv,horn,unavailable_in_frozen_csv,unavailable_in_frozen_csv,unavailable_in_frozen_csv,True,unavailable_in_frozen_csv,3,exact_final_tree_family_counts
yeast,0,5,cals,unary_dominant,unavailable_in_frozen_csv,unary,unavailable_in_frozen_csv,unavailable_in_frozen_csv,unavailable_in_frozen_csv,True,unavailable_in_frozen_csv,1,exact_final_tree_family_counts
yeast,0,5,cals_compact_explain,unary_dominant,unavailable_in_frozen_csv,affine,unavailable_in_frozen_csv,unavailable_in_frozen_csv,unavailable_in_frozen_csv,True,unavailable_in_frozen_csv,2,exact_final_tree_family_counts
yeast,0,5,cals_compact_explain,unary_dominant,unavailable_in_frozen_csv,unary,unavailable_in_frozen_csv,unavailable_in_frozen_csv,unavailable_in_frozen_csv,True,unavailable_in_frozen_csv,3,exact_final_tree_family_counts
yeast,0,7,cals,unary_dominant,unavailable_in_frozen_csv,affine,unavailable_in_frozen_csv,unavailable_in_frozen_csv,unavailable_in_frozen_csv,True,unavailable_in_frozen_csv,6,exact_final_tree_family_counts
yeast,0,7,cals,unary_dominant,unavailable_in_frozen_csv,horn,unavailable_in_frozen_csv,unavailable_in_frozen_csv,unavailable_in_frozen_csv,True,unavailable_in_frozen_csv,3,exact_final_tree_family_counts
yeast,0,7,cals,unary_dominant,unavailable_in_frozen_csv,unary,unavailable_in_frozen_csv,unavailable_in_frozen_csv,unavailable_in_frozen_csv,True,unavailable_in_frozen_csv,2,exact_final_tree_family_counts
yeast,0,7,cals_compact_explain,unary_dominant,unavailable_in_frozen_csv,affine,unavailable_in_frozen_csv,unavailable_in_frozen_csv,unavailable_in_frozen_csv,True,unavailable_in_frozen_csv,2,exact_final_tree_family_counts
yeast,0,7,cals_compact_explain,unary_dominant,unavailable_in_frozen_csv,unary,unavailable_in_frozen_csv,unavailable_in_frozen_csv,unavailable_in_frozen_csv,True,unavailable_in_frozen_csv,3,exact_final_tree_family_counts
yeast,1,5,cals,unary_dominant,unavailable_in_frozen_csv,horn,unavailable_in_frozen_csv,unavailable_in_frozen_csv,unavailable_in_frozen_csv,True,unavailable_in_frozen_csv,2,exact_final_tree_family_counts
yeast,1,5,cals,unary_dominant,unavailable_in_frozen_csv,unary,unavailable_in_frozen_csv,unavailable_in_frozen_csv,unavailable_in_frozen_csv,True,unavailable_in_frozen_csv,1,exact_final_tree_family_counts
yeast,1,5,cals_compact_explain,unary_dominant,0,horn,unavailable_in_frozen_csv,unavailable_in_frozen_csv,unavailable_in_frozen_csv,True,True,1,exact_final_tree_family_counts
yeast,1,7,cals,unary_dominant,unavailable_in_frozen_csv,horn,unavailable_in_frozen_csv,unavailable_in_frozen_csv,unavailable_in_frozen_csv,True,unavailable_in_frozen_csv,13,exact_final_tree_family_counts
yeast,1,7,cals,unary_dominant,unavailable_in_frozen_csv,unary,unavailable_in_frozen_csv,unavailable_in_frozen_csv,unavailable_in_frozen_csv,True,unavailable_in_frozen_csv,8,exact_final_tree_family_counts
yeast,1,7,cals_compact_explain,unary_dominant,unavailable_in_frozen_csv,horn,unavailable_in_frozen_csv,unavailable_in_frozen_csv,unavailable_in_frozen_csv,True,unavailable_in_frozen_csv,9,exact_final_tree_family_counts
yeast,1,7,cals_compact_explain,unary_dominant,unavailable_in_frozen_csv,unary,unavailable_in_frozen_csv,unavailable_in_frozen_csv,unavailable_in_frozen_csv,True,unavailable_in_frozen_csv,2,exact_final_tree_family_counts
yeast,2,5,cals,unary_dominant,unavailable_in_frozen_csv,horn,unavailable_in_frozen_csv,unavailable_in_frozen_csv,unavailable_in_frozen_csv,True,unavailable_in_frozen_csv,5,exact_final_tree_family_counts
yeast,2,5,cals_compact_explain,unary_dominant,unavailable_in_frozen_csv,affine,unavailable_in_frozen_csv,unavailable_in_frozen_csv,unavailable_in_frozen_csv,True,unavailable_in_frozen_csv,2,exact_final_tree_family_counts
yeast,2,5,cals_compact_explain,unary_dominant,unavailable_in_frozen_csv,unary,unavailable_in_frozen_csv,unavailable_in_frozen_csv,unavailable_in_frozen_csv,True,unavailable_in_frozen_csv,2,exact_final_tree_family_counts
yeast,2,7,cals,unary_dominant,unavailable_in_frozen_csv,horn,unavailable_in_frozen_csv,unavailable_in_frozen_csv,unavailable_in_frozen_csv,True,unavailable_in_frozen_csv,12,exact_final_tree_family_counts
yeast,2,7,cals,unary_dominant,unavailable_in_frozen_csv,unary,unavailable_in_frozen_csv,unavailable_in_frozen_csv,unavailable_in_frozen_csv,True,unavailable_in_frozen_csv,3,exact_final_tree_family_counts
yeast,2,7,cals_compact_explain,unary_dominant,unavailable_in_frozen_csv,affine,unavailable_in_frozen_csv,unavailable_in_frozen_csv,unavailable_in_frozen_csv,True,unavailable_in_frozen_csv,18,exact_final_tree_family_counts
yeast,2,7,cals_compact_explain,unary_dominant,unavailable_in_frozen_csv,unary,unavailable_in_frozen_csv,unavailable_in_frozen_csv,unavailable_in_frozen_csv,True,unavailable_in_frozen_csv,9,exact_final_tree_family_counts
yeast,3,5,cals,unary_dominant,unavailable_in_frozen_csv,horn,unavailable_in_frozen_csv,unavailable_in_frozen_csv,unavailable_in_frozen_csv,True,unavailable_in_frozen_csv,6,exact_final_tree_family_counts
yeast,3,5,cals,unary_dominant,unavailable_in_frozen_csv,unary,unavailable_in_frozen_csv,unavailable_in_frozen_csv,unavailable_in_frozen_csv,True,unavailable_in_frozen_csv,1,exact_final_tree_family_counts
yeast,3,5,cals_compact_explain,unary_dominant,unavailable_in_frozen_csv,affine,unavailable_in_frozen_csv,unavailable_in_frozen_csv,unavailable_in_frozen_csv,True,unavailable_in_frozen_csv,4,exact_final_tree_family_counts
yeast,3,5,cals_compact_explain,unary_dominant,unavailable_in_frozen_csv,unary,unavailable_in_frozen_csv,unavailable_in_frozen_csv,unavailable_in_frozen_csv,True,unavailable_in_frozen_csv,1,exact_final_tree_family_counts
yeast,3,7,cals,unary_dominant,unavailable_in_frozen_csv,horn,unavailable_in_frozen_csv,unavailable_in_frozen_csv,unavailable_in_frozen_csv,True,unavailable_in_frozen_csv,13,exact_final_tree_family_counts
yeast,3,7,cals,unary_dominant,unavailable_in_frozen_csv,unary,unavailable_in_frozen_csv,unavailable_in_frozen_csv,unavailable_in_frozen_csv,True,unavailable_in_frozen_csv,1,exact_final_tree_family_counts
yeast,3,7,cals_compact_explain,unary_dominant,unavailable_in_frozen_csv,affine,unavailable_in_frozen_csv,unavailable_in_frozen_csv,unavailable_in_frozen_csv,True,unavailable_in_frozen_csv,6,exact_final_tree_family_counts
yeast,3,7,cals_compact_explain,unary_dominant,unavailable_in_frozen_csv,unary,unavailable_in_frozen_csv,unavailable_in_frozen_csv,unavailable_in_frozen_csv,True,unavailable_in_frozen_csv,2,exact_final_tree_family_counts
yeast,4,5,cals,unary_dominant,unavailable_in_frozen_csv,horn,unavailable_in_frozen_csv,unavailable_in_frozen_csv,unavailable_in_frozen_csv,True,unavailable_in_frozen_csv,8,exact_final_tree_family_counts
yeast,4,5,cals,unary_dominant,unavailable_in_frozen_csv,unary,unavailable_in_frozen_csv,unavailable_in_frozen_csv,unavailable_in_frozen_csv,True,unavailable_in_frozen_csv,2,exact_final_tree_family_counts
yeast,4,5,cals_compact_explain,unary_dominant,unavailable_in_frozen_csv,horn,unavailable_in_frozen_csv,unavailable_in_frozen_csv,unavailable_in_frozen_csv,True,unavailable_in_frozen_csv,7,exact_final_tree_family_counts
yeast,4,5,cals_compact_explain,unary_dominant,unavailable_in_frozen_csv,unary,unavailable_in_frozen_csv,unavailable_in_frozen_csv,unavailable_in_frozen_csv,True,unavailable_in_frozen_csv,1,exact_final_tree_family_counts
yeast,4,7,cals,unary_dominant,unavailable_in_frozen_csv,horn,unavailable_in_frozen_csv,unavailable_in_frozen_csv,unavailable_in_frozen_csv,True,unavailable_in_frozen_csv,16,exact_final_tree_family_counts
yeast,4,7,cals,unary_dominant,unavailable_in_frozen_csv,unary,unavailable_in_frozen_csv,unavailable_in_frozen_csv,unavailable_in_frozen_csv,True,unavailable_in_frozen_csv,4,exact_final_tree_family_counts
yeast,4,7,cals_compact_explain,unary_dominant,unavailable_in_frozen_csv,horn,unavailable_in_frozen_csv,unavailable_in_frozen_csv,unavailable_in_frozen_csv,True,unavailable_in_frozen_csv,14,exact_final_tree_family_counts
yeast,4,7,cals_compact_explain,unary_dominant,unavailable_in_frozen_csv,unary,unavailable_in_frozen_csv,unavailable_in_frozen_csv,unavailable_in_frozen_csv,True,unavailable_in_frozen_csv,4,exact_final_tree_family_counts
yeast,5,5,cals,unary_dominant,unavailable_in_frozen_csv,horn,unavailable_in_frozen_csv,unavailable_in_frozen_csv,unavailable_in_frozen_csv,True,unavailable_in_frozen_csv,6,exact_final_tree_family_counts
yeast,5,5,cals,unary_dominant,unavailable_in_frozen_csv,unary,unavailable_in_frozen_csv,unavailable_in_frozen_csv,unavailable_in_frozen_csv,True,unavailable_in_frozen_csv,1,exact_final_tree_family_counts
yeast,5,5,cals_compact_explain,unary_dominant,unavailable_in_frozen_csv,square2cnf,unavailable_in_frozen_csv,unavailable_in_frozen_csv,unavailable_in_frozen_csv,True,unavailable_in_frozen_csv,5,exact_final_tree_family_counts
yeast,5,5,cals_compact_explain,unary_dominant,unavailable_in_frozen_csv,unary,unavailable_in_frozen_csv,unavailable_in_frozen_csv,unavailable_in_frozen_csv,True,unavailable_in_frozen_csv,3,exact_final_tree_family_counts
yeast,5,7,cals,unary_dominant,unavailable_in_frozen_csv,horn,unavailable_in_frozen_csv,unavailable_in_frozen_csv,unavailable_in_frozen_csv,True,unavailable_in_frozen_csv,10,exact_final_tree_family_counts
yeast,5,7,cals,unary_dominant,unavailable_in_frozen_csv,unary,unavailable_in_frozen_csv,unavailable_in_frozen_csv,unavailable_in_frozen_csv,True,unavailable_in_frozen_csv,1,exact_final_tree_family_counts
yeast,5,7,cals_compact_explain,unary_dominant,unavailable_in_frozen_csv,square2cnf,unavailable_in_frozen_csv,unavailable_in_frozen_csv,unavailable_in_frozen_csv,True,unavailable_in_frozen_csv,5,exact_final_tree_family_counts
yeast,5,7,cals_compact_explain,unary_dominant,unavailable_in_frozen_csv,unary,unavailable_in_frozen_csv,unavailable_in_frozen_csv,unavailable_in_frozen_csv,True,unavailable_in_frozen_csv,3,exact_final_tree_family_counts
yeast,6,5,cals_compact_explain,unary_dominant,0,unary,unavailable_in_frozen_csv,unavailable_in_frozen_csv,unavailable_in_frozen_csv,True,True,1,exact_final_tree_family_counts
yeast,6,7,cals,unary_dominant,unavailable_in_frozen_csv,affine,unavailable_in_frozen_csv,unavailable_in_frozen_csv,unavailable_in_frozen_csv,True,unavailable_in_frozen_csv,11,exact_final_tree_family_counts
yeast,6,7,cals,unary_dominant,unavailable_in_frozen_csv,unary,unavailable_in_frozen_csv,unavailable_in_frozen_csv,unavailable_in_frozen_csv,True,unavailable_in_frozen_csv,4,exact_final_tree_family_counts
yeast,6,7,cals_compact_explain,unary_dominant,0,unary,unavailable_in_frozen_csv,unavailable_in_frozen_csv,unavailable_in_frozen_csv,True,True,1,exact_final_tree_family_counts
yeast,7,5,cals,unary_dominant,unavailable_in_frozen_csv,horn,unavailable_in_frozen_csv,unavailable_in_frozen_csv,unavailable_in_frozen_csv,True,unavailable_in_frozen_csv,6,exact_final_tree_family_counts
yeast,7,5,cals,unary_dominant,unavailable_in_frozen_csv,unary,unavailable_in_frozen_csv,unavailable_in_frozen_csv,unavailable_in_frozen_csv,True,unavailable_in_frozen_csv,1,exact_final_tree_family_counts
yeast,7,5,cals_compact_explain,unary_dominant,0,horn,unavailable_in_frozen_csv,unavailable_in_frozen_csv,unavailable_in_frozen_csv,True,True,1,exact_final_tree_family_counts
yeast,7,7,cals,unary_dominant,unavailable_in_frozen_csv,horn,unavailable_in_frozen_csv,unavailable_in_frozen_csv,unavailable_in_frozen_csv,True,unavailable_in_frozen_csv,14,exact_final_tree_family_counts
yeast,7,7,cals,unary_dominant,unavailable_in_frozen_csv,unary,unavailable_in_frozen_csv,unavailable_in_frozen_csv,unavailable_in_frozen_csv,True,unavailable_in_frozen_csv,4,exact_final_tree_family_counts
yeast,7,7,cals_compact_explain,unary_dominant,unavailable_in_frozen_csv,horn,unavailable_in_frozen_csv,unavailable_in_frozen_csv,unavailable_in_frozen_csv,True,unavailable_in_frozen_csv,5,exact_final_tree_family_counts
yeast,7,7,cals_compact_explain,unary_dominant,unavailable_in_frozen_csv,unary,unavailable_in_frozen_csv,unavailable_in_frozen_csv,unavailable_in_frozen_csv,True,unavailable_in_frozen_csv,4,exact_final_tree_family_counts
yeast,8,5,cals,unary_dominant,unavailable_in_frozen_csv,affine,unavailable_in_frozen_csv,unavailable_in_frozen_csv,unavailable_in_frozen_csv,True,unavailable_in_frozen_csv,5,exact_final_tree_family_counts
yeast,8,5,cals,unary_dominant,unavailable_in_frozen_csv,horn,unavailable_in_frozen_csv,unavailable_in_frozen_csv,unavailable_in_frozen_csv,True,unavailable_in_frozen_csv,2,exact_final_tree_family_counts
yeast,8,5,cals,unary_dominant,unavailable_in_frozen_csv,unary,unavailable_in_frozen_csv,unavailable_in_frozen_csv,unavailable_in_frozen_csv,True,unavailable_in_frozen_csv,3,exact_final_tree_family_counts
yeast,8,5,cals_compact_explain,unary_dominant,0,unary,unavailable_in_frozen_csv,unavailable_in_frozen_csv,unavailable_in_frozen_csv,True,True,1,exact_final_tree_family_counts
yeast,8,7,cals,unary_dominant,unavailable_in_frozen_csv,affine,unavailable_in_frozen_csv,unavailable_in_frozen_csv,unavailable_in_frozen_csv,True,unavailable_in_frozen_csv,8,exact_final_tree_family_counts
yeast,8,7,cals,unary_dominant,unavailable_in_frozen_csv,horn,unavailable_in_frozen_csv,unavailable_in_frozen_csv,unavailable_in_frozen_csv,True,unavailable_in_frozen_csv,2,exact_final_tree_family_counts
yeast,8,7,cals,unary_dominant,unavailable_in_frozen_csv,unary,unavailable_in_frozen_csv,unavailable_in_frozen_csv,unavailable_in_frozen_csv,True,unavailable_in_frozen_csv,4,exact_final_tree_family_counts
yeast,8,7,cals_compact_explain,unary_dominant,0,unary,unavailable_in_frozen_csv,unavailable_in_frozen_csv,unavailable_in_frozen_csv,True,True,1,exact_final_tree_family_counts
yeast,9,5,cals,unary_dominant,unavailable_in_frozen_csv,horn,unavailable_in_frozen_csv,unavailable_in_frozen_csv,unavailable_in_frozen_csv,True,unavailable_in_frozen_csv,4,exact_final_tree_family_counts
yeast,9,5,cals_compact_explain,unary_dominant,unavailable_in_frozen_csv,horn,unavailable_in_frozen_csv,unavailable_in_frozen_csv,unavailable_in_frozen_csv,True,unavailable_in_frozen_csv,4,exact_final_tree_family_counts
yeast,9,7,cals,unary_dominant,unavailable_in_frozen_csv,horn,unavailable_in_frozen_csv,unavailable_in_frozen_csv,unavailable_in_frozen_csv,True,unavailable_in_frozen_csv,4,exact_final_tree_family_counts
yeast,9,7,cals_compact_explain,unary_dominant,unavailable_in_frozen_csv,horn,unavailable_in_frozen_csv,unavailable_in_frozen_csv,unavailable_in_frozen_csv,True,unavailable_in_frozen_csv,4,exact_final_tree_family_counts
