dataset,run,depth,method,compatible_family_count,selected_family_counts,path_theory_state,path_backend
"HTRU_2-bin",0,5,unary,1,"{""Unary"": 28}","uncommitted","StructuralHorn"
"HTRU_2-bin",0,5,horn,1,"{""Horn"": 29}","horn","StructuralHorn"
"HTRU_2-bin",0,5,antihorn,1,"{""AntiHorn"": 29}","antihorn","StructuralAntiHorn"
"HTRU_2-bin",0,5,square2cnf,1,"{""Square2Cnf"": 29}","two_sat","TwoSat"
"HTRU_2-bin",0,5,affine,1,"{""Affine"": 30}","affine_gf2","Gf2Gaussian"
"HTRU_2-bin",0,5,smart_certified,5,"{""Affine"": 2, ""Unary"": 26}","uncommitted|affine_gf2","Gf2Gaussian|StructuralHorn"
"HTRU_2-bin",0,5,cals,5,"{""Horn"": 4, ""Unary"": 1}","uncommitted|horn","StructuralHorn"
"HTRU_2-bin",0,5,cals_compact_explain,5,"{""Horn"": 1, ""Unary"": 1}","uncommitted|horn","StructuralHorn"
"HTRU_2-bin",0,7,unary,1,"{""Unary"": 76}","uncommitted","StructuralHorn"
"HTRU_2-bin",0,7,horn,1,"{""Horn"": 82}","horn","StructuralHorn"
"HTRU_2-bin",0,7,antihorn,1,"{""AntiHorn"": 86}","antihorn","StructuralAntiHorn"
"HTRU_2-bin",0,7,square2cnf,1,"{""Square2Cnf"": 86}","two_sat","TwoSat"
"HTRU_2-bin",0,7,affine,1,"{""Affine"": 84}","affine_gf2","Gf2Gaussian"
"HTRU_2-bin",0,7,smart_certified,5,"{""Affine"": 3, ""AntiHorn"": 2, ""Horn"": 1, ""Unary"": 67}","uncommitted|horn|antihorn|affine_gf2","Gf2Gaussian|StructuralAntiHorn|StructuralHorn"
"HTRU_2-bin",0,7,cals,5,"{""Horn"": 12, ""Unary"": 1}","uncommitted|horn","StructuralHorn"
"HTRU_2-bin",0,7,cals_compact_explain,5,"{""Horn"": 1, ""Unary"": 1}","uncommitted|horn","StructuralHorn"
"HTRU_2-bin",1,5,unary,1,"{""Unary"": 29}","uncommitted","StructuralHorn"
"HTRU_2-bin",1,5,horn,1,"{""Horn"": 28}","horn","StructuralHorn"
"HTRU_2-bin",1,5,antihorn,1,"{""AntiHorn"": 30}","antihorn","StructuralAntiHorn"
"HTRU_2-bin",1,5,square2cnf,1,"{""Square2Cnf"": 27}","two_sat","TwoSat"
"HTRU_2-bin",1,5,affine,1,"{""Affine"": 30}","affine_gf2","Gf2Gaussian"
"HTRU_2-bin",1,5,smart_certified,5,"{""Horn"": 2, ""Unary"": 27}","uncommitted|horn","StructuralHorn"
"HTRU_2-bin",1,5,cals,5,"{""Square2Cnf"": 5, ""Unary"": 1}","uncommitted|two_sat","StructuralHorn|TwoSat"
"HTRU_2-bin",1,5,cals_compact_explain,5,"{""Horn"": 1, ""Unary"": 1}","uncommitted|horn","StructuralHorn"
"HTRU_2-bin",1,7,unary,1,"{""Unary"": 80}","uncommitted","StructuralHorn"
"HTRU_2-bin",1,7,horn,1,"{""Horn"": 72}","horn","StructuralHorn"
"HTRU_2-bin",1,7,antihorn,1,"{""AntiHorn"": 80}","antihorn","StructuralAntiHorn"
"HTRU_2-bin",1,7,square2cnf,1,"{""Square2Cnf"": 77}","two_sat","TwoSat"
"HTRU_2-bin",1,7,affine,1,"{""Affine"": 81}","affine_gf2","Gf2Gaussian"
"HTRU_2-bin",1,7,smart_certified,5,"{""Affine"": 2, ""AntiHorn"": 1, ""Horn"": 7, ""Unary"": 71}","uncommitted|horn|antihorn|affine_gf2","Gf2Gaussian|StructuralAntiHorn|StructuralHorn"
"HTRU_2-bin",1,7,cals,5,"{""Square2Cnf"": 8, ""Unary"": 1}","uncommitted|two_sat","StructuralHorn|TwoSat"
"HTRU_2-bin",1,7,cals_compact_explain,5,"{""Horn"": 1, ""Unary"": 1}","uncommitted|horn","StructuralHorn"
"HTRU_2-bin",2,5,unary,1,"{""Unary"": 29}","uncommitted","StructuralHorn"
"HTRU_2-bin",2,5,horn,1,"{""Horn"": 29}","horn","StructuralHorn"
"HTRU_2-bin",2,5,antihorn,1,"{""AntiHorn"": 30}","antihorn","StructuralAntiHorn"
"HTRU_2-bin",2,5,square2cnf,1,"{""Square2Cnf"": 30}","two_sat","TwoSat"
"HTRU_2-bin",2,5,affine,1,"{""Affine"": 30}","affine_gf2","Gf2Gaussian"
"HTRU_2-bin",2,5,smart_certified,5,"{""Horn"": 3, ""Unary"": 26}","uncommitted|horn","StructuralHorn"
"HTRU_2-bin",2,5,cals,5,"{""AntiHorn"": 1}","antihorn","StructuralAntiHorn"
"HTRU_2-bin",2,5,cals_compact_explain,5,"{""Square2Cnf"": 1, ""Unary"": 1}","uncommitted|two_sat","StructuralHorn|TwoSat"
"HTRU_2-bin",2,7,unary,1,"{""Unary"": 82}","uncommitted","StructuralHorn"
"HTRU_2-bin",2,7,horn,1,"{""Horn"": 74}","horn","StructuralHorn"
"HTRU_2-bin",2,7,antihorn,1,"{""AntiHorn"": 84}","antihorn","StructuralAntiHorn"
"HTRU_2-bin",2,7,square2cnf,1,"{""Square2Cnf"": 76}","two_sat","TwoSat"
"HTRU_2-bin",2,7,affine,1,"{""Affine"": 85}","affine_gf2","Gf2Gaussian"
"HTRU_2-bin",2,7,smart_certified,5,"{""Affine"": 1, ""Horn"": 7, ""Unary"": 72}","uncommitted|horn|affine_gf2","Gf2Gaussian|StructuralHorn"
"HTRU_2-bin",2,7,cals,5,"{""AntiHorn"": 1}","antihorn","StructuralAntiHorn"
"HTRU_2-bin",2,7,cals_compact_explain,5,"{""Square2Cnf"": 1, ""Unary"": 1}","uncommitted|two_sat","StructuralHorn|TwoSat"
"HTRU_2-bin",3,5,unary,1,"{""Unary"": 29}","uncommitted","StructuralHorn"
"HTRU_2-bin",3,5,horn,1,"{""Horn"": 28}","horn","StructuralHorn"
"HTRU_2-bin",3,5,antihorn,1,"{""AntiHorn"": 28}","antihorn","StructuralAntiHorn"
"HTRU_2-bin",3,5,square2cnf,1,"{""Square2Cnf"": 26}","two_sat","TwoSat"
"HTRU_2-bin",3,5,affine,1,"{""Affine"": 30}","affine_gf2","Gf2Gaussian"
"HTRU_2-bin",3,5,smart_certified,5,"{""Unary"": 29}","uncommitted","StructuralHorn"
"HTRU_2-bin",3,5,cals,5,"{""Square2Cnf"": 1}","two_sat","TwoSat"
"HTRU_2-bin",3,5,cals_compact_explain,5,"{""Horn"": 1, ""Unary"": 1}","uncommitted|horn","StructuralHorn"
"HTRU_2-bin",3,7,unary,1,"{""Unary"": 88}","uncommitted","StructuralHorn"
"HTRU_2-bin",3,7,horn,1,"{""Horn"": 84}","horn","StructuralHorn"
"HTRU_2-bin",3,7,antihorn,1,"{""AntiHorn"": 81}","antihorn","StructuralAntiHorn"
"HTRU_2-bin",3,7,square2cnf,1,"{""Square2Cnf"": 68}","two_sat","TwoSat"
"HTRU_2-bin",3,7,affine,1,"{""Affine"": 80}","affine_gf2","Gf2Gaussian"
"HTRU_2-bin",3,7,smart_certified,5,"{""Affine"": 2, ""AntiHorn"": 2, ""Horn"": 4, ""Unary"": 77}","uncommitted|horn|antihorn|affine_gf2","Gf2Gaussian|StructuralAntiHorn|StructuralHorn"
"HTRU_2-bin",3,7,cals,5,"{""Square2Cnf"": 1}","two_sat","TwoSat"
"HTRU_2-bin",3,7,cals_compact_explain,5,"{""Horn"": 1, ""Unary"": 1}","uncommitted|horn","StructuralHorn"
"HTRU_2-bin",4,5,unary,1,"{""Unary"": 28}","uncommitted","StructuralHorn"
"HTRU_2-bin",4,5,horn,1,"{""Horn"": 26}","horn","StructuralHorn"
"HTRU_2-bin",4,5,antihorn,1,"{""AntiHorn"": 28}","antihorn","StructuralAntiHorn"
"HTRU_2-bin",4,5,square2cnf,1,"{""Square2Cnf"": 26}","two_sat","TwoSat"
"HTRU_2-bin",4,5,affine,1,"{""Affine"": 28}","affine_gf2","Gf2Gaussian"
"HTRU_2-bin",4,5,smart_certified,5,"{""Unary"": 28}","uncommitted","StructuralHorn"
"HTRU_2-bin",4,5,cals,5,"{""AntiHorn"": 1}","antihorn","StructuralAntiHorn"
"HTRU_2-bin",4,5,cals_compact_explain,5,"{""Unary"": 2}","uncommitted","StructuralHorn"
"HTRU_2-bin",4,7,unary,1,"{""Unary"": 74}","uncommitted","StructuralHorn"
"HTRU_2-bin",4,7,horn,1,"{""Horn"": 71}","horn","StructuralHorn"
"HTRU_2-bin",4,7,antihorn,1,"{""AntiHorn"": 83}","antihorn","StructuralAntiHorn"
"HTRU_2-bin",4,7,square2cnf,1,"{""Square2Cnf"": 72}","two_sat","TwoSat"
"HTRU_2-bin",4,7,affine,1,"{""Affine"": 72}","affine_gf2","Gf2Gaussian"
"HTRU_2-bin",4,7,smart_certified,5,"{""Affine"": 1, ""AntiHorn"": 1, ""Horn"": 1, ""Square2Cnf"": 1, ""Unary"": 69}","uncommitted|horn|antihorn|two_sat|affine_gf2","Gf2Gaussian|StructuralAntiHorn|StructuralHorn|TwoSat"
"HTRU_2-bin",4,7,cals,5,"{""AntiHorn"": 1}","antihorn","StructuralAntiHorn"
"HTRU_2-bin",4,7,cals_compact_explain,5,"{""Unary"": 2}","uncommitted","StructuralHorn"
"HTRU_2-bin",5,5,unary,1,"{""Unary"": 30}","uncommitted","StructuralHorn"
"HTRU_2-bin",5,5,horn,1,"{""Horn"": 29}","horn","StructuralHorn"
"HTRU_2-bin",5,5,antihorn,1,"{""AntiHorn"": 30}","antihorn","StructuralAntiHorn"
"HTRU_2-bin",5,5,square2cnf,1,"{""Square2Cnf"": 31}","two_sat","TwoSat"
"HTRU_2-bin",5,5,affine,1,"{""Affine"": 30}","affine_gf2","Gf2Gaussian"
"HTRU_2-bin",5,5,smart_certified,5,"{""Unary"": 30}","uncommitted","StructuralHorn"
"HTRU_2-bin",5,5,cals,5,"{""Square2Cnf"": 1, ""Unary"": 1}","uncommitted|two_sat","StructuralHorn|TwoSat"
"HTRU_2-bin",5,5,cals_compact_explain,5,"{""Square2Cnf"": 1, ""Unary"": 1}","uncommitted|two_sat","StructuralHorn|TwoSat"
"HTRU_2-bin",5,7,unary,1,"{""Unary"": 88}","uncommitted","StructuralHorn"
"HTRU_2-bin",5,7,horn,1,"{""Horn"": 87}","horn","StructuralHorn"
"HTRU_2-bin",5,7,antihorn,1,"{""AntiHorn"": 91}","antihorn","StructuralAntiHorn"
"HTRU_2-bin",5,7,square2cnf,1,"{""Square2Cnf"": 87}","two_sat","TwoSat"
"HTRU_2-bin",5,7,affine,1,"{""Affine"": 77}","affine_gf2","Gf2Gaussian"
"HTRU_2-bin",5,7,smart_certified,5,"{""Affine"": 3, ""AntiHorn"": 2, ""Horn"": 3, ""Unary"": 80}","uncommitted|horn|antihorn|affine_gf2","Gf2Gaussian|StructuralAntiHorn|StructuralHorn"
"HTRU_2-bin",5,7,cals,5,"{""Square2Cnf"": 5, ""Unary"": 2}","uncommitted|two_sat","StructuralHorn|TwoSat"
"HTRU_2-bin",5,7,cals_compact_explain,5,"{""Square2Cnf"": 1, ""Unary"": 1}","uncommitted|two_sat","StructuralHorn|TwoSat"
"HTRU_2-bin",6,5,unary,1,"{""Unary"": 29}","uncommitted","StructuralHorn"
"HTRU_2-bin",6,5,horn,1,"{""Horn"": 28}","horn","StructuralHorn"
"HTRU_2-bin",6,5,antihorn,1,"{""AntiHorn"": 29}","antihorn","StructuralAntiHorn"
"HTRU_2-bin",6,5,square2cnf,1,"{""Square2Cnf"": 30}","two_sat","TwoSat"
"HTRU_2-bin",6,5,affine,1,"{""Affine"": 29}","affine_gf2","Gf2Gaussian"
"HTRU_2-bin",6,5,smart_certified,5,"{""Horn"": 1, ""Unary"": 28}","uncommitted|horn","StructuralHorn"
"HTRU_2-bin",6,5,cals,5,"{""Square2Cnf"": 1}","two_sat","TwoSat"
"HTRU_2-bin",6,5,cals_compact_explain,5,"{""AntiHorn"": 1, ""Unary"": 1}","uncommitted|antihorn","StructuralAntiHorn|StructuralHorn"
"HTRU_2-bin",6,7,unary,1,"{""Unary"": 85}","uncommitted","StructuralHorn"
"HTRU_2-bin",6,7,horn,1,"{""Horn"": 76}","horn","StructuralHorn"
"HTRU_2-bin",6,7,antihorn,1,"{""AntiHorn"": 81}","antihorn","StructuralAntiHorn"
"HTRU_2-bin",6,7,square2cnf,1,"{""Square2Cnf"": 85}","two_sat","TwoSat"
"HTRU_2-bin",6,7,affine,1,"{""Affine"": 76}","affine_gf2","Gf2Gaussian"
"HTRU_2-bin",6,7,smart_certified,5,"{""Affine"": 3, ""AntiHorn"": 1, ""Horn"": 4, ""Unary"": 78}","uncommitted|horn|antihorn|affine_gf2","Gf2Gaussian|StructuralAntiHorn|StructuralHorn"
"HTRU_2-bin",6,7,cals,5,"{""Square2Cnf"": 1}","two_sat","TwoSat"
"HTRU_2-bin",6,7,cals_compact_explain,5,"{""AntiHorn"": 1, ""Unary"": 1}","uncommitted|antihorn","StructuralAntiHorn|StructuralHorn"
"HTRU_2-bin",7,5,unary,1,"{""Unary"": 29}","uncommitted","StructuralHorn"
"HTRU_2-bin",7,5,horn,1,"{""Horn"": 30}","horn","StructuralHorn"
"HTRU_2-bin",7,5,antihorn,1,"{""AntiHorn"": 30}","antihorn","StructuralAntiHorn"
"HTRU_2-bin",7,5,square2cnf,1,"{""Square2Cnf"": 30}","two_sat","TwoSat"
"HTRU_2-bin",7,5,affine,1,"{""Affine"": 28}","affine_gf2","Gf2Gaussian"
"HTRU_2-bin",7,5,smart_certified,5,"{""Affine"": 1, ""Unary"": 28}","uncommitted|affine_gf2","Gf2Gaussian|StructuralHorn"
"HTRU_2-bin",7,5,cals,5,"{""Horn"": 4, ""Unary"": 1}","uncommitted|horn","StructuralHorn"
"HTRU_2-bin",7,5,cals_compact_explain,5,"{""Horn"": 1, ""Unary"": 1}","uncommitted|horn","StructuralHorn"
"HTRU_2-bin",7,7,unary,1,"{""Unary"": 86}","uncommitted","StructuralHorn"
"HTRU_2-bin",7,7,horn,1,"{""Horn"": 82}","horn","StructuralHorn"
"HTRU_2-bin",7,7,antihorn,1,"{""AntiHorn"": 92}","antihorn","StructuralAntiHorn"
"HTRU_2-bin",7,7,square2cnf,1,"{""Square2Cnf"": 83}","two_sat","TwoSat"
"HTRU_2-bin",7,7,affine,1,"{""Affine"": 75}","affine_gf2","Gf2Gaussian"
"HTRU_2-bin",7,7,smart_certified,5,"{""Affine"": 2, ""Horn"": 1, ""Unary"": 83}","uncommitted|horn|affine_gf2","Gf2Gaussian|StructuralHorn"
"HTRU_2-bin",7,7,cals,5,"{""Horn"": 6, ""Unary"": 1}","uncommitted|horn","StructuralHorn"
"HTRU_2-bin",7,7,cals_compact_explain,5,"{""Horn"": 6, ""Unary"": 1}","uncommitted|horn","StructuralHorn"
"HTRU_2-bin",8,5,unary,1,"{""Unary"": 28}","uncommitted","StructuralHorn"
"HTRU_2-bin",8,5,horn,1,"{""Horn"": 30}","horn","StructuralHorn"
"HTRU_2-bin",8,5,antihorn,1,"{""AntiHorn"": 30}","antihorn","StructuralAntiHorn"
"HTRU_2-bin",8,5,square2cnf,1,"{""Square2Cnf"": 30}","two_sat","TwoSat"
"HTRU_2-bin",8,5,affine,1,"{""Affine"": 30}","affine_gf2","Gf2Gaussian"
"HTRU_2-bin",8,5,smart_certified,5,"{""Affine"": 1, ""Unary"": 27}","uncommitted|affine_gf2","Gf2Gaussian|StructuralHorn"
"HTRU_2-bin",8,5,cals,5,"{""Square2Cnf"": 5, ""Unary"": 3}","two_sat","TwoSat"
"HTRU_2-bin",8,5,cals_compact_explain,5,"{""Square2Cnf"": 1, ""Unary"": 1}","uncommitted|two_sat","StructuralHorn|TwoSat"
"HTRU_2-bin",8,7,unary,1,"{""Unary"": 76}","uncommitted","StructuralHorn"
"HTRU_2-bin",8,7,horn,1,"{""Horn"": 85}","horn","StructuralHorn"
"HTRU_2-bin",8,7,antihorn,1,"{""AntiHorn"": 85}","antihorn","StructuralAntiHorn"
"HTRU_2-bin",8,7,square2cnf,1,"{""Square2Cnf"": 88}","two_sat","TwoSat"
"HTRU_2-bin",8,7,affine,1,"{""Affine"": 77}","affine_gf2","Gf2Gaussian"
"HTRU_2-bin",8,7,smart_certified,5,"{""Affine"": 4, ""Horn"": 1, ""Unary"": 71}","uncommitted|horn|affine_gf2","Gf2Gaussian|StructuralHorn"
"HTRU_2-bin",8,7,cals,5,"{""Square2Cnf"": 11, ""Unary"": 3}","two_sat","TwoSat"
"HTRU_2-bin",8,7,cals_compact_explain,5,"{""Square2Cnf"": 1, ""Unary"": 1}","uncommitted|two_sat","StructuralHorn|TwoSat"
"HTRU_2-bin",9,5,unary,1,"{""Unary"": 29}","uncommitted","StructuralHorn"
"HTRU_2-bin",9,5,horn,1,"{""Horn"": 28}","horn","StructuralHorn"
"HTRU_2-bin",9,5,antihorn,1,"{""AntiHorn"": 29}","antihorn","StructuralAntiHorn"
"HTRU_2-bin",9,5,square2cnf,1,"{""Square2Cnf"": 28}","two_sat","TwoSat"
"HTRU_2-bin",9,5,affine,1,"{""Affine"": 30}","affine_gf2","Gf2Gaussian"
"HTRU_2-bin",9,5,smart_certified,5,"{""Affine"": 1, ""Unary"": 28}","uncommitted|affine_gf2","Gf2Gaussian|StructuralHorn"
"HTRU_2-bin",9,5,cals,5,"{""Square2Cnf"": 5, ""Unary"": 2}","uncommitted|two_sat","StructuralHorn|TwoSat"
"HTRU_2-bin",9,5,cals_compact_explain,5,"{""Square2Cnf"": 4, ""Unary"": 3}","uncommitted|two_sat","StructuralHorn|TwoSat"
"HTRU_2-bin",9,7,unary,1,"{""Unary"": 86}","uncommitted","StructuralHorn"
"HTRU_2-bin",9,7,horn,1,"{""Horn"": 80}","horn","StructuralHorn"
"HTRU_2-bin",9,7,antihorn,1,"{""AntiHorn"": 91}","antihorn","StructuralAntiHorn"
"HTRU_2-bin",9,7,square2cnf,1,"{""Square2Cnf"": 85}","two_sat","TwoSat"
"HTRU_2-bin",9,7,affine,1,"{""Affine"": 77}","affine_gf2","Gf2Gaussian"
"HTRU_2-bin",9,7,smart_certified,5,"{""Affine"": 4, ""AntiHorn"": 1, ""Horn"": 3, ""Unary"": 78}","uncommitted|horn|antihorn|affine_gf2","Gf2Gaussian|StructuralAntiHorn|StructuralHorn"
"HTRU_2-bin",9,7,cals,5,"{""Square2Cnf"": 7, ""Unary"": 3}","uncommitted|two_sat","StructuralHorn|TwoSat"
"HTRU_2-bin",9,7,cals_compact_explain,5,"{""Square2Cnf"": 7, ""Unary"": 4}","uncommitted|two_sat","StructuralHorn|TwoSat"
"IndiansDiabetes-bin",0,5,unary,1,"{""Unary"": 24}","uncommitted","StructuralHorn"
"IndiansDiabetes-bin",0,5,horn,1,"{""Horn"": 24}","horn","StructuralHorn"
"IndiansDiabetes-bin",0,5,antihorn,1,"{""AntiHorn"": 25}","antihorn","StructuralAntiHorn"
"IndiansDiabetes-bin",0,5,square2cnf,1,"{""Square2Cnf"": 26}","two_sat","TwoSat"
"IndiansDiabetes-bin",0,5,affine,1,"{""Affine"": 25}","affine_gf2","Gf2Gaussian"
"IndiansDiabetes-bin",0,5,smart_certified,5,"{""AntiHorn"": 3, ""Horn"": 4, ""Unary"": 15}","uncommitted|horn|antihorn","StructuralAntiHorn|StructuralHorn"
"IndiansDiabetes-bin",0,5,cals,5,"{""Square2Cnf"": 1}","two_sat","TwoSat"
"IndiansDiabetes-bin",0,5,cals_compact_explain,5,"{""Square2Cnf"": 1}","two_sat","TwoSat"
"IndiansDiabetes-bin",0,7,unary,1,"{""Unary"": 57}","uncommitted","StructuralHorn"
"IndiansDiabetes-bin",0,7,horn,1,"{""Horn"": 50}","horn","StructuralHorn"
"IndiansDiabetes-bin",0,7,antihorn,1,"{""AntiHorn"": 49}","antihorn","StructuralAntiHorn"
"IndiansDiabetes-bin",0,7,square2cnf,1,"{""Square2Cnf"": 56}","two_sat","TwoSat"
"IndiansDiabetes-bin",0,7,affine,1,"{""Affine"": 52}","affine_gf2","Gf2Gaussian"
"IndiansDiabetes-bin",0,7,smart_certified,5,"{""Affine"": 5, ""AntiHorn"": 4, ""Horn"": 14, ""Square2Cnf"": 1, ""Unary"": 25}","uncommitted|horn|antihorn|two_sat|affine_gf2","Gf2Gaussian|StructuralAntiHorn|StructuralHorn|TwoSat"
"IndiansDiabetes-bin",0,7,cals,5,"{""Square2Cnf"": 1}","two_sat","TwoSat"
"IndiansDiabetes-bin",0,7,cals_compact_explain,5,"{""Square2Cnf"": 1}","two_sat","TwoSat"
"IndiansDiabetes-bin",1,5,unary,1,"{""Unary"": 23}","uncommitted","StructuralHorn"
"IndiansDiabetes-bin",1,5,horn,1,"{""Horn"": 26}","horn","StructuralHorn"
"IndiansDiabetes-bin",1,5,antihorn,1,"{""AntiHorn"": 19}","antihorn","StructuralAntiHorn"
"IndiansDiabetes-bin",1,5,square2cnf,1,"{""Square2Cnf"": 21}","two_sat","TwoSat"
"IndiansDiabetes-bin",1,5,affine,1,"{""Affine"": 22}","affine_gf2","Gf2Gaussian"
"IndiansDiabetes-bin",1,5,smart_certified,5,"{""Affine"": 4, ""Horn"": 1, ""Unary"": 17}","uncommitted|horn|affine_gf2","Gf2Gaussian|StructuralHorn"
"IndiansDiabetes-bin",1,5,cals,5,"{""Square2Cnf"": 5}","two_sat","TwoSat"
"IndiansDiabetes-bin",1,5,cals_compact_explain,5,"{""Square2Cnf"": 5}","two_sat","TwoSat"
"IndiansDiabetes-bin",1,7,unary,1,"{""Unary"": 48}","uncommitted","StructuralHorn"
"IndiansDiabetes-bin",1,7,horn,1,"{""Horn"": 50}","horn","StructuralHorn"
"IndiansDiabetes-bin",1,7,antihorn,1,"{""AntiHorn"": 31}","antihorn","StructuralAntiHorn"
"IndiansDiabetes-bin",1,7,square2cnf,1,"{""Square2Cnf"": 52}","two_sat","TwoSat"
"IndiansDiabetes-bin",1,7,affine,1,"{""Affine"": 46}","affine_gf2","Gf2Gaussian"
"IndiansDiabetes-bin",1,7,smart_certified,5,"{""Affine"": 10, ""Horn"": 2, ""Unary"": 36}","uncommitted|horn|affine_gf2","Gf2Gaussian|StructuralHorn"
"IndiansDiabetes-bin",1,7,cals,5,"{""Square2Cnf"": 10}","two_sat","TwoSat"
"IndiansDiabetes-bin",1,7,cals_compact_explain,5,"{""Square2Cnf"": 5}","two_sat","TwoSat"
"IndiansDiabetes-bin",2,5,unary,1,"{""Unary"": 25}","uncommitted","StructuralHorn"
"IndiansDiabetes-bin",2,5,horn,1,"{""Horn"": 25}","horn","StructuralHorn"
"IndiansDiabetes-bin",2,5,antihorn,1,"{""AntiHorn"": 25}","antihorn","StructuralAntiHorn"
"IndiansDiabetes-bin",2,5,square2cnf,1,"{""Square2Cnf"": 26}","two_sat","TwoSat"
"IndiansDiabetes-bin",2,5,affine,1,"{""Affine"": 27}","affine_gf2","Gf2Gaussian"
"IndiansDiabetes-bin",2,5,smart_certified,5,"{""Affine"": 6, ""Horn"": 2, ""Unary"": 15}","uncommitted|horn|affine_gf2","Gf2Gaussian|StructuralHorn"
"IndiansDiabetes-bin",2,5,cals,5,"{""Square2Cnf"": 5}","two_sat","TwoSat"
"IndiansDiabetes-bin",2,5,cals_compact_explain,5,"{""Square2Cnf"": 2}","two_sat","TwoSat"
"IndiansDiabetes-bin",2,7,unary,1,"{""Unary"": 58}","uncommitted","StructuralHorn"
"IndiansDiabetes-bin",2,7,horn,1,"{""Horn"": 50}","horn","StructuralHorn"
"IndiansDiabetes-bin",2,7,antihorn,1,"{""AntiHorn"": 53}","antihorn","StructuralAntiHorn"
"IndiansDiabetes-bin",2,7,square2cnf,1,"{""Square2Cnf"": 53}","two_sat","TwoSat"
"IndiansDiabetes-bin",2,7,affine,1,"{""Affine"": 62}","affine_gf2","Gf2Gaussian"
"IndiansDiabetes-bin",2,7,smart_certified,5,"{""Affine"": 13, ""AntiHorn"": 1, ""Horn"": 5, ""Unary"": 30}","uncommitted|horn|antihorn|affine_gf2","Gf2Gaussian|StructuralAntiHorn|StructuralHorn"
"IndiansDiabetes-bin",2,7,cals,5,"{""Square2Cnf"": 9, ""Unary"": 1}","two_sat","TwoSat"
"IndiansDiabetes-bin",2,7,cals_compact_explain,5,"{""Square2Cnf"": 2}","two_sat","TwoSat"
"IndiansDiabetes-bin",3,5,unary,1,"{""Unary"": 22}","uncommitted","StructuralHorn"
"IndiansDiabetes-bin",3,5,horn,1,"{""Horn"": 24}","horn","StructuralHorn"
"IndiansDiabetes-bin",3,5,antihorn,1,"{""AntiHorn"": 27}","antihorn","StructuralAntiHorn"
"IndiansDiabetes-bin",3,5,square2cnf,1,"{""Square2Cnf"": 22}","two_sat","TwoSat"
"IndiansDiabetes-bin",3,5,affine,1,"{""Affine"": 24}","affine_gf2","Gf2Gaussian"
"IndiansDiabetes-bin",3,5,smart_certified,5,"{""Affine"": 1, ""Horn"": 3, ""Unary"": 17}","uncommitted|horn|affine_gf2","Gf2Gaussian|StructuralHorn"
"IndiansDiabetes-bin",3,5,cals,5,"{""Square2Cnf"": 6}","two_sat","TwoSat"
"IndiansDiabetes-bin",3,5,cals_compact_explain,5,"{""Square2Cnf"": 1}","two_sat","TwoSat"
"IndiansDiabetes-bin",3,7,unary,1,"{""Unary"": 52}","uncommitted","StructuralHorn"
"IndiansDiabetes-bin",3,7,horn,1,"{""Horn"": 47}","horn","StructuralHorn"
"IndiansDiabetes-bin",3,7,antihorn,1,"{""AntiHorn"": 47}","antihorn","StructuralAntiHorn"
"IndiansDiabetes-bin",3,7,square2cnf,1,"{""Square2Cnf"": 42}","two_sat","TwoSat"
"IndiansDiabetes-bin",3,7,affine,1,"{""Affine"": 59}","affine_gf2","Gf2Gaussian"
"IndiansDiabetes-bin",3,7,smart_certified,5,"{""Affine"": 7, ""AntiHorn"": 3, ""Horn"": 6, ""Unary"": 33}","uncommitted|horn|antihorn|affine_gf2","Gf2Gaussian|StructuralAntiHorn|StructuralHorn"
"IndiansDiabetes-bin",3,7,cals,5,"{""Square2Cnf"": 15, ""Unary"": 1}","two_sat","TwoSat"
"IndiansDiabetes-bin",3,7,cals_compact_explain,5,"{""Square2Cnf"": 1}","two_sat","TwoSat"
"IndiansDiabetes-bin",4,5,unary,1,"{""Unary"": 24}","uncommitted","StructuralHorn"
"IndiansDiabetes-bin",4,5,horn,1,"{""Horn"": 23}","horn","StructuralHorn"
"IndiansDiabetes-bin",4,5,antihorn,1,"{""AntiHorn"": 24}","antihorn","StructuralAntiHorn"
"IndiansDiabetes-bin",4,5,square2cnf,1,"{""Square2Cnf"": 25}","two_sat","TwoSat"
"IndiansDiabetes-bin",4,5,affine,1,"{""Affine"": 28}","affine_gf2","Gf2Gaussian"
"IndiansDiabetes-bin",4,5,smart_certified,5,"{""Affine"": 2, ""Horn"": 3, ""Unary"": 19}","uncommitted|horn|affine_gf2","Gf2Gaussian|StructuralHorn"
"IndiansDiabetes-bin",4,5,cals,5,"{""Square2Cnf"": 7}","two_sat","TwoSat"
"IndiansDiabetes-bin",4,5,cals_compact_explain,5,"{""Square2Cnf"": 5}","two_sat","TwoSat"
"IndiansDiabetes-bin",4,7,unary,1,"{""Unary"": 52}","uncommitted","StructuralHorn"
"IndiansDiabetes-bin",4,7,horn,1,"{""Horn"": 52}","horn","StructuralHorn"
"IndiansDiabetes-bin",4,7,antihorn,1,"{""AntiHorn"": 50}","antihorn","StructuralAntiHorn"
"IndiansDiabetes-bin",4,7,square2cnf,1,"{""Square2Cnf"": 51}","two_sat","TwoSat"
"IndiansDiabetes-bin",4,7,affine,1,"{""Affine"": 54}","affine_gf2","Gf2Gaussian"
"IndiansDiabetes-bin",4,7,smart_certified,5,"{""Affine"": 8, ""AntiHorn"": 1, ""Horn"": 8, ""Unary"": 31}","uncommitted|horn|antihorn|affine_gf2","Gf2Gaussian|StructuralAntiHorn|StructuralHorn"
"IndiansDiabetes-bin",4,7,cals,5,"{""Square2Cnf"": 7}","two_sat","TwoSat"
"IndiansDiabetes-bin",4,7,cals_compact_explain,5,"{""Square2Cnf"": 6}","two_sat","TwoSat"
"IndiansDiabetes-bin",5,5,unary,1,"{""Unary"": 26}","uncommitted","StructuralHorn"
"IndiansDiabetes-bin",5,5,horn,1,"{""Horn"": 24}","horn","StructuralHorn"
"IndiansDiabetes-bin",5,5,antihorn,1,"{""AntiHorn"": 22}","antihorn","StructuralAntiHorn"
"IndiansDiabetes-bin",5,5,square2cnf,1,"{""Square2Cnf"": 22}","two_sat","TwoSat"
"IndiansDiabetes-bin",5,5,affine,1,"{""Affine"": 25}","affine_gf2","Gf2Gaussian"
"IndiansDiabetes-bin",5,5,smart_certified,5,"{""Affine"": 1, ""Horn"": 3, ""Unary"": 21}","uncommitted|horn|affine_gf2","Gf2Gaussian|StructuralHorn"
"IndiansDiabetes-bin",5,5,cals,5,"{""Square2Cnf"": 6}","two_sat","TwoSat"
"IndiansDiabetes-bin",5,5,cals_compact_explain,5,"{""Square2Cnf"": 2}","two_sat","TwoSat"
"IndiansDiabetes-bin",5,7,unary,1,"{""Unary"": 58}","uncommitted","StructuralHorn"
"IndiansDiabetes-bin",5,7,horn,1,"{""Horn"": 52}","horn","StructuralHorn"
"IndiansDiabetes-bin",5,7,antihorn,1,"{""AntiHorn"": 41}","antihorn","StructuralAntiHorn"
"IndiansDiabetes-bin",5,7,square2cnf,1,"{""Square2Cnf"": 51}","two_sat","TwoSat"
"IndiansDiabetes-bin",5,7,affine,1,"{""Affine"": 59}","affine_gf2","Gf2Gaussian"
"IndiansDiabetes-bin",5,7,smart_certified,5,"{""Affine"": 5, ""AntiHorn"": 1, ""Horn"": 10, ""Square2Cnf"": 1, ""Unary"": 36}","uncommitted|horn|antihorn|two_sat|affine_gf2","Gf2Gaussian|StructuralAntiHorn|StructuralHorn|TwoSat"
"IndiansDiabetes-bin",5,7,cals,5,"{""Square2Cnf"": 6}","two_sat","TwoSat"
"IndiansDiabetes-bin",5,7,cals_compact_explain,5,"{""Square2Cnf"": 2}","two_sat","TwoSat"
"IndiansDiabetes-bin",6,5,unary,1,"{""Unary"": 23}","uncommitted","StructuralHorn"
"IndiansDiabetes-bin",6,5,horn,1,"{""Horn"": 21}","horn","StructuralHorn"
"IndiansDiabetes-bin",6,5,antihorn,1,"{""AntiHorn"": 22}","antihorn","StructuralAntiHorn"
"IndiansDiabetes-bin",6,5,square2cnf,1,"{""Square2Cnf"": 21}","two_sat","TwoSat"
"IndiansDiabetes-bin",6,5,affine,1,"{""Affine"": 28}","affine_gf2","Gf2Gaussian"
"IndiansDiabetes-bin",6,5,smart_certified,5,"{""Affine"": 1, ""AntiHorn"": 1, ""Horn"": 2, ""Unary"": 19}","uncommitted|horn|antihorn|affine_gf2","Gf2Gaussian|StructuralAntiHorn|StructuralHorn"
"IndiansDiabetes-bin",6,5,cals,5,"{""Square2Cnf"": 9}","two_sat","TwoSat"
"IndiansDiabetes-bin",6,5,cals_compact_explain,5,"{""Square2Cnf"": 3}","two_sat","TwoSat"
"IndiansDiabetes-bin",6,7,unary,1,"{""Unary"": 51}","uncommitted","StructuralHorn"
"IndiansDiabetes-bin",6,7,horn,1,"{""Horn"": 46}","horn","StructuralHorn"
"IndiansDiabetes-bin",6,7,antihorn,1,"{""AntiHorn"": 39}","antihorn","StructuralAntiHorn"
"IndiansDiabetes-bin",6,7,square2cnf,1,"{""Square2Cnf"": 39}","two_sat","TwoSat"
"IndiansDiabetes-bin",6,7,affine,1,"{""Affine"": 57}","affine_gf2","Gf2Gaussian"
"IndiansDiabetes-bin",6,7,smart_certified,5,"{""Affine"": 9, ""AntiHorn"": 2, ""Horn"": 5, ""Unary"": 29}","uncommitted|horn|antihorn|affine_gf2","Gf2Gaussian|StructuralAntiHorn|StructuralHorn"
"IndiansDiabetes-bin",6,7,cals,5,"{""Square2Cnf"": 14}","two_sat","TwoSat"
"IndiansDiabetes-bin",6,7,cals_compact_explain,5,"{""Square2Cnf"": 10}","two_sat","TwoSat"
"IndiansDiabetes-bin",7,5,unary,1,"{""Unary"": 21}","uncommitted","StructuralHorn"
"IndiansDiabetes-bin",7,5,horn,1,"{""Horn"": 20}","horn","StructuralHorn"
"IndiansDiabetes-bin",7,5,antihorn,1,"{""AntiHorn"": 24}","antihorn","StructuralAntiHorn"
"IndiansDiabetes-bin",7,5,square2cnf,1,"{""Square2Cnf"": 27}","two_sat","TwoSat"
"IndiansDiabetes-bin",7,5,affine,1,"{""Affine"": 25}","affine_gf2","Gf2Gaussian"
"IndiansDiabetes-bin",7,5,smart_certified,5,"{""Affine"": 1, ""AntiHorn"": 1, ""Horn"": 2, ""Unary"": 18}","uncommitted|horn|antihorn|affine_gf2","Gf2Gaussian|StructuralAntiHorn|StructuralHorn"
"IndiansDiabetes-bin",7,5,cals,5,"{""Square2Cnf"": 4}","two_sat","TwoSat"
"IndiansDiabetes-bin",7,5,cals_compact_explain,5,"{""Square2Cnf"": 5, ""Unary"": 2}","two_sat","TwoSat"
"IndiansDiabetes-bin",7,7,unary,1,"{""Unary"": 51}","uncommitted","StructuralHorn"
"IndiansDiabetes-bin",7,7,horn,1,"{""Horn"": 43}","horn","StructuralHorn"
"IndiansDiabetes-bin",7,7,antihorn,1,"{""AntiHorn"": 47}","antihorn","StructuralAntiHorn"
"IndiansDiabetes-bin",7,7,square2cnf,1,"{""Square2Cnf"": 57}","two_sat","TwoSat"
"IndiansDiabetes-bin",7,7,affine,1,"{""Affine"": 59}","affine_gf2","Gf2Gaussian"
"IndiansDiabetes-bin",7,7,smart_certified,5,"{""Affine"": 2, ""AntiHorn"": 1, ""Horn"": 10, ""Unary"": 33}","uncommitted|horn|antihorn|affine_gf2","Gf2Gaussian|StructuralAntiHorn|StructuralHorn"
"IndiansDiabetes-bin",7,7,cals,5,"{""Square2Cnf"": 6}","two_sat","TwoSat"
"IndiansDiabetes-bin",7,7,cals_compact_explain,5,"{""Square2Cnf"": 7, ""Unary"": 4}","two_sat","TwoSat"
"IndiansDiabetes-bin",8,5,unary,1,"{""Unary"": 23}","uncommitted","StructuralHorn"
"IndiansDiabetes-bin",8,5,horn,1,"{""Horn"": 26}","horn","StructuralHorn"
"IndiansDiabetes-bin",8,5,antihorn,1,"{""AntiHorn"": 24}","antihorn","StructuralAntiHorn"
"IndiansDiabetes-bin",8,5,square2cnf,1,"{""Square2Cnf"": 25}","two_sat","TwoSat"
"IndiansDiabetes-bin",8,5,affine,1,"{""Affine"": 24}","affine_gf2","Gf2Gaussian"
"IndiansDiabetes-bin",8,5,smart_certified,5,"{""Affine"": 5, ""Unary"": 19}","uncommitted|affine_gf2","Gf2Gaussian|StructuralHorn"
"IndiansDiabetes-bin",8,5,cals,5,"{""Square2Cnf"": 6}","two_sat","TwoSat"
"IndiansDiabetes-bin",8,5,cals_compact_explain,5,"{""Square2Cnf"": 1}","two_sat","TwoSat"
"IndiansDiabetes-bin",8,7,unary,1,"{""Unary"": 54}","uncommitted","StructuralHorn"
"IndiansDiabetes-bin",8,7,horn,1,"{""Horn"": 54}","horn","StructuralHorn"
"IndiansDiabetes-bin",8,7,antihorn,1,"{""AntiHorn"": 53}","antihorn","StructuralAntiHorn"
"IndiansDiabetes-bin",8,7,square2cnf,1,"{""Square2Cnf"": 53}","two_sat","TwoSat"
"IndiansDiabetes-bin",8,7,affine,1,"{""Affine"": 52}","affine_gf2","Gf2Gaussian"
"IndiansDiabetes-bin",8,7,smart_certified,5,"{""Affine"": 16, ""Horn"": 2, ""Unary"": 33}","uncommitted|horn|affine_gf2","Gf2Gaussian|StructuralHorn"
"IndiansDiabetes-bin",8,7,cals,5,"{""Square2Cnf"": 6}","two_sat","TwoSat"
"IndiansDiabetes-bin",8,7,cals_compact_explain,5,"{""Square2Cnf"": 1}","two_sat","TwoSat"
"IndiansDiabetes-bin",9,5,unary,1,"{""Unary"": 24}","uncommitted","StructuralHorn"
"IndiansDiabetes-bin",9,5,horn,1,"{""Horn"": 25}","horn","StructuralHorn"
"IndiansDiabetes-bin",9,5,antihorn,1,"{""AntiHorn"": 24}","antihorn","StructuralAntiHorn"
"IndiansDiabetes-bin",9,5,square2cnf,1,"{""Square2Cnf"": 22}","two_sat","TwoSat"
"IndiansDiabetes-bin",9,5,affine,1,"{""Affine"": 26}","affine_gf2","Gf2Gaussian"
"IndiansDiabetes-bin",9,5,smart_certified,5,"{""Affine"": 3, ""Horn"": 1, ""Unary"": 20}","uncommitted|horn|affine_gf2","Gf2Gaussian|StructuralHorn"
"IndiansDiabetes-bin",9,5,cals,5,"{""Square2Cnf"": 3}","two_sat","TwoSat"
"IndiansDiabetes-bin",9,5,cals_compact_explain,5,"{""Square2Cnf"": 5}","two_sat","TwoSat"
"IndiansDiabetes-bin",9,7,unary,1,"{""Unary"": 50}","uncommitted","StructuralHorn"
"IndiansDiabetes-bin",9,7,horn,1,"{""Horn"": 58}","horn","StructuralHorn"
"IndiansDiabetes-bin",9,7,antihorn,1,"{""AntiHorn"": 45}","antihorn","StructuralAntiHorn"
"IndiansDiabetes-bin",9,7,square2cnf,1,"{""Square2Cnf"": 49}","two_sat","TwoSat"
"IndiansDiabetes-bin",9,7,affine,1,"{""Affine"": 54}","affine_gf2","Gf2Gaussian"
"IndiansDiabetes-bin",9,7,smart_certified,5,"{""Affine"": 10, ""Horn"": 5, ""Unary"": 32}","uncommitted|horn|affine_gf2","Gf2Gaussian|StructuralHorn"
"IndiansDiabetes-bin",9,7,cals,5,"{""Square2Cnf"": 3}","two_sat","TwoSat"
"IndiansDiabetes-bin",9,7,cals_compact_explain,5,"{""Square2Cnf"": 11, ""Unary"": 1}","two_sat","TwoSat"
"Statlog_satellite-bin",0,5,unary,1,"{""Unary"": 17}","uncommitted","StructuralHorn"
"Statlog_satellite-bin",0,5,horn,1,"{""Horn"": 16}","horn","StructuralHorn"
"Statlog_satellite-bin",0,5,antihorn,1,"{""AntiHorn"": 14}","antihorn","StructuralAntiHorn"
"Statlog_satellite-bin",0,5,square2cnf,1,"{""Square2Cnf"": 13}","two_sat","TwoSat"
"Statlog_satellite-bin",0,5,affine,1,"{""Affine"": 19}","affine_gf2","Gf2Gaussian"
"Statlog_satellite-bin",0,5,smart_certified,5,"{""Horn"": 2, ""Unary"": 15}","uncommitted|horn","StructuralHorn"
"Statlog_satellite-bin",0,5,cals,5,"{""Horn"": 6, ""Unary"": 4}","horn","StructuralHorn"
"Statlog_satellite-bin",0,5,cals_compact_explain,5,"{""Horn"": 3, ""Unary"": 2}","horn","StructuralHorn"
"Statlog_satellite-bin",0,7,unary,1,"{""Unary"": 24}","uncommitted","StructuralHorn"
"Statlog_satellite-bin",0,7,horn,1,"{""Horn"": 25}","horn","StructuralHorn"
"Statlog_satellite-bin",0,7,antihorn,1,"{""AntiHorn"": 20}","antihorn","StructuralAntiHorn"
"Statlog_satellite-bin",0,7,square2cnf,1,"{""Square2Cnf"": 21}","two_sat","TwoSat"
"Statlog_satellite-bin",0,7,affine,1,"{""Affine"": 37}","affine_gf2","Gf2Gaussian"
"Statlog_satellite-bin",0,7,smart_certified,5,"{""Horn"": 2, ""Unary"": 22}","uncommitted|horn","StructuralHorn"
"Statlog_satellite-bin",0,7,cals,5,"{""Horn"": 10, ""Unary"": 4}","horn","StructuralHorn"
"Statlog_satellite-bin",0,7,cals_compact_explain,5,"{""Horn"": 7, ""Unary"": 3}","horn","StructuralHorn"
"Statlog_satellite-bin",1,5,unary,1,"{""Unary"": 16}","uncommitted","StructuralHorn"
"Statlog_satellite-bin",1,5,horn,1,"{""Horn"": 16}","horn","StructuralHorn"
"Statlog_satellite-bin",1,5,antihorn,1,"{""AntiHorn"": 14}","antihorn","StructuralAntiHorn"
"Statlog_satellite-bin",1,5,square2cnf,1,"{""Square2Cnf"": 18}","two_sat","TwoSat"
"Statlog_satellite-bin",1,5,affine,1,"{""Affine"": 22}","affine_gf2","Gf2Gaussian"
"Statlog_satellite-bin",1,5,smart_certified,5,"{""Horn"": 3, ""Unary"": 13}","uncommitted|horn","StructuralHorn"
"Statlog_satellite-bin",1,5,cals,5,"{""AntiHorn"": 6, ""Unary"": 3}","antihorn","StructuralAntiHorn"
"Statlog_satellite-bin",1,5,cals_compact_explain,5,"{""AntiHorn"": 5, ""Unary"": 2}","antihorn","StructuralAntiHorn"
"Statlog_satellite-bin",1,7,unary,1,"{""Unary"": 26}","uncommitted","StructuralHorn"
"Statlog_satellite-bin",1,7,horn,1,"{""Horn"": 26}","horn","StructuralHorn"
"Statlog_satellite-bin",1,7,antihorn,1,"{""AntiHorn"": 21}","antihorn","StructuralAntiHorn"
"Statlog_satellite-bin",1,7,square2cnf,1,"{""Square2Cnf"": 31}","two_sat","TwoSat"
"Statlog_satellite-bin",1,7,affine,1,"{""Affine"": 37}","affine_gf2","Gf2Gaussian"
"Statlog_satellite-bin",1,7,smart_certified,5,"{""Horn"": 4, ""Unary"": 20}","uncommitted|horn","StructuralHorn"
"Statlog_satellite-bin",1,7,cals,5,"{""AntiHorn"": 7, ""Unary"": 3}","antihorn","StructuralAntiHorn"
"Statlog_satellite-bin",1,7,cals_compact_explain,5,"{""AntiHorn"": 6, ""Unary"": 3}","antihorn","StructuralAntiHorn"
"Statlog_satellite-bin",2,5,unary,1,"{""Unary"": 20}","uncommitted","StructuralHorn"
"Statlog_satellite-bin",2,5,horn,1,"{""Horn"": 18}","horn","StructuralHorn"
"Statlog_satellite-bin",2,5,antihorn,1,"{""AntiHorn"": 19}","antihorn","StructuralAntiHorn"
"Statlog_satellite-bin",2,5,square2cnf,1,"{""Square2Cnf"": 18}","two_sat","TwoSat"
"Statlog_satellite-bin",2,5,affine,1,"{""Affine"": 22}","affine_gf2","Gf2Gaussian"
"Statlog_satellite-bin",2,5,smart_certified,5,"{""AntiHorn"": 1, ""Horn"": 1, ""Unary"": 17}","uncommitted|horn|antihorn","StructuralAntiHorn|StructuralHorn"
"Statlog_satellite-bin",2,5,cals,5,"{""Horn"": 6, ""Unary"": 5}","horn","StructuralHorn"
"Statlog_satellite-bin",2,5,cals_compact_explain,5,"{""Horn"": 4, ""Unary"": 6}","horn","StructuralHorn"
"Statlog_satellite-bin",2,7,unary,1,"{""Unary"": 25}","uncommitted","StructuralHorn"
"Statlog_satellite-bin",2,7,horn,1,"{""Horn"": 27}","horn","StructuralHorn"
"Statlog_satellite-bin",2,7,antihorn,1,"{""AntiHorn"": 28}","antihorn","StructuralAntiHorn"
"Statlog_satellite-bin",2,7,square2cnf,1,"{""Square2Cnf"": 26}","two_sat","TwoSat"
"Statlog_satellite-bin",2,7,affine,1,"{""Affine"": 38}","affine_gf2","Gf2Gaussian"
"Statlog_satellite-bin",2,7,smart_certified,5,"{""Affine"": 1, ""AntiHorn"": 1, ""Horn"": 2, ""Unary"": 20}","uncommitted|horn|antihorn|affine_gf2","Gf2Gaussian|StructuralAntiHorn|StructuralHorn"
"Statlog_satellite-bin",2,7,cals,5,"{""Horn"": 9, ""Unary"": 5}","horn","StructuralHorn"
"Statlog_satellite-bin",2,7,cals_compact_explain,5,"{""Horn"": 7, ""Unary"": 9}","horn","StructuralHorn"
"Statlog_satellite-bin",3,5,unary,1,"{""Unary"": 14}","uncommitted","StructuralHorn"
"Statlog_satellite-bin",3,5,horn,1,"{""Horn"": 14}","horn","StructuralHorn"
"Statlog_satellite-bin",3,5,antihorn,1,"{""AntiHorn"": 14}","antihorn","StructuralAntiHorn"
"Statlog_satellite-bin",3,5,square2cnf,1,"{""Square2Cnf"": 13}","two_sat","TwoSat"
"Statlog_satellite-bin",3,5,affine,1,"{""Affine"": 19}","affine_gf2","Gf2Gaussian"
"Statlog_satellite-bin",3,5,smart_certified,5,"{""Unary"": 14}","uncommitted","StructuralHorn"
"Statlog_satellite-bin",3,5,cals,5,"{""Horn"": 3, ""Unary"": 2}","horn","StructuralHorn"
"Statlog_satellite-bin",3,5,cals_compact_explain,5,"{""Horn"": 3, ""Unary"": 2}","horn","StructuralHorn"
"Statlog_satellite-bin",3,7,unary,1,"{""Unary"": 22}","uncommitted","StructuralHorn"
"Statlog_satellite-bin",3,7,horn,1,"{""Horn"": 22}","horn","StructuralHorn"
"Statlog_satellite-bin",3,7,antihorn,1,"{""AntiHorn"": 21}","antihorn","StructuralAntiHorn"
"Statlog_satellite-bin",3,7,square2cnf,1,"{""Square2Cnf"": 21}","two_sat","TwoSat"
"Statlog_satellite-bin",3,7,affine,1,"{""Affine"": 35}","affine_gf2","Gf2Gaussian"
"Statlog_satellite-bin",3,7,smart_certified,5,"{""Horn"": 1, ""Unary"": 21}","uncommitted|horn","StructuralHorn"
"Statlog_satellite-bin",3,7,cals,5,"{""Horn"": 7, ""Unary"": 2}","horn","StructuralHorn"
"Statlog_satellite-bin",3,7,cals_compact_explain,5,"{""Horn"": 7, ""Unary"": 2}","horn","StructuralHorn"
"Statlog_satellite-bin",4,5,unary,1,"{""Unary"": 17}","uncommitted","StructuralHorn"
"Statlog_satellite-bin",4,5,horn,1,"{""Horn"": 17}","horn","StructuralHorn"
"Statlog_satellite-bin",4,5,antihorn,1,"{""AntiHorn"": 17}","antihorn","StructuralAntiHorn"
"Statlog_satellite-bin",4,5,square2cnf,1,"{""Square2Cnf"": 17}","two_sat","TwoSat"
"Statlog_satellite-bin",4,5,affine,1,"{""Affine"": 23}","affine_gf2","Gf2Gaussian"
"Statlog_satellite-bin",4,5,smart_certified,5,"{""AntiHorn"": 2, ""Horn"": 1, ""Unary"": 11}","uncommitted|horn|antihorn","StructuralAntiHorn|StructuralHorn"
"Statlog_satellite-bin",4,5,cals,5,"{""Horn"": 8, ""Unary"": 4}","horn","StructuralHorn"
"Statlog_satellite-bin",4,5,cals_compact_explain,5,"{""Horn"": 8, ""Unary"": 7}","horn","StructuralHorn"
"Statlog_satellite-bin",4,7,unary,1,"{""Unary"": 26}","uncommitted","StructuralHorn"
"Statlog_satellite-bin",4,7,horn,1,"{""Horn"": 28}","horn","StructuralHorn"
"Statlog_satellite-bin",4,7,antihorn,1,"{""AntiHorn"": 24}","antihorn","StructuralAntiHorn"
"Statlog_satellite-bin",4,7,square2cnf,1,"{""Square2Cnf"": 24}","two_sat","TwoSat"
"Statlog_satellite-bin",4,7,affine,1,"{""Affine"": 40}","affine_gf2","Gf2Gaussian"
"Statlog_satellite-bin",4,7,smart_certified,5,"{""AntiHorn"": 3, ""Horn"": 1, ""Unary"": 18}","uncommitted|horn|antihorn","StructuralAntiHorn|StructuralHorn"
"Statlog_satellite-bin",4,7,cals,5,"{""Horn"": 10, ""Unary"": 5}","horn","StructuralHorn"
"Statlog_satellite-bin",4,7,cals_compact_explain,5,"{""Horn"": 14, ""Unary"": 9}","horn","StructuralHorn"
"Statlog_satellite-bin",5,5,unary,1,"{""Unary"": 17}","uncommitted","StructuralHorn"
"Statlog_satellite-bin",5,5,horn,1,"{""Horn"": 18}","horn","StructuralHorn"
"Statlog_satellite-bin",5,5,antihorn,1,"{""AntiHorn"": 14}","antihorn","StructuralAntiHorn"
"Statlog_satellite-bin",5,5,square2cnf,1,"{""Square2Cnf"": 13}","two_sat","TwoSat"
"Statlog_satellite-bin",5,5,affine,1,"{""Affine"": 20}","affine_gf2","Gf2Gaussian"
"Statlog_satellite-bin",5,5,smart_certified,5,"{""Horn"": 4, ""Unary"": 11}","uncommitted|horn","StructuralHorn"
"Statlog_satellite-bin",5,5,cals,5,"{""AntiHorn"": 7, ""Square2Cnf"": 2, ""Unary"": 2}","antihorn|two_sat","StructuralAntiHorn|TwoSat"
"Statlog_satellite-bin",5,5,cals_compact_explain,5,"{""AntiHorn"": 7, ""Square2Cnf"": 1, ""Unary"": 2}","antihorn|two_sat","StructuralAntiHorn|TwoSat"
"Statlog_satellite-bin",5,7,unary,1,"{""Unary"": 25}","uncommitted","StructuralHorn"
"Statlog_satellite-bin",5,7,horn,1,"{""Horn"": 26}","horn","StructuralHorn"
"Statlog_satellite-bin",5,7,antihorn,1,"{""AntiHorn"": 21}","antihorn","StructuralAntiHorn"
"Statlog_satellite-bin",5,7,square2cnf,1,"{""Square2Cnf"": 21}","two_sat","TwoSat"
"Statlog_satellite-bin",5,7,affine,1,"{""Affine"": 35}","affine_gf2","Gf2Gaussian"
"Statlog_satellite-bin",5,7,smart_certified,5,"{""Horn"": 4, ""Unary"": 17}","uncommitted|horn","StructuralHorn"
"Statlog_satellite-bin",5,7,cals,5,"{""AntiHorn"": 9, ""Square2Cnf"": 2, ""Unary"": 2}","antihorn|two_sat","StructuralAntiHorn|TwoSat"
"Statlog_satellite-bin",5,7,cals_compact_explain,5,"{""AntiHorn"": 10, ""Square2Cnf"": 1, ""Unary"": 4}","antihorn|two_sat","StructuralAntiHorn|TwoSat"
"Statlog_satellite-bin",6,5,unary,1,"{""Unary"": 16}","uncommitted","StructuralHorn"
"Statlog_satellite-bin",6,5,horn,1,"{""Horn"": 18}","horn","StructuralHorn"
"Statlog_satellite-bin",6,5,antihorn,1,"{""AntiHorn"": 14}","antihorn","StructuralAntiHorn"
"Statlog_satellite-bin",6,5,square2cnf,1,"{""Square2Cnf"": 15}","two_sat","TwoSat"
"Statlog_satellite-bin",6,5,affine,1,"{""Affine"": 20}","affine_gf2","Gf2Gaussian"
"Statlog_satellite-bin",6,5,smart_certified,5,"{""Horn"": 1, ""Unary"": 14}","uncommitted|horn","StructuralHorn"
"Statlog_satellite-bin",6,5,cals,5,"{""AntiHorn"": 8, ""Unary"": 3}","uncommitted|antihorn","StructuralAntiHorn|StructuralHorn"
"Statlog_satellite-bin",6,5,cals_compact_explain,5,"{""AntiHorn"": 7, ""Unary"": 2}","uncommitted|antihorn","StructuralAntiHorn|StructuralHorn"
"Statlog_satellite-bin",6,7,unary,1,"{""Unary"": 22}","uncommitted","StructuralHorn"
"Statlog_satellite-bin",6,7,horn,1,"{""Horn"": 26}","horn","StructuralHorn"
"Statlog_satellite-bin",6,7,antihorn,1,"{""AntiHorn"": 21}","antihorn","StructuralAntiHorn"
"Statlog_satellite-bin",6,7,square2cnf,1,"{""Square2Cnf"": 22}","two_sat","TwoSat"
"Statlog_satellite-bin",6,7,affine,1,"{""Affine"": 33}","affine_gf2","Gf2Gaussian"
"Statlog_satellite-bin",6,7,smart_certified,5,"{""Horn"": 2, ""Unary"": 19}","uncommitted|horn","StructuralHorn"
"Statlog_satellite-bin",6,7,cals,5,"{""AntiHorn"": 13, ""Unary"": 6}","uncommitted|antihorn","StructuralAntiHorn|StructuralHorn"
"Statlog_satellite-bin",6,7,cals_compact_explain,5,"{""AntiHorn"": 12, ""Unary"": 8}","uncommitted|antihorn","StructuralAntiHorn|StructuralHorn"
"Statlog_satellite-bin",7,5,unary,1,"{""Unary"": 15}","uncommitted","StructuralHorn"
"Statlog_satellite-bin",7,5,horn,1,"{""Horn"": 14}","horn","StructuralHorn"
"Statlog_satellite-bin",7,5,antihorn,1,"{""AntiHorn"": 17}","antihorn","StructuralAntiHorn"
"Statlog_satellite-bin",7,5,square2cnf,1,"{""Square2Cnf"": 18}","two_sat","TwoSat"
"Statlog_satellite-bin",7,5,affine,1,"{""Affine"": 18}","affine_gf2","Gf2Gaussian"
"Statlog_satellite-bin",7,5,smart_certified,5,"{""Horn"": 1, ""Unary"": 13}","uncommitted|horn","StructuralHorn"
"Statlog_satellite-bin",7,5,cals,5,"{""Horn"": 1, ""Square2Cnf"": 8, ""Unary"": 2}","horn|two_sat","StructuralHorn|TwoSat"
"Statlog_satellite-bin",7,5,cals_compact_explain,5,"{""Square2Cnf"": 8, ""Unary"": 1}","uncommitted|two_sat","StructuralHorn|TwoSat"
"Statlog_satellite-bin",7,7,unary,1,"{""Unary"": 21}","uncommitted","StructuralHorn"
"Statlog_satellite-bin",7,7,horn,1,"{""Horn"": 22}","horn","StructuralHorn"
"Statlog_satellite-bin",7,7,antihorn,1,"{""AntiHorn"": 23}","antihorn","StructuralAntiHorn"
"Statlog_satellite-bin",7,7,square2cnf,1,"{""Square2Cnf"": 24}","two_sat","TwoSat"
"Statlog_satellite-bin",7,7,affine,1,"{""Affine"": 32}","affine_gf2","Gf2Gaussian"
"Statlog_satellite-bin",7,7,smart_certified,5,"{""Horn"": 2, ""Unary"": 18}","uncommitted|horn","StructuralHorn"
"Statlog_satellite-bin",7,7,cals,5,"{""Horn"": 1, ""Square2Cnf"": 13, ""Unary"": 4}","horn|two_sat","StructuralHorn|TwoSat"
"Statlog_satellite-bin",7,7,cals_compact_explain,5,"{""Square2Cnf"": 10, ""Unary"": 1}","uncommitted|two_sat","StructuralHorn|TwoSat"
"Statlog_satellite-bin",8,5,unary,1,"{""Unary"": 14}","uncommitted","StructuralHorn"
"Statlog_satellite-bin",8,5,horn,1,"{""Horn"": 14}","horn","StructuralHorn"
"Statlog_satellite-bin",8,5,antihorn,1,"{""AntiHorn"": 15}","antihorn","StructuralAntiHorn"
"Statlog_satellite-bin",8,5,square2cnf,1,"{""Square2Cnf"": 15}","two_sat","TwoSat"
"Statlog_satellite-bin",8,5,affine,1,"{""Affine"": 21}","affine_gf2","Gf2Gaussian"
"Statlog_satellite-bin",8,5,smart_certified,5,"{""AntiHorn"": 1, ""Horn"": 1, ""Unary"": 12}","uncommitted|horn|antihorn","StructuralAntiHorn|StructuralHorn"
"Statlog_satellite-bin",8,5,cals,5,"{""AntiHorn"": 7, ""Horn"": 2, ""Unary"": 1}","horn|antihorn","StructuralAntiHorn|StructuralHorn"
"Statlog_satellite-bin",8,5,cals_compact_explain,5,"{""AntiHorn"": 7, ""Horn"": 2, ""Unary"": 4}","horn|antihorn","StructuralAntiHorn|StructuralHorn"
"Statlog_satellite-bin",8,7,unary,1,"{""Unary"": 21}","uncommitted","StructuralHorn"
"Statlog_satellite-bin",8,7,horn,1,"{""Horn"": 22}","horn","StructuralHorn"
"Statlog_satellite-bin",8,7,antihorn,1,"{""AntiHorn"": 22}","antihorn","StructuralAntiHorn"
"Statlog_satellite-bin",8,7,square2cnf,1,"{""Square2Cnf"": 24}","two_sat","TwoSat"
"Statlog_satellite-bin",8,7,affine,1,"{""Affine"": 36}","affine_gf2","Gf2Gaussian"
"Statlog_satellite-bin",8,7,smart_certified,5,"{""AntiHorn"": 1, ""Horn"": 1, ""Unary"": 17}","uncommitted|horn|antihorn","StructuralAntiHorn|StructuralHorn"
"Statlog_satellite-bin",8,7,cals,5,"{""AntiHorn"": 8, ""Horn"": 2, ""Unary"": 2}","horn|antihorn","StructuralAntiHorn|StructuralHorn"
"Statlog_satellite-bin",8,7,cals_compact_explain,5,"{""AntiHorn"": 10, ""Horn"": 2, ""Unary"": 6}","horn|antihorn","StructuralAntiHorn|StructuralHorn"
"Statlog_satellite-bin",9,5,unary,1,"{""Unary"": 19}","uncommitted","StructuralHorn"
"Statlog_satellite-bin",9,5,horn,1,"{""Horn"": 18}","horn","StructuralHorn"
"Statlog_satellite-bin",9,5,antihorn,1,"{""AntiHorn"": 16}","antihorn","StructuralAntiHorn"
"Statlog_satellite-bin",9,5,square2cnf,1,"{""Square2Cnf"": 16}","two_sat","TwoSat"
"Statlog_satellite-bin",9,5,affine,1,"{""Affine"": 21}","affine_gf2","Gf2Gaussian"
"Statlog_satellite-bin",9,5,smart_certified,5,"{""Horn"": 1, ""Square2Cnf"": 1, ""Unary"": 15}","uncommitted|horn|two_sat","StructuralHorn|TwoSat"
"Statlog_satellite-bin",9,5,cals,5,"{""Horn"": 5, ""Unary"": 3}","horn","StructuralHorn"
"Statlog_satellite-bin",9,5,cals_compact_explain,5,"{""Horn"": 3, ""Unary"": 3}","horn","StructuralHorn"
"Statlog_satellite-bin",9,7,unary,1,"{""Unary"": 25}","uncommitted","StructuralHorn"
"Statlog_satellite-bin",9,7,horn,1,"{""Horn"": 25}","horn","StructuralHorn"
"Statlog_satellite-bin",9,7,antihorn,1,"{""AntiHorn"": 22}","antihorn","StructuralAntiHorn"
"Statlog_satellite-bin",9,7,square2cnf,1,"{""Square2Cnf"": 24}","two_sat","TwoSat"
"Statlog_satellite-bin",9,7,affine,1,"{""Affine"": 35}","affine_gf2","Gf2Gaussian"
"Statlog_satellite-bin",9,7,smart_certified,5,"{""Affine"": 1, ""AntiHorn"": 1, ""Horn"": 1, ""Square2Cnf"": 1, ""Unary"": 19}","uncommitted|horn|antihorn|two_sat|affine_gf2","Gf2Gaussian|StructuralAntiHorn|StructuralHorn|TwoSat"
"Statlog_satellite-bin",9,7,cals,5,"{""Horn"": 6, ""Unary"": 3}","horn","StructuralHorn"
"Statlog_satellite-bin",9,7,cals_compact_explain,5,"{""Horn"": 5, ""Unary"": 4}","horn","StructuralHorn"
"adult_discretized",0,5,unary,1,"{""Unary"": 25}","uncommitted","StructuralHorn"
"adult_discretized",0,5,horn,1,"{""Horn"": 29}","horn","StructuralHorn"
"adult_discretized",0,5,antihorn,1,"{""AntiHorn"": 29}","antihorn","StructuralAntiHorn"
"adult_discretized",0,5,square2cnf,1,"{""Square2Cnf"": 29}","two_sat","TwoSat"
"adult_discretized",0,5,affine,1,"{""Affine"": 28}","affine_gf2","Gf2Gaussian"
"adult_discretized",0,5,smart_certified,5,"{""Unary"": 25}","uncommitted","StructuralHorn"
"adult_discretized",0,5,cals,5,"{""AntiHorn"": 8}","antihorn","StructuralAntiHorn"
"adult_discretized",0,5,cals_compact_explain,5,"{""AntiHorn"": 4}","antihorn","StructuralAntiHorn"
"adult_discretized",0,7,unary,1,"{""Unary"": 68}","uncommitted","StructuralHorn"
"adult_discretized",0,7,horn,1,"{""Horn"": 88}","horn","StructuralHorn"
"adult_discretized",0,7,antihorn,1,"{""AntiHorn"": 95}","antihorn","StructuralAntiHorn"
"adult_discretized",0,7,square2cnf,1,"{""Square2Cnf"": 88}","two_sat","TwoSat"
"adult_discretized",0,7,affine,1,"{""Affine"": 87}","affine_gf2","Gf2Gaussian"
"adult_discretized",0,7,smart_certified,5,"{""Affine"": 2, ""Horn"": 2, ""Unary"": 64}","uncommitted|horn|affine_gf2","Gf2Gaussian|StructuralHorn"
"adult_discretized",0,7,cals,5,"{""AntiHorn"": 13}","antihorn","StructuralAntiHorn"
"adult_discretized",0,7,cals_compact_explain,5,"{""AntiHorn"": 4}","antihorn","StructuralAntiHorn"
"adult_discretized",1,5,unary,1,"{""Unary"": 26}","uncommitted","StructuralHorn"
"adult_discretized",1,5,horn,1,"{""Horn"": 29}","horn","StructuralHorn"
"adult_discretized",1,5,antihorn,1,"{""AntiHorn"": 29}","antihorn","StructuralAntiHorn"
"adult_discretized",1,5,square2cnf,1,"{""Square2Cnf"": 30}","two_sat","TwoSat"
"adult_discretized",1,5,affine,1,"{""Affine"": 30}","affine_gf2","Gf2Gaussian"
"adult_discretized",1,5,smart_certified,5,"{""AntiHorn"": 1, ""Unary"": 25}","uncommitted|antihorn","StructuralAntiHorn|StructuralHorn"
"adult_discretized",1,5,cals,5,"{""Horn"": 6, ""Unary"": 5}","horn","StructuralHorn"
"adult_discretized",1,5,cals_compact_explain,5,"{""Horn"": 4, ""Unary"": 1}","horn","StructuralHorn"
"adult_discretized",1,7,unary,1,"{""Unary"": 70}","uncommitted","StructuralHorn"
"adult_discretized",1,7,horn,1,"{""Horn"": 85}","horn","StructuralHorn"
"adult_discretized",1,7,antihorn,1,"{""AntiHorn"": 92}","antihorn","StructuralAntiHorn"
"adult_discretized",1,7,square2cnf,1,"{""Square2Cnf"": 91}","two_sat","TwoSat"
"adult_discretized",1,7,affine,1,"{""Affine"": 95}","affine_gf2","Gf2Gaussian"
"adult_discretized",1,7,smart_certified,5,"{""Affine"": 2, ""AntiHorn"": 3, ""Horn"": 2, ""Unary"": 62}","uncommitted|horn|antihorn|affine_gf2","Gf2Gaussian|StructuralAntiHorn|StructuralHorn"
"adult_discretized",1,7,cals,5,"{""Horn"": 12, ""Unary"": 10}","horn","StructuralHorn"
"adult_discretized",1,7,cals_compact_explain,5,"{""Horn"": 5, ""Unary"": 3}","horn","StructuralHorn"
"adult_discretized",2,5,unary,1,"{""Unary"": 28}","uncommitted","StructuralHorn"
"adult_discretized",2,5,horn,1,"{""Horn"": 29}","horn","StructuralHorn"
"adult_discretized",2,5,antihorn,1,"{""AntiHorn"": 28}","antihorn","StructuralAntiHorn"
"adult_discretized",2,5,square2cnf,1,"{""Square2Cnf"": 27}","two_sat","TwoSat"
"adult_discretized",2,5,affine,1,"{""Affine"": 27}","affine_gf2","Gf2Gaussian"
"adult_discretized",2,5,smart_certified,5,"{""Horn"": 2, ""Unary"": 26}","uncommitted|horn","StructuralHorn"
"adult_discretized",2,5,cals,5,"{""AntiHorn"": 10}","antihorn","StructuralAntiHorn"
"adult_discretized",2,5,cals_compact_explain,5,"{""AntiHorn"": 3, ""Unary"": 1}","antihorn","StructuralAntiHorn"
"adult_discretized",2,7,unary,1,"{""Unary"": 77}","uncommitted","StructuralHorn"
"adult_discretized",2,7,horn,1,"{""Horn"": 80}","horn","StructuralHorn"
"adult_discretized",2,7,antihorn,1,"{""AntiHorn"": 88}","antihorn","StructuralAntiHorn"
"adult_discretized",2,7,square2cnf,1,"{""Square2Cnf"": 88}","two_sat","TwoSat"
"adult_discretized",2,7,affine,1,"{""Affine"": 86}","affine_gf2","Gf2Gaussian"
"adult_discretized",2,7,smart_certified,5,"{""Affine"": 1, ""AntiHorn"": 3, ""Horn"": 4, ""Unary"": 66}","uncommitted|horn|antihorn|affine_gf2","Gf2Gaussian|StructuralAntiHorn|StructuralHorn"
"adult_discretized",2,7,cals,5,"{""AntiHorn"": 21, ""Unary"": 3}","antihorn","StructuralAntiHorn"
"adult_discretized",2,7,cals_compact_explain,5,"{""AntiHorn"": 3, ""Unary"": 1}","antihorn","StructuralAntiHorn"
"adult_discretized",3,5,unary,1,"{""Unary"": 26}","uncommitted","StructuralHorn"
"adult_discretized",3,5,horn,1,"{""Horn"": 28}","horn","StructuralHorn"
"adult_discretized",3,5,antihorn,1,"{""AntiHorn"": 29}","antihorn","StructuralAntiHorn"
"adult_discretized",3,5,square2cnf,1,"{""Square2Cnf"": 30}","two_sat","TwoSat"
"adult_discretized",3,5,affine,1,"{""Affine"": 28}","affine_gf2","Gf2Gaussian"
"adult_discretized",3,5,smart_certified,5,"{""Horn"": 2, ""Unary"": 24}","uncommitted|horn","StructuralHorn"
"adult_discretized",3,5,cals,5,"{""AntiHorn"": 9}","antihorn","StructuralAntiHorn"
"adult_discretized",3,5,cals_compact_explain,5,"{""AntiHorn"": 4}","antihorn","StructuralAntiHorn"
"adult_discretized",3,7,unary,1,"{""Unary"": 72}","uncommitted","StructuralHorn"
"adult_discretized",3,7,horn,1,"{""Horn"": 75}","horn","StructuralHorn"
"adult_discretized",3,7,antihorn,1,"{""AntiHorn"": 86}","antihorn","StructuralAntiHorn"
"adult_discretized",3,7,square2cnf,1,"{""Square2Cnf"": 92}","two_sat","TwoSat"
"adult_discretized",3,7,affine,1,"{""Affine"": 91}","affine_gf2","Gf2Gaussian"
"adult_discretized",3,7,smart_certified,5,"{""Affine"": 3, ""AntiHorn"": 1, ""Horn"": 6, ""Unary"": 58}","uncommitted|horn|antihorn|affine_gf2","Gf2Gaussian|StructuralAntiHorn|StructuralHorn"
"adult_discretized",3,7,cals,5,"{""AntiHorn"": 18, ""Unary"": 1}","antihorn","StructuralAntiHorn"
"adult_discretized",3,7,cals_compact_explain,5,"{""AntiHorn"": 4}","antihorn","StructuralAntiHorn"
"adult_discretized",4,5,unary,1,"{""Unary"": 26}","uncommitted","StructuralHorn"
"adult_discretized",4,5,horn,1,"{""Horn"": 28}","horn","StructuralHorn"
"adult_discretized",4,5,antihorn,1,"{""AntiHorn"": 29}","antihorn","StructuralAntiHorn"
"adult_discretized",4,5,square2cnf,1,"{""Square2Cnf"": 27}","two_sat","TwoSat"
"adult_discretized",4,5,affine,1,"{""Affine"": 29}","affine_gf2","Gf2Gaussian"
"adult_discretized",4,5,smart_certified,5,"{""Horn"": 2, ""Unary"": 24}","uncommitted|horn","StructuralHorn"
"adult_discretized",4,5,cals,5,"{""AntiHorn"": 8, ""Unary"": 1}","antihorn","StructuralAntiHorn"
"adult_discretized",4,5,cals_compact_explain,5,"{""AntiHorn"": 5, ""Unary"": 1}","antihorn","StructuralAntiHorn"
"adult_discretized",4,7,unary,1,"{""Unary"": 69}","uncommitted","StructuralHorn"
"adult_discretized",4,7,horn,1,"{""Horn"": 82}","horn","StructuralHorn"
"adult_discretized",4,7,antihorn,1,"{""AntiHorn"": 92}","antihorn","StructuralAntiHorn"
"adult_discretized",4,7,square2cnf,1,"{""Square2Cnf"": 85}","two_sat","TwoSat"
"adult_discretized",4,7,affine,1,"{""Affine"": 89}","affine_gf2","Gf2Gaussian"
"adult_discretized",4,7,smart_certified,5,"{""Affine"": 2, ""Horn"": 2, ""Unary"": 63}","uncommitted|horn|affine_gf2","Gf2Gaussian|StructuralHorn"
"adult_discretized",4,7,cals,5,"{""AntiHorn"": 20, ""Unary"": 2}","antihorn","StructuralAntiHorn"
"adult_discretized",4,7,cals_compact_explain,5,"{""AntiHorn"": 8, ""Unary"": 1}","antihorn","StructuralAntiHorn"
"adult_discretized",5,5,unary,1,"{""Unary"": 27}","uncommitted","StructuralHorn"
"adult_discretized",5,5,horn,1,"{""Horn"": 30}","horn","StructuralHorn"
"adult_discretized",5,5,antihorn,1,"{""AntiHorn"": 31}","antihorn","StructuralAntiHorn"
"adult_discretized",5,5,square2cnf,1,"{""Square2Cnf"": 30}","two_sat","TwoSat"
"adult_discretized",5,5,affine,1,"{""Affine"": 27}","affine_gf2","Gf2Gaussian"
"adult_discretized",5,5,smart_certified,5,"{""AntiHorn"": 1, ""Horn"": 1, ""Unary"": 25}","uncommitted|horn|antihorn","StructuralAntiHorn|StructuralHorn"
"adult_discretized",5,5,cals,5,"{""AntiHorn"": 9, ""Unary"": 4}","antihorn","StructuralAntiHorn"
"adult_discretized",5,5,cals_compact_explain,5,"{""AntiHorn"": 2, ""Unary"": 1}","antihorn","StructuralAntiHorn"
"adult_discretized",5,7,unary,1,"{""Unary"": 72}","uncommitted","StructuralHorn"
"adult_discretized",5,7,horn,1,"{""Horn"": 85}","horn","StructuralHorn"
"adult_discretized",5,7,antihorn,1,"{""AntiHorn"": 89}","antihorn","StructuralAntiHorn"
"adult_discretized",5,7,square2cnf,1,"{""Square2Cnf"": 84}","two_sat","TwoSat"
"adult_discretized",5,7,affine,1,"{""Affine"": 91}","affine_gf2","Gf2Gaussian"
"adult_discretized",5,7,smart_certified,5,"{""Affine"": 1, ""AntiHorn"": 3, ""Horn"": 4, ""Unary"": 63}","uncommitted|horn|antihorn|affine_gf2","Gf2Gaussian|StructuralAntiHorn|StructuralHorn"
"adult_discretized",5,7,cals,5,"{""AntiHorn"": 20, ""Unary"": 6}","antihorn","StructuralAntiHorn"
"adult_discretized",5,7,cals_compact_explain,5,"{""AntiHorn"": 4, ""Unary"": 2}","antihorn","StructuralAntiHorn"
"adult_discretized",6,5,unary,1,"{""Unary"": 24}","uncommitted","StructuralHorn"
"adult_discretized",6,5,horn,1,"{""Horn"": 27}","horn","StructuralHorn"
"adult_discretized",6,5,antihorn,1,"{""AntiHorn"": 28}","antihorn","StructuralAntiHorn"
"adult_discretized",6,5,square2cnf,1,"{""Square2Cnf"": 29}","two_sat","TwoSat"
"adult_discretized",6,5,affine,1,"{""Affine"": 28}","affine_gf2","Gf2Gaussian"
"adult_discretized",6,5,smart_certified,5,"{""Horn"": 1, ""Unary"": 23}","uncommitted|horn","StructuralHorn"
"adult_discretized",6,5,cals,5,"{""AntiHorn"": 8}","antihorn","StructuralAntiHorn"
"adult_discretized",6,5,cals_compact_explain,5,"{""AntiHorn"": 4}","antihorn","StructuralAntiHorn"
"adult_discretized",6,7,unary,1,"{""Unary"": 68}","uncommitted","StructuralHorn"
"adult_discretized",6,7,horn,1,"{""Horn"": 85}","horn","StructuralHorn"
"adult_discretized",6,7,antihorn,1,"{""AntiHorn"": 88}","antihorn","StructuralAntiHorn"
"adult_discretized",6,7,square2cnf,1,"{""Square2Cnf"": 90}","two_sat","TwoSat"
"adult_discretized",6,7,affine,1,"{""Affine"": 86}","affine_gf2","Gf2Gaussian"
"adult_discretized",6,7,smart_certified,5,"{""Affine"": 4, ""AntiHorn"": 1, ""Horn"": 1, ""Unary"": 61}","uncommitted|horn|antihorn|affine_gf2","Gf2Gaussian|StructuralAntiHorn|StructuralHorn"
"adult_discretized",6,7,cals,5,"{""AntiHorn"": 16}","antihorn","StructuralAntiHorn"
"adult_discretized",6,7,cals_compact_explain,5,"{""AntiHorn"": 4}","antihorn","StructuralAntiHorn"
"adult_discretized",7,5,unary,1,"{""Unary"": 28}","uncommitted","StructuralHorn"
"adult_discretized",7,5,horn,1,"{""Horn"": 28}","horn","StructuralHorn"
"adult_discretized",7,5,antihorn,1,"{""AntiHorn"": 31}","antihorn","StructuralAntiHorn"
"adult_discretized",7,5,square2cnf,1,"{""Square2Cnf"": 30}","two_sat","TwoSat"
"adult_discretized",7,5,affine,1,"{""Affine"": 28}","affine_gf2","Gf2Gaussian"
"adult_discretized",7,5,smart_certified,5,"{""Horn"": 1, ""Unary"": 27}","uncommitted|horn","StructuralHorn"
"adult_discretized",7,5,cals,5,"{""AntiHorn"": 4}","antihorn","StructuralAntiHorn"
"adult_discretized",7,5,cals_compact_explain,5,"{""AntiHorn"": 4}","antihorn","StructuralAntiHorn"
"adult_discretized",7,7,unary,1,"{""Unary"": 77}","uncommitted","StructuralHorn"
"adult_discretized",7,7,horn,1,"{""Horn"": 81}","horn","StructuralHorn"
"adult_discretized",7,7,antihorn,1,"{""AntiHorn"": 95}","antihorn","StructuralAntiHorn"
"adult_discretized",7,7,square2cnf,1,"{""Square2Cnf"": 87}","two_sat","TwoSat"
"adult_discretized",7,7,affine,1,"{""Affine"": 89}","affine_gf2","Gf2Gaussian"
"adult_discretized",7,7,smart_certified,5,"{""Affine"": 4, ""Horn"": 4, ""Unary"": 64}","uncommitted|horn|affine_gf2","Gf2Gaussian|StructuralHorn"
"adult_discretized",7,7,cals,5,"{""AntiHorn"": 19, ""Unary"": 3}","antihorn","StructuralAntiHorn"
"adult_discretized",7,7,cals_compact_explain,5,"{""AntiHorn"": 4}","antihorn","StructuralAntiHorn"
"adult_discretized",8,5,unary,1,"{""Unary"": 22}","uncommitted","StructuralHorn"
"adult_discretized",8,5,horn,1,"{""Horn"": 30}","horn","StructuralHorn"
"adult_discretized",8,5,antihorn,1,"{""AntiHorn"": 30}","antihorn","StructuralAntiHorn"
"adult_discretized",8,5,square2cnf,1,"{""Square2Cnf"": 29}","two_sat","TwoSat"
"adult_discretized",8,5,affine,1,"{""Affine"": 29}","affine_gf2","Gf2Gaussian"
"adult_discretized",8,5,smart_certified,5,"{""Unary"": 22}","uncommitted","StructuralHorn"
"adult_discretized",8,5,cals,5,"{""AntiHorn"": 8}","antihorn","StructuralAntiHorn"
"adult_discretized",8,5,cals_compact_explain,5,"{""AntiHorn"": 4}","antihorn","StructuralAntiHorn"
"adult_discretized",8,7,unary,1,"{""Unary"": 63}","uncommitted","StructuralHorn"
"adult_discretized",8,7,horn,1,"{""Horn"": 86}","horn","StructuralHorn"
"adult_discretized",8,7,antihorn,1,"{""AntiHorn"": 86}","antihorn","StructuralAntiHorn"
"adult_discretized",8,7,square2cnf,1,"{""Square2Cnf"": 90}","two_sat","TwoSat"
"adult_discretized",8,7,affine,1,"{""Affine"": 92}","affine_gf2","Gf2Gaussian"
"adult_discretized",8,7,smart_certified,5,"{""Affine"": 3, ""Horn"": 1, ""Unary"": 60}","uncommitted|horn|affine_gf2","Gf2Gaussian|StructuralHorn"
"adult_discretized",8,7,cals,5,"{""AntiHorn"": 13, ""Unary"": 1}","antihorn","StructuralAntiHorn"
"adult_discretized",8,7,cals_compact_explain,5,"{""AntiHorn"": 4}","antihorn","StructuralAntiHorn"
"adult_discretized",9,5,unary,1,"{""Unary"": 25}","uncommitted","StructuralHorn"
"adult_discretized",9,5,horn,1,"{""Horn"": 29}","horn","StructuralHorn"
"adult_discretized",9,5,antihorn,1,"{""AntiHorn"": 28}","antihorn","StructuralAntiHorn"
"adult_discretized",9,5,square2cnf,1,"{""Square2Cnf"": 29}","two_sat","TwoSat"
"adult_discretized",9,5,affine,1,"{""Affine"": 28}","affine_gf2","Gf2Gaussian"
"adult_discretized",9,5,smart_certified,5,"{""AntiHorn"": 1, ""Unary"": 24}","uncommitted|antihorn","StructuralAntiHorn|StructuralHorn"
"adult_discretized",9,5,cals,5,"{""AntiHorn"": 5, ""Unary"": 2}","antihorn","StructuralAntiHorn"
"adult_discretized",9,5,cals_compact_explain,5,"{""AntiHorn"": 3, ""Unary"": 1}","antihorn","StructuralAntiHorn"
"adult_discretized",9,7,unary,1,"{""Unary"": 68}","uncommitted","StructuralHorn"
"adult_discretized",9,7,horn,1,"{""Horn"": 79}","horn","StructuralHorn"
"adult_discretized",9,7,antihorn,1,"{""AntiHorn"": 83}","antihorn","StructuralAntiHorn"
"adult_discretized",9,7,square2cnf,1,"{""Square2Cnf"": 86}","two_sat","TwoSat"
"adult_discretized",9,7,affine,1,"{""Affine"": 87}","affine_gf2","Gf2Gaussian"
"adult_discretized",9,7,smart_certified,5,"{""AntiHorn"": 2, ""Horn"": 4, ""Unary"": 60}","uncommitted|horn|antihorn","StructuralAntiHorn|StructuralHorn"
"adult_discretized",9,7,cals,5,"{""AntiHorn"": 18, ""Unary"": 4}","antihorn","StructuralAntiHorn"
"adult_discretized",9,7,cals_compact_explain,5,"{""AntiHorn"": 8, ""Unary"": 1}","antihorn","StructuralAntiHorn"
"anneal",0,5,unary,1,"{""Unary"": 11}","uncommitted","StructuralHorn"
"anneal",0,5,horn,1,"{""Horn"": 12}","horn","StructuralHorn"
"anneal",0,5,antihorn,1,"{""AntiHorn"": 12}","antihorn","StructuralAntiHorn"
"anneal",0,5,square2cnf,1,"{""Square2Cnf"": 12}","two_sat","TwoSat"
"anneal",0,5,affine,1,"{""Affine"": 13}","affine_gf2","Gf2Gaussian"
"anneal",0,5,smart_certified,5,"{""Affine"": 1, ""Horn"": 1, ""Unary"": 9}","uncommitted|horn|affine_gf2","Gf2Gaussian|StructuralHorn"
"anneal",0,5,cals,5,"{""Affine"": 5}","affine_gf2","Gf2Gaussian"
"anneal",0,5,cals_compact_explain,5,"{""Affine"": 1}","affine_gf2","Gf2Gaussian"
"anneal",0,7,unary,1,"{""Unary"": 19}","uncommitted","StructuralHorn"
"anneal",0,7,horn,1,"{""Horn"": 19}","horn","StructuralHorn"
"anneal",0,7,antihorn,1,"{""AntiHorn"": 19}","antihorn","StructuralAntiHorn"
"anneal",0,7,square2cnf,1,"{""Square2Cnf"": 19}","two_sat","TwoSat"
"anneal",0,7,affine,1,"{""Affine"": 23}","affine_gf2","Gf2Gaussian"
"anneal",0,7,smart_certified,5,"{""Affine"": 2, ""Horn"": 2, ""Unary"": 15}","uncommitted|horn|affine_gf2","Gf2Gaussian|StructuralHorn"
"anneal",0,7,cals,5,"{""Affine"": 7}","affine_gf2","Gf2Gaussian"
"anneal",0,7,cals_compact_explain,5,"{""Affine"": 7, ""Unary"": 1}","affine_gf2","Gf2Gaussian"
"anneal",1,5,unary,1,"{""Unary"": 10}","uncommitted","StructuralHorn"
"anneal",1,5,horn,1,"{""Horn"": 10}","horn","StructuralHorn"
"anneal",1,5,antihorn,1,"{""AntiHorn"": 11}","antihorn","StructuralAntiHorn"
"anneal",1,5,square2cnf,1,"{""Square2Cnf"": 11}","two_sat","TwoSat"
"anneal",1,5,affine,1,"{""Affine"": 12}","affine_gf2","Gf2Gaussian"
"anneal",1,5,smart_certified,5,"{""Horn"": 2, ""Unary"": 8}","uncommitted|horn","StructuralHorn"
"anneal",1,5,cals,5,"{""Affine"": 5}","affine_gf2","Gf2Gaussian"
"anneal",1,5,cals_compact_explain,5,"{""Affine"": 5}","affine_gf2","Gf2Gaussian"
"anneal",1,7,unary,1,"{""Unary"": 14}","uncommitted","StructuralHorn"
"anneal",1,7,horn,1,"{""Horn"": 16}","horn","StructuralHorn"
"anneal",1,7,antihorn,1,"{""AntiHorn"": 20}","antihorn","StructuralAntiHorn"
"anneal",1,7,square2cnf,1,"{""Square2Cnf"": 20}","two_sat","TwoSat"
"anneal",1,7,affine,1,"{""Affine"": 25}","affine_gf2","Gf2Gaussian"
"anneal",1,7,smart_certified,5,"{""Horn"": 2, ""Unary"": 13}","uncommitted|horn","StructuralHorn"
"anneal",1,7,cals,5,"{""Affine"": 7}","affine_gf2","Gf2Gaussian"
"anneal",1,7,cals_compact_explain,5,"{""Affine"": 7}","affine_gf2","Gf2Gaussian"
"anneal",2,5,unary,1,"{""Unary"": 11}","uncommitted","StructuralHorn"
"anneal",2,5,horn,1,"{""Horn"": 12}","horn","StructuralHorn"
"anneal",2,5,antihorn,1,"{""AntiHorn"": 12}","antihorn","StructuralAntiHorn"
"anneal",2,5,square2cnf,1,"{""Square2Cnf"": 12}","two_sat","TwoSat"
"anneal",2,5,affine,1,"{""Affine"": 13}","affine_gf2","Gf2Gaussian"
"anneal",2,5,smart_certified,5,"{""Horn"": 2, ""Unary"": 9}","uncommitted|horn","StructuralHorn"
"anneal",2,5,cals,5,"{""Affine"": 4}","affine_gf2","Gf2Gaussian"
"anneal",2,5,cals_compact_explain,5,"{""Affine"": 1}","affine_gf2","Gf2Gaussian"
"anneal",2,7,unary,1,"{""Unary"": 19}","uncommitted","StructuralHorn"
"anneal",2,7,horn,1,"{""Horn"": 24}","horn","StructuralHorn"
"anneal",2,7,antihorn,1,"{""AntiHorn"": 24}","antihorn","StructuralAntiHorn"
"anneal",2,7,square2cnf,1,"{""Square2Cnf"": 24}","two_sat","TwoSat"
"anneal",2,7,affine,1,"{""Affine"": 28}","affine_gf2","Gf2Gaussian"
"anneal",2,7,smart_certified,5,"{""Horn"": 4, ""Unary"": 15}","uncommitted|horn","StructuralHorn"
"anneal",2,7,cals,5,"{""Affine"": 8}","affine_gf2","Gf2Gaussian"
"anneal",2,7,cals_compact_explain,5,"{""Affine"": 7}","affine_gf2","Gf2Gaussian"
"anneal",3,5,unary,1,"{""Unary"": 10}","uncommitted","StructuralHorn"
"anneal",3,5,horn,1,"{""Horn"": 11}","horn","StructuralHorn"
"anneal",3,5,antihorn,1,"{""AntiHorn"": 11}","antihorn","StructuralAntiHorn"
"anneal",3,5,square2cnf,1,"{""Square2Cnf"": 11}","two_sat","TwoSat"
"anneal",3,5,affine,1,"{""Affine"": 11}","affine_gf2","Gf2Gaussian"
"anneal",3,5,smart_certified,5,"{""Horn"": 1, ""Unary"": 9}","uncommitted|horn","StructuralHorn"
"anneal",3,5,cals,5,"{""Affine"": 5}","affine_gf2","Gf2Gaussian"
"anneal",3,5,cals_compact_explain,5,"{""Affine"": 5}","affine_gf2","Gf2Gaussian"
"anneal",3,7,unary,1,"{""Unary"": 19}","uncommitted","StructuralHorn"
"anneal",3,7,horn,1,"{""Horn"": 24}","horn","StructuralHorn"
"anneal",3,7,antihorn,1,"{""AntiHorn"": 24}","antihorn","StructuralAntiHorn"
"anneal",3,7,square2cnf,1,"{""Square2Cnf"": 23}","two_sat","TwoSat"
"anneal",3,7,affine,1,"{""Affine"": 18}","affine_gf2","Gf2Gaussian"
"anneal",3,7,smart_certified,5,"{""Affine"": 2, ""Horn"": 2, ""Unary"": 16}","uncommitted|horn|affine_gf2","Gf2Gaussian|StructuralHorn"
"anneal",3,7,cals,5,"{""Affine"": 6, ""Unary"": 1}","affine_gf2","Gf2Gaussian"
"anneal",3,7,cals_compact_explain,5,"{""Affine"": 6, ""Unary"": 1}","affine_gf2","Gf2Gaussian"
"anneal",4,5,unary,1,"{""Unary"": 13}","uncommitted","StructuralHorn"
"anneal",4,5,horn,1,"{""Horn"": 14}","horn","StructuralHorn"
"anneal",4,5,antihorn,1,"{""AntiHorn"": 14}","antihorn","StructuralAntiHorn"
"anneal",4,5,square2cnf,1,"{""Square2Cnf"": 14}","two_sat","TwoSat"
"anneal",4,5,affine,1,"{""Affine"": 9}","affine_gf2","Gf2Gaussian"
"anneal",4,5,smart_certified,5,"{""Affine"": 3, ""Unary"": 10}","uncommitted|affine_gf2","Gf2Gaussian|StructuralHorn"
"anneal",4,5,cals,5,"{""Affine"": 4, ""Unary"": 2}","uncommitted|affine_gf2","Gf2Gaussian|StructuralHorn"
"anneal",4,5,cals_compact_explain,5,"{""Affine"": 4, ""Unary"": 2}","uncommitted|affine_gf2","Gf2Gaussian|StructuralHorn"
"anneal",4,7,unary,1,"{""Unary"": 22}","uncommitted","StructuralHorn"
"anneal",4,7,horn,1,"{""Horn"": 26}","horn","StructuralHorn"
"anneal",4,7,antihorn,1,"{""AntiHorn"": 26}","antihorn","StructuralAntiHorn"
"anneal",4,7,square2cnf,1,"{""Square2Cnf"": 26}","two_sat","TwoSat"
"anneal",4,7,affine,1,"{""Affine"": 19}","affine_gf2","Gf2Gaussian"
"anneal",4,7,smart_certified,5,"{""Affine"": 3, ""Unary"": 17}","uncommitted|affine_gf2","Gf2Gaussian|StructuralHorn"
"anneal",4,7,cals,5,"{""Affine"": 5, ""Unary"": 2}","uncommitted|affine_gf2","Gf2Gaussian|StructuralHorn"
"anneal",4,7,cals_compact_explain,5,"{""Affine"": 6, ""Unary"": 2}","uncommitted|affine_gf2","Gf2Gaussian|StructuralHorn"
"anneal",5,5,unary,1,"{""Unary"": 11}","uncommitted","StructuralHorn"
"anneal",5,5,horn,1,"{""Horn"": 12}","horn","StructuralHorn"
"anneal",5,5,antihorn,1,"{""AntiHorn"": 12}","antihorn","StructuralAntiHorn"
"anneal",5,5,square2cnf,1,"{""Square2Cnf"": 12}","two_sat","TwoSat"
"anneal",5,5,affine,1,"{""Affine"": 11}","affine_gf2","Gf2Gaussian"
"anneal",5,5,smart_certified,5,"{""Horn"": 2, ""Unary"": 9}","uncommitted|horn","StructuralHorn"
"anneal",5,5,cals,5,"{""Affine"": 5, ""Unary"": 2}","affine_gf2","Gf2Gaussian"
"anneal",5,5,cals_compact_explain,5,"{""Affine"": 1}","affine_gf2","Gf2Gaussian"
"anneal",5,7,unary,1,"{""Unary"": 17}","uncommitted","StructuralHorn"
"anneal",5,7,horn,1,"{""Horn"": 19}","horn","StructuralHorn"
"anneal",5,7,antihorn,1,"{""AntiHorn"": 19}","antihorn","StructuralAntiHorn"
"anneal",5,7,square2cnf,1,"{""Square2Cnf"": 19}","two_sat","TwoSat"
"anneal",5,7,affine,1,"{""Affine"": 17}","affine_gf2","Gf2Gaussian"
"anneal",5,7,smart_certified,5,"{""Horn"": 3, ""Unary"": 14}","uncommitted|horn","StructuralHorn"
"anneal",5,7,cals,5,"{""Affine"": 7, ""Unary"": 2}","affine_gf2","Gf2Gaussian"
"anneal",5,7,cals_compact_explain,5,"{""Affine"": 1}","affine_gf2","Gf2Gaussian"
"anneal",6,5,unary,1,"{""Unary"": 12}","uncommitted","StructuralHorn"
"anneal",6,5,horn,1,"{""Horn"": 12}","horn","StructuralHorn"
"anneal",6,5,antihorn,1,"{""AntiHorn"": 12}","antihorn","StructuralAntiHorn"
"anneal",6,5,square2cnf,1,"{""Square2Cnf"": 12}","two_sat","TwoSat"
"anneal",6,5,affine,1,"{""Affine"": 10}","affine_gf2","Gf2Gaussian"
"anneal",6,5,smart_certified,5,"{""Horn"": 1, ""Unary"": 11}","uncommitted|horn","StructuralHorn"
"anneal",6,5,cals,5,"{""Affine"": 4}","affine_gf2","Gf2Gaussian"
"anneal",6,5,cals_compact_explain,5,"{""Affine"": 1}","affine_gf2","Gf2Gaussian"
"anneal",6,7,unary,1,"{""Unary"": 21}","uncommitted","StructuralHorn"
"anneal",6,7,horn,1,"{""Horn"": 24}","horn","StructuralHorn"
"anneal",6,7,antihorn,1,"{""AntiHorn"": 24}","antihorn","StructuralAntiHorn"
"anneal",6,7,square2cnf,1,"{""Square2Cnf"": 23}","two_sat","TwoSat"
"anneal",6,7,affine,1,"{""Affine"": 20}","affine_gf2","Gf2Gaussian"
"anneal",6,7,smart_certified,5,"{""Affine"": 1, ""Horn"": 1, ""Unary"": 20}","uncommitted|horn|affine_gf2","Gf2Gaussian|StructuralHorn"
"anneal",6,7,cals,5,"{""Affine"": 7}","affine_gf2","Gf2Gaussian"
"anneal",6,7,cals_compact_explain,5,"{""Affine"": 1}","affine_gf2","Gf2Gaussian"
"anneal",7,5,unary,1,"{""Unary"": 10}","uncommitted","StructuralHorn"
"anneal",7,5,horn,1,"{""Horn"": 10}","horn","StructuralHorn"
"anneal",7,5,antihorn,1,"{""AntiHorn"": 10}","antihorn","StructuralAntiHorn"
"anneal",7,5,square2cnf,1,"{""Square2Cnf"": 10}","two_sat","TwoSat"
"anneal",7,5,affine,1,"{""Affine"": 11}","affine_gf2","Gf2Gaussian"
"anneal",7,5,smart_certified,5,"{""Affine"": 1, ""Unary"": 9}","uncommitted|affine_gf2","Gf2Gaussian|StructuralHorn"
"anneal",7,5,cals,5,"{""Affine"": 3, ""Unary"": 1}","uncommitted|affine_gf2","Gf2Gaussian|StructuralHorn"
"anneal",7,5,cals_compact_explain,5,"{""Affine"": 3, ""Unary"": 1}","uncommitted|affine_gf2","Gf2Gaussian|StructuralHorn"
"anneal",7,7,unary,1,"{""Unary"": 14}","uncommitted","StructuralHorn"
"anneal",7,7,horn,1,"{""Horn"": 16}","horn","StructuralHorn"
"anneal",7,7,antihorn,1,"{""AntiHorn"": 16}","antihorn","StructuralAntiHorn"
"anneal",7,7,square2cnf,1,"{""Square2Cnf"": 16}","two_sat","TwoSat"
"anneal",7,7,affine,1,"{""Affine"": 18}","affine_gf2","Gf2Gaussian"
"anneal",7,7,smart_certified,5,"{""Affine"": 1, ""Unary"": 13}","uncommitted|affine_gf2","Gf2Gaussian|StructuralHorn"
"anneal",7,7,cals,5,"{""Affine"": 4, ""Unary"": 2}","uncommitted|affine_gf2","Gf2Gaussian|StructuralHorn"
"anneal",7,7,cals_compact_explain,5,"{""Affine"": 3, ""Unary"": 1}","uncommitted|affine_gf2","Gf2Gaussian|StructuralHorn"
"anneal",8,5,unary,1,"{""Unary"": 12}","uncommitted","StructuralHorn"
"anneal",8,5,horn,1,"{""Horn"": 12}","horn","StructuralHorn"
"anneal",8,5,antihorn,1,"{""AntiHorn"": 12}","antihorn","StructuralAntiHorn"
"anneal",8,5,square2cnf,1,"{""Square2Cnf"": 12}","two_sat","TwoSat"
"anneal",8,5,affine,1,"{""Affine"": 13}","affine_gf2","Gf2Gaussian"
"anneal",8,5,smart_certified,5,"{""Affine"": 1, ""Horn"": 1, ""Unary"": 11}","uncommitted|horn|affine_gf2","Gf2Gaussian|StructuralHorn"
"anneal",8,5,cals,5,"{""Affine"": 4}","affine_gf2","Gf2Gaussian"
"anneal",8,5,cals_compact_explain,5,"{""Affine"": 4, ""Unary"": 1}","affine_gf2","Gf2Gaussian"
"anneal",8,7,unary,1,"{""Unary"": 22}","uncommitted","StructuralHorn"
"anneal",8,7,horn,1,"{""Horn"": 21}","horn","StructuralHorn"
"anneal",8,7,antihorn,1,"{""AntiHorn"": 21}","antihorn","StructuralAntiHorn"
"anneal",8,7,square2cnf,1,"{""Square2Cnf"": 21}","two_sat","TwoSat"
"anneal",8,7,affine,1,"{""Affine"": 23}","affine_gf2","Gf2Gaussian"
"anneal",8,7,smart_certified,5,"{""Affine"": 1, ""Horn"": 3, ""Unary"": 18}","uncommitted|horn|affine_gf2","Gf2Gaussian|StructuralHorn"
"anneal",8,7,cals,5,"{""Affine"": 5, ""Unary"": 1}","affine_gf2","Gf2Gaussian"
"anneal",8,7,cals_compact_explain,5,"{""Affine"": 6, ""Unary"": 1}","affine_gf2","Gf2Gaussian"
"anneal",9,5,unary,1,"{""Unary"": 11}","uncommitted","StructuralHorn"
"anneal",9,5,horn,1,"{""Horn"": 13}","horn","StructuralHorn"
"anneal",9,5,antihorn,1,"{""AntiHorn"": 13}","antihorn","StructuralAntiHorn"
"anneal",9,5,square2cnf,1,"{""Square2Cnf"": 13}","two_sat","TwoSat"
"anneal",9,5,affine,1,"{""Affine"": 12}","affine_gf2","Gf2Gaussian"
"anneal",9,5,smart_certified,5,"{""Horn"": 2, ""Unary"": 9}","uncommitted|horn","StructuralHorn"
"anneal",9,5,cals,5,"{""Affine"": 4}","affine_gf2","Gf2Gaussian"
"anneal",9,5,cals_compact_explain,5,"{""Affine"": 4, ""Unary"": 2}","affine_gf2","Gf2Gaussian"
"anneal",9,7,unary,1,"{""Unary"": 18}","uncommitted","StructuralHorn"
"anneal",9,7,horn,1,"{""Horn"": 23}","horn","StructuralHorn"
"anneal",9,7,antihorn,1,"{""AntiHorn"": 23}","antihorn","StructuralAntiHorn"
"anneal",9,7,square2cnf,1,"{""Square2Cnf"": 23}","two_sat","TwoSat"
"anneal",9,7,affine,1,"{""Affine"": 23}","affine_gf2","Gf2Gaussian"
"anneal",9,7,smart_certified,5,"{""Affine"": 1, ""Horn"": 2, ""Unary"": 15}","uncommitted|horn|affine_gf2","Gf2Gaussian|StructuralHorn"
"anneal",9,7,cals,5,"{""Affine"": 6}","affine_gf2","Gf2Gaussian"
"anneal",9,7,cals_compact_explain,5,"{""Affine"": 5, ""Unary"": 2}","affine_gf2","Gf2Gaussian"
"audiology",0,5,unary,1,"{""Unary"": 8}","uncommitted","StructuralHorn"
"audiology",0,5,horn,1,"{""Horn"": 5}","horn","StructuralHorn"
"audiology",0,5,antihorn,1,"{""AntiHorn"": 5}","antihorn","StructuralAntiHorn"
"audiology",0,5,square2cnf,1,"{""Square2Cnf"": 5}","two_sat","TwoSat"
"audiology",0,5,affine,1,"{""Affine"": 5}","affine_gf2","Gf2Gaussian"
"audiology",0,5,smart_certified,5,"{""Horn"": 3, ""Unary"": 3}","horn","StructuralHorn"
"audiology",0,5,cals,5,"{""Square2Cnf"": 1}","two_sat","TwoSat"
"audiology",0,5,cals_compact_explain,5,"{""Square2Cnf"": 1, ""Unary"": 1}","two_sat","TwoSat"
"audiology",0,7,unary,1,"{""Unary"": 8}","uncommitted","StructuralHorn"
"audiology",0,7,horn,1,"{""Horn"": 5}","horn","StructuralHorn"
"audiology",0,7,antihorn,1,"{""AntiHorn"": 5}","antihorn","StructuralAntiHorn"
"audiology",0,7,square2cnf,1,"{""Square2Cnf"": 5}","two_sat","TwoSat"
"audiology",0,7,affine,1,"{""Affine"": 5}","affine_gf2","Gf2Gaussian"
"audiology",0,7,smart_certified,5,"{""Horn"": 3, ""Unary"": 3}","horn","StructuralHorn"
"audiology",0,7,cals,5,"{""Square2Cnf"": 1}","two_sat","TwoSat"
"audiology",0,7,cals_compact_explain,5,"{""Square2Cnf"": 1, ""Unary"": 1}","two_sat","TwoSat"
"audiology",1,5,unary,1,"{""Unary"": 7}","uncommitted","StructuralHorn"
"audiology",1,5,horn,1,"{""Horn"": 7}","horn","StructuralHorn"
"audiology",1,5,antihorn,1,"{""AntiHorn"": 7}","antihorn","StructuralAntiHorn"
"audiology",1,5,square2cnf,1,"{""Square2Cnf"": 7}","two_sat","TwoSat"
"audiology",1,5,affine,1,"{""Affine"": 7}","affine_gf2","Gf2Gaussian"
"audiology",1,5,smart_certified,5,"{""Horn"": 4, ""Unary"": 2}","uncommitted|horn","StructuralHorn"
"audiology",1,5,cals,5,"{""Horn"": 1}","horn","StructuralHorn"
"audiology",1,5,cals_compact_explain,5,"{""Horn"": 2, ""Unary"": 1}","horn","StructuralHorn"
"audiology",1,7,unary,1,"{""Unary"": 8}","uncommitted","StructuralHorn"
"audiology",1,7,horn,1,"{""Horn"": 7}","horn","StructuralHorn"
"audiology",1,7,antihorn,1,"{""AntiHorn"": 7}","antihorn","StructuralAntiHorn"
"audiology",1,7,square2cnf,1,"{""Square2Cnf"": 7}","two_sat","TwoSat"
"audiology",1,7,affine,1,"{""Affine"": 7}","affine_gf2","Gf2Gaussian"
"audiology",1,7,smart_certified,5,"{""Horn"": 4, ""Unary"": 2}","uncommitted|horn","StructuralHorn"
"audiology",1,7,cals,5,"{""Horn"": 1}","horn","StructuralHorn"
"audiology",1,7,cals_compact_explain,5,"{""Horn"": 2, ""Unary"": 1}","horn","StructuralHorn"
"audiology",2,5,unary,1,"{""Unary"": 7}","uncommitted","StructuralHorn"
"audiology",2,5,horn,1,"{""Horn"": 5}","horn","StructuralHorn"
"audiology",2,5,antihorn,1,"{""AntiHorn"": 5}","antihorn","StructuralAntiHorn"
"audiology",2,5,square2cnf,1,"{""Square2Cnf"": 5}","two_sat","TwoSat"
"audiology",2,5,affine,1,"{""Affine"": 4}","affine_gf2","Gf2Gaussian"
"audiology",2,5,smart_certified,5,"{""Horn"": 2, ""Unary"": 3}","uncommitted|horn","StructuralHorn"
"audiology",2,5,cals,5,"{""Horn"": 2}","horn","StructuralHorn"
"audiology",2,5,cals_compact_explain,5,"{""Square2Cnf"": 2, ""Unary"": 1}","two_sat","TwoSat"
"audiology",2,7,unary,1,"{""Unary"": 7}","uncommitted","StructuralHorn"
"audiology",2,7,horn,1,"{""Horn"": 5}","horn","StructuralHorn"
"audiology",2,7,antihorn,1,"{""AntiHorn"": 5}","antihorn","StructuralAntiHorn"
"audiology",2,7,square2cnf,1,"{""Square2Cnf"": 5}","two_sat","TwoSat"
"audiology",2,7,affine,1,"{""Affine"": 4}","affine_gf2","Gf2Gaussian"
"audiology",2,7,smart_certified,5,"{""Horn"": 2, ""Unary"": 3}","uncommitted|horn","StructuralHorn"
"audiology",2,7,cals,5,"{""Horn"": 2}","horn","StructuralHorn"
"audiology",2,7,cals_compact_explain,5,"{""Square2Cnf"": 2, ""Unary"": 1}","two_sat","TwoSat"
"audiology",3,5,unary,1,"{""Unary"": 6}","uncommitted","StructuralHorn"
"audiology",3,5,horn,1,"{""Horn"": 7}","horn","StructuralHorn"
"audiology",3,5,antihorn,1,"{""AntiHorn"": 7}","antihorn","StructuralAntiHorn"
"audiology",3,5,square2cnf,1,"{""Square2Cnf"": 6}","two_sat","TwoSat"
"audiology",3,5,affine,1,"{""Affine"": 6}","affine_gf2","Gf2Gaussian"
"audiology",3,5,smart_certified,5,"{""Horn"": 1, ""Unary"": 6}","uncommitted|horn","StructuralHorn"
"audiology",3,5,cals,5,"{""Horn"": 1}","horn","StructuralHorn"
"audiology",3,5,cals_compact_explain,5,"{""Horn"": 2}","horn","StructuralHorn"
"audiology",3,7,unary,1,"{""Unary"": 7}","uncommitted","StructuralHorn"
"audiology",3,7,horn,1,"{""Horn"": 7}","horn","StructuralHorn"
"audiology",3,7,antihorn,1,"{""AntiHorn"": 7}","antihorn","StructuralAntiHorn"
"audiology",3,7,square2cnf,1,"{""Square2Cnf"": 6}","two_sat","TwoSat"
"audiology",3,7,affine,1,"{""Affine"": 6}","affine_gf2","Gf2Gaussian"
"audiology",3,7,smart_certified,5,"{""Horn"": 1, ""Unary"": 6}","uncommitted|horn","StructuralHorn"
"audiology",3,7,cals,5,"{""Horn"": 1}","horn","StructuralHorn"
"audiology",3,7,cals_compact_explain,5,"{""Horn"": 2}","horn","StructuralHorn"
"audiology",4,5,unary,1,"{""Unary"": 8}","uncommitted","StructuralHorn"
"audiology",4,5,horn,1,"{""Horn"": 8}","horn","StructuralHorn"
"audiology",4,5,antihorn,1,"{""AntiHorn"": 8}","antihorn","StructuralAntiHorn"
"audiology",4,5,square2cnf,1,"{""Square2Cnf"": 8}","two_sat","TwoSat"
"audiology",4,5,affine,1,"{""Affine"": 6}","affine_gf2","Gf2Gaussian"
"audiology",4,5,smart_certified,5,"{""Horn"": 3, ""Unary"": 4}","uncommitted|horn","StructuralHorn"
"audiology",4,5,cals,5,"{""Horn"": 2}","horn","StructuralHorn"
"audiology",4,5,cals_compact_explain,5,"{""Horn"": 4, ""Unary"": 2}","horn","StructuralHorn"
"audiology",4,7,unary,1,"{""Unary"": 9}","uncommitted","StructuralHorn"
"audiology",4,7,horn,1,"{""Horn"": 8}","horn","StructuralHorn"
"audiology",4,7,antihorn,1,"{""AntiHorn"": 8}","antihorn","StructuralAntiHorn"
"audiology",4,7,square2cnf,1,"{""Square2Cnf"": 8}","two_sat","TwoSat"
"audiology",4,7,affine,1,"{""Affine"": 6}","affine_gf2","Gf2Gaussian"
"audiology",4,7,smart_certified,5,"{""Horn"": 3, ""Unary"": 4}","uncommitted|horn","StructuralHorn"
"audiology",4,7,cals,5,"{""Horn"": 2}","horn","StructuralHorn"
"audiology",4,7,cals_compact_explain,5,"{""Horn"": 4, ""Unary"": 2}","horn","StructuralHorn"
"audiology",5,5,unary,1,"{""Unary"": 8}","uncommitted","StructuralHorn"
"audiology",5,5,horn,1,"{""Horn"": 6}","horn","StructuralHorn"
"audiology",5,5,antihorn,1,"{""AntiHorn"": 6}","antihorn","StructuralAntiHorn"
"audiology",5,5,square2cnf,1,"{""Square2Cnf"": 6}","two_sat","TwoSat"
"audiology",5,5,affine,1,"{""Affine"": 5}","affine_gf2","Gf2Gaussian"
"audiology",5,5,smart_certified,5,"{""Horn"": 2, ""Unary"": 5}","uncommitted|horn","StructuralHorn"
"audiology",5,5,cals,5,"{""Horn"": 1}","horn","StructuralHorn"
"audiology",5,5,cals_compact_explain,5,"{""Horn"": 3, ""Unary"": 2}","horn","StructuralHorn"
"audiology",5,7,unary,1,"{""Unary"": 8}","uncommitted","StructuralHorn"
"audiology",5,7,horn,1,"{""Horn"": 6}","horn","StructuralHorn"
"audiology",5,7,antihorn,1,"{""AntiHorn"": 6}","antihorn","StructuralAntiHorn"
"audiology",5,7,square2cnf,1,"{""Square2Cnf"": 6}","two_sat","TwoSat"
"audiology",5,7,affine,1,"{""Affine"": 5}","affine_gf2","Gf2Gaussian"
"audiology",5,7,smart_certified,5,"{""Horn"": 2, ""Unary"": 5}","uncommitted|horn","StructuralHorn"
"audiology",5,7,cals,5,"{""Horn"": 1}","horn","StructuralHorn"
"audiology",5,7,cals_compact_explain,5,"{""Horn"": 3, ""Unary"": 2}","horn","StructuralHorn"
"audiology",6,5,unary,1,"{""Unary"": 7}","uncommitted","StructuralHorn"
"audiology",6,5,horn,1,"{""Horn"": 7}","horn","StructuralHorn"
"audiology",6,5,antihorn,1,"{""AntiHorn"": 7}","antihorn","StructuralAntiHorn"
"audiology",6,5,square2cnf,1,"{""Square2Cnf"": 5}","two_sat","TwoSat"
"audiology",6,5,affine,1,"{""Affine"": 5}","affine_gf2","Gf2Gaussian"
"audiology",6,5,smart_certified,5,"{""Horn"": 3, ""Unary"": 3}","uncommitted|horn","StructuralHorn"
"audiology",6,5,cals,5,"{""Square2Cnf"": 1, ""Unary"": 1}","two_sat","TwoSat"
"audiology",6,5,cals_compact_explain,5,"{""Square2Cnf"": 3, ""Unary"": 1}","two_sat","TwoSat"
"audiology",6,7,unary,1,"{""Unary"": 8}","uncommitted","StructuralHorn"
"audiology",6,7,horn,1,"{""Horn"": 7}","horn","StructuralHorn"
"audiology",6,7,antihorn,1,"{""AntiHorn"": 7}","antihorn","StructuralAntiHorn"
"audiology",6,7,square2cnf,1,"{""Square2Cnf"": 5}","two_sat","TwoSat"
"audiology",6,7,affine,1,"{""Affine"": 5}","affine_gf2","Gf2Gaussian"
"audiology",6,7,smart_certified,5,"{""Horn"": 3, ""Unary"": 3}","uncommitted|horn","StructuralHorn"
"audiology",6,7,cals,5,"{""Square2Cnf"": 1, ""Unary"": 1}","two_sat","TwoSat"
"audiology",6,7,cals_compact_explain,5,"{""Square2Cnf"": 3, ""Unary"": 1}","two_sat","TwoSat"
"audiology",7,5,unary,1,"{""Unary"": 8}","uncommitted","StructuralHorn"
"audiology",7,5,horn,1,"{""Horn"": 8}","horn","StructuralHorn"
"audiology",7,5,antihorn,1,"{""AntiHorn"": 8}","antihorn","StructuralAntiHorn"
"audiology",7,5,square2cnf,1,"{""Square2Cnf"": 8}","two_sat","TwoSat"
"audiology",7,5,affine,1,"{""Affine"": 7}","affine_gf2","Gf2Gaussian"
"audiology",7,5,smart_certified,5,"{""Horn"": 2, ""Unary"": 6}","horn","StructuralHorn"
"audiology",7,5,cals,5,"{""Horn"": 2}","horn","StructuralHorn"
"audiology",7,5,cals_compact_explain,5,"{""Horn"": 2, ""Unary"": 1}","horn","StructuralHorn"
"audiology",7,7,unary,1,"{""Unary"": 9}","uncommitted","StructuralHorn"
"audiology",7,7,horn,1,"{""Horn"": 8}","horn","StructuralHorn"
"audiology",7,7,antihorn,1,"{""AntiHorn"": 8}","antihorn","StructuralAntiHorn"
"audiology",7,7,square2cnf,1,"{""Square2Cnf"": 8}","two_sat","TwoSat"
"audiology",7,7,affine,1,"{""Affine"": 7}","affine_gf2","Gf2Gaussian"
"audiology",7,7,smart_certified,5,"{""Horn"": 2, ""Unary"": 6}","horn","StructuralHorn"
"audiology",7,7,cals,5,"{""Horn"": 2}","horn","StructuralHorn"
"audiology",7,7,cals_compact_explain,5,"{""Horn"": 2, ""Unary"": 1}","horn","StructuralHorn"
"audiology",8,5,unary,1,"{""Unary"": 7}","uncommitted","StructuralHorn"
"audiology",8,5,horn,1,"{""Horn"": 6}","horn","StructuralHorn"
"audiology",8,5,antihorn,1,"{""AntiHorn"": 6}","antihorn","StructuralAntiHorn"
"audiology",8,5,square2cnf,1,"{""Square2Cnf"": 6}","two_sat","TwoSat"
"audiology",8,5,affine,1,"{""Affine"": 7}","affine_gf2","Gf2Gaussian"
"audiology",8,5,smart_certified,5,"{""Horn"": 1, ""Unary"": 7}","horn","StructuralHorn"
"audiology",8,5,cals,5,"{""Horn"": 1}","horn","StructuralHorn"
"audiology",8,5,cals_compact_explain,5,"{""Horn"": 4}","horn","StructuralHorn"
"audiology",8,7,unary,1,"{""Unary"": 8}","uncommitted","StructuralHorn"
"audiology",8,7,horn,1,"{""Horn"": 6}","horn","StructuralHorn"
"audiology",8,7,antihorn,1,"{""AntiHorn"": 7}","antihorn","StructuralAntiHorn"
"audiology",8,7,square2cnf,1,"{""Square2Cnf"": 6}","two_sat","TwoSat"
"audiology",8,7,affine,1,"{""Affine"": 7}","affine_gf2","Gf2Gaussian"
"audiology",8,7,smart_certified,5,"{""Horn"": 1, ""Unary"": 7}","horn","StructuralHorn"
"audiology",8,7,cals,5,"{""Horn"": 1}","horn","StructuralHorn"
"audiology",8,7,cals_compact_explain,5,"{""Horn"": 4}","horn","StructuralHorn"
"audiology",9,5,unary,1,"{""Unary"": 8}","uncommitted","StructuralHorn"
"audiology",9,5,horn,1,"{""Horn"": 7}","horn","StructuralHorn"
"audiology",9,5,antihorn,1,"{""AntiHorn"": 7}","antihorn","StructuralAntiHorn"
"audiology",9,5,square2cnf,1,"{""Square2Cnf"": 7}","two_sat","TwoSat"
"audiology",9,5,affine,1,"{""Affine"": 6}","affine_gf2","Gf2Gaussian"
"audiology",9,5,smart_certified,5,"{""Horn"": 3, ""Unary"": 5}","uncommitted|horn","StructuralHorn"
"audiology",9,5,cals,5,"{""Horn"": 1}","horn","StructuralHorn"
"audiology",9,5,cals_compact_explain,5,"{""Horn"": 1}","horn","StructuralHorn"
"audiology",9,7,unary,1,"{""Unary"": 9}","uncommitted","StructuralHorn"
"audiology",9,7,horn,1,"{""Horn"": 7}","horn","StructuralHorn"
"audiology",9,7,antihorn,1,"{""AntiHorn"": 7}","antihorn","StructuralAntiHorn"
"audiology",9,7,square2cnf,1,"{""Square2Cnf"": 7}","two_sat","TwoSat"
"audiology",9,7,affine,1,"{""Affine"": 6}","affine_gf2","Gf2Gaussian"
"audiology",9,7,smart_certified,5,"{""Horn"": 3, ""Unary"": 5}","uncommitted|horn","StructuralHorn"
"audiology",9,7,cals,5,"{""Horn"": 1}","horn","StructuralHorn"
"audiology",9,7,cals_compact_explain,5,"{""Horn"": 1}","horn","StructuralHorn"
"australian-credit",0,5,unary,1,"{""Unary"": 18}","uncommitted","StructuralHorn"
"australian-credit",0,5,horn,1,"{""Horn"": 16}","horn","StructuralHorn"
"australian-credit",0,5,antihorn,1,"{""AntiHorn"": 15}","antihorn","StructuralAntiHorn"
"australian-credit",0,5,square2cnf,1,"{""Square2Cnf"": 15}","two_sat","TwoSat"
"australian-credit",0,5,affine,1,"{""Affine"": 21}","affine_gf2","Gf2Gaussian"
"australian-credit",0,5,smart_certified,5,"{""Affine"": 1, ""Horn"": 1, ""Unary"": 15}","uncommitted|horn|affine_gf2","Gf2Gaussian|StructuralHorn"
"australian-credit",0,5,cals,5,"{""Horn"": 2, ""Unary"": 1}","uncommitted|horn","StructuralHorn"
"australian-credit",0,5,cals_compact_explain,5,"{""Unary"": 1}","uncommitted","StructuralHorn"
"australian-credit",0,7,unary,1,"{""Unary"": 36}","uncommitted","StructuralHorn"
"australian-credit",0,7,horn,1,"{""Horn"": 32}","horn","StructuralHorn"
"australian-credit",0,7,antihorn,1,"{""AntiHorn"": 32}","antihorn","StructuralAntiHorn"
"australian-credit",0,7,square2cnf,1,"{""Square2Cnf"": 32}","two_sat","TwoSat"
"australian-credit",0,7,affine,1,"{""Affine"": 43}","affine_gf2","Gf2Gaussian"
"australian-credit",0,7,smart_certified,5,"{""Affine"": 2, ""Horn"": 1, ""Unary"": 30}","uncommitted|horn|affine_gf2","Gf2Gaussian|StructuralHorn"
"australian-credit",0,7,cals,5,"{""Horn"": 2, ""Unary"": 1}","uncommitted|horn","StructuralHorn"
"australian-credit",0,7,cals_compact_explain,5,"{""Unary"": 1}","uncommitted","StructuralHorn"
"australian-credit",1,5,unary,1,"{""Unary"": 18}","uncommitted","StructuralHorn"
"australian-credit",1,5,horn,1,"{""Horn"": 20}","horn","StructuralHorn"
"australian-credit",1,5,antihorn,1,"{""AntiHorn"": 20}","antihorn","StructuralAntiHorn"
"australian-credit",1,5,square2cnf,1,"{""Square2Cnf"": 20}","two_sat","TwoSat"
"australian-credit",1,5,affine,1,"{""Affine"": 21}","affine_gf2","Gf2Gaussian"
"australian-credit",1,5,smart_certified,5,"{""Affine"": 2, ""AntiHorn"": 1, ""Horn"": 1, ""Unary"": 14}","uncommitted|horn|antihorn|affine_gf2","Gf2Gaussian|StructuralAntiHorn|StructuralHorn"
"australian-credit",1,5,cals,5,"{""Unary"": 1}","uncommitted","StructuralHorn"
"australian-credit",1,5,cals_compact_explain,5,"{""Unary"": 1}","uncommitted","StructuralHorn"
"australian-credit",1,7,unary,1,"{""Unary"": 39}","uncommitted","StructuralHorn"
"australian-credit",1,7,horn,1,"{""Horn"": 37}","horn","StructuralHorn"
"australian-credit",1,7,antihorn,1,"{""AntiHorn"": 37}","antihorn","StructuralAntiHorn"
"australian-credit",1,7,square2cnf,1,"{""Square2Cnf"": 36}","two_sat","TwoSat"
"australian-credit",1,7,affine,1,"{""Affine"": 38}","affine_gf2","Gf2Gaussian"
"australian-credit",1,7,smart_certified,5,"{""Affine"": 7, ""AntiHorn"": 2, ""Horn"": 1, ""Unary"": 25}","uncommitted|horn|antihorn|affine_gf2","Gf2Gaussian|StructuralAntiHorn|StructuralHorn"
"australian-credit",1,7,cals,5,"{""Unary"": 1}","uncommitted","StructuralHorn"
"australian-credit",1,7,cals_compact_explain,5,"{""Unary"": 1}","uncommitted","StructuralHorn"
"australian-credit",2,5,unary,1,"{""Unary"": 17}","uncommitted","StructuralHorn"
"australian-credit",2,5,horn,1,"{""Horn"": 19}","horn","StructuralHorn"
"australian-credit",2,5,antihorn,1,"{""AntiHorn"": 19}","antihorn","StructuralAntiHorn"
"australian-credit",2,5,square2cnf,1,"{""Square2Cnf"": 19}","two_sat","TwoSat"
"australian-credit",2,5,affine,1,"{""Affine"": 23}","affine_gf2","Gf2Gaussian"
"australian-credit",2,5,smart_certified,5,"{""Affine"": 1, ""Horn"": 1, ""Unary"": 15}","uncommitted|horn|affine_gf2","Gf2Gaussian|StructuralHorn"
"australian-credit",2,5,cals,5,"{""Horn"": 3, ""Unary"": 1}","uncommitted|horn","StructuralHorn"
"australian-credit",2,5,cals_compact_explain,5,"{""Horn"": 1, ""Unary"": 2}","uncommitted|horn","StructuralHorn"
"australian-credit",2,7,unary,1,"{""Unary"": 36}","uncommitted","StructuralHorn"
"australian-credit",2,7,horn,1,"{""Horn"": 35}","horn","StructuralHorn"
"australian-credit",2,7,antihorn,1,"{""AntiHorn"": 35}","antihorn","StructuralAntiHorn"
"australian-credit",2,7,square2cnf,1,"{""Square2Cnf"": 35}","two_sat","TwoSat"
"australian-credit",2,7,affine,1,"{""Affine"": 36}","affine_gf2","Gf2Gaussian"
"australian-credit",2,7,smart_certified,5,"{""Affine"": 3, ""Horn"": 5, ""Unary"": 24}","uncommitted|horn|affine_gf2","Gf2Gaussian|StructuralHorn"
"australian-credit",2,7,cals,5,"{""Horn"": 3, ""Unary"": 1}","uncommitted|horn","StructuralHorn"
"australian-credit",2,7,cals_compact_explain,5,"{""Horn"": 4, ""Unary"": 4}","uncommitted|horn","StructuralHorn"
"australian-credit",3,5,unary,1,"{""Unary"": 17}","uncommitted","StructuralHorn"
"australian-credit",3,5,horn,1,"{""Horn"": 22}","horn","StructuralHorn"
"australian-credit",3,5,antihorn,1,"{""AntiHorn"": 21}","antihorn","StructuralAntiHorn"
"australian-credit",3,5,square2cnf,1,"{""Square2Cnf"": 22}","two_sat","TwoSat"
"australian-credit",3,5,affine,1,"{""Affine"": 18}","affine_gf2","Gf2Gaussian"
"australian-credit",3,5,smart_certified,5,"{""Horn"": 2, ""Unary"": 15}","uncommitted|horn","StructuralHorn"
"australian-credit",3,5,cals,5,"{""Horn"": 5, ""Unary"": 3}","uncommitted|horn","StructuralHorn"
"australian-credit",3,5,cals_compact_explain,5,"{""Unary"": 1}","uncommitted","StructuralHorn"
"australian-credit",3,7,unary,1,"{""Unary"": 32}","uncommitted","StructuralHorn"
"australian-credit",3,7,horn,1,"{""Horn"": 40}","horn","StructuralHorn"
"australian-credit",3,7,antihorn,1,"{""AntiHorn"": 39}","antihorn","StructuralAntiHorn"
"australian-credit",3,7,square2cnf,1,"{""Square2Cnf"": 42}","two_sat","TwoSat"
"australian-credit",3,7,affine,1,"{""Affine"": 34}","affine_gf2","Gf2Gaussian"
"australian-credit",3,7,smart_certified,5,"{""Horn"": 6, ""Unary"": 24}","uncommitted|horn","StructuralHorn"
"australian-credit",3,7,cals,5,"{""Horn"": 5, ""Unary"": 3}","uncommitted|horn","StructuralHorn"
"australian-credit",3,7,cals_compact_explain,5,"{""Unary"": 1}","uncommitted","StructuralHorn"
"australian-credit",4,5,unary,1,"{""Unary"": 18}","uncommitted","StructuralHorn"
"australian-credit",4,5,horn,1,"{""Horn"": 17}","horn","StructuralHorn"
"australian-credit",4,5,antihorn,1,"{""AntiHorn"": 18}","antihorn","StructuralAntiHorn"
"australian-credit",4,5,square2cnf,1,"{""Square2Cnf"": 17}","two_sat","TwoSat"
"australian-credit",4,5,affine,1,"{""Affine"": 20}","affine_gf2","Gf2Gaussian"
"australian-credit",4,5,smart_certified,5,"{""Affine"": 1, ""Horn"": 1, ""Unary"": 16}","uncommitted|horn|affine_gf2","Gf2Gaussian|StructuralHorn"
"australian-credit",4,5,cals,5,"{""Horn"": 4, ""Unary"": 1}","uncommitted|horn","StructuralHorn"
"australian-credit",4,5,cals_compact_explain,5,"{""Unary"": 1}","uncommitted","StructuralHorn"
"australian-credit",4,7,unary,1,"{""Unary"": 37}","uncommitted","StructuralHorn"
"australian-credit",4,7,horn,1,"{""Horn"": 33}","horn","StructuralHorn"
"australian-credit",4,7,antihorn,1,"{""AntiHorn"": 31}","antihorn","StructuralAntiHorn"
"australian-credit",4,7,square2cnf,1,"{""Square2Cnf"": 28}","two_sat","TwoSat"
"australian-credit",4,7,affine,1,"{""Affine"": 34}","affine_gf2","Gf2Gaussian"
"australian-credit",4,7,smart_certified,5,"{""Affine"": 4, ""Horn"": 5, ""Unary"": 26}","uncommitted|horn|affine_gf2","Gf2Gaussian|StructuralHorn"
"australian-credit",4,7,cals,5,"{""Horn"": 4, ""Unary"": 1}","uncommitted|horn","StructuralHorn"
"australian-credit",4,7,cals_compact_explain,5,"{""Unary"": 1}","uncommitted","StructuralHorn"
"australian-credit",5,5,unary,1,"{""Unary"": 23}","uncommitted","StructuralHorn"
"australian-credit",5,5,horn,1,"{""Horn"": 23}","horn","StructuralHorn"
"australian-credit",5,5,antihorn,1,"{""AntiHorn"": 22}","antihorn","StructuralAntiHorn"
"australian-credit",5,5,square2cnf,1,"{""Square2Cnf"": 22}","two_sat","TwoSat"
"australian-credit",5,5,affine,1,"{""Affine"": 21}","affine_gf2","Gf2Gaussian"
"australian-credit",5,5,smart_certified,5,"{""Affine"": 2, ""Horn"": 1, ""Unary"": 20}","uncommitted|horn|affine_gf2","Gf2Gaussian|StructuralHorn"
"australian-credit",5,5,cals,5,"{""Unary"": 1}","uncommitted","StructuralHorn"
"australian-credit",5,5,cals_compact_explain,5,"{""Unary"": 1}","uncommitted","StructuralHorn"
"australian-credit",5,7,unary,1,"{""Unary"": 40}","uncommitted","StructuralHorn"
"australian-credit",5,7,horn,1,"{""Horn"": 38}","horn","StructuralHorn"
"australian-credit",5,7,antihorn,1,"{""AntiHorn"": 39}","antihorn","StructuralAntiHorn"
"australian-credit",5,7,square2cnf,1,"{""Square2Cnf"": 38}","two_sat","TwoSat"
"australian-credit",5,7,affine,1,"{""Affine"": 42}","affine_gf2","Gf2Gaussian"
"australian-credit",5,7,smart_certified,5,"{""Affine"": 4, ""Horn"": 4, ""Unary"": 30}","uncommitted|horn|affine_gf2","Gf2Gaussian|StructuralHorn"
"australian-credit",5,7,cals,5,"{""Unary"": 1}","uncommitted","StructuralHorn"
"australian-credit",5,7,cals_compact_explain,5,"{""Unary"": 1}","uncommitted","StructuralHorn"
"australian-credit",6,5,unary,1,"{""Unary"": 22}","uncommitted","StructuralHorn"
"australian-credit",6,5,horn,1,"{""Horn"": 23}","horn","StructuralHorn"
"australian-credit",6,5,antihorn,1,"{""AntiHorn"": 23}","antihorn","StructuralAntiHorn"
"australian-credit",6,5,square2cnf,1,"{""Square2Cnf"": 23}","two_sat","TwoSat"
"australian-credit",6,5,affine,1,"{""Affine"": 22}","affine_gf2","Gf2Gaussian"
"australian-credit",6,5,smart_certified,5,"{""Affine"": 1, ""Horn"": 4, ""Unary"": 16}","uncommitted|horn|affine_gf2","Gf2Gaussian|StructuralHorn"
"australian-credit",6,5,cals,5,"{""Horn"": 3, ""Unary"": 1}","uncommitted|horn","StructuralHorn"
"australian-credit",6,5,cals_compact_explain,5,"{""Unary"": 1}","uncommitted","StructuralHorn"
"australian-credit",6,7,unary,1,"{""Unary"": 43}","uncommitted","StructuralHorn"
"australian-credit",6,7,horn,1,"{""Horn"": 37}","horn","StructuralHorn"
"australian-credit",6,7,antihorn,1,"{""AntiHorn"": 38}","antihorn","StructuralAntiHorn"
"australian-credit",6,7,square2cnf,1,"{""Square2Cnf"": 41}","two_sat","TwoSat"
"australian-credit",6,7,affine,1,"{""Affine"": 36}","affine_gf2","Gf2Gaussian"
"australian-credit",6,7,smart_certified,5,"{""Affine"": 5, ""Horn"": 7, ""Unary"": 28}","uncommitted|horn|affine_gf2","Gf2Gaussian|StructuralHorn"
"australian-credit",6,7,cals,5,"{""Horn"": 6, ""Unary"": 1}","uncommitted|horn","StructuralHorn"
"australian-credit",6,7,cals_compact_explain,5,"{""Unary"": 1}","uncommitted","StructuralHorn"
"australian-credit",7,5,unary,1,"{""Unary"": 19}","uncommitted","StructuralHorn"
"australian-credit",7,5,horn,1,"{""Horn"": 24}","horn","StructuralHorn"
"australian-credit",7,5,antihorn,1,"{""AntiHorn"": 24}","antihorn","StructuralAntiHorn"
"australian-credit",7,5,square2cnf,1,"{""Square2Cnf"": 22}","two_sat","TwoSat"
"australian-credit",7,5,affine,1,"{""Affine"": 22}","affine_gf2","Gf2Gaussian"
"australian-credit",7,5,smart_certified,5,"{""Affine"": 1, ""Horn"": 1, ""Unary"": 17}","uncommitted|horn|affine_gf2","Gf2Gaussian|StructuralHorn"
"australian-credit",7,5,cals,5,"{""Horn"": 1, ""Unary"": 2}","uncommitted|horn","StructuralHorn"
"australian-credit",7,5,cals_compact_explain,5,"{""Horn"": 1, ""Unary"": 2}","uncommitted|horn","StructuralHorn"
"australian-credit",7,7,unary,1,"{""Unary"": 37}","uncommitted","StructuralHorn"
"australian-credit",7,7,horn,1,"{""Horn"": 43}","horn","StructuralHorn"
"australian-credit",7,7,antihorn,1,"{""AntiHorn"": 43}","antihorn","StructuralAntiHorn"
"australian-credit",7,7,square2cnf,1,"{""Square2Cnf"": 35}","two_sat","TwoSat"
"australian-credit",7,7,affine,1,"{""Affine"": 39}","affine_gf2","Gf2Gaussian"
"australian-credit",7,7,smart_certified,5,"{""Affine"": 1, ""Horn"": 5, ""Unary"": 31}","uncommitted|horn|affine_gf2","Gf2Gaussian|StructuralHorn"
"australian-credit",7,7,cals,5,"{""Horn"": 1, ""Unary"": 2}","uncommitted|horn","StructuralHorn"
"australian-credit",7,7,cals_compact_explain,5,"{""Horn"": 1, ""Unary"": 2}","uncommitted|horn","StructuralHorn"
"australian-credit",8,5,unary,1,"{""Unary"": 18}","uncommitted","StructuralHorn"
"australian-credit",8,5,horn,1,"{""Horn"": 24}","horn","StructuralHorn"
"australian-credit",8,5,antihorn,1,"{""AntiHorn"": 24}","antihorn","StructuralAntiHorn"
"australian-credit",8,5,square2cnf,1,"{""Square2Cnf"": 21}","two_sat","TwoSat"
"australian-credit",8,5,affine,1,"{""Affine"": 23}","affine_gf2","Gf2Gaussian"
"australian-credit",8,5,smart_certified,5,"{""Affine"": 1, ""Horn"": 1, ""Unary"": 16}","uncommitted|horn|affine_gf2","Gf2Gaussian|StructuralHorn"
"australian-credit",8,5,cals,5,"{""Unary"": 1}","uncommitted","StructuralHorn"
"australian-credit",8,5,cals_compact_explain,5,"{""Unary"": 1}","uncommitted","StructuralHorn"
"australian-credit",8,7,unary,1,"{""Unary"": 38}","uncommitted","StructuralHorn"
"australian-credit",8,7,horn,1,"{""Horn"": 42}","horn","StructuralHorn"
"australian-credit",8,7,antihorn,1,"{""AntiHorn"": 43}","antihorn","StructuralAntiHorn"
"australian-credit",8,7,square2cnf,1,"{""Square2Cnf"": 38}","two_sat","TwoSat"
"australian-credit",8,7,affine,1,"{""Affine"": 39}","affine_gf2","Gf2Gaussian"
"australian-credit",8,7,smart_certified,5,"{""Affine"": 1, ""Horn"": 6, ""Unary"": 32}","uncommitted|horn|affine_gf2","Gf2Gaussian|StructuralHorn"
"australian-credit",8,7,cals,5,"{""Unary"": 1}","uncommitted","StructuralHorn"
"australian-credit",8,7,cals_compact_explain,5,"{""Unary"": 1}","uncommitted","StructuralHorn"
"australian-credit",9,5,unary,1,"{""Unary"": 20}","uncommitted","StructuralHorn"
"australian-credit",9,5,horn,1,"{""Horn"": 22}","horn","StructuralHorn"
"australian-credit",9,5,antihorn,1,"{""AntiHorn"": 20}","antihorn","StructuralAntiHorn"
"australian-credit",9,5,square2cnf,1,"{""Square2Cnf"": 20}","two_sat","TwoSat"
"australian-credit",9,5,affine,1,"{""Affine"": 16}","affine_gf2","Gf2Gaussian"
"australian-credit",9,5,smart_certified,5,"{""Affine"": 1, ""AntiHorn"": 1, ""Unary"": 18}","uncommitted|antihorn|affine_gf2","Gf2Gaussian|StructuralAntiHorn|StructuralHorn"
"australian-credit",9,5,cals,5,"{""Horn"": 2, ""Unary"": 2}","uncommitted|horn","StructuralHorn"
"australian-credit",9,5,cals_compact_explain,5,"{""Horn"": 4, ""Unary"": 3}","uncommitted|horn","StructuralHorn"
"australian-credit",9,7,unary,1,"{""Unary"": 41}","uncommitted","StructuralHorn"
"australian-credit",9,7,horn,1,"{""Horn"": 41}","horn","StructuralHorn"
"australian-credit",9,7,antihorn,1,"{""AntiHorn"": 41}","antihorn","StructuralAntiHorn"
"australian-credit",9,7,square2cnf,1,"{""Square2Cnf"": 41}","two_sat","TwoSat"
"australian-credit",9,7,affine,1,"{""Affine"": 34}","affine_gf2","Gf2Gaussian"
"australian-credit",9,7,smart_certified,5,"{""Affine"": 5, ""AntiHorn"": 3, ""Horn"": 4, ""Unary"": 27}","uncommitted|horn|antihorn|affine_gf2","Gf2Gaussian|StructuralAntiHorn|StructuralHorn"
"australian-credit",9,7,cals,5,"{""Horn"": 4, ""Unary"": 2}","uncommitted|horn","StructuralHorn"
"australian-credit",9,7,cals_compact_explain,5,"{""Horn"": 6, ""Unary"": 4}","uncommitted|horn","StructuralHorn"
"balance-scale-bin",0,5,unary,1,"{""Unary"": 17}","uncommitted","StructuralHorn"
"balance-scale-bin",0,5,horn,1,"{""Horn"": 13}","horn","StructuralHorn"
"balance-scale-bin",0,5,antihorn,1,"{""AntiHorn"": 10}","antihorn","StructuralAntiHorn"
"balance-scale-bin",0,5,square2cnf,1,"{""Square2Cnf"": 13}","two_sat","TwoSat"
"balance-scale-bin",0,5,affine,1,"{""Affine"": 15}","affine_gf2","Gf2Gaussian"
"balance-scale-bin",0,5,smart_certified,5,"{""Affine"": 3, ""Horn"": 3, ""Unary"": 11}","uncommitted|horn|affine_gf2","Gf2Gaussian|StructuralHorn"
"balance-scale-bin",0,5,cals,5,"{}","uncommitted","StructuralHorn"
"balance-scale-bin",0,5,cals_compact_explain,5,"{}","uncommitted","StructuralHorn"
"balance-scale-bin",0,7,unary,1,"{""Unary"": 30}","uncommitted","StructuralHorn"
"balance-scale-bin",0,7,horn,1,"{""Horn"": 26}","horn","StructuralHorn"
"balance-scale-bin",0,7,antihorn,1,"{""AntiHorn"": 16}","antihorn","StructuralAntiHorn"
"balance-scale-bin",0,7,square2cnf,1,"{""Square2Cnf"": 23}","two_sat","TwoSat"
"balance-scale-bin",0,7,affine,1,"{""Affine"": 31}","affine_gf2","Gf2Gaussian"
"balance-scale-bin",0,7,smart_certified,5,"{""Affine"": 6, ""Horn"": 4, ""Unary"": 15}","uncommitted|horn|affine_gf2","Gf2Gaussian|StructuralHorn"
"balance-scale-bin",0,7,cals,5,"{}","uncommitted","StructuralHorn"
"balance-scale-bin",0,7,cals_compact_explain,5,"{}","uncommitted","StructuralHorn"
"balance-scale-bin",1,5,unary,1,"{""Unary"": 20}","uncommitted","StructuralHorn"
"balance-scale-bin",1,5,horn,1,"{""Horn"": 19}","horn","StructuralHorn"
"balance-scale-bin",1,5,antihorn,1,"{""AntiHorn"": 13}","antihorn","StructuralAntiHorn"
"balance-scale-bin",1,5,square2cnf,1,"{""Square2Cnf"": 20}","two_sat","TwoSat"
"balance-scale-bin",1,5,affine,1,"{""Affine"": 14}","affine_gf2","Gf2Gaussian"
"balance-scale-bin",1,5,smart_certified,5,"{""Affine"": 3, ""Horn"": 1, ""Unary"": 14}","uncommitted|horn|affine_gf2","Gf2Gaussian|StructuralHorn"
"balance-scale-bin",1,5,cals,5,"{}","uncommitted","StructuralHorn"
"balance-scale-bin",1,5,cals_compact_explain,5,"{}","uncommitted","StructuralHorn"
"balance-scale-bin",1,7,unary,1,"{""Unary"": 41}","uncommitted","StructuralHorn"
"balance-scale-bin",1,7,horn,1,"{""Horn"": 32}","horn","StructuralHorn"
"balance-scale-bin",1,7,antihorn,1,"{""AntiHorn"": 25}","antihorn","StructuralAntiHorn"
"balance-scale-bin",1,7,square2cnf,1,"{""Square2Cnf"": 30}","two_sat","TwoSat"
"balance-scale-bin",1,7,affine,1,"{""Affine"": 31}","affine_gf2","Gf2Gaussian"
"balance-scale-bin",1,7,smart_certified,5,"{""Affine"": 13, ""Horn"": 1, ""Unary"": 16}","uncommitted|horn|affine_gf2","Gf2Gaussian|StructuralHorn"
"balance-scale-bin",1,7,cals,5,"{}","uncommitted","StructuralHorn"
"balance-scale-bin",1,7,cals_compact_explain,5,"{}","uncommitted","StructuralHorn"
"balance-scale-bin",2,5,unary,1,"{""Unary"": 17}","uncommitted","StructuralHorn"
"balance-scale-bin",2,5,horn,1,"{""Horn"": 10}","horn","StructuralHorn"
"balance-scale-bin",2,5,antihorn,1,"{""AntiHorn"": 8}","antihorn","StructuralAntiHorn"
"balance-scale-bin",2,5,square2cnf,1,"{""Square2Cnf"": 13}","two_sat","TwoSat"
"balance-scale-bin",2,5,affine,1,"{""Affine"": 15}","affine_gf2","Gf2Gaussian"
"balance-scale-bin",2,5,smart_certified,5,"{""Affine"": 5, ""Horn"": 1, ""Unary"": 10}","uncommitted|horn|affine_gf2","Gf2Gaussian|StructuralHorn"
"balance-scale-bin",2,5,cals,5,"{}","uncommitted","StructuralHorn"
"balance-scale-bin",2,5,cals_compact_explain,5,"{}","uncommitted","StructuralHorn"
"balance-scale-bin",2,7,unary,1,"{""Unary"": 31}","uncommitted","StructuralHorn"
"balance-scale-bin",2,7,horn,1,"{""Horn"": 19}","horn","StructuralHorn"
"balance-scale-bin",2,7,antihorn,1,"{""AntiHorn"": 15}","antihorn","StructuralAntiHorn"
"balance-scale-bin",2,7,square2cnf,1,"{""Square2Cnf"": 20}","two_sat","TwoSat"
"balance-scale-bin",2,7,affine,1,"{""Affine"": 28}","affine_gf2","Gf2Gaussian"
"balance-scale-bin",2,7,smart_certified,5,"{""Affine"": 8, ""Horn"": 3, ""Unary"": 13}","uncommitted|horn|affine_gf2","Gf2Gaussian|StructuralHorn"
"balance-scale-bin",2,7,cals,5,"{""Affine"": 7}","affine_gf2","Gf2Gaussian"
"balance-scale-bin",2,7,cals_compact_explain,5,"{}","uncommitted","StructuralHorn"
"balance-scale-bin",3,5,unary,1,"{""Unary"": 15}","uncommitted","StructuralHorn"
"balance-scale-bin",3,5,horn,1,"{""Horn"": 6}","horn","StructuralHorn"
"balance-scale-bin",3,5,antihorn,1,"{""AntiHorn"": 6}","antihorn","StructuralAntiHorn"
"balance-scale-bin",3,5,square2cnf,1,"{""Square2Cnf"": 7}","two_sat","TwoSat"
"balance-scale-bin",3,5,affine,1,"{""Affine"": 17}","affine_gf2","Gf2Gaussian"
"balance-scale-bin",3,5,smart_certified,5,"{""Affine"": 3, ""Unary"": 12}","uncommitted|affine_gf2","Gf2Gaussian|StructuralHorn"
"balance-scale-bin",3,5,cals,5,"{}","uncommitted","StructuralHorn"
"balance-scale-bin",3,5,cals_compact_explain,5,"{}","uncommitted","StructuralHorn"
"balance-scale-bin",3,7,unary,1,"{""Unary"": 32}","uncommitted","StructuralHorn"
"balance-scale-bin",3,7,horn,1,"{""Horn"": 17}","horn","StructuralHorn"
"balance-scale-bin",3,7,antihorn,1,"{""AntiHorn"": 8}","antihorn","StructuralAntiHorn"
"balance-scale-bin",3,7,square2cnf,1,"{""Square2Cnf"": 14}","two_sat","TwoSat"
"balance-scale-bin",3,7,affine,1,"{""Affine"": 29}","affine_gf2","Gf2Gaussian"
"balance-scale-bin",3,7,smart_certified,5,"{""Affine"": 10, ""Horn"": 3, ""Unary"": 16}","uncommitted|horn|affine_gf2","Gf2Gaussian|StructuralHorn"
"balance-scale-bin",3,7,cals,5,"{}","uncommitted","StructuralHorn"
"balance-scale-bin",3,7,cals_compact_explain,5,"{}","uncommitted","StructuralHorn"
"balance-scale-bin",4,5,unary,1,"{""Unary"": 18}","uncommitted","StructuralHorn"
"balance-scale-bin",4,5,horn,1,"{""Horn"": 10}","horn","StructuralHorn"
"balance-scale-bin",4,5,antihorn,1,"{""AntiHorn"": 12}","antihorn","StructuralAntiHorn"
"balance-scale-bin",4,5,square2cnf,1,"{""Square2Cnf"": 14}","two_sat","TwoSat"
"balance-scale-bin",4,5,affine,1,"{""Affine"": 19}","affine_gf2","Gf2Gaussian"
"balance-scale-bin",4,5,smart_certified,5,"{""Affine"": 6, ""Unary"": 8}","uncommitted|affine_gf2","Gf2Gaussian|StructuralHorn"
"balance-scale-bin",4,5,cals,5,"{}","uncommitted","StructuralHorn"
"balance-scale-bin",4,5,cals_compact_explain,5,"{}","uncommitted","StructuralHorn"
"balance-scale-bin",4,7,unary,1,"{""Unary"": 32}","uncommitted","StructuralHorn"
"balance-scale-bin",4,7,horn,1,"{""Horn"": 20}","horn","StructuralHorn"
"balance-scale-bin",4,7,antihorn,1,"{""AntiHorn"": 22}","antihorn","StructuralAntiHorn"
"balance-scale-bin",4,7,square2cnf,1,"{""Square2Cnf"": 25}","two_sat","TwoSat"
"balance-scale-bin",4,7,affine,1,"{""Affine"": 30}","affine_gf2","Gf2Gaussian"
"balance-scale-bin",4,7,smart_certified,5,"{""Affine"": 9, ""Unary"": 15}","uncommitted|affine_gf2","Gf2Gaussian|StructuralHorn"
"balance-scale-bin",4,7,cals,5,"{}","uncommitted","StructuralHorn"
"balance-scale-bin",4,7,cals_compact_explain,5,"{}","uncommitted","StructuralHorn"
"balance-scale-bin",5,5,unary,1,"{""Unary"": 17}","uncommitted","StructuralHorn"
"balance-scale-bin",5,5,horn,1,"{""Horn"": 10}","horn","StructuralHorn"
"balance-scale-bin",5,5,antihorn,1,"{""AntiHorn"": 10}","antihorn","StructuralAntiHorn"
"balance-scale-bin",5,5,square2cnf,1,"{""Square2Cnf"": 12}","two_sat","TwoSat"
"balance-scale-bin",5,5,affine,1,"{""Affine"": 19}","affine_gf2","Gf2Gaussian"
"balance-scale-bin",5,5,smart_certified,5,"{""Affine"": 6, ""Unary"": 8}","uncommitted|affine_gf2","Gf2Gaussian|StructuralHorn"
"balance-scale-bin",5,5,cals,5,"{}","uncommitted","StructuralHorn"
"balance-scale-bin",5,5,cals_compact_explain,5,"{}","uncommitted","StructuralHorn"
"balance-scale-bin",5,7,unary,1,"{""Unary"": 32}","uncommitted","StructuralHorn"
"balance-scale-bin",5,7,horn,1,"{""Horn"": 18}","horn","StructuralHorn"
"balance-scale-bin",5,7,antihorn,1,"{""AntiHorn"": 25}","antihorn","StructuralAntiHorn"
"balance-scale-bin",5,7,square2cnf,1,"{""Square2Cnf"": 20}","two_sat","TwoSat"
"balance-scale-bin",5,7,affine,1,"{""Affine"": 36}","affine_gf2","Gf2Gaussian"
"balance-scale-bin",5,7,smart_certified,5,"{""Affine"": 9, ""Unary"": 15}","uncommitted|affine_gf2","Gf2Gaussian|StructuralHorn"
"balance-scale-bin",5,7,cals,5,"{}","uncommitted","StructuralHorn"
"balance-scale-bin",5,7,cals_compact_explain,5,"{}","uncommitted","StructuralHorn"
"balance-scale-bin",6,5,unary,1,"{""Unary"": 17}","uncommitted","StructuralHorn"
"balance-scale-bin",6,5,horn,1,"{""Horn"": 14}","horn","StructuralHorn"
"balance-scale-bin",6,5,antihorn,1,"{""AntiHorn"": 13}","antihorn","StructuralAntiHorn"
"balance-scale-bin",6,5,square2cnf,1,"{""Square2Cnf"": 16}","two_sat","TwoSat"
"balance-scale-bin",6,5,affine,1,"{""Affine"": 15}","affine_gf2","Gf2Gaussian"
"balance-scale-bin",6,5,smart_certified,5,"{""Affine"": 5, ""Unary"": 11}","uncommitted|affine_gf2","Gf2Gaussian|StructuralHorn"
"balance-scale-bin",6,5,cals,5,"{}","uncommitted","StructuralHorn"
"balance-scale-bin",6,5,cals_compact_explain,5,"{}","uncommitted","StructuralHorn"
"balance-scale-bin",6,7,unary,1,"{""Unary"": 36}","uncommitted","StructuralHorn"
"balance-scale-bin",6,7,horn,1,"{""Horn"": 22}","horn","StructuralHorn"
"balance-scale-bin",6,7,antihorn,1,"{""AntiHorn"": 21}","antihorn","StructuralAntiHorn"
"balance-scale-bin",6,7,square2cnf,1,"{""Square2Cnf"": 28}","two_sat","TwoSat"
"balance-scale-bin",6,7,affine,1,"{""Affine"": 29}","affine_gf2","Gf2Gaussian"
"balance-scale-bin",6,7,smart_certified,5,"{""Affine"": 14, ""Unary"": 14}","uncommitted|affine_gf2","Gf2Gaussian|StructuralHorn"
"balance-scale-bin",6,7,cals,5,"{}","uncommitted","StructuralHorn"
"balance-scale-bin",6,7,cals_compact_explain,5,"{}","uncommitted","StructuralHorn"
"balance-scale-bin",7,5,unary,1,"{""Unary"": 21}","uncommitted","StructuralHorn"
"balance-scale-bin",7,5,horn,1,"{""Horn"": 12}","horn","StructuralHorn"
"balance-scale-bin",7,5,antihorn,1,"{""AntiHorn"": 14}","antihorn","StructuralAntiHorn"
"balance-scale-bin",7,5,square2cnf,1,"{""Square2Cnf"": 16}","two_sat","TwoSat"
"balance-scale-bin",7,5,affine,1,"{""Affine"": 16}","affine_gf2","Gf2Gaussian"
"balance-scale-bin",7,5,smart_certified,5,"{""Affine"": 4, ""Unary"": 14}","uncommitted|affine_gf2","Gf2Gaussian|StructuralHorn"
"balance-scale-bin",7,5,cals,5,"{}","uncommitted","StructuralHorn"
"balance-scale-bin",7,5,cals_compact_explain,5,"{}","uncommitted","StructuralHorn"
"balance-scale-bin",7,7,unary,1,"{""Unary"": 43}","uncommitted","StructuralHorn"
"balance-scale-bin",7,7,horn,1,"{""Horn"": 19}","horn","StructuralHorn"
"balance-scale-bin",7,7,antihorn,1,"{""AntiHorn"": 25}","antihorn","StructuralAntiHorn"
"balance-scale-bin",7,7,square2cnf,1,"{""Square2Cnf"": 28}","two_sat","TwoSat"
"balance-scale-bin",7,7,affine,1,"{""Affine"": 29}","affine_gf2","Gf2Gaussian"
"balance-scale-bin",7,7,smart_certified,5,"{""Affine"": 13, ""Horn"": 1, ""Unary"": 21}","uncommitted|horn|affine_gf2","Gf2Gaussian|StructuralHorn"
"balance-scale-bin",7,7,cals,5,"{}","uncommitted","StructuralHorn"
"balance-scale-bin",7,7,cals_compact_explain,5,"{}","uncommitted","StructuralHorn"
"balance-scale-bin",8,5,unary,1,"{""Unary"": 18}","uncommitted","StructuralHorn"
"balance-scale-bin",8,5,horn,1,"{""Horn"": 16}","horn","StructuralHorn"
"balance-scale-bin",8,5,antihorn,1,"{""AntiHorn"": 16}","antihorn","StructuralAntiHorn"
"balance-scale-bin",8,5,square2cnf,1,"{""Square2Cnf"": 16}","two_sat","TwoSat"
"balance-scale-bin",8,5,affine,1,"{""Affine"": 17}","affine_gf2","Gf2Gaussian"
"balance-scale-bin",8,5,smart_certified,5,"{""Affine"": 2, ""Horn"": 2, ""Unary"": 14}","uncommitted|horn|affine_gf2","Gf2Gaussian|StructuralHorn"
"balance-scale-bin",8,5,cals,5,"{}","uncommitted","StructuralHorn"
"balance-scale-bin",8,5,cals_compact_explain,5,"{}","uncommitted","StructuralHorn"
"balance-scale-bin",8,7,unary,1,"{""Unary"": 36}","uncommitted","StructuralHorn"
"balance-scale-bin",8,7,horn,1,"{""Horn"": 27}","horn","StructuralHorn"
"balance-scale-bin",8,7,antihorn,1,"{""AntiHorn"": 28}","antihorn","StructuralAntiHorn"
"balance-scale-bin",8,7,square2cnf,1,"{""Square2Cnf"": 31}","two_sat","TwoSat"
"balance-scale-bin",8,7,affine,1,"{""Affine"": 34}","affine_gf2","Gf2Gaussian"
"balance-scale-bin",8,7,smart_certified,5,"{""Affine"": 7, ""Horn"": 5, ""Unary"": 19}","uncommitted|horn|affine_gf2","Gf2Gaussian|StructuralHorn"
"balance-scale-bin",8,7,cals,5,"{}","uncommitted","StructuralHorn"
"balance-scale-bin",8,7,cals_compact_explain,5,"{}","uncommitted","StructuralHorn"
"balance-scale-bin",9,5,unary,1,"{""Unary"": 18}","uncommitted","StructuralHorn"
"balance-scale-bin",9,5,horn,1,"{""Horn"": 11}","horn","StructuralHorn"
"balance-scale-bin",9,5,antihorn,1,"{""AntiHorn"": 14}","antihorn","StructuralAntiHorn"
"balance-scale-bin",9,5,square2cnf,1,"{""Square2Cnf"": 17}","two_sat","TwoSat"
"balance-scale-bin",9,5,affine,1,"{""Affine"": 14}","affine_gf2","Gf2Gaussian"
"balance-scale-bin",9,5,smart_certified,5,"{""Affine"": 4, ""Horn"": 1, ""Unary"": 10}","uncommitted|horn|affine_gf2","Gf2Gaussian|StructuralHorn"
"balance-scale-bin",9,5,cals,5,"{}","uncommitted","StructuralHorn"
"balance-scale-bin",9,5,cals_compact_explain,5,"{}","uncommitted","StructuralHorn"
"balance-scale-bin",9,7,unary,1,"{""Unary"": 41}","uncommitted","StructuralHorn"
"balance-scale-bin",9,7,horn,1,"{""Horn"": 20}","horn","StructuralHorn"
"balance-scale-bin",9,7,antihorn,1,"{""AntiHorn"": 23}","antihorn","StructuralAntiHorn"
"balance-scale-bin",9,7,square2cnf,1,"{""Square2Cnf"": 32}","two_sat","TwoSat"
"balance-scale-bin",9,7,affine,1,"{""Affine"": 26}","affine_gf2","Gf2Gaussian"
"balance-scale-bin",9,7,smart_certified,5,"{""Affine"": 9, ""Horn"": 3, ""Unary"": 15}","uncommitted|horn|affine_gf2","Gf2Gaussian|StructuralHorn"
"balance-scale-bin",9,7,cals,5,"{}","uncommitted","StructuralHorn"
"balance-scale-bin",9,7,cals_compact_explain,5,"{}","uncommitted","StructuralHorn"
"bank_conv-bin",0,5,unary,1,"{""Unary"": 27}","uncommitted","StructuralHorn"
"bank_conv-bin",0,5,horn,1,"{""Horn"": 26}","horn","StructuralHorn"
"bank_conv-bin",0,5,antihorn,1,"{""AntiHorn"": 27}","antihorn","StructuralAntiHorn"
"bank_conv-bin",0,5,square2cnf,1,"{""Square2Cnf"": 27}","two_sat","TwoSat"
"bank_conv-bin",0,5,affine,1,"{""Affine"": 29}","affine_gf2","Gf2Gaussian"
"bank_conv-bin",0,5,smart_certified,5,"{""Affine"": 2, ""Horn"": 3, ""Unary"": 22}","uncommitted|horn|affine_gf2","Gf2Gaussian|StructuralHorn"
"bank_conv-bin",0,5,cals,5,"{""Horn"": 3, ""Unary"": 1}","horn","StructuralHorn"
"bank_conv-bin",0,5,cals_compact_explain,5,"{""Horn"": 3, ""Unary"": 1}","horn","StructuralHorn"
"bank_conv-bin",0,7,unary,1,"{""Unary"": 67}","uncommitted","StructuralHorn"
"bank_conv-bin",0,7,horn,1,"{""Horn"": 73}","horn","StructuralHorn"
"bank_conv-bin",0,7,antihorn,1,"{""AntiHorn"": 71}","antihorn","StructuralAntiHorn"
"bank_conv-bin",0,7,square2cnf,1,"{""Square2Cnf"": 64}","two_sat","TwoSat"
"bank_conv-bin",0,7,affine,1,"{""Affine"": 71}","affine_gf2","Gf2Gaussian"
"bank_conv-bin",0,7,smart_certified,5,"{""Affine"": 4, ""Horn"": 6, ""Unary"": 48}","uncommitted|horn|affine_gf2","Gf2Gaussian|StructuralHorn"
"bank_conv-bin",0,7,cals,5,"{""Horn"": 12, ""Unary"": 1}","horn","StructuralHorn"
"bank_conv-bin",0,7,cals_compact_explain,5,"{""Horn"": 5, ""Unary"": 2}","horn","StructuralHorn"
"bank_conv-bin",1,5,unary,1,"{""Unary"": 25}","uncommitted","StructuralHorn"
"bank_conv-bin",1,5,horn,1,"{""Horn"": 24}","horn","StructuralHorn"
"bank_conv-bin",1,5,antihorn,1,"{""AntiHorn"": 28}","antihorn","StructuralAntiHorn"
"bank_conv-bin",1,5,square2cnf,1,"{""Square2Cnf"": 26}","two_sat","TwoSat"
"bank_conv-bin",1,5,affine,1,"{""Affine"": 30}","affine_gf2","Gf2Gaussian"
"bank_conv-bin",1,5,smart_certified,5,"{""AntiHorn"": 2, ""Horn"": 2, ""Unary"": 21}","uncommitted|horn|antihorn","StructuralAntiHorn|StructuralHorn"
"bank_conv-bin",1,5,cals,5,"{""Square2Cnf"": 7, ""Unary"": 1}","two_sat","TwoSat"
"bank_conv-bin",1,5,cals_compact_explain,5,"{""Square2Cnf"": 1}","two_sat","TwoSat"
"bank_conv-bin",1,7,unary,1,"{""Unary"": 56}","uncommitted","StructuralHorn"
"bank_conv-bin",1,7,horn,1,"{""Horn"": 56}","horn","StructuralHorn"
"bank_conv-bin",1,7,antihorn,1,"{""AntiHorn"": 67}","antihorn","StructuralAntiHorn"
"bank_conv-bin",1,7,square2cnf,1,"{""Square2Cnf"": 61}","two_sat","TwoSat"
"bank_conv-bin",1,7,affine,1,"{""Affine"": 79}","affine_gf2","Gf2Gaussian"
"bank_conv-bin",1,7,smart_certified,5,"{""Affine"": 1, ""AntiHorn"": 2, ""Horn"": 5, ""Unary"": 48}","uncommitted|horn|antihorn|affine_gf2","Gf2Gaussian|StructuralAntiHorn|StructuralHorn"
"bank_conv-bin",1,7,cals,5,"{""Square2Cnf"": 11, ""Unary"": 3}","two_sat","TwoSat"
"bank_conv-bin",1,7,cals_compact_explain,5,"{""Square2Cnf"": 1}","two_sat","TwoSat"
"bank_conv-bin",2,5,unary,1,"{""Unary"": 28}","uncommitted","StructuralHorn"
"bank_conv-bin",2,5,horn,1,"{""Horn"": 23}","horn","StructuralHorn"
"bank_conv-bin",2,5,antihorn,1,"{""AntiHorn"": 24}","antihorn","StructuralAntiHorn"
"bank_conv-bin",2,5,square2cnf,1,"{""Square2Cnf"": 24}","two_sat","TwoSat"
"bank_conv-bin",2,5,affine,1,"{""Affine"": 26}","affine_gf2","Gf2Gaussian"
"bank_conv-bin",2,5,smart_certified,5,"{""Horn"": 2, ""Unary"": 24}","uncommitted|horn","StructuralHorn"
"bank_conv-bin",2,5,cals,5,"{}","uncommitted","StructuralHorn"
"bank_conv-bin",2,5,cals_compact_explain,5,"{""Horn"": 2}","horn","StructuralHorn"
"bank_conv-bin",2,7,unary,1,"{""Unary"": 63}","uncommitted","StructuralHorn"
"bank_conv-bin",2,7,horn,1,"{""Horn"": 51}","horn","StructuralHorn"
"bank_conv-bin",2,7,antihorn,1,"{""AntiHorn"": 57}","antihorn","StructuralAntiHorn"
"bank_conv-bin",2,7,square2cnf,1,"{""Square2Cnf"": 59}","two_sat","TwoSat"
"bank_conv-bin",2,7,affine,1,"{""Affine"": 67}","affine_gf2","Gf2Gaussian"
"bank_conv-bin",2,7,smart_certified,5,"{""Affine"": 2, ""Horn"": 8, ""Unary"": 47}","uncommitted|horn|affine_gf2","Gf2Gaussian|StructuralHorn"
"bank_conv-bin",2,7,cals,5,"{}","uncommitted","StructuralHorn"
"bank_conv-bin",2,7,cals_compact_explain,5,"{""Horn"": 4, ""Unary"": 3}","horn","StructuralHorn"
"bank_conv-bin",3,5,unary,1,"{""Unary"": 26}","uncommitted","StructuralHorn"
"bank_conv-bin",3,5,horn,1,"{""Horn"": 27}","horn","StructuralHorn"
"bank_conv-bin",3,5,antihorn,1,"{""AntiHorn"": 29}","antihorn","StructuralAntiHorn"
"bank_conv-bin",3,5,square2cnf,1,"{""Square2Cnf"": 28}","two_sat","TwoSat"
"bank_conv-bin",3,5,affine,1,"{""Affine"": 26}","affine_gf2","Gf2Gaussian"
"bank_conv-bin",3,5,smart_certified,5,"{""Affine"": 1, ""AntiHorn"": 3, ""Unary"": 23}","uncommitted|antihorn|affine_gf2","Gf2Gaussian|StructuralAntiHorn|StructuralHorn"
"bank_conv-bin",3,5,cals,5,"{""Horn"": 4}","horn","StructuralHorn"
"bank_conv-bin",3,5,cals_compact_explain,5,"{""Horn"": 2}","horn","StructuralHorn"
"bank_conv-bin",3,7,unary,1,"{""Unary"": 67}","uncommitted","StructuralHorn"
"bank_conv-bin",3,7,horn,1,"{""Horn"": 66}","horn","StructuralHorn"
"bank_conv-bin",3,7,antihorn,1,"{""AntiHorn"": 72}","antihorn","StructuralAntiHorn"
"bank_conv-bin",3,7,square2cnf,1,"{""Square2Cnf"": 71}","two_sat","TwoSat"
"bank_conv-bin",3,7,affine,1,"{""Affine"": 67}","affine_gf2","Gf2Gaussian"
"bank_conv-bin",3,7,smart_certified,5,"{""Affine"": 4, ""AntiHorn"": 3, ""Horn"": 6, ""Unary"": 51}","uncommitted|horn|antihorn|affine_gf2","Gf2Gaussian|StructuralAntiHorn|StructuralHorn"
"bank_conv-bin",3,7,cals,5,"{""Horn"": 4}","horn","StructuralHorn"
"bank_conv-bin",3,7,cals_compact_explain,5,"{""Horn"": 2}","horn","StructuralHorn"
"bank_conv-bin",4,5,unary,1,"{""Unary"": 28}","uncommitted","StructuralHorn"
"bank_conv-bin",4,5,horn,1,"{""Horn"": 27}","horn","StructuralHorn"
"bank_conv-bin",4,5,antihorn,1,"{""AntiHorn"": 28}","antihorn","StructuralAntiHorn"
"bank_conv-bin",4,5,square2cnf,1,"{""Square2Cnf"": 27}","two_sat","TwoSat"
"bank_conv-bin",4,5,affine,1,"{""Affine"": 28}","affine_gf2","Gf2Gaussian"
"bank_conv-bin",4,5,smart_certified,5,"{""AntiHorn"": 3, ""Horn"": 4, ""Unary"": 22}","uncommitted|horn|antihorn","StructuralAntiHorn|StructuralHorn"
"bank_conv-bin",4,5,cals,5,"{""Square2Cnf"": 6}","two_sat","TwoSat"
"bank_conv-bin",4,5,cals_compact_explain,5,"{""Horn"": 3, ""Unary"": 2}","horn","StructuralHorn"
"bank_conv-bin",4,7,unary,1,"{""Unary"": 71}","uncommitted","StructuralHorn"
"bank_conv-bin",4,7,horn,1,"{""Horn"": 64}","horn","StructuralHorn"
"bank_conv-bin",4,7,antihorn,1,"{""AntiHorn"": 69}","antihorn","StructuralAntiHorn"
"bank_conv-bin",4,7,square2cnf,1,"{""Square2Cnf"": 70}","two_sat","TwoSat"
"bank_conv-bin",4,7,affine,1,"{""Affine"": 69}","affine_gf2","Gf2Gaussian"
"bank_conv-bin",4,7,smart_certified,5,"{""Affine"": 3, ""AntiHorn"": 3, ""Horn"": 15, ""Unary"": 46}","uncommitted|horn|antihorn|affine_gf2","Gf2Gaussian|StructuralAntiHorn|StructuralHorn"
"bank_conv-bin",4,7,cals,5,"{""Square2Cnf"": 12}","two_sat","TwoSat"
"bank_conv-bin",4,7,cals_compact_explain,5,"{""Horn"": 3, ""Unary"": 2}","horn","StructuralHorn"
"bank_conv-bin",5,5,unary,1,"{""Unary"": 26}","uncommitted","StructuralHorn"
"bank_conv-bin",5,5,horn,1,"{""Horn"": 24}","horn","StructuralHorn"
"bank_conv-bin",5,5,antihorn,1,"{""AntiHorn"": 25}","antihorn","StructuralAntiHorn"
"bank_conv-bin",5,5,square2cnf,1,"{""Square2Cnf"": 22}","two_sat","TwoSat"
"bank_conv-bin",5,5,affine,1,"{""Affine"": 26}","affine_gf2","Gf2Gaussian"
"bank_conv-bin",5,5,smart_certified,5,"{""Horn"": 6, ""Unary"": 20}","uncommitted|horn","StructuralHorn"
"bank_conv-bin",5,5,cals,5,"{""Horn"": 7, ""Unary"": 3}","horn","StructuralHorn"
"bank_conv-bin",5,5,cals_compact_explain,5,"{""Horn"": 1}","horn","StructuralHorn"
"bank_conv-bin",5,7,unary,1,"{""Unary"": 66}","uncommitted","StructuralHorn"
"bank_conv-bin",5,7,horn,1,"{""Horn"": 50}","horn","StructuralHorn"
"bank_conv-bin",5,7,antihorn,1,"{""AntiHorn"": 63}","antihorn","StructuralAntiHorn"
"bank_conv-bin",5,7,square2cnf,1,"{""Square2Cnf"": 57}","two_sat","TwoSat"
"bank_conv-bin",5,7,affine,1,"{""Affine"": 58}","affine_gf2","Gf2Gaussian"
"bank_conv-bin",5,7,smart_certified,5,"{""Affine"": 2, ""AntiHorn"": 3, ""Horn"": 13, ""Unary"": 43}","uncommitted|horn|antihorn|affine_gf2","Gf2Gaussian|StructuralAntiHorn|StructuralHorn"
"bank_conv-bin",5,7,cals,5,"{""Horn"": 19, ""Unary"": 4}","horn","StructuralHorn"
"bank_conv-bin",5,7,cals_compact_explain,5,"{""Horn"": 10, ""Unary"": 5}","horn","StructuralHorn"
"bank_conv-bin",6,5,unary,1,"{""Unary"": 29}","uncommitted","StructuralHorn"
"bank_conv-bin",6,5,horn,1,"{""Horn"": 26}","horn","StructuralHorn"
"bank_conv-bin",6,5,antihorn,1,"{""AntiHorn"": 25}","antihorn","StructuralAntiHorn"
"bank_conv-bin",6,5,square2cnf,1,"{""Square2Cnf"": 24}","two_sat","TwoSat"
"bank_conv-bin",6,5,affine,1,"{""Affine"": 26}","affine_gf2","Gf2Gaussian"
"bank_conv-bin",6,5,smart_certified,5,"{""Affine"": 1, ""AntiHorn"": 3, ""Horn"": 2, ""Unary"": 22}","uncommitted|horn|antihorn|affine_gf2","Gf2Gaussian|StructuralAntiHorn|StructuralHorn"
"bank_conv-bin",6,5,cals,5,"{""Horn"": 8, ""Unary"": 1}","horn","StructuralHorn"
"bank_conv-bin",6,5,cals_compact_explain,5,"{""Horn"": 1}","horn","StructuralHorn"
"bank_conv-bin",6,7,unary,1,"{""Unary"": 64}","uncommitted","StructuralHorn"
"bank_conv-bin",6,7,horn,1,"{""Horn"": 68}","horn","StructuralHorn"
"bank_conv-bin",6,7,antihorn,1,"{""AntiHorn"": 66}","antihorn","StructuralAntiHorn"
"bank_conv-bin",6,7,square2cnf,1,"{""Square2Cnf"": 58}","two_sat","TwoSat"
"bank_conv-bin",6,7,affine,1,"{""Affine"": 66}","affine_gf2","Gf2Gaussian"
"bank_conv-bin",6,7,smart_certified,5,"{""Affine"": 3, ""AntiHorn"": 5, ""Horn"": 4, ""Unary"": 52}","uncommitted|horn|antihorn|affine_gf2","Gf2Gaussian|StructuralAntiHorn|StructuralHorn"
"bank_conv-bin",6,7,cals,5,"{""Horn"": 11, ""Unary"": 1}","horn","StructuralHorn"
"bank_conv-bin",6,7,cals_compact_explain,5,"{""Horn"": 11, ""Unary"": 1}","horn","StructuralHorn"
"bank_conv-bin",7,5,unary,1,"{""Unary"": 28}","uncommitted","StructuralHorn"
"bank_conv-bin",7,5,horn,1,"{""Horn"": 25}","horn","StructuralHorn"
"bank_conv-bin",7,5,antihorn,1,"{""AntiHorn"": 29}","antihorn","StructuralAntiHorn"
"bank_conv-bin",7,5,square2cnf,1,"{""Square2Cnf"": 27}","two_sat","TwoSat"
"bank_conv-bin",7,5,affine,1,"{""Affine"": 25}","affine_gf2","Gf2Gaussian"
"bank_conv-bin",7,5,smart_certified,5,"{""Horn"": 2, ""Unary"": 24}","uncommitted|horn","StructuralHorn"
"bank_conv-bin",7,5,cals,5,"{""Square2Cnf"": 12, ""Unary"": 2}","two_sat","TwoSat"
"bank_conv-bin",7,5,cals_compact_explain,5,"{""Square2Cnf"": 7}","two_sat","TwoSat"
"bank_conv-bin",7,7,unary,1,"{""Unary"": 65}","uncommitted","StructuralHorn"
"bank_conv-bin",7,7,horn,1,"{""Horn"": 62}","horn","StructuralHorn"
"bank_conv-bin",7,7,antihorn,1,"{""AntiHorn"": 63}","antihorn","StructuralAntiHorn"
"bank_conv-bin",7,7,square2cnf,1,"{""Square2Cnf"": 72}","two_sat","TwoSat"
"bank_conv-bin",7,7,affine,1,"{""Affine"": 61}","affine_gf2","Gf2Gaussian"
"bank_conv-bin",7,7,smart_certified,5,"{""Affine"": 1, ""AntiHorn"": 1, ""Horn"": 6, ""Unary"": 55}","uncommitted|horn|antihorn|affine_gf2","Gf2Gaussian|StructuralAntiHorn|StructuralHorn"
"bank_conv-bin",7,7,cals,5,"{""Square2Cnf"": 12, ""Unary"": 2}","two_sat","TwoSat"
"bank_conv-bin",7,7,cals_compact_explain,5,"{""Square2Cnf"": 9, ""Unary"": 1}","two_sat","TwoSat"
"bank_conv-bin",8,5,unary,1,"{""Unary"": 28}","uncommitted","StructuralHorn"
"bank_conv-bin",8,5,horn,1,"{""Horn"": 28}","horn","StructuralHorn"
"bank_conv-bin",8,5,antihorn,1,"{""AntiHorn"": 28}","antihorn","StructuralAntiHorn"
"bank_conv-bin",8,5,square2cnf,1,"{""Square2Cnf"": 27}","two_sat","TwoSat"
"bank_conv-bin",8,5,affine,1,"{""Affine"": 30}","affine_gf2","Gf2Gaussian"
"bank_conv-bin",8,5,smart_certified,5,"{""Affine"": 1, ""AntiHorn"": 1, ""Horn"": 2, ""Unary"": 24}","uncommitted|horn|antihorn|affine_gf2","Gf2Gaussian|StructuralAntiHorn|StructuralHorn"
"bank_conv-bin",8,5,cals,5,"{""Square2Cnf"": 3, ""Unary"": 2}","two_sat","TwoSat"
"bank_conv-bin",8,5,cals_compact_explain,5,"{""Square2Cnf"": 2}","two_sat","TwoSat"
"bank_conv-bin",8,7,unary,1,"{""Unary"": 71}","uncommitted","StructuralHorn"
"bank_conv-bin",8,7,horn,1,"{""Horn"": 64}","horn","StructuralHorn"
"bank_conv-bin",8,7,antihorn,1,"{""AntiHorn"": 66}","antihorn","StructuralAntiHorn"
"bank_conv-bin",8,7,square2cnf,1,"{""Square2Cnf"": 63}","two_sat","TwoSat"
"bank_conv-bin",8,7,affine,1,"{""Affine"": 72}","affine_gf2","Gf2Gaussian"
"bank_conv-bin",8,7,smart_certified,5,"{""Affine"": 5, ""AntiHorn"": 1, ""Horn"": 6, ""Unary"": 56}","uncommitted|horn|antihorn|affine_gf2","Gf2Gaussian|StructuralAntiHorn|StructuralHorn"
"bank_conv-bin",8,7,cals,5,"{""Square2Cnf"": 3, ""Unary"": 2}","two_sat","TwoSat"
"bank_conv-bin",8,7,cals_compact_explain,5,"{""Square2Cnf"": 2}","two_sat","TwoSat"
"bank_conv-bin",9,5,unary,1,"{""Unary"": 27}","uncommitted","StructuralHorn"
"bank_conv-bin",9,5,horn,1,"{""Horn"": 25}","horn","StructuralHorn"
"bank_conv-bin",9,5,antihorn,1,"{""AntiHorn"": 26}","antihorn","StructuralAntiHorn"
"bank_conv-bin",9,5,square2cnf,1,"{""Square2Cnf"": 27}","two_sat","TwoSat"
"bank_conv-bin",9,5,affine,1,"{""Affine"": 26}","affine_gf2","Gf2Gaussian"
"bank_conv-bin",9,5,smart_certified,5,"{""Horn"": 5, ""Unary"": 20}","uncommitted|horn","StructuralHorn"
"bank_conv-bin",9,5,cals,5,"{""Horn"": 4}","horn","StructuralHorn"
"bank_conv-bin",9,5,cals_compact_explain,5,"{""Horn"": 2}","horn","StructuralHorn"
"bank_conv-bin",9,7,unary,1,"{""Unary"": 59}","uncommitted","StructuralHorn"
"bank_conv-bin",9,7,horn,1,"{""Horn"": 60}","horn","StructuralHorn"
"bank_conv-bin",9,7,antihorn,1,"{""AntiHorn"": 64}","antihorn","StructuralAntiHorn"
"bank_conv-bin",9,7,square2cnf,1,"{""Square2Cnf"": 61}","two_sat","TwoSat"
"bank_conv-bin",9,7,affine,1,"{""Affine"": 62}","affine_gf2","Gf2Gaussian"
"bank_conv-bin",9,7,smart_certified,5,"{""Affine"": 1, ""AntiHorn"": 1, ""Horn"": 8, ""Unary"": 45}","uncommitted|horn|antihorn|affine_gf2","Gf2Gaussian|StructuralAntiHorn|StructuralHorn"
"bank_conv-bin",9,7,cals,5,"{""Horn"": 8}","horn","StructuralHorn"
"bank_conv-bin",9,7,cals_compact_explain,5,"{""Horn"": 2}","horn","StructuralHorn"
"banknote-bin",0,5,unary,1,"{""Unary"": 15}","uncommitted","StructuralHorn"
"banknote-bin",0,5,horn,1,"{""Horn"": 12}","horn","StructuralHorn"
"banknote-bin",0,5,antihorn,1,"{""AntiHorn"": 14}","antihorn","StructuralAntiHorn"
"banknote-bin",0,5,square2cnf,1,"{""Square2Cnf"": 12}","two_sat","TwoSat"
"banknote-bin",0,5,affine,1,"{""Affine"": 14}","affine_gf2","Gf2Gaussian"
"banknote-bin",0,5,smart_certified,5,"{""AntiHorn"": 4, ""Horn"": 2, ""Unary"": 8}","uncommitted|horn|antihorn","StructuralAntiHorn|StructuralHorn"
"banknote-bin",0,5,cals,5,"{""Square2Cnf"": 7, ""Unary"": 1}","two_sat","TwoSat"
"banknote-bin",0,5,cals_compact_explain,5,"{""Square2Cnf"": 9, ""Unary"": 1}","two_sat","TwoSat"
"banknote-bin",0,7,unary,1,"{""Unary"": 21}","uncommitted","StructuralHorn"
"banknote-bin",0,7,horn,1,"{""Horn"": 18}","horn","StructuralHorn"
"banknote-bin",0,7,antihorn,1,"{""AntiHorn"": 17}","antihorn","StructuralAntiHorn"
"banknote-bin",0,7,square2cnf,1,"{""Square2Cnf"": 14}","two_sat","TwoSat"
"banknote-bin",0,7,affine,1,"{""Affine"": 20}","affine_gf2","Gf2Gaussian"
"banknote-bin",0,7,smart_certified,5,"{""AntiHorn"": 5, ""Horn"": 2, ""Unary"": 11}","uncommitted|horn|antihorn","StructuralAntiHorn|StructuralHorn"
"banknote-bin",0,7,cals,5,"{""Square2Cnf"": 7, ""Unary"": 1}","two_sat","TwoSat"
"banknote-bin",0,7,cals_compact_explain,5,"{""Square2Cnf"": 9, ""Unary"": 1}","two_sat","TwoSat"
"banknote-bin",1,5,unary,1,"{""Unary"": 15}","uncommitted","StructuralHorn"
"banknote-bin",1,5,horn,1,"{""Horn"": 13}","horn","StructuralHorn"
"banknote-bin",1,5,antihorn,1,"{""AntiHorn"": 15}","antihorn","StructuralAntiHorn"
"banknote-bin",1,5,square2cnf,1,"{""Square2Cnf"": 14}","two_sat","TwoSat"
"banknote-bin",1,5,affine,1,"{""Affine"": 15}","affine_gf2","Gf2Gaussian"
"banknote-bin",1,5,smart_certified,5,"{""AntiHorn"": 3, ""Horn"": 2, ""Unary"": 9}","uncommitted|horn|antihorn","StructuralAntiHorn|StructuralHorn"
"banknote-bin",1,5,cals,5,"{""Square2Cnf"": 5}","two_sat","TwoSat"
"banknote-bin",1,5,cals_compact_explain,5,"{""Square2Cnf"": 5, ""Unary"": 1}","two_sat","TwoSat"
"banknote-bin",1,7,unary,1,"{""Unary"": 24}","uncommitted","StructuralHorn"
"banknote-bin",1,7,horn,1,"{""Horn"": 22}","horn","StructuralHorn"
"banknote-bin",1,7,antihorn,1,"{""AntiHorn"": 21}","antihorn","StructuralAntiHorn"
"banknote-bin",1,7,square2cnf,1,"{""Square2Cnf"": 17}","two_sat","TwoSat"
"banknote-bin",1,7,affine,1,"{""Affine"": 25}","affine_gf2","Gf2Gaussian"
"banknote-bin",1,7,smart_certified,5,"{""AntiHorn"": 5, ""Horn"": 2, ""Unary"": 12}","uncommitted|horn|antihorn","StructuralAntiHorn|StructuralHorn"
"banknote-bin",1,7,cals,5,"{""Square2Cnf"": 5}","two_sat","TwoSat"
"banknote-bin",1,7,cals_compact_explain,5,"{""Square2Cnf"": 5, ""Unary"": 1}","two_sat","TwoSat"
"banknote-bin",2,5,unary,1,"{""Unary"": 13}","uncommitted","StructuralHorn"
"banknote-bin",2,5,horn,1,"{""Horn"": 11}","horn","StructuralHorn"
"banknote-bin",2,5,antihorn,1,"{""AntiHorn"": 13}","antihorn","StructuralAntiHorn"
"banknote-bin",2,5,square2cnf,1,"{""Square2Cnf"": 13}","two_sat","TwoSat"
"banknote-bin",2,5,affine,1,"{""Affine"": 14}","affine_gf2","Gf2Gaussian"
"banknote-bin",2,5,smart_certified,5,"{""AntiHorn"": 3, ""Horn"": 2, ""Unary"": 9}","uncommitted|horn|antihorn","StructuralAntiHorn|StructuralHorn"
"banknote-bin",2,5,cals,5,"{""Square2Cnf"": 6}","two_sat","TwoSat"
"banknote-bin",2,5,cals_compact_explain,5,"{""Square2Cnf"": 4}","two_sat","TwoSat"
"banknote-bin",2,7,unary,1,"{""Unary"": 20}","uncommitted","StructuralHorn"
"banknote-bin",2,7,horn,1,"{""Horn"": 17}","horn","StructuralHorn"
"banknote-bin",2,7,antihorn,1,"{""AntiHorn"": 23}","antihorn","StructuralAntiHorn"
"banknote-bin",2,7,square2cnf,1,"{""Square2Cnf"": 17}","two_sat","TwoSat"
"banknote-bin",2,7,affine,1,"{""Affine"": 22}","affine_gf2","Gf2Gaussian"
"banknote-bin",2,7,smart_certified,5,"{""AntiHorn"": 5, ""Horn"": 2, ""Unary"": 12}","uncommitted|horn|antihorn","StructuralAntiHorn|StructuralHorn"
"banknote-bin",2,7,cals,5,"{""Square2Cnf"": 6}","two_sat","TwoSat"
"banknote-bin",2,7,cals_compact_explain,5,"{""Square2Cnf"": 4}","two_sat","TwoSat"
"banknote-bin",3,5,unary,1,"{""Unary"": 15}","uncommitted","StructuralHorn"
"banknote-bin",3,5,horn,1,"{""Horn"": 14}","horn","StructuralHorn"
"banknote-bin",3,5,antihorn,1,"{""AntiHorn"": 15}","antihorn","StructuralAntiHorn"
"banknote-bin",3,5,square2cnf,1,"{""Square2Cnf"": 14}","two_sat","TwoSat"
"banknote-bin",3,5,affine,1,"{""Affine"": 14}","affine_gf2","Gf2Gaussian"
"banknote-bin",3,5,smart_certified,5,"{""AntiHorn"": 3, ""Horn"": 2, ""Unary"": 9}","uncommitted|horn|antihorn","StructuralAntiHorn|StructuralHorn"
"banknote-bin",3,5,cals,5,"{""Square2Cnf"": 6}","two_sat","TwoSat"
"banknote-bin",3,5,cals_compact_explain,5,"{""Square2Cnf"": 7, ""Unary"": 1}","two_sat","TwoSat"
"banknote-bin",3,7,unary,1,"{""Unary"": 22}","uncommitted","StructuralHorn"
"banknote-bin",3,7,horn,1,"{""Horn"": 18}","horn","StructuralHorn"
"banknote-bin",3,7,antihorn,1,"{""AntiHorn"": 18}","antihorn","StructuralAntiHorn"
"banknote-bin",3,7,square2cnf,1,"{""Square2Cnf"": 16}","two_sat","TwoSat"
"banknote-bin",3,7,affine,1,"{""Affine"": 19}","affine_gf2","Gf2Gaussian"
"banknote-bin",3,7,smart_certified,5,"{""AntiHorn"": 3, ""Horn"": 2, ""Unary"": 13}","uncommitted|horn|antihorn","StructuralAntiHorn|StructuralHorn"
"banknote-bin",3,7,cals,5,"{""Square2Cnf"": 6}","two_sat","TwoSat"
"banknote-bin",3,7,cals_compact_explain,5,"{""Square2Cnf"": 7, ""Unary"": 1}","two_sat","TwoSat"
"banknote-bin",4,5,unary,1,"{""Unary"": 14}","uncommitted","StructuralHorn"
"banknote-bin",4,5,horn,1,"{""Horn"": 13}","horn","StructuralHorn"
"banknote-bin",4,5,antihorn,1,"{""AntiHorn"": 14}","antihorn","StructuralAntiHorn"
"banknote-bin",4,5,square2cnf,1,"{""Square2Cnf"": 12}","two_sat","TwoSat"
"banknote-bin",4,5,affine,1,"{""Affine"": 14}","affine_gf2","Gf2Gaussian"
"banknote-bin",4,5,smart_certified,5,"{""Horn"": 7, ""Unary"": 8}","uncommitted|horn","StructuralHorn"
"banknote-bin",4,5,cals,5,"{""Square2Cnf"": 6}","two_sat","TwoSat"
"banknote-bin",4,5,cals_compact_explain,5,"{""Square2Cnf"": 7}","two_sat","TwoSat"
"banknote-bin",4,7,unary,1,"{""Unary"": 24}","uncommitted","StructuralHorn"
"banknote-bin",4,7,horn,1,"{""Horn"": 17}","horn","StructuralHorn"
"banknote-bin",4,7,antihorn,1,"{""AntiHorn"": 21}","antihorn","StructuralAntiHorn"
"banknote-bin",4,7,square2cnf,1,"{""Square2Cnf"": 15}","two_sat","TwoSat"
"banknote-bin",4,7,affine,1,"{""Affine"": 19}","affine_gf2","Gf2Gaussian"
"banknote-bin",4,7,smart_certified,5,"{""AntiHorn"": 1, ""Horn"": 7, ""Unary"": 12}","uncommitted|horn|antihorn","StructuralAntiHorn|StructuralHorn"
"banknote-bin",4,7,cals,5,"{""Square2Cnf"": 6}","two_sat","TwoSat"
"banknote-bin",4,7,cals_compact_explain,5,"{""Square2Cnf"": 7, ""Unary"": 1}","two_sat","TwoSat"
"banknote-bin",5,5,unary,1,"{""Unary"": 15}","uncommitted","StructuralHorn"
"banknote-bin",5,5,horn,1,"{""Horn"": 14}","horn","StructuralHorn"
"banknote-bin",5,5,antihorn,1,"{""AntiHorn"": 15}","antihorn","StructuralAntiHorn"
"banknote-bin",5,5,square2cnf,1,"{""Square2Cnf"": 16}","two_sat","TwoSat"
"banknote-bin",5,5,affine,1,"{""Affine"": 15}","affine_gf2","Gf2Gaussian"
"banknote-bin",5,5,smart_certified,5,"{""AntiHorn"": 3, ""Horn"": 2, ""Unary"": 8}","uncommitted|horn|antihorn","StructuralAntiHorn|StructuralHorn"
"banknote-bin",5,5,cals,5,"{""Square2Cnf"": 7, ""Unary"": 1}","two_sat","TwoSat"
"banknote-bin",5,5,cals_compact_explain,5,"{""Square2Cnf"": 4, ""Unary"": 1}","two_sat","TwoSat"
"banknote-bin",5,7,unary,1,"{""Unary"": 26}","uncommitted","StructuralHorn"
"banknote-bin",5,7,horn,1,"{""Horn"": 21}","horn","StructuralHorn"
"banknote-bin",5,7,antihorn,1,"{""AntiHorn"": 22}","antihorn","StructuralAntiHorn"
"banknote-bin",5,7,square2cnf,1,"{""Square2Cnf"": 18}","two_sat","TwoSat"
"banknote-bin",5,7,affine,1,"{""Affine"": 24}","affine_gf2","Gf2Gaussian"
"banknote-bin",5,7,smart_certified,5,"{""AntiHorn"": 5, ""Horn"": 2, ""Unary"": 12}","uncommitted|horn|antihorn","StructuralAntiHorn|StructuralHorn"
"banknote-bin",5,7,cals,5,"{""Square2Cnf"": 7, ""Unary"": 1}","two_sat","TwoSat"
"banknote-bin",5,7,cals_compact_explain,5,"{""Square2Cnf"": 4, ""Unary"": 1}","two_sat","TwoSat"
"banknote-bin",6,5,unary,1,"{""Unary"": 14}","uncommitted","StructuralHorn"
"banknote-bin",6,5,horn,1,"{""Horn"": 14}","horn","StructuralHorn"
"banknote-bin",6,5,antihorn,1,"{""AntiHorn"": 14}","antihorn","StructuralAntiHorn"
"banknote-bin",6,5,square2cnf,1,"{""Square2Cnf"": 13}","two_sat","TwoSat"
"banknote-bin",6,5,affine,1,"{""Affine"": 16}","affine_gf2","Gf2Gaussian"
"banknote-bin",6,5,smart_certified,5,"{""Affine"": 2, ""Horn"": 2, ""Unary"": 12}","horn|affine_gf2","Gf2Gaussian|StructuralHorn"
"banknote-bin",6,5,cals,5,"{""Square2Cnf"": 5}","two_sat","TwoSat"
"banknote-bin",6,5,cals_compact_explain,5,"{""Square2Cnf"": 5, ""Unary"": 1}","two_sat","TwoSat"
"banknote-bin",6,7,unary,1,"{""Unary"": 24}","uncommitted","StructuralHorn"
"banknote-bin",6,7,horn,1,"{""Horn"": 19}","horn","StructuralHorn"
"banknote-bin",6,7,antihorn,1,"{""AntiHorn"": 18}","antihorn","StructuralAntiHorn"
"banknote-bin",6,7,square2cnf,1,"{""Square2Cnf"": 15}","two_sat","TwoSat"
"banknote-bin",6,7,affine,1,"{""Affine"": 21}","affine_gf2","Gf2Gaussian"
"banknote-bin",6,7,smart_certified,5,"{""Affine"": 2, ""Horn"": 4, ""Unary"": 17}","horn|affine_gf2","Gf2Gaussian|StructuralHorn"
"banknote-bin",6,7,cals,5,"{""Square2Cnf"": 5}","two_sat","TwoSat"
"banknote-bin",6,7,cals_compact_explain,5,"{""Square2Cnf"": 5, ""Unary"": 1}","two_sat","TwoSat"
"banknote-bin",7,5,unary,1,"{""Unary"": 16}","uncommitted","StructuralHorn"
"banknote-bin",7,5,horn,1,"{""Horn"": 14}","horn","StructuralHorn"
"banknote-bin",7,5,antihorn,1,"{""AntiHorn"": 16}","antihorn","StructuralAntiHorn"
"banknote-bin",7,5,square2cnf,1,"{""Square2Cnf"": 14}","two_sat","TwoSat"
"banknote-bin",7,5,affine,1,"{""Affine"": 16}","affine_gf2","Gf2Gaussian"
"banknote-bin",7,5,smart_certified,5,"{""AntiHorn"": 1, ""Horn"": 2, ""Unary"": 14}","horn|antihorn","StructuralAntiHorn|StructuralHorn"
"banknote-bin",7,5,cals,5,"{""Square2Cnf"": 4}","two_sat","TwoSat"
"banknote-bin",7,5,cals_compact_explain,5,"{""Square2Cnf"": 5, ""Unary"": 1}","two_sat","TwoSat"
"banknote-bin",7,7,unary,1,"{""Unary"": 25}","uncommitted","StructuralHorn"
"banknote-bin",7,7,horn,1,"{""Horn"": 20}","horn","StructuralHorn"
"banknote-bin",7,7,antihorn,1,"{""AntiHorn"": 21}","antihorn","StructuralAntiHorn"
"banknote-bin",7,7,square2cnf,1,"{""Square2Cnf"": 15}","two_sat","TwoSat"
"banknote-bin",7,7,affine,1,"{""Affine"": 22}","affine_gf2","Gf2Gaussian"
"banknote-bin",7,7,smart_certified,5,"{""AntiHorn"": 1, ""Horn"": 4, ""Unary"": 17}","horn|antihorn","StructuralAntiHorn|StructuralHorn"
"banknote-bin",7,7,cals,5,"{""Square2Cnf"": 7, ""Unary"": 1}","two_sat","TwoSat"
"banknote-bin",7,7,cals_compact_explain,5,"{""Square2Cnf"": 9, ""Unary"": 4}","two_sat","TwoSat"
"banknote-bin",8,5,unary,1,"{""Unary"": 16}","uncommitted","StructuralHorn"
"banknote-bin",8,5,horn,1,"{""Horn"": 13}","horn","StructuralHorn"
"banknote-bin",8,5,antihorn,1,"{""AntiHorn"": 16}","antihorn","StructuralAntiHorn"
"banknote-bin",8,5,square2cnf,1,"{""Square2Cnf"": 14}","two_sat","TwoSat"
"banknote-bin",8,5,affine,1,"{""Affine"": 16}","affine_gf2","Gf2Gaussian"
"banknote-bin",8,5,smart_certified,5,"{""AntiHorn"": 2, ""Horn"": 2, ""Unary"": 13}","horn|antihorn","StructuralAntiHorn|StructuralHorn"
"banknote-bin",8,5,cals,5,"{""Square2Cnf"": 5}","two_sat","TwoSat"
"banknote-bin",8,5,cals_compact_explain,5,"{""Square2Cnf"": 7, ""Unary"": 1}","two_sat","TwoSat"
"banknote-bin",8,7,unary,1,"{""Unary"": 26}","uncommitted","StructuralHorn"
"banknote-bin",8,7,horn,1,"{""Horn"": 18}","horn","StructuralHorn"
"banknote-bin",8,7,antihorn,1,"{""AntiHorn"": 19}","antihorn","StructuralAntiHorn"
"banknote-bin",8,7,square2cnf,1,"{""Square2Cnf"": 14}","two_sat","TwoSat"
"banknote-bin",8,7,affine,1,"{""Affine"": 21}","affine_gf2","Gf2Gaussian"
"banknote-bin",8,7,smart_certified,5,"{""AntiHorn"": 2, ""Horn"": 2, ""Unary"": 15}","horn|antihorn","StructuralAntiHorn|StructuralHorn"
"banknote-bin",8,7,cals,5,"{""Square2Cnf"": 5}","two_sat","TwoSat"
"banknote-bin",8,7,cals_compact_explain,5,"{""Square2Cnf"": 7, ""Unary"": 1}","two_sat","TwoSat"
"banknote-bin",9,5,unary,1,"{""Unary"": 13}","uncommitted","StructuralHorn"
"banknote-bin",9,5,horn,1,"{""Horn"": 12}","horn","StructuralHorn"
"banknote-bin",9,5,antihorn,1,"{""AntiHorn"": 14}","antihorn","StructuralAntiHorn"
"banknote-bin",9,5,square2cnf,1,"{""Square2Cnf"": 14}","two_sat","TwoSat"
"banknote-bin",9,5,affine,1,"{""Affine"": 13}","affine_gf2","Gf2Gaussian"
"banknote-bin",9,5,smart_certified,5,"{""AntiHorn"": 2, ""Horn"": 2, ""Unary"": 6}","horn|antihorn","StructuralAntiHorn|StructuralHorn"
"banknote-bin",9,5,cals,5,"{""Square2Cnf"": 5}","two_sat","TwoSat"
"banknote-bin",9,5,cals_compact_explain,5,"{""Square2Cnf"": 10}","two_sat","TwoSat"
"banknote-bin",9,7,unary,1,"{""Unary"": 18}","uncommitted","StructuralHorn"
"banknote-bin",9,7,horn,1,"{""Horn"": 18}","horn","StructuralHorn"
"banknote-bin",9,7,antihorn,1,"{""AntiHorn"": 17}","antihorn","StructuralAntiHorn"
"banknote-bin",9,7,square2cnf,1,"{""Square2Cnf"": 15}","two_sat","TwoSat"
"banknote-bin",9,7,affine,1,"{""Affine"": 19}","affine_gf2","Gf2Gaussian"
"banknote-bin",9,7,smart_certified,5,"{""AntiHorn"": 3, ""Horn"": 2, ""Unary"": 9}","horn|antihorn","StructuralAntiHorn|StructuralHorn"
"banknote-bin",9,7,cals,5,"{""Square2Cnf"": 5}","two_sat","TwoSat"
"banknote-bin",9,7,cals_compact_explain,5,"{""Square2Cnf"": 8}","two_sat","TwoSat"
"biodeg-bin",0,5,unary,1,"{""Unary"": 25}","uncommitted","StructuralHorn"
"biodeg-bin",0,5,horn,1,"{""Horn"": 23}","horn","StructuralHorn"
"biodeg-bin",0,5,antihorn,1,"{""AntiHorn"": 19}","antihorn","StructuralAntiHorn"
"biodeg-bin",0,5,square2cnf,1,"{""Square2Cnf"": 26}","two_sat","TwoSat"
"biodeg-bin",0,5,affine,1,"{""Affine"": 22}","affine_gf2","Gf2Gaussian"
"biodeg-bin",0,5,smart_certified,5,"{""Horn"": 7, ""Unary"": 17}","uncommitted|horn","StructuralHorn"
"biodeg-bin",0,5,cals,5,"{""Square2Cnf"": 3}","two_sat","TwoSat"
"biodeg-bin",0,5,cals_compact_explain,5,"{""Square2Cnf"": 5}","two_sat","TwoSat"
"biodeg-bin",0,7,unary,1,"{""Unary"": 57}","uncommitted","StructuralHorn"
"biodeg-bin",0,7,horn,1,"{""Horn"": 51}","horn","StructuralHorn"
"biodeg-bin",0,7,antihorn,1,"{""AntiHorn"": 45}","antihorn","StructuralAntiHorn"
"biodeg-bin",0,7,square2cnf,1,"{""Square2Cnf"": 50}","two_sat","TwoSat"
"biodeg-bin",0,7,affine,1,"{""Affine"": 42}","affine_gf2","Gf2Gaussian"
"biodeg-bin",0,7,smart_certified,5,"{""Horn"": 18, ""Unary"": 31}","uncommitted|horn","StructuralHorn"
"biodeg-bin",0,7,cals,5,"{""Square2Cnf"": 11, ""Unary"": 1}","two_sat","TwoSat"
"biodeg-bin",0,7,cals_compact_explain,5,"{""Square2Cnf"": 14}","two_sat","TwoSat"
"biodeg-bin",1,5,unary,1,"{""Unary"": 24}","uncommitted","StructuralHorn"
"biodeg-bin",1,5,horn,1,"{""Horn"": 20}","horn","StructuralHorn"
"biodeg-bin",1,5,antihorn,1,"{""AntiHorn"": 19}","antihorn","StructuralAntiHorn"
"biodeg-bin",1,5,square2cnf,1,"{""Square2Cnf"": 24}","two_sat","TwoSat"
"biodeg-bin",1,5,affine,1,"{""Affine"": 22}","affine_gf2","Gf2Gaussian"
"biodeg-bin",1,5,smart_certified,5,"{""Affine"": 2, ""Horn"": 3, ""Unary"": 18}","uncommitted|horn|affine_gf2","Gf2Gaussian|StructuralHorn"
"biodeg-bin",1,5,cals,5,"{""Square2Cnf"": 4}","two_sat","TwoSat"
"biodeg-bin",1,5,cals_compact_explain,5,"{""Square2Cnf"": 5, ""Unary"": 1}","two_sat","TwoSat"
"biodeg-bin",1,7,unary,1,"{""Unary"": 50}","uncommitted","StructuralHorn"
"biodeg-bin",1,7,horn,1,"{""Horn"": 38}","horn","StructuralHorn"
"biodeg-bin",1,7,antihorn,1,"{""AntiHorn"": 41}","antihorn","StructuralAntiHorn"
"biodeg-bin",1,7,square2cnf,1,"{""Square2Cnf"": 46}","two_sat","TwoSat"
"biodeg-bin",1,7,affine,1,"{""Affine"": 49}","affine_gf2","Gf2Gaussian"
"biodeg-bin",1,7,smart_certified,5,"{""Affine"": 7, ""Horn"": 5, ""Unary"": 33}","uncommitted|horn|affine_gf2","Gf2Gaussian|StructuralHorn"
"biodeg-bin",1,7,cals,5,"{""Square2Cnf"": 8}","two_sat","TwoSat"
"biodeg-bin",1,7,cals_compact_explain,5,"{""Square2Cnf"": 5, ""Unary"": 1}","two_sat","TwoSat"
"biodeg-bin",2,5,unary,1,"{""Unary"": 23}","uncommitted","StructuralHorn"
"biodeg-bin",2,5,horn,1,"{""Horn"": 22}","horn","StructuralHorn"
"biodeg-bin",2,5,antihorn,1,"{""AntiHorn"": 25}","antihorn","StructuralAntiHorn"
"biodeg-bin",2,5,square2cnf,1,"{""Square2Cnf"": 23}","two_sat","TwoSat"
"biodeg-bin",2,5,affine,1,"{""Affine"": 19}","affine_gf2","Gf2Gaussian"
"biodeg-bin",2,5,smart_certified,5,"{""Affine"": 1, ""Horn"": 2, ""Square2Cnf"": 1, ""Unary"": 19}","uncommitted|horn|two_sat|affine_gf2","Gf2Gaussian|StructuralHorn|TwoSat"
"biodeg-bin",2,5,cals,5,"{""Square2Cnf"": 8}","two_sat","TwoSat"
"biodeg-bin",2,5,cals_compact_explain,5,"{""Square2Cnf"": 13, ""Unary"": 2}","two_sat","TwoSat"
"biodeg-bin",2,7,unary,1,"{""Unary"": 48}","uncommitted","StructuralHorn"
"biodeg-bin",2,7,horn,1,"{""Horn"": 48}","horn","StructuralHorn"
"biodeg-bin",2,7,antihorn,1,"{""AntiHorn"": 48}","antihorn","StructuralAntiHorn"
"biodeg-bin",2,7,square2cnf,1,"{""Square2Cnf"": 51}","two_sat","TwoSat"
"biodeg-bin",2,7,affine,1,"{""Affine"": 39}","affine_gf2","Gf2Gaussian"
"biodeg-bin",2,7,smart_certified,5,"{""Affine"": 4, ""Horn"": 9, ""Square2Cnf"": 1, ""Unary"": 32}","uncommitted|horn|two_sat|affine_gf2","Gf2Gaussian|StructuralHorn|TwoSat"
"biodeg-bin",2,7,cals,5,"{""Square2Cnf"": 12, ""Unary"": 2}","two_sat","TwoSat"
"biodeg-bin",2,7,cals_compact_explain,5,"{""Square2Cnf"": 8}","two_sat","TwoSat"
"biodeg-bin",3,5,unary,1,"{""Unary"": 19}","uncommitted","StructuralHorn"
"biodeg-bin",3,5,horn,1,"{""Horn"": 26}","horn","StructuralHorn"
"biodeg-bin",3,5,antihorn,1,"{""AntiHorn"": 24}","antihorn","StructuralAntiHorn"
"biodeg-bin",3,5,square2cnf,1,"{""Square2Cnf"": 27}","two_sat","TwoSat"
"biodeg-bin",3,5,affine,1,"{""Affine"": 21}","affine_gf2","Gf2Gaussian"
"biodeg-bin",3,5,smart_certified,5,"{""Horn"": 6, ""Unary"": 11}","uncommitted|horn","StructuralHorn"
"biodeg-bin",3,5,cals,5,"{""Square2Cnf"": 2}","two_sat","TwoSat"
"biodeg-bin",3,5,cals_compact_explain,5,"{""Square2Cnf"": 2}","two_sat","TwoSat"
"biodeg-bin",3,7,unary,1,"{""Unary"": 39}","uncommitted","StructuralHorn"
"biodeg-bin",3,7,horn,1,"{""Horn"": 54}","horn","StructuralHorn"
"biodeg-bin",3,7,antihorn,1,"{""AntiHorn"": 44}","antihorn","StructuralAntiHorn"
"biodeg-bin",3,7,square2cnf,1,"{""Square2Cnf"": 48}","two_sat","TwoSat"
"biodeg-bin",3,7,affine,1,"{""Affine"": 39}","affine_gf2","Gf2Gaussian"
"biodeg-bin",3,7,smart_certified,5,"{""Affine"": 2, ""Horn"": 8, ""Unary"": 25}","uncommitted|horn|affine_gf2","Gf2Gaussian|StructuralHorn"
"biodeg-bin",3,7,cals,5,"{""Square2Cnf"": 13}","two_sat","TwoSat"
"biodeg-bin",3,7,cals_compact_explain,5,"{""Square2Cnf"": 6, ""Unary"": 1}","two_sat","TwoSat"
"biodeg-bin",4,5,unary,1,"{""Unary"": 23}","uncommitted","StructuralHorn"
"biodeg-bin",4,5,horn,1,"{""Horn"": 23}","horn","StructuralHorn"
"biodeg-bin",4,5,antihorn,1,"{""AntiHorn"": 22}","antihorn","StructuralAntiHorn"
"biodeg-bin",4,5,square2cnf,1,"{""Square2Cnf"": 24}","two_sat","TwoSat"
"biodeg-bin",4,5,affine,1,"{""Affine"": 23}","affine_gf2","Gf2Gaussian"
"biodeg-bin",4,5,smart_certified,5,"{""Affine"": 1, ""Horn"": 3, ""Square2Cnf"": 1, ""Unary"": 17}","uncommitted|horn|two_sat|affine_gf2","Gf2Gaussian|StructuralHorn|TwoSat"
"biodeg-bin",4,5,cals,5,"{""Square2Cnf"": 12, ""Unary"": 1}","two_sat","TwoSat"
"biodeg-bin",4,5,cals_compact_explain,5,"{""Square2Cnf"": 5}","two_sat","TwoSat"
"biodeg-bin",4,7,unary,1,"{""Unary"": 49}","uncommitted","StructuralHorn"
"biodeg-bin",4,7,horn,1,"{""Horn"": 46}","horn","StructuralHorn"
"biodeg-bin",4,7,antihorn,1,"{""AntiHorn"": 46}","antihorn","StructuralAntiHorn"
"biodeg-bin",4,7,square2cnf,1,"{""Square2Cnf"": 48}","two_sat","TwoSat"
"biodeg-bin",4,7,affine,1,"{""Affine"": 41}","affine_gf2","Gf2Gaussian"
"biodeg-bin",4,7,smart_certified,5,"{""Affine"": 4, ""AntiHorn"": 2, ""Horn"": 8, ""Square2Cnf"": 1, ""Unary"": 31}","uncommitted|horn|antihorn|two_sat|affine_gf2","Gf2Gaussian|StructuralAntiHorn|StructuralHorn|TwoSat"
"biodeg-bin",4,7,cals,5,"{""Square2Cnf"": 12, ""Unary"": 1}","two_sat","TwoSat"
"biodeg-bin",4,7,cals_compact_explain,5,"{""Square2Cnf"": 6}","two_sat","TwoSat"
"biodeg-bin",5,5,unary,1,"{""Unary"": 22}","uncommitted","StructuralHorn"
"biodeg-bin",5,5,horn,1,"{""Horn"": 24}","horn","StructuralHorn"
"biodeg-bin",5,5,antihorn,1,"{""AntiHorn"": 23}","antihorn","StructuralAntiHorn"
"biodeg-bin",5,5,square2cnf,1,"{""Square2Cnf"": 22}","two_sat","TwoSat"
"biodeg-bin",5,5,affine,1,"{""Affine"": 25}","affine_gf2","Gf2Gaussian"
"biodeg-bin",5,5,smart_certified,5,"{""Affine"": 1, ""AntiHorn"": 1, ""Horn"": 2, ""Unary"": 17}","uncommitted|horn|antihorn|affine_gf2","Gf2Gaussian|StructuralAntiHorn|StructuralHorn"
"biodeg-bin",5,5,cals,5,"{""Square2Cnf"": 8, ""Unary"": 2}","two_sat","TwoSat"
"biodeg-bin",5,5,cals_compact_explain,5,"{""Square2Cnf"": 2}","two_sat","TwoSat"
"biodeg-bin",5,7,unary,1,"{""Unary"": 49}","uncommitted","StructuralHorn"
"biodeg-bin",5,7,horn,1,"{""Horn"": 44}","horn","StructuralHorn"
"biodeg-bin",5,7,antihorn,1,"{""AntiHorn"": 44}","antihorn","StructuralAntiHorn"
"biodeg-bin",5,7,square2cnf,1,"{""Square2Cnf"": 42}","two_sat","TwoSat"
"biodeg-bin",5,7,affine,1,"{""Affine"": 50}","affine_gf2","Gf2Gaussian"
"biodeg-bin",5,7,smart_certified,5,"{""Affine"": 3, ""AntiHorn"": 2, ""Horn"": 7, ""Unary"": 35}","uncommitted|horn|antihorn|affine_gf2","Gf2Gaussian|StructuralAntiHorn|StructuralHorn"
"biodeg-bin",5,7,cals,5,"{""Square2Cnf"": 11, ""Unary"": 3}","two_sat","TwoSat"
"biodeg-bin",5,7,cals_compact_explain,5,"{""Square2Cnf"": 2}","two_sat","TwoSat"
"biodeg-bin",6,5,unary,1,"{""Unary"": 17}","uncommitted","StructuralHorn"
"biodeg-bin",6,5,horn,1,"{""Horn"": 20}","horn","StructuralHorn"
"biodeg-bin",6,5,antihorn,1,"{""AntiHorn"": 20}","antihorn","StructuralAntiHorn"
"biodeg-bin",6,5,square2cnf,1,"{""Square2Cnf"": 18}","two_sat","TwoSat"
"biodeg-bin",6,5,affine,1,"{""Affine"": 23}","affine_gf2","Gf2Gaussian"
"biodeg-bin",6,5,smart_certified,5,"{""AntiHorn"": 1, ""Unary"": 15}","uncommitted|antihorn","StructuralAntiHorn|StructuralHorn"
"biodeg-bin",6,5,cals,5,"{""Square2Cnf"": 9}","two_sat","TwoSat"
"biodeg-bin",6,5,cals_compact_explain,5,"{""Square2Cnf"": 5}","two_sat","TwoSat"
"biodeg-bin",6,7,unary,1,"{""Unary"": 33}","uncommitted","StructuralHorn"
"biodeg-bin",6,7,horn,1,"{""Horn"": 45}","horn","StructuralHorn"
"biodeg-bin",6,7,antihorn,1,"{""AntiHorn"": 37}","antihorn","StructuralAntiHorn"
"biodeg-bin",6,7,square2cnf,1,"{""Square2Cnf"": 38}","two_sat","TwoSat"
"biodeg-bin",6,7,affine,1,"{""Affine"": 45}","affine_gf2","Gf2Gaussian"
"biodeg-bin",6,7,smart_certified,5,"{""Affine"": 1, ""AntiHorn"": 2, ""Horn"": 1, ""Unary"": 29}","uncommitted|horn|antihorn|affine_gf2","Gf2Gaussian|StructuralAntiHorn|StructuralHorn"
"biodeg-bin",6,7,cals,5,"{""Square2Cnf"": 9}","two_sat","TwoSat"
"biodeg-bin",6,7,cals_compact_explain,5,"{""Square2Cnf"": 10}","two_sat","TwoSat"
"biodeg-bin",7,5,unary,1,"{""Unary"": 22}","uncommitted","StructuralHorn"
"biodeg-bin",7,5,horn,1,"{""Horn"": 23}","horn","StructuralHorn"
"biodeg-bin",7,5,antihorn,1,"{""AntiHorn"": 23}","antihorn","StructuralAntiHorn"
"biodeg-bin",7,5,square2cnf,1,"{""Square2Cnf"": 24}","two_sat","TwoSat"
"biodeg-bin",7,5,affine,1,"{""Affine"": 24}","affine_gf2","Gf2Gaussian"
"biodeg-bin",7,5,smart_certified,5,"{""AntiHorn"": 1, ""Horn"": 5, ""Unary"": 17}","uncommitted|horn|antihorn","StructuralAntiHorn|StructuralHorn"
"biodeg-bin",7,5,cals,5,"{""Square2Cnf"": 9}","two_sat","TwoSat"
"biodeg-bin",7,5,cals_compact_explain,5,"{""Square2Cnf"": 8}","two_sat","TwoSat"
"biodeg-bin",7,7,unary,1,"{""Unary"": 48}","uncommitted","StructuralHorn"
"biodeg-bin",7,7,horn,1,"{""Horn"": 44}","horn","StructuralHorn"
"biodeg-bin",7,7,antihorn,1,"{""AntiHorn"": 42}","antihorn","StructuralAntiHorn"
"biodeg-bin",7,7,square2cnf,1,"{""Square2Cnf"": 41}","two_sat","TwoSat"
"biodeg-bin",7,7,affine,1,"{""Affine"": 55}","affine_gf2","Gf2Gaussian"
"biodeg-bin",7,7,smart_certified,5,"{""Affine"": 3, ""AntiHorn"": 2, ""Horn"": 9, ""Unary"": 29}","uncommitted|horn|antihorn|affine_gf2","Gf2Gaussian|StructuralAntiHorn|StructuralHorn"
"biodeg-bin",7,7,cals,5,"{""Square2Cnf"": 13}","two_sat","TwoSat"
"biodeg-bin",7,7,cals_compact_explain,5,"{""Square2Cnf"": 12}","two_sat","TwoSat"
"biodeg-bin",8,5,unary,1,"{""Unary"": 21}","uncommitted","StructuralHorn"
"biodeg-bin",8,5,horn,1,"{""Horn"": 23}","horn","StructuralHorn"
"biodeg-bin",8,5,antihorn,1,"{""AntiHorn"": 23}","antihorn","StructuralAntiHorn"
"biodeg-bin",8,5,square2cnf,1,"{""Square2Cnf"": 23}","two_sat","TwoSat"
"biodeg-bin",8,5,affine,1,"{""Affine"": 23}","affine_gf2","Gf2Gaussian"
"biodeg-bin",8,5,smart_certified,5,"{""Affine"": 2, ""Horn"": 2, ""Unary"": 16}","uncommitted|horn|affine_gf2","Gf2Gaussian|StructuralHorn"
"biodeg-bin",8,5,cals,5,"{""Square2Cnf"": 5}","two_sat","TwoSat"
"biodeg-bin",8,5,cals_compact_explain,5,"{""Square2Cnf"": 2, ""Unary"": 3}","two_sat","TwoSat"
"biodeg-bin",8,7,unary,1,"{""Unary"": 44}","uncommitted","StructuralHorn"
"biodeg-bin",8,7,horn,1,"{""Horn"": 51}","horn","StructuralHorn"
"biodeg-bin",8,7,antihorn,1,"{""AntiHorn"": 49}","antihorn","StructuralAntiHorn"
"biodeg-bin",8,7,square2cnf,1,"{""Square2Cnf"": 44}","two_sat","TwoSat"
"biodeg-bin",8,7,affine,1,"{""Affine"": 42}","affine_gf2","Gf2Gaussian"
"biodeg-bin",8,7,smart_certified,5,"{""Affine"": 2, ""AntiHorn"": 1, ""Horn"": 4, ""Unary"": 38}","uncommitted|horn|antihorn|affine_gf2","Gf2Gaussian|StructuralAntiHorn|StructuralHorn"
"biodeg-bin",8,7,cals,5,"{""Square2Cnf"": 10}","two_sat","TwoSat"
"biodeg-bin",8,7,cals_compact_explain,5,"{""Square2Cnf"": 8, ""Unary"": 4}","two_sat","TwoSat"
"biodeg-bin",9,5,unary,1,"{""Unary"": 22}","uncommitted","StructuralHorn"
"biodeg-bin",9,5,horn,1,"{""Horn"": 24}","horn","StructuralHorn"
"biodeg-bin",9,5,antihorn,1,"{""AntiHorn"": 22}","antihorn","StructuralAntiHorn"
"biodeg-bin",9,5,square2cnf,1,"{""Square2Cnf"": 23}","two_sat","TwoSat"
"biodeg-bin",9,5,affine,1,"{""Affine"": 19}","affine_gf2","Gf2Gaussian"
"biodeg-bin",9,5,smart_certified,5,"{""Horn"": 3, ""Unary"": 19}","uncommitted|horn","StructuralHorn"
"biodeg-bin",9,5,cals,5,"{""Square2Cnf"": 9}","two_sat","TwoSat"
"biodeg-bin",9,5,cals_compact_explain,5,"{""Square2Cnf"": 5}","two_sat","TwoSat"
"biodeg-bin",9,7,unary,1,"{""Unary"": 47}","uncommitted","StructuralHorn"
"biodeg-bin",9,7,horn,1,"{""Horn"": 50}","horn","StructuralHorn"
"biodeg-bin",9,7,antihorn,1,"{""AntiHorn"": 39}","antihorn","StructuralAntiHorn"
"biodeg-bin",9,7,square2cnf,1,"{""Square2Cnf"": 41}","two_sat","TwoSat"
"biodeg-bin",9,7,affine,1,"{""Affine"": 41}","affine_gf2","Gf2Gaussian"
"biodeg-bin",9,7,smart_certified,5,"{""Affine"": 1, ""Horn"": 6, ""Unary"": 37}","uncommitted|horn|affine_gf2","Gf2Gaussian|StructuralHorn"
"biodeg-bin",9,7,cals,5,"{""Square2Cnf"": 14, ""Unary"": 1}","two_sat","TwoSat"
"biodeg-bin",9,7,cals_compact_explain,5,"{""Square2Cnf"": 5}","two_sat","TwoSat"
"breast-cancer-un",0,5,unary,1,"{""Unary"": 12}","uncommitted","StructuralHorn"
"breast-cancer-un",0,5,horn,1,"{""Horn"": 8}","horn","StructuralHorn"
"breast-cancer-un",0,5,antihorn,1,"{""AntiHorn"": 13}","antihorn","StructuralAntiHorn"
"breast-cancer-un",0,5,square2cnf,1,"{""Square2Cnf"": 9}","two_sat","TwoSat"
"breast-cancer-un",0,5,affine,1,"{""Affine"": 15}","affine_gf2","Gf2Gaussian"
"breast-cancer-un",0,5,smart_certified,5,"{""Affine"": 1, ""AntiHorn"": 2, ""Unary"": 9}","uncommitted|antihorn|affine_gf2","Gf2Gaussian|StructuralAntiHorn|StructuralHorn"
"breast-cancer-un",0,5,cals,5,"{""Square2Cnf"": 2}","two_sat","TwoSat"
"breast-cancer-un",0,5,cals_compact_explain,5,"{""Square2Cnf"": 2}","two_sat","TwoSat"
"breast-cancer-un",0,7,unary,1,"{""Unary"": 17}","uncommitted","StructuralHorn"
"breast-cancer-un",0,7,horn,1,"{""Horn"": 12}","horn","StructuralHorn"
"breast-cancer-un",0,7,antihorn,1,"{""AntiHorn"": 18}","antihorn","StructuralAntiHorn"
"breast-cancer-un",0,7,square2cnf,1,"{""Square2Cnf"": 12}","two_sat","TwoSat"
"breast-cancer-un",0,7,affine,1,"{""Affine"": 21}","affine_gf2","Gf2Gaussian"
"breast-cancer-un",0,7,smart_certified,5,"{""Affine"": 2, ""AntiHorn"": 2, ""Unary"": 12}","uncommitted|antihorn|affine_gf2","Gf2Gaussian|StructuralAntiHorn|StructuralHorn"
"breast-cancer-un",0,7,cals,5,"{""Square2Cnf"": 2}","two_sat","TwoSat"
"breast-cancer-un",0,7,cals_compact_explain,5,"{""Square2Cnf"": 2}","two_sat","TwoSat"
"breast-cancer-un",1,5,unary,1,"{""Unary"": 13}","uncommitted","StructuralHorn"
"breast-cancer-un",1,5,horn,1,"{""Horn"": 10}","horn","StructuralHorn"
"breast-cancer-un",1,5,antihorn,1,"{""AntiHorn"": 13}","antihorn","StructuralAntiHorn"
"breast-cancer-un",1,5,square2cnf,1,"{""Square2Cnf"": 8}","two_sat","TwoSat"
"breast-cancer-un",1,5,affine,1,"{""Affine"": 13}","affine_gf2","Gf2Gaussian"
"breast-cancer-un",1,5,smart_certified,5,"{""AntiHorn"": 4, ""Unary"": 9}","antihorn","StructuralAntiHorn"
"breast-cancer-un",1,5,cals,5,"{""Square2Cnf"": 2}","two_sat","TwoSat"
"breast-cancer-un",1,5,cals_compact_explain,5,"{""Square2Cnf"": 1}","two_sat","TwoSat"
"breast-cancer-un",1,7,unary,1,"{""Unary"": 19}","uncommitted","StructuralHorn"
"breast-cancer-un",1,7,horn,1,"{""Horn"": 15}","horn","StructuralHorn"
"breast-cancer-un",1,7,antihorn,1,"{""AntiHorn"": 15}","antihorn","StructuralAntiHorn"
"breast-cancer-un",1,7,square2cnf,1,"{""Square2Cnf"": 10}","two_sat","TwoSat"
"breast-cancer-un",1,7,affine,1,"{""Affine"": 18}","affine_gf2","Gf2Gaussian"
"breast-cancer-un",1,7,smart_certified,5,"{""AntiHorn"": 4, ""Unary"": 12}","antihorn","StructuralAntiHorn"
"breast-cancer-un",1,7,cals,5,"{""Square2Cnf"": 2}","two_sat","TwoSat"
"breast-cancer-un",1,7,cals_compact_explain,5,"{""Square2Cnf"": 1}","two_sat","TwoSat"
"breast-cancer-un",2,5,unary,1,"{""Unary"": 14}","uncommitted","StructuralHorn"
"breast-cancer-un",2,5,horn,1,"{""Horn"": 11}","horn","StructuralHorn"
"breast-cancer-un",2,5,antihorn,1,"{""AntiHorn"": 10}","antihorn","StructuralAntiHorn"
"breast-cancer-un",2,5,square2cnf,1,"{""Square2Cnf"": 8}","two_sat","TwoSat"
"breast-cancer-un",2,5,affine,1,"{""Affine"": 14}","affine_gf2","Gf2Gaussian"
"breast-cancer-un",2,5,smart_certified,5,"{""AntiHorn"": 1, ""Unary"": 11}","antihorn","StructuralAntiHorn"
"breast-cancer-un",2,5,cals,5,"{""Square2Cnf"": 3}","two_sat","TwoSat"
"breast-cancer-un",2,5,cals_compact_explain,5,"{""Square2Cnf"": 1}","two_sat","TwoSat"
"breast-cancer-un",2,7,unary,1,"{""Unary"": 22}","uncommitted","StructuralHorn"
"breast-cancer-un",2,7,horn,1,"{""Horn"": 16}","horn","StructuralHorn"
"breast-cancer-un",2,7,antihorn,1,"{""AntiHorn"": 12}","antihorn","StructuralAntiHorn"
"breast-cancer-un",2,7,square2cnf,1,"{""Square2Cnf"": 11}","two_sat","TwoSat"
"breast-cancer-un",2,7,affine,1,"{""Affine"": 19}","affine_gf2","Gf2Gaussian"
"breast-cancer-un",2,7,smart_certified,5,"{""AntiHorn"": 2, ""Unary"": 14}","antihorn","StructuralAntiHorn"
"breast-cancer-un",2,7,cals,5,"{""Square2Cnf"": 3}","two_sat","TwoSat"
"breast-cancer-un",2,7,cals_compact_explain,5,"{""Square2Cnf"": 1}","two_sat","TwoSat"
"breast-cancer-un",3,5,unary,1,"{""Unary"": 16}","uncommitted","StructuralHorn"
"breast-cancer-un",3,5,horn,1,"{""Horn"": 10}","horn","StructuralHorn"
"breast-cancer-un",3,5,antihorn,1,"{""AntiHorn"": 15}","antihorn","StructuralAntiHorn"
"breast-cancer-un",3,5,square2cnf,1,"{""Square2Cnf"": 8}","two_sat","TwoSat"
"breast-cancer-un",3,5,affine,1,"{""Affine"": 13}","affine_gf2","Gf2Gaussian"
"breast-cancer-un",3,5,smart_certified,5,"{""AntiHorn"": 4, ""Unary"": 12}","antihorn","StructuralAntiHorn"
"breast-cancer-un",3,5,cals,5,"{""Square2Cnf"": 1}","two_sat","TwoSat"
"breast-cancer-un",3,5,cals_compact_explain,5,"{""Square2Cnf"": 2}","two_sat","TwoSat"
"breast-cancer-un",3,7,unary,1,"{""Unary"": 23}","uncommitted","StructuralHorn"
"breast-cancer-un",3,7,horn,1,"{""Horn"": 18}","horn","StructuralHorn"
"breast-cancer-un",3,7,antihorn,1,"{""AntiHorn"": 20}","antihorn","StructuralAntiHorn"
"breast-cancer-un",3,7,square2cnf,1,"{""Square2Cnf"": 11}","two_sat","TwoSat"
"breast-cancer-un",3,7,affine,1,"{""Affine"": 17}","affine_gf2","Gf2Gaussian"
"breast-cancer-un",3,7,smart_certified,5,"{""AntiHorn"": 4, ""Unary"": 17}","antihorn","StructuralAntiHorn"
"breast-cancer-un",3,7,cals,5,"{""Square2Cnf"": 1}","two_sat","TwoSat"
"breast-cancer-un",3,7,cals_compact_explain,5,"{""Square2Cnf"": 2}","two_sat","TwoSat"
"breast-cancer-un",4,5,unary,1,"{""Unary"": 16}","uncommitted","StructuralHorn"
"breast-cancer-un",4,5,horn,1,"{""Horn"": 11}","horn","StructuralHorn"
"breast-cancer-un",4,5,antihorn,1,"{""AntiHorn"": 15}","antihorn","StructuralAntiHorn"
"breast-cancer-un",4,5,square2cnf,1,"{""Square2Cnf"": 12}","two_sat","TwoSat"
"breast-cancer-un",4,5,affine,1,"{""Affine"": 16}","affine_gf2","Gf2Gaussian"
"breast-cancer-un",4,5,smart_certified,5,"{""AntiHorn"": 4, ""Unary"": 9}","antihorn","StructuralAntiHorn"
"breast-cancer-un",4,5,cals,5,"{""Square2Cnf"": 2}","two_sat","TwoSat"
"breast-cancer-un",4,5,cals_compact_explain,5,"{""Square2Cnf"": 1}","two_sat","TwoSat"
"breast-cancer-un",4,7,unary,1,"{""Unary"": 25}","uncommitted","StructuralHorn"
"breast-cancer-un",4,7,horn,1,"{""Horn"": 15}","horn","StructuralHorn"
"breast-cancer-un",4,7,antihorn,1,"{""AntiHorn"": 17}","antihorn","StructuralAntiHorn"
"breast-cancer-un",4,7,square2cnf,1,"{""Square2Cnf"": 13}","two_sat","TwoSat"
"breast-cancer-un",4,7,affine,1,"{""Affine"": 20}","affine_gf2","Gf2Gaussian"
"breast-cancer-un",4,7,smart_certified,5,"{""AntiHorn"": 5, ""Unary"": 14}","antihorn","StructuralAntiHorn"
"breast-cancer-un",4,7,cals,5,"{""Square2Cnf"": 2}","two_sat","TwoSat"
"breast-cancer-un",4,7,cals_compact_explain,5,"{""Square2Cnf"": 1}","two_sat","TwoSat"
"breast-cancer-un",5,5,unary,1,"{""Unary"": 15}","uncommitted","StructuralHorn"
"breast-cancer-un",5,5,horn,1,"{""Horn"": 9}","horn","StructuralHorn"
"breast-cancer-un",5,5,antihorn,1,"{""AntiHorn"": 17}","antihorn","StructuralAntiHorn"
"breast-cancer-un",5,5,square2cnf,1,"{""Square2Cnf"": 11}","two_sat","TwoSat"
"breast-cancer-un",5,5,affine,1,"{""Affine"": 14}","affine_gf2","Gf2Gaussian"
"breast-cancer-un",5,5,smart_certified,5,"{""AntiHorn"": 2, ""Unary"": 11}","antihorn","StructuralAntiHorn"
"breast-cancer-un",5,5,cals,5,"{""Square2Cnf"": 1}","two_sat","TwoSat"
"breast-cancer-un",5,5,cals_compact_explain,5,"{""Square2Cnf"": 2}","two_sat","TwoSat"
"breast-cancer-un",5,7,unary,1,"{""Unary"": 22}","uncommitted","StructuralHorn"
"breast-cancer-un",5,7,horn,1,"{""Horn"": 15}","horn","StructuralHorn"
"breast-cancer-un",5,7,antihorn,1,"{""AntiHorn"": 19}","antihorn","StructuralAntiHorn"
"breast-cancer-un",5,7,square2cnf,1,"{""Square2Cnf"": 13}","two_sat","TwoSat"
"breast-cancer-un",5,7,affine,1,"{""Affine"": 23}","affine_gf2","Gf2Gaussian"
"breast-cancer-un",5,7,smart_certified,5,"{""AntiHorn"": 3, ""Unary"": 14}","antihorn","StructuralAntiHorn"
"breast-cancer-un",5,7,cals,5,"{""Square2Cnf"": 1}","two_sat","TwoSat"
"breast-cancer-un",5,7,cals_compact_explain,5,"{""Square2Cnf"": 2}","two_sat","TwoSat"
"breast-cancer-un",6,5,unary,1,"{""Unary"": 16}","uncommitted","StructuralHorn"
"breast-cancer-un",6,5,horn,1,"{""Horn"": 9}","horn","StructuralHorn"
"breast-cancer-un",6,5,antihorn,1,"{""AntiHorn"": 17}","antihorn","StructuralAntiHorn"
"breast-cancer-un",6,5,square2cnf,1,"{""Square2Cnf"": 12}","two_sat","TwoSat"
"breast-cancer-un",6,5,affine,1,"{""Affine"": 13}","affine_gf2","Gf2Gaussian"
"breast-cancer-un",6,5,smart_certified,5,"{""AntiHorn"": 4, ""Unary"": 11}","antihorn","StructuralAntiHorn"
"breast-cancer-un",6,5,cals,5,"{""Square2Cnf"": 5}","two_sat","TwoSat"
"breast-cancer-un",6,5,cals_compact_explain,5,"{""Square2Cnf"": 2}","two_sat","TwoSat"
"breast-cancer-un",6,7,unary,1,"{""Unary"": 24}","uncommitted","StructuralHorn"
"breast-cancer-un",6,7,horn,1,"{""Horn"": 15}","horn","StructuralHorn"
"breast-cancer-un",6,7,antihorn,1,"{""AntiHorn"": 19}","antihorn","StructuralAntiHorn"
"breast-cancer-un",6,7,square2cnf,1,"{""Square2Cnf"": 12}","two_sat","TwoSat"
"breast-cancer-un",6,7,affine,1,"{""Affine"": 18}","affine_gf2","Gf2Gaussian"
"breast-cancer-un",6,7,smart_certified,5,"{""AntiHorn"": 5, ""Unary"": 14}","antihorn","StructuralAntiHorn"
"breast-cancer-un",6,7,cals,5,"{""Square2Cnf"": 5}","two_sat","TwoSat"
"breast-cancer-un",6,7,cals_compact_explain,5,"{""Square2Cnf"": 2}","two_sat","TwoSat"
"breast-cancer-un",7,5,unary,1,"{""Unary"": 16}","uncommitted","StructuralHorn"
"breast-cancer-un",7,5,horn,1,"{""Horn"": 9}","horn","StructuralHorn"
"breast-cancer-un",7,5,antihorn,1,"{""AntiHorn"": 14}","antihorn","StructuralAntiHorn"
"breast-cancer-un",7,5,square2cnf,1,"{""Square2Cnf"": 8}","two_sat","TwoSat"
"breast-cancer-un",7,5,affine,1,"{""Affine"": 13}","affine_gf2","Gf2Gaussian"
"breast-cancer-un",7,5,smart_certified,5,"{""AntiHorn"": 3, ""Unary"": 11}","antihorn","StructuralAntiHorn"
"breast-cancer-un",7,5,cals,5,"{""Square2Cnf"": 5}","two_sat","TwoSat"
"breast-cancer-un",7,5,cals_compact_explain,5,"{""Square2Cnf"": 2}","two_sat","TwoSat"
"breast-cancer-un",7,7,unary,1,"{""Unary"": 25}","uncommitted","StructuralHorn"
"breast-cancer-un",7,7,horn,1,"{""Horn"": 13}","horn","StructuralHorn"
"breast-cancer-un",7,7,antihorn,1,"{""AntiHorn"": 18}","antihorn","StructuralAntiHorn"
"breast-cancer-un",7,7,square2cnf,1,"{""Square2Cnf"": 10}","two_sat","TwoSat"
"breast-cancer-un",7,7,affine,1,"{""Affine"": 16}","affine_gf2","Gf2Gaussian"
"breast-cancer-un",7,7,smart_certified,5,"{""AntiHorn"": 3, ""Unary"": 16}","antihorn","StructuralAntiHorn"
"breast-cancer-un",7,7,cals,5,"{""Square2Cnf"": 5}","two_sat","TwoSat"
"breast-cancer-un",7,7,cals_compact_explain,5,"{""Square2Cnf"": 2}","two_sat","TwoSat"
"breast-cancer-un",8,5,unary,1,"{""Unary"": 14}","uncommitted","StructuralHorn"
"breast-cancer-un",8,5,horn,1,"{""Horn"": 8}","horn","StructuralHorn"
"breast-cancer-un",8,5,antihorn,1,"{""AntiHorn"": 14}","antihorn","StructuralAntiHorn"
"breast-cancer-un",8,5,square2cnf,1,"{""Square2Cnf"": 8}","two_sat","TwoSat"
"breast-cancer-un",8,5,affine,1,"{""Affine"": 13}","affine_gf2","Gf2Gaussian"
"breast-cancer-un",8,5,smart_certified,5,"{""Affine"": 2, ""Unary"": 11}","uncommitted|affine_gf2","Gf2Gaussian|StructuralHorn"
"breast-cancer-un",8,5,cals,5,"{""Square2Cnf"": 1}","two_sat","TwoSat"
"breast-cancer-un",8,5,cals_compact_explain,5,"{""Square2Cnf"": 2}","two_sat","TwoSat"
"breast-cancer-un",8,7,unary,1,"{""Unary"": 18}","uncommitted","StructuralHorn"
"breast-cancer-un",8,7,horn,1,"{""Horn"": 10}","horn","StructuralHorn"
"breast-cancer-un",8,7,antihorn,1,"{""AntiHorn"": 16}","antihorn","StructuralAntiHorn"
"breast-cancer-un",8,7,square2cnf,1,"{""Square2Cnf"": 10}","two_sat","TwoSat"
"breast-cancer-un",8,7,affine,1,"{""Affine"": 17}","affine_gf2","Gf2Gaussian"
"breast-cancer-un",8,7,smart_certified,5,"{""Affine"": 2, ""Unary"": 13}","uncommitted|affine_gf2","Gf2Gaussian|StructuralHorn"
"breast-cancer-un",8,7,cals,5,"{""Square2Cnf"": 1}","two_sat","TwoSat"
"breast-cancer-un",8,7,cals_compact_explain,5,"{""Square2Cnf"": 2}","two_sat","TwoSat"
"breast-cancer-un",9,5,unary,1,"{""Unary"": 12}","uncommitted","StructuralHorn"
"breast-cancer-un",9,5,horn,1,"{""Horn"": 9}","horn","StructuralHorn"
"breast-cancer-un",9,5,antihorn,1,"{""AntiHorn"": 13}","antihorn","StructuralAntiHorn"
"breast-cancer-un",9,5,square2cnf,1,"{""Square2Cnf"": 12}","two_sat","TwoSat"
"breast-cancer-un",9,5,affine,1,"{""Affine"": 10}","affine_gf2","Gf2Gaussian"
"breast-cancer-un",9,5,smart_certified,5,"{""Affine"": 2, ""AntiHorn"": 1, ""Unary"": 8}","uncommitted|antihorn|affine_gf2","Gf2Gaussian|StructuralAntiHorn|StructuralHorn"
"breast-cancer-un",9,5,cals,5,"{""Square2Cnf"": 2}","two_sat","TwoSat"
"breast-cancer-un",9,5,cals_compact_explain,5,"{""Square2Cnf"": 2}","two_sat","TwoSat"
"breast-cancer-un",9,7,unary,1,"{""Unary"": 17}","uncommitted","StructuralHorn"
"breast-cancer-un",9,7,horn,1,"{""Horn"": 15}","horn","StructuralHorn"
"breast-cancer-un",9,7,antihorn,1,"{""AntiHorn"": 15}","antihorn","StructuralAntiHorn"
"breast-cancer-un",9,7,square2cnf,1,"{""Square2Cnf"": 15}","two_sat","TwoSat"
"breast-cancer-un",9,7,affine,1,"{""Affine"": 14}","affine_gf2","Gf2Gaussian"
"breast-cancer-un",9,7,smart_certified,5,"{""Affine"": 3, ""AntiHorn"": 1, ""Unary"": 12}","uncommitted|antihorn|affine_gf2","Gf2Gaussian|StructuralAntiHorn|StructuralHorn"
"breast-cancer-un",9,7,cals,5,"{""Square2Cnf"": 2}","two_sat","TwoSat"
"breast-cancer-un",9,7,cals_compact_explain,5,"{""Square2Cnf"": 2}","two_sat","TwoSat"
"breast-wisconsin",0,5,unary,1,"{""Unary"": 15}","uncommitted","StructuralHorn"
"breast-wisconsin",0,5,horn,1,"{""Horn"": 13}","horn","StructuralHorn"
"breast-wisconsin",0,5,antihorn,1,"{""AntiHorn"": 13}","antihorn","StructuralAntiHorn"
"breast-wisconsin",0,5,square2cnf,1,"{""Square2Cnf"": 14}","two_sat","TwoSat"
"breast-wisconsin",0,5,affine,1,"{""Affine"": 14}","affine_gf2","Gf2Gaussian"
"breast-wisconsin",0,5,smart_certified,5,"{""Horn"": 6, ""Unary"": 7}","uncommitted|horn","StructuralHorn"
"breast-wisconsin",0,5,cals,5,"{""Square2Cnf"": 3, ""Unary"": 2}","two_sat","TwoSat"
"breast-wisconsin",0,5,cals_compact_explain,5,"{""Square2Cnf"": 2, ""Unary"": 2}","two_sat","TwoSat"
"breast-wisconsin",0,7,unary,1,"{""Unary"": 20}","uncommitted","StructuralHorn"
"breast-wisconsin",0,7,horn,1,"{""Horn"": 16}","horn","StructuralHorn"
"breast-wisconsin",0,7,antihorn,1,"{""AntiHorn"": 16}","antihorn","StructuralAntiHorn"
"breast-wisconsin",0,7,square2cnf,1,"{""Square2Cnf"": 17}","two_sat","TwoSat"
"breast-wisconsin",0,7,affine,1,"{""Affine"": 18}","affine_gf2","Gf2Gaussian"
"breast-wisconsin",0,7,smart_certified,5,"{""Horn"": 6, ""Unary"": 10}","uncommitted|horn","StructuralHorn"
"breast-wisconsin",0,7,cals,5,"{""Square2Cnf"": 3, ""Unary"": 2}","two_sat","TwoSat"
"breast-wisconsin",0,7,cals_compact_explain,5,"{""Square2Cnf"": 2, ""Unary"": 2}","two_sat","TwoSat"
"breast-wisconsin",1,5,unary,1,"{""Unary"": 15}","uncommitted","StructuralHorn"
"breast-wisconsin",1,5,horn,1,"{""Horn"": 12}","horn","StructuralHorn"
"breast-wisconsin",1,5,antihorn,1,"{""AntiHorn"": 12}","antihorn","StructuralAntiHorn"
"breast-wisconsin",1,5,square2cnf,1,"{""Square2Cnf"": 12}","two_sat","TwoSat"
"breast-wisconsin",1,5,affine,1,"{""Affine"": 14}","affine_gf2","Gf2Gaussian"
"breast-wisconsin",1,5,smart_certified,5,"{""Horn"": 4, ""Unary"": 10}","uncommitted|horn","StructuralHorn"
"breast-wisconsin",1,5,cals,5,"{""Horn"": 2}","horn","StructuralHorn"
"breast-wisconsin",1,5,cals_compact_explain,5,"{""Horn"": 1}","horn","StructuralHorn"
"breast-wisconsin",1,7,unary,1,"{""Unary"": 20}","uncommitted","StructuralHorn"
"breast-wisconsin",1,7,horn,1,"{""Horn"": 14}","horn","StructuralHorn"
"breast-wisconsin",1,7,antihorn,1,"{""AntiHorn"": 14}","antihorn","StructuralAntiHorn"
"breast-wisconsin",1,7,square2cnf,1,"{""Square2Cnf"": 14}","two_sat","TwoSat"
"breast-wisconsin",1,7,affine,1,"{""Affine"": 18}","affine_gf2","Gf2Gaussian"
"breast-wisconsin",1,7,smart_certified,5,"{""Horn"": 4, ""Unary"": 14}","uncommitted|horn","StructuralHorn"
"breast-wisconsin",1,7,cals,5,"{""Horn"": 2}","horn","StructuralHorn"
"breast-wisconsin",1,7,cals_compact_explain,5,"{""Horn"": 1}","horn","StructuralHorn"
"breast-wisconsin",2,5,unary,1,"{""Unary"": 15}","uncommitted","StructuralHorn"
"breast-wisconsin",2,5,horn,1,"{""Horn"": 13}","horn","StructuralHorn"
"breast-wisconsin",2,5,antihorn,1,"{""AntiHorn"": 13}","antihorn","StructuralAntiHorn"
"breast-wisconsin",2,5,square2cnf,1,"{""Square2Cnf"": 13}","two_sat","TwoSat"
"breast-wisconsin",2,5,affine,1,"{""Affine"": 13}","affine_gf2","Gf2Gaussian"
"breast-wisconsin",2,5,smart_certified,5,"{""Horn"": 2, ""Unary"": 12}","uncommitted|horn","StructuralHorn"
"breast-wisconsin",2,5,cals,5,"{""Square2Cnf"": 2}","two_sat","TwoSat"
"breast-wisconsin",2,5,cals_compact_explain,5,"{""Square2Cnf"": 1}","two_sat","TwoSat"
"breast-wisconsin",2,7,unary,1,"{""Unary"": 21}","uncommitted","StructuralHorn"
"breast-wisconsin",2,7,horn,1,"{""Horn"": 17}","horn","StructuralHorn"
"breast-wisconsin",2,7,antihorn,1,"{""AntiHorn"": 17}","antihorn","StructuralAntiHorn"
"breast-wisconsin",2,7,square2cnf,1,"{""Square2Cnf"": 17}","two_sat","TwoSat"
"breast-wisconsin",2,7,affine,1,"{""Affine"": 19}","affine_gf2","Gf2Gaussian"
"breast-wisconsin",2,7,smart_certified,5,"{""Affine"": 1, ""Horn"": 2, ""Unary"": 16}","uncommitted|horn|affine_gf2","Gf2Gaussian|StructuralHorn"
"breast-wisconsin",2,7,cals,5,"{""Square2Cnf"": 2}","two_sat","TwoSat"
"breast-wisconsin",2,7,cals_compact_explain,5,"{""Square2Cnf"": 1}","two_sat","TwoSat"
"breast-wisconsin",3,5,unary,1,"{""Unary"": 14}","uncommitted","StructuralHorn"
"breast-wisconsin",3,5,horn,1,"{""Horn"": 12}","horn","StructuralHorn"
"breast-wisconsin",3,5,antihorn,1,"{""AntiHorn"": 12}","antihorn","StructuralAntiHorn"
"breast-wisconsin",3,5,square2cnf,1,"{""Square2Cnf"": 12}","two_sat","TwoSat"
"breast-wisconsin",3,5,affine,1,"{""Affine"": 16}","affine_gf2","Gf2Gaussian"
"breast-wisconsin",3,5,smart_certified,5,"{""Horn"": 2, ""Unary"": 11}","uncommitted|horn","StructuralHorn"
"breast-wisconsin",3,5,cals,5,"{""Square2Cnf"": 2, ""Unary"": 1}","two_sat","TwoSat"
"breast-wisconsin",3,5,cals_compact_explain,5,"{""Square2Cnf"": 5}","two_sat","TwoSat"
"breast-wisconsin",3,7,unary,1,"{""Unary"": 17}","uncommitted","StructuralHorn"
"breast-wisconsin",3,7,horn,1,"{""Horn"": 17}","horn","StructuralHorn"
"breast-wisconsin",3,7,antihorn,1,"{""AntiHorn"": 17}","antihorn","StructuralAntiHorn"
"breast-wisconsin",3,7,square2cnf,1,"{""Square2Cnf"": 17}","two_sat","TwoSat"
"breast-wisconsin",3,7,affine,1,"{""Affine"": 21}","affine_gf2","Gf2Gaussian"
"breast-wisconsin",3,7,smart_certified,5,"{""Affine"": 2, ""Horn"": 2, ""Unary"": 11}","uncommitted|horn|affine_gf2","Gf2Gaussian|StructuralHorn"
"breast-wisconsin",3,7,cals,5,"{""Square2Cnf"": 2, ""Unary"": 1}","two_sat","TwoSat"
"breast-wisconsin",3,7,cals_compact_explain,5,"{""Square2Cnf"": 7}","two_sat","TwoSat"
"breast-wisconsin",4,5,unary,1,"{""Unary"": 15}","uncommitted","StructuralHorn"
"breast-wisconsin",4,5,horn,1,"{""Horn"": 14}","horn","StructuralHorn"
"breast-wisconsin",4,5,antihorn,1,"{""AntiHorn"": 14}","antihorn","StructuralAntiHorn"
"breast-wisconsin",4,5,square2cnf,1,"{""Square2Cnf"": 14}","two_sat","TwoSat"
"breast-wisconsin",4,5,affine,1,"{""Affine"": 17}","affine_gf2","Gf2Gaussian"
"breast-wisconsin",4,5,smart_certified,5,"{""Horn"": 3, ""Unary"": 11}","uncommitted|horn","StructuralHorn"
"breast-wisconsin",4,5,cals,5,"{""Square2Cnf"": 4, ""Unary"": 1}","two_sat","TwoSat"
"breast-wisconsin",4,5,cals_compact_explain,5,"{""Square2Cnf"": 3}","two_sat","TwoSat"
"breast-wisconsin",4,7,unary,1,"{""Unary"": 21}","uncommitted","StructuralHorn"
"breast-wisconsin",4,7,horn,1,"{""Horn"": 17}","horn","StructuralHorn"
"breast-wisconsin",4,7,antihorn,1,"{""AntiHorn"": 17}","antihorn","StructuralAntiHorn"
"breast-wisconsin",4,7,square2cnf,1,"{""Square2Cnf"": 17}","two_sat","TwoSat"
"breast-wisconsin",4,7,affine,1,"{""Affine"": 21}","affine_gf2","Gf2Gaussian"
"breast-wisconsin",4,7,smart_certified,5,"{""Horn"": 6, ""Unary"": 12}","uncommitted|horn","StructuralHorn"
"breast-wisconsin",4,7,cals,5,"{""Square2Cnf"": 4, ""Unary"": 1}","two_sat","TwoSat"
"breast-wisconsin",4,7,cals_compact_explain,5,"{""Square2Cnf"": 3}","two_sat","TwoSat"
"breast-wisconsin",5,5,unary,1,"{""Unary"": 12}","uncommitted","StructuralHorn"
"breast-wisconsin",5,5,horn,1,"{""Horn"": 10}","horn","StructuralHorn"
"breast-wisconsin",5,5,antihorn,1,"{""AntiHorn"": 10}","antihorn","StructuralAntiHorn"
"breast-wisconsin",5,5,square2cnf,1,"{""Square2Cnf"": 10}","two_sat","TwoSat"
"breast-wisconsin",5,5,affine,1,"{""Affine"": 11}","affine_gf2","Gf2Gaussian"
"breast-wisconsin",5,5,smart_certified,5,"{""Horn"": 2, ""Unary"": 10}","uncommitted|horn","StructuralHorn"
"breast-wisconsin",5,5,cals,5,"{""Square2Cnf"": 4}","two_sat","TwoSat"
"breast-wisconsin",5,5,cals_compact_explain,5,"{""Square2Cnf"": 2, ""Unary"": 1}","two_sat","TwoSat"
"breast-wisconsin",5,7,unary,1,"{""Unary"": 16}","uncommitted","StructuralHorn"
"breast-wisconsin",5,7,horn,1,"{""Horn"": 11}","horn","StructuralHorn"
"breast-wisconsin",5,7,antihorn,1,"{""AntiHorn"": 11}","antihorn","StructuralAntiHorn"
"breast-wisconsin",5,7,square2cnf,1,"{""Square2Cnf"": 11}","two_sat","TwoSat"
"breast-wisconsin",5,7,affine,1,"{""Affine"": 15}","affine_gf2","Gf2Gaussian"
"breast-wisconsin",5,7,smart_certified,5,"{""Affine"": 1, ""Horn"": 2, ""Unary"": 13}","uncommitted|horn|affine_gf2","Gf2Gaussian|StructuralHorn"
"breast-wisconsin",5,7,cals,5,"{""Square2Cnf"": 4}","two_sat","TwoSat"
"breast-wisconsin",5,7,cals_compact_explain,5,"{""Square2Cnf"": 2, ""Unary"": 1}","two_sat","TwoSat"
"breast-wisconsin",6,5,unary,1,"{""Unary"": 15}","uncommitted","StructuralHorn"
"breast-wisconsin",6,5,horn,1,"{""Horn"": 14}","horn","StructuralHorn"
"breast-wisconsin",6,5,antihorn,1,"{""AntiHorn"": 14}","antihorn","StructuralAntiHorn"
"breast-wisconsin",6,5,square2cnf,1,"{""Square2Cnf"": 14}","two_sat","TwoSat"
"breast-wisconsin",6,5,affine,1,"{""Affine"": 14}","affine_gf2","Gf2Gaussian"
"breast-wisconsin",6,5,smart_certified,5,"{""Horn"": 4, ""Unary"": 10}","uncommitted|horn","StructuralHorn"
"breast-wisconsin",6,5,cals,5,"{""Square2Cnf"": 2}","two_sat","TwoSat"
"breast-wisconsin",6,5,cals_compact_explain,5,"{""Square2Cnf"": 1}","two_sat","TwoSat"
"breast-wisconsin",6,7,unary,1,"{""Unary"": 19}","uncommitted","StructuralHorn"
"breast-wisconsin",6,7,horn,1,"{""Horn"": 16}","horn","StructuralHorn"
"breast-wisconsin",6,7,antihorn,1,"{""AntiHorn"": 16}","antihorn","StructuralAntiHorn"
"breast-wisconsin",6,7,square2cnf,1,"{""Square2Cnf"": 16}","two_sat","TwoSat"
"breast-wisconsin",6,7,affine,1,"{""Affine"": 18}","affine_gf2","Gf2Gaussian"
"breast-wisconsin",6,7,smart_certified,5,"{""Horn"": 5, ""Unary"": 11}","uncommitted|horn","StructuralHorn"
"breast-wisconsin",6,7,cals,5,"{""Square2Cnf"": 2}","two_sat","TwoSat"
"breast-wisconsin",6,7,cals_compact_explain,5,"{""Square2Cnf"": 1}","two_sat","TwoSat"
"breast-wisconsin",7,5,unary,1,"{""Unary"": 13}","uncommitted","StructuralHorn"
"breast-wisconsin",7,5,horn,1,"{""Horn"": 14}","horn","StructuralHorn"
"breast-wisconsin",7,5,antihorn,1,"{""AntiHorn"": 14}","antihorn","StructuralAntiHorn"
"breast-wisconsin",7,5,square2cnf,1,"{""Square2Cnf"": 14}","two_sat","TwoSat"
"breast-wisconsin",7,5,affine,1,"{""Affine"": 13}","affine_gf2","Gf2Gaussian"
"breast-wisconsin",7,5,smart_certified,5,"{""Affine"": 1, ""Horn"": 3, ""Unary"": 8}","uncommitted|horn|affine_gf2","Gf2Gaussian|StructuralHorn"
"breast-wisconsin",7,5,cals,5,"{""Square2Cnf"": 1}","two_sat","TwoSat"
"breast-wisconsin",7,5,cals_compact_explain,5,"{""Square2Cnf"": 2, ""Unary"": 1}","two_sat","TwoSat"
"breast-wisconsin",7,7,unary,1,"{""Unary"": 17}","uncommitted","StructuralHorn"
"breast-wisconsin",7,7,horn,1,"{""Horn"": 16}","horn","StructuralHorn"
"breast-wisconsin",7,7,antihorn,1,"{""AntiHorn"": 16}","antihorn","StructuralAntiHorn"
"breast-wisconsin",7,7,square2cnf,1,"{""Square2Cnf"": 16}","two_sat","TwoSat"
"breast-wisconsin",7,7,affine,1,"{""Affine"": 18}","affine_gf2","Gf2Gaussian"
"breast-wisconsin",7,7,smart_certified,5,"{""Affine"": 2, ""Horn"": 4, ""Unary"": 9}","uncommitted|horn|affine_gf2","Gf2Gaussian|StructuralHorn"
"breast-wisconsin",7,7,cals,5,"{""Square2Cnf"": 1}","two_sat","TwoSat"
"breast-wisconsin",7,7,cals_compact_explain,5,"{""Square2Cnf"": 2, ""Unary"": 1}","two_sat","TwoSat"
"breast-wisconsin",8,5,unary,1,"{""Unary"": 15}","uncommitted","StructuralHorn"
"breast-wisconsin",8,5,horn,1,"{""Horn"": 13}","horn","StructuralHorn"
"breast-wisconsin",8,5,antihorn,1,"{""AntiHorn"": 13}","antihorn","StructuralAntiHorn"
"breast-wisconsin",8,5,square2cnf,1,"{""Square2Cnf"": 13}","two_sat","TwoSat"
"breast-wisconsin",8,5,affine,1,"{""Affine"": 14}","affine_gf2","Gf2Gaussian"
"breast-wisconsin",8,5,smart_certified,5,"{""Affine"": 1, ""Horn"": 2, ""Unary"": 11}","uncommitted|horn|affine_gf2","Gf2Gaussian|StructuralHorn"
"breast-wisconsin",8,5,cals,5,"{""Square2Cnf"": 1}","two_sat","TwoSat"
"breast-wisconsin",8,5,cals_compact_explain,5,"{""Square2Cnf"": 4, ""Unary"": 1}","two_sat","TwoSat"
"breast-wisconsin",8,7,unary,1,"{""Unary"": 21}","uncommitted","StructuralHorn"
"breast-wisconsin",8,7,horn,1,"{""Horn"": 17}","horn","StructuralHorn"
"breast-wisconsin",8,7,antihorn,1,"{""AntiHorn"": 17}","antihorn","StructuralAntiHorn"
"breast-wisconsin",8,7,square2cnf,1,"{""Square2Cnf"": 17}","two_sat","TwoSat"
"breast-wisconsin",8,7,affine,1,"{""Affine"": 21}","affine_gf2","Gf2Gaussian"
"breast-wisconsin",8,7,smart_certified,5,"{""Affine"": 2, ""Horn"": 3, ""Unary"": 13}","uncommitted|horn|affine_gf2","Gf2Gaussian|StructuralHorn"
"breast-wisconsin",8,7,cals,5,"{""Square2Cnf"": 1}","two_sat","TwoSat"
"breast-wisconsin",8,7,cals_compact_explain,5,"{""Square2Cnf"": 4, ""Unary"": 1}","two_sat","TwoSat"
"breast-wisconsin",9,5,unary,1,"{""Unary"": 13}","uncommitted","StructuralHorn"
"breast-wisconsin",9,5,horn,1,"{""Horn"": 12}","horn","StructuralHorn"
"breast-wisconsin",9,5,antihorn,1,"{""AntiHorn"": 12}","antihorn","StructuralAntiHorn"
"breast-wisconsin",9,5,square2cnf,1,"{""Square2Cnf"": 12}","two_sat","TwoSat"
"breast-wisconsin",9,5,affine,1,"{""Affine"": 14}","affine_gf2","Gf2Gaussian"
"breast-wisconsin",9,5,smart_certified,5,"{""Horn"": 1, ""Unary"": 12}","uncommitted|horn","StructuralHorn"
"breast-wisconsin",9,5,cals,5,"{""Horn"": 3, ""Unary"": 2}","horn","StructuralHorn"
"breast-wisconsin",9,5,cals_compact_explain,5,"{""Horn"": 2, ""Unary"": 2}","horn","StructuralHorn"
"breast-wisconsin",9,7,unary,1,"{""Unary"": 15}","uncommitted","StructuralHorn"
"breast-wisconsin",9,7,horn,1,"{""Horn"": 14}","horn","StructuralHorn"
"breast-wisconsin",9,7,antihorn,1,"{""AntiHorn"": 14}","antihorn","StructuralAntiHorn"
"breast-wisconsin",9,7,square2cnf,1,"{""Square2Cnf"": 14}","two_sat","TwoSat"
"breast-wisconsin",9,7,affine,1,"{""Affine"": 18}","affine_gf2","Gf2Gaussian"
"breast-wisconsin",9,7,smart_certified,5,"{""Horn"": 2, ""Unary"": 13}","uncommitted|horn","StructuralHorn"
"breast-wisconsin",9,7,cals,5,"{""Horn"": 3, ""Unary"": 2}","horn","StructuralHorn"
"breast-wisconsin",9,7,cals_compact_explain,5,"{""Horn"": 2, ""Unary"": 2}","horn","StructuralHorn"
"car-un",0,5,unary,1,"{""Unary"": 8}","uncommitted","StructuralHorn"
"car-un",0,5,horn,1,"{""Horn"": 8}","horn","StructuralHorn"
"car-un",0,5,antihorn,1,"{""AntiHorn"": 12}","antihorn","StructuralAntiHorn"
"car-un",0,5,square2cnf,1,"{""Square2Cnf"": 12}","two_sat","TwoSat"
"car-un",0,5,affine,1,"{""Affine"": 9}","affine_gf2","Gf2Gaussian"
"car-un",0,5,smart_certified,5,"{""AntiHorn"": 6, ""Unary"": 6}","antihorn","StructuralAntiHorn"
"car-un",0,5,cals,5,"{""AntiHorn"": 6, ""Unary"": 1}","antihorn","StructuralAntiHorn"
"car-un",0,5,cals_compact_explain,5,"{""AntiHorn"": 6, ""Unary"": 1}","antihorn","StructuralAntiHorn"
"car-un",0,7,unary,1,"{""Unary"": 19}","uncommitted","StructuralHorn"
"car-un",0,7,horn,1,"{""Horn"": 17}","horn","StructuralHorn"
"car-un",0,7,antihorn,1,"{""AntiHorn"": 24}","antihorn","StructuralAntiHorn"
"car-un",0,7,square2cnf,1,"{""Square2Cnf"": 23}","two_sat","TwoSat"
"car-un",0,7,affine,1,"{""Affine"": 22}","affine_gf2","Gf2Gaussian"
"car-un",0,7,smart_certified,5,"{""AntiHorn"": 14, ""Unary"": 9}","antihorn","StructuralAntiHorn"
"car-un",0,7,cals,5,"{""AntiHorn"": 14, ""Unary"": 4}","antihorn","StructuralAntiHorn"
"car-un",0,7,cals_compact_explain,5,"{""AntiHorn"": 14, ""Unary"": 5}","antihorn","StructuralAntiHorn"
"car-un",1,5,unary,1,"{""Unary"": 8}","uncommitted","StructuralHorn"
"car-un",1,5,horn,1,"{""Horn"": 8}","horn","StructuralHorn"
"car-un",1,5,antihorn,1,"{""AntiHorn"": 11}","antihorn","StructuralAntiHorn"
"car-un",1,5,square2cnf,1,"{""Square2Cnf"": 12}","two_sat","TwoSat"
"car-un",1,5,affine,1,"{""Affine"": 9}","affine_gf2","Gf2Gaussian"
"car-un",1,5,smart_certified,5,"{""AntiHorn"": 6, ""Unary"": 4}","antihorn","StructuralAntiHorn"
"car-un",1,5,cals,5,"{""AntiHorn"": 5, ""Unary"": 1}","antihorn","StructuralAntiHorn"
"car-un",1,5,cals_compact_explain,5,"{""AntiHorn"": 8, ""Unary"": 1}","antihorn","StructuralAntiHorn"
"car-un",1,7,unary,1,"{""Unary"": 19}","uncommitted","StructuralHorn"
"car-un",1,7,horn,1,"{""Horn"": 15}","horn","StructuralHorn"
"car-un",1,7,antihorn,1,"{""AntiHorn"": 19}","antihorn","StructuralAntiHorn"
"car-un",1,7,square2cnf,1,"{""Square2Cnf"": 26}","two_sat","TwoSat"
"car-un",1,7,affine,1,"{""Affine"": 22}","affine_gf2","Gf2Gaussian"
"car-un",1,7,smart_certified,5,"{""AntiHorn"": 12, ""Unary"": 9}","antihorn","StructuralAntiHorn"
"car-un",1,7,cals,5,"{""AntiHorn"": 8, ""Unary"": 2}","antihorn","StructuralAntiHorn"
"car-un",1,7,cals_compact_explain,5,"{""AntiHorn"": 16, ""Unary"": 3}","antihorn","StructuralAntiHorn"
"car-un",2,5,unary,1,"{""Unary"": 8}","uncommitted","StructuralHorn"
"car-un",2,5,horn,1,"{""Horn"": 9}","horn","StructuralHorn"
"car-un",2,5,antihorn,1,"{""AntiHorn"": 14}","antihorn","StructuralAntiHorn"
"car-un",2,5,square2cnf,1,"{""Square2Cnf"": 13}","two_sat","TwoSat"
"car-un",2,5,affine,1,"{""Affine"": 9}","affine_gf2","Gf2Gaussian"
"car-un",2,5,smart_certified,5,"{""AntiHorn"": 5, ""Unary"": 6}","antihorn","StructuralAntiHorn"
"car-un",2,5,cals,5,"{""AntiHorn"": 7, ""Unary"": 1}","antihorn","StructuralAntiHorn"
"car-un",2,5,cals_compact_explain,5,"{""AntiHorn"": 7, ""Unary"": 1}","antihorn","StructuralAntiHorn"
"car-un",2,7,unary,1,"{""Unary"": 21}","uncommitted","StructuralHorn"
"car-un",2,7,horn,1,"{""Horn"": 16}","horn","StructuralHorn"
"car-un",2,7,antihorn,1,"{""AntiHorn"": 27}","antihorn","StructuralAntiHorn"
"car-un",2,7,square2cnf,1,"{""Square2Cnf"": 24}","two_sat","TwoSat"
"car-un",2,7,affine,1,"{""Affine"": 23}","affine_gf2","Gf2Gaussian"
"car-un",2,7,smart_certified,5,"{""AntiHorn"": 11, ""Unary"": 15}","antihorn","StructuralAntiHorn"
"car-un",2,7,cals,5,"{""AntiHorn"": 10, ""Unary"": 3}","antihorn","StructuralAntiHorn"
"car-un",2,7,cals_compact_explain,5,"{""AntiHorn"": 11, ""Unary"": 4}","antihorn","StructuralAntiHorn"
"car-un",3,5,unary,1,"{""Unary"": 8}","uncommitted","StructuralHorn"
"car-un",3,5,horn,1,"{""Horn"": 8}","horn","StructuralHorn"
"car-un",3,5,antihorn,1,"{""AntiHorn"": 11}","antihorn","StructuralAntiHorn"
"car-un",3,5,square2cnf,1,"{""Square2Cnf"": 10}","two_sat","TwoSat"
"car-un",3,5,affine,1,"{""Affine"": 11}","affine_gf2","Gf2Gaussian"
"car-un",3,5,smart_certified,5,"{""AntiHorn"": 7, ""Unary"": 4}","antihorn","StructuralAntiHorn"
"car-un",3,5,cals,5,"{""AntiHorn"": 9, ""Unary"": 1}","antihorn","StructuralAntiHorn"
"car-un",3,5,cals_compact_explain,5,"{""AntiHorn"": 10, ""Unary"": 1}","antihorn","StructuralAntiHorn"
"car-un",3,7,unary,1,"{""Unary"": 20}","uncommitted","StructuralHorn"
"car-un",3,7,horn,1,"{""Horn"": 18}","horn","StructuralHorn"
"car-un",3,7,antihorn,1,"{""AntiHorn"": 19}","antihorn","StructuralAntiHorn"
"car-un",3,7,square2cnf,1,"{""Square2Cnf"": 18}","two_sat","TwoSat"
"car-un",3,7,affine,1,"{""Affine"": 25}","affine_gf2","Gf2Gaussian"
"car-un",3,7,smart_certified,5,"{""AntiHorn"": 10, ""Unary"": 8}","antihorn","StructuralAntiHorn"
"car-un",3,7,cals,5,"{""AntiHorn"": 14, ""Unary"": 1}","antihorn","StructuralAntiHorn"
"car-un",3,7,cals_compact_explain,5,"{""AntiHorn"": 18, ""Unary"": 3}","antihorn","StructuralAntiHorn"
"car-un",4,5,unary,1,"{""Unary"": 8}","uncommitted","StructuralHorn"
"car-un",4,5,horn,1,"{""Horn"": 7}","horn","StructuralHorn"
"car-un",4,5,antihorn,1,"{""AntiHorn"": 10}","antihorn","StructuralAntiHorn"
"car-un",4,5,square2cnf,1,"{""Square2Cnf"": 9}","two_sat","TwoSat"
"car-un",4,5,affine,1,"{""Affine"": 11}","affine_gf2","Gf2Gaussian"
"car-un",4,5,smart_certified,5,"{""AntiHorn"": 5, ""Unary"": 6}","antihorn","StructuralAntiHorn"
"car-un",4,5,cals,5,"{""AntiHorn"": 9, ""Unary"": 1}","antihorn","StructuralAntiHorn"
"car-un",4,5,cals_compact_explain,5,"{""AntiHorn"": 9, ""Unary"": 1}","antihorn","StructuralAntiHorn"
"car-un",4,7,unary,1,"{""Unary"": 18}","uncommitted","StructuralHorn"
"car-un",4,7,horn,1,"{""Horn"": 16}","horn","StructuralHorn"
"car-un",4,7,antihorn,1,"{""AntiHorn"": 19}","antihorn","StructuralAntiHorn"
"car-un",4,7,square2cnf,1,"{""Square2Cnf"": 20}","two_sat","TwoSat"
"car-un",4,7,affine,1,"{""Affine"": 24}","affine_gf2","Gf2Gaussian"
"car-un",4,7,smart_certified,5,"{""AntiHorn"": 12, ""Unary"": 8}","antihorn","StructuralAntiHorn"
"car-un",4,7,cals,5,"{""AntiHorn"": 11, ""Unary"": 5}","antihorn","StructuralAntiHorn"
"car-un",4,7,cals_compact_explain,5,"{""AntiHorn"": 12, ""Unary"": 5}","antihorn","StructuralAntiHorn"
"car-un",5,5,unary,1,"{""Unary"": 8}","uncommitted","StructuralHorn"
"car-un",5,5,horn,1,"{""Horn"": 14}","horn","StructuralHorn"
"car-un",5,5,antihorn,1,"{""AntiHorn"": 11}","antihorn","StructuralAntiHorn"
"car-un",5,5,square2cnf,1,"{""Square2Cnf"": 10}","two_sat","TwoSat"
"car-un",5,5,affine,1,"{""Affine"": 9}","affine_gf2","Gf2Gaussian"
"car-un",5,5,smart_certified,5,"{""AntiHorn"": 5, ""Unary"": 6}","antihorn","StructuralAntiHorn"
"car-un",5,5,cals,5,"{""AntiHorn"": 10}","antihorn","StructuralAntiHorn"
"car-un",5,5,cals_compact_explain,5,"{""AntiHorn"": 11}","antihorn","StructuralAntiHorn"
"car-un",5,7,unary,1,"{""Unary"": 19}","uncommitted","StructuralHorn"
"car-un",5,7,horn,1,"{""Horn"": 17}","horn","StructuralHorn"
"car-un",5,7,antihorn,1,"{""AntiHorn"": 20}","antihorn","StructuralAntiHorn"
"car-un",5,7,square2cnf,1,"{""Square2Cnf"": 18}","two_sat","TwoSat"
"car-un",5,7,affine,1,"{""Affine"": 21}","affine_gf2","Gf2Gaussian"
"car-un",5,7,smart_certified,5,"{""AntiHorn"": 14, ""Unary"": 10}","antihorn","StructuralAntiHorn"
"car-un",5,7,cals,5,"{""AntiHorn"": 14}","antihorn","StructuralAntiHorn"
"car-un",5,7,cals_compact_explain,5,"{""AntiHorn"": 16, ""Unary"": 1}","antihorn","StructuralAntiHorn"
"car-un",6,5,unary,1,"{""Unary"": 8}","uncommitted","StructuralHorn"
"car-un",6,5,horn,1,"{""Horn"": 7}","horn","StructuralHorn"
"car-un",6,5,antihorn,1,"{""AntiHorn"": 13}","antihorn","StructuralAntiHorn"
"car-un",6,5,square2cnf,1,"{""Square2Cnf"": 8}","two_sat","TwoSat"
"car-un",6,5,affine,1,"{""Affine"": 11}","affine_gf2","Gf2Gaussian"
"car-un",6,5,smart_certified,5,"{""AntiHorn"": 7, ""Unary"": 5}","antihorn","StructuralAntiHorn"
"car-un",6,5,cals,5,"{""AntiHorn"": 7, ""Unary"": 1}","antihorn","StructuralAntiHorn"
"car-un",6,5,cals_compact_explain,5,"{""AntiHorn"": 7, ""Unary"": 1}","antihorn","StructuralAntiHorn"
"car-un",6,7,unary,1,"{""Unary"": 21}","uncommitted","StructuralHorn"
"car-un",6,7,horn,1,"{""Horn"": 16}","horn","StructuralHorn"
"car-un",6,7,antihorn,1,"{""AntiHorn"": 27}","antihorn","StructuralAntiHorn"
"car-un",6,7,square2cnf,1,"{""Square2Cnf"": 15}","two_sat","TwoSat"
"car-un",6,7,affine,1,"{""Affine"": 25}","affine_gf2","Gf2Gaussian"
"car-un",6,7,smart_certified,5,"{""AntiHorn"": 15, ""Unary"": 9}","antihorn","StructuralAntiHorn"
"car-un",6,7,cals,5,"{""AntiHorn"": 10, ""Unary"": 3}","antihorn","StructuralAntiHorn"
"car-un",6,7,cals_compact_explain,5,"{""AntiHorn"": 13, ""Unary"": 3}","antihorn","StructuralAntiHorn"
"car-un",7,5,unary,1,"{""Unary"": 8}","uncommitted","StructuralHorn"
"car-un",7,5,horn,1,"{""Horn"": 15}","horn","StructuralHorn"
"car-un",7,5,antihorn,1,"{""AntiHorn"": 13}","antihorn","StructuralAntiHorn"
"car-un",7,5,square2cnf,1,"{""Square2Cnf"": 10}","two_sat","TwoSat"
"car-un",7,5,affine,1,"{""Affine"": 11}","affine_gf2","Gf2Gaussian"
"car-un",7,5,smart_certified,5,"{""AntiHorn"": 7, ""Unary"": 5}","antihorn","StructuralAntiHorn"
"car-un",7,5,cals,5,"{""AntiHorn"": 5}","antihorn","StructuralAntiHorn"
"car-un",7,5,cals_compact_explain,5,"{""AntiHorn"": 6, ""Unary"": 1}","antihorn","StructuralAntiHorn"
"car-un",7,7,unary,1,"{""Unary"": 21}","uncommitted","StructuralHorn"
"car-un",7,7,horn,1,"{""Horn"": 21}","horn","StructuralHorn"
"car-un",7,7,antihorn,1,"{""AntiHorn"": 24}","antihorn","StructuralAntiHorn"
"car-un",7,7,square2cnf,1,"{""Square2Cnf"": 21}","two_sat","TwoSat"
"car-un",7,7,affine,1,"{""Affine"": 25}","affine_gf2","Gf2Gaussian"
"car-un",7,7,smart_certified,5,"{""AntiHorn"": 14, ""Unary"": 9}","antihorn","StructuralAntiHorn"
"car-un",7,7,cals,5,"{""AntiHorn"": 12, ""Unary"": 1}","antihorn","StructuralAntiHorn"
"car-un",7,7,cals_compact_explain,5,"{""AntiHorn"": 17, ""Unary"": 2}","antihorn","StructuralAntiHorn"
"car-un",8,5,unary,1,"{""Unary"": 8}","uncommitted","StructuralHorn"
"car-un",8,5,horn,1,"{""Horn"": 7}","horn","StructuralHorn"
"car-un",8,5,antihorn,1,"{""AntiHorn"": 11}","antihorn","StructuralAntiHorn"
"car-un",8,5,square2cnf,1,"{""Square2Cnf"": 9}","two_sat","TwoSat"
"car-un",8,5,affine,1,"{""Affine"": 9}","affine_gf2","Gf2Gaussian"
"car-un",8,5,smart_certified,5,"{""AntiHorn"": 7, ""Unary"": 3}","antihorn","StructuralAntiHorn"
"car-un",8,5,cals,5,"{""AntiHorn"": 6, ""Unary"": 1}","antihorn","StructuralAntiHorn"
"car-un",8,5,cals_compact_explain,5,"{""AntiHorn"": 7, ""Unary"": 1}","antihorn","StructuralAntiHorn"
"car-un",8,7,unary,1,"{""Unary"": 19}","uncommitted","StructuralHorn"
"car-un",8,7,horn,1,"{""Horn"": 15}","horn","StructuralHorn"
"car-un",8,7,antihorn,1,"{""AntiHorn"": 21}","antihorn","StructuralAntiHorn"
"car-un",8,7,square2cnf,1,"{""Square2Cnf"": 16}","two_sat","TwoSat"
"car-un",8,7,affine,1,"{""Affine"": 22}","affine_gf2","Gf2Gaussian"
"car-un",8,7,smart_certified,5,"{""AntiHorn"": 11, ""Unary"": 8}","antihorn","StructuralAntiHorn"
"car-un",8,7,cals,5,"{""AntiHorn"": 12, ""Unary"": 1}","antihorn","StructuralAntiHorn"
"car-un",8,7,cals_compact_explain,5,"{""AntiHorn"": 9, ""Unary"": 1}","antihorn","StructuralAntiHorn"
"car-un",9,5,unary,1,"{""Unary"": 8}","uncommitted","StructuralHorn"
"car-un",9,5,horn,1,"{""Horn"": 7}","horn","StructuralHorn"
"car-un",9,5,antihorn,1,"{""AntiHorn"": 11}","antihorn","StructuralAntiHorn"
"car-un",9,5,square2cnf,1,"{""Square2Cnf"": 10}","two_sat","TwoSat"
"car-un",9,5,affine,1,"{""Affine"": 9}","affine_gf2","Gf2Gaussian"
"car-un",9,5,smart_certified,5,"{""AntiHorn"": 6, ""Unary"": 5}","antihorn","StructuralAntiHorn"
"car-un",9,5,cals,5,"{""AntiHorn"": 4}","antihorn","StructuralAntiHorn"
"car-un",9,5,cals_compact_explain,5,"{""AntiHorn"": 4}","antihorn","StructuralAntiHorn"
"car-un",9,7,unary,1,"{""Unary"": 17}","uncommitted","StructuralHorn"
"car-un",9,7,horn,1,"{""Horn"": 14}","horn","StructuralHorn"
"car-un",9,7,antihorn,1,"{""AntiHorn"": 18}","antihorn","StructuralAntiHorn"
"car-un",9,7,square2cnf,1,"{""Square2Cnf"": 18}","two_sat","TwoSat"
"car-un",9,7,affine,1,"{""Affine"": 22}","affine_gf2","Gf2Gaussian"
"car-un",9,7,smart_certified,5,"{""AntiHorn"": 12, ""Unary"": 7}","antihorn","StructuralAntiHorn"
"car-un",9,7,cals,5,"{""AntiHorn"": 8}","antihorn","StructuralAntiHorn"
"car-un",9,7,cals_compact_explain,5,"{""AntiHorn"": 9, ""Unary"": 1}","antihorn","StructuralAntiHorn"
"car_evaluation-bin",0,5,unary,1,"{""Unary"": 8}","uncommitted","StructuralHorn"
"car_evaluation-bin",0,5,horn,1,"{""Horn"": 14}","horn","StructuralHorn"
"car_evaluation-bin",0,5,antihorn,1,"{""AntiHorn"": 11}","antihorn","StructuralAntiHorn"
"car_evaluation-bin",0,5,square2cnf,1,"{""Square2Cnf"": 6}","two_sat","TwoSat"
"car_evaluation-bin",0,5,affine,1,"{""Affine"": 11}","affine_gf2","Gf2Gaussian"
"car_evaluation-bin",0,5,smart_certified,5,"{""Horn"": 6, ""Unary"": 6}","horn","StructuralHorn"
"car_evaluation-bin",0,5,cals,5,"{""Horn"": 8}","horn","StructuralHorn"
"car_evaluation-bin",0,5,cals_compact_explain,5,"{""Horn"": 6}","horn","StructuralHorn"
"car_evaluation-bin",0,7,unary,1,"{""Unary"": 17}","uncommitted","StructuralHorn"
"car_evaluation-bin",0,7,horn,1,"{""Horn"": 32}","horn","StructuralHorn"
"car_evaluation-bin",0,7,antihorn,1,"{""AntiHorn"": 23}","antihorn","StructuralAntiHorn"
"car_evaluation-bin",0,7,square2cnf,1,"{""Square2Cnf"": 14}","two_sat","TwoSat"
"car_evaluation-bin",0,7,affine,1,"{""Affine"": 24}","affine_gf2","Gf2Gaussian"
"car_evaluation-bin",0,7,smart_certified,5,"{""Horn"": 8, ""Unary"": 17}","horn","StructuralHorn"
"car_evaluation-bin",0,7,cals,5,"{""Horn"": 11, ""Unary"": 2}","horn","StructuralHorn"
"car_evaluation-bin",0,7,cals_compact_explain,5,"{""Horn"": 7, ""Unary"": 2}","horn","StructuralHorn"
"car_evaluation-bin",1,5,unary,1,"{""Unary"": 8}","uncommitted","StructuralHorn"
"car_evaluation-bin",1,5,horn,1,"{""Horn"": 14}","horn","StructuralHorn"
"car_evaluation-bin",1,5,antihorn,1,"{""AntiHorn"": 12}","antihorn","StructuralAntiHorn"
"car_evaluation-bin",1,5,square2cnf,1,"{""Square2Cnf"": 8}","two_sat","TwoSat"
"car_evaluation-bin",1,5,affine,1,"{""Affine"": 11}","affine_gf2","Gf2Gaussian"
"car_evaluation-bin",1,5,smart_certified,5,"{""Horn"": 7, ""Unary"": 5}","horn","StructuralHorn"
"car_evaluation-bin",1,5,cals,5,"{""Horn"": 5, ""Unary"": 1}","horn","StructuralHorn"
"car_evaluation-bin",1,5,cals_compact_explain,5,"{""Horn"": 4, ""Unary"": 2}","horn","StructuralHorn"
"car_evaluation-bin",1,7,unary,1,"{""Unary"": 19}","uncommitted","StructuralHorn"
"car_evaluation-bin",1,7,horn,1,"{""Horn"": 30}","horn","StructuralHorn"
"car_evaluation-bin",1,7,antihorn,1,"{""AntiHorn"": 23}","antihorn","StructuralAntiHorn"
"car_evaluation-bin",1,7,square2cnf,1,"{""Square2Cnf"": 18}","two_sat","TwoSat"
"car_evaluation-bin",1,7,affine,1,"{""Affine"": 26}","affine_gf2","Gf2Gaussian"
"car_evaluation-bin",1,7,smart_certified,5,"{""Horn"": 9, ""Unary"": 15}","horn","StructuralHorn"
"car_evaluation-bin",1,7,cals,5,"{""Horn"": 8, ""Unary"": 3}","horn","StructuralHorn"
"car_evaluation-bin",1,7,cals_compact_explain,5,"{""Horn"": 5, ""Unary"": 7}","horn","StructuralHorn"
"car_evaluation-bin",2,5,unary,1,"{""Unary"": 9}","uncommitted","StructuralHorn"
"car_evaluation-bin",2,5,horn,1,"{""Horn"": 14}","horn","StructuralHorn"
"car_evaluation-bin",2,5,antihorn,1,"{""AntiHorn"": 13}","antihorn","StructuralAntiHorn"
"car_evaluation-bin",2,5,square2cnf,1,"{""Square2Cnf"": 8}","two_sat","TwoSat"
"car_evaluation-bin",2,5,affine,1,"{""Affine"": 11}","affine_gf2","Gf2Gaussian"
"car_evaluation-bin",2,5,smart_certified,5,"{""Horn"": 5, ""Unary"": 8}","horn","StructuralHorn"
"car_evaluation-bin",2,5,cals,5,"{""Horn"": 5, ""Unary"": 2}","horn","StructuralHorn"
"car_evaluation-bin",2,5,cals_compact_explain,5,"{""Horn"": 4, ""Unary"": 1}","horn","StructuralHorn"
"car_evaluation-bin",2,7,unary,1,"{""Unary"": 24}","uncommitted","StructuralHorn"
"car_evaluation-bin",2,7,horn,1,"{""Horn"": 29}","horn","StructuralHorn"
"car_evaluation-bin",2,7,antihorn,1,"{""AntiHorn"": 26}","antihorn","StructuralAntiHorn"
"car_evaluation-bin",2,7,square2cnf,1,"{""Square2Cnf"": 18}","two_sat","TwoSat"
"car_evaluation-bin",2,7,affine,1,"{""Affine"": 30}","affine_gf2","Gf2Gaussian"
"car_evaluation-bin",2,7,smart_certified,5,"{""Horn"": 8, ""Unary"": 21}","horn","StructuralHorn"
"car_evaluation-bin",2,7,cals,5,"{""Horn"": 5, ""Unary"": 2}","horn","StructuralHorn"
"car_evaluation-bin",2,7,cals_compact_explain,5,"{""Horn"": 4, ""Unary"": 1}","horn","StructuralHorn"
"car_evaluation-bin",3,5,unary,1,"{""Unary"": 8}","uncommitted","StructuralHorn"
"car_evaluation-bin",3,5,horn,1,"{""Horn"": 14}","horn","StructuralHorn"
"car_evaluation-bin",3,5,antihorn,1,"{""AntiHorn"": 12}","antihorn","StructuralAntiHorn"
"car_evaluation-bin",3,5,square2cnf,1,"{""Square2Cnf"": 6}","two_sat","TwoSat"
"car_evaluation-bin",3,5,affine,1,"{""Affine"": 11}","affine_gf2","Gf2Gaussian"
"car_evaluation-bin",3,5,smart_certified,5,"{""Horn"": 6, ""Unary"": 6}","horn","StructuralHorn"
"car_evaluation-bin",3,5,cals,5,"{""Horn"": 6, ""Unary"": 1}","horn","StructuralHorn"
"car_evaluation-bin",3,5,cals_compact_explain,5,"{""Horn"": 5, ""Unary"": 1}","horn","StructuralHorn"
"car_evaluation-bin",3,7,unary,1,"{""Unary"": 22}","uncommitted","StructuralHorn"
"car_evaluation-bin",3,7,horn,1,"{""Horn"": 29}","horn","StructuralHorn"
"car_evaluation-bin",3,7,antihorn,1,"{""AntiHorn"": 24}","antihorn","StructuralAntiHorn"
"car_evaluation-bin",3,7,square2cnf,1,"{""Square2Cnf"": 11}","two_sat","TwoSat"
"car_evaluation-bin",3,7,affine,1,"{""Affine"": 27}","affine_gf2","Gf2Gaussian"
"car_evaluation-bin",3,7,smart_certified,5,"{""Horn"": 11, ""Unary"": 14}","horn","StructuralHorn"
"car_evaluation-bin",3,7,cals,5,"{""Horn"": 7, ""Unary"": 1}","horn","StructuralHorn"
"car_evaluation-bin",3,7,cals_compact_explain,5,"{""Horn"": 8, ""Unary"": 4}","horn","StructuralHorn"
"car_evaluation-bin",4,5,unary,1,"{""Unary"": 8}","uncommitted","StructuralHorn"
"car_evaluation-bin",4,5,horn,1,"{""Horn"": 13}","horn","StructuralHorn"
"car_evaluation-bin",4,5,antihorn,1,"{""AntiHorn"": 13}","antihorn","StructuralAntiHorn"
"car_evaluation-bin",4,5,square2cnf,1,"{""Square2Cnf"": 6}","two_sat","TwoSat"
"car_evaluation-bin",4,5,affine,1,"{""Affine"": 11}","affine_gf2","Gf2Gaussian"
"car_evaluation-bin",4,5,smart_certified,5,"{""Horn"": 6, ""Unary"": 5}","horn","StructuralHorn"
"car_evaluation-bin",4,5,cals,5,"{""Horn"": 3, ""Unary"": 1}","horn","StructuralHorn"
"car_evaluation-bin",4,5,cals_compact_explain,5,"{""Horn"": 3, ""Unary"": 1}","horn","StructuralHorn"
"car_evaluation-bin",4,7,unary,1,"{""Unary"": 19}","uncommitted","StructuralHorn"
"car_evaluation-bin",4,7,horn,1,"{""Horn"": 27}","horn","StructuralHorn"
"car_evaluation-bin",4,7,antihorn,1,"{""AntiHorn"": 28}","antihorn","StructuralAntiHorn"
"car_evaluation-bin",4,7,square2cnf,1,"{""Square2Cnf"": 14}","two_sat","TwoSat"
"car_evaluation-bin",4,7,affine,1,"{""Affine"": 28}","affine_gf2","Gf2Gaussian"
"car_evaluation-bin",4,7,smart_certified,5,"{""Horn"": 9, ""Unary"": 15}","horn","StructuralHorn"
"car_evaluation-bin",4,7,cals,5,"{""Horn"": 7, ""Unary"": 5}","horn","StructuralHorn"
"car_evaluation-bin",4,7,cals_compact_explain,5,"{""Horn"": 7, ""Unary"": 5}","horn","StructuralHorn"
"car_evaluation-bin",5,5,unary,1,"{""Unary"": 9}","uncommitted","StructuralHorn"
"car_evaluation-bin",5,5,horn,1,"{""Horn"": 13}","horn","StructuralHorn"
"car_evaluation-bin",5,5,antihorn,1,"{""AntiHorn"": 12}","antihorn","StructuralAntiHorn"
"car_evaluation-bin",5,5,square2cnf,1,"{""Square2Cnf"": 6}","two_sat","TwoSat"
"car_evaluation-bin",5,5,affine,1,"{""Affine"": 11}","affine_gf2","Gf2Gaussian"
"car_evaluation-bin",5,5,smart_certified,5,"{""Horn"": 5, ""Unary"": 8}","horn","StructuralHorn"
"car_evaluation-bin",5,5,cals,5,"{""Horn"": 3, ""Unary"": 1}","horn","StructuralHorn"
"car_evaluation-bin",5,5,cals_compact_explain,5,"{""Horn"": 3, ""Unary"": 1}","horn","StructuralHorn"
"car_evaluation-bin",5,7,unary,1,"{""Unary"": 22}","uncommitted","StructuralHorn"
"car_evaluation-bin",5,7,horn,1,"{""Horn"": 26}","horn","StructuralHorn"
"car_evaluation-bin",5,7,antihorn,1,"{""AntiHorn"": 24}","antihorn","StructuralAntiHorn"
"car_evaluation-bin",5,7,square2cnf,1,"{""Square2Cnf"": 14}","two_sat","TwoSat"
"car_evaluation-bin",5,7,affine,1,"{""Affine"": 28}","affine_gf2","Gf2Gaussian"
"car_evaluation-bin",5,7,smart_certified,5,"{""Horn"": 9, ""Unary"": 19}","horn","StructuralHorn"
"car_evaluation-bin",5,7,cals,5,"{""Horn"": 8, ""Unary"": 3}","horn","StructuralHorn"
"car_evaluation-bin",5,7,cals_compact_explain,5,"{""Horn"": 6, ""Unary"": 4}","horn","StructuralHorn"
"car_evaluation-bin",6,5,unary,1,"{""Unary"": 8}","uncommitted","StructuralHorn"
"car_evaluation-bin",6,5,horn,1,"{""Horn"": 14}","horn","StructuralHorn"
"car_evaluation-bin",6,5,antihorn,1,"{""AntiHorn"": 12}","antihorn","StructuralAntiHorn"
"car_evaluation-bin",6,5,square2cnf,1,"{""Square2Cnf"": 8}","two_sat","TwoSat"
"car_evaluation-bin",6,5,affine,1,"{""Affine"": 11}","affine_gf2","Gf2Gaussian"
"car_evaluation-bin",6,5,smart_certified,5,"{""Horn"": 6, ""Unary"": 5}","horn","StructuralHorn"
"car_evaluation-bin",6,5,cals,5,"{""Horn"": 5}","horn","StructuralHorn"
"car_evaluation-bin",6,5,cals_compact_explain,5,"{""Horn"": 4}","horn","StructuralHorn"
"car_evaluation-bin",6,7,unary,1,"{""Unary"": 20}","uncommitted","StructuralHorn"
"car_evaluation-bin",6,7,horn,1,"{""Horn"": 31}","horn","StructuralHorn"
"car_evaluation-bin",6,7,antihorn,1,"{""AntiHorn"": 25}","antihorn","StructuralAntiHorn"
"car_evaluation-bin",6,7,square2cnf,1,"{""Square2Cnf"": 18}","two_sat","TwoSat"
"car_evaluation-bin",6,7,affine,1,"{""Affine"": 28}","affine_gf2","Gf2Gaussian"
"car_evaluation-bin",6,7,smart_certified,5,"{""Horn"": 12, ""Unary"": 12}","horn","StructuralHorn"
"car_evaluation-bin",6,7,cals,5,"{""Horn"": 8}","horn","StructuralHorn"
"car_evaluation-bin",6,7,cals_compact_explain,5,"{""Horn"": 5, ""Unary"": 2}","horn","StructuralHorn"
"car_evaluation-bin",7,5,unary,1,"{""Unary"": 8}","uncommitted","StructuralHorn"
"car_evaluation-bin",7,5,horn,1,"{""Horn"": 14}","horn","StructuralHorn"
"car_evaluation-bin",7,5,antihorn,1,"{""AntiHorn"": 13}","antihorn","StructuralAntiHorn"
"car_evaluation-bin",7,5,square2cnf,1,"{""Square2Cnf"": 8}","two_sat","TwoSat"
"car_evaluation-bin",7,5,affine,1,"{""Affine"": 11}","affine_gf2","Gf2Gaussian"
"car_evaluation-bin",7,5,smart_certified,5,"{""Horn"": 5, ""Unary"": 7}","horn","StructuralHorn"
"car_evaluation-bin",7,5,cals,5,"{""Horn"": 4, ""Unary"": 1}","horn","StructuralHorn"
"car_evaluation-bin",7,5,cals_compact_explain,5,"{""Horn"": 5, ""Unary"": 2}","horn","StructuralHorn"
"car_evaluation-bin",7,7,unary,1,"{""Unary"": 21}","uncommitted","StructuralHorn"
"car_evaluation-bin",7,7,horn,1,"{""Horn"": 25}","horn","StructuralHorn"
"car_evaluation-bin",7,7,antihorn,1,"{""AntiHorn"": 28}","antihorn","StructuralAntiHorn"
"car_evaluation-bin",7,7,square2cnf,1,"{""Square2Cnf"": 18}","two_sat","TwoSat"
"car_evaluation-bin",7,7,affine,1,"{""Affine"": 29}","affine_gf2","Gf2Gaussian"
"car_evaluation-bin",7,7,smart_certified,5,"{""Horn"": 11, ""Unary"": 15}","horn","StructuralHorn"
"car_evaluation-bin",7,7,cals,5,"{""Horn"": 6, ""Unary"": 1}","horn","StructuralHorn"
"car_evaluation-bin",7,7,cals_compact_explain,5,"{""Horn"": 5, ""Unary"": 6}","horn","StructuralHorn"
"car_evaluation-bin",8,5,unary,1,"{""Unary"": 8}","uncommitted","StructuralHorn"
"car_evaluation-bin",8,5,horn,1,"{""Horn"": 14}","horn","StructuralHorn"
"car_evaluation-bin",8,5,antihorn,1,"{""AntiHorn"": 13}","antihorn","StructuralAntiHorn"
"car_evaluation-bin",8,5,square2cnf,1,"{""Square2Cnf"": 8}","two_sat","TwoSat"
"car_evaluation-bin",8,5,affine,1,"{""Affine"": 11}","affine_gf2","Gf2Gaussian"
"car_evaluation-bin",8,5,smart_certified,5,"{""Horn"": 6, ""Unary"": 5}","horn","StructuralHorn"
"car_evaluation-bin",8,5,cals,5,"{""Horn"": 3, ""Unary"": 1}","horn","StructuralHorn"
"car_evaluation-bin",8,5,cals_compact_explain,5,"{""Horn"": 3, ""Unary"": 2}","horn","StructuralHorn"
"car_evaluation-bin",8,7,unary,1,"{""Unary"": 20}","uncommitted","StructuralHorn"
"car_evaluation-bin",8,7,horn,1,"{""Horn"": 32}","horn","StructuralHorn"
"car_evaluation-bin",8,7,antihorn,1,"{""AntiHorn"": 31}","antihorn","StructuralAntiHorn"
"car_evaluation-bin",8,7,square2cnf,1,"{""Square2Cnf"": 16}","two_sat","TwoSat"
"car_evaluation-bin",8,7,affine,1,"{""Affine"": 29}","affine_gf2","Gf2Gaussian"
"car_evaluation-bin",8,7,smart_certified,5,"{""Horn"": 11, ""Unary"": 15}","horn","StructuralHorn"
"car_evaluation-bin",8,7,cals,5,"{""Horn"": 3, ""Unary"": 1}","horn","StructuralHorn"
"car_evaluation-bin",8,7,cals_compact_explain,5,"{""Horn"": 5, ""Unary"": 2}","horn","StructuralHorn"
"car_evaluation-bin",9,5,unary,1,"{""Unary"": 8}","uncommitted","StructuralHorn"
"car_evaluation-bin",9,5,horn,1,"{""Horn"": 14}","horn","StructuralHorn"
"car_evaluation-bin",9,5,antihorn,1,"{""AntiHorn"": 12}","antihorn","StructuralAntiHorn"
"car_evaluation-bin",9,5,square2cnf,1,"{""Square2Cnf"": 6}","two_sat","TwoSat"
"car_evaluation-bin",9,5,affine,1,"{""Affine"": 11}","affine_gf2","Gf2Gaussian"
"car_evaluation-bin",9,5,smart_certified,5,"{""Horn"": 6, ""Unary"": 5}","horn","StructuralHorn"
"car_evaluation-bin",9,5,cals,5,"{""Horn"": 3, ""Unary"": 1}","horn","StructuralHorn"
"car_evaluation-bin",9,5,cals_compact_explain,5,"{""Horn"": 5, ""Unary"": 1}","horn","StructuralHorn"
"car_evaluation-bin",9,7,unary,1,"{""Unary"": 20}","uncommitted","StructuralHorn"
"car_evaluation-bin",9,7,horn,1,"{""Horn"": 27}","horn","StructuralHorn"
"car_evaluation-bin",9,7,antihorn,1,"{""AntiHorn"": 26}","antihorn","StructuralAntiHorn"
"car_evaluation-bin",9,7,square2cnf,1,"{""Square2Cnf"": 13}","two_sat","TwoSat"
"car_evaluation-bin",9,7,affine,1,"{""Affine"": 26}","affine_gf2","Gf2Gaussian"
"car_evaluation-bin",9,7,smart_certified,5,"{""Horn"": 9, ""Unary"": 16}","horn","StructuralHorn"
"car_evaluation-bin",9,7,cals,5,"{""Horn"": 7, ""Unary"": 4}","horn","StructuralHorn"
"car_evaluation-bin",9,7,cals_compact_explain,5,"{""Horn"": 10, ""Unary"": 5}","horn","StructuralHorn"
"compas_discretized",0,5,unary,1,"{""Unary"": 24}","uncommitted","StructuralHorn"
"compas_discretized",0,5,horn,1,"{""Horn"": 29}","horn","StructuralHorn"
"compas_discretized",0,5,antihorn,1,"{""AntiHorn"": 31}","antihorn","StructuralAntiHorn"
"compas_discretized",0,5,square2cnf,1,"{""Square2Cnf"": 30}","two_sat","TwoSat"
"compas_discretized",0,5,affine,1,"{""Affine"": 28}","affine_gf2","Gf2Gaussian"
"compas_discretized",0,5,smart_certified,5,"{""Unary"": 24}","uncommitted","StructuralHorn"
"compas_discretized",0,5,cals,5,"{""Horn"": 6, ""Unary"": 1}","horn","StructuralHorn"
"compas_discretized",0,5,cals_compact_explain,5,"{""Horn"": 1}","horn","StructuralHorn"
"compas_discretized",0,7,unary,1,"{""Unary"": 70}","uncommitted","StructuralHorn"
"compas_discretized",0,7,horn,1,"{""Horn"": 80}","horn","StructuralHorn"
"compas_discretized",0,7,antihorn,1,"{""AntiHorn"": 87}","antihorn","StructuralAntiHorn"
"compas_discretized",0,7,square2cnf,1,"{""Square2Cnf"": 82}","two_sat","TwoSat"
"compas_discretized",0,7,affine,1,"{""Affine"": 85}","affine_gf2","Gf2Gaussian"
"compas_discretized",0,7,smart_certified,5,"{""Affine"": 4, ""Horn"": 2, ""Unary"": 62}","uncommitted|horn|affine_gf2","Gf2Gaussian|StructuralHorn"
"compas_discretized",0,7,cals,5,"{""Horn"": 8, ""Unary"": 1}","horn","StructuralHorn"
"compas_discretized",0,7,cals_compact_explain,5,"{""Horn"": 1}","horn","StructuralHorn"
"compas_discretized",1,5,unary,1,"{""Unary"": 23}","uncommitted","StructuralHorn"
"compas_discretized",1,5,horn,1,"{""Horn"": 28}","horn","StructuralHorn"
"compas_discretized",1,5,antihorn,1,"{""AntiHorn"": 27}","antihorn","StructuralAntiHorn"
"compas_discretized",1,5,square2cnf,1,"{""Square2Cnf"": 28}","two_sat","TwoSat"
"compas_discretized",1,5,affine,1,"{""Affine"": 25}","affine_gf2","Gf2Gaussian"
"compas_discretized",1,5,smart_certified,5,"{""Unary"": 23}","uncommitted","StructuralHorn"
"compas_discretized",1,5,cals,5,"{""Horn"": 4, ""Unary"": 1}","horn","StructuralHorn"
"compas_discretized",1,5,cals_compact_explain,5,"{""Horn"": 1}","horn","StructuralHorn"
"compas_discretized",1,7,unary,1,"{""Unary"": 69}","uncommitted","StructuralHorn"
"compas_discretized",1,7,horn,1,"{""Horn"": 76}","horn","StructuralHorn"
"compas_discretized",1,7,antihorn,1,"{""AntiHorn"": 74}","antihorn","StructuralAntiHorn"
"compas_discretized",1,7,square2cnf,1,"{""Square2Cnf"": 73}","two_sat","TwoSat"
"compas_discretized",1,7,affine,1,"{""Affine"": 77}","affine_gf2","Gf2Gaussian"
"compas_discretized",1,7,smart_certified,5,"{""Affine"": 1, ""Horn"": 1, ""Unary"": 67}","uncommitted|horn|affine_gf2","Gf2Gaussian|StructuralHorn"
"compas_discretized",1,7,cals,5,"{""Horn"": 16, ""Unary"": 8}","horn","StructuralHorn"
"compas_discretized",1,7,cals_compact_explain,5,"{""Horn"": 1}","horn","StructuralHorn"
"compas_discretized",2,5,unary,1,"{""Unary"": 29}","uncommitted","StructuralHorn"
"compas_discretized",2,5,horn,1,"{""Horn"": 30}","horn","StructuralHorn"
"compas_discretized",2,5,antihorn,1,"{""AntiHorn"": 30}","antihorn","StructuralAntiHorn"
"compas_discretized",2,5,square2cnf,1,"{""Square2Cnf"": 28}","two_sat","TwoSat"
"compas_discretized",2,5,affine,1,"{""Affine"": 27}","affine_gf2","Gf2Gaussian"
"compas_discretized",2,5,smart_certified,5,"{""Horn"": 1, ""Unary"": 28}","uncommitted|horn","StructuralHorn"
"compas_discretized",2,5,cals,5,"{""Affine"": 4, ""Unary"": 1}","affine_gf2","Gf2Gaussian"
"compas_discretized",2,5,cals_compact_explain,5,"{""Horn"": 1}","horn","StructuralHorn"
"compas_discretized",2,7,unary,1,"{""Unary"": 83}","uncommitted","StructuralHorn"
"compas_discretized",2,7,horn,1,"{""Horn"": 89}","horn","StructuralHorn"
"compas_discretized",2,7,antihorn,1,"{""AntiHorn"": 86}","antihorn","StructuralAntiHorn"
"compas_discretized",2,7,square2cnf,1,"{""Square2Cnf"": 77}","two_sat","TwoSat"
"compas_discretized",2,7,affine,1,"{""Affine"": 81}","affine_gf2","Gf2Gaussian"
"compas_discretized",2,7,smart_certified,5,"{""Affine"": 3, ""Horn"": 3, ""Unary"": 76}","uncommitted|horn|affine_gf2","Gf2Gaussian|StructuralHorn"
"compas_discretized",2,7,cals,5,"{""Affine"": 9, ""Unary"": 12}","affine_gf2","Gf2Gaussian"
"compas_discretized",2,7,cals_compact_explain,5,"{""Horn"": 1}","horn","StructuralHorn"
"compas_discretized",3,5,unary,1,"{""Unary"": 29}","uncommitted","StructuralHorn"
"compas_discretized",3,5,horn,1,"{""Horn"": 31}","horn","StructuralHorn"
"compas_discretized",3,5,antihorn,1,"{""AntiHorn"": 31}","antihorn","StructuralAntiHorn"
"compas_discretized",3,5,square2cnf,1,"{""Square2Cnf"": 31}","two_sat","TwoSat"
"compas_discretized",3,5,affine,1,"{""Affine"": 30}","affine_gf2","Gf2Gaussian"
"compas_discretized",3,5,smart_certified,5,"{""Horn"": 3, ""Unary"": 26}","uncommitted|horn","StructuralHorn"
"compas_discretized",3,5,cals,5,"{""Horn"": 4, ""Unary"": 2}","horn","StructuralHorn"
"compas_discretized",3,5,cals_compact_explain,5,"{""Horn"": 1}","horn","StructuralHorn"
"compas_discretized",3,7,unary,1,"{""Unary"": 86}","uncommitted","StructuralHorn"
"compas_discretized",3,7,horn,1,"{""Horn"": 82}","horn","StructuralHorn"
"compas_discretized",3,7,antihorn,1,"{""AntiHorn"": 90}","antihorn","StructuralAntiHorn"
"compas_discretized",3,7,square2cnf,1,"{""Square2Cnf"": 95}","two_sat","TwoSat"
"compas_discretized",3,7,affine,1,"{""Affine"": 91}","affine_gf2","Gf2Gaussian"
"compas_discretized",3,7,smart_certified,5,"{""Affine"": 1, ""Horn"": 8, ""Unary"": 73}","uncommitted|horn|affine_gf2","Gf2Gaussian|StructuralHorn"
"compas_discretized",3,7,cals,5,"{""Horn"": 5, ""Unary"": 4}","horn","StructuralHorn"
"compas_discretized",3,7,cals_compact_explain,5,"{""Horn"": 1}","horn","StructuralHorn"
"compas_discretized",4,5,unary,1,"{""Unary"": 28}","uncommitted","StructuralHorn"
"compas_discretized",4,5,horn,1,"{""Horn"": 25}","horn","StructuralHorn"
"compas_discretized",4,5,antihorn,1,"{""AntiHorn"": 25}","antihorn","StructuralAntiHorn"
"compas_discretized",4,5,square2cnf,1,"{""Square2Cnf"": 27}","two_sat","TwoSat"
"compas_discretized",4,5,affine,1,"{""Affine"": 25}","affine_gf2","Gf2Gaussian"
"compas_discretized",4,5,smart_certified,5,"{""Affine"": 2, ""Unary"": 26}","uncommitted|affine_gf2","Gf2Gaussian|StructuralHorn"
"compas_discretized",4,5,cals,5,"{""Affine"": 3, ""Unary"": 8}","affine_gf2","Gf2Gaussian"
"compas_discretized",4,5,cals_compact_explain,5,"{""Horn"": 1}","horn","StructuralHorn"
"compas_discretized",4,7,unary,1,"{""Unary"": 72}","uncommitted","StructuralHorn"
"compas_discretized",4,7,horn,1,"{""Horn"": 64}","horn","StructuralHorn"
"compas_discretized",4,7,antihorn,1,"{""AntiHorn"": 69}","antihorn","StructuralAntiHorn"
"compas_discretized",4,7,square2cnf,1,"{""Square2Cnf"": 79}","two_sat","TwoSat"
"compas_discretized",4,7,affine,1,"{""Affine"": 74}","affine_gf2","Gf2Gaussian"
"compas_discretized",4,7,smart_certified,5,"{""Affine"": 2, ""Unary"": 68}","uncommitted|affine_gf2","Gf2Gaussian|StructuralHorn"
"compas_discretized",4,7,cals,5,"{""Affine"": 4, ""Unary"": 9}","affine_gf2","Gf2Gaussian"
"compas_discretized",4,7,cals_compact_explain,5,"{""Horn"": 1}","horn","StructuralHorn"
"compas_discretized",5,5,unary,1,"{""Unary"": 27}","uncommitted","StructuralHorn"
"compas_discretized",5,5,horn,1,"{""Horn"": 28}","horn","StructuralHorn"
"compas_discretized",5,5,antihorn,1,"{""AntiHorn"": 28}","antihorn","StructuralAntiHorn"
"compas_discretized",5,5,square2cnf,1,"{""Square2Cnf"": 28}","two_sat","TwoSat"
"compas_discretized",5,5,affine,1,"{""Affine"": 28}","affine_gf2","Gf2Gaussian"
"compas_discretized",5,5,smart_certified,5,"{""Unary"": 27}","uncommitted","StructuralHorn"
"compas_discretized",5,5,cals,5,"{""Affine"": 4, ""Unary"": 1}","affine_gf2","Gf2Gaussian"
"compas_discretized",5,5,cals_compact_explain,5,"{""Horn"": 1}","horn","StructuralHorn"
"compas_discretized",5,7,unary,1,"{""Unary"": 81}","uncommitted","StructuralHorn"
"compas_discretized",5,7,horn,1,"{""Horn"": 72}","horn","StructuralHorn"
"compas_discretized",5,7,antihorn,1,"{""AntiHorn"": 82}","antihorn","StructuralAntiHorn"
"compas_discretized",5,7,square2cnf,1,"{""Square2Cnf"": 81}","two_sat","TwoSat"
"compas_discretized",5,7,affine,1,"{""Affine"": 82}","affine_gf2","Gf2Gaussian"
"compas_discretized",5,7,smart_certified,5,"{""Affine"": 3, ""Horn"": 2, ""Unary"": 75}","uncommitted|horn|affine_gf2","Gf2Gaussian|StructuralHorn"
"compas_discretized",5,7,cals,5,"{""Affine"": 5, ""Unary"": 3}","affine_gf2","Gf2Gaussian"
"compas_discretized",5,7,cals_compact_explain,5,"{""Horn"": 1}","horn","StructuralHorn"
"compas_discretized",6,5,unary,1,"{""Unary"": 29}","uncommitted","StructuralHorn"
"compas_discretized",6,5,horn,1,"{""Horn"": 28}","horn","StructuralHorn"
"compas_discretized",6,5,antihorn,1,"{""AntiHorn"": 30}","antihorn","StructuralAntiHorn"
"compas_discretized",6,5,square2cnf,1,"{""Square2Cnf"": 28}","two_sat","TwoSat"
"compas_discretized",6,5,affine,1,"{""Affine"": 27}","affine_gf2","Gf2Gaussian"
"compas_discretized",6,5,smart_certified,5,"{""Horn"": 1, ""Unary"": 28}","uncommitted|horn","StructuralHorn"
"compas_discretized",6,5,cals,5,"{""Affine"": 3, ""Unary"": 2}","affine_gf2","Gf2Gaussian"
"compas_discretized",6,5,cals_compact_explain,5,"{""Horn"": 1}","horn","StructuralHorn"
"compas_discretized",6,7,unary,1,"{""Unary"": 84}","uncommitted","StructuralHorn"
"compas_discretized",6,7,horn,1,"{""Horn"": 79}","horn","StructuralHorn"
"compas_discretized",6,7,antihorn,1,"{""AntiHorn"": 87}","antihorn","StructuralAntiHorn"
"compas_discretized",6,7,square2cnf,1,"{""Square2Cnf"": 79}","two_sat","TwoSat"
"compas_discretized",6,7,affine,1,"{""Affine"": 81}","affine_gf2","Gf2Gaussian"
"compas_discretized",6,7,smart_certified,5,"{""Affine"": 2, ""Horn"": 3, ""Unary"": 79}","uncommitted|horn|affine_gf2","Gf2Gaussian|StructuralHorn"
"compas_discretized",6,7,cals,5,"{""Affine"": 3, ""Unary"": 3}","affine_gf2","Gf2Gaussian"
"compas_discretized",6,7,cals_compact_explain,5,"{""Horn"": 1}","horn","StructuralHorn"
"compas_discretized",7,5,unary,1,"{""Unary"": 29}","uncommitted","StructuralHorn"
"compas_discretized",7,5,horn,1,"{""Horn"": 27}","horn","StructuralHorn"
"compas_discretized",7,5,antihorn,1,"{""AntiHorn"": 27}","antihorn","StructuralAntiHorn"
"compas_discretized",7,5,square2cnf,1,"{""Square2Cnf"": 28}","two_sat","TwoSat"
"compas_discretized",7,5,affine,1,"{""Affine"": 27}","affine_gf2","Gf2Gaussian"
"compas_discretized",7,5,smart_certified,5,"{""Affine"": 1, ""Unary"": 28}","uncommitted|affine_gf2","Gf2Gaussian|StructuralHorn"
"compas_discretized",7,5,cals,5,"{""Affine"": 3, ""Unary"": 7}","affine_gf2","Gf2Gaussian"
"compas_discretized",7,5,cals_compact_explain,5,"{""Horn"": 2, ""Unary"": 2}","horn","StructuralHorn"
"compas_discretized",7,7,unary,1,"{""Unary"": 86}","uncommitted","StructuralHorn"
"compas_discretized",7,7,horn,1,"{""Horn"": 78}","horn","StructuralHorn"
"compas_discretized",7,7,antihorn,1,"{""AntiHorn"": 84}","antihorn","StructuralAntiHorn"
"compas_discretized",7,7,square2cnf,1,"{""Square2Cnf"": 88}","two_sat","TwoSat"
"compas_discretized",7,7,affine,1,"{""Affine"": 87}","affine_gf2","Gf2Gaussian"
"compas_discretized",7,7,smart_certified,5,"{""Affine"": 2, ""Horn"": 2, ""Unary"": 81}","uncommitted|horn|affine_gf2","Gf2Gaussian|StructuralHorn"
"compas_discretized",7,7,cals,5,"{""Affine"": 4, ""Unary"": 7}","affine_gf2","Gf2Gaussian"
"compas_discretized",7,7,cals_compact_explain,5,"{""Horn"": 2, ""Unary"": 2}","horn","StructuralHorn"
"compas_discretized",8,5,unary,1,"{""Unary"": 24}","uncommitted","StructuralHorn"
"compas_discretized",8,5,horn,1,"{""Horn"": 29}","horn","StructuralHorn"
"compas_discretized",8,5,antihorn,1,"{""AntiHorn"": 30}","antihorn","StructuralAntiHorn"
"compas_discretized",8,5,square2cnf,1,"{""Square2Cnf"": 30}","two_sat","TwoSat"
"compas_discretized",8,5,affine,1,"{""Affine"": 26}","affine_gf2","Gf2Gaussian"
"compas_discretized",8,5,smart_certified,5,"{""Unary"": 24}","uncommitted","StructuralHorn"
"compas_discretized",8,5,cals,5,"{""Affine"": 3, ""Unary"": 2}","affine_gf2","Gf2Gaussian"
"compas_discretized",8,5,cals_compact_explain,5,"{""Horn"": 3, ""Unary"": 2}","horn","StructuralHorn"
"compas_discretized",8,7,unary,1,"{""Unary"": 70}","uncommitted","StructuralHorn"
"compas_discretized",8,7,horn,1,"{""Horn"": 78}","horn","StructuralHorn"
"compas_discretized",8,7,antihorn,1,"{""AntiHorn"": 88}","antihorn","StructuralAntiHorn"
"compas_discretized",8,7,square2cnf,1,"{""Square2Cnf"": 84}","two_sat","TwoSat"
"compas_discretized",8,7,affine,1,"{""Affine"": 80}","affine_gf2","Gf2Gaussian"
"compas_discretized",8,7,smart_certified,5,"{""Affine"": 1, ""Unary"": 69}","uncommitted|affine_gf2","Gf2Gaussian|StructuralHorn"
"compas_discretized",8,7,cals,5,"{""Affine"": 5, ""Unary"": 4}","affine_gf2","Gf2Gaussian"
"compas_discretized",8,7,cals_compact_explain,5,"{""Horn"": 3, ""Unary"": 2}","horn","StructuralHorn"
"compas_discretized",9,5,unary,1,"{""Unary"": 30}","uncommitted","StructuralHorn"
"compas_discretized",9,5,horn,1,"{""Horn"": 29}","horn","StructuralHorn"
"compas_discretized",9,5,antihorn,1,"{""AntiHorn"": 28}","antihorn","StructuralAntiHorn"
"compas_discretized",9,5,square2cnf,1,"{""Square2Cnf"": 31}","two_sat","TwoSat"
"compas_discretized",9,5,affine,1,"{""Affine"": 30}","affine_gf2","Gf2Gaussian"
"compas_discretized",9,5,smart_certified,5,"{""Affine"": 1, ""Unary"": 29}","uncommitted|affine_gf2","Gf2Gaussian|StructuralHorn"
"compas_discretized",9,5,cals,5,"{""Horn"": 4, ""Unary"": 1}","horn","StructuralHorn"
"compas_discretized",9,5,cals_compact_explain,5,"{""Horn"": 1}","horn","StructuralHorn"
"compas_discretized",9,7,unary,1,"{""Unary"": 88}","uncommitted","StructuralHorn"
"compas_discretized",9,7,horn,1,"{""Horn"": 85}","horn","StructuralHorn"
"compas_discretized",9,7,antihorn,1,"{""AntiHorn"": 81}","antihorn","StructuralAntiHorn"
"compas_discretized",9,7,square2cnf,1,"{""Square2Cnf"": 91}","two_sat","TwoSat"
"compas_discretized",9,7,affine,1,"{""Affine"": 90}","affine_gf2","Gf2Gaussian"
"compas_discretized",9,7,smart_certified,5,"{""Affine"": 1, ""Horn"": 1, ""Unary"": 86}","uncommitted|horn|affine_gf2","Gf2Gaussian|StructuralHorn"
"compas_discretized",9,7,cals,5,"{""Horn"": 8, ""Unary"": 3}","horn","StructuralHorn"
"compas_discretized",9,7,cals_compact_explain,5,"{""Horn"": 1}","horn","StructuralHorn"
"diabetes",0,5,unary,1,"{""Unary"": 26}","uncommitted","StructuralHorn"
"diabetes",0,5,horn,1,"{""Horn"": 24}","horn","StructuralHorn"
"diabetes",0,5,antihorn,1,"{""AntiHorn"": 24}","antihorn","StructuralAntiHorn"
"diabetes",0,5,square2cnf,1,"{""Square2Cnf"": 24}","two_sat","TwoSat"
"diabetes",0,5,affine,1,"{""Affine"": 23}","affine_gf2","Gf2Gaussian"
"diabetes",0,5,smart_certified,5,"{""Affine"": 2, ""Horn"": 3, ""Unary"": 21}","uncommitted|horn|affine_gf2","Gf2Gaussian|StructuralHorn"
"diabetes",0,5,cals,5,"{""Horn"": 3, ""Square2Cnf"": 4, ""Unary"": 1}","horn|two_sat","StructuralHorn|TwoSat"
"diabetes",0,5,cals_compact_explain,5,"{""Square2Cnf"": 4, ""Unary"": 1}","uncommitted|two_sat","StructuralHorn|TwoSat"
"diabetes",0,7,unary,1,"{""Unary"": 54}","uncommitted","StructuralHorn"
"diabetes",0,7,horn,1,"{""Horn"": 53}","horn","StructuralHorn"
"diabetes",0,7,antihorn,1,"{""AntiHorn"": 53}","antihorn","StructuralAntiHorn"
"diabetes",0,7,square2cnf,1,"{""Square2Cnf"": 53}","two_sat","TwoSat"
"diabetes",0,7,affine,1,"{""Affine"": 45}","affine_gf2","Gf2Gaussian"
"diabetes",0,7,smart_certified,5,"{""Affine"": 4, ""Horn"": 6, ""Unary"": 43}","uncommitted|horn|affine_gf2","Gf2Gaussian|StructuralHorn"
"diabetes",0,7,cals,5,"{""Horn"": 3, ""Square2Cnf"": 6, ""Unary"": 2}","horn|two_sat","StructuralHorn|TwoSat"
"diabetes",0,7,cals_compact_explain,5,"{""Square2Cnf"": 6, ""Unary"": 1}","uncommitted|two_sat","StructuralHorn|TwoSat"
"diabetes",1,5,unary,1,"{""Unary"": 24}","uncommitted","StructuralHorn"
"diabetes",1,5,horn,1,"{""Horn"": 23}","horn","StructuralHorn"
"diabetes",1,5,antihorn,1,"{""AntiHorn"": 23}","antihorn","StructuralAntiHorn"
"diabetes",1,5,square2cnf,1,"{""Square2Cnf"": 23}","two_sat","TwoSat"
"diabetes",1,5,affine,1,"{""Affine"": 27}","affine_gf2","Gf2Gaussian"
"diabetes",1,5,smart_certified,5,"{""Affine"": 2, ""Unary"": 22}","uncommitted|affine_gf2","Gf2Gaussian|StructuralHorn"
"diabetes",1,5,cals,5,"{""Horn"": 2, ""Unary"": 1}","uncommitted|horn","StructuralHorn"
"diabetes",1,5,cals_compact_explain,5,"{""Horn"": 2, ""Unary"": 3}","uncommitted|horn","StructuralHorn"
"diabetes",1,7,unary,1,"{""Unary"": 58}","uncommitted","StructuralHorn"
"diabetes",1,7,horn,1,"{""Horn"": 48}","horn","StructuralHorn"
"diabetes",1,7,antihorn,1,"{""AntiHorn"": 48}","antihorn","StructuralAntiHorn"
"diabetes",1,7,square2cnf,1,"{""Square2Cnf"": 48}","two_sat","TwoSat"
"diabetes",1,7,affine,1,"{""Affine"": 67}","affine_gf2","Gf2Gaussian"
"diabetes",1,7,smart_certified,5,"{""Affine"": 7, ""Horn"": 5, ""Unary"": 41}","uncommitted|horn|affine_gf2","Gf2Gaussian|StructuralHorn"
"diabetes",1,7,cals,5,"{""Horn"": 2, ""Unary"": 1}","uncommitted|horn","StructuralHorn"
"diabetes",1,7,cals_compact_explain,5,"{""Horn"": 2, ""Unary"": 3}","uncommitted|horn","StructuralHorn"
"diabetes",2,5,unary,1,"{""Unary"": 24}","uncommitted","StructuralHorn"
"diabetes",2,5,horn,1,"{""Horn"": 25}","horn","StructuralHorn"
"diabetes",2,5,antihorn,1,"{""AntiHorn"": 25}","antihorn","StructuralAntiHorn"
"diabetes",2,5,square2cnf,1,"{""Square2Cnf"": 25}","two_sat","TwoSat"
"diabetes",2,5,affine,1,"{""Affine"": 21}","affine_gf2","Gf2Gaussian"
"diabetes",2,5,smart_certified,5,"{""Horn"": 4, ""Unary"": 20}","uncommitted|horn","StructuralHorn"
"diabetes",2,5,cals,5,"{""Square2Cnf"": 2, ""Unary"": 1}","uncommitted|two_sat","StructuralHorn|TwoSat"
"diabetes",2,5,cals_compact_explain,5,"{""Square2Cnf"": 3, ""Unary"": 2}","uncommitted|two_sat","StructuralHorn|TwoSat"
"diabetes",2,7,unary,1,"{""Unary"": 49}","uncommitted","StructuralHorn"
"diabetes",2,7,horn,1,"{""Horn"": 52}","horn","StructuralHorn"
"diabetes",2,7,antihorn,1,"{""AntiHorn"": 52}","antihorn","StructuralAntiHorn"
"diabetes",2,7,square2cnf,1,"{""Square2Cnf"": 52}","two_sat","TwoSat"
"diabetes",2,7,affine,1,"{""Affine"": 46}","affine_gf2","Gf2Gaussian"
"diabetes",2,7,smart_certified,5,"{""Affine"": 4, ""Horn"": 9, ""Unary"": 36}","uncommitted|horn|affine_gf2","Gf2Gaussian|StructuralHorn"
"diabetes",2,7,cals,5,"{""Square2Cnf"": 2, ""Unary"": 1}","uncommitted|two_sat","StructuralHorn|TwoSat"
"diabetes",2,7,cals_compact_explain,5,"{""Square2Cnf"": 10, ""Unary"": 4}","two_sat","TwoSat"
"diabetes",3,5,unary,1,"{""Unary"": 28}","uncommitted","StructuralHorn"
"diabetes",3,5,horn,1,"{""Horn"": 27}","horn","StructuralHorn"
"diabetes",3,5,antihorn,1,"{""AntiHorn"": 27}","antihorn","StructuralAntiHorn"
"diabetes",3,5,square2cnf,1,"{""Square2Cnf"": 27}","two_sat","TwoSat"
"diabetes",3,5,affine,1,"{""Affine"": 27}","affine_gf2","Gf2Gaussian"
"diabetes",3,5,smart_certified,5,"{""Horn"": 3, ""Unary"": 25}","uncommitted|horn","StructuralHorn"
"diabetes",3,5,cals,5,"{""Horn"": 3, ""Unary"": 1}","uncommitted|horn","StructuralHorn"
"diabetes",3,5,cals_compact_explain,5,"{""Horn"": 3, ""Unary"": 2}","uncommitted|horn","StructuralHorn"
"diabetes",3,7,unary,1,"{""Unary"": 66}","uncommitted","StructuralHorn"
"diabetes",3,7,horn,1,"{""Horn"": 62}","horn","StructuralHorn"
"diabetes",3,7,antihorn,1,"{""AntiHorn"": 62}","antihorn","StructuralAntiHorn"
"diabetes",3,7,square2cnf,1,"{""Square2Cnf"": 62}","two_sat","TwoSat"
"diabetes",3,7,affine,1,"{""Affine"": 60}","affine_gf2","Gf2Gaussian"
"diabetes",3,7,smart_certified,5,"{""Affine"": 1, ""Horn"": 12, ""Unary"": 49}","uncommitted|horn|affine_gf2","Gf2Gaussian|StructuralHorn"
"diabetes",3,7,cals,5,"{""Horn"": 3, ""Unary"": 1}","uncommitted|horn","StructuralHorn"
"diabetes",3,7,cals_compact_explain,5,"{""Horn"": 11, ""Unary"": 4}","uncommitted|horn","StructuralHorn"
"diabetes",4,5,unary,1,"{""Unary"": 24}","uncommitted","StructuralHorn"
"diabetes",4,5,horn,1,"{""Horn"": 25}","horn","StructuralHorn"
"diabetes",4,5,antihorn,1,"{""AntiHorn"": 25}","antihorn","StructuralAntiHorn"
"diabetes",4,5,square2cnf,1,"{""Square2Cnf"": 25}","two_sat","TwoSat"
"diabetes",4,5,affine,1,"{""Affine"": 27}","affine_gf2","Gf2Gaussian"
"diabetes",4,5,smart_certified,5,"{""Affine"": 1, ""Horn"": 4, ""Unary"": 19}","uncommitted|horn|affine_gf2","Gf2Gaussian|StructuralHorn"
"diabetes",4,5,cals,5,"{""Horn"": 1, ""Square2Cnf"": 3, ""Unary"": 3}","uncommitted|horn|two_sat","StructuralHorn|TwoSat"
"diabetes",4,5,cals_compact_explain,5,"{""Square2Cnf"": 3, ""Unary"": 1}","uncommitted|two_sat","StructuralHorn|TwoSat"
"diabetes",4,7,unary,1,"{""Unary"": 63}","uncommitted","StructuralHorn"
"diabetes",4,7,horn,1,"{""Horn"": 54}","horn","StructuralHorn"
"diabetes",4,7,antihorn,1,"{""AntiHorn"": 54}","antihorn","StructuralAntiHorn"
"diabetes",4,7,square2cnf,1,"{""Square2Cnf"": 54}","two_sat","TwoSat"
"diabetes",4,7,affine,1,"{""Affine"": 63}","affine_gf2","Gf2Gaussian"
"diabetes",4,7,smart_certified,5,"{""Affine"": 2, ""Horn"": 15, ""Square2Cnf"": 1, ""Unary"": 38}","uncommitted|horn|two_sat|affine_gf2","Gf2Gaussian|StructuralHorn|TwoSat"
"diabetes",4,7,cals,5,"{""Horn"": 4, ""Square2Cnf"": 3, ""Unary"": 3}","uncommitted|horn|two_sat","StructuralHorn|TwoSat"
"diabetes",4,7,cals_compact_explain,5,"{""Square2Cnf"": 3, ""Unary"": 1}","uncommitted|two_sat","StructuralHorn|TwoSat"
"diabetes",5,5,unary,1,"{""Unary"": 23}","uncommitted","StructuralHorn"
"diabetes",5,5,horn,1,"{""Horn"": 25}","horn","StructuralHorn"
"diabetes",5,5,antihorn,1,"{""AntiHorn"": 25}","antihorn","StructuralAntiHorn"
"diabetes",5,5,square2cnf,1,"{""Square2Cnf"": 25}","two_sat","TwoSat"
"diabetes",5,5,affine,1,"{""Affine"": 24}","affine_gf2","Gf2Gaussian"
"diabetes",5,5,smart_certified,5,"{""Affine"": 3, ""Horn"": 2, ""Unary"": 17}","uncommitted|horn|affine_gf2","Gf2Gaussian|StructuralHorn"
"diabetes",5,5,cals,5,"{""Horn"": 4, ""Unary"": 1}","uncommitted|horn","StructuralHorn"
"diabetes",5,5,cals_compact_explain,5,"{""Horn"": 1, ""Unary"": 1}","uncommitted|horn","StructuralHorn"
"diabetes",5,7,unary,1,"{""Unary"": 52}","uncommitted","StructuralHorn"
"diabetes",5,7,horn,1,"{""Horn"": 59}","horn","StructuralHorn"
"diabetes",5,7,antihorn,1,"{""AntiHorn"": 59}","antihorn","StructuralAntiHorn"
"diabetes",5,7,square2cnf,1,"{""Square2Cnf"": 59}","two_sat","TwoSat"
"diabetes",5,7,affine,1,"{""Affine"": 57}","affine_gf2","Gf2Gaussian"
"diabetes",5,7,smart_certified,5,"{""Affine"": 7, ""Horn"": 3, ""Unary"": 42}","uncommitted|horn|affine_gf2","Gf2Gaussian|StructuralHorn"
"diabetes",5,7,cals,5,"{""Horn"": 10, ""Unary"": 2}","horn","StructuralHorn"
"diabetes",5,7,cals_compact_explain,5,"{""Horn"": 8, ""Unary"": 2}","uncommitted|horn","StructuralHorn"
"diabetes",6,5,unary,1,"{""Unary"": 26}","uncommitted","StructuralHorn"
"diabetes",6,5,horn,1,"{""Horn"": 23}","horn","StructuralHorn"
"diabetes",6,5,antihorn,1,"{""AntiHorn"": 23}","antihorn","StructuralAntiHorn"
"diabetes",6,5,square2cnf,1,"{""Square2Cnf"": 23}","two_sat","TwoSat"
"diabetes",6,5,affine,1,"{""Affine"": 24}","affine_gf2","Gf2Gaussian"
"diabetes",6,5,smart_certified,5,"{""Horn"": 2, ""Unary"": 23}","uncommitted|horn","StructuralHorn"
"diabetes",6,5,cals,5,"{""Horn"": 4, ""Unary"": 1}","uncommitted|horn","StructuralHorn"
"diabetes",6,5,cals_compact_explain,5,"{""Horn"": 3, ""Unary"": 2}","uncommitted|horn","StructuralHorn"
"diabetes",6,7,unary,1,"{""Unary"": 61}","uncommitted","StructuralHorn"
"diabetes",6,7,horn,1,"{""Horn"": 51}","horn","StructuralHorn"
"diabetes",6,7,antihorn,1,"{""AntiHorn"": 51}","antihorn","StructuralAntiHorn"
"diabetes",6,7,square2cnf,1,"{""Square2Cnf"": 51}","two_sat","TwoSat"
"diabetes",6,7,affine,1,"{""Affine"": 57}","affine_gf2","Gf2Gaussian"
"diabetes",6,7,smart_certified,5,"{""Affine"": 2, ""Horn"": 11, ""Unary"": 41}","uncommitted|horn|affine_gf2","Gf2Gaussian|StructuralHorn"
"diabetes",6,7,cals,5,"{""Horn"": 8, ""Unary"": 2}","uncommitted|horn","StructuralHorn"
"diabetes",6,7,cals_compact_explain,5,"{""Horn"": 3, ""Unary"": 2}","uncommitted|horn","StructuralHorn"
"diabetes",7,5,unary,1,"{""Unary"": 23}","uncommitted","StructuralHorn"
"diabetes",7,5,horn,1,"{""Horn"": 24}","horn","StructuralHorn"
"diabetes",7,5,antihorn,1,"{""AntiHorn"": 24}","antihorn","StructuralAntiHorn"
"diabetes",7,5,square2cnf,1,"{""Square2Cnf"": 24}","two_sat","TwoSat"
"diabetes",7,5,affine,1,"{""Affine"": 20}","affine_gf2","Gf2Gaussian"
"diabetes",7,5,smart_certified,5,"{""Unary"": 23}","uncommitted","StructuralHorn"
"diabetes",7,5,cals,5,"{""Square2Cnf"": 8}","two_sat","TwoSat"
"diabetes",7,5,cals_compact_explain,5,"{""Square2Cnf"": 2}","two_sat","TwoSat"
"diabetes",7,7,unary,1,"{""Unary"": 53}","uncommitted","StructuralHorn"
"diabetes",7,7,horn,1,"{""Horn"": 53}","horn","StructuralHorn"
"diabetes",7,7,antihorn,1,"{""AntiHorn"": 53}","antihorn","StructuralAntiHorn"
"diabetes",7,7,square2cnf,1,"{""Square2Cnf"": 53}","two_sat","TwoSat"
"diabetes",7,7,affine,1,"{""Affine"": 46}","affine_gf2","Gf2Gaussian"
"diabetes",7,7,smart_certified,5,"{""Affine"": 6, ""Horn"": 7, ""Unary"": 36}","uncommitted|horn|affine_gf2","Gf2Gaussian|StructuralHorn"
"diabetes",7,7,cals,5,"{""Square2Cnf"": 11}","two_sat","TwoSat"
"diabetes",7,7,cals_compact_explain,5,"{""Square2Cnf"": 14, ""Unary"": 2}","two_sat","TwoSat"
"diabetes",8,5,unary,1,"{""Unary"": 26}","uncommitted","StructuralHorn"
"diabetes",8,5,horn,1,"{""Horn"": 26}","horn","StructuralHorn"
"diabetes",8,5,antihorn,1,"{""AntiHorn"": 26}","antihorn","StructuralAntiHorn"
"diabetes",8,5,square2cnf,1,"{""Square2Cnf"": 26}","two_sat","TwoSat"
"diabetes",8,5,affine,1,"{""Affine"": 26}","affine_gf2","Gf2Gaussian"
"diabetes",8,5,smart_certified,5,"{""Unary"": 26}","uncommitted","StructuralHorn"
"diabetes",8,5,cals,5,"{""Horn"": 2, ""Unary"": 1}","uncommitted|horn","StructuralHorn"
"diabetes",8,5,cals_compact_explain,5,"{""Horn"": 3, ""Unary"": 3}","uncommitted|horn","StructuralHorn"
"diabetes",8,7,unary,1,"{""Unary"": 60}","uncommitted","StructuralHorn"
"diabetes",8,7,horn,1,"{""Horn"": 50}","horn","StructuralHorn"
"diabetes",8,7,antihorn,1,"{""AntiHorn"": 50}","antihorn","StructuralAntiHorn"
"diabetes",8,7,square2cnf,1,"{""Square2Cnf"": 49}","two_sat","TwoSat"
"diabetes",8,7,affine,1,"{""Affine"": 56}","affine_gf2","Gf2Gaussian"
"diabetes",8,7,smart_certified,5,"{""Affine"": 6, ""Horn"": 6, ""Unary"": 47}","uncommitted|horn|affine_gf2","Gf2Gaussian|StructuralHorn"
"diabetes",8,7,cals,5,"{""Horn"": 2, ""Unary"": 1}","uncommitted|horn","StructuralHorn"
"diabetes",8,7,cals_compact_explain,5,"{""Horn"": 3, ""Unary"": 3}","uncommitted|horn","StructuralHorn"
"diabetes",9,5,unary,1,"{""Unary"": 28}","uncommitted","StructuralHorn"
"diabetes",9,5,horn,1,"{""Horn"": 27}","horn","StructuralHorn"
"diabetes",9,5,antihorn,1,"{""AntiHorn"": 27}","antihorn","StructuralAntiHorn"
"diabetes",9,5,square2cnf,1,"{""Square2Cnf"": 27}","two_sat","TwoSat"
"diabetes",9,5,affine,1,"{""Affine"": 23}","affine_gf2","Gf2Gaussian"
"diabetes",9,5,smart_certified,5,"{""Affine"": 2, ""Horn"": 2, ""Unary"": 24}","uncommitted|horn|affine_gf2","Gf2Gaussian|StructuralHorn"
"diabetes",9,5,cals,5,"{""Horn"": 1, ""Unary"": 2}","uncommitted|horn","StructuralHorn"
"diabetes",9,5,cals_compact_explain,5,"{""Horn"": 1, ""Unary"": 2}","uncommitted|horn","StructuralHorn"
"diabetes",9,7,unary,1,"{""Unary"": 57}","uncommitted","StructuralHorn"
"diabetes",9,7,horn,1,"{""Horn"": 53}","horn","StructuralHorn"
"diabetes",9,7,antihorn,1,"{""AntiHorn"": 53}","antihorn","StructuralAntiHorn"
"diabetes",9,7,square2cnf,1,"{""Square2Cnf"": 53}","two_sat","TwoSat"
"diabetes",9,7,affine,1,"{""Affine"": 53}","affine_gf2","Gf2Gaussian"
"diabetes",9,7,smart_certified,5,"{""Affine"": 5, ""Horn"": 8, ""Unary"": 44}","uncommitted|horn|affine_gf2","Gf2Gaussian|StructuralHorn"
"diabetes",9,7,cals,5,"{""Horn"": 5, ""Square2Cnf"": 5, ""Unary"": 3}","uncommitted|horn|two_sat","StructuralHorn|TwoSat"
"diabetes",9,7,cals_compact_explain,5,"{""Horn"": 7, ""Unary"": 3}","uncommitted|horn","StructuralHorn"
"forest-fires-un",0,5,unary,1,"{""Unary"": 5}","uncommitted","StructuralHorn"
"forest-fires-un",0,5,horn,1,"{""Horn"": 5}","horn","StructuralHorn"
"forest-fires-un",0,5,antihorn,1,"{""AntiHorn"": 6}","antihorn","StructuralAntiHorn"
"forest-fires-un",0,5,square2cnf,1,"{""Square2Cnf"": 7}","two_sat","TwoSat"
"forest-fires-un",0,5,affine,1,"{""Affine"": 6}","affine_gf2","Gf2Gaussian"
"forest-fires-un",0,5,smart_certified,5,"{""Unary"": 5}","uncommitted","StructuralHorn"
"forest-fires-un",0,5,cals,5,"{}","uncommitted","StructuralHorn"
"forest-fires-un",0,5,cals_compact_explain,5,"{""Affine"": 1}","affine_gf2","Gf2Gaussian"
"forest-fires-un",0,7,unary,1,"{""Unary"": 9}","uncommitted","StructuralHorn"
"forest-fires-un",0,7,horn,1,"{""Horn"": 9}","horn","StructuralHorn"
"forest-fires-un",0,7,antihorn,1,"{""AntiHorn"": 10}","antihorn","StructuralAntiHorn"
"forest-fires-un",0,7,square2cnf,1,"{""Square2Cnf"": 11}","two_sat","TwoSat"
"forest-fires-un",0,7,affine,1,"{""Affine"": 10}","affine_gf2","Gf2Gaussian"
"forest-fires-un",0,7,smart_certified,5,"{""Affine"": 2, ""Unary"": 7}","uncommitted|affine_gf2","Gf2Gaussian|StructuralHorn"
"forest-fires-un",0,7,cals,5,"{}","uncommitted","StructuralHorn"
"forest-fires-un",0,7,cals_compact_explain,5,"{""Affine"": 1}","affine_gf2","Gf2Gaussian"
"forest-fires-un",1,5,unary,1,"{""Unary"": 8}","uncommitted","StructuralHorn"
"forest-fires-un",1,5,horn,1,"{""Horn"": 8}","horn","StructuralHorn"
"forest-fires-un",1,5,antihorn,1,"{""AntiHorn"": 8}","antihorn","StructuralAntiHorn"
"forest-fires-un",1,5,square2cnf,1,"{""Square2Cnf"": 8}","two_sat","TwoSat"
"forest-fires-un",1,5,affine,1,"{""Affine"": 8}","affine_gf2","Gf2Gaussian"
"forest-fires-un",1,5,smart_certified,5,"{""Affine"": 2, ""Unary"": 6}","uncommitted|affine_gf2","Gf2Gaussian|StructuralHorn"
"forest-fires-un",1,5,cals,5,"{}","uncommitted","StructuralHorn"
"forest-fires-un",1,5,cals_compact_explain,5,"{""AntiHorn"": 1}","antihorn","StructuralAntiHorn"
"forest-fires-un",1,7,unary,1,"{""Unary"": 12}","uncommitted","StructuralHorn"
"forest-fires-un",1,7,horn,1,"{""Horn"": 12}","horn","StructuralHorn"
"forest-fires-un",1,7,antihorn,1,"{""AntiHorn"": 12}","antihorn","StructuralAntiHorn"
"forest-fires-un",1,7,square2cnf,1,"{""Square2Cnf"": 12}","two_sat","TwoSat"
"forest-fires-un",1,7,affine,1,"{""Affine"": 10}","affine_gf2","Gf2Gaussian"
"forest-fires-un",1,7,smart_certified,5,"{""Affine"": 2, ""Unary"": 8}","uncommitted|affine_gf2","Gf2Gaussian|StructuralHorn"
"forest-fires-un",1,7,cals,5,"{}","uncommitted","StructuralHorn"
"forest-fires-un",1,7,cals_compact_explain,5,"{""AntiHorn"": 1}","antihorn","StructuralAntiHorn"
"forest-fires-un",2,5,unary,1,"{""Unary"": 6}","uncommitted","StructuralHorn"
"forest-fires-un",2,5,horn,1,"{""Horn"": 10}","horn","StructuralHorn"
"forest-fires-un",2,5,antihorn,1,"{""AntiHorn"": 8}","antihorn","StructuralAntiHorn"
"forest-fires-un",2,5,square2cnf,1,"{""Square2Cnf"": 7}","two_sat","TwoSat"
"forest-fires-un",2,5,affine,1,"{""Affine"": 8}","affine_gf2","Gf2Gaussian"
"forest-fires-un",2,5,smart_certified,5,"{""AntiHorn"": 1, ""Unary"": 5}","uncommitted|antihorn","StructuralAntiHorn|StructuralHorn"
"forest-fires-un",2,5,cals,5,"{}","uncommitted","StructuralHorn"
"forest-fires-un",2,5,cals_compact_explain,5,"{""Affine"": 1}","affine_gf2","Gf2Gaussian"
"forest-fires-un",2,7,unary,1,"{""Unary"": 13}","uncommitted","StructuralHorn"
"forest-fires-un",2,7,horn,1,"{""Horn"": 16}","horn","StructuralHorn"
"forest-fires-un",2,7,antihorn,1,"{""AntiHorn"": 12}","antihorn","StructuralAntiHorn"
"forest-fires-un",2,7,square2cnf,1,"{""Square2Cnf"": 12}","two_sat","TwoSat"
"forest-fires-un",2,7,affine,1,"{""Affine"": 13}","affine_gf2","Gf2Gaussian"
"forest-fires-un",2,7,smart_certified,5,"{""Affine"": 1, ""AntiHorn"": 2, ""Unary"": 10}","uncommitted|antihorn|affine_gf2","Gf2Gaussian|StructuralAntiHorn|StructuralHorn"
"forest-fires-un",2,7,cals,5,"{}","uncommitted","StructuralHorn"
"forest-fires-un",2,7,cals_compact_explain,5,"{""Affine"": 1}","affine_gf2","Gf2Gaussian"
"forest-fires-un",3,5,unary,1,"{""Unary"": 8}","uncommitted","StructuralHorn"
"forest-fires-un",3,5,horn,1,"{""Horn"": 8}","horn","StructuralHorn"
"forest-fires-un",3,5,antihorn,1,"{""AntiHorn"": 11}","antihorn","StructuralAntiHorn"
"forest-fires-un",3,5,square2cnf,1,"{""Square2Cnf"": 11}","two_sat","TwoSat"
"forest-fires-un",3,5,affine,1,"{""Affine"": 6}","affine_gf2","Gf2Gaussian"
"forest-fires-un",3,5,smart_certified,5,"{""Affine"": 1, ""Unary"": 7}","uncommitted|affine_gf2","Gf2Gaussian|StructuralHorn"
"forest-fires-un",3,5,cals,5,"{""Affine"": 6}","affine_gf2","Gf2Gaussian"
"forest-fires-un",3,5,cals_compact_explain,5,"{""Affine"": 1}","affine_gf2","Gf2Gaussian"
"forest-fires-un",3,7,unary,1,"{""Unary"": 13}","uncommitted","StructuralHorn"
"forest-fires-un",3,7,horn,1,"{""Horn"": 13}","horn","StructuralHorn"
"forest-fires-un",3,7,antihorn,1,"{""AntiHorn"": 15}","antihorn","StructuralAntiHorn"
"forest-fires-un",3,7,square2cnf,1,"{""Square2Cnf"": 15}","two_sat","TwoSat"
"forest-fires-un",3,7,affine,1,"{""Affine"": 11}","affine_gf2","Gf2Gaussian"
"forest-fires-un",3,7,smart_certified,5,"{""Affine"": 2, ""Unary"": 9}","uncommitted|affine_gf2","Gf2Gaussian|StructuralHorn"
"forest-fires-un",3,7,cals,5,"{""Affine"": 6}","affine_gf2","Gf2Gaussian"
"forest-fires-un",3,7,cals_compact_explain,5,"{""Affine"": 1}","affine_gf2","Gf2Gaussian"
"forest-fires-un",4,5,unary,1,"{""Unary"": 10}","uncommitted","StructuralHorn"
"forest-fires-un",4,5,horn,1,"{""Horn"": 9}","horn","StructuralHorn"
"forest-fires-un",4,5,antihorn,1,"{""AntiHorn"": 12}","antihorn","StructuralAntiHorn"
"forest-fires-un",4,5,square2cnf,1,"{""Square2Cnf"": 10}","two_sat","TwoSat"
"forest-fires-un",4,5,affine,1,"{""Affine"": 12}","affine_gf2","Gf2Gaussian"
"forest-fires-un",4,5,smart_certified,5,"{""Affine"": 3, ""Unary"": 7}","uncommitted|affine_gf2","Gf2Gaussian|StructuralHorn"
"forest-fires-un",4,5,cals,5,"{""AntiHorn"": 4}","antihorn","StructuralAntiHorn"
"forest-fires-un",4,5,cals_compact_explain,5,"{""AntiHorn"": 1}","antihorn","StructuralAntiHorn"
"forest-fires-un",4,7,unary,1,"{""Unary"": 19}","uncommitted","StructuralHorn"
"forest-fires-un",4,7,horn,1,"{""Horn"": 16}","horn","StructuralHorn"
"forest-fires-un",4,7,antihorn,1,"{""AntiHorn"": 17}","antihorn","StructuralAntiHorn"
"forest-fires-un",4,7,square2cnf,1,"{""Square2Cnf"": 15}","two_sat","TwoSat"
"forest-fires-un",4,7,affine,1,"{""Affine"": 15}","affine_gf2","Gf2Gaussian"
"forest-fires-un",4,7,smart_certified,5,"{""Affine"": 5, ""Unary"": 11}","uncommitted|affine_gf2","Gf2Gaussian|StructuralHorn"
"forest-fires-un",4,7,cals,5,"{""AntiHorn"": 7}","antihorn","StructuralAntiHorn"
"forest-fires-un",4,7,cals_compact_explain,5,"{""AntiHorn"": 1}","antihorn","StructuralAntiHorn"
"forest-fires-un",5,5,unary,1,"{""Unary"": 6}","uncommitted","StructuralHorn"
"forest-fires-un",5,5,horn,1,"{""Horn"": 6}","horn","StructuralHorn"
"forest-fires-un",5,5,antihorn,1,"{""AntiHorn"": 8}","antihorn","StructuralAntiHorn"
"forest-fires-un",5,5,square2cnf,1,"{""Square2Cnf"": 8}","two_sat","TwoSat"
"forest-fires-un",5,5,affine,1,"{""Affine"": 6}","affine_gf2","Gf2Gaussian"
"forest-fires-un",5,5,smart_certified,5,"{""Unary"": 6}","uncommitted","StructuralHorn"
"forest-fires-un",5,5,cals,5,"{""AntiHorn"": 2}","antihorn","StructuralAntiHorn"
"forest-fires-un",5,5,cals_compact_explain,5,"{""AntiHorn"": 1}","antihorn","StructuralAntiHorn"
"forest-fires-un",5,7,unary,1,"{""Unary"": 8}","uncommitted","StructuralHorn"
"forest-fires-un",5,7,horn,1,"{""Horn"": 8}","horn","StructuralHorn"
"forest-fires-un",5,7,antihorn,1,"{""AntiHorn"": 12}","antihorn","StructuralAntiHorn"
"forest-fires-un",5,7,square2cnf,1,"{""Square2Cnf"": 12}","two_sat","TwoSat"
"forest-fires-un",5,7,affine,1,"{""Affine"": 8}","affine_gf2","Gf2Gaussian"
"forest-fires-un",5,7,smart_certified,5,"{""Unary"": 8}","uncommitted","StructuralHorn"
"forest-fires-un",5,7,cals,5,"{""AntiHorn"": 2}","antihorn","StructuralAntiHorn"
"forest-fires-un",5,7,cals_compact_explain,5,"{""AntiHorn"": 1}","antihorn","StructuralAntiHorn"
"forest-fires-un",6,5,unary,1,"{""Unary"": 6}","uncommitted","StructuralHorn"
"forest-fires-un",6,5,horn,1,"{""Horn"": 6}","horn","StructuralHorn"
"forest-fires-un",6,5,antihorn,1,"{""AntiHorn"": 7}","antihorn","StructuralAntiHorn"
"forest-fires-un",6,5,square2cnf,1,"{""Square2Cnf"": 7}","two_sat","TwoSat"
"forest-fires-un",6,5,affine,1,"{""Affine"": 8}","affine_gf2","Gf2Gaussian"
"forest-fires-un",6,5,smart_certified,5,"{""Unary"": 6}","uncommitted","StructuralHorn"
"forest-fires-un",6,5,cals,5,"{""AntiHorn"": 3}","antihorn","StructuralAntiHorn"
"forest-fires-un",6,5,cals_compact_explain,5,"{""AntiHorn"": 1}","antihorn","StructuralAntiHorn"
"forest-fires-un",6,7,unary,1,"{""Unary"": 11}","uncommitted","StructuralHorn"
"forest-fires-un",6,7,horn,1,"{""Horn"": 10}","horn","StructuralHorn"
"forest-fires-un",6,7,antihorn,1,"{""AntiHorn"": 11}","antihorn","StructuralAntiHorn"
"forest-fires-un",6,7,square2cnf,1,"{""Square2Cnf"": 11}","two_sat","TwoSat"
"forest-fires-un",6,7,affine,1,"{""Affine"": 13}","affine_gf2","Gf2Gaussian"
"forest-fires-un",6,7,smart_certified,5,"{""Affine"": 2, ""Unary"": 9}","uncommitted|affine_gf2","Gf2Gaussian|StructuralHorn"
"forest-fires-un",6,7,cals,5,"{""AntiHorn"": 9}","antihorn","StructuralAntiHorn"
"forest-fires-un",6,7,cals_compact_explain,5,"{""AntiHorn"": 1}","antihorn","StructuralAntiHorn"
"forest-fires-un",7,5,unary,1,"{""Unary"": 5}","uncommitted","StructuralHorn"
"forest-fires-un",7,5,horn,1,"{""Horn"": 5}","horn","StructuralHorn"
"forest-fires-un",7,5,antihorn,1,"{""AntiHorn"": 8}","antihorn","StructuralAntiHorn"
"forest-fires-un",7,5,square2cnf,1,"{""Square2Cnf"": 8}","two_sat","TwoSat"
"forest-fires-un",7,5,affine,1,"{""Affine"": 8}","affine_gf2","Gf2Gaussian"
"forest-fires-un",7,5,smart_certified,5,"{""Unary"": 5}","uncommitted","StructuralHorn"
"forest-fires-un",7,5,cals,5,"{""AntiHorn"": 4}","antihorn","StructuralAntiHorn"
"forest-fires-un",7,5,cals_compact_explain,5,"{""AntiHorn"": 1}","antihorn","StructuralAntiHorn"
"forest-fires-un",7,7,unary,1,"{""Unary"": 10}","uncommitted","StructuralHorn"
"forest-fires-un",7,7,horn,1,"{""Horn"": 9}","horn","StructuralHorn"
"forest-fires-un",7,7,antihorn,1,"{""AntiHorn"": 15}","antihorn","StructuralAntiHorn"
"forest-fires-un",7,7,square2cnf,1,"{""Square2Cnf"": 15}","two_sat","TwoSat"
"forest-fires-un",7,7,affine,1,"{""Affine"": 14}","affine_gf2","Gf2Gaussian"
"forest-fires-un",7,7,smart_certified,5,"{""Affine"": 1, ""AntiHorn"": 1, ""Unary"": 7}","uncommitted|antihorn|affine_gf2","Gf2Gaussian|StructuralAntiHorn|StructuralHorn"
"forest-fires-un",7,7,cals,5,"{""AntiHorn"": 7}","antihorn","StructuralAntiHorn"
"forest-fires-un",7,7,cals_compact_explain,5,"{""AntiHorn"": 1}","antihorn","StructuralAntiHorn"
"forest-fires-un",8,5,unary,1,"{""Unary"": 8}","uncommitted","StructuralHorn"
"forest-fires-un",8,5,horn,1,"{""Horn"": 8}","horn","StructuralHorn"
"forest-fires-un",8,5,antihorn,1,"{""AntiHorn"": 10}","antihorn","StructuralAntiHorn"
"forest-fires-un",8,5,square2cnf,1,"{""Square2Cnf"": 10}","two_sat","TwoSat"
"forest-fires-un",8,5,affine,1,"{""Affine"": 7}","affine_gf2","Gf2Gaussian"
"forest-fires-un",8,5,smart_certified,5,"{""Affine"": 2, ""AntiHorn"": 1, ""Unary"": 5}","uncommitted|antihorn|affine_gf2","Gf2Gaussian|StructuralAntiHorn|StructuralHorn"
"forest-fires-un",8,5,cals,5,"{}","uncommitted","StructuralHorn"
"forest-fires-un",8,5,cals_compact_explain,5,"{""AntiHorn"": 1}","antihorn","StructuralAntiHorn"
"forest-fires-un",8,7,unary,1,"{""Unary"": 16}","uncommitted","StructuralHorn"
"forest-fires-un",8,7,horn,1,"{""Horn"": 16}","horn","StructuralHorn"
"forest-fires-un",8,7,antihorn,1,"{""AntiHorn"": 16}","antihorn","StructuralAntiHorn"
"forest-fires-un",8,7,square2cnf,1,"{""Square2Cnf"": 17}","two_sat","TwoSat"
"forest-fires-un",8,7,affine,1,"{""Affine"": 12}","affine_gf2","Gf2Gaussian"
"forest-fires-un",8,7,smart_certified,5,"{""Affine"": 2, ""AntiHorn"": 3, ""Unary"": 9}","uncommitted|antihorn|affine_gf2","Gf2Gaussian|StructuralAntiHorn|StructuralHorn"
"forest-fires-un",8,7,cals,5,"{}","uncommitted","StructuralHorn"
"forest-fires-un",8,7,cals_compact_explain,5,"{""AntiHorn"": 1}","antihorn","StructuralAntiHorn"
"forest-fires-un",9,5,unary,1,"{""Unary"": 5}","uncommitted","StructuralHorn"
"forest-fires-un",9,5,horn,1,"{""Horn"": 5}","horn","StructuralHorn"
"forest-fires-un",9,5,antihorn,1,"{""AntiHorn"": 5}","antihorn","StructuralAntiHorn"
"forest-fires-un",9,5,square2cnf,1,"{""Square2Cnf"": 5}","two_sat","TwoSat"
"forest-fires-un",9,5,affine,1,"{""Affine"": 5}","affine_gf2","Gf2Gaussian"
"forest-fires-un",9,5,smart_certified,5,"{""Unary"": 5}","uncommitted","StructuralHorn"
"forest-fires-un",9,5,cals,5,"{""AntiHorn"": 4}","antihorn","StructuralAntiHorn"
"forest-fires-un",9,5,cals_compact_explain,5,"{""AntiHorn"": 2}","antihorn","StructuralAntiHorn"
"forest-fires-un",9,7,unary,1,"{""Unary"": 7}","uncommitted","StructuralHorn"
"forest-fires-un",9,7,horn,1,"{""Horn"": 7}","horn","StructuralHorn"
"forest-fires-un",9,7,antihorn,1,"{""AntiHorn"": 8}","antihorn","StructuralAntiHorn"
"forest-fires-un",9,7,square2cnf,1,"{""Square2Cnf"": 8}","two_sat","TwoSat"
"forest-fires-un",9,7,affine,1,"{""Affine"": 8}","affine_gf2","Gf2Gaussian"
"forest-fires-un",9,7,smart_certified,5,"{""Unary"": 7}","uncommitted","StructuralHorn"
"forest-fires-un",9,7,cals,5,"{""AntiHorn"": 8}","antihorn","StructuralAntiHorn"
"forest-fires-un",9,7,cals_compact_explain,5,"{""AntiHorn"": 2}","antihorn","StructuralAntiHorn"
"german-credit",0,5,unary,1,"{""Unary"": 22}","uncommitted","StructuralHorn"
"german-credit",0,5,horn,1,"{""Horn"": 22}","horn","StructuralHorn"
"german-credit",0,5,antihorn,1,"{""AntiHorn"": 25}","antihorn","StructuralAntiHorn"
"german-credit",0,5,square2cnf,1,"{""Square2Cnf"": 26}","two_sat","TwoSat"
"german-credit",0,5,affine,1,"{""Affine"": 27}","affine_gf2","Gf2Gaussian"
"german-credit",0,5,smart_certified,5,"{""Affine"": 1, ""AntiHorn"": 2, ""Horn"": 2, ""Unary"": 17}","uncommitted|horn|antihorn|affine_gf2","Gf2Gaussian|StructuralAntiHorn|StructuralHorn"
"german-credit",0,5,cals,5,"{""Square2Cnf"": 5}","two_sat","TwoSat"
"german-credit",0,5,cals_compact_explain,5,"{""Square2Cnf"": 4}","two_sat","TwoSat"
"german-credit",0,7,unary,1,"{""Unary"": 45}","uncommitted","StructuralHorn"
"german-credit",0,7,horn,1,"{""Horn"": 46}","horn","StructuralHorn"
"german-credit",0,7,antihorn,1,"{""AntiHorn"": 52}","antihorn","StructuralAntiHorn"
"german-credit",0,7,square2cnf,1,"{""Square2Cnf"": 54}","two_sat","TwoSat"
"german-credit",0,7,affine,1,"{""Affine"": 54}","affine_gf2","Gf2Gaussian"
"german-credit",0,7,smart_certified,5,"{""Affine"": 2, ""AntiHorn"": 3, ""Horn"": 3, ""Unary"": 35}","uncommitted|horn|antihorn|affine_gf2","Gf2Gaussian|StructuralAntiHorn|StructuralHorn"
"german-credit",0,7,cals,5,"{""Square2Cnf"": 15}","two_sat","TwoSat"
"german-credit",0,7,cals_compact_explain,5,"{""Square2Cnf"": 9, ""Unary"": 2}","two_sat","TwoSat"
"german-credit",1,5,unary,1,"{""Unary"": 26}","uncommitted","StructuralHorn"
"german-credit",1,5,horn,1,"{""Horn"": 24}","horn","StructuralHorn"
"german-credit",1,5,antihorn,1,"{""AntiHorn"": 27}","antihorn","StructuralAntiHorn"
"german-credit",1,5,square2cnf,1,"{""Square2Cnf"": 26}","two_sat","TwoSat"
"german-credit",1,5,affine,1,"{""Affine"": 25}","affine_gf2","Gf2Gaussian"
"german-credit",1,5,smart_certified,5,"{""Affine"": 1, ""Horn"": 4, ""Unary"": 21}","uncommitted|horn|affine_gf2","Gf2Gaussian|StructuralHorn"
"german-credit",1,5,cals,5,"{""Square2Cnf"": 5}","two_sat","TwoSat"
"german-credit",1,5,cals_compact_explain,5,"{""Square2Cnf"": 2}","two_sat","TwoSat"
"german-credit",1,7,unary,1,"{""Unary"": 61}","uncommitted","StructuralHorn"
"german-credit",1,7,horn,1,"{""Horn"": 45}","horn","StructuralHorn"
"german-credit",1,7,antihorn,1,"{""AntiHorn"": 56}","antihorn","StructuralAntiHorn"
"german-credit",1,7,square2cnf,1,"{""Square2Cnf"": 58}","two_sat","TwoSat"
"german-credit",1,7,affine,1,"{""Affine"": 59}","affine_gf2","Gf2Gaussian"
"german-credit",1,7,smart_certified,5,"{""Affine"": 3, ""AntiHorn"": 1, ""Horn"": 12, ""Unary"": 38}","uncommitted|horn|antihorn|affine_gf2","Gf2Gaussian|StructuralAntiHorn|StructuralHorn"
"german-credit",1,7,cals,5,"{""Square2Cnf"": 12}","two_sat","TwoSat"
"german-credit",1,7,cals_compact_explain,5,"{""Square2Cnf"": 7, ""Unary"": 1}","two_sat","TwoSat"
"german-credit",2,5,unary,1,"{""Unary"": 29}","uncommitted","StructuralHorn"
"german-credit",2,5,horn,1,"{""Horn"": 22}","horn","StructuralHorn"
"german-credit",2,5,antihorn,1,"{""AntiHorn"": 25}","antihorn","StructuralAntiHorn"
"german-credit",2,5,square2cnf,1,"{""Square2Cnf"": 25}","two_sat","TwoSat"
"german-credit",2,5,affine,1,"{""Affine"": 28}","affine_gf2","Gf2Gaussian"
"german-credit",2,5,smart_certified,5,"{""Affine"": 2, ""Horn"": 3, ""Unary"": 24}","uncommitted|horn|affine_gf2","Gf2Gaussian|StructuralHorn"
"german-credit",2,5,cals,5,"{""Horn"": 3}","horn","StructuralHorn"
"german-credit",2,5,cals_compact_explain,5,"{""Horn"": 2}","horn","StructuralHorn"
"german-credit",2,7,unary,1,"{""Unary"": 56}","uncommitted","StructuralHorn"
"german-credit",2,7,horn,1,"{""Horn"": 43}","horn","StructuralHorn"
"german-credit",2,7,antihorn,1,"{""AntiHorn"": 53}","antihorn","StructuralAntiHorn"
"german-credit",2,7,square2cnf,1,"{""Square2Cnf"": 53}","two_sat","TwoSat"
"german-credit",2,7,affine,1,"{""Affine"": 57}","affine_gf2","Gf2Gaussian"
"german-credit",2,7,smart_certified,5,"{""Affine"": 2, ""AntiHorn"": 3, ""Horn"": 4, ""Square2Cnf"": 1, ""Unary"": 40}","uncommitted|horn|antihorn|two_sat|affine_gf2","Gf2Gaussian|StructuralAntiHorn|StructuralHorn|TwoSat"
"german-credit",2,7,cals,5,"{""Horn"": 5, ""Unary"": 3}","horn","StructuralHorn"
"german-credit",2,7,cals_compact_explain,5,"{""Horn"": 9, ""Unary"": 1}","horn","StructuralHorn"
"german-credit",3,5,unary,1,"{""Unary"": 24}","uncommitted","StructuralHorn"
"german-credit",3,5,horn,1,"{""Horn"": 24}","horn","StructuralHorn"
"german-credit",3,5,antihorn,1,"{""AntiHorn"": 24}","antihorn","StructuralAntiHorn"
"german-credit",3,5,square2cnf,1,"{""Square2Cnf"": 27}","two_sat","TwoSat"
"german-credit",3,5,affine,1,"{""Affine"": 23}","affine_gf2","Gf2Gaussian"
"german-credit",3,5,smart_certified,5,"{""Affine"": 1, ""AntiHorn"": 4, ""Horn"": 1, ""Square2Cnf"": 1, ""Unary"": 15}","uncommitted|horn|antihorn|two_sat|affine_gf2","Gf2Gaussian|StructuralAntiHorn|StructuralHorn|TwoSat"
"german-credit",3,5,cals,5,"{""Horn"": 5}","horn","StructuralHorn"
"german-credit",3,5,cals_compact_explain,5,"{""Horn"": 6}","horn","StructuralHorn"
"german-credit",3,7,unary,1,"{""Unary"": 53}","uncommitted","StructuralHorn"
"german-credit",3,7,horn,1,"{""Horn"": 53}","horn","StructuralHorn"
"german-credit",3,7,antihorn,1,"{""AntiHorn"": 56}","antihorn","StructuralAntiHorn"
"german-credit",3,7,square2cnf,1,"{""Square2Cnf"": 49}","two_sat","TwoSat"
"german-credit",3,7,affine,1,"{""Affine"": 53}","affine_gf2","Gf2Gaussian"
"german-credit",3,7,smart_certified,5,"{""Affine"": 1, ""AntiHorn"": 8, ""Horn"": 5, ""Square2Cnf"": 1, ""Unary"": 30}","uncommitted|horn|antihorn|two_sat|affine_gf2","Gf2Gaussian|StructuralAntiHorn|StructuralHorn|TwoSat"
"german-credit",3,7,cals,5,"{""Horn"": 16, ""Unary"": 1}","horn","StructuralHorn"
"german-credit",3,7,cals_compact_explain,5,"{""Horn"": 12, ""Unary"": 1}","horn","StructuralHorn"
"german-credit",4,5,unary,1,"{""Unary"": 26}","uncommitted","StructuralHorn"
"german-credit",4,5,horn,1,"{""Horn"": 24}","horn","StructuralHorn"
"german-credit",4,5,antihorn,1,"{""AntiHorn"": 23}","antihorn","StructuralAntiHorn"
"german-credit",4,5,square2cnf,1,"{""Square2Cnf"": 30}","two_sat","TwoSat"
"german-credit",4,5,affine,1,"{""Affine"": 19}","affine_gf2","Gf2Gaussian"
"german-credit",4,5,smart_certified,5,"{""Affine"": 1, ""AntiHorn"": 1, ""Horn"": 4, ""Unary"": 20}","uncommitted|horn|antihorn|affine_gf2","Gf2Gaussian|StructuralAntiHorn|StructuralHorn"
"german-credit",4,5,cals,5,"{""Square2Cnf"": 2, ""Unary"": 1}","two_sat","TwoSat"
"german-credit",4,5,cals_compact_explain,5,"{""Horn"": 5}","horn","StructuralHorn"
"german-credit",4,7,unary,1,"{""Unary"": 60}","uncommitted","StructuralHorn"
"german-credit",4,7,horn,1,"{""Horn"": 51}","horn","StructuralHorn"
"german-credit",4,7,antihorn,1,"{""AntiHorn"": 57}","antihorn","StructuralAntiHorn"
"german-credit",4,7,square2cnf,1,"{""Square2Cnf"": 55}","two_sat","TwoSat"
"german-credit",4,7,affine,1,"{""Affine"": 36}","affine_gf2","Gf2Gaussian"
"german-credit",4,7,smart_certified,5,"{""Affine"": 5, ""AntiHorn"": 6, ""Horn"": 9, ""Unary"": 36}","uncommitted|horn|antihorn|affine_gf2","Gf2Gaussian|StructuralAntiHorn|StructuralHorn"
"german-credit",4,7,cals,5,"{""Square2Cnf"": 2, ""Unary"": 1}","two_sat","TwoSat"
"german-credit",4,7,cals_compact_explain,5,"{""Horn"": 9, ""Unary"": 2}","horn","StructuralHorn"
"german-credit",5,5,unary,1,"{""Unary"": 25}","uncommitted","StructuralHorn"
"german-credit",5,5,horn,1,"{""Horn"": 28}","horn","StructuralHorn"
"german-credit",5,5,antihorn,1,"{""AntiHorn"": 25}","antihorn","StructuralAntiHorn"
"german-credit",5,5,square2cnf,1,"{""Square2Cnf"": 24}","two_sat","TwoSat"
"german-credit",5,5,affine,1,"{""Affine"": 25}","affine_gf2","Gf2Gaussian"
"german-credit",5,5,smart_certified,5,"{""Affine"": 3, ""Horn"": 2, ""Unary"": 18}","uncommitted|horn|affine_gf2","Gf2Gaussian|StructuralHorn"
"german-credit",5,5,cals,5,"{""Square2Cnf"": 4}","two_sat","TwoSat"
"german-credit",5,5,cals_compact_explain,5,"{""Square2Cnf"": 3}","two_sat","TwoSat"
"german-credit",5,7,unary,1,"{""Unary"": 57}","uncommitted","StructuralHorn"
"german-credit",5,7,horn,1,"{""Horn"": 58}","horn","StructuralHorn"
"german-credit",5,7,antihorn,1,"{""AntiHorn"": 53}","antihorn","StructuralAntiHorn"
"german-credit",5,7,square2cnf,1,"{""Square2Cnf"": 49}","two_sat","TwoSat"
"german-credit",5,7,affine,1,"{""Affine"": 56}","affine_gf2","Gf2Gaussian"
"german-credit",5,7,smart_certified,5,"{""Affine"": 8, ""AntiHorn"": 3, ""Horn"": 8, ""Unary"": 31}","uncommitted|horn|antihorn|affine_gf2","Gf2Gaussian|StructuralAntiHorn|StructuralHorn"
"german-credit",5,7,cals,5,"{""Square2Cnf"": 7}","two_sat","TwoSat"
"german-credit",5,7,cals_compact_explain,5,"{""Square2Cnf"": 3}","two_sat","TwoSat"
"german-credit",6,5,unary,1,"{""Unary"": 25}","uncommitted","StructuralHorn"
"german-credit",6,5,horn,1,"{""Horn"": 19}","horn","StructuralHorn"
"german-credit",6,5,antihorn,1,"{""AntiHorn"": 19}","antihorn","StructuralAntiHorn"
"german-credit",6,5,square2cnf,1,"{""Square2Cnf"": 21}","two_sat","TwoSat"
"german-credit",6,5,affine,1,"{""Affine"": 27}","affine_gf2","Gf2Gaussian"
"german-credit",6,5,smart_certified,5,"{""Horn"": 6, ""Unary"": 20}","uncommitted|horn","StructuralHorn"
"german-credit",6,5,cals,5,"{}","uncommitted","StructuralHorn"
"german-credit",6,5,cals_compact_explain,5,"{""Square2Cnf"": 7, ""Unary"": 1}","two_sat","TwoSat"
"german-credit",6,7,unary,1,"{""Unary"": 51}","uncommitted","StructuralHorn"
"german-credit",6,7,horn,1,"{""Horn"": 36}","horn","StructuralHorn"
"german-credit",6,7,antihorn,1,"{""AntiHorn"": 37}","antihorn","StructuralAntiHorn"
"german-credit",6,7,square2cnf,1,"{""Square2Cnf"": 43}","two_sat","TwoSat"
"german-credit",6,7,affine,1,"{""Affine"": 60}","affine_gf2","Gf2Gaussian"
"german-credit",6,7,smart_certified,5,"{""AntiHorn"": 2, ""Horn"": 10, ""Unary"": 33}","uncommitted|horn|antihorn","StructuralAntiHorn|StructuralHorn"
"german-credit",6,7,cals,5,"{""Square2Cnf"": 5, ""Unary"": 1}","two_sat","TwoSat"
"german-credit",6,7,cals_compact_explain,5,"{""Square2Cnf"": 5, ""Unary"": 2}","two_sat","TwoSat"
"german-credit",7,5,unary,1,"{""Unary"": 22}","uncommitted","StructuralHorn"
"german-credit",7,5,horn,1,"{""Horn"": 26}","horn","StructuralHorn"
"german-credit",7,5,antihorn,1,"{""AntiHorn"": 27}","antihorn","StructuralAntiHorn"
"german-credit",7,5,square2cnf,1,"{""Square2Cnf"": 27}","two_sat","TwoSat"
"german-credit",7,5,affine,1,"{""Affine"": 25}","affine_gf2","Gf2Gaussian"
"german-credit",7,5,smart_certified,5,"{""Affine"": 4, ""AntiHorn"": 3, ""Horn"": 1, ""Unary"": 15}","uncommitted|horn|antihorn|affine_gf2","Gf2Gaussian|StructuralAntiHorn|StructuralHorn"
"german-credit",7,5,cals,5,"{""Horn"": 3}","horn","StructuralHorn"
"german-credit",7,5,cals_compact_explain,5,"{""Horn"": 5}","horn","StructuralHorn"
"german-credit",7,7,unary,1,"{""Unary"": 50}","uncommitted","StructuralHorn"
"german-credit",7,7,horn,1,"{""Horn"": 52}","horn","StructuralHorn"
"german-credit",7,7,antihorn,1,"{""AntiHorn"": 58}","antihorn","StructuralAntiHorn"
"german-credit",7,7,square2cnf,1,"{""Square2Cnf"": 44}","two_sat","TwoSat"
"german-credit",7,7,affine,1,"{""Affine"": 56}","affine_gf2","Gf2Gaussian"
"german-credit",7,7,smart_certified,5,"{""Affine"": 4, ""AntiHorn"": 5, ""Horn"": 8, ""Square2Cnf"": 1, ""Unary"": 27}","uncommitted|horn|antihorn|two_sat|affine_gf2","Gf2Gaussian|StructuralAntiHorn|StructuralHorn|TwoSat"
"german-credit",7,7,cals,5,"{""Horn"": 15}","horn","StructuralHorn"
"german-credit",7,7,cals_compact_explain,5,"{""Horn"": 5}","horn","StructuralHorn"
"german-credit",8,5,unary,1,"{""Unary"": 25}","uncommitted","StructuralHorn"
"german-credit",8,5,horn,1,"{""Horn"": 25}","horn","StructuralHorn"
"german-credit",8,5,antihorn,1,"{""AntiHorn"": 27}","antihorn","StructuralAntiHorn"
"german-credit",8,5,square2cnf,1,"{""Square2Cnf"": 22}","two_sat","TwoSat"
"german-credit",8,5,affine,1,"{""Affine"": 25}","affine_gf2","Gf2Gaussian"
"german-credit",8,5,smart_certified,5,"{""Affine"": 2, ""AntiHorn"": 2, ""Horn"": 1, ""Square2Cnf"": 1, ""Unary"": 17}","uncommitted|horn|antihorn|two_sat|affine_gf2","Gf2Gaussian|StructuralAntiHorn|StructuralHorn|TwoSat"
"german-credit",8,5,cals,5,"{""Square2Cnf"": 6}","two_sat","TwoSat"
"german-credit",8,5,cals_compact_explain,5,"{""Square2Cnf"": 1}","two_sat","TwoSat"
"german-credit",8,7,unary,1,"{""Unary"": 52}","uncommitted","StructuralHorn"
"german-credit",8,7,horn,1,"{""Horn"": 43}","horn","StructuralHorn"
"german-credit",8,7,antihorn,1,"{""AntiHorn"": 57}","antihorn","StructuralAntiHorn"
"german-credit",8,7,square2cnf,1,"{""Square2Cnf"": 50}","two_sat","TwoSat"
"german-credit",8,7,affine,1,"{""Affine"": 59}","affine_gf2","Gf2Gaussian"
"german-credit",8,7,smart_certified,5,"{""Affine"": 3, ""AntiHorn"": 3, ""Horn"": 6, ""Square2Cnf"": 1, ""Unary"": 33}","uncommitted|horn|antihorn|two_sat|affine_gf2","Gf2Gaussian|StructuralAntiHorn|StructuralHorn|TwoSat"
"german-credit",8,7,cals,5,"{""Square2Cnf"": 6}","two_sat","TwoSat"
"german-credit",8,7,cals_compact_explain,5,"{""Square2Cnf"": 7}","two_sat","TwoSat"
"german-credit",9,5,unary,1,"{""Unary"": 25}","uncommitted","StructuralHorn"
"german-credit",9,5,horn,1,"{""Horn"": 26}","horn","StructuralHorn"
"german-credit",9,5,antihorn,1,"{""AntiHorn"": 20}","antihorn","StructuralAntiHorn"
"german-credit",9,5,square2cnf,1,"{""Square2Cnf"": 23}","two_sat","TwoSat"
"german-credit",9,5,affine,1,"{""Affine"": 25}","affine_gf2","Gf2Gaussian"
"german-credit",9,5,smart_certified,5,"{""AntiHorn"": 2, ""Horn"": 6, ""Unary"": 16}","uncommitted|horn|antihorn","StructuralAntiHorn|StructuralHorn"
"german-credit",9,5,cals,5,"{""Square2Cnf"": 8}","two_sat","TwoSat"
"german-credit",9,5,cals_compact_explain,5,"{""Square2Cnf"": 4}","two_sat","TwoSat"
"german-credit",9,7,unary,1,"{""Unary"": 56}","uncommitted","StructuralHorn"
"german-credit",9,7,horn,1,"{""Horn"": 55}","horn","StructuralHorn"
"german-credit",9,7,antihorn,1,"{""AntiHorn"": 49}","antihorn","StructuralAntiHorn"
"german-credit",9,7,square2cnf,1,"{""Square2Cnf"": 49}","two_sat","TwoSat"
"german-credit",9,7,affine,1,"{""Affine"": 53}","affine_gf2","Gf2Gaussian"
"german-credit",9,7,smart_certified,5,"{""Affine"": 5, ""AntiHorn"": 3, ""Horn"": 10, ""Unary"": 32}","uncommitted|horn|antihorn|affine_gf2","Gf2Gaussian|StructuralAntiHorn|StructuralHorn"
"german-credit",9,7,cals,5,"{""Square2Cnf"": 13}","two_sat","TwoSat"
"german-credit",9,7,cals_compact_explain,5,"{""Square2Cnf"": 4}","two_sat","TwoSat"
"heart-cleveland",0,5,unary,1,"{""Unary"": 24}","uncommitted","StructuralHorn"
"heart-cleveland",0,5,horn,1,"{""Horn"": 16}","horn","StructuralHorn"
"heart-cleveland",0,5,antihorn,1,"{""AntiHorn"": 16}","antihorn","StructuralAntiHorn"
"heart-cleveland",0,5,square2cnf,1,"{""Square2Cnf"": 16}","two_sat","TwoSat"
"heart-cleveland",0,5,affine,1,"{""Affine"": 19}","affine_gf2","Gf2Gaussian"
"heart-cleveland",0,5,smart_certified,5,"{""Horn"": 7, ""Unary"": 11}","horn","StructuralHorn"
"heart-cleveland",0,5,cals,5,"{""Square2Cnf"": 1}","two_sat","TwoSat"
"heart-cleveland",0,5,cals_compact_explain,5,"{""Square2Cnf"": 1}","two_sat","TwoSat"
"heart-cleveland",0,7,unary,1,"{""Unary"": 35}","uncommitted","StructuralHorn"
"heart-cleveland",0,7,horn,1,"{""Horn"": 24}","horn","StructuralHorn"
"heart-cleveland",0,7,antihorn,1,"{""AntiHorn"": 24}","antihorn","StructuralAntiHorn"
"heart-cleveland",0,7,square2cnf,1,"{""Square2Cnf"": 20}","two_sat","TwoSat"
"heart-cleveland",0,7,affine,1,"{""Affine"": 28}","affine_gf2","Gf2Gaussian"
"heart-cleveland",0,7,smart_certified,5,"{""Horn"": 8, ""Unary"": 19}","horn","StructuralHorn"
"heart-cleveland",0,7,cals,5,"{""Square2Cnf"": 1}","two_sat","TwoSat"
"heart-cleveland",0,7,cals_compact_explain,5,"{""Square2Cnf"": 1}","two_sat","TwoSat"
"heart-cleveland",1,5,unary,1,"{""Unary"": 20}","uncommitted","StructuralHorn"
"heart-cleveland",1,5,horn,1,"{""Horn"": 14}","horn","StructuralHorn"
"heart-cleveland",1,5,antihorn,1,"{""AntiHorn"": 14}","antihorn","StructuralAntiHorn"
"heart-cleveland",1,5,square2cnf,1,"{""Square2Cnf"": 17}","two_sat","TwoSat"
"heart-cleveland",1,5,affine,1,"{""Affine"": 19}","affine_gf2","Gf2Gaussian"
"heart-cleveland",1,5,smart_certified,5,"{""Affine"": 2, ""Horn"": 4, ""Unary"": 14}","uncommitted|horn|affine_gf2","Gf2Gaussian|StructuralHorn"
"heart-cleveland",1,5,cals,5,"{""Square2Cnf"": 3}","two_sat","TwoSat"
"heart-cleveland",1,5,cals_compact_explain,5,"{""Square2Cnf"": 4, ""Unary"": 1}","two_sat","TwoSat"
"heart-cleveland",1,7,unary,1,"{""Unary"": 33}","uncommitted","StructuralHorn"
"heart-cleveland",1,7,horn,1,"{""Horn"": 23}","horn","StructuralHorn"
"heart-cleveland",1,7,antihorn,1,"{""AntiHorn"": 23}","antihorn","StructuralAntiHorn"
"heart-cleveland",1,7,square2cnf,1,"{""Square2Cnf"": 26}","two_sat","TwoSat"
"heart-cleveland",1,7,affine,1,"{""Affine"": 29}","affine_gf2","Gf2Gaussian"
"heart-cleveland",1,7,smart_certified,5,"{""Affine"": 2, ""Horn"": 6, ""Unary"": 22}","uncommitted|horn|affine_gf2","Gf2Gaussian|StructuralHorn"
"heart-cleveland",1,7,cals,5,"{""Square2Cnf"": 3}","two_sat","TwoSat"
"heart-cleveland",1,7,cals_compact_explain,5,"{""Square2Cnf"": 4, ""Unary"": 1}","two_sat","TwoSat"
"heart-cleveland",2,5,unary,1,"{""Unary"": 19}","uncommitted","StructuralHorn"
"heart-cleveland",2,5,horn,1,"{""Horn"": 15}","horn","StructuralHorn"
"heart-cleveland",2,5,antihorn,1,"{""AntiHorn"": 15}","antihorn","StructuralAntiHorn"
"heart-cleveland",2,5,square2cnf,1,"{""Square2Cnf"": 16}","two_sat","TwoSat"
"heart-cleveland",2,5,affine,1,"{""Affine"": 20}","affine_gf2","Gf2Gaussian"
"heart-cleveland",2,5,smart_certified,5,"{""Horn"": 6, ""Unary"": 14}","uncommitted|horn","StructuralHorn"
"heart-cleveland",2,5,cals,5,"{""Square2Cnf"": 4}","two_sat","TwoSat"
"heart-cleveland",2,5,cals_compact_explain,5,"{""Square2Cnf"": 1}","two_sat","TwoSat"
"heart-cleveland",2,7,unary,1,"{""Unary"": 31}","uncommitted","StructuralHorn"
"heart-cleveland",2,7,horn,1,"{""Horn"": 24}","horn","StructuralHorn"
"heart-cleveland",2,7,antihorn,1,"{""AntiHorn"": 23}","antihorn","StructuralAntiHorn"
"heart-cleveland",2,7,square2cnf,1,"{""Square2Cnf"": 23}","two_sat","TwoSat"
"heart-cleveland",2,7,affine,1,"{""Affine"": 29}","affine_gf2","Gf2Gaussian"
"heart-cleveland",2,7,smart_certified,5,"{""Horn"": 10, ""Unary"": 21}","uncommitted|horn","StructuralHorn"
"heart-cleveland",2,7,cals,5,"{""Square2Cnf"": 4}","two_sat","TwoSat"
"heart-cleveland",2,7,cals_compact_explain,5,"{""Square2Cnf"": 1}","two_sat","TwoSat"
"heart-cleveland",3,5,unary,1,"{""Unary"": 21}","uncommitted","StructuralHorn"
"heart-cleveland",3,5,horn,1,"{""Horn"": 15}","horn","StructuralHorn"
"heart-cleveland",3,5,antihorn,1,"{""AntiHorn"": 15}","antihorn","StructuralAntiHorn"
"heart-cleveland",3,5,square2cnf,1,"{""Square2Cnf"": 15}","two_sat","TwoSat"
"heart-cleveland",3,5,affine,1,"{""Affine"": 22}","affine_gf2","Gf2Gaussian"
"heart-cleveland",3,5,smart_certified,5,"{""Horn"": 5, ""Unary"": 11}","uncommitted|horn","StructuralHorn"
"heart-cleveland",3,5,cals,5,"{""Square2Cnf"": 3}","two_sat","TwoSat"
"heart-cleveland",3,5,cals_compact_explain,5,"{""Square2Cnf"": 1}","two_sat","TwoSat"
"heart-cleveland",3,7,unary,1,"{""Unary"": 32}","uncommitted","StructuralHorn"
"heart-cleveland",3,7,horn,1,"{""Horn"": 19}","horn","StructuralHorn"
"heart-cleveland",3,7,antihorn,1,"{""AntiHorn"": 19}","antihorn","StructuralAntiHorn"
"heart-cleveland",3,7,square2cnf,1,"{""Square2Cnf"": 22}","two_sat","TwoSat"
"heart-cleveland",3,7,affine,1,"{""Affine"": 30}","affine_gf2","Gf2Gaussian"
"heart-cleveland",3,7,smart_certified,5,"{""Horn"": 9, ""Unary"": 16}","uncommitted|horn","StructuralHorn"
"heart-cleveland",3,7,cals,5,"{""Square2Cnf"": 3}","two_sat","TwoSat"
"heart-cleveland",3,7,cals_compact_explain,5,"{""Square2Cnf"": 1}","two_sat","TwoSat"
"heart-cleveland",4,5,unary,1,"{""Unary"": 20}","uncommitted","StructuralHorn"
"heart-cleveland",4,5,horn,1,"{""Horn"": 12}","horn","StructuralHorn"
"heart-cleveland",4,5,antihorn,1,"{""AntiHorn"": 11}","antihorn","StructuralAntiHorn"
"heart-cleveland",4,5,square2cnf,1,"{""Square2Cnf"": 11}","two_sat","TwoSat"
"heart-cleveland",4,5,affine,1,"{""Affine"": 21}","affine_gf2","Gf2Gaussian"
"heart-cleveland",4,5,smart_certified,5,"{""Affine"": 3, ""Horn"": 5, ""Unary"": 11}","uncommitted|horn|affine_gf2","Gf2Gaussian|StructuralHorn"
"heart-cleveland",4,5,cals,5,"{""Square2Cnf"": 1}","two_sat","TwoSat"
"heart-cleveland",4,5,cals_compact_explain,5,"{""Square2Cnf"": 7, ""Unary"": 1}","two_sat","TwoSat"
"heart-cleveland",4,7,unary,1,"{""Unary"": 31}","uncommitted","StructuralHorn"
"heart-cleveland",4,7,horn,1,"{""Horn"": 21}","horn","StructuralHorn"
"heart-cleveland",4,7,antihorn,1,"{""AntiHorn"": 20}","antihorn","StructuralAntiHorn"
"heart-cleveland",4,7,square2cnf,1,"{""Square2Cnf"": 20}","two_sat","TwoSat"
"heart-cleveland",4,7,affine,1,"{""Affine"": 29}","affine_gf2","Gf2Gaussian"
"heart-cleveland",4,7,smart_certified,5,"{""Affine"": 4, ""Horn"": 5, ""Unary"": 18}","uncommitted|horn|affine_gf2","Gf2Gaussian|StructuralHorn"
"heart-cleveland",4,7,cals,5,"{""Square2Cnf"": 1}","two_sat","TwoSat"
"heart-cleveland",4,7,cals_compact_explain,5,"{""Square2Cnf"": 9, ""Unary"": 1}","two_sat","TwoSat"
"heart-cleveland",5,5,unary,1,"{""Unary"": 18}","uncommitted","StructuralHorn"
"heart-cleveland",5,5,horn,1,"{""Horn"": 18}","horn","StructuralHorn"
"heart-cleveland",5,5,antihorn,1,"{""AntiHorn"": 18}","antihorn","StructuralAntiHorn"
"heart-cleveland",5,5,square2cnf,1,"{""Square2Cnf"": 17}","two_sat","TwoSat"
"heart-cleveland",5,5,affine,1,"{""Affine"": 19}","affine_gf2","Gf2Gaussian"
"heart-cleveland",5,5,smart_certified,5,"{""Horn"": 4, ""Unary"": 13}","uncommitted|horn","StructuralHorn"
"heart-cleveland",5,5,cals,5,"{""Square2Cnf"": 4}","two_sat","TwoSat"
"heart-cleveland",5,5,cals_compact_explain,5,"{""Square2Cnf"": 5}","two_sat","TwoSat"
"heart-cleveland",5,7,unary,1,"{""Unary"": 25}","uncommitted","StructuralHorn"
"heart-cleveland",5,7,horn,1,"{""Horn"": 27}","horn","StructuralHorn"
"heart-cleveland",5,7,antihorn,1,"{""AntiHorn"": 27}","antihorn","StructuralAntiHorn"
"heart-cleveland",5,7,square2cnf,1,"{""Square2Cnf"": 22}","two_sat","TwoSat"
"heart-cleveland",5,7,affine,1,"{""Affine"": 28}","affine_gf2","Gf2Gaussian"
"heart-cleveland",5,7,smart_certified,5,"{""Affine"": 2, ""Horn"": 5, ""Unary"": 16}","uncommitted|horn|affine_gf2","Gf2Gaussian|StructuralHorn"
"heart-cleveland",5,7,cals,5,"{""Square2Cnf"": 4}","two_sat","TwoSat"
"heart-cleveland",5,7,cals_compact_explain,5,"{""Square2Cnf"": 6}","two_sat","TwoSat"
"heart-cleveland",6,5,unary,1,"{""Unary"": 19}","uncommitted","StructuralHorn"
"heart-cleveland",6,5,horn,1,"{""Horn"": 17}","horn","StructuralHorn"
"heart-cleveland",6,5,antihorn,1,"{""AntiHorn"": 17}","antihorn","StructuralAntiHorn"
"heart-cleveland",6,5,square2cnf,1,"{""Square2Cnf"": 17}","two_sat","TwoSat"
"heart-cleveland",6,5,affine,1,"{""Affine"": 19}","affine_gf2","Gf2Gaussian"
"heart-cleveland",6,5,smart_certified,5,"{""Affine"": 2, ""Horn"": 5, ""Unary"": 10}","uncommitted|horn|affine_gf2","Gf2Gaussian|StructuralHorn"
"heart-cleveland",6,5,cals,5,"{""Horn"": 5}","horn","StructuralHorn"
"heart-cleveland",6,5,cals_compact_explain,5,"{""Square2Cnf"": 2}","two_sat","TwoSat"
"heart-cleveland",6,7,unary,1,"{""Unary"": 30}","uncommitted","StructuralHorn"
"heart-cleveland",6,7,horn,1,"{""Horn"": 25}","horn","StructuralHorn"
"heart-cleveland",6,7,antihorn,1,"{""AntiHorn"": 25}","antihorn","StructuralAntiHorn"
"heart-cleveland",6,7,square2cnf,1,"{""Square2Cnf"": 25}","two_sat","TwoSat"
"heart-cleveland",6,7,affine,1,"{""Affine"": 26}","affine_gf2","Gf2Gaussian"
"heart-cleveland",6,7,smart_certified,5,"{""Affine"": 2, ""Horn"": 6, ""Unary"": 18}","uncommitted|horn|affine_gf2","Gf2Gaussian|StructuralHorn"
"heart-cleveland",6,7,cals,5,"{""Horn"": 5}","horn","StructuralHorn"
"heart-cleveland",6,7,cals_compact_explain,5,"{""Square2Cnf"": 2}","two_sat","TwoSat"
"heart-cleveland",7,5,unary,1,"{""Unary"": 20}","uncommitted","StructuralHorn"
"heart-cleveland",7,5,horn,1,"{""Horn"": 16}","horn","StructuralHorn"
"heart-cleveland",7,5,antihorn,1,"{""AntiHorn"": 18}","antihorn","StructuralAntiHorn"
"heart-cleveland",7,5,square2cnf,1,"{""Square2Cnf"": 17}","two_sat","TwoSat"
"heart-cleveland",7,5,affine,1,"{""Affine"": 20}","affine_gf2","Gf2Gaussian"
"heart-cleveland",7,5,smart_certified,5,"{""Horn"": 4, ""Unary"": 17}","horn","StructuralHorn"
"heart-cleveland",7,5,cals,5,"{""Square2Cnf"": 2}","two_sat","TwoSat"
"heart-cleveland",7,5,cals_compact_explain,5,"{""Square2Cnf"": 1}","two_sat","TwoSat"
"heart-cleveland",7,7,unary,1,"{""Unary"": 31}","uncommitted","StructuralHorn"
"heart-cleveland",7,7,horn,1,"{""Horn"": 20}","horn","StructuralHorn"
"heart-cleveland",7,7,antihorn,1,"{""AntiHorn"": 25}","antihorn","StructuralAntiHorn"
"heart-cleveland",7,7,square2cnf,1,"{""Square2Cnf"": 24}","two_sat","TwoSat"
"heart-cleveland",7,7,affine,1,"{""Affine"": 30}","affine_gf2","Gf2Gaussian"
"heart-cleveland",7,7,smart_certified,5,"{""Horn"": 7, ""Unary"": 22}","horn","StructuralHorn"
"heart-cleveland",7,7,cals,5,"{""Square2Cnf"": 2}","two_sat","TwoSat"
"heart-cleveland",7,7,cals_compact_explain,5,"{""Square2Cnf"": 1}","two_sat","TwoSat"
"heart-cleveland",8,5,unary,1,"{""Unary"": 20}","uncommitted","StructuralHorn"
"heart-cleveland",8,5,horn,1,"{""Horn"": 17}","horn","StructuralHorn"
"heart-cleveland",8,5,antihorn,1,"{""AntiHorn"": 17}","antihorn","StructuralAntiHorn"
"heart-cleveland",8,5,square2cnf,1,"{""Square2Cnf"": 19}","two_sat","TwoSat"
"heart-cleveland",8,5,affine,1,"{""Affine"": 21}","affine_gf2","Gf2Gaussian"
"heart-cleveland",8,5,smart_certified,5,"{""Horn"": 4, ""Unary"": 16}","uncommitted|horn","StructuralHorn"
"heart-cleveland",8,5,cals,5,"{""Square2Cnf"": 3}","two_sat","TwoSat"
"heart-cleveland",8,5,cals_compact_explain,5,"{""Square2Cnf"": 4, ""Unary"": 2}","two_sat","TwoSat"
"heart-cleveland",8,7,unary,1,"{""Unary"": 29}","uncommitted","StructuralHorn"
"heart-cleveland",8,7,horn,1,"{""Horn"": 25}","horn","StructuralHorn"
"heart-cleveland",8,7,antihorn,1,"{""AntiHorn"": 25}","antihorn","StructuralAntiHorn"
"heart-cleveland",8,7,square2cnf,1,"{""Square2Cnf"": 28}","two_sat","TwoSat"
"heart-cleveland",8,7,affine,1,"{""Affine"": 31}","affine_gf2","Gf2Gaussian"
"heart-cleveland",8,7,smart_certified,5,"{""Horn"": 4, ""Unary"": 24}","uncommitted|horn","StructuralHorn"
"heart-cleveland",8,7,cals,5,"{""Square2Cnf"": 3}","two_sat","TwoSat"
"heart-cleveland",8,7,cals_compact_explain,5,"{""Square2Cnf"": 4, ""Unary"": 2}","two_sat","TwoSat"
"heart-cleveland",9,5,unary,1,"{""Unary"": 18}","uncommitted","StructuralHorn"
"heart-cleveland",9,5,horn,1,"{""Horn"": 17}","horn","StructuralHorn"
"heart-cleveland",9,5,antihorn,1,"{""AntiHorn"": 17}","antihorn","StructuralAntiHorn"
"heart-cleveland",9,5,square2cnf,1,"{""Square2Cnf"": 19}","two_sat","TwoSat"
"heart-cleveland",9,5,affine,1,"{""Affine"": 19}","affine_gf2","Gf2Gaussian"
"heart-cleveland",9,5,smart_certified,5,"{""Affine"": 2, ""Horn"": 5, ""Unary"": 11}","uncommitted|horn|affine_gf2","Gf2Gaussian|StructuralHorn"
"heart-cleveland",9,5,cals,5,"{""Square2Cnf"": 4}","two_sat","TwoSat"
"heart-cleveland",9,5,cals_compact_explain,5,"{""Square2Cnf"": 1}","two_sat","TwoSat"
"heart-cleveland",9,7,unary,1,"{""Unary"": 31}","uncommitted","StructuralHorn"
"heart-cleveland",9,7,horn,1,"{""Horn"": 24}","horn","StructuralHorn"
"heart-cleveland",9,7,antihorn,1,"{""AntiHorn"": 24}","antihorn","StructuralAntiHorn"
"heart-cleveland",9,7,square2cnf,1,"{""Square2Cnf"": 24}","two_sat","TwoSat"
"heart-cleveland",9,7,affine,1,"{""Affine"": 29}","affine_gf2","Gf2Gaussian"
"heart-cleveland",9,7,smart_certified,5,"{""Affine"": 2, ""Horn"": 7, ""Unary"": 16}","uncommitted|horn|affine_gf2","Gf2Gaussian|StructuralHorn"
"heart-cleveland",9,7,cals,5,"{""Square2Cnf"": 4}","two_sat","TwoSat"
"heart-cleveland",9,7,cals_compact_explain,5,"{""Square2Cnf"": 1}","two_sat","TwoSat"
"hepatitis",0,5,unary,1,"{""Unary"": 15}","uncommitted","StructuralHorn"
"hepatitis",0,5,horn,1,"{""Horn"": 11}","horn","StructuralHorn"
"hepatitis",0,5,antihorn,1,"{""AntiHorn"": 11}","antihorn","StructuralAntiHorn"
"hepatitis",0,5,square2cnf,1,"{""Square2Cnf"": 11}","two_sat","TwoSat"
"hepatitis",0,5,affine,1,"{""Affine"": 15}","affine_gf2","Gf2Gaussian"
"hepatitis",0,5,smart_certified,5,"{""Horn"": 4, ""Unary"": 10}","horn","StructuralHorn"
"hepatitis",0,5,cals,5,"{""Horn"": 1}","horn","StructuralHorn"
"hepatitis",0,5,cals_compact_explain,5,"{""Horn"": 4, ""Unary"": 1}","horn","StructuralHorn"
"hepatitis",0,7,unary,1,"{""Unary"": 17}","uncommitted","StructuralHorn"
"hepatitis",0,7,horn,1,"{""Horn"": 11}","horn","StructuralHorn"
"hepatitis",0,7,antihorn,1,"{""AntiHorn"": 11}","antihorn","StructuralAntiHorn"
"hepatitis",0,7,square2cnf,1,"{""Square2Cnf"": 11}","two_sat","TwoSat"
"hepatitis",0,7,affine,1,"{""Affine"": 17}","affine_gf2","Gf2Gaussian"
"hepatitis",0,7,smart_certified,5,"{""Horn"": 5, ""Unary"": 10}","horn","StructuralHorn"
"hepatitis",0,7,cals,5,"{""Horn"": 1}","horn","StructuralHorn"
"hepatitis",0,7,cals_compact_explain,5,"{""Horn"": 4, ""Unary"": 1}","horn","StructuralHorn"
"hepatitis",1,5,unary,1,"{""Unary"": 13}","uncommitted","StructuralHorn"
"hepatitis",1,5,horn,1,"{""Horn"": 13}","horn","StructuralHorn"
"hepatitis",1,5,antihorn,1,"{""AntiHorn"": 13}","antihorn","StructuralAntiHorn"
"hepatitis",1,5,square2cnf,1,"{""Square2Cnf"": 13}","two_sat","TwoSat"
"hepatitis",1,5,affine,1,"{""Affine"": 11}","affine_gf2","Gf2Gaussian"
"hepatitis",1,5,smart_certified,5,"{""Affine"": 1, ""Horn"": 2, ""Unary"": 10}","uncommitted|horn|affine_gf2","Gf2Gaussian|StructuralHorn"
"hepatitis",1,5,cals,5,"{}","uncommitted","StructuralHorn"
"hepatitis",1,5,cals_compact_explain,5,"{""Square2Cnf"": 1}","two_sat","TwoSat"
"hepatitis",1,7,unary,1,"{""Unary"": 14}","uncommitted","StructuralHorn"
"hepatitis",1,7,horn,1,"{""Horn"": 13}","horn","StructuralHorn"
"hepatitis",1,7,antihorn,1,"{""AntiHorn"": 13}","antihorn","StructuralAntiHorn"
"hepatitis",1,7,square2cnf,1,"{""Square2Cnf"": 13}","two_sat","TwoSat"
"hepatitis",1,7,affine,1,"{""Affine"": 11}","affine_gf2","Gf2Gaussian"
"hepatitis",1,7,smart_certified,5,"{""Affine"": 1, ""Horn"": 2, ""Unary"": 11}","uncommitted|horn|affine_gf2","Gf2Gaussian|StructuralHorn"
"hepatitis",1,7,cals,5,"{}","uncommitted","StructuralHorn"
"hepatitis",1,7,cals_compact_explain,5,"{""Square2Cnf"": 1}","two_sat","TwoSat"
"hepatitis",2,5,unary,1,"{""Unary"": 15}","uncommitted","StructuralHorn"
"hepatitis",2,5,horn,1,"{""Horn"": 10}","horn","StructuralHorn"
"hepatitis",2,5,antihorn,1,"{""AntiHorn"": 10}","antihorn","StructuralAntiHorn"
"hepatitis",2,5,square2cnf,1,"{""Square2Cnf"": 10}","two_sat","TwoSat"
"hepatitis",2,5,affine,1,"{""Affine"": 13}","affine_gf2","Gf2Gaussian"
"hepatitis",2,5,smart_certified,5,"{""Horn"": 3, ""Unary"": 8}","horn","StructuralHorn"
"hepatitis",2,5,cals,5,"{""Square2Cnf"": 2}","two_sat","TwoSat"
"hepatitis",2,5,cals_compact_explain,5,"{""Square2Cnf"": 1}","two_sat","TwoSat"
"hepatitis",2,7,unary,1,"{""Unary"": 17}","uncommitted","StructuralHorn"
"hepatitis",2,7,horn,1,"{""Horn"": 11}","horn","StructuralHorn"
"hepatitis",2,7,antihorn,1,"{""AntiHorn"": 11}","antihorn","StructuralAntiHorn"
"hepatitis",2,7,square2cnf,1,"{""Square2Cnf"": 11}","two_sat","TwoSat"
"hepatitis",2,7,affine,1,"{""Affine"": 13}","affine_gf2","Gf2Gaussian"
"hepatitis",2,7,smart_certified,5,"{""Horn"": 3, ""Unary"": 9}","horn","StructuralHorn"
"hepatitis",2,7,cals,5,"{""Square2Cnf"": 2}","two_sat","TwoSat"
"hepatitis",2,7,cals_compact_explain,5,"{""Square2Cnf"": 1}","two_sat","TwoSat"
"hepatitis",3,5,unary,1,"{""Unary"": 10}","uncommitted","StructuralHorn"
"hepatitis",3,5,horn,1,"{""Horn"": 11}","horn","StructuralHorn"
"hepatitis",3,5,antihorn,1,"{""AntiHorn"": 11}","antihorn","StructuralAntiHorn"
"hepatitis",3,5,square2cnf,1,"{""Square2Cnf"": 11}","two_sat","TwoSat"
"hepatitis",3,5,affine,1,"{""Affine"": 11}","affine_gf2","Gf2Gaussian"
"hepatitis",3,5,smart_certified,5,"{""Horn"": 5, ""Unary"": 5}","uncommitted|horn","StructuralHorn"
"hepatitis",3,5,cals,5,"{}","uncommitted","StructuralHorn"
"hepatitis",3,5,cals_compact_explain,5,"{""Square2Cnf"": 1}","two_sat","TwoSat"
"hepatitis",3,7,unary,1,"{""Unary"": 13}","uncommitted","StructuralHorn"
"hepatitis",3,7,horn,1,"{""Horn"": 11}","horn","StructuralHorn"
"hepatitis",3,7,antihorn,1,"{""AntiHorn"": 11}","antihorn","StructuralAntiHorn"
"hepatitis",3,7,square2cnf,1,"{""Square2Cnf"": 11}","two_sat","TwoSat"
"hepatitis",3,7,affine,1,"{""Affine"": 12}","affine_gf2","Gf2Gaussian"
"hepatitis",3,7,smart_certified,5,"{""Horn"": 5, ""Unary"": 5}","uncommitted|horn","StructuralHorn"
"hepatitis",3,7,cals,5,"{}","uncommitted","StructuralHorn"
"hepatitis",3,7,cals_compact_explain,5,"{""Square2Cnf"": 1}","two_sat","TwoSat"
"hepatitis",4,5,unary,1,"{""Unary"": 14}","uncommitted","StructuralHorn"
"hepatitis",4,5,horn,1,"{""Horn"": 9}","horn","StructuralHorn"
"hepatitis",4,5,antihorn,1,"{""AntiHorn"": 9}","antihorn","StructuralAntiHorn"
"hepatitis",4,5,square2cnf,1,"{""Square2Cnf"": 9}","two_sat","TwoSat"
"hepatitis",4,5,affine,1,"{""Affine"": 13}","affine_gf2","Gf2Gaussian"
"hepatitis",4,5,smart_certified,5,"{""Horn"": 4, ""Unary"": 7}","uncommitted|horn","StructuralHorn"
"hepatitis",4,5,cals,5,"{}","uncommitted","StructuralHorn"
"hepatitis",4,5,cals_compact_explain,5,"{""Square2Cnf"": 2}","two_sat","TwoSat"
"hepatitis",4,7,unary,1,"{""Unary"": 16}","uncommitted","StructuralHorn"
"hepatitis",4,7,horn,1,"{""Horn"": 13}","horn","StructuralHorn"
"hepatitis",4,7,antihorn,1,"{""AntiHorn"": 13}","antihorn","StructuralAntiHorn"
"hepatitis",4,7,square2cnf,1,"{""Square2Cnf"": 13}","two_sat","TwoSat"
"hepatitis",4,7,affine,1,"{""Affine"": 15}","affine_gf2","Gf2Gaussian"
"hepatitis",4,7,smart_certified,5,"{""Horn"": 4, ""Unary"": 7}","uncommitted|horn","StructuralHorn"
"hepatitis",4,7,cals,5,"{}","uncommitted","StructuralHorn"
"hepatitis",4,7,cals_compact_explain,5,"{""Square2Cnf"": 2}","two_sat","TwoSat"
"hepatitis",5,5,unary,1,"{""Unary"": 9}","uncommitted","StructuralHorn"
"hepatitis",5,5,horn,1,"{""Horn"": 12}","horn","StructuralHorn"
"hepatitis",5,5,antihorn,1,"{""AntiHorn"": 12}","antihorn","StructuralAntiHorn"
"hepatitis",5,5,square2cnf,1,"{""Square2Cnf"": 12}","two_sat","TwoSat"
"hepatitis",5,5,affine,1,"{""Affine"": 14}","affine_gf2","Gf2Gaussian"
"hepatitis",5,5,smart_certified,5,"{""Horn"": 2, ""Unary"": 8}","uncommitted|horn","StructuralHorn"
"hepatitis",5,5,cals,5,"{""Square2Cnf"": 2, ""Unary"": 1}","two_sat","TwoSat"
"hepatitis",5,5,cals_compact_explain,5,"{""Square2Cnf"": 4, ""Unary"": 3}","two_sat","TwoSat"
"hepatitis",5,7,unary,1,"{""Unary"": 16}","uncommitted","StructuralHorn"
"hepatitis",5,7,horn,1,"{""Horn"": 14}","horn","StructuralHorn"
"hepatitis",5,7,antihorn,1,"{""AntiHorn"": 14}","antihorn","StructuralAntiHorn"
"hepatitis",5,7,square2cnf,1,"{""Square2Cnf"": 14}","two_sat","TwoSat"
"hepatitis",5,7,affine,1,"{""Affine"": 17}","affine_gf2","Gf2Gaussian"
"hepatitis",5,7,smart_certified,5,"{""Affine"": 1, ""Horn"": 3, ""Unary"": 11}","uncommitted|horn|affine_gf2","Gf2Gaussian|StructuralHorn"
"hepatitis",5,7,cals,5,"{""Square2Cnf"": 2, ""Unary"": 1}","two_sat","TwoSat"
"hepatitis",5,7,cals_compact_explain,5,"{""Square2Cnf"": 4, ""Unary"": 3}","two_sat","TwoSat"
"hepatitis",6,5,unary,1,"{""Unary"": 10}","uncommitted","StructuralHorn"
"hepatitis",6,5,horn,1,"{""Horn"": 12}","horn","StructuralHorn"
"hepatitis",6,5,antihorn,1,"{""AntiHorn"": 12}","antihorn","StructuralAntiHorn"
"hepatitis",6,5,square2cnf,1,"{""Square2Cnf"": 12}","two_sat","TwoSat"
"hepatitis",6,5,affine,1,"{""Affine"": 8}","affine_gf2","Gf2Gaussian"
"hepatitis",6,5,smart_certified,5,"{""Affine"": 2, ""Unary"": 7}","uncommitted|affine_gf2","Gf2Gaussian|StructuralHorn"
"hepatitis",6,5,cals,5,"{""Square2Cnf"": 1}","two_sat","TwoSat"
"hepatitis",6,5,cals_compact_explain,5,"{""Square2Cnf"": 1}","two_sat","TwoSat"
"hepatitis",6,7,unary,1,"{""Unary"": 15}","uncommitted","StructuralHorn"
"hepatitis",6,7,horn,1,"{""Horn"": 12}","horn","StructuralHorn"
"hepatitis",6,7,antihorn,1,"{""AntiHorn"": 12}","antihorn","StructuralAntiHorn"
"hepatitis",6,7,square2cnf,1,"{""Square2Cnf"": 12}","two_sat","TwoSat"
"hepatitis",6,7,affine,1,"{""Affine"": 13}","affine_gf2","Gf2Gaussian"
"hepatitis",6,7,smart_certified,5,"{""Affine"": 3, ""Unary"": 8}","uncommitted|affine_gf2","Gf2Gaussian|StructuralHorn"
"hepatitis",6,7,cals,5,"{""Square2Cnf"": 1}","two_sat","TwoSat"
"hepatitis",6,7,cals_compact_explain,5,"{""Square2Cnf"": 1}","two_sat","TwoSat"
"hepatitis",7,5,unary,1,"{""Unary"": 15}","uncommitted","StructuralHorn"
"hepatitis",7,5,horn,1,"{""Horn"": 13}","horn","StructuralHorn"
"hepatitis",7,5,antihorn,1,"{""AntiHorn"": 13}","antihorn","StructuralAntiHorn"
"hepatitis",7,5,square2cnf,1,"{""Square2Cnf"": 13}","two_sat","TwoSat"
"hepatitis",7,5,affine,1,"{""Affine"": 11}","affine_gf2","Gf2Gaussian"
"hepatitis",7,5,smart_certified,5,"{""Horn"": 3, ""Unary"": 9}","horn","StructuralHorn"
"hepatitis",7,5,cals,5,"{}","uncommitted","StructuralHorn"
"hepatitis",7,5,cals_compact_explain,5,"{""Horn"": 1}","horn","StructuralHorn"
"hepatitis",7,7,unary,1,"{""Unary"": 18}","uncommitted","StructuralHorn"
"hepatitis",7,7,horn,1,"{""Horn"": 13}","horn","StructuralHorn"
"hepatitis",7,7,antihorn,1,"{""AntiHorn"": 13}","antihorn","StructuralAntiHorn"
"hepatitis",7,7,square2cnf,1,"{""Square2Cnf"": 13}","two_sat","TwoSat"
"hepatitis",7,7,affine,1,"{""Affine"": 12}","affine_gf2","Gf2Gaussian"
"hepatitis",7,7,smart_certified,5,"{""Horn"": 4, ""Unary"": 10}","horn","StructuralHorn"
"hepatitis",7,7,cals,5,"{}","uncommitted","StructuralHorn"
"hepatitis",7,7,cals_compact_explain,5,"{""Horn"": 1}","horn","StructuralHorn"
"hepatitis",8,5,unary,1,"{""Unary"": 13}","uncommitted","StructuralHorn"
"hepatitis",8,5,horn,1,"{""Horn"": 10}","horn","StructuralHorn"
"hepatitis",8,5,antihorn,1,"{""AntiHorn"": 10}","antihorn","StructuralAntiHorn"
"hepatitis",8,5,square2cnf,1,"{""Square2Cnf"": 10}","two_sat","TwoSat"
"hepatitis",8,5,affine,1,"{""Affine"": 10}","affine_gf2","Gf2Gaussian"
"hepatitis",8,5,smart_certified,5,"{""Horn"": 5, ""Unary"": 6}","uncommitted|horn","StructuralHorn"
"hepatitis",8,5,cals,5,"{""Square2Cnf"": 1}","two_sat","TwoSat"
"hepatitis",8,5,cals_compact_explain,5,"{""Square2Cnf"": 1}","two_sat","TwoSat"
"hepatitis",8,7,unary,1,"{""Unary"": 15}","uncommitted","StructuralHorn"
"hepatitis",8,7,horn,1,"{""Horn"": 12}","horn","StructuralHorn"
"hepatitis",8,7,antihorn,1,"{""AntiHorn"": 12}","antihorn","StructuralAntiHorn"
"hepatitis",8,7,square2cnf,1,"{""Square2Cnf"": 12}","two_sat","TwoSat"
"hepatitis",8,7,affine,1,"{""Affine"": 13}","affine_gf2","Gf2Gaussian"
"hepatitis",8,7,smart_certified,5,"{""Horn"": 5, ""Unary"": 7}","uncommitted|horn","StructuralHorn"
"hepatitis",8,7,cals,5,"{""Square2Cnf"": 1}","two_sat","TwoSat"
"hepatitis",8,7,cals_compact_explain,5,"{""Square2Cnf"": 1}","two_sat","TwoSat"
"hepatitis",9,5,unary,1,"{""Unary"": 12}","uncommitted","StructuralHorn"
"hepatitis",9,5,horn,1,"{""Horn"": 11}","horn","StructuralHorn"
"hepatitis",9,5,antihorn,1,"{""AntiHorn"": 11}","antihorn","StructuralAntiHorn"
"hepatitis",9,5,square2cnf,1,"{""Square2Cnf"": 11}","two_sat","TwoSat"
"hepatitis",9,5,affine,1,"{""Affine"": 11}","affine_gf2","Gf2Gaussian"
"hepatitis",9,5,smart_certified,5,"{""Horn"": 4, ""Unary"": 6}","uncommitted|horn","StructuralHorn"
"hepatitis",9,5,cals,5,"{}","uncommitted","StructuralHorn"
"hepatitis",9,5,cals_compact_explain,5,"{""Horn"": 1}","horn","StructuralHorn"
"hepatitis",9,7,unary,1,"{""Unary"": 15}","uncommitted","StructuralHorn"
"hepatitis",9,7,horn,1,"{""Horn"": 15}","horn","StructuralHorn"
"hepatitis",9,7,antihorn,1,"{""AntiHorn"": 15}","antihorn","StructuralAntiHorn"
"hepatitis",9,7,square2cnf,1,"{""Square2Cnf"": 15}","two_sat","TwoSat"
"hepatitis",9,7,affine,1,"{""Affine"": 14}","affine_gf2","Gf2Gaussian"
"hepatitis",9,7,smart_certified,5,"{""Horn"": 4, ""Unary"": 9}","uncommitted|horn","StructuralHorn"
"hepatitis",9,7,cals,5,"{}","uncommitted","StructuralHorn"
"hepatitis",9,7,cals_compact_explain,5,"{""Horn"": 1}","horn","StructuralHorn"
"hypothyroid",0,5,unary,1,"{""Unary"": 16}","uncommitted","StructuralHorn"
"hypothyroid",0,5,horn,1,"{""Horn"": 17}","horn","StructuralHorn"
"hypothyroid",0,5,antihorn,1,"{""AntiHorn"": 17}","antihorn","StructuralAntiHorn"
"hypothyroid",0,5,square2cnf,1,"{""Square2Cnf"": 17}","two_sat","TwoSat"
"hypothyroid",0,5,affine,1,"{""Affine"": 15}","affine_gf2","Gf2Gaussian"
"hypothyroid",0,5,smart_certified,5,"{""Affine"": 1, ""Horn"": 1, ""Unary"": 14}","uncommitted|horn|affine_gf2","Gf2Gaussian|StructuralHorn"
"hypothyroid",0,5,cals,5,"{""Horn"": 2, ""Unary"": 1}","uncommitted|horn","StructuralHorn"
"hypothyroid",0,5,cals_compact_explain,5,"{""Horn"": 2, ""Unary"": 4}","uncommitted|horn","StructuralHorn"
"hypothyroid",0,7,unary,1,"{""Unary"": 30}","uncommitted","StructuralHorn"
"hypothyroid",0,7,horn,1,"{""Horn"": 31}","horn","StructuralHorn"
"hypothyroid",0,7,antihorn,1,"{""AntiHorn"": 31}","antihorn","StructuralAntiHorn"
"hypothyroid",0,7,square2cnf,1,"{""Square2Cnf"": 31}","two_sat","TwoSat"
"hypothyroid",0,7,affine,1,"{""Affine"": 31}","affine_gf2","Gf2Gaussian"
"hypothyroid",0,7,smart_certified,5,"{""Affine"": 3, ""Horn"": 1, ""Unary"": 25}","uncommitted|horn|affine_gf2","Gf2Gaussian|StructuralHorn"
"hypothyroid",0,7,cals,5,"{""Horn"": 2, ""Unary"": 1}","uncommitted|horn","StructuralHorn"
"hypothyroid",0,7,cals_compact_explain,5,"{""Horn"": 4, ""Unary"": 4}","uncommitted|horn","StructuralHorn"
"hypothyroid",1,5,unary,1,"{""Unary"": 16}","uncommitted","StructuralHorn"
"hypothyroid",1,5,horn,1,"{""Horn"": 16}","horn","StructuralHorn"
"hypothyroid",1,5,antihorn,1,"{""AntiHorn"": 16}","antihorn","StructuralAntiHorn"
"hypothyroid",1,5,square2cnf,1,"{""Square2Cnf"": 16}","two_sat","TwoSat"
"hypothyroid",1,5,affine,1,"{""Affine"": 15}","affine_gf2","Gf2Gaussian"
"hypothyroid",1,5,smart_certified,5,"{""Affine"": 2, ""Unary"": 14}","uncommitted|affine_gf2","Gf2Gaussian|StructuralHorn"
"hypothyroid",1,5,cals,5,"{""Affine"": 2, ""Unary"": 1}","uncommitted|affine_gf2","Gf2Gaussian|StructuralHorn"
"hypothyroid",1,5,cals_compact_explain,5,"{""Affine"": 1, ""Unary"": 1}","uncommitted|affine_gf2","Gf2Gaussian|StructuralHorn"
"hypothyroid",1,7,unary,1,"{""Unary"": 28}","uncommitted","StructuralHorn"
"hypothyroid",1,7,horn,1,"{""Horn"": 30}","horn","StructuralHorn"
"hypothyroid",1,7,antihorn,1,"{""AntiHorn"": 30}","antihorn","StructuralAntiHorn"
"hypothyroid",1,7,square2cnf,1,"{""Square2Cnf"": 29}","two_sat","TwoSat"
"hypothyroid",1,7,affine,1,"{""Affine"": 32}","affine_gf2","Gf2Gaussian"
"hypothyroid",1,7,smart_certified,5,"{""Affine"": 4, ""Horn"": 1, ""Square2Cnf"": 1, ""Unary"": 21}","uncommitted|horn|two_sat|affine_gf2","Gf2Gaussian|StructuralHorn|TwoSat"
"hypothyroid",1,7,cals,5,"{""Affine"": 2, ""Unary"": 1}","uncommitted|affine_gf2","Gf2Gaussian|StructuralHorn"
"hypothyroid",1,7,cals_compact_explain,5,"{""Affine"": 1, ""Unary"": 1}","uncommitted|affine_gf2","Gf2Gaussian|StructuralHorn"
"hypothyroid",2,5,unary,1,"{""Unary"": 16}","uncommitted","StructuralHorn"
"hypothyroid",2,5,horn,1,"{""Horn"": 14}","horn","StructuralHorn"
"hypothyroid",2,5,antihorn,1,"{""AntiHorn"": 14}","antihorn","StructuralAntiHorn"
"hypothyroid",2,5,square2cnf,1,"{""Square2Cnf"": 14}","two_sat","TwoSat"
"hypothyroid",2,5,affine,1,"{""Affine"": 15}","affine_gf2","Gf2Gaussian"
"hypothyroid",2,5,smart_certified,5,"{""Affine"": 2, ""Horn"": 1, ""Unary"": 13}","uncommitted|horn|affine_gf2","Gf2Gaussian|StructuralHorn"
"hypothyroid",2,5,cals,5,"{""Horn"": 3, ""Unary"": 2}","uncommitted|horn","StructuralHorn"
"hypothyroid",2,5,cals_compact_explain,5,"{""Horn"": 2, ""Unary"": 4}","uncommitted|horn","StructuralHorn"
"hypothyroid",2,7,unary,1,"{""Unary"": 28}","uncommitted","StructuralHorn"
"hypothyroid",2,7,horn,1,"{""Horn"": 27}","horn","StructuralHorn"
"hypothyroid",2,7,antihorn,1,"{""AntiHorn"": 27}","antihorn","StructuralAntiHorn"
"hypothyroid",2,7,square2cnf,1,"{""Square2Cnf"": 27}","two_sat","TwoSat"
"hypothyroid",2,7,affine,1,"{""Affine"": 32}","affine_gf2","Gf2Gaussian"
"hypothyroid",2,7,smart_certified,5,"{""Affine"": 4, ""Horn"": 2, ""Unary"": 18}","uncommitted|horn|affine_gf2","Gf2Gaussian|StructuralHorn"
"hypothyroid",2,7,cals,5,"{""Horn"": 3, ""Unary"": 2}","uncommitted|horn","StructuralHorn"
"hypothyroid",2,7,cals_compact_explain,5,"{""Horn"": 4, ""Unary"": 4}","uncommitted|horn","StructuralHorn"
"hypothyroid",3,5,unary,1,"{""Unary"": 15}","uncommitted","StructuralHorn"
"hypothyroid",3,5,horn,1,"{""Horn"": 16}","horn","StructuralHorn"
"hypothyroid",3,5,antihorn,1,"{""AntiHorn"": 16}","antihorn","StructuralAntiHorn"
"hypothyroid",3,5,square2cnf,1,"{""Square2Cnf"": 16}","two_sat","TwoSat"
"hypothyroid",3,5,affine,1,"{""Affine"": 17}","affine_gf2","Gf2Gaussian"
"hypothyroid",3,5,smart_certified,5,"{""Affine"": 2, ""Horn"": 2, ""Unary"": 11}","uncommitted|horn|affine_gf2","Gf2Gaussian|StructuralHorn"
"hypothyroid",3,5,cals,5,"{""Square2Cnf"": 2, ""Unary"": 1}","uncommitted|two_sat","StructuralHorn|TwoSat"
"hypothyroid",3,5,cals_compact_explain,5,"{""Horn"": 1, ""Square2Cnf"": 6, ""Unary"": 4}","uncommitted|horn|two_sat","StructuralHorn|TwoSat"
"hypothyroid",3,7,unary,1,"{""Unary"": 25}","uncommitted","StructuralHorn"
"hypothyroid",3,7,horn,1,"{""Horn"": 27}","horn","StructuralHorn"
"hypothyroid",3,7,antihorn,1,"{""AntiHorn"": 27}","antihorn","StructuralAntiHorn"
"hypothyroid",3,7,square2cnf,1,"{""Square2Cnf"": 27}","two_sat","TwoSat"
"hypothyroid",3,7,affine,1,"{""Affine"": 33}","affine_gf2","Gf2Gaussian"
"hypothyroid",3,7,smart_certified,5,"{""Affine"": 2, ""Horn"": 2, ""Unary"": 19}","uncommitted|horn|affine_gf2","Gf2Gaussian|StructuralHorn"
"hypothyroid",3,7,cals,5,"{""Square2Cnf"": 3, ""Unary"": 4}","uncommitted|two_sat","StructuralHorn|TwoSat"
"hypothyroid",3,7,cals_compact_explain,5,"{""Horn"": 2, ""Square2Cnf"": 6, ""Unary"": 6}","uncommitted|horn|two_sat","StructuralHorn|TwoSat"
"hypothyroid",4,5,unary,1,"{""Unary"": 15}","uncommitted","StructuralHorn"
"hypothyroid",4,5,horn,1,"{""Horn"": 15}","horn","StructuralHorn"
"hypothyroid",4,5,antihorn,1,"{""AntiHorn"": 15}","antihorn","StructuralAntiHorn"
"hypothyroid",4,5,square2cnf,1,"{""Square2Cnf"": 15}","two_sat","TwoSat"
"hypothyroid",4,5,affine,1,"{""Affine"": 15}","affine_gf2","Gf2Gaussian"
"hypothyroid",4,5,smart_certified,5,"{""Horn"": 2, ""Unary"": 13}","uncommitted|horn","StructuralHorn"
"hypothyroid",4,5,cals,5,"{""Square2Cnf"": 2, ""Unary"": 1}","uncommitted|two_sat","StructuralHorn|TwoSat"
"hypothyroid",4,5,cals_compact_explain,5,"{""Horn"": 1, ""Square2Cnf"": 2, ""Unary"": 4}","uncommitted|horn|two_sat","StructuralHorn|TwoSat"
"hypothyroid",4,7,unary,1,"{""Unary"": 27}","uncommitted","StructuralHorn"
"hypothyroid",4,7,horn,1,"{""Horn"": 26}","horn","StructuralHorn"
"hypothyroid",4,7,antihorn,1,"{""AntiHorn"": 26}","antihorn","StructuralAntiHorn"
"hypothyroid",4,7,square2cnf,1,"{""Square2Cnf"": 26}","two_sat","TwoSat"
"hypothyroid",4,7,affine,1,"{""Affine"": 30}","affine_gf2","Gf2Gaussian"
"hypothyroid",4,7,smart_certified,5,"{""Horn"": 5, ""Unary"": 22}","uncommitted|horn","StructuralHorn"
"hypothyroid",4,7,cals,5,"{""Square2Cnf"": 2, ""Unary"": 1}","uncommitted|two_sat","StructuralHorn|TwoSat"
"hypothyroid",4,7,cals_compact_explain,5,"{""Horn"": 2, ""Square2Cnf"": 2, ""Unary"": 5}","uncommitted|horn|two_sat","StructuralHorn|TwoSat"
"hypothyroid",5,5,unary,1,"{""Unary"": 13}","uncommitted","StructuralHorn"
"hypothyroid",5,5,horn,1,"{""Horn"": 14}","horn","StructuralHorn"
"hypothyroid",5,5,antihorn,1,"{""AntiHorn"": 14}","antihorn","StructuralAntiHorn"
"hypothyroid",5,5,square2cnf,1,"{""Square2Cnf"": 14}","two_sat","TwoSat"
"hypothyroid",5,5,affine,1,"{""Affine"": 16}","affine_gf2","Gf2Gaussian"
"hypothyroid",5,5,smart_certified,5,"{""Affine"": 1, ""Horn"": 1, ""Unary"": 11}","uncommitted|horn|affine_gf2","Gf2Gaussian|StructuralHorn"
"hypothyroid",5,5,cals,5,"{""Affine"": 4, ""Unary"": 2}","uncommitted|affine_gf2","Gf2Gaussian|StructuralHorn"
"hypothyroid",5,5,cals_compact_explain,5,"{""Horn"": 1, ""Unary"": 1}","uncommitted|horn","StructuralHorn"
"hypothyroid",5,7,unary,1,"{""Unary"": 22}","uncommitted","StructuralHorn"
"hypothyroid",5,7,horn,1,"{""Horn"": 22}","horn","StructuralHorn"
"hypothyroid",5,7,antihorn,1,"{""AntiHorn"": 22}","antihorn","StructuralAntiHorn"
"hypothyroid",5,7,square2cnf,1,"{""Square2Cnf"": 22}","two_sat","TwoSat"
"hypothyroid",5,7,affine,1,"{""Affine"": 28}","affine_gf2","Gf2Gaussian"
"hypothyroid",5,7,smart_certified,5,"{""Affine"": 1, ""Horn"": 2, ""Unary"": 18}","uncommitted|horn|affine_gf2","Gf2Gaussian|StructuralHorn"
"hypothyroid",5,7,cals,5,"{""Affine"": 7, ""Unary"": 3}","uncommitted|affine_gf2","Gf2Gaussian|StructuralHorn"
"hypothyroid",5,7,cals_compact_explain,5,"{""Horn"": 1, ""Unary"": 1}","uncommitted|horn","StructuralHorn"
"hypothyroid",6,5,unary,1,"{""Unary"": 11}","uncommitted","StructuralHorn"
"hypothyroid",6,5,horn,1,"{""Horn"": 8}","horn","StructuralHorn"
"hypothyroid",6,5,antihorn,1,"{""AntiHorn"": 8}","antihorn","StructuralAntiHorn"
"hypothyroid",6,5,square2cnf,1,"{""Square2Cnf"": 8}","two_sat","TwoSat"
"hypothyroid",6,5,affine,1,"{""Affine"": 11}","affine_gf2","Gf2Gaussian"
"hypothyroid",6,5,smart_certified,5,"{""Affine"": 1, ""Horn"": 1, ""Unary"": 9}","uncommitted|horn|affine_gf2","Gf2Gaussian|StructuralHorn"
"hypothyroid",6,5,cals,5,"{""Affine"": 1, ""Unary"": 1}","uncommitted|affine_gf2","Gf2Gaussian|StructuralHorn"
"hypothyroid",6,5,cals_compact_explain,5,"{""Affine"": 1, ""Unary"": 1}","uncommitted|affine_gf2","Gf2Gaussian|StructuralHorn"
"hypothyroid",6,7,unary,1,"{""Unary"": 21}","uncommitted","StructuralHorn"
"hypothyroid",6,7,horn,1,"{""Horn"": 18}","horn","StructuralHorn"
"hypothyroid",6,7,antihorn,1,"{""AntiHorn"": 18}","antihorn","StructuralAntiHorn"
"hypothyroid",6,7,square2cnf,1,"{""Square2Cnf"": 18}","two_sat","TwoSat"
"hypothyroid",6,7,affine,1,"{""Affine"": 27}","affine_gf2","Gf2Gaussian"
"hypothyroid",6,7,smart_certified,5,"{""Affine"": 1, ""Horn"": 1, ""Unary"": 18}","uncommitted|horn|affine_gf2","Gf2Gaussian|StructuralHorn"
"hypothyroid",6,7,cals,5,"{""Affine"": 1, ""Unary"": 1}","uncommitted|affine_gf2","Gf2Gaussian|StructuralHorn"
"hypothyroid",6,7,cals_compact_explain,5,"{""Affine"": 1, ""Unary"": 1}","uncommitted|affine_gf2","Gf2Gaussian|StructuralHorn"
"hypothyroid",7,5,unary,1,"{""Unary"": 15}","uncommitted","StructuralHorn"
"hypothyroid",7,5,horn,1,"{""Horn"": 15}","horn","StructuralHorn"
"hypothyroid",7,5,antihorn,1,"{""AntiHorn"": 15}","antihorn","StructuralAntiHorn"
"hypothyroid",7,5,square2cnf,1,"{""Square2Cnf"": 15}","two_sat","TwoSat"
"hypothyroid",7,5,affine,1,"{""Affine"": 17}","affine_gf2","Gf2Gaussian"
"hypothyroid",7,5,smart_certified,5,"{""Horn"": 2, ""Unary"": 13}","uncommitted|horn","StructuralHorn"
"hypothyroid",7,5,cals,5,"{""Horn"": 2, ""Unary"": 1}","uncommitted|horn","StructuralHorn"
"hypothyroid",7,5,cals_compact_explain,5,"{""Horn"": 2, ""Unary"": 4}","uncommitted|horn","StructuralHorn"
"hypothyroid",7,7,unary,1,"{""Unary"": 26}","uncommitted","StructuralHorn"
"hypothyroid",7,7,horn,1,"{""Horn"": 28}","horn","StructuralHorn"
"hypothyroid",7,7,antihorn,1,"{""AntiHorn"": 28}","antihorn","StructuralAntiHorn"
"hypothyroid",7,7,square2cnf,1,"{""Square2Cnf"": 28}","two_sat","TwoSat"
"hypothyroid",7,7,affine,1,"{""Affine"": 31}","affine_gf2","Gf2Gaussian"
"hypothyroid",7,7,smart_certified,5,"{""Horn"": 4, ""Unary"": 21}","uncommitted|horn","StructuralHorn"
"hypothyroid",7,7,cals,5,"{""Horn"": 2, ""Unary"": 1}","uncommitted|horn","StructuralHorn"
"hypothyroid",7,7,cals_compact_explain,5,"{""Horn"": 3, ""Unary"": 5}","uncommitted|horn","StructuralHorn"
"hypothyroid",8,5,unary,1,"{""Unary"": 15}","uncommitted","StructuralHorn"
"hypothyroid",8,5,horn,1,"{""Horn"": 16}","horn","StructuralHorn"
"hypothyroid",8,5,antihorn,1,"{""AntiHorn"": 16}","antihorn","StructuralAntiHorn"
"hypothyroid",8,5,square2cnf,1,"{""Square2Cnf"": 16}","two_sat","TwoSat"
"hypothyroid",8,5,affine,1,"{""Affine"": 15}","affine_gf2","Gf2Gaussian"
"hypothyroid",8,5,smart_certified,5,"{""Affine"": 1, ""Horn"": 1, ""Unary"": 13}","uncommitted|horn|affine_gf2","Gf2Gaussian|StructuralHorn"
"hypothyroid",8,5,cals,5,"{""Horn"": 2, ""Unary"": 1}","uncommitted|horn","StructuralHorn"
"hypothyroid",8,5,cals_compact_explain,5,"{""Horn"": 2, ""Unary"": 1}","uncommitted|horn","StructuralHorn"
"hypothyroid",8,7,unary,1,"{""Unary"": 29}","uncommitted","StructuralHorn"
"hypothyroid",8,7,horn,1,"{""Horn"": 30}","horn","StructuralHorn"
"hypothyroid",8,7,antihorn,1,"{""AntiHorn"": 30}","antihorn","StructuralAntiHorn"
"hypothyroid",8,7,square2cnf,1,"{""Square2Cnf"": 30}","two_sat","TwoSat"
"hypothyroid",8,7,affine,1,"{""Affine"": 30}","affine_gf2","Gf2Gaussian"
"hypothyroid",8,7,smart_certified,5,"{""Affine"": 3, ""Horn"": 1, ""Unary"": 24}","uncommitted|horn|affine_gf2","Gf2Gaussian|StructuralHorn"
"hypothyroid",8,7,cals,5,"{""Horn"": 2, ""Unary"": 1}","uncommitted|horn","StructuralHorn"
"hypothyroid",8,7,cals_compact_explain,5,"{""Horn"": 2, ""Unary"": 1}","uncommitted|horn","StructuralHorn"
"hypothyroid",9,5,unary,1,"{""Unary"": 16}","uncommitted","StructuralHorn"
"hypothyroid",9,5,horn,1,"{""Horn"": 16}","horn","StructuralHorn"
"hypothyroid",9,5,antihorn,1,"{""AntiHorn"": 16}","antihorn","StructuralAntiHorn"
"hypothyroid",9,5,square2cnf,1,"{""Square2Cnf"": 16}","two_sat","TwoSat"
"hypothyroid",9,5,affine,1,"{""Affine"": 16}","affine_gf2","Gf2Gaussian"
"hypothyroid",9,5,smart_certified,5,"{""Affine"": 3, ""Unary"": 13}","uncommitted|affine_gf2","Gf2Gaussian|StructuralHorn"
"hypothyroid",9,5,cals,5,"{""Affine"": 2, ""Unary"": 2}","uncommitted|affine_gf2","Gf2Gaussian|StructuralHorn"
"hypothyroid",9,5,cals_compact_explain,5,"{""Affine"": 1, ""Unary"": 1}","uncommitted|affine_gf2","Gf2Gaussian|StructuralHorn"
"hypothyroid",9,7,unary,1,"{""Unary"": 29}","uncommitted","StructuralHorn"
"hypothyroid",9,7,horn,1,"{""Horn"": 30}","horn","StructuralHorn"
"hypothyroid",9,7,antihorn,1,"{""AntiHorn"": 30}","antihorn","StructuralAntiHorn"
"hypothyroid",9,7,square2cnf,1,"{""Square2Cnf"": 30}","two_sat","TwoSat"
"hypothyroid",9,7,affine,1,"{""Affine"": 31}","affine_gf2","Gf2Gaussian"
"hypothyroid",9,7,smart_certified,5,"{""Affine"": 6, ""Horn"": 1, ""Unary"": 20}","uncommitted|horn|affine_gf2","Gf2Gaussian|StructuralHorn"
"hypothyroid",9,7,cals,5,"{""Affine"": 2, ""Unary"": 2}","uncommitted|affine_gf2","Gf2Gaussian|StructuralHorn"
"hypothyroid",9,7,cals_compact_explain,5,"{""Affine"": 1, ""Unary"": 1}","uncommitted|affine_gf2","Gf2Gaussian|StructuralHorn"
"ionosphere",0,5,unary,1,"{""Unary"": 13}","uncommitted","StructuralHorn"
"ionosphere",0,5,horn,1,"{""Horn"": 16}","horn","StructuralHorn"
"ionosphere",0,5,antihorn,1,"{""AntiHorn"": 16}","antihorn","StructuralAntiHorn"
"ionosphere",0,5,square2cnf,1,"{""Square2Cnf"": 16}","two_sat","TwoSat"
"ionosphere",0,5,affine,1,"{""Affine"": 11}","affine_gf2","Gf2Gaussian"
"ionosphere",0,5,smart_certified,5,"{""Horn"": 4, ""Unary"": 9}","horn","StructuralHorn"
"ionosphere",0,5,cals,5,"{""Horn"": 4}","horn","StructuralHorn"
"ionosphere",0,5,cals_compact_explain,5,"{""Horn"": 4}","horn","StructuralHorn"
"ionosphere",0,7,unary,1,"{""Unary"": 18}","uncommitted","StructuralHorn"
"ionosphere",0,7,horn,1,"{""Horn"": 17}","horn","StructuralHorn"
"ionosphere",0,7,antihorn,1,"{""AntiHorn"": 17}","antihorn","StructuralAntiHorn"
"ionosphere",0,7,square2cnf,1,"{""Square2Cnf"": 17}","two_sat","TwoSat"
"ionosphere",0,7,affine,1,"{""Affine"": 16}","affine_gf2","Gf2Gaussian"
"ionosphere",0,7,smart_certified,5,"{""Horn"": 5, ""Unary"": 10}","horn","StructuralHorn"
"ionosphere",0,7,cals,5,"{""Horn"": 4}","horn","StructuralHorn"
"ionosphere",0,7,cals_compact_explain,5,"{""Horn"": 4}","horn","StructuralHorn"
"ionosphere",1,5,unary,1,"{""Unary"": 13}","uncommitted","StructuralHorn"
"ionosphere",1,5,horn,1,"{""Horn"": 13}","horn","StructuralHorn"
"ionosphere",1,5,antihorn,1,"{""AntiHorn"": 13}","antihorn","StructuralAntiHorn"
"ionosphere",1,5,square2cnf,1,"{""Square2Cnf"": 13}","two_sat","TwoSat"
"ionosphere",1,5,affine,1,"{""Affine"": 11}","affine_gf2","Gf2Gaussian"
"ionosphere",1,5,smart_certified,5,"{""Horn"": 2, ""Unary"": 11}","horn","StructuralHorn"
"ionosphere",1,5,cals,5,"{""Horn"": 1}","horn","StructuralHorn"
"ionosphere",1,5,cals_compact_explain,5,"{""Horn"": 1}","horn","StructuralHorn"
"ionosphere",1,7,unary,1,"{""Unary"": 17}","uncommitted","StructuralHorn"
"ionosphere",1,7,horn,1,"{""Horn"": 14}","horn","StructuralHorn"
"ionosphere",1,7,antihorn,1,"{""AntiHorn"": 14}","antihorn","StructuralAntiHorn"
"ionosphere",1,7,square2cnf,1,"{""Square2Cnf"": 14}","two_sat","TwoSat"
"ionosphere",1,7,affine,1,"{""Affine"": 15}","affine_gf2","Gf2Gaussian"
"ionosphere",1,7,smart_certified,5,"{""Horn"": 2, ""Unary"": 12}","horn","StructuralHorn"
"ionosphere",1,7,cals,5,"{""Horn"": 1}","horn","StructuralHorn"
"ionosphere",1,7,cals_compact_explain,5,"{""Horn"": 1}","horn","StructuralHorn"
"ionosphere",2,5,unary,1,"{""Unary"": 11}","uncommitted","StructuralHorn"
"ionosphere",2,5,horn,1,"{""Horn"": 11}","horn","StructuralHorn"
"ionosphere",2,5,antihorn,1,"{""AntiHorn"": 11}","antihorn","StructuralAntiHorn"
"ionosphere",2,5,square2cnf,1,"{""Square2Cnf"": 11}","two_sat","TwoSat"
"ionosphere",2,5,affine,1,"{""Affine"": 13}","affine_gf2","Gf2Gaussian"
"ionosphere",2,5,smart_certified,5,"{""Horn"": 1, ""Unary"": 9}","horn","StructuralHorn"
"ionosphere",2,5,cals,5,"{""Square2Cnf"": 1, ""Unary"": 3}","two_sat","TwoSat"
"ionosphere",2,5,cals_compact_explain,5,"{""Square2Cnf"": 2, ""Unary"": 4}","two_sat","TwoSat"
"ionosphere",2,7,unary,1,"{""Unary"": 16}","uncommitted","StructuralHorn"
"ionosphere",2,7,horn,1,"{""Horn"": 14}","horn","StructuralHorn"
"ionosphere",2,7,antihorn,1,"{""AntiHorn"": 14}","antihorn","StructuralAntiHorn"
"ionosphere",2,7,square2cnf,1,"{""Square2Cnf"": 14}","two_sat","TwoSat"
"ionosphere",2,7,affine,1,"{""Affine"": 18}","affine_gf2","Gf2Gaussian"
"ionosphere",2,7,smart_certified,5,"{""Horn"": 1, ""Unary"": 15}","horn","StructuralHorn"
"ionosphere",2,7,cals,5,"{""Square2Cnf"": 1, ""Unary"": 3}","two_sat","TwoSat"
"ionosphere",2,7,cals_compact_explain,5,"{""Square2Cnf"": 2, ""Unary"": 4}","two_sat","TwoSat"
"ionosphere",3,5,unary,1,"{""Unary"": 13}","uncommitted","StructuralHorn"
"ionosphere",3,5,horn,1,"{""Horn"": 12}","horn","StructuralHorn"
"ionosphere",3,5,antihorn,1,"{""AntiHorn"": 12}","antihorn","StructuralAntiHorn"
"ionosphere",3,5,square2cnf,1,"{""Square2Cnf"": 12}","two_sat","TwoSat"
"ionosphere",3,5,affine,1,"{""Affine"": 10}","affine_gf2","Gf2Gaussian"
"ionosphere",3,5,smart_certified,5,"{""Horn"": 4, ""Unary"": 9}","horn","StructuralHorn"
"ionosphere",3,5,cals,5,"{""Horn"": 1}","horn","StructuralHorn"
"ionosphere",3,5,cals_compact_explain,5,"{""Horn"": 1}","horn","StructuralHorn"
"ionosphere",3,7,unary,1,"{""Unary"": 20}","uncommitted","StructuralHorn"
"ionosphere",3,7,horn,1,"{""Horn"": 14}","horn","StructuralHorn"
"ionosphere",3,7,antihorn,1,"{""AntiHorn"": 14}","antihorn","StructuralAntiHorn"
"ionosphere",3,7,square2cnf,1,"{""Square2Cnf"": 14}","two_sat","TwoSat"
"ionosphere",3,7,affine,1,"{""Affine"": 15}","affine_gf2","Gf2Gaussian"
"ionosphere",3,7,smart_certified,5,"{""Horn"": 4, ""Unary"": 12}","horn","StructuralHorn"
"ionosphere",3,7,cals,5,"{""Horn"": 1}","horn","StructuralHorn"
"ionosphere",3,7,cals_compact_explain,5,"{""Horn"": 1}","horn","StructuralHorn"
"ionosphere",4,5,unary,1,"{""Unary"": 11}","uncommitted","StructuralHorn"
"ionosphere",4,5,horn,1,"{""Horn"": 14}","horn","StructuralHorn"
"ionosphere",4,5,antihorn,1,"{""AntiHorn"": 14}","antihorn","StructuralAntiHorn"
"ionosphere",4,5,square2cnf,1,"{""Square2Cnf"": 14}","two_sat","TwoSat"
"ionosphere",4,5,affine,1,"{""Affine"": 10}","affine_gf2","Gf2Gaussian"
"ionosphere",4,5,smart_certified,5,"{""Horn"": 2, ""Unary"": 8}","uncommitted|horn","StructuralHorn"
"ionosphere",4,5,cals,5,"{""Horn"": 3}","horn","StructuralHorn"
"ionosphere",4,5,cals_compact_explain,5,"{""Horn"": 1}","horn","StructuralHorn"
"ionosphere",4,7,unary,1,"{""Unary"": 16}","uncommitted","StructuralHorn"
"ionosphere",4,7,horn,1,"{""Horn"": 17}","horn","StructuralHorn"
"ionosphere",4,7,antihorn,1,"{""AntiHorn"": 17}","antihorn","StructuralAntiHorn"
"ionosphere",4,7,square2cnf,1,"{""Square2Cnf"": 17}","two_sat","TwoSat"
"ionosphere",4,7,affine,1,"{""Affine"": 16}","affine_gf2","Gf2Gaussian"
"ionosphere",4,7,smart_certified,5,"{""Affine"": 1, ""Horn"": 2, ""Unary"": 11}","uncommitted|horn|affine_gf2","Gf2Gaussian|StructuralHorn"
"ionosphere",4,7,cals,5,"{""Horn"": 5, ""Unary"": 1}","horn","StructuralHorn"
"ionosphere",4,7,cals_compact_explain,5,"{""Horn"": 1}","horn","StructuralHorn"
"ionosphere",5,5,unary,1,"{""Unary"": 12}","uncommitted","StructuralHorn"
"ionosphere",5,5,horn,1,"{""Horn"": 13}","horn","StructuralHorn"
"ionosphere",5,5,antihorn,1,"{""AntiHorn"": 13}","antihorn","StructuralAntiHorn"
"ionosphere",5,5,square2cnf,1,"{""Square2Cnf"": 13}","two_sat","TwoSat"
"ionosphere",5,5,affine,1,"{""Affine"": 15}","affine_gf2","Gf2Gaussian"
"ionosphere",5,5,smart_certified,5,"{""Horn"": 5, ""Unary"": 9}","horn","StructuralHorn"
"ionosphere",5,5,cals,5,"{""Horn"": 1}","horn","StructuralHorn"
"ionosphere",5,5,cals_compact_explain,5,"{""Horn"": 7, ""Unary"": 4}","horn","StructuralHorn"
"ionosphere",5,7,unary,1,"{""Unary"": 17}","uncommitted","StructuralHorn"
"ionosphere",5,7,horn,1,"{""Horn"": 14}","horn","StructuralHorn"
"ionosphere",5,7,antihorn,1,"{""AntiHorn"": 14}","antihorn","StructuralAntiHorn"
"ionosphere",5,7,square2cnf,1,"{""Square2Cnf"": 14}","two_sat","TwoSat"
"ionosphere",5,7,affine,1,"{""Affine"": 19}","affine_gf2","Gf2Gaussian"
"ionosphere",5,7,smart_certified,5,"{""Horn"": 5, ""Unary"": 11}","horn","StructuralHorn"
"ionosphere",5,7,cals,5,"{""Horn"": 1}","horn","StructuralHorn"
"ionosphere",5,7,cals_compact_explain,5,"{""Horn"": 7, ""Unary"": 4}","horn","StructuralHorn"
"ionosphere",6,5,unary,1,"{""Unary"": 12}","uncommitted","StructuralHorn"
"ionosphere",6,5,horn,1,"{""Horn"": 11}","horn","StructuralHorn"
"ionosphere",6,5,antihorn,1,"{""AntiHorn"": 11}","antihorn","StructuralAntiHorn"
"ionosphere",6,5,square2cnf,1,"{""Square2Cnf"": 11}","two_sat","TwoSat"
"ionosphere",6,5,affine,1,"{""Affine"": 11}","affine_gf2","Gf2Gaussian"
"ionosphere",6,5,smart_certified,5,"{""Horn"": 4, ""Unary"": 7}","horn","StructuralHorn"
"ionosphere",6,5,cals,5,"{""Horn"": 3}","horn","StructuralHorn"
"ionosphere",6,5,cals_compact_explain,5,"{""Square2Cnf"": 3}","two_sat","TwoSat"
"ionosphere",6,7,unary,1,"{""Unary"": 18}","uncommitted","StructuralHorn"
"ionosphere",6,7,horn,1,"{""Horn"": 15}","horn","StructuralHorn"
"ionosphere",6,7,antihorn,1,"{""AntiHorn"": 15}","antihorn","StructuralAntiHorn"
"ionosphere",6,7,square2cnf,1,"{""Square2Cnf"": 15}","two_sat","TwoSat"
"ionosphere",6,7,affine,1,"{""Affine"": 15}","affine_gf2","Gf2Gaussian"
"ionosphere",6,7,smart_certified,5,"{""Horn"": 5, ""Unary"": 10}","horn","StructuralHorn"
"ionosphere",6,7,cals,5,"{""Horn"": 3}","horn","StructuralHorn"
"ionosphere",6,7,cals_compact_explain,5,"{""Square2Cnf"": 3}","two_sat","TwoSat"
"ionosphere",7,5,unary,1,"{""Unary"": 15}","uncommitted","StructuralHorn"
"ionosphere",7,5,horn,1,"{""Horn"": 13}","horn","StructuralHorn"
"ionosphere",7,5,antihorn,1,"{""AntiHorn"": 13}","antihorn","StructuralAntiHorn"
"ionosphere",7,5,square2cnf,1,"{""Square2Cnf"": 13}","two_sat","TwoSat"
"ionosphere",7,5,affine,1,"{""Affine"": 13}","affine_gf2","Gf2Gaussian"
"ionosphere",7,5,smart_certified,5,"{""Horn"": 5, ""Unary"": 9}","uncommitted|horn","StructuralHorn"
"ionosphere",7,5,cals,5,"{""Horn"": 3}","horn","StructuralHorn"
"ionosphere",7,5,cals_compact_explain,5,"{""Horn"": 3, ""Unary"": 1}","horn","StructuralHorn"
"ionosphere",7,7,unary,1,"{""Unary"": 18}","uncommitted","StructuralHorn"
"ionosphere",7,7,horn,1,"{""Horn"": 14}","horn","StructuralHorn"
"ionosphere",7,7,antihorn,1,"{""AntiHorn"": 14}","antihorn","StructuralAntiHorn"
"ionosphere",7,7,square2cnf,1,"{""Square2Cnf"": 14}","two_sat","TwoSat"
"ionosphere",7,7,affine,1,"{""Affine"": 16}","affine_gf2","Gf2Gaussian"
"ionosphere",7,7,smart_certified,5,"{""Horn"": 5, ""Unary"": 11}","uncommitted|horn","StructuralHorn"
"ionosphere",7,7,cals,5,"{""Horn"": 3}","horn","StructuralHorn"
"ionosphere",7,7,cals_compact_explain,5,"{""Horn"": 3, ""Unary"": 1}","horn","StructuralHorn"
"ionosphere",8,5,unary,1,"{""Unary"": 11}","uncommitted","StructuralHorn"
"ionosphere",8,5,horn,1,"{""Horn"": 11}","horn","StructuralHorn"
"ionosphere",8,5,antihorn,1,"{""AntiHorn"": 11}","antihorn","StructuralAntiHorn"
"ionosphere",8,5,square2cnf,1,"{""Square2Cnf"": 11}","two_sat","TwoSat"
"ionosphere",8,5,affine,1,"{""Affine"": 12}","affine_gf2","Gf2Gaussian"
"ionosphere",8,5,smart_certified,5,"{""Affine"": 1, ""Horn"": 1, ""Unary"": 9}","uncommitted|horn|affine_gf2","Gf2Gaussian|StructuralHorn"
"ionosphere",8,5,cals,5,"{""Horn"": 1}","horn","StructuralHorn"
"ionosphere",8,5,cals_compact_explain,5,"{""Horn"": 3, ""Unary"": 4}","horn","StructuralHorn"
"ionosphere",8,7,unary,1,"{""Unary"": 14}","uncommitted","StructuralHorn"
"ionosphere",8,7,horn,1,"{""Horn"": 11}","horn","StructuralHorn"
"ionosphere",8,7,antihorn,1,"{""AntiHorn"": 11}","antihorn","StructuralAntiHorn"
"ionosphere",8,7,square2cnf,1,"{""Square2Cnf"": 11}","two_sat","TwoSat"
"ionosphere",8,7,affine,1,"{""Affine"": 15}","affine_gf2","Gf2Gaussian"
"ionosphere",8,7,smart_certified,5,"{""Affine"": 1, ""Horn"": 1, ""Unary"": 11}","uncommitted|horn|affine_gf2","Gf2Gaussian|StructuralHorn"
"ionosphere",8,7,cals,5,"{""Horn"": 1}","horn","StructuralHorn"
"ionosphere",8,7,cals_compact_explain,5,"{""Horn"": 3, ""Unary"": 5}","horn","StructuralHorn"
"ionosphere",9,5,unary,1,"{""Unary"": 11}","uncommitted","StructuralHorn"
"ionosphere",9,5,horn,1,"{""Horn"": 16}","horn","StructuralHorn"
"ionosphere",9,5,antihorn,1,"{""AntiHorn"": 16}","antihorn","StructuralAntiHorn"
"ionosphere",9,5,square2cnf,1,"{""Square2Cnf"": 16}","two_sat","TwoSat"
"ionosphere",9,5,affine,1,"{""Affine"": 12}","affine_gf2","Gf2Gaussian"
"ionosphere",9,5,smart_certified,5,"{""Horn"": 2, ""Unary"": 8}","uncommitted|horn","StructuralHorn"
"ionosphere",9,5,cals,5,"{""Horn"": 2}","horn","StructuralHorn"
"ionosphere",9,5,cals_compact_explain,5,"{""Horn"": 2, ""Unary"": 1}","horn","StructuralHorn"
"ionosphere",9,7,unary,1,"{""Unary"": 16}","uncommitted","StructuralHorn"
"ionosphere",9,7,horn,1,"{""Horn"": 18}","horn","StructuralHorn"
"ionosphere",9,7,antihorn,1,"{""AntiHorn"": 18}","antihorn","StructuralAntiHorn"
"ionosphere",9,7,square2cnf,1,"{""Square2Cnf"": 17}","two_sat","TwoSat"
"ionosphere",9,7,affine,1,"{""Affine"": 16}","affine_gf2","Gf2Gaussian"
"ionosphere",9,7,smart_certified,5,"{""Horn"": 2, ""Unary"": 12}","uncommitted|horn","StructuralHorn"
"ionosphere",9,7,cals,5,"{""Horn"": 2}","horn","StructuralHorn"
"ionosphere",9,7,cals_compact_explain,5,"{""Horn"": 2, ""Unary"": 1}","horn","StructuralHorn"
"kr-vs-kp",0,5,unary,1,"{""Unary"": 9}","uncommitted","StructuralHorn"
"kr-vs-kp",0,5,horn,1,"{""Horn"": 14}","horn","StructuralHorn"
"kr-vs-kp",0,5,antihorn,1,"{""AntiHorn"": 14}","antihorn","StructuralAntiHorn"
"kr-vs-kp",0,5,square2cnf,1,"{""Square2Cnf"": 14}","two_sat","TwoSat"
"kr-vs-kp",0,5,affine,1,"{""Affine"": 15}","affine_gf2","Gf2Gaussian"
"kr-vs-kp",0,5,smart_certified,5,"{""Horn"": 4, ""Unary"": 10}","horn","StructuralHorn"
"kr-vs-kp",0,5,cals,5,"{""Square2Cnf"": 8, ""Unary"": 1}","two_sat","TwoSat"
"kr-vs-kp",0,5,cals_compact_explain,5,"{""Square2Cnf"": 10, ""Unary"": 1}","two_sat","TwoSat"
"kr-vs-kp",0,7,unary,1,"{""Unary"": 17}","uncommitted","StructuralHorn"
"kr-vs-kp",0,7,horn,1,"{""Horn"": 24}","horn","StructuralHorn"
"kr-vs-kp",0,7,antihorn,1,"{""AntiHorn"": 24}","antihorn","StructuralAntiHorn"
"kr-vs-kp",0,7,square2cnf,1,"{""Square2Cnf"": 25}","two_sat","TwoSat"
"kr-vs-kp",0,7,affine,1,"{""Affine"": 29}","affine_gf2","Gf2Gaussian"
"kr-vs-kp",0,7,smart_certified,5,"{""Horn"": 9, ""Unary"": 12}","horn","StructuralHorn"
"kr-vs-kp",0,7,cals,5,"{""Square2Cnf"": 11, ""Unary"": 2}","two_sat","TwoSat"
"kr-vs-kp",0,7,cals_compact_explain,5,"{""Square2Cnf"": 18, ""Unary"": 2}","two_sat","TwoSat"
"kr-vs-kp",1,5,unary,1,"{""Unary"": 8}","uncommitted","StructuralHorn"
"kr-vs-kp",1,5,horn,1,"{""Horn"": 11}","horn","StructuralHorn"
"kr-vs-kp",1,5,antihorn,1,"{""AntiHorn"": 11}","antihorn","StructuralAntiHorn"
"kr-vs-kp",1,5,square2cnf,1,"{""Square2Cnf"": 11}","two_sat","TwoSat"
"kr-vs-kp",1,5,affine,1,"{""Affine"": 13}","affine_gf2","Gf2Gaussian"
"kr-vs-kp",1,5,smart_certified,5,"{""Horn"": 5, ""Unary"": 7}","horn","StructuralHorn"
"kr-vs-kp",1,5,cals,5,"{""Square2Cnf"": 9}","two_sat","TwoSat"
"kr-vs-kp",1,5,cals_compact_explain,5,"{""Square2Cnf"": 10, ""Unary"": 1}","two_sat","TwoSat"
"kr-vs-kp",1,7,unary,1,"{""Unary"": 14}","uncommitted","StructuralHorn"
"kr-vs-kp",1,7,horn,1,"{""Horn"": 21}","horn","StructuralHorn"
"kr-vs-kp",1,7,antihorn,1,"{""AntiHorn"": 21}","antihorn","StructuralAntiHorn"
"kr-vs-kp",1,7,square2cnf,1,"{""Square2Cnf"": 20}","two_sat","TwoSat"
"kr-vs-kp",1,7,affine,1,"{""Affine"": 25}","affine_gf2","Gf2Gaussian"
"kr-vs-kp",1,7,smart_certified,5,"{""Horn"": 9, ""Unary"": 8}","horn","StructuralHorn"
"kr-vs-kp",1,7,cals,5,"{""Square2Cnf"": 11}","two_sat","TwoSat"
"kr-vs-kp",1,7,cals_compact_explain,5,"{""Square2Cnf"": 13, ""Unary"": 2}","two_sat","TwoSat"
"kr-vs-kp",2,5,unary,1,"{""Unary"": 9}","uncommitted","StructuralHorn"
"kr-vs-kp",2,5,horn,1,"{""Horn"": 11}","horn","StructuralHorn"
"kr-vs-kp",2,5,antihorn,1,"{""AntiHorn"": 11}","antihorn","StructuralAntiHorn"
"kr-vs-kp",2,5,square2cnf,1,"{""Square2Cnf"": 11}","two_sat","TwoSat"
"kr-vs-kp",2,5,affine,1,"{""Affine"": 15}","affine_gf2","Gf2Gaussian"
"kr-vs-kp",2,5,smart_certified,5,"{""Horn"": 2, ""Unary"": 10}","horn","StructuralHorn"
"kr-vs-kp",2,5,cals,5,"{""Square2Cnf"": 10, ""Unary"": 1}","two_sat","TwoSat"
"kr-vs-kp",2,5,cals_compact_explain,5,"{""Square2Cnf"": 6, ""Unary"": 1}","two_sat","TwoSat"
"kr-vs-kp",2,7,unary,1,"{""Unary"": 18}","uncommitted","StructuralHorn"
"kr-vs-kp",2,7,horn,1,"{""Horn"": 21}","horn","StructuralHorn"
"kr-vs-kp",2,7,antihorn,1,"{""AntiHorn"": 21}","antihorn","StructuralAntiHorn"
"kr-vs-kp",2,7,square2cnf,1,"{""Square2Cnf"": 21}","two_sat","TwoSat"
"kr-vs-kp",2,7,affine,1,"{""Affine"": 28}","affine_gf2","Gf2Gaussian"
"kr-vs-kp",2,7,smart_certified,5,"{""Horn"": 7, ""Unary"": 14}","horn","StructuralHorn"
"kr-vs-kp",2,7,cals,5,"{""Square2Cnf"": 11, ""Unary"": 1}","two_sat","TwoSat"
"kr-vs-kp",2,7,cals_compact_explain,5,"{""Square2Cnf"": 7, ""Unary"": 2}","two_sat","TwoSat"
"kr-vs-kp",3,5,unary,1,"{""Unary"": 9}","uncommitted","StructuralHorn"
"kr-vs-kp",3,5,horn,1,"{""Horn"": 13}","horn","StructuralHorn"
"kr-vs-kp",3,5,antihorn,1,"{""AntiHorn"": 13}","antihorn","StructuralAntiHorn"
"kr-vs-kp",3,5,square2cnf,1,"{""Square2Cnf"": 13}","two_sat","TwoSat"
"kr-vs-kp",3,5,affine,1,"{""Affine"": 10}","affine_gf2","Gf2Gaussian"
"kr-vs-kp",3,5,smart_certified,5,"{""Horn"": 4, ""Unary"": 8}","horn","StructuralHorn"
"kr-vs-kp",3,5,cals,5,"{""Square2Cnf"": 8, ""Unary"": 2}","two_sat","TwoSat"
"kr-vs-kp",3,5,cals_compact_explain,5,"{""Square2Cnf"": 8, ""Unary"": 3}","two_sat","TwoSat"
"kr-vs-kp",3,7,unary,1,"{""Unary"": 18}","uncommitted","StructuralHorn"
"kr-vs-kp",3,7,horn,1,"{""Horn"": 25}","horn","StructuralHorn"
"kr-vs-kp",3,7,antihorn,1,"{""AntiHorn"": 25}","antihorn","StructuralAntiHorn"
"kr-vs-kp",3,7,square2cnf,1,"{""Square2Cnf"": 25}","two_sat","TwoSat"
"kr-vs-kp",3,7,affine,1,"{""Affine"": 20}","affine_gf2","Gf2Gaussian"
"kr-vs-kp",3,7,smart_certified,5,"{""Horn"": 9, ""Unary"": 12}","horn","StructuralHorn"
"kr-vs-kp",3,7,cals,5,"{""Square2Cnf"": 9, ""Unary"": 3}","two_sat","TwoSat"
"kr-vs-kp",3,7,cals_compact_explain,5,"{""Square2Cnf"": 9, ""Unary"": 4}","two_sat","TwoSat"
"kr-vs-kp",4,5,unary,1,"{""Unary"": 8}","uncommitted","StructuralHorn"
"kr-vs-kp",4,5,horn,1,"{""Horn"": 11}","horn","StructuralHorn"
"kr-vs-kp",4,5,antihorn,1,"{""AntiHorn"": 11}","antihorn","StructuralAntiHorn"
"kr-vs-kp",4,5,square2cnf,1,"{""Square2Cnf"": 11}","two_sat","TwoSat"
"kr-vs-kp",4,5,affine,1,"{""Affine"": 17}","affine_gf2","Gf2Gaussian"
"kr-vs-kp",4,5,smart_certified,5,"{""Horn"": 5, ""Unary"": 8}","horn","StructuralHorn"
"kr-vs-kp",4,5,cals,5,"{""Square2Cnf"": 9, ""Unary"": 1}","two_sat","TwoSat"
"kr-vs-kp",4,5,cals_compact_explain,5,"{""Square2Cnf"": 10, ""Unary"": 2}","two_sat","TwoSat"
"kr-vs-kp",4,7,unary,1,"{""Unary"": 18}","uncommitted","StructuralHorn"
"kr-vs-kp",4,7,horn,1,"{""Horn"": 22}","horn","StructuralHorn"
"kr-vs-kp",4,7,antihorn,1,"{""AntiHorn"": 22}","antihorn","StructuralAntiHorn"
"kr-vs-kp",4,7,square2cnf,1,"{""Square2Cnf"": 21}","two_sat","TwoSat"
"kr-vs-kp",4,7,affine,1,"{""Affine"": 31}","affine_gf2","Gf2Gaussian"
"kr-vs-kp",4,7,smart_certified,5,"{""Horn"": 11, ""Unary"": 14}","horn","StructuralHorn"
"kr-vs-kp",4,7,cals,5,"{""Square2Cnf"": 10, ""Unary"": 1}","two_sat","TwoSat"
"kr-vs-kp",4,7,cals_compact_explain,5,"{""Square2Cnf"": 12, ""Unary"": 6}","two_sat","TwoSat"
"kr-vs-kp",5,5,unary,1,"{""Unary"": 9}","uncommitted","StructuralHorn"
"kr-vs-kp",5,5,horn,1,"{""Horn"": 13}","horn","StructuralHorn"
"kr-vs-kp",5,5,antihorn,1,"{""AntiHorn"": 13}","antihorn","StructuralAntiHorn"
"kr-vs-kp",5,5,square2cnf,1,"{""Square2Cnf"": 13}","two_sat","TwoSat"
"kr-vs-kp",5,5,affine,1,"{""Affine"": 14}","affine_gf2","Gf2Gaussian"
"kr-vs-kp",5,5,smart_certified,5,"{""Horn"": 4, ""Unary"": 8}","horn","StructuralHorn"
"kr-vs-kp",5,5,cals,5,"{""Square2Cnf"": 10, ""Unary"": 1}","two_sat","TwoSat"
"kr-vs-kp",5,5,cals_compact_explain,5,"{""Square2Cnf"": 10}","two_sat","TwoSat"
"kr-vs-kp",5,7,unary,1,"{""Unary"": 18}","uncommitted","StructuralHorn"
"kr-vs-kp",5,7,horn,1,"{""Horn"": 25}","horn","StructuralHorn"
"kr-vs-kp",5,7,antihorn,1,"{""AntiHorn"": 25}","antihorn","StructuralAntiHorn"
"kr-vs-kp",5,7,square2cnf,1,"{""Square2Cnf"": 24}","two_sat","TwoSat"
"kr-vs-kp",5,7,affine,1,"{""Affine"": 27}","affine_gf2","Gf2Gaussian"
"kr-vs-kp",5,7,smart_certified,5,"{""Horn"": 9, ""Unary"": 12}","horn","StructuralHorn"
"kr-vs-kp",5,7,cals,5,"{""Square2Cnf"": 11, ""Unary"": 2}","two_sat","TwoSat"
"kr-vs-kp",5,7,cals_compact_explain,5,"{""Square2Cnf"": 13, ""Unary"": 1}","two_sat","TwoSat"
"kr-vs-kp",6,5,unary,1,"{""Unary"": 9}","uncommitted","StructuralHorn"
"kr-vs-kp",6,5,horn,1,"{""Horn"": 13}","horn","StructuralHorn"
"kr-vs-kp",6,5,antihorn,1,"{""AntiHorn"": 13}","antihorn","StructuralAntiHorn"
"kr-vs-kp",6,5,square2cnf,1,"{""Square2Cnf"": 13}","two_sat","TwoSat"
"kr-vs-kp",6,5,affine,1,"{""Affine"": 14}","affine_gf2","Gf2Gaussian"
"kr-vs-kp",6,5,smart_certified,5,"{""Horn"": 5, ""Unary"": 8}","horn","StructuralHorn"
"kr-vs-kp",6,5,cals,5,"{""Square2Cnf"": 11}","two_sat","TwoSat"
"kr-vs-kp",6,5,cals_compact_explain,5,"{""Square2Cnf"": 13, ""Unary"": 2}","two_sat","TwoSat"
"kr-vs-kp",6,7,unary,1,"{""Unary"": 18}","uncommitted","StructuralHorn"
"kr-vs-kp",6,7,horn,1,"{""Horn"": 25}","horn","StructuralHorn"
"kr-vs-kp",6,7,antihorn,1,"{""AntiHorn"": 25}","antihorn","StructuralAntiHorn"
"kr-vs-kp",6,7,square2cnf,1,"{""Square2Cnf"": 24}","two_sat","TwoSat"
"kr-vs-kp",6,7,affine,1,"{""Affine"": 27}","affine_gf2","Gf2Gaussian"
"kr-vs-kp",6,7,smart_certified,5,"{""Horn"": 10, ""Unary"": 18}","horn","StructuralHorn"
"kr-vs-kp",6,7,cals,5,"{""Square2Cnf"": 12, ""Unary"": 1}","two_sat","TwoSat"
"kr-vs-kp",6,7,cals_compact_explain,5,"{""Square2Cnf"": 16, ""Unary"": 5}","two_sat","TwoSat"
"kr-vs-kp",7,5,unary,1,"{""Unary"": 9}","uncommitted","StructuralHorn"
"kr-vs-kp",7,5,horn,1,"{""Horn"": 13}","horn","StructuralHorn"
"kr-vs-kp",7,5,antihorn,1,"{""AntiHorn"": 13}","antihorn","StructuralAntiHorn"
"kr-vs-kp",7,5,square2cnf,1,"{""Square2Cnf"": 13}","two_sat","TwoSat"
"kr-vs-kp",7,5,affine,1,"{""Affine"": 17}","affine_gf2","Gf2Gaussian"
"kr-vs-kp",7,5,smart_certified,5,"{""Horn"": 4, ""Unary"": 8}","horn","StructuralHorn"
"kr-vs-kp",7,5,cals,5,"{""Square2Cnf"": 6, ""Unary"": 1}","two_sat","TwoSat"
"kr-vs-kp",7,5,cals_compact_explain,5,"{""Square2Cnf"": 7, ""Unary"": 1}","two_sat","TwoSat"
"kr-vs-kp",7,7,unary,1,"{""Unary"": 17}","uncommitted","StructuralHorn"
"kr-vs-kp",7,7,horn,1,"{""Horn"": 25}","horn","StructuralHorn"
"kr-vs-kp",7,7,antihorn,1,"{""AntiHorn"": 25}","antihorn","StructuralAntiHorn"
"kr-vs-kp",7,7,square2cnf,1,"{""Square2Cnf"": 25}","two_sat","TwoSat"
"kr-vs-kp",7,7,affine,1,"{""Affine"": 30}","affine_gf2","Gf2Gaussian"
"kr-vs-kp",7,7,smart_certified,5,"{""Horn"": 8, ""Unary"": 10}","horn","StructuralHorn"
"kr-vs-kp",7,7,cals,5,"{""Square2Cnf"": 11, ""Unary"": 4}","two_sat","TwoSat"
"kr-vs-kp",7,7,cals_compact_explain,5,"{""Square2Cnf"": 12, ""Unary"": 6}","two_sat","TwoSat"
"kr-vs-kp",8,5,unary,1,"{""Unary"": 9}","uncommitted","StructuralHorn"
"kr-vs-kp",8,5,horn,1,"{""Horn"": 13}","horn","StructuralHorn"
"kr-vs-kp",8,5,antihorn,1,"{""AntiHorn"": 13}","antihorn","StructuralAntiHorn"
"kr-vs-kp",8,5,square2cnf,1,"{""Square2Cnf"": 13}","two_sat","TwoSat"
"kr-vs-kp",8,5,affine,1,"{""Affine"": 15}","affine_gf2","Gf2Gaussian"
"kr-vs-kp",8,5,smart_certified,5,"{""Horn"": 5, ""Unary"": 7}","horn","StructuralHorn"
"kr-vs-kp",8,5,cals,5,"{""Square2Cnf"": 7, ""Unary"": 2}","two_sat","TwoSat"
"kr-vs-kp",8,5,cals_compact_explain,5,"{""Square2Cnf"": 8, ""Unary"": 6}","two_sat","TwoSat"
"kr-vs-kp",8,7,unary,1,"{""Unary"": 17}","uncommitted","StructuralHorn"
"kr-vs-kp",8,7,horn,1,"{""Horn"": 24}","horn","StructuralHorn"
"kr-vs-kp",8,7,antihorn,1,"{""AntiHorn"": 23}","antihorn","StructuralAntiHorn"
"kr-vs-kp",8,7,square2cnf,1,"{""Square2Cnf"": 24}","two_sat","TwoSat"
"kr-vs-kp",8,7,affine,1,"{""Affine"": 28}","affine_gf2","Gf2Gaussian"
"kr-vs-kp",8,7,smart_certified,5,"{""Horn"": 8, ""Unary"": 10}","horn","StructuralHorn"
"kr-vs-kp",8,7,cals,5,"{""Square2Cnf"": 7, ""Unary"": 4}","two_sat","TwoSat"
"kr-vs-kp",8,7,cals_compact_explain,5,"{""Square2Cnf"": 12, ""Unary"": 12}","two_sat","TwoSat"
"kr-vs-kp",9,5,unary,1,"{""Unary"": 9}","uncommitted","StructuralHorn"
"kr-vs-kp",9,5,horn,1,"{""Horn"": 11}","horn","StructuralHorn"
"kr-vs-kp",9,5,antihorn,1,"{""AntiHorn"": 11}","antihorn","StructuralAntiHorn"
"kr-vs-kp",9,5,square2cnf,1,"{""Square2Cnf"": 11}","two_sat","TwoSat"
"kr-vs-kp",9,5,affine,1,"{""Affine"": 17}","affine_gf2","Gf2Gaussian"
"kr-vs-kp",9,5,smart_certified,5,"{""Horn"": 4, ""Unary"": 9}","horn","StructuralHorn"
"kr-vs-kp",9,5,cals,5,"{""Square2Cnf"": 9, ""Unary"": 1}","two_sat","TwoSat"
"kr-vs-kp",9,5,cals_compact_explain,5,"{""Square2Cnf"": 10, ""Unary"": 1}","two_sat","TwoSat"
"kr-vs-kp",9,7,unary,1,"{""Unary"": 17}","uncommitted","StructuralHorn"
"kr-vs-kp",9,7,horn,1,"{""Horn"": 22}","horn","StructuralHorn"
"kr-vs-kp",9,7,antihorn,1,"{""AntiHorn"": 22}","antihorn","StructuralAntiHorn"
"kr-vs-kp",9,7,square2cnf,1,"{""Square2Cnf"": 19}","two_sat","TwoSat"
"kr-vs-kp",9,7,affine,1,"{""Affine"": 29}","affine_gf2","Gf2Gaussian"
"kr-vs-kp",9,7,smart_certified,5,"{""Horn"": 8, ""Unary"": 14}","horn","StructuralHorn"
"kr-vs-kp",9,7,cals,5,"{""Square2Cnf"": 10, ""Unary"": 2}","two_sat","TwoSat"
"kr-vs-kp",9,7,cals_compact_explain,5,"{""Square2Cnf"": 11, ""Unary"": 2}","two_sat","TwoSat"
"letter",0,5,unary,1,"{""Unary"": 16}","uncommitted","StructuralHorn"
"letter",0,5,horn,1,"{""Horn"": 21}","horn","StructuralHorn"
"letter",0,5,antihorn,1,"{""AntiHorn"": 21}","antihorn","StructuralAntiHorn"
"letter",0,5,square2cnf,1,"{""Square2Cnf"": 21}","two_sat","TwoSat"
"letter",0,5,affine,1,"{""Affine"": 12}","affine_gf2","Gf2Gaussian"
"letter",0,5,smart_certified,5,"{""Affine"": 2, ""Unary"": 14}","uncommitted|affine_gf2","Gf2Gaussian|StructuralHorn"
"letter",0,5,cals,5,"{""Horn"": 5}","horn","StructuralHorn"
"letter",0,5,cals_compact_explain,5,"{}","uncommitted","StructuralHorn"
"letter",0,7,unary,1,"{""Unary"": 33}","uncommitted","StructuralHorn"
"letter",0,7,horn,1,"{""Horn"": 44}","horn","StructuralHorn"
"letter",0,7,antihorn,1,"{""AntiHorn"": 44}","antihorn","StructuralAntiHorn"
"letter",0,7,square2cnf,1,"{""Square2Cnf"": 44}","two_sat","TwoSat"
"letter",0,7,affine,1,"{""Affine"": 29}","affine_gf2","Gf2Gaussian"
"letter",0,7,smart_certified,5,"{""Affine"": 4, ""Horn"": 1, ""Unary"": 33}","uncommitted|horn|affine_gf2","Gf2Gaussian|StructuralHorn"
"letter",0,7,cals,5,"{""Horn"": 9, ""Unary"": 2}","horn","StructuralHorn"
"letter",0,7,cals_compact_explain,5,"{}","uncommitted","StructuralHorn"
"letter",1,5,unary,1,"{""Unary"": 20}","uncommitted","StructuralHorn"
"letter",1,5,horn,1,"{""Horn"": 22}","horn","StructuralHorn"
"letter",1,5,antihorn,1,"{""AntiHorn"": 22}","antihorn","StructuralAntiHorn"
"letter",1,5,square2cnf,1,"{""Square2Cnf"": 22}","two_sat","TwoSat"
"letter",1,5,affine,1,"{""Affine"": 12}","affine_gf2","Gf2Gaussian"
"letter",1,5,smart_certified,5,"{""Affine"": 1, ""Horn"": 2, ""Unary"": 18}","uncommitted|horn|affine_gf2","Gf2Gaussian|StructuralHorn"
"letter",1,5,cals,5,"{""Horn"": 5}","horn","StructuralHorn"
"letter",1,5,cals_compact_explain,5,"{}","uncommitted","StructuralHorn"
"letter",1,7,unary,1,"{""Unary"": 41}","uncommitted","StructuralHorn"
"letter",1,7,horn,1,"{""Horn"": 49}","horn","StructuralHorn"
"letter",1,7,antihorn,1,"{""AntiHorn"": 49}","antihorn","StructuralAntiHorn"
"letter",1,7,square2cnf,1,"{""Square2Cnf"": 49}","two_sat","TwoSat"
"letter",1,7,affine,1,"{""Affine"": 30}","affine_gf2","Gf2Gaussian"
"letter",1,7,smart_certified,5,"{""Affine"": 1, ""Horn"": 4, ""Unary"": 38}","uncommitted|horn|affine_gf2","Gf2Gaussian|StructuralHorn"
"letter",1,7,cals,5,"{""Horn"": 11, ""Unary"": 1}","horn","StructuralHorn"
"letter",1,7,cals_compact_explain,5,"{}","uncommitted","StructuralHorn"
"letter",2,5,unary,1,"{""Unary"": 16}","uncommitted","StructuralHorn"
"letter",2,5,horn,1,"{""Horn"": 24}","horn","StructuralHorn"
"letter",2,5,antihorn,1,"{""AntiHorn"": 24}","antihorn","StructuralAntiHorn"
"letter",2,5,square2cnf,1,"{""Square2Cnf"": 24}","two_sat","TwoSat"
"letter",2,5,affine,1,"{""Affine"": 19}","affine_gf2","Gf2Gaussian"
"letter",2,5,smart_certified,5,"{""Affine"": 1, ""Unary"": 15}","uncommitted|affine_gf2","Gf2Gaussian|StructuralHorn"
"letter",2,5,cals,5,"{""Horn"": 5}","horn","StructuralHorn"
"letter",2,5,cals_compact_explain,5,"{}","uncommitted","StructuralHorn"
"letter",2,7,unary,1,"{""Unary"": 38}","uncommitted","StructuralHorn"
"letter",2,7,horn,1,"{""Horn"": 51}","horn","StructuralHorn"
"letter",2,7,antihorn,1,"{""AntiHorn"": 51}","antihorn","StructuralAntiHorn"
"letter",2,7,square2cnf,1,"{""Square2Cnf"": 51}","two_sat","TwoSat"
"letter",2,7,affine,1,"{""Affine"": 41}","affine_gf2","Gf2Gaussian"
"letter",2,7,smart_certified,5,"{""Affine"": 2, ""Unary"": 43}","uncommitted|affine_gf2","Gf2Gaussian|StructuralHorn"
"letter",2,7,cals,5,"{""Horn"": 8, ""Unary"": 1}","horn","StructuralHorn"
"letter",2,7,cals_compact_explain,5,"{}","uncommitted","StructuralHorn"
"letter",3,5,unary,1,"{""Unary"": 18}","uncommitted","StructuralHorn"
"letter",3,5,horn,1,"{""Horn"": 23}","horn","StructuralHorn"
"letter",3,5,antihorn,1,"{""AntiHorn"": 23}","antihorn","StructuralAntiHorn"
"letter",3,5,square2cnf,1,"{""Square2Cnf"": 23}","two_sat","TwoSat"
"letter",3,5,affine,1,"{""Affine"": 16}","affine_gf2","Gf2Gaussian"
"letter",3,5,smart_certified,5,"{""Affine"": 1, ""Horn"": 2, ""Unary"": 15}","uncommitted|horn|affine_gf2","Gf2Gaussian|StructuralHorn"
"letter",3,5,cals,5,"{""Horn"": 6}","horn","StructuralHorn"
"letter",3,5,cals_compact_explain,5,"{}","uncommitted","StructuralHorn"
"letter",3,7,unary,1,"{""Unary"": 42}","uncommitted","StructuralHorn"
"letter",3,7,horn,1,"{""Horn"": 52}","horn","StructuralHorn"
"letter",3,7,antihorn,1,"{""AntiHorn"": 52}","antihorn","StructuralAntiHorn"
"letter",3,7,square2cnf,1,"{""Square2Cnf"": 52}","two_sat","TwoSat"
"letter",3,7,affine,1,"{""Affine"": 33}","affine_gf2","Gf2Gaussian"
"letter",3,7,smart_certified,5,"{""Affine"": 2, ""Horn"": 3, ""Unary"": 38}","uncommitted|horn|affine_gf2","Gf2Gaussian|StructuralHorn"
"letter",3,7,cals,5,"{""Horn"": 10}","horn","StructuralHorn"
"letter",3,7,cals_compact_explain,5,"{""Horn"": 12, ""Unary"": 5}","horn","StructuralHorn"
"letter",4,5,unary,1,"{""Unary"": 18}","uncommitted","StructuralHorn"
"letter",4,5,horn,1,"{""Horn"": 23}","horn","StructuralHorn"
"letter",4,5,antihorn,1,"{""AntiHorn"": 23}","antihorn","StructuralAntiHorn"
"letter",4,5,square2cnf,1,"{""Square2Cnf"": 23}","two_sat","TwoSat"
"letter",4,5,affine,1,"{""Affine"": 15}","affine_gf2","Gf2Gaussian"
"letter",4,5,smart_certified,5,"{""Affine"": 1, ""Horn"": 1, ""Unary"": 16}","uncommitted|horn|affine_gf2","Gf2Gaussian|StructuralHorn"
"letter",4,5,cals,5,"{""Horn"": 4}","horn","StructuralHorn"
"letter",4,5,cals_compact_explain,5,"{}","uncommitted","StructuralHorn"
"letter",4,7,unary,1,"{""Unary"": 40}","uncommitted","StructuralHorn"
"letter",4,7,horn,1,"{""Horn"": 48}","horn","StructuralHorn"
"letter",4,7,antihorn,1,"{""AntiHorn"": 48}","antihorn","StructuralAntiHorn"
"letter",4,7,square2cnf,1,"{""Square2Cnf"": 48}","two_sat","TwoSat"
"letter",4,7,affine,1,"{""Affine"": 32}","affine_gf2","Gf2Gaussian"
"letter",4,7,smart_certified,5,"{""Affine"": 1, ""Horn"": 2, ""Unary"": 41}","uncommitted|horn|affine_gf2","Gf2Gaussian|StructuralHorn"
"letter",4,7,cals,5,"{""Horn"": 9, ""Unary"": 1}","horn","StructuralHorn"
"letter",4,7,cals_compact_explain,5,"{""Horn"": 16, ""Unary"": 6}","horn","StructuralHorn"
"letter",5,5,unary,1,"{""Unary"": 15}","uncommitted","StructuralHorn"
"letter",5,5,horn,1,"{""Horn"": 24}","horn","StructuralHorn"
"letter",5,5,antihorn,1,"{""AntiHorn"": 24}","antihorn","StructuralAntiHorn"
"letter",5,5,square2cnf,1,"{""Square2Cnf"": 24}","two_sat","TwoSat"
"letter",5,5,affine,1,"{""Affine"": 14}","affine_gf2","Gf2Gaussian"
"letter",5,5,smart_certified,5,"{""Horn"": 1, ""Unary"": 14}","uncommitted|horn","StructuralHorn"
"letter",5,5,cals,5,"{""Horn"": 5}","horn","StructuralHorn"
"letter",5,5,cals_compact_explain,5,"{}","uncommitted","StructuralHorn"
"letter",5,7,unary,1,"{""Unary"": 33}","uncommitted","StructuralHorn"
"letter",5,7,horn,1,"{""Horn"": 53}","horn","StructuralHorn"
"letter",5,7,antihorn,1,"{""AntiHorn"": 53}","antihorn","StructuralAntiHorn"
"letter",5,7,square2cnf,1,"{""Square2Cnf"": 53}","two_sat","TwoSat"
"letter",5,7,affine,1,"{""Affine"": 29}","affine_gf2","Gf2Gaussian"
"letter",5,7,smart_certified,5,"{""Horn"": 4, ""Unary"": 34}","uncommitted|horn","StructuralHorn"
"letter",5,7,cals,5,"{""Horn"": 8, ""Unary"": 2}","horn","StructuralHorn"
"letter",5,7,cals_compact_explain,5,"{}","uncommitted","StructuralHorn"
"letter",6,5,unary,1,"{""Unary"": 18}","uncommitted","StructuralHorn"
"letter",6,5,horn,1,"{""Horn"": 24}","horn","StructuralHorn"
"letter",6,5,antihorn,1,"{""AntiHorn"": 24}","antihorn","StructuralAntiHorn"
"letter",6,5,square2cnf,1,"{""Square2Cnf"": 24}","two_sat","TwoSat"
"letter",6,5,affine,1,"{""Affine"": 14}","affine_gf2","Gf2Gaussian"
"letter",6,5,smart_certified,5,"{""Affine"": 1, ""Horn"": 1, ""Unary"": 16}","uncommitted|horn|affine_gf2","Gf2Gaussian|StructuralHorn"
"letter",6,5,cals,5,"{""Horn"": 5}","horn","StructuralHorn"
"letter",6,5,cals_compact_explain,5,"{}","uncommitted","StructuralHorn"
"letter",6,7,unary,1,"{""Unary"": 39}","uncommitted","StructuralHorn"
"letter",6,7,horn,1,"{""Horn"": 49}","horn","StructuralHorn"
"letter",6,7,antihorn,1,"{""AntiHorn"": 49}","antihorn","StructuralAntiHorn"
"letter",6,7,square2cnf,1,"{""Square2Cnf"": 49}","two_sat","TwoSat"
"letter",6,7,affine,1,"{""Affine"": 30}","affine_gf2","Gf2Gaussian"
"letter",6,7,smart_certified,5,"{""Affine"": 1, ""Horn"": 2, ""Unary"": 40}","uncommitted|horn|affine_gf2","Gf2Gaussian|StructuralHorn"
"letter",6,7,cals,5,"{""Horn"": 12}","horn","StructuralHorn"
"letter",6,7,cals_compact_explain,5,"{}","uncommitted","StructuralHorn"
"letter",7,5,unary,1,"{""Unary"": 18}","uncommitted","StructuralHorn"
"letter",7,5,horn,1,"{""Horn"": 22}","horn","StructuralHorn"
"letter",7,5,antihorn,1,"{""AntiHorn"": 22}","antihorn","StructuralAntiHorn"
"letter",7,5,square2cnf,1,"{""Square2Cnf"": 22}","two_sat","TwoSat"
"letter",7,5,affine,1,"{""Affine"": 17}","affine_gf2","Gf2Gaussian"
"letter",7,5,smart_certified,5,"{""Affine"": 1, ""Horn"": 1, ""Unary"": 16}","uncommitted|horn|affine_gf2","Gf2Gaussian|StructuralHorn"
"letter",7,5,cals,5,"{""Horn"": 5, ""Unary"": 1}","horn","StructuralHorn"
"letter",7,5,cals_compact_explain,5,"{}","uncommitted","StructuralHorn"
"letter",7,7,unary,1,"{""Unary"": 37}","uncommitted","StructuralHorn"
"letter",7,7,horn,1,"{""Horn"": 52}","horn","StructuralHorn"
"letter",7,7,antihorn,1,"{""AntiHorn"": 52}","antihorn","StructuralAntiHorn"
"letter",7,7,square2cnf,1,"{""Square2Cnf"": 52}","two_sat","TwoSat"
"letter",7,7,affine,1,"{""Affine"": 34}","affine_gf2","Gf2Gaussian"
"letter",7,7,smart_certified,5,"{""Affine"": 1, ""Horn"": 2, ""Unary"": 38}","uncommitted|horn|affine_gf2","Gf2Gaussian|StructuralHorn"
"letter",7,7,cals,5,"{""Horn"": 15, ""Unary"": 7}","horn","StructuralHorn"
"letter",7,7,cals_compact_explain,5,"{}","uncommitted","StructuralHorn"
"letter",8,5,unary,1,"{""Unary"": 18}","uncommitted","StructuralHorn"
"letter",8,5,horn,1,"{""Horn"": 22}","horn","StructuralHorn"
"letter",8,5,antihorn,1,"{""AntiHorn"": 22}","antihorn","StructuralAntiHorn"
"letter",8,5,square2cnf,1,"{""Square2Cnf"": 22}","two_sat","TwoSat"
"letter",8,5,affine,1,"{""Affine"": 14}","affine_gf2","Gf2Gaussian"
"letter",8,5,smart_certified,5,"{""Affine"": 1, ""Horn"": 1, ""Unary"": 16}","uncommitted|horn|affine_gf2","Gf2Gaussian|StructuralHorn"
"letter",8,5,cals,5,"{""Horn"": 4}","horn","StructuralHorn"
"letter",8,5,cals_compact_explain,5,"{}","uncommitted","StructuralHorn"
"letter",8,7,unary,1,"{""Unary"": 39}","uncommitted","StructuralHorn"
"letter",8,7,horn,1,"{""Horn"": 48}","horn","StructuralHorn"
"letter",8,7,antihorn,1,"{""AntiHorn"": 48}","antihorn","StructuralAntiHorn"
"letter",8,7,square2cnf,1,"{""Square2Cnf"": 48}","two_sat","TwoSat"
"letter",8,7,affine,1,"{""Affine"": 26}","affine_gf2","Gf2Gaussian"
"letter",8,7,smart_certified,5,"{""Affine"": 1, ""Horn"": 2, ""Unary"": 39}","uncommitted|horn|affine_gf2","Gf2Gaussian|StructuralHorn"
"letter",8,7,cals,5,"{""Horn"": 9, ""Unary"": 1}","horn","StructuralHorn"
"letter",8,7,cals_compact_explain,5,"{}","uncommitted","StructuralHorn"
"letter",9,5,unary,1,"{""Unary"": 18}","uncommitted","StructuralHorn"
"letter",9,5,horn,1,"{""Horn"": 21}","horn","StructuralHorn"
"letter",9,5,antihorn,1,"{""AntiHorn"": 21}","antihorn","StructuralAntiHorn"
"letter",9,5,square2cnf,1,"{""Square2Cnf"": 21}","two_sat","TwoSat"
"letter",9,5,affine,1,"{""Affine"": 17}","affine_gf2","Gf2Gaussian"
"letter",9,5,smart_certified,5,"{""Affine"": 2, ""Unary"": 16}","uncommitted|affine_gf2","Gf2Gaussian|StructuralHorn"
"letter",9,5,cals,5,"{""Horn"": 6, ""Unary"": 1}","horn","StructuralHorn"
"letter",9,5,cals_compact_explain,5,"{}","uncommitted","StructuralHorn"
"letter",9,7,unary,1,"{""Unary"": 39}","uncommitted","StructuralHorn"
"letter",9,7,horn,1,"{""Horn"": 47}","horn","StructuralHorn"
"letter",9,7,antihorn,1,"{""AntiHorn"": 47}","antihorn","StructuralAntiHorn"
"letter",9,7,square2cnf,1,"{""Square2Cnf"": 47}","two_sat","TwoSat"
"letter",9,7,affine,1,"{""Affine"": 35}","affine_gf2","Gf2Gaussian"
"letter",9,7,smart_certified,5,"{""Affine"": 4, ""Horn"": 1, ""Unary"": 40}","uncommitted|horn|affine_gf2","Gf2Gaussian|StructuralHorn"
"letter",9,7,cals,5,"{""Horn"": 9, ""Unary"": 2}","horn","StructuralHorn"
"letter",9,7,cals_compact_explain,5,"{}","uncommitted","StructuralHorn"
"letter_recognition-bin",0,5,unary,1,"{""Unary"": 23}","uncommitted","StructuralHorn"
"letter_recognition-bin",0,5,horn,1,"{""Horn"": 21}","horn","StructuralHorn"
"letter_recognition-bin",0,5,antihorn,1,"{""AntiHorn"": 23}","antihorn","StructuralAntiHorn"
"letter_recognition-bin",0,5,square2cnf,1,"{""Square2Cnf"": 24}","two_sat","TwoSat"
"letter_recognition-bin",0,5,affine,1,"{""Affine"": 23}","affine_gf2","Gf2Gaussian"
"letter_recognition-bin",0,5,smart_certified,5,"{""Horn"": 2, ""Square2Cnf"": 1, ""Unary"": 21}","uncommitted|horn|two_sat","StructuralHorn|TwoSat"
"letter_recognition-bin",0,5,cals,5,"{""Square2Cnf"": 6, ""Unary"": 1}","two_sat","TwoSat"
"letter_recognition-bin",0,5,cals_compact_explain,5,"{""Square2Cnf"": 7, ""Unary"": 2}","two_sat","TwoSat"
"letter_recognition-bin",0,7,unary,1,"{""Unary"": 38}","uncommitted","StructuralHorn"
"letter_recognition-bin",0,7,horn,1,"{""Horn"": 35}","horn","StructuralHorn"
"letter_recognition-bin",0,7,antihorn,1,"{""AntiHorn"": 37}","antihorn","StructuralAntiHorn"
"letter_recognition-bin",0,7,square2cnf,1,"{""Square2Cnf"": 36}","two_sat","TwoSat"
"letter_recognition-bin",0,7,affine,1,"{""Affine"": 46}","affine_gf2","Gf2Gaussian"
"letter_recognition-bin",0,7,smart_certified,5,"{""Horn"": 7, ""Square2Cnf"": 1, ""Unary"": 29}","uncommitted|horn|two_sat","StructuralHorn|TwoSat"
"letter_recognition-bin",0,7,cals,5,"{""Square2Cnf"": 6, ""Unary"": 1}","two_sat","TwoSat"
"letter_recognition-bin",0,7,cals_compact_explain,5,"{""Square2Cnf"": 8, ""Unary"": 2}","two_sat","TwoSat"
"letter_recognition-bin",1,5,unary,1,"{""Unary"": 24}","uncommitted","StructuralHorn"
"letter_recognition-bin",1,5,horn,1,"{""Horn"": 21}","horn","StructuralHorn"
"letter_recognition-bin",1,5,antihorn,1,"{""AntiHorn"": 24}","antihorn","StructuralAntiHorn"
"letter_recognition-bin",1,5,square2cnf,1,"{""Square2Cnf"": 19}","two_sat","TwoSat"
"letter_recognition-bin",1,5,affine,1,"{""Affine"": 23}","affine_gf2","Gf2Gaussian"
"letter_recognition-bin",1,5,smart_certified,5,"{""Horn"": 2, ""Unary"": 21}","uncommitted|horn","StructuralHorn"
"letter_recognition-bin",1,5,cals,5,"{""Square2Cnf"": 3, ""Unary"": 1}","two_sat","TwoSat"
"letter_recognition-bin",1,5,cals_compact_explain,5,"{""Square2Cnf"": 8, ""Unary"": 4}","two_sat","TwoSat"
"letter_recognition-bin",1,7,unary,1,"{""Unary"": 41}","uncommitted","StructuralHorn"
"letter_recognition-bin",1,7,horn,1,"{""Horn"": 37}","horn","StructuralHorn"
"letter_recognition-bin",1,7,antihorn,1,"{""AntiHorn"": 36}","antihorn","StructuralAntiHorn"
"letter_recognition-bin",1,7,square2cnf,1,"{""Square2Cnf"": 33}","two_sat","TwoSat"
"letter_recognition-bin",1,7,affine,1,"{""Affine"": 45}","affine_gf2","Gf2Gaussian"
"letter_recognition-bin",1,7,smart_certified,5,"{""Horn"": 6, ""Unary"": 33}","uncommitted|horn","StructuralHorn"
"letter_recognition-bin",1,7,cals,5,"{""Square2Cnf"": 3, ""Unary"": 1}","two_sat","TwoSat"
"letter_recognition-bin",1,7,cals_compact_explain,5,"{""Square2Cnf"": 9, ""Unary"": 4}","two_sat","TwoSat"
"letter_recognition-bin",2,5,unary,1,"{""Unary"": 24}","uncommitted","StructuralHorn"
"letter_recognition-bin",2,5,horn,1,"{""Horn"": 19}","horn","StructuralHorn"
"letter_recognition-bin",2,5,antihorn,1,"{""AntiHorn"": 21}","antihorn","StructuralAntiHorn"
"letter_recognition-bin",2,5,square2cnf,1,"{""Square2Cnf"": 17}","two_sat","TwoSat"
"letter_recognition-bin",2,5,affine,1,"{""Affine"": 21}","affine_gf2","Gf2Gaussian"
"letter_recognition-bin",2,5,smart_certified,5,"{""AntiHorn"": 1, ""Horn"": 1, ""Unary"": 21}","uncommitted|horn|antihorn","StructuralAntiHorn|StructuralHorn"
"letter_recognition-bin",2,5,cals,5,"{""Square2Cnf"": 6, ""Unary"": 1}","two_sat","TwoSat"
"letter_recognition-bin",2,5,cals_compact_explain,5,"{}","uncommitted","StructuralHorn"
"letter_recognition-bin",2,7,unary,1,"{""Unary"": 39}","uncommitted","StructuralHorn"
"letter_recognition-bin",2,7,horn,1,"{""Horn"": 34}","horn","StructuralHorn"
"letter_recognition-bin",2,7,antihorn,1,"{""AntiHorn"": 35}","antihorn","StructuralAntiHorn"
"letter_recognition-bin",2,7,square2cnf,1,"{""Square2Cnf"": 25}","two_sat","TwoSat"
"letter_recognition-bin",2,7,affine,1,"{""Affine"": 42}","affine_gf2","Gf2Gaussian"
"letter_recognition-bin",2,7,smart_certified,5,"{""AntiHorn"": 1, ""Horn"": 1, ""Unary"": 37}","uncommitted|horn|antihorn","StructuralAntiHorn|StructuralHorn"
"letter_recognition-bin",2,7,cals,5,"{""Square2Cnf"": 6, ""Unary"": 1}","two_sat","TwoSat"
"letter_recognition-bin",2,7,cals_compact_explain,5,"{}","uncommitted","StructuralHorn"
"letter_recognition-bin",3,5,unary,1,"{""Unary"": 24}","uncommitted","StructuralHorn"
"letter_recognition-bin",3,5,horn,1,"{""Horn"": 21}","horn","StructuralHorn"
"letter_recognition-bin",3,5,antihorn,1,"{""AntiHorn"": 24}","antihorn","StructuralAntiHorn"
"letter_recognition-bin",3,5,square2cnf,1,"{""Square2Cnf"": 23}","two_sat","TwoSat"
"letter_recognition-bin",3,5,affine,1,"{""Affine"": 23}","affine_gf2","Gf2Gaussian"
"letter_recognition-bin",3,5,smart_certified,5,"{""Horn"": 4, ""Unary"": 19}","uncommitted|horn","StructuralHorn"
"letter_recognition-bin",3,5,cals,5,"{""Square2Cnf"": 6}","two_sat","TwoSat"
"letter_recognition-bin",3,5,cals_compact_explain,5,"{""Square2Cnf"": 7, ""Unary"": 2}","two_sat","TwoSat"
"letter_recognition-bin",3,7,unary,1,"{""Unary"": 42}","uncommitted","StructuralHorn"
"letter_recognition-bin",3,7,horn,1,"{""Horn"": 38}","horn","StructuralHorn"
"letter_recognition-bin",3,7,antihorn,1,"{""AntiHorn"": 43}","antihorn","StructuralAntiHorn"
"letter_recognition-bin",3,7,square2cnf,1,"{""Square2Cnf"": 39}","two_sat","TwoSat"
"letter_recognition-bin",3,7,affine,1,"{""Affine"": 41}","affine_gf2","Gf2Gaussian"
"letter_recognition-bin",3,7,smart_certified,5,"{""Horn"": 8, ""Unary"": 30}","uncommitted|horn","StructuralHorn"
"letter_recognition-bin",3,7,cals,5,"{""Square2Cnf"": 6}","two_sat","TwoSat"
"letter_recognition-bin",3,7,cals_compact_explain,5,"{""Square2Cnf"": 7, ""Unary"": 3}","two_sat","TwoSat"
"letter_recognition-bin",4,5,unary,1,"{""Unary"": 25}","uncommitted","StructuralHorn"
"letter_recognition-bin",4,5,horn,1,"{""Horn"": 21}","horn","StructuralHorn"
"letter_recognition-bin",4,5,antihorn,1,"{""AntiHorn"": 24}","antihorn","StructuralAntiHorn"
"letter_recognition-bin",4,5,square2cnf,1,"{""Square2Cnf"": 19}","two_sat","TwoSat"
"letter_recognition-bin",4,5,affine,1,"{""Affine"": 23}","affine_gf2","Gf2Gaussian"
"letter_recognition-bin",4,5,smart_certified,5,"{""Affine"": 1, ""AntiHorn"": 1, ""Horn"": 1, ""Unary"": 22}","uncommitted|horn|antihorn|affine_gf2","Gf2Gaussian|StructuralAntiHorn|StructuralHorn"
"letter_recognition-bin",4,5,cals,5,"{""Square2Cnf"": 6, ""Unary"": 1}","two_sat","TwoSat"
"letter_recognition-bin",4,5,cals_compact_explain,5,"{""Square2Cnf"": 5}","two_sat","TwoSat"
"letter_recognition-bin",4,7,unary,1,"{""Unary"": 46}","uncommitted","StructuralHorn"
"letter_recognition-bin",4,7,horn,1,"{""Horn"": 34}","horn","StructuralHorn"
"letter_recognition-bin",4,7,antihorn,1,"{""AntiHorn"": 35}","antihorn","StructuralAntiHorn"
"letter_recognition-bin",4,7,square2cnf,1,"{""Square2Cnf"": 32}","two_sat","TwoSat"
"letter_recognition-bin",4,7,affine,1,"{""Affine"": 47}","affine_gf2","Gf2Gaussian"
"letter_recognition-bin",4,7,smart_certified,5,"{""Affine"": 2, ""AntiHorn"": 1, ""Horn"": 2, ""Unary"": 38}","uncommitted|horn|antihorn|affine_gf2","Gf2Gaussian|StructuralAntiHorn|StructuralHorn"
"letter_recognition-bin",4,7,cals,5,"{""Square2Cnf"": 8, ""Unary"": 1}","two_sat","TwoSat"
"letter_recognition-bin",4,7,cals_compact_explain,5,"{""Square2Cnf"": 5}","two_sat","TwoSat"
"letter_recognition-bin",5,5,unary,1,"{""Unary"": 26}","uncommitted","StructuralHorn"
"letter_recognition-bin",5,5,horn,1,"{""Horn"": 21}","horn","StructuralHorn"
"letter_recognition-bin",5,5,antihorn,1,"{""AntiHorn"": 23}","antihorn","StructuralAntiHorn"
"letter_recognition-bin",5,5,square2cnf,1,"{""Square2Cnf"": 23}","two_sat","TwoSat"
"letter_recognition-bin",5,5,affine,1,"{""Affine"": 23}","affine_gf2","Gf2Gaussian"
"letter_recognition-bin",5,5,smart_certified,5,"{""AntiHorn"": 1, ""Horn"": 3, ""Unary"": 19}","uncommitted|horn|antihorn","StructuralAntiHorn|StructuralHorn"
"letter_recognition-bin",5,5,cals,5,"{""Square2Cnf"": 5, ""Unary"": 2}","two_sat","TwoSat"
"letter_recognition-bin",5,5,cals_compact_explain,5,"{""Square2Cnf"": 7, ""Unary"": 2}","two_sat","TwoSat"
"letter_recognition-bin",5,7,unary,1,"{""Unary"": 47}","uncommitted","StructuralHorn"
"letter_recognition-bin",5,7,horn,1,"{""Horn"": 36}","horn","StructuralHorn"
"letter_recognition-bin",5,7,antihorn,1,"{""AntiHorn"": 36}","antihorn","StructuralAntiHorn"
"letter_recognition-bin",5,7,square2cnf,1,"{""Square2Cnf"": 35}","two_sat","TwoSat"
"letter_recognition-bin",5,7,affine,1,"{""Affine"": 36}","affine_gf2","Gf2Gaussian"
"letter_recognition-bin",5,7,smart_certified,5,"{""AntiHorn"": 1, ""Horn"": 5, ""Unary"": 34}","uncommitted|horn|antihorn","StructuralAntiHorn|StructuralHorn"
"letter_recognition-bin",5,7,cals,5,"{""Square2Cnf"": 5, ""Unary"": 2}","two_sat","TwoSat"
"letter_recognition-bin",5,7,cals_compact_explain,5,"{""Square2Cnf"": 7, ""Unary"": 3}","two_sat","TwoSat"
"letter_recognition-bin",6,5,unary,1,"{""Unary"": 26}","uncommitted","StructuralHorn"
"letter_recognition-bin",6,5,horn,1,"{""Horn"": 20}","horn","StructuralHorn"
"letter_recognition-bin",6,5,antihorn,1,"{""AntiHorn"": 23}","antihorn","StructuralAntiHorn"
"letter_recognition-bin",6,5,square2cnf,1,"{""Square2Cnf"": 22}","two_sat","TwoSat"
"letter_recognition-bin",6,5,affine,1,"{""Affine"": 21}","affine_gf2","Gf2Gaussian"
"letter_recognition-bin",6,5,smart_certified,5,"{""Affine"": 2, ""Horn"": 3, ""Unary"": 20}","uncommitted|horn|affine_gf2","Gf2Gaussian|StructuralHorn"
"letter_recognition-bin",6,5,cals,5,"{""Square2Cnf"": 7}","two_sat","TwoSat"
"letter_recognition-bin",6,5,cals_compact_explain,5,"{""Square2Cnf"": 7, ""Unary"": 2}","two_sat","TwoSat"
"letter_recognition-bin",6,7,unary,1,"{""Unary"": 41}","uncommitted","StructuralHorn"
"letter_recognition-bin",6,7,horn,1,"{""Horn"": 40}","horn","StructuralHorn"
"letter_recognition-bin",6,7,antihorn,1,"{""AntiHorn"": 37}","antihorn","StructuralAntiHorn"
"letter_recognition-bin",6,7,square2cnf,1,"{""Square2Cnf"": 32}","two_sat","TwoSat"
"letter_recognition-bin",6,7,affine,1,"{""Affine"": 40}","affine_gf2","Gf2Gaussian"
"letter_recognition-bin",6,7,smart_certified,5,"{""Affine"": 2, ""Horn"": 4, ""Unary"": 29}","uncommitted|horn|affine_gf2","Gf2Gaussian|StructuralHorn"
"letter_recognition-bin",6,7,cals,5,"{""Square2Cnf"": 7, ""Unary"": 3}","two_sat","TwoSat"
"letter_recognition-bin",6,7,cals_compact_explain,5,"{""Square2Cnf"": 7, ""Unary"": 5}","two_sat","TwoSat"
"letter_recognition-bin",7,5,unary,1,"{""Unary"": 26}","uncommitted","StructuralHorn"
"letter_recognition-bin",7,5,horn,1,"{""Horn"": 22}","horn","StructuralHorn"
"letter_recognition-bin",7,5,antihorn,1,"{""AntiHorn"": 22}","antihorn","StructuralAntiHorn"
"letter_recognition-bin",7,5,square2cnf,1,"{""Square2Cnf"": 21}","two_sat","TwoSat"
"letter_recognition-bin",7,5,affine,1,"{""Affine"": 19}","affine_gf2","Gf2Gaussian"
"letter_recognition-bin",7,5,smart_certified,5,"{""Horn"": 3, ""Unary"": 23}","uncommitted|horn","StructuralHorn"
"letter_recognition-bin",7,5,cals,5,"{""Square2Cnf"": 5, ""Unary"": 2}","two_sat","TwoSat"
"letter_recognition-bin",7,5,cals_compact_explain,5,"{""Square2Cnf"": 7, ""Unary"": 3}","two_sat","TwoSat"
"letter_recognition-bin",7,7,unary,1,"{""Unary"": 44}","uncommitted","StructuralHorn"
"letter_recognition-bin",7,7,horn,1,"{""Horn"": 38}","horn","StructuralHorn"
"letter_recognition-bin",7,7,antihorn,1,"{""AntiHorn"": 37}","antihorn","StructuralAntiHorn"
"letter_recognition-bin",7,7,square2cnf,1,"{""Square2Cnf"": 33}","two_sat","TwoSat"
"letter_recognition-bin",7,7,affine,1,"{""Affine"": 39}","affine_gf2","Gf2Gaussian"
"letter_recognition-bin",7,7,smart_certified,5,"{""Affine"": 2, ""Horn"": 5, ""Unary"": 34}","uncommitted|horn|affine_gf2","Gf2Gaussian|StructuralHorn"
"letter_recognition-bin",7,7,cals,5,"{""Square2Cnf"": 5, ""Unary"": 2}","two_sat","TwoSat"
"letter_recognition-bin",7,7,cals_compact_explain,5,"{""Square2Cnf"": 7, ""Unary"": 4}","two_sat","TwoSat"
"letter_recognition-bin",8,5,unary,1,"{""Unary"": 25}","uncommitted","StructuralHorn"
"letter_recognition-bin",8,5,horn,1,"{""Horn"": 22}","horn","StructuralHorn"
"letter_recognition-bin",8,5,antihorn,1,"{""AntiHorn"": 24}","antihorn","StructuralAntiHorn"
"letter_recognition-bin",8,5,square2cnf,1,"{""Square2Cnf"": 24}","two_sat","TwoSat"
"letter_recognition-bin",8,5,affine,1,"{""Affine"": 22}","affine_gf2","Gf2Gaussian"
"letter_recognition-bin",8,5,smart_certified,5,"{""Affine"": 1, ""Horn"": 2, ""Unary"": 21}","uncommitted|horn|affine_gf2","Gf2Gaussian|StructuralHorn"
"letter_recognition-bin",8,5,cals,5,"{""Square2Cnf"": 7, ""Unary"": 1}","two_sat","TwoSat"
"letter_recognition-bin",8,5,cals_compact_explain,5,"{""Square2Cnf"": 6, ""Unary"": 2}","two_sat","TwoSat"
"letter_recognition-bin",8,7,unary,1,"{""Unary"": 41}","uncommitted","StructuralHorn"
"letter_recognition-bin",8,7,horn,1,"{""Horn"": 37}","horn","StructuralHorn"
"letter_recognition-bin",8,7,antihorn,1,"{""AntiHorn"": 39}","antihorn","StructuralAntiHorn"
"letter_recognition-bin",8,7,square2cnf,1,"{""Square2Cnf"": 31}","two_sat","TwoSat"
"letter_recognition-bin",8,7,affine,1,"{""Affine"": 46}","affine_gf2","Gf2Gaussian"
"letter_recognition-bin",8,7,smart_certified,5,"{""Affine"": 1, ""Horn"": 3, ""Unary"": 37}","uncommitted|horn|affine_gf2","Gf2Gaussian|StructuralHorn"
"letter_recognition-bin",8,7,cals,5,"{""Square2Cnf"": 8, ""Unary"": 1}","two_sat","TwoSat"
"letter_recognition-bin",8,7,cals_compact_explain,5,"{""Square2Cnf"": 6, ""Unary"": 2}","two_sat","TwoSat"
"letter_recognition-bin",9,5,unary,1,"{""Unary"": 22}","uncommitted","StructuralHorn"
"letter_recognition-bin",9,5,horn,1,"{""Horn"": 22}","horn","StructuralHorn"
"letter_recognition-bin",9,5,antihorn,1,"{""AntiHorn"": 25}","antihorn","StructuralAntiHorn"
"letter_recognition-bin",9,5,square2cnf,1,"{""Square2Cnf"": 21}","two_sat","TwoSat"
"letter_recognition-bin",9,5,affine,1,"{""Affine"": 24}","affine_gf2","Gf2Gaussian"
"letter_recognition-bin",9,5,smart_certified,5,"{""Horn"": 1, ""Square2Cnf"": 1, ""Unary"": 19}","uncommitted|horn|two_sat","StructuralHorn|TwoSat"
"letter_recognition-bin",9,5,cals,5,"{""Square2Cnf"": 6, ""Unary"": 1}","two_sat","TwoSat"
"letter_recognition-bin",9,5,cals_compact_explain,5,"{""Square2Cnf"": 9, ""Unary"": 2}","two_sat","TwoSat"
"letter_recognition-bin",9,7,unary,1,"{""Unary"": 39}","uncommitted","StructuralHorn"
"letter_recognition-bin",9,7,horn,1,"{""Horn"": 36}","horn","StructuralHorn"
"letter_recognition-bin",9,7,antihorn,1,"{""AntiHorn"": 38}","antihorn","StructuralAntiHorn"
"letter_recognition-bin",9,7,square2cnf,1,"{""Square2Cnf"": 32}","two_sat","TwoSat"
"letter_recognition-bin",9,7,affine,1,"{""Affine"": 44}","affine_gf2","Gf2Gaussian"
"letter_recognition-bin",9,7,smart_certified,5,"{""Horn"": 5, ""Square2Cnf"": 1, ""Unary"": 30}","uncommitted|horn|two_sat","StructuralHorn|TwoSat"
"letter_recognition-bin",9,7,cals,5,"{""Square2Cnf"": 6, ""Unary"": 1}","two_sat","TwoSat"
"letter_recognition-bin",9,7,cals_compact_explain,5,"{""Square2Cnf"": 9, ""Unary"": 3}","two_sat","TwoSat"
"lymph",0,5,unary,1,"{""Unary"": 15}","uncommitted","StructuralHorn"
"lymph",0,5,horn,1,"{""Horn"": 9}","horn","StructuralHorn"
"lymph",0,5,antihorn,1,"{""AntiHorn"": 9}","antihorn","StructuralAntiHorn"
"lymph",0,5,square2cnf,1,"{""Square2Cnf"": 9}","two_sat","TwoSat"
"lymph",0,5,affine,1,"{""Affine"": 13}","affine_gf2","Gf2Gaussian"
"lymph",0,5,smart_certified,5,"{""Affine"": 1, ""Horn"": 5, ""Unary"": 6}","horn|affine_gf2","Gf2Gaussian|StructuralHorn"
"lymph",0,5,cals,5,"{""Square2Cnf"": 3}","two_sat","TwoSat"
"lymph",0,5,cals_compact_explain,5,"{""Horn"": 5, ""Unary"": 1}","horn","StructuralHorn"
"lymph",0,7,unary,1,"{""Unary"": 18}","uncommitted","StructuralHorn"
"lymph",0,7,horn,1,"{""Horn"": 11}","horn","StructuralHorn"
"lymph",0,7,antihorn,1,"{""AntiHorn"": 11}","antihorn","StructuralAntiHorn"
"lymph",0,7,square2cnf,1,"{""Square2Cnf"": 10}","two_sat","TwoSat"
"lymph",0,7,affine,1,"{""Affine"": 13}","affine_gf2","Gf2Gaussian"
"lymph",0,7,smart_certified,5,"{""Affine"": 1, ""Horn"": 5, ""Unary"": 6}","horn|affine_gf2","Gf2Gaussian|StructuralHorn"
"lymph",0,7,cals,5,"{""Square2Cnf"": 3}","two_sat","TwoSat"
"lymph",0,7,cals_compact_explain,5,"{""Horn"": 5, ""Unary"": 1}","horn","StructuralHorn"
"lymph",1,5,unary,1,"{""Unary"": 14}","uncommitted","StructuralHorn"
"lymph",1,5,horn,1,"{""Horn"": 9}","horn","StructuralHorn"
"lymph",1,5,antihorn,1,"{""AntiHorn"": 9}","antihorn","StructuralAntiHorn"
"lymph",1,5,square2cnf,1,"{""Square2Cnf"": 9}","two_sat","TwoSat"
"lymph",1,5,affine,1,"{""Affine"": 14}","affine_gf2","Gf2Gaussian"
"lymph",1,5,smart_certified,5,"{""Horn"": 7, ""Unary"": 2}","horn","StructuralHorn"
"lymph",1,5,cals,5,"{""Square2Cnf"": 1}","two_sat","TwoSat"
"lymph",1,5,cals_compact_explain,5,"{""Square2Cnf"": 2}","two_sat","TwoSat"
"lymph",1,7,unary,1,"{""Unary"": 16}","uncommitted","StructuralHorn"
"lymph",1,7,horn,1,"{""Horn"": 10}","horn","StructuralHorn"
"lymph",1,7,antihorn,1,"{""AntiHorn"": 10}","antihorn","StructuralAntiHorn"
"lymph",1,7,square2cnf,1,"{""Square2Cnf"": 10}","two_sat","TwoSat"
"lymph",1,7,affine,1,"{""Affine"": 15}","affine_gf2","Gf2Gaussian"
"lymph",1,7,smart_certified,5,"{""Horn"": 7, ""Unary"": 2}","horn","StructuralHorn"
"lymph",1,7,cals,5,"{""Square2Cnf"": 1}","two_sat","TwoSat"
"lymph",1,7,cals_compact_explain,5,"{""Square2Cnf"": 2}","two_sat","TwoSat"
"lymph",2,5,unary,1,"{""Unary"": 12}","uncommitted","StructuralHorn"
"lymph",2,5,horn,1,"{""Horn"": 11}","horn","StructuralHorn"
"lymph",2,5,antihorn,1,"{""AntiHorn"": 10}","antihorn","StructuralAntiHorn"
"lymph",2,5,square2cnf,1,"{""Square2Cnf"": 10}","two_sat","TwoSat"
"lymph",2,5,affine,1,"{""Affine"": 12}","affine_gf2","Gf2Gaussian"
"lymph",2,5,smart_certified,5,"{""AntiHorn"": 2, ""Horn"": 2, ""Unary"": 6}","uncommitted|horn|antihorn","StructuralAntiHorn|StructuralHorn"
"lymph",2,5,cals,5,"{""Horn"": 1}","horn","StructuralHorn"
"lymph",2,5,cals_compact_explain,5,"{""Horn"": 1, ""Unary"": 1}","horn","StructuralHorn"
"lymph",2,7,unary,1,"{""Unary"": 14}","uncommitted","StructuralHorn"
"lymph",2,7,horn,1,"{""Horn"": 11}","horn","StructuralHorn"
"lymph",2,7,antihorn,1,"{""AntiHorn"": 10}","antihorn","StructuralAntiHorn"
"lymph",2,7,square2cnf,1,"{""Square2Cnf"": 10}","two_sat","TwoSat"
"lymph",2,7,affine,1,"{""Affine"": 13}","affine_gf2","Gf2Gaussian"
"lymph",2,7,smart_certified,5,"{""AntiHorn"": 2, ""Horn"": 2, ""Unary"": 6}","uncommitted|horn|antihorn","StructuralAntiHorn|StructuralHorn"
"lymph",2,7,cals,5,"{""Horn"": 1}","horn","StructuralHorn"
"lymph",2,7,cals_compact_explain,5,"{""Horn"": 1, ""Unary"": 1}","horn","StructuralHorn"
"lymph",3,5,unary,1,"{""Unary"": 12}","uncommitted","StructuralHorn"
"lymph",3,5,horn,1,"{""Horn"": 11}","horn","StructuralHorn"
"lymph",3,5,antihorn,1,"{""AntiHorn"": 11}","antihorn","StructuralAntiHorn"
"lymph",3,5,square2cnf,1,"{""Square2Cnf"": 11}","two_sat","TwoSat"
"lymph",3,5,affine,1,"{""Affine"": 11}","affine_gf2","Gf2Gaussian"
"lymph",3,5,smart_certified,5,"{""Horn"": 5, ""Unary"": 6}","horn","StructuralHorn"
"lymph",3,5,cals,5,"{""Horn"": 2, ""Unary"": 2}","horn","StructuralHorn"
"lymph",3,5,cals_compact_explain,5,"{""Horn"": 3, ""Unary"": 2}","horn","StructuralHorn"
"lymph",3,7,unary,1,"{""Unary"": 14}","uncommitted","StructuralHorn"
"lymph",3,7,horn,1,"{""Horn"": 11}","horn","StructuralHorn"
"lymph",3,7,antihorn,1,"{""AntiHorn"": 11}","antihorn","StructuralAntiHorn"
"lymph",3,7,square2cnf,1,"{""Square2Cnf"": 11}","two_sat","TwoSat"
"lymph",3,7,affine,1,"{""Affine"": 12}","affine_gf2","Gf2Gaussian"
"lymph",3,7,smart_certified,5,"{""Horn"": 5, ""Unary"": 6}","horn","StructuralHorn"
"lymph",3,7,cals,5,"{""Horn"": 2, ""Unary"": 2}","horn","StructuralHorn"
"lymph",3,7,cals_compact_explain,5,"{""Horn"": 3, ""Unary"": 2}","horn","StructuralHorn"
"lymph",4,5,unary,1,"{""Unary"": 14}","uncommitted","StructuralHorn"
"lymph",4,5,horn,1,"{""Horn"": 7}","horn","StructuralHorn"
"lymph",4,5,antihorn,1,"{""AntiHorn"": 7}","antihorn","StructuralAntiHorn"
"lymph",4,5,square2cnf,1,"{""Square2Cnf"": 9}","two_sat","TwoSat"
"lymph",4,5,affine,1,"{""Affine"": 12}","affine_gf2","Gf2Gaussian"
"lymph",4,5,smart_certified,5,"{""Horn"": 6, ""Unary"": 3}","horn","StructuralHorn"
"lymph",4,5,cals,5,"{""Square2Cnf"": 2}","two_sat","TwoSat"
"lymph",4,5,cals_compact_explain,5,"{""Square2Cnf"": 2}","two_sat","TwoSat"
"lymph",4,7,unary,1,"{""Unary"": 19}","uncommitted","StructuralHorn"
"lymph",4,7,horn,1,"{""Horn"": 11}","horn","StructuralHorn"
"lymph",4,7,antihorn,1,"{""AntiHorn"": 11}","antihorn","StructuralAntiHorn"
"lymph",4,7,square2cnf,1,"{""Square2Cnf"": 9}","two_sat","TwoSat"
"lymph",4,7,affine,1,"{""Affine"": 13}","affine_gf2","Gf2Gaussian"
"lymph",4,7,smart_certified,5,"{""Horn"": 7, ""Unary"": 3}","horn","StructuralHorn"
"lymph",4,7,cals,5,"{""Square2Cnf"": 2}","two_sat","TwoSat"
"lymph",4,7,cals_compact_explain,5,"{""Square2Cnf"": 2}","two_sat","TwoSat"
"lymph",5,5,unary,1,"{""Unary"": 12}","uncommitted","StructuralHorn"
"lymph",5,5,horn,1,"{""Horn"": 11}","horn","StructuralHorn"
"lymph",5,5,antihorn,1,"{""AntiHorn"": 9}","antihorn","StructuralAntiHorn"
"lymph",5,5,square2cnf,1,"{""Square2Cnf"": 9}","two_sat","TwoSat"
"lymph",5,5,affine,1,"{""Affine"": 10}","affine_gf2","Gf2Gaussian"
"lymph",5,5,smart_certified,5,"{""Affine"": 2, ""Horn"": 1, ""Unary"": 7}","uncommitted|horn|affine_gf2","Gf2Gaussian|StructuralHorn"
"lymph",5,5,cals,5,"{""AntiHorn"": 3}","antihorn","StructuralAntiHorn"
"lymph",5,5,cals_compact_explain,5,"{""Horn"": 2}","horn","StructuralHorn"
"lymph",5,7,unary,1,"{""Unary"": 13}","uncommitted","StructuralHorn"
"lymph",5,7,horn,1,"{""Horn"": 11}","horn","StructuralHorn"
"lymph",5,7,antihorn,1,"{""AntiHorn"": 10}","antihorn","StructuralAntiHorn"
"lymph",5,7,square2cnf,1,"{""Square2Cnf"": 10}","two_sat","TwoSat"
"lymph",5,7,affine,1,"{""Affine"": 10}","affine_gf2","Gf2Gaussian"
"lymph",5,7,smart_certified,5,"{""Affine"": 2, ""Horn"": 1, ""Unary"": 7}","uncommitted|horn|affine_gf2","Gf2Gaussian|StructuralHorn"
"lymph",5,7,cals,5,"{""AntiHorn"": 3}","antihorn","StructuralAntiHorn"
"lymph",5,7,cals_compact_explain,5,"{""Horn"": 2}","horn","StructuralHorn"
"lymph",6,5,unary,1,"{""Unary"": 13}","uncommitted","StructuralHorn"
"lymph",6,5,horn,1,"{""Horn"": 12}","horn","StructuralHorn"
"lymph",6,5,antihorn,1,"{""AntiHorn"": 12}","antihorn","StructuralAntiHorn"
"lymph",6,5,square2cnf,1,"{""Square2Cnf"": 11}","two_sat","TwoSat"
"lymph",6,5,affine,1,"{""Affine"": 11}","affine_gf2","Gf2Gaussian"
"lymph",6,5,smart_certified,5,"{""Affine"": 2, ""Horn"": 3, ""Unary"": 8}","uncommitted|horn|affine_gf2","Gf2Gaussian|StructuralHorn"
"lymph",6,5,cals,5,"{""Square2Cnf"": 2}","two_sat","TwoSat"
"lymph",6,5,cals_compact_explain,5,"{""Horn"": 4, ""Square2Cnf"": 2, ""Unary"": 2}","horn|two_sat","StructuralHorn|TwoSat"
"lymph",6,7,unary,1,"{""Unary"": 18}","uncommitted","StructuralHorn"
"lymph",6,7,horn,1,"{""Horn"": 12}","horn","StructuralHorn"
"lymph",6,7,antihorn,1,"{""AntiHorn"": 13}","antihorn","StructuralAntiHorn"
"lymph",6,7,square2cnf,1,"{""Square2Cnf"": 11}","two_sat","TwoSat"
"lymph",6,7,affine,1,"{""Affine"": 14}","affine_gf2","Gf2Gaussian"
"lymph",6,7,smart_certified,5,"{""Affine"": 2, ""Horn"": 3, ""Unary"": 8}","uncommitted|horn|affine_gf2","Gf2Gaussian|StructuralHorn"
"lymph",6,7,cals,5,"{""Square2Cnf"": 2}","two_sat","TwoSat"
"lymph",6,7,cals_compact_explain,5,"{""Horn"": 4, ""Square2Cnf"": 2, ""Unary"": 2}","horn|two_sat","StructuralHorn|TwoSat"
"lymph",7,5,unary,1,"{""Unary"": 12}","uncommitted","StructuralHorn"
"lymph",7,5,horn,1,"{""Horn"": 9}","horn","StructuralHorn"
"lymph",7,5,antihorn,1,"{""AntiHorn"": 9}","antihorn","StructuralAntiHorn"
"lymph",7,5,square2cnf,1,"{""Square2Cnf"": 9}","two_sat","TwoSat"
"lymph",7,5,affine,1,"{""Affine"": 11}","affine_gf2","Gf2Gaussian"
"lymph",7,5,smart_certified,5,"{""Horn"": 4, ""Unary"": 5}","uncommitted|horn","StructuralHorn"
"lymph",7,5,cals,5,"{""Horn"": 3, ""Unary"": 1}","horn","StructuralHorn"
"lymph",7,5,cals_compact_explain,5,"{""Horn"": 3, ""Unary"": 1}","horn","StructuralHorn"
"lymph",7,7,unary,1,"{""Unary"": 14}","uncommitted","StructuralHorn"
"lymph",7,7,horn,1,"{""Horn"": 9}","horn","StructuralHorn"
"lymph",7,7,antihorn,1,"{""AntiHorn"": 9}","antihorn","StructuralAntiHorn"
"lymph",7,7,square2cnf,1,"{""Square2Cnf"": 9}","two_sat","TwoSat"
"lymph",7,7,affine,1,"{""Affine"": 11}","affine_gf2","Gf2Gaussian"
"lymph",7,7,smart_certified,5,"{""Horn"": 4, ""Unary"": 5}","uncommitted|horn","StructuralHorn"
"lymph",7,7,cals,5,"{""Horn"": 3, ""Unary"": 1}","horn","StructuralHorn"
"lymph",7,7,cals_compact_explain,5,"{""Horn"": 3, ""Unary"": 1}","horn","StructuralHorn"
"lymph",8,5,unary,1,"{""Unary"": 12}","uncommitted","StructuralHorn"
"lymph",8,5,horn,1,"{""Horn"": 8}","horn","StructuralHorn"
"lymph",8,5,antihorn,1,"{""AntiHorn"": 10}","antihorn","StructuralAntiHorn"
"lymph",8,5,square2cnf,1,"{""Square2Cnf"": 13}","two_sat","TwoSat"
"lymph",8,5,affine,1,"{""Affine"": 12}","affine_gf2","Gf2Gaussian"
"lymph",8,5,smart_certified,5,"{""Horn"": 6, ""Unary"": 3}","horn","StructuralHorn"
"lymph",8,5,cals,5,"{""Square2Cnf"": 1}","two_sat","TwoSat"
"lymph",8,5,cals_compact_explain,5,"{""Square2Cnf"": 1}","two_sat","TwoSat"
"lymph",8,7,unary,1,"{""Unary"": 14}","uncommitted","StructuralHorn"
"lymph",8,7,horn,1,"{""Horn"": 10}","horn","StructuralHorn"
"lymph",8,7,antihorn,1,"{""AntiHorn"": 13}","antihorn","StructuralAntiHorn"
"lymph",8,7,square2cnf,1,"{""Square2Cnf"": 14}","two_sat","TwoSat"
"lymph",8,7,affine,1,"{""Affine"": 13}","affine_gf2","Gf2Gaussian"
"lymph",8,7,smart_certified,5,"{""Horn"": 6, ""Unary"": 4}","horn","StructuralHorn"
"lymph",8,7,cals,5,"{""Square2Cnf"": 1}","two_sat","TwoSat"
"lymph",8,7,cals_compact_explain,5,"{""Square2Cnf"": 1}","two_sat","TwoSat"
"lymph",9,5,unary,1,"{""Unary"": 13}","uncommitted","StructuralHorn"
"lymph",9,5,horn,1,"{""Horn"": 8}","horn","StructuralHorn"
"lymph",9,5,antihorn,1,"{""AntiHorn"": 9}","antihorn","StructuralAntiHorn"
"lymph",9,5,square2cnf,1,"{""Square2Cnf"": 8}","two_sat","TwoSat"
"lymph",9,5,affine,1,"{""Affine"": 11}","affine_gf2","Gf2Gaussian"
"lymph",9,5,smart_certified,5,"{""Horn"": 6, ""Unary"": 4}","horn","StructuralHorn"
"lymph",9,5,cals,5,"{""Square2Cnf"": 1}","two_sat","TwoSat"
"lymph",9,5,cals_compact_explain,5,"{""Square2Cnf"": 1}","two_sat","TwoSat"
"lymph",9,7,unary,1,"{""Unary"": 15}","uncommitted","StructuralHorn"
"lymph",9,7,horn,1,"{""Horn"": 10}","horn","StructuralHorn"
"lymph",9,7,antihorn,1,"{""AntiHorn"": 12}","antihorn","StructuralAntiHorn"
"lymph",9,7,square2cnf,1,"{""Square2Cnf"": 10}","two_sat","TwoSat"
"lymph",9,7,affine,1,"{""Affine"": 12}","affine_gf2","Gf2Gaussian"
"lymph",9,7,smart_certified,5,"{""Horn"": 6, ""Unary"": 5}","horn","StructuralHorn"
"lymph",9,7,cals,5,"{""Square2Cnf"": 1}","two_sat","TwoSat"
"lymph",9,7,cals_compact_explain,5,"{""Square2Cnf"": 1}","two_sat","TwoSat"
"magic04-bin",0,5,unary,1,"{""Unary"": 31}","uncommitted","StructuralHorn"
"magic04-bin",0,5,horn,1,"{""Horn"": 31}","horn","StructuralHorn"
"magic04-bin",0,5,antihorn,1,"{""AntiHorn"": 30}","antihorn","StructuralAntiHorn"
"magic04-bin",0,5,square2cnf,1,"{""Square2Cnf"": 30}","two_sat","TwoSat"
"magic04-bin",0,5,affine,1,"{""Affine"": 30}","affine_gf2","Gf2Gaussian"
"magic04-bin",0,5,smart_certified,5,"{""Horn"": 1, ""Unary"": 30}","uncommitted|horn","StructuralHorn"
"magic04-bin",0,5,cals,5,"{""Horn"": 10, ""Unary"": 2}","horn","StructuralHorn"
"magic04-bin",0,5,cals_compact_explain,5,"{""Horn"": 4, ""Unary"": 3}","horn","StructuralHorn"
"magic04-bin",0,7,unary,1,"{""Unary"": 115}","uncommitted","StructuralHorn"
"magic04-bin",0,7,horn,1,"{""Horn"": 116}","horn","StructuralHorn"
"magic04-bin",0,7,antihorn,1,"{""AntiHorn"": 97}","antihorn","StructuralAntiHorn"
"magic04-bin",0,7,square2cnf,1,"{""Square2Cnf"": 106}","two_sat","TwoSat"
"magic04-bin",0,7,affine,1,"{""Affine"": 113}","affine_gf2","Gf2Gaussian"
"magic04-bin",0,7,smart_certified,5,"{""AntiHorn"": 2, ""Horn"": 8, ""Unary"": 104}","uncommitted|horn|antihorn","StructuralAntiHorn|StructuralHorn"
"magic04-bin",0,7,cals,5,"{""Horn"": 17, ""Unary"": 7}","horn","StructuralHorn"
"magic04-bin",0,7,cals_compact_explain,5,"{""Horn"": 4, ""Unary"": 3}","horn","StructuralHorn"
"magic04-bin",1,5,unary,1,"{""Unary"": 31}","uncommitted","StructuralHorn"
"magic04-bin",1,5,horn,1,"{""Horn"": 31}","horn","StructuralHorn"
"magic04-bin",1,5,antihorn,1,"{""AntiHorn"": 31}","antihorn","StructuralAntiHorn"
"magic04-bin",1,5,square2cnf,1,"{""Square2Cnf"": 30}","two_sat","TwoSat"
"magic04-bin",1,5,affine,1,"{""Affine"": 31}","affine_gf2","Gf2Gaussian"
"magic04-bin",1,5,smart_certified,5,"{""Unary"": 31}","uncommitted","StructuralHorn"
"magic04-bin",1,5,cals,5,"{""Horn"": 9, ""Unary"": 1}","horn","StructuralHorn"
"magic04-bin",1,5,cals_compact_explain,5,"{""Horn"": 3, ""Unary"": 3}","horn","StructuralHorn"
"magic04-bin",1,7,unary,1,"{""Unary"": 109}","uncommitted","StructuralHorn"
"magic04-bin",1,7,horn,1,"{""Horn"": 111}","horn","StructuralHorn"
"magic04-bin",1,7,antihorn,1,"{""AntiHorn"": 117}","antihorn","StructuralAntiHorn"
"magic04-bin",1,7,square2cnf,1,"{""Square2Cnf"": 108}","two_sat","TwoSat"
"magic04-bin",1,7,affine,1,"{""Affine"": 121}","affine_gf2","Gf2Gaussian"
"magic04-bin",1,7,smart_certified,5,"{""Affine"": 1, ""AntiHorn"": 4, ""Horn"": 11, ""Square2Cnf"": 1, ""Unary"": 92}","uncommitted|horn|antihorn|two_sat|affine_gf2","Gf2Gaussian|StructuralAntiHorn|StructuralHorn|TwoSat"
"magic04-bin",1,7,cals,5,"{""Horn"": 24, ""Unary"": 6}","horn","StructuralHorn"
"magic04-bin",1,7,cals_compact_explain,5,"{""Horn"": 5, ""Unary"": 5}","horn","StructuralHorn"
"magic04-bin",2,5,unary,1,"{""Unary"": 31}","uncommitted","StructuralHorn"
"magic04-bin",2,5,horn,1,"{""Horn"": 31}","horn","StructuralHorn"
"magic04-bin",2,5,antihorn,1,"{""AntiHorn"": 31}","antihorn","StructuralAntiHorn"
"magic04-bin",2,5,square2cnf,1,"{""Square2Cnf"": 30}","two_sat","TwoSat"
"magic04-bin",2,5,affine,1,"{""Affine"": 31}","affine_gf2","Gf2Gaussian"
"magic04-bin",2,5,smart_certified,5,"{""Unary"": 31}","uncommitted","StructuralHorn"
"magic04-bin",2,5,cals,5,"{""Horn"": 10, ""Unary"": 5}","horn","StructuralHorn"
"magic04-bin",2,5,cals_compact_explain,5,"{""Horn"": 4, ""Unary"": 5}","horn","StructuralHorn"
"magic04-bin",2,7,unary,1,"{""Unary"": 109}","uncommitted","StructuralHorn"
"magic04-bin",2,7,horn,1,"{""Horn"": 115}","horn","StructuralHorn"
"magic04-bin",2,7,antihorn,1,"{""AntiHorn"": 111}","antihorn","StructuralAntiHorn"
"magic04-bin",2,7,square2cnf,1,"{""Square2Cnf"": 110}","two_sat","TwoSat"
"magic04-bin",2,7,affine,1,"{""Affine"": 119}","affine_gf2","Gf2Gaussian"
"magic04-bin",2,7,smart_certified,5,"{""Affine"": 2, ""Horn"": 6, ""Unary"": 101}","uncommitted|horn|affine_gf2","Gf2Gaussian|StructuralHorn"
"magic04-bin",2,7,cals,5,"{""Horn"": 27, ""Unary"": 10}","horn","StructuralHorn"
"magic04-bin",2,7,cals_compact_explain,5,"{""Horn"": 7, ""Unary"": 7}","horn","StructuralHorn"
"magic04-bin",3,5,unary,1,"{""Unary"": 31}","uncommitted","StructuralHorn"
"magic04-bin",3,5,horn,1,"{""Horn"": 30}","horn","StructuralHorn"
"magic04-bin",3,5,antihorn,1,"{""AntiHorn"": 30}","antihorn","StructuralAntiHorn"
"magic04-bin",3,5,square2cnf,1,"{""Square2Cnf"": 30}","two_sat","TwoSat"
"magic04-bin",3,5,affine,1,"{""Affine"": 31}","affine_gf2","Gf2Gaussian"
"magic04-bin",3,5,smart_certified,5,"{""Horn"": 3, ""Unary"": 28}","uncommitted|horn","StructuralHorn"
"magic04-bin",3,5,cals,5,"{""Horn"": 11, ""Unary"": 3}","horn","StructuralHorn"
"magic04-bin",3,5,cals_compact_explain,5,"{""Horn"": 4, ""Unary"": 2}","horn","StructuralHorn"
"magic04-bin",3,7,unary,1,"{""Unary"": 107}","uncommitted","StructuralHorn"
"magic04-bin",3,7,horn,1,"{""Horn"": 106}","horn","StructuralHorn"
"magic04-bin",3,7,antihorn,1,"{""AntiHorn"": 94}","antihorn","StructuralAntiHorn"
"magic04-bin",3,7,square2cnf,1,"{""Square2Cnf"": 112}","two_sat","TwoSat"
"magic04-bin",3,7,affine,1,"{""Affine"": 109}","affine_gf2","Gf2Gaussian"
"magic04-bin",3,7,smart_certified,5,"{""Affine"": 1, ""Horn"": 11, ""Unary"": 96}","uncommitted|horn|affine_gf2","Gf2Gaussian|StructuralHorn"
"magic04-bin",3,7,cals,5,"{""Horn"": 21, ""Unary"": 7}","horn","StructuralHorn"
"magic04-bin",3,7,cals_compact_explain,5,"{""Horn"": 5, ""Unary"": 3}","horn","StructuralHorn"
"magic04-bin",4,5,unary,1,"{""Unary"": 31}","uncommitted","StructuralHorn"
"magic04-bin",4,5,horn,1,"{""Horn"": 31}","horn","StructuralHorn"
"magic04-bin",4,5,antihorn,1,"{""AntiHorn"": 29}","antihorn","StructuralAntiHorn"
"magic04-bin",4,5,square2cnf,1,"{""Square2Cnf"": 30}","two_sat","TwoSat"
"magic04-bin",4,5,affine,1,"{""Affine"": 30}","affine_gf2","Gf2Gaussian"
"magic04-bin",4,5,smart_certified,5,"{""Horn"": 1, ""Unary"": 30}","uncommitted|horn","StructuralHorn"
"magic04-bin",4,5,cals,5,"{""Horn"": 10, ""Unary"": 2}","horn","StructuralHorn"
"magic04-bin",4,5,cals_compact_explain,5,"{""Horn"": 3, ""Unary"": 4}","horn","StructuralHorn"
"magic04-bin",4,7,unary,1,"{""Unary"": 112}","uncommitted","StructuralHorn"
"magic04-bin",4,7,horn,1,"{""Horn"": 115}","horn","StructuralHorn"
"magic04-bin",4,7,antihorn,1,"{""AntiHorn"": 85}","antihorn","StructuralAntiHorn"
"magic04-bin",4,7,square2cnf,1,"{""Square2Cnf"": 104}","two_sat","TwoSat"
"magic04-bin",4,7,affine,1,"{""Affine"": 106}","affine_gf2","Gf2Gaussian"
"magic04-bin",4,7,smart_certified,5,"{""Affine"": 1, ""AntiHorn"": 1, ""Horn"": 9, ""Unary"": 99}","uncommitted|horn|antihorn|affine_gf2","Gf2Gaussian|StructuralAntiHorn|StructuralHorn"
"magic04-bin",4,7,cals,5,"{""Horn"": 21, ""Unary"": 4}","horn","StructuralHorn"
"magic04-bin",4,7,cals_compact_explain,5,"{""Horn"": 11, ""Unary"": 6}","horn","StructuralHorn"
"magic04-bin",5,5,unary,1,"{""Unary"": 31}","uncommitted","StructuralHorn"
"magic04-bin",5,5,horn,1,"{""Horn"": 31}","horn","StructuralHorn"
"magic04-bin",5,5,antihorn,1,"{""AntiHorn"": 29}","antihorn","StructuralAntiHorn"
"magic04-bin",5,5,square2cnf,1,"{""Square2Cnf"": 31}","two_sat","TwoSat"
"magic04-bin",5,5,affine,1,"{""Affine"": 30}","affine_gf2","Gf2Gaussian"
"magic04-bin",5,5,smart_certified,5,"{""Affine"": 1, ""Unary"": 30}","uncommitted|affine_gf2","Gf2Gaussian|StructuralHorn"
"magic04-bin",5,5,cals,5,"{""Horn"": 9, ""Unary"": 3}","horn","StructuralHorn"
"magic04-bin",5,5,cals_compact_explain,5,"{""Horn"": 4, ""Unary"": 1}","horn","StructuralHorn"
"magic04-bin",5,7,unary,1,"{""Unary"": 109}","uncommitted","StructuralHorn"
"magic04-bin",5,7,horn,1,"{""Horn"": 113}","horn","StructuralHorn"
"magic04-bin",5,7,antihorn,1,"{""AntiHorn"": 95}","antihorn","StructuralAntiHorn"
"magic04-bin",5,7,square2cnf,1,"{""Square2Cnf"": 110}","two_sat","TwoSat"
"magic04-bin",5,7,affine,1,"{""Affine"": 106}","affine_gf2","Gf2Gaussian"
"magic04-bin",5,7,smart_certified,5,"{""Affine"": 6, ""AntiHorn"": 1, ""Horn"": 8, ""Unary"": 93}","uncommitted|horn|antihorn|affine_gf2","Gf2Gaussian|StructuralAntiHorn|StructuralHorn"
"magic04-bin",5,7,cals,5,"{""Horn"": 17, ""Unary"": 7}","horn","StructuralHorn"
"magic04-bin",5,7,cals_compact_explain,5,"{""Horn"": 10, ""Unary"": 5}","horn","StructuralHorn"
"magic04-bin",6,5,unary,1,"{""Unary"": 31}","uncommitted","StructuralHorn"
"magic04-bin",6,5,horn,1,"{""Horn"": 31}","horn","StructuralHorn"
"magic04-bin",6,5,antihorn,1,"{""AntiHorn"": 31}","antihorn","StructuralAntiHorn"
"magic04-bin",6,5,square2cnf,1,"{""Square2Cnf"": 30}","two_sat","TwoSat"
"magic04-bin",6,5,affine,1,"{""Affine"": 31}","affine_gf2","Gf2Gaussian"
"magic04-bin",6,5,smart_certified,5,"{""Horn"": 1, ""Unary"": 30}","uncommitted|horn","StructuralHorn"
"magic04-bin",6,5,cals,5,"{""Horn"": 11, ""Unary"": 1}","horn","StructuralHorn"
"magic04-bin",6,5,cals_compact_explain,5,"{""Horn"": 6, ""Unary"": 4}","horn","StructuralHorn"
"magic04-bin",6,7,unary,1,"{""Unary"": 113}","uncommitted","StructuralHorn"
"magic04-bin",6,7,horn,1,"{""Horn"": 116}","horn","StructuralHorn"
"magic04-bin",6,7,antihorn,1,"{""AntiHorn"": 107}","antihorn","StructuralAntiHorn"
"magic04-bin",6,7,square2cnf,1,"{""Square2Cnf"": 105}","two_sat","TwoSat"
"magic04-bin",6,7,affine,1,"{""Affine"": 114}","affine_gf2","Gf2Gaussian"
"magic04-bin",6,7,smart_certified,5,"{""AntiHorn"": 1, ""Horn"": 9, ""Unary"": 99}","uncommitted|horn|antihorn","StructuralAntiHorn|StructuralHorn"
"magic04-bin",6,7,cals,5,"{""Horn"": 28, ""Unary"": 8}","horn","StructuralHorn"
"magic04-bin",6,7,cals_compact_explain,5,"{""Horn"": 10, ""Unary"": 5}","horn","StructuralHorn"
"magic04-bin",7,5,unary,1,"{""Unary"": 31}","uncommitted","StructuralHorn"
"magic04-bin",7,5,horn,1,"{""Horn"": 31}","horn","StructuralHorn"
"magic04-bin",7,5,antihorn,1,"{""AntiHorn"": 29}","antihorn","StructuralAntiHorn"
"magic04-bin",7,5,square2cnf,1,"{""Square2Cnf"": 30}","two_sat","TwoSat"
"magic04-bin",7,5,affine,1,"{""Affine"": 31}","affine_gf2","Gf2Gaussian"
"magic04-bin",7,5,smart_certified,5,"{""Affine"": 1, ""Unary"": 30}","uncommitted|affine_gf2","Gf2Gaussian|StructuralHorn"
"magic04-bin",7,5,cals,5,"{""Horn"": 6, ""Unary"": 2}","horn","StructuralHorn"
"magic04-bin",7,5,cals_compact_explain,5,"{""Horn"": 6, ""Unary"": 3}","horn","StructuralHorn"
"magic04-bin",7,7,unary,1,"{""Unary"": 108}","uncommitted","StructuralHorn"
"magic04-bin",7,7,horn,1,"{""Horn"": 117}","horn","StructuralHorn"
"magic04-bin",7,7,antihorn,1,"{""AntiHorn"": 95}","antihorn","StructuralAntiHorn"
"magic04-bin",7,7,square2cnf,1,"{""Square2Cnf"": 109}","two_sat","TwoSat"
"magic04-bin",7,7,affine,1,"{""Affine"": 115}","affine_gf2","Gf2Gaussian"
"magic04-bin",7,7,smart_certified,5,"{""Affine"": 4, ""AntiHorn"": 1, ""Horn"": 7, ""Unary"": 95}","uncommitted|horn|antihorn|affine_gf2","Gf2Gaussian|StructuralAntiHorn|StructuralHorn"
"magic04-bin",7,7,cals,5,"{""Horn"": 20, ""Unary"": 4}","horn","StructuralHorn"
"magic04-bin",7,7,cals_compact_explain,5,"{""Horn"": 12, ""Unary"": 3}","horn","StructuralHorn"
"magic04-bin",8,5,unary,1,"{""Unary"": 31}","uncommitted","StructuralHorn"
"magic04-bin",8,5,horn,1,"{""Horn"": 31}","horn","StructuralHorn"
"magic04-bin",8,5,antihorn,1,"{""AntiHorn"": 31}","antihorn","StructuralAntiHorn"
"magic04-bin",8,5,square2cnf,1,"{""Square2Cnf"": 30}","two_sat","TwoSat"
"magic04-bin",8,5,affine,1,"{""Affine"": 31}","affine_gf2","Gf2Gaussian"
"magic04-bin",8,5,smart_certified,5,"{""Unary"": 31}","uncommitted","StructuralHorn"
"magic04-bin",8,5,cals,5,"{""Horn"": 10, ""Unary"": 3}","horn","StructuralHorn"
"magic04-bin",8,5,cals_compact_explain,5,"{""Horn"": 3, ""Unary"": 4}","horn","StructuralHorn"
"magic04-bin",8,7,unary,1,"{""Unary"": 109}","uncommitted","StructuralHorn"
"magic04-bin",8,7,horn,1,"{""Horn"": 114}","horn","StructuralHorn"
"magic04-bin",8,7,antihorn,1,"{""AntiHorn"": 110}","antihorn","StructuralAntiHorn"
"magic04-bin",8,7,square2cnf,1,"{""Square2Cnf"": 101}","two_sat","TwoSat"
"magic04-bin",8,7,affine,1,"{""Affine"": 114}","affine_gf2","Gf2Gaussian"
"magic04-bin",8,7,smart_certified,5,"{""Affine"": 3, ""AntiHorn"": 2, ""Horn"": 6, ""Unary"": 97}","uncommitted|horn|antihorn|affine_gf2","Gf2Gaussian|StructuralAntiHorn|StructuralHorn"
"magic04-bin",8,7,cals,5,"{""Horn"": 33, ""Unary"": 6}","horn","StructuralHorn"
"magic04-bin",8,7,cals_compact_explain,5,"{""Horn"": 3, ""Unary"": 4}","horn","StructuralHorn"
"magic04-bin",9,5,unary,1,"{""Unary"": 31}","uncommitted","StructuralHorn"
"magic04-bin",9,5,horn,1,"{""Horn"": 31}","horn","StructuralHorn"
"magic04-bin",9,5,antihorn,1,"{""AntiHorn"": 30}","antihorn","StructuralAntiHorn"
"magic04-bin",9,5,square2cnf,1,"{""Square2Cnf"": 31}","two_sat","TwoSat"
"magic04-bin",9,5,affine,1,"{""Affine"": 31}","affine_gf2","Gf2Gaussian"
"magic04-bin",9,5,smart_certified,5,"{""Horn"": 1, ""Unary"": 30}","uncommitted|horn","StructuralHorn"
"magic04-bin",9,5,cals,5,"{""Horn"": 9, ""Unary"": 3}","horn","StructuralHorn"
"magic04-bin",9,5,cals_compact_explain,5,"{""Horn"": 2, ""Unary"": 1}","horn","StructuralHorn"
"magic04-bin",9,7,unary,1,"{""Unary"": 114}","uncommitted","StructuralHorn"
"magic04-bin",9,7,horn,1,"{""Horn"": 115}","horn","StructuralHorn"
"magic04-bin",9,7,antihorn,1,"{""AntiHorn"": 105}","antihorn","StructuralAntiHorn"
"magic04-bin",9,7,square2cnf,1,"{""Square2Cnf"": 109}","two_sat","TwoSat"
"magic04-bin",9,7,affine,1,"{""Affine"": 115}","affine_gf2","Gf2Gaussian"
"magic04-bin",9,7,smart_certified,5,"{""Affine"": 2, ""AntiHorn"": 1, ""Horn"": 6, ""Unary"": 104}","uncommitted|horn|antihorn|affine_gf2","Gf2Gaussian|StructuralAntiHorn|StructuralHorn"
"magic04-bin",9,7,cals,5,"{""Horn"": 21, ""Unary"": 6}","horn","StructuralHorn"
"magic04-bin",9,7,cals_compact_explain,5,"{""Horn"": 2, ""Unary"": 1}","horn","StructuralHorn"
"messidor-bin",0,5,unary,1,"{""Unary"": 25}","uncommitted","StructuralHorn"
"messidor-bin",0,5,horn,1,"{""Horn"": 25}","horn","StructuralHorn"
"messidor-bin",0,5,antihorn,1,"{""AntiHorn"": 17}","antihorn","StructuralAntiHorn"
"messidor-bin",0,5,square2cnf,1,"{""Square2Cnf"": 22}","two_sat","TwoSat"
"messidor-bin",0,5,affine,1,"{""Affine"": 20}","affine_gf2","Gf2Gaussian"
"messidor-bin",0,5,smart_certified,5,"{""Affine"": 1, ""Horn"": 4, ""Unary"": 18}","uncommitted|horn|affine_gf2","Gf2Gaussian|StructuralHorn"
"messidor-bin",0,5,cals,5,"{""Horn"": 5, ""Unary"": 2}","horn","StructuralHorn"
"messidor-bin",0,5,cals_compact_explain,5,"{""Horn"": 1}","horn","StructuralHorn"
"messidor-bin",0,7,unary,1,"{""Unary"": 50}","uncommitted","StructuralHorn"
"messidor-bin",0,7,horn,1,"{""Horn"": 51}","horn","StructuralHorn"
"messidor-bin",0,7,antihorn,1,"{""AntiHorn"": 32}","antihorn","StructuralAntiHorn"
"messidor-bin",0,7,square2cnf,1,"{""Square2Cnf"": 49}","two_sat","TwoSat"
"messidor-bin",0,7,affine,1,"{""Affine"": 41}","affine_gf2","Gf2Gaussian"
"messidor-bin",0,7,smart_certified,5,"{""Affine"": 3, ""AntiHorn"": 2, ""Horn"": 6, ""Unary"": 35}","uncommitted|horn|antihorn|affine_gf2","Gf2Gaussian|StructuralAntiHorn|StructuralHorn"
"messidor-bin",0,7,cals,5,"{""Horn"": 7, ""Unary"": 2}","horn","StructuralHorn"
"messidor-bin",0,7,cals_compact_explain,5,"{""Horn"": 1}","horn","StructuralHorn"
"messidor-bin",1,5,unary,1,"{""Unary"": 23}","uncommitted","StructuralHorn"
"messidor-bin",1,5,horn,1,"{""Horn"": 23}","horn","StructuralHorn"
"messidor-bin",1,5,antihorn,1,"{""AntiHorn"": 21}","antihorn","StructuralAntiHorn"
"messidor-bin",1,5,square2cnf,1,"{""Square2Cnf"": 21}","two_sat","TwoSat"
"messidor-bin",1,5,affine,1,"{""Affine"": 17}","affine_gf2","Gf2Gaussian"
"messidor-bin",1,5,smart_certified,5,"{""AntiHorn"": 1, ""Unary"": 21}","uncommitted|antihorn","StructuralAntiHorn|StructuralHorn"
"messidor-bin",1,5,cals,5,"{""Square2Cnf"": 3, ""Unary"": 2}","two_sat","TwoSat"
"messidor-bin",1,5,cals_compact_explain,5,"{""Horn"": 2, ""Unary"": 1}","horn","StructuralHorn"
"messidor-bin",1,7,unary,1,"{""Unary"": 45}","uncommitted","StructuralHorn"
"messidor-bin",1,7,horn,1,"{""Horn"": 48}","horn","StructuralHorn"
"messidor-bin",1,7,antihorn,1,"{""AntiHorn"": 42}","antihorn","StructuralAntiHorn"
"messidor-bin",1,7,square2cnf,1,"{""Square2Cnf"": 45}","two_sat","TwoSat"
"messidor-bin",1,7,affine,1,"{""Affine"": 28}","affine_gf2","Gf2Gaussian"
"messidor-bin",1,7,smart_certified,5,"{""Affine"": 4, ""AntiHorn"": 1, ""Horn"": 2, ""Unary"": 37}","uncommitted|horn|antihorn|affine_gf2","Gf2Gaussian|StructuralAntiHorn|StructuralHorn"
"messidor-bin",1,7,cals,5,"{""Square2Cnf"": 9, ""Unary"": 4}","two_sat","TwoSat"
"messidor-bin",1,7,cals_compact_explain,5,"{""Horn"": 2, ""Unary"": 1}","horn","StructuralHorn"
"messidor-bin",2,5,unary,1,"{""Unary"": 25}","uncommitted","StructuralHorn"
"messidor-bin",2,5,horn,1,"{""Horn"": 25}","horn","StructuralHorn"
"messidor-bin",2,5,antihorn,1,"{""AntiHorn"": 21}","antihorn","StructuralAntiHorn"
"messidor-bin",2,5,square2cnf,1,"{""Square2Cnf"": 25}","two_sat","TwoSat"
"messidor-bin",2,5,affine,1,"{""Affine"": 19}","affine_gf2","Gf2Gaussian"
"messidor-bin",2,5,smart_certified,5,"{""Horn"": 4, ""Unary"": 21}","uncommitted|horn","StructuralHorn"
"messidor-bin",2,5,cals,5,"{""Horn"": 1}","horn","StructuralHorn"
"messidor-bin",2,5,cals_compact_explain,5,"{""Horn"": 1}","horn","StructuralHorn"
"messidor-bin",2,7,unary,1,"{""Unary"": 51}","uncommitted","StructuralHorn"
"messidor-bin",2,7,horn,1,"{""Horn"": 56}","horn","StructuralHorn"
"messidor-bin",2,7,antihorn,1,"{""AntiHorn"": 48}","antihorn","StructuralAntiHorn"
"messidor-bin",2,7,square2cnf,1,"{""Square2Cnf"": 45}","two_sat","TwoSat"
"messidor-bin",2,7,affine,1,"{""Affine"": 32}","affine_gf2","Gf2Gaussian"
"messidor-bin",2,7,smart_certified,5,"{""Affine"": 3, ""Horn"": 13, ""Unary"": 34}","uncommitted|horn|affine_gf2","Gf2Gaussian|StructuralHorn"
"messidor-bin",2,7,cals,5,"{""Horn"": 1}","horn","StructuralHorn"
"messidor-bin",2,7,cals_compact_explain,5,"{""Horn"": 1}","horn","StructuralHorn"
"messidor-bin",3,5,unary,1,"{""Unary"": 25}","uncommitted","StructuralHorn"
"messidor-bin",3,5,horn,1,"{""Horn"": 27}","horn","StructuralHorn"
"messidor-bin",3,5,antihorn,1,"{""AntiHorn"": 20}","antihorn","StructuralAntiHorn"
"messidor-bin",3,5,square2cnf,1,"{""Square2Cnf"": 23}","two_sat","TwoSat"
"messidor-bin",3,5,affine,1,"{""Affine"": 18}","affine_gf2","Gf2Gaussian"
"messidor-bin",3,5,smart_certified,5,"{""AntiHorn"": 1, ""Horn"": 2, ""Unary"": 21}","uncommitted|horn|antihorn","StructuralAntiHorn|StructuralHorn"
"messidor-bin",3,5,cals,5,"{""Horn"": 13, ""Unary"": 3}","horn","StructuralHorn"
"messidor-bin",3,5,cals_compact_explain,5,"{""Horn"": 7, ""Unary"": 2}","horn","StructuralHorn"
"messidor-bin",3,7,unary,1,"{""Unary"": 50}","uncommitted","StructuralHorn"
"messidor-bin",3,7,horn,1,"{""Horn"": 63}","horn","StructuralHorn"
"messidor-bin",3,7,antihorn,1,"{""AntiHorn"": 43}","antihorn","StructuralAntiHorn"
"messidor-bin",3,7,square2cnf,1,"{""Square2Cnf"": 53}","two_sat","TwoSat"
"messidor-bin",3,7,affine,1,"{""Affine"": 28}","affine_gf2","Gf2Gaussian"
"messidor-bin",3,7,smart_certified,5,"{""Affine"": 4, ""AntiHorn"": 1, ""Horn"": 8, ""Unary"": 36}","uncommitted|horn|antihorn|affine_gf2","Gf2Gaussian|StructuralAntiHorn|StructuralHorn"
"messidor-bin",3,7,cals,5,"{""Horn"": 14, ""Unary"": 3}","horn","StructuralHorn"
"messidor-bin",3,7,cals_compact_explain,5,"{""Horn"": 17, ""Unary"": 4}","horn","StructuralHorn"
"messidor-bin",4,5,unary,1,"{""Unary"": 20}","uncommitted","StructuralHorn"
"messidor-bin",4,5,horn,1,"{""Horn"": 20}","horn","StructuralHorn"
"messidor-bin",4,5,antihorn,1,"{""AntiHorn"": 20}","antihorn","StructuralAntiHorn"
"messidor-bin",4,5,square2cnf,1,"{""Square2Cnf"": 19}","two_sat","TwoSat"
"messidor-bin",4,5,affine,1,"{""Affine"": 14}","affine_gf2","Gf2Gaussian"
"messidor-bin",4,5,smart_certified,5,"{""Horn"": 4, ""Unary"": 15}","uncommitted|horn","StructuralHorn"
"messidor-bin",4,5,cals,5,"{""Horn"": 4, ""Unary"": 2}","horn","StructuralHorn"
"messidor-bin",4,5,cals_compact_explain,5,"{""Horn"": 3, ""Unary"": 1}","horn","StructuralHorn"
"messidor-bin",4,7,unary,1,"{""Unary"": 45}","uncommitted","StructuralHorn"
"messidor-bin",4,7,horn,1,"{""Horn"": 47}","horn","StructuralHorn"
"messidor-bin",4,7,antihorn,1,"{""AntiHorn"": 42}","antihorn","StructuralAntiHorn"
"messidor-bin",4,7,square2cnf,1,"{""Square2Cnf"": 39}","two_sat","TwoSat"
"messidor-bin",4,7,affine,1,"{""Affine"": 25}","affine_gf2","Gf2Gaussian"
"messidor-bin",4,7,smart_certified,5,"{""Affine"": 3, ""Horn"": 9, ""Unary"": 28}","uncommitted|horn|affine_gf2","Gf2Gaussian|StructuralHorn"
"messidor-bin",4,7,cals,5,"{""Horn"": 6, ""Unary"": 2}","horn","StructuralHorn"
"messidor-bin",4,7,cals_compact_explain,5,"{""Horn"": 10, ""Unary"": 1}","horn","StructuralHorn"
"messidor-bin",5,5,unary,1,"{""Unary"": 23}","uncommitted","StructuralHorn"
"messidor-bin",5,5,horn,1,"{""Horn"": 20}","horn","StructuralHorn"
"messidor-bin",5,5,antihorn,1,"{""AntiHorn"": 23}","antihorn","StructuralAntiHorn"
"messidor-bin",5,5,square2cnf,1,"{""Square2Cnf"": 19}","two_sat","TwoSat"
"messidor-bin",5,5,affine,1,"{""Affine"": 17}","affine_gf2","Gf2Gaussian"
"messidor-bin",5,5,smart_certified,5,"{""Affine"": 3, ""Horn"": 1, ""Unary"": 18}","uncommitted|horn|affine_gf2","Gf2Gaussian|StructuralHorn"
"messidor-bin",5,5,cals,5,"{""Horn"": 8, ""Unary"": 1}","horn","StructuralHorn"
"messidor-bin",5,5,cals_compact_explain,5,"{""Horn"": 1}","horn","StructuralHorn"
"messidor-bin",5,7,unary,1,"{""Unary"": 48}","uncommitted","StructuralHorn"
"messidor-bin",5,7,horn,1,"{""Horn"": 48}","horn","StructuralHorn"
"messidor-bin",5,7,antihorn,1,"{""AntiHorn"": 41}","antihorn","StructuralAntiHorn"
"messidor-bin",5,7,square2cnf,1,"{""Square2Cnf"": 38}","two_sat","TwoSat"
"messidor-bin",5,7,affine,1,"{""Affine"": 26}","affine_gf2","Gf2Gaussian"
"messidor-bin",5,7,smart_certified,5,"{""Affine"": 6, ""AntiHorn"": 1, ""Horn"": 5, ""Unary"": 33}","uncommitted|horn|antihorn|affine_gf2","Gf2Gaussian|StructuralAntiHorn|StructuralHorn"
"messidor-bin",5,7,cals,5,"{""Horn"": 17, ""Unary"": 1}","horn","StructuralHorn"
"messidor-bin",5,7,cals_compact_explain,5,"{""Horn"": 8, ""Unary"": 4}","horn","StructuralHorn"
"messidor-bin",6,5,unary,1,"{""Unary"": 20}","uncommitted","StructuralHorn"
"messidor-bin",6,5,horn,1,"{""Horn"": 19}","horn","StructuralHorn"
"messidor-bin",6,5,antihorn,1,"{""AntiHorn"": 19}","antihorn","StructuralAntiHorn"
"messidor-bin",6,5,square2cnf,1,"{""Square2Cnf"": 16}","two_sat","TwoSat"
"messidor-bin",6,5,affine,1,"{""Affine"": 14}","affine_gf2","Gf2Gaussian"
"messidor-bin",6,5,smart_certified,5,"{""Affine"": 5, ""Horn"": 1, ""Unary"": 15}","uncommitted|horn|affine_gf2","Gf2Gaussian|StructuralHorn"
"messidor-bin",6,5,cals,5,"{""Horn"": 1}","horn","StructuralHorn"
"messidor-bin",6,5,cals_compact_explain,5,"{""Horn"": 1}","horn","StructuralHorn"
"messidor-bin",6,7,unary,1,"{""Unary"": 43}","uncommitted","StructuralHorn"
"messidor-bin",6,7,horn,1,"{""Horn"": 40}","horn","StructuralHorn"
"messidor-bin",6,7,antihorn,1,"{""AntiHorn"": 40}","antihorn","StructuralAntiHorn"
"messidor-bin",6,7,square2cnf,1,"{""Square2Cnf"": 39}","two_sat","TwoSat"
"messidor-bin",6,7,affine,1,"{""Affine"": 27}","affine_gf2","Gf2Gaussian"
"messidor-bin",6,7,smart_certified,5,"{""Affine"": 10, ""Horn"": 1, ""Unary"": 35}","uncommitted|horn|affine_gf2","Gf2Gaussian|StructuralHorn"
"messidor-bin",6,7,cals,5,"{""Horn"": 10}","horn","StructuralHorn"
"messidor-bin",6,7,cals_compact_explain,5,"{""Horn"": 1}","horn","StructuralHorn"
"messidor-bin",7,5,unary,1,"{""Unary"": 20}","uncommitted","StructuralHorn"
"messidor-bin",7,5,horn,1,"{""Horn"": 22}","horn","StructuralHorn"
"messidor-bin",7,5,antihorn,1,"{""AntiHorn"": 21}","antihorn","StructuralAntiHorn"
"messidor-bin",7,5,square2cnf,1,"{""Square2Cnf"": 18}","two_sat","TwoSat"
"messidor-bin",7,5,affine,1,"{""Affine"": 14}","affine_gf2","Gf2Gaussian"
"messidor-bin",7,5,smart_certified,5,"{""Horn"": 4, ""Unary"": 16}","uncommitted|horn","StructuralHorn"
"messidor-bin",7,5,cals,5,"{""Horn"": 5}","horn","StructuralHorn"
"messidor-bin",7,5,cals_compact_explain,5,"{""Horn"": 5}","horn","StructuralHorn"
"messidor-bin",7,7,unary,1,"{""Unary"": 46}","uncommitted","StructuralHorn"
"messidor-bin",7,7,horn,1,"{""Horn"": 51}","horn","StructuralHorn"
"messidor-bin",7,7,antihorn,1,"{""AntiHorn"": 48}","antihorn","StructuralAntiHorn"
"messidor-bin",7,7,square2cnf,1,"{""Square2Cnf"": 38}","two_sat","TwoSat"
"messidor-bin",7,7,affine,1,"{""Affine"": 27}","affine_gf2","Gf2Gaussian"
"messidor-bin",7,7,smart_certified,5,"{""Affine"": 3, ""Horn"": 8, ""Square2Cnf"": 1, ""Unary"": 31}","uncommitted|horn|two_sat|affine_gf2","Gf2Gaussian|StructuralHorn|TwoSat"
"messidor-bin",7,7,cals,5,"{""Horn"": 5}","horn","StructuralHorn"
"messidor-bin",7,7,cals_compact_explain,5,"{""Horn"": 5}","horn","StructuralHorn"
"messidor-bin",8,5,unary,1,"{""Unary"": 22}","uncommitted","StructuralHorn"
"messidor-bin",8,5,horn,1,"{""Horn"": 24}","horn","StructuralHorn"
"messidor-bin",8,5,antihorn,1,"{""AntiHorn"": 23}","antihorn","StructuralAntiHorn"
"messidor-bin",8,5,square2cnf,1,"{""Square2Cnf"": 22}","two_sat","TwoSat"
"messidor-bin",8,5,affine,1,"{""Affine"": 20}","affine_gf2","Gf2Gaussian"
"messidor-bin",8,5,smart_certified,5,"{""Affine"": 1, ""Horn"": 1, ""Unary"": 20}","uncommitted|horn|affine_gf2","Gf2Gaussian|StructuralHorn"
"messidor-bin",8,5,cals,5,"{""Horn"": 4, ""Unary"": 1}","horn","StructuralHorn"
"messidor-bin",8,5,cals_compact_explain,5,"{""Horn"": 1}","horn","StructuralHorn"
"messidor-bin",8,7,unary,1,"{""Unary"": 45}","uncommitted","StructuralHorn"
"messidor-bin",8,7,horn,1,"{""Horn"": 51}","horn","StructuralHorn"
"messidor-bin",8,7,antihorn,1,"{""AntiHorn"": 40}","antihorn","StructuralAntiHorn"
"messidor-bin",8,7,square2cnf,1,"{""Square2Cnf"": 49}","two_sat","TwoSat"
"messidor-bin",8,7,affine,1,"{""Affine"": 36}","affine_gf2","Gf2Gaussian"
"messidor-bin",8,7,smart_certified,5,"{""Affine"": 4, ""AntiHorn"": 1, ""Horn"": 3, ""Unary"": 37}","uncommitted|horn|antihorn|affine_gf2","Gf2Gaussian|StructuralAntiHorn|StructuralHorn"
"messidor-bin",8,7,cals,5,"{""Horn"": 6, ""Unary"": 2}","horn","StructuralHorn"
"messidor-bin",8,7,cals_compact_explain,5,"{""Horn"": 1}","horn","StructuralHorn"
"messidor-bin",9,5,unary,1,"{""Unary"": 19}","uncommitted","StructuralHorn"
"messidor-bin",9,5,horn,1,"{""Horn"": 24}","horn","StructuralHorn"
"messidor-bin",9,5,antihorn,1,"{""AntiHorn"": 19}","antihorn","StructuralAntiHorn"
"messidor-bin",9,5,square2cnf,1,"{""Square2Cnf"": 22}","two_sat","TwoSat"
"messidor-bin",9,5,affine,1,"{""Affine"": 14}","affine_gf2","Gf2Gaussian"
"messidor-bin",9,5,smart_certified,5,"{""Affine"": 2, ""Horn"": 2, ""Unary"": 15}","uncommitted|horn|affine_gf2","Gf2Gaussian|StructuralHorn"
"messidor-bin",9,5,cals,5,"{""Horn"": 6, ""Unary"": 1}","horn","StructuralHorn"
"messidor-bin",9,5,cals_compact_explain,5,"{""Horn"": 1}","horn","StructuralHorn"
"messidor-bin",9,7,unary,1,"{""Unary"": 43}","uncommitted","StructuralHorn"
"messidor-bin",9,7,horn,1,"{""Horn"": 55}","horn","StructuralHorn"
"messidor-bin",9,7,antihorn,1,"{""AntiHorn"": 39}","antihorn","StructuralAntiHorn"
"messidor-bin",9,7,square2cnf,1,"{""Square2Cnf"": 51}","two_sat","TwoSat"
"messidor-bin",9,7,affine,1,"{""Affine"": 25}","affine_gf2","Gf2Gaussian"
"messidor-bin",9,7,smart_certified,5,"{""Affine"": 4, ""Horn"": 6, ""Unary"": 32}","uncommitted|horn|affine_gf2","Gf2Gaussian|StructuralHorn"
"messidor-bin",9,7,cals,5,"{""Horn"": 6, ""Unary"": 1}","horn","StructuralHorn"
"messidor-bin",9,7,cals_compact_explain,5,"{""Horn"": 1}","horn","StructuralHorn"
"mushroom",0,5,unary,1,"{""Unary"": 9}","uncommitted","StructuralHorn"
"mushroom",0,5,horn,1,"{""Horn"": 8}","horn","StructuralHorn"
"mushroom",0,5,antihorn,1,"{""AntiHorn"": 7}","antihorn","StructuralAntiHorn"
"mushroom",0,5,square2cnf,1,"{""Square2Cnf"": 7}","two_sat","TwoSat"
"mushroom",0,5,affine,1,"{""Affine"": 6}","affine_gf2","Gf2Gaussian"
"mushroom",0,5,smart_certified,5,"{""Affine"": 1, ""Unary"": 6}","uncommitted|affine_gf2","Gf2Gaussian|StructuralHorn"
"mushroom",0,5,cals,5,"{""Square2Cnf"": 4}","two_sat","TwoSat"
"mushroom",0,5,cals_compact_explain,5,"{""Square2Cnf"": 4}","two_sat","TwoSat"
"mushroom",0,7,unary,1,"{""Unary"": 10}","uncommitted","StructuralHorn"
"mushroom",0,7,horn,1,"{""Horn"": 8}","horn","StructuralHorn"
"mushroom",0,7,antihorn,1,"{""AntiHorn"": 7}","antihorn","StructuralAntiHorn"
"mushroom",0,7,square2cnf,1,"{""Square2Cnf"": 7}","two_sat","TwoSat"
"mushroom",0,7,affine,1,"{""Affine"": 8}","affine_gf2","Gf2Gaussian"
"mushroom",0,7,smart_certified,5,"{""Affine"": 1, ""Unary"": 7}","uncommitted|affine_gf2","Gf2Gaussian|StructuralHorn"
"mushroom",0,7,cals,5,"{""Square2Cnf"": 4}","two_sat","TwoSat"
"mushroom",0,7,cals_compact_explain,5,"{""Square2Cnf"": 4}","two_sat","TwoSat"
"mushroom",1,5,unary,1,"{""Unary"": 9}","uncommitted","StructuralHorn"
"mushroom",1,5,horn,1,"{""Horn"": 8}","horn","StructuralHorn"
"mushroom",1,5,antihorn,1,"{""AntiHorn"": 7}","antihorn","StructuralAntiHorn"
"mushroom",1,5,square2cnf,1,"{""Square2Cnf"": 8}","two_sat","TwoSat"
"mushroom",1,5,affine,1,"{""Affine"": 6}","affine_gf2","Gf2Gaussian"
"mushroom",1,5,smart_certified,5,"{""Affine"": 2, ""Unary"": 4}","affine_gf2","Gf2Gaussian"
"mushroom",1,5,cals,5,"{""Square2Cnf"": 4}","two_sat","TwoSat"
"mushroom",1,5,cals_compact_explain,5,"{""Square2Cnf"": 4}","two_sat","TwoSat"
"mushroom",1,7,unary,1,"{""Unary"": 9}","uncommitted","StructuralHorn"
"mushroom",1,7,horn,1,"{""Horn"": 8}","horn","StructuralHorn"
"mushroom",1,7,antihorn,1,"{""AntiHorn"": 7}","antihorn","StructuralAntiHorn"
"mushroom",1,7,square2cnf,1,"{""Square2Cnf"": 8}","two_sat","TwoSat"
"mushroom",1,7,affine,1,"{""Affine"": 8}","affine_gf2","Gf2Gaussian"
"mushroom",1,7,smart_certified,5,"{""Affine"": 2, ""Unary"": 4}","affine_gf2","Gf2Gaussian"
"mushroom",1,7,cals,5,"{""Square2Cnf"": 4}","two_sat","TwoSat"
"mushroom",1,7,cals_compact_explain,5,"{""Square2Cnf"": 4}","two_sat","TwoSat"
"mushroom",2,5,unary,1,"{""Unary"": 9}","uncommitted","StructuralHorn"
"mushroom",2,5,horn,1,"{""Horn"": 8}","horn","StructuralHorn"
"mushroom",2,5,antihorn,1,"{""AntiHorn"": 7}","antihorn","StructuralAntiHorn"
"mushroom",2,5,square2cnf,1,"{""Square2Cnf"": 8}","two_sat","TwoSat"
"mushroom",2,5,affine,1,"{""Affine"": 6}","affine_gf2","Gf2Gaussian"
"mushroom",2,5,smart_certified,5,"{""Affine"": 1, ""Unary"": 6}","uncommitted|affine_gf2","Gf2Gaussian|StructuralHorn"
"mushroom",2,5,cals,5,"{""Square2Cnf"": 4}","two_sat","TwoSat"
"mushroom",2,5,cals_compact_explain,5,"{""Square2Cnf"": 4}","two_sat","TwoSat"
"mushroom",2,7,unary,1,"{""Unary"": 10}","uncommitted","StructuralHorn"
"mushroom",2,7,horn,1,"{""Horn"": 8}","horn","StructuralHorn"
"mushroom",2,7,antihorn,1,"{""AntiHorn"": 7}","antihorn","StructuralAntiHorn"
"mushroom",2,7,square2cnf,1,"{""Square2Cnf"": 8}","two_sat","TwoSat"
"mushroom",2,7,affine,1,"{""Affine"": 8}","affine_gf2","Gf2Gaussian"
"mushroom",2,7,smart_certified,5,"{""Affine"": 1, ""Unary"": 7}","uncommitted|affine_gf2","Gf2Gaussian|StructuralHorn"
"mushroom",2,7,cals,5,"{""Square2Cnf"": 4}","two_sat","TwoSat"
"mushroom",2,7,cals_compact_explain,5,"{""Square2Cnf"": 4}","two_sat","TwoSat"
"mushroom",3,5,unary,1,"{""Unary"": 9}","uncommitted","StructuralHorn"
"mushroom",3,5,horn,1,"{""Horn"": 8}","horn","StructuralHorn"
"mushroom",3,5,antihorn,1,"{""AntiHorn"": 7}","antihorn","StructuralAntiHorn"
"mushroom",3,5,square2cnf,1,"{""Square2Cnf"": 8}","two_sat","TwoSat"
"mushroom",3,5,affine,1,"{""Affine"": 6}","affine_gf2","Gf2Gaussian"
"mushroom",3,5,smart_certified,5,"{""Affine"": 1, ""Unary"": 6}","uncommitted|affine_gf2","Gf2Gaussian|StructuralHorn"
"mushroom",3,5,cals,5,"{""Square2Cnf"": 3}","two_sat","TwoSat"
"mushroom",3,5,cals_compact_explain,5,"{""Square2Cnf"": 4}","two_sat","TwoSat"
"mushroom",3,7,unary,1,"{""Unary"": 10}","uncommitted","StructuralHorn"
"mushroom",3,7,horn,1,"{""Horn"": 8}","horn","StructuralHorn"
"mushroom",3,7,antihorn,1,"{""AntiHorn"": 7}","antihorn","StructuralAntiHorn"
"mushroom",3,7,square2cnf,1,"{""Square2Cnf"": 8}","two_sat","TwoSat"
"mushroom",3,7,affine,1,"{""Affine"": 8}","affine_gf2","Gf2Gaussian"
"mushroom",3,7,smart_certified,5,"{""Affine"": 1, ""Unary"": 7}","uncommitted|affine_gf2","Gf2Gaussian|StructuralHorn"
"mushroom",3,7,cals,5,"{""Square2Cnf"": 3}","two_sat","TwoSat"
"mushroom",3,7,cals_compact_explain,5,"{""Square2Cnf"": 4}","two_sat","TwoSat"
"mushroom",4,5,unary,1,"{""Unary"": 9}","uncommitted","StructuralHorn"
"mushroom",4,5,horn,1,"{""Horn"": 8}","horn","StructuralHorn"
"mushroom",4,5,antihorn,1,"{""AntiHorn"": 7}","antihorn","StructuralAntiHorn"
"mushroom",4,5,square2cnf,1,"{""Square2Cnf"": 7}","two_sat","TwoSat"
"mushroom",4,5,affine,1,"{""Affine"": 6}","affine_gf2","Gf2Gaussian"
"mushroom",4,5,smart_certified,5,"{""Affine"": 1, ""Unary"": 6}","uncommitted|affine_gf2","Gf2Gaussian|StructuralHorn"
"mushroom",4,5,cals,5,"{""Square2Cnf"": 3}","two_sat","TwoSat"
"mushroom",4,5,cals_compact_explain,5,"{""Square2Cnf"": 5}","two_sat","TwoSat"
"mushroom",4,7,unary,1,"{""Unary"": 10}","uncommitted","StructuralHorn"
"mushroom",4,7,horn,1,"{""Horn"": 8}","horn","StructuralHorn"
"mushroom",4,7,antihorn,1,"{""AntiHorn"": 7}","antihorn","StructuralAntiHorn"
"mushroom",4,7,square2cnf,1,"{""Square2Cnf"": 7}","two_sat","TwoSat"
"mushroom",4,7,affine,1,"{""Affine"": 8}","affine_gf2","Gf2Gaussian"
"mushroom",4,7,smart_certified,5,"{""Affine"": 1, ""Unary"": 7}","uncommitted|affine_gf2","Gf2Gaussian|StructuralHorn"
"mushroom",4,7,cals,5,"{""Square2Cnf"": 3}","two_sat","TwoSat"
"mushroom",4,7,cals_compact_explain,5,"{""Square2Cnf"": 5}","two_sat","TwoSat"
"mushroom",5,5,unary,1,"{""Unary"": 9}","uncommitted","StructuralHorn"
"mushroom",5,5,horn,1,"{""Horn"": 8}","horn","StructuralHorn"
"mushroom",5,5,antihorn,1,"{""AntiHorn"": 7}","antihorn","StructuralAntiHorn"
"mushroom",5,5,square2cnf,1,"{""Square2Cnf"": 6}","two_sat","TwoSat"
"mushroom",5,5,affine,1,"{""Affine"": 6}","affine_gf2","Gf2Gaussian"
"mushroom",5,5,smart_certified,5,"{""Affine"": 1, ""Unary"": 6}","uncommitted|affine_gf2","Gf2Gaussian|StructuralHorn"
"mushroom",5,5,cals,5,"{""Square2Cnf"": 3}","two_sat","TwoSat"
"mushroom",5,5,cals_compact_explain,5,"{""Square2Cnf"": 5}","two_sat","TwoSat"
"mushroom",5,7,unary,1,"{""Unary"": 10}","uncommitted","StructuralHorn"
"mushroom",5,7,horn,1,"{""Horn"": 8}","horn","StructuralHorn"
"mushroom",5,7,antihorn,1,"{""AntiHorn"": 7}","antihorn","StructuralAntiHorn"
"mushroom",5,7,square2cnf,1,"{""Square2Cnf"": 6}","two_sat","TwoSat"
"mushroom",5,7,affine,1,"{""Affine"": 8}","affine_gf2","Gf2Gaussian"
"mushroom",5,7,smart_certified,5,"{""Affine"": 1, ""Unary"": 7}","uncommitted|affine_gf2","Gf2Gaussian|StructuralHorn"
"mushroom",5,7,cals,5,"{""Square2Cnf"": 3}","two_sat","TwoSat"
"mushroom",5,7,cals_compact_explain,5,"{""Square2Cnf"": 5}","two_sat","TwoSat"
"mushroom",6,5,unary,1,"{""Unary"": 9}","uncommitted","StructuralHorn"
"mushroom",6,5,horn,1,"{""Horn"": 8}","horn","StructuralHorn"
"mushroom",6,5,antihorn,1,"{""AntiHorn"": 7}","antihorn","StructuralAntiHorn"
"mushroom",6,5,square2cnf,1,"{""Square2Cnf"": 7}","two_sat","TwoSat"
"mushroom",6,5,affine,1,"{""Affine"": 6}","affine_gf2","Gf2Gaussian"
"mushroom",6,5,smart_certified,5,"{""Affine"": 1, ""Unary"": 6}","uncommitted|affine_gf2","Gf2Gaussian|StructuralHorn"
"mushroom",6,5,cals,5,"{""Square2Cnf"": 3}","two_sat","TwoSat"
"mushroom",6,5,cals_compact_explain,5,"{""Square2Cnf"": 4}","two_sat","TwoSat"
"mushroom",6,7,unary,1,"{""Unary"": 10}","uncommitted","StructuralHorn"
"mushroom",6,7,horn,1,"{""Horn"": 8}","horn","StructuralHorn"
"mushroom",6,7,antihorn,1,"{""AntiHorn"": 7}","antihorn","StructuralAntiHorn"
"mushroom",6,7,square2cnf,1,"{""Square2Cnf"": 7}","two_sat","TwoSat"
"mushroom",6,7,affine,1,"{""Affine"": 9}","affine_gf2","Gf2Gaussian"
"mushroom",6,7,smart_certified,5,"{""Affine"": 1, ""Unary"": 7}","uncommitted|affine_gf2","Gf2Gaussian|StructuralHorn"
"mushroom",6,7,cals,5,"{""Square2Cnf"": 3}","two_sat","TwoSat"
"mushroom",6,7,cals_compact_explain,5,"{""Square2Cnf"": 4}","two_sat","TwoSat"
"mushroom",7,5,unary,1,"{""Unary"": 9}","uncommitted","StructuralHorn"
"mushroom",7,5,horn,1,"{""Horn"": 7}","horn","StructuralHorn"
"mushroom",7,5,antihorn,1,"{""AntiHorn"": 6}","antihorn","StructuralAntiHorn"
"mushroom",7,5,square2cnf,1,"{""Square2Cnf"": 6}","two_sat","TwoSat"
"mushroom",7,5,affine,1,"{""Affine"": 6}","affine_gf2","Gf2Gaussian"
"mushroom",7,5,smart_certified,5,"{""Affine"": 1, ""Unary"": 6}","uncommitted|affine_gf2","Gf2Gaussian|StructuralHorn"
"mushroom",7,5,cals,5,"{""Square2Cnf"": 3}","two_sat","TwoSat"
"mushroom",7,5,cals_compact_explain,5,"{""Square2Cnf"": 4}","two_sat","TwoSat"
"mushroom",7,7,unary,1,"{""Unary"": 9}","uncommitted","StructuralHorn"
"mushroom",7,7,horn,1,"{""Horn"": 7}","horn","StructuralHorn"
"mushroom",7,7,antihorn,1,"{""AntiHorn"": 6}","antihorn","StructuralAntiHorn"
"mushroom",7,7,square2cnf,1,"{""Square2Cnf"": 6}","two_sat","TwoSat"
"mushroom",7,7,affine,1,"{""Affine"": 8}","affine_gf2","Gf2Gaussian"
"mushroom",7,7,smart_certified,5,"{""Affine"": 1, ""Unary"": 6}","uncommitted|affine_gf2","Gf2Gaussian|StructuralHorn"
"mushroom",7,7,cals,5,"{""Square2Cnf"": 3}","two_sat","TwoSat"
"mushroom",7,7,cals_compact_explain,5,"{""Square2Cnf"": 4}","two_sat","TwoSat"
"mushroom",8,5,unary,1,"{""Unary"": 9}","uncommitted","StructuralHorn"
"mushroom",8,5,horn,1,"{""Horn"": 8}","horn","StructuralHorn"
"mushroom",8,5,antihorn,1,"{""AntiHorn"": 7}","antihorn","StructuralAntiHorn"
"mushroom",8,5,square2cnf,1,"{""Square2Cnf"": 7}","two_sat","TwoSat"
"mushroom",8,5,affine,1,"{""Affine"": 6}","affine_gf2","Gf2Gaussian"
"mushroom",8,5,smart_certified,5,"{""Affine"": 1, ""Unary"": 6}","uncommitted|affine_gf2","Gf2Gaussian|StructuralHorn"
"mushroom",8,5,cals,5,"{""Square2Cnf"": 4}","two_sat","TwoSat"
"mushroom",8,5,cals_compact_explain,5,"{""Square2Cnf"": 4, ""Unary"": 2}","two_sat","TwoSat"
"mushroom",8,7,unary,1,"{""Unary"": 10}","uncommitted","StructuralHorn"
"mushroom",8,7,horn,1,"{""Horn"": 9}","horn","StructuralHorn"
"mushroom",8,7,antihorn,1,"{""AntiHorn"": 8}","antihorn","StructuralAntiHorn"
"mushroom",8,7,square2cnf,1,"{""Square2Cnf"": 8}","two_sat","TwoSat"
"mushroom",8,7,affine,1,"{""Affine"": 9}","affine_gf2","Gf2Gaussian"
"mushroom",8,7,smart_certified,5,"{""Affine"": 1, ""Unary"": 7}","uncommitted|affine_gf2","Gf2Gaussian|StructuralHorn"
"mushroom",8,7,cals,5,"{""Square2Cnf"": 4}","two_sat","TwoSat"
"mushroom",8,7,cals_compact_explain,5,"{""Square2Cnf"": 4, ""Unary"": 2}","two_sat","TwoSat"
"mushroom",9,5,unary,1,"{""Unary"": 9}","uncommitted","StructuralHorn"
"mushroom",9,5,horn,1,"{""Horn"": 7}","horn","StructuralHorn"
"mushroom",9,5,antihorn,1,"{""AntiHorn"": 6}","antihorn","StructuralAntiHorn"
"mushroom",9,5,square2cnf,1,"{""Square2Cnf"": 6}","two_sat","TwoSat"
"mushroom",9,5,affine,1,"{""Affine"": 6}","affine_gf2","Gf2Gaussian"
"mushroom",9,5,smart_certified,5,"{""Affine"": 1, ""Unary"": 6}","uncommitted|affine_gf2","Gf2Gaussian|StructuralHorn"
"mushroom",9,5,cals,5,"{""Square2Cnf"": 4}","two_sat","TwoSat"
"mushroom",9,5,cals_compact_explain,5,"{""Square2Cnf"": 4}","two_sat","TwoSat"
"mushroom",9,7,unary,1,"{""Unary"": 9}","uncommitted","StructuralHorn"
"mushroom",9,7,horn,1,"{""Horn"": 7}","horn","StructuralHorn"
"mushroom",9,7,antihorn,1,"{""AntiHorn"": 6}","antihorn","StructuralAntiHorn"
"mushroom",9,7,square2cnf,1,"{""Square2Cnf"": 6}","two_sat","TwoSat"
"mushroom",9,7,affine,1,"{""Affine"": 9}","affine_gf2","Gf2Gaussian"
"mushroom",9,7,smart_certified,5,"{""Affine"": 1, ""Unary"": 6}","uncommitted|affine_gf2","Gf2Gaussian|StructuralHorn"
"mushroom",9,7,cals,5,"{""Square2Cnf"": 4}","two_sat","TwoSat"
"mushroom",9,7,cals_compact_explain,5,"{""Square2Cnf"": 4}","two_sat","TwoSat"
"pendigits",0,5,unary,1,"{""Unary"": 21}","uncommitted","StructuralHorn"
"pendigits",0,5,horn,1,"{""Horn"": 17}","horn","StructuralHorn"
"pendigits",0,5,antihorn,1,"{""AntiHorn"": 17}","antihorn","StructuralAntiHorn"
"pendigits",0,5,square2cnf,1,"{""Square2Cnf"": 17}","two_sat","TwoSat"
"pendigits",0,5,affine,1,"{""Affine"": 23}","affine_gf2","Gf2Gaussian"
"pendigits",0,5,smart_certified,5,"{""Horn"": 1, ""Unary"": 19}","uncommitted|horn","StructuralHorn"
"pendigits",0,5,cals,5,"{""Horn"": 1, ""Square2Cnf"": 1, ""Unary"": 4}","uncommitted|horn|two_sat","StructuralHorn|TwoSat"
"pendigits",0,5,cals_compact_explain,5,"{""Horn"": 6, ""Square2Cnf"": 1, ""Unary"": 7}","uncommitted|horn|two_sat","StructuralHorn|TwoSat"
"pendigits",0,7,unary,1,"{""Unary"": 27}","uncommitted","StructuralHorn"
"pendigits",0,7,horn,1,"{""Horn"": 22}","horn","StructuralHorn"
"pendigits",0,7,antihorn,1,"{""AntiHorn"": 22}","antihorn","StructuralAntiHorn"
"pendigits",0,7,square2cnf,1,"{""Square2Cnf"": 22}","two_sat","TwoSat"
"pendigits",0,7,affine,1,"{""Affine"": 33}","affine_gf2","Gf2Gaussian"
"pendigits",0,7,smart_certified,5,"{""Horn"": 2, ""Unary"": 24}","uncommitted|horn","StructuralHorn"
"pendigits",0,7,cals,5,"{""Horn"": 1, ""Square2Cnf"": 3, ""Unary"": 6}","uncommitted|horn|two_sat","StructuralHorn|TwoSat"
"pendigits",0,7,cals_compact_explain,5,"{""Horn"": 6, ""Square2Cnf"": 1, ""Unary"": 9}","uncommitted|horn|two_sat","StructuralHorn|TwoSat"
"pendigits",1,5,unary,1,"{""Unary"": 20}","uncommitted","StructuralHorn"
"pendigits",1,5,horn,1,"{""Horn"": 14}","horn","StructuralHorn"
"pendigits",1,5,antihorn,1,"{""AntiHorn"": 14}","antihorn","StructuralAntiHorn"
"pendigits",1,5,square2cnf,1,"{""Square2Cnf"": 14}","two_sat","TwoSat"
"pendigits",1,5,affine,1,"{""Affine"": 22}","affine_gf2","Gf2Gaussian"
"pendigits",1,5,smart_certified,5,"{""Horn"": 2, ""Unary"": 17}","uncommitted|horn","StructuralHorn"
"pendigits",1,5,cals,5,"{""Horn"": 3, ""Square2Cnf"": 1, ""Unary"": 3}","uncommitted|horn|two_sat","StructuralHorn|TwoSat"
"pendigits",1,5,cals_compact_explain,5,"{""Horn"": 4, ""Square2Cnf"": 1, ""Unary"": 2}","uncommitted|horn|two_sat","StructuralHorn|TwoSat"
"pendigits",1,7,unary,1,"{""Unary"": 28}","uncommitted","StructuralHorn"
"pendigits",1,7,horn,1,"{""Horn"": 19}","horn","StructuralHorn"
"pendigits",1,7,antihorn,1,"{""AntiHorn"": 19}","antihorn","StructuralAntiHorn"
"pendigits",1,7,square2cnf,1,"{""Square2Cnf"": 19}","two_sat","TwoSat"
"pendigits",1,7,affine,1,"{""Affine"": 32}","affine_gf2","Gf2Gaussian"
"pendigits",1,7,smart_certified,5,"{""Horn"": 4, ""Unary"": 21}","uncommitted|horn","StructuralHorn"
"pendigits",1,7,cals,5,"{""Horn"": 3, ""Square2Cnf"": 1, ""Unary"": 3}","uncommitted|horn|two_sat","StructuralHorn|TwoSat"
"pendigits",1,7,cals_compact_explain,5,"{""Horn"": 4, ""Square2Cnf"": 1, ""Unary"": 3}","uncommitted|horn|two_sat","StructuralHorn|TwoSat"
"pendigits",2,5,unary,1,"{""Unary"": 19}","uncommitted","StructuralHorn"
"pendigits",2,5,horn,1,"{""Horn"": 18}","horn","StructuralHorn"
"pendigits",2,5,antihorn,1,"{""AntiHorn"": 18}","antihorn","StructuralAntiHorn"
"pendigits",2,5,square2cnf,1,"{""Square2Cnf"": 18}","two_sat","TwoSat"
"pendigits",2,5,affine,1,"{""Affine"": 22}","affine_gf2","Gf2Gaussian"
"pendigits",2,5,smart_certified,5,"{""Unary"": 19}","uncommitted","StructuralHorn"
"pendigits",2,5,cals,5,"{""Horn"": 3, ""Square2Cnf"": 1, ""Unary"": 4}","uncommitted|horn|two_sat","StructuralHorn|TwoSat"
"pendigits",2,5,cals_compact_explain,5,"{""Horn"": 6, ""Square2Cnf"": 1, ""Unary"": 6}","uncommitted|horn|two_sat","StructuralHorn|TwoSat"
"pendigits",2,7,unary,1,"{""Unary"": 26}","uncommitted","StructuralHorn"
"pendigits",2,7,horn,1,"{""Horn"": 26}","horn","StructuralHorn"
"pendigits",2,7,antihorn,1,"{""AntiHorn"": 26}","antihorn","StructuralAntiHorn"
"pendigits",2,7,square2cnf,1,"{""Square2Cnf"": 26}","two_sat","TwoSat"
"pendigits",2,7,affine,1,"{""Affine"": 35}","affine_gf2","Gf2Gaussian"
"pendigits",2,7,smart_certified,5,"{""Horn"": 1, ""Unary"": 24}","uncommitted|horn","StructuralHorn"
"pendigits",2,7,cals,5,"{""Horn"": 3, ""Square2Cnf"": 1, ""Unary"": 4}","uncommitted|horn|two_sat","StructuralHorn|TwoSat"
"pendigits",2,7,cals_compact_explain,5,"{""Horn"": 7, ""Square2Cnf"": 1, ""Unary"": 7}","uncommitted|horn|two_sat","StructuralHorn|TwoSat"
"pendigits",3,5,unary,1,"{""Unary"": 20}","uncommitted","StructuralHorn"
"pendigits",3,5,horn,1,"{""Horn"": 15}","horn","StructuralHorn"
"pendigits",3,5,antihorn,1,"{""AntiHorn"": 15}","antihorn","StructuralAntiHorn"
"pendigits",3,5,square2cnf,1,"{""Square2Cnf"": 15}","two_sat","TwoSat"
"pendigits",3,5,affine,1,"{""Affine"": 23}","affine_gf2","Gf2Gaussian"
"pendigits",3,5,smart_certified,5,"{""Unary"": 20}","uncommitted","StructuralHorn"
"pendigits",3,5,cals,5,"{""Horn"": 1, ""Square2Cnf"": 1, ""Unary"": 2}","uncommitted|horn|two_sat","StructuralHorn|TwoSat"
"pendigits",3,5,cals_compact_explain,5,"{""Horn"": 3, ""Square2Cnf"": 1, ""Unary"": 3}","uncommitted|horn|two_sat","StructuralHorn|TwoSat"
"pendigits",3,7,unary,1,"{""Unary"": 28}","uncommitted","StructuralHorn"
"pendigits",3,7,horn,1,"{""Horn"": 21}","horn","StructuralHorn"
"pendigits",3,7,antihorn,1,"{""AntiHorn"": 21}","antihorn","StructuralAntiHorn"
"pendigits",3,7,square2cnf,1,"{""Square2Cnf"": 21}","two_sat","TwoSat"
"pendigits",3,7,affine,1,"{""Affine"": 32}","affine_gf2","Gf2Gaussian"
"pendigits",3,7,smart_certified,5,"{""Horn"": 1, ""Unary"": 26}","uncommitted|horn","StructuralHorn"
"pendigits",3,7,cals,5,"{""Horn"": 1, ""Square2Cnf"": 1, ""Unary"": 2}","uncommitted|horn|two_sat","StructuralHorn|TwoSat"
"pendigits",3,7,cals_compact_explain,5,"{""Horn"": 3, ""Square2Cnf"": 1, ""Unary"": 3}","uncommitted|horn|two_sat","StructuralHorn|TwoSat"
"pendigits",4,5,unary,1,"{""Unary"": 18}","uncommitted","StructuralHorn"
"pendigits",4,5,horn,1,"{""Horn"": 14}","horn","StructuralHorn"
"pendigits",4,5,antihorn,1,"{""AntiHorn"": 14}","antihorn","StructuralAntiHorn"
"pendigits",4,5,square2cnf,1,"{""Square2Cnf"": 14}","two_sat","TwoSat"
"pendigits",4,5,affine,1,"{""Affine"": 18}","affine_gf2","Gf2Gaussian"
"pendigits",4,5,smart_certified,5,"{""Horn"": 1, ""Unary"": 17}","uncommitted|horn","StructuralHorn"
"pendigits",4,5,cals,5,"{""Horn"": 2, ""Square2Cnf"": 1, ""Unary"": 3}","uncommitted|horn|two_sat","StructuralHorn|TwoSat"
"pendigits",4,5,cals_compact_explain,5,"{""Horn"": 4, ""Square2Cnf"": 1, ""Unary"": 5}","uncommitted|horn|two_sat","StructuralHorn|TwoSat"
"pendigits",4,7,unary,1,"{""Unary"": 25}","uncommitted","StructuralHorn"
"pendigits",4,7,horn,1,"{""Horn"": 22}","horn","StructuralHorn"
"pendigits",4,7,antihorn,1,"{""AntiHorn"": 22}","antihorn","StructuralAntiHorn"
"pendigits",4,7,square2cnf,1,"{""Square2Cnf"": 22}","two_sat","TwoSat"
"pendigits",4,7,affine,1,"{""Affine"": 24}","affine_gf2","Gf2Gaussian"
"pendigits",4,7,smart_certified,5,"{""Horn"": 2, ""Unary"": 22}","uncommitted|horn","StructuralHorn"
"pendigits",4,7,cals,5,"{""Horn"": 2, ""Square2Cnf"": 3, ""Unary"": 4}","uncommitted|horn|two_sat","StructuralHorn|TwoSat"
"pendigits",4,7,cals_compact_explain,5,"{""Horn"": 4, ""Square2Cnf"": 5, ""Unary"": 7}","uncommitted|horn|two_sat","StructuralHorn|TwoSat"
"pendigits",5,5,unary,1,"{""Unary"": 18}","uncommitted","StructuralHorn"
"pendigits",5,5,horn,1,"{""Horn"": 14}","horn","StructuralHorn"
"pendigits",5,5,antihorn,1,"{""AntiHorn"": 14}","antihorn","StructuralAntiHorn"
"pendigits",5,5,square2cnf,1,"{""Square2Cnf"": 14}","two_sat","TwoSat"
"pendigits",5,5,affine,1,"{""Affine"": 20}","affine_gf2","Gf2Gaussian"
"pendigits",5,5,smart_certified,5,"{""Horn"": 1, ""Unary"": 16}","uncommitted|horn","StructuralHorn"
"pendigits",5,5,cals,5,"{""Horn"": 7, ""Unary"": 2}","uncommitted|horn","StructuralHorn"
"pendigits",5,5,cals_compact_explain,5,"{""Horn"": 10, ""Unary"": 4}","uncommitted|horn","StructuralHorn"
"pendigits",5,7,unary,1,"{""Unary"": 24}","uncommitted","StructuralHorn"
"pendigits",5,7,horn,1,"{""Horn"": 20}","horn","StructuralHorn"
"pendigits",5,7,antihorn,1,"{""AntiHorn"": 20}","antihorn","StructuralAntiHorn"
"pendigits",5,7,square2cnf,1,"{""Square2Cnf"": 20}","two_sat","TwoSat"
"pendigits",5,7,affine,1,"{""Affine"": 26}","affine_gf2","Gf2Gaussian"
"pendigits",5,7,smart_certified,5,"{""Horn"": 2, ""Unary"": 21}","uncommitted|horn","StructuralHorn"
"pendigits",5,7,cals,5,"{""Horn"": 7, ""Unary"": 2}","uncommitted|horn","StructuralHorn"
"pendigits",5,7,cals_compact_explain,5,"{""Horn"": 11, ""Unary"": 5}","uncommitted|horn","StructuralHorn"
"pendigits",6,5,unary,1,"{""Unary"": 16}","uncommitted","StructuralHorn"
"pendigits",6,5,horn,1,"{""Horn"": 14}","horn","StructuralHorn"
"pendigits",6,5,antihorn,1,"{""AntiHorn"": 14}","antihorn","StructuralAntiHorn"
"pendigits",6,5,square2cnf,1,"{""Square2Cnf"": 14}","two_sat","TwoSat"
"pendigits",6,5,affine,1,"{""Affine"": 18}","affine_gf2","Gf2Gaussian"
"pendigits",6,5,smart_certified,5,"{""Horn"": 1, ""Unary"": 14}","uncommitted|horn","StructuralHorn"
"pendigits",6,5,cals,5,"{""Horn"": 3, ""Unary"": 2}","uncommitted|horn","StructuralHorn"
"pendigits",6,5,cals_compact_explain,5,"{""Horn"": 7, ""Unary"": 6}","horn","StructuralHorn"
"pendigits",6,7,unary,1,"{""Unary"": 20}","uncommitted","StructuralHorn"
"pendigits",6,7,horn,1,"{""Horn"": 19}","horn","StructuralHorn"
"pendigits",6,7,antihorn,1,"{""AntiHorn"": 19}","antihorn","StructuralAntiHorn"
"pendigits",6,7,square2cnf,1,"{""Square2Cnf"": 19}","two_sat","TwoSat"
"pendigits",6,7,affine,1,"{""Affine"": 23}","affine_gf2","Gf2Gaussian"
"pendigits",6,7,smart_certified,5,"{""Horn"": 1, ""Unary"": 18}","uncommitted|horn","StructuralHorn"
"pendigits",6,7,cals,5,"{""Horn"": 4, ""Unary"": 4}","uncommitted|horn","StructuralHorn"
"pendigits",6,7,cals_compact_explain,5,"{""Horn"": 9, ""Unary"": 10}","horn","StructuralHorn"
"pendigits",7,5,unary,1,"{""Unary"": 19}","uncommitted","StructuralHorn"
"pendigits",7,5,horn,1,"{""Horn"": 13}","horn","StructuralHorn"
"pendigits",7,5,antihorn,1,"{""AntiHorn"": 13}","antihorn","StructuralAntiHorn"
"pendigits",7,5,square2cnf,1,"{""Square2Cnf"": 13}","two_sat","TwoSat"
"pendigits",7,5,affine,1,"{""Affine"": 20}","affine_gf2","Gf2Gaussian"
"pendigits",7,5,smart_certified,5,"{""Horn"": 2, ""Unary"": 16}","uncommitted|horn","StructuralHorn"
"pendigits",7,5,cals,5,"{""Square2Cnf"": 4, ""Unary"": 3}","two_sat","TwoSat"
"pendigits",7,5,cals_compact_explain,5,"{""Square2Cnf"": 3, ""Unary"": 5}","two_sat","TwoSat"
"pendigits",7,7,unary,1,"{""Unary"": 26}","uncommitted","StructuralHorn"
"pendigits",7,7,horn,1,"{""Horn"": 20}","horn","StructuralHorn"
"pendigits",7,7,antihorn,1,"{""AntiHorn"": 20}","antihorn","StructuralAntiHorn"
"pendigits",7,7,square2cnf,1,"{""Square2Cnf"": 20}","two_sat","TwoSat"
"pendigits",7,7,affine,1,"{""Affine"": 26}","affine_gf2","Gf2Gaussian"
"pendigits",7,7,smart_certified,5,"{""Horn"": 3, ""Unary"": 21}","uncommitted|horn","StructuralHorn"
"pendigits",7,7,cals,5,"{""Square2Cnf"": 7, ""Unary"": 3}","two_sat","TwoSat"
"pendigits",7,7,cals_compact_explain,5,"{""Square2Cnf"": 4, ""Unary"": 6}","two_sat","TwoSat"
"pendigits",8,5,unary,1,"{""Unary"": 20}","uncommitted","StructuralHorn"
"pendigits",8,5,horn,1,"{""Horn"": 18}","horn","StructuralHorn"
"pendigits",8,5,antihorn,1,"{""AntiHorn"": 18}","antihorn","StructuralAntiHorn"
"pendigits",8,5,square2cnf,1,"{""Square2Cnf"": 18}","two_sat","TwoSat"
"pendigits",8,5,affine,1,"{""Affine"": 22}","affine_gf2","Gf2Gaussian"
"pendigits",8,5,smart_certified,5,"{""Horn"": 1, ""Unary"": 18}","uncommitted|horn","StructuralHorn"
"pendigits",8,5,cals,5,"{""Horn"": 2, ""Square2Cnf"": 1, ""Unary"": 2}","uncommitted|horn|two_sat","StructuralHorn|TwoSat"
"pendigits",8,5,cals_compact_explain,5,"{""Horn"": 2, ""Square2Cnf"": 1, ""Unary"": 6}","uncommitted|horn|two_sat","StructuralHorn|TwoSat"
"pendigits",8,7,unary,1,"{""Unary"": 26}","uncommitted","StructuralHorn"
"pendigits",8,7,horn,1,"{""Horn"": 23}","horn","StructuralHorn"
"pendigits",8,7,antihorn,1,"{""AntiHorn"": 23}","antihorn","StructuralAntiHorn"
"pendigits",8,7,square2cnf,1,"{""Square2Cnf"": 23}","two_sat","TwoSat"
"pendigits",8,7,affine,1,"{""Affine"": 29}","affine_gf2","Gf2Gaussian"
"pendigits",8,7,smart_certified,5,"{""Horn"": 1, ""Unary"": 24}","uncommitted|horn","StructuralHorn"
"pendigits",8,7,cals,5,"{""Horn"": 2, ""Square2Cnf"": 1, ""Unary"": 6}","uncommitted|horn|two_sat","StructuralHorn|TwoSat"
"pendigits",8,7,cals_compact_explain,5,"{""Horn"": 3, ""Square2Cnf"": 1, ""Unary"": 7}","uncommitted|horn|two_sat","StructuralHorn|TwoSat"
"pendigits",9,5,unary,1,"{""Unary"": 20}","uncommitted","StructuralHorn"
"pendigits",9,5,horn,1,"{""Horn"": 19}","horn","StructuralHorn"
"pendigits",9,5,antihorn,1,"{""AntiHorn"": 19}","antihorn","StructuralAntiHorn"
"pendigits",9,5,square2cnf,1,"{""Square2Cnf"": 19}","two_sat","TwoSat"
"pendigits",9,5,affine,1,"{""Affine"": 21}","affine_gf2","Gf2Gaussian"
"pendigits",9,5,smart_certified,5,"{""Horn"": 2, ""Unary"": 17}","uncommitted|horn","StructuralHorn"
"pendigits",9,5,cals,5,"{""Horn"": 6, ""Unary"": 4}","horn","StructuralHorn"
"pendigits",9,5,cals_compact_explain,5,"{""Horn"": 4, ""Unary"": 7}","horn","StructuralHorn"
"pendigits",9,7,unary,1,"{""Unary"": 27}","uncommitted","StructuralHorn"
"pendigits",9,7,horn,1,"{""Horn"": 25}","horn","StructuralHorn"
"pendigits",9,7,antihorn,1,"{""AntiHorn"": 25}","antihorn","StructuralAntiHorn"
"pendigits",9,7,square2cnf,1,"{""Square2Cnf"": 25}","two_sat","TwoSat"
"pendigits",9,7,affine,1,"{""Affine"": 31}","affine_gf2","Gf2Gaussian"
"pendigits",9,7,smart_certified,5,"{""Horn"": 2, ""Unary"": 23}","uncommitted|horn","StructuralHorn"
"pendigits",9,7,cals,5,"{""Horn"": 6, ""Unary"": 4}","horn","StructuralHorn"
"pendigits",9,7,cals_compact_explain,5,"{""Horn"": 5, ""Unary"": 9}","horn","StructuralHorn"
"primary-tumor",0,5,unary,1,"{""Unary"": 20}","uncommitted","StructuralHorn"
"primary-tumor",0,5,horn,1,"{""Horn"": 18}","horn","StructuralHorn"
"primary-tumor",0,5,antihorn,1,"{""AntiHorn"": 18}","antihorn","StructuralAntiHorn"
"primary-tumor",0,5,square2cnf,1,"{""Square2Cnf"": 18}","two_sat","TwoSat"
"primary-tumor",0,5,affine,1,"{""Affine"": 23}","affine_gf2","Gf2Gaussian"
"primary-tumor",0,5,smart_certified,5,"{""Horn"": 4, ""Unary"": 14}","uncommitted|horn","StructuralHorn"
"primary-tumor",0,5,cals,5,"{""Square2Cnf"": 7}","two_sat","TwoSat"
"primary-tumor",0,5,cals_compact_explain,5,"{""Square2Cnf"": 7}","two_sat","TwoSat"
"primary-tumor",0,7,unary,1,"{""Unary"": 36}","uncommitted","StructuralHorn"
"primary-tumor",0,7,horn,1,"{""Horn"": 36}","horn","StructuralHorn"
"primary-tumor",0,7,antihorn,1,"{""AntiHorn"": 36}","antihorn","StructuralAntiHorn"
"primary-tumor",0,7,square2cnf,1,"{""Square2Cnf"": 35}","two_sat","TwoSat"
"primary-tumor",0,7,affine,1,"{""Affine"": 41}","affine_gf2","Gf2Gaussian"
"primary-tumor",0,7,smart_certified,5,"{""Affine"": 1, ""Horn"": 7, ""Unary"": 23}","uncommitted|horn|affine_gf2","Gf2Gaussian|StructuralHorn"
"primary-tumor",0,7,cals,5,"{""Square2Cnf"": 7}","two_sat","TwoSat"
"primary-tumor",0,7,cals_compact_explain,5,"{""Square2Cnf"": 10, ""Unary"": 2}","two_sat","TwoSat"
"primary-tumor",1,5,unary,1,"{""Unary"": 22}","uncommitted","StructuralHorn"
"primary-tumor",1,5,horn,1,"{""Horn"": 19}","horn","StructuralHorn"
"primary-tumor",1,5,antihorn,1,"{""AntiHorn"": 19}","antihorn","StructuralAntiHorn"
"primary-tumor",1,5,square2cnf,1,"{""Square2Cnf"": 19}","two_sat","TwoSat"
"primary-tumor",1,5,affine,1,"{""Affine"": 23}","affine_gf2","Gf2Gaussian"
"primary-tumor",1,5,smart_certified,5,"{""Affine"": 3, ""Horn"": 3, ""Unary"": 14}","uncommitted|horn|affine_gf2","Gf2Gaussian|StructuralHorn"
"primary-tumor",1,5,cals,5,"{""Square2Cnf"": 1, ""Unary"": 1}","uncommitted|two_sat","StructuralHorn|TwoSat"
"primary-tumor",1,5,cals_compact_explain,5,"{""Square2Cnf"": 3, ""Unary"": 5}","uncommitted|two_sat","StructuralHorn|TwoSat"
"primary-tumor",1,7,unary,1,"{""Unary"": 36}","uncommitted","StructuralHorn"
"primary-tumor",1,7,horn,1,"{""Horn"": 33}","horn","StructuralHorn"
"primary-tumor",1,7,antihorn,1,"{""AntiHorn"": 33}","antihorn","StructuralAntiHorn"
"primary-tumor",1,7,square2cnf,1,"{""Square2Cnf"": 32}","two_sat","TwoSat"
"primary-tumor",1,7,affine,1,"{""Affine"": 38}","affine_gf2","Gf2Gaussian"
"primary-tumor",1,7,smart_certified,5,"{""Affine"": 5, ""Horn"": 5, ""Unary"": 18}","uncommitted|horn|affine_gf2","Gf2Gaussian|StructuralHorn"
"primary-tumor",1,7,cals,5,"{""Square2Cnf"": 1, ""Unary"": 1}","uncommitted|two_sat","StructuralHorn|TwoSat"
"primary-tumor",1,7,cals_compact_explain,5,"{""Square2Cnf"": 3, ""Unary"": 6}","uncommitted|two_sat","StructuralHorn|TwoSat"
"primary-tumor",2,5,unary,1,"{""Unary"": 22}","uncommitted","StructuralHorn"
"primary-tumor",2,5,horn,1,"{""Horn"": 20}","horn","StructuralHorn"
"primary-tumor",2,5,antihorn,1,"{""AntiHorn"": 20}","antihorn","StructuralAntiHorn"
"primary-tumor",2,5,square2cnf,1,"{""Square2Cnf"": 20}","two_sat","TwoSat"
"primary-tumor",2,5,affine,1,"{""Affine"": 23}","affine_gf2","Gf2Gaussian"
"primary-tumor",2,5,smart_certified,5,"{""Horn"": 6, ""Unary"": 16}","uncommitted|horn","StructuralHorn"
"primary-tumor",2,5,cals,5,"{""Square2Cnf"": 3, ""Unary"": 1}","two_sat","TwoSat"
"primary-tumor",2,5,cals_compact_explain,5,"{""Square2Cnf"": 2, ""Unary"": 1}","two_sat","TwoSat"
"primary-tumor",2,7,unary,1,"{""Unary"": 35}","uncommitted","StructuralHorn"
"primary-tumor",2,7,horn,1,"{""Horn"": 34}","horn","StructuralHorn"
"primary-tumor",2,7,antihorn,1,"{""AntiHorn"": 34}","antihorn","StructuralAntiHorn"
"primary-tumor",2,7,square2cnf,1,"{""Square2Cnf"": 37}","two_sat","TwoSat"
"primary-tumor",2,7,affine,1,"{""Affine"": 35}","affine_gf2","Gf2Gaussian"
"primary-tumor",2,7,smart_certified,5,"{""Affine"": 1, ""Horn"": 10, ""Unary"": 22}","uncommitted|horn|affine_gf2","Gf2Gaussian|StructuralHorn"
"primary-tumor",2,7,cals,5,"{""Square2Cnf"": 8, ""Unary"": 1}","two_sat","TwoSat"
"primary-tumor",2,7,cals_compact_explain,5,"{""Square2Cnf"": 2, ""Unary"": 1}","two_sat","TwoSat"
"primary-tumor",3,5,unary,1,"{""Unary"": 23}","uncommitted","StructuralHorn"
"primary-tumor",3,5,horn,1,"{""Horn"": 23}","horn","StructuralHorn"
"primary-tumor",3,5,antihorn,1,"{""AntiHorn"": 23}","antihorn","StructuralAntiHorn"
"primary-tumor",3,5,square2cnf,1,"{""Square2Cnf"": 23}","two_sat","TwoSat"
"primary-tumor",3,5,affine,1,"{""Affine"": 24}","affine_gf2","Gf2Gaussian"
"primary-tumor",3,5,smart_certified,5,"{""Affine"": 2, ""Horn"": 4, ""Unary"": 16}","uncommitted|horn|affine_gf2","Gf2Gaussian|StructuralHorn"
"primary-tumor",3,5,cals,5,"{""Square2Cnf"": 3, ""Unary"": 1}","uncommitted|two_sat","StructuralHorn|TwoSat"
"primary-tumor",3,5,cals_compact_explain,5,"{""Unary"": 1}","uncommitted","StructuralHorn"
"primary-tumor",3,7,unary,1,"{""Unary"": 42}","uncommitted","StructuralHorn"
"primary-tumor",3,7,horn,1,"{""Horn"": 40}","horn","StructuralHorn"
"primary-tumor",3,7,antihorn,1,"{""AntiHorn"": 40}","antihorn","StructuralAntiHorn"
"primary-tumor",3,7,square2cnf,1,"{""Square2Cnf"": 40}","two_sat","TwoSat"
"primary-tumor",3,7,affine,1,"{""Affine"": 45}","affine_gf2","Gf2Gaussian"
"primary-tumor",3,7,smart_certified,5,"{""Affine"": 3, ""Horn"": 7, ""Unary"": 26}","uncommitted|horn|affine_gf2","Gf2Gaussian|StructuralHorn"
"primary-tumor",3,7,cals,5,"{""Square2Cnf"": 3, ""Unary"": 1}","uncommitted|two_sat","StructuralHorn|TwoSat"
"primary-tumor",3,7,cals_compact_explain,5,"{""Square2Cnf"": 8, ""Unary"": 3}","uncommitted|two_sat","StructuralHorn|TwoSat"
"primary-tumor",4,5,unary,1,"{""Unary"": 20}","uncommitted","StructuralHorn"
"primary-tumor",4,5,horn,1,"{""Horn"": 18}","horn","StructuralHorn"
"primary-tumor",4,5,antihorn,1,"{""AntiHorn"": 19}","antihorn","StructuralAntiHorn"
"primary-tumor",4,5,square2cnf,1,"{""Square2Cnf"": 19}","two_sat","TwoSat"
"primary-tumor",4,5,affine,1,"{""Affine"": 22}","affine_gf2","Gf2Gaussian"
"primary-tumor",4,5,smart_certified,5,"{""Affine"": 6, ""Horn"": 2, ""Unary"": 15}","uncommitted|horn|affine_gf2","Gf2Gaussian|StructuralHorn"
"primary-tumor",4,5,cals,5,"{""Horn"": 4, ""Unary"": 1}","horn","StructuralHorn"
"primary-tumor",4,5,cals_compact_explain,5,"{""Horn"": 4, ""Unary"": 1}","horn","StructuralHorn"
"primary-tumor",4,7,unary,1,"{""Unary"": 34}","uncommitted","StructuralHorn"
"primary-tumor",4,7,horn,1,"{""Horn"": 31}","horn","StructuralHorn"
"primary-tumor",4,7,antihorn,1,"{""AntiHorn"": 34}","antihorn","StructuralAntiHorn"
"primary-tumor",4,7,square2cnf,1,"{""Square2Cnf"": 32}","two_sat","TwoSat"
"primary-tumor",4,7,affine,1,"{""Affine"": 36}","affine_gf2","Gf2Gaussian"
"primary-tumor",4,7,smart_certified,5,"{""Affine"": 6, ""Horn"": 3, ""Unary"": 24}","uncommitted|horn|affine_gf2","Gf2Gaussian|StructuralHorn"
"primary-tumor",4,7,cals,5,"{""Horn"": 4, ""Unary"": 1}","horn","StructuralHorn"
"primary-tumor",4,7,cals_compact_explain,5,"{""Horn"": 4, ""Unary"": 1}","horn","StructuralHorn"
"primary-tumor",5,5,unary,1,"{""Unary"": 22}","uncommitted","StructuralHorn"
"primary-tumor",5,5,horn,1,"{""Horn"": 17}","horn","StructuralHorn"
"primary-tumor",5,5,antihorn,1,"{""AntiHorn"": 17}","antihorn","StructuralAntiHorn"
"primary-tumor",5,5,square2cnf,1,"{""Square2Cnf"": 17}","two_sat","TwoSat"
"primary-tumor",5,5,affine,1,"{""Affine"": 22}","affine_gf2","Gf2Gaussian"
"primary-tumor",5,5,smart_certified,5,"{""Affine"": 2, ""Horn"": 6, ""Unary"": 14}","uncommitted|horn|affine_gf2","Gf2Gaussian|StructuralHorn"
"primary-tumor",5,5,cals,5,"{""Horn"": 5, ""Unary"": 1}","horn","StructuralHorn"
"primary-tumor",5,5,cals_compact_explain,5,"{""Horn"": 4, ""Unary"": 1}","horn","StructuralHorn"
"primary-tumor",5,7,unary,1,"{""Unary"": 42}","uncommitted","StructuralHorn"
"primary-tumor",5,7,horn,1,"{""Horn"": 30}","horn","StructuralHorn"
"primary-tumor",5,7,antihorn,1,"{""AntiHorn"": 30}","antihorn","StructuralAntiHorn"
"primary-tumor",5,7,square2cnf,1,"{""Square2Cnf"": 30}","two_sat","TwoSat"
"primary-tumor",5,7,affine,1,"{""Affine"": 41}","affine_gf2","Gf2Gaussian"
"primary-tumor",5,7,smart_certified,5,"{""Affine"": 4, ""Horn"": 8, ""Unary"": 26}","uncommitted|horn|affine_gf2","Gf2Gaussian|StructuralHorn"
"primary-tumor",5,7,cals,5,"{""Horn"": 5, ""Unary"": 1}","horn","StructuralHorn"
"primary-tumor",5,7,cals_compact_explain,5,"{""Horn"": 7, ""Unary"": 1}","horn","StructuralHorn"
"primary-tumor",6,5,unary,1,"{""Unary"": 20}","uncommitted","StructuralHorn"
"primary-tumor",6,5,horn,1,"{""Horn"": 20}","horn","StructuralHorn"
"primary-tumor",6,5,antihorn,1,"{""AntiHorn"": 20}","antihorn","StructuralAntiHorn"
"primary-tumor",6,5,square2cnf,1,"{""Square2Cnf"": 20}","two_sat","TwoSat"
"primary-tumor",6,5,affine,1,"{""Affine"": 22}","affine_gf2","Gf2Gaussian"
"primary-tumor",6,5,smart_certified,5,"{""Horn"": 3, ""Unary"": 16}","uncommitted|horn","StructuralHorn"
"primary-tumor",6,5,cals,5,"{""Horn"": 3}","horn","StructuralHorn"
"primary-tumor",6,5,cals_compact_explain,5,"{""Horn"": 1}","horn","StructuralHorn"
"primary-tumor",6,7,unary,1,"{""Unary"": 34}","uncommitted","StructuralHorn"
"primary-tumor",6,7,horn,1,"{""Horn"": 39}","horn","StructuralHorn"
"primary-tumor",6,7,antihorn,1,"{""AntiHorn"": 39}","antihorn","StructuralAntiHorn"
"primary-tumor",6,7,square2cnf,1,"{""Square2Cnf"": 39}","two_sat","TwoSat"
"primary-tumor",6,7,affine,1,"{""Affine"": 39}","affine_gf2","Gf2Gaussian"
"primary-tumor",6,7,smart_certified,5,"{""Horn"": 6, ""Unary"": 25}","uncommitted|horn","StructuralHorn"
"primary-tumor",6,7,cals,5,"{""Horn"": 3}","horn","StructuralHorn"
"primary-tumor",6,7,cals_compact_explain,5,"{""Horn"": 1}","horn","StructuralHorn"
"primary-tumor",7,5,unary,1,"{""Unary"": 23}","uncommitted","StructuralHorn"
"primary-tumor",7,5,horn,1,"{""Horn"": 20}","horn","StructuralHorn"
"primary-tumor",7,5,antihorn,1,"{""AntiHorn"": 20}","antihorn","StructuralAntiHorn"
"primary-tumor",7,5,square2cnf,1,"{""Square2Cnf"": 20}","two_sat","TwoSat"
"primary-tumor",7,5,affine,1,"{""Affine"": 23}","affine_gf2","Gf2Gaussian"
"primary-tumor",7,5,smart_certified,5,"{""Affine"": 1, ""Horn"": 5, ""Unary"": 16}","uncommitted|horn|affine_gf2","Gf2Gaussian|StructuralHorn"
"primary-tumor",7,5,cals,5,"{}","uncommitted","StructuralHorn"
"primary-tumor",7,5,cals_compact_explain,5,"{""Affine"": 2, ""Unary"": 1}","affine_gf2","Gf2Gaussian"
"primary-tumor",7,7,unary,1,"{""Unary"": 42}","uncommitted","StructuralHorn"
"primary-tumor",7,7,horn,1,"{""Horn"": 37}","horn","StructuralHorn"
"primary-tumor",7,7,antihorn,1,"{""AntiHorn"": 37}","antihorn","StructuralAntiHorn"
"primary-tumor",7,7,square2cnf,1,"{""Square2Cnf"": 37}","two_sat","TwoSat"
"primary-tumor",7,7,affine,1,"{""Affine"": 41}","affine_gf2","Gf2Gaussian"
"primary-tumor",7,7,smart_certified,5,"{""Affine"": 2, ""Horn"": 8, ""Unary"": 24}","uncommitted|horn|affine_gf2","Gf2Gaussian|StructuralHorn"
"primary-tumor",7,7,cals,5,"{""Affine"": 5, ""Unary"": 1}","affine_gf2","Gf2Gaussian"
"primary-tumor",7,7,cals_compact_explain,5,"{""Affine"": 2, ""Unary"": 1}","affine_gf2","Gf2Gaussian"
"primary-tumor",8,5,unary,1,"{""Unary"": 17}","uncommitted","StructuralHorn"
"primary-tumor",8,5,horn,1,"{""Horn"": 17}","horn","StructuralHorn"
"primary-tumor",8,5,antihorn,1,"{""AntiHorn"": 17}","antihorn","StructuralAntiHorn"
"primary-tumor",8,5,square2cnf,1,"{""Square2Cnf"": 17}","two_sat","TwoSat"
"primary-tumor",8,5,affine,1,"{""Affine"": 23}","affine_gf2","Gf2Gaussian"
"primary-tumor",8,5,smart_certified,5,"{""AntiHorn"": 2, ""Horn"": 2, ""Unary"": 12}","uncommitted|horn|antihorn","StructuralAntiHorn|StructuralHorn"
"primary-tumor",8,5,cals,5,"{""Square2Cnf"": 3}","two_sat","TwoSat"
"primary-tumor",8,5,cals_compact_explain,5,"{""Square2Cnf"": 2, ""Unary"": 2}","two_sat","TwoSat"
"primary-tumor",8,7,unary,1,"{""Unary"": 31}","uncommitted","StructuralHorn"
"primary-tumor",8,7,horn,1,"{""Horn"": 29}","horn","StructuralHorn"
"primary-tumor",8,7,antihorn,1,"{""AntiHorn"": 29}","antihorn","StructuralAntiHorn"
"primary-tumor",8,7,square2cnf,1,"{""Square2Cnf"": 29}","two_sat","TwoSat"
"primary-tumor",8,7,affine,1,"{""Affine"": 40}","affine_gf2","Gf2Gaussian"
"primary-tumor",8,7,smart_certified,5,"{""Affine"": 1, ""AntiHorn"": 2, ""Horn"": 4, ""Unary"": 21}","uncommitted|horn|antihorn|affine_gf2","Gf2Gaussian|StructuralAntiHorn|StructuralHorn"
"primary-tumor",8,7,cals,5,"{""Square2Cnf"": 3}","two_sat","TwoSat"
"primary-tumor",8,7,cals_compact_explain,5,"{""Square2Cnf"": 2, ""Unary"": 2}","two_sat","TwoSat"
"primary-tumor",9,5,unary,1,"{""Unary"": 19}","uncommitted","StructuralHorn"
"primary-tumor",9,5,horn,1,"{""Horn"": 17}","horn","StructuralHorn"
"primary-tumor",9,5,antihorn,1,"{""AntiHorn"": 17}","antihorn","StructuralAntiHorn"
"primary-tumor",9,5,square2cnf,1,"{""Square2Cnf"": 17}","two_sat","TwoSat"
"primary-tumor",9,5,affine,1,"{""Affine"": 20}","affine_gf2","Gf2Gaussian"
"primary-tumor",9,5,smart_certified,5,"{""Affine"": 3, ""Horn"": 1, ""Unary"": 13}","uncommitted|horn|affine_gf2","Gf2Gaussian|StructuralHorn"
"primary-tumor",9,5,cals,5,"{""Horn"": 4}","horn","StructuralHorn"
"primary-tumor",9,5,cals_compact_explain,5,"{""Horn"": 4}","horn","StructuralHorn"
"primary-tumor",9,7,unary,1,"{""Unary"": 33}","uncommitted","StructuralHorn"
"primary-tumor",9,7,horn,1,"{""Horn"": 29}","horn","StructuralHorn"
"primary-tumor",9,7,antihorn,1,"{""AntiHorn"": 29}","antihorn","StructuralAntiHorn"
"primary-tumor",9,7,square2cnf,1,"{""Square2Cnf"": 30}","two_sat","TwoSat"
"primary-tumor",9,7,affine,1,"{""Affine"": 35}","affine_gf2","Gf2Gaussian"
"primary-tumor",9,7,smart_certified,5,"{""Affine"": 4, ""Horn"": 4, ""Unary"": 20}","uncommitted|horn|affine_gf2","Gf2Gaussian|StructuralHorn"
"primary-tumor",9,7,cals,5,"{""Horn"": 4}","horn","StructuralHorn"
"primary-tumor",9,7,cals_compact_explain,5,"{""Horn"": 4}","horn","StructuralHorn"
"segment",0,5,unary,1,"{""Unary"": 5}","uncommitted","StructuralHorn"
"segment",0,5,horn,1,"{""Horn"": 5}","horn","StructuralHorn"
"segment",0,5,antihorn,1,"{""AntiHorn"": 5}","antihorn","StructuralAntiHorn"
"segment",0,5,square2cnf,1,"{""Square2Cnf"": 5}","two_sat","TwoSat"
"segment",0,5,affine,1,"{""Affine"": 5}","affine_gf2","Gf2Gaussian"
"segment",0,5,smart_certified,5,"{""Unary"": 5}","uncommitted","StructuralHorn"
"segment",0,5,cals,5,"{""Unary"": 2}","uncommitted","StructuralHorn"
"segment",0,5,cals_compact_explain,5,"{""Square2Cnf"": 1, ""Unary"": 2}","uncommitted|two_sat","StructuralHorn|TwoSat"
"segment",0,7,unary,1,"{""Unary"": 5}","uncommitted","StructuralHorn"
"segment",0,7,horn,1,"{""Horn"": 5}","horn","StructuralHorn"
"segment",0,7,antihorn,1,"{""AntiHorn"": 5}","antihorn","StructuralAntiHorn"
"segment",0,7,square2cnf,1,"{""Square2Cnf"": 5}","two_sat","TwoSat"
"segment",0,7,affine,1,"{""Affine"": 5}","affine_gf2","Gf2Gaussian"
"segment",0,7,smart_certified,5,"{""Unary"": 5}","uncommitted","StructuralHorn"
"segment",0,7,cals,5,"{""Unary"": 2}","uncommitted","StructuralHorn"
"segment",0,7,cals_compact_explain,5,"{""Square2Cnf"": 1, ""Unary"": 2}","uncommitted|two_sat","StructuralHorn|TwoSat"
"segment",1,5,unary,1,"{""Unary"": 5}","uncommitted","StructuralHorn"
"segment",1,5,horn,1,"{""Horn"": 5}","horn","StructuralHorn"
"segment",1,5,antihorn,1,"{""AntiHorn"": 5}","antihorn","StructuralAntiHorn"
"segment",1,5,square2cnf,1,"{""Square2Cnf"": 5}","two_sat","TwoSat"
"segment",1,5,affine,1,"{""Affine"": 5}","affine_gf2","Gf2Gaussian"
"segment",1,5,smart_certified,5,"{""Unary"": 5}","uncommitted","StructuralHorn"
"segment",1,5,cals,5,"{""Horn"": 1, ""Unary"": 2}","horn","StructuralHorn"
"segment",1,5,cals_compact_explain,5,"{""Horn"": 1, ""Unary"": 2}","horn","StructuralHorn"
"segment",1,7,unary,1,"{""Unary"": 6}","uncommitted","StructuralHorn"
"segment",1,7,horn,1,"{""Horn"": 5}","horn","StructuralHorn"
"segment",1,7,antihorn,1,"{""AntiHorn"": 5}","antihorn","StructuralAntiHorn"
"segment",1,7,square2cnf,1,"{""Square2Cnf"": 5}","two_sat","TwoSat"
"segment",1,7,affine,1,"{""Affine"": 6}","affine_gf2","Gf2Gaussian"
"segment",1,7,smart_certified,5,"{""Unary"": 6}","uncommitted","StructuralHorn"
"segment",1,7,cals,5,"{""Horn"": 1, ""Unary"": 2}","horn","StructuralHorn"
"segment",1,7,cals_compact_explain,5,"{""Horn"": 1, ""Unary"": 2}","horn","StructuralHorn"
"segment",2,5,unary,1,"{""Unary"": 5}","uncommitted","StructuralHorn"
"segment",2,5,horn,1,"{""Horn"": 6}","horn","StructuralHorn"
"segment",2,5,antihorn,1,"{""AntiHorn"": 6}","antihorn","StructuralAntiHorn"
"segment",2,5,square2cnf,1,"{""Square2Cnf"": 6}","two_sat","TwoSat"
"segment",2,5,affine,1,"{""Affine"": 5}","affine_gf2","Gf2Gaussian"
"segment",2,5,smart_certified,5,"{""Unary"": 5}","uncommitted","StructuralHorn"
"segment",2,5,cals,5,"{""Horn"": 1}","horn","StructuralHorn"
"segment",2,5,cals_compact_explain,5,"{""Horn"": 1, ""Unary"": 1}","horn","StructuralHorn"
"segment",2,7,unary,1,"{""Unary"": 5}","uncommitted","StructuralHorn"
"segment",2,7,horn,1,"{""Horn"": 6}","horn","StructuralHorn"
"segment",2,7,antihorn,1,"{""AntiHorn"": 6}","antihorn","StructuralAntiHorn"
"segment",2,7,square2cnf,1,"{""Square2Cnf"": 6}","two_sat","TwoSat"
"segment",2,7,affine,1,"{""Affine"": 5}","affine_gf2","Gf2Gaussian"
"segment",2,7,smart_certified,5,"{""Unary"": 5}","uncommitted","StructuralHorn"
"segment",2,7,cals,5,"{""Horn"": 1}","horn","StructuralHorn"
"segment",2,7,cals_compact_explain,5,"{""Horn"": 1, ""Unary"": 1}","horn","StructuralHorn"
"segment",3,5,unary,1,"{""Unary"": 4}","uncommitted","StructuralHorn"
"segment",3,5,horn,1,"{""Horn"": 4}","horn","StructuralHorn"
"segment",3,5,antihorn,1,"{""AntiHorn"": 4}","antihorn","StructuralAntiHorn"
"segment",3,5,square2cnf,1,"{""Square2Cnf"": 4}","two_sat","TwoSat"
"segment",3,5,affine,1,"{""Affine"": 4}","affine_gf2","Gf2Gaussian"
"segment",3,5,smart_certified,5,"{""Unary"": 4}","uncommitted","StructuralHorn"
"segment",3,5,cals,5,"{""Horn"": 1, ""Unary"": 2}","uncommitted|horn","StructuralHorn"
"segment",3,5,cals_compact_explain,5,"{""Horn"": 1, ""Unary"": 2}","uncommitted|horn","StructuralHorn"
"segment",3,7,unary,1,"{""Unary"": 4}","uncommitted","StructuralHorn"
"segment",3,7,horn,1,"{""Horn"": 4}","horn","StructuralHorn"
"segment",3,7,antihorn,1,"{""AntiHorn"": 4}","antihorn","StructuralAntiHorn"
"segment",3,7,square2cnf,1,"{""Square2Cnf"": 4}","two_sat","TwoSat"
"segment",3,7,affine,1,"{""Affine"": 4}","affine_gf2","Gf2Gaussian"
"segment",3,7,smart_certified,5,"{""Unary"": 4}","uncommitted","StructuralHorn"
"segment",3,7,cals,5,"{""Horn"": 1, ""Unary"": 2}","uncommitted|horn","StructuralHorn"
"segment",3,7,cals_compact_explain,5,"{""Horn"": 1, ""Unary"": 2}","uncommitted|horn","StructuralHorn"
"segment",4,5,unary,1,"{""Unary"": 6}","uncommitted","StructuralHorn"
"segment",4,5,horn,1,"{""Horn"": 6}","horn","StructuralHorn"
"segment",4,5,antihorn,1,"{""AntiHorn"": 6}","antihorn","StructuralAntiHorn"
"segment",4,5,square2cnf,1,"{""Square2Cnf"": 6}","two_sat","TwoSat"
"segment",4,5,affine,1,"{""Affine"": 6}","affine_gf2","Gf2Gaussian"
"segment",4,5,smart_certified,5,"{""Unary"": 6}","uncommitted","StructuralHorn"
"segment",4,5,cals,5,"{""Horn"": 3}","horn","StructuralHorn"
"segment",4,5,cals_compact_explain,5,"{""Horn"": 3, ""Unary"": 1}","horn","StructuralHorn"
"segment",4,7,unary,1,"{""Unary"": 7}","uncommitted","StructuralHorn"
"segment",4,7,horn,1,"{""Horn"": 6}","horn","StructuralHorn"
"segment",4,7,antihorn,1,"{""AntiHorn"": 6}","antihorn","StructuralAntiHorn"
"segment",4,7,square2cnf,1,"{""Square2Cnf"": 6}","two_sat","TwoSat"
"segment",4,7,affine,1,"{""Affine"": 7}","affine_gf2","Gf2Gaussian"
"segment",4,7,smart_certified,5,"{""Unary"": 7}","uncommitted","StructuralHorn"
"segment",4,7,cals,5,"{""Horn"": 3}","horn","StructuralHorn"
"segment",4,7,cals_compact_explain,5,"{""Horn"": 3, ""Unary"": 1}","horn","StructuralHorn"
"segment",5,5,unary,1,"{""Unary"": 5}","uncommitted","StructuralHorn"
"segment",5,5,horn,1,"{""Horn"": 5}","horn","StructuralHorn"
"segment",5,5,antihorn,1,"{""AntiHorn"": 5}","antihorn","StructuralAntiHorn"
"segment",5,5,square2cnf,1,"{""Square2Cnf"": 5}","two_sat","TwoSat"
"segment",5,5,affine,1,"{""Affine"": 5}","affine_gf2","Gf2Gaussian"
"segment",5,5,smart_certified,5,"{""Unary"": 5}","uncommitted","StructuralHorn"
"segment",5,5,cals,5,"{""Horn"": 2, ""Unary"": 1}","uncommitted|horn","StructuralHorn"
"segment",5,5,cals_compact_explain,5,"{""Horn"": 2, ""Unary"": 2}","uncommitted|horn","StructuralHorn"
"segment",5,7,unary,1,"{""Unary"": 5}","uncommitted","StructuralHorn"
"segment",5,7,horn,1,"{""Horn"": 5}","horn","StructuralHorn"
"segment",5,7,antihorn,1,"{""AntiHorn"": 5}","antihorn","StructuralAntiHorn"
"segment",5,7,square2cnf,1,"{""Square2Cnf"": 5}","two_sat","TwoSat"
"segment",5,7,affine,1,"{""Affine"": 5}","affine_gf2","Gf2Gaussian"
"segment",5,7,smart_certified,5,"{""Unary"": 5}","uncommitted","StructuralHorn"
"segment",5,7,cals,5,"{""Horn"": 2, ""Unary"": 1}","uncommitted|horn","StructuralHorn"
"segment",5,7,cals_compact_explain,5,"{""Horn"": 2, ""Unary"": 2}","uncommitted|horn","StructuralHorn"
"segment",6,5,unary,1,"{""Unary"": 4}","uncommitted","StructuralHorn"
"segment",6,5,horn,1,"{""Horn"": 4}","horn","StructuralHorn"
"segment",6,5,antihorn,1,"{""AntiHorn"": 4}","antihorn","StructuralAntiHorn"
"segment",6,5,square2cnf,1,"{""Square2Cnf"": 4}","two_sat","TwoSat"
"segment",6,5,affine,1,"{""Affine"": 4}","affine_gf2","Gf2Gaussian"
"segment",6,5,smart_certified,5,"{""Unary"": 4}","uncommitted","StructuralHorn"
"segment",6,5,cals,5,"{""Horn"": 1, ""Unary"": 2}","horn","StructuralHorn"
"segment",6,5,cals_compact_explain,5,"{""Horn"": 1, ""Unary"": 3}","horn","StructuralHorn"
"segment",6,7,unary,1,"{""Unary"": 4}","uncommitted","StructuralHorn"
"segment",6,7,horn,1,"{""Horn"": 4}","horn","StructuralHorn"
"segment",6,7,antihorn,1,"{""AntiHorn"": 4}","antihorn","StructuralAntiHorn"
"segment",6,7,square2cnf,1,"{""Square2Cnf"": 4}","two_sat","TwoSat"
"segment",6,7,affine,1,"{""Affine"": 4}","affine_gf2","Gf2Gaussian"
"segment",6,7,smart_certified,5,"{""Unary"": 4}","uncommitted","StructuralHorn"
"segment",6,7,cals,5,"{""Horn"": 1, ""Unary"": 2}","horn","StructuralHorn"
"segment",6,7,cals_compact_explain,5,"{""Horn"": 1, ""Unary"": 3}","horn","StructuralHorn"
"segment",7,5,unary,1,"{""Unary"": 6}","uncommitted","StructuralHorn"
"segment",7,5,horn,1,"{""Horn"": 6}","horn","StructuralHorn"
"segment",7,5,antihorn,1,"{""AntiHorn"": 6}","antihorn","StructuralAntiHorn"
"segment",7,5,square2cnf,1,"{""Square2Cnf"": 6}","two_sat","TwoSat"
"segment",7,5,affine,1,"{""Affine"": 6}","affine_gf2","Gf2Gaussian"
"segment",7,5,smart_certified,5,"{""Unary"": 6}","uncommitted","StructuralHorn"
"segment",7,5,cals,5,"{""Horn"": 2, ""Unary"": 2}","horn","StructuralHorn"
"segment",7,5,cals_compact_explain,5,"{""Horn"": 2, ""Unary"": 1}","horn","StructuralHorn"
"segment",7,7,unary,1,"{""Unary"": 6}","uncommitted","StructuralHorn"
"segment",7,7,horn,1,"{""Horn"": 6}","horn","StructuralHorn"
"segment",7,7,antihorn,1,"{""AntiHorn"": 6}","antihorn","StructuralAntiHorn"
"segment",7,7,square2cnf,1,"{""Square2Cnf"": 6}","two_sat","TwoSat"
"segment",7,7,affine,1,"{""Affine"": 6}","affine_gf2","Gf2Gaussian"
"segment",7,7,smart_certified,5,"{""Unary"": 6}","uncommitted","StructuralHorn"
"segment",7,7,cals,5,"{""Horn"": 2, ""Unary"": 2}","horn","StructuralHorn"
"segment",7,7,cals_compact_explain,5,"{""Horn"": 2, ""Unary"": 1}","horn","StructuralHorn"
"segment",8,5,unary,1,"{""Unary"": 6}","uncommitted","StructuralHorn"
"segment",8,5,horn,1,"{""Horn"": 6}","horn","StructuralHorn"
"segment",8,5,antihorn,1,"{""AntiHorn"": 6}","antihorn","StructuralAntiHorn"
"segment",8,5,square2cnf,1,"{""Square2Cnf"": 6}","two_sat","TwoSat"
"segment",8,5,affine,1,"{""Affine"": 6}","affine_gf2","Gf2Gaussian"
"segment",8,5,smart_certified,5,"{""Unary"": 6}","uncommitted","StructuralHorn"
"segment",8,5,cals,5,"{""Horn"": 3}","horn","StructuralHorn"
"segment",8,5,cals_compact_explain,5,"{""Horn"": 3, ""Unary"": 1}","horn","StructuralHorn"
"segment",8,7,unary,1,"{""Unary"": 6}","uncommitted","StructuralHorn"
"segment",8,7,horn,1,"{""Horn"": 6}","horn","StructuralHorn"
"segment",8,7,antihorn,1,"{""AntiHorn"": 6}","antihorn","StructuralAntiHorn"
"segment",8,7,square2cnf,1,"{""Square2Cnf"": 6}","two_sat","TwoSat"
"segment",8,7,affine,1,"{""Affine"": 6}","affine_gf2","Gf2Gaussian"
"segment",8,7,smart_certified,5,"{""Unary"": 6}","uncommitted","StructuralHorn"
"segment",8,7,cals,5,"{""Horn"": 3}","horn","StructuralHorn"
"segment",8,7,cals_compact_explain,5,"{""Horn"": 3, ""Unary"": 1}","horn","StructuralHorn"
"segment",9,5,unary,1,"{""Unary"": 5}","uncommitted","StructuralHorn"
"segment",9,5,horn,1,"{""Horn"": 5}","horn","StructuralHorn"
"segment",9,5,antihorn,1,"{""AntiHorn"": 5}","antihorn","StructuralAntiHorn"
"segment",9,5,square2cnf,1,"{""Square2Cnf"": 5}","two_sat","TwoSat"
"segment",9,5,affine,1,"{""Affine"": 5}","affine_gf2","Gf2Gaussian"
"segment",9,5,smart_certified,5,"{""Unary"": 5}","uncommitted","StructuralHorn"
"segment",9,5,cals,5,"{""Horn"": 1, ""Unary"": 1}","uncommitted|horn","StructuralHorn"
"segment",9,5,cals_compact_explain,5,"{""Horn"": 1, ""Unary"": 1}","uncommitted|horn","StructuralHorn"
"segment",9,7,unary,1,"{""Unary"": 5}","uncommitted","StructuralHorn"
"segment",9,7,horn,1,"{""Horn"": 5}","horn","StructuralHorn"
"segment",9,7,antihorn,1,"{""AntiHorn"": 5}","antihorn","StructuralAntiHorn"
"segment",9,7,square2cnf,1,"{""Square2Cnf"": 5}","two_sat","TwoSat"
"segment",9,7,affine,1,"{""Affine"": 5}","affine_gf2","Gf2Gaussian"
"segment",9,7,smart_certified,5,"{""Unary"": 5}","uncommitted","StructuralHorn"
"segment",9,7,cals,5,"{""Horn"": 1, ""Unary"": 1}","uncommitted|horn","StructuralHorn"
"segment",9,7,cals_compact_explain,5,"{""Horn"": 1, ""Unary"": 1}","uncommitted|horn","StructuralHorn"
"seismic_bumps-bin",0,5,unary,1,"{""Unary"": 25}","uncommitted","StructuralHorn"
"seismic_bumps-bin",0,5,horn,1,"{""Horn"": 26}","horn","StructuralHorn"
"seismic_bumps-bin",0,5,antihorn,1,"{""AntiHorn"": 25}","antihorn","StructuralAntiHorn"
"seismic_bumps-bin",0,5,square2cnf,1,"{""Square2Cnf"": 23}","two_sat","TwoSat"
"seismic_bumps-bin",0,5,affine,1,"{""Affine"": 13}","affine_gf2","Gf2Gaussian"
"seismic_bumps-bin",0,5,smart_certified,5,"{""Affine"": 2, ""AntiHorn"": 1, ""Horn"": 1, ""Unary"": 20}","uncommitted|horn|antihorn|affine_gf2","Gf2Gaussian|StructuralAntiHorn|StructuralHorn"
"seismic_bumps-bin",0,5,cals,5,"{}","uncommitted","StructuralHorn"
"seismic_bumps-bin",0,5,cals_compact_explain,5,"{}","uncommitted","StructuralHorn"
"seismic_bumps-bin",0,7,unary,1,"{""Unary"": 51}","uncommitted","StructuralHorn"
"seismic_bumps-bin",0,7,horn,1,"{""Horn"": 64}","horn","StructuralHorn"
"seismic_bumps-bin",0,7,antihorn,1,"{""AntiHorn"": 55}","antihorn","StructuralAntiHorn"
"seismic_bumps-bin",0,7,square2cnf,1,"{""Square2Cnf"": 49}","two_sat","TwoSat"
"seismic_bumps-bin",0,7,affine,1,"{""Affine"": 21}","affine_gf2","Gf2Gaussian"
"seismic_bumps-bin",0,7,smart_certified,5,"{""Affine"": 6, ""AntiHorn"": 2, ""Horn"": 1, ""Unary"": 39}","uncommitted|horn|antihorn|affine_gf2","Gf2Gaussian|StructuralAntiHorn|StructuralHorn"
"seismic_bumps-bin",0,7,cals,5,"{}","uncommitted","StructuralHorn"
"seismic_bumps-bin",0,7,cals_compact_explain,5,"{}","uncommitted","StructuralHorn"
"seismic_bumps-bin",1,5,unary,1,"{""Unary"": 23}","uncommitted","StructuralHorn"
"seismic_bumps-bin",1,5,horn,1,"{""Horn"": 23}","horn","StructuralHorn"
"seismic_bumps-bin",1,5,antihorn,1,"{""AntiHorn"": 25}","antihorn","StructuralAntiHorn"
"seismic_bumps-bin",1,5,square2cnf,1,"{""Square2Cnf"": 24}","two_sat","TwoSat"
"seismic_bumps-bin",1,5,affine,1,"{""Affine"": 15}","affine_gf2","Gf2Gaussian"
"seismic_bumps-bin",1,5,smart_certified,5,"{""Affine"": 1, ""Unary"": 22}","uncommitted|affine_gf2","Gf2Gaussian|StructuralHorn"
"seismic_bumps-bin",1,5,cals,5,"{}","uncommitted","StructuralHorn"
"seismic_bumps-bin",1,5,cals_compact_explain,5,"{}","uncommitted","StructuralHorn"
"seismic_bumps-bin",1,7,unary,1,"{""Unary"": 56}","uncommitted","StructuralHorn"
"seismic_bumps-bin",1,7,horn,1,"{""Horn"": 47}","horn","StructuralHorn"
"seismic_bumps-bin",1,7,antihorn,1,"{""AntiHorn"": 57}","antihorn","StructuralAntiHorn"
"seismic_bumps-bin",1,7,square2cnf,1,"{""Square2Cnf"": 49}","two_sat","TwoSat"
"seismic_bumps-bin",1,7,affine,1,"{""Affine"": 36}","affine_gf2","Gf2Gaussian"
"seismic_bumps-bin",1,7,smart_certified,5,"{""Affine"": 6, ""AntiHorn"": 1, ""Horn"": 4, ""Square2Cnf"": 1, ""Unary"": 43}","uncommitted|horn|antihorn|two_sat|affine_gf2","Gf2Gaussian|StructuralAntiHorn|StructuralHorn|TwoSat"
"seismic_bumps-bin",1,7,cals,5,"{}","uncommitted","StructuralHorn"
"seismic_bumps-bin",1,7,cals_compact_explain,5,"{}","uncommitted","StructuralHorn"
"seismic_bumps-bin",2,5,unary,1,"{""Unary"": 25}","uncommitted","StructuralHorn"
"seismic_bumps-bin",2,5,horn,1,"{""Horn"": 25}","horn","StructuralHorn"
"seismic_bumps-bin",2,5,antihorn,1,"{""AntiHorn"": 23}","antihorn","StructuralAntiHorn"
"seismic_bumps-bin",2,5,square2cnf,1,"{""Square2Cnf"": 24}","two_sat","TwoSat"
"seismic_bumps-bin",2,5,affine,1,"{""Affine"": 25}","affine_gf2","Gf2Gaussian"
"seismic_bumps-bin",2,5,smart_certified,5,"{""Affine"": 2, ""Horn"": 1, ""Unary"": 22}","uncommitted|horn|affine_gf2","Gf2Gaussian|StructuralHorn"
"seismic_bumps-bin",2,5,cals,5,"{}","uncommitted","StructuralHorn"
"seismic_bumps-bin",2,5,cals_compact_explain,5,"{}","uncommitted","StructuralHorn"
"seismic_bumps-bin",2,7,unary,1,"{""Unary"": 54}","uncommitted","StructuralHorn"
"seismic_bumps-bin",2,7,horn,1,"{""Horn"": 60}","horn","StructuralHorn"
"seismic_bumps-bin",2,7,antihorn,1,"{""AntiHorn"": 52}","antihorn","StructuralAntiHorn"
"seismic_bumps-bin",2,7,square2cnf,1,"{""Square2Cnf"": 55}","two_sat","TwoSat"
"seismic_bumps-bin",2,7,affine,1,"{""Affine"": 51}","affine_gf2","Gf2Gaussian"
"seismic_bumps-bin",2,7,smart_certified,5,"{""Affine"": 5, ""Horn"": 6, ""Unary"": 39}","uncommitted|horn|affine_gf2","Gf2Gaussian|StructuralHorn"
"seismic_bumps-bin",2,7,cals,5,"{}","uncommitted","StructuralHorn"
"seismic_bumps-bin",2,7,cals_compact_explain,5,"{}","uncommitted","StructuralHorn"
"seismic_bumps-bin",3,5,unary,1,"{""Unary"": 20}","uncommitted","StructuralHorn"
"seismic_bumps-bin",3,5,horn,1,"{""Horn"": 25}","horn","StructuralHorn"
"seismic_bumps-bin",3,5,antihorn,1,"{""AntiHorn"": 24}","antihorn","StructuralAntiHorn"
"seismic_bumps-bin",3,5,square2cnf,1,"{""Square2Cnf"": 24}","two_sat","TwoSat"
"seismic_bumps-bin",3,5,affine,1,"{""Affine"": 23}","affine_gf2","Gf2Gaussian"
"seismic_bumps-bin",3,5,smart_certified,5,"{""Horn"": 1, ""Unary"": 19}","uncommitted|horn","StructuralHorn"
"seismic_bumps-bin",3,5,cals,5,"{}","uncommitted","StructuralHorn"
"seismic_bumps-bin",3,5,cals_compact_explain,5,"{}","uncommitted","StructuralHorn"
"seismic_bumps-bin",3,7,unary,1,"{""Unary"": 45}","uncommitted","StructuralHorn"
"seismic_bumps-bin",3,7,horn,1,"{""Horn"": 52}","horn","StructuralHorn"
"seismic_bumps-bin",3,7,antihorn,1,"{""AntiHorn"": 49}","antihorn","StructuralAntiHorn"
"seismic_bumps-bin",3,7,square2cnf,1,"{""Square2Cnf"": 49}","two_sat","TwoSat"
"seismic_bumps-bin",3,7,affine,1,"{""Affine"": 47}","affine_gf2","Gf2Gaussian"
"seismic_bumps-bin",3,7,smart_certified,5,"{""Affine"": 1, ""Horn"": 5, ""Unary"": 38}","uncommitted|horn|affine_gf2","Gf2Gaussian|StructuralHorn"
"seismic_bumps-bin",3,7,cals,5,"{}","uncommitted","StructuralHorn"
"seismic_bumps-bin",3,7,cals_compact_explain,5,"{}","uncommitted","StructuralHorn"
"seismic_bumps-bin",4,5,unary,1,"{""Unary"": 24}","uncommitted","StructuralHorn"
"seismic_bumps-bin",4,5,horn,1,"{""Horn"": 25}","horn","StructuralHorn"
"seismic_bumps-bin",4,5,antihorn,1,"{""AntiHorn"": 27}","antihorn","StructuralAntiHorn"
"seismic_bumps-bin",4,5,square2cnf,1,"{""Square2Cnf"": 22}","two_sat","TwoSat"
"seismic_bumps-bin",4,5,affine,1,"{""Affine"": 21}","affine_gf2","Gf2Gaussian"
"seismic_bumps-bin",4,5,smart_certified,5,"{""Affine"": 2, ""Unary"": 22}","uncommitted|affine_gf2","Gf2Gaussian|StructuralHorn"
"seismic_bumps-bin",4,5,cals,5,"{}","uncommitted","StructuralHorn"
"seismic_bumps-bin",4,5,cals_compact_explain,5,"{}","uncommitted","StructuralHorn"
"seismic_bumps-bin",4,7,unary,1,"{""Unary"": 52}","uncommitted","StructuralHorn"
"seismic_bumps-bin",4,7,horn,1,"{""Horn"": 60}","horn","StructuralHorn"
"seismic_bumps-bin",4,7,antihorn,1,"{""AntiHorn"": 56}","antihorn","StructuralAntiHorn"
"seismic_bumps-bin",4,7,square2cnf,1,"{""Square2Cnf"": 50}","two_sat","TwoSat"
"seismic_bumps-bin",4,7,affine,1,"{""Affine"": 47}","affine_gf2","Gf2Gaussian"
"seismic_bumps-bin",4,7,smart_certified,5,"{""Affine"": 5, ""Horn"": 4, ""Unary"": 43}","uncommitted|horn|affine_gf2","Gf2Gaussian|StructuralHorn"
"seismic_bumps-bin",4,7,cals,5,"{}","uncommitted","StructuralHorn"
"seismic_bumps-bin",4,7,cals_compact_explain,5,"{}","uncommitted","StructuralHorn"
"seismic_bumps-bin",5,5,unary,1,"{""Unary"": 27}","uncommitted","StructuralHorn"
"seismic_bumps-bin",5,5,horn,1,"{""Horn"": 24}","horn","StructuralHorn"
"seismic_bumps-bin",5,5,antihorn,1,"{""AntiHorn"": 27}","antihorn","StructuralAntiHorn"
"seismic_bumps-bin",5,5,square2cnf,1,"{""Square2Cnf"": 27}","two_sat","TwoSat"
"seismic_bumps-bin",5,5,affine,1,"{""Affine"": 13}","affine_gf2","Gf2Gaussian"
"seismic_bumps-bin",5,5,smart_certified,5,"{""Affine"": 2, ""AntiHorn"": 1, ""Horn"": 2, ""Unary"": 22}","uncommitted|horn|antihorn|affine_gf2","Gf2Gaussian|StructuralAntiHorn|StructuralHorn"
"seismic_bumps-bin",5,5,cals,5,"{}","uncommitted","StructuralHorn"
"seismic_bumps-bin",5,5,cals_compact_explain,5,"{}","uncommitted","StructuralHorn"
"seismic_bumps-bin",5,7,unary,1,"{""Unary"": 60}","uncommitted","StructuralHorn"
"seismic_bumps-bin",5,7,horn,1,"{""Horn"": 48}","horn","StructuralHorn"
"seismic_bumps-bin",5,7,antihorn,1,"{""AntiHorn"": 54}","antihorn","StructuralAntiHorn"
"seismic_bumps-bin",5,7,square2cnf,1,"{""Square2Cnf"": 57}","two_sat","TwoSat"
"seismic_bumps-bin",5,7,affine,1,"{""Affine"": 27}","affine_gf2","Gf2Gaussian"
"seismic_bumps-bin",5,7,smart_certified,5,"{""Affine"": 7, ""AntiHorn"": 1, ""Horn"": 6, ""Unary"": 41}","uncommitted|horn|antihorn|affine_gf2","Gf2Gaussian|StructuralAntiHorn|StructuralHorn"
"seismic_bumps-bin",5,7,cals,5,"{}","uncommitted","StructuralHorn"
"seismic_bumps-bin",5,7,cals_compact_explain,5,"{}","uncommitted","StructuralHorn"
"seismic_bumps-bin",6,5,unary,1,"{""Unary"": 18}","uncommitted","StructuralHorn"
"seismic_bumps-bin",6,5,horn,1,"{""Horn"": 20}","horn","StructuralHorn"
"seismic_bumps-bin",6,5,antihorn,1,"{""AntiHorn"": 22}","antihorn","StructuralAntiHorn"
"seismic_bumps-bin",6,5,square2cnf,1,"{""Square2Cnf"": 19}","two_sat","TwoSat"
"seismic_bumps-bin",6,5,affine,1,"{""Affine"": 21}","affine_gf2","Gf2Gaussian"
"seismic_bumps-bin",6,5,smart_certified,5,"{""Affine"": 1, ""Horn"": 1, ""Unary"": 16}","uncommitted|horn|affine_gf2","Gf2Gaussian|StructuralHorn"
"seismic_bumps-bin",6,5,cals,5,"{}","uncommitted","StructuralHorn"
"seismic_bumps-bin",6,5,cals_compact_explain,5,"{}","uncommitted","StructuralHorn"
"seismic_bumps-bin",6,7,unary,1,"{""Unary"": 40}","uncommitted","StructuralHorn"
"seismic_bumps-bin",6,7,horn,1,"{""Horn"": 37}","horn","StructuralHorn"
"seismic_bumps-bin",6,7,antihorn,1,"{""AntiHorn"": 53}","antihorn","StructuralAntiHorn"
"seismic_bumps-bin",6,7,square2cnf,1,"{""Square2Cnf"": 43}","two_sat","TwoSat"
"seismic_bumps-bin",6,7,affine,1,"{""Affine"": 39}","affine_gf2","Gf2Gaussian"
"seismic_bumps-bin",6,7,smart_certified,5,"{""Affine"": 2, ""AntiHorn"": 2, ""Horn"": 5, ""Unary"": 29}","uncommitted|horn|antihorn|affine_gf2","Gf2Gaussian|StructuralAntiHorn|StructuralHorn"
"seismic_bumps-bin",6,7,cals,5,"{}","uncommitted","StructuralHorn"
"seismic_bumps-bin",6,7,cals_compact_explain,5,"{}","uncommitted","StructuralHorn"
"seismic_bumps-bin",7,5,unary,1,"{""Unary"": 25}","uncommitted","StructuralHorn"
"seismic_bumps-bin",7,5,horn,1,"{""Horn"": 23}","horn","StructuralHorn"
"seismic_bumps-bin",7,5,antihorn,1,"{""AntiHorn"": 24}","antihorn","StructuralAntiHorn"
"seismic_bumps-bin",7,5,square2cnf,1,"{""Square2Cnf"": 26}","two_sat","TwoSat"
"seismic_bumps-bin",7,5,affine,1,"{""Affine"": 15}","affine_gf2","Gf2Gaussian"
"seismic_bumps-bin",7,5,smart_certified,5,"{""Horn"": 2, ""Unary"": 22}","uncommitted|horn","StructuralHorn"
"seismic_bumps-bin",7,5,cals,5,"{}","uncommitted","StructuralHorn"
"seismic_bumps-bin",7,5,cals_compact_explain,5,"{}","uncommitted","StructuralHorn"
"seismic_bumps-bin",7,7,unary,1,"{""Unary"": 55}","uncommitted","StructuralHorn"
"seismic_bumps-bin",7,7,horn,1,"{""Horn"": 54}","horn","StructuralHorn"
"seismic_bumps-bin",7,7,antihorn,1,"{""AntiHorn"": 56}","antihorn","StructuralAntiHorn"
"seismic_bumps-bin",7,7,square2cnf,1,"{""Square2Cnf"": 58}","two_sat","TwoSat"
"seismic_bumps-bin",7,7,affine,1,"{""Affine"": 26}","affine_gf2","Gf2Gaussian"
"seismic_bumps-bin",7,7,smart_certified,5,"{""Affine"": 2, ""AntiHorn"": 1, ""Horn"": 7, ""Unary"": 44}","uncommitted|horn|antihorn|affine_gf2","Gf2Gaussian|StructuralAntiHorn|StructuralHorn"
"seismic_bumps-bin",7,7,cals,5,"{}","uncommitted","StructuralHorn"
"seismic_bumps-bin",7,7,cals_compact_explain,5,"{}","uncommitted","StructuralHorn"
"seismic_bumps-bin",8,5,unary,1,"{""Unary"": 23}","uncommitted","StructuralHorn"
"seismic_bumps-bin",8,5,horn,1,"{""Horn"": 26}","horn","StructuralHorn"
"seismic_bumps-bin",8,5,antihorn,1,"{""AntiHorn"": 23}","antihorn","StructuralAntiHorn"
"seismic_bumps-bin",8,5,square2cnf,1,"{""Square2Cnf"": 25}","two_sat","TwoSat"
"seismic_bumps-bin",8,5,affine,1,"{""Affine"": 23}","affine_gf2","Gf2Gaussian"
"seismic_bumps-bin",8,5,smart_certified,5,"{""AntiHorn"": 1, ""Horn"": 3, ""Unary"": 20}","uncommitted|horn|antihorn","StructuralAntiHorn|StructuralHorn"
"seismic_bumps-bin",8,5,cals,5,"{""Horn"": 4, ""Unary"": 1}","horn","StructuralHorn"
"seismic_bumps-bin",8,5,cals_compact_explain,5,"{}","uncommitted","StructuralHorn"
"seismic_bumps-bin",8,7,unary,1,"{""Unary"": 48}","uncommitted","StructuralHorn"
"seismic_bumps-bin",8,7,horn,1,"{""Horn"": 56}","horn","StructuralHorn"
"seismic_bumps-bin",8,7,antihorn,1,"{""AntiHorn"": 47}","antihorn","StructuralAntiHorn"
"seismic_bumps-bin",8,7,square2cnf,1,"{""Square2Cnf"": 51}","two_sat","TwoSat"
"seismic_bumps-bin",8,7,affine,1,"{""Affine"": 48}","affine_gf2","Gf2Gaussian"
"seismic_bumps-bin",8,7,smart_certified,5,"{""Affine"": 2, ""AntiHorn"": 1, ""Horn"": 3, ""Unary"": 43}","uncommitted|horn|antihorn|affine_gf2","Gf2Gaussian|StructuralAntiHorn|StructuralHorn"
"seismic_bumps-bin",8,7,cals,5,"{""Horn"": 4, ""Unary"": 1}","horn","StructuralHorn"
"seismic_bumps-bin",8,7,cals_compact_explain,5,"{}","uncommitted","StructuralHorn"
"seismic_bumps-bin",9,5,unary,1,"{""Unary"": 23}","uncommitted","StructuralHorn"
"seismic_bumps-bin",9,5,horn,1,"{""Horn"": 24}","horn","StructuralHorn"
"seismic_bumps-bin",9,5,antihorn,1,"{""AntiHorn"": 26}","antihorn","StructuralAntiHorn"
"seismic_bumps-bin",9,5,square2cnf,1,"{""Square2Cnf"": 25}","two_sat","TwoSat"
"seismic_bumps-bin",9,5,affine,1,"{""Affine"": 26}","affine_gf2","Gf2Gaussian"
"seismic_bumps-bin",9,5,smart_certified,5,"{""Affine"": 2, ""Horn"": 1, ""Unary"": 20}","uncommitted|horn|affine_gf2","Gf2Gaussian|StructuralHorn"
"seismic_bumps-bin",9,5,cals,5,"{}","uncommitted","StructuralHorn"
"seismic_bumps-bin",9,5,cals_compact_explain,5,"{}","uncommitted","StructuralHorn"
"seismic_bumps-bin",9,7,unary,1,"{""Unary"": 61}","uncommitted","StructuralHorn"
"seismic_bumps-bin",9,7,horn,1,"{""Horn"": 52}","horn","StructuralHorn"
"seismic_bumps-bin",9,7,antihorn,1,"{""AntiHorn"": 55}","antihorn","StructuralAntiHorn"
"seismic_bumps-bin",9,7,square2cnf,1,"{""Square2Cnf"": 61}","two_sat","TwoSat"
"seismic_bumps-bin",9,7,affine,1,"{""Affine"": 50}","affine_gf2","Gf2Gaussian"
"seismic_bumps-bin",9,7,smart_certified,5,"{""Affine"": 7, ""Horn"": 6, ""Unary"": 46}","uncommitted|horn|affine_gf2","Gf2Gaussian|StructuralHorn"
"seismic_bumps-bin",9,7,cals,5,"{}","uncommitted","StructuralHorn"
"seismic_bumps-bin",9,7,cals_compact_explain,5,"{}","uncommitted","StructuralHorn"
"soybean",0,5,unary,1,"{""Unary"": 13}","uncommitted","StructuralHorn"
"soybean",0,5,horn,1,"{""Horn"": 16}","horn","StructuralHorn"
"soybean",0,5,antihorn,1,"{""AntiHorn"": 18}","antihorn","StructuralAntiHorn"
"soybean",0,5,square2cnf,1,"{""Square2Cnf"": 15}","two_sat","TwoSat"
"soybean",0,5,affine,1,"{""Affine"": 9}","affine_gf2","Gf2Gaussian"
"soybean",0,5,smart_certified,5,"{""AntiHorn"": 2, ""Horn"": 1, ""Unary"": 8}","uncommitted|horn|antihorn","StructuralAntiHorn|StructuralHorn"
"soybean",0,5,cals,5,"{""Square2Cnf"": 4, ""Unary"": 1}","two_sat","TwoSat"
"soybean",0,5,cals_compact_explain,5,"{""Square2Cnf"": 10, ""Unary"": 1}","two_sat","TwoSat"
"soybean",0,7,unary,1,"{""Unary"": 26}","uncommitted","StructuralHorn"
"soybean",0,7,horn,1,"{""Horn"": 20}","horn","StructuralHorn"
"soybean",0,7,antihorn,1,"{""AntiHorn"": 26}","antihorn","StructuralAntiHorn"
"soybean",0,7,square2cnf,1,"{""Square2Cnf"": 20}","two_sat","TwoSat"
"soybean",0,7,affine,1,"{""Affine"": 18}","affine_gf2","Gf2Gaussian"
"soybean",0,7,smart_certified,5,"{""AntiHorn"": 3, ""Horn"": 2, ""Unary"": 14}","uncommitted|horn|antihorn","StructuralAntiHorn|StructuralHorn"
"soybean",0,7,cals,5,"{""Square2Cnf"": 4, ""Unary"": 1}","two_sat","TwoSat"
"soybean",0,7,cals_compact_explain,5,"{""Square2Cnf"": 11, ""Unary"": 2}","two_sat","TwoSat"
"soybean",1,5,unary,1,"{""Unary"": 14}","uncommitted","StructuralHorn"
"soybean",1,5,horn,1,"{""Horn"": 21}","horn","StructuralHorn"
"soybean",1,5,antihorn,1,"{""AntiHorn"": 19}","antihorn","StructuralAntiHorn"
"soybean",1,5,square2cnf,1,"{""Square2Cnf"": 14}","two_sat","TwoSat"
"soybean",1,5,affine,1,"{""Affine"": 9}","affine_gf2","Gf2Gaussian"
"soybean",1,5,smart_certified,5,"{""Affine"": 1, ""Horn"": 2, ""Unary"": 9}","uncommitted|horn|affine_gf2","Gf2Gaussian|StructuralHorn"
"soybean",1,5,cals,5,"{""Square2Cnf"": 3, ""Unary"": 1}","two_sat","TwoSat"
"soybean",1,5,cals_compact_explain,5,"{""Square2Cnf"": 2, ""Unary"": 1}","two_sat","TwoSat"
"soybean",1,7,unary,1,"{""Unary"": 27}","uncommitted","StructuralHorn"
"soybean",1,7,horn,1,"{""Horn"": 29}","horn","StructuralHorn"
"soybean",1,7,antihorn,1,"{""AntiHorn"": 28}","antihorn","StructuralAntiHorn"
"soybean",1,7,square2cnf,1,"{""Square2Cnf"": 20}","two_sat","TwoSat"
"soybean",1,7,affine,1,"{""Affine"": 18}","affine_gf2","Gf2Gaussian"
"soybean",1,7,smart_certified,5,"{""Affine"": 2, ""Horn"": 2, ""Unary"": 14}","uncommitted|horn|affine_gf2","Gf2Gaussian|StructuralHorn"
"soybean",1,7,cals,5,"{""Square2Cnf"": 3, ""Unary"": 1}","two_sat","TwoSat"
"soybean",1,7,cals_compact_explain,5,"{""Square2Cnf"": 2, ""Unary"": 1}","two_sat","TwoSat"
"soybean",2,5,unary,1,"{""Unary"": 9}","uncommitted","StructuralHorn"
"soybean",2,5,horn,1,"{""Horn"": 13}","horn","StructuralHorn"
"soybean",2,5,antihorn,1,"{""AntiHorn"": 15}","antihorn","StructuralAntiHorn"
"soybean",2,5,square2cnf,1,"{""Square2Cnf"": 14}","two_sat","TwoSat"
"soybean",2,5,affine,1,"{""Affine"": 17}","affine_gf2","Gf2Gaussian"
"soybean",2,5,smart_certified,5,"{""Affine"": 1, ""Horn"": 3, ""Unary"": 5}","uncommitted|horn|affine_gf2","Gf2Gaussian|StructuralHorn"
"soybean",2,5,cals,5,"{""Square2Cnf"": 7}","two_sat","TwoSat"
"soybean",2,5,cals_compact_explain,5,"{""Square2Cnf"": 4, ""Unary"": 3}","two_sat","TwoSat"
"soybean",2,7,unary,1,"{""Unary"": 17}","uncommitted","StructuralHorn"
"soybean",2,7,horn,1,"{""Horn"": 20}","horn","StructuralHorn"
"soybean",2,7,antihorn,1,"{""AntiHorn"": 20}","antihorn","StructuralAntiHorn"
"soybean",2,7,square2cnf,1,"{""Square2Cnf"": 19}","two_sat","TwoSat"
"soybean",2,7,affine,1,"{""Affine"": 24}","affine_gf2","Gf2Gaussian"
"soybean",2,7,smart_certified,5,"{""Affine"": 2, ""Horn"": 4, ""Unary"": 10}","uncommitted|horn|affine_gf2","Gf2Gaussian|StructuralHorn"
"soybean",2,7,cals,5,"{""Square2Cnf"": 7}","two_sat","TwoSat"
"soybean",2,7,cals_compact_explain,5,"{""Square2Cnf"": 8, ""Unary"": 4}","two_sat","TwoSat"
"soybean",3,5,unary,1,"{""Unary"": 11}","uncommitted","StructuralHorn"
"soybean",3,5,horn,1,"{""Horn"": 14}","horn","StructuralHorn"
"soybean",3,5,antihorn,1,"{""AntiHorn"": 16}","antihorn","StructuralAntiHorn"
"soybean",3,5,square2cnf,1,"{""Square2Cnf"": 15}","two_sat","TwoSat"
"soybean",3,5,affine,1,"{""Affine"": 12}","affine_gf2","Gf2Gaussian"
"soybean",3,5,smart_certified,5,"{""AntiHorn"": 2, ""Horn"": 1, ""Unary"": 8}","uncommitted|horn|antihorn","StructuralAntiHorn|StructuralHorn"
"soybean",3,5,cals,5,"{""Square2Cnf"": 4}","two_sat","TwoSat"
"soybean",3,5,cals_compact_explain,5,"{""Square2Cnf"": 3}","two_sat","TwoSat"
"soybean",3,7,unary,1,"{""Unary"": 19}","uncommitted","StructuralHorn"
"soybean",3,7,horn,1,"{""Horn"": 22}","horn","StructuralHorn"
"soybean",3,7,antihorn,1,"{""AntiHorn"": 25}","antihorn","StructuralAntiHorn"
"soybean",3,7,square2cnf,1,"{""Square2Cnf"": 22}","two_sat","TwoSat"
"soybean",3,7,affine,1,"{""Affine"": 21}","affine_gf2","Gf2Gaussian"
"soybean",3,7,smart_certified,5,"{""AntiHorn"": 6, ""Horn"": 1, ""Unary"": 15}","uncommitted|horn|antihorn","StructuralAntiHorn|StructuralHorn"
"soybean",3,7,cals,5,"{""Square2Cnf"": 8, ""Unary"": 1}","two_sat","TwoSat"
"soybean",3,7,cals_compact_explain,5,"{""Square2Cnf"": 3}","two_sat","TwoSat"
"soybean",4,5,unary,1,"{""Unary"": 11}","uncommitted","StructuralHorn"
"soybean",4,5,horn,1,"{""Horn"": 16}","horn","StructuralHorn"
"soybean",4,5,antihorn,1,"{""AntiHorn"": 18}","antihorn","StructuralAntiHorn"
"soybean",4,5,square2cnf,1,"{""Square2Cnf"": 17}","two_sat","TwoSat"
"soybean",4,5,affine,1,"{""Affine"": 16}","affine_gf2","Gf2Gaussian"
"soybean",4,5,smart_certified,5,"{""AntiHorn"": 3, ""Horn"": 1, ""Unary"": 8}","uncommitted|horn|antihorn","StructuralAntiHorn|StructuralHorn"
"soybean",4,5,cals,5,"{""Square2Cnf"": 5, ""Unary"": 2}","two_sat","TwoSat"
"soybean",4,5,cals_compact_explain,5,"{""Square2Cnf"": 6, ""Unary"": 3}","two_sat","TwoSat"
"soybean",4,7,unary,1,"{""Unary"": 24}","uncommitted","StructuralHorn"
"soybean",4,7,horn,1,"{""Horn"": 23}","horn","StructuralHorn"
"soybean",4,7,antihorn,1,"{""AntiHorn"": 25}","antihorn","StructuralAntiHorn"
"soybean",4,7,square2cnf,1,"{""Square2Cnf"": 23}","two_sat","TwoSat"
"soybean",4,7,affine,1,"{""Affine"": 22}","affine_gf2","Gf2Gaussian"
"soybean",4,7,smart_certified,5,"{""AntiHorn"": 5, ""Horn"": 1, ""Unary"": 17}","uncommitted|horn|antihorn","StructuralAntiHorn|StructuralHorn"
"soybean",4,7,cals,5,"{""Square2Cnf"": 5, ""Unary"": 2}","two_sat","TwoSat"
"soybean",4,7,cals_compact_explain,5,"{""Square2Cnf"": 8, ""Unary"": 3}","two_sat","TwoSat"
"soybean",5,5,unary,1,"{""Unary"": 10}","uncommitted","StructuralHorn"
"soybean",5,5,horn,1,"{""Horn"": 14}","horn","StructuralHorn"
"soybean",5,5,antihorn,1,"{""AntiHorn"": 15}","antihorn","StructuralAntiHorn"
"soybean",5,5,square2cnf,1,"{""Square2Cnf"": 15}","two_sat","TwoSat"
"soybean",5,5,affine,1,"{""Affine"": 12}","affine_gf2","Gf2Gaussian"
"soybean",5,5,smart_certified,5,"{""Affine"": 2, ""Horn"": 1, ""Unary"": 9}","uncommitted|horn|affine_gf2","Gf2Gaussian|StructuralHorn"
"soybean",5,5,cals,5,"{""Square2Cnf"": 6}","two_sat","TwoSat"
"soybean",5,5,cals_compact_explain,5,"{""Square2Cnf"": 5}","two_sat","TwoSat"
"soybean",5,7,unary,1,"{""Unary"": 21}","uncommitted","StructuralHorn"
"soybean",5,7,horn,1,"{""Horn"": 21}","horn","StructuralHorn"
"soybean",5,7,antihorn,1,"{""AntiHorn"": 25}","antihorn","StructuralAntiHorn"
"soybean",5,7,square2cnf,1,"{""Square2Cnf"": 18}","two_sat","TwoSat"
"soybean",5,7,affine,1,"{""Affine"": 21}","affine_gf2","Gf2Gaussian"
"soybean",5,7,smart_certified,5,"{""Affine"": 5, ""Horn"": 2, ""Unary"": 15}","uncommitted|horn|affine_gf2","Gf2Gaussian|StructuralHorn"
"soybean",5,7,cals,5,"{""Square2Cnf"": 6}","two_sat","TwoSat"
"soybean",5,7,cals_compact_explain,5,"{""Square2Cnf"": 5}","two_sat","TwoSat"
"soybean",6,5,unary,1,"{""Unary"": 12}","uncommitted","StructuralHorn"
"soybean",6,5,horn,1,"{""Horn"": 15}","horn","StructuralHorn"
"soybean",6,5,antihorn,1,"{""AntiHorn"": 17}","antihorn","StructuralAntiHorn"
"soybean",6,5,square2cnf,1,"{""Square2Cnf"": 13}","two_sat","TwoSat"
"soybean",6,5,affine,1,"{""Affine"": 11}","affine_gf2","Gf2Gaussian"
"soybean",6,5,smart_certified,5,"{""AntiHorn"": 1, ""Unary"": 13}","uncommitted|antihorn","StructuralAntiHorn|StructuralHorn"
"soybean",6,5,cals,5,"{""Square2Cnf"": 5}","two_sat","TwoSat"
"soybean",6,5,cals_compact_explain,5,"{""Square2Cnf"": 3, ""Unary"": 2}","two_sat","TwoSat"
"soybean",6,7,unary,1,"{""Unary"": 19}","uncommitted","StructuralHorn"
"soybean",6,7,horn,1,"{""Horn"": 20}","horn","StructuralHorn"
"soybean",6,7,antihorn,1,"{""AntiHorn"": 25}","antihorn","StructuralAntiHorn"
"soybean",6,7,square2cnf,1,"{""Square2Cnf"": 21}","two_sat","TwoSat"
"soybean",6,7,affine,1,"{""Affine"": 24}","affine_gf2","Gf2Gaussian"
"soybean",6,7,smart_certified,5,"{""AntiHorn"": 2, ""Horn"": 1, ""Unary"": 21}","uncommitted|horn|antihorn","StructuralAntiHorn|StructuralHorn"
"soybean",6,7,cals,5,"{""Square2Cnf"": 5}","two_sat","TwoSat"
"soybean",6,7,cals_compact_explain,5,"{""Square2Cnf"": 3, ""Unary"": 2}","two_sat","TwoSat"
"soybean",7,5,unary,1,"{""Unary"": 12}","uncommitted","StructuralHorn"
"soybean",7,5,horn,1,"{""Horn"": 17}","horn","StructuralHorn"
"soybean",7,5,antihorn,1,"{""AntiHorn"": 19}","antihorn","StructuralAntiHorn"
"soybean",7,5,square2cnf,1,"{""Square2Cnf"": 17}","two_sat","TwoSat"
"soybean",7,5,affine,1,"{""Affine"": 11}","affine_gf2","Gf2Gaussian"
"soybean",7,5,smart_certified,5,"{""AntiHorn"": 1, ""Horn"": 2, ""Unary"": 7}","uncommitted|horn|antihorn","StructuralAntiHorn|StructuralHorn"
"soybean",7,5,cals,5,"{""Square2Cnf"": 3}","two_sat","TwoSat"
"soybean",7,5,cals_compact_explain,5,"{""Square2Cnf"": 4}","two_sat","TwoSat"
"soybean",7,7,unary,1,"{""Unary"": 25}","uncommitted","StructuralHorn"
"soybean",7,7,horn,1,"{""Horn"": 24}","horn","StructuralHorn"
"soybean",7,7,antihorn,1,"{""AntiHorn"": 27}","antihorn","StructuralAntiHorn"
"soybean",7,7,square2cnf,1,"{""Square2Cnf"": 23}","two_sat","TwoSat"
"soybean",7,7,affine,1,"{""Affine"": 20}","affine_gf2","Gf2Gaussian"
"soybean",7,7,smart_certified,5,"{""AntiHorn"": 3, ""Horn"": 2, ""Unary"": 12}","uncommitted|horn|antihorn","StructuralAntiHorn|StructuralHorn"
"soybean",7,7,cals,5,"{""Square2Cnf"": 5, ""Unary"": 3}","two_sat","TwoSat"
"soybean",7,7,cals_compact_explain,5,"{""Square2Cnf"": 4}","two_sat","TwoSat"
"soybean",8,5,unary,1,"{""Unary"": 11}","uncommitted","StructuralHorn"
"soybean",8,5,horn,1,"{""Horn"": 13}","horn","StructuralHorn"
"soybean",8,5,antihorn,1,"{""AntiHorn"": 18}","antihorn","StructuralAntiHorn"
"soybean",8,5,square2cnf,1,"{""Square2Cnf"": 14}","two_sat","TwoSat"
"soybean",8,5,affine,1,"{""Affine"": 12}","affine_gf2","Gf2Gaussian"
"soybean",8,5,smart_certified,5,"{""Affine"": 1, ""AntiHorn"": 2, ""Unary"": 9}","uncommitted|antihorn|affine_gf2","Gf2Gaussian|StructuralAntiHorn|StructuralHorn"
"soybean",8,5,cals,5,"{""Square2Cnf"": 6, ""Unary"": 1}","two_sat","TwoSat"
"soybean",8,5,cals_compact_explain,5,"{""Square2Cnf"": 5, ""Unary"": 3}","two_sat","TwoSat"
"soybean",8,7,unary,1,"{""Unary"": 24}","uncommitted","StructuralHorn"
"soybean",8,7,horn,1,"{""Horn"": 22}","horn","StructuralHorn"
"soybean",8,7,antihorn,1,"{""AntiHorn"": 28}","antihorn","StructuralAntiHorn"
"soybean",8,7,square2cnf,1,"{""Square2Cnf"": 20}","two_sat","TwoSat"
"soybean",8,7,affine,1,"{""Affine"": 18}","affine_gf2","Gf2Gaussian"
"soybean",8,7,smart_certified,5,"{""Affine"": 4, ""AntiHorn"": 3, ""Unary"": 17}","uncommitted|antihorn|affine_gf2","Gf2Gaussian|StructuralAntiHorn|StructuralHorn"
"soybean",8,7,cals,5,"{""Square2Cnf"": 6, ""Unary"": 1}","two_sat","TwoSat"
"soybean",8,7,cals_compact_explain,5,"{""Square2Cnf"": 5, ""Unary"": 3}","two_sat","TwoSat"
"soybean",9,5,unary,1,"{""Unary"": 12}","uncommitted","StructuralHorn"
"soybean",9,5,horn,1,"{""Horn"": 15}","horn","StructuralHorn"
"soybean",9,5,antihorn,1,"{""AntiHorn"": 19}","antihorn","StructuralAntiHorn"
"soybean",9,5,square2cnf,1,"{""Square2Cnf"": 12}","two_sat","TwoSat"
"soybean",9,5,affine,1,"{""Affine"": 9}","affine_gf2","Gf2Gaussian"
"soybean",9,5,smart_certified,5,"{""Affine"": 2, ""AntiHorn"": 1, ""Unary"": 8}","uncommitted|antihorn|affine_gf2","Gf2Gaussian|StructuralAntiHorn|StructuralHorn"
"soybean",9,5,cals,5,"{""Square2Cnf"": 6}","two_sat","TwoSat"
"soybean",9,5,cals_compact_explain,5,"{""Square2Cnf"": 1}","two_sat","TwoSat"
"soybean",9,7,unary,1,"{""Unary"": 24}","uncommitted","StructuralHorn"
"soybean",9,7,horn,1,"{""Horn"": 21}","horn","StructuralHorn"
"soybean",9,7,antihorn,1,"{""AntiHorn"": 24}","antihorn","StructuralAntiHorn"
"soybean",9,7,square2cnf,1,"{""Square2Cnf"": 17}","two_sat","TwoSat"
"soybean",9,7,affine,1,"{""Affine"": 18}","affine_gf2","Gf2Gaussian"
"soybean",9,7,smart_certified,5,"{""Affine"": 2, ""AntiHorn"": 2, ""Unary"": 14}","uncommitted|antihorn|affine_gf2","Gf2Gaussian|StructuralAntiHorn|StructuralHorn"
"soybean",9,7,cals,5,"{""Square2Cnf"": 6}","two_sat","TwoSat"
"soybean",9,7,cals_compact_explain,5,"{""Square2Cnf"": 1}","two_sat","TwoSat"
"splice-1",0,5,unary,1,"{""Unary"": 22}","uncommitted","StructuralHorn"
"splice-1",0,5,horn,1,"{""Horn"": 22}","horn","StructuralHorn"
"splice-1",0,5,antihorn,1,"{""AntiHorn"": 15}","antihorn","StructuralAntiHorn"
"splice-1",0,5,square2cnf,1,"{""Square2Cnf"": 15}","two_sat","TwoSat"
"splice-1",0,5,affine,1,"{""Affine"": 24}","affine_gf2","Gf2Gaussian"
"splice-1",0,5,smart_certified,5,"{""Square2Cnf"": 1, ""Unary"": 18}","two_sat","TwoSat"
"splice-1",0,5,cals,5,"{""Square2Cnf"": 5}","two_sat","TwoSat"
"splice-1",0,5,cals_compact_explain,5,"{""Square2Cnf"": 2}","two_sat","TwoSat"
"splice-1",0,7,unary,1,"{""Unary"": 48}","uncommitted","StructuralHorn"
"splice-1",0,7,horn,1,"{""Horn"": 36}","horn","StructuralHorn"
"splice-1",0,7,antihorn,1,"{""AntiHorn"": 30}","antihorn","StructuralAntiHorn"
"splice-1",0,7,square2cnf,1,"{""Square2Cnf"": 29}","two_sat","TwoSat"
"splice-1",0,7,affine,1,"{""Affine"": 55}","affine_gf2","Gf2Gaussian"
"splice-1",0,7,smart_certified,5,"{""Square2Cnf"": 5, ""Unary"": 33}","two_sat","TwoSat"
"splice-1",0,7,cals,5,"{""Square2Cnf"": 6}","two_sat","TwoSat"
"splice-1",0,7,cals_compact_explain,5,"{""Square2Cnf"": 2}","two_sat","TwoSat"
"splice-1",1,5,unary,1,"{""Unary"": 23}","uncommitted","StructuralHorn"
"splice-1",1,5,horn,1,"{""Horn"": 20}","horn","StructuralHorn"
"splice-1",1,5,antihorn,1,"{""AntiHorn"": 12}","antihorn","StructuralAntiHorn"
"splice-1",1,5,square2cnf,1,"{""Square2Cnf"": 18}","two_sat","TwoSat"
"splice-1",1,5,affine,1,"{""Affine"": 22}","affine_gf2","Gf2Gaussian"
"splice-1",1,5,smart_certified,5,"{""Square2Cnf"": 2, ""Unary"": 18}","two_sat","TwoSat"
"splice-1",1,5,cals,5,"{""Square2Cnf"": 8}","two_sat","TwoSat"
"splice-1",1,5,cals_compact_explain,5,"{""Square2Cnf"": 5}","two_sat","TwoSat"
"splice-1",1,7,unary,1,"{""Unary"": 48}","uncommitted","StructuralHorn"
"splice-1",1,7,horn,1,"{""Horn"": 36}","horn","StructuralHorn"
"splice-1",1,7,antihorn,1,"{""AntiHorn"": 25}","antihorn","StructuralAntiHorn"
"splice-1",1,7,square2cnf,1,"{""Square2Cnf"": 31}","two_sat","TwoSat"
"splice-1",1,7,affine,1,"{""Affine"": 50}","affine_gf2","Gf2Gaussian"
"splice-1",1,7,smart_certified,5,"{""Square2Cnf"": 7, ""Unary"": 30}","two_sat","TwoSat"
"splice-1",1,7,cals,5,"{""Square2Cnf"": 8}","two_sat","TwoSat"
"splice-1",1,7,cals_compact_explain,5,"{""Square2Cnf"": 6}","two_sat","TwoSat"
"splice-1",2,5,unary,1,"{""Unary"": 23}","uncommitted","StructuralHorn"
"splice-1",2,5,horn,1,"{""Horn"": 23}","horn","StructuralHorn"
"splice-1",2,5,antihorn,1,"{""AntiHorn"": 17}","antihorn","StructuralAntiHorn"
"splice-1",2,5,square2cnf,1,"{""Square2Cnf"": 20}","two_sat","TwoSat"
"splice-1",2,5,affine,1,"{""Affine"": 23}","affine_gf2","Gf2Gaussian"
"splice-1",2,5,smart_certified,5,"{""Square2Cnf"": 2, ""Unary"": 19}","two_sat","TwoSat"
"splice-1",2,5,cals,5,"{""Square2Cnf"": 8}","two_sat","TwoSat"
"splice-1",2,5,cals_compact_explain,5,"{""Square2Cnf"": 5}","two_sat","TwoSat"
"splice-1",2,7,unary,1,"{""Unary"": 56}","uncommitted","StructuralHorn"
"splice-1",2,7,horn,1,"{""Horn"": 45}","horn","StructuralHorn"
"splice-1",2,7,antihorn,1,"{""AntiHorn"": 38}","antihorn","StructuralAntiHorn"
"splice-1",2,7,square2cnf,1,"{""Square2Cnf"": 33}","two_sat","TwoSat"
"splice-1",2,7,affine,1,"{""Affine"": 54}","affine_gf2","Gf2Gaussian"
"splice-1",2,7,smart_certified,5,"{""Square2Cnf"": 3, ""Unary"": 42}","two_sat","TwoSat"
"splice-1",2,7,cals,5,"{""Square2Cnf"": 13}","two_sat","TwoSat"
"splice-1",2,7,cals_compact_explain,5,"{""Square2Cnf"": 5}","two_sat","TwoSat"
"splice-1",3,5,unary,1,"{""Unary"": 24}","uncommitted","StructuralHorn"
"splice-1",3,5,horn,1,"{""Horn"": 21}","horn","StructuralHorn"
"splice-1",3,5,antihorn,1,"{""AntiHorn"": 15}","antihorn","StructuralAntiHorn"
"splice-1",3,5,square2cnf,1,"{""Square2Cnf"": 15}","two_sat","TwoSat"
"splice-1",3,5,affine,1,"{""Affine"": 22}","affine_gf2","Gf2Gaussian"
"splice-1",3,5,smart_certified,5,"{""Square2Cnf"": 2, ""Unary"": 20}","two_sat","TwoSat"
"splice-1",3,5,cals,5,"{""Square2Cnf"": 2}","two_sat","TwoSat"
"splice-1",3,5,cals_compact_explain,5,"{""Square2Cnf"": 1}","two_sat","TwoSat"
"splice-1",3,7,unary,1,"{""Unary"": 53}","uncommitted","StructuralHorn"
"splice-1",3,7,horn,1,"{""Horn"": 37}","horn","StructuralHorn"
"splice-1",3,7,antihorn,1,"{""AntiHorn"": 30}","antihorn","StructuralAntiHorn"
"splice-1",3,7,square2cnf,1,"{""Square2Cnf"": 29}","two_sat","TwoSat"
"splice-1",3,7,affine,1,"{""Affine"": 52}","affine_gf2","Gf2Gaussian"
"splice-1",3,7,smart_certified,5,"{""Square2Cnf"": 3, ""Unary"": 47}","two_sat","TwoSat"
"splice-1",3,7,cals,5,"{""Square2Cnf"": 5, ""Unary"": 1}","two_sat","TwoSat"
"splice-1",3,7,cals_compact_explain,5,"{""Square2Cnf"": 1}","two_sat","TwoSat"
"splice-1",4,5,unary,1,"{""Unary"": 23}","uncommitted","StructuralHorn"
"splice-1",4,5,horn,1,"{""Horn"": 19}","horn","StructuralHorn"
"splice-1",4,5,antihorn,1,"{""AntiHorn"": 12}","antihorn","StructuralAntiHorn"
"splice-1",4,5,square2cnf,1,"{""Square2Cnf"": 19}","two_sat","TwoSat"
"splice-1",4,5,affine,1,"{""Affine"": 23}","affine_gf2","Gf2Gaussian"
"splice-1",4,5,smart_certified,5,"{""Square2Cnf"": 2, ""Unary"": 19}","two_sat","TwoSat"
"splice-1",4,5,cals,5,"{""Square2Cnf"": 7}","two_sat","TwoSat"
"splice-1",4,5,cals_compact_explain,5,"{""Square2Cnf"": 3, ""Unary"": 4}","two_sat","TwoSat"
"splice-1",4,7,unary,1,"{""Unary"": 46}","uncommitted","StructuralHorn"
"splice-1",4,7,horn,1,"{""Horn"": 33}","horn","StructuralHorn"
"splice-1",4,7,antihorn,1,"{""AntiHorn"": 25}","antihorn","StructuralAntiHorn"
"splice-1",4,7,square2cnf,1,"{""Square2Cnf"": 34}","two_sat","TwoSat"
"splice-1",4,7,affine,1,"{""Affine"": 50}","affine_gf2","Gf2Gaussian"
"splice-1",4,7,smart_certified,5,"{""Square2Cnf"": 6, ""Unary"": 35}","two_sat","TwoSat"
"splice-1",4,7,cals,5,"{""Square2Cnf"": 7}","two_sat","TwoSat"
"splice-1",4,7,cals_compact_explain,5,"{""Square2Cnf"": 3, ""Unary"": 5}","two_sat","TwoSat"
"splice-1",5,5,unary,1,"{""Unary"": 23}","uncommitted","StructuralHorn"
"splice-1",5,5,horn,1,"{""Horn"": 24}","horn","StructuralHorn"
"splice-1",5,5,antihorn,1,"{""AntiHorn"": 15}","antihorn","StructuralAntiHorn"
"splice-1",5,5,square2cnf,1,"{""Square2Cnf"": 21}","two_sat","TwoSat"
"splice-1",5,5,affine,1,"{""Affine"": 24}","affine_gf2","Gf2Gaussian"
"splice-1",5,5,smart_certified,5,"{""Square2Cnf"": 1, ""Unary"": 21}","two_sat","TwoSat"
"splice-1",5,5,cals,5,"{""Square2Cnf"": 4}","two_sat","TwoSat"
"splice-1",5,5,cals_compact_explain,5,"{""Square2Cnf"": 7}","two_sat","TwoSat"
"splice-1",5,7,unary,1,"{""Unary"": 46}","uncommitted","StructuralHorn"
"splice-1",5,7,horn,1,"{""Horn"": 36}","horn","StructuralHorn"
"splice-1",5,7,antihorn,1,"{""AntiHorn"": 30}","antihorn","StructuralAntiHorn"
"splice-1",5,7,square2cnf,1,"{""Square2Cnf"": 38}","two_sat","TwoSat"
"splice-1",5,7,affine,1,"{""Affine"": 55}","affine_gf2","Gf2Gaussian"
"splice-1",5,7,smart_certified,5,"{""Square2Cnf"": 3, ""Unary"": 40}","two_sat","TwoSat"
"splice-1",5,7,cals,5,"{""Square2Cnf"": 4}","two_sat","TwoSat"
"splice-1",5,7,cals_compact_explain,5,"{""Square2Cnf"": 9, ""Unary"": 2}","two_sat","TwoSat"
"splice-1",6,5,unary,1,"{""Unary"": 21}","uncommitted","StructuralHorn"
"splice-1",6,5,horn,1,"{""Horn"": 22}","horn","StructuralHorn"
"splice-1",6,5,antihorn,1,"{""AntiHorn"": 15}","antihorn","StructuralAntiHorn"
"splice-1",6,5,square2cnf,1,"{""Square2Cnf"": 18}","two_sat","TwoSat"
"splice-1",6,5,affine,1,"{""Affine"": 23}","affine_gf2","Gf2Gaussian"
"splice-1",6,5,smart_certified,5,"{""Square2Cnf"": 1, ""Unary"": 20}","two_sat","TwoSat"
"splice-1",6,5,cals,5,"{""Square2Cnf"": 3}","two_sat","TwoSat"
"splice-1",6,5,cals_compact_explain,5,"{""Square2Cnf"": 5}","two_sat","TwoSat"
"splice-1",6,7,unary,1,"{""Unary"": 42}","uncommitted","StructuralHorn"
"splice-1",6,7,horn,1,"{""Horn"": 36}","horn","StructuralHorn"
"splice-1",6,7,antihorn,1,"{""AntiHorn"": 28}","antihorn","StructuralAntiHorn"
"splice-1",6,7,square2cnf,1,"{""Square2Cnf"": 30}","two_sat","TwoSat"
"splice-1",6,7,affine,1,"{""Affine"": 55}","affine_gf2","Gf2Gaussian"
"splice-1",6,7,smart_certified,5,"{""Square2Cnf"": 4, ""Unary"": 41}","two_sat","TwoSat"
"splice-1",6,7,cals,5,"{""Square2Cnf"": 3}","two_sat","TwoSat"
"splice-1",6,7,cals_compact_explain,5,"{""Square2Cnf"": 8}","two_sat","TwoSat"
"splice-1",7,5,unary,1,"{""Unary"": 22}","uncommitted","StructuralHorn"
"splice-1",7,5,horn,1,"{""Horn"": 19}","horn","StructuralHorn"
"splice-1",7,5,antihorn,1,"{""AntiHorn"": 15}","antihorn","StructuralAntiHorn"
"splice-1",7,5,square2cnf,1,"{""Square2Cnf"": 16}","two_sat","TwoSat"
"splice-1",7,5,affine,1,"{""Affine"": 24}","affine_gf2","Gf2Gaussian"
"splice-1",7,5,smart_certified,5,"{""Square2Cnf"": 2, ""Unary"": 17}","two_sat","TwoSat"
"splice-1",7,5,cals,5,"{""Square2Cnf"": 5}","two_sat","TwoSat"
"splice-1",7,5,cals_compact_explain,5,"{""Square2Cnf"": 1}","two_sat","TwoSat"
"splice-1",7,7,unary,1,"{""Unary"": 55}","uncommitted","StructuralHorn"
"splice-1",7,7,horn,1,"{""Horn"": 32}","horn","StructuralHorn"
"splice-1",7,7,antihorn,1,"{""AntiHorn"": 30}","antihorn","StructuralAntiHorn"
"splice-1",7,7,square2cnf,1,"{""Square2Cnf"": 26}","two_sat","TwoSat"
"splice-1",7,7,affine,1,"{""Affine"": 54}","affine_gf2","Gf2Gaussian"
"splice-1",7,7,smart_certified,5,"{""Square2Cnf"": 7, ""Unary"": 36}","two_sat","TwoSat"
"splice-1",7,7,cals,5,"{""Square2Cnf"": 5}","two_sat","TwoSat"
"splice-1",7,7,cals_compact_explain,5,"{""Square2Cnf"": 1}","two_sat","TwoSat"
"splice-1",8,5,unary,1,"{""Unary"": 23}","uncommitted","StructuralHorn"
"splice-1",8,5,horn,1,"{""Horn"": 22}","horn","StructuralHorn"
"splice-1",8,5,antihorn,1,"{""AntiHorn"": 15}","antihorn","StructuralAntiHorn"
"splice-1",8,5,square2cnf,1,"{""Square2Cnf"": 16}","two_sat","TwoSat"
"splice-1",8,5,affine,1,"{""Affine"": 23}","affine_gf2","Gf2Gaussian"
"splice-1",8,5,smart_certified,5,"{""Square2Cnf"": 3, ""Unary"": 19}","two_sat","TwoSat"
"splice-1",8,5,cals,5,"{""Square2Cnf"": 8, ""Unary"": 1}","two_sat","TwoSat"
"splice-1",8,5,cals_compact_explain,5,"{""Square2Cnf"": 4, ""Unary"": 1}","two_sat","TwoSat"
"splice-1",8,7,unary,1,"{""Unary"": 55}","uncommitted","StructuralHorn"
"splice-1",8,7,horn,1,"{""Horn"": 41}","horn","StructuralHorn"
"splice-1",8,7,antihorn,1,"{""AntiHorn"": 32}","antihorn","StructuralAntiHorn"
"splice-1",8,7,square2cnf,1,"{""Square2Cnf"": 29}","two_sat","TwoSat"
"splice-1",8,7,affine,1,"{""Affine"": 55}","affine_gf2","Gf2Gaussian"
"splice-1",8,7,smart_certified,5,"{""Square2Cnf"": 8, ""Unary"": 36}","two_sat","TwoSat"
"splice-1",8,7,cals,5,"{""Square2Cnf"": 8, ""Unary"": 1}","two_sat","TwoSat"
"splice-1",8,7,cals_compact_explain,5,"{""Square2Cnf"": 4, ""Unary"": 1}","two_sat","TwoSat"
"splice-1",9,5,unary,1,"{""Unary"": 23}","uncommitted","StructuralHorn"
"splice-1",9,5,horn,1,"{""Horn"": 20}","horn","StructuralHorn"
"splice-1",9,5,antihorn,1,"{""AntiHorn"": 16}","antihorn","StructuralAntiHorn"
"splice-1",9,5,square2cnf,1,"{""Square2Cnf"": 19}","two_sat","TwoSat"
"splice-1",9,5,affine,1,"{""Affine"": 25}","affine_gf2","Gf2Gaussian"
"splice-1",9,5,smart_certified,5,"{""Square2Cnf"": 1, ""Unary"": 20}","two_sat","TwoSat"
"splice-1",9,5,cals,5,"{""Square2Cnf"": 4}","two_sat","TwoSat"
"splice-1",9,5,cals_compact_explain,5,"{""Square2Cnf"": 4, ""Unary"": 1}","two_sat","TwoSat"
"splice-1",9,7,unary,1,"{""Unary"": 57}","uncommitted","StructuralHorn"
"splice-1",9,7,horn,1,"{""Horn"": 37}","horn","StructuralHorn"
"splice-1",9,7,antihorn,1,"{""AntiHorn"": 38}","antihorn","StructuralAntiHorn"
"splice-1",9,7,square2cnf,1,"{""Square2Cnf"": 35}","two_sat","TwoSat"
"splice-1",9,7,affine,1,"{""Affine"": 58}","affine_gf2","Gf2Gaussian"
"splice-1",9,7,smart_certified,5,"{""Square2Cnf"": 4, ""Unary"": 46}","two_sat","TwoSat"
"splice-1",9,7,cals,5,"{""Square2Cnf"": 4}","two_sat","TwoSat"
"splice-1",9,7,cals_compact_explain,5,"{""Square2Cnf"": 5, ""Unary"": 1}","two_sat","TwoSat"
"taiwan_binarised",0,5,unary,1,"{""Unary"": 29}","uncommitted","StructuralHorn"
"taiwan_binarised",0,5,horn,1,"{""Horn"": 29}","horn","StructuralHorn"
"taiwan_binarised",0,5,antihorn,1,"{""AntiHorn"": 30}","antihorn","StructuralAntiHorn"
"taiwan_binarised",0,5,square2cnf,1,"{""Square2Cnf"": 31}","two_sat","TwoSat"
"taiwan_binarised",0,5,affine,1,"{""Affine"": 31}","affine_gf2","Gf2Gaussian"
"taiwan_binarised",0,5,smart_certified,5,"{""Horn"": 2, ""Unary"": 28}","uncommitted|horn","StructuralHorn"
"taiwan_binarised",0,5,cals,5,"{""AntiHorn"": 2, ""Unary"": 2}","antihorn","StructuralAntiHorn"
"taiwan_binarised",0,5,cals_compact_explain,5,"{""AntiHorn"": 1, ""Unary"": 1}","antihorn","StructuralAntiHorn"
"taiwan_binarised",0,7,unary,1,"{""Unary"": 90}","uncommitted","StructuralHorn"
"taiwan_binarised",0,7,horn,1,"{""Horn"": 98}","horn","StructuralHorn"
"taiwan_binarised",0,7,antihorn,1,"{""AntiHorn"": 104}","antihorn","StructuralAntiHorn"
"taiwan_binarised",0,7,square2cnf,1,"{""Square2Cnf"": 109}","two_sat","TwoSat"
"taiwan_binarised",0,7,affine,1,"{""Affine"": 101}","affine_gf2","Gf2Gaussian"
"taiwan_binarised",0,7,smart_certified,5,"{""AntiHorn"": 3, ""Horn"": 11, ""Unary"": 78}","uncommitted|horn|antihorn","StructuralAntiHorn|StructuralHorn"
"taiwan_binarised",0,7,cals,5,"{""AntiHorn"": 2, ""Unary"": 2}","antihorn","StructuralAntiHorn"
"taiwan_binarised",0,7,cals_compact_explain,5,"{""AntiHorn"": 1, ""Unary"": 1}","antihorn","StructuralAntiHorn"
"taiwan_binarised",1,5,unary,1,"{""Unary"": 31}","uncommitted","StructuralHorn"
"taiwan_binarised",1,5,horn,1,"{""Horn"": 31}","horn","StructuralHorn"
"taiwan_binarised",1,5,antihorn,1,"{""AntiHorn"": 31}","antihorn","StructuralAntiHorn"
"taiwan_binarised",1,5,square2cnf,1,"{""Square2Cnf"": 31}","two_sat","TwoSat"
"taiwan_binarised",1,5,affine,1,"{""Affine"": 31}","affine_gf2","Gf2Gaussian"
"taiwan_binarised",1,5,smart_certified,5,"{""Affine"": 1, ""AntiHorn"": 1, ""Unary"": 29}","uncommitted|antihorn|affine_gf2","Gf2Gaussian|StructuralAntiHorn|StructuralHorn"
"taiwan_binarised",1,5,cals,5,"{""AntiHorn"": 1, ""Unary"": 1}","antihorn","StructuralAntiHorn"
"taiwan_binarised",1,5,cals_compact_explain,5,"{""AntiHorn"": 1, ""Unary"": 1}","antihorn","StructuralAntiHorn"
"taiwan_binarised",1,7,unary,1,"{""Unary"": 95}","uncommitted","StructuralHorn"
"taiwan_binarised",1,7,horn,1,"{""Horn"": 103}","horn","StructuralHorn"
"taiwan_binarised",1,7,antihorn,1,"{""AntiHorn"": 110}","antihorn","StructuralAntiHorn"
"taiwan_binarised",1,7,square2cnf,1,"{""Square2Cnf"": 107}","two_sat","TwoSat"
"taiwan_binarised",1,7,affine,1,"{""Affine"": 110}","affine_gf2","Gf2Gaussian"
"taiwan_binarised",1,7,smart_certified,5,"{""Affine"": 2, ""AntiHorn"": 2, ""Horn"": 4, ""Unary"": 83}","uncommitted|horn|antihorn|affine_gf2","Gf2Gaussian|StructuralAntiHorn|StructuralHorn"
"taiwan_binarised",1,7,cals,5,"{""AntiHorn"": 1, ""Unary"": 1}","antihorn","StructuralAntiHorn"
"taiwan_binarised",1,7,cals_compact_explain,5,"{""AntiHorn"": 1, ""Unary"": 1}","antihorn","StructuralAntiHorn"
"taiwan_binarised",2,5,unary,1,"{""Unary"": 27}","uncommitted","StructuralHorn"
"taiwan_binarised",2,5,horn,1,"{""Horn"": 30}","horn","StructuralHorn"
"taiwan_binarised",2,5,antihorn,1,"{""AntiHorn"": 31}","antihorn","StructuralAntiHorn"
"taiwan_binarised",2,5,square2cnf,1,"{""Square2Cnf"": 30}","two_sat","TwoSat"
"taiwan_binarised",2,5,affine,1,"{""Affine"": 31}","affine_gf2","Gf2Gaussian"
"taiwan_binarised",2,5,smart_certified,5,"{""AntiHorn"": 1, ""Unary"": 26}","uncommitted|antihorn","StructuralAntiHorn|StructuralHorn"
"taiwan_binarised",2,5,cals,5,"{""AntiHorn"": 3, ""Unary"": 2}","antihorn","StructuralAntiHorn"
"taiwan_binarised",2,5,cals_compact_explain,5,"{""AntiHorn"": 1, ""Unary"": 1}","antihorn","StructuralAntiHorn"
"taiwan_binarised",2,7,unary,1,"{""Unary"": 88}","uncommitted","StructuralHorn"
"taiwan_binarised",2,7,horn,1,"{""Horn"": 89}","horn","StructuralHorn"
"taiwan_binarised",2,7,antihorn,1,"{""AntiHorn"": 109}","antihorn","StructuralAntiHorn"
"taiwan_binarised",2,7,square2cnf,1,"{""Square2Cnf"": 109}","two_sat","TwoSat"
"taiwan_binarised",2,7,affine,1,"{""Affine"": 103}","affine_gf2","Gf2Gaussian"
"taiwan_binarised",2,7,smart_certified,5,"{""Affine"": 2, ""AntiHorn"": 2, ""Horn"": 2, ""Unary"": 80}","uncommitted|horn|antihorn|affine_gf2","Gf2Gaussian|StructuralAntiHorn|StructuralHorn"
"taiwan_binarised",2,7,cals,5,"{""AntiHorn"": 3, ""Unary"": 2}","antihorn","StructuralAntiHorn"
"taiwan_binarised",2,7,cals_compact_explain,5,"{""AntiHorn"": 1, ""Unary"": 1}","antihorn","StructuralAntiHorn"
"taiwan_binarised",3,5,unary,1,"{""Unary"": 29}","uncommitted","StructuralHorn"
"taiwan_binarised",3,5,horn,1,"{""Horn"": 30}","horn","StructuralHorn"
"taiwan_binarised",3,5,antihorn,1,"{""AntiHorn"": 31}","antihorn","StructuralAntiHorn"
"taiwan_binarised",3,5,square2cnf,1,"{""Square2Cnf"": 30}","two_sat","TwoSat"
"taiwan_binarised",3,5,affine,1,"{""Affine"": 30}","affine_gf2","Gf2Gaussian"
"taiwan_binarised",3,5,smart_certified,5,"{""Affine"": 1, ""Horn"": 2, ""Unary"": 26}","uncommitted|horn|affine_gf2","Gf2Gaussian|StructuralHorn"
"taiwan_binarised",3,5,cals,5,"{""AntiHorn"": 1, ""Unary"": 1}","antihorn","StructuralAntiHorn"
"taiwan_binarised",3,5,cals_compact_explain,5,"{""AntiHorn"": 1, ""Unary"": 1}","antihorn","StructuralAntiHorn"
"taiwan_binarised",3,7,unary,1,"{""Unary"": 92}","uncommitted","StructuralHorn"
"taiwan_binarised",3,7,horn,1,"{""Horn"": 100}","horn","StructuralHorn"
"taiwan_binarised",3,7,antihorn,1,"{""AntiHorn"": 109}","antihorn","StructuralAntiHorn"
"taiwan_binarised",3,7,square2cnf,1,"{""Square2Cnf"": 99}","two_sat","TwoSat"
"taiwan_binarised",3,7,affine,1,"{""Affine"": 96}","affine_gf2","Gf2Gaussian"
"taiwan_binarised",3,7,smart_certified,5,"{""Affine"": 2, ""AntiHorn"": 4, ""Horn"": 7, ""Unary"": 81}","uncommitted|horn|antihorn|affine_gf2","Gf2Gaussian|StructuralAntiHorn|StructuralHorn"
"taiwan_binarised",3,7,cals,5,"{""AntiHorn"": 1, ""Unary"": 1}","antihorn","StructuralAntiHorn"
"taiwan_binarised",3,7,cals_compact_explain,5,"{""AntiHorn"": 1, ""Unary"": 1}","antihorn","StructuralAntiHorn"
"taiwan_binarised",4,5,unary,1,"{""Unary"": 31}","uncommitted","StructuralHorn"
"taiwan_binarised",4,5,horn,1,"{""Horn"": 29}","horn","StructuralHorn"
"taiwan_binarised",4,5,antihorn,1,"{""AntiHorn"": 30}","antihorn","StructuralAntiHorn"
"taiwan_binarised",4,5,square2cnf,1,"{""Square2Cnf"": 30}","two_sat","TwoSat"
"taiwan_binarised",4,5,affine,1,"{""Affine"": 30}","affine_gf2","Gf2Gaussian"
"taiwan_binarised",4,5,smart_certified,5,"{""Unary"": 31}","uncommitted","StructuralHorn"
"taiwan_binarised",4,5,cals,5,"{""AntiHorn"": 2, ""Unary"": 2}","antihorn","StructuralAntiHorn"
"taiwan_binarised",4,5,cals_compact_explain,5,"{""AntiHorn"": 2}","antihorn","StructuralAntiHorn"
"taiwan_binarised",4,7,unary,1,"{""Unary"": 102}","uncommitted","StructuralHorn"
"taiwan_binarised",4,7,horn,1,"{""Horn"": 85}","horn","StructuralHorn"
"taiwan_binarised",4,7,antihorn,1,"{""AntiHorn"": 99}","antihorn","StructuralAntiHorn"
"taiwan_binarised",4,7,square2cnf,1,"{""Square2Cnf"": 97}","two_sat","TwoSat"
"taiwan_binarised",4,7,affine,1,"{""Affine"": 97}","affine_gf2","Gf2Gaussian"
"taiwan_binarised",4,7,smart_certified,5,"{""Affine"": 3, ""Horn"": 4, ""Square2Cnf"": 1, ""Unary"": 93}","uncommitted|horn|two_sat|affine_gf2","Gf2Gaussian|StructuralHorn|TwoSat"
"taiwan_binarised",4,7,cals,5,"{""AntiHorn"": 2, ""Unary"": 2}","antihorn","StructuralAntiHorn"
"taiwan_binarised",4,7,cals_compact_explain,5,"{""AntiHorn"": 2}","antihorn","StructuralAntiHorn"
"taiwan_binarised",5,5,unary,1,"{""Unary"": 31}","uncommitted","StructuralHorn"
"taiwan_binarised",5,5,horn,1,"{""Horn"": 31}","horn","StructuralHorn"
"taiwan_binarised",5,5,antihorn,1,"{""AntiHorn"": 30}","antihorn","StructuralAntiHorn"
"taiwan_binarised",5,5,square2cnf,1,"{""Square2Cnf"": 31}","two_sat","TwoSat"
"taiwan_binarised",5,5,affine,1,"{""Affine"": 31}","affine_gf2","Gf2Gaussian"
"taiwan_binarised",5,5,smart_certified,5,"{""Affine"": 1, ""AntiHorn"": 1, ""Horn"": 1, ""Unary"": 28}","uncommitted|horn|antihorn|affine_gf2","Gf2Gaussian|StructuralAntiHorn|StructuralHorn"
"taiwan_binarised",5,5,cals,5,"{""AntiHorn"": 2, ""Unary"": 2}","antihorn","StructuralAntiHorn"
"taiwan_binarised",5,5,cals_compact_explain,5,"{""AntiHorn"": 1, ""Unary"": 1}","antihorn","StructuralAntiHorn"
"taiwan_binarised",5,7,unary,1,"{""Unary"": 99}","uncommitted","StructuralHorn"
"taiwan_binarised",5,7,horn,1,"{""Horn"": 101}","horn","StructuralHorn"
"taiwan_binarised",5,7,antihorn,1,"{""AntiHorn"": 108}","antihorn","StructuralAntiHorn"
"taiwan_binarised",5,7,square2cnf,1,"{""Square2Cnf"": 105}","two_sat","TwoSat"
"taiwan_binarised",5,7,affine,1,"{""Affine"": 100}","affine_gf2","Gf2Gaussian"
"taiwan_binarised",5,7,smart_certified,5,"{""Affine"": 1, ""AntiHorn"": 4, ""Horn"": 6, ""Unary"": 83}","uncommitted|horn|antihorn|affine_gf2","Gf2Gaussian|StructuralAntiHorn|StructuralHorn"
"taiwan_binarised",5,7,cals,5,"{""AntiHorn"": 9, ""Unary"": 6}","antihorn","StructuralAntiHorn"
"taiwan_binarised",5,7,cals_compact_explain,5,"{""AntiHorn"": 1, ""Unary"": 1}","antihorn","StructuralAntiHorn"
"taiwan_binarised",6,5,unary,1,"{""Unary"": 29}","uncommitted","StructuralHorn"
"taiwan_binarised",6,5,horn,1,"{""Horn"": 31}","horn","StructuralHorn"
"taiwan_binarised",6,5,antihorn,1,"{""AntiHorn"": 30}","antihorn","StructuralAntiHorn"
"taiwan_binarised",6,5,square2cnf,1,"{""Square2Cnf"": 31}","two_sat","TwoSat"
"taiwan_binarised",6,5,affine,1,"{""Affine"": 30}","affine_gf2","Gf2Gaussian"
"taiwan_binarised",6,5,smart_certified,5,"{""AntiHorn"": 1, ""Horn"": 2, ""Unary"": 26}","uncommitted|horn|antihorn","StructuralAntiHorn|StructuralHorn"
"taiwan_binarised",6,5,cals,5,"{""AntiHorn"": 1, ""Unary"": 1}","antihorn","StructuralAntiHorn"
"taiwan_binarised",6,5,cals_compact_explain,5,"{""AntiHorn"": 1, ""Unary"": 1}","antihorn","StructuralAntiHorn"
"taiwan_binarised",6,7,unary,1,"{""Unary"": 94}","uncommitted","StructuralHorn"
"taiwan_binarised",6,7,horn,1,"{""Horn"": 95}","horn","StructuralHorn"
"taiwan_binarised",6,7,antihorn,1,"{""AntiHorn"": 105}","antihorn","StructuralAntiHorn"
"taiwan_binarised",6,7,square2cnf,1,"{""Square2Cnf"": 100}","two_sat","TwoSat"
"taiwan_binarised",6,7,affine,1,"{""Affine"": 99}","affine_gf2","Gf2Gaussian"
"taiwan_binarised",6,7,smart_certified,5,"{""Affine"": 2, ""AntiHorn"": 2, ""Horn"": 9, ""Unary"": 78}","uncommitted|horn|antihorn|affine_gf2","Gf2Gaussian|StructuralAntiHorn|StructuralHorn"
"taiwan_binarised",6,7,cals,5,"{""AntiHorn"": 8, ""Unary"": 6}","antihorn","StructuralAntiHorn"
"taiwan_binarised",6,7,cals_compact_explain,5,"{""AntiHorn"": 1, ""Unary"": 1}","antihorn","StructuralAntiHorn"
"taiwan_binarised",7,5,unary,1,"{""Unary"": 30}","uncommitted","StructuralHorn"
"taiwan_binarised",7,5,horn,1,"{""Horn"": 30}","horn","StructuralHorn"
"taiwan_binarised",7,5,antihorn,1,"{""AntiHorn"": 31}","antihorn","StructuralAntiHorn"
"taiwan_binarised",7,5,square2cnf,1,"{""Square2Cnf"": 31}","two_sat","TwoSat"
"taiwan_binarised",7,5,affine,1,"{""Affine"": 31}","affine_gf2","Gf2Gaussian"
"taiwan_binarised",7,5,smart_certified,5,"{""Unary"": 30}","uncommitted","StructuralHorn"
"taiwan_binarised",7,5,cals,5,"{""AntiHorn"": 2, ""Unary"": 2}","antihorn","StructuralAntiHorn"
"taiwan_binarised",7,5,cals_compact_explain,5,"{""AntiHorn"": 1, ""Unary"": 1}","antihorn","StructuralAntiHorn"
"taiwan_binarised",7,7,unary,1,"{""Unary"": 92}","uncommitted","StructuralHorn"
"taiwan_binarised",7,7,horn,1,"{""Horn"": 92}","horn","StructuralHorn"
"taiwan_binarised",7,7,antihorn,1,"{""AntiHorn"": 107}","antihorn","StructuralAntiHorn"
"taiwan_binarised",7,7,square2cnf,1,"{""Square2Cnf"": 110}","two_sat","TwoSat"
"taiwan_binarised",7,7,affine,1,"{""Affine"": 107}","affine_gf2","Gf2Gaussian"
"taiwan_binarised",7,7,smart_certified,5,"{""Affine"": 1, ""Horn"": 2, ""Unary"": 89}","uncommitted|horn|affine_gf2","Gf2Gaussian|StructuralHorn"
"taiwan_binarised",7,7,cals,5,"{""AntiHorn"": 4, ""Unary"": 3}","antihorn","StructuralAntiHorn"
"taiwan_binarised",7,7,cals_compact_explain,5,"{""AntiHorn"": 1, ""Unary"": 1}","antihorn","StructuralAntiHorn"
"taiwan_binarised",8,5,unary,1,"{""Unary"": 31}","uncommitted","StructuralHorn"
"taiwan_binarised",8,5,horn,1,"{""Horn"": 30}","horn","StructuralHorn"
"taiwan_binarised",8,5,antihorn,1,"{""AntiHorn"": 31}","antihorn","StructuralAntiHorn"
"taiwan_binarised",8,5,square2cnf,1,"{""Square2Cnf"": 30}","two_sat","TwoSat"
"taiwan_binarised",8,5,affine,1,"{""Affine"": 28}","affine_gf2","Gf2Gaussian"
"taiwan_binarised",8,5,smart_certified,5,"{""Affine"": 2, ""Unary"": 29}","uncommitted|affine_gf2","Gf2Gaussian|StructuralHorn"
"taiwan_binarised",8,5,cals,5,"{""AntiHorn"": 2, ""Unary"": 4}","antihorn","StructuralAntiHorn"
"taiwan_binarised",8,5,cals_compact_explain,5,"{""AntiHorn"": 1, ""Unary"": 1}","antihorn","StructuralAntiHorn"
"taiwan_binarised",8,7,unary,1,"{""Unary"": 92}","uncommitted","StructuralHorn"
"taiwan_binarised",8,7,horn,1,"{""Horn"": 97}","horn","StructuralHorn"
"taiwan_binarised",8,7,antihorn,1,"{""AntiHorn"": 109}","antihorn","StructuralAntiHorn"
"taiwan_binarised",8,7,square2cnf,1,"{""Square2Cnf"": 101}","two_sat","TwoSat"
"taiwan_binarised",8,7,affine,1,"{""Affine"": 87}","affine_gf2","Gf2Gaussian"
"taiwan_binarised",8,7,smart_certified,5,"{""Affine"": 7, ""AntiHorn"": 3, ""Horn"": 2, ""Unary"": 78}","uncommitted|horn|antihorn|affine_gf2","Gf2Gaussian|StructuralAntiHorn|StructuralHorn"
"taiwan_binarised",8,7,cals,5,"{""AntiHorn"": 3, ""Unary"": 6}","antihorn","StructuralAntiHorn"
"taiwan_binarised",8,7,cals_compact_explain,5,"{""AntiHorn"": 1, ""Unary"": 1}","antihorn","StructuralAntiHorn"
"taiwan_binarised",9,5,unary,1,"{""Unary"": 30}","uncommitted","StructuralHorn"
"taiwan_binarised",9,5,horn,1,"{""Horn"": 29}","horn","StructuralHorn"
"taiwan_binarised",9,5,antihorn,1,"{""AntiHorn"": 31}","antihorn","StructuralAntiHorn"
"taiwan_binarised",9,5,square2cnf,1,"{""Square2Cnf"": 28}","two_sat","TwoSat"
"taiwan_binarised",9,5,affine,1,"{""Affine"": 31}","affine_gf2","Gf2Gaussian"
"taiwan_binarised",9,5,smart_certified,5,"{""AntiHorn"": 1, ""Horn"": 1, ""Unary"": 28}","uncommitted|horn|antihorn","StructuralAntiHorn|StructuralHorn"
"taiwan_binarised",9,5,cals,5,"{""AntiHorn"": 1, ""Unary"": 4}","antihorn","StructuralAntiHorn"
"taiwan_binarised",9,5,cals_compact_explain,5,"{""AntiHorn"": 1, ""Unary"": 1}","antihorn","StructuralAntiHorn"
"taiwan_binarised",9,7,unary,1,"{""Unary"": 98}","uncommitted","StructuralHorn"
"taiwan_binarised",9,7,horn,1,"{""Horn"": 94}","horn","StructuralHorn"
"taiwan_binarised",9,7,antihorn,1,"{""AntiHorn"": 112}","antihorn","StructuralAntiHorn"
"taiwan_binarised",9,7,square2cnf,1,"{""Square2Cnf"": 98}","two_sat","TwoSat"
"taiwan_binarised",9,7,affine,1,"{""Affine"": 110}","affine_gf2","Gf2Gaussian"
"taiwan_binarised",9,7,smart_certified,5,"{""Affine"": 3, ""AntiHorn"": 3, ""Horn"": 6, ""Unary"": 83}","uncommitted|horn|antihorn|affine_gf2","Gf2Gaussian|StructuralAntiHorn|StructuralHorn"
"taiwan_binarised",9,7,cals,5,"{""AntiHorn"": 3, ""Unary"": 4}","antihorn","StructuralAntiHorn"
"taiwan_binarised",9,7,cals_compact_explain,5,"{""AntiHorn"": 1, ""Unary"": 1}","antihorn","StructuralAntiHorn"
"tic-tac-toe",0,5,unary,1,"{""Unary"": 21}","uncommitted","StructuralHorn"
"tic-tac-toe",0,5,horn,1,"{""Horn"": 15}","horn","StructuralHorn"
"tic-tac-toe",0,5,antihorn,1,"{""AntiHorn"": 18}","antihorn","StructuralAntiHorn"
"tic-tac-toe",0,5,square2cnf,1,"{""Square2Cnf"": 18}","two_sat","TwoSat"
"tic-tac-toe",0,5,affine,1,"{""Affine"": 23}","affine_gf2","Gf2Gaussian"
"tic-tac-toe",0,5,smart_certified,5,"{""AntiHorn"": 4, ""Square2Cnf"": 2, ""Unary"": 7}","antihorn|two_sat","StructuralAntiHorn|TwoSat"
"tic-tac-toe",0,5,cals,5,"{""Square2Cnf"": 11}","two_sat","TwoSat"
"tic-tac-toe",0,5,cals_compact_explain,5,"{""Square2Cnf"": 14, ""Unary"": 1}","two_sat","TwoSat"
"tic-tac-toe",0,7,unary,1,"{""Unary"": 44}","uncommitted","StructuralHorn"
"tic-tac-toe",0,7,horn,1,"{""Horn"": 27}","horn","StructuralHorn"
"tic-tac-toe",0,7,antihorn,1,"{""AntiHorn"": 26}","antihorn","StructuralAntiHorn"
"tic-tac-toe",0,7,square2cnf,1,"{""Square2Cnf"": 39}","two_sat","TwoSat"
"tic-tac-toe",0,7,affine,1,"{""Affine"": 48}","affine_gf2","Gf2Gaussian"
"tic-tac-toe",0,7,smart_certified,5,"{""AntiHorn"": 6, ""Square2Cnf"": 3, ""Unary"": 19}","antihorn|two_sat","StructuralAntiHorn|TwoSat"
"tic-tac-toe",0,7,cals,5,"{""Square2Cnf"": 17}","two_sat","TwoSat"
"tic-tac-toe",0,7,cals_compact_explain,5,"{""Square2Cnf"": 16, ""Unary"": 2}","two_sat","TwoSat"
"tic-tac-toe",1,5,unary,1,"{""Unary"": 21}","uncommitted","StructuralHorn"
"tic-tac-toe",1,5,horn,1,"{""Horn"": 15}","horn","StructuralHorn"
"tic-tac-toe",1,5,antihorn,1,"{""AntiHorn"": 11}","antihorn","StructuralAntiHorn"
"tic-tac-toe",1,5,square2cnf,1,"{""Square2Cnf"": 18}","two_sat","TwoSat"
"tic-tac-toe",1,5,affine,1,"{""Affine"": 25}","affine_gf2","Gf2Gaussian"
"tic-tac-toe",1,5,smart_certified,5,"{""AntiHorn"": 5, ""Square2Cnf"": 1, ""Unary"": 8}","antihorn|two_sat","StructuralAntiHorn|TwoSat"
"tic-tac-toe",1,5,cals,5,"{""Square2Cnf"": 14}","two_sat","TwoSat"
"tic-tac-toe",1,5,cals_compact_explain,5,"{""Square2Cnf"": 13, ""Unary"": 1}","two_sat","TwoSat"
"tic-tac-toe",1,7,unary,1,"{""Unary"": 40}","uncommitted","StructuralHorn"
"tic-tac-toe",1,7,horn,1,"{""Horn"": 24}","horn","StructuralHorn"
"tic-tac-toe",1,7,antihorn,1,"{""AntiHorn"": 27}","antihorn","StructuralAntiHorn"
"tic-tac-toe",1,7,square2cnf,1,"{""Square2Cnf"": 37}","two_sat","TwoSat"
"tic-tac-toe",1,7,affine,1,"{""Affine"": 50}","affine_gf2","Gf2Gaussian"
"tic-tac-toe",1,7,smart_certified,5,"{""AntiHorn"": 7, ""Square2Cnf"": 2, ""Unary"": 25}","antihorn|two_sat","StructuralAntiHorn|TwoSat"
"tic-tac-toe",1,7,cals,5,"{""Square2Cnf"": 20, ""Unary"": 1}","two_sat","TwoSat"
"tic-tac-toe",1,7,cals_compact_explain,5,"{""Square2Cnf"": 19, ""Unary"": 2}","two_sat","TwoSat"
"tic-tac-toe",2,5,unary,1,"{""Unary"": 21}","uncommitted","StructuralHorn"
"tic-tac-toe",2,5,horn,1,"{""Horn"": 14}","horn","StructuralHorn"
"tic-tac-toe",2,5,antihorn,1,"{""AntiHorn"": 11}","antihorn","StructuralAntiHorn"
"tic-tac-toe",2,5,square2cnf,1,"{""Square2Cnf"": 18}","two_sat","TwoSat"
"tic-tac-toe",2,5,affine,1,"{""Affine"": 22}","affine_gf2","Gf2Gaussian"
"tic-tac-toe",2,5,smart_certified,5,"{""AntiHorn"": 8, ""Unary"": 3}","antihorn","StructuralAntiHorn"
"tic-tac-toe",2,5,cals,5,"{""Square2Cnf"": 9}","two_sat","TwoSat"
"tic-tac-toe",2,5,cals_compact_explain,5,"{""Square2Cnf"": 14}","two_sat","TwoSat"
"tic-tac-toe",2,7,unary,1,"{""Unary"": 45}","uncommitted","StructuralHorn"
"tic-tac-toe",2,7,horn,1,"{""Horn"": 27}","horn","StructuralHorn"
"tic-tac-toe",2,7,antihorn,1,"{""AntiHorn"": 30}","antihorn","StructuralAntiHorn"
"tic-tac-toe",2,7,square2cnf,1,"{""Square2Cnf"": 34}","two_sat","TwoSat"
"tic-tac-toe",2,7,affine,1,"{""Affine"": 46}","affine_gf2","Gf2Gaussian"
"tic-tac-toe",2,7,smart_certified,5,"{""AntiHorn"": 16, ""Unary"": 11}","antihorn","StructuralAntiHorn"
"tic-tac-toe",2,7,cals,5,"{""Square2Cnf"": 10, ""Unary"": 1}","two_sat","TwoSat"
"tic-tac-toe",2,7,cals_compact_explain,5,"{""Square2Cnf"": 15}","two_sat","TwoSat"
"tic-tac-toe",3,5,unary,1,"{""Unary"": 21}","uncommitted","StructuralHorn"
"tic-tac-toe",3,5,horn,1,"{""Horn"": 20}","horn","StructuralHorn"
"tic-tac-toe",3,5,antihorn,1,"{""AntiHorn"": 19}","antihorn","StructuralAntiHorn"
"tic-tac-toe",3,5,square2cnf,1,"{""Square2Cnf"": 18}","two_sat","TwoSat"
"tic-tac-toe",3,5,affine,1,"{""Affine"": 23}","affine_gf2","Gf2Gaussian"
"tic-tac-toe",3,5,smart_certified,5,"{""Affine"": 3, ""Square2Cnf"": 3, ""Unary"": 12}","two_sat|affine_gf2","Gf2Gaussian|TwoSat"
"tic-tac-toe",3,5,cals,5,"{""Square2Cnf"": 11, ""Unary"": 1}","two_sat","TwoSat"
"tic-tac-toe",3,5,cals_compact_explain,5,"{""Square2Cnf"": 15, ""Unary"": 1}","two_sat","TwoSat"
"tic-tac-toe",3,7,unary,1,"{""Unary"": 40}","uncommitted","StructuralHorn"
"tic-tac-toe",3,7,horn,1,"{""Horn"": 38}","horn","StructuralHorn"
"tic-tac-toe",3,7,antihorn,1,"{""AntiHorn"": 39}","antihorn","StructuralAntiHorn"
"tic-tac-toe",3,7,square2cnf,1,"{""Square2Cnf"": 40}","two_sat","TwoSat"
"tic-tac-toe",3,7,affine,1,"{""Affine"": 48}","affine_gf2","Gf2Gaussian"
"tic-tac-toe",3,7,smart_certified,5,"{""Affine"": 9, ""Square2Cnf"": 4, ""Unary"": 23}","two_sat|affine_gf2","Gf2Gaussian|TwoSat"
"tic-tac-toe",3,7,cals,5,"{""Square2Cnf"": 18, ""Unary"": 2}","two_sat","TwoSat"
"tic-tac-toe",3,7,cals_compact_explain,5,"{""Square2Cnf"": 22, ""Unary"": 3}","two_sat","TwoSat"
"tic-tac-toe",4,5,unary,1,"{""Unary"": 22}","uncommitted","StructuralHorn"
"tic-tac-toe",4,5,horn,1,"{""Horn"": 16}","horn","StructuralHorn"
"tic-tac-toe",4,5,antihorn,1,"{""AntiHorn"": 11}","antihorn","StructuralAntiHorn"
"tic-tac-toe",4,5,square2cnf,1,"{""Square2Cnf"": 16}","two_sat","TwoSat"
"tic-tac-toe",4,5,affine,1,"{""Affine"": 22}","affine_gf2","Gf2Gaussian"
"tic-tac-toe",4,5,smart_certified,5,"{""Horn"": 4, ""Square2Cnf"": 3, ""Unary"": 6}","horn|two_sat","StructuralHorn|TwoSat"
"tic-tac-toe",4,5,cals,5,"{""Square2Cnf"": 11, ""Unary"": 1}","two_sat","TwoSat"
"tic-tac-toe",4,5,cals_compact_explain,5,"{""Square2Cnf"": 9}","two_sat","TwoSat"
"tic-tac-toe",4,7,unary,1,"{""Unary"": 44}","uncommitted","StructuralHorn"
"tic-tac-toe",4,7,horn,1,"{""Horn"": 27}","horn","StructuralHorn"
"tic-tac-toe",4,7,antihorn,1,"{""AntiHorn"": 29}","antihorn","StructuralAntiHorn"
"tic-tac-toe",4,7,square2cnf,1,"{""Square2Cnf"": 27}","two_sat","TwoSat"
"tic-tac-toe",4,7,affine,1,"{""Affine"": 48}","affine_gf2","Gf2Gaussian"
"tic-tac-toe",4,7,smart_certified,5,"{""Horn"": 4, ""Square2Cnf"": 5, ""Unary"": 18}","horn|two_sat","StructuralHorn|TwoSat"
"tic-tac-toe",4,7,cals,5,"{""Square2Cnf"": 14, ""Unary"": 2}","two_sat","TwoSat"
"tic-tac-toe",4,7,cals_compact_explain,5,"{""Square2Cnf"": 17}","two_sat","TwoSat"
"tic-tac-toe",5,5,unary,1,"{""Unary"": 22}","uncommitted","StructuralHorn"
"tic-tac-toe",5,5,horn,1,"{""Horn"": 13}","horn","StructuralHorn"
"tic-tac-toe",5,5,antihorn,1,"{""AntiHorn"": 19}","antihorn","StructuralAntiHorn"
"tic-tac-toe",5,5,square2cnf,1,"{""Square2Cnf"": 17}","two_sat","TwoSat"
"tic-tac-toe",5,5,affine,1,"{""Affine"": 23}","affine_gf2","Gf2Gaussian"
"tic-tac-toe",5,5,smart_certified,5,"{""AntiHorn"": 4, ""Square2Cnf"": 3, ""Unary"": 6}","antihorn|two_sat","StructuralAntiHorn|TwoSat"
"tic-tac-toe",5,5,cals,5,"{""Square2Cnf"": 14, ""Unary"": 1}","two_sat","TwoSat"
"tic-tac-toe",5,5,cals_compact_explain,5,"{""Square2Cnf"": 8, ""Unary"": 1}","two_sat","TwoSat"
"tic-tac-toe",5,7,unary,1,"{""Unary"": 40}","uncommitted","StructuralHorn"
"tic-tac-toe",5,7,horn,1,"{""Horn"": 22}","horn","StructuralHorn"
"tic-tac-toe",5,7,antihorn,1,"{""AntiHorn"": 28}","antihorn","StructuralAntiHorn"
"tic-tac-toe",5,7,square2cnf,1,"{""Square2Cnf"": 35}","two_sat","TwoSat"
"tic-tac-toe",5,7,affine,1,"{""Affine"": 53}","affine_gf2","Gf2Gaussian"
"tic-tac-toe",5,7,smart_certified,5,"{""AntiHorn"": 7, ""Square2Cnf"": 4, ""Unary"": 17}","antihorn|two_sat","StructuralAntiHorn|TwoSat"
"tic-tac-toe",5,7,cals,5,"{""Square2Cnf"": 14, ""Unary"": 1}","two_sat","TwoSat"
"tic-tac-toe",5,7,cals_compact_explain,5,"{""Square2Cnf"": 24, ""Unary"": 2}","two_sat","TwoSat"
"tic-tac-toe",6,5,unary,1,"{""Unary"": 22}","uncommitted","StructuralHorn"
"tic-tac-toe",6,5,horn,1,"{""Horn"": 23}","horn","StructuralHorn"
"tic-tac-toe",6,5,antihorn,1,"{""AntiHorn"": 16}","antihorn","StructuralAntiHorn"
"tic-tac-toe",6,5,square2cnf,1,"{""Square2Cnf"": 20}","two_sat","TwoSat"
"tic-tac-toe",6,5,affine,1,"{""Affine"": 22}","affine_gf2","Gf2Gaussian"
"tic-tac-toe",6,5,smart_certified,5,"{""AntiHorn"": 3, ""Square2Cnf"": 2, ""Unary"": 8}","antihorn|two_sat","StructuralAntiHorn|TwoSat"
"tic-tac-toe",6,5,cals,5,"{""Square2Cnf"": 13}","two_sat","TwoSat"
"tic-tac-toe",6,5,cals_compact_explain,5,"{""Square2Cnf"": 14, ""Unary"": 1}","two_sat","TwoSat"
"tic-tac-toe",6,7,unary,1,"{""Unary"": 42}","uncommitted","StructuralHorn"
"tic-tac-toe",6,7,horn,1,"{""Horn"": 36}","horn","StructuralHorn"
"tic-tac-toe",6,7,antihorn,1,"{""AntiHorn"": 27}","antihorn","StructuralAntiHorn"
"tic-tac-toe",6,7,square2cnf,1,"{""Square2Cnf"": 41}","two_sat","TwoSat"
"tic-tac-toe",6,7,affine,1,"{""Affine"": 53}","affine_gf2","Gf2Gaussian"
"tic-tac-toe",6,7,smart_certified,5,"{""AntiHorn"": 4, ""Square2Cnf"": 4, ""Unary"": 19}","antihorn|two_sat","StructuralAntiHorn|TwoSat"
"tic-tac-toe",6,7,cals,5,"{""Square2Cnf"": 14, ""Unary"": 1}","two_sat","TwoSat"
"tic-tac-toe",6,7,cals_compact_explain,5,"{""Square2Cnf"": 18, ""Unary"": 4}","two_sat","TwoSat"
"tic-tac-toe",7,5,unary,1,"{""Unary"": 21}","uncommitted","StructuralHorn"
"tic-tac-toe",7,5,horn,1,"{""Horn"": 15}","horn","StructuralHorn"
"tic-tac-toe",7,5,antihorn,1,"{""AntiHorn"": 17}","antihorn","StructuralAntiHorn"
"tic-tac-toe",7,5,square2cnf,1,"{""Square2Cnf"": 15}","two_sat","TwoSat"
"tic-tac-toe",7,5,affine,1,"{""Affine"": 23}","affine_gf2","Gf2Gaussian"
"tic-tac-toe",7,5,smart_certified,5,"{""AntiHorn"": 4, ""Square2Cnf"": 1, ""Unary"": 9}","antihorn|two_sat","StructuralAntiHorn|TwoSat"
"tic-tac-toe",7,5,cals,5,"{""Square2Cnf"": 9}","two_sat","TwoSat"
"tic-tac-toe",7,5,cals_compact_explain,5,"{""Square2Cnf"": 10, ""Unary"": 2}","two_sat","TwoSat"
"tic-tac-toe",7,7,unary,1,"{""Unary"": 40}","uncommitted","StructuralHorn"
"tic-tac-toe",7,7,horn,1,"{""Horn"": 27}","horn","StructuralHorn"
"tic-tac-toe",7,7,antihorn,1,"{""AntiHorn"": 33}","antihorn","StructuralAntiHorn"
"tic-tac-toe",7,7,square2cnf,1,"{""Square2Cnf"": 32}","two_sat","TwoSat"
"tic-tac-toe",7,7,affine,1,"{""Affine"": 52}","affine_gf2","Gf2Gaussian"
"tic-tac-toe",7,7,smart_certified,5,"{""AntiHorn"": 10, ""Square2Cnf"": 7, ""Unary"": 17}","antihorn|two_sat","StructuralAntiHorn|TwoSat"
"tic-tac-toe",7,7,cals,5,"{""Square2Cnf"": 10}","two_sat","TwoSat"
"tic-tac-toe",7,7,cals_compact_explain,5,"{""Square2Cnf"": 10, ""Unary"": 2}","two_sat","TwoSat"
"tic-tac-toe",8,5,unary,1,"{""Unary"": 21}","uncommitted","StructuralHorn"
"tic-tac-toe",8,5,horn,1,"{""Horn"": 24}","horn","StructuralHorn"
"tic-tac-toe",8,5,antihorn,1,"{""AntiHorn"": 16}","antihorn","StructuralAntiHorn"
"tic-tac-toe",8,5,square2cnf,1,"{""Square2Cnf"": 16}","two_sat","TwoSat"
"tic-tac-toe",8,5,affine,1,"{""Affine"": 25}","affine_gf2","Gf2Gaussian"
"tic-tac-toe",8,5,smart_certified,5,"{""Affine"": 4, ""Square2Cnf"": 3, ""Unary"": 12}","two_sat|affine_gf2","Gf2Gaussian|TwoSat"
"tic-tac-toe",8,5,cals,5,"{""Square2Cnf"": 11, ""Unary"": 1}","two_sat","TwoSat"
"tic-tac-toe",8,5,cals_compact_explain,5,"{""Square2Cnf"": 7, ""Unary"": 1}","two_sat","TwoSat"
"tic-tac-toe",8,7,unary,1,"{""Unary"": 41}","uncommitted","StructuralHorn"
"tic-tac-toe",8,7,horn,1,"{""Horn"": 38}","horn","StructuralHorn"
"tic-tac-toe",8,7,antihorn,1,"{""AntiHorn"": 32}","antihorn","StructuralAntiHorn"
"tic-tac-toe",8,7,square2cnf,1,"{""Square2Cnf"": 29}","two_sat","TwoSat"
"tic-tac-toe",8,7,affine,1,"{""Affine"": 49}","affine_gf2","Gf2Gaussian"
"tic-tac-toe",8,7,smart_certified,5,"{""Affine"": 7, ""Square2Cnf"": 4, ""Unary"": 28}","two_sat|affine_gf2","Gf2Gaussian|TwoSat"
"tic-tac-toe",8,7,cals,5,"{""Square2Cnf"": 13, ""Unary"": 1}","two_sat","TwoSat"
"tic-tac-toe",8,7,cals_compact_explain,5,"{""Square2Cnf"": 15, ""Unary"": 1}","two_sat","TwoSat"
"tic-tac-toe",9,5,unary,1,"{""Unary"": 22}","uncommitted","StructuralHorn"
"tic-tac-toe",9,5,horn,1,"{""Horn"": 16}","horn","StructuralHorn"
"tic-tac-toe",9,5,antihorn,1,"{""AntiHorn"": 20}","antihorn","StructuralAntiHorn"
"tic-tac-toe",9,5,square2cnf,1,"{""Square2Cnf"": 25}","two_sat","TwoSat"
"tic-tac-toe",9,5,affine,1,"{""Affine"": 24}","affine_gf2","Gf2Gaussian"
"tic-tac-toe",9,5,smart_certified,5,"{""Affine"": 7, ""AntiHorn"": 2, ""Unary"": 7}","antihorn|affine_gf2","Gf2Gaussian|StructuralAntiHorn"
"tic-tac-toe",9,5,cals,5,"{""Square2Cnf"": 7}","two_sat","TwoSat"
"tic-tac-toe",9,5,cals_compact_explain,5,"{""Square2Cnf"": 11, ""Unary"": 1}","two_sat","TwoSat"
"tic-tac-toe",9,7,unary,1,"{""Unary"": 48}","uncommitted","StructuralHorn"
"tic-tac-toe",9,7,horn,1,"{""Horn"": 25}","horn","StructuralHorn"
"tic-tac-toe",9,7,antihorn,1,"{""AntiHorn"": 29}","antihorn","StructuralAntiHorn"
"tic-tac-toe",9,7,square2cnf,1,"{""Square2Cnf"": 45}","two_sat","TwoSat"
"tic-tac-toe",9,7,affine,1,"{""Affine"": 50}","affine_gf2","Gf2Gaussian"
"tic-tac-toe",9,7,smart_certified,5,"{""Affine"": 13, ""AntiHorn"": 7, ""Unary"": 16}","antihorn|affine_gf2","Gf2Gaussian|StructuralAntiHorn"
"tic-tac-toe",9,7,cals,5,"{""Square2Cnf"": 12}","two_sat","TwoSat"
"tic-tac-toe",9,7,cals_compact_explain,5,"{""Square2Cnf"": 17, ""Unary"": 2}","two_sat","TwoSat"
"titanic-un",0,5,unary,1,"{""Unary"": 22}","uncommitted","StructuralHorn"
"titanic-un",0,5,horn,1,"{""Horn"": 20}","horn","StructuralHorn"
"titanic-un",0,5,antihorn,1,"{""AntiHorn"": 24}","antihorn","StructuralAntiHorn"
"titanic-un",0,5,square2cnf,1,"{""Square2Cnf"": 24}","two_sat","TwoSat"
"titanic-un",0,5,affine,1,"{""Affine"": 19}","affine_gf2","Gf2Gaussian"
"titanic-un",0,5,smart_certified,5,"{""Horn"": 1, ""Unary"": 21}","uncommitted|horn","StructuralHorn"
"titanic-un",0,5,cals,5,"{""Horn"": 2}","horn","StructuralHorn"
"titanic-un",0,5,cals_compact_explain,5,"{""Horn"": 1}","horn","StructuralHorn"
"titanic-un",0,7,unary,1,"{""Unary"": 42}","uncommitted","StructuralHorn"
"titanic-un",0,7,horn,1,"{""Horn"": 47}","horn","StructuralHorn"
"titanic-un",0,7,antihorn,1,"{""AntiHorn"": 41}","antihorn","StructuralAntiHorn"
"titanic-un",0,7,square2cnf,1,"{""Square2Cnf"": 45}","two_sat","TwoSat"
"titanic-un",0,7,affine,1,"{""Affine"": 35}","affine_gf2","Gf2Gaussian"
"titanic-un",0,7,smart_certified,5,"{""Affine"": 3, ""Horn"": 1, ""Unary"": 37}","uncommitted|horn|affine_gf2","Gf2Gaussian|StructuralHorn"
"titanic-un",0,7,cals,5,"{""Horn"": 7, ""Unary"": 4}","horn","StructuralHorn"
"titanic-un",0,7,cals_compact_explain,5,"{""Horn"": 1}","horn","StructuralHorn"
"titanic-un",1,5,unary,1,"{""Unary"": 22}","uncommitted","StructuralHorn"
"titanic-un",1,5,horn,1,"{""Horn"": 20}","horn","StructuralHorn"
"titanic-un",1,5,antihorn,1,"{""AntiHorn"": 18}","antihorn","StructuralAntiHorn"
"titanic-un",1,5,square2cnf,1,"{""Square2Cnf"": 19}","two_sat","TwoSat"
"titanic-un",1,5,affine,1,"{""Affine"": 15}","affine_gf2","Gf2Gaussian"
"titanic-un",1,5,smart_certified,5,"{""Unary"": 22}","uncommitted","StructuralHorn"
"titanic-un",1,5,cals,5,"{""Horn"": 3, ""Unary"": 2}","horn","StructuralHorn"
"titanic-un",1,5,cals_compact_explain,5,"{""Horn"": 2, ""Unary"": 5}","horn","StructuralHorn"
"titanic-un",1,7,unary,1,"{""Unary"": 36}","uncommitted","StructuralHorn"
"titanic-un",1,7,horn,1,"{""Horn"": 31}","horn","StructuralHorn"
"titanic-un",1,7,antihorn,1,"{""AntiHorn"": 31}","antihorn","StructuralAntiHorn"
"titanic-un",1,7,square2cnf,1,"{""Square2Cnf"": 31}","two_sat","TwoSat"
"titanic-un",1,7,affine,1,"{""Affine"": 29}","affine_gf2","Gf2Gaussian"
"titanic-un",1,7,smart_certified,5,"{""Horn"": 1, ""Unary"": 35}","uncommitted|horn","StructuralHorn"
"titanic-un",1,7,cals,5,"{""Horn"": 4, ""Unary"": 2}","horn","StructuralHorn"
"titanic-un",1,7,cals_compact_explain,5,"{""Horn"": 7, ""Unary"": 9}","horn","StructuralHorn"
"titanic-un",2,5,unary,1,"{""Unary"": 24}","uncommitted","StructuralHorn"
"titanic-un",2,5,horn,1,"{""Horn"": 22}","horn","StructuralHorn"
"titanic-un",2,5,antihorn,1,"{""AntiHorn"": 20}","antihorn","StructuralAntiHorn"
"titanic-un",2,5,square2cnf,1,"{""Square2Cnf"": 23}","two_sat","TwoSat"
"titanic-un",2,5,affine,1,"{""Affine"": 21}","affine_gf2","Gf2Gaussian"
"titanic-un",2,5,smart_certified,5,"{""Affine"": 1, ""AntiHorn"": 1, ""Horn"": 2, ""Unary"": 17}","uncommitted|horn|antihorn|affine_gf2","Gf2Gaussian|StructuralAntiHorn|StructuralHorn"
"titanic-un",2,5,cals,5,"{""Square2Cnf"": 3, ""Unary"": 4}","two_sat","TwoSat"
"titanic-un",2,5,cals_compact_explain,5,"{""Square2Cnf"": 1}","two_sat","TwoSat"
"titanic-un",2,7,unary,1,"{""Unary"": 45}","uncommitted","StructuralHorn"
"titanic-un",2,7,horn,1,"{""Horn"": 42}","horn","StructuralHorn"
"titanic-un",2,7,antihorn,1,"{""AntiHorn"": 35}","antihorn","StructuralAntiHorn"
"titanic-un",2,7,square2cnf,1,"{""Square2Cnf"": 42}","two_sat","TwoSat"
"titanic-un",2,7,affine,1,"{""Affine"": 40}","affine_gf2","Gf2Gaussian"
"titanic-un",2,7,smart_certified,5,"{""Affine"": 2, ""AntiHorn"": 1, ""Horn"": 5, ""Unary"": 34}","uncommitted|horn|antihorn|affine_gf2","Gf2Gaussian|StructuralAntiHorn|StructuralHorn"
"titanic-un",2,7,cals,5,"{""Square2Cnf"": 3, ""Unary"": 4}","two_sat","TwoSat"
"titanic-un",2,7,cals_compact_explain,5,"{""Square2Cnf"": 1}","two_sat","TwoSat"
"titanic-un",3,5,unary,1,"{""Unary"": 19}","uncommitted","StructuralHorn"
"titanic-un",3,5,horn,1,"{""Horn"": 19}","horn","StructuralHorn"
"titanic-un",3,5,antihorn,1,"{""AntiHorn"": 17}","antihorn","StructuralAntiHorn"
"titanic-un",3,5,square2cnf,1,"{""Square2Cnf"": 19}","two_sat","TwoSat"
"titanic-un",3,5,affine,1,"{""Affine"": 15}","affine_gf2","Gf2Gaussian"
"titanic-un",3,5,smart_certified,5,"{""AntiHorn"": 1, ""Horn"": 1, ""Unary"": 16}","uncommitted|horn|antihorn","StructuralAntiHorn|StructuralHorn"
"titanic-un",3,5,cals,5,"{""Square2Cnf"": 1, ""Unary"": 4}","uncommitted|two_sat","StructuralHorn|TwoSat"
"titanic-un",3,5,cals_compact_explain,5,"{""Square2Cnf"": 1, ""Unary"": 4}","uncommitted|two_sat","StructuralHorn|TwoSat"
"titanic-un",3,7,unary,1,"{""Unary"": 36}","uncommitted","StructuralHorn"
"titanic-un",3,7,horn,1,"{""Horn"": 38}","horn","StructuralHorn"
"titanic-un",3,7,antihorn,1,"{""AntiHorn"": 38}","antihorn","StructuralAntiHorn"
"titanic-un",3,7,square2cnf,1,"{""Square2Cnf"": 39}","two_sat","TwoSat"
"titanic-un",3,7,affine,1,"{""Affine"": 23}","affine_gf2","Gf2Gaussian"
"titanic-un",3,7,smart_certified,5,"{""AntiHorn"": 1, ""Horn"": 1, ""Unary"": 32}","uncommitted|horn|antihorn","StructuralAntiHorn|StructuralHorn"
"titanic-un",3,7,cals,5,"{""Square2Cnf"": 2, ""Unary"": 6}","uncommitted|two_sat","StructuralHorn|TwoSat"
"titanic-un",3,7,cals_compact_explain,5,"{""Square2Cnf"": 2, ""Unary"": 5}","uncommitted|two_sat","StructuralHorn|TwoSat"
"titanic-un",4,5,unary,1,"{""Unary"": 15}","uncommitted","StructuralHorn"
"titanic-un",4,5,horn,1,"{""Horn"": 17}","horn","StructuralHorn"
"titanic-un",4,5,antihorn,1,"{""AntiHorn"": 17}","antihorn","StructuralAntiHorn"
"titanic-un",4,5,square2cnf,1,"{""Square2Cnf"": 16}","two_sat","TwoSat"
"titanic-un",4,5,affine,1,"{""Affine"": 12}","affine_gf2","Gf2Gaussian"
"titanic-un",4,5,smart_certified,5,"{""Horn"": 1, ""Unary"": 14}","uncommitted|horn","StructuralHorn"
"titanic-un",4,5,cals,5,"{""Horn"": 3}","horn","StructuralHorn"
"titanic-un",4,5,cals_compact_explain,5,"{""Horn"": 3, ""Unary"": 2}","horn","StructuralHorn"
"titanic-un",4,7,unary,1,"{""Unary"": 29}","uncommitted","StructuralHorn"
"titanic-un",4,7,horn,1,"{""Horn"": 39}","horn","StructuralHorn"
"titanic-un",4,7,antihorn,1,"{""AntiHorn"": 29}","antihorn","StructuralAntiHorn"
"titanic-un",4,7,square2cnf,1,"{""Square2Cnf"": 31}","two_sat","TwoSat"
"titanic-un",4,7,affine,1,"{""Affine"": 22}","affine_gf2","Gf2Gaussian"
"titanic-un",4,7,smart_certified,5,"{""Horn"": 2, ""Unary"": 27}","uncommitted|horn","StructuralHorn"
"titanic-un",4,7,cals,5,"{""Horn"": 3}","horn","StructuralHorn"
"titanic-un",4,7,cals_compact_explain,5,"{""Horn"": 3, ""Unary"": 4}","horn","StructuralHorn"
"titanic-un",5,5,unary,1,"{""Unary"": 25}","uncommitted","StructuralHorn"
"titanic-un",5,5,horn,1,"{""Horn"": 21}","horn","StructuralHorn"
"titanic-un",5,5,antihorn,1,"{""AntiHorn"": 21}","antihorn","StructuralAntiHorn"
"titanic-un",5,5,square2cnf,1,"{""Square2Cnf"": 20}","two_sat","TwoSat"
"titanic-un",5,5,affine,1,"{""Affine"": 16}","affine_gf2","Gf2Gaussian"
"titanic-un",5,5,smart_certified,5,"{""Horn"": 2, ""Unary"": 23}","uncommitted|horn","StructuralHorn"
"titanic-un",5,5,cals,5,"{""Horn"": 2, ""Unary"": 3}","horn","StructuralHorn"
"titanic-un",5,5,cals_compact_explain,5,"{""Horn"": 1}","horn","StructuralHorn"
"titanic-un",5,7,unary,1,"{""Unary"": 47}","uncommitted","StructuralHorn"
"titanic-un",5,7,horn,1,"{""Horn"": 43}","horn","StructuralHorn"
"titanic-un",5,7,antihorn,1,"{""AntiHorn"": 40}","antihorn","StructuralAntiHorn"
"titanic-un",5,7,square2cnf,1,"{""Square2Cnf"": 41}","two_sat","TwoSat"
"titanic-un",5,7,affine,1,"{""Affine"": 30}","affine_gf2","Gf2Gaussian"
"titanic-un",5,7,smart_certified,5,"{""Affine"": 4, ""AntiHorn"": 2, ""Horn"": 5, ""Unary"": 35}","uncommitted|horn|antihorn|affine_gf2","Gf2Gaussian|StructuralAntiHorn|StructuralHorn"
"titanic-un",5,7,cals,5,"{""Horn"": 3, ""Unary"": 5}","horn","StructuralHorn"
"titanic-un",5,7,cals_compact_explain,5,"{""Horn"": 1}","horn","StructuralHorn"
"titanic-un",6,5,unary,1,"{""Unary"": 24}","uncommitted","StructuralHorn"
"titanic-un",6,5,horn,1,"{""Horn"": 20}","horn","StructuralHorn"
"titanic-un",6,5,antihorn,1,"{""AntiHorn"": 21}","antihorn","StructuralAntiHorn"
"titanic-un",6,5,square2cnf,1,"{""Square2Cnf"": 22}","two_sat","TwoSat"
"titanic-un",6,5,affine,1,"{""Affine"": 19}","affine_gf2","Gf2Gaussian"
"titanic-un",6,5,smart_certified,5,"{""AntiHorn"": 1, ""Horn"": 1, ""Unary"": 21}","uncommitted|horn|antihorn","StructuralAntiHorn|StructuralHorn"
"titanic-un",6,5,cals,5,"{""Square2Cnf"": 2, ""Unary"": 6}","two_sat","TwoSat"
"titanic-un",6,5,cals_compact_explain,5,"{""Horn"": 1, ""Unary"": 8}","uncommitted|horn","StructuralHorn"
"titanic-un",6,7,unary,1,"{""Unary"": 45}","uncommitted","StructuralHorn"
"titanic-un",6,7,horn,1,"{""Horn"": 40}","horn","StructuralHorn"
"titanic-un",6,7,antihorn,1,"{""AntiHorn"": 37}","antihorn","StructuralAntiHorn"
"titanic-un",6,7,square2cnf,1,"{""Square2Cnf"": 42}","two_sat","TwoSat"
"titanic-un",6,7,affine,1,"{""Affine"": 33}","affine_gf2","Gf2Gaussian"
"titanic-un",6,7,smart_certified,5,"{""AntiHorn"": 2, ""Horn"": 2, ""Unary"": 39}","uncommitted|horn|antihorn","StructuralAntiHorn|StructuralHorn"
"titanic-un",6,7,cals,5,"{""Square2Cnf"": 10, ""Unary"": 9}","two_sat","TwoSat"
"titanic-un",6,7,cals_compact_explain,5,"{""Horn"": 1, ""Unary"": 8}","uncommitted|horn","StructuralHorn"
"titanic-un",7,5,unary,1,"{""Unary"": 20}","uncommitted","StructuralHorn"
"titanic-un",7,5,horn,1,"{""Horn"": 22}","horn","StructuralHorn"
"titanic-un",7,5,antihorn,1,"{""AntiHorn"": 22}","antihorn","StructuralAntiHorn"
"titanic-un",7,5,square2cnf,1,"{""Square2Cnf"": 22}","two_sat","TwoSat"
"titanic-un",7,5,affine,1,"{""Affine"": 17}","affine_gf2","Gf2Gaussian"
"titanic-un",7,5,smart_certified,5,"{""Horn"": 1, ""Unary"": 19}","uncommitted|horn","StructuralHorn"
"titanic-un",7,5,cals,5,"{""Square2Cnf"": 5, ""Unary"": 5}","two_sat","TwoSat"
"titanic-un",7,5,cals_compact_explain,5,"{""Square2Cnf"": 1}","two_sat","TwoSat"
"titanic-un",7,7,unary,1,"{""Unary"": 35}","uncommitted","StructuralHorn"
"titanic-un",7,7,horn,1,"{""Horn"": 41}","horn","StructuralHorn"
"titanic-un",7,7,antihorn,1,"{""AntiHorn"": 41}","antihorn","StructuralAntiHorn"
"titanic-un",7,7,square2cnf,1,"{""Square2Cnf"": 42}","two_sat","TwoSat"
"titanic-un",7,7,affine,1,"{""Affine"": 33}","affine_gf2","Gf2Gaussian"
"titanic-un",7,7,smart_certified,5,"{""Horn"": 1, ""Unary"": 33}","uncommitted|horn","StructuralHorn"
"titanic-un",7,7,cals,5,"{""Square2Cnf"": 6, ""Unary"": 8}","two_sat","TwoSat"
"titanic-un",7,7,cals_compact_explain,5,"{""Square2Cnf"": 1}","two_sat","TwoSat"
"titanic-un",8,5,unary,1,"{""Unary"": 22}","uncommitted","StructuralHorn"
"titanic-un",8,5,horn,1,"{""Horn"": 14}","horn","StructuralHorn"
"titanic-un",8,5,antihorn,1,"{""AntiHorn"": 20}","antihorn","StructuralAntiHorn"
"titanic-un",8,5,square2cnf,1,"{""Square2Cnf"": 21}","two_sat","TwoSat"
"titanic-un",8,5,affine,1,"{""Affine"": 22}","affine_gf2","Gf2Gaussian"
"titanic-un",8,5,smart_certified,5,"{""Affine"": 1, ""Unary"": 21}","uncommitted|affine_gf2","Gf2Gaussian|StructuralHorn"
"titanic-un",8,5,cals,5,"{""Horn"": 3, ""Unary"": 3}","horn","StructuralHorn"
"titanic-un",8,5,cals_compact_explain,5,"{""Horn"": 3, ""Unary"": 5}","horn","StructuralHorn"
"titanic-un",8,7,unary,1,"{""Unary"": 44}","uncommitted","StructuralHorn"
"titanic-un",8,7,horn,1,"{""Horn"": 24}","horn","StructuralHorn"
"titanic-un",8,7,antihorn,1,"{""AntiHorn"": 32}","antihorn","StructuralAntiHorn"
"titanic-un",8,7,square2cnf,1,"{""Square2Cnf"": 44}","two_sat","TwoSat"
"titanic-un",8,7,affine,1,"{""Affine"": 41}","affine_gf2","Gf2Gaussian"
"titanic-un",8,7,smart_certified,5,"{""Affine"": 1, ""Horn"": 3, ""Unary"": 40}","uncommitted|horn|affine_gf2","Gf2Gaussian|StructuralHorn"
"titanic-un",8,7,cals,5,"{""Horn"": 4, ""Unary"": 6}","horn","StructuralHorn"
"titanic-un",8,7,cals_compact_explain,5,"{""Horn"": 3, ""Unary"": 6}","horn","StructuralHorn"
"titanic-un",9,5,unary,1,"{""Unary"": 21}","uncommitted","StructuralHorn"
"titanic-un",9,5,horn,1,"{""Horn"": 19}","horn","StructuralHorn"
"titanic-un",9,5,antihorn,1,"{""AntiHorn"": 17}","antihorn","StructuralAntiHorn"
"titanic-un",9,5,square2cnf,1,"{""Square2Cnf"": 18}","two_sat","TwoSat"
"titanic-un",9,5,affine,1,"{""Affine"": 16}","affine_gf2","Gf2Gaussian"
"titanic-un",9,5,smart_certified,5,"{""Affine"": 1, ""Horn"": 1, ""Unary"": 19}","uncommitted|horn|affine_gf2","Gf2Gaussian|StructuralHorn"
"titanic-un",9,5,cals,5,"{""Horn"": 3, ""Unary"": 4}","horn","StructuralHorn"
"titanic-un",9,5,cals_compact_explain,5,"{""Horn"": 1}","horn","StructuralHorn"
"titanic-un",9,7,unary,1,"{""Unary"": 39}","uncommitted","StructuralHorn"
"titanic-un",9,7,horn,1,"{""Horn"": 33}","horn","StructuralHorn"
"titanic-un",9,7,antihorn,1,"{""AntiHorn"": 31}","antihorn","StructuralAntiHorn"
"titanic-un",9,7,square2cnf,1,"{""Square2Cnf"": 31}","two_sat","TwoSat"
"titanic-un",9,7,affine,1,"{""Affine"": 24}","affine_gf2","Gf2Gaussian"
"titanic-un",9,7,smart_certified,5,"{""Affine"": 4, ""Horn"": 2, ""Unary"": 32}","uncommitted|horn|affine_gf2","Gf2Gaussian|StructuralHorn"
"titanic-un",9,7,cals,5,"{""Horn"": 4, ""Unary"": 5}","horn","StructuralHorn"
"titanic-un",9,7,cals_compact_explain,5,"{""Horn"": 1}","horn","StructuralHorn"
"vehicle",0,5,unary,1,"{""Unary"": 16}","uncommitted","StructuralHorn"
"vehicle",0,5,horn,1,"{""Horn"": 15}","horn","StructuralHorn"
"vehicle",0,5,antihorn,1,"{""AntiHorn"": 15}","antihorn","StructuralAntiHorn"
"vehicle",0,5,square2cnf,1,"{""Square2Cnf"": 15}","two_sat","TwoSat"
"vehicle",0,5,affine,1,"{""Affine"": 16}","affine_gf2","Gf2Gaussian"
"vehicle",0,5,smart_certified,5,"{""Horn"": 2, ""Unary"": 14}","uncommitted|horn","StructuralHorn"
"vehicle",0,5,cals,5,"{""Horn"": 3, ""Unary"": 2}","uncommitted|horn","StructuralHorn"
"vehicle",0,5,cals_compact_explain,5,"{""Horn"": 4, ""Unary"": 2}","horn","StructuralHorn"
"vehicle",0,7,unary,1,"{""Unary"": 27}","uncommitted","StructuralHorn"
"vehicle",0,7,horn,1,"{""Horn"": 23}","horn","StructuralHorn"
"vehicle",0,7,antihorn,1,"{""AntiHorn"": 23}","antihorn","StructuralAntiHorn"
"vehicle",0,7,square2cnf,1,"{""Square2Cnf"": 23}","two_sat","TwoSat"
"vehicle",0,7,affine,1,"{""Affine"": 25}","affine_gf2","Gf2Gaussian"
"vehicle",0,7,smart_certified,5,"{""Horn"": 3, ""Unary"": 22}","uncommitted|horn","StructuralHorn"
"vehicle",0,7,cals,5,"{""Horn"": 5, ""Unary"": 3}","uncommitted|horn","StructuralHorn"
"vehicle",0,7,cals_compact_explain,5,"{""Horn"": 6, ""Unary"": 4}","horn","StructuralHorn"
"vehicle",1,5,unary,1,"{""Unary"": 16}","uncommitted","StructuralHorn"
"vehicle",1,5,horn,1,"{""Horn"": 16}","horn","StructuralHorn"
"vehicle",1,5,antihorn,1,"{""AntiHorn"": 16}","antihorn","StructuralAntiHorn"
"vehicle",1,5,square2cnf,1,"{""Square2Cnf"": 16}","two_sat","TwoSat"
"vehicle",1,5,affine,1,"{""Affine"": 16}","affine_gf2","Gf2Gaussian"
"vehicle",1,5,smart_certified,5,"{""Horn"": 2, ""Unary"": 14}","uncommitted|horn","StructuralHorn"
"vehicle",1,5,cals,5,"{""Horn"": 4, ""Unary"": 4}","horn","StructuralHorn"
"vehicle",1,5,cals_compact_explain,5,"{""Square2Cnf"": 3, ""Unary"": 4}","two_sat","TwoSat"
"vehicle",1,7,unary,1,"{""Unary"": 24}","uncommitted","StructuralHorn"
"vehicle",1,7,horn,1,"{""Horn"": 22}","horn","StructuralHorn"
"vehicle",1,7,antihorn,1,"{""AntiHorn"": 22}","antihorn","StructuralAntiHorn"
"vehicle",1,7,square2cnf,1,"{""Square2Cnf"": 22}","two_sat","TwoSat"
"vehicle",1,7,affine,1,"{""Affine"": 23}","affine_gf2","Gf2Gaussian"
"vehicle",1,7,smart_certified,5,"{""Horn"": 4, ""Unary"": 17}","uncommitted|horn","StructuralHorn"
"vehicle",1,7,cals,5,"{""Horn"": 5, ""Unary"": 4}","horn","StructuralHorn"
"vehicle",1,7,cals_compact_explain,5,"{""Square2Cnf"": 5, ""Unary"": 4}","two_sat","TwoSat"
"vehicle",2,5,unary,1,"{""Unary"": 17}","uncommitted","StructuralHorn"
"vehicle",2,5,horn,1,"{""Horn"": 18}","horn","StructuralHorn"
"vehicle",2,5,antihorn,1,"{""AntiHorn"": 18}","antihorn","StructuralAntiHorn"
"vehicle",2,5,square2cnf,1,"{""Square2Cnf"": 18}","two_sat","TwoSat"
"vehicle",2,5,affine,1,"{""Affine"": 17}","affine_gf2","Gf2Gaussian"
"vehicle",2,5,smart_certified,5,"{""Horn"": 2, ""Unary"": 15}","uncommitted|horn","StructuralHorn"
"vehicle",2,5,cals,5,"{""Horn"": 3, ""Unary"": 3}","horn","StructuralHorn"
"vehicle",2,5,cals_compact_explain,5,"{""Horn"": 8, ""Unary"": 4}","horn","StructuralHorn"
"vehicle",2,7,unary,1,"{""Unary"": 26}","uncommitted","StructuralHorn"
"vehicle",2,7,horn,1,"{""Horn"": 27}","horn","StructuralHorn"
"vehicle",2,7,antihorn,1,"{""AntiHorn"": 27}","antihorn","StructuralAntiHorn"
"vehicle",2,7,square2cnf,1,"{""Square2Cnf"": 27}","two_sat","TwoSat"
"vehicle",2,7,affine,1,"{""Affine"": 28}","affine_gf2","Gf2Gaussian"
"vehicle",2,7,smart_certified,5,"{""Horn"": 3, ""Unary"": 22}","uncommitted|horn","StructuralHorn"
"vehicle",2,7,cals,5,"{""Horn"": 3, ""Unary"": 3}","horn","StructuralHorn"
"vehicle",2,7,cals_compact_explain,5,"{""Horn"": 10, ""Unary"": 4}","horn","StructuralHorn"
"vehicle",3,5,unary,1,"{""Unary"": 16}","uncommitted","StructuralHorn"
"vehicle",3,5,horn,1,"{""Horn"": 15}","horn","StructuralHorn"
"vehicle",3,5,antihorn,1,"{""AntiHorn"": 15}","antihorn","StructuralAntiHorn"
"vehicle",3,5,square2cnf,1,"{""Square2Cnf"": 15}","two_sat","TwoSat"
"vehicle",3,5,affine,1,"{""Affine"": 17}","affine_gf2","Gf2Gaussian"
"vehicle",3,5,smart_certified,5,"{""Horn"": 2, ""Unary"": 14}","uncommitted|horn","StructuralHorn"
"vehicle",3,5,cals,5,"{""Horn"": 4, ""Unary"": 2}","horn","StructuralHorn"
"vehicle",3,5,cals_compact_explain,5,"{""Horn"": 4, ""Unary"": 6}","uncommitted|horn","StructuralHorn"
"vehicle",3,7,unary,1,"{""Unary"": 23}","uncommitted","StructuralHorn"
"vehicle",3,7,horn,1,"{""Horn"": 19}","horn","StructuralHorn"
"vehicle",3,7,antihorn,1,"{""AntiHorn"": 19}","antihorn","StructuralAntiHorn"
"vehicle",3,7,square2cnf,1,"{""Square2Cnf"": 19}","two_sat","TwoSat"
"vehicle",3,7,affine,1,"{""Affine"": 25}","affine_gf2","Gf2Gaussian"
"vehicle",3,7,smart_certified,5,"{""Horn"": 3, ""Unary"": 18}","uncommitted|horn","StructuralHorn"
"vehicle",3,7,cals,5,"{""Horn"": 5, ""Unary"": 3}","horn","StructuralHorn"
"vehicle",3,7,cals_compact_explain,5,"{""Horn"": 6, ""Unary"": 7}","uncommitted|horn","StructuralHorn"
"vehicle",4,5,unary,1,"{""Unary"": 14}","uncommitted","StructuralHorn"
"vehicle",4,5,horn,1,"{""Horn"": 11}","horn","StructuralHorn"
"vehicle",4,5,antihorn,1,"{""AntiHorn"": 11}","antihorn","StructuralAntiHorn"
"vehicle",4,5,square2cnf,1,"{""Square2Cnf"": 11}","two_sat","TwoSat"
"vehicle",4,5,affine,1,"{""Affine"": 15}","affine_gf2","Gf2Gaussian"
"vehicle",4,5,smart_certified,5,"{""Affine"": 1, ""Horn"": 1, ""Unary"": 10}","uncommitted|horn|affine_gf2","Gf2Gaussian|StructuralHorn"
"vehicle",4,5,cals,5,"{""Affine"": 1, ""Unary"": 4}","affine_gf2","Gf2Gaussian"
"vehicle",4,5,cals_compact_explain,5,"{""Square2Cnf"": 5, ""Unary"": 4}","two_sat","TwoSat"
"vehicle",4,7,unary,1,"{""Unary"": 20}","uncommitted","StructuralHorn"
"vehicle",4,7,horn,1,"{""Horn"": 17}","horn","StructuralHorn"
"vehicle",4,7,antihorn,1,"{""AntiHorn"": 17}","antihorn","StructuralAntiHorn"
"vehicle",4,7,square2cnf,1,"{""Square2Cnf"": 17}","two_sat","TwoSat"
"vehicle",4,7,affine,1,"{""Affine"": 23}","affine_gf2","Gf2Gaussian"
"vehicle",4,7,smart_certified,5,"{""Affine"": 1, ""Horn"": 1, ""Unary"": 16}","uncommitted|horn|affine_gf2","Gf2Gaussian|StructuralHorn"
"vehicle",4,7,cals,5,"{""Affine"": 1, ""Unary"": 4}","affine_gf2","Gf2Gaussian"
"vehicle",4,7,cals_compact_explain,5,"{""Square2Cnf"": 6, ""Unary"": 4}","two_sat","TwoSat"
"vehicle",5,5,unary,1,"{""Unary"": 15}","uncommitted","StructuralHorn"
"vehicle",5,5,horn,1,"{""Horn"": 16}","horn","StructuralHorn"
"vehicle",5,5,antihorn,1,"{""AntiHorn"": 16}","antihorn","StructuralAntiHorn"
"vehicle",5,5,square2cnf,1,"{""Square2Cnf"": 16}","two_sat","TwoSat"
"vehicle",5,5,affine,1,"{""Affine"": 14}","affine_gf2","Gf2Gaussian"
"vehicle",5,5,smart_certified,5,"{""Horn"": 3, ""Unary"": 12}","uncommitted|horn","StructuralHorn"
"vehicle",5,5,cals,5,"{""Horn"": 3, ""Unary"": 3}","uncommitted|horn","StructuralHorn"
"vehicle",5,5,cals_compact_explain,5,"{""Horn"": 3, ""Unary"": 2}","uncommitted|horn","StructuralHorn"
"vehicle",5,7,unary,1,"{""Unary"": 28}","uncommitted","StructuralHorn"
"vehicle",5,7,horn,1,"{""Horn"": 25}","horn","StructuralHorn"
"vehicle",5,7,antihorn,1,"{""AntiHorn"": 25}","antihorn","StructuralAntiHorn"
"vehicle",5,7,square2cnf,1,"{""Square2Cnf"": 25}","two_sat","TwoSat"
"vehicle",5,7,affine,1,"{""Affine"": 24}","affine_gf2","Gf2Gaussian"
"vehicle",5,7,smart_certified,5,"{""Affine"": 2, ""Horn"": 3, ""Unary"": 20}","uncommitted|horn|affine_gf2","Gf2Gaussian|StructuralHorn"
"vehicle",5,7,cals,5,"{""Horn"": 7, ""Unary"": 3}","uncommitted|horn","StructuralHorn"
"vehicle",5,7,cals_compact_explain,5,"{""Horn"": 8, ""Unary"": 3}","uncommitted|horn","StructuralHorn"
"vehicle",6,5,unary,1,"{""Unary"": 13}","uncommitted","StructuralHorn"
"vehicle",6,5,horn,1,"{""Horn"": 12}","horn","StructuralHorn"
"vehicle",6,5,antihorn,1,"{""AntiHorn"": 12}","antihorn","StructuralAntiHorn"
"vehicle",6,5,square2cnf,1,"{""Square2Cnf"": 12}","two_sat","TwoSat"
"vehicle",6,5,affine,1,"{""Affine"": 15}","affine_gf2","Gf2Gaussian"
"vehicle",6,5,smart_certified,5,"{""Affine"": 1, ""Horn"": 1, ""Unary"": 11}","uncommitted|horn|affine_gf2","Gf2Gaussian|StructuralHorn"
"vehicle",6,5,cals,5,"{""Horn"": 3, ""Unary"": 1}","horn","StructuralHorn"
"vehicle",6,5,cals_compact_explain,5,"{""Horn"": 4, ""Unary"": 1}","horn","StructuralHorn"
"vehicle",6,7,unary,1,"{""Unary"": 19}","uncommitted","StructuralHorn"
"vehicle",6,7,horn,1,"{""Horn"": 17}","horn","StructuralHorn"
"vehicle",6,7,antihorn,1,"{""AntiHorn"": 17}","antihorn","StructuralAntiHorn"
"vehicle",6,7,square2cnf,1,"{""Square2Cnf"": 17}","two_sat","TwoSat"
"vehicle",6,7,affine,1,"{""Affine"": 21}","affine_gf2","Gf2Gaussian"
"vehicle",6,7,smart_certified,5,"{""Affine"": 2, ""Horn"": 1, ""Unary"": 15}","uncommitted|horn|affine_gf2","Gf2Gaussian|StructuralHorn"
"vehicle",6,7,cals,5,"{""Horn"": 3, ""Unary"": 1}","horn","StructuralHorn"
"vehicle",6,7,cals_compact_explain,5,"{""Horn"": 4, ""Unary"": 1}","horn","StructuralHorn"
"vehicle",7,5,unary,1,"{""Unary"": 15}","uncommitted","StructuralHorn"
"vehicle",7,5,horn,1,"{""Horn"": 13}","horn","StructuralHorn"
"vehicle",7,5,antihorn,1,"{""AntiHorn"": 13}","antihorn","StructuralAntiHorn"
"vehicle",7,5,square2cnf,1,"{""Square2Cnf"": 13}","two_sat","TwoSat"
"vehicle",7,5,affine,1,"{""Affine"": 14}","affine_gf2","Gf2Gaussian"
"vehicle",7,5,smart_certified,5,"{""Horn"": 4, ""Unary"": 9}","uncommitted|horn","StructuralHorn"
"vehicle",7,5,cals,5,"{""Affine"": 2, ""Unary"": 3}","affine_gf2","Gf2Gaussian"
"vehicle",7,5,cals_compact_explain,5,"{""Affine"": 2}","affine_gf2","Gf2Gaussian"
"vehicle",7,7,unary,1,"{""Unary"": 24}","uncommitted","StructuralHorn"
"vehicle",7,7,horn,1,"{""Horn"": 17}","horn","StructuralHorn"
"vehicle",7,7,antihorn,1,"{""AntiHorn"": 17}","antihorn","StructuralAntiHorn"
"vehicle",7,7,square2cnf,1,"{""Square2Cnf"": 17}","two_sat","TwoSat"
"vehicle",7,7,affine,1,"{""Affine"": 21}","affine_gf2","Gf2Gaussian"
"vehicle",7,7,smart_certified,5,"{""Horn"": 7, ""Unary"": 11}","uncommitted|horn","StructuralHorn"
"vehicle",7,7,cals,5,"{""Affine"": 2, ""Unary"": 3}","affine_gf2","Gf2Gaussian"
"vehicle",7,7,cals_compact_explain,5,"{""Affine"": 2}","affine_gf2","Gf2Gaussian"
"vehicle",8,5,unary,1,"{""Unary"": 14}","uncommitted","StructuralHorn"
"vehicle",8,5,horn,1,"{""Horn"": 12}","horn","StructuralHorn"
"vehicle",8,5,antihorn,1,"{""AntiHorn"": 12}","antihorn","StructuralAntiHorn"
"vehicle",8,5,square2cnf,1,"{""Square2Cnf"": 12}","two_sat","TwoSat"
"vehicle",8,5,affine,1,"{""Affine"": 15}","affine_gf2","Gf2Gaussian"
"vehicle",8,5,smart_certified,5,"{""Horn"": 4, ""Unary"": 9}","uncommitted|horn","StructuralHorn"
"vehicle",8,5,cals,5,"{""Horn"": 4, ""Unary"": 1}","horn","StructuralHorn"
"vehicle",8,5,cals_compact_explain,5,"{""Horn"": 7, ""Unary"": 2}","horn","StructuralHorn"
"vehicle",8,7,unary,1,"{""Unary"": 23}","uncommitted","StructuralHorn"
"vehicle",8,7,horn,1,"{""Horn"": 18}","horn","StructuralHorn"
"vehicle",8,7,antihorn,1,"{""AntiHorn"": 18}","antihorn","StructuralAntiHorn"
"vehicle",8,7,square2cnf,1,"{""Square2Cnf"": 18}","two_sat","TwoSat"
"vehicle",8,7,affine,1,"{""Affine"": 22}","affine_gf2","Gf2Gaussian"
"vehicle",8,7,smart_certified,5,"{""Horn"": 6, ""Unary"": 11}","uncommitted|horn","StructuralHorn"
"vehicle",8,7,cals,5,"{""Horn"": 4, ""Unary"": 1}","horn","StructuralHorn"
"vehicle",8,7,cals_compact_explain,5,"{""Horn"": 7, ""Unary"": 2}","horn","StructuralHorn"
"vehicle",9,5,unary,1,"{""Unary"": 15}","uncommitted","StructuralHorn"
"vehicle",9,5,horn,1,"{""Horn"": 14}","horn","StructuralHorn"
"vehicle",9,5,antihorn,1,"{""AntiHorn"": 14}","antihorn","StructuralAntiHorn"
"vehicle",9,5,square2cnf,1,"{""Square2Cnf"": 14}","two_sat","TwoSat"
"vehicle",9,5,affine,1,"{""Affine"": 18}","affine_gf2","Gf2Gaussian"
"vehicle",9,5,smart_certified,5,"{""Horn"": 2, ""Unary"": 13}","uncommitted|horn","StructuralHorn"
"vehicle",9,5,cals,5,"{""Horn"": 2, ""Unary"": 4}","uncommitted|horn","StructuralHorn"
"vehicle",9,5,cals_compact_explain,5,"{""Horn"": 1, ""Unary"": 5}","uncommitted|horn","StructuralHorn"
"vehicle",9,7,unary,1,"{""Unary"": 25}","uncommitted","StructuralHorn"
"vehicle",9,7,horn,1,"{""Horn"": 22}","horn","StructuralHorn"
"vehicle",9,7,antihorn,1,"{""AntiHorn"": 22}","antihorn","StructuralAntiHorn"
"vehicle",9,7,square2cnf,1,"{""Square2Cnf"": 22}","two_sat","TwoSat"
"vehicle",9,7,affine,1,"{""Affine"": 28}","affine_gf2","Gf2Gaussian"
"vehicle",9,7,smart_certified,5,"{""Horn"": 2, ""Unary"": 20}","uncommitted|horn","StructuralHorn"
"vehicle",9,7,cals,5,"{""Horn"": 3, ""Unary"": 4}","uncommitted|horn","StructuralHorn"
"vehicle",9,7,cals_compact_explain,5,"{""Horn"": 2, ""Unary"": 5}","uncommitted|horn","StructuralHorn"
"vote",0,5,unary,1,"{""Unary"": 12}","uncommitted","StructuralHorn"
"vote",0,5,horn,1,"{""Horn"": 9}","horn","StructuralHorn"
"vote",0,5,antihorn,1,"{""AntiHorn"": 9}","antihorn","StructuralAntiHorn"
"vote",0,5,square2cnf,1,"{""Square2Cnf"": 9}","two_sat","TwoSat"
"vote",0,5,affine,1,"{""Affine"": 13}","affine_gf2","Gf2Gaussian"
"vote",0,5,smart_certified,5,"{""Square2Cnf"": 2, ""Unary"": 9}","uncommitted|two_sat","StructuralHorn|TwoSat"
"vote",0,5,cals,5,"{""Unary"": 1}","uncommitted","StructuralHorn"
"vote",0,5,cals_compact_explain,5,"{""Horn"": 1, ""Unary"": 2}","uncommitted|horn","StructuralHorn"
"vote",0,7,unary,1,"{""Unary"": 14}","uncommitted","StructuralHorn"
"vote",0,7,horn,1,"{""Horn"": 10}","horn","StructuralHorn"
"vote",0,7,antihorn,1,"{""AntiHorn"": 10}","antihorn","StructuralAntiHorn"
"vote",0,7,square2cnf,1,"{""Square2Cnf"": 10}","two_sat","TwoSat"
"vote",0,7,affine,1,"{""Affine"": 15}","affine_gf2","Gf2Gaussian"
"vote",0,7,smart_certified,5,"{""Square2Cnf"": 2, ""Unary"": 9}","uncommitted|two_sat","StructuralHorn|TwoSat"
"vote",0,7,cals,5,"{""Unary"": 1}","uncommitted","StructuralHorn"
"vote",0,7,cals_compact_explain,5,"{""Horn"": 1, ""Unary"": 2}","uncommitted|horn","StructuralHorn"
"vote",1,5,unary,1,"{""Unary"": 12}","uncommitted","StructuralHorn"
"vote",1,5,horn,1,"{""Horn"": 7}","horn","StructuralHorn"
"vote",1,5,antihorn,1,"{""AntiHorn"": 9}","antihorn","StructuralAntiHorn"
"vote",1,5,square2cnf,1,"{""Square2Cnf"": 8}","two_sat","TwoSat"
"vote",1,5,affine,1,"{""Affine"": 16}","affine_gf2","Gf2Gaussian"
"vote",1,5,smart_certified,5,"{""Affine"": 1, ""Horn"": 4, ""Unary"": 6}","uncommitted|horn|affine_gf2","Gf2Gaussian|StructuralHorn"
"vote",1,5,cals,5,"{""Square2Cnf"": 1}","two_sat","TwoSat"
"vote",1,5,cals_compact_explain,5,"{""Square2Cnf"": 1}","two_sat","TwoSat"
"vote",1,7,unary,1,"{""Unary"": 16}","uncommitted","StructuralHorn"
"vote",1,7,horn,1,"{""Horn"": 9}","horn","StructuralHorn"
"vote",1,7,antihorn,1,"{""AntiHorn"": 11}","antihorn","StructuralAntiHorn"
"vote",1,7,square2cnf,1,"{""Square2Cnf"": 10}","two_sat","TwoSat"
"vote",1,7,affine,1,"{""Affine"": 18}","affine_gf2","Gf2Gaussian"
"vote",1,7,smart_certified,5,"{""Affine"": 1, ""Horn"": 5, ""Unary"": 6}","uncommitted|horn|affine_gf2","Gf2Gaussian|StructuralHorn"
"vote",1,7,cals,5,"{""Square2Cnf"": 1}","two_sat","TwoSat"
"vote",1,7,cals_compact_explain,5,"{""Square2Cnf"": 1}","two_sat","TwoSat"
"vote",2,5,unary,1,"{""Unary"": 16}","uncommitted","StructuralHorn"
"vote",2,5,horn,1,"{""Horn"": 12}","horn","StructuralHorn"
"vote",2,5,antihorn,1,"{""AntiHorn"": 11}","antihorn","StructuralAntiHorn"
"vote",2,5,square2cnf,1,"{""Square2Cnf"": 10}","two_sat","TwoSat"
"vote",2,5,affine,1,"{""Affine"": 11}","affine_gf2","Gf2Gaussian"
"vote",2,5,smart_certified,5,"{""Affine"": 2, ""Horn"": 2, ""Unary"": 10}","uncommitted|horn|affine_gf2","Gf2Gaussian|StructuralHorn"
"vote",2,5,cals,5,"{""Square2Cnf"": 1}","two_sat","TwoSat"
"vote",2,5,cals_compact_explain,5,"{""Square2Cnf"": 1}","two_sat","TwoSat"
"vote",2,7,unary,1,"{""Unary"": 19}","uncommitted","StructuralHorn"
"vote",2,7,horn,1,"{""Horn"": 13}","horn","StructuralHorn"
"vote",2,7,antihorn,1,"{""AntiHorn"": 11}","antihorn","StructuralAntiHorn"
"vote",2,7,square2cnf,1,"{""Square2Cnf"": 10}","two_sat","TwoSat"
"vote",2,7,affine,1,"{""Affine"": 15}","affine_gf2","Gf2Gaussian"
"vote",2,7,smart_certified,5,"{""Affine"": 2, ""Horn"": 2, ""Unary"": 11}","uncommitted|horn|affine_gf2","Gf2Gaussian|StructuralHorn"
"vote",2,7,cals,5,"{""Square2Cnf"": 1}","two_sat","TwoSat"
"vote",2,7,cals_compact_explain,5,"{""Square2Cnf"": 1}","two_sat","TwoSat"
"vote",3,5,unary,1,"{""Unary"": 17}","uncommitted","StructuralHorn"
"vote",3,5,horn,1,"{""Horn"": 16}","horn","StructuralHorn"
"vote",3,5,antihorn,1,"{""AntiHorn"": 16}","antihorn","StructuralAntiHorn"
"vote",3,5,square2cnf,1,"{""Square2Cnf"": 12}","two_sat","TwoSat"
"vote",3,5,affine,1,"{""Affine"": 17}","affine_gf2","Gf2Gaussian"
"vote",3,5,smart_certified,5,"{""Affine"": 2, ""Horn"": 2, ""Unary"": 13}","uncommitted|horn|affine_gf2","Gf2Gaussian|StructuralHorn"
"vote",3,5,cals,5,"{""Unary"": 1}","uncommitted","StructuralHorn"
"vote",3,5,cals_compact_explain,5,"{""Unary"": 1}","uncommitted","StructuralHorn"
"vote",3,7,unary,1,"{""Unary"": 21}","uncommitted","StructuralHorn"
"vote",3,7,horn,1,"{""Horn"": 17}","horn","StructuralHorn"
"vote",3,7,antihorn,1,"{""AntiHorn"": 17}","antihorn","StructuralAntiHorn"
"vote",3,7,square2cnf,1,"{""Square2Cnf"": 16}","two_sat","TwoSat"
"vote",3,7,affine,1,"{""Affine"": 20}","affine_gf2","Gf2Gaussian"
"vote",3,7,smart_certified,5,"{""Affine"": 2, ""Horn"": 2, ""Unary"": 13}","uncommitted|horn|affine_gf2","Gf2Gaussian|StructuralHorn"
"vote",3,7,cals,5,"{""Unary"": 1}","uncommitted","StructuralHorn"
"vote",3,7,cals_compact_explain,5,"{""Unary"": 1}","uncommitted","StructuralHorn"
"vote",4,5,unary,1,"{""Unary"": 15}","uncommitted","StructuralHorn"
"vote",4,5,horn,1,"{""Horn"": 11}","horn","StructuralHorn"
"vote",4,5,antihorn,1,"{""AntiHorn"": 11}","antihorn","StructuralAntiHorn"
"vote",4,5,square2cnf,1,"{""Square2Cnf"": 7}","two_sat","TwoSat"
"vote",4,5,affine,1,"{""Affine"": 10}","affine_gf2","Gf2Gaussian"
"vote",4,5,smart_certified,5,"{""Affine"": 2, ""Horn"": 2, ""Unary"": 8}","uncommitted|horn|affine_gf2","Gf2Gaussian|StructuralHorn"
"vote",4,5,cals,5,"{""Square2Cnf"": 3}","two_sat","TwoSat"
"vote",4,5,cals_compact_explain,5,"{""Square2Cnf"": 3}","two_sat","TwoSat"
"vote",4,7,unary,1,"{""Unary"": 17}","uncommitted","StructuralHorn"
"vote",4,7,horn,1,"{""Horn"": 12}","horn","StructuralHorn"
"vote",4,7,antihorn,1,"{""AntiHorn"": 12}","antihorn","StructuralAntiHorn"
"vote",4,7,square2cnf,1,"{""Square2Cnf"": 8}","two_sat","TwoSat"
"vote",4,7,affine,1,"{""Affine"": 12}","affine_gf2","Gf2Gaussian"
"vote",4,7,smart_certified,5,"{""Affine"": 3, ""Horn"": 2, ""Unary"": 8}","uncommitted|horn|affine_gf2","Gf2Gaussian|StructuralHorn"
"vote",4,7,cals,5,"{""Square2Cnf"": 3}","two_sat","TwoSat"
"vote",4,7,cals_compact_explain,5,"{""Square2Cnf"": 3}","two_sat","TwoSat"
"vote",5,5,unary,1,"{""Unary"": 12}","uncommitted","StructuralHorn"
"vote",5,5,horn,1,"{""Horn"": 11}","horn","StructuralHorn"
"vote",5,5,antihorn,1,"{""AntiHorn"": 11}","antihorn","StructuralAntiHorn"
"vote",5,5,square2cnf,1,"{""Square2Cnf"": 9}","two_sat","TwoSat"
"vote",5,5,affine,1,"{""Affine"": 14}","affine_gf2","Gf2Gaussian"
"vote",5,5,smart_certified,5,"{""Horn"": 4, ""Unary"": 7}","uncommitted|horn","StructuralHorn"
"vote",5,5,cals,5,"{""Square2Cnf"": 3}","two_sat","TwoSat"
"vote",5,5,cals_compact_explain,5,"{""AntiHorn"": 2, ""Unary"": 1}","uncommitted|antihorn","StructuralAntiHorn|StructuralHorn"
"vote",5,7,unary,1,"{""Unary"": 14}","uncommitted","StructuralHorn"
"vote",5,7,horn,1,"{""Horn"": 14}","horn","StructuralHorn"
"vote",5,7,antihorn,1,"{""AntiHorn"": 13}","antihorn","StructuralAntiHorn"
"vote",5,7,square2cnf,1,"{""Square2Cnf"": 11}","two_sat","TwoSat"
"vote",5,7,affine,1,"{""Affine"": 18}","affine_gf2","Gf2Gaussian"
"vote",5,7,smart_certified,5,"{""Horn"": 5, ""Unary"": 7}","uncommitted|horn","StructuralHorn"
"vote",5,7,cals,5,"{""Square2Cnf"": 3}","two_sat","TwoSat"
"vote",5,7,cals_compact_explain,5,"{""AntiHorn"": 2, ""Unary"": 1}","uncommitted|antihorn","StructuralAntiHorn|StructuralHorn"
"vote",6,5,unary,1,"{""Unary"": 14}","uncommitted","StructuralHorn"
"vote",6,5,horn,1,"{""Horn"": 12}","horn","StructuralHorn"
"vote",6,5,antihorn,1,"{""AntiHorn"": 13}","antihorn","StructuralAntiHorn"
"vote",6,5,square2cnf,1,"{""Square2Cnf"": 10}","two_sat","TwoSat"
"vote",6,5,affine,1,"{""Affine"": 14}","affine_gf2","Gf2Gaussian"
"vote",6,5,smart_certified,5,"{""AntiHorn"": 2, ""Square2Cnf"": 1, ""Unary"": 10}","uncommitted|antihorn|two_sat","StructuralAntiHorn|StructuralHorn|TwoSat"
"vote",6,5,cals,5,"{""Square2Cnf"": 1}","two_sat","TwoSat"
"vote",6,5,cals_compact_explain,5,"{""Square2Cnf"": 2, ""Unary"": 2}","two_sat","TwoSat"
"vote",6,7,unary,1,"{""Unary"": 16}","uncommitted","StructuralHorn"
"vote",6,7,horn,1,"{""Horn"": 14}","horn","StructuralHorn"
"vote",6,7,antihorn,1,"{""AntiHorn"": 15}","antihorn","StructuralAntiHorn"
"vote",6,7,square2cnf,1,"{""Square2Cnf"": 11}","two_sat","TwoSat"
"vote",6,7,affine,1,"{""Affine"": 15}","affine_gf2","Gf2Gaussian"
"vote",6,7,smart_certified,5,"{""AntiHorn"": 2, ""Square2Cnf"": 2, ""Unary"": 10}","uncommitted|antihorn|two_sat","StructuralAntiHorn|StructuralHorn|TwoSat"
"vote",6,7,cals,5,"{""Square2Cnf"": 1}","two_sat","TwoSat"
"vote",6,7,cals_compact_explain,5,"{""Square2Cnf"": 2, ""Unary"": 2}","two_sat","TwoSat"
"vote",7,5,unary,1,"{""Unary"": 12}","uncommitted","StructuralHorn"
"vote",7,5,horn,1,"{""Horn"": 9}","horn","StructuralHorn"
"vote",7,5,antihorn,1,"{""AntiHorn"": 7}","antihorn","StructuralAntiHorn"
"vote",7,5,square2cnf,1,"{""Square2Cnf"": 7}","two_sat","TwoSat"
"vote",7,5,affine,1,"{""Affine"": 15}","affine_gf2","Gf2Gaussian"
"vote",7,5,smart_certified,5,"{""Affine"": 1, ""AntiHorn"": 2, ""Unary"": 6}","uncommitted|antihorn|affine_gf2","Gf2Gaussian|StructuralAntiHorn|StructuralHorn"
"vote",7,5,cals,5,"{""Square2Cnf"": 1}","two_sat","TwoSat"
"vote",7,5,cals_compact_explain,5,"{""Square2Cnf"": 5, ""Unary"": 1}","two_sat","TwoSat"
"vote",7,7,unary,1,"{""Unary"": 13}","uncommitted","StructuralHorn"
"vote",7,7,horn,1,"{""Horn"": 11}","horn","StructuralHorn"
"vote",7,7,antihorn,1,"{""AntiHorn"": 9}","antihorn","StructuralAntiHorn"
"vote",7,7,square2cnf,1,"{""Square2Cnf"": 9}","two_sat","TwoSat"
"vote",7,7,affine,1,"{""Affine"": 16}","affine_gf2","Gf2Gaussian"
"vote",7,7,smart_certified,5,"{""Affine"": 1, ""AntiHorn"": 2, ""Unary"": 6}","uncommitted|antihorn|affine_gf2","Gf2Gaussian|StructuralAntiHorn|StructuralHorn"
"vote",7,7,cals,5,"{""Square2Cnf"": 1}","two_sat","TwoSat"
"vote",7,7,cals_compact_explain,5,"{""Square2Cnf"": 5, ""Unary"": 1}","two_sat","TwoSat"
"vote",8,5,unary,1,"{""Unary"": 9}","uncommitted","StructuralHorn"
"vote",8,5,horn,1,"{""Horn"": 8}","horn","StructuralHorn"
"vote",8,5,antihorn,1,"{""AntiHorn"": 6}","antihorn","StructuralAntiHorn"
"vote",8,5,square2cnf,1,"{""Square2Cnf"": 8}","two_sat","TwoSat"
"vote",8,5,affine,1,"{""Affine"": 13}","affine_gf2","Gf2Gaussian"
"vote",8,5,smart_certified,5,"{""Horn"": 3, ""Unary"": 5}","uncommitted|horn","StructuralHorn"
"vote",8,5,cals,5,"{""Horn"": 1}","horn","StructuralHorn"
"vote",8,5,cals_compact_explain,5,"{""Horn"": 1}","horn","StructuralHorn"
"vote",8,7,unary,1,"{""Unary"": 10}","uncommitted","StructuralHorn"
"vote",8,7,horn,1,"{""Horn"": 8}","horn","StructuralHorn"
"vote",8,7,antihorn,1,"{""AntiHorn"": 8}","antihorn","StructuralAntiHorn"
"vote",8,7,square2cnf,1,"{""Square2Cnf"": 8}","two_sat","TwoSat"
"vote",8,7,affine,1,"{""Affine"": 15}","affine_gf2","Gf2Gaussian"
"vote",8,7,smart_certified,5,"{""Horn"": 3, ""Unary"": 5}","uncommitted|horn","StructuralHorn"
"vote",8,7,cals,5,"{""Horn"": 1}","horn","StructuralHorn"
"vote",8,7,cals_compact_explain,5,"{""Horn"": 1}","horn","StructuralHorn"
"vote",9,5,unary,1,"{""Unary"": 14}","uncommitted","StructuralHorn"
"vote",9,5,horn,1,"{""Horn"": 13}","horn","StructuralHorn"
"vote",9,5,antihorn,1,"{""AntiHorn"": 12}","antihorn","StructuralAntiHorn"
"vote",9,5,square2cnf,1,"{""Square2Cnf"": 12}","two_sat","TwoSat"
"vote",9,5,affine,1,"{""Affine"": 14}","affine_gf2","Gf2Gaussian"
"vote",9,5,smart_certified,5,"{""Affine"": 2, ""Horn"": 2, ""Unary"": 9}","uncommitted|horn|affine_gf2","Gf2Gaussian|StructuralHorn"
"vote",9,5,cals,5,"{""Square2Cnf"": 3}","two_sat","TwoSat"
"vote",9,5,cals_compact_explain,5,"{""Square2Cnf"": 3}","two_sat","TwoSat"
"vote",9,7,unary,1,"{""Unary"": 16}","uncommitted","StructuralHorn"
"vote",9,7,horn,1,"{""Horn"": 13}","horn","StructuralHorn"
"vote",9,7,antihorn,1,"{""AntiHorn"": 12}","antihorn","StructuralAntiHorn"
"vote",9,7,square2cnf,1,"{""Square2Cnf"": 14}","two_sat","TwoSat"
"vote",9,7,affine,1,"{""Affine"": 14}","affine_gf2","Gf2Gaussian"
"vote",9,7,smart_certified,5,"{""Affine"": 2, ""Horn"": 2, ""Unary"": 9}","uncommitted|horn|affine_gf2","Gf2Gaussian|StructuralHorn"
"vote",9,7,cals,5,"{""Square2Cnf"": 3}","two_sat","TwoSat"
"vote",9,7,cals_compact_explain,5,"{""Square2Cnf"": 3}","two_sat","TwoSat"
"wine1-un",0,5,unary,1,"{""Unary"": 5}","uncommitted","StructuralHorn"
"wine1-un",0,5,horn,1,"{""Horn"": 5}","horn","StructuralHorn"
"wine1-un",0,5,antihorn,1,"{""AntiHorn"": 5}","antihorn","StructuralAntiHorn"
"wine1-un",0,5,square2cnf,1,"{""Square2Cnf"": 5}","two_sat","TwoSat"
"wine1-un",0,5,affine,1,"{""Affine"": 5}","affine_gf2","Gf2Gaussian"
"wine1-un",0,5,smart_certified,5,"{""Unary"": 5}","uncommitted","StructuralHorn"
"wine1-un",0,5,cals,5,"{}","uncommitted","StructuralHorn"
"wine1-un",0,5,cals_compact_explain,5,"{""AntiHorn"": 1}","antihorn","StructuralAntiHorn"
"wine1-un",0,7,unary,1,"{""Unary"": 7}","uncommitted","StructuralHorn"
"wine1-un",0,7,horn,1,"{""Horn"": 7}","horn","StructuralHorn"
"wine1-un",0,7,antihorn,1,"{""AntiHorn"": 7}","antihorn","StructuralAntiHorn"
"wine1-un",0,7,square2cnf,1,"{""Square2Cnf"": 7}","two_sat","TwoSat"
"wine1-un",0,7,affine,1,"{""Affine"": 7}","affine_gf2","Gf2Gaussian"
"wine1-un",0,7,smart_certified,5,"{""Unary"": 7}","uncommitted","StructuralHorn"
"wine1-un",0,7,cals,5,"{}","uncommitted","StructuralHorn"
"wine1-un",0,7,cals_compact_explain,5,"{""AntiHorn"": 7}","antihorn","StructuralAntiHorn"
"wine1-un",1,5,unary,1,"{""Unary"": 5}","uncommitted","StructuralHorn"
"wine1-un",1,5,horn,1,"{""Horn"": 5}","horn","StructuralHorn"
"wine1-un",1,5,antihorn,1,"{""AntiHorn"": 5}","antihorn","StructuralAntiHorn"
"wine1-un",1,5,square2cnf,1,"{""Square2Cnf"": 5}","two_sat","TwoSat"
"wine1-un",1,5,affine,1,"{""Affine"": 5}","affine_gf2","Gf2Gaussian"
"wine1-un",1,5,smart_certified,5,"{""Unary"": 5}","uncommitted","StructuralHorn"
"wine1-un",1,5,cals,5,"{}","uncommitted","StructuralHorn"
"wine1-un",1,5,cals_compact_explain,5,"{""Affine"": 1}","affine_gf2","Gf2Gaussian"
"wine1-un",1,7,unary,1,"{""Unary"": 7}","uncommitted","StructuralHorn"
"wine1-un",1,7,horn,1,"{""Horn"": 7}","horn","StructuralHorn"
"wine1-un",1,7,antihorn,1,"{""AntiHorn"": 7}","antihorn","StructuralAntiHorn"
"wine1-un",1,7,square2cnf,1,"{""Square2Cnf"": 7}","two_sat","TwoSat"
"wine1-un",1,7,affine,1,"{""Affine"": 7}","affine_gf2","Gf2Gaussian"
"wine1-un",1,7,smart_certified,5,"{""Unary"": 7}","uncommitted","StructuralHorn"
"wine1-un",1,7,cals,5,"{}","uncommitted","StructuralHorn"
"wine1-un",1,7,cals_compact_explain,5,"{""Affine"": 1}","affine_gf2","Gf2Gaussian"
"wine1-un",2,5,unary,1,"{""Unary"": 5}","uncommitted","StructuralHorn"
"wine1-un",2,5,horn,1,"{""Horn"": 5}","horn","StructuralHorn"
"wine1-un",2,5,antihorn,1,"{""AntiHorn"": 5}","antihorn","StructuralAntiHorn"
"wine1-un",2,5,square2cnf,1,"{""Square2Cnf"": 5}","two_sat","TwoSat"
"wine1-un",2,5,affine,1,"{""Affine"": 5}","affine_gf2","Gf2Gaussian"
"wine1-un",2,5,smart_certified,5,"{""Unary"": 5}","uncommitted","StructuralHorn"
"wine1-un",2,5,cals,5,"{}","uncommitted","StructuralHorn"
"wine1-un",2,5,cals_compact_explain,5,"{""Affine"": 2}","affine_gf2","Gf2Gaussian"
"wine1-un",2,7,unary,1,"{""Unary"": 7}","uncommitted","StructuralHorn"
"wine1-un",2,7,horn,1,"{""Horn"": 7}","horn","StructuralHorn"
"wine1-un",2,7,antihorn,1,"{""AntiHorn"": 7}","antihorn","StructuralAntiHorn"
"wine1-un",2,7,square2cnf,1,"{""Square2Cnf"": 7}","two_sat","TwoSat"
"wine1-un",2,7,affine,1,"{""Affine"": 7}","affine_gf2","Gf2Gaussian"
"wine1-un",2,7,smart_certified,5,"{""Unary"": 7}","uncommitted","StructuralHorn"
"wine1-un",2,7,cals,5,"{}","uncommitted","StructuralHorn"
"wine1-un",2,7,cals_compact_explain,5,"{""Affine"": 2}","affine_gf2","Gf2Gaussian"
"wine1-un",3,5,unary,1,"{""Unary"": 5}","uncommitted","StructuralHorn"
"wine1-un",3,5,horn,1,"{""Horn"": 5}","horn","StructuralHorn"
"wine1-un",3,5,antihorn,1,"{""AntiHorn"": 5}","antihorn","StructuralAntiHorn"
"wine1-un",3,5,square2cnf,1,"{""Square2Cnf"": 5}","two_sat","TwoSat"
"wine1-un",3,5,affine,1,"{""Affine"": 5}","affine_gf2","Gf2Gaussian"
"wine1-un",3,5,smart_certified,5,"{""Unary"": 5}","uncommitted","StructuralHorn"
"wine1-un",3,5,cals,5,"{""Affine"": 1}","affine_gf2","Gf2Gaussian"
"wine1-un",3,5,cals_compact_explain,5,"{""Affine"": 1}","affine_gf2","Gf2Gaussian"
"wine1-un",3,7,unary,1,"{""Unary"": 7}","uncommitted","StructuralHorn"
"wine1-un",3,7,horn,1,"{""Horn"": 7}","horn","StructuralHorn"
"wine1-un",3,7,antihorn,1,"{""AntiHorn"": 7}","antihorn","StructuralAntiHorn"
"wine1-un",3,7,square2cnf,1,"{""Square2Cnf"": 7}","two_sat","TwoSat"
"wine1-un",3,7,affine,1,"{""Affine"": 7}","affine_gf2","Gf2Gaussian"
"wine1-un",3,7,smart_certified,5,"{""Unary"": 7}","uncommitted","StructuralHorn"
"wine1-un",3,7,cals,5,"{""Affine"": 1}","affine_gf2","Gf2Gaussian"
"wine1-un",3,7,cals_compact_explain,5,"{""Affine"": 1}","affine_gf2","Gf2Gaussian"
"wine1-un",4,5,unary,1,"{""Unary"": 5}","uncommitted","StructuralHorn"
"wine1-un",4,5,horn,1,"{""Horn"": 5}","horn","StructuralHorn"
"wine1-un",4,5,antihorn,1,"{""AntiHorn"": 5}","antihorn","StructuralAntiHorn"
"wine1-un",4,5,square2cnf,1,"{""Square2Cnf"": 5}","two_sat","TwoSat"
"wine1-un",4,5,affine,1,"{""Affine"": 5}","affine_gf2","Gf2Gaussian"
"wine1-un",4,5,smart_certified,5,"{""Unary"": 5}","uncommitted","StructuralHorn"
"wine1-un",4,5,cals,5,"{}","uncommitted","StructuralHorn"
"wine1-un",4,5,cals_compact_explain,5,"{""Affine"": 4}","affine_gf2","Gf2Gaussian"
"wine1-un",4,7,unary,1,"{""Unary"": 7}","uncommitted","StructuralHorn"
"wine1-un",4,7,horn,1,"{""Horn"": 7}","horn","StructuralHorn"
"wine1-un",4,7,antihorn,1,"{""AntiHorn"": 7}","antihorn","StructuralAntiHorn"
"wine1-un",4,7,square2cnf,1,"{""Square2Cnf"": 7}","two_sat","TwoSat"
"wine1-un",4,7,affine,1,"{""Affine"": 7}","affine_gf2","Gf2Gaussian"
"wine1-un",4,7,smart_certified,5,"{""Unary"": 7}","uncommitted","StructuralHorn"
"wine1-un",4,7,cals,5,"{}","uncommitted","StructuralHorn"
"wine1-un",4,7,cals_compact_explain,5,"{""Affine"": 4}","affine_gf2","Gf2Gaussian"
"wine1-un",5,5,unary,1,"{""Unary"": 5}","uncommitted","StructuralHorn"
"wine1-un",5,5,horn,1,"{""Horn"": 5}","horn","StructuralHorn"
"wine1-un",5,5,antihorn,1,"{""AntiHorn"": 5}","antihorn","StructuralAntiHorn"
"wine1-un",5,5,square2cnf,1,"{""Square2Cnf"": 5}","two_sat","TwoSat"
"wine1-un",5,5,affine,1,"{""Affine"": 6}","affine_gf2","Gf2Gaussian"
"wine1-un",5,5,smart_certified,5,"{""Unary"": 5}","uncommitted","StructuralHorn"
"wine1-un",5,5,cals,5,"{""Affine"": 5}","affine_gf2","Gf2Gaussian"
"wine1-un",5,5,cals_compact_explain,5,"{""Affine"": 6, ""Unary"": 1}","affine_gf2","Gf2Gaussian"
"wine1-un",5,7,unary,1,"{""Unary"": 7}","uncommitted","StructuralHorn"
"wine1-un",5,7,horn,1,"{""Horn"": 7}","horn","StructuralHorn"
"wine1-un",5,7,antihorn,1,"{""AntiHorn"": 7}","antihorn","StructuralAntiHorn"
"wine1-un",5,7,square2cnf,1,"{""Square2Cnf"": 7}","two_sat","TwoSat"
"wine1-un",5,7,affine,1,"{""Affine"": 9}","affine_gf2","Gf2Gaussian"
"wine1-un",5,7,smart_certified,5,"{""Unary"": 7}","uncommitted","StructuralHorn"
"wine1-un",5,7,cals,5,"{""Affine"": 5}","affine_gf2","Gf2Gaussian"
"wine1-un",5,7,cals_compact_explain,5,"{""Affine"": 6, ""Unary"": 1}","affine_gf2","Gf2Gaussian"
"wine1-un",6,5,unary,1,"{""Unary"": 5}","uncommitted","StructuralHorn"
"wine1-un",6,5,horn,1,"{""Horn"": 5}","horn","StructuralHorn"
"wine1-un",6,5,antihorn,1,"{""AntiHorn"": 5}","antihorn","StructuralAntiHorn"
"wine1-un",6,5,square2cnf,1,"{""Square2Cnf"": 5}","two_sat","TwoSat"
"wine1-un",6,5,affine,1,"{""Affine"": 5}","affine_gf2","Gf2Gaussian"
"wine1-un",6,5,smart_certified,5,"{""Unary"": 5}","uncommitted","StructuralHorn"
"wine1-un",6,5,cals,5,"{}","uncommitted","StructuralHorn"
"wine1-un",6,5,cals_compact_explain,5,"{""Affine"": 1}","affine_gf2","Gf2Gaussian"
"wine1-un",6,7,unary,1,"{""Unary"": 7}","uncommitted","StructuralHorn"
"wine1-un",6,7,horn,1,"{""Horn"": 7}","horn","StructuralHorn"
"wine1-un",6,7,antihorn,1,"{""AntiHorn"": 7}","antihorn","StructuralAntiHorn"
"wine1-un",6,7,square2cnf,1,"{""Square2Cnf"": 7}","two_sat","TwoSat"
"wine1-un",6,7,affine,1,"{""Affine"": 7}","affine_gf2","Gf2Gaussian"
"wine1-un",6,7,smart_certified,5,"{""Unary"": 7}","uncommitted","StructuralHorn"
"wine1-un",6,7,cals,5,"{}","uncommitted","StructuralHorn"
"wine1-un",6,7,cals_compact_explain,5,"{""Affine"": 1}","affine_gf2","Gf2Gaussian"
"wine1-un",7,5,unary,1,"{""Unary"": 5}","uncommitted","StructuralHorn"
"wine1-un",7,5,horn,1,"{""Horn"": 6}","horn","StructuralHorn"
"wine1-un",7,5,antihorn,1,"{""AntiHorn"": 5}","antihorn","StructuralAntiHorn"
"wine1-un",7,5,square2cnf,1,"{""Square2Cnf"": 5}","two_sat","TwoSat"
"wine1-un",7,5,affine,1,"{""Affine"": 5}","affine_gf2","Gf2Gaussian"
"wine1-un",7,5,smart_certified,5,"{""Unary"": 5}","uncommitted","StructuralHorn"
"wine1-un",7,5,cals,5,"{""Affine"": 5}","affine_gf2","Gf2Gaussian"
"wine1-un",7,5,cals_compact_explain,5,"{""Affine"": 5}","affine_gf2","Gf2Gaussian"
"wine1-un",7,7,unary,1,"{""Unary"": 7}","uncommitted","StructuralHorn"
"wine1-un",7,7,horn,1,"{""Horn"": 8}","horn","StructuralHorn"
"wine1-un",7,7,antihorn,1,"{""AntiHorn"": 7}","antihorn","StructuralAntiHorn"
"wine1-un",7,7,square2cnf,1,"{""Square2Cnf"": 7}","two_sat","TwoSat"
"wine1-un",7,7,affine,1,"{""Affine"": 7}","affine_gf2","Gf2Gaussian"
"wine1-un",7,7,smart_certified,5,"{""Unary"": 7}","uncommitted","StructuralHorn"
"wine1-un",7,7,cals,5,"{""Affine"": 5}","affine_gf2","Gf2Gaussian"
"wine1-un",7,7,cals_compact_explain,5,"{""Affine"": 5}","affine_gf2","Gf2Gaussian"
"wine1-un",8,5,unary,1,"{""Unary"": 6}","uncommitted","StructuralHorn"
"wine1-un",8,5,horn,1,"{""Horn"": 6}","horn","StructuralHorn"
"wine1-un",8,5,antihorn,1,"{""AntiHorn"": 5}","antihorn","StructuralAntiHorn"
"wine1-un",8,5,square2cnf,1,"{""Square2Cnf"": 5}","two_sat","TwoSat"
"wine1-un",8,5,affine,1,"{""Affine"": 5}","affine_gf2","Gf2Gaussian"
"wine1-un",8,5,smart_certified,5,"{""Unary"": 6}","uncommitted","StructuralHorn"
"wine1-un",8,5,cals,5,"{}","uncommitted","StructuralHorn"
"wine1-un",8,5,cals_compact_explain,5,"{""Affine"": 1}","affine_gf2","Gf2Gaussian"
"wine1-un",8,7,unary,1,"{""Unary"": 8}","uncommitted","StructuralHorn"
"wine1-un",8,7,horn,1,"{""Horn"": 8}","horn","StructuralHorn"
"wine1-un",8,7,antihorn,1,"{""AntiHorn"": 7}","antihorn","StructuralAntiHorn"
"wine1-un",8,7,square2cnf,1,"{""Square2Cnf"": 7}","two_sat","TwoSat"
"wine1-un",8,7,affine,1,"{""Affine"": 7}","affine_gf2","Gf2Gaussian"
"wine1-un",8,7,smart_certified,5,"{""Unary"": 8}","uncommitted","StructuralHorn"
"wine1-un",8,7,cals,5,"{}","uncommitted","StructuralHorn"
"wine1-un",8,7,cals_compact_explain,5,"{""Affine"": 1}","affine_gf2","Gf2Gaussian"
"wine1-un",9,5,unary,1,"{""Unary"": 5}","uncommitted","StructuralHorn"
"wine1-un",9,5,horn,1,"{""Horn"": 5}","horn","StructuralHorn"
"wine1-un",9,5,antihorn,1,"{""AntiHorn"": 5}","antihorn","StructuralAntiHorn"
"wine1-un",9,5,square2cnf,1,"{""Square2Cnf"": 5}","two_sat","TwoSat"
"wine1-un",9,5,affine,1,"{""Affine"": 5}","affine_gf2","Gf2Gaussian"
"wine1-un",9,5,smart_certified,5,"{""Unary"": 5}","uncommitted","StructuralHorn"
"wine1-un",9,5,cals,5,"{}","uncommitted","StructuralHorn"
"wine1-un",9,5,cals_compact_explain,5,"{""AntiHorn"": 2, ""Unary"": 1}","antihorn","StructuralAntiHorn"
"wine1-un",9,7,unary,1,"{""Unary"": 7}","uncommitted","StructuralHorn"
"wine1-un",9,7,horn,1,"{""Horn"": 7}","horn","StructuralHorn"
"wine1-un",9,7,antihorn,1,"{""AntiHorn"": 7}","antihorn","StructuralAntiHorn"
"wine1-un",9,7,square2cnf,1,"{""Square2Cnf"": 7}","two_sat","TwoSat"
"wine1-un",9,7,affine,1,"{""Affine"": 7}","affine_gf2","Gf2Gaussian"
"wine1-un",9,7,smart_certified,5,"{""Unary"": 7}","uncommitted","StructuralHorn"
"wine1-un",9,7,cals,5,"{}","uncommitted","StructuralHorn"
"wine1-un",9,7,cals_compact_explain,5,"{""AntiHorn"": 8, ""Unary"": 2}","antihorn","StructuralAntiHorn"
"wine2-un",0,5,unary,1,"{""Unary"": 6}","uncommitted","StructuralHorn"
"wine2-un",0,5,horn,1,"{""Horn"": 6}","horn","StructuralHorn"
"wine2-un",0,5,antihorn,1,"{""AntiHorn"": 7}","antihorn","StructuralAntiHorn"
"wine2-un",0,5,square2cnf,1,"{""Square2Cnf"": 7}","two_sat","TwoSat"
"wine2-un",0,5,affine,1,"{""Affine"": 7}","affine_gf2","Gf2Gaussian"
"wine2-un",0,5,smart_certified,5,"{""Unary"": 6}","uncommitted","StructuralHorn"
"wine2-un",0,5,cals,5,"{""Affine"": 4}","affine_gf2","Gf2Gaussian"
"wine2-un",0,5,cals_compact_explain,5,"{""Affine"": 4}","affine_gf2","Gf2Gaussian"
"wine2-un",0,7,unary,1,"{""Unary"": 9}","uncommitted","StructuralHorn"
"wine2-un",0,7,horn,1,"{""Horn"": 9}","horn","StructuralHorn"
"wine2-un",0,7,antihorn,1,"{""AntiHorn"": 9}","antihorn","StructuralAntiHorn"
"wine2-un",0,7,square2cnf,1,"{""Square2Cnf"": 9}","two_sat","TwoSat"
"wine2-un",0,7,affine,1,"{""Affine"": 9}","affine_gf2","Gf2Gaussian"
"wine2-un",0,7,smart_certified,5,"{""Unary"": 9}","uncommitted","StructuralHorn"
"wine2-un",0,7,cals,5,"{""Affine"": 4}","affine_gf2","Gf2Gaussian"
"wine2-un",0,7,cals_compact_explain,5,"{""Affine"": 4}","affine_gf2","Gf2Gaussian"
"wine2-un",1,5,unary,1,"{""Unary"": 6}","uncommitted","StructuralHorn"
"wine2-un",1,5,horn,1,"{""Horn"": 6}","horn","StructuralHorn"
"wine2-un",1,5,antihorn,1,"{""AntiHorn"": 7}","antihorn","StructuralAntiHorn"
"wine2-un",1,5,square2cnf,1,"{""Square2Cnf"": 7}","two_sat","TwoSat"
"wine2-un",1,5,affine,1,"{""Affine"": 7}","affine_gf2","Gf2Gaussian"
"wine2-un",1,5,smart_certified,5,"{""Unary"": 6}","uncommitted","StructuralHorn"
"wine2-un",1,5,cals,5,"{""Affine"": 5}","affine_gf2","Gf2Gaussian"
"wine2-un",1,5,cals_compact_explain,5,"{""Affine"": 5, ""Unary"": 1}","affine_gf2","Gf2Gaussian"
"wine2-un",1,7,unary,1,"{""Unary"": 9}","uncommitted","StructuralHorn"
"wine2-un",1,7,horn,1,"{""Horn"": 10}","horn","StructuralHorn"
"wine2-un",1,7,antihorn,1,"{""AntiHorn"": 9}","antihorn","StructuralAntiHorn"
"wine2-un",1,7,square2cnf,1,"{""Square2Cnf"": 9}","two_sat","TwoSat"
"wine2-un",1,7,affine,1,"{""Affine"": 9}","affine_gf2","Gf2Gaussian"
"wine2-un",1,7,smart_certified,5,"{""Unary"": 9}","uncommitted","StructuralHorn"
"wine2-un",1,7,cals,5,"{""Affine"": 6}","affine_gf2","Gf2Gaussian"
"wine2-un",1,7,cals_compact_explain,5,"{""Affine"": 7, ""Unary"": 1}","affine_gf2","Gf2Gaussian"
"wine2-un",2,5,unary,1,"{""Unary"": 5}","uncommitted","StructuralHorn"
"wine2-un",2,5,horn,1,"{""Horn"": 5}","horn","StructuralHorn"
"wine2-un",2,5,antihorn,1,"{""AntiHorn"": 5}","antihorn","StructuralAntiHorn"
"wine2-un",2,5,square2cnf,1,"{""Square2Cnf"": 5}","two_sat","TwoSat"
"wine2-un",2,5,affine,1,"{""Affine"": 5}","affine_gf2","Gf2Gaussian"
"wine2-un",2,5,smart_certified,5,"{""Unary"": 5}","uncommitted","StructuralHorn"
"wine2-un",2,5,cals,5,"{""Affine"": 5}","affine_gf2","Gf2Gaussian"
"wine2-un",2,5,cals_compact_explain,5,"{""Affine"": 5}","affine_gf2","Gf2Gaussian"
"wine2-un",2,7,unary,1,"{""Unary"": 7}","uncommitted","StructuralHorn"
"wine2-un",2,7,horn,1,"{""Horn"": 7}","horn","StructuralHorn"
"wine2-un",2,7,antihorn,1,"{""AntiHorn"": 7}","antihorn","StructuralAntiHorn"
"wine2-un",2,7,square2cnf,1,"{""Square2Cnf"": 7}","two_sat","TwoSat"
"wine2-un",2,7,affine,1,"{""Affine"": 7}","affine_gf2","Gf2Gaussian"
"wine2-un",2,7,smart_certified,5,"{""Unary"": 7}","uncommitted","StructuralHorn"
"wine2-un",2,7,cals,5,"{""Affine"": 5}","affine_gf2","Gf2Gaussian"
"wine2-un",2,7,cals_compact_explain,5,"{""Affine"": 5, ""Unary"": 1}","affine_gf2","Gf2Gaussian"
"wine2-un",3,5,unary,1,"{""Unary"": 6}","uncommitted","StructuralHorn"
"wine2-un",3,5,horn,1,"{""Horn"": 6}","horn","StructuralHorn"
"wine2-un",3,5,antihorn,1,"{""AntiHorn"": 6}","antihorn","StructuralAntiHorn"
"wine2-un",3,5,square2cnf,1,"{""Square2Cnf"": 6}","two_sat","TwoSat"
"wine2-un",3,5,affine,1,"{""Affine"": 6}","affine_gf2","Gf2Gaussian"
"wine2-un",3,5,smart_certified,5,"{""Unary"": 6}","uncommitted","StructuralHorn"
"wine2-un",3,5,cals,5,"{""Affine"": 5}","affine_gf2","Gf2Gaussian"
"wine2-un",3,5,cals_compact_explain,5,"{""Affine"": 5}","affine_gf2","Gf2Gaussian"
"wine2-un",3,7,unary,1,"{""Unary"": 8}","uncommitted","StructuralHorn"
"wine2-un",3,7,horn,1,"{""Horn"": 8}","horn","StructuralHorn"
"wine2-un",3,7,antihorn,1,"{""AntiHorn"": 9}","antihorn","StructuralAntiHorn"
"wine2-un",3,7,square2cnf,1,"{""Square2Cnf"": 9}","two_sat","TwoSat"
"wine2-un",3,7,affine,1,"{""Affine"": 9}","affine_gf2","Gf2Gaussian"
"wine2-un",3,7,smart_certified,5,"{""Unary"": 8}","uncommitted","StructuralHorn"
"wine2-un",3,7,cals,5,"{""Affine"": 5}","affine_gf2","Gf2Gaussian"
"wine2-un",3,7,cals_compact_explain,5,"{""Affine"": 6}","affine_gf2","Gf2Gaussian"
"wine2-un",4,5,unary,1,"{""Unary"": 6}","uncommitted","StructuralHorn"
"wine2-un",4,5,horn,1,"{""Horn"": 6}","horn","StructuralHorn"
"wine2-un",4,5,antihorn,1,"{""AntiHorn"": 6}","antihorn","StructuralAntiHorn"
"wine2-un",4,5,square2cnf,1,"{""Square2Cnf"": 6}","two_sat","TwoSat"
"wine2-un",4,5,affine,1,"{""Affine"": 6}","affine_gf2","Gf2Gaussian"
"wine2-un",4,5,smart_certified,5,"{""Unary"": 6}","uncommitted","StructuralHorn"
"wine2-un",4,5,cals,5,"{""Affine"": 1}","affine_gf2","Gf2Gaussian"
"wine2-un",4,5,cals_compact_explain,5,"{""Affine"": 1, ""Unary"": 1}","affine_gf2","Gf2Gaussian"
"wine2-un",4,7,unary,1,"{""Unary"": 8}","uncommitted","StructuralHorn"
"wine2-un",4,7,horn,1,"{""Horn"": 8}","horn","StructuralHorn"
"wine2-un",4,7,antihorn,1,"{""AntiHorn"": 8}","antihorn","StructuralAntiHorn"
"wine2-un",4,7,square2cnf,1,"{""Square2Cnf"": 8}","two_sat","TwoSat"
"wine2-un",4,7,affine,1,"{""Affine"": 8}","affine_gf2","Gf2Gaussian"
"wine2-un",4,7,smart_certified,5,"{""Unary"": 8}","uncommitted","StructuralHorn"
"wine2-un",4,7,cals,5,"{""Affine"": 1}","affine_gf2","Gf2Gaussian"
"wine2-un",4,7,cals_compact_explain,5,"{""Affine"": 1, ""Unary"": 1}","affine_gf2","Gf2Gaussian"
"wine2-un",5,5,unary,1,"{""Unary"": 8}","uncommitted","StructuralHorn"
"wine2-un",5,5,horn,1,"{""Horn"": 7}","horn","StructuralHorn"
"wine2-un",5,5,antihorn,1,"{""AntiHorn"": 7}","antihorn","StructuralAntiHorn"
"wine2-un",5,5,square2cnf,1,"{""Square2Cnf"": 7}","two_sat","TwoSat"
"wine2-un",5,5,affine,1,"{""Affine"": 7}","affine_gf2","Gf2Gaussian"
"wine2-un",5,5,smart_certified,5,"{""AntiHorn"": 1, ""Unary"": 7}","antihorn","StructuralAntiHorn"
"wine2-un",5,5,cals,5,"{""Affine"": 4}","affine_gf2","Gf2Gaussian"
"wine2-un",5,5,cals_compact_explain,5,"{""Affine"": 4, ""Unary"": 3}","affine_gf2","Gf2Gaussian"
"wine2-un",5,7,unary,1,"{""Unary"": 11}","uncommitted","StructuralHorn"
"wine2-un",5,7,horn,1,"{""Horn"": 10}","horn","StructuralHorn"
"wine2-un",5,7,antihorn,1,"{""AntiHorn"": 9}","antihorn","StructuralAntiHorn"
"wine2-un",5,7,square2cnf,1,"{""Square2Cnf"": 9}","two_sat","TwoSat"
"wine2-un",5,7,affine,1,"{""Affine"": 10}","affine_gf2","Gf2Gaussian"
"wine2-un",5,7,smart_certified,5,"{""AntiHorn"": 1, ""Unary"": 9}","antihorn","StructuralAntiHorn"
"wine2-un",5,7,cals,5,"{""Affine"": 4}","affine_gf2","Gf2Gaussian"
"wine2-un",5,7,cals_compact_explain,5,"{""Affine"": 4, ""Unary"": 3}","affine_gf2","Gf2Gaussian"
"wine2-un",6,5,unary,1,"{""Unary"": 6}","uncommitted","StructuralHorn"
"wine2-un",6,5,horn,1,"{""Horn"": 6}","horn","StructuralHorn"
"wine2-un",6,5,antihorn,1,"{""AntiHorn"": 6}","antihorn","StructuralAntiHorn"
"wine2-un",6,5,square2cnf,1,"{""Square2Cnf"": 6}","two_sat","TwoSat"
"wine2-un",6,5,affine,1,"{""Affine"": 6}","affine_gf2","Gf2Gaussian"
"wine2-un",6,5,smart_certified,5,"{""Unary"": 6}","uncommitted","StructuralHorn"
"wine2-un",6,5,cals,5,"{""Affine"": 2}","affine_gf2","Gf2Gaussian"
"wine2-un",6,5,cals_compact_explain,5,"{""Affine"": 2, ""Unary"": 1}","affine_gf2","Gf2Gaussian"
"wine2-un",6,7,unary,1,"{""Unary"": 8}","uncommitted","StructuralHorn"
"wine2-un",6,7,horn,1,"{""Horn"": 8}","horn","StructuralHorn"
"wine2-un",6,7,antihorn,1,"{""AntiHorn"": 8}","antihorn","StructuralAntiHorn"
"wine2-un",6,7,square2cnf,1,"{""Square2Cnf"": 8}","two_sat","TwoSat"
"wine2-un",6,7,affine,1,"{""Affine"": 9}","affine_gf2","Gf2Gaussian"
"wine2-un",6,7,smart_certified,5,"{""Unary"": 8}","uncommitted","StructuralHorn"
"wine2-un",6,7,cals,5,"{""Affine"": 2}","affine_gf2","Gf2Gaussian"
"wine2-un",6,7,cals_compact_explain,5,"{""Affine"": 2, ""Unary"": 1}","affine_gf2","Gf2Gaussian"
"wine2-un",7,5,unary,1,"{""Unary"": 7}","uncommitted","StructuralHorn"
"wine2-un",7,5,horn,1,"{""Horn"": 8}","horn","StructuralHorn"
"wine2-un",7,5,antihorn,1,"{""AntiHorn"": 6}","antihorn","StructuralAntiHorn"
"wine2-un",7,5,square2cnf,1,"{""Square2Cnf"": 6}","two_sat","TwoSat"
"wine2-un",7,5,affine,1,"{""Affine"": 6}","affine_gf2","Gf2Gaussian"
"wine2-un",7,5,smart_certified,5,"{""AntiHorn"": 1, ""Unary"": 6}","uncommitted|antihorn","StructuralAntiHorn|StructuralHorn"
"wine2-un",7,5,cals,5,"{}","uncommitted","StructuralHorn"
"wine2-un",7,5,cals_compact_explain,5,"{""Affine"": 1}","affine_gf2","Gf2Gaussian"
"wine2-un",7,7,unary,1,"{""Unary"": 10}","uncommitted","StructuralHorn"
"wine2-un",7,7,horn,1,"{""Horn"": 11}","horn","StructuralHorn"
"wine2-un",7,7,antihorn,1,"{""AntiHorn"": 8}","antihorn","StructuralAntiHorn"
"wine2-un",7,7,square2cnf,1,"{""Square2Cnf"": 8}","two_sat","TwoSat"
"wine2-un",7,7,affine,1,"{""Affine"": 8}","affine_gf2","Gf2Gaussian"
"wine2-un",7,7,smart_certified,5,"{""AntiHorn"": 1, ""Unary"": 8}","uncommitted|antihorn","StructuralAntiHorn|StructuralHorn"
"wine2-un",7,7,cals,5,"{}","uncommitted","StructuralHorn"
"wine2-un",7,7,cals_compact_explain,5,"{""Affine"": 6, ""Unary"": 1}","affine_gf2","Gf2Gaussian"
"wine2-un",8,5,unary,1,"{""Unary"": 5}","uncommitted","StructuralHorn"
"wine2-un",8,5,horn,1,"{""Horn"": 5}","horn","StructuralHorn"
"wine2-un",8,5,antihorn,1,"{""AntiHorn"": 6}","antihorn","StructuralAntiHorn"
"wine2-un",8,5,square2cnf,1,"{""Square2Cnf"": 6}","two_sat","TwoSat"
"wine2-un",8,5,affine,1,"{""Affine"": 6}","affine_gf2","Gf2Gaussian"
"wine2-un",8,5,smart_certified,5,"{""Unary"": 5}","uncommitted","StructuralHorn"
"wine2-un",8,5,cals,5,"{""Affine"": 1}","affine_gf2","Gf2Gaussian"
"wine2-un",8,5,cals_compact_explain,5,"{""Affine"": 1}","affine_gf2","Gf2Gaussian"
"wine2-un",8,7,unary,1,"{""Unary"": 9}","uncommitted","StructuralHorn"
"wine2-un",8,7,horn,1,"{""Horn"": 9}","horn","StructuralHorn"
"wine2-un",8,7,antihorn,1,"{""AntiHorn"": 8}","antihorn","StructuralAntiHorn"
"wine2-un",8,7,square2cnf,1,"{""Square2Cnf"": 8}","two_sat","TwoSat"
"wine2-un",8,7,affine,1,"{""Affine"": 8}","affine_gf2","Gf2Gaussian"
"wine2-un",8,7,smart_certified,5,"{""AntiHorn"": 1, ""Unary"": 7}","uncommitted|antihorn","StructuralAntiHorn|StructuralHorn"
"wine2-un",8,7,cals,5,"{""Affine"": 1}","affine_gf2","Gf2Gaussian"
"wine2-un",8,7,cals_compact_explain,5,"{""Affine"": 1}","affine_gf2","Gf2Gaussian"
"wine2-un",9,5,unary,1,"{""Unary"": 6}","uncommitted","StructuralHorn"
"wine2-un",9,5,horn,1,"{""Horn"": 6}","horn","StructuralHorn"
"wine2-un",9,5,antihorn,1,"{""AntiHorn"": 7}","antihorn","StructuralAntiHorn"
"wine2-un",9,5,square2cnf,1,"{""Square2Cnf"": 7}","two_sat","TwoSat"
"wine2-un",9,5,affine,1,"{""Affine"": 7}","affine_gf2","Gf2Gaussian"
"wine2-un",9,5,smart_certified,5,"{""Unary"": 6}","uncommitted","StructuralHorn"
"wine2-un",9,5,cals,5,"{""Affine"": 3}","affine_gf2","Gf2Gaussian"
"wine2-un",9,5,cals_compact_explain,5,"{""Affine"": 3, ""Unary"": 1}","affine_gf2","Gf2Gaussian"
"wine2-un",9,7,unary,1,"{""Unary"": 8}","uncommitted","StructuralHorn"
"wine2-un",9,7,horn,1,"{""Horn"": 8}","horn","StructuralHorn"
"wine2-un",9,7,antihorn,1,"{""AntiHorn"": 9}","antihorn","StructuralAntiHorn"
"wine2-un",9,7,square2cnf,1,"{""Square2Cnf"": 9}","two_sat","TwoSat"
"wine2-un",9,7,affine,1,"{""Affine"": 9}","affine_gf2","Gf2Gaussian"
"wine2-un",9,7,smart_certified,5,"{""Unary"": 8}","uncommitted","StructuralHorn"
"wine2-un",9,7,cals,5,"{""Affine"": 6}","affine_gf2","Gf2Gaussian"
"wine2-un",9,7,cals_compact_explain,5,"{""Affine"": 6, ""Unary"": 1}","affine_gf2","Gf2Gaussian"
"wine3-un",0,5,unary,1,"{""Unary"": 6}","uncommitted","StructuralHorn"
"wine3-un",0,5,horn,1,"{""Horn"": 6}","horn","StructuralHorn"
"wine3-un",0,5,antihorn,1,"{""AntiHorn"": 6}","antihorn","StructuralAntiHorn"
"wine3-un",0,5,square2cnf,1,"{""Square2Cnf"": 6}","two_sat","TwoSat"
"wine3-un",0,5,affine,1,"{""Affine"": 6}","affine_gf2","Gf2Gaussian"
"wine3-un",0,5,smart_certified,5,"{""Unary"": 6}","uncommitted","StructuralHorn"
"wine3-un",0,5,cals,5,"{}","uncommitted","StructuralHorn"
"wine3-un",0,5,cals_compact_explain,5,"{""Affine"": 1}","affine_gf2","Gf2Gaussian"
"wine3-un",0,7,unary,1,"{""Unary"": 10}","uncommitted","StructuralHorn"
"wine3-un",0,7,horn,1,"{""Horn"": 10}","horn","StructuralHorn"
"wine3-un",0,7,antihorn,1,"{""AntiHorn"": 9}","antihorn","StructuralAntiHorn"
"wine3-un",0,7,square2cnf,1,"{""Square2Cnf"": 9}","two_sat","TwoSat"
"wine3-un",0,7,affine,1,"{""Affine"": 9}","affine_gf2","Gf2Gaussian"
"wine3-un",0,7,smart_certified,5,"{""AntiHorn"": 1, ""Unary"": 8}","uncommitted|antihorn","StructuralAntiHorn|StructuralHorn"
"wine3-un",0,7,cals,5,"{}","uncommitted","StructuralHorn"
"wine3-un",0,7,cals_compact_explain,5,"{""Affine"": 1}","affine_gf2","Gf2Gaussian"
"wine3-un",1,5,unary,1,"{""Unary"": 5}","uncommitted","StructuralHorn"
"wine3-un",1,5,horn,1,"{""Horn"": 5}","horn","StructuralHorn"
"wine3-un",1,5,antihorn,1,"{""AntiHorn"": 5}","antihorn","StructuralAntiHorn"
"wine3-un",1,5,square2cnf,1,"{""Square2Cnf"": 5}","two_sat","TwoSat"
"wine3-un",1,5,affine,1,"{""Affine"": 5}","affine_gf2","Gf2Gaussian"
"wine3-un",1,5,smart_certified,5,"{""Unary"": 5}","uncommitted","StructuralHorn"
"wine3-un",1,5,cals,5,"{""Affine"": 3}","affine_gf2","Gf2Gaussian"
"wine3-un",1,5,cals_compact_explain,5,"{""Affine"": 3}","affine_gf2","Gf2Gaussian"
"wine3-un",1,7,unary,1,"{""Unary"": 7}","uncommitted","StructuralHorn"
"wine3-un",1,7,horn,1,"{""Horn"": 7}","horn","StructuralHorn"
"wine3-un",1,7,antihorn,1,"{""AntiHorn"": 10}","antihorn","StructuralAntiHorn"
"wine3-un",1,7,square2cnf,1,"{""Square2Cnf"": 10}","two_sat","TwoSat"
"wine3-un",1,7,affine,1,"{""Affine"": 9}","affine_gf2","Gf2Gaussian"
"wine3-un",1,7,smart_certified,5,"{""Unary"": 7}","uncommitted","StructuralHorn"
"wine3-un",1,7,cals,5,"{""Affine"": 3}","affine_gf2","Gf2Gaussian"
"wine3-un",1,7,cals_compact_explain,5,"{""Affine"": 3}","affine_gf2","Gf2Gaussian"
"wine3-un",2,5,unary,1,"{""Unary"": 5}","uncommitted","StructuralHorn"
"wine3-un",2,5,horn,1,"{""Horn"": 5}","horn","StructuralHorn"
"wine3-un",2,5,antihorn,1,"{""AntiHorn"": 5}","antihorn","StructuralAntiHorn"
"wine3-un",2,5,square2cnf,1,"{""Square2Cnf"": 5}","two_sat","TwoSat"
"wine3-un",2,5,affine,1,"{""Affine"": 5}","affine_gf2","Gf2Gaussian"
"wine3-un",2,5,smart_certified,5,"{""Unary"": 5}","uncommitted","StructuralHorn"
"wine3-un",2,5,cals,5,"{""Affine"": 3}","affine_gf2","Gf2Gaussian"
"wine3-un",2,5,cals_compact_explain,5,"{""Affine"": 3}","affine_gf2","Gf2Gaussian"
"wine3-un",2,7,unary,1,"{""Unary"": 7}","uncommitted","StructuralHorn"
"wine3-un",2,7,horn,1,"{""Horn"": 7}","horn","StructuralHorn"
"wine3-un",2,7,antihorn,1,"{""AntiHorn"": 8}","antihorn","StructuralAntiHorn"
"wine3-un",2,7,square2cnf,1,"{""Square2Cnf"": 8}","two_sat","TwoSat"
"wine3-un",2,7,affine,1,"{""Affine"": 8}","affine_gf2","Gf2Gaussian"
"wine3-un",2,7,smart_certified,5,"{""Unary"": 7}","uncommitted","StructuralHorn"
"wine3-un",2,7,cals,5,"{""Affine"": 3}","affine_gf2","Gf2Gaussian"
"wine3-un",2,7,cals_compact_explain,5,"{""Affine"": 3}","affine_gf2","Gf2Gaussian"
"wine3-un",3,5,unary,1,"{""Unary"": 5}","uncommitted","StructuralHorn"
"wine3-un",3,5,horn,1,"{""Horn"": 5}","horn","StructuralHorn"
"wine3-un",3,5,antihorn,1,"{""AntiHorn"": 5}","antihorn","StructuralAntiHorn"
"wine3-un",3,5,square2cnf,1,"{""Square2Cnf"": 5}","two_sat","TwoSat"
"wine3-un",3,5,affine,1,"{""Affine"": 5}","affine_gf2","Gf2Gaussian"
"wine3-un",3,5,smart_certified,5,"{""Unary"": 5}","uncommitted","StructuralHorn"
"wine3-un",3,5,cals,5,"{""Affine"": 3}","affine_gf2","Gf2Gaussian"
"wine3-un",3,5,cals_compact_explain,5,"{""Affine"": 3}","affine_gf2","Gf2Gaussian"
"wine3-un",3,7,unary,1,"{""Unary"": 7}","uncommitted","StructuralHorn"
"wine3-un",3,7,horn,1,"{""Horn"": 7}","horn","StructuralHorn"
"wine3-un",3,7,antihorn,1,"{""AntiHorn"": 8}","antihorn","StructuralAntiHorn"
"wine3-un",3,7,square2cnf,1,"{""Square2Cnf"": 8}","two_sat","TwoSat"
"wine3-un",3,7,affine,1,"{""Affine"": 8}","affine_gf2","Gf2Gaussian"
"wine3-un",3,7,smart_certified,5,"{""Unary"": 7}","uncommitted","StructuralHorn"
"wine3-un",3,7,cals,5,"{""Affine"": 3}","affine_gf2","Gf2Gaussian"
"wine3-un",3,7,cals_compact_explain,5,"{""Affine"": 3}","affine_gf2","Gf2Gaussian"
"wine3-un",4,5,unary,1,"{""Unary"": 5}","uncommitted","StructuralHorn"
"wine3-un",4,5,horn,1,"{""Horn"": 5}","horn","StructuralHorn"
"wine3-un",4,5,antihorn,1,"{""AntiHorn"": 5}","antihorn","StructuralAntiHorn"
"wine3-un",4,5,square2cnf,1,"{""Square2Cnf"": 5}","two_sat","TwoSat"
"wine3-un",4,5,affine,1,"{""Affine"": 5}","affine_gf2","Gf2Gaussian"
"wine3-un",4,5,smart_certified,5,"{""Unary"": 5}","uncommitted","StructuralHorn"
"wine3-un",4,5,cals,5,"{""Affine"": 1}","affine_gf2","Gf2Gaussian"
"wine3-un",4,5,cals_compact_explain,5,"{""Affine"": 1}","affine_gf2","Gf2Gaussian"
"wine3-un",4,7,unary,1,"{""Unary"": 7}","uncommitted","StructuralHorn"
"wine3-un",4,7,horn,1,"{""Horn"": 7}","horn","StructuralHorn"
"wine3-un",4,7,antihorn,1,"{""AntiHorn"": 7}","antihorn","StructuralAntiHorn"
"wine3-un",4,7,square2cnf,1,"{""Square2Cnf"": 7}","two_sat","TwoSat"
"wine3-un",4,7,affine,1,"{""Affine"": 7}","affine_gf2","Gf2Gaussian"
"wine3-un",4,7,smart_certified,5,"{""Unary"": 7}","uncommitted","StructuralHorn"
"wine3-un",4,7,cals,5,"{""Affine"": 1}","affine_gf2","Gf2Gaussian"
"wine3-un",4,7,cals_compact_explain,5,"{""Affine"": 1}","affine_gf2","Gf2Gaussian"
"wine3-un",5,5,unary,1,"{""Unary"": 7}","uncommitted","StructuralHorn"
"wine3-un",5,5,horn,1,"{""Horn"": 7}","horn","StructuralHorn"
"wine3-un",5,5,antihorn,1,"{""AntiHorn"": 5}","antihorn","StructuralAntiHorn"
"wine3-un",5,5,square2cnf,1,"{""Square2Cnf"": 5}","two_sat","TwoSat"
"wine3-un",5,5,affine,1,"{""Affine"": 5}","affine_gf2","Gf2Gaussian"
"wine3-un",5,5,smart_certified,5,"{""AntiHorn"": 1, ""Unary"": 5}","uncommitted|antihorn","StructuralAntiHorn|StructuralHorn"
"wine3-un",5,5,cals,5,"{""Affine"": 1}","affine_gf2","Gf2Gaussian"
"wine3-un",5,5,cals_compact_explain,5,"{""Affine"": 1}","affine_gf2","Gf2Gaussian"
"wine3-un",5,7,unary,1,"{""Unary"": 10}","uncommitted","StructuralHorn"
"wine3-un",5,7,horn,1,"{""Horn"": 11}","horn","StructuralHorn"
"wine3-un",5,7,antihorn,1,"{""AntiHorn"": 7}","antihorn","StructuralAntiHorn"
"wine3-un",5,7,square2cnf,1,"{""Square2Cnf"": 7}","two_sat","TwoSat"
"wine3-un",5,7,affine,1,"{""Affine"": 7}","affine_gf2","Gf2Gaussian"
"wine3-un",5,7,smart_certified,5,"{""AntiHorn"": 1, ""Unary"": 8}","uncommitted|antihorn","StructuralAntiHorn|StructuralHorn"
"wine3-un",5,7,cals,5,"{""Affine"": 1}","affine_gf2","Gf2Gaussian"
"wine3-un",5,7,cals_compact_explain,5,"{""Affine"": 1}","affine_gf2","Gf2Gaussian"
"wine3-un",6,5,unary,1,"{""Unary"": 5}","uncommitted","StructuralHorn"
"wine3-un",6,5,horn,1,"{""Horn"": 5}","horn","StructuralHorn"
"wine3-un",6,5,antihorn,1,"{""AntiHorn"": 5}","antihorn","StructuralAntiHorn"
"wine3-un",6,5,square2cnf,1,"{""Square2Cnf"": 5}","two_sat","TwoSat"
"wine3-un",6,5,affine,1,"{""Affine"": 5}","affine_gf2","Gf2Gaussian"
"wine3-un",6,5,smart_certified,5,"{""Unary"": 5}","uncommitted","StructuralHorn"
"wine3-un",6,5,cals,5,"{""Affine"": 3}","affine_gf2","Gf2Gaussian"
"wine3-un",6,5,cals_compact_explain,5,"{""Affine"": 3}","affine_gf2","Gf2Gaussian"
"wine3-un",6,7,unary,1,"{""Unary"": 7}","uncommitted","StructuralHorn"
"wine3-un",6,7,horn,1,"{""Horn"": 7}","horn","StructuralHorn"
"wine3-un",6,7,antihorn,1,"{""AntiHorn"": 7}","antihorn","StructuralAntiHorn"
"wine3-un",6,7,square2cnf,1,"{""Square2Cnf"": 7}","two_sat","TwoSat"
"wine3-un",6,7,affine,1,"{""Affine"": 7}","affine_gf2","Gf2Gaussian"
"wine3-un",6,7,smart_certified,5,"{""Unary"": 7}","uncommitted","StructuralHorn"
"wine3-un",6,7,cals,5,"{""Affine"": 3}","affine_gf2","Gf2Gaussian"
"wine3-un",6,7,cals_compact_explain,5,"{""Affine"": 3}","affine_gf2","Gf2Gaussian"
"wine3-un",7,5,unary,1,"{""Unary"": 7}","uncommitted","StructuralHorn"
"wine3-un",7,5,horn,1,"{""Horn"": 7}","horn","StructuralHorn"
"wine3-un",7,5,antihorn,1,"{""AntiHorn"": 5}","antihorn","StructuralAntiHorn"
"wine3-un",7,5,square2cnf,1,"{""Square2Cnf"": 5}","two_sat","TwoSat"
"wine3-un",7,5,affine,1,"{""Affine"": 5}","affine_gf2","Gf2Gaussian"
"wine3-un",7,5,smart_certified,5,"{""Unary"": 7}","uncommitted","StructuralHorn"
"wine3-un",7,5,cals,5,"{}","uncommitted","StructuralHorn"
"wine3-un",7,5,cals_compact_explain,5,"{""Affine"": 1}","affine_gf2","Gf2Gaussian"
"wine3-un",7,7,unary,1,"{""Unary"": 9}","uncommitted","StructuralHorn"
"wine3-un",7,7,horn,1,"{""Horn"": 9}","horn","StructuralHorn"
"wine3-un",7,7,antihorn,1,"{""AntiHorn"": 10}","antihorn","StructuralAntiHorn"
"wine3-un",7,7,square2cnf,1,"{""Square2Cnf"": 10}","two_sat","TwoSat"
"wine3-un",7,7,affine,1,"{""Affine"": 8}","affine_gf2","Gf2Gaussian"
"wine3-un",7,7,smart_certified,5,"{""Unary"": 9}","uncommitted","StructuralHorn"
"wine3-un",7,7,cals,5,"{}","uncommitted","StructuralHorn"
"wine3-un",7,7,cals_compact_explain,5,"{""Affine"": 1}","affine_gf2","Gf2Gaussian"
"wine3-un",8,5,unary,1,"{""Unary"": 7}","uncommitted","StructuralHorn"
"wine3-un",8,5,horn,1,"{""Horn"": 7}","horn","StructuralHorn"
"wine3-un",8,5,antihorn,1,"{""AntiHorn"": 7}","antihorn","StructuralAntiHorn"
"wine3-un",8,5,square2cnf,1,"{""Square2Cnf"": 7}","two_sat","TwoSat"
"wine3-un",8,5,affine,1,"{""Affine"": 6}","affine_gf2","Gf2Gaussian"
"wine3-un",8,5,smart_certified,5,"{""AntiHorn"": 1, ""Unary"": 5}","uncommitted|antihorn","StructuralAntiHorn|StructuralHorn"
"wine3-un",8,5,cals,5,"{}","uncommitted","StructuralHorn"
"wine3-un",8,5,cals_compact_explain,5,"{""Affine"": 1, ""Unary"": 1}","affine_gf2","Gf2Gaussian"
"wine3-un",8,7,unary,1,"{""Unary"": 9}","uncommitted","StructuralHorn"
"wine3-un",8,7,horn,1,"{""Horn"": 11}","horn","StructuralHorn"
"wine3-un",8,7,antihorn,1,"{""AntiHorn"": 10}","antihorn","StructuralAntiHorn"
"wine3-un",8,7,square2cnf,1,"{""Square2Cnf"": 10}","two_sat","TwoSat"
"wine3-un",8,7,affine,1,"{""Affine"": 9}","affine_gf2","Gf2Gaussian"
"wine3-un",8,7,smart_certified,5,"{""AntiHorn"": 1, ""Unary"": 7}","uncommitted|antihorn","StructuralAntiHorn|StructuralHorn"
"wine3-un",8,7,cals,5,"{}","uncommitted","StructuralHorn"
"wine3-un",8,7,cals_compact_explain,5,"{""Affine"": 1, ""Unary"": 1}","affine_gf2","Gf2Gaussian"
"wine3-un",9,5,unary,1,"{""Unary"": 6}","uncommitted","StructuralHorn"
"wine3-un",9,5,horn,1,"{""Horn"": 5}","horn","StructuralHorn"
"wine3-un",9,5,antihorn,1,"{""AntiHorn"": 5}","antihorn","StructuralAntiHorn"
"wine3-un",9,5,square2cnf,1,"{""Square2Cnf"": 5}","two_sat","TwoSat"
"wine3-un",9,5,affine,1,"{""Affine"": 5}","affine_gf2","Gf2Gaussian"
"wine3-un",9,5,smart_certified,5,"{""Affine"": 1, ""Unary"": 5}","uncommitted|affine_gf2","Gf2Gaussian|StructuralHorn"
"wine3-un",9,5,cals,5,"{}","uncommitted","StructuralHorn"
"wine3-un",9,5,cals_compact_explain,5,"{""AntiHorn"": 1}","antihorn","StructuralAntiHorn"
"wine3-un",9,7,unary,1,"{""Unary"": 10}","uncommitted","StructuralHorn"
"wine3-un",9,7,horn,1,"{""Horn"": 7}","horn","StructuralHorn"
"wine3-un",9,7,antihorn,1,"{""AntiHorn"": 8}","antihorn","StructuralAntiHorn"
"wine3-un",9,7,square2cnf,1,"{""Square2Cnf"": 8}","two_sat","TwoSat"
"wine3-un",9,7,affine,1,"{""Affine"": 8}","affine_gf2","Gf2Gaussian"
"wine3-un",9,7,smart_certified,5,"{""Affine"": 1, ""Unary"": 8}","uncommitted|affine_gf2","Gf2Gaussian|StructuralHorn"
"wine3-un",9,7,cals,5,"{}","uncommitted","StructuralHorn"
"wine3-un",9,7,cals_compact_explain,5,"{""AntiHorn"": 1}","antihorn","StructuralAntiHorn"
"winequality-red-bin",0,5,unary,1,"{""Unary"": 14}","uncommitted","StructuralHorn"
"winequality-red-bin",0,5,horn,1,"{""Horn"": 10}","horn","StructuralHorn"
"winequality-red-bin",0,5,antihorn,1,"{""AntiHorn"": 9}","antihorn","StructuralAntiHorn"
"winequality-red-bin",0,5,square2cnf,1,"{""Square2Cnf"": 11}","two_sat","TwoSat"
"winequality-red-bin",0,5,affine,1,"{""Affine"": 11}","affine_gf2","Gf2Gaussian"
"winequality-red-bin",0,5,smart_certified,5,"{""Affine"": 1, ""Horn"": 2, ""Unary"": 10}","uncommitted|horn|affine_gf2","Gf2Gaussian|StructuralHorn"
"winequality-red-bin",0,5,cals,5,"{}","uncommitted","StructuralHorn"
"winequality-red-bin",0,5,cals_compact_explain,5,"{}","uncommitted","StructuralHorn"
"winequality-red-bin",0,7,unary,1,"{""Unary"": 21}","uncommitted","StructuralHorn"
"winequality-red-bin",0,7,horn,1,"{""Horn"": 12}","horn","StructuralHorn"
"winequality-red-bin",0,7,antihorn,1,"{""AntiHorn"": 13}","antihorn","StructuralAntiHorn"
"winequality-red-bin",0,7,square2cnf,1,"{""Square2Cnf"": 13}","two_sat","TwoSat"
"winequality-red-bin",0,7,affine,1,"{""Affine"": 15}","affine_gf2","Gf2Gaussian"
"winequality-red-bin",0,7,smart_certified,5,"{""Affine"": 1, ""Horn"": 3, ""Unary"": 14}","uncommitted|horn|affine_gf2","Gf2Gaussian|StructuralHorn"
"winequality-red-bin",0,7,cals,5,"{}","uncommitted","StructuralHorn"
"winequality-red-bin",0,7,cals_compact_explain,5,"{}","uncommitted","StructuralHorn"
"winequality-red-bin",1,5,unary,1,"{""Unary"": 10}","uncommitted","StructuralHorn"
"winequality-red-bin",1,5,horn,1,"{""Horn"": 9}","horn","StructuralHorn"
"winequality-red-bin",1,5,antihorn,1,"{""AntiHorn"": 10}","antihorn","StructuralAntiHorn"
"winequality-red-bin",1,5,square2cnf,1,"{""Square2Cnf"": 9}","two_sat","TwoSat"
"winequality-red-bin",1,5,affine,1,"{""Affine"": 9}","affine_gf2","Gf2Gaussian"
"winequality-red-bin",1,5,smart_certified,5,"{""Horn"": 1, ""Unary"": 8}","uncommitted|horn","StructuralHorn"
"winequality-red-bin",1,5,cals,5,"{}","uncommitted","StructuralHorn"
"winequality-red-bin",1,5,cals_compact_explain,5,"{}","uncommitted","StructuralHorn"
"winequality-red-bin",1,7,unary,1,"{""Unary"": 12}","uncommitted","StructuralHorn"
"winequality-red-bin",1,7,horn,1,"{""Horn"": 9}","horn","StructuralHorn"
"winequality-red-bin",1,7,antihorn,1,"{""AntiHorn"": 10}","antihorn","StructuralAntiHorn"
"winequality-red-bin",1,7,square2cnf,1,"{""Square2Cnf"": 9}","two_sat","TwoSat"
"winequality-red-bin",1,7,affine,1,"{""Affine"": 12}","affine_gf2","Gf2Gaussian"
"winequality-red-bin",1,7,smart_certified,5,"{""Affine"": 2, ""Horn"": 1, ""Unary"": 8}","uncommitted|horn|affine_gf2","Gf2Gaussian|StructuralHorn"
"winequality-red-bin",1,7,cals,5,"{}","uncommitted","StructuralHorn"
"winequality-red-bin",1,7,cals_compact_explain,5,"{}","uncommitted","StructuralHorn"
"winequality-red-bin",2,5,unary,1,"{""Unary"": 11}","uncommitted","StructuralHorn"
"winequality-red-bin",2,5,horn,1,"{""Horn"": 9}","horn","StructuralHorn"
"winequality-red-bin",2,5,antihorn,1,"{""AntiHorn"": 11}","antihorn","StructuralAntiHorn"
"winequality-red-bin",2,5,square2cnf,1,"{""Square2Cnf"": 9}","two_sat","TwoSat"
"winequality-red-bin",2,5,affine,1,"{""Affine"": 9}","affine_gf2","Gf2Gaussian"
"winequality-red-bin",2,5,smart_certified,5,"{""AntiHorn"": 1, ""Horn"": 2, ""Unary"": 7}","uncommitted|horn|antihorn","StructuralAntiHorn|StructuralHorn"
"winequality-red-bin",2,5,cals,5,"{}","uncommitted","StructuralHorn"
"winequality-red-bin",2,5,cals_compact_explain,5,"{}","uncommitted","StructuralHorn"
"winequality-red-bin",2,7,unary,1,"{""Unary"": 14}","uncommitted","StructuralHorn"
"winequality-red-bin",2,7,horn,1,"{""Horn"": 9}","horn","StructuralHorn"
"winequality-red-bin",2,7,antihorn,1,"{""AntiHorn"": 11}","antihorn","StructuralAntiHorn"
"winequality-red-bin",2,7,square2cnf,1,"{""Square2Cnf"": 10}","two_sat","TwoSat"
"winequality-red-bin",2,7,affine,1,"{""Affine"": 10}","affine_gf2","Gf2Gaussian"
"winequality-red-bin",2,7,smart_certified,5,"{""AntiHorn"": 1, ""Horn"": 2, ""Unary"": 8}","uncommitted|horn|antihorn","StructuralAntiHorn|StructuralHorn"
"winequality-red-bin",2,7,cals,5,"{}","uncommitted","StructuralHorn"
"winequality-red-bin",2,7,cals_compact_explain,5,"{}","uncommitted","StructuralHorn"
"winequality-red-bin",3,5,unary,1,"{""Unary"": 12}","uncommitted","StructuralHorn"
"winequality-red-bin",3,5,horn,1,"{""Horn"": 7}","horn","StructuralHorn"
"winequality-red-bin",3,5,antihorn,1,"{""AntiHorn"": 11}","antihorn","StructuralAntiHorn"
"winequality-red-bin",3,5,square2cnf,1,"{""Square2Cnf"": 7}","two_sat","TwoSat"
"winequality-red-bin",3,5,affine,1,"{""Affine"": 5}","affine_gf2","Gf2Gaussian"
"winequality-red-bin",3,5,smart_certified,5,"{""Affine"": 1, ""Horn"": 2, ""Unary"": 7}","uncommitted|horn|affine_gf2","Gf2Gaussian|StructuralHorn"
"winequality-red-bin",3,5,cals,5,"{}","uncommitted","StructuralHorn"
"winequality-red-bin",3,5,cals_compact_explain,5,"{}","uncommitted","StructuralHorn"
"winequality-red-bin",3,7,unary,1,"{""Unary"": 13}","uncommitted","StructuralHorn"
"winequality-red-bin",3,7,horn,1,"{""Horn"": 11}","horn","StructuralHorn"
"winequality-red-bin",3,7,antihorn,1,"{""AntiHorn"": 11}","antihorn","StructuralAntiHorn"
"winequality-red-bin",3,7,square2cnf,1,"{""Square2Cnf"": 8}","two_sat","TwoSat"
"winequality-red-bin",3,7,affine,1,"{""Affine"": 7}","affine_gf2","Gf2Gaussian"
"winequality-red-bin",3,7,smart_certified,5,"{""Affine"": 1, ""Horn"": 2, ""Unary"": 7}","uncommitted|horn|affine_gf2","Gf2Gaussian|StructuralHorn"
"winequality-red-bin",3,7,cals,5,"{}","uncommitted","StructuralHorn"
"winequality-red-bin",3,7,cals_compact_explain,5,"{}","uncommitted","StructuralHorn"
"winequality-red-bin",4,5,unary,1,"{""Unary"": 12}","uncommitted","StructuralHorn"
"winequality-red-bin",4,5,horn,1,"{""Horn"": 9}","horn","StructuralHorn"
"winequality-red-bin",4,5,antihorn,1,"{""AntiHorn"": 12}","antihorn","StructuralAntiHorn"
"winequality-red-bin",4,5,square2cnf,1,"{""Square2Cnf"": 11}","two_sat","TwoSat"
"winequality-red-bin",4,5,affine,1,"{""Affine"": 11}","affine_gf2","Gf2Gaussian"
"winequality-red-bin",4,5,smart_certified,5,"{""Affine"": 2, ""Unary"": 7}","uncommitted|affine_gf2","Gf2Gaussian|StructuralHorn"
"winequality-red-bin",4,5,cals,5,"{}","uncommitted","StructuralHorn"
"winequality-red-bin",4,5,cals_compact_explain,5,"{}","uncommitted","StructuralHorn"
"winequality-red-bin",4,7,unary,1,"{""Unary"": 19}","uncommitted","StructuralHorn"
"winequality-red-bin",4,7,horn,1,"{""Horn"": 13}","horn","StructuralHorn"
"winequality-red-bin",4,7,antihorn,1,"{""AntiHorn"": 14}","antihorn","StructuralAntiHorn"
"winequality-red-bin",4,7,square2cnf,1,"{""Square2Cnf"": 12}","two_sat","TwoSat"
"winequality-red-bin",4,7,affine,1,"{""Affine"": 15}","affine_gf2","Gf2Gaussian"
"winequality-red-bin",4,7,smart_certified,5,"{""Affine"": 2, ""Horn"": 1, ""Unary"": 10}","uncommitted|horn|affine_gf2","Gf2Gaussian|StructuralHorn"
"winequality-red-bin",4,7,cals,5,"{}","uncommitted","StructuralHorn"
"winequality-red-bin",4,7,cals_compact_explain,5,"{}","uncommitted","StructuralHorn"
"winequality-red-bin",5,5,unary,1,"{""Unary"": 12}","uncommitted","StructuralHorn"
"winequality-red-bin",5,5,horn,1,"{""Horn"": 13}","horn","StructuralHorn"
"winequality-red-bin",5,5,antihorn,1,"{""AntiHorn"": 9}","antihorn","StructuralAntiHorn"
"winequality-red-bin",5,5,square2cnf,1,"{""Square2Cnf"": 11}","two_sat","TwoSat"
"winequality-red-bin",5,5,affine,1,"{""Affine"": 14}","affine_gf2","Gf2Gaussian"
"winequality-red-bin",5,5,smart_certified,5,"{""AntiHorn"": 1, ""Horn"": 1, ""Unary"": 9}","uncommitted|horn|antihorn","StructuralAntiHorn|StructuralHorn"
"winequality-red-bin",5,5,cals,5,"{}","uncommitted","StructuralHorn"
"winequality-red-bin",5,5,cals_compact_explain,5,"{}","uncommitted","StructuralHorn"
"winequality-red-bin",5,7,unary,1,"{""Unary"": 17}","uncommitted","StructuralHorn"
"winequality-red-bin",5,7,horn,1,"{""Horn"": 15}","horn","StructuralHorn"
"winequality-red-bin",5,7,antihorn,1,"{""AntiHorn"": 12}","antihorn","StructuralAntiHorn"
"winequality-red-bin",5,7,square2cnf,1,"{""Square2Cnf"": 13}","two_sat","TwoSat"
"winequality-red-bin",5,7,affine,1,"{""Affine"": 16}","affine_gf2","Gf2Gaussian"
"winequality-red-bin",5,7,smart_certified,5,"{""AntiHorn"": 1, ""Horn"": 3, ""Unary"": 10}","uncommitted|horn|antihorn","StructuralAntiHorn|StructuralHorn"
"winequality-red-bin",5,7,cals,5,"{}","uncommitted","StructuralHorn"
"winequality-red-bin",5,7,cals_compact_explain,5,"{}","uncommitted","StructuralHorn"
"winequality-red-bin",6,5,unary,1,"{""Unary"": 14}","uncommitted","StructuralHorn"
"winequality-red-bin",6,5,horn,1,"{""Horn"": 12}","horn","StructuralHorn"
"winequality-red-bin",6,5,antihorn,1,"{""AntiHorn"": 15}","antihorn","StructuralAntiHorn"
"winequality-red-bin",6,5,square2cnf,1,"{""Square2Cnf"": 13}","two_sat","TwoSat"
"winequality-red-bin",6,5,affine,1,"{""Affine"": 12}","affine_gf2","Gf2Gaussian"
"winequality-red-bin",6,5,smart_certified,5,"{""Affine"": 1, ""Horn"": 1, ""Unary"": 11}","uncommitted|horn|affine_gf2","Gf2Gaussian|StructuralHorn"
"winequality-red-bin",6,5,cals,5,"{}","uncommitted","StructuralHorn"
"winequality-red-bin",6,5,cals_compact_explain,5,"{}","uncommitted","StructuralHorn"
"winequality-red-bin",6,7,unary,1,"{""Unary"": 19}","uncommitted","StructuralHorn"
"winequality-red-bin",6,7,horn,1,"{""Horn"": 14}","horn","StructuralHorn"
"winequality-red-bin",6,7,antihorn,1,"{""AntiHorn"": 15}","antihorn","StructuralAntiHorn"
"winequality-red-bin",6,7,square2cnf,1,"{""Square2Cnf"": 15}","two_sat","TwoSat"
"winequality-red-bin",6,7,affine,1,"{""Affine"": 18}","affine_gf2","Gf2Gaussian"
"winequality-red-bin",6,7,smart_certified,5,"{""Affine"": 2, ""Horn"": 1, ""Unary"": 14}","uncommitted|horn|affine_gf2","Gf2Gaussian|StructuralHorn"
"winequality-red-bin",6,7,cals,5,"{}","uncommitted","StructuralHorn"
"winequality-red-bin",6,7,cals_compact_explain,5,"{}","uncommitted","StructuralHorn"
"winequality-red-bin",7,5,unary,1,"{""Unary"": 17}","uncommitted","StructuralHorn"
"winequality-red-bin",7,5,horn,1,"{""Horn"": 10}","horn","StructuralHorn"
"winequality-red-bin",7,5,antihorn,1,"{""AntiHorn"": 10}","antihorn","StructuralAntiHorn"
"winequality-red-bin",7,5,square2cnf,1,"{""Square2Cnf"": 11}","two_sat","TwoSat"
"winequality-red-bin",7,5,affine,1,"{""Affine"": 12}","affine_gf2","Gf2Gaussian"
"winequality-red-bin",7,5,smart_certified,5,"{""Affine"": 2, ""Horn"": 2, ""Unary"": 12}","uncommitted|horn|affine_gf2","Gf2Gaussian|StructuralHorn"
"winequality-red-bin",7,5,cals,5,"{}","uncommitted","StructuralHorn"
"winequality-red-bin",7,5,cals_compact_explain,5,"{}","uncommitted","StructuralHorn"
"winequality-red-bin",7,7,unary,1,"{""Unary"": 24}","uncommitted","StructuralHorn"
"winequality-red-bin",7,7,horn,1,"{""Horn"": 14}","horn","StructuralHorn"
"winequality-red-bin",7,7,antihorn,1,"{""AntiHorn"": 18}","antihorn","StructuralAntiHorn"
"winequality-red-bin",7,7,square2cnf,1,"{""Square2Cnf"": 14}","two_sat","TwoSat"
"winequality-red-bin",7,7,affine,1,"{""Affine"": 17}","affine_gf2","Gf2Gaussian"
"winequality-red-bin",7,7,smart_certified,5,"{""Affine"": 2, ""Horn"": 2, ""Unary"": 16}","uncommitted|horn|affine_gf2","Gf2Gaussian|StructuralHorn"
"winequality-red-bin",7,7,cals,5,"{}","uncommitted","StructuralHorn"
"winequality-red-bin",7,7,cals_compact_explain,5,"{}","uncommitted","StructuralHorn"
"winequality-red-bin",8,5,unary,1,"{""Unary"": 17}","uncommitted","StructuralHorn"
"winequality-red-bin",8,5,horn,1,"{""Horn"": 10}","horn","StructuralHorn"
"winequality-red-bin",8,5,antihorn,1,"{""AntiHorn"": 12}","antihorn","StructuralAntiHorn"
"winequality-red-bin",8,5,square2cnf,1,"{""Square2Cnf"": 10}","two_sat","TwoSat"
"winequality-red-bin",8,5,affine,1,"{""Affine"": 13}","affine_gf2","Gf2Gaussian"
"winequality-red-bin",8,5,smart_certified,5,"{""Affine"": 2, ""Horn"": 3, ""Unary"": 9}","uncommitted|horn|affine_gf2","Gf2Gaussian|StructuralHorn"
"winequality-red-bin",8,5,cals,5,"{}","uncommitted","StructuralHorn"
"winequality-red-bin",8,5,cals_compact_explain,5,"{}","uncommitted","StructuralHorn"
"winequality-red-bin",8,7,unary,1,"{""Unary"": 22}","uncommitted","StructuralHorn"
"winequality-red-bin",8,7,horn,1,"{""Horn"": 15}","horn","StructuralHorn"
"winequality-red-bin",8,7,antihorn,1,"{""AntiHorn"": 14}","antihorn","StructuralAntiHorn"
"winequality-red-bin",8,7,square2cnf,1,"{""Square2Cnf"": 11}","two_sat","TwoSat"
"winequality-red-bin",8,7,affine,1,"{""Affine"": 16}","affine_gf2","Gf2Gaussian"
"winequality-red-bin",8,7,smart_certified,5,"{""Affine"": 2, ""Horn"": 3, ""Unary"": 11}","uncommitted|horn|affine_gf2","Gf2Gaussian|StructuralHorn"
"winequality-red-bin",8,7,cals,5,"{}","uncommitted","StructuralHorn"
"winequality-red-bin",8,7,cals_compact_explain,5,"{}","uncommitted","StructuralHorn"
"winequality-red-bin",9,5,unary,1,"{""Unary"": 15}","uncommitted","StructuralHorn"
"winequality-red-bin",9,5,horn,1,"{""Horn"": 8}","horn","StructuralHorn"
"winequality-red-bin",9,5,antihorn,1,"{""AntiHorn"": 12}","antihorn","StructuralAntiHorn"
"winequality-red-bin",9,5,square2cnf,1,"{""Square2Cnf"": 9}","two_sat","TwoSat"
"winequality-red-bin",9,5,affine,1,"{""Affine"": 12}","affine_gf2","Gf2Gaussian"
"winequality-red-bin",9,5,smart_certified,5,"{""Affine"": 1, ""Horn"": 1, ""Unary"": 12}","uncommitted|horn|affine_gf2","Gf2Gaussian|StructuralHorn"
"winequality-red-bin",9,5,cals,5,"{}","uncommitted","StructuralHorn"
"winequality-red-bin",9,5,cals_compact_explain,5,"{}","uncommitted","StructuralHorn"
"winequality-red-bin",9,7,unary,1,"{""Unary"": 21}","uncommitted","StructuralHorn"
"winequality-red-bin",9,7,horn,1,"{""Horn"": 10}","horn","StructuralHorn"
"winequality-red-bin",9,7,antihorn,1,"{""AntiHorn"": 15}","antihorn","StructuralAntiHorn"
"winequality-red-bin",9,7,square2cnf,1,"{""Square2Cnf"": 11}","two_sat","TwoSat"
"winequality-red-bin",9,7,affine,1,"{""Affine"": 16}","affine_gf2","Gf2Gaussian"
"winequality-red-bin",9,7,smart_certified,5,"{""Affine"": 2, ""Horn"": 2, ""Unary"": 14}","uncommitted|horn|affine_gf2","Gf2Gaussian|StructuralHorn"
"winequality-red-bin",9,7,cals,5,"{}","uncommitted","StructuralHorn"
"winequality-red-bin",9,7,cals_compact_explain,5,"{}","uncommitted","StructuralHorn"
"yeast",0,5,unary,1,"{""Unary"": 21}","uncommitted","StructuralHorn"
"yeast",0,5,horn,1,"{""Horn"": 23}","horn","StructuralHorn"
"yeast",0,5,antihorn,1,"{""AntiHorn"": 23}","antihorn","StructuralAntiHorn"
"yeast",0,5,square2cnf,1,"{""Square2Cnf"": 23}","two_sat","TwoSat"
"yeast",0,5,affine,1,"{""Affine"": 20}","affine_gf2","Gf2Gaussian"
"yeast",0,5,smart_certified,5,"{""Affine"": 2, ""Unary"": 19}","uncommitted|affine_gf2","Gf2Gaussian|StructuralHorn"
"yeast",0,5,cals,5,"{""Affine"": 4, ""Horn"": 3, ""Unary"": 1}","horn|affine_gf2","Gf2Gaussian|StructuralHorn"
"yeast",0,5,cals_compact_explain,5,"{""Affine"": 2, ""Unary"": 3}","uncommitted|affine_gf2","Gf2Gaussian|StructuralHorn"
"yeast",0,7,unary,1,"{""Unary"": 62}","uncommitted","StructuralHorn"
"yeast",0,7,horn,1,"{""Horn"": 56}","horn","StructuralHorn"
"yeast",0,7,antihorn,1,"{""AntiHorn"": 56}","antihorn","StructuralAntiHorn"
"yeast",0,7,square2cnf,1,"{""Square2Cnf"": 56}","two_sat","TwoSat"
"yeast",0,7,affine,1,"{""Affine"": 52}","affine_gf2","Gf2Gaussian"
"yeast",0,7,smart_certified,5,"{""Affine"": 6, ""Horn"": 3, ""Unary"": 50}","uncommitted|horn|affine_gf2","Gf2Gaussian|StructuralHorn"
"yeast",0,7,cals,5,"{""Affine"": 6, ""Horn"": 3, ""Unary"": 2}","horn|affine_gf2","Gf2Gaussian|StructuralHorn"
"yeast",0,7,cals_compact_explain,5,"{""Affine"": 2, ""Unary"": 3}","uncommitted|affine_gf2","Gf2Gaussian|StructuralHorn"
"yeast",1,5,unary,1,"{""Unary"": 20}","uncommitted","StructuralHorn"
"yeast",1,5,horn,1,"{""Horn"": 23}","horn","StructuralHorn"
"yeast",1,5,antihorn,1,"{""AntiHorn"": 23}","antihorn","StructuralAntiHorn"
"yeast",1,5,square2cnf,1,"{""Square2Cnf"": 23}","two_sat","TwoSat"
"yeast",1,5,affine,1,"{""Affine"": 12}","affine_gf2","Gf2Gaussian"
"yeast",1,5,smart_certified,5,"{""Horn"": 1, ""Unary"": 19}","uncommitted|horn","StructuralHorn"
"yeast",1,5,cals,5,"{""Horn"": 2, ""Unary"": 1}","horn","StructuralHorn"
"yeast",1,5,cals_compact_explain,5,"{""Horn"": 1}","horn","StructuralHorn"
"yeast",1,7,unary,1,"{""Unary"": 58}","uncommitted","StructuralHorn"
"yeast",1,7,horn,1,"{""Horn"": 66}","horn","StructuralHorn"
"yeast",1,7,antihorn,1,"{""AntiHorn"": 66}","antihorn","StructuralAntiHorn"
"yeast",1,7,square2cnf,1,"{""Square2Cnf"": 66}","two_sat","TwoSat"
"yeast",1,7,affine,1,"{""Affine"": 27}","affine_gf2","Gf2Gaussian"
"yeast",1,7,smart_certified,5,"{""Affine"": 1, ""Horn"": 3, ""Unary"": 54}","uncommitted|horn|affine_gf2","Gf2Gaussian|StructuralHorn"
"yeast",1,7,cals,5,"{""Horn"": 13, ""Unary"": 8}","horn","StructuralHorn"
"yeast",1,7,cals_compact_explain,5,"{""Horn"": 9, ""Unary"": 2}","horn","StructuralHorn"
"yeast",2,5,unary,1,"{""Unary"": 22}","uncommitted","StructuralHorn"
"yeast",2,5,horn,1,"{""Horn"": 21}","horn","StructuralHorn"
"yeast",2,5,antihorn,1,"{""AntiHorn"": 21}","antihorn","StructuralAntiHorn"
"yeast",2,5,square2cnf,1,"{""Square2Cnf"": 21}","two_sat","TwoSat"
"yeast",2,5,affine,1,"{""Affine"": 17}","affine_gf2","Gf2Gaussian"
"yeast",2,5,smart_certified,5,"{""Affine"": 1, ""Unary"": 21}","uncommitted|affine_gf2","Gf2Gaussian|StructuralHorn"
"yeast",2,5,cals,5,"{""Horn"": 5}","horn","StructuralHorn"
"yeast",2,5,cals_compact_explain,5,"{""Affine"": 2, ""Unary"": 2}","uncommitted|affine_gf2","Gf2Gaussian|StructuralHorn"
"yeast",2,7,unary,1,"{""Unary"": 60}","uncommitted","StructuralHorn"
"yeast",2,7,horn,1,"{""Horn"": 47}","horn","StructuralHorn"
"yeast",2,7,antihorn,1,"{""AntiHorn"": 47}","antihorn","StructuralAntiHorn"
"yeast",2,7,square2cnf,1,"{""Square2Cnf"": 47}","two_sat","TwoSat"
"yeast",2,7,affine,1,"{""Affine"": 40}","affine_gf2","Gf2Gaussian"
"yeast",2,7,smart_certified,5,"{""Affine"": 6, ""Horn"": 1, ""Unary"": 52}","uncommitted|horn|affine_gf2","Gf2Gaussian|StructuralHorn"
"yeast",2,7,cals,5,"{""Horn"": 12, ""Unary"": 3}","horn","StructuralHorn"
"yeast",2,7,cals_compact_explain,5,"{""Affine"": 18, ""Unary"": 9}","uncommitted|affine_gf2","Gf2Gaussian|StructuralHorn"
"yeast",3,5,unary,1,"{""Unary"": 20}","uncommitted","StructuralHorn"
"yeast",3,5,horn,1,"{""Horn"": 23}","horn","StructuralHorn"
"yeast",3,5,antihorn,1,"{""AntiHorn"": 23}","antihorn","StructuralAntiHorn"
"yeast",3,5,square2cnf,1,"{""Square2Cnf"": 23}","two_sat","TwoSat"
"yeast",3,5,affine,1,"{""Affine"": 18}","affine_gf2","Gf2Gaussian"
"yeast",3,5,smart_certified,5,"{""Horn"": 1, ""Unary"": 19}","uncommitted|horn","StructuralHorn"
"yeast",3,5,cals,5,"{""Horn"": 6, ""Unary"": 1}","horn","StructuralHorn"
"yeast",3,5,cals_compact_explain,5,"{""Affine"": 4, ""Unary"": 1}","uncommitted|affine_gf2","Gf2Gaussian|StructuralHorn"
"yeast",3,7,unary,1,"{""Unary"": 49}","uncommitted","StructuralHorn"
"yeast",3,7,horn,1,"{""Horn"": 50}","horn","StructuralHorn"
"yeast",3,7,antihorn,1,"{""AntiHorn"": 50}","antihorn","StructuralAntiHorn"
"yeast",3,7,square2cnf,1,"{""Square2Cnf"": 50}","two_sat","TwoSat"
"yeast",3,7,affine,1,"{""Affine"": 40}","affine_gf2","Gf2Gaussian"
"yeast",3,7,smart_certified,5,"{""Affine"": 2, ""Horn"": 5, ""Unary"": 43}","uncommitted|horn|affine_gf2","Gf2Gaussian|StructuralHorn"
"yeast",3,7,cals,5,"{""Horn"": 13, ""Unary"": 1}","horn","StructuralHorn"
"yeast",3,7,cals_compact_explain,5,"{""Affine"": 6, ""Unary"": 2}","uncommitted|affine_gf2","Gf2Gaussian|StructuralHorn"
"yeast",4,5,unary,1,"{""Unary"": 19}","uncommitted","StructuralHorn"
"yeast",4,5,horn,1,"{""Horn"": 22}","horn","StructuralHorn"
"yeast",4,5,antihorn,1,"{""AntiHorn"": 22}","antihorn","StructuralAntiHorn"
"yeast",4,5,square2cnf,1,"{""Square2Cnf"": 22}","two_sat","TwoSat"
"yeast",4,5,affine,1,"{""Affine"": 17}","affine_gf2","Gf2Gaussian"
"yeast",4,5,smart_certified,5,"{""Horn"": 1, ""Unary"": 18}","uncommitted|horn","StructuralHorn"
"yeast",4,5,cals,5,"{""Horn"": 8, ""Unary"": 2}","horn","StructuralHorn"
"yeast",4,5,cals_compact_explain,5,"{""Horn"": 7, ""Unary"": 1}","horn","StructuralHorn"
"yeast",4,7,unary,1,"{""Unary"": 48}","uncommitted","StructuralHorn"
"yeast",4,7,horn,1,"{""Horn"": 57}","horn","StructuralHorn"
"yeast",4,7,antihorn,1,"{""AntiHorn"": 57}","antihorn","StructuralAntiHorn"
"yeast",4,7,square2cnf,1,"{""Square2Cnf"": 57}","two_sat","TwoSat"
"yeast",4,7,affine,1,"{""Affine"": 36}","affine_gf2","Gf2Gaussian"
"yeast",4,7,smart_certified,5,"{""Affine"": 2, ""Horn"": 5, ""Unary"": 40}","uncommitted|horn|affine_gf2","Gf2Gaussian|StructuralHorn"
"yeast",4,7,cals,5,"{""Horn"": 16, ""Unary"": 4}","horn","StructuralHorn"
"yeast",4,7,cals_compact_explain,5,"{""Horn"": 14, ""Unary"": 4}","horn","StructuralHorn"
"yeast",5,5,unary,1,"{""Unary"": 22}","uncommitted","StructuralHorn"
"yeast",5,5,horn,1,"{""Horn"": 23}","horn","StructuralHorn"
"yeast",5,5,antihorn,1,"{""AntiHorn"": 23}","antihorn","StructuralAntiHorn"
"yeast",5,5,square2cnf,1,"{""Square2Cnf"": 23}","two_sat","TwoSat"
"yeast",5,5,affine,1,"{""Affine"": 19}","affine_gf2","Gf2Gaussian"
"yeast",5,5,smart_certified,5,"{""Horn"": 1, ""Unary"": 21}","uncommitted|horn","StructuralHorn"
"yeast",5,5,cals,5,"{""Horn"": 6, ""Unary"": 1}","horn","StructuralHorn"
"yeast",5,5,cals_compact_explain,5,"{""Square2Cnf"": 5, ""Unary"": 3}","two_sat","TwoSat"
"yeast",5,7,unary,1,"{""Unary"": 61}","uncommitted","StructuralHorn"
"yeast",5,7,horn,1,"{""Horn"": 58}","horn","StructuralHorn"
"yeast",5,7,antihorn,1,"{""AntiHorn"": 58}","antihorn","StructuralAntiHorn"
"yeast",5,7,square2cnf,1,"{""Square2Cnf"": 58}","two_sat","TwoSat"
"yeast",5,7,affine,1,"{""Affine"": 44}","affine_gf2","Gf2Gaussian"
"yeast",5,7,smart_certified,5,"{""Affine"": 1, ""Horn"": 4, ""Unary"": 55}","uncommitted|horn|affine_gf2","Gf2Gaussian|StructuralHorn"
"yeast",5,7,cals,5,"{""Horn"": 10, ""Unary"": 1}","horn","StructuralHorn"
"yeast",5,7,cals_compact_explain,5,"{""Square2Cnf"": 5, ""Unary"": 3}","two_sat","TwoSat"
"yeast",6,5,unary,1,"{""Unary"": 19}","uncommitted","StructuralHorn"
"yeast",6,5,horn,1,"{""Horn"": 22}","horn","StructuralHorn"
"yeast",6,5,antihorn,1,"{""AntiHorn"": 22}","antihorn","StructuralAntiHorn"
"yeast",6,5,square2cnf,1,"{""Square2Cnf"": 22}","two_sat","TwoSat"
"yeast",6,5,affine,1,"{""Affine"": 19}","affine_gf2","Gf2Gaussian"
"yeast",6,5,smart_certified,5,"{""Affine"": 1, ""Horn"": 1, ""Unary"": 17}","uncommitted|horn|affine_gf2","Gf2Gaussian|StructuralHorn"
"yeast",6,5,cals,5,"{}","uncommitted","StructuralHorn"
"yeast",6,5,cals_compact_explain,5,"{""Unary"": 1}","uncommitted","StructuralHorn"
"yeast",6,7,unary,1,"{""Unary"": 56}","uncommitted","StructuralHorn"
"yeast",6,7,horn,1,"{""Horn"": 55}","horn","StructuralHorn"
"yeast",6,7,antihorn,1,"{""AntiHorn"": 55}","antihorn","StructuralAntiHorn"
"yeast",6,7,square2cnf,1,"{""Square2Cnf"": 55}","two_sat","TwoSat"
"yeast",6,7,affine,1,"{""Affine"": 45}","affine_gf2","Gf2Gaussian"
"yeast",6,7,smart_certified,5,"{""Affine"": 5, ""Horn"": 7, ""Unary"": 41}","uncommitted|horn|affine_gf2","Gf2Gaussian|StructuralHorn"
"yeast",6,7,cals,5,"{""Affine"": 11, ""Unary"": 4}","uncommitted|affine_gf2","Gf2Gaussian|StructuralHorn"
"yeast",6,7,cals_compact_explain,5,"{""Unary"": 1}","uncommitted","StructuralHorn"
"yeast",7,5,unary,1,"{""Unary"": 19}","uncommitted","StructuralHorn"
"yeast",7,5,horn,1,"{""Horn"": 20}","horn","StructuralHorn"
"yeast",7,5,antihorn,1,"{""AntiHorn"": 20}","antihorn","StructuralAntiHorn"
"yeast",7,5,square2cnf,1,"{""Square2Cnf"": 20}","two_sat","TwoSat"
"yeast",7,5,affine,1,"{""Affine"": 18}","affine_gf2","Gf2Gaussian"
"yeast",7,5,smart_certified,5,"{""Unary"": 19}","uncommitted","StructuralHorn"
"yeast",7,5,cals,5,"{""Horn"": 6, ""Unary"": 1}","horn","StructuralHorn"
"yeast",7,5,cals_compact_explain,5,"{""Horn"": 1}","horn","StructuralHorn"
"yeast",7,7,unary,1,"{""Unary"": 52}","uncommitted","StructuralHorn"
"yeast",7,7,horn,1,"{""Horn"": 58}","horn","StructuralHorn"
"yeast",7,7,antihorn,1,"{""AntiHorn"": 58}","antihorn","StructuralAntiHorn"
"yeast",7,7,square2cnf,1,"{""Square2Cnf"": 58}","two_sat","TwoSat"
"yeast",7,7,affine,1,"{""Affine"": 42}","affine_gf2","Gf2Gaussian"
"yeast",7,7,smart_certified,5,"{""Affine"": 2, ""Horn"": 6, ""Unary"": 43}","uncommitted|horn|affine_gf2","Gf2Gaussian|StructuralHorn"
"yeast",7,7,cals,5,"{""Horn"": 14, ""Unary"": 4}","horn","StructuralHorn"
"yeast",7,7,cals_compact_explain,5,"{""Horn"": 5, ""Unary"": 4}","horn","StructuralHorn"
"yeast",8,5,unary,1,"{""Unary"": 20}","uncommitted","StructuralHorn"
"yeast",8,5,horn,1,"{""Horn"": 22}","horn","StructuralHorn"
"yeast",8,5,antihorn,1,"{""AntiHorn"": 22}","antihorn","StructuralAntiHorn"
"yeast",8,5,square2cnf,1,"{""Square2Cnf"": 22}","two_sat","TwoSat"
"yeast",8,5,affine,1,"{""Affine"": 19}","affine_gf2","Gf2Gaussian"
"yeast",8,5,smart_certified,5,"{""Affine"": 1, ""Unary"": 19}","uncommitted|affine_gf2","Gf2Gaussian|StructuralHorn"
"yeast",8,5,cals,5,"{""Affine"": 5, ""Horn"": 2, ""Unary"": 3}","horn|affine_gf2","Gf2Gaussian|StructuralHorn"
"yeast",8,5,cals_compact_explain,5,"{""Unary"": 1}","uncommitted","StructuralHorn"
"yeast",8,7,unary,1,"{""Unary"": 55}","uncommitted","StructuralHorn"
"yeast",8,7,horn,1,"{""Horn"": 52}","horn","StructuralHorn"
"yeast",8,7,antihorn,1,"{""AntiHorn"": 52}","antihorn","StructuralAntiHorn"
"yeast",8,7,square2cnf,1,"{""Square2Cnf"": 52}","two_sat","TwoSat"
"yeast",8,7,affine,1,"{""Affine"": 47}","affine_gf2","Gf2Gaussian"
"yeast",8,7,smart_certified,5,"{""Affine"": 4, ""Horn"": 1, ""Unary"": 50}","uncommitted|horn|affine_gf2","Gf2Gaussian|StructuralHorn"
"yeast",8,7,cals,5,"{""Affine"": 8, ""Horn"": 2, ""Unary"": 4}","horn|affine_gf2","Gf2Gaussian|StructuralHorn"
"yeast",8,7,cals_compact_explain,5,"{""Unary"": 1}","uncommitted","StructuralHorn"
"yeast",9,5,unary,1,"{""Unary"": 21}","uncommitted","StructuralHorn"
"yeast",9,5,horn,1,"{""Horn"": 22}","horn","StructuralHorn"
"yeast",9,5,antihorn,1,"{""AntiHorn"": 22}","antihorn","StructuralAntiHorn"
"yeast",9,5,square2cnf,1,"{""Square2Cnf"": 22}","two_sat","TwoSat"
"yeast",9,5,affine,1,"{""Affine"": 18}","affine_gf2","Gf2Gaussian"
"yeast",9,5,smart_certified,5,"{""Affine"": 1, ""Horn"": 2, ""Unary"": 18}","uncommitted|horn|affine_gf2","Gf2Gaussian|StructuralHorn"
"yeast",9,5,cals,5,"{""Horn"": 4}","horn","StructuralHorn"
"yeast",9,5,cals_compact_explain,5,"{""Horn"": 4}","horn","StructuralHorn"
"yeast",9,7,unary,1,"{""Unary"": 52}","uncommitted","StructuralHorn"
"yeast",9,7,horn,1,"{""Horn"": 55}","horn","StructuralHorn"
"yeast",9,7,antihorn,1,"{""AntiHorn"": 55}","antihorn","StructuralAntiHorn"
"yeast",9,7,square2cnf,1,"{""Square2Cnf"": 55}","two_sat","TwoSat"
"yeast",9,7,affine,1,"{""Affine"": 40}","affine_gf2","Gf2Gaussian"
"yeast",9,7,smart_certified,5,"{""Affine"": 1, ""Horn"": 8, ""Unary"": 42}","uncommitted|horn|affine_gf2","Gf2Gaussian|StructuralHorn"
"yeast",9,7,cals,5,"{""Horn"": 4}","horn","StructuralHorn"
"yeast",9,7,cals_compact_explain,5,"{""Horn"": 4}","horn","StructuralHorn"
