dataset,run,depth,method,search_strategy,score_profile,candidate_count,candidate_pruned_count,branch_and_bound_fallback_count,nodes_using_greedy_selection,nodes_using_selective_lookahead,branch_and_bound_activation_count,branch_and_bound_avoided_count,cache_activation_count,estimated_work_saved,search_time,path_certified,path_violation_count
"HTRU_2-bin",0,5,unary,Greedy,InformationGain,0,0,0,0,0,0,0,0,0,0.06968142,true,0
"HTRU_2-bin",0,5,horn,Greedy,InformationGain,0,0,0,0,0,0,0,0,0,0.113401215,true,0
"HTRU_2-bin",0,5,antihorn,Greedy,InformationGain,0,0,0,0,0,0,0,0,0,0.114603562,true,0
"HTRU_2-bin",0,5,square2cnf,Greedy,InformationGain,0,0,0,0,0,0,0,0,0,0.971535667,true,0
"HTRU_2-bin",0,5,affine,Greedy,InformationGain,0,0,0,0,0,0,0,0,0,0.400629857,true,0
"HTRU_2-bin",0,5,smart_certified,Greedy,InformationGain,0,0,0,0,0,0,0,0,0,1.588930576,true,0
"HTRU_2-bin",0,5,cals,SparseLookahead,SparseCertified,68703,1621,0,42,0,35,0,70,2181,23.501648866,true,0
"HTRU_2-bin",0,5,cals_compact_explain,SelectiveLookahead,SparseCertified,31949,0,0,30,19,0,32,77,720,8.428030963000001,true,0
"HTRU_2-bin",0,7,unary,Greedy,InformationGain,0,0,0,0,0,0,0,0,0,0.095280929,true,0
"HTRU_2-bin",0,7,horn,Greedy,InformationGain,0,0,0,0,0,0,0,0,0,0.225427405,true,0
"HTRU_2-bin",0,7,antihorn,Greedy,InformationGain,0,0,0,0,0,0,0,0,0,0.238724399,true,0
"HTRU_2-bin",0,7,square2cnf,Greedy,InformationGain,0,0,0,0,0,0,0,0,0,3.3367032979999998,true,0
"HTRU_2-bin",0,7,affine,Greedy,InformationGain,0,0,0,0,0,0,0,0,0,0.970732446,true,0
"HTRU_2-bin",0,7,smart_certified,Greedy,InformationGain,0,0,0,0,0,0,0,0,0,4.959549667,true,0
"HTRU_2-bin",0,7,cals,SparseLookahead,SparseCertified,144613,3469,0,94,0,87,0,174,4840,52.568708822999994,true,0
"HTRU_2-bin",0,7,cals_compact_explain,SelectiveLookahead,SparseCertified,75676,0,0,82,19,0,84,181,1524,20.120420221,true,0
"HTRU_2-bin",1,5,unary,Greedy,InformationGain,0,0,0,0,0,0,0,0,0,0.058938978,true,0
"HTRU_2-bin",1,5,horn,Greedy,InformationGain,0,0,0,0,0,0,0,0,0,0.115389444,true,0
"HTRU_2-bin",1,5,antihorn,Greedy,InformationGain,0,0,0,0,0,0,0,0,0,0.119201146,true,0
"HTRU_2-bin",1,5,square2cnf,Greedy,InformationGain,0,0,0,0,0,0,0,0,0,0.954322943,true,0
"HTRU_2-bin",1,5,affine,Greedy,InformationGain,0,0,0,0,0,0,0,0,0,0.380097492,true,0
"HTRU_2-bin",1,5,smart_certified,Greedy,InformationGain,0,0,0,0,0,0,0,0,0,1.75062815,true,0
"HTRU_2-bin",1,5,cals,SparseLookahead,SparseCertified,79379,1694,0,40,0,37,0,66,2158,35.305645983999995,true,0
"HTRU_2-bin",1,5,cals_compact_explain,SelectiveLookahead,SparseCertified,40856,0,0,29,15,0,40,70,480,10.862003923,true,0
"HTRU_2-bin",1,7,unary,Greedy,InformationGain,0,0,0,0,0,0,0,0,0,0.09900663,true,0
"HTRU_2-bin",1,7,horn,Greedy,InformationGain,0,0,0,0,0,0,0,0,0,0.216150338,true,0
"HTRU_2-bin",1,7,antihorn,Greedy,InformationGain,0,0,0,0,0,0,0,0,0,0.226921947,true,0
"HTRU_2-bin",1,7,square2cnf,Greedy,InformationGain,0,0,0,0,0,0,0,0,0,2.919482848,true,0
"HTRU_2-bin",1,7,affine,Greedy,InformationGain,0,0,0,0,0,0,0,0,0,0.81190071,true,0
"HTRU_2-bin",1,7,smart_certified,Greedy,InformationGain,0,0,0,0,0,0,0,0,0,5.13086021,true,0
"HTRU_2-bin",1,7,cals,SparseLookahead,SparseCertified,165110,3456,0,85,0,82,0,156,4625,80.13812337,true,0
"HTRU_2-bin",1,7,cals_compact_explain,SelectiveLookahead,SparseCertified,87486,0,0,79,15,0,90,170,1246,20.743612215,true,0
"HTRU_2-bin",2,5,unary,Greedy,InformationGain,0,0,0,0,0,0,0,0,0,0.061053366,true,0
"HTRU_2-bin",2,5,horn,Greedy,InformationGain,0,0,0,0,0,0,0,0,0,0.113301543,true,0
"HTRU_2-bin",2,5,antihorn,Greedy,InformationGain,0,0,0,0,0,0,0,0,0,0.119127643,true,0
"HTRU_2-bin",2,5,square2cnf,Greedy,InformationGain,0,0,0,0,0,0,0,0,0,1.015839305,true,0
"HTRU_2-bin",2,5,affine,Greedy,InformationGain,0,0,0,0,0,0,0,0,0,0.374729709,true,0
"HTRU_2-bin",2,5,smart_certified,Greedy,InformationGain,0,0,0,0,0,0,0,0,0,1.654372447,true,0
"HTRU_2-bin",2,5,cals,SparseLookahead,SparseCertified,16114,1554,0,40,0,37,0,66,2018,2.553671333,true,0
"HTRU_2-bin",2,5,cals_compact_explain,SelectiveLookahead,SparseCertified,54983,0,0,34,19,0,41,82,656,17.005206992999998,true,0
"HTRU_2-bin",2,7,unary,Greedy,InformationGain,0,0,0,0,0,0,0,0,0,0.101183532,true,0
"HTRU_2-bin",2,7,horn,Greedy,InformationGain,0,0,0,0,0,0,0,0,0,0.212605425,true,0
"HTRU_2-bin",2,7,antihorn,Greedy,InformationGain,0,0,0,0,0,0,0,0,0,0.230555789,true,0
"HTRU_2-bin",2,7,square2cnf,Greedy,InformationGain,0,0,0,0,0,0,0,0,0,2.690355242,true,0
"HTRU_2-bin",2,7,affine,Greedy,InformationGain,0,0,0,0,0,0,0,0,0,0.977403529,true,0
"HTRU_2-bin",2,7,smart_certified,Greedy,InformationGain,0,0,0,0,0,0,0,0,0,5.122284068,true,0
"HTRU_2-bin",2,7,cals,SparseLookahead,SparseCertified,18868,2812,0,78,0,75,0,142,3863,2.911151298,true,0
"HTRU_2-bin",2,7,cals_compact_explain,SelectiveLookahead,SparseCertified,111071,0,0,81,19,0,87,176,1384,36.812455269,true,0
"HTRU_2-bin",3,5,unary,Greedy,InformationGain,0,0,0,0,0,0,0,0,0,0.060658908,true,0
"HTRU_2-bin",3,5,horn,Greedy,InformationGain,0,0,0,0,0,0,0,0,0,0.116832277,true,0
"HTRU_2-bin",3,5,antihorn,Greedy,InformationGain,0,0,0,0,0,0,0,0,0,0.113086454,true,0
"HTRU_2-bin",3,5,square2cnf,Greedy,InformationGain,0,0,0,0,0,0,0,0,0,0.893232007,true,0
"HTRU_2-bin",3,5,affine,Greedy,InformationGain,0,0,0,0,0,0,0,0,0,0.383771833,true,0
"HTRU_2-bin",3,5,smart_certified,Greedy,InformationGain,0,0,0,0,0,0,0,0,0,1.683017014,true,0
"HTRU_2-bin",3,5,cals,SparseLookahead,SparseCertified,82815,1687,0,39,0,37,0,64,2119,38.238481221,true,0
"HTRU_2-bin",3,5,cals_compact_explain,SelectiveLookahead,SparseCertified,36196,0,0,29,15,0,29,70,656,7.929163694,true,0
"HTRU_2-bin",3,7,unary,Greedy,InformationGain,0,0,0,0,0,0,0,0,0,0.10637434,true,0
"HTRU_2-bin",3,7,horn,Greedy,InformationGain,0,0,0,0,0,0,0,0,0,0.241634347,true,0
"HTRU_2-bin",3,7,antihorn,Greedy,InformationGain,0,0,0,0,0,0,0,0,0,0.236250327,true,0
"HTRU_2-bin",3,7,square2cnf,Greedy,InformationGain,0,0,0,0,0,0,0,0,0,2.249507881,true,0
"HTRU_2-bin",3,7,affine,Greedy,InformationGain,0,0,0,0,0,0,0,0,0,0.926806539,true,0
"HTRU_2-bin",3,7,smart_certified,Greedy,InformationGain,0,0,0,0,0,0,0,0,0,6.148036619,true,0
"HTRU_2-bin",3,7,cals,SparseLookahead,SparseCertified,185414,3315,0,83,0,81,0,152,4428,93.34199805600001,true,0
"HTRU_2-bin",3,7,cals_compact_explain,SelectiveLookahead,SparseCertified,87561,0,0,79,15,0,79,170,1433,21.127555272000002,true,0
"HTRU_2-bin",4,5,unary,Greedy,InformationGain,0,0,0,0,0,0,0,0,0,0.058197899,true,0
"HTRU_2-bin",4,5,horn,Greedy,InformationGain,0,0,0,0,0,0,0,0,0,0.110115592,true,0
"HTRU_2-bin",4,5,antihorn,Greedy,InformationGain,0,0,0,0,0,0,0,0,0,0.112838277,true,0
"HTRU_2-bin",4,5,square2cnf,Greedy,InformationGain,0,0,0,0,0,0,0,0,0,0.887121593,true,0
"HTRU_2-bin",4,5,affine,Greedy,InformationGain,0,0,0,0,0,0,0,0,0,0.371114018,true,0
"HTRU_2-bin",4,5,smart_certified,Greedy,InformationGain,0,0,0,0,0,0,0,0,0,1.655652664,true,0
"HTRU_2-bin",4,5,cals,SparseLookahead,SparseCertified,14405,1591,0,41,0,38,0,68,2071,1.731040434,true,0
"HTRU_2-bin",4,5,cals_compact_explain,SelectiveLookahead,SparseCertified,44756,0,0,32,16,0,32,75,688,14.105607274,true,0
"HTRU_2-bin",4,7,unary,Greedy,InformationGain,0,0,0,0,0,0,0,0,0,0.091825194,true,0
"HTRU_2-bin",4,7,horn,Greedy,InformationGain,0,0,0,0,0,0,0,0,0,0.206227038,true,0
"HTRU_2-bin",4,7,antihorn,Greedy,InformationGain,0,0,0,0,0,0,0,0,0,0.238058932,true,0
"HTRU_2-bin",4,7,square2cnf,Greedy,InformationGain,0,0,0,0,0,0,0,0,0,2.435003777,true,0
"HTRU_2-bin",4,7,affine,Greedy,InformationGain,0,0,0,0,0,0,0,0,0,0.878774995,true,0
"HTRU_2-bin",4,7,smart_certified,Greedy,InformationGain,0,0,0,0,0,0,0,0,0,5.19131366,true,0
"HTRU_2-bin",4,7,cals,SparseLookahead,SparseCertified,17382,2951,0,87,0,84,0,160,4083,1.96120933,true,0
"HTRU_2-bin",4,7,cals_compact_explain,SelectiveLookahead,SparseCertified,98764,0,0,80,16,0,79,171,1459,36.09417156,true,0
"HTRU_2-bin",5,5,unary,Greedy,InformationGain,0,0,0,0,0,0,0,0,0,0.063468722,true,0
"HTRU_2-bin",5,5,horn,Greedy,InformationGain,0,0,0,0,0,0,0,0,0,0.117665401,true,0
"HTRU_2-bin",5,5,antihorn,Greedy,InformationGain,0,0,0,0,0,0,0,0,0,0.12420521,true,0
"HTRU_2-bin",5,5,square2cnf,Greedy,InformationGain,0,0,0,0,0,0,0,0,0,1.096081563,true,0
"HTRU_2-bin",5,5,affine,Greedy,InformationGain,0,0,0,0,0,0,0,0,0,0.382669707,true,0
"HTRU_2-bin",5,5,smart_certified,Greedy,InformationGain,0,0,0,0,0,0,0,0,0,1.81766051,true,0
"HTRU_2-bin",5,5,cals,SparseLookahead,SparseCertified,76193,1699,0,48,0,37,0,75,2307,33.282302785000006,true,0
"HTRU_2-bin",5,5,cals_compact_explain,SelectiveLookahead,SparseCertified,45404,0,0,30,19,0,32,77,720,13.350511942,true,0
"HTRU_2-bin",5,7,unary,Greedy,InformationGain,0,0,0,0,0,0,0,0,0,0.108854399,true,0
"HTRU_2-bin",5,7,horn,Greedy,InformationGain,0,0,0,0,0,0,0,0,0,0.255211816,true,0
"HTRU_2-bin",5,7,antihorn,Greedy,InformationGain,0,0,0,0,0,0,0,0,0,0.250139698,true,0
"HTRU_2-bin",5,7,square2cnf,Greedy,InformationGain,0,0,0,0,0,0,0,0,0,3.444161728,true,0
"HTRU_2-bin",5,7,affine,Greedy,InformationGain,0,0,0,0,0,0,0,0,0,0.844075363,true,0
"HTRU_2-bin",5,7,smart_certified,Greedy,InformationGain,0,0,0,0,0,0,0,0,0,6.7520701370000005,true,0
"HTRU_2-bin",5,7,cals,SparseLookahead,SparseCertified,105234,3319,0,96,0,85,0,171,4665,61.737545759,true,0
"HTRU_2-bin",5,7,cals_compact_explain,SelectiveLookahead,SparseCertified,64605,0,0,80,19,0,82,177,1502,26.438669379,true,0
"HTRU_2-bin",6,5,unary,Greedy,InformationGain,0,0,0,0,0,0,0,0,0,0.060572992,true,0
"HTRU_2-bin",6,5,horn,Greedy,InformationGain,0,0,0,0,0,0,0,0,0,0.114000906,true,0
"HTRU_2-bin",6,5,antihorn,Greedy,InformationGain,0,0,0,0,0,0,0,0,0,0.118747902,true,0
"HTRU_2-bin",6,5,square2cnf,Greedy,InformationGain,0,0,0,0,0,0,0,0,0,1.032014812,true,0
"HTRU_2-bin",6,5,affine,Greedy,InformationGain,0,0,0,0,0,0,0,0,0,0.381655088,true,0
"HTRU_2-bin",6,5,smart_certified,Greedy,InformationGain,0,0,0,0,0,0,0,0,0,1.555876813,true,0
"HTRU_2-bin",6,5,cals,SparseLookahead,SparseCertified,81498,1731,0,40,0,38,0,66,2179,39.54032158,true,0
"HTRU_2-bin",6,5,cals_compact_explain,SelectiveLookahead,SparseCertified,45093,0,0,28,18,0,38,75,583,8.317779576,true,0
"HTRU_2-bin",6,7,unary,Greedy,InformationGain,0,0,0,0,0,0,0,0,0,0.103904456,true,0
"HTRU_2-bin",6,7,horn,Greedy,InformationGain,0,0,0,0,0,0,0,0,0,0.213213042,true,0
"HTRU_2-bin",6,7,antihorn,Greedy,InformationGain,0,0,0,0,0,0,0,0,0,0.234776785,true,0
"HTRU_2-bin",6,7,square2cnf,Greedy,InformationGain,0,0,0,0,0,0,0,0,0,3.265037267,true,0
"HTRU_2-bin",6,7,affine,Greedy,InformationGain,0,0,0,0,0,0,0,0,0,0.839419717,true,0
"HTRU_2-bin",6,7,smart_certified,Greedy,InformationGain,0,0,0,0,0,0,0,0,0,5.477598606,true,0
"HTRU_2-bin",6,7,cals,SparseLookahead,SparseCertified,164687,3415,0,87,0,85,0,160,4583,94.759845511,true,0
"HTRU_2-bin",6,7,cals_compact_explain,SelectiveLookahead,SparseCertified,69635,0,0,81,18,0,88,180,1415,14.740808142999999,true,0
"HTRU_2-bin",7,5,unary,Greedy,InformationGain,0,0,0,0,0,0,0,0,0,0.066179672,true,0
"HTRU_2-bin",7,5,horn,Greedy,InformationGain,0,0,0,0,0,0,0,0,0,0.117384562,true,0
"HTRU_2-bin",7,5,antihorn,Greedy,InformationGain,0,0,0,0,0,0,0,0,0,0.123169278,true,0
"HTRU_2-bin",7,5,square2cnf,Greedy,InformationGain,0,0,0,0,0,0,0,0,0,1.06135424,true,0
"HTRU_2-bin",7,5,affine,Greedy,InformationGain,0,0,0,0,0,0,0,0,0,0.332047285,true,0
"HTRU_2-bin",7,5,smart_certified,Greedy,InformationGain,0,0,0,0,0,0,0,0,0,1.683442326,true,0
"HTRU_2-bin",7,5,cals,SparseLookahead,SparseCertified,65982,1649,0,47,0,35,0,73,2257,20.459593033,true,0
"HTRU_2-bin",7,5,cals_compact_explain,SelectiveLookahead,SparseCertified,36968,0,0,28,19,0,34,73,624,8.073710177,true,0
"HTRU_2-bin",7,7,unary,Greedy,InformationGain,0,0,0,0,0,0,0,0,0,0.107626883,true,0
"HTRU_2-bin",7,7,horn,Greedy,InformationGain,0,0,0,0,0,0,0,0,0,0.232701256,true,0
"HTRU_2-bin",7,7,antihorn,Greedy,InformationGain,0,0,0,0,0,0,0,0,0,0.260749692,true,0
"HTRU_2-bin",7,7,square2cnf,Greedy,InformationGain,0,0,0,0,0,0,0,0,0,2.967347948,true,0
"HTRU_2-bin",7,7,affine,Greedy,InformationGain,0,0,0,0,0,0,0,0,0,0.811342274,true,0
"HTRU_2-bin",7,7,smart_certified,Greedy,InformationGain,0,0,0,0,0,0,0,0,0,6.372336016,true,0
"HTRU_2-bin",7,7,cals,SparseLookahead,SparseCertified,118876,3549,0,99,0,87,0,177,4961,41.119490117999995,true,0
"HTRU_2-bin",7,7,cals_compact_explain,SelectiveLookahead,SparseCertified,65567,0,0,80,19,0,85,177,1444,15.747396176999999,true,0
"HTRU_2-bin",8,5,unary,Greedy,InformationGain,0,0,0,0,0,0,0,0,0,0.060084279,true,0
"HTRU_2-bin",8,5,horn,Greedy,InformationGain,0,0,0,0,0,0,0,0,0,0.121146206,true,0
"HTRU_2-bin",8,5,antihorn,Greedy,InformationGain,0,0,0,0,0,0,0,0,0,0.118938139,true,0
"HTRU_2-bin",8,5,square2cnf,Greedy,InformationGain,0,0,0,0,0,0,0,0,0,1.029376559,true,0
"HTRU_2-bin",8,5,affine,Greedy,InformationGain,0,0,0,0,0,0,0,0,0,0.378254025,true,0
"HTRU_2-bin",8,5,smart_certified,Greedy,InformationGain,0,0,0,0,0,0,0,0,0,1.591577923,true,0
"HTRU_2-bin",8,5,cals,SparseLookahead,SparseCertified,80994,1795,0,43,0,41,0,72,2291,43.714977339,true,0
"HTRU_2-bin",8,5,cals_compact_explain,SelectiveLookahead,SparseCertified,58637,0,0,34,18,0,40,80,628,15.837251474999999,true,0
"HTRU_2-bin",8,7,unary,Greedy,InformationGain,0,0,0,0,0,0,0,0,0,0.09791069,true,0
"HTRU_2-bin",8,7,horn,Greedy,InformationGain,0,0,0,0,0,0,0,0,0,0.24020472,true,0
"HTRU_2-bin",8,7,antihorn,Greedy,InformationGain,0,0,0,0,0,0,0,0,0,0.244174613,true,0
"HTRU_2-bin",8,7,square2cnf,Greedy,InformationGain,0,0,0,0,0,0,0,0,0,3.497391094,true,0
"HTRU_2-bin",8,7,affine,Greedy,InformationGain,0,0,0,0,0,0,0,0,0,0.799422451,true,0
"HTRU_2-bin",8,7,smart_certified,Greedy,InformationGain,0,0,0,0,0,0,0,0,0,4.985365706,true,0
"HTRU_2-bin",8,7,cals,SparseLookahead,SparseCertified,154438,3364,0,93,0,91,0,172,4624,100.721239963,true,0
"HTRU_2-bin",8,7,cals_compact_explain,SelectiveLookahead,SparseCertified,99731,0,0,88,18,0,92,188,1486,36.38965812,true,0
"HTRU_2-bin",9,5,unary,Greedy,InformationGain,0,0,0,0,0,0,0,0,0,0.059569643,true,0
"HTRU_2-bin",9,5,horn,Greedy,InformationGain,0,0,0,0,0,0,0,0,0,0.118139716,true,0
"HTRU_2-bin",9,5,antihorn,Greedy,InformationGain,0,0,0,0,0,0,0,0,0,0.118972714,true,0
"HTRU_2-bin",9,5,square2cnf,Greedy,InformationGain,0,0,0,0,0,0,0,0,0,0.994405324,true,0
"HTRU_2-bin",9,5,affine,Greedy,InformationGain,0,0,0,0,0,0,0,0,0,0.366786255,true,0
"HTRU_2-bin",9,5,smart_certified,Greedy,InformationGain,0,0,0,0,0,0,0,0,0,1.7111084170000002,true,0
"HTRU_2-bin",9,5,cals,SparseLookahead,SparseCertified,75594,1509,0,50,0,34,0,79,2229,36.955179222000005,true,0
"HTRU_2-bin",9,5,cals_compact_explain,SelectiveLookahead,SparseCertified,56207,0,0,29,18,0,37,76,624,17.407538094,true,0
"HTRU_2-bin",9,7,unary,Greedy,InformationGain,0,0,0,0,0,0,0,0,0,0.103723171,true,0
"HTRU_2-bin",9,7,horn,Greedy,InformationGain,0,0,0,0,0,0,0,0,0,0.235542994,true,0
"HTRU_2-bin",9,7,antihorn,Greedy,InformationGain,0,0,0,0,0,0,0,0,0,0.268504269,true,0
"HTRU_2-bin",9,7,square2cnf,Greedy,InformationGain,0,0,0,0,0,0,0,0,0,3.281377707,true,0
"HTRU_2-bin",9,7,affine,Greedy,InformationGain,0,0,0,0,0,0,0,0,0,0.799955443,true,0
"HTRU_2-bin",9,7,smart_certified,Greedy,InformationGain,0,0,0,0,0,0,0,0,0,6.265381939,true,0
"HTRU_2-bin",9,7,cals,SparseLookahead,SparseCertified,151831,3402,0,100,0,84,0,179,4901,79.42728137,true,0
"HTRU_2-bin",9,7,cals_compact_explain,SelectiveLookahead,SparseCertified,85600,0,0,79,18,0,82,176,1486,31.054100353,true,0
"IndiansDiabetes-bin",0,5,unary,Greedy,InformationGain,0,0,0,0,0,0,0,0,0,0.008189993,true,0
"IndiansDiabetes-bin",0,5,horn,Greedy,InformationGain,0,0,0,0,0,0,0,0,0,0.006403542,true,0
"IndiansDiabetes-bin",0,5,antihorn,Greedy,InformationGain,0,0,0,0,0,0,0,0,0,0.00692942,true,0
"IndiansDiabetes-bin",0,5,square2cnf,Greedy,InformationGain,0,0,0,0,0,0,0,0,0,0.067773711,true,0
"IndiansDiabetes-bin",0,5,affine,Greedy,InformationGain,0,0,0,0,0,0,0,0,0,0.030793612,true,0
"IndiansDiabetes-bin",0,5,smart_certified,Greedy,InformationGain,0,0,0,0,0,0,0,0,0,0.096142027,true,0
"IndiansDiabetes-bin",0,5,cals,SparseLookahead,SparseCertified,64103,1220,0,34,0,28,0,54,1636,17.965857019,true,0
"IndiansDiabetes-bin",0,5,cals_compact_explain,SelectiveLookahead,SparseCertified,31685,0,0,31,10,0,29,61,512,4.872498033,true,0
"IndiansDiabetes-bin",0,7,unary,Greedy,InformationGain,0,0,0,0,0,0,0,0,0,0.004275311,true,0
"IndiansDiabetes-bin",0,7,horn,Greedy,InformationGain,0,0,0,0,0,0,0,0,0,0.010125955,true,0
"IndiansDiabetes-bin",0,7,antihorn,Greedy,InformationGain,0,0,0,0,0,0,0,0,0,0.009865399,true,0
"IndiansDiabetes-bin",0,7,square2cnf,Greedy,InformationGain,0,0,0,0,0,0,0,0,0,0.142052893,true,0
"IndiansDiabetes-bin",0,7,affine,Greedy,InformationGain,0,0,0,0,0,0,0,0,0,0.058654937,true,0
"IndiansDiabetes-bin",0,7,smart_certified,Greedy,InformationGain,0,0,0,0,0,0,0,0,0,0.165127921,true,0
"IndiansDiabetes-bin",0,7,cals,SparseLookahead,SparseCertified,72109,1615,0,50,0,44,0,86,2283,29.714809239,true,0
"IndiansDiabetes-bin",0,7,cals_compact_explain,SelectiveLookahead,SparseCertified,38400,0,0,46,10,0,44,91,752,7.658336339,true,0
"IndiansDiabetes-bin",1,5,unary,Greedy,InformationGain,0,0,0,0,0,0,0,0,0,0.002306504,true,0
"IndiansDiabetes-bin",1,5,horn,Greedy,InformationGain,0,0,0,0,0,0,0,0,0,0.005839123,true,0
"IndiansDiabetes-bin",1,5,antihorn,Greedy,InformationGain,0,0,0,0,0,0,0,0,0,0.004882861,true,0
"IndiansDiabetes-bin",1,5,square2cnf,Greedy,InformationGain,0,0,0,0,0,0,0,0,0,0.048932308,true,0
"IndiansDiabetes-bin",1,5,affine,Greedy,InformationGain,0,0,0,0,0,0,0,0,0,0.026300746,true,0
"IndiansDiabetes-bin",1,5,smart_certified,Greedy,InformationGain,0,0,0,0,0,0,0,0,0,0.083174508,true,0
"IndiansDiabetes-bin",1,5,cals,SparseLookahead,SparseCertified,58818,1294,0,44,0,30,0,67,1886,18.342193032,true,0
"IndiansDiabetes-bin",1,5,cals_compact_explain,SelectiveLookahead,SparseCertified,24769,0,0,25,19,0,32,67,560,5.15280708,true,0
"IndiansDiabetes-bin",1,7,unary,Greedy,InformationGain,0,0,0,0,0,0,0,0,0,0.003850456,true,0
"IndiansDiabetes-bin",1,7,horn,Greedy,InformationGain,0,0,0,0,0,0,0,0,0,0.009804891,true,0
"IndiansDiabetes-bin",1,7,antihorn,Greedy,InformationGain,0,0,0,0,0,0,0,0,0,0.00636641,true,0
"IndiansDiabetes-bin",1,7,square2cnf,Greedy,InformationGain,0,0,0,0,0,0,0,0,0,0.123730856,true,0
"IndiansDiabetes-bin",1,7,affine,Greedy,InformationGain,0,0,0,0,0,0,0,0,0,0.05208827,true,0
"IndiansDiabetes-bin",1,7,smart_certified,Greedy,InformationGain,0,0,0,0,0,0,0,0,0,0.16238211,true,0
"IndiansDiabetes-bin",1,7,cals,SparseLookahead,SparseCertified,61302,1825,0,63,0,49,0,105,2715,31.443209261,true,0
"IndiansDiabetes-bin",1,7,cals_compact_explain,SelectiveLookahead,SparseCertified,28405,0,0,46,19,0,53,109,886,8.861098837999998,true,0
"IndiansDiabetes-bin",2,5,unary,Greedy,InformationGain,0,0,0,0,0,0,0,0,0,0.002436636,true,0
"IndiansDiabetes-bin",2,5,horn,Greedy,InformationGain,0,0,0,0,0,0,0,0,0,0.005420007,true,0
"IndiansDiabetes-bin",2,5,antihorn,Greedy,InformationGain,0,0,0,0,0,0,0,0,0,0.005615432,true,0
"IndiansDiabetes-bin",2,5,square2cnf,Greedy,InformationGain,0,0,0,0,0,0,0,0,0,0.068650823,true,0
"IndiansDiabetes-bin",2,5,affine,Greedy,InformationGain,0,0,0,0,0,0,0,0,0,0.031364429,true,0
"IndiansDiabetes-bin",2,5,smart_certified,Greedy,InformationGain,0,0,0,0,0,0,0,0,0,0.084771316,true,0
"IndiansDiabetes-bin",2,5,cals,SparseLookahead,SparseCertified,57099,1231,0,43,0,28,0,65,1823,16.923373172999998,true,0
"IndiansDiabetes-bin",2,5,cals_compact_explain,SelectiveLookahead,SparseCertified,26236,0,0,24,22,0,29,71,672,4.994756282,true,0
"IndiansDiabetes-bin",2,7,unary,Greedy,InformationGain,0,0,0,0,0,0,0,0,0,0.004265596,true,0
"IndiansDiabetes-bin",2,7,horn,Greedy,InformationGain,0,0,0,0,0,0,0,0,0,0.009863498,true,0
"IndiansDiabetes-bin",2,7,antihorn,Greedy,InformationGain,0,0,0,0,0,0,0,0,0,0.010246795,true,0
"IndiansDiabetes-bin",2,7,square2cnf,Greedy,InformationGain,0,0,0,0,0,0,0,0,0,0.137996195,true,0
"IndiansDiabetes-bin",2,7,affine,Greedy,InformationGain,0,0,0,0,0,0,0,0,0,0.065323669,true,0
"IndiansDiabetes-bin",2,7,smart_certified,Greedy,InformationGain,0,0,0,0,0,0,0,0,0,0.162000609,true,0
"IndiansDiabetes-bin",2,7,cals,SparseLookahead,SparseCertified,71227,1632,0,56,0,41,0,91,2422,25.826597973,true,0
"IndiansDiabetes-bin",2,7,cals_compact_explain,SelectiveLookahead,SparseCertified,31670,0,0,40,22,0,45,103,927,7.824835755,true,0
"IndiansDiabetes-bin",3,5,unary,Greedy,InformationGain,0,0,0,0,0,0,0,0,0,0.002358461,true,0
"IndiansDiabetes-bin",3,5,horn,Greedy,InformationGain,0,0,0,0,0,0,0,0,0,0.00545096,true,0
"IndiansDiabetes-bin",3,5,antihorn,Greedy,InformationGain,0,0,0,0,0,0,0,0,0,0.005911974,true,0
"IndiansDiabetes-bin",3,5,square2cnf,Greedy,InformationGain,0,0,0,0,0,0,0,0,0,0.052151024,true,0
"IndiansDiabetes-bin",3,5,affine,Greedy,InformationGain,0,0,0,0,0,0,0,0,0,0.028611093,true,0
"IndiansDiabetes-bin",3,5,smart_certified,Greedy,InformationGain,0,0,0,0,0,0,0,0,0,0.088894514,true,0
"IndiansDiabetes-bin",3,5,cals,SparseLookahead,SparseCertified,67425,1370,0,34,0,31,0,54,1728,17.777909646,true,0
"IndiansDiabetes-bin",3,5,cals_compact_explain,SelectiveLookahead,SparseCertified,30023,0,0,26,18,0,31,67,576,5.203310111,true,0
"IndiansDiabetes-bin",3,7,unary,Greedy,InformationGain,0,0,0,0,0,0,0,0,0,0.00418526,true,0
"IndiansDiabetes-bin",3,7,horn,Greedy,InformationGain,0,0,0,0,0,0,0,0,0,0.009664021,true,0
"IndiansDiabetes-bin",3,7,antihorn,Greedy,InformationGain,0,0,0,0,0,0,0,0,0,0.009370968,true,0
"IndiansDiabetes-bin",3,7,square2cnf,Greedy,InformationGain,0,0,0,0,0,0,0,0,0,0.099943908,true,0
"IndiansDiabetes-bin",3,7,affine,Greedy,InformationGain,0,0,0,0,0,0,0,0,0,0.062241044,true,0
"IndiansDiabetes-bin",3,7,smart_certified,Greedy,InformationGain,0,0,0,0,0,0,0,0,0,0.157618214,true,0
"IndiansDiabetes-bin",3,7,cals,SparseLookahead,SparseCertified,75215,1890,0,53,0,50,0,92,2551,31.581809151999998,true,0
"IndiansDiabetes-bin",3,7,cals_compact_explain,SelectiveLookahead,SparseCertified,34534,0,0,46,18,0,51,107,890,8.516574933000001,true,0
"IndiansDiabetes-bin",4,5,unary,Greedy,InformationGain,0,0,0,0,0,0,0,0,0,0.002556928,true,0
"IndiansDiabetes-bin",4,5,horn,Greedy,InformationGain,0,0,0,0,0,0,0,0,0,0.005408602,true,0
"IndiansDiabetes-bin",4,5,antihorn,Greedy,InformationGain,0,0,0,0,0,0,0,0,0,0.005557337,true,0
"IndiansDiabetes-bin",4,5,square2cnf,Greedy,InformationGain,0,0,0,0,0,0,0,0,0,0.060696466,true,0
"IndiansDiabetes-bin",4,5,affine,Greedy,InformationGain,0,0,0,0,0,0,0,0,0,0.033410248,true,0
"IndiansDiabetes-bin",4,5,smart_certified,Greedy,InformationGain,0,0,0,0,0,0,0,0,0,0.098773511,true,0
"IndiansDiabetes-bin",4,5,cals,SparseLookahead,SparseCertified,52704,1049,0,30,0,26,0,46,1353,13.377356838,true,0
"IndiansDiabetes-bin",4,5,cals_compact_explain,SelectiveLookahead,SparseCertified,33893,0,0,20,11,0,25,47,336,3.794876073,true,0
"IndiansDiabetes-bin",4,7,unary,Greedy,InformationGain,0,0,0,0,0,0,0,0,0,0.004272924,true,0
"IndiansDiabetes-bin",4,7,horn,Greedy,InformationGain,0,0,0,0,0,0,0,0,0,0.010248588,true,0
"IndiansDiabetes-bin",4,7,antihorn,Greedy,InformationGain,0,0,0,0,0,0,0,0,0,0.009535972,true,0
"IndiansDiabetes-bin",4,7,square2cnf,Greedy,InformationGain,0,0,0,0,0,0,0,0,0,0.114023442,true,0
"IndiansDiabetes-bin",4,7,affine,Greedy,InformationGain,0,0,0,0,0,0,0,0,0,0.060094603,true,0
"IndiansDiabetes-bin",4,7,smart_certified,Greedy,InformationGain,0,0,0,0,0,0,0,0,0,0.159167008,true,0
"IndiansDiabetes-bin",4,7,cals,SparseLookahead,SparseCertified,63723,1463,0,41,0,37,0,68,1943,21.117738729,true,0
"IndiansDiabetes-bin",4,7,cals_compact_explain,SelectiveLookahead,SparseCertified,41130,0,0,32,11,0,37,71,528,6.067930843,true,0
"IndiansDiabetes-bin",5,5,unary,Greedy,InformationGain,0,0,0,0,0,0,0,0,0,0.002587567,true,0
"IndiansDiabetes-bin",5,5,horn,Greedy,InformationGain,0,0,0,0,0,0,0,0,0,0.005516892,true,0
"IndiansDiabetes-bin",5,5,antihorn,Greedy,InformationGain,0,0,0,0,0,0,0,0,0,0.004870714,true,0
"IndiansDiabetes-bin",5,5,square2cnf,Greedy,InformationGain,0,0,0,0,0,0,0,0,0,0.058062817,true,0
"IndiansDiabetes-bin",5,5,affine,Greedy,InformationGain,0,0,0,0,0,0,0,0,0,0.030768485,true,0
"IndiansDiabetes-bin",5,5,smart_certified,Greedy,InformationGain,0,0,0,0,0,0,0,0,0,0.105649362,true,0
"IndiansDiabetes-bin",5,5,cals,SparseLookahead,SparseCertified,58978,1148,0,31,0,25,0,48,1516,14.626660556,true,0
"IndiansDiabetes-bin",5,5,cals_compact_explain,SelectiveLookahead,SparseCertified,28983,0,0,18,18,0,24,54,468,3.913102497,true,0
"IndiansDiabetes-bin",5,7,unary,Greedy,InformationGain,0,0,0,0,0,0,0,0,0,0.004539515,true,0
"IndiansDiabetes-bin",5,7,horn,Greedy,InformationGain,0,0,0,0,0,0,0,0,0,0.010115597,true,0
"IndiansDiabetes-bin",5,7,antihorn,Greedy,InformationGain,0,0,0,0,0,0,0,0,0,0.008105151,true,0
"IndiansDiabetes-bin",5,7,square2cnf,Greedy,InformationGain,0,0,0,0,0,0,0,0,0,0.129760885,true,0
"IndiansDiabetes-bin",5,7,affine,Greedy,InformationGain,0,0,0,0,0,0,0,0,0,0.059111355,true,0
"IndiansDiabetes-bin",5,7,smart_certified,Greedy,InformationGain,0,0,0,0,0,0,0,0,0,0.173978678,true,0
"IndiansDiabetes-bin",5,7,cals,SparseLookahead,SparseCertified,69091,1771,0,51,0,45,0,88,2447,28.104558052,true,0
"IndiansDiabetes-bin",5,7,cals_compact_explain,SelectiveLookahead,SparseCertified,36522,0,0,37,18,0,43,92,772,7.4473333120000005,true,0
"IndiansDiabetes-bin",6,5,unary,Greedy,InformationGain,0,0,0,0,0,0,0,0,0,0.002273986,true,0
"IndiansDiabetes-bin",6,5,horn,Greedy,InformationGain,0,0,0,0,0,0,0,0,0,0.005000051,true,0
"IndiansDiabetes-bin",6,5,antihorn,Greedy,InformationGain,0,0,0,0,0,0,0,0,0,0.005076479,true,0
"IndiansDiabetes-bin",6,5,square2cnf,Greedy,InformationGain,0,0,0,0,0,0,0,0,0,0.048742388,true,0
"IndiansDiabetes-bin",6,5,affine,Greedy,InformationGain,0,0,0,0,0,0,0,0,0,0.032405552,true,0
"IndiansDiabetes-bin",6,5,smart_certified,Greedy,InformationGain,0,0,0,0,0,0,0,0,0,0.095298726,true,0
"IndiansDiabetes-bin",6,5,cals,SparseLookahead,SparseCertified,70967,1231,0,32,0,28,0,50,1583,16.229510812,true,0
"IndiansDiabetes-bin",6,5,cals_compact_explain,SelectiveLookahead,SparseCertified,32916,0,0,22,12,0,31,52,336,4.819440900000001,true,0
"IndiansDiabetes-bin",6,7,unary,Greedy,InformationGain,0,0,0,0,0,0,0,0,0,0.00404337,true,0
"IndiansDiabetes-bin",6,7,horn,Greedy,InformationGain,0,0,0,0,0,0,0,0,0,0.009479504,true,0
"IndiansDiabetes-bin",6,7,antihorn,Greedy,InformationGain,0,0,0,0,0,0,0,0,0,0.007903254,true,0
"IndiansDiabetes-bin",6,7,square2cnf,Greedy,InformationGain,0,0,0,0,0,0,0,0,0,0.090178549,true,0
"IndiansDiabetes-bin",6,7,affine,Greedy,InformationGain,0,0,0,0,0,0,0,0,0,0.062617825,true,0
"IndiansDiabetes-bin",6,7,smart_certified,Greedy,InformationGain,0,0,0,0,0,0,0,0,0,0.164279285,true,0
"IndiansDiabetes-bin",6,7,cals,SparseLookahead,SparseCertified,79156,1600,0,45,0,41,0,76,2150,24.969950402,true,0
"IndiansDiabetes-bin",6,7,cals_compact_explain,SelectiveLookahead,SparseCertified,38195,0,0,38,12,0,44,82,605,7.245942297,true,0
"IndiansDiabetes-bin",7,5,unary,Greedy,InformationGain,0,0,0,0,0,0,0,0,0,0.002310151,true,0
"IndiansDiabetes-bin",7,5,horn,Greedy,InformationGain,0,0,0,0,0,0,0,0,0,0.004704961,true,0
"IndiansDiabetes-bin",7,5,antihorn,Greedy,InformationGain,0,0,0,0,0,0,0,0,0,0.005387198,true,0
"IndiansDiabetes-bin",7,5,square2cnf,Greedy,InformationGain,0,0,0,0,0,0,0,0,0,0.068760446,true,0
"IndiansDiabetes-bin",7,5,affine,Greedy,InformationGain,0,0,0,0,0,0,0,0,0,0.028206754,true,0
"IndiansDiabetes-bin",7,5,smart_certified,Greedy,InformationGain,0,0,0,0,0,0,0,0,0,0.085414721,true,0
"IndiansDiabetes-bin",7,5,cals,SparseLookahead,SparseCertified,50845,1284,0,35,0,32,0,56,1663,18.728227561,true,0
"IndiansDiabetes-bin",7,5,cals_compact_explain,SelectiveLookahead,SparseCertified,31788,0,0,23,17,0,29,62,527,4.952411583,true,0
"IndiansDiabetes-bin",7,7,unary,Greedy,InformationGain,0,0,0,0,0,0,0,0,0,0.00410358,true,0
"IndiansDiabetes-bin",7,7,horn,Greedy,InformationGain,0,0,0,0,0,0,0,0,0,0.008648566,true,0
"IndiansDiabetes-bin",7,7,antihorn,Greedy,InformationGain,0,0,0,0,0,0,0,0,0,0.009116689,true,0
"IndiansDiabetes-bin",7,7,square2cnf,Greedy,InformationGain,0,0,0,0,0,0,0,0,0,0.140332383,true,0
"IndiansDiabetes-bin",7,7,affine,Greedy,InformationGain,0,0,0,0,0,0,0,0,0,0.061947043,true,0
"IndiansDiabetes-bin",7,7,smart_certified,Greedy,InformationGain,0,0,0,0,0,0,0,0,0,0.164591997,true,0
"IndiansDiabetes-bin",7,7,cals,SparseLookahead,SparseCertified,65476,1900,0,56,0,53,0,98,2591,32.483112983000005,true,0
"IndiansDiabetes-bin",7,7,cals_compact_explain,SelectiveLookahead,SparseCertified,39871,0,0,47,17,0,53,110,890,9.069100673000001,true,0
"IndiansDiabetes-bin",8,5,unary,Greedy,InformationGain,0,0,0,0,0,0,0,0,0,0.002437774,true,0
"IndiansDiabetes-bin",8,5,horn,Greedy,InformationGain,0,0,0,0,0,0,0,0,0,0.006397993,true,0
"IndiansDiabetes-bin",8,5,antihorn,Greedy,InformationGain,0,0,0,0,0,0,0,0,0,0.005569117,true,0
"IndiansDiabetes-bin",8,5,square2cnf,Greedy,InformationGain,0,0,0,0,0,0,0,0,0,0.059728496,true,0
"IndiansDiabetes-bin",8,5,affine,Greedy,InformationGain,0,0,0,0,0,0,0,0,0,0.027996218,true,0
"IndiansDiabetes-bin",8,5,smart_certified,Greedy,InformationGain,0,0,0,0,0,0,0,0,0,0.098112704,true,0
"IndiansDiabetes-bin",8,5,cals,SparseLookahead,SparseCertified,52062,1383,0,42,0,32,0,63,1879,18.925034135,true,0
"IndiansDiabetes-bin",8,5,cals_compact_explain,SelectiveLookahead,SparseCertified,28223,0,0,28,15,0,32,65,528,5.187849691,true,0
"IndiansDiabetes-bin",8,7,unary,Greedy,InformationGain,0,0,0,0,0,0,0,0,0,0.004304369,true,0
"IndiansDiabetes-bin",8,7,horn,Greedy,InformationGain,0,0,0,0,0,0,0,0,0,0.01076618,true,0
"IndiansDiabetes-bin",8,7,antihorn,Greedy,InformationGain,0,0,0,0,0,0,0,0,0,0.010347782,true,0
"IndiansDiabetes-bin",8,7,square2cnf,Greedy,InformationGain,0,0,0,0,0,0,0,0,0,0.124934253,true,0
"IndiansDiabetes-bin",8,7,affine,Greedy,InformationGain,0,0,0,0,0,0,0,0,0,0.057191022,true,0
"IndiansDiabetes-bin",8,7,smart_certified,Greedy,InformationGain,0,0,0,0,0,0,0,0,0,0.183734244,true,0
"IndiansDiabetes-bin",8,7,cals,SparseLookahead,SparseCertified,62180,1772,0,55,0,45,0,89,2465,26.922060330999997,true,0
"IndiansDiabetes-bin",8,7,cals_compact_explain,SelectiveLookahead,SparseCertified,34032,0,0,44,15,0,48,97,767,7.981427883,true,0
"IndiansDiabetes-bin",9,5,unary,Greedy,InformationGain,0,0,0,0,0,0,0,0,0,0.002599191,true,0
"IndiansDiabetes-bin",9,5,horn,Greedy,InformationGain,0,0,0,0,0,0,0,0,0,0.005829299,true,0
"IndiansDiabetes-bin",9,5,antihorn,Greedy,InformationGain,0,0,0,0,0,0,0,0,0,0.005552006,true,0
"IndiansDiabetes-bin",9,5,square2cnf,Greedy,InformationGain,0,0,0,0,0,0,0,0,0,0.053688555,true,0
"IndiansDiabetes-bin",9,5,affine,Greedy,InformationGain,0,0,0,0,0,0,0,0,0,0.030415437,true,0
"IndiansDiabetes-bin",9,5,smart_certified,Greedy,InformationGain,0,0,0,0,0,0,0,0,0,0.101650845,true,0
"IndiansDiabetes-bin",9,5,cals,SparseLookahead,SparseCertified,76095,1408,0,34,0,32,0,54,1760,18.906570493,true,0
"IndiansDiabetes-bin",9,5,cals_compact_explain,SelectiveLookahead,SparseCertified,28086,0,0,20,19,0,25,60,560,4.203676154,true,0
"IndiansDiabetes-bin",9,7,unary,Greedy,InformationGain,0,0,0,0,0,0,0,0,0,0.00406188,true,0
"IndiansDiabetes-bin",9,7,horn,Greedy,InformationGain,0,0,0,0,0,0,0,0,0,0.012932032,true,0
"IndiansDiabetes-bin",9,7,antihorn,Greedy,InformationGain,0,0,0,0,0,0,0,0,0,0.00905628,true,0
"IndiansDiabetes-bin",9,7,square2cnf,Greedy,InformationGain,0,0,0,0,0,0,0,0,0,0.119706116,true,0
"IndiansDiabetes-bin",9,7,affine,Greedy,InformationGain,0,0,0,0,0,0,0,0,0,0.058347339,true,0
"IndiansDiabetes-bin",9,7,smart_certified,Greedy,InformationGain,0,0,0,0,0,0,0,0,0,0.154364694,true,0
"IndiansDiabetes-bin",9,7,cals,SparseLookahead,SparseCertified,88821,1937,0,50,0,48,0,86,2545,30.790951526,true,0
"IndiansDiabetes-bin",9,7,cals_compact_explain,SelectiveLookahead,SparseCertified,36611,0,0,39,19,0,44,98,839,7.466260494,true,0
"Statlog_satellite-bin",0,5,unary,Greedy,InformationGain,0,0,0,0,0,0,0,0,0,0.123285908,true,0
"Statlog_satellite-bin",0,5,horn,Greedy,InformationGain,0,0,0,0,0,0,0,0,0,0.105031367,true,0
"Statlog_satellite-bin",0,5,antihorn,Greedy,InformationGain,0,0,0,0,0,0,0,0,0,0.097934896,true,0
"Statlog_satellite-bin",0,5,square2cnf,Greedy,InformationGain,0,0,0,0,0,0,0,0,0,0.194552969,true,0
"Statlog_satellite-bin",0,5,affine,Greedy,InformationGain,0,0,0,0,0,0,0,0,0,0.117948621,true,0
"Statlog_satellite-bin",0,5,smart_certified,Greedy,InformationGain,0,0,0,0,0,0,0,0,0,0.522477078,true,0
"Statlog_satellite-bin",0,5,cals,SparseLookahead,SparseCertified,19623,1301,0,29,0,29,0,44,1541,0.732271342,true,0
"Statlog_satellite-bin",0,5,cals_compact_explain,SelectiveLookahead,SparseCertified,17140,0,0,23,15,0,33,55,352,0.678188738,true,0
"Statlog_satellite-bin",0,7,unary,Greedy,InformationGain,0,0,0,0,0,0,0,0,0,0.121823377,true,0
"Statlog_satellite-bin",0,7,horn,Greedy,InformationGain,0,0,0,0,0,0,0,0,0,0.129084906,true,0
"Statlog_satellite-bin",0,7,antihorn,Greedy,InformationGain,0,0,0,0,0,0,0,0,0,0.118735234,true,0
"Statlog_satellite-bin",0,7,square2cnf,Greedy,InformationGain,0,0,0,0,0,0,0,0,0,0.32552968,true,0
"Statlog_satellite-bin",0,7,affine,Greedy,InformationGain,0,0,0,0,0,0,0,0,0,0.192548257,true,0
"Statlog_satellite-bin",0,7,smart_certified,Greedy,InformationGain,0,0,0,0,0,0,0,0,0,0.682231131,true,0
"Statlog_satellite-bin",0,7,cals,SparseLookahead,SparseCertified,22547,1656,0,37,0,37,0,60,2024,0.782588184,true,0
"Statlog_satellite-bin",0,7,cals_compact_explain,SelectiveLookahead,SparseCertified,18732,0,0,31,15,0,39,71,512,0.7556183550000001,true,0
"Statlog_satellite-bin",1,5,unary,Greedy,InformationGain,0,0,0,0,0,0,0,0,0,0.089952506,true,0
"Statlog_satellite-bin",1,5,horn,Greedy,InformationGain,0,0,0,0,0,0,0,0,0,0.103387882,true,0
"Statlog_satellite-bin",1,5,antihorn,Greedy,InformationGain,0,0,0,0,0,0,0,0,0,0.098569306,true,0
"Statlog_satellite-bin",1,5,square2cnf,Greedy,InformationGain,0,0,0,0,0,0,0,0,0,0.249486992,true,0
"Statlog_satellite-bin",1,5,affine,Greedy,InformationGain,0,0,0,0,0,0,0,0,0,0.133740738,true,0
"Statlog_satellite-bin",1,5,smart_certified,Greedy,InformationGain,0,0,0,0,0,0,0,0,0,0.503679214,true,0
"Statlog_satellite-bin",1,5,cals,SparseLookahead,SparseCertified,28001,1276,0,30,0,29,0,46,1548,1.257919862,true,0
"Statlog_satellite-bin",1,5,cals_compact_explain,SelectiveLookahead,SparseCertified,13661,0,0,19,15,0,24,50,416,0.599363821,true,0
"Statlog_satellite-bin",1,7,unary,Greedy,InformationGain,0,0,0,0,0,0,0,0,0,0.111849425,true,0
"Statlog_satellite-bin",1,7,horn,Greedy,InformationGain,0,0,0,0,0,0,0,0,0,0.130786945,true,0
"Statlog_satellite-bin",1,7,antihorn,Greedy,InformationGain,0,0,0,0,0,0,0,0,0,0.120370384,true,0
"Statlog_satellite-bin",1,7,square2cnf,Greedy,InformationGain,0,0,0,0,0,0,0,0,0,0.384738567,true,0
"Statlog_satellite-bin",1,7,affine,Greedy,InformationGain,0,0,0,0,0,0,0,0,0,0.186677443,true,0
"Statlog_satellite-bin",1,7,smart_certified,Greedy,InformationGain,0,0,0,0,0,0,0,0,0,0.680820913,true,0
"Statlog_satellite-bin",1,7,cals,SparseLookahead,SparseCertified,30997,1654,0,38,0,37,0,62,2054,1.3705584139999998,true,0
"Statlog_satellite-bin",1,7,cals_compact_explain,SelectiveLookahead,SparseCertified,16642,0,0,28,15,0,33,68,560,0.697206938,true,0
"Statlog_satellite-bin",2,5,unary,Greedy,InformationGain,0,0,0,0,0,0,0,0,0,0.100900847,true,0
"Statlog_satellite-bin",2,5,horn,Greedy,InformationGain,0,0,0,0,0,0,0,0,0,0.109470223,true,0
"Statlog_satellite-bin",2,5,antihorn,Greedy,InformationGain,0,0,0,0,0,0,0,0,0,0.11749898,true,0
"Statlog_satellite-bin",2,5,square2cnf,Greedy,InformationGain,0,0,0,0,0,0,0,0,0,0.242072923,true,0
"Statlog_satellite-bin",2,5,affine,Greedy,InformationGain,0,0,0,0,0,0,0,0,0,0.13000401,true,0
"Statlog_satellite-bin",2,5,smart_certified,Greedy,InformationGain,0,0,0,0,0,0,0,0,0,0.567133045,true,0
"Statlog_satellite-bin",2,5,cals,SparseLookahead,SparseCertified,24092,1525,0,35,0,33,0,56,1893,1.0641579129999998,true,0
"Statlog_satellite-bin",2,5,cals_compact_explain,SelectiveLookahead,SparseCertified,12616,0,0,24,15,0,29,60,496,0.500002581,true,0
"Statlog_satellite-bin",2,7,unary,Greedy,InformationGain,0,0,0,0,0,0,0,0,0,0.114548277,true,0
"Statlog_satellite-bin",2,7,horn,Greedy,InformationGain,0,0,0,0,0,0,0,0,0,0.134655504,true,0
"Statlog_satellite-bin",2,7,antihorn,Greedy,InformationGain,0,0,0,0,0,0,0,0,0,0.146238153,true,0
"Statlog_satellite-bin",2,7,square2cnf,Greedy,InformationGain,0,0,0,0,0,0,0,0,0,0.331289084,true,0
"Statlog_satellite-bin",2,7,affine,Greedy,InformationGain,0,0,0,0,0,0,0,0,0,0.18867072,true,0
"Statlog_satellite-bin",2,7,smart_certified,Greedy,InformationGain,0,0,0,0,0,0,0,0,0,0.670640926,true,0
"Statlog_satellite-bin",2,7,cals,SparseLookahead,SparseCertified,27966,1969,0,51,0,49,0,88,2593,1.3051789999999999,true,0
"Statlog_satellite-bin",2,7,cals_compact_explain,SelectiveLookahead,SparseCertified,16399,0,0,40,15,0,45,92,752,0.589931466,true,0
"Statlog_satellite-bin",3,5,unary,Greedy,InformationGain,0,0,0,0,0,0,0,0,0,0.090164293,true,0
"Statlog_satellite-bin",3,5,horn,Greedy,InformationGain,0,0,0,0,0,0,0,0,0,0.100658062,true,0
"Statlog_satellite-bin",3,5,antihorn,Greedy,InformationGain,0,0,0,0,0,0,0,0,0,0.101079524,true,0
"Statlog_satellite-bin",3,5,square2cnf,Greedy,InformationGain,0,0,0,0,0,0,0,0,0,0.195144184,true,0
"Statlog_satellite-bin",3,5,affine,Greedy,InformationGain,0,0,0,0,0,0,0,0,0,0.119420422,true,0
"Statlog_satellite-bin",3,5,smart_certified,Greedy,InformationGain,0,0,0,0,0,0,0,0,0,0.479333988,true,0
"Statlog_satellite-bin",3,5,cals,SparseLookahead,SparseCertified,32498,1107,0,29,0,26,0,44,1395,1.6776737590000002,true,0
"Statlog_satellite-bin",3,5,cals_compact_explain,SelectiveLookahead,SparseCertified,19305,0,0,19,14,0,33,48,240,0.729317079,true,0
"Statlog_satellite-bin",3,7,unary,Greedy,InformationGain,0,0,0,0,0,0,0,0,0,0.108033273,true,0
"Statlog_satellite-bin",3,7,horn,Greedy,InformationGain,0,0,0,0,0,0,0,0,0,0.122327452,true,0
"Statlog_satellite-bin",3,7,antihorn,Greedy,InformationGain,0,0,0,0,0,0,0,0,0,0.123801226,true,0
"Statlog_satellite-bin",3,7,square2cnf,Greedy,InformationGain,0,0,0,0,0,0,0,0,0,0.285891813,true,0
"Statlog_satellite-bin",3,7,affine,Greedy,InformationGain,0,0,0,0,0,0,0,0,0,0.18029436,true,0
"Statlog_satellite-bin",3,7,smart_certified,Greedy,InformationGain,0,0,0,0,0,0,0,0,0,0.669875068,true,0
"Statlog_satellite-bin",3,7,cals,SparseLookahead,SparseCertified,35177,1433,0,37,0,34,0,60,1849,1.799628175,true,0
"Statlog_satellite-bin",3,7,cals_compact_explain,SelectiveLookahead,SparseCertified,19445,0,0,27,14,0,35,64,464,0.732977642,true,0
"Statlog_satellite-bin",4,5,unary,Greedy,InformationGain,0,0,0,0,0,0,0,0,0,0.098825346,true,0
"Statlog_satellite-bin",4,5,horn,Greedy,InformationGain,0,0,0,0,0,0,0,0,0,0.107702,true,0
"Statlog_satellite-bin",4,5,antihorn,Greedy,InformationGain,0,0,0,0,0,0,0,0,0,0.106092014,true,0
"Statlog_satellite-bin",4,5,square2cnf,Greedy,InformationGain,0,0,0,0,0,0,0,0,0,0.240862765,true,0
"Statlog_satellite-bin",4,5,affine,Greedy,InformationGain,0,0,0,0,0,0,0,0,0,0.138514089,true,0
"Statlog_satellite-bin",4,5,smart_certified,Greedy,InformationGain,0,0,0,0,0,0,0,0,0,0.461895498,true,0
"Statlog_satellite-bin",4,5,cals,SparseLookahead,SparseCertified,24422,1432,0,32,0,32,0,50,1720,1.179554171,true,0
"Statlog_satellite-bin",4,5,cals_compact_explain,SelectiveLookahead,SparseCertified,17156,0,0,22,17,0,35,57,352,0.691935528,true,0
"Statlog_satellite-bin",4,7,unary,Greedy,InformationGain,0,0,0,0,0,0,0,0,0,0.121777318,true,0
"Statlog_satellite-bin",4,7,horn,Greedy,InformationGain,0,0,0,0,0,0,0,0,0,0.140639618,true,0
"Statlog_satellite-bin",4,7,antihorn,Greedy,InformationGain,0,0,0,0,0,0,0,0,0,0.130692835,true,0
"Statlog_satellite-bin",4,7,square2cnf,Greedy,InformationGain,0,0,0,0,0,0,0,0,0,0.323547205,true,0
"Statlog_satellite-bin",4,7,affine,Greedy,InformationGain,0,0,0,0,0,0,0,0,0,0.197009026,true,0
"Statlog_satellite-bin",4,7,smart_certified,Greedy,InformationGain,0,0,0,0,0,0,0,0,0,0.642687576,true,0
"Statlog_satellite-bin",4,7,cals,SparseLookahead,SparseCertified,27355,1787,0,42,0,42,0,70,2235,1.309203484,true,0
"Statlog_satellite-bin",4,7,cals_compact_explain,SelectiveLookahead,SparseCertified,19019,0,0,30,17,0,42,73,496,0.756664637,true,0
"Statlog_satellite-bin",5,5,unary,Greedy,InformationGain,0,0,0,0,0,0,0,0,0,0.095292441,true,0
"Statlog_satellite-bin",5,5,horn,Greedy,InformationGain,0,0,0,0,0,0,0,0,0,0.10940437,true,0
"Statlog_satellite-bin",5,5,antihorn,Greedy,InformationGain,0,0,0,0,0,0,0,0,0,0.099578577,true,0
"Statlog_satellite-bin",5,5,square2cnf,Greedy,InformationGain,0,0,0,0,0,0,0,0,0,0.194684912,true,0
"Statlog_satellite-bin",5,5,affine,Greedy,InformationGain,0,0,0,0,0,0,0,0,0,0.115573838,true,0
"Statlog_satellite-bin",5,5,smart_certified,Greedy,InformationGain,0,0,0,0,0,0,0,0,0,0.486511168,true,0
"Statlog_satellite-bin",5,5,cals,SparseLookahead,SparseCertified,65398,1299,0,29,0,29,0,44,1539,5.677732417,true,0
"Statlog_satellite-bin",5,5,cals_compact_explain,SelectiveLookahead,SparseCertified,26843,0,0,19,15,0,31,50,304,2.676274739,true,0
"Statlog_satellite-bin",5,7,unary,Greedy,InformationGain,0,0,0,0,0,0,0,0,0,0.112407706,true,0
"Statlog_satellite-bin",5,7,horn,Greedy,InformationGain,0,0,0,0,0,0,0,0,0,0.131791008,true,0
"Statlog_satellite-bin",5,7,antihorn,Greedy,InformationGain,0,0,0,0,0,0,0,0,0,0.119900649,true,0
"Statlog_satellite-bin",5,7,square2cnf,Greedy,InformationGain,0,0,0,0,0,0,0,0,0,0.27804198,true,0
"Statlog_satellite-bin",5,7,affine,Greedy,InformationGain,0,0,0,0,0,0,0,0,0,0.170639058,true,0
"Statlog_satellite-bin",5,7,smart_certified,Greedy,InformationGain,0,0,0,0,0,0,0,0,0,0.632814522,true,0
"Statlog_satellite-bin",5,7,cals,SparseLookahead,SparseCertified,68641,1757,0,41,0,41,0,68,2189,5.815415855,true,0
"Statlog_satellite-bin",5,7,cals_compact_explain,SelectiveLookahead,SparseCertified,29904,0,0,31,15,0,43,74,496,2.761434494,true,0
"Statlog_satellite-bin",6,5,unary,Greedy,InformationGain,0,0,0,0,0,0,0,0,0,0.092766105,true,0
"Statlog_satellite-bin",6,5,horn,Greedy,InformationGain,0,0,0,0,0,0,0,0,0,0.110924136,true,0
"Statlog_satellite-bin",6,5,antihorn,Greedy,InformationGain,0,0,0,0,0,0,0,0,0,0.103453336,true,0
"Statlog_satellite-bin",6,5,square2cnf,Greedy,InformationGain,0,0,0,0,0,0,0,0,0,0.211677274,true,0
"Statlog_satellite-bin",6,5,affine,Greedy,InformationGain,0,0,0,0,0,0,0,0,0,0.127102304,true,0
"Statlog_satellite-bin",6,5,smart_certified,Greedy,InformationGain,0,0,0,0,0,0,0,0,0,0.510162174,true,0
"Statlog_satellite-bin",6,5,cals,SparseLookahead,SparseCertified,52012,1244,0,28,0,26,0,42,1500,3.608979626,true,0
"Statlog_satellite-bin",6,5,cals_compact_explain,SelectiveLookahead,SparseCertified,25922,0,0,22,11,0,27,49,352,1.2863620569999998,true,0
"Statlog_satellite-bin",6,7,unary,Greedy,InformationGain,0,0,0,0,0,0,0,0,0,0.105137914,true,0
"Statlog_satellite-bin",6,7,horn,Greedy,InformationGain,0,0,0,0,0,0,0,0,0,0.131433603,true,0
"Statlog_satellite-bin",6,7,antihorn,Greedy,InformationGain,0,0,0,0,0,0,0,0,0,0.122370978,true,0
"Statlog_satellite-bin",6,7,square2cnf,Greedy,InformationGain,0,0,0,0,0,0,0,0,0,0.311055561,true,0
"Statlog_satellite-bin",6,7,affine,Greedy,InformationGain,0,0,0,0,0,0,0,0,0,0.178940169,true,0
"Statlog_satellite-bin",6,7,smart_certified,Greedy,InformationGain,0,0,0,0,0,0,0,0,0,0.678314799,true,0
"Statlog_satellite-bin",6,7,cals,SparseLookahead,SparseCertified,55846,1730,0,44,0,42,0,74,2242,3.874584993,true,0
"Statlog_satellite-bin",6,7,cals_compact_explain,SelectiveLookahead,SparseCertified,29902,0,0,38,12,0,43,82,624,1.45533204,true,0
"Statlog_satellite-bin",7,5,unary,Greedy,InformationGain,0,0,0,0,0,0,0,0,0,0.091805111,true,0
"Statlog_satellite-bin",7,5,horn,Greedy,InformationGain,0,0,0,0,0,0,0,0,0,0.098380175,true,0
"Statlog_satellite-bin",7,5,antihorn,Greedy,InformationGain,0,0,0,0,0,0,0,0,0,0.108781853,true,0
"Statlog_satellite-bin",7,5,square2cnf,Greedy,InformationGain,0,0,0,0,0,0,0,0,0,0.23645028,true,0
"Statlog_satellite-bin",7,5,affine,Greedy,InformationGain,0,0,0,0,0,0,0,0,0,0.109813102,true,0
"Statlog_satellite-bin",7,5,smart_certified,Greedy,InformationGain,0,0,0,0,0,0,0,0,0,0.461439364,true,0
"Statlog_satellite-bin",7,5,cals,SparseLookahead,SparseCertified,68753,1144,0,28,0,25,0,42,1416,12.147934059999999,true,0
"Statlog_satellite-bin",7,5,cals_compact_explain,SelectiveLookahead,SparseCertified,49845,0,0,19,14,0,29,48,304,5.713264651,true,0
"Statlog_satellite-bin",7,7,unary,Greedy,InformationGain,0,0,0,0,0,0,0,0,0,0.107334146,true,0
"Statlog_satellite-bin",7,7,horn,Greedy,InformationGain,0,0,0,0,0,0,0,0,0,0.122960067,true,0
"Statlog_satellite-bin",7,7,antihorn,Greedy,InformationGain,0,0,0,0,0,0,0,0,0,0.126922563,true,0
"Statlog_satellite-bin",7,7,square2cnf,Greedy,InformationGain,0,0,0,0,0,0,0,0,0,0.31037951,true,0
"Statlog_satellite-bin",7,7,affine,Greedy,InformationGain,0,0,0,0,0,0,0,0,0,0.16096107,true,0
"Statlog_satellite-bin",7,7,smart_certified,Greedy,InformationGain,0,0,0,0,0,0,0,0,0,0.597619294,true,0
"Statlog_satellite-bin",7,7,cals,SparseLookahead,SparseCertified,76895,1528,0,39,0,36,0,64,1976,21.83722542,true,0
"Statlog_satellite-bin",7,7,cals_compact_explain,SelectiveLookahead,SparseCertified,60530,0,0,28,14,0,38,66,448,8.220311333,true,0
"Statlog_satellite-bin",8,5,unary,Greedy,InformationGain,0,0,0,0,0,0,0,0,0,0.088002511,true,0
"Statlog_satellite-bin",8,5,horn,Greedy,InformationGain,0,0,0,0,0,0,0,0,0,0.098386952,true,0
"Statlog_satellite-bin",8,5,antihorn,Greedy,InformationGain,0,0,0,0,0,0,0,0,0,0.102233321,true,0
"Statlog_satellite-bin",8,5,square2cnf,Greedy,InformationGain,0,0,0,0,0,0,0,0,0,0.218580965,true,0
"Statlog_satellite-bin",8,5,affine,Greedy,InformationGain,0,0,0,0,0,0,0,0,0,0.13278478,true,0
"Statlog_satellite-bin",8,5,smart_certified,Greedy,InformationGain,0,0,0,0,0,0,0,0,0,0.481828453,true,0
"Statlog_satellite-bin",8,5,cals,SparseLookahead,SparseCertified,68888,1331,0,33,0,31,0,52,1667,5.022123647,true,0
"Statlog_satellite-bin",8,5,cals_compact_explain,SelectiveLookahead,SparseCertified,30485,0,0,23,11,0,30,53,368,1.766591085,true,0
"Statlog_satellite-bin",8,7,unary,Greedy,InformationGain,0,0,0,0,0,0,0,0,0,0.103573468,true,0
"Statlog_satellite-bin",8,7,horn,Greedy,InformationGain,0,0,0,0,0,0,0,0,0,0.123319899,true,0
"Statlog_satellite-bin",8,7,antihorn,Greedy,InformationGain,0,0,0,0,0,0,0,0,0,0.124505149,true,0
"Statlog_satellite-bin",8,7,square2cnf,Greedy,InformationGain,0,0,0,0,0,0,0,0,0,0.32112637,true,0
"Statlog_satellite-bin",8,7,affine,Greedy,InformationGain,0,0,0,0,0,0,0,0,0,0.19905848,true,0
"Statlog_satellite-bin",8,7,smart_certified,Greedy,InformationGain,0,0,0,0,0,0,0,0,0,0.620366992,true,0
"Statlog_satellite-bin",8,7,cals,SparseLookahead,SparseCertified,71489,1737,0,45,0,43,0,76,2265,5.237719687,true,0
"Statlog_satellite-bin",8,7,cals_compact_explain,SelectiveLookahead,SparseCertified,32983,0,0,35,11,0,42,77,560,1.886801738,true,0
"Statlog_satellite-bin",9,5,unary,Greedy,InformationGain,0,0,0,0,0,0,0,0,0,0.100443801,true,0
"Statlog_satellite-bin",9,5,horn,Greedy,InformationGain,0,0,0,0,0,0,0,0,0,0.110625487,true,0
"Statlog_satellite-bin",9,5,antihorn,Greedy,InformationGain,0,0,0,0,0,0,0,0,0,0.102004837,true,0
"Statlog_satellite-bin",9,5,square2cnf,Greedy,InformationGain,0,0,0,0,0,0,0,0,0,0.233029565,true,0
"Statlog_satellite-bin",9,5,affine,Greedy,InformationGain,0,0,0,0,0,0,0,0,0,0.125009533,true,0
"Statlog_satellite-bin",9,5,smart_certified,Greedy,InformationGain,0,0,0,0,0,0,0,0,0,0.560815247,true,0
"Statlog_satellite-bin",9,5,cals,SparseLookahead,SparseCertified,21436,1463,0,35,0,34,0,56,1815,0.725069416,true,0
"Statlog_satellite-bin",9,5,cals_compact_explain,SelectiveLookahead,SparseCertified,17910,0,0,22,19,0,35,61,416,0.687122511,true,0
"Statlog_satellite-bin",9,7,unary,Greedy,InformationGain,0,0,0,0,0,0,0,0,0,0.113988007,true,0
"Statlog_satellite-bin",9,7,horn,Greedy,InformationGain,0,0,0,0,0,0,0,0,0,0.130188872,true,0
"Statlog_satellite-bin",9,7,antihorn,Greedy,InformationGain,0,0,0,0,0,0,0,0,0,0.121336465,true,0
"Statlog_satellite-bin",9,7,square2cnf,Greedy,InformationGain,0,0,0,0,0,0,0,0,0,0.319296078,true,0
"Statlog_satellite-bin",9,7,affine,Greedy,InformationGain,0,0,0,0,0,0,0,0,0,0.172010809,true,0
"Statlog_satellite-bin",9,7,smart_certified,Greedy,InformationGain,0,0,0,0,0,0,0,0,0,0.692857385,true,0
"Statlog_satellite-bin",9,7,cals,SparseLookahead,SparseCertified,24732,1877,0,49,0,48,0,84,2453,0.819490111,true,0
"Statlog_satellite-bin",9,7,cals_compact_explain,SelectiveLookahead,SparseCertified,19506,0,0,33,19,0,44,83,624,0.758322814,true,0
"adult_discretized",0,5,unary,Greedy,InformationGain,0,0,0,0,0,0,0,0,0,0.162501089,true,0
"adult_discretized",0,5,horn,Greedy,InformationGain,0,0,0,0,0,0,0,0,0,0.18833298,true,0
"adult_discretized",0,5,antihorn,Greedy,InformationGain,0,0,0,0,0,0,0,0,0,0.198842193,true,0
"adult_discretized",0,5,square2cnf,Greedy,InformationGain,0,0,0,0,0,0,0,0,0,1.5943144679999999,true,0
"adult_discretized",0,5,affine,Greedy,InformationGain,0,0,0,0,0,0,0,0,0,0.640891441,true,0
"adult_discretized",0,5,smart_certified,Greedy,InformationGain,0,0,0,0,0,0,0,0,0,2.356479541,true,0
"adult_discretized",0,5,cals,SparseLookahead,SparseCertified,19547,1831,0,43,0,39,0,72,2359,2.7641603870000004,true,0
"adult_discretized",0,5,cals_compact_explain,SelectiveLookahead,SparseCertified,7045,0,0,36,13,0,39,77,608,1.632766039,true,0
"adult_discretized",0,7,unary,Greedy,InformationGain,0,0,0,0,0,0,0,0,0,0.174247381,true,0
"adult_discretized",0,7,horn,Greedy,InformationGain,0,0,0,0,0,0,0,0,0,0.374396278,true,0
"adult_discretized",0,7,antihorn,Greedy,InformationGain,0,0,0,0,0,0,0,0,0,0.438901424,true,0
"adult_discretized",0,7,square2cnf,Greedy,InformationGain,0,0,0,0,0,0,0,0,0,4.989077089,true,0
"adult_discretized",0,7,affine,Greedy,InformationGain,0,0,0,0,0,0,0,0,0,1.69244426,true,0
"adult_discretized",0,7,smart_certified,Greedy,InformationGain,0,0,0,0,0,0,0,0,0,6.211974535,true,0
"adult_discretized",0,7,cals,SparseLookahead,SparseCertified,24816,4339,0,104,0,100,0,194,5829,3.2635923730000003,true,0
"adult_discretized",0,7,cals_compact_explain,SelectiveLookahead,SparseCertified,11146,0,0,96,13,0,96,197,1612,2.099045938,true,0
"adult_discretized",1,5,unary,Greedy,InformationGain,0,0,0,0,0,0,0,0,0,0.109119788,true,0
"adult_discretized",1,5,horn,Greedy,InformationGain,0,0,0,0,0,0,0,0,0,0.179983705,true,0
"adult_discretized",1,5,antihorn,Greedy,InformationGain,0,0,0,0,0,0,0,0,0,0.198580651,true,0
"adult_discretized",1,5,square2cnf,Greedy,InformationGain,0,0,0,0,0,0,0,0,0,1.5328435790000001,true,0
"adult_discretized",1,5,affine,Greedy,InformationGain,0,0,0,0,0,0,0,0,0,0.719195155,true,0
"adult_discretized",1,5,smart_certified,Greedy,InformationGain,0,0,0,0,0,0,0,0,0,2.401585474,true,0
"adult_discretized",1,5,cals,SparseLookahead,SparseCertified,18948,1798,0,41,0,38,0,68,2278,2.666266359,true,0
"adult_discretized",1,5,cals_compact_explain,SelectiveLookahead,SparseCertified,8501,0,0,35,13,0,51,75,384,1.686761919,true,0
"adult_discretized",1,7,unary,Greedy,InformationGain,0,0,0,0,0,0,0,0,0,0.174855513,true,0
"adult_discretized",1,7,horn,Greedy,InformationGain,0,0,0,0,0,0,0,0,0,0.352674099,true,0
"adult_discretized",1,7,antihorn,Greedy,InformationGain,0,0,0,0,0,0,0,0,0,0.415561243,true,0
"adult_discretized",1,7,square2cnf,Greedy,InformationGain,0,0,0,0,0,0,0,0,0,5.172954388,true,0
"adult_discretized",1,7,affine,Greedy,InformationGain,0,0,0,0,0,0,0,0,0,1.8159740709999999,true,0
"adult_discretized",1,7,smart_certified,Greedy,InformationGain,0,0,0,0,0,0,0,0,0,6.386801268,true,0
"adult_discretized",1,7,cals,SparseLookahead,SparseCertified,23143,4066,0,96,0,93,0,178,5426,3.094155695,true,0
"adult_discretized",1,7,cals_compact_explain,SelectiveLookahead,SparseCertified,10529,0,0,91,14,0,89,186,1552,1.9709689110000002,true,0
"adult_discretized",2,5,unary,Greedy,InformationGain,0,0,0,0,0,0,0,0,0,0.111078114,true,0
"adult_discretized",2,5,horn,Greedy,InformationGain,0,0,0,0,0,0,0,0,0,0.198325234,true,0
"adult_discretized",2,5,antihorn,Greedy,InformationGain,0,0,0,0,0,0,0,0,0,0.187880686,true,0
"adult_discretized",2,5,square2cnf,Greedy,InformationGain,0,0,0,0,0,0,0,0,0,1.491190482,true,0
"adult_discretized",2,5,affine,Greedy,InformationGain,0,0,0,0,0,0,0,0,0,0.611971436,true,0
"adult_discretized",2,5,smart_certified,Greedy,InformationGain,0,0,0,0,0,0,0,0,0,2.618713826,true,0
"adult_discretized",2,5,cals,SparseLookahead,SparseCertified,23009,1864,0,42,0,39,0,70,2360,2.8948362480000003,true,0
"adult_discretized",2,5,cals_compact_explain,SelectiveLookahead,SparseCertified,7165,0,0,33,13,0,36,71,560,1.647378682,true,0
"adult_discretized",2,7,unary,Greedy,InformationGain,0,0,0,0,0,0,0,0,0,0.186643242,true,0
"adult_discretized",2,7,horn,Greedy,InformationGain,0,0,0,0,0,0,0,0,0,0.345138118,true,0
"adult_discretized",2,7,antihorn,Greedy,InformationGain,0,0,0,0,0,0,0,0,0,0.403008428,true,0
"adult_discretized",2,7,square2cnf,Greedy,InformationGain,0,0,0,0,0,0,0,0,0,5.123525278,true,0
"adult_discretized",2,7,affine,Greedy,InformationGain,0,0,0,0,0,0,0,0,0,1.630431788,true,0
"adult_discretized",2,7,smart_certified,Greedy,InformationGain,0,0,0,0,0,0,0,0,0,6.801464947,true,0
"adult_discretized",2,7,cals,SparseLookahead,SparseCertified,28330,4447,0,102,0,99,0,190,5894,3.3650495289999998,true,0
"adult_discretized",2,7,cals_compact_explain,SelectiveLookahead,SparseCertified,11256,0,0,85,13,0,90,171,1295,2.062406288,true,0
"adult_discretized",3,5,unary,Greedy,InformationGain,0,0,0,0,0,0,0,0,0,0.112595801,true,0
"adult_discretized",3,5,horn,Greedy,InformationGain,0,0,0,0,0,0,0,0,0,0.179081893,true,0
"adult_discretized",3,5,antihorn,Greedy,InformationGain,0,0,0,0,0,0,0,0,0,0.193525359,true,0
"adult_discretized",3,5,square2cnf,Greedy,InformationGain,0,0,0,0,0,0,0,0,0,1.639434549,true,0
"adult_discretized",3,5,affine,Greedy,InformationGain,0,0,0,0,0,0,0,0,0,0.651292768,true,0
"adult_discretized",3,5,smart_certified,Greedy,InformationGain,0,0,0,0,0,0,0,0,0,2.432011027,true,0
"adult_discretized",3,5,cals,SparseLookahead,SparseCertified,22295,1722,0,39,0,36,0,64,2170,2.822802552,true,0
"adult_discretized",3,5,cals_compact_explain,SelectiveLookahead,SparseCertified,7165,0,0,34,13,0,36,73,592,1.59448057,true,0
"adult_discretized",3,7,unary,Greedy,InformationGain,0,0,0,0,0,0,0,0,0,0.177419444,true,0
"adult_discretized",3,7,horn,Greedy,InformationGain,0,0,0,0,0,0,0,0,0,0.339987035,true,0
"adult_discretized",3,7,antihorn,Greedy,InformationGain,0,0,0,0,0,0,0,0,0,0.386816806,true,0
"adult_discretized",3,7,square2cnf,Greedy,InformationGain,0,0,0,0,0,0,0,0,0,5.362846886,true,0
"adult_discretized",3,7,affine,Greedy,InformationGain,0,0,0,0,0,0,0,0,0,1.676590704,true,0
"adult_discretized",3,7,smart_certified,Greedy,InformationGain,0,0,0,0,0,0,0,0,0,6.457400091,true,0
"adult_discretized",3,7,cals,SparseLookahead,SparseCertified,27839,4441,0,100,0,97,0,186,5865,3.361955648,true,0
"adult_discretized",3,7,cals_compact_explain,SelectiveLookahead,SparseCertified,11159,0,0,87,13,0,89,179,1433,2.055136813,true,0
"adult_discretized",4,5,unary,Greedy,InformationGain,0,0,0,0,0,0,0,0,0,0.108857718,true,0
"adult_discretized",4,5,horn,Greedy,InformationGain,0,0,0,0,0,0,0,0,0,0.180957603,true,0
"adult_discretized",4,5,antihorn,Greedy,InformationGain,0,0,0,0,0,0,0,0,0,0.201483118,true,0
"adult_discretized",4,5,square2cnf,Greedy,InformationGain,0,0,0,0,0,0,0,0,0,1.438833549,true,0
"adult_discretized",4,5,affine,Greedy,InformationGain,0,0,0,0,0,0,0,0,0,0.648728057,true,0
"adult_discretized",4,5,smart_certified,Greedy,InformationGain,0,0,0,0,0,0,0,0,0,2.459918467,true,0
"adult_discretized",4,5,cals,SparseLookahead,SparseCertified,22899,1935,0,43,0,41,0,72,2431,2.775130613,true,0
"adult_discretized",4,5,cals_compact_explain,SelectiveLookahead,SparseCertified,7349,0,0,33,16,0,38,77,624,1.634038919,true,0
"adult_discretized",4,7,unary,Greedy,InformationGain,0,0,0,0,0,0,0,0,0,0.180420402,true,0
"adult_discretized",4,7,horn,Greedy,InformationGain,0,0,0,0,0,0,0,0,0,0.361086682,true,0
"adult_discretized",4,7,antihorn,Greedy,InformationGain,0,0,0,0,0,0,0,0,0,0.413835297,true,0
"adult_discretized",4,7,square2cnf,Greedy,InformationGain,0,0,0,0,0,0,0,0,0,4.771640113,true,0
"adult_discretized",4,7,affine,Greedy,InformationGain,0,0,0,0,0,0,0,0,0,1.6291346629999999,true,0
"adult_discretized",4,7,smart_certified,Greedy,InformationGain,0,0,0,0,0,0,0,0,0,6.285722542,true,0
"adult_discretized",4,7,cals,SparseLookahead,SparseCertified,27882,4347,0,100,0,98,0,186,5751,3.239274017,true,0
"adult_discretized",4,7,cals_compact_explain,SelectiveLookahead,SparseCertified,11296,0,0,96,13,0,96,197,1600,2.139618154,true,0
"adult_discretized",5,5,unary,Greedy,InformationGain,0,0,0,0,0,0,0,0,0,0.112927927,true,0
"adult_discretized",5,5,horn,Greedy,InformationGain,0,0,0,0,0,0,0,0,0,0.194692246,true,0
"adult_discretized",5,5,antihorn,Greedy,InformationGain,0,0,0,0,0,0,0,0,0,0.204546,true,0
"adult_discretized",5,5,square2cnf,Greedy,InformationGain,0,0,0,0,0,0,0,0,0,1.615038249,true,0
"adult_discretized",5,5,affine,Greedy,InformationGain,0,0,0,0,0,0,0,0,0,0.592748138,true,0
"adult_discretized",5,5,smart_certified,Greedy,InformationGain,0,0,0,0,0,0,0,0,0,2.590899789,true,0
"adult_discretized",5,5,cals,SparseLookahead,SparseCertified,21365,1718,0,40,0,36,0,66,2198,3.057663837,true,0
"adult_discretized",5,5,cals_compact_explain,SelectiveLookahead,SparseCertified,7473,0,0,35,13,0,40,74,544,1.666841454,true,0
"adult_discretized",5,7,unary,Greedy,InformationGain,0,0,0,0,0,0,0,0,0,0.176216523,true,0
"adult_discretized",5,7,horn,Greedy,InformationGain,0,0,0,0,0,0,0,0,0,0.369979319,true,0
"adult_discretized",5,7,antihorn,Greedy,InformationGain,0,0,0,0,0,0,0,0,0,0.40280876,true,0
"adult_discretized",5,7,square2cnf,Greedy,InformationGain,0,0,0,0,0,0,0,0,0,4.739116207,true,0
"adult_discretized",5,7,affine,Greedy,InformationGain,0,0,0,0,0,0,0,0,0,1.636318758,true,0
"adult_discretized",5,7,smart_certified,Greedy,InformationGain,0,0,0,0,0,0,0,0,0,6.58236612,true,0
"adult_discretized",5,7,cals,SparseLookahead,SparseCertified,25657,3719,0,88,0,84,0,162,4960,3.456028677,true,0
"adult_discretized",5,7,cals_compact_explain,SelectiveLookahead,SparseCertified,10898,0,0,82,13,0,85,169,1336,2.028279096,true,0
"adult_discretized",6,5,unary,Greedy,InformationGain,0,0,0,0,0,0,0,0,0,0.107420109,true,0
"adult_discretized",6,5,horn,Greedy,InformationGain,0,0,0,0,0,0,0,0,0,0.190310829,true,0
"adult_discretized",6,5,antihorn,Greedy,InformationGain,0,0,0,0,0,0,0,0,0,0.195925344,true,0
"adult_discretized",6,5,square2cnf,Greedy,InformationGain,0,0,0,0,0,0,0,0,0,1.577022784,true,0
"adult_discretized",6,5,affine,Greedy,InformationGain,0,0,0,0,0,0,0,0,0,0.631810793,true,0
"adult_discretized",6,5,smart_certified,Greedy,InformationGain,0,0,0,0,0,0,0,0,0,2.243060537,true,0
"adult_discretized",6,5,cals,SparseLookahead,SparseCertified,19612,1672,0,40,0,36,0,66,2152,2.749420842,true,0
"adult_discretized",6,5,cals_compact_explain,SelectiveLookahead,SparseCertified,7311,0,0,32,16,0,37,75,608,1.590548473,true,0
"adult_discretized",6,7,unary,Greedy,InformationGain,0,0,0,0,0,0,0,0,0,0.176902197,true,0
"adult_discretized",6,7,horn,Greedy,InformationGain,0,0,0,0,0,0,0,0,0,0.367179721,true,0
"adult_discretized",6,7,antihorn,Greedy,InformationGain,0,0,0,0,0,0,0,0,0,0.403277089,true,0
"adult_discretized",6,7,square2cnf,Greedy,InformationGain,0,0,0,0,0,0,0,0,0,5.216093428,true,0
"adult_discretized",6,7,affine,Greedy,InformationGain,0,0,0,0,0,0,0,0,0,1.582395878,true,0
"adult_discretized",6,7,smart_certified,Greedy,InformationGain,0,0,0,0,0,0,0,0,0,5.9176583560000005,true,0
"adult_discretized",6,7,cals,SparseLookahead,SparseCertified,24621,4048,0,96,0,92,0,178,5412,3.2117940689999998,true,0
"adult_discretized",6,7,cals_compact_explain,SelectiveLookahead,SparseCertified,11255,0,0,91,13,0,91,187,1524,2.04463279,true,0
"adult_discretized",7,5,unary,Greedy,InformationGain,0,0,0,0,0,0,0,0,0,0.10914957,true,0
"adult_discretized",7,5,horn,Greedy,InformationGain,0,0,0,0,0,0,0,0,0,0.179204064,true,0
"adult_discretized",7,5,antihorn,Greedy,InformationGain,0,0,0,0,0,0,0,0,0,0.199012912,true,0
"adult_discretized",7,5,square2cnf,Greedy,InformationGain,0,0,0,0,0,0,0,0,0,1.684162831,true,0
"adult_discretized",7,5,affine,Greedy,InformationGain,0,0,0,0,0,0,0,0,0,0.65312766,true,0
"adult_discretized",7,5,smart_certified,Greedy,InformationGain,0,0,0,0,0,0,0,0,0,2.603461914,true,0
"adult_discretized",7,5,cals,SparseLookahead,SparseCertified,19780,1855,0,43,0,39,0,72,2383,2.779712805,true,0
"adult_discretized",7,5,cals_compact_explain,SelectiveLookahead,SparseCertified,7568,0,0,37,13,0,40,79,624,1.6333728389999997,true,0
"adult_discretized",7,7,unary,Greedy,InformationGain,0,0,0,0,0,0,0,0,0,0.17886222,true,0
"adult_discretized",7,7,horn,Greedy,InformationGain,0,0,0,0,0,0,0,0,0,0.346465731,true,0
"adult_discretized",7,7,antihorn,Greedy,InformationGain,0,0,0,0,0,0,0,0,0,0.41050867,true,0
"adult_discretized",7,7,square2cnf,Greedy,InformationGain,0,0,0,0,0,0,0,0,0,4.9097841540000005,true,0
"adult_discretized",7,7,affine,Greedy,InformationGain,0,0,0,0,0,0,0,0,0,1.671117728,true,0
"adult_discretized",7,7,smart_certified,Greedy,InformationGain,0,0,0,0,0,0,0,0,0,7.055337218,true,0
"adult_discretized",7,7,cals,SparseLookahead,SparseCertified,24804,4296,0,100,0,96,0,186,5736,3.261204846,true,0
"adult_discretized",7,7,cals_compact_explain,SelectiveLookahead,SparseCertified,11852,0,0,95,13,0,98,195,1542,2.1120089880000004,true,0
"adult_discretized",8,5,unary,Greedy,InformationGain,0,0,0,0,0,0,0,0,0,0.1048981,true,0
"adult_discretized",8,5,horn,Greedy,InformationGain,0,0,0,0,0,0,0,0,0,0.192933763,true,0
"adult_discretized",8,5,antihorn,Greedy,InformationGain,0,0,0,0,0,0,0,0,0,0.19803772,true,0
"adult_discretized",8,5,square2cnf,Greedy,InformationGain,0,0,0,0,0,0,0,0,0,1.545138248,true,0
"adult_discretized",8,5,affine,Greedy,InformationGain,0,0,0,0,0,0,0,0,0,0.65768504,true,0
"adult_discretized",8,5,smart_certified,Greedy,InformationGain,0,0,0,0,0,0,0,0,0,2.109964347,true,0
"adult_discretized",8,5,cals,SparseLookahead,SparseCertified,23076,1849,0,42,0,39,0,70,2345,2.875993098,true,0
"adult_discretized",8,5,cals_compact_explain,SelectiveLookahead,SparseCertified,7533,0,0,34,15,0,40,77,592,1.613522006,true,0
"adult_discretized",8,7,unary,Greedy,InformationGain,0,0,0,0,0,0,0,0,0,0.169076913,true,0
"adult_discretized",8,7,horn,Greedy,InformationGain,0,0,0,0,0,0,0,0,0,0.356554445,true,0
"adult_discretized",8,7,antihorn,Greedy,InformationGain,0,0,0,0,0,0,0,0,0,0.392460687,true,0
"adult_discretized",8,7,square2cnf,Greedy,InformationGain,0,0,0,0,0,0,0,0,0,5.151789433,true,0
"adult_discretized",8,7,affine,Greedy,InformationGain,0,0,0,0,0,0,0,0,0,1.779896662,true,0
"adult_discretized",8,7,smart_certified,Greedy,InformationGain,0,0,0,0,0,0,0,0,0,5.592919467,true,0
"adult_discretized",8,7,cals,SparseLookahead,SparseCertified,27465,4012,0,93,0,90,0,172,5318,3.34059444,true,0
"adult_discretized",8,7,cals_compact_explain,SelectiveLookahead,SparseCertified,10847,0,0,85,13,0,86,175,1418,1.997272628,true,0
"adult_discretized",9,5,unary,Greedy,InformationGain,0,0,0,0,0,0,0,0,0,0.107225096,true,0
"adult_discretized",9,5,horn,Greedy,InformationGain,0,0,0,0,0,0,0,0,0,0.187136606,true,0
"adult_discretized",9,5,antihorn,Greedy,InformationGain,0,0,0,0,0,0,0,0,0,0.185823731,true,0
"adult_discretized",9,5,square2cnf,Greedy,InformationGain,0,0,0,0,0,0,0,0,0,1.591728944,true,0
"adult_discretized",9,5,affine,Greedy,InformationGain,0,0,0,0,0,0,0,0,0,0.753186959,true,0
"adult_discretized",9,5,smart_certified,Greedy,InformationGain,0,0,0,0,0,0,0,0,0,2.366863621,true,0
"adult_discretized",9,5,cals,SparseLookahead,SparseCertified,22414,1722,0,38,0,36,0,62,2138,3.124864531,true,0
"adult_discretized",9,5,cals_compact_explain,SelectiveLookahead,SparseCertified,7254,0,0,29,16,0,36,69,528,1.609549433,true,0
"adult_discretized",9,7,unary,Greedy,InformationGain,0,0,0,0,0,0,0,0,0,0.1720913,true,0
"adult_discretized",9,7,horn,Greedy,InformationGain,0,0,0,0,0,0,0,0,0,0.331063498,true,0
"adult_discretized",9,7,antihorn,Greedy,InformationGain,0,0,0,0,0,0,0,0,0,0.376760293,true,0
"adult_discretized",9,7,square2cnf,Greedy,InformationGain,0,0,0,0,0,0,0,0,0,4.86508985,true,0
"adult_discretized",9,7,affine,Greedy,InformationGain,0,0,0,0,0,0,0,0,0,1.7150089469999998,true,0
"adult_discretized",9,7,smart_certified,Greedy,InformationGain,0,0,0,0,0,0,0,0,0,5.9604131670000005,true,0
"adult_discretized",9,7,cals,SparseLookahead,SparseCertified,27235,3924,0,90,0,88,0,166,5156,3.733844999,true,0
"adult_discretized",9,7,cals_compact_explain,SelectiveLookahead,SparseCertified,10835,0,0,81,13,0,84,167,1312,2.0146823449999998,true,0
"anneal",0,5,unary,Greedy,InformationGain,0,0,0,0,0,0,0,0,0,0.003594072,true,0
"anneal",0,5,horn,Greedy,InformationGain,0,0,0,0,0,0,0,0,0,0.006127713,true,0
"anneal",0,5,antihorn,Greedy,InformationGain,0,0,0,0,0,0,0,0,0,0.005447105,true,0
"anneal",0,5,square2cnf,Greedy,InformationGain,0,0,0,0,0,0,0,0,0,0.023921697,true,0
"anneal",0,5,affine,Greedy,InformationGain,0,0,0,0,0,0,0,0,0,0.014325721,true,0
"anneal",0,5,smart_certified,Greedy,InformationGain,0,0,0,0,0,0,0,0,0,0.051409203,true,0
"anneal",0,5,cals,SparseLookahead,SparseCertified,4518,719,0,23,0,15,0,32,991,0.14207088099999998,true,0
"anneal",0,5,cals_compact_explain,SelectiveLookahead,SparseCertified,2813,0,0,11,10,0,12,30,288,0.166669706,true,0
"anneal",0,7,unary,Greedy,InformationGain,0,0,0,0,0,0,0,0,0,0.004740064,true,0
"anneal",0,7,horn,Greedy,InformationGain,0,0,0,0,0,0,0,0,0,0.006945253,true,0
"anneal",0,7,antihorn,Greedy,InformationGain,0,0,0,0,0,0,0,0,0,0.007011314,true,0
"anneal",0,7,square2cnf,Greedy,InformationGain,0,0,0,0,0,0,0,0,0,0.035706804,true,0
"anneal",0,7,affine,Greedy,InformationGain,0,0,0,0,0,0,0,0,0,0.024863567,true,0
"anneal",0,7,smart_certified,Greedy,InformationGain,0,0,0,0,0,0,0,0,0,0.064672923,true,0
"anneal",0,7,cals,SparseLookahead,SparseCertified,5425,982,0,29,0,21,0,44,1350,0.786829706,true,0
"anneal",0,7,cals_compact_explain,SelectiveLookahead,SparseCertified,3530,0,0,17,10,0,18,42,384,0.417613886,true,0
"anneal",1,5,unary,Greedy,InformationGain,0,0,0,0,0,0,0,0,0,0.003419252,true,0
"anneal",1,5,horn,Greedy,InformationGain,0,0,0,0,0,0,0,0,0,0.004359113,true,0
"anneal",1,5,antihorn,Greedy,InformationGain,0,0,0,0,0,0,0,0,0,0.00468923,true,0
"anneal",1,5,square2cnf,Greedy,InformationGain,0,0,0,0,0,0,0,0,0,0.022756739,true,0
"anneal",1,5,affine,Greedy,InformationGain,0,0,0,0,0,0,0,0,0,0.012363509,true,0
"anneal",1,5,smart_certified,Greedy,InformationGain,0,0,0,0,0,0,0,0,0,0.03501405,true,0
"anneal",1,5,cals,SparseLookahead,SparseCertified,3715,741,0,23,0,16,0,32,997,0.136002143,true,0
"anneal",1,5,cals_compact_explain,SelectiveLookahead,SparseCertified,2582,0,0,11,10,0,13,30,272,0.20863026599999998,true,0
"anneal",1,7,unary,Greedy,InformationGain,0,0,0,0,0,0,0,0,0,0.005353026,true,0
"anneal",1,7,horn,Greedy,InformationGain,0,0,0,0,0,0,0,0,0,0.006218325,true,0
"anneal",1,7,antihorn,Greedy,InformationGain,0,0,0,0,0,0,0,0,0,0.007179899,true,0
"anneal",1,7,square2cnf,Greedy,InformationGain,0,0,0,0,0,0,0,0,0,0.036192313,true,0
"anneal",1,7,affine,Greedy,InformationGain,0,0,0,0,0,0,0,0,0,0.023871012,true,0
"anneal",1,7,smart_certified,Greedy,InformationGain,0,0,0,0,0,0,0,0,0,0.037569615,true,0
"anneal",1,7,cals,SparseLookahead,SparseCertified,4586,1126,0,34,0,27,0,54,1558,0.813871063,true,0
"anneal",1,7,cals_compact_explain,SelectiveLookahead,SparseCertified,3303,0,0,23,10,0,25,54,448,0.52346188,true,0
"anneal",2,5,unary,Greedy,InformationGain,0,0,0,0,0,0,0,0,0,0.003523882,true,0
"anneal",2,5,horn,Greedy,InformationGain,0,0,0,0,0,0,0,0,0,0.005348671,true,0
"anneal",2,5,antihorn,Greedy,InformationGain,0,0,0,0,0,0,0,0,0,0.005222933,true,0
"anneal",2,5,square2cnf,Greedy,InformationGain,0,0,0,0,0,0,0,0,0,0.023526369,true,0
"anneal",2,5,affine,Greedy,InformationGain,0,0,0,0,0,0,0,0,0,0.013631421,true,0
"anneal",2,5,smart_certified,Greedy,InformationGain,0,0,0,0,0,0,0,0,0,0.040745229,true,0
"anneal",2,5,cals,SparseLookahead,SparseCertified,5980,870,0,27,0,19,0,40,1206,0.504906905,true,0
"anneal",2,5,cals_compact_explain,SelectiveLookahead,SparseCertified,3389,0,0,15,10,0,16,38,352,0.355602816,true,0
"anneal",2,7,unary,Greedy,InformationGain,0,0,0,0,0,0,0,0,0,0.005134556,true,0
"anneal",2,7,horn,Greedy,InformationGain,0,0,0,0,0,0,0,0,0,0.00772832,true,0
"anneal",2,7,antihorn,Greedy,InformationGain,0,0,0,0,0,0,0,0,0,0.007751901,true,0
"anneal",2,7,square2cnf,Greedy,InformationGain,0,0,0,0,0,0,0,0,0,0.041417179,true,0
"anneal",2,7,affine,Greedy,InformationGain,0,0,0,0,0,0,0,0,0,0.029028689,true,0
"anneal",2,7,smart_certified,Greedy,InformationGain,0,0,0,0,0,0,0,0,0,0.05917879,true,0
"anneal",2,7,cals,SparseLookahead,SparseCertified,7170,1261,0,39,0,31,0,64,1773,1.554004645,true,0
"anneal",2,7,cals_compact_explain,SelectiveLookahead,SparseCertified,4341,0,0,27,10,0,28,62,528,0.71255508,true,0
"anneal",3,5,unary,Greedy,InformationGain,0,0,0,0,0,0,0,0,0,0.003369249,true,0
"anneal",3,5,horn,Greedy,InformationGain,0,0,0,0,0,0,0,0,0,0.005047819,true,0
"anneal",3,5,antihorn,Greedy,InformationGain,0,0,0,0,0,0,0,0,0,0.005009659,true,0
"anneal",3,5,square2cnf,Greedy,InformationGain,0,0,0,0,0,0,0,0,0,0.021781415,true,0
"anneal",3,5,affine,Greedy,InformationGain,0,0,0,0,0,0,0,0,0,0.012489416,true,0
"anneal",3,5,smart_certified,Greedy,InformationGain,0,0,0,0,0,0,0,0,0,0.037662256,true,0
"anneal",3,5,cals,SparseLookahead,SparseCertified,3927,734,0,24,0,16,0,34,1022,0.947444711,true,0
"anneal",3,5,cals_compact_explain,SelectiveLookahead,SparseCertified,2808,0,0,12,10,0,14,32,288,0.25917811599999996,true,0
"anneal",3,7,unary,Greedy,InformationGain,0,0,0,0,0,0,0,0,0,0.004621177,true,0
"anneal",3,7,horn,Greedy,InformationGain,0,0,0,0,0,0,0,0,0,0.007672077,true,0
"anneal",3,7,antihorn,Greedy,InformationGain,0,0,0,0,0,0,0,0,0,0.007566671,true,0
"anneal",3,7,square2cnf,Greedy,InformationGain,0,0,0,0,0,0,0,0,0,0.04134471,true,0
"anneal",3,7,affine,Greedy,InformationGain,0,0,0,0,0,0,0,0,0,0.017207117,true,0
"anneal",3,7,smart_certified,Greedy,InformationGain,0,0,0,0,0,0,0,0,0,0.059195916,true,0
"anneal",3,7,cals,SparseLookahead,SparseCertified,4928,1027,0,34,0,26,0,54,1459,1.7678659810000001,true,0
"anneal",3,7,cals_compact_explain,SelectiveLookahead,SparseCertified,3471,0,0,21,10,0,23,50,416,0.56046736,true,0
"anneal",4,5,unary,Greedy,InformationGain,0,0,0,0,0,0,0,0,0,0.003656097,true,0
"anneal",4,5,horn,Greedy,InformationGain,0,0,0,0,0,0,0,0,0,0.00546283,true,0
"anneal",4,5,antihorn,Greedy,InformationGain,0,0,0,0,0,0,0,0,0,0.005525087,true,0
"anneal",4,5,square2cnf,Greedy,InformationGain,0,0,0,0,0,0,0,0,0,0.02782537,true,0
"anneal",4,5,affine,Greedy,InformationGain,0,0,0,0,0,0,0,0,0,0.010769996,true,0
"anneal",4,5,smart_certified,Greedy,InformationGain,0,0,0,0,0,0,0,0,0,0.044825717,true,0
"anneal",4,5,cals,SparseLookahead,SparseCertified,3737,681,0,23,0,15,0,32,953,0.770726856,true,0
"anneal",4,5,cals_compact_explain,SelectiveLookahead,SparseCertified,2811,0,0,14,8,0,15,32,272,0.40966975499999997,true,0
"anneal",4,7,unary,Greedy,InformationGain,0,0,0,0,0,0,0,0,0,0.004835468,true,0
"anneal",4,7,horn,Greedy,InformationGain,0,0,0,0,0,0,0,0,0,0.007670271,true,0
"anneal",4,7,antihorn,Greedy,InformationGain,0,0,0,0,0,0,0,0,0,0.007771863,true,0
"anneal",4,7,square2cnf,Greedy,InformationGain,0,0,0,0,0,0,0,0,0,0.0474234,true,0
"anneal",4,7,affine,Greedy,InformationGain,0,0,0,0,0,0,0,0,0,0.018380687,true,0
"anneal",4,7,smart_certified,Greedy,InformationGain,0,0,0,0,0,0,0,0,0,0.052383597,true,0
"anneal",4,7,cals,SparseLookahead,SparseCertified,4774,970,0,31,0,23,0,48,1360,1.45083985,true,0
"anneal",4,7,cals_compact_explain,SelectiveLookahead,SparseCertified,3678,0,0,22,8,0,23,48,400,0.681192981,true,0
"anneal",5,5,unary,Greedy,InformationGain,0,0,0,0,0,0,0,0,0,0.003594837,true,0
"anneal",5,5,horn,Greedy,InformationGain,0,0,0,0,0,0,0,0,0,0.00509861,true,0
"anneal",5,5,antihorn,Greedy,InformationGain,0,0,0,0,0,0,0,0,0,0.005338518,true,0
"anneal",5,5,square2cnf,Greedy,InformationGain,0,0,0,0,0,0,0,0,0,0.023965788,true,0
"anneal",5,5,affine,Greedy,InformationGain,0,0,0,0,0,0,0,0,0,0.011868838,true,0
"anneal",5,5,smart_certified,Greedy,InformationGain,0,0,0,0,0,0,0,0,0,0.041634019,true,0
"anneal",5,5,cals,SparseLookahead,SparseCertified,4014,808,0,26,0,18,0,38,1128,0.47146137600000004,true,0
"anneal",5,5,cals_compact_explain,SelectiveLookahead,SparseCertified,2734,0,0,13,10,0,14,34,320,0.260007003,true,0
"anneal",5,7,unary,Greedy,InformationGain,0,0,0,0,0,0,0,0,0,0.004395433,true,0
"anneal",5,7,horn,Greedy,InformationGain,0,0,0,0,0,0,0,0,0,0.006609228,true,0
"anneal",5,7,antihorn,Greedy,InformationGain,0,0,0,0,0,0,0,0,0,0.006795232,true,0
"anneal",5,7,square2cnf,Greedy,InformationGain,0,0,0,0,0,0,0,0,0,0.03748262,true,0
"anneal",5,7,affine,Greedy,InformationGain,0,0,0,0,0,0,0,0,0,0.017481511,true,0
"anneal",5,7,smart_certified,Greedy,InformationGain,0,0,0,0,0,0,0,0,0,0.053498913,true,0
"anneal",5,7,cals,SparseLookahead,SparseCertified,4896,1236,0,37,0,29,0,60,1732,1.636076653,true,0
"anneal",5,7,cals_compact_explain,SelectiveLookahead,SparseCertified,3446,0,0,19,10,0,20,46,416,0.479154338,true,0
"anneal",6,5,unary,Greedy,InformationGain,0,0,0,0,0,0,0,0,0,0.003680143,true,0
"anneal",6,5,horn,Greedy,InformationGain,0,0,0,0,0,0,0,0,0,0.005221825,true,0
"anneal",6,5,antihorn,Greedy,InformationGain,0,0,0,0,0,0,0,0,0,0.005561768,true,0
"anneal",6,5,square2cnf,Greedy,InformationGain,0,0,0,0,0,0,0,0,0,0.024589646,true,0
"anneal",6,5,affine,Greedy,InformationGain,0,0,0,0,0,0,0,0,0,0.010865929,true,0
"anneal",6,5,smart_certified,Greedy,InformationGain,0,0,0,0,0,0,0,0,0,0.043264794,true,0
"anneal",6,5,cals,SparseLookahead,SparseCertified,4476,710,0,23,0,15,0,32,982,0.8257002920000001,true,0
"anneal",6,5,cals_compact_explain,SelectiveLookahead,SparseCertified,2821,0,0,11,10,0,13,30,272,0.14543483399999999,true,0
"anneal",6,7,unary,Greedy,InformationGain,0,0,0,0,0,0,0,0,0,0.00501703,true,0
"anneal",6,7,horn,Greedy,InformationGain,0,0,0,0,0,0,0,0,0,0.007707843,true,0
"anneal",6,7,antihorn,Greedy,InformationGain,0,0,0,0,0,0,0,0,0,0.007622977,true,0
"anneal",6,7,square2cnf,Greedy,InformationGain,0,0,0,0,0,0,0,0,0,0.042239742,true,0
"anneal",6,7,affine,Greedy,InformationGain,0,0,0,0,0,0,0,0,0,0.020584785,true,0
"anneal",6,7,smart_certified,Greedy,InformationGain,0,0,0,0,0,0,0,0,0,0.078897759,true,0
"anneal",6,7,cals,SparseLookahead,SparseCertified,5344,1072,0,33,0,25,0,52,1504,1.728793758,true,0
"anneal",6,7,cals_compact_explain,SelectiveLookahead,SparseCertified,3527,0,0,21,10,0,23,50,432,0.526671781,true,0
"anneal",7,5,unary,Greedy,InformationGain,0,0,0,0,0,0,0,0,0,0.003280875,true,0
"anneal",7,5,horn,Greedy,InformationGain,0,0,0,0,0,0,0,0,0,0.004475937,true,0
"anneal",7,5,antihorn,Greedy,InformationGain,0,0,0,0,0,0,0,0,0,0.004473822,true,0
"anneal",7,5,square2cnf,Greedy,InformationGain,0,0,0,0,0,0,0,0,0,0.020469273,true,0
"anneal",7,5,affine,Greedy,InformationGain,0,0,0,0,0,0,0,0,0,0.012523792,true,0
"anneal",7,5,smart_certified,Greedy,InformationGain,0,0,0,0,0,0,0,0,0,0.038946751,true,0
"anneal",7,5,cals,SparseLookahead,SparseCertified,3859,712,0,23,0,16,0,32,968,0.711999845,true,0
"anneal",7,5,cals_compact_explain,SelectiveLookahead,SparseCertified,2766,0,0,13,8,0,13,30,272,0.368408479,true,0
"anneal",7,7,unary,Greedy,InformationGain,0,0,0,0,0,0,0,0,0,0.004008156,true,0
"anneal",7,7,horn,Greedy,InformationGain,0,0,0,0,0,0,0,0,0,0.006225309,true,0
"anneal",7,7,antihorn,Greedy,InformationGain,0,0,0,0,0,0,0,0,0,0.005951072,true,0
"anneal",7,7,square2cnf,Greedy,InformationGain,0,0,0,0,0,0,0,0,0,0.02994587,true,0
"anneal",7,7,affine,Greedy,InformationGain,0,0,0,0,0,0,0,0,0,0.019289764,true,0
"anneal",7,7,smart_certified,Greedy,InformationGain,0,0,0,0,0,0,0,0,0,0.047267439,true,0
"anneal",7,7,cals,SparseLookahead,SparseCertified,4793,996,0,32,0,25,0,50,1392,1.490802078,true,0
"anneal",7,7,cals_compact_explain,SelectiveLookahead,SparseCertified,3472,0,0,22,8,0,22,48,412,0.67539374,true,0
"anneal",8,5,unary,Greedy,InformationGain,0,0,0,0,0,0,0,0,0,0.003828254,true,0
"anneal",8,5,horn,Greedy,InformationGain,0,0,0,0,0,0,0,0,0,0.005304113,true,0
"anneal",8,5,antihorn,Greedy,InformationGain,0,0,0,0,0,0,0,0,0,0.005363491,true,0
"anneal",8,5,square2cnf,Greedy,InformationGain,0,0,0,0,0,0,0,0,0,0.023869272,true,0
"anneal",8,5,affine,Greedy,InformationGain,0,0,0,0,0,0,0,0,0,0.012882255,true,0
"anneal",8,5,smart_certified,Greedy,InformationGain,0,0,0,0,0,0,0,0,0,0.043432529,true,0
"anneal",8,5,cals,SparseLookahead,SparseCertified,5026,758,0,24,0,16,0,34,1046,0.20416172600000002,true,0
"anneal",8,5,cals_compact_explain,SelectiveLookahead,SparseCertified,3363,0,0,12,10,0,14,32,288,0.200008179,true,0
"anneal",8,7,unary,Greedy,InformationGain,0,0,0,0,0,0,0,0,0,0.006343273,true,0
"anneal",8,7,horn,Greedy,InformationGain,0,0,0,0,0,0,0,0,0,0.007283998,true,0
"anneal",8,7,antihorn,Greedy,InformationGain,0,0,0,0,0,0,0,0,0,0.007279,true,0
"anneal",8,7,square2cnf,Greedy,InformationGain,0,0,0,0,0,0,0,0,0,0.039086892,true,0
"anneal",8,7,affine,Greedy,InformationGain,0,0,0,0,0,0,0,0,0,0.021522971,true,0
"anneal",8,7,smart_certified,Greedy,InformationGain,0,0,0,0,0,0,0,0,0,0.058711147,true,0
"anneal",8,7,cals,SparseLookahead,SparseCertified,6088,1110,0,33,0,25,0,52,1542,0.942132882,true,0
"anneal",8,7,cals_compact_explain,SelectiveLookahead,SparseCertified,4257,0,0,22,10,0,24,52,446,0.5714174649999999,true,0
"anneal",9,5,unary,Greedy,InformationGain,0,0,0,0,0,0,0,0,0,0.003582442,true,0
"anneal",9,5,horn,Greedy,InformationGain,0,0,0,0,0,0,0,0,0,0.005126987,true,0
"anneal",9,5,antihorn,Greedy,InformationGain,0,0,0,0,0,0,0,0,0,0.005272114,true,0
"anneal",9,5,square2cnf,Greedy,InformationGain,0,0,0,0,0,0,0,0,0,0.025839154,true,0
"anneal",9,5,affine,Greedy,InformationGain,0,0,0,0,0,0,0,0,0,0.014189431,true,0
"anneal",9,5,smart_certified,Greedy,InformationGain,0,0,0,0,0,0,0,0,0,0.043633427,true,0
"anneal",9,5,cals,SparseLookahead,SparseCertified,5012,809,0,25,0,17,0,36,1113,1.299573484,true,0
"anneal",9,5,cals_compact_explain,SelectiveLookahead,SparseCertified,2588,0,0,13,10,0,14,34,320,0.242121118,true,0
"anneal",9,7,unary,Greedy,InformationGain,0,0,0,0,0,0,0,0,0,0.00453482,true,0
"anneal",9,7,horn,Greedy,InformationGain,0,0,0,0,0,0,0,0,0,0.007544686,true,0
"anneal",9,7,antihorn,Greedy,InformationGain,0,0,0,0,0,0,0,0,0,0.007594265,true,0
"anneal",9,7,square2cnf,Greedy,InformationGain,0,0,0,0,0,0,0,0,0,0.043285355,true,0
"anneal",9,7,affine,Greedy,InformationGain,0,0,0,0,0,0,0,0,0,0.022084721,true,0
"anneal",9,7,smart_certified,Greedy,InformationGain,0,0,0,0,0,0,0,0,0,0.057311328,true,0
"anneal",9,7,cals,SparseLookahead,SparseCertified,5976,1197,0,37,0,29,0,60,1693,2.1836925579999997,true,0
"anneal",9,7,cals_compact_explain,SelectiveLookahead,SparseCertified,3670,0,0,28,10,0,29,64,560,0.7507280120000001,true,0
"audiology",0,5,unary,Greedy,InformationGain,0,0,0,0,0,0,0,0,0,0.006428204,true,0
"audiology",0,5,horn,Greedy,InformationGain,0,0,0,0,0,0,0,0,0,0.004680493,true,0
"audiology",0,5,antihorn,Greedy,InformationGain,0,0,0,0,0,0,0,0,0,0.001958097,true,0
"audiology",0,5,square2cnf,Greedy,InformationGain,0,0,0,0,0,0,0,0,0,0.006848475,true,0
"audiology",0,5,affine,Greedy,InformationGain,0,0,0,0,0,0,0,0,0,0.004734337,true,0
"audiology",0,5,smart_certified,Greedy,InformationGain,0,0,0,0,0,0,0,0,0,0.006919406,true,0
"audiology",0,5,cals,SparseLookahead,SparseCertified,2787,425,0,18,0,10,0,22,617,0.8767312389999999,true,0
"audiology",0,5,cals_compact_explain,SelectiveLookahead,SparseCertified,1587,0,0,4,9,0,7,17,160,0.290555966,true,0
"audiology",0,7,unary,Greedy,InformationGain,0,0,0,0,0,0,0,0,0,0.002045579,true,0
"audiology",0,7,horn,Greedy,InformationGain,0,0,0,0,0,0,0,0,0,0.001876024,true,0
"audiology",0,7,antihorn,Greedy,InformationGain,0,0,0,0,0,0,0,0,0,0.001858806,true,0
"audiology",0,7,square2cnf,Greedy,InformationGain,0,0,0,0,0,0,0,0,0,0.006398264,true,0
"audiology",0,7,affine,Greedy,InformationGain,0,0,0,0,0,0,0,0,0,0.004541889,true,0
"audiology",0,7,smart_certified,Greedy,InformationGain,0,0,0,0,0,0,0,0,0,0.00722206,true,0
"audiology",0,7,cals,SparseLookahead,SparseCertified,2787,425,0,18,0,10,0,22,617,0.8836876570000001,true,0
"audiology",0,7,cals_compact_explain,SelectiveLookahead,SparseCertified,1587,0,0,4,9,0,7,17,160,0.293920106,true,0
"audiology",1,5,unary,Greedy,InformationGain,0,0,0,0,0,0,0,0,0,0.001828597,true,0
"audiology",1,5,horn,Greedy,InformationGain,0,0,0,0,0,0,0,0,0,0.002286511,true,0
"audiology",1,5,antihorn,Greedy,InformationGain,0,0,0,0,0,0,0,0,0,0.002212769,true,0
"audiology",1,5,square2cnf,Greedy,InformationGain,0,0,0,0,0,0,0,0,0,0.009044921,true,0
"audiology",1,5,affine,Greedy,InformationGain,0,0,0,0,0,0,0,0,0,0.005268866,true,0
"audiology",1,5,smart_certified,Greedy,InformationGain,0,0,0,0,0,0,0,0,0,0.008499243,true,0
"audiology",1,5,cals,SparseLookahead,SparseCertified,2961,448,0,19,0,12,0,24,640,0.7720310269999999,true,0
"audiology",1,5,cals_compact_explain,SelectiveLookahead,SparseCertified,2008,0,0,4,9,0,10,18,128,0.119331145,true,0
"audiology",1,7,unary,Greedy,InformationGain,0,0,0,0,0,0,0,0,0,0.001981493,true,0
"audiology",1,7,horn,Greedy,InformationGain,0,0,0,0,0,0,0,0,0,0.002249688,true,0
"audiology",1,7,antihorn,Greedy,InformationGain,0,0,0,0,0,0,0,0,0,0.002300625,true,0
"audiology",1,7,square2cnf,Greedy,InformationGain,0,0,0,0,0,0,0,0,0,0.009372231,true,0
"audiology",1,7,affine,Greedy,InformationGain,0,0,0,0,0,0,0,0,0,0.005217357,true,0
"audiology",1,7,smart_certified,Greedy,InformationGain,0,0,0,0,0,0,0,0,0,0.008321146,true,0
"audiology",1,7,cals,SparseLookahead,SparseCertified,2961,448,0,19,0,12,0,24,640,0.770615196,true,0
"audiology",1,7,cals_compact_explain,SelectiveLookahead,SparseCertified,2008,0,0,4,9,0,10,18,128,0.120001522,true,0
"audiology",2,5,unary,Greedy,InformationGain,0,0,0,0,0,0,0,0,0,0.002026475,true,0
"audiology",2,5,horn,Greedy,InformationGain,0,0,0,0,0,0,0,0,0,0.001772259,true,0
"audiology",2,5,antihorn,Greedy,InformationGain,0,0,0,0,0,0,0,0,0,0.001717367,true,0
"audiology",2,5,square2cnf,Greedy,InformationGain,0,0,0,0,0,0,0,0,0,0.007181787,true,0
"audiology",2,5,affine,Greedy,InformationGain,0,0,0,0,0,0,0,0,0,0.003606358,true,0
"audiology",2,5,smart_certified,Greedy,InformationGain,0,0,0,0,0,0,0,0,0,0.008123031,true,0
"audiology",2,5,cals,SparseLookahead,SparseCertified,3482,457,0,18,0,13,0,22,601,0.735094613,true,0
"audiology",2,5,cals_compact_explain,SelectiveLookahead,SparseCertified,2120,0,0,2,7,0,5,12,112,0.43354567899999996,true,0
"audiology",2,7,unary,Greedy,InformationGain,0,0,0,0,0,0,0,0,0,0.002002869,true,0
"audiology",2,7,horn,Greedy,InformationGain,0,0,0,0,0,0,0,0,0,0.001850408,true,0
"audiology",2,7,antihorn,Greedy,InformationGain,0,0,0,0,0,0,0,0,0,0.001851766,true,0
"audiology",2,7,square2cnf,Greedy,InformationGain,0,0,0,0,0,0,0,0,0,0.007315037,true,0
"audiology",2,7,affine,Greedy,InformationGain,0,0,0,0,0,0,0,0,0,0.003532378,true,0
"audiology",2,7,smart_certified,Greedy,InformationGain,0,0,0,0,0,0,0,0,0,0.008072485,true,0
"audiology",2,7,cals,SparseLookahead,SparseCertified,3482,457,0,18,0,13,0,22,601,0.731378153,true,0
"audiology",2,7,cals_compact_explain,SelectiveLookahead,SparseCertified,2120,0,0,2,7,0,5,12,112,0.434345056,true,0
"audiology",3,5,unary,Greedy,InformationGain,0,0,0,0,0,0,0,0,0,0.001771081,true,0
"audiology",3,5,horn,Greedy,InformationGain,0,0,0,0,0,0,0,0,0,0.002118563,true,0
"audiology",3,5,antihorn,Greedy,InformationGain,0,0,0,0,0,0,0,0,0,0.002186422,true,0
"audiology",3,5,square2cnf,Greedy,InformationGain,0,0,0,0,0,0,0,0,0,0.008274785,true,0
"audiology",3,5,affine,Greedy,InformationGain,0,0,0,0,0,0,0,0,0,0.004649529,true,0
"audiology",3,5,smart_certified,Greedy,InformationGain,0,0,0,0,0,0,0,0,0,0.008928914,true,0
"audiology",3,5,cals,SparseLookahead,SparseCertified,3159,497,0,18,0,13,0,22,641,0.487682952,true,0
"audiology",3,5,cals_compact_explain,SelectiveLookahead,SparseCertified,1411,0,0,4,6,0,6,14,128,0.032105058,true,0
"audiology",3,7,unary,Greedy,InformationGain,0,0,0,0,0,0,0,0,0,0.001908904,true,0
"audiology",3,7,horn,Greedy,InformationGain,0,0,0,0,0,0,0,0,0,0.00216431,true,0
"audiology",3,7,antihorn,Greedy,InformationGain,0,0,0,0,0,0,0,0,0,0.002214565,true,0
"audiology",3,7,square2cnf,Greedy,InformationGain,0,0,0,0,0,0,0,0,0,0.008562481,true,0
"audiology",3,7,affine,Greedy,InformationGain,0,0,0,0,0,0,0,0,0,0.004733106,true,0
"audiology",3,7,smart_certified,Greedy,InformationGain,0,0,0,0,0,0,0,0,0,0.009056996,true,0
"audiology",3,7,cals,SparseLookahead,SparseCertified,3159,497,0,18,0,13,0,22,641,0.492134105,true,0
"audiology",3,7,cals_compact_explain,SelectiveLookahead,SparseCertified,1411,0,0,4,6,0,6,14,128,0.032188808,true,0
"audiology",4,5,unary,Greedy,InformationGain,0,0,0,0,0,0,0,0,0,0.002238353,true,0
"audiology",4,5,horn,Greedy,InformationGain,0,0,0,0,0,0,0,0,0,0.00257839,true,0
"audiology",4,5,antihorn,Greedy,InformationGain,0,0,0,0,0,0,0,0,0,0.002547847,true,0
"audiology",4,5,square2cnf,Greedy,InformationGain,0,0,0,0,0,0,0,0,0,0.009834796,true,0
"audiology",4,5,affine,Greedy,InformationGain,0,0,0,0,0,0,0,0,0,0.005635315,true,0
"audiology",4,5,smart_certified,Greedy,InformationGain,0,0,0,0,0,0,0,0,0,0.009075386,true,0
"audiology",4,5,cals,SparseLookahead,SparseCertified,4949,615,0,18,0,16,0,22,711,2.119659627,true,0
"audiology",4,5,cals_compact_explain,SelectiveLookahead,SparseCertified,3302,0,0,10,11,0,15,27,192,0.644513221,true,0
"audiology",4,7,unary,Greedy,InformationGain,0,0,0,0,0,0,0,0,0,0.002451247,true,0
"audiology",4,7,horn,Greedy,InformationGain,0,0,0,0,0,0,0,0,0,0.002501063,true,0
"audiology",4,7,antihorn,Greedy,InformationGain,0,0,0,0,0,0,0,0,0,0.002587214,true,0
"audiology",4,7,square2cnf,Greedy,InformationGain,0,0,0,0,0,0,0,0,0,0.009940833,true,0
"audiology",4,7,affine,Greedy,InformationGain,0,0,0,0,0,0,0,0,0,0.005651058,true,0
"audiology",4,7,smart_certified,Greedy,InformationGain,0,0,0,0,0,0,0,0,0,0.009078661,true,0
"audiology",4,7,cals,SparseLookahead,SparseCertified,4949,615,0,18,0,16,0,22,711,2.122490968,true,0
"audiology",4,7,cals_compact_explain,SelectiveLookahead,SparseCertified,3302,0,0,10,11,0,15,27,192,0.648023095,true,0
"audiology",5,5,unary,Greedy,InformationGain,0,0,0,0,0,0,0,0,0,0.002009862,true,0
"audiology",5,5,horn,Greedy,InformationGain,0,0,0,0,0,0,0,0,0,0.001938006,true,0
"audiology",5,5,antihorn,Greedy,InformationGain,0,0,0,0,0,0,0,0,0,0.001840664,true,0
"audiology",5,5,square2cnf,Greedy,InformationGain,0,0,0,0,0,0,0,0,0,0.00742154,true,0
"audiology",5,5,affine,Greedy,InformationGain,0,0,0,0,0,0,0,0,0,0.003860171,true,0
"audiology",5,5,smart_certified,Greedy,InformationGain,0,0,0,0,0,0,0,0,0,0.008882308,true,0
"audiology",5,5,cals,SparseLookahead,SparseCertified,4781,524,0,19,0,15,0,24,668,0.127427556,true,0
"audiology",5,5,cals_compact_explain,SelectiveLookahead,SparseCertified,2130,0,0,5,12,0,10,22,192,0.036145859,true,0
"audiology",5,7,unary,Greedy,InformationGain,0,0,0,0,0,0,0,0,0,0.002067523,true,0
"audiology",5,7,horn,Greedy,InformationGain,0,0,0,0,0,0,0,0,0,0.001784936,true,0
"audiology",5,7,antihorn,Greedy,InformationGain,0,0,0,0,0,0,0,0,0,0.001826174,true,0
"audiology",5,7,square2cnf,Greedy,InformationGain,0,0,0,0,0,0,0,0,0,0.007720343,true,0
"audiology",5,7,affine,Greedy,InformationGain,0,0,0,0,0,0,0,0,0,0.00384819,true,0
"audiology",5,7,smart_certified,Greedy,InformationGain,0,0,0,0,0,0,0,0,0,0.008590412,true,0
"audiology",5,7,cals,SparseLookahead,SparseCertified,4781,524,0,19,0,15,0,24,668,0.124319149,true,0
"audiology",5,7,cals_compact_explain,SelectiveLookahead,SparseCertified,2130,0,0,5,12,0,10,22,192,0.035921151000000005,true,0
"audiology",6,5,unary,Greedy,InformationGain,0,0,0,0,0,0,0,0,0,0.002136887,true,0
"audiology",6,5,horn,Greedy,InformationGain,0,0,0,0,0,0,0,0,0,0.002305579,true,0
"audiology",6,5,antihorn,Greedy,InformationGain,0,0,0,0,0,0,0,0,0,0.002306989,true,0
"audiology",6,5,square2cnf,Greedy,InformationGain,0,0,0,0,0,0,0,0,0,0.00706953,true,0
"audiology",6,5,affine,Greedy,InformationGain,0,0,0,0,0,0,0,0,0,0.004408166,true,0
"audiology",6,5,smart_certified,Greedy,InformationGain,0,0,0,0,0,0,0,0,0,0.008706802,true,0
"audiology",6,5,cals,SparseLookahead,SparseCertified,4988,401,0,18,0,10,0,22,593,4.168524871,true,0
"audiology",6,5,cals_compact_explain,SelectiveLookahead,SparseCertified,2196,0,0,4,11,0,9,19,160,1.1423269729999999,true,0
"audiology",6,7,unary,Greedy,InformationGain,0,0,0,0,0,0,0,0,0,0.002184307,true,0
"audiology",6,7,horn,Greedy,InformationGain,0,0,0,0,0,0,0,0,0,0.002357146,true,0
"audiology",6,7,antihorn,Greedy,InformationGain,0,0,0,0,0,0,0,0,0,0.002389002,true,0
"audiology",6,7,square2cnf,Greedy,InformationGain,0,0,0,0,0,0,0,0,0,0.006954838,true,0
"audiology",6,7,affine,Greedy,InformationGain,0,0,0,0,0,0,0,0,0,0.004382542,true,0
"audiology",6,7,smart_certified,Greedy,InformationGain,0,0,0,0,0,0,0,0,0,0.008608103,true,0
"audiology",6,7,cals,SparseLookahead,SparseCertified,4988,401,0,18,0,10,0,22,593,4.1559556849999995,true,0
"audiology",6,7,cals_compact_explain,SelectiveLookahead,SparseCertified,2196,0,0,4,11,0,9,19,160,1.14250441,true,0
"audiology",7,5,unary,Greedy,InformationGain,0,0,0,0,0,0,0,0,0,0.002337785,true,0
"audiology",7,5,horn,Greedy,InformationGain,0,0,0,0,0,0,0,0,0,0.00211707,true,0
"audiology",7,5,antihorn,Greedy,InformationGain,0,0,0,0,0,0,0,0,0,0.002319841,true,0
"audiology",7,5,square2cnf,Greedy,InformationGain,0,0,0,0,0,0,0,0,0,0.010254909,true,0
"audiology",7,5,affine,Greedy,InformationGain,0,0,0,0,0,0,0,0,0,0.005579843,true,0
"audiology",7,5,smart_certified,Greedy,InformationGain,0,0,0,0,0,0,0,0,0,0.007113631,true,0
"audiology",7,5,cals,SparseLookahead,SparseCertified,2942,420,0,18,0,11,0,22,596,0.732894971,true,0
"audiology",7,5,cals_compact_explain,SelectiveLookahead,SparseCertified,2158,0,0,4,7,0,10,15,80,0.298489681,true,0
"audiology",7,7,unary,Greedy,InformationGain,0,0,0,0,0,0,0,0,0,0.002085292,true,0
"audiology",7,7,horn,Greedy,InformationGain,0,0,0,0,0,0,0,0,0,0.00217539,true,0
"audiology",7,7,antihorn,Greedy,InformationGain,0,0,0,0,0,0,0,0,0,0.002241047,true,0
"audiology",7,7,square2cnf,Greedy,InformationGain,0,0,0,0,0,0,0,0,0,0.010030934,true,0
"audiology",7,7,affine,Greedy,InformationGain,0,0,0,0,0,0,0,0,0,0.005770626,true,0
"audiology",7,7,smart_certified,Greedy,InformationGain,0,0,0,0,0,0,0,0,0,0.006507594,true,0
"audiology",7,7,cals,SparseLookahead,SparseCertified,2942,420,0,18,0,11,0,22,596,0.735648666,true,0
"audiology",7,7,cals_compact_explain,SelectiveLookahead,SparseCertified,2158,0,0,4,7,0,10,15,80,0.307538664,true,0
"audiology",8,5,unary,Greedy,InformationGain,0,0,0,0,0,0,0,0,0,0.001848658,true,0
"audiology",8,5,horn,Greedy,InformationGain,0,0,0,0,0,0,0,0,0,0.002034771,true,0
"audiology",8,5,antihorn,Greedy,InformationGain,0,0,0,0,0,0,0,0,0,0.002257725,true,0
"audiology",8,5,square2cnf,Greedy,InformationGain,0,0,0,0,0,0,0,0,0,0.008080342,true,0
"audiology",8,5,affine,Greedy,InformationGain,0,0,0,0,0,0,0,0,0,0.005952367,true,0
"audiology",8,5,smart_certified,Greedy,InformationGain,0,0,0,0,0,0,0,0,0,0.007047856,true,0
"audiology",8,5,cals,SparseLookahead,SparseCertified,4442,656,0,18,0,16,0,22,752,0.48348194,true,0
"audiology",8,5,cals_compact_explain,SelectiveLookahead,SparseCertified,1625,0,0,6,1,0,6,11,80,0.034171551,true,0
"audiology",8,7,unary,Greedy,InformationGain,0,0,0,0,0,0,0,0,0,0.002018091,true,0
"audiology",8,7,horn,Greedy,InformationGain,0,0,0,0,0,0,0,0,0,0.002153944,true,0
"audiology",8,7,antihorn,Greedy,InformationGain,0,0,0,0,0,0,0,0,0,0.002155762,true,0
"audiology",8,7,square2cnf,Greedy,InformationGain,0,0,0,0,0,0,0,0,0,0.008123373,true,0
"audiology",8,7,affine,Greedy,InformationGain,0,0,0,0,0,0,0,0,0,0.005679929,true,0
"audiology",8,7,smart_certified,Greedy,InformationGain,0,0,0,0,0,0,0,0,0,0.006729276,true,0
"audiology",8,7,cals,SparseLookahead,SparseCertified,4442,656,0,18,0,16,0,22,752,0.48182944,true,0
"audiology",8,7,cals_compact_explain,SelectiveLookahead,SparseCertified,1625,0,0,6,1,0,6,11,80,0.033393281,true,0
"audiology",9,5,unary,Greedy,InformationGain,0,0,0,0,0,0,0,0,0,0.002044504,true,0
"audiology",9,5,horn,Greedy,InformationGain,0,0,0,0,0,0,0,0,0,0.002364252,true,0
"audiology",9,5,antihorn,Greedy,InformationGain,0,0,0,0,0,0,0,0,0,0.002332205,true,0
"audiology",9,5,square2cnf,Greedy,InformationGain,0,0,0,0,0,0,0,0,0,0.008929492,true,0
"audiology",9,5,affine,Greedy,InformationGain,0,0,0,0,0,0,0,0,0,0.004988933,true,0
"audiology",9,5,smart_certified,Greedy,InformationGain,0,0,0,0,0,0,0,0,0,0.009709198,true,0
"audiology",9,5,cals,SparseLookahead,SparseCertified,2808,383,0,19,0,11,0,24,591,1.154777927,true,0
"audiology",9,5,cals_compact_explain,SelectiveLookahead,SparseCertified,1274,0,0,4,10,0,7,19,192,0.031581134,true,0
"audiology",9,7,unary,Greedy,InformationGain,0,0,0,0,0,0,0,0,0,0.002132449,true,0
"audiology",9,7,horn,Greedy,InformationGain,0,0,0,0,0,0,0,0,0,0.002403655,true,0
"audiology",9,7,antihorn,Greedy,InformationGain,0,0,0,0,0,0,0,0,0,0.002391773,true,0
"audiology",9,7,square2cnf,Greedy,InformationGain,0,0,0,0,0,0,0,0,0,0.009258965,true,0
"audiology",9,7,affine,Greedy,InformationGain,0,0,0,0,0,0,0,0,0,0.004983404,true,0
"audiology",9,7,smart_certified,Greedy,InformationGain,0,0,0,0,0,0,0,0,0,0.009209952,true,0
"audiology",9,7,cals,SparseLookahead,SparseCertified,2808,383,0,19,0,11,0,24,591,1.176360088,true,0
"audiology",9,7,cals_compact_explain,SelectiveLookahead,SparseCertified,1274,0,0,4,10,0,7,19,192,0.032293858,true,0
"australian-credit",0,5,unary,Greedy,InformationGain,0,0,0,0,0,0,0,0,0,0.006428514,true,0
"australian-credit",0,5,horn,Greedy,InformationGain,0,0,0,0,0,0,0,0,0,0.007542336,true,0
"australian-credit",0,5,antihorn,Greedy,InformationGain,0,0,0,0,0,0,0,0,0,0.007019599,true,0
"australian-credit",0,5,square2cnf,Greedy,InformationGain,0,0,0,0,0,0,0,0,0,0.027713761,true,0
"australian-credit",0,5,affine,Greedy,InformationGain,0,0,0,0,0,0,0,0,0,0.021744785,true,0
"australian-credit",0,5,smart_certified,Greedy,InformationGain,0,0,0,0,0,0,0,0,0,0.06363027,true,0
"australian-credit",0,5,cals,SparseLookahead,SparseCertified,5065,1090,0,34,0,28,0,54,1506,3.234432935,true,0
"australian-credit",0,5,cals_compact_explain,SelectiveLookahead,SparseCertified,4169,0,0,25,14,0,31,60,464,1.95649058,true,0
"australian-credit",0,7,unary,Greedy,InformationGain,0,0,0,0,0,0,0,0,0,0.010114268,true,0
"australian-credit",0,7,horn,Greedy,InformationGain,0,0,0,0,0,0,0,0,0,0.011989426,true,0
"australian-credit",0,7,antihorn,Greedy,InformationGain,0,0,0,0,0,0,0,0,0,0.011899748,true,0
"australian-credit",0,7,square2cnf,Greedy,InformationGain,0,0,0,0,0,0,0,0,0,0.057981653,true,0
"australian-credit",0,7,affine,Greedy,InformationGain,0,0,0,0,0,0,0,0,0,0.042286114,true,0
"australian-credit",0,7,smart_certified,Greedy,InformationGain,0,0,0,0,0,0,0,0,0,0.113017218,true,0
"australian-credit",0,7,cals,SparseLookahead,SparseCertified,5830,1375,0,44,0,38,0,74,1951,3.698345175,true,0
"australian-credit",0,7,cals_compact_explain,SelectiveLookahead,SparseCertified,4744,0,0,40,11,0,39,81,672,2.336327261,true,0
"australian-credit",1,5,unary,Greedy,InformationGain,0,0,0,0,0,0,0,0,0,0.006440774,true,0
"australian-credit",1,5,horn,Greedy,InformationGain,0,0,0,0,0,0,0,0,0,0.008595704,true,0
"australian-credit",1,5,antihorn,Greedy,InformationGain,0,0,0,0,0,0,0,0,0,0.009023139,true,0
"australian-credit",1,5,square2cnf,Greedy,InformationGain,0,0,0,0,0,0,0,0,0,0.035999528,true,0
"australian-credit",1,5,affine,Greedy,InformationGain,0,0,0,0,0,0,0,0,0,0.020787382,true,0
"australian-credit",1,5,smart_certified,Greedy,InformationGain,0,0,0,0,0,0,0,0,0,0.069737485,true,0
"australian-credit",1,5,cals,SparseLookahead,SparseCertified,5608,1115,0,33,0,27,0,52,1515,2.949701386,true,0
"australian-credit",1,5,cals_compact_explain,SelectiveLookahead,SparseCertified,4363,0,0,23,17,0,23,59,576,0.906402299,true,0
"australian-credit",1,7,unary,Greedy,InformationGain,0,0,0,0,0,0,0,0,0,0.0111961,true,0
"australian-credit",1,7,horn,Greedy,InformationGain,0,0,0,0,0,0,0,0,0,0.013045338,true,0
"australian-credit",1,7,antihorn,Greedy,InformationGain,0,0,0,0,0,0,0,0,0,0.013791561,true,0
"australian-credit",1,7,square2cnf,Greedy,InformationGain,0,0,0,0,0,0,0,0,0,0.064858464,true,0
"australian-credit",1,7,affine,Greedy,InformationGain,0,0,0,0,0,0,0,0,0,0.037975027,true,0
"australian-credit",1,7,smart_certified,Greedy,InformationGain,0,0,0,0,0,0,0,0,0,0.111825972,true,0
"australian-credit",1,7,cals,SparseLookahead,SparseCertified,7215,1489,0,43,0,37,0,72,2049,3.703978874,true,0
"australian-credit",1,7,cals_compact_explain,SelectiveLookahead,SparseCertified,5653,0,0,31,17,0,31,75,704,1.06536634,true,0
"australian-credit",2,5,unary,Greedy,InformationGain,0,0,0,0,0,0,0,0,0,0.006118426,true,0
"australian-credit",2,5,horn,Greedy,InformationGain,0,0,0,0,0,0,0,0,0,0.008442633,true,0
"australian-credit",2,5,antihorn,Greedy,InformationGain,0,0,0,0,0,0,0,0,0,0.008530981,true,0
"australian-credit",2,5,square2cnf,Greedy,InformationGain,0,0,0,0,0,0,0,0,0,0.03548574,true,0
"australian-credit",2,5,affine,Greedy,InformationGain,0,0,0,0,0,0,0,0,0,0.022922017,true,0
"australian-credit",2,5,smart_certified,Greedy,InformationGain,0,0,0,0,0,0,0,0,0,0.075881105,true,0
"australian-credit",2,5,cals,SparseLookahead,SparseCertified,5920,1088,0,33,0,27,0,52,1488,3.213918988,true,0
"australian-credit",2,5,cals_compact_explain,SelectiveLookahead,SparseCertified,5369,0,0,29,15,0,30,62,512,1.7509817939999999,true,0
"australian-credit",2,7,unary,Greedy,InformationGain,0,0,0,0,0,0,0,0,0,0.010269149,true,0
"australian-credit",2,7,horn,Greedy,InformationGain,0,0,0,0,0,0,0,0,0,0.012358074,true,0
"australian-credit",2,7,antihorn,Greedy,InformationGain,0,0,0,0,0,0,0,0,0,0.012738326,true,0
"australian-credit",2,7,square2cnf,Greedy,InformationGain,0,0,0,0,0,0,0,0,0,0.062017485,true,0
"australian-credit",2,7,affine,Greedy,InformationGain,0,0,0,0,0,0,0,0,0,0.034829678,true,0
"australian-credit",2,7,smart_certified,Greedy,InformationGain,0,0,0,0,0,0,0,0,0,0.112164665,true,0
"australian-credit",2,7,cals,SparseLookahead,SparseCertified,6622,1269,0,42,0,36,0,70,1809,3.700875263,true,0
"australian-credit",2,7,cals_compact_explain,SelectiveLookahead,SparseCertified,5931,0,0,36,14,0,36,79,684,2.243733621,true,0
"australian-credit",3,5,unary,Greedy,InformationGain,0,0,0,0,0,0,0,0,0,0.006263947,true,0
"australian-credit",3,5,horn,Greedy,InformationGain,0,0,0,0,0,0,0,0,0,0.009663324,true,0
"australian-credit",3,5,antihorn,Greedy,InformationGain,0,0,0,0,0,0,0,0,0,0.009539051,true,0
"australian-credit",3,5,square2cnf,Greedy,InformationGain,0,0,0,0,0,0,0,0,0,0.041031726,true,0
"australian-credit",3,5,affine,Greedy,InformationGain,0,0,0,0,0,0,0,0,0,0.017434374,true,0
"australian-credit",3,5,smart_certified,Greedy,InformationGain,0,0,0,0,0,0,0,0,0,0.071044459,true,0
"australian-credit",3,5,cals,SparseLookahead,SparseCertified,5592,1010,0,33,0,26,0,52,1426,5.039164093,true,0
"australian-credit",3,5,cals_compact_explain,SelectiveLookahead,SparseCertified,3894,0,0,23,11,0,22,53,496,1.251711487,true,0
"australian-credit",3,7,unary,Greedy,InformationGain,0,0,0,0,0,0,0,0,0,0.010324732,true,0
"australian-credit",3,7,horn,Greedy,InformationGain,0,0,0,0,0,0,0,0,0,0.013832853,true,0
"australian-credit",3,7,antihorn,Greedy,InformationGain,0,0,0,0,0,0,0,0,0,0.013760165,true,0
"australian-credit",3,7,square2cnf,Greedy,InformationGain,0,0,0,0,0,0,0,0,0,0.072655273,true,0
"australian-credit",3,7,affine,Greedy,InformationGain,0,0,0,0,0,0,0,0,0,0.032632145,true,0
"australian-credit",3,7,smart_certified,Greedy,InformationGain,0,0,0,0,0,0,0,0,0,0.110783888,true,0
"australian-credit",3,7,cals,SparseLookahead,SparseCertified,7133,1347,0,44,0,37,0,74,1939,8.776411402,true,0
"australian-credit",3,7,cals_compact_explain,SelectiveLookahead,SparseCertified,4779,0,0,31,11,0,30,69,624,2.0007345570000004,true,0
"australian-credit",4,5,unary,Greedy,InformationGain,0,0,0,0,0,0,0,0,0,0.006454371,true,0
"australian-credit",4,5,horn,Greedy,InformationGain,0,0,0,0,0,0,0,0,0,0.008021329,true,0
"australian-credit",4,5,antihorn,Greedy,InformationGain,0,0,0,0,0,0,0,0,0,0.008250922,true,0
"australian-credit",4,5,square2cnf,Greedy,InformationGain,0,0,0,0,0,0,0,0,0,0.033161059,true,0
"australian-credit",4,5,affine,Greedy,InformationGain,0,0,0,0,0,0,0,0,0,0.020460779,true,0
"australian-credit",4,5,smart_certified,Greedy,InformationGain,0,0,0,0,0,0,0,0,0,0.074101594,true,0
"australian-credit",4,5,cals,SparseLookahead,SparseCertified,4994,1130,0,32,0,26,0,50,1514,6.56649507,true,0
"australian-credit",4,5,cals_compact_explain,SelectiveLookahead,SparseCertified,3313,0,0,24,10,0,24,53,464,0.345358888,true,0
"australian-credit",4,7,unary,Greedy,InformationGain,0,0,0,0,0,0,0,0,0,0.011329093,true,0
"australian-credit",4,7,horn,Greedy,InformationGain,0,0,0,0,0,0,0,0,0,0.012248073,true,0
"australian-credit",4,7,antihorn,Greedy,InformationGain,0,0,0,0,0,0,0,0,0,0.011946896,true,0
"australian-credit",4,7,square2cnf,Greedy,InformationGain,0,0,0,0,0,0,0,0,0,0.05087414,true,0
"australian-credit",4,7,affine,Greedy,InformationGain,0,0,0,0,0,0,0,0,0,0.036096079,true,0
"australian-credit",4,7,smart_certified,Greedy,InformationGain,0,0,0,0,0,0,0,0,0,0.118070198,true,0
"australian-credit",4,7,cals,SparseLookahead,SparseCertified,6016,1426,0,44,0,38,0,74,2002,9.659619281,true,0
"australian-credit",4,7,cals_compact_explain,SelectiveLookahead,SparseCertified,4227,0,0,35,10,0,35,75,640,0.378032833,true,0
"australian-credit",5,5,unary,Greedy,InformationGain,0,0,0,0,0,0,0,0,0,0.007828096,true,0
"australian-credit",5,5,horn,Greedy,InformationGain,0,0,0,0,0,0,0,0,0,0.009394795,true,0
"australian-credit",5,5,antihorn,Greedy,InformationGain,0,0,0,0,0,0,0,0,0,0.009935626,true,0
"australian-credit",5,5,square2cnf,Greedy,InformationGain,0,0,0,0,0,0,0,0,0,0.041069978,true,0
"australian-credit",5,5,affine,Greedy,InformationGain,0,0,0,0,0,0,0,0,0,0.021908615,true,0
"australian-credit",5,5,smart_certified,Greedy,InformationGain,0,0,0,0,0,0,0,0,0,0.091109548,true,0
"australian-credit",5,5,cals,SparseLookahead,SparseCertified,6280,940,0,30,0,23,0,46,1308,6.183575902,true,0
"australian-credit",5,5,cals_compact_explain,SelectiveLookahead,SparseCertified,5321,0,0,20,13,0,23,48,400,2.148245292,true,0
"australian-credit",5,7,unary,Greedy,InformationGain,0,0,0,0,0,0,0,0,0,0.011090202,true,0
"australian-credit",5,7,horn,Greedy,InformationGain,0,0,0,0,0,0,0,0,0,0.013294987,true,0
"australian-credit",5,7,antihorn,Greedy,InformationGain,0,0,0,0,0,0,0,0,0,0.013764225,true,0
"australian-credit",5,7,square2cnf,Greedy,InformationGain,0,0,0,0,0,0,0,0,0,0.06893022,true,0
"australian-credit",5,7,affine,Greedy,InformationGain,0,0,0,0,0,0,0,0,0,0.041814877,true,0
"australian-credit",5,7,smart_certified,Greedy,InformationGain,0,0,0,0,0,0,0,0,0,0.124389984,true,0
"australian-credit",5,7,cals,SparseLookahead,SparseCertified,7202,1225,0,41,0,34,0,68,1769,7.7933545330000005,true,0
"australian-credit",5,7,cals_compact_explain,SelectiveLookahead,SparseCertified,6155,0,0,29,13,0,32,66,544,2.552965628,true,0
"australian-credit",6,5,unary,Greedy,InformationGain,0,0,0,0,0,0,0,0,0,0.007156416,true,0
"australian-credit",6,5,horn,Greedy,InformationGain,0,0,0,0,0,0,0,0,0,0.009279287,true,0
"australian-credit",6,5,antihorn,Greedy,InformationGain,0,0,0,0,0,0,0,0,0,0.009559813,true,0
"australian-credit",6,5,square2cnf,Greedy,InformationGain,0,0,0,0,0,0,0,0,0,0.042365848,true,0
"australian-credit",6,5,affine,Greedy,InformationGain,0,0,0,0,0,0,0,0,0,0.021513171,true,0
"australian-credit",6,5,smart_certified,Greedy,InformationGain,0,0,0,0,0,0,0,0,0,0.078402421,true,0
"australian-credit",6,5,cals,SparseLookahead,SparseCertified,4529,1092,0,35,0,29,0,56,1524,2.111092475,true,0
"australian-credit",6,5,cals_compact_explain,SelectiveLookahead,SparseCertified,3814,0,0,24,12,0,29,57,448,0.360881208,true,0
"australian-credit",6,7,unary,Greedy,InformationGain,0,0,0,0,0,0,0,0,0,0.011811865,true,0
"australian-credit",6,7,horn,Greedy,InformationGain,0,0,0,0,0,0,0,0,0,0.013014626,true,0
"australian-credit",6,7,antihorn,Greedy,InformationGain,0,0,0,0,0,0,0,0,0,0.01320347,true,0
"australian-credit",6,7,square2cnf,Greedy,InformationGain,0,0,0,0,0,0,0,0,0,0.070327956,true,0
"australian-credit",6,7,affine,Greedy,InformationGain,0,0,0,0,0,0,0,0,0,0.036123608,true,0
"australian-credit",6,7,smart_certified,Greedy,InformationGain,0,0,0,0,0,0,0,0,0,0.111294204,true,0
"australian-credit",6,7,cals,SparseLookahead,SparseCertified,5138,1226,0,44,0,38,0,74,1802,2.2075750289999996,true,0
"australian-credit",6,7,cals_compact_explain,SelectiveLookahead,SparseCertified,4416,0,0,33,12,0,38,75,592,0.390953166,true,0
"australian-credit",7,5,unary,Greedy,InformationGain,0,0,0,0,0,0,0,0,0,0.007468416,true,0
"australian-credit",7,5,horn,Greedy,InformationGain,0,0,0,0,0,0,0,0,0,0.009903819,true,0
"australian-credit",7,5,antihorn,Greedy,InformationGain,0,0,0,0,0,0,0,0,0,0.010074545,true,0
"australian-credit",7,5,square2cnf,Greedy,InformationGain,0,0,0,0,0,0,0,0,0,0.041574343,true,0
"australian-credit",7,5,affine,Greedy,InformationGain,0,0,0,0,0,0,0,0,0,0.02390383,true,0
"australian-credit",7,5,smart_certified,Greedy,InformationGain,0,0,0,0,0,0,0,0,0,0.070928601,true,0
"australian-credit",7,5,cals,SparseLookahead,SparseCertified,4427,964,0,31,0,24,0,48,1348,5.426765032,true,0
"australian-credit",7,5,cals_compact_explain,SelectiveLookahead,SparseCertified,3325,0,0,22,10,0,21,49,448,1.341996362,true,0
"australian-credit",7,7,unary,Greedy,InformationGain,0,0,0,0,0,0,0,0,0,0.01081991,true,0
"australian-credit",7,7,horn,Greedy,InformationGain,0,0,0,0,0,0,0,0,0,0.014808784,true,0
"australian-credit",7,7,antihorn,Greedy,InformationGain,0,0,0,0,0,0,0,0,0,0.015095885,true,0
"australian-credit",7,7,square2cnf,Greedy,InformationGain,0,0,0,0,0,0,0,0,0,0.066398555,true,0
"australian-credit",7,7,affine,Greedy,InformationGain,0,0,0,0,0,0,0,0,0,0.035642256,true,0
"australian-credit",7,7,smart_certified,Greedy,InformationGain,0,0,0,0,0,0,0,0,0,0.109286584,true,0
"australian-credit",7,7,cals,SparseLookahead,SparseCertified,5321,1289,0,42,0,35,0,70,1849,6.276874471999999,true,0
"australian-credit",7,7,cals_compact_explain,SelectiveLookahead,SparseCertified,4196,0,0,37,10,0,33,76,688,1.741657804,true,0
"australian-credit",8,5,unary,Greedy,InformationGain,0,0,0,0,0,0,0,0,0,0.006855213,true,0
"australian-credit",8,5,horn,Greedy,InformationGain,0,0,0,0,0,0,0,0,0,0.009968772,true,0
"australian-credit",8,5,antihorn,Greedy,InformationGain,0,0,0,0,0,0,0,0,0,0.010090199,true,0
"australian-credit",8,5,square2cnf,Greedy,InformationGain,0,0,0,0,0,0,0,0,0,0.0396659,true,0
"australian-credit",8,5,affine,Greedy,InformationGain,0,0,0,0,0,0,0,0,0,0.022423405,true,0
"australian-credit",8,5,smart_certified,Greedy,InformationGain,0,0,0,0,0,0,0,0,0,0.066690278,true,0
"australian-credit",8,5,cals,SparseLookahead,SparseCertified,6942,978,0,33,0,24,0,52,1426,7.070363050999999,true,0
"australian-credit",8,5,cals_compact_explain,SelectiveLookahead,SparseCertified,5103,0,0,22,15,0,27,56,464,2.823793558,true,0
"australian-credit",8,7,unary,Greedy,InformationGain,0,0,0,0,0,0,0,0,0,0.011018935,true,0
"australian-credit",8,7,horn,Greedy,InformationGain,0,0,0,0,0,0,0,0,0,0.014271581,true,0
"australian-credit",8,7,antihorn,Greedy,InformationGain,0,0,0,0,0,0,0,0,0,0.014988585,true,0
"australian-credit",8,7,square2cnf,Greedy,InformationGain,0,0,0,0,0,0,0,0,0,0.066982881,true,0
"australian-credit",8,7,affine,Greedy,InformationGain,0,0,0,0,0,0,0,0,0,0.037691731,true,0
"australian-credit",8,7,smart_certified,Greedy,InformationGain,0,0,0,0,0,0,0,0,0,0.116221319,true,0
"australian-credit",8,7,cals,SparseLookahead,SparseCertified,8237,1349,0,44,0,35,0,74,1973,9.551980533,true,0
"australian-credit",8,7,cals_compact_explain,SelectiveLookahead,SparseCertified,5809,0,0,29,15,0,34,70,576,3.741276439,true,0
"australian-credit",9,5,unary,Greedy,InformationGain,0,0,0,0,0,0,0,0,0,0.007014673,true,0
"australian-credit",9,5,horn,Greedy,InformationGain,0,0,0,0,0,0,0,0,0,0.010433988,true,0
"australian-credit",9,5,antihorn,Greedy,InformationGain,0,0,0,0,0,0,0,0,0,0.008775569,true,0
"australian-credit",9,5,square2cnf,Greedy,InformationGain,0,0,0,0,0,0,0,0,0,0.037575234,true,0
"australian-credit",9,5,affine,Greedy,InformationGain,0,0,0,0,0,0,0,0,0,0.015499857,true,0
"australian-credit",9,5,smart_certified,Greedy,InformationGain,0,0,0,0,0,0,0,0,0,0.080642777,true,0
"australian-credit",9,5,cals,SparseLookahead,SparseCertified,5622,917,0,31,0,24,0,48,1301,3.1405070889999998,true,0
"australian-credit",9,5,cals_compact_explain,SelectiveLookahead,SparseCertified,4176,0,0,21,16,0,22,53,496,1.089658844,true,0
"australian-credit",9,7,unary,Greedy,InformationGain,0,0,0,0,0,0,0,0,0,0.012160055,true,0
"australian-credit",9,7,horn,Greedy,InformationGain,0,0,0,0,0,0,0,0,0,0.014417228,true,0
"australian-credit",9,7,antihorn,Greedy,InformationGain,0,0,0,0,0,0,0,0,0,0.014510384,true,0
"australian-credit",9,7,square2cnf,Greedy,InformationGain,0,0,0,0,0,0,0,0,0,0.07001657,true,0
"australian-credit",9,7,affine,Greedy,InformationGain,0,0,0,0,0,0,0,0,0,0.03365532,true,0
"australian-credit",9,7,smart_certified,Greedy,InformationGain,0,0,0,0,0,0,0,0,0,0.116020071,true,0
"australian-credit",9,7,cals,SparseLookahead,SparseCertified,6659,1241,0,42,0,35,0,70,1801,3.350729315,true,0
"australian-credit",9,7,cals_compact_explain,SelectiveLookahead,SparseCertified,5415,0,0,33,16,0,34,77,688,1.219157869,true,0
"balance-scale-bin",0,5,unary,Greedy,InformationGain,0,0,0,0,0,0,0,0,0,0.000860062,true,0
"balance-scale-bin",0,5,horn,Greedy,InformationGain,0,0,0,0,0,0,0,0,0,0.001963218,true,0
"balance-scale-bin",0,5,antihorn,Greedy,InformationGain,0,0,0,0,0,0,0,0,0,0.00147766,true,0
"balance-scale-bin",0,5,square2cnf,Greedy,InformationGain,0,0,0,0,0,0,0,0,0,0.030684126,true,0
"balance-scale-bin",0,5,affine,Greedy,InformationGain,0,0,0,0,0,0,0,0,0,0.020223543,true,0
"balance-scale-bin",0,5,smart_certified,Greedy,InformationGain,0,0,0,0,0,0,0,0,0,0.055819662,true,0
"balance-scale-bin",0,5,cals,SparseLookahead,SparseCertified,15688,721,0,25,0,24,0,36,913,0.252231188,true,0
"balance-scale-bin",0,5,cals_compact_explain,SelectiveLookahead,SparseCertified,5342,0,0,29,9,0,40,49,144,0.052357505000000006,true,0
"balance-scale-bin",0,7,unary,Greedy,InformationGain,0,0,0,0,0,0,0,0,0,0.001244238,true,0
"balance-scale-bin",0,7,horn,Greedy,InformationGain,0,0,0,0,0,0,0,0,0,0.003552564,true,0
"balance-scale-bin",0,7,antihorn,Greedy,InformationGain,0,0,0,0,0,0,0,0,0,0.002305833,true,0
"balance-scale-bin",0,7,square2cnf,Greedy,InformationGain,0,0,0,0,0,0,0,0,0,0.057559274,true,0
"balance-scale-bin",0,7,affine,Greedy,InformationGain,0,0,0,0,0,0,0,0,0,0.021505737,true,0
"balance-scale-bin",0,7,smart_certified,Greedy,InformationGain,0,0,0,0,0,0,0,0,0,0.074982297,true,0
"balance-scale-bin",0,7,cals,SparseLookahead,SparseCertified,16133,902,0,35,0,34,0,56,1243,0.285061242,true,0
"balance-scale-bin",0,7,cals_compact_explain,SelectiveLookahead,SparseCertified,5122,0,0,27,11,0,37,58,325,0.050715513,true,0
"balance-scale-bin",1,5,unary,Greedy,InformationGain,0,0,0,0,0,0,0,0,0,0.00096493,true,0
"balance-scale-bin",1,5,horn,Greedy,InformationGain,0,0,0,0,0,0,0,0,0,0.002877002,true,0
"balance-scale-bin",1,5,antihorn,Greedy,InformationGain,0,0,0,0,0,0,0,0,0,0.00215952,true,0
"balance-scale-bin",1,5,square2cnf,Greedy,InformationGain,0,0,0,0,0,0,0,0,0,0.049979146,true,0
"balance-scale-bin",1,5,affine,Greedy,InformationGain,0,0,0,0,0,0,0,0,0,0.012509396,true,0
"balance-scale-bin",1,5,smart_certified,Greedy,InformationGain,0,0,0,0,0,0,0,0,0,0.059329849,true,0
"balance-scale-bin",1,5,cals,SparseLookahead,SparseCertified,48213,704,0,28,0,24,0,42,992,12.952557371,true,0
"balance-scale-bin",1,5,cals_compact_explain,SelectiveLookahead,SparseCertified,9038,0,0,20,12,0,27,46,304,0.253982211,true,0
"balance-scale-bin",1,7,unary,Greedy,InformationGain,0,0,0,0,0,0,0,0,0,0.001477705,true,0
"balance-scale-bin",1,7,horn,Greedy,InformationGain,0,0,0,0,0,0,0,0,0,0.003984512,true,0
"balance-scale-bin",1,7,antihorn,Greedy,InformationGain,0,0,0,0,0,0,0,0,0,0.003151883,true,0
"balance-scale-bin",1,7,square2cnf,Greedy,InformationGain,0,0,0,0,0,0,0,0,0,0.069029867,true,0
"balance-scale-bin",1,7,affine,Greedy,InformationGain,0,0,0,0,0,0,0,0,0,0.020426462,true,0
"balance-scale-bin",1,7,smart_certified,Greedy,InformationGain,0,0,0,0,0,0,0,0,0,0.074815175,true,0
"balance-scale-bin",1,7,cals,SparseLookahead,SparseCertified,54283,909,0,41,0,37,0,68,1382,17.833613591,true,0
"balance-scale-bin",1,7,cals_compact_explain,SelectiveLookahead,SparseCertified,9434,0,0,33,12,0,40,72,472,0.25912971500000004,true,0
"balance-scale-bin",2,5,unary,Greedy,InformationGain,0,0,0,0,0,0,0,0,0,0.000828097,true,0
"balance-scale-bin",2,5,horn,Greedy,InformationGain,0,0,0,0,0,0,0,0,0,0.002275268,true,0
"balance-scale-bin",2,5,antihorn,Greedy,InformationGain,0,0,0,0,0,0,0,0,0,0.001385619,true,0
"balance-scale-bin",2,5,square2cnf,Greedy,InformationGain,0,0,0,0,0,0,0,0,0,0.032287018,true,0
"balance-scale-bin",2,5,affine,Greedy,InformationGain,0,0,0,0,0,0,0,0,0,0.013586217,true,0
"balance-scale-bin",2,5,smart_certified,Greedy,InformationGain,0,0,0,0,0,0,0,0,0,0.050518699,true,0
"balance-scale-bin",2,5,cals,SparseLookahead,SparseCertified,30852,644,0,28,0,21,0,42,980,1.583136162,true,0
"balance-scale-bin",2,5,cals_compact_explain,SelectiveLookahead,SparseCertified,13882,0,0,17,15,0,21,46,400,0.141550908,true,0
"balance-scale-bin",2,7,unary,Greedy,InformationGain,0,0,0,0,0,0,0,0,0,0.00124363,true,0
"balance-scale-bin",2,7,horn,Greedy,InformationGain,0,0,0,0,0,0,0,0,0,0.002790036,true,0
"balance-scale-bin",2,7,antihorn,Greedy,InformationGain,0,0,0,0,0,0,0,0,0,0.002329592,true,0
"balance-scale-bin",2,7,square2cnf,Greedy,InformationGain,0,0,0,0,0,0,0,0,0,0.046513291,true,0
"balance-scale-bin",2,7,affine,Greedy,InformationGain,0,0,0,0,0,0,0,0,0,0.019052927,true,0
"balance-scale-bin",2,7,smart_certified,Greedy,InformationGain,0,0,0,0,0,0,0,0,0,0.07919699,true,0
"balance-scale-bin",2,7,cals,SparseLookahead,SparseCertified,32175,830,0,34,0,27,0,54,1262,1.5946321900000002,true,0
"balance-scale-bin",2,7,cals_compact_explain,SelectiveLookahead,SparseCertified,15205,0,0,23,15,0,27,58,496,0.158833495,true,0
"balance-scale-bin",3,5,unary,Greedy,InformationGain,0,0,0,0,0,0,0,0,0,0.000877206,true,0
"balance-scale-bin",3,5,horn,Greedy,InformationGain,0,0,0,0,0,0,0,0,0,0.001184365,true,0
"balance-scale-bin",3,5,antihorn,Greedy,InformationGain,0,0,0,0,0,0,0,0,0,0.001184283,true,0
"balance-scale-bin",3,5,square2cnf,Greedy,InformationGain,0,0,0,0,0,0,0,0,0,0.017422148,true,0
"balance-scale-bin",3,5,affine,Greedy,InformationGain,0,0,0,0,0,0,0,0,0,0.015308875,true,0
"balance-scale-bin",3,5,smart_certified,Greedy,InformationGain,0,0,0,0,0,0,0,0,0,0.059865327,true,0
"balance-scale-bin",3,5,cals,SparseLookahead,SparseCertified,53751,654,0,24,0,21,0,34,862,11.626393844999999,true,0
"balance-scale-bin",3,5,cals_compact_explain,SelectiveLookahead,SparseCertified,25381,0,0,20,13,0,23,48,400,3.583574329,true,0
"balance-scale-bin",3,7,unary,Greedy,InformationGain,0,0,0,0,0,0,0,0,0,0.001231835,true,0
"balance-scale-bin",3,7,horn,Greedy,InformationGain,0,0,0,0,0,0,0,0,0,0.002545054,true,0
"balance-scale-bin",3,7,antihorn,Greedy,InformationGain,0,0,0,0,0,0,0,0,0,0.00151742,true,0
"balance-scale-bin",3,7,square2cnf,Greedy,InformationGain,0,0,0,0,0,0,0,0,0,0.033107338,true,0
"balance-scale-bin",3,7,affine,Greedy,InformationGain,0,0,0,0,0,0,0,0,0,0.020897562,true,0
"balance-scale-bin",3,7,smart_certified,Greedy,InformationGain,0,0,0,0,0,0,0,0,0,0.082369308,true,0
"balance-scale-bin",3,7,cals,SparseLookahead,SparseCertified,57593,841,0,31,0,28,0,48,1161,16.515740375,true,0
"balance-scale-bin",3,7,cals_compact_explain,SelectiveLookahead,SparseCertified,27851,0,0,34,13,0,37,76,609,5.355461295,true,0
"balance-scale-bin",4,5,unary,Greedy,InformationGain,0,0,0,0,0,0,0,0,0,0.000814831,true,0
"balance-scale-bin",4,5,horn,Greedy,InformationGain,0,0,0,0,0,0,0,0,0,0.001640422,true,0
"balance-scale-bin",4,5,antihorn,Greedy,InformationGain,0,0,0,0,0,0,0,0,0,0.001991063,true,0
"balance-scale-bin",4,5,square2cnf,Greedy,InformationGain,0,0,0,0,0,0,0,0,0,0.029995806,true,0
"balance-scale-bin",4,5,affine,Greedy,InformationGain,0,0,0,0,0,0,0,0,0,0.016154996,true,0
"balance-scale-bin",4,5,smart_certified,Greedy,InformationGain,0,0,0,0,0,0,0,0,0,0.040535315,true,0
"balance-scale-bin",4,5,cals,SparseLookahead,SparseCertified,14706,734,0,27,0,25,0,40,974,0.310630077,true,0
"balance-scale-bin",4,5,cals_compact_explain,SelectiveLookahead,SparseCertified,5571,0,0,20,10,0,29,43,224,0.06862955200000001,true,0
"balance-scale-bin",4,7,unary,Greedy,InformationGain,0,0,0,0,0,0,0,0,0,0.001203872,true,0
"balance-scale-bin",4,7,horn,Greedy,InformationGain,0,0,0,0,0,0,0,0,0,0.002756891,true,0
"balance-scale-bin",4,7,antihorn,Greedy,InformationGain,0,0,0,0,0,0,0,0,0,0.003157293,true,0
"balance-scale-bin",4,7,square2cnf,Greedy,InformationGain,0,0,0,0,0,0,0,0,0,0.053419799,true,0
"balance-scale-bin",4,7,affine,Greedy,InformationGain,0,0,0,0,0,0,0,0,0,0.021170269,true,0
"balance-scale-bin",4,7,smart_certified,Greedy,InformationGain,0,0,0,0,0,0,0,0,0,0.065709428,true,0
"balance-scale-bin",4,7,cals,SparseLookahead,SparseCertified,14998,850,0,33,0,31,0,52,1161,0.313499768,true,0
"balance-scale-bin",4,7,cals_compact_explain,SelectiveLookahead,SparseCertified,5838,0,0,28,12,0,36,59,343,0.070985296,true,0
"balance-scale-bin",5,5,unary,Greedy,InformationGain,0,0,0,0,0,0,0,0,0,0.000810157,true,0
"balance-scale-bin",5,5,horn,Greedy,InformationGain,0,0,0,0,0,0,0,0,0,0.001601964,true,0
"balance-scale-bin",5,5,antihorn,Greedy,InformationGain,0,0,0,0,0,0,0,0,0,0.001769645,true,0
"balance-scale-bin",5,5,square2cnf,Greedy,InformationGain,0,0,0,0,0,0,0,0,0,0.026203987,true,0
"balance-scale-bin",5,5,affine,Greedy,InformationGain,0,0,0,0,0,0,0,0,0,0.014672497,true,0
"balance-scale-bin",5,5,smart_certified,Greedy,InformationGain,0,0,0,0,0,0,0,0,0,0.041104226,true,0
"balance-scale-bin",5,5,cals,SparseLookahead,SparseCertified,36268,714,0,26,0,23,0,38,954,11.812845289,true,0
"balance-scale-bin",5,5,cals_compact_explain,SelectiveLookahead,SparseCertified,19047,0,0,17,15,0,21,46,400,0.305309232,true,0
"balance-scale-bin",5,7,unary,Greedy,InformationGain,0,0,0,0,0,0,0,0,0,0.001305077,true,0
"balance-scale-bin",5,7,horn,Greedy,InformationGain,0,0,0,0,0,0,0,0,0,0.00265443,true,0
"balance-scale-bin",5,7,antihorn,Greedy,InformationGain,0,0,0,0,0,0,0,0,0,0.003287317,true,0
"balance-scale-bin",5,7,square2cnf,Greedy,InformationGain,0,0,0,0,0,0,0,0,0,0.045700752,true,0
"balance-scale-bin",5,7,affine,Greedy,InformationGain,0,0,0,0,0,0,0,0,0,0.021978234,true,0
"balance-scale-bin",5,7,smart_certified,Greedy,InformationGain,0,0,0,0,0,0,0,0,0,0.071820526,true,0
"balance-scale-bin",5,7,cals,SparseLookahead,SparseCertified,38712,883,0,34,0,31,0,54,1251,14.994503037,true,0
"balance-scale-bin",5,7,cals_compact_explain,SelectiveLookahead,SparseCertified,20896,0,0,26,15,0,30,64,521,0.330361554,true,0
"balance-scale-bin",6,5,unary,Greedy,InformationGain,0,0,0,0,0,0,0,0,0,0.000830454,true,0
"balance-scale-bin",6,5,horn,Greedy,InformationGain,0,0,0,0,0,0,0,0,0,0.003095677,true,0
"balance-scale-bin",6,5,antihorn,Greedy,InformationGain,0,0,0,0,0,0,0,0,0,0.002017491,true,0
"balance-scale-bin",6,5,square2cnf,Greedy,InformationGain,0,0,0,0,0,0,0,0,0,0.042727081,true,0
"balance-scale-bin",6,5,affine,Greedy,InformationGain,0,0,0,0,0,0,0,0,0,0.013523147,true,0
"balance-scale-bin",6,5,smart_certified,Greedy,InformationGain,0,0,0,0,0,0,0,0,0,0.063593488,true,0
"balance-scale-bin",6,5,cals,SparseLookahead,SparseCertified,47567,630,0,23,0,20,0,32,822,10.175332297,true,0
"balance-scale-bin",6,5,cals_compact_explain,SelectiveLookahead,SparseCertified,21499,0,0,12,10,0,18,32,212,2.4371680099999997,true,0
"balance-scale-bin",6,7,unary,Greedy,InformationGain,0,0,0,0,0,0,0,0,0,0.001457967,true,0
"balance-scale-bin",6,7,horn,Greedy,InformationGain,0,0,0,0,0,0,0,0,0,0.003072154,true,0
"balance-scale-bin",6,7,antihorn,Greedy,InformationGain,0,0,0,0,0,0,0,0,0,0.003061328,true,0
"balance-scale-bin",6,7,square2cnf,Greedy,InformationGain,0,0,0,0,0,0,0,0,0,0.064826646,true,0
"balance-scale-bin",6,7,affine,Greedy,InformationGain,0,0,0,0,0,0,0,0,0,0.020297231,true,0
"balance-scale-bin",6,7,smart_certified,Greedy,InformationGain,0,0,0,0,0,0,0,0,0,0.060942822,true,0
"balance-scale-bin",6,7,cals,SparseLookahead,SparseCertified,55820,792,0,31,0,28,0,48,1104,14.695536663,true,0
"balance-scale-bin",6,7,cals_compact_explain,SelectiveLookahead,SparseCertified,24147,0,0,21,10,0,27,50,356,3.662416429,true,0
"balance-scale-bin",7,5,unary,Greedy,InformationGain,0,0,0,0,0,0,0,0,0,0.00092152,true,0
"balance-scale-bin",7,5,horn,Greedy,InformationGain,0,0,0,0,0,0,0,0,0,0.001865421,true,0
"balance-scale-bin",7,5,antihorn,Greedy,InformationGain,0,0,0,0,0,0,0,0,0,0.001909358,true,0
"balance-scale-bin",7,5,square2cnf,Greedy,InformationGain,0,0,0,0,0,0,0,0,0,0.036865929,true,0
"balance-scale-bin",7,5,affine,Greedy,InformationGain,0,0,0,0,0,0,0,0,0,0.013111554,true,0
"balance-scale-bin",7,5,smart_certified,Greedy,InformationGain,0,0,0,0,0,0,0,0,0,0.050187505,true,0
"balance-scale-bin",7,5,cals,SparseLookahead,SparseCertified,50511,717,0,28,0,24,0,42,1005,13.945328264,true,0
"balance-scale-bin",7,5,cals_compact_explain,SelectiveLookahead,SparseCertified,24295,0,0,14,17,0,19,44,400,3.051867659,true,0
"balance-scale-bin",7,7,unary,Greedy,InformationGain,0,0,0,0,0,0,0,0,0,0.001411277,true,0
"balance-scale-bin",7,7,horn,Greedy,InformationGain,0,0,0,0,0,0,0,0,0,0.002719173,true,0
"balance-scale-bin",7,7,antihorn,Greedy,InformationGain,0,0,0,0,0,0,0,0,0,0.003079898,true,0
"balance-scale-bin",7,7,square2cnf,Greedy,InformationGain,0,0,0,0,0,0,0,0,0,0.060475249,true,0
"balance-scale-bin",7,7,affine,Greedy,InformationGain,0,0,0,0,0,0,0,0,0,0.021051673,true,0
"balance-scale-bin",7,7,smart_certified,Greedy,InformationGain,0,0,0,0,0,0,0,0,0,0.075007839,true,0
"balance-scale-bin",7,7,cals,SparseLookahead,SparseCertified,54388,840,0,37,0,33,0,60,1264,17.7029413,true,0
"balance-scale-bin",7,7,cals_compact_explain,SelectiveLookahead,SparseCertified,26322,0,0,21,17,0,26,58,504,4.027673212,true,0
"balance-scale-bin",8,5,unary,Greedy,InformationGain,0,0,0,0,0,0,0,0,0,0.000852969,true,0
"balance-scale-bin",8,5,horn,Greedy,InformationGain,0,0,0,0,0,0,0,0,0,0.002340456,true,0
"balance-scale-bin",8,5,antihorn,Greedy,InformationGain,0,0,0,0,0,0,0,0,0,0.00228917,true,0
"balance-scale-bin",8,5,square2cnf,Greedy,InformationGain,0,0,0,0,0,0,0,0,0,0.036674615,true,0
"balance-scale-bin",8,5,affine,Greedy,InformationGain,0,0,0,0,0,0,0,0,0,0.014105797,true,0
"balance-scale-bin",8,5,smart_certified,Greedy,InformationGain,0,0,0,0,0,0,0,0,0,0.06892886,true,0
"balance-scale-bin",8,5,cals,SparseLookahead,SparseCertified,41083,731,0,28,0,24,0,42,1019,13.10068682,true,0
"balance-scale-bin",8,5,cals_compact_explain,SelectiveLookahead,SparseCertified,7728,0,0,11,9,0,18,31,208,0.166937088,true,0
"balance-scale-bin",8,7,unary,Greedy,InformationGain,0,0,0,0,0,0,0,0,0,0.001328198,true,0
"balance-scale-bin",8,7,horn,Greedy,InformationGain,0,0,0,0,0,0,0,0,0,0.003399942,true,0
"balance-scale-bin",8,7,antihorn,Greedy,InformationGain,0,0,0,0,0,0,0,0,0,0.003389442,true,0
"balance-scale-bin",8,7,square2cnf,Greedy,InformationGain,0,0,0,0,0,0,0,0,0,0.070932187,true,0
"balance-scale-bin",8,7,affine,Greedy,InformationGain,0,0,0,0,0,0,0,0,0,0.021279781,true,0
"balance-scale-bin",8,7,smart_certified,Greedy,InformationGain,0,0,0,0,0,0,0,0,0,0.088004206,true,0
"balance-scale-bin",8,7,cals,SparseLookahead,SparseCertified,43823,862,0,36,0,32,0,58,1262,16.134024067,true,0
"balance-scale-bin",8,7,cals_compact_explain,SelectiveLookahead,SparseCertified,8009,0,0,19,9,0,26,47,321,0.17174087200000002,true,0
"balance-scale-bin",9,5,unary,Greedy,InformationGain,0,0,0,0,0,0,0,0,0,0.000863657,true,0
"balance-scale-bin",9,5,horn,Greedy,InformationGain,0,0,0,0,0,0,0,0,0,0.001639145,true,0
"balance-scale-bin",9,5,antihorn,Greedy,InformationGain,0,0,0,0,0,0,0,0,0,0.002269257,true,0
"balance-scale-bin",9,5,square2cnf,Greedy,InformationGain,0,0,0,0,0,0,0,0,0,0.039841425,true,0
"balance-scale-bin",9,5,affine,Greedy,InformationGain,0,0,0,0,0,0,0,0,0,0.012744379,true,0
"balance-scale-bin",9,5,smart_certified,Greedy,InformationGain,0,0,0,0,0,0,0,0,0,0.049768591,true,0
"balance-scale-bin",9,5,cals,SparseLookahead,SparseCertified,54744,690,0,28,0,24,0,42,978,14.17265265,true,0
"balance-scale-bin",9,5,cals_compact_explain,SelectiveLookahead,SparseCertified,24823,0,0,18,14,0,24,46,347,3.593318517,true,0
"balance-scale-bin",9,7,unary,Greedy,InformationGain,0,0,0,0,0,0,0,0,0,0.001370572,true,0
"balance-scale-bin",9,7,horn,Greedy,InformationGain,0,0,0,0,0,0,0,0,0,0.002908806,true,0
"balance-scale-bin",9,7,antihorn,Greedy,InformationGain,0,0,0,0,0,0,0,0,0,0.002962065,true,0
"balance-scale-bin",9,7,square2cnf,Greedy,InformationGain,0,0,0,0,0,0,0,0,0,0.071133948,true,0
"balance-scale-bin",9,7,affine,Greedy,InformationGain,0,0,0,0,0,0,0,0,0,0.019525664,true,0
"balance-scale-bin",9,7,smart_certified,Greedy,InformationGain,0,0,0,0,0,0,0,0,0,0.056492808,true,0
"balance-scale-bin",9,7,cals,SparseLookahead,SparseCertified,58068,821,0,36,0,32,0,58,1229,18.076050409999997,true,0
"balance-scale-bin",9,7,cals_compact_explain,SelectiveLookahead,SparseCertified,27257,0,0,22,14,0,28,54,411,4.317360335,true,0
"bank_conv-bin",0,5,unary,Greedy,InformationGain,0,0,0,0,0,0,0,0,0,0.056977001,true,0
"bank_conv-bin",0,5,horn,Greedy,InformationGain,0,0,0,0,0,0,0,0,0,0.083065249,true,0
"bank_conv-bin",0,5,antihorn,Greedy,InformationGain,0,0,0,0,0,0,0,0,0,0.068234985,true,0
"bank_conv-bin",0,5,square2cnf,Greedy,InformationGain,0,0,0,0,0,0,0,0,0,0.3811674,true,0
"bank_conv-bin",0,5,affine,Greedy,InformationGain,0,0,0,0,0,0,0,0,0,0.158795229,true,0
"bank_conv-bin",0,5,smart_certified,Greedy,InformationGain,0,0,0,0,0,0,0,0,0,0.540883696,true,0
"bank_conv-bin",0,5,cals,SparseLookahead,SparseCertified,20866,1567,0,38,0,35,0,62,1999,0.905768792,true,0
"bank_conv-bin",0,5,cals_compact_explain,SelectiveLookahead,SparseCertified,12536,0,0,28,18,0,40,70,480,0.426702723,true,0
"bank_conv-bin",0,7,unary,Greedy,InformationGain,0,0,0,0,0,0,0,0,0,0.088057637,true,0
"bank_conv-bin",0,7,horn,Greedy,InformationGain,0,0,0,0,0,0,0,0,0,0.125058389,true,0
"bank_conv-bin",0,7,antihorn,Greedy,InformationGain,0,0,0,0,0,0,0,0,0,0.12198499,true,0
"bank_conv-bin",0,7,square2cnf,Greedy,InformationGain,0,0,0,0,0,0,0,0,0,0.598129991,true,0
"bank_conv-bin",0,7,affine,Greedy,InformationGain,0,0,0,0,0,0,0,0,0,0.337831476,true,0
"bank_conv-bin",0,7,smart_certified,Greedy,InformationGain,0,0,0,0,0,0,0,0,0,1.4588238119999999,true,0
"bank_conv-bin",0,7,cals,SparseLookahead,SparseCertified,26262,2906,0,71,0,68,0,128,3866,1.3152525400000001,true,0
"bank_conv-bin",0,7,cals_compact_explain,SelectiveLookahead,SparseCertified,16912,0,0,62,16,0,69,135,1056,0.5950953840000001,true,0
"bank_conv-bin",1,5,unary,Greedy,InformationGain,0,0,0,0,0,0,0,0,0,0.053231167,true,0
"bank_conv-bin",1,5,horn,Greedy,InformationGain,0,0,0,0,0,0,0,0,0,0.062942588,true,0
"bank_conv-bin",1,5,antihorn,Greedy,InformationGain,0,0,0,0,0,0,0,0,0,0.084313342,true,0
"bank_conv-bin",1,5,square2cnf,Greedy,InformationGain,0,0,0,0,0,0,0,0,0,0.258374189,true,0
"bank_conv-bin",1,5,affine,Greedy,InformationGain,0,0,0,0,0,0,0,0,0,0.163195403,true,0
"bank_conv-bin",1,5,smart_certified,Greedy,InformationGain,0,0,0,0,0,0,0,0,0,0.497963497,true,0
"bank_conv-bin",1,5,cals,SparseLookahead,SparseCertified,49771,1700,0,39,0,36,0,64,2148,24.149054487,true,0
"bank_conv-bin",1,5,cals_compact_explain,SelectiveLookahead,SparseCertified,34618,0,0,30,16,0,35,71,576,7.375276443,true,0
"bank_conv-bin",1,7,unary,Greedy,InformationGain,0,0,0,0,0,0,0,0,0,0.081514507,true,0
"bank_conv-bin",1,7,horn,Greedy,InformationGain,0,0,0,0,0,0,0,0,0,0.101373472,true,0
"bank_conv-bin",1,7,antihorn,Greedy,InformationGain,0,0,0,0,0,0,0,0,0,0.115489771,true,0
"bank_conv-bin",1,7,square2cnf,Greedy,InformationGain,0,0,0,0,0,0,0,0,0,0.568438797,true,0
"bank_conv-bin",1,7,affine,Greedy,InformationGain,0,0,0,0,0,0,0,0,0,0.37477117,true,0
"bank_conv-bin",1,7,smart_certified,Greedy,InformationGain,0,0,0,0,0,0,0,0,0,0.948793213,true,0
"bank_conv-bin",1,7,cals,SparseLookahead,SparseCertified,81180,2901,0,71,0,68,0,128,3861,51.394119467,true,0
"bank_conv-bin",1,7,cals_compact_explain,SelectiveLookahead,SparseCertified,57018,0,0,63,16,0,74,136,992,17.042304474999998,true,0
"bank_conv-bin",2,5,unary,Greedy,InformationGain,0,0,0,0,0,0,0,0,0,0.053874549,true,0
"bank_conv-bin",2,5,horn,Greedy,InformationGain,0,0,0,0,0,0,0,0,0,0.06316142,true,0
"bank_conv-bin",2,5,antihorn,Greedy,InformationGain,0,0,0,0,0,0,0,0,0,0.064000163,true,0
"bank_conv-bin",2,5,square2cnf,Greedy,InformationGain,0,0,0,0,0,0,0,0,0,0.246485358,true,0
"bank_conv-bin",2,5,affine,Greedy,InformationGain,0,0,0,0,0,0,0,0,0,0.138033443,true,0
"bank_conv-bin",2,5,smart_certified,Greedy,InformationGain,0,0,0,0,0,0,0,0,0,0.49795602,true,0
"bank_conv-bin",2,5,cals,SparseLookahead,SparseCertified,26549,1592,0,42,0,37,0,70,2120,1.569787741,true,0
"bank_conv-bin",2,5,cals_compact_explain,SelectiveLookahead,SparseCertified,14577,0,0,31,15,0,41,74,528,0.662880197,true,0
"bank_conv-bin",2,7,unary,Greedy,InformationGain,0,0,0,0,0,0,0,0,0,0.081102588,true,0
"bank_conv-bin",2,7,horn,Greedy,InformationGain,0,0,0,0,0,0,0,0,0,0.096624414,true,0
"bank_conv-bin",2,7,antihorn,Greedy,InformationGain,0,0,0,0,0,0,0,0,0,0.108117592,true,0
"bank_conv-bin",2,7,square2cnf,Greedy,InformationGain,0,0,0,0,0,0,0,0,0,0.537213938,true,0
"bank_conv-bin",2,7,affine,Greedy,InformationGain,0,0,0,0,0,0,0,0,0,0.326743731,true,0
"bank_conv-bin",2,7,smart_certified,Greedy,InformationGain,0,0,0,0,0,0,0,0,0,1.255778431,true,0
"bank_conv-bin",2,7,cals,SparseLookahead,SparseCertified,30550,2622,0,75,0,70,0,136,3678,1.943552917,true,0
"bank_conv-bin",2,7,cals_compact_explain,SelectiveLookahead,SparseCertified,19410,0,0,61,15,0,81,137,896,0.882719087,true,0
"bank_conv-bin",3,5,unary,Greedy,InformationGain,0,0,0,0,0,0,0,0,0,0.052218233,true,0
"bank_conv-bin",3,5,horn,Greedy,InformationGain,0,0,0,0,0,0,0,0,0,0.068057668,true,0
"bank_conv-bin",3,5,antihorn,Greedy,InformationGain,0,0,0,0,0,0,0,0,0,0.070536945,true,0
"bank_conv-bin",3,5,square2cnf,Greedy,InformationGain,0,0,0,0,0,0,0,0,0,0.273436925,true,0
"bank_conv-bin",3,5,affine,Greedy,InformationGain,0,0,0,0,0,0,0,0,0,0.135004723,true,0
"bank_conv-bin",3,5,smart_certified,Greedy,InformationGain,0,0,0,0,0,0,0,0,0,0.513214339,true,0
"bank_conv-bin",3,5,cals,SparseLookahead,SparseCertified,17122,1586,0,37,0,34,0,60,2002,1.51538665,true,0
"bank_conv-bin",3,5,cals_compact_explain,SelectiveLookahead,SparseCertified,10117,0,0,27,18,0,34,69,560,0.381980481,true,0
"bank_conv-bin",3,7,unary,Greedy,InformationGain,0,0,0,0,0,0,0,0,0,0.088989239,true,0
"bank_conv-bin",3,7,horn,Greedy,InformationGain,0,0,0,0,0,0,0,0,0,0.117240179,true,0
"bank_conv-bin",3,7,antihorn,Greedy,InformationGain,0,0,0,0,0,0,0,0,0,0.123248371,true,0
"bank_conv-bin",3,7,square2cnf,Greedy,InformationGain,0,0,0,0,0,0,0,0,0,0.743850195,true,0
"bank_conv-bin",3,7,affine,Greedy,InformationGain,0,0,0,0,0,0,0,0,0,0.327369129,true,0
"bank_conv-bin",3,7,smart_certified,Greedy,InformationGain,0,0,0,0,0,0,0,0,0,1.50287552,true,0
"bank_conv-bin",3,7,cals,SparseLookahead,SparseCertified,22118,2804,0,71,0,68,0,128,3764,1.9185767089999999,true,0
"bank_conv-bin",3,7,cals_compact_explain,SelectiveLookahead,SparseCertified,14309,0,0,58,18,0,63,131,1088,0.53769103,true,0
"bank_conv-bin",4,5,unary,Greedy,InformationGain,0,0,0,0,0,0,0,0,0,0.054633014,true,0
"bank_conv-bin",4,5,horn,Greedy,InformationGain,0,0,0,0,0,0,0,0,0,0.067463886,true,0
"bank_conv-bin",4,5,antihorn,Greedy,InformationGain,0,0,0,0,0,0,0,0,0,0.07043459,true,0
"bank_conv-bin",4,5,square2cnf,Greedy,InformationGain,0,0,0,0,0,0,0,0,0,0.268850069,true,0
"bank_conv-bin",4,5,affine,Greedy,InformationGain,0,0,0,0,0,0,0,0,0,0.144538167,true,0
"bank_conv-bin",4,5,smart_certified,Greedy,InformationGain,0,0,0,0,0,0,0,0,0,0.514033976,true,0
"bank_conv-bin",4,5,cals,SparseLookahead,SparseCertified,49278,1659,0,39,0,36,0,64,2107,23.728289309999997,true,0
"bank_conv-bin",4,5,cals_compact_explain,SelectiveLookahead,SparseCertified,9874,0,0,30,15,0,40,69,464,0.39931530200000004,true,0
"bank_conv-bin",4,7,unary,Greedy,InformationGain,0,0,0,0,0,0,0,0,0,0.098294558,true,0
"bank_conv-bin",4,7,horn,Greedy,InformationGain,0,0,0,0,0,0,0,0,0,0.111239499,true,0
"bank_conv-bin",4,7,antihorn,Greedy,InformationGain,0,0,0,0,0,0,0,0,0,0.128900514,true,0
"bank_conv-bin",4,7,square2cnf,Greedy,InformationGain,0,0,0,0,0,0,0,0,0,0.72355582,true,0
"bank_conv-bin",4,7,affine,Greedy,InformationGain,0,0,0,0,0,0,0,0,0,0.33693095,true,0
"bank_conv-bin",4,7,smart_certified,Greedy,InformationGain,0,0,0,0,0,0,0,0,0,1.430494162,true,0
"bank_conv-bin",4,7,cals,SparseLookahead,SparseCertified,68674,2662,0,62,0,59,0,110,3478,43.271034629,true,0
"bank_conv-bin",4,7,cals_compact_explain,SelectiveLookahead,SparseCertified,13542,0,0,67,12,0,68,137,1104,0.421044178,true,0
"bank_conv-bin",5,5,unary,Greedy,InformationGain,0,0,0,0,0,0,0,0,0,0.055297792,true,0
"bank_conv-bin",5,5,horn,Greedy,InformationGain,0,0,0,0,0,0,0,0,0,0.063971028,true,0
"bank_conv-bin",5,5,antihorn,Greedy,InformationGain,0,0,0,0,0,0,0,0,0,0.066925838,true,0
"bank_conv-bin",5,5,square2cnf,Greedy,InformationGain,0,0,0,0,0,0,0,0,0,0.228392662,true,0
"bank_conv-bin",5,5,affine,Greedy,InformationGain,0,0,0,0,0,0,0,0,0,0.138864917,true,0
"bank_conv-bin",5,5,smart_certified,Greedy,InformationGain,0,0,0,0,0,0,0,0,0,0.499259544,true,0
"bank_conv-bin",5,5,cals,SparseLookahead,SparseCertified,15827,1496,0,39,0,35,0,64,1960,1.621355856,true,0
"bank_conv-bin",5,5,cals_compact_explain,SelectiveLookahead,SparseCertified,7431,0,0,28,18,0,32,71,624,0.313402181,true,0
"bank_conv-bin",5,7,unary,Greedy,InformationGain,0,0,0,0,0,0,0,0,0,0.08686192,true,0
"bank_conv-bin",5,7,horn,Greedy,InformationGain,0,0,0,0,0,0,0,0,0,0.096945616,true,0
"bank_conv-bin",5,7,antihorn,Greedy,InformationGain,0,0,0,0,0,0,0,0,0,0.117110701,true,0
"bank_conv-bin",5,7,square2cnf,Greedy,InformationGain,0,0,0,0,0,0,0,0,0,0.527932251,true,0
"bank_conv-bin",5,7,affine,Greedy,InformationGain,0,0,0,0,0,0,0,0,0,0.285424538,true,0
"bank_conv-bin",5,7,smart_certified,Greedy,InformationGain,0,0,0,0,0,0,0,0,0,1.113064712,true,0
"bank_conv-bin",5,7,cals,SparseLookahead,SparseCertified,20570,2678,0,70,0,66,0,126,3638,1.981331009,true,0
"bank_conv-bin",5,7,cals_compact_explain,SelectiveLookahead,SparseCertified,12031,0,0,60,18,0,64,135,1136,0.414059944,true,0
"bank_conv-bin",6,5,unary,Greedy,InformationGain,0,0,0,0,0,0,0,0,0,0.055108656,true,0
"bank_conv-bin",6,5,horn,Greedy,InformationGain,0,0,0,0,0,0,0,0,0,0.071281252,true,0
"bank_conv-bin",6,5,antihorn,Greedy,InformationGain,0,0,0,0,0,0,0,0,0,0.068077081,true,0
"bank_conv-bin",6,5,square2cnf,Greedy,InformationGain,0,0,0,0,0,0,0,0,0,0.244255263,true,0
"bank_conv-bin",6,5,affine,Greedy,InformationGain,0,0,0,0,0,0,0,0,0,0.148722336,true,0
"bank_conv-bin",6,5,smart_certified,Greedy,InformationGain,0,0,0,0,0,0,0,0,0,0.488419446,true,0
"bank_conv-bin",6,5,cals,SparseLookahead,SparseCertified,24756,1694,0,41,0,37,0,68,2190,1.437789381,true,0
"bank_conv-bin",6,5,cals_compact_explain,SelectiveLookahead,SparseCertified,13202,0,0,32,19,0,38,78,640,0.47999586400000005,true,0
"bank_conv-bin",6,7,unary,Greedy,InformationGain,0,0,0,0,0,0,0,0,0,0.084080724,true,0
"bank_conv-bin",6,7,horn,Greedy,InformationGain,0,0,0,0,0,0,0,0,0,0.116657967,true,0
"bank_conv-bin",6,7,antihorn,Greedy,InformationGain,0,0,0,0,0,0,0,0,0,0.117113807,true,0
"bank_conv-bin",6,7,square2cnf,Greedy,InformationGain,0,0,0,0,0,0,0,0,0,0.553147193,true,0
"bank_conv-bin",6,7,affine,Greedy,InformationGain,0,0,0,0,0,0,0,0,0,0.337421842,true,0
"bank_conv-bin",6,7,smart_certified,Greedy,InformationGain,0,0,0,0,0,0,0,0,0,1.314407552,true,0
"bank_conv-bin",6,7,cals,SparseLookahead,SparseCertified,29728,2939,0,74,0,70,0,134,3963,1.872826941,true,0
"bank_conv-bin",6,7,cals_compact_explain,SelectiveLookahead,SparseCertified,18461,0,0,63,19,0,74,140,1056,0.693371646,true,0
"bank_conv-bin",7,5,unary,Greedy,InformationGain,0,0,0,0,0,0,0,0,0,0.053508294,true,0
"bank_conv-bin",7,5,horn,Greedy,InformationGain,0,0,0,0,0,0,0,0,0,0.065376995,true,0
"bank_conv-bin",7,5,antihorn,Greedy,InformationGain,0,0,0,0,0,0,0,0,0,0.068094078,true,0
"bank_conv-bin",7,5,square2cnf,Greedy,InformationGain,0,0,0,0,0,0,0,0,0,0.26571812,true,0
"bank_conv-bin",7,5,affine,Greedy,InformationGain,0,0,0,0,0,0,0,0,0,0.122438738,true,0
"bank_conv-bin",7,5,smart_certified,Greedy,InformationGain,0,0,0,0,0,0,0,0,0,0.491221263,true,0
"bank_conv-bin",7,5,cals,SparseLookahead,SparseCertified,70572,1906,0,41,0,40,0,68,2354,28.697806084,true,0
"bank_conv-bin",7,5,cals_compact_explain,SelectiveLookahead,SparseCertified,32871,0,0,36,18,0,34,81,752,7.57143533,true,0
"bank_conv-bin",7,7,unary,Greedy,InformationGain,0,0,0,0,0,0,0,0,0,0.085368273,true,0
"bank_conv-bin",7,7,horn,Greedy,InformationGain,0,0,0,0,0,0,0,0,0,0.108395864,true,0
"bank_conv-bin",7,7,antihorn,Greedy,InformationGain,0,0,0,0,0,0,0,0,0,0.110289806,true,0
"bank_conv-bin",7,7,square2cnf,Greedy,InformationGain,0,0,0,0,0,0,0,0,0,0.871030196,true,0
"bank_conv-bin",7,7,affine,Greedy,InformationGain,0,0,0,0,0,0,0,0,0,0.291111319,true,0
"bank_conv-bin",7,7,smart_certified,Greedy,InformationGain,0,0,0,0,0,0,0,0,0,1.6169464850000002,true,0
"bank_conv-bin",7,7,cals,SparseLookahead,SparseCertified,97278,3582,0,83,0,82,0,152,4701,63.726094229,true,0
"bank_conv-bin",7,7,cals_compact_explain,SelectiveLookahead,SparseCertified,54793,0,0,79,18,0,77,167,1439,18.006457949,true,0
"bank_conv-bin",8,5,unary,Greedy,InformationGain,0,0,0,0,0,0,0,0,0,0.056617684,true,0
"bank_conv-bin",8,5,horn,Greedy,InformationGain,0,0,0,0,0,0,0,0,0,0.069166378,true,0
"bank_conv-bin",8,5,antihorn,Greedy,InformationGain,0,0,0,0,0,0,0,0,0,0.069270602,true,0
"bank_conv-bin",8,5,square2cnf,Greedy,InformationGain,0,0,0,0,0,0,0,0,0,0.272425687,true,0
"bank_conv-bin",8,5,affine,Greedy,InformationGain,0,0,0,0,0,0,0,0,0,0.157936989,true,0
"bank_conv-bin",8,5,smart_certified,Greedy,InformationGain,0,0,0,0,0,0,0,0,0,0.54464134,true,0
"bank_conv-bin",8,5,cals,SparseLookahead,SparseCertified,39113,1699,0,40,0,38,0,66,2147,25.087280250000003,true,0
"bank_conv-bin",8,5,cals_compact_explain,SelectiveLookahead,SparseCertified,27382,0,0,30,19,0,38,77,623,7.984872074999999,true,0
"bank_conv-bin",8,7,unary,Greedy,InformationGain,0,0,0,0,0,0,0,0,0,0.091785156,true,0
"bank_conv-bin",8,7,horn,Greedy,InformationGain,0,0,0,0,0,0,0,0,0,0.116517356,true,0
"bank_conv-bin",8,7,antihorn,Greedy,InformationGain,0,0,0,0,0,0,0,0,0,0.119420497,true,0
"bank_conv-bin",8,7,square2cnf,Greedy,InformationGain,0,0,0,0,0,0,0,0,0,0.578556983,true,0
"bank_conv-bin",8,7,affine,Greedy,InformationGain,0,0,0,0,0,0,0,0,0,0.356139163,true,0
"bank_conv-bin",8,7,smart_certified,Greedy,InformationGain,0,0,0,0,0,0,0,0,0,1.908911238,true,0
"bank_conv-bin",8,7,cals,SparseLookahead,SparseCertified,70227,2880,0,68,0,66,0,122,3776,49.235176984,true,0
"bank_conv-bin",8,7,cals_compact_explain,SelectiveLookahead,SparseCertified,47020,0,0,60,19,0,68,137,1102,15.373996952999999,true,0
"bank_conv-bin",9,5,unary,Greedy,InformationGain,0,0,0,0,0,0,0,0,0,0.052965718,true,0
"bank_conv-bin",9,5,horn,Greedy,InformationGain,0,0,0,0,0,0,0,0,0,0.064098793,true,0
"bank_conv-bin",9,5,antihorn,Greedy,InformationGain,0,0,0,0,0,0,0,0,0,0.066348151,true,0
"bank_conv-bin",9,5,square2cnf,Greedy,InformationGain,0,0,0,0,0,0,0,0,0,0.265364554,true,0
"bank_conv-bin",9,5,affine,Greedy,InformationGain,0,0,0,0,0,0,0,0,0,0.123927353,true,0
"bank_conv-bin",9,5,smart_certified,Greedy,InformationGain,0,0,0,0,0,0,0,0,0,0.438154136,true,0
"bank_conv-bin",9,5,cals,SparseLookahead,SparseCertified,16130,1735,0,42,0,39,0,70,2231,0.995333535,true,0
"bank_conv-bin",9,5,cals_compact_explain,SelectiveLookahead,SparseCertified,8950,0,0,30,19,0,39,77,608,0.378542793,true,0
"bank_conv-bin",9,7,unary,Greedy,InformationGain,0,0,0,0,0,0,0,0,0,0.081346514,true,0
"bank_conv-bin",9,7,horn,Greedy,InformationGain,0,0,0,0,0,0,0,0,0,0.112179875,true,0
"bank_conv-bin",9,7,antihorn,Greedy,InformationGain,0,0,0,0,0,0,0,0,0,0.119746895,true,0
"bank_conv-bin",9,7,square2cnf,Greedy,InformationGain,0,0,0,0,0,0,0,0,0,0.554374174,true,0
"bank_conv-bin",9,7,affine,Greedy,InformationGain,0,0,0,0,0,0,0,0,0,0.289461284,true,0
"bank_conv-bin",9,7,smart_certified,Greedy,InformationGain,0,0,0,0,0,0,0,0,0,0.791704359,true,0
"bank_conv-bin",9,7,cals,SparseLookahead,SparseCertified,20985,2925,0,76,0,73,0,138,3958,1.361490089,true,0
"bank_conv-bin",9,7,cals_compact_explain,SelectiveLookahead,SparseCertified,12907,0,0,63,19,0,67,140,1168,0.540861422,true,0
"banknote-bin",0,5,unary,Greedy,InformationGain,0,0,0,0,0,0,0,0,0,0.001757344,true,0
"banknote-bin",0,5,horn,Greedy,InformationGain,0,0,0,0,0,0,0,0,0,0.004034675,true,0
"banknote-bin",0,5,antihorn,Greedy,InformationGain,0,0,0,0,0,0,0,0,0,0.004340218,true,0
"banknote-bin",0,5,square2cnf,Greedy,InformationGain,0,0,0,0,0,0,0,0,0,0.042874336,true,0
"banknote-bin",0,5,affine,Greedy,InformationGain,0,0,0,0,0,0,0,0,0,0.020629982,true,0
"banknote-bin",0,5,smart_certified,Greedy,InformationGain,0,0,0,0,0,0,0,0,0,0.046778243,true,0
"banknote-bin",0,5,cals,SparseLookahead,SparseCertified,36711,639,0,25,0,20,0,36,864,9.037221962,true,0
"banknote-bin",0,5,cals_compact_explain,SelectiveLookahead,SparseCertified,13487,0,0,14,9,0,15,34,273,2.149524103,true,0
"banknote-bin",0,7,unary,Greedy,InformationGain,0,0,0,0,0,0,0,0,0,0.001900286,true,0
"banknote-bin",0,7,horn,Greedy,InformationGain,0,0,0,0,0,0,0,0,0,0.005423449,true,0
"banknote-bin",0,7,antihorn,Greedy,InformationGain,0,0,0,0,0,0,0,0,0,0.00472034,true,0
"banknote-bin",0,7,square2cnf,Greedy,InformationGain,0,0,0,0,0,0,0,0,0,0.04921321,true,0
"banknote-bin",0,7,affine,Greedy,InformationGain,0,0,0,0,0,0,0,0,0,0.027327551,true,0
"banknote-bin",0,7,smart_certified,Greedy,InformationGain,0,0,0,0,0,0,0,0,0,0.042378526,true,0
"banknote-bin",0,7,cals,SparseLookahead,SparseCertified,36711,639,0,25,0,20,0,36,864,8.949764069,true,0
"banknote-bin",0,7,cals_compact_explain,SelectiveLookahead,SparseCertified,13487,0,0,14,9,0,15,34,273,2.145233796,true,0
"banknote-bin",1,5,unary,Greedy,InformationGain,0,0,0,0,0,0,0,0,0,0.001763365,true,0
"banknote-bin",1,5,horn,Greedy,InformationGain,0,0,0,0,0,0,0,0,0,0.004085344,true,0
"banknote-bin",1,5,antihorn,Greedy,InformationGain,0,0,0,0,0,0,0,0,0,0.004516149,true,0
"banknote-bin",1,5,square2cnf,Greedy,InformationGain,0,0,0,0,0,0,0,0,0,0.051287215,true,0
"banknote-bin",1,5,affine,Greedy,InformationGain,0,0,0,0,0,0,0,0,0,0.02263827,true,0
"banknote-bin",1,5,smart_certified,Greedy,InformationGain,0,0,0,0,0,0,0,0,0,0.043830929,true,0
"banknote-bin",1,5,cals,SparseLookahead,SparseCertified,40247,624,0,23,0,18,0,32,848,8.95835257,true,0
"banknote-bin",1,5,cals_compact_explain,SelectiveLookahead,SparseCertified,14682,0,0,15,10,0,13,35,352,2.032435181,true,0
"banknote-bin",1,7,unary,Greedy,InformationGain,0,0,0,0,0,0,0,0,0,0.002082574,true,0
"banknote-bin",1,7,horn,Greedy,InformationGain,0,0,0,0,0,0,0,0,0,0.005692948,true,0
"banknote-bin",1,7,antihorn,Greedy,InformationGain,0,0,0,0,0,0,0,0,0,0.005412593,true,0
"banknote-bin",1,7,square2cnf,Greedy,InformationGain,0,0,0,0,0,0,0,0,0,0.057856207,true,0
"banknote-bin",1,7,affine,Greedy,InformationGain,0,0,0,0,0,0,0,0,0,0.029110444,true,0
"banknote-bin",1,7,smart_certified,Greedy,InformationGain,0,0,0,0,0,0,0,0,0,0.045065566,true,0
"banknote-bin",1,7,cals,SparseLookahead,SparseCertified,40266,624,0,25,0,20,0,36,864,9.69697055,true,0
"banknote-bin",1,7,cals_compact_explain,SelectiveLookahead,SparseCertified,15864,0,0,18,10,0,16,41,384,2.354489216,true,0
"banknote-bin",2,5,unary,Greedy,InformationGain,0,0,0,0,0,0,0,0,0,0.00147587,true,0
"banknote-bin",2,5,horn,Greedy,InformationGain,0,0,0,0,0,0,0,0,0,0.003472312,true,0
"banknote-bin",2,5,antihorn,Greedy,InformationGain,0,0,0,0,0,0,0,0,0,0.003976081,true,0
"banknote-bin",2,5,square2cnf,Greedy,InformationGain,0,0,0,0,0,0,0,0,0,0.046858243,true,0
"banknote-bin",2,5,affine,Greedy,InformationGain,0,0,0,0,0,0,0,0,0,0.022178527,true,0
"banknote-bin",2,5,smart_certified,Greedy,InformationGain,0,0,0,0,0,0,0,0,0,0.04365873,true,0
"banknote-bin",2,5,cals,SparseLookahead,SparseCertified,31006,568,0,23,0,17,0,32,808,9.444369876,true,0
"banknote-bin",2,5,cals_compact_explain,SelectiveLookahead,SparseCertified,14316,0,0,14,10,0,13,33,320,2.1013429009999998,true,0
"banknote-bin",2,7,unary,Greedy,InformationGain,0,0,0,0,0,0,0,0,0,0.001810003,true,0
"banknote-bin",2,7,horn,Greedy,InformationGain,0,0,0,0,0,0,0,0,0,0.004605362,true,0
"banknote-bin",2,7,antihorn,Greedy,InformationGain,0,0,0,0,0,0,0,0,0,0.005862538,true,0
"banknote-bin",2,7,square2cnf,Greedy,InformationGain,0,0,0,0,0,0,0,0,0,0.059258702,true,0
"banknote-bin",2,7,affine,Greedy,InformationGain,0,0,0,0,0,0,0,0,0,0.028604863,true,0
"banknote-bin",2,7,smart_certified,Greedy,InformationGain,0,0,0,0,0,0,0,0,0,0.045812046,true,0
"banknote-bin",2,7,cals,SparseLookahead,SparseCertified,31006,568,0,24,0,18,0,34,808,9.487559511,true,0
"banknote-bin",2,7,cals_compact_explain,SelectiveLookahead,SparseCertified,14330,0,0,16,10,0,15,37,334,2.242911799,true,0
"banknote-bin",3,5,unary,Greedy,InformationGain,0,0,0,0,0,0,0,0,0,0.001600301,true,0
"banknote-bin",3,5,horn,Greedy,InformationGain,0,0,0,0,0,0,0,0,0,0.00419894,true,0
"banknote-bin",3,5,antihorn,Greedy,InformationGain,0,0,0,0,0,0,0,0,0,0.004305426,true,0
"banknote-bin",3,5,square2cnf,Greedy,InformationGain,0,0,0,0,0,0,0,0,0,0.050268941,true,0
"banknote-bin",3,5,affine,Greedy,InformationGain,0,0,0,0,0,0,0,0,0,0.022224091,true,0
"banknote-bin",3,5,smart_certified,Greedy,InformationGain,0,0,0,0,0,0,0,0,0,0.041691479,true,0
"banknote-bin",3,5,cals,SparseLookahead,SparseCertified,40777,592,0,25,0,19,0,36,840,8.443292097,true,0
"banknote-bin",3,5,cals_compact_explain,SelectiveLookahead,SparseCertified,12488,0,0,14,6,0,12,31,296,1.5917446940000002,true,0
"banknote-bin",3,7,unary,Greedy,InformationGain,0,0,0,0,0,0,0,0,0,0.00226642,true,0
"banknote-bin",3,7,horn,Greedy,InformationGain,0,0,0,0,0,0,0,0,0,0.004860414,true,0
"banknote-bin",3,7,antihorn,Greedy,InformationGain,0,0,0,0,0,0,0,0,0,0.005082806,true,0
"banknote-bin",3,7,square2cnf,Greedy,InformationGain,0,0,0,0,0,0,0,0,0,0.056906865,true,0
"banknote-bin",3,7,affine,Greedy,InformationGain,0,0,0,0,0,0,0,0,0,0.026485029,true,0
"banknote-bin",3,7,smart_certified,Greedy,InformationGain,0,0,0,0,0,0,0,0,0,0.045059525,true,0
"banknote-bin",3,7,cals,SparseLookahead,SparseCertified,40777,592,0,25,0,19,0,36,840,8.443056516999999,true,0
"banknote-bin",3,7,cals_compact_explain,SelectiveLookahead,SparseCertified,12488,0,0,15,6,0,13,33,296,1.6057468320000001,true,0
"banknote-bin",4,5,unary,Greedy,InformationGain,0,0,0,0,0,0,0,0,0,0.00166934,true,0
"banknote-bin",4,5,horn,Greedy,InformationGain,0,0,0,0,0,0,0,0,0,0.004144235,true,0
"banknote-bin",4,5,antihorn,Greedy,InformationGain,0,0,0,0,0,0,0,0,0,0.004419156,true,0
"banknote-bin",4,5,square2cnf,Greedy,InformationGain,0,0,0,0,0,0,0,0,0,0.044930006,true,0
"banknote-bin",4,5,affine,Greedy,InformationGain,0,0,0,0,0,0,0,0,0,0.021578814,true,0
"banknote-bin",4,5,smart_certified,Greedy,InformationGain,0,0,0,0,0,0,0,0,0,0.050961976,true,0
"banknote-bin",4,5,cals,SparseLookahead,SparseCertified,37741,586,0,25,0,19,0,36,841,9.3212725,true,0
"banknote-bin",4,5,cals_compact_explain,SelectiveLookahead,SparseCertified,14375,0,0,15,11,0,14,37,361,1.9789091870000002,true,0
"banknote-bin",4,7,unary,Greedy,InformationGain,0,0,0,0,0,0,0,0,0,0.002059804,true,0
"banknote-bin",4,7,horn,Greedy,InformationGain,0,0,0,0,0,0,0,0,0,0.004982898,true,0
"banknote-bin",4,7,antihorn,Greedy,InformationGain,0,0,0,0,0,0,0,0,0,0.005674466,true,0
"banknote-bin",4,7,square2cnf,Greedy,InformationGain,0,0,0,0,0,0,0,0,0,0.054795573,true,0
"banknote-bin",4,7,affine,Greedy,InformationGain,0,0,0,0,0,0,0,0,0,0.026019033,true,0
"banknote-bin",4,7,smart_certified,Greedy,InformationGain,0,0,0,0,0,0,0,0,0,0.057998654,true,0
"banknote-bin",4,7,cals,SparseLookahead,SparseCertified,37741,586,0,26,0,20,0,38,841,9.514288427999999,true,0
"banknote-bin",4,7,cals_compact_explain,SelectiveLookahead,SparseCertified,14381,0,0,17,11,0,16,41,367,2.001516076,true,0
"banknote-bin",5,5,unary,Greedy,InformationGain,0,0,0,0,0,0,0,0,0,0.001611917,true,0
"banknote-bin",5,5,horn,Greedy,InformationGain,0,0,0,0,0,0,0,0,0,0.004336744,true,0
"banknote-bin",5,5,antihorn,Greedy,InformationGain,0,0,0,0,0,0,0,0,0,0.004599078,true,0
"banknote-bin",5,5,square2cnf,Greedy,InformationGain,0,0,0,0,0,0,0,0,0,0.054999791,true,0
"banknote-bin",5,5,affine,Greedy,InformationGain,0,0,0,0,0,0,0,0,0,0.023027026,true,0
"banknote-bin",5,5,smart_certified,Greedy,InformationGain,0,0,0,0,0,0,0,0,0,0.042763394,true,0
"banknote-bin",5,5,cals,SparseLookahead,SparseCertified,43500,624,0,25,0,20,0,36,868,9.735306486,true,0
"banknote-bin",5,5,cals_compact_explain,SelectiveLookahead,SparseCertified,13734,0,0,19,11,0,16,42,404,2.1744826209999997,true,0
"banknote-bin",5,7,unary,Greedy,InformationGain,0,0,0,0,0,0,0,0,0,0.002099647,true,0
"banknote-bin",5,7,horn,Greedy,InformationGain,0,0,0,0,0,0,0,0,0,0.005700803,true,0
"banknote-bin",5,7,antihorn,Greedy,InformationGain,0,0,0,0,0,0,0,0,0,0.005720306,true,0
"banknote-bin",5,7,square2cnf,Greedy,InformationGain,0,0,0,0,0,0,0,0,0,0.056750607,true,0
"banknote-bin",5,7,affine,Greedy,InformationGain,0,0,0,0,0,0,0,0,0,0.030925891,true,0
"banknote-bin",5,7,smart_certified,Greedy,InformationGain,0,0,0,0,0,0,0,0,0,0.044313434,true,0
"banknote-bin",5,7,cals,SparseLookahead,SparseCertified,43500,624,0,26,0,21,0,38,868,9.727358884,true,0
"banknote-bin",5,7,cals_compact_explain,SelectiveLookahead,SparseCertified,13734,0,0,20,11,0,17,44,404,2.173967613,true,0
"banknote-bin",6,5,unary,Greedy,InformationGain,0,0,0,0,0,0,0,0,0,0.001525198,true,0
"banknote-bin",6,5,horn,Greedy,InformationGain,0,0,0,0,0,0,0,0,0,0.004171994,true,0
"banknote-bin",6,5,antihorn,Greedy,InformationGain,0,0,0,0,0,0,0,0,0,0.00437621,true,0
"banknote-bin",6,5,square2cnf,Greedy,InformationGain,0,0,0,0,0,0,0,0,0,0.048417566,true,0
"banknote-bin",6,5,affine,Greedy,InformationGain,0,0,0,0,0,0,0,0,0,0.024907121,true,0
"banknote-bin",6,5,smart_certified,Greedy,InformationGain,0,0,0,0,0,0,0,0,0,0.045931882,true,0
"banknote-bin",6,5,cals,SparseLookahead,SparseCertified,30661,580,0,24,0,17,0,34,852,9.262997126,true,0
"banknote-bin",6,5,cals_compact_explain,SelectiveLookahead,SparseCertified,16273,0,0,15,10,0,16,35,304,2.511451401,true,0
"banknote-bin",6,7,unary,Greedy,InformationGain,0,0,0,0,0,0,0,0,0,0.001975925,true,0
"banknote-bin",6,7,horn,Greedy,InformationGain,0,0,0,0,0,0,0,0,0,0.005262202,true,0
"banknote-bin",6,7,antihorn,Greedy,InformationGain,0,0,0,0,0,0,0,0,0,0.005219037,true,0
"banknote-bin",6,7,square2cnf,Greedy,InformationGain,0,0,0,0,0,0,0,0,0,0.057536526,true,0
"banknote-bin",6,7,affine,Greedy,InformationGain,0,0,0,0,0,0,0,0,0,0.029848426,true,0
"banknote-bin",6,7,smart_certified,Greedy,InformationGain,0,0,0,0,0,0,0,0,0,0.049324401,true,0
"banknote-bin",6,7,cals,SparseLookahead,SparseCertified,30662,580,0,25,0,18,0,36,853,9.206821198,true,0
"banknote-bin",6,7,cals_compact_explain,SelectiveLookahead,SparseCertified,16368,0,0,17,10,0,18,39,321,2.7714318049999997,true,0
"banknote-bin",7,5,unary,Greedy,InformationGain,0,0,0,0,0,0,0,0,0,0.001696161,true,0
"banknote-bin",7,5,horn,Greedy,InformationGain,0,0,0,0,0,0,0,0,0,0.004210647,true,0
"banknote-bin",7,5,antihorn,Greedy,InformationGain,0,0,0,0,0,0,0,0,0,0.004617,true,0
"banknote-bin",7,5,square2cnf,Greedy,InformationGain,0,0,0,0,0,0,0,0,0,0.050677575,true,0
"banknote-bin",7,5,affine,Greedy,InformationGain,0,0,0,0,0,0,0,0,0,0.024815417,true,0
"banknote-bin",7,5,smart_certified,Greedy,InformationGain,0,0,0,0,0,0,0,0,0,0.035900104,true,0
"banknote-bin",7,5,cals,SparseLookahead,SparseCertified,36441,616,0,24,0,18,0,34,872,9.033715556,true,0
"banknote-bin",7,5,cals_compact_explain,SelectiveLookahead,SparseCertified,13864,0,0,15,10,0,13,35,352,1.990337634,true,0
"banknote-bin",7,7,unary,Greedy,InformationGain,0,0,0,0,0,0,0,0,0,0.002239293,true,0
"banknote-bin",7,7,horn,Greedy,InformationGain,0,0,0,0,0,0,0,0,0,0.00543029,true,0
"banknote-bin",7,7,antihorn,Greedy,InformationGain,0,0,0,0,0,0,0,0,0,0.005581044,true,0
"banknote-bin",7,7,square2cnf,Greedy,InformationGain,0,0,0,0,0,0,0,0,0,0.05451626,true,0
"banknote-bin",7,7,affine,Greedy,InformationGain,0,0,0,0,0,0,0,0,0,0.028143442,true,0
"banknote-bin",7,7,smart_certified,Greedy,InformationGain,0,0,0,0,0,0,0,0,0,0.037703354,true,0
"banknote-bin",7,7,cals,SparseLookahead,SparseCertified,36501,639,0,27,0,21,0,40,926,10.362460593,true,0
"banknote-bin",7,7,cals_compact_explain,SelectiveLookahead,SparseCertified,13924,0,0,18,10,0,16,41,383,2.33013739,true,0
"banknote-bin",8,5,unary,Greedy,InformationGain,0,0,0,0,0,0,0,0,0,0.001647962,true,0
"banknote-bin",8,5,horn,Greedy,InformationGain,0,0,0,0,0,0,0,0,0,0.004054406,true,0
"banknote-bin",8,5,antihorn,Greedy,InformationGain,0,0,0,0,0,0,0,0,0,0.004339836,true,0
"banknote-bin",8,5,square2cnf,Greedy,InformationGain,0,0,0,0,0,0,0,0,0,0.049163232,true,0
"banknote-bin",8,5,affine,Greedy,InformationGain,0,0,0,0,0,0,0,0,0,0.025820811,true,0
"banknote-bin",8,5,smart_certified,Greedy,InformationGain,0,0,0,0,0,0,0,0,0,0.035581102,true,0
"banknote-bin",8,5,cals,SparseLookahead,SparseCertified,38736,622,0,24,0,20,0,34,831,9.818966075,true,0
"banknote-bin",8,5,cals_compact_explain,SelectiveLookahead,SparseCertified,9982,0,0,16,7,0,14,33,259,1.71524438,true,0
"banknote-bin",8,7,unary,Greedy,InformationGain,0,0,0,0,0,0,0,0,0,0.00206788,true,0
"banknote-bin",8,7,horn,Greedy,InformationGain,0,0,0,0,0,0,0,0,0,0.004925819,true,0
"banknote-bin",8,7,antihorn,Greedy,InformationGain,0,0,0,0,0,0,0,0,0,0.005242966,true,0
"banknote-bin",8,7,square2cnf,Greedy,InformationGain,0,0,0,0,0,0,0,0,0,0.050013189,true,0
"banknote-bin",8,7,affine,Greedy,InformationGain,0,0,0,0,0,0,0,0,0,0.03051415,true,0
"banknote-bin",8,7,smart_certified,Greedy,InformationGain,0,0,0,0,0,0,0,0,0,0.038154519,true,0
"banknote-bin",8,7,cals,SparseLookahead,SparseCertified,38736,622,0,26,0,22,0,38,831,9.714501979,true,0
"banknote-bin",8,7,cals_compact_explain,SelectiveLookahead,SparseCertified,9982,0,0,17,7,0,16,36,258,1.7176178990000002,true,0
"banknote-bin",9,5,unary,Greedy,InformationGain,0,0,0,0,0,0,0,0,0,0.001705496,true,0
"banknote-bin",9,5,horn,Greedy,InformationGain,0,0,0,0,0,0,0,0,0,0.003876054,true,0
"banknote-bin",9,5,antihorn,Greedy,InformationGain,0,0,0,0,0,0,0,0,0,0.004178784,true,0
"banknote-bin",9,5,square2cnf,Greedy,InformationGain,0,0,0,0,0,0,0,0,0,0.050260167,true,0
"banknote-bin",9,5,affine,Greedy,InformationGain,0,0,0,0,0,0,0,0,0,0.020925295,true,0
"banknote-bin",9,5,smart_certified,Greedy,InformationGain,0,0,0,0,0,0,0,0,0,0.035032205,true,0
"banknote-bin",9,5,cals,SparseLookahead,SparseCertified,43742,721,0,26,0,23,0,38,931,11.380662697,true,0
"banknote-bin",9,5,cals_compact_explain,SelectiveLookahead,SparseCertified,17204,0,0,19,6,0,17,35,288,2.883653618,true,0
"banknote-bin",9,7,unary,Greedy,InformationGain,0,0,0,0,0,0,0,0,0,0.001822542,true,0
"banknote-bin",9,7,horn,Greedy,InformationGain,0,0,0,0,0,0,0,0,0,0.005433306,true,0
"banknote-bin",9,7,antihorn,Greedy,InformationGain,0,0,0,0,0,0,0,0,0,0.00505186,true,0
"banknote-bin",9,7,square2cnf,Greedy,InformationGain,0,0,0,0,0,0,0,0,0,0.055372925,true,0
"banknote-bin",9,7,affine,Greedy,InformationGain,0,0,0,0,0,0,0,0,0,0.027370913,true,0
"banknote-bin",9,7,smart_certified,Greedy,InformationGain,0,0,0,0,0,0,0,0,0,0.036850162,true,0
"banknote-bin",9,7,cals,SparseLookahead,SparseCertified,43756,721,0,28,0,25,0,42,945,12.063786831,true,0
"banknote-bin",9,7,cals_compact_explain,SelectiveLookahead,SparseCertified,17205,0,0,21,6,0,19,39,289,2.884614511,true,0
"biodeg-bin",0,5,unary,Greedy,InformationGain,0,0,0,0,0,0,0,0,0,0.022025302,true,0
"biodeg-bin",0,5,horn,Greedy,InformationGain,0,0,0,0,0,0,0,0,0,0.023621574,true,0
"biodeg-bin",0,5,antihorn,Greedy,InformationGain,0,0,0,0,0,0,0,0,0,0.023968288,true,0
"biodeg-bin",0,5,square2cnf,Greedy,InformationGain,0,0,0,0,0,0,0,0,0,0.095860786,true,0
"biodeg-bin",0,5,affine,Greedy,InformationGain,0,0,0,0,0,0,0,0,0,0.042248635,true,0
"biodeg-bin",0,5,smart_certified,Greedy,InformationGain,0,0,0,0,0,0,0,0,0,0.114482733,true,0
"biodeg-bin",0,5,cals,SparseLookahead,SparseCertified,57438,1276,0,30,0,28,0,46,1564,15.6801337,true,0
"biodeg-bin",0,5,cals_compact_explain,SelectiveLookahead,SparseCertified,23816,0,0,19,15,0,22,50,448,3.672991929,true,0
"biodeg-bin",0,7,unary,Greedy,InformationGain,0,0,0,0,0,0,0,0,0,0.035821079,true,0
"biodeg-bin",0,7,horn,Greedy,InformationGain,0,0,0,0,0,0,0,0,0,0.037258176,true,0
"biodeg-bin",0,7,antihorn,Greedy,InformationGain,0,0,0,0,0,0,0,0,0,0.034682781,true,0
"biodeg-bin",0,7,square2cnf,Greedy,InformationGain,0,0,0,0,0,0,0,0,0,0.177546856,true,0
"biodeg-bin",0,7,affine,Greedy,InformationGain,0,0,0,0,0,0,0,0,0,0.079756783,true,0
"biodeg-bin",0,7,smart_certified,Greedy,InformationGain,0,0,0,0,0,0,0,0,0,0.155620677,true,0
"biodeg-bin",0,7,cals,SparseLookahead,SparseCertified,65534,1667,0,41,0,39,0,68,2115,23.265826749,true,0
"biodeg-bin",0,7,cals_compact_explain,SelectiveLookahead,SparseCertified,29416,0,0,34,15,0,37,80,688,6.659083133,true,0
"biodeg-bin",1,5,unary,Greedy,InformationGain,0,0,0,0,0,0,0,0,0,0.021611024,true,0
"biodeg-bin",1,5,horn,Greedy,InformationGain,0,0,0,0,0,0,0,0,0,0.022211791,true,0
"biodeg-bin",1,5,antihorn,Greedy,InformationGain,0,0,0,0,0,0,0,0,0,0.022291932,true,0
"biodeg-bin",1,5,square2cnf,Greedy,InformationGain,0,0,0,0,0,0,0,0,0,0.09340928,true,0
"biodeg-bin",1,5,affine,Greedy,InformationGain,0,0,0,0,0,0,0,0,0,0.043932388,true,0
"biodeg-bin",1,5,smart_certified,Greedy,InformationGain,0,0,0,0,0,0,0,0,0,0.185712195,true,0
"biodeg-bin",1,5,cals,SparseLookahead,SparseCertified,57252,1375,0,33,0,30,0,52,1727,17.876171147,true,0
"biodeg-bin",1,5,cals_compact_explain,SelectiveLookahead,SparseCertified,33072,0,0,22,15,0,31,56,400,5.245359765,true,0
"biodeg-bin",1,7,unary,Greedy,InformationGain,0,0,0,0,0,0,0,0,0,0.03094605,true,0
"biodeg-bin",1,7,horn,Greedy,InformationGain,0,0,0,0,0,0,0,0,0,0.031689604,true,0
"biodeg-bin",1,7,antihorn,Greedy,InformationGain,0,0,0,0,0,0,0,0,0,0.038711326,true,0
"biodeg-bin",1,7,square2cnf,Greedy,InformationGain,0,0,0,0,0,0,0,0,0,0.161583165,true,0
"biodeg-bin",1,7,affine,Greedy,InformationGain,0,0,0,0,0,0,0,0,0,0.095314284,true,0
"biodeg-bin",1,7,smart_certified,Greedy,InformationGain,0,0,0,0,0,0,0,0,0,0.29481288,true,0
"biodeg-bin",1,7,cals,SparseLookahead,SparseCertified,68241,1818,0,46,0,43,0,78,2378,27.613973167,true,0
"biodeg-bin",1,7,cals_compact_explain,SelectiveLookahead,SparseCertified,38169,0,0,34,15,0,43,80,592,7.590054555,true,0
"biodeg-bin",2,5,unary,Greedy,InformationGain,0,0,0,0,0,0,0,0,0,0.019875248,true,0
"biodeg-bin",2,5,horn,Greedy,InformationGain,0,0,0,0,0,0,0,0,0,0.022678936,true,0
"biodeg-bin",2,5,antihorn,Greedy,InformationGain,0,0,0,0,0,0,0,0,0,0.024083653,true,0
"biodeg-bin",2,5,square2cnf,Greedy,InformationGain,0,0,0,0,0,0,0,0,0,0.086532399,true,0
"biodeg-bin",2,5,affine,Greedy,InformationGain,0,0,0,0,0,0,0,0,0,0.039499402,true,0
"biodeg-bin",2,5,smart_certified,Greedy,InformationGain,0,0,0,0,0,0,0,0,0,0.185404648,true,0
"biodeg-bin",2,5,cals,SparseLookahead,SparseCertified,64310,1416,0,33,0,31,0,52,1752,16.749421314,true,0
"biodeg-bin",2,5,cals_compact_explain,SelectiveLookahead,SparseCertified,36734,0,0,25,19,0,30,67,592,5.264448973,true,0
"biodeg-bin",2,7,unary,Greedy,InformationGain,0,0,0,0,0,0,0,0,0,0.030283003,true,0
"biodeg-bin",2,7,horn,Greedy,InformationGain,0,0,0,0,0,0,0,0,0,0.036399645,true,0
"biodeg-bin",2,7,antihorn,Greedy,InformationGain,0,0,0,0,0,0,0,0,0,0.036061647,true,0
"biodeg-bin",2,7,square2cnf,Greedy,InformationGain,0,0,0,0,0,0,0,0,0,0.17698745,true,0
"biodeg-bin",2,7,affine,Greedy,InformationGain,0,0,0,0,0,0,0,0,0,0.074936628,true,0
"biodeg-bin",2,7,smart_certified,Greedy,InformationGain,0,0,0,0,0,0,0,0,0,0.280491228,true,0
"biodeg-bin",2,7,cals,SparseLookahead,SparseCertified,73348,1969,0,49,0,47,0,84,2561,28.824219043000003,true,0
"biodeg-bin",2,7,cals_compact_explain,SelectiveLookahead,SparseCertified,40326,0,0,40,19,0,45,97,832,8.16629845,true,0
"biodeg-bin",3,5,unary,Greedy,InformationGain,0,0,0,0,0,0,0,0,0,0.017382574,true,0
"biodeg-bin",3,5,horn,Greedy,InformationGain,0,0,0,0,0,0,0,0,0,0.024977952,true,0
"biodeg-bin",3,5,antihorn,Greedy,InformationGain,0,0,0,0,0,0,0,0,0,0.024424476,true,0
"biodeg-bin",3,5,square2cnf,Greedy,InformationGain,0,0,0,0,0,0,0,0,0,0.097284947,true,0
"biodeg-bin",3,5,affine,Greedy,InformationGain,0,0,0,0,0,0,0,0,0,0.041477718,true,0
"biodeg-bin",3,5,smart_certified,Greedy,InformationGain,0,0,0,0,0,0,0,0,0,0.119013808,true,0
"biodeg-bin",3,5,cals,SparseLookahead,SparseCertified,59490,1224,0,42,0,27,0,63,1800,16.135516614,true,0
"biodeg-bin",3,5,cals_compact_explain,SelectiveLookahead,SparseCertified,37650,0,0,25,11,0,26,57,496,4.744465582,true,0
"biodeg-bin",3,7,unary,Greedy,InformationGain,0,0,0,0,0,0,0,0,0,0.026183997,true,0
"biodeg-bin",3,7,horn,Greedy,InformationGain,0,0,0,0,0,0,0,0,0,0.040130095,true,0
"biodeg-bin",3,7,antihorn,Greedy,InformationGain,0,0,0,0,0,0,0,0,0,0.034642845,true,0
"biodeg-bin",3,7,square2cnf,Greedy,InformationGain,0,0,0,0,0,0,0,0,0,0.175329193,true,0
"biodeg-bin",3,7,affine,Greedy,InformationGain,0,0,0,0,0,0,0,0,0,0.07593365,true,0
"biodeg-bin",3,7,smart_certified,Greedy,InformationGain,0,0,0,0,0,0,0,0,0,0.160666346,true,0
"biodeg-bin",3,7,cals,SparseLookahead,SparseCertified,64298,1852,0,59,0,44,0,97,2684,28.065845451,true,0
"biodeg-bin",3,7,cals_compact_explain,SelectiveLookahead,SparseCertified,41434,0,0,44,11,0,45,95,784,8.272980798999999,true,0
"biodeg-bin",4,5,unary,Greedy,InformationGain,0,0,0,0,0,0,0,0,0,0.020685938,true,0
"biodeg-bin",4,5,horn,Greedy,InformationGain,0,0,0,0,0,0,0,0,0,0.023909561,true,0
"biodeg-bin",4,5,antihorn,Greedy,InformationGain,0,0,0,0,0,0,0,0,0,0.023068272,true,0
"biodeg-bin",4,5,square2cnf,Greedy,InformationGain,0,0,0,0,0,0,0,0,0,0.089650394,true,0
"biodeg-bin",4,5,affine,Greedy,InformationGain,0,0,0,0,0,0,0,0,0,0.051001183,true,0
"biodeg-bin",4,5,smart_certified,Greedy,InformationGain,0,0,0,0,0,0,0,0,0,0.168922025,true,0
"biodeg-bin",4,5,cals,SparseLookahead,SparseCertified,56738,1463,0,36,0,32,0,58,1879,17.840842637999998,true,0
"biodeg-bin",4,5,cals_compact_explain,SelectiveLookahead,SparseCertified,35581,0,0,30,11,0,30,61,496,4.979078854,true,0
"biodeg-bin",4,7,unary,Greedy,InformationGain,0,0,0,0,0,0,0,0,0,0.033451518,true,0
"biodeg-bin",4,7,horn,Greedy,InformationGain,0,0,0,0,0,0,0,0,0,0.035259348,true,0
"biodeg-bin",4,7,antihorn,Greedy,InformationGain,0,0,0,0,0,0,0,0,0,0.035557321,true,0
"biodeg-bin",4,7,square2cnf,Greedy,InformationGain,0,0,0,0,0,0,0,0,0,0.165859219,true,0
"biodeg-bin",4,7,affine,Greedy,InformationGain,0,0,0,0,0,0,0,0,0,0.082775705,true,0
"biodeg-bin",4,7,smart_certified,Greedy,InformationGain,0,0,0,0,0,0,0,0,0,0.272999099,true,0
"biodeg-bin",4,7,cals,SparseLookahead,SparseCertified,66882,1970,0,51,0,47,0,88,2602,27.7499082,true,0
"biodeg-bin",4,7,cals_compact_explain,SelectiveLookahead,SparseCertified,44299,0,0,48,11,0,48,97,784,8.510994718000001,true,0
"biodeg-bin",5,5,unary,Greedy,InformationGain,0,0,0,0,0,0,0,0,0,0.020287843,true,0
"biodeg-bin",5,5,horn,Greedy,InformationGain,0,0,0,0,0,0,0,0,0,0.02445863,true,0
"biodeg-bin",5,5,antihorn,Greedy,InformationGain,0,0,0,0,0,0,0,0,0,0.024323577,true,0
"biodeg-bin",5,5,square2cnf,Greedy,InformationGain,0,0,0,0,0,0,0,0,0,0.081920282,true,0
"biodeg-bin",5,5,affine,Greedy,InformationGain,0,0,0,0,0,0,0,0,0,0.050038708,true,0
"biodeg-bin",5,5,smart_certified,Greedy,InformationGain,0,0,0,0,0,0,0,0,0,0.151812979,true,0
"biodeg-bin",5,5,cals,SparseLookahead,SparseCertified,68646,1293,0,34,0,30,0,54,1677,18.768294,true,0
"biodeg-bin",5,5,cals_compact_explain,SelectiveLookahead,SparseCertified,41386,0,0,26,14,0,32,62,480,5.640598134,true,0
"biodeg-bin",5,7,unary,Greedy,InformationGain,0,0,0,0,0,0,0,0,0,0.03176237,true,0
"biodeg-bin",5,7,horn,Greedy,InformationGain,0,0,0,0,0,0,0,0,0,0.034228677,true,0
"biodeg-bin",5,7,antihorn,Greedy,InformationGain,0,0,0,0,0,0,0,0,0,0.034548622,true,0
"biodeg-bin",5,7,square2cnf,Greedy,InformationGain,0,0,0,0,0,0,0,0,0,0.146815919,true,0
"biodeg-bin",5,7,affine,Greedy,InformationGain,0,0,0,0,0,0,0,0,0,0.094672765,true,0
"biodeg-bin",5,7,smart_certified,Greedy,InformationGain,0,0,0,0,0,0,0,0,0,0.273583459,true,0
"biodeg-bin",5,7,cals,SparseLookahead,SparseCertified,74589,1747,0,48,0,44,0,82,2339,28.013307260999998,true,0
"biodeg-bin",5,7,cals_compact_explain,SelectiveLookahead,SparseCertified,48019,0,0,38,14,0,44,86,656,7.826057718,true,0
"biodeg-bin",6,5,unary,Greedy,InformationGain,0,0,0,0,0,0,0,0,0,0.017704863,true,0
"biodeg-bin",6,5,horn,Greedy,InformationGain,0,0,0,0,0,0,0,0,0,0.02254509,true,0
"biodeg-bin",6,5,antihorn,Greedy,InformationGain,0,0,0,0,0,0,0,0,0,0.022026386,true,0
"biodeg-bin",6,5,square2cnf,Greedy,InformationGain,0,0,0,0,0,0,0,0,0,0.070716956,true,0
"biodeg-bin",6,5,affine,Greedy,InformationGain,0,0,0,0,0,0,0,0,0,0.044608608,true,0
"biodeg-bin",6,5,smart_certified,Greedy,InformationGain,0,0,0,0,0,0,0,0,0,0.132901534,true,0
"biodeg-bin",6,5,cals,SparseLookahead,SparseCertified,55123,1256,0,32,0,28,0,50,1602,15.318541652,true,0
"biodeg-bin",6,5,cals_compact_explain,SelectiveLookahead,SparseCertified,34277,0,0,19,18,0,32,54,352,5.013195748,true,0
"biodeg-bin",6,7,unary,Greedy,InformationGain,0,0,0,0,0,0,0,0,0,0.025400882,true,0
"biodeg-bin",6,7,horn,Greedy,InformationGain,0,0,0,0,0,0,0,0,0,0.034839818,true,0
"biodeg-bin",6,7,antihorn,Greedy,InformationGain,0,0,0,0,0,0,0,0,0,0.03124776,true,0
"biodeg-bin",6,7,square2cnf,Greedy,InformationGain,0,0,0,0,0,0,0,0,0,0.136997031,true,0
"biodeg-bin",6,7,affine,Greedy,InformationGain,0,0,0,0,0,0,0,0,0,0.083087101,true,0
"biodeg-bin",6,7,smart_certified,Greedy,InformationGain,0,0,0,0,0,0,0,0,0,0.223992863,true,0
"biodeg-bin",6,7,cals,SparseLookahead,SparseCertified,62630,1624,0,42,0,38,0,70,2114,22.124681319,true,0
"biodeg-bin",6,7,cals_compact_explain,SelectiveLookahead,SparseCertified,38396,0,0,37,18,0,47,92,720,7.911051728,true,0
"biodeg-bin",7,5,unary,Greedy,InformationGain,0,0,0,0,0,0,0,0,0,0.019393258,true,0
"biodeg-bin",7,5,horn,Greedy,InformationGain,0,0,0,0,0,0,0,0,0,0.023021537,true,0
"biodeg-bin",7,5,antihorn,Greedy,InformationGain,0,0,0,0,0,0,0,0,0,0.023368118,true,0
"biodeg-bin",7,5,square2cnf,Greedy,InformationGain,0,0,0,0,0,0,0,0,0,0.088230114,true,0
"biodeg-bin",7,5,affine,Greedy,InformationGain,0,0,0,0,0,0,0,0,0,0.049816912,true,0
"biodeg-bin",7,5,smart_certified,Greedy,InformationGain,0,0,0,0,0,0,0,0,0,0.132647561,true,0
"biodeg-bin",7,5,cals,SparseLookahead,SparseCertified,52702,1321,0,40,0,29,0,59,1801,16.63614502,true,0
"biodeg-bin",7,5,cals_compact_explain,SelectiveLookahead,SparseCertified,28305,0,0,23,18,0,27,61,544,4.625098831000001,true,0
"biodeg-bin",7,7,unary,Greedy,InformationGain,0,0,0,0,0,0,0,0,0,0.032211052,true,0
"biodeg-bin",7,7,horn,Greedy,InformationGain,0,0,0,0,0,0,0,0,0,0.035177044,true,0
"biodeg-bin",7,7,antihorn,Greedy,InformationGain,0,0,0,0,0,0,0,0,0,0.034039304,true,0
"biodeg-bin",7,7,square2cnf,Greedy,InformationGain,0,0,0,0,0,0,0,0,0,0.143360053,true,0
"biodeg-bin",7,7,affine,Greedy,InformationGain,0,0,0,0,0,0,0,0,0,0.107666092,true,0
"biodeg-bin",7,7,smart_certified,Greedy,InformationGain,0,0,0,0,0,0,0,0,0,0.227035932,true,0
"biodeg-bin",7,7,cals,SparseLookahead,SparseCertified,57430,1940,0,56,0,45,0,91,2660,27.763516641,true,0
"biodeg-bin",7,7,cals_compact_explain,SelectiveLookahead,SparseCertified,35069,0,0,40,18,0,44,95,816,7.829423447,true,0
"biodeg-bin",8,5,unary,Greedy,InformationGain,0,0,0,0,0,0,0,0,0,0.019097742,true,0
"biodeg-bin",8,5,horn,Greedy,InformationGain,0,0,0,0,0,0,0,0,0,0.024016494,true,0
"biodeg-bin",8,5,antihorn,Greedy,InformationGain,0,0,0,0,0,0,0,0,0,0.024060356,true,0
"biodeg-bin",8,5,square2cnf,Greedy,InformationGain,0,0,0,0,0,0,0,0,0,0.094927163,true,0
"biodeg-bin",8,5,affine,Greedy,InformationGain,0,0,0,0,0,0,0,0,0,0.047656443,true,0
"biodeg-bin",8,5,smart_certified,Greedy,InformationGain,0,0,0,0,0,0,0,0,0,0.122813111,true,0
"biodeg-bin",8,5,cals,SparseLookahead,SparseCertified,59208,1345,0,34,0,30,0,54,1729,17.801859344,true,0
"biodeg-bin",8,5,cals_compact_explain,SelectiveLookahead,SparseCertified,36890,0,0,24,17,0,31,61,480,5.807660649,true,0
"biodeg-bin",8,7,unary,Greedy,InformationGain,0,0,0,0,0,0,0,0,0,0.028822412,true,0
"biodeg-bin",8,7,horn,Greedy,InformationGain,0,0,0,0,0,0,0,0,0,0.039063291,true,0
"biodeg-bin",8,7,antihorn,Greedy,InformationGain,0,0,0,0,0,0,0,0,0,0.036005675,true,0
"biodeg-bin",8,7,square2cnf,Greedy,InformationGain,0,0,0,0,0,0,0,0,0,0.161176891,true,0
"biodeg-bin",8,7,affine,Greedy,InformationGain,0,0,0,0,0,0,0,0,0,0.080691197,true,0
"biodeg-bin",8,7,smart_certified,Greedy,InformationGain,0,0,0,0,0,0,0,0,0,0.172534859,true,0
"biodeg-bin",8,7,cals,SparseLookahead,SparseCertified,69679,1717,0,44,0,40,0,74,2259,25.360991979999998,true,0
"biodeg-bin",8,7,cals_compact_explain,SelectiveLookahead,SparseCertified,37117,0,0,38,17,0,41,89,768,7.641897315,true,0
"biodeg-bin",9,5,unary,Greedy,InformationGain,0,0,0,0,0,0,0,0,0,0.018780133,true,0
"biodeg-bin",9,5,horn,Greedy,InformationGain,0,0,0,0,0,0,0,0,0,0.0237426,true,0
"biodeg-bin",9,5,antihorn,Greedy,InformationGain,0,0,0,0,0,0,0,0,0,0.022133905,true,0
"biodeg-bin",9,5,square2cnf,Greedy,InformationGain,0,0,0,0,0,0,0,0,0,0.080873329,true,0
"biodeg-bin",9,5,affine,Greedy,InformationGain,0,0,0,0,0,0,0,0,0,0.038704061,true,0
"biodeg-bin",9,5,smart_certified,Greedy,InformationGain,0,0,0,0,0,0,0,0,0,0.106921249,true,0
"biodeg-bin",9,5,cals,SparseLookahead,SparseCertified,59301,1217,0,41,0,26,0,61,1777,15.968250040000001,true,0
"biodeg-bin",9,5,cals_compact_explain,SelectiveLookahead,SparseCertified,29298,0,0,27,17,0,28,67,624,4.589459134,true,0
"biodeg-bin",9,7,unary,Greedy,InformationGain,0,0,0,0,0,0,0,0,0,0.029680172,true,0
"biodeg-bin",9,7,horn,Greedy,InformationGain,0,0,0,0,0,0,0,0,0,0.037981944,true,0
"biodeg-bin",9,7,antihorn,Greedy,InformationGain,0,0,0,0,0,0,0,0,0,0.031520355,true,0
"biodeg-bin",9,7,square2cnf,Greedy,InformationGain,0,0,0,0,0,0,0,0,0,0.143865627,true,0
"biodeg-bin",9,7,affine,Greedy,InformationGain,0,0,0,0,0,0,0,0,0,0.079351362,true,0
"biodeg-bin",9,7,smart_certified,Greedy,InformationGain,0,0,0,0,0,0,0,0,0,0.18063168,true,0
"biodeg-bin",9,7,cals,SparseLookahead,SparseCertified,64395,1756,0,56,0,41,0,91,2540,26.424809559,true,0
"biodeg-bin",9,7,cals_compact_explain,SelectiveLookahead,SparseCertified,33394,0,0,44,17,0,45,101,880,7.680233504,true,0
"breast-cancer-un",0,5,unary,Greedy,InformationGain,0,0,0,0,0,0,0,0,0,0.007657441,true,0
"breast-cancer-un",0,5,horn,Greedy,InformationGain,0,0,0,0,0,0,0,0,0,0.003721659,true,0
"breast-cancer-un",0,5,antihorn,Greedy,InformationGain,0,0,0,0,0,0,0,0,0,0.004788307,true,0
"breast-cancer-un",0,5,square2cnf,Greedy,InformationGain,0,0,0,0,0,0,0,0,0,0.021558443,true,0
"breast-cancer-un",0,5,affine,Greedy,InformationGain,0,0,0,0,0,0,0,0,0,0.018152916,true,0
"breast-cancer-un",0,5,smart_certified,Greedy,InformationGain,0,0,0,0,0,0,0,0,0,0.043876305,true,0
"breast-cancer-un",0,5,cals,SparseLookahead,SparseCertified,56812,925,0,22,0,21,0,30,1069,11.625523114,true,0
"breast-cancer-un",0,5,cals_compact_explain,SelectiveLookahead,SparseCertified,16738,0,0,9,9,0,13,27,224,1.991773253,true,0
"breast-cancer-un",0,7,unary,Greedy,InformationGain,0,0,0,0,0,0,0,0,0,0.003779031,true,0
"breast-cancer-un",0,7,horn,Greedy,InformationGain,0,0,0,0,0,0,0,0,0,0.0045885,true,0
"breast-cancer-un",0,7,antihorn,Greedy,InformationGain,0,0,0,0,0,0,0,0,0,0.00577877,true,0
"breast-cancer-un",0,7,square2cnf,Greedy,InformationGain,0,0,0,0,0,0,0,0,0,0.027033563,true,0
"breast-cancer-un",0,7,affine,Greedy,InformationGain,0,0,0,0,0,0,0,0,0,0.024340302,true,0
"breast-cancer-un",0,7,smart_certified,Greedy,InformationGain,0,0,0,0,0,0,0,0,0,0.049791103,true,0
"breast-cancer-un",0,7,cals,SparseLookahead,SparseCertified,56812,925,0,22,0,21,0,30,1069,11.488336404,true,0
"breast-cancer-un",0,7,cals_compact_explain,SelectiveLookahead,SparseCertified,16738,0,0,9,9,0,13,27,224,1.98287562,true,0
"breast-cancer-un",1,5,unary,Greedy,InformationGain,0,0,0,0,0,0,0,0,0,0.003159667,true,0
"breast-cancer-un",1,5,horn,Greedy,InformationGain,0,0,0,0,0,0,0,0,0,0.004185946,true,0
"breast-cancer-un",1,5,antihorn,Greedy,InformationGain,0,0,0,0,0,0,0,0,0,0.005064813,true,0
"breast-cancer-un",1,5,square2cnf,Greedy,InformationGain,0,0,0,0,0,0,0,0,0,0.018723242,true,0
"breast-cancer-un",1,5,affine,Greedy,InformationGain,0,0,0,0,0,0,0,0,0,0.01455943,true,0
"breast-cancer-un",1,5,smart_certified,Greedy,InformationGain,0,0,0,0,0,0,0,0,0,0.012569023,true,0
"breast-cancer-un",1,5,cals,SparseLookahead,SparseCertified,53146,824,0,21,0,18,0,28,984,9.673159376,true,0
"breast-cancer-un",1,5,cals_compact_explain,SelectiveLookahead,SparseCertified,23394,0,0,10,13,0,17,31,224,2.540015392,true,0
"breast-cancer-un",1,7,unary,Greedy,InformationGain,0,0,0,0,0,0,0,0,0,0.004055877,true,0
"breast-cancer-un",1,7,horn,Greedy,InformationGain,0,0,0,0,0,0,0,0,0,0.005257339,true,0
"breast-cancer-un",1,7,antihorn,Greedy,InformationGain,0,0,0,0,0,0,0,0,0,0.005358853,true,0
"breast-cancer-un",1,7,square2cnf,Greedy,InformationGain,0,0,0,0,0,0,0,0,0,0.022402782,true,0
"breast-cancer-un",1,7,affine,Greedy,InformationGain,0,0,0,0,0,0,0,0,0,0.020648385,true,0
"breast-cancer-un",1,7,smart_certified,Greedy,InformationGain,0,0,0,0,0,0,0,0,0,0.01416117,true,0
"breast-cancer-un",1,7,cals,SparseLookahead,SparseCertified,53146,824,0,21,0,18,0,28,984,9.62496225,true,0
"breast-cancer-un",1,7,cals_compact_explain,SelectiveLookahead,SparseCertified,23394,0,0,10,13,0,17,31,224,2.5249890670000004,true,0
"breast-cancer-un",2,5,unary,Greedy,InformationGain,0,0,0,0,0,0,0,0,0,0.003390752,true,0
"breast-cancer-un",2,5,horn,Greedy,InformationGain,0,0,0,0,0,0,0,0,0,0.004254244,true,0
"breast-cancer-un",2,5,antihorn,Greedy,InformationGain,0,0,0,0,0,0,0,0,0,0.004481833,true,0
"breast-cancer-un",2,5,square2cnf,Greedy,InformationGain,0,0,0,0,0,0,0,0,0,0.020059476,true,0
"breast-cancer-un",2,5,affine,Greedy,InformationGain,0,0,0,0,0,0,0,0,0,0.01503342,true,0
"breast-cancer-un",2,5,smart_certified,Greedy,InformationGain,0,0,0,0,0,0,0,0,0,0.012484977,true,0
"breast-cancer-un",2,5,cals,SparseLookahead,SparseCertified,62713,832,0,21,0,19,0,28,976,8.572185331,true,0
"breast-cancer-un",2,5,cals_compact_explain,SelectiveLookahead,SparseCertified,10560,0,0,9,4,0,8,20,192,1.062378051,true,0
"breast-cancer-un",2,7,unary,Greedy,InformationGain,0,0,0,0,0,0,0,0,0,0.004390419,true,0
"breast-cancer-un",2,7,horn,Greedy,InformationGain,0,0,0,0,0,0,0,0,0,0.005317316,true,0
"breast-cancer-un",2,7,antihorn,Greedy,InformationGain,0,0,0,0,0,0,0,0,0,0.004803202,true,0
"breast-cancer-un",2,7,square2cnf,Greedy,InformationGain,0,0,0,0,0,0,0,0,0,0.025588993,true,0
"breast-cancer-un",2,7,affine,Greedy,InformationGain,0,0,0,0,0,0,0,0,0,0.020221243,true,0
"breast-cancer-un",2,7,smart_certified,Greedy,InformationGain,0,0,0,0,0,0,0,0,0,0.014324437,true,0
"breast-cancer-un",2,7,cals,SparseLookahead,SparseCertified,62713,832,0,21,0,19,0,28,976,8.591350059,true,0
"breast-cancer-un",2,7,cals_compact_explain,SelectiveLookahead,SparseCertified,10560,0,0,9,4,0,8,20,192,1.054868194,true,0
"breast-cancer-un",3,5,unary,Greedy,InformationGain,0,0,0,0,0,0,0,0,0,0.003511611,true,0
"breast-cancer-un",3,5,horn,Greedy,InformationGain,0,0,0,0,0,0,0,0,0,0.004016756,true,0
"breast-cancer-un",3,5,antihorn,Greedy,InformationGain,0,0,0,0,0,0,0,0,0,0.005209547,true,0
"breast-cancer-un",3,5,square2cnf,Greedy,InformationGain,0,0,0,0,0,0,0,0,0,0.018902562,true,0
"breast-cancer-un",3,5,affine,Greedy,InformationGain,0,0,0,0,0,0,0,0,0,0.016126693,true,0
"breast-cancer-un",3,5,smart_certified,Greedy,InformationGain,0,0,0,0,0,0,0,0,0,0.014130265,true,0
"breast-cancer-un",3,5,cals,SparseLookahead,SparseCertified,57259,936,0,22,0,21,0,30,1080,10.492503559000001,true,0
"breast-cancer-un",3,5,cals_compact_explain,SelectiveLookahead,SparseCertified,11387,0,0,8,6,0,9,22,208,1.286483642,true,0
"breast-cancer-un",3,7,unary,Greedy,InformationGain,0,0,0,0,0,0,0,0,0,0.004521619,true,0
"breast-cancer-un",3,7,horn,Greedy,InformationGain,0,0,0,0,0,0,0,0,0,0.005740836,true,0
"breast-cancer-un",3,7,antihorn,Greedy,InformationGain,0,0,0,0,0,0,0,0,0,0.006269886,true,0
"breast-cancer-un",3,7,square2cnf,Greedy,InformationGain,0,0,0,0,0,0,0,0,0,0.024742092,true,0
"breast-cancer-un",3,7,affine,Greedy,InformationGain,0,0,0,0,0,0,0,0,0,0.020231246,true,0
"breast-cancer-un",3,7,smart_certified,Greedy,InformationGain,0,0,0,0,0,0,0,0,0,0.015882215,true,0
"breast-cancer-un",3,7,cals,SparseLookahead,SparseCertified,57259,936,0,22,0,21,0,30,1080,10.538023452,true,0
"breast-cancer-un",3,7,cals_compact_explain,SelectiveLookahead,SparseCertified,11387,0,0,8,6,0,9,22,208,1.233453923,true,0
"breast-cancer-un",4,5,unary,Greedy,InformationGain,0,0,0,0,0,0,0,0,0,0.003650617,true,0
"breast-cancer-un",4,5,horn,Greedy,InformationGain,0,0,0,0,0,0,0,0,0,0.004609534,true,0
"breast-cancer-un",4,5,antihorn,Greedy,InformationGain,0,0,0,0,0,0,0,0,0,0.005414259,true,0
"breast-cancer-un",4,5,square2cnf,Greedy,InformationGain,0,0,0,0,0,0,0,0,0,0.029452534,true,0
"breast-cancer-un",4,5,affine,Greedy,InformationGain,0,0,0,0,0,0,0,0,0,0.018246677,true,0
"breast-cancer-un",4,5,smart_certified,Greedy,InformationGain,0,0,0,0,0,0,0,0,0,0.012969441,true,0
"breast-cancer-un",4,5,cals,SparseLookahead,SparseCertified,30310,665,0,20,0,15,0,26,841,7.4923569180000005,true,0
"breast-cancer-un",4,5,cals_compact_explain,SelectiveLookahead,SparseCertified,14076,0,0,9,12,0,12,27,240,1.816321667,true,0
"breast-cancer-un",4,7,unary,Greedy,InformationGain,0,0,0,0,0,0,0,0,0,0.004791774,true,0
"breast-cancer-un",4,7,horn,Greedy,InformationGain,0,0,0,0,0,0,0,0,0,0.005089574,true,0
"breast-cancer-un",4,7,antihorn,Greedy,InformationGain,0,0,0,0,0,0,0,0,0,0.005870073,true,0
"breast-cancer-un",4,7,square2cnf,Greedy,InformationGain,0,0,0,0,0,0,0,0,0,0.032240722,true,0
"breast-cancer-un",4,7,affine,Greedy,InformationGain,0,0,0,0,0,0,0,0,0,0.025756661,true,0
"breast-cancer-un",4,7,smart_certified,Greedy,InformationGain,0,0,0,0,0,0,0,0,0,0.015613332,true,0
"breast-cancer-un",4,7,cals,SparseLookahead,SparseCertified,30310,665,0,20,0,15,0,26,841,7.581437565000001,true,0
"breast-cancer-un",4,7,cals_compact_explain,SelectiveLookahead,SparseCertified,14076,0,0,9,12,0,12,27,240,1.793587287,true,0
"breast-cancer-un",5,5,unary,Greedy,InformationGain,0,0,0,0,0,0,0,0,0,0.003489417,true,0
"breast-cancer-un",5,5,horn,Greedy,InformationGain,0,0,0,0,0,0,0,0,0,0.003724598,true,0
"breast-cancer-un",5,5,antihorn,Greedy,InformationGain,0,0,0,0,0,0,0,0,0,0.00567801,true,0
"breast-cancer-un",5,5,square2cnf,Greedy,InformationGain,0,0,0,0,0,0,0,0,0,0.025036851,true,0
"breast-cancer-un",5,5,affine,Greedy,InformationGain,0,0,0,0,0,0,0,0,0,0.016939483,true,0
"breast-cancer-un",5,5,smart_certified,Greedy,InformationGain,0,0,0,0,0,0,0,0,0,0.012001133,true,0
"breast-cancer-un",5,5,cals,SparseLookahead,SparseCertified,56347,823,0,20,0,18,0,26,951,7.703183978,true,0
"breast-cancer-un",5,5,cals_compact_explain,SelectiveLookahead,SparseCertified,15249,0,0,6,8,0,12,20,128,1.452772001,true,0
"breast-cancer-un",5,7,unary,Greedy,InformationGain,0,0,0,0,0,0,0,0,0,0.004576756,true,0
"breast-cancer-un",5,7,horn,Greedy,InformationGain,0,0,0,0,0,0,0,0,0,0.005304521,true,0
"breast-cancer-un",5,7,antihorn,Greedy,InformationGain,0,0,0,0,0,0,0,0,0,0.006075894,true,0
"breast-cancer-un",5,7,square2cnf,Greedy,InformationGain,0,0,0,0,0,0,0,0,0,0.028833184,true,0
"breast-cancer-un",5,7,affine,Greedy,InformationGain,0,0,0,0,0,0,0,0,0,0.028180244,true,0
"breast-cancer-un",5,7,smart_certified,Greedy,InformationGain,0,0,0,0,0,0,0,0,0,0.014262593,true,0
"breast-cancer-un",5,7,cals,SparseLookahead,SparseCertified,59752,923,0,23,0,21,0,32,1099,9.943966903000002,true,0
"breast-cancer-un",5,7,cals_compact_explain,SelectiveLookahead,SparseCertified,16997,0,0,13,8,0,15,30,240,1.995417984,true,0
"breast-cancer-un",6,5,unary,Greedy,InformationGain,0,0,0,0,0,0,0,0,0,0.003578511,true,0
"breast-cancer-un",6,5,horn,Greedy,InformationGain,0,0,0,0,0,0,0,0,0,0.003925795,true,0
"breast-cancer-un",6,5,antihorn,Greedy,InformationGain,0,0,0,0,0,0,0,0,0,0.005715515,true,0
"breast-cancer-un",6,5,square2cnf,Greedy,InformationGain,0,0,0,0,0,0,0,0,0,0.027613429,true,0
"breast-cancer-un",6,5,affine,Greedy,InformationGain,0,0,0,0,0,0,0,0,0,0.015783189,true,0
"breast-cancer-un",6,5,smart_certified,Greedy,InformationGain,0,0,0,0,0,0,0,0,0,0.013193305,true,0
"breast-cancer-un",6,5,cals,SparseLookahead,SparseCertified,53479,926,0,21,0,20,0,28,1054,9.913886876,true,0
"breast-cancer-un",6,5,cals_compact_explain,SelectiveLookahead,SparseCertified,21610,0,0,12,7,0,16,27,176,2.107820361,true,0
"breast-cancer-un",6,7,unary,Greedy,InformationGain,0,0,0,0,0,0,0,0,0,0.004735402,true,0
"breast-cancer-un",6,7,horn,Greedy,InformationGain,0,0,0,0,0,0,0,0,0,0.00520212,true,0
"breast-cancer-un",6,7,antihorn,Greedy,InformationGain,0,0,0,0,0,0,0,0,0,0.005972214,true,0
"breast-cancer-un",6,7,square2cnf,Greedy,InformationGain,0,0,0,0,0,0,0,0,0,0.026977623,true,0
"breast-cancer-un",6,7,affine,Greedy,InformationGain,0,0,0,0,0,0,0,0,0,0.020604061,true,0
"breast-cancer-un",6,7,smart_certified,Greedy,InformationGain,0,0,0,0,0,0,0,0,0,0.015091758,true,0
"breast-cancer-un",6,7,cals,SparseLookahead,SparseCertified,53479,926,0,21,0,20,0,28,1054,9.978465173,true,0
"breast-cancer-un",6,7,cals_compact_explain,SelectiveLookahead,SparseCertified,21643,0,0,14,7,0,17,30,208,2.289703232,true,0
"breast-cancer-un",7,5,unary,Greedy,InformationGain,0,0,0,0,0,0,0,0,0,0.003483955,true,0
"breast-cancer-un",7,5,horn,Greedy,InformationGain,0,0,0,0,0,0,0,0,0,0.003788706,true,0
"breast-cancer-un",7,5,antihorn,Greedy,InformationGain,0,0,0,0,0,0,0,0,0,0.005119332,true,0
"breast-cancer-un",7,5,square2cnf,Greedy,InformationGain,0,0,0,0,0,0,0,0,0,0.020181061,true,0
"breast-cancer-un",7,5,affine,Greedy,InformationGain,0,0,0,0,0,0,0,0,0,0.015723108,true,0
"breast-cancer-un",7,5,smart_certified,Greedy,InformationGain,0,0,0,0,0,0,0,0,0,0.013087666,true,0
"breast-cancer-un",7,5,cals,SparseLookahead,SparseCertified,43408,860,0,22,0,20,0,30,1020,11.55792696,true,0
"breast-cancer-un",7,5,cals_compact_explain,SelectiveLookahead,SparseCertified,11003,0,0,9,9,0,12,27,240,1.734171145,true,0
"breast-cancer-un",7,7,unary,Greedy,InformationGain,0,0,0,0,0,0,0,0,0,0.004705928,true,0
"breast-cancer-un",7,7,horn,Greedy,InformationGain,0,0,0,0,0,0,0,0,0,0.004994706,true,0
"breast-cancer-un",7,7,antihorn,Greedy,InformationGain,0,0,0,0,0,0,0,0,0,0.006224676,true,0
"breast-cancer-un",7,7,square2cnf,Greedy,InformationGain,0,0,0,0,0,0,0,0,0,0.023226502,true,0
"breast-cancer-un",7,7,affine,Greedy,InformationGain,0,0,0,0,0,0,0,0,0,0.018993328,true,0
"breast-cancer-un",7,7,smart_certified,Greedy,InformationGain,0,0,0,0,0,0,0,0,0,0.016420411,true,0
"breast-cancer-un",7,7,cals,SparseLookahead,SparseCertified,43530,898,0,25,0,23,0,36,1106,13.751965041,true,0
"breast-cancer-un",7,7,cals_compact_explain,SelectiveLookahead,SparseCertified,11003,0,0,9,9,0,12,27,240,1.727408669,true,0
"breast-cancer-un",8,5,unary,Greedy,InformationGain,0,0,0,0,0,0,0,0,0,0.003324141,true,0
"breast-cancer-un",8,5,horn,Greedy,InformationGain,0,0,0,0,0,0,0,0,0,0.003677857,true,0
"breast-cancer-un",8,5,antihorn,Greedy,InformationGain,0,0,0,0,0,0,0,0,0,0.004908805,true,0
"breast-cancer-un",8,5,square2cnf,Greedy,InformationGain,0,0,0,0,0,0,0,0,0,0.020500946,true,0
"breast-cancer-un",8,5,affine,Greedy,InformationGain,0,0,0,0,0,0,0,0,0,0.01619961,true,0
"breast-cancer-un",8,5,smart_certified,Greedy,InformationGain,0,0,0,0,0,0,0,0,0,0.053824288,true,0
"breast-cancer-un",8,5,cals,SparseLookahead,SparseCertified,55888,774,0,20,0,17,0,26,918,7.549644000000001,true,0
"breast-cancer-un",8,5,cals_compact_explain,SelectiveLookahead,SparseCertified,27912,0,0,6,11,0,16,23,112,2.023996587,true,0
"breast-cancer-un",8,7,unary,Greedy,InformationGain,0,0,0,0,0,0,0,0,0,0.003930924,true,0
"breast-cancer-un",8,7,horn,Greedy,InformationGain,0,0,0,0,0,0,0,0,0,0.004317478,true,0
"breast-cancer-un",8,7,antihorn,Greedy,InformationGain,0,0,0,0,0,0,0,0,0,0.005420001,true,0
"breast-cancer-un",8,7,square2cnf,Greedy,InformationGain,0,0,0,0,0,0,0,0,0,0.023221184,true,0
"breast-cancer-un",8,7,affine,Greedy,InformationGain,0,0,0,0,0,0,0,0,0,0.020293145,true,0
"breast-cancer-un",8,7,smart_certified,Greedy,InformationGain,0,0,0,0,0,0,0,0,0,0.062672361,true,0
"breast-cancer-un",8,7,cals,SparseLookahead,SparseCertified,56461,869,0,22,0,19,0,30,1045,9.158722043,true,0
"breast-cancer-un",8,7,cals_compact_explain,SelectiveLookahead,SparseCertified,28425,0,0,8,11,0,18,27,144,2.393636823,true,0
"breast-cancer-un",9,5,unary,Greedy,InformationGain,0,0,0,0,0,0,0,0,0,0.003083216,true,0
"breast-cancer-un",9,5,horn,Greedy,InformationGain,0,0,0,0,0,0,0,0,0,0.003710524,true,0
"breast-cancer-un",9,5,antihorn,Greedy,InformationGain,0,0,0,0,0,0,0,0,0,0.004979716,true,0
"breast-cancer-un",9,5,square2cnf,Greedy,InformationGain,0,0,0,0,0,0,0,0,0,0.026531936,true,0
"breast-cancer-un",9,5,affine,Greedy,InformationGain,0,0,0,0,0,0,0,0,0,0.011049844,true,0
"breast-cancer-un",9,5,smart_certified,Greedy,InformationGain,0,0,0,0,0,0,0,0,0,0.046295957,true,0
"breast-cancer-un",9,5,cals,SparseLookahead,SparseCertified,35180,782,0,21,0,17,0,28,958,9.730112973999999,true,0
"breast-cancer-un",9,5,cals_compact_explain,SelectiveLookahead,SparseCertified,13779,0,0,7,9,0,11,23,192,1.614358765,true,0
"breast-cancer-un",9,7,unary,Greedy,InformationGain,0,0,0,0,0,0,0,0,0,0.004105121,true,0
"breast-cancer-un",9,7,horn,Greedy,InformationGain,0,0,0,0,0,0,0,0,0,0.005059571,true,0
"breast-cancer-un",9,7,antihorn,Greedy,InformationGain,0,0,0,0,0,0,0,0,0,0.00519062,true,0
"breast-cancer-un",9,7,square2cnf,Greedy,InformationGain,0,0,0,0,0,0,0,0,0,0.032055014,true,0
"breast-cancer-un",9,7,affine,Greedy,InformationGain,0,0,0,0,0,0,0,0,0,0.016617654,true,0
"breast-cancer-un",9,7,smart_certified,Greedy,InformationGain,0,0,0,0,0,0,0,0,0,0.057377958,true,0
"breast-cancer-un",9,7,cals,SparseLookahead,SparseCertified,35180,782,0,21,0,17,0,28,958,9.760701295,true,0
"breast-cancer-un",9,7,cals_compact_explain,SelectiveLookahead,SparseCertified,13779,0,0,7,9,0,11,23,192,1.630377705,true,0
"breast-wisconsin",0,5,unary,Greedy,InformationGain,0,0,0,0,0,0,0,0,0,0.005557179,true,0
"breast-wisconsin",0,5,horn,Greedy,InformationGain,0,0,0,0,0,0,0,0,0,0.006414967,true,0
"breast-wisconsin",0,5,antihorn,Greedy,InformationGain,0,0,0,0,0,0,0,0,0,0.006130982,true,0
"breast-wisconsin",0,5,square2cnf,Greedy,InformationGain,0,0,0,0,0,0,0,0,0,0.025226776,true,0
"breast-wisconsin",0,5,affine,Greedy,InformationGain,0,0,0,0,0,0,0,0,0,0.014938301,true,0
"breast-wisconsin",0,5,smart_certified,Greedy,InformationGain,0,0,0,0,0,0,0,0,0,0.030037175,true,0
"breast-wisconsin",0,5,cals,SparseLookahead,SparseCertified,2724,600,0,24,0,15,0,34,904,7.433192062000001,true,0
"breast-wisconsin",0,5,cals_compact_explain,SelectiveLookahead,SparseCertified,2747,0,0,8,17,0,15,35,320,2.222133321,true,0
"breast-wisconsin",0,7,unary,Greedy,InformationGain,0,0,0,0,0,0,0,0,0,0.006241075,true,0
"breast-wisconsin",0,7,horn,Greedy,InformationGain,0,0,0,0,0,0,0,0,0,0.006712502,true,0
"breast-wisconsin",0,7,antihorn,Greedy,InformationGain,0,0,0,0,0,0,0,0,0,0.006837021,true,0
"breast-wisconsin",0,7,square2cnf,Greedy,InformationGain,0,0,0,0,0,0,0,0,0,0.033604088,true,0
"breast-wisconsin",0,7,affine,Greedy,InformationGain,0,0,0,0,0,0,0,0,0,0.017868046,true,0
"breast-wisconsin",0,7,smart_certified,Greedy,InformationGain,0,0,0,0,0,0,0,0,0,0.032508642,true,0
"breast-wisconsin",0,7,cals,SparseLookahead,SparseCertified,2724,600,0,24,0,15,0,34,904,7.4733482559999995,true,0
"breast-wisconsin",0,7,cals_compact_explain,SelectiveLookahead,SparseCertified,2747,0,0,8,17,0,15,35,320,2.230167206,true,0
"breast-wisconsin",1,5,unary,Greedy,InformationGain,0,0,0,0,0,0,0,0,0,0.005362312,true,0
"breast-wisconsin",1,5,horn,Greedy,InformationGain,0,0,0,0,0,0,0,0,0,0.005740573,true,0
"breast-wisconsin",1,5,antihorn,Greedy,InformationGain,0,0,0,0,0,0,0,0,0,0.005827396,true,0
"breast-wisconsin",1,5,square2cnf,Greedy,InformationGain,0,0,0,0,0,0,0,0,0,0.022248936,true,0
"breast-wisconsin",1,5,affine,Greedy,InformationGain,0,0,0,0,0,0,0,0,0,0.013754219,true,0
"breast-wisconsin",1,5,smart_certified,Greedy,InformationGain,0,0,0,0,0,0,0,0,0,0.052889609,true,0
"breast-wisconsin",1,5,cals,SparseLookahead,SparseCertified,3832,715,0,23,0,18,0,32,939,1.056961598,true,0
"breast-wisconsin",1,5,cals_compact_explain,SelectiveLookahead,SparseCertified,1965,0,0,11,7,0,14,27,208,0.38364885,true,0
"breast-wisconsin",1,7,unary,Greedy,InformationGain,0,0,0,0,0,0,0,0,0,0.006280535,true,0
"breast-wisconsin",1,7,horn,Greedy,InformationGain,0,0,0,0,0,0,0,0,0,0.006372951,true,0
"breast-wisconsin",1,7,antihorn,Greedy,InformationGain,0,0,0,0,0,0,0,0,0,0.006227675,true,0
"breast-wisconsin",1,7,square2cnf,Greedy,InformationGain,0,0,0,0,0,0,0,0,0,0.026012853,true,0
"breast-wisconsin",1,7,affine,Greedy,InformationGain,0,0,0,0,0,0,0,0,0,0.017128357,true,0
"breast-wisconsin",1,7,smart_certified,Greedy,InformationGain,0,0,0,0,0,0,0,0,0,0.054957161,true,0
"breast-wisconsin",1,7,cals,SparseLookahead,SparseCertified,3832,715,0,23,0,18,0,32,939,1.0599243409999999,true,0
"breast-wisconsin",1,7,cals_compact_explain,SelectiveLookahead,SparseCertified,1965,0,0,11,7,0,14,27,208,0.385421077,true,0
"breast-wisconsin",2,5,unary,Greedy,InformationGain,0,0,0,0,0,0,0,0,0,0.005323142,true,0
"breast-wisconsin",2,5,horn,Greedy,InformationGain,0,0,0,0,0,0,0,0,0,0.00609675,true,0
"breast-wisconsin",2,5,antihorn,Greedy,InformationGain,0,0,0,0,0,0,0,0,0,0.006138757,true,0
"breast-wisconsin",2,5,square2cnf,Greedy,InformationGain,0,0,0,0,0,0,0,0,0,0.025550325,true,0
"breast-wisconsin",2,5,affine,Greedy,InformationGain,0,0,0,0,0,0,0,0,0,0.012562251,true,0
"breast-wisconsin",2,5,smart_certified,Greedy,InformationGain,0,0,0,0,0,0,0,0,0,0.052052587,true,0
"breast-wisconsin",2,5,cals,SparseLookahead,SparseCertified,3455,741,0,24,0,18,0,34,997,7.975124241,true,0
"breast-wisconsin",2,5,cals_compact_explain,SelectiveLookahead,SparseCertified,2171,0,0,11,14,0,14,35,336,1.906436485,true,0
"breast-wisconsin",2,7,unary,Greedy,InformationGain,0,0,0,0,0,0,0,0,0,0.006570912,true,0
"breast-wisconsin",2,7,horn,Greedy,InformationGain,0,0,0,0,0,0,0,0,0,0.006990949,true,0
"breast-wisconsin",2,7,antihorn,Greedy,InformationGain,0,0,0,0,0,0,0,0,0,0.007227628,true,0
"breast-wisconsin",2,7,square2cnf,Greedy,InformationGain,0,0,0,0,0,0,0,0,0,0.030603857,true,0
"breast-wisconsin",2,7,affine,Greedy,InformationGain,0,0,0,0,0,0,0,0,0,0.018241388,true,0
"breast-wisconsin",2,7,smart_certified,Greedy,InformationGain,0,0,0,0,0,0,0,0,0,0.066934224,true,0
"breast-wisconsin",2,7,cals,SparseLookahead,SparseCertified,3455,741,0,24,0,18,0,34,997,8.00949608,true,0
"breast-wisconsin",2,7,cals_compact_explain,SelectiveLookahead,SparseCertified,2171,0,0,11,14,0,14,35,336,1.907552481,true,0
"breast-wisconsin",3,5,unary,Greedy,InformationGain,0,0,0,0,0,0,0,0,0,0.005247011,true,0
"breast-wisconsin",3,5,horn,Greedy,InformationGain,0,0,0,0,0,0,0,0,0,0.005647008,true,0
"breast-wisconsin",3,5,antihorn,Greedy,InformationGain,0,0,0,0,0,0,0,0,0,0.005803504,true,0
"breast-wisconsin",3,5,square2cnf,Greedy,InformationGain,0,0,0,0,0,0,0,0,0,0.024569727,true,0
"breast-wisconsin",3,5,affine,Greedy,InformationGain,0,0,0,0,0,0,0,0,0,0.015448229,true,0
"breast-wisconsin",3,5,smart_certified,Greedy,InformationGain,0,0,0,0,0,0,0,0,0,0.052544411,true,0
"breast-wisconsin",3,5,cals,SparseLookahead,SparseCertified,4127,833,0,22,0,18,0,30,1025,7.695060426,true,0
"breast-wisconsin",3,5,cals_compact_explain,SelectiveLookahead,SparseCertified,3006,0,0,11,11,0,14,30,256,1.8973239189999997,true,0
"breast-wisconsin",3,7,unary,Greedy,InformationGain,0,0,0,0,0,0,0,0,0,0.006158278,true,0
"breast-wisconsin",3,7,horn,Greedy,InformationGain,0,0,0,0,0,0,0,0,0,0.006848021,true,0
"breast-wisconsin",3,7,antihorn,Greedy,InformationGain,0,0,0,0,0,0,0,0,0,0.006920262,true,0
"breast-wisconsin",3,7,square2cnf,Greedy,InformationGain,0,0,0,0,0,0,0,0,0,0.030457123,true,0
"breast-wisconsin",3,7,affine,Greedy,InformationGain,0,0,0,0,0,0,0,0,0,0.019631954,true,0
"breast-wisconsin",3,7,smart_certified,Greedy,InformationGain,0,0,0,0,0,0,0,0,0,0.060574581,true,0
"breast-wisconsin",3,7,cals,SparseLookahead,SparseCertified,4371,927,0,24,0,20,0,34,1151,9.344295249,true,0
"breast-wisconsin",3,7,cals_compact_explain,SelectiveLookahead,SparseCertified,3272,0,0,14,16,0,17,40,368,2.425082994,true,0
"breast-wisconsin",4,5,unary,Greedy,InformationGain,0,0,0,0,0,0,0,0,0,0.004942016,true,0
"breast-wisconsin",4,5,horn,Greedy,InformationGain,0,0,0,0,0,0,0,0,0,0.006044465,true,0
"breast-wisconsin",4,5,antihorn,Greedy,InformationGain,0,0,0,0,0,0,0,0,0,0.005973849,true,0
"breast-wisconsin",4,5,square2cnf,Greedy,InformationGain,0,0,0,0,0,0,0,0,0,0.024036722,true,0
"breast-wisconsin",4,5,affine,Greedy,InformationGain,0,0,0,0,0,0,0,0,0,0.01543106,true,0
"breast-wisconsin",4,5,smart_certified,Greedy,InformationGain,0,0,0,0,0,0,0,0,0,0.049710063,true,0
"breast-wisconsin",4,5,cals,SparseLookahead,SparseCertified,4735,748,0,24,0,18,0,34,1004,10.045160761,true,0
"breast-wisconsin",4,5,cals_compact_explain,SelectiveLookahead,SparseCertified,3757,0,0,13,15,0,18,38,320,2.757301485,true,0
"breast-wisconsin",4,7,unary,Greedy,InformationGain,0,0,0,0,0,0,0,0,0,0.006422271,true,0
"breast-wisconsin",4,7,horn,Greedy,InformationGain,0,0,0,0,0,0,0,0,0,0.00685185,true,0
"breast-wisconsin",4,7,antihorn,Greedy,InformationGain,0,0,0,0,0,0,0,0,0,0.006897351,true,0
"breast-wisconsin",4,7,square2cnf,Greedy,InformationGain,0,0,0,0,0,0,0,0,0,0.029312905,true,0
"breast-wisconsin",4,7,affine,Greedy,InformationGain,0,0,0,0,0,0,0,0,0,0.019155157,true,0
"breast-wisconsin",4,7,smart_certified,Greedy,InformationGain,0,0,0,0,0,0,0,0,0,0.053321202,true,0
"breast-wisconsin",4,7,cals,SparseLookahead,SparseCertified,4783,764,0,25,0,19,0,36,1036,10.864713024,true,0
"breast-wisconsin",4,7,cals_compact_explain,SelectiveLookahead,SparseCertified,3805,0,0,14,15,0,19,40,336,2.97359102,true,0
"breast-wisconsin",5,5,unary,Greedy,InformationGain,0,0,0,0,0,0,0,0,0,0.004745899,true,0
"breast-wisconsin",5,5,horn,Greedy,InformationGain,0,0,0,0,0,0,0,0,0,0.00523596,true,0
"breast-wisconsin",5,5,antihorn,Greedy,InformationGain,0,0,0,0,0,0,0,0,0,0.005324091,true,0
"breast-wisconsin",5,5,square2cnf,Greedy,InformationGain,0,0,0,0,0,0,0,0,0,0.019010399,true,0
"breast-wisconsin",5,5,affine,Greedy,InformationGain,0,0,0,0,0,0,0,0,0,0.011823682,true,0
"breast-wisconsin",5,5,smart_certified,Greedy,InformationGain,0,0,0,0,0,0,0,0,0,0.044981723,true,0
"breast-wisconsin",5,5,cals,SparseLookahead,SparseCertified,5368,690,0,21,0,16,0,28,882,6.313358629,true,0
"breast-wisconsin",5,5,cals_compact_explain,SelectiveLookahead,SparseCertified,3612,0,0,5,14,0,14,26,192,2.0030160439999998,true,0
"breast-wisconsin",5,7,unary,Greedy,InformationGain,0,0,0,0,0,0,0,0,0,0.005689599,true,0
"breast-wisconsin",5,7,horn,Greedy,InformationGain,0,0,0,0,0,0,0,0,0,0.005573956,true,0
"breast-wisconsin",5,7,antihorn,Greedy,InformationGain,0,0,0,0,0,0,0,0,0,0.005726946,true,0
"breast-wisconsin",5,7,square2cnf,Greedy,InformationGain,0,0,0,0,0,0,0,0,0,0.020559469,true,0
"breast-wisconsin",5,7,affine,Greedy,InformationGain,0,0,0,0,0,0,0,0,0,0.016422029,true,0
"breast-wisconsin",5,7,smart_certified,Greedy,InformationGain,0,0,0,0,0,0,0,0,0,0.053018709,true,0
"breast-wisconsin",5,7,cals,SparseLookahead,SparseCertified,5769,765,0,23,0,18,0,32,989,7.761669702,true,0
"breast-wisconsin",5,7,cals_compact_explain,SelectiveLookahead,SparseCertified,3909,0,0,13,11,0,15,33,288,2.180503419,true,0
"breast-wisconsin",6,5,unary,Greedy,InformationGain,0,0,0,0,0,0,0,0,0,0.00529565,true,0
"breast-wisconsin",6,5,horn,Greedy,InformationGain,0,0,0,0,0,0,0,0,0,0.006064772,true,0
"breast-wisconsin",6,5,antihorn,Greedy,InformationGain,0,0,0,0,0,0,0,0,0,0.006127993,true,0
"breast-wisconsin",6,5,square2cnf,Greedy,InformationGain,0,0,0,0,0,0,0,0,0,0.025643492,true,0
"breast-wisconsin",6,5,affine,Greedy,InformationGain,0,0,0,0,0,0,0,0,0,0.013577915,true,0
"breast-wisconsin",6,5,smart_certified,Greedy,InformationGain,0,0,0,0,0,0,0,0,0,0.041582353,true,0
"breast-wisconsin",6,5,cals,SparseLookahead,SparseCertified,2663,622,0,23,0,16,0,32,878,7.69147125,true,0
"breast-wisconsin",6,5,cals_compact_explain,SelectiveLookahead,SparseCertified,2249,0,0,9,18,0,12,36,384,1.764771802,true,0
"breast-wisconsin",6,7,unary,Greedy,InformationGain,0,0,0,0,0,0,0,0,0,0.006854584,true,0
"breast-wisconsin",6,7,horn,Greedy,InformationGain,0,0,0,0,0,0,0,0,0,0.006547324,true,0
"breast-wisconsin",6,7,antihorn,Greedy,InformationGain,0,0,0,0,0,0,0,0,0,0.006637741,true,0
"breast-wisconsin",6,7,square2cnf,Greedy,InformationGain,0,0,0,0,0,0,0,0,0,0.028917301,true,0
"breast-wisconsin",6,7,affine,Greedy,InformationGain,0,0,0,0,0,0,0,0,0,0.017825065,true,0
"breast-wisconsin",6,7,smart_certified,Greedy,InformationGain,0,0,0,0,0,0,0,0,0,0.042126847,true,0
"breast-wisconsin",6,7,cals,SparseLookahead,SparseCertified,2663,622,0,23,0,16,0,32,878,7.626257048,true,0
"breast-wisconsin",6,7,cals_compact_explain,SelectiveLookahead,SparseCertified,2249,0,0,9,18,0,12,36,384,1.8227075059999998,true,0
"breast-wisconsin",7,5,unary,Greedy,InformationGain,0,0,0,0,0,0,0,0,0,0.004727707,true,0
"breast-wisconsin",7,5,horn,Greedy,InformationGain,0,0,0,0,0,0,0,0,0,0.006155252,true,0
"breast-wisconsin",7,5,antihorn,Greedy,InformationGain,0,0,0,0,0,0,0,0,0,0.006361692,true,0
"breast-wisconsin",7,5,square2cnf,Greedy,InformationGain,0,0,0,0,0,0,0,0,0,0.025881063,true,0
"breast-wisconsin",7,5,affine,Greedy,InformationGain,0,0,0,0,0,0,0,0,0,0.013786353,true,0
"breast-wisconsin",7,5,smart_certified,Greedy,InformationGain,0,0,0,0,0,0,0,0,0,0.04404145,true,0
"breast-wisconsin",7,5,cals,SparseLookahead,SparseCertified,4074,725,0,29,0,17,0,37,1045,8.917103528,true,0
"breast-wisconsin",7,5,cals_compact_explain,SelectiveLookahead,SparseCertified,2344,0,0,13,10,0,11,31,320,1.5972296289999999,true,0
"breast-wisconsin",7,7,unary,Greedy,InformationGain,0,0,0,0,0,0,0,0,0,0.005926492,true,0
"breast-wisconsin",7,7,horn,Greedy,InformationGain,0,0,0,0,0,0,0,0,0,0.006735519,true,0
"breast-wisconsin",7,7,antihorn,Greedy,InformationGain,0,0,0,0,0,0,0,0,0,0.006863493,true,0
"breast-wisconsin",7,7,square2cnf,Greedy,InformationGain,0,0,0,0,0,0,0,0,0,0.029262303,true,0
"breast-wisconsin",7,7,affine,Greedy,InformationGain,0,0,0,0,0,0,0,0,0,0.017630974,true,0
"breast-wisconsin",7,7,smart_certified,Greedy,InformationGain,0,0,0,0,0,0,0,0,0,0.046594813,true,0
"breast-wisconsin",7,7,cals,SparseLookahead,SparseCertified,4074,725,0,29,0,17,0,37,1045,8.795801185,true,0
"breast-wisconsin",7,7,cals_compact_explain,SelectiveLookahead,SparseCertified,2344,0,0,13,10,0,11,31,320,1.597557165,true,0
"breast-wisconsin",8,5,unary,Greedy,InformationGain,0,0,0,0,0,0,0,0,0,0.005661999,true,0
"breast-wisconsin",8,5,horn,Greedy,InformationGain,0,0,0,0,0,0,0,0,0,0.00597754,true,0
"breast-wisconsin",8,5,antihorn,Greedy,InformationGain,0,0,0,0,0,0,0,0,0,0.006164778,true,0
"breast-wisconsin",8,5,square2cnf,Greedy,InformationGain,0,0,0,0,0,0,0,0,0,0.024178864,true,0
"breast-wisconsin",8,5,affine,Greedy,InformationGain,0,0,0,0,0,0,0,0,0,0.014005432,true,0
"breast-wisconsin",8,5,smart_certified,Greedy,InformationGain,0,0,0,0,0,0,0,0,0,0.048267481,true,0
"breast-wisconsin",8,5,cals,SparseLookahead,SparseCertified,3581,870,0,25,0,20,0,36,1126,9.831426828,true,0
"breast-wisconsin",8,5,cals_compact_explain,SelectiveLookahead,SparseCertified,2507,0,0,10,18,0,13,38,400,1.970674882,true,0
"breast-wisconsin",8,7,unary,Greedy,InformationGain,0,0,0,0,0,0,0,0,0,0.006549124,true,0
"breast-wisconsin",8,7,horn,Greedy,InformationGain,0,0,0,0,0,0,0,0,0,0.006815051,true,0
"breast-wisconsin",8,7,antihorn,Greedy,InformationGain,0,0,0,0,0,0,0,0,0,0.00707449,true,0
"breast-wisconsin",8,7,square2cnf,Greedy,InformationGain,0,0,0,0,0,0,0,0,0,0.029730571,true,0
"breast-wisconsin",8,7,affine,Greedy,InformationGain,0,0,0,0,0,0,0,0,0,0.020142162,true,0
"breast-wisconsin",8,7,smart_certified,Greedy,InformationGain,0,0,0,0,0,0,0,0,0,0.055423009,true,0
"breast-wisconsin",8,7,cals,SparseLookahead,SparseCertified,3581,870,0,25,0,20,0,36,1126,9.821126928,true,0
"breast-wisconsin",8,7,cals_compact_explain,SelectiveLookahead,SparseCertified,2507,0,0,10,18,0,13,38,400,1.961670194,true,0
"breast-wisconsin",9,5,unary,Greedy,InformationGain,0,0,0,0,0,0,0,0,0,0.005381701,true,0
"breast-wisconsin",9,5,horn,Greedy,InformationGain,0,0,0,0,0,0,0,0,0,0.005831157,true,0
"breast-wisconsin",9,5,antihorn,Greedy,InformationGain,0,0,0,0,0,0,0,0,0,0.005555165,true,0
"breast-wisconsin",9,5,square2cnf,Greedy,InformationGain,0,0,0,0,0,0,0,0,0,0.021310491,true,0
"breast-wisconsin",9,5,affine,Greedy,InformationGain,0,0,0,0,0,0,0,0,0,0.01396458,true,0
"breast-wisconsin",9,5,smart_certified,Greedy,InformationGain,0,0,0,0,0,0,0,0,0,0.033353735,true,0
"breast-wisconsin",9,5,cals,SparseLookahead,SparseCertified,3050,639,0,23,0,17,0,32,879,1.490119505,true,0
"breast-wisconsin",9,5,cals_compact_explain,SelectiveLookahead,SparseCertified,1674,0,0,11,6,0,11,25,224,0.19448751900000003,true,0
"breast-wisconsin",9,7,unary,Greedy,InformationGain,0,0,0,0,0,0,0,0,0,0.005808967,true,0
"breast-wisconsin",9,7,horn,Greedy,InformationGain,0,0,0,0,0,0,0,0,0,0.006218422,true,0
"breast-wisconsin",9,7,antihorn,Greedy,InformationGain,0,0,0,0,0,0,0,0,0,0.006102524,true,0
"breast-wisconsin",9,7,square2cnf,Greedy,InformationGain,0,0,0,0,0,0,0,0,0,0.025248988,true,0
"breast-wisconsin",9,7,affine,Greedy,InformationGain,0,0,0,0,0,0,0,0,0,0.016947121,true,0
"breast-wisconsin",9,7,smart_certified,Greedy,InformationGain,0,0,0,0,0,0,0,0,0,0.034703979,true,0
"breast-wisconsin",9,7,cals,SparseLookahead,SparseCertified,3050,639,0,23,0,17,0,32,879,1.4866938699999999,true,0
"breast-wisconsin",9,7,cals_compact_explain,SelectiveLookahead,SparseCertified,1674,0,0,11,6,0,11,25,224,0.195043081,true,0
"car-un",0,5,unary,Greedy,InformationGain,0,0,0,0,0,0,0,0,0,0.001235388,true,0
"car-un",0,5,horn,Greedy,InformationGain,0,0,0,0,0,0,0,0,0,0.003331448,true,0
"car-un",0,5,antihorn,Greedy,InformationGain,0,0,0,0,0,0,0,0,0,0.004606428,true,0
"car-un",0,5,square2cnf,Greedy,InformationGain,0,0,0,0,0,0,0,0,0,0.061110616,true,0
"car-un",0,5,affine,Greedy,InformationGain,0,0,0,0,0,0,0,0,0,0.016155141,true,0
"car-un",0,5,smart_certified,Greedy,InformationGain,0,0,0,0,0,0,0,0,0,0.013434769,true,0
"car-un",0,5,cals,SparseLookahead,SparseCertified,27981,861,0,26,0,25,0,38,1069,1.452983184,true,0
"car-un",0,5,cals_compact_explain,SelectiveLookahead,SparseCertified,10917,0,0,16,5,0,19,33,224,0.7467626940000001,true,0
"car-un",0,7,unary,Greedy,InformationGain,0,0,0,0,0,0,0,0,0,0.00195901,true,0
"car-un",0,7,horn,Greedy,InformationGain,0,0,0,0,0,0,0,0,0,0.005061593,true,0
"car-un",0,7,antihorn,Greedy,InformationGain,0,0,0,0,0,0,0,0,0,0.007414082,true,0
"car-un",0,7,square2cnf,Greedy,InformationGain,0,0,0,0,0,0,0,0,0,0.107206331,true,0
"car-un",0,7,affine,Greedy,InformationGain,0,0,0,0,0,0,0,0,0,0.027796879,true,0
"car-un",0,7,smart_certified,Greedy,InformationGain,0,0,0,0,0,0,0,0,0,0.016460297,true,0
"car-un",0,7,cals,SparseLookahead,SparseCertified,28541,1082,0,36,0,35,0,58,1438,1.48763394,true,0
"car-un",0,7,cals_compact_explain,SelectiveLookahead,SparseCertified,11396,0,0,27,5,0,30,55,388,0.766670199,true,0
"car-un",1,5,unary,Greedy,InformationGain,0,0,0,0,0,0,0,0,0,0.001219345,true,0
"car-un",1,5,horn,Greedy,InformationGain,0,0,0,0,0,0,0,0,0,0.003092422,true,0
"car-un",1,5,antihorn,Greedy,InformationGain,0,0,0,0,0,0,0,0,0,0.004284747,true,0
"car-un",1,5,square2cnf,Greedy,InformationGain,0,0,0,0,0,0,0,0,0,0.058752576,true,0
"car-un",1,5,affine,Greedy,InformationGain,0,0,0,0,0,0,0,0,0,0.015131474,true,0
"car-un",1,5,smart_certified,Greedy,InformationGain,0,0,0,0,0,0,0,0,0,0.013204727,true,0
"car-un",1,5,cals,SparseLookahead,SparseCertified,22771,825,0,25,0,24,0,36,1017,1.577410443,true,0
"car-un",1,5,cals_compact_explain,SelectiveLookahead,SparseCertified,7151,0,0,15,2,0,16,28,192,0.143636752,true,0
"car-un",1,7,unary,Greedy,InformationGain,0,0,0,0,0,0,0,0,0,0.001950067,true,0
"car-un",1,7,horn,Greedy,InformationGain,0,0,0,0,0,0,0,0,0,0.004670303,true,0
"car-un",1,7,antihorn,Greedy,InformationGain,0,0,0,0,0,0,0,0,0,0.005938422,true,0
"car-un",1,7,square2cnf,Greedy,InformationGain,0,0,0,0,0,0,0,0,0,0.116734682,true,0
"car-un",1,7,affine,Greedy,InformationGain,0,0,0,0,0,0,0,0,0,0.029951466,true,0
"car-un",1,7,smart_certified,Greedy,InformationGain,0,0,0,0,0,0,0,0,0,0.016020071,true,0
"car-un",1,7,cals,SparseLookahead,SparseCertified,23305,1043,0,34,0,33,0,54,1372,1.622016355,true,0
"car-un",1,7,cals_compact_explain,SelectiveLookahead,SparseCertified,7580,0,0,24,2,0,25,46,329,0.148691559,true,0
"car-un",2,5,unary,Greedy,InformationGain,0,0,0,0,0,0,0,0,0,0.001309333,true,0
"car-un",2,5,horn,Greedy,InformationGain,0,0,0,0,0,0,0,0,0,0.003274767,true,0
"car-un",2,5,antihorn,Greedy,InformationGain,0,0,0,0,0,0,0,0,0,0.004954442,true,0
"car-un",2,5,square2cnf,Greedy,InformationGain,0,0,0,0,0,0,0,0,0,0.064397717,true,0
"car-un",2,5,affine,Greedy,InformationGain,0,0,0,0,0,0,0,0,0,0.015161527,true,0
"car-un",2,5,smart_certified,Greedy,InformationGain,0,0,0,0,0,0,0,0,0,0.013130889,true,0
"car-un",2,5,cals,SparseLookahead,SparseCertified,25265,793,0,24,0,23,0,34,969,1.8281770620000002,true,0
"car-un",2,5,cals_compact_explain,SelectiveLookahead,SparseCertified,11466,0,0,13,3,0,15,26,176,0.790494799,true,0
"car-un",2,7,unary,Greedy,InformationGain,0,0,0,0,0,0,0,0,0,0.002104013,true,0
"car-un",2,7,horn,Greedy,InformationGain,0,0,0,0,0,0,0,0,0,0.004956804,true,0
"car-un",2,7,antihorn,Greedy,InformationGain,0,0,0,0,0,0,0,0,0,0.007932638,true,0
"car-un",2,7,square2cnf,Greedy,InformationGain,0,0,0,0,0,0,0,0,0,0.112910417,true,0
"car-un",2,7,affine,Greedy,InformationGain,0,0,0,0,0,0,0,0,0,0.029308156,true,0
"car-un",2,7,smart_certified,Greedy,InformationGain,0,0,0,0,0,0,0,0,0,0.017317519,true,0
"car-un",2,7,cals,SparseLookahead,SparseCertified,25761,1015,0,32,0,31,0,50,1319,1.856770262,true,0
"car-un",2,7,cals_compact_explain,SelectiveLookahead,SparseCertified,11868,0,0,21,3,0,23,42,304,0.804859838,true,0
"car-un",3,5,unary,Greedy,InformationGain,0,0,0,0,0,0,0,0,0,0.001259126,true,0
"car-un",3,5,horn,Greedy,InformationGain,0,0,0,0,0,0,0,0,0,0.003113463,true,0
"car-un",3,5,antihorn,Greedy,InformationGain,0,0,0,0,0,0,0,0,0,0.004233355,true,0
"car-un",3,5,square2cnf,Greedy,InformationGain,0,0,0,0,0,0,0,0,0,0.048663416,true,0
"car-un",3,5,affine,Greedy,InformationGain,0,0,0,0,0,0,0,0,0,0.016978377,true,0
"car-un",3,5,smart_certified,Greedy,InformationGain,0,0,0,0,0,0,0,0,0,0.013680817,true,0
"car-un",3,5,cals,SparseLookahead,SparseCertified,31160,922,0,28,0,27,0,42,1162,1.844189804,true,0
"car-un",3,5,cals_compact_explain,SelectiveLookahead,SparseCertified,7815,0,0,15,8,0,21,37,256,0.178878902,true,0
"car-un",3,7,unary,Greedy,InformationGain,0,0,0,0,0,0,0,0,0,0.001951783,true,0
"car-un",3,7,horn,Greedy,InformationGain,0,0,0,0,0,0,0,0,0,0.005404516,true,0
"car-un",3,7,antihorn,Greedy,InformationGain,0,0,0,0,0,0,0,0,0,0.00614903,true,0
"car-un",3,7,square2cnf,Greedy,InformationGain,0,0,0,0,0,0,0,0,0,0.085182502,true,0
"car-un",3,7,affine,Greedy,InformationGain,0,0,0,0,0,0,0,0,0,0.029897144,true,0
"car-un",3,7,smart_certified,Greedy,InformationGain,0,0,0,0,0,0,0,0,0,0.015461862,true,0
"car-un",3,7,cals,SparseLookahead,SparseCertified,31490,1063,0,37,0,36,0,60,1438,1.8772926429999999,true,0
"car-un",3,7,cals_compact_explain,SelectiveLookahead,SparseCertified,8092,0,0,24,8,0,30,55,391,0.19105828400000002,true,0
"car-un",4,5,unary,Greedy,InformationGain,0,0,0,0,0,0,0,0,0,0.001243498,true,0
"car-un",4,5,horn,Greedy,InformationGain,0,0,0,0,0,0,0,0,0,0.002921802,true,0
"car-un",4,5,antihorn,Greedy,InformationGain,0,0,0,0,0,0,0,0,0,0.00376448,true,0
"car-un",4,5,square2cnf,Greedy,InformationGain,0,0,0,0,0,0,0,0,0,0.044159033,true,0
"car-un",4,5,affine,Greedy,InformationGain,0,0,0,0,0,0,0,0,0,0.015701857,true,0
"car-un",4,5,smart_certified,Greedy,InformationGain,0,0,0,0,0,0,0,0,0,0.013117464,true,0
"car-un",4,5,cals,SparseLookahead,SparseCertified,26880,793,0,24,0,23,0,34,969,1.8641739640000001,true,0
"car-un",4,5,cals_compact_explain,SelectiveLookahead,SparseCertified,13796,0,0,12,7,0,18,29,176,1.411646399,true,0
"car-un",4,7,unary,Greedy,InformationGain,0,0,0,0,0,0,0,0,0,0.001930353,true,0
"car-un",4,7,horn,Greedy,InformationGain,0,0,0,0,0,0,0,0,0,0.004759157,true,0
"car-un",4,7,antihorn,Greedy,InformationGain,0,0,0,0,0,0,0,0,0,0.006118653,true,0
"car-un",4,7,square2cnf,Greedy,InformationGain,0,0,0,0,0,0,0,0,0,0.088985275,true,0
"car-un",4,7,affine,Greedy,InformationGain,0,0,0,0,0,0,0,0,0,0.029330403,true,0
"car-un",4,7,smart_certified,Greedy,InformationGain,0,0,0,0,0,0,0,0,0,0.015257089,true,0
"car-un",4,7,cals,SparseLookahead,SparseCertified,27324,992,0,32,0,31,0,50,1296,1.9312019280000001,true,0
"car-un",4,7,cals_compact_explain,SelectiveLookahead,SparseCertified,14161,0,0,20,7,0,26,45,304,1.44107395,true,0
"car-un",5,5,unary,Greedy,InformationGain,0,0,0,0,0,0,0,0,0,0.001236786,true,0
"car-un",5,5,horn,Greedy,InformationGain,0,0,0,0,0,0,0,0,0,0.004381351,true,0
"car-un",5,5,antihorn,Greedy,InformationGain,0,0,0,0,0,0,0,0,0,0.004066164,true,0
"car-un",5,5,square2cnf,Greedy,InformationGain,0,0,0,0,0,0,0,0,0,0.049060708,true,0
"car-un",5,5,affine,Greedy,InformationGain,0,0,0,0,0,0,0,0,0,0.016306358,true,0
"car-un",5,5,smart_certified,Greedy,InformationGain,0,0,0,0,0,0,0,0,0,0.01308427,true,0
"car-un",5,5,cals,SparseLookahead,SparseCertified,22166,849,0,27,0,25,0,40,1089,2.1130025669999997,true,0
"car-un",5,5,cals_compact_explain,SelectiveLookahead,SparseCertified,6133,0,0,16,6,0,21,35,224,0.224211801,true,0
"car-un",5,7,unary,Greedy,InformationGain,0,0,0,0,0,0,0,0,0,0.001927477,true,0
"car-un",5,7,horn,Greedy,InformationGain,0,0,0,0,0,0,0,0,0,0.004878296,true,0
"car-un",5,7,antihorn,Greedy,InformationGain,0,0,0,0,0,0,0,0,0,0.006279869,true,0
"car-un",5,7,square2cnf,Greedy,InformationGain,0,0,0,0,0,0,0,0,0,0.086408328,true,0
"car-un",5,7,affine,Greedy,InformationGain,0,0,0,0,0,0,0,0,0,0.02867778,true,0
"car-un",5,7,smart_certified,Greedy,InformationGain,0,0,0,0,0,0,0,0,0,0.01665082,true,0
"car-un",5,7,cals,SparseLookahead,SparseCertified,22508,978,0,36,0,34,0,58,1350,2.158731849,true,0
"car-un",5,7,cals_compact_explain,SelectiveLookahead,SparseCertified,6434,0,0,25,6,0,30,53,356,0.23740054000000002,true,0
"car-un",6,5,unary,Greedy,InformationGain,0,0,0,0,0,0,0,0,0,0.00126635,true,0
"car-un",6,5,horn,Greedy,InformationGain,0,0,0,0,0,0,0,0,0,0.002718602,true,0
"car-un",6,5,antihorn,Greedy,InformationGain,0,0,0,0,0,0,0,0,0,0.004359577,true,0
"car-un",6,5,square2cnf,Greedy,InformationGain,0,0,0,0,0,0,0,0,0,0.038664418,true,0
"car-un",6,5,affine,Greedy,InformationGain,0,0,0,0,0,0,0,0,0,0.015847552,true,0
"car-un",6,5,smart_certified,Greedy,InformationGain,0,0,0,0,0,0,0,0,0,0.013646096,true,0
"car-un",6,5,cals,SparseLookahead,SparseCertified,27333,785,0,24,0,23,0,34,961,1.5462723070000002,true,0
"car-un",6,5,cals_compact_explain,SelectiveLookahead,SparseCertified,7557,0,0,18,7,0,19,35,256,0.180738088,true,0
"car-un",6,7,unary,Greedy,InformationGain,0,0,0,0,0,0,0,0,0,0.002088242,true,0
"car-un",6,7,horn,Greedy,InformationGain,0,0,0,0,0,0,0,0,0,0.004925509,true,0
"car-un",6,7,antihorn,Greedy,InformationGain,0,0,0,0,0,0,0,0,0,0.007507476,true,0
"car-un",6,7,square2cnf,Greedy,InformationGain,0,0,0,0,0,0,0,0,0,0.072454399,true,0
"car-un",6,7,affine,Greedy,InformationGain,0,0,0,0,0,0,0,0,0,0.031275153,true,0
"car-un",6,7,smart_certified,Greedy,InformationGain,0,0,0,0,0,0,0,0,0,0.016598081,true,0
"car-un",6,7,cals,SparseLookahead,SparseCertified,27868,1005,0,33,0,32,0,52,1313,1.57897767,true,0
"car-un",6,7,cals_compact_explain,SelectiveLookahead,SparseCertified,7998,0,0,27,7,0,28,53,388,0.18839098699999998,true,0
"car-un",7,5,unary,Greedy,InformationGain,0,0,0,0,0,0,0,0,0,0.001243249,true,0
"car-un",7,5,horn,Greedy,InformationGain,0,0,0,0,0,0,0,0,0,0.004464933,true,0
"car-un",7,5,antihorn,Greedy,InformationGain,0,0,0,0,0,0,0,0,0,0.004351902,true,0
"car-un",7,5,square2cnf,Greedy,InformationGain,0,0,0,0,0,0,0,0,0,0.048279565,true,0
"car-un",7,5,affine,Greedy,InformationGain,0,0,0,0,0,0,0,0,0,0.016000168,true,0
"car-un",7,5,smart_certified,Greedy,InformationGain,0,0,0,0,0,0,0,0,0,0.014290138,true,0
"car-un",7,5,cals,SparseLookahead,SparseCertified,28047,820,0,25,0,24,0,36,1012,1.420376587,true,0
"car-un",7,5,cals_compact_explain,SelectiveLookahead,SparseCertified,7467,0,0,15,5,0,18,31,208,0.16928580499999998,true,0
"car-un",7,7,unary,Greedy,InformationGain,0,0,0,0,0,0,0,0,0,0.002070608,true,0
"car-un",7,7,horn,Greedy,InformationGain,0,0,0,0,0,0,0,0,0,0.005959748,true,0
"car-un",7,7,antihorn,Greedy,InformationGain,0,0,0,0,0,0,0,0,0,0.006645018,true,0
"car-un",7,7,square2cnf,Greedy,InformationGain,0,0,0,0,0,0,0,0,0,0.08728405,true,0
"car-un",7,7,affine,Greedy,InformationGain,0,0,0,0,0,0,0,0,0,0.031105127,true,0
"car-un",7,7,smart_certified,Greedy,InformationGain,0,0,0,0,0,0,0,0,0,0.016679087,true,0
"car-un",7,7,cals,SparseLookahead,SparseCertified,28627,1063,0,34,0,33,0,54,1399,1.4588337839999999,true,0
"car-un",7,7,cals_compact_explain,SelectiveLookahead,SparseCertified,7944,0,0,24,5,0,27,49,352,0.18231914500000002,true,0
"car-un",8,5,unary,Greedy,InformationGain,0,0,0,0,0,0,0,0,0,0.001279577,true,0
"car-un",8,5,horn,Greedy,InformationGain,0,0,0,0,0,0,0,0,0,0.002685271,true,0
"car-un",8,5,antihorn,Greedy,InformationGain,0,0,0,0,0,0,0,0,0,0.004106002,true,0
"car-un",8,5,square2cnf,Greedy,InformationGain,0,0,0,0,0,0,0,0,0,0.043290783,true,0
"car-un",8,5,affine,Greedy,InformationGain,0,0,0,0,0,0,0,0,0,0.016231038,true,0
"car-un",8,5,smart_certified,Greedy,InformationGain,0,0,0,0,0,0,0,0,0,0.012990431,true,0
"car-un",8,5,cals,SparseLookahead,SparseCertified,28314,863,0,26,0,25,0,38,1071,1.745423216,true,0
"car-un",8,5,cals_compact_explain,SelectiveLookahead,SparseCertified,7362,0,0,14,7,0,19,33,224,0.200716871,true,0
"car-un",8,7,unary,Greedy,InformationGain,0,0,0,0,0,0,0,0,0,0.001979469,true,0
"car-un",8,7,horn,Greedy,InformationGain,0,0,0,0,0,0,0,0,0,0.005320915,true,0
"car-un",8,7,antihorn,Greedy,InformationGain,0,0,0,0,0,0,0,0,0,0.006619785,true,0
"car-un",8,7,square2cnf,Greedy,InformationGain,0,0,0,0,0,0,0,0,0,0.075893687,true,0
"car-un",8,7,affine,Greedy,InformationGain,0,0,0,0,0,0,0,0,0,0.029865779,true,0
"car-un",8,7,smart_certified,Greedy,InformationGain,0,0,0,0,0,0,0,0,0,0.015651923,true,0
"car-un",8,7,cals,SparseLookahead,SparseCertified,28728,1063,0,34,0,33,0,54,1399,1.7625962009999998,true,0
"car-un",8,7,cals_compact_explain,SelectiveLookahead,SparseCertified,7711,0,0,22,7,0,27,49,352,0.205908766,true,0
"car-un",9,5,unary,Greedy,InformationGain,0,0,0,0,0,0,0,0,0,0.00123903,true,0
"car-un",9,5,horn,Greedy,InformationGain,0,0,0,0,0,0,0,0,0,0.002904204,true,0
"car-un",9,5,antihorn,Greedy,InformationGain,0,0,0,0,0,0,0,0,0,0.00452474,true,0
"car-un",9,5,square2cnf,Greedy,InformationGain,0,0,0,0,0,0,0,0,0,0.049710037,true,0
"car-un",9,5,affine,Greedy,InformationGain,0,0,0,0,0,0,0,0,0,0.019108735,true,0
"car-un",9,5,smart_certified,Greedy,InformationGain,0,0,0,0,0,0,0,0,0,0.013796405,true,0
"car-un",9,5,cals,SparseLookahead,SparseCertified,27502,799,0,24,0,23,0,34,975,2.023122517,true,0
"car-un",9,5,cals_compact_explain,SelectiveLookahead,SparseCertified,20088,0,0,20,6,0,27,36,144,3.15580702,true,0
"car-un",9,7,unary,Greedy,InformationGain,0,0,0,0,0,0,0,0,0,0.001812392,true,0
"car-un",9,7,horn,Greedy,InformationGain,0,0,0,0,0,0,0,0,0,0.004540226,true,0
"car-un",9,7,antihorn,Greedy,InformationGain,0,0,0,0,0,0,0,0,0,0.005692697,true,0
"car-un",9,7,square2cnf,Greedy,InformationGain,0,0,0,0,0,0,0,0,0,0.07723688,true,0
"car-un",9,7,affine,Greedy,InformationGain,0,0,0,0,0,0,0,0,0,0.028337886,true,0
"car-un",9,7,smart_certified,Greedy,InformationGain,0,0,0,0,0,0,0,0,0,0.015569962,true,0
"car-un",9,7,cals,SparseLookahead,SparseCertified,27911,980,0,31,0,30,0,48,1261,2.021947787,true,0
"car-un",9,7,cals_compact_explain,SelectiveLookahead,SparseCertified,14115,0,0,25,7,0,28,49,329,1.250795293,true,0
"car_evaluation-bin",0,5,unary,Greedy,InformationGain,0,0,0,0,0,0,0,0,0,0.000923915,true,0
"car_evaluation-bin",0,5,horn,Greedy,InformationGain,0,0,0,0,0,0,0,0,0,0.003686011,true,0
"car_evaluation-bin",0,5,antihorn,Greedy,InformationGain,0,0,0,0,0,0,0,0,0,0.00329393,true,0
"car_evaluation-bin",0,5,square2cnf,Greedy,InformationGain,0,0,0,0,0,0,0,0,0,0.033183994,true,0
"car_evaluation-bin",0,5,affine,Greedy,InformationGain,0,0,0,0,0,0,0,0,0,0.013681441,true,0
"car_evaluation-bin",0,5,smart_certified,Greedy,InformationGain,0,0,0,0,0,0,0,0,0,0.012874844,true,0
"car_evaluation-bin",0,5,cals,SparseLookahead,SparseCertified,23029,662,0,26,0,24,0,38,886,1.1469326670000002,true,0
"car_evaluation-bin",0,5,cals_compact_explain,SelectiveLookahead,SparseCertified,6282,0,0,20,4,0,23,36,208,0.11807975899999999,true,0
"car_evaluation-bin",0,7,unary,Greedy,InformationGain,0,0,0,0,0,0,0,0,0,0.00125493,true,0
"car_evaluation-bin",0,7,horn,Greedy,InformationGain,0,0,0,0,0,0,0,0,0,0.005553401,true,0
"car_evaluation-bin",0,7,antihorn,Greedy,InformationGain,0,0,0,0,0,0,0,0,0,0.004900477,true,0
"car_evaluation-bin",0,7,square2cnf,Greedy,InformationGain,0,0,0,0,0,0,0,0,0,0.07327132,true,0
"car_evaluation-bin",0,7,affine,Greedy,InformationGain,0,0,0,0,0,0,0,0,0,0.02076763,true,0
"car_evaluation-bin",0,7,smart_certified,Greedy,InformationGain,0,0,0,0,0,0,0,0,0,0.01532152,true,0
"car_evaluation-bin",0,7,cals,SparseLookahead,SparseCertified,23501,820,0,44,0,42,0,74,1248,1.1547588549999999,true,0
"car_evaluation-bin",0,7,cals_compact_explain,SelectiveLookahead,SparseCertified,6699,0,0,38,4,0,41,72,412,0.12053238299999999,true,0
"car_evaluation-bin",1,5,unary,Greedy,InformationGain,0,0,0,0,0,0,0,0,0,0.000903951,true,0
"car_evaluation-bin",1,5,horn,Greedy,InformationGain,0,0,0,0,0,0,0,0,0,0.003845652,true,0
"car_evaluation-bin",1,5,antihorn,Greedy,InformationGain,0,0,0,0,0,0,0,0,0,0.003626331,true,0
"car_evaluation-bin",1,5,square2cnf,Greedy,InformationGain,0,0,0,0,0,0,0,0,0,0.044357012,true,0
"car_evaluation-bin",1,5,affine,Greedy,InformationGain,0,0,0,0,0,0,0,0,0,0.013186282,true,0
"car_evaluation-bin",1,5,smart_certified,Greedy,InformationGain,0,0,0,0,0,0,0,0,0,0.012563527,true,0
"car_evaluation-bin",1,5,cals,SparseLookahead,SparseCertified,22337,662,0,27,0,25,0,40,898,0.866188411,true,0
"car_evaluation-bin",1,5,cals_compact_explain,SelectiveLookahead,SparseCertified,6305,0,0,19,3,0,21,35,220,0.120440028,true,0
"car_evaluation-bin",1,7,unary,Greedy,InformationGain,0,0,0,0,0,0,0,0,0,0.001326653,true,0
"car_evaluation-bin",1,7,horn,Greedy,InformationGain,0,0,0,0,0,0,0,0,0,0.005591069,true,0
"car_evaluation-bin",1,7,antihorn,Greedy,InformationGain,0,0,0,0,0,0,0,0,0,0.004965295,true,0
"car_evaluation-bin",1,7,square2cnf,Greedy,InformationGain,0,0,0,0,0,0,0,0,0,0.079485344,true,0
"car_evaluation-bin",1,7,affine,Greedy,InformationGain,0,0,0,0,0,0,0,0,0,0.021895528,true,0
"car_evaluation-bin",1,7,smart_certified,Greedy,InformationGain,0,0,0,0,0,0,0,0,0,0.014755154,true,0
"car_evaluation-bin",1,7,cals,SparseLookahead,SparseCertified,22692,808,0,41,0,39,0,68,1202,0.8776803860000001,true,0
"car_evaluation-bin",1,7,cals_compact_explain,SelectiveLookahead,SparseCertified,6660,0,0,33,3,0,35,63,378,0.12079465800000001,true,0
"car_evaluation-bin",2,5,unary,Greedy,InformationGain,0,0,0,0,0,0,0,0,0,0.000913354,true,0
"car_evaluation-bin",2,5,horn,Greedy,InformationGain,0,0,0,0,0,0,0,0,0,0.003940026,true,0
"car_evaluation-bin",2,5,antihorn,Greedy,InformationGain,0,0,0,0,0,0,0,0,0,0.003516859,true,0
"car_evaluation-bin",2,5,square2cnf,Greedy,InformationGain,0,0,0,0,0,0,0,0,0,0.043479983,true,0
"car_evaluation-bin",2,5,affine,Greedy,InformationGain,0,0,0,0,0,0,0,0,0,0.013652172,true,0
"car_evaluation-bin",2,5,smart_certified,Greedy,InformationGain,0,0,0,0,0,0,0,0,0,0.012984784,true,0
"car_evaluation-bin",2,5,cals,SparseLookahead,SparseCertified,22914,607,0,26,0,23,0,38,841,1.256698184,true,0
"car_evaluation-bin",2,5,cals_compact_explain,SelectiveLookahead,SparseCertified,6029,0,0,18,3,0,19,33,218,0.120496166,true,0
"car_evaluation-bin",2,7,unary,Greedy,InformationGain,0,0,0,0,0,0,0,0,0,0.001557547,true,0
"car_evaluation-bin",2,7,horn,Greedy,InformationGain,0,0,0,0,0,0,0,0,0,0.005495087,true,0
"car_evaluation-bin",2,7,antihorn,Greedy,InformationGain,0,0,0,0,0,0,0,0,0,0.005271388,true,0
"car_evaluation-bin",2,7,square2cnf,Greedy,InformationGain,0,0,0,0,0,0,0,0,0,0.098906119,true,0
"car_evaluation-bin",2,7,affine,Greedy,InformationGain,0,0,0,0,0,0,0,0,0,0.022965834,true,0
"car_evaluation-bin",2,7,smart_certified,Greedy,InformationGain,0,0,0,0,0,0,0,0,0,0.0153928,true,0
"car_evaluation-bin",2,7,cals,SparseLookahead,SparseCertified,23333,771,0,40,0,37,0,66,1157,1.256372914,true,0
"car_evaluation-bin",2,7,cals_compact_explain,SelectiveLookahead,SparseCertified,6366,0,0,32,3,0,32,61,386,0.120871057,true,0
"car_evaluation-bin",3,5,unary,Greedy,InformationGain,0,0,0,0,0,0,0,0,0,0.000873623,true,0
"car_evaluation-bin",3,5,horn,Greedy,InformationGain,0,0,0,0,0,0,0,0,0,0.00373217,true,0
"car_evaluation-bin",3,5,antihorn,Greedy,InformationGain,0,0,0,0,0,0,0,0,0,0.003859163,true,0
"car_evaluation-bin",3,5,square2cnf,Greedy,InformationGain,0,0,0,0,0,0,0,0,0,0.032238871,true,0
"car_evaluation-bin",3,5,affine,Greedy,InformationGain,0,0,0,0,0,0,0,0,0,0.012944882,true,0
"car_evaluation-bin",3,5,smart_certified,Greedy,InformationGain,0,0,0,0,0,0,0,0,0,0.01259625,true,0
"car_evaluation-bin",3,5,cals,SparseLookahead,SparseCertified,25899,643,0,26,0,24,0,38,862,1.0152765830000001,true,0
"car_evaluation-bin",3,5,cals_compact_explain,SelectiveLookahead,SparseCertified,6574,0,0,19,5,0,22,36,219,0.119941513,true,0
"car_evaluation-bin",3,7,unary,Greedy,InformationGain,0,0,0,0,0,0,0,0,0,0.001387427,true,0
"car_evaluation-bin",3,7,horn,Greedy,InformationGain,0,0,0,0,0,0,0,0,0,0.005648557,true,0
"car_evaluation-bin",3,7,antihorn,Greedy,InformationGain,0,0,0,0,0,0,0,0,0,0.00557015,true,0
"car_evaluation-bin",3,7,square2cnf,Greedy,InformationGain,0,0,0,0,0,0,0,0,0,0.057050785,true,0
"car_evaluation-bin",3,7,affine,Greedy,InformationGain,0,0,0,0,0,0,0,0,0,0.021120543,true,0
"car_evaluation-bin",3,7,smart_certified,Greedy,InformationGain,0,0,0,0,0,0,0,0,0,0.015420356,true,0
"car_evaluation-bin",3,7,cals,SparseLookahead,SparseCertified,26330,805,0,40,0,38,0,66,1185,1.018718307,true,0
"car_evaluation-bin",3,7,cals_compact_explain,SelectiveLookahead,SparseCertified,6941,0,0,33,5,0,36,64,380,0.123453323,true,0
"car_evaluation-bin",4,5,unary,Greedy,InformationGain,0,0,0,0,0,0,0,0,0,0.000895314,true,0
"car_evaluation-bin",4,5,horn,Greedy,InformationGain,0,0,0,0,0,0,0,0,0,0.003495371,true,0
"car_evaluation-bin",4,5,antihorn,Greedy,InformationGain,0,0,0,0,0,0,0,0,0,0.003578663,true,0
"car_evaluation-bin",4,5,square2cnf,Greedy,InformationGain,0,0,0,0,0,0,0,0,0,0.031618958,true,0
"car_evaluation-bin",4,5,affine,Greedy,InformationGain,0,0,0,0,0,0,0,0,0,0.012631591,true,0
"car_evaluation-bin",4,5,smart_certified,Greedy,InformationGain,0,0,0,0,0,0,0,0,0,0.012281246,true,0
"car_evaluation-bin",4,5,cals,SparseLookahead,SparseCertified,22899,637,0,26,0,24,0,38,850,0.9330857180000001,true,0
"car_evaluation-bin",4,5,cals_compact_explain,SelectiveLookahead,SparseCertified,6182,0,0,20,4,0,22,36,213,0.11851264,true,0
"car_evaluation-bin",4,7,unary,Greedy,InformationGain,0,0,0,0,0,0,0,0,0,0.001319707,true,0
"car_evaluation-bin",4,7,horn,Greedy,InformationGain,0,0,0,0,0,0,0,0,0,0.005440745,true,0
"car_evaluation-bin",4,7,antihorn,Greedy,InformationGain,0,0,0,0,0,0,0,0,0,0.00550008,true,0
"car_evaluation-bin",4,7,square2cnf,Greedy,InformationGain,0,0,0,0,0,0,0,0,0,0.066067288,true,0
"car_evaluation-bin",4,7,affine,Greedy,InformationGain,0,0,0,0,0,0,0,0,0,0.022022217,true,0
"car_evaluation-bin",4,7,smart_certified,Greedy,InformationGain,0,0,0,0,0,0,0,0,0,0.014784061,true,0
"car_evaluation-bin",4,7,cals,SparseLookahead,SparseCertified,23244,779,0,38,0,36,0,62,1128,0.933436081,true,0
"car_evaluation-bin",4,7,cals_compact_explain,SelectiveLookahead,SparseCertified,6527,0,0,32,4,0,34,60,349,0.12229551699999999,true,0
"car_evaluation-bin",5,5,unary,Greedy,InformationGain,0,0,0,0,0,0,0,0,0,0.000984346,true,0
"car_evaluation-bin",5,5,horn,Greedy,InformationGain,0,0,0,0,0,0,0,0,0,0.003718881,true,0
"car_evaluation-bin",5,5,antihorn,Greedy,InformationGain,0,0,0,0,0,0,0,0,0,0.003289131,true,0
"car_evaluation-bin",5,5,square2cnf,Greedy,InformationGain,0,0,0,0,0,0,0,0,0,0.03200892,true,0
"car_evaluation-bin",5,5,affine,Greedy,InformationGain,0,0,0,0,0,0,0,0,0,0.014656999,true,0
"car_evaluation-bin",5,5,smart_certified,Greedy,InformationGain,0,0,0,0,0,0,0,0,0,0.013318544,true,0
"car_evaluation-bin",5,5,cals,SparseLookahead,SparseCertified,22231,639,0,26,0,24,0,38,863,0.925930462,true,0
"car_evaluation-bin",5,5,cals_compact_explain,SelectiveLookahead,SparseCertified,6224,0,0,19,5,0,21,36,240,0.116336543,true,0
"car_evaluation-bin",5,7,unary,Greedy,InformationGain,0,0,0,0,0,0,0,0,0,0.001409143,true,0
"car_evaluation-bin",5,7,horn,Greedy,InformationGain,0,0,0,0,0,0,0,0,0,0.004903598,true,0
"car_evaluation-bin",5,7,antihorn,Greedy,InformationGain,0,0,0,0,0,0,0,0,0,0.005884683,true,0
"car_evaluation-bin",5,7,square2cnf,Greedy,InformationGain,0,0,0,0,0,0,0,0,0,0.066012918,true,0
"car_evaluation-bin",5,7,affine,Greedy,InformationGain,0,0,0,0,0,0,0,0,0,0.022171867,true,0
"car_evaluation-bin",5,7,smart_certified,Greedy,InformationGain,0,0,0,0,0,0,0,0,0,0.01554614,true,0
"car_evaluation-bin",5,7,cals,SparseLookahead,SparseCertified,22593,751,0,39,0,37,0,64,1137,0.930185586,true,0
"car_evaluation-bin",5,7,cals_compact_explain,SelectiveLookahead,SparseCertified,6586,0,0,32,5,0,34,62,402,0.120243564,true,0
"car_evaluation-bin",6,5,unary,Greedy,InformationGain,0,0,0,0,0,0,0,0,0,0.001011589,true,0
"car_evaluation-bin",6,5,horn,Greedy,InformationGain,0,0,0,0,0,0,0,0,0,0.003640622,true,0
"car_evaluation-bin",6,5,antihorn,Greedy,InformationGain,0,0,0,0,0,0,0,0,0,0.003323238,true,0
"car_evaluation-bin",6,5,square2cnf,Greedy,InformationGain,0,0,0,0,0,0,0,0,0,0.042017882,true,0
"car_evaluation-bin",6,5,affine,Greedy,InformationGain,0,0,0,0,0,0,0,0,0,0.013151834,true,0
"car_evaluation-bin",6,5,smart_certified,Greedy,InformationGain,0,0,0,0,0,0,0,0,0,0.012622647,true,0
"car_evaluation-bin",6,5,cals,SparseLookahead,SparseCertified,23011,635,0,26,0,24,0,38,859,1.076789917,true,0
"car_evaluation-bin",6,5,cals_compact_explain,SelectiveLookahead,SparseCertified,6083,0,0,18,3,0,19,33,224,0.11746474400000001,true,0
"car_evaluation-bin",6,7,unary,Greedy,InformationGain,0,0,0,0,0,0,0,0,0,0.001323433,true,0
"car_evaluation-bin",6,7,horn,Greedy,InformationGain,0,0,0,0,0,0,0,0,0,0.005617729,true,0
"car_evaluation-bin",6,7,antihorn,Greedy,InformationGain,0,0,0,0,0,0,0,0,0,0.005041624,true,0
"car_evaluation-bin",6,7,square2cnf,Greedy,InformationGain,0,0,0,0,0,0,0,0,0,0.074165276,true,0
"car_evaluation-bin",6,7,affine,Greedy,InformationGain,0,0,0,0,0,0,0,0,0,0.021728694,true,0
"car_evaluation-bin",6,7,smart_certified,Greedy,InformationGain,0,0,0,0,0,0,0,0,0,0.01464482,true,0
"car_evaluation-bin",6,7,cals,SparseLookahead,SparseCertified,23512,827,0,41,0,39,0,68,1258,1.060440801,true,0
"car_evaluation-bin",6,7,cals_compact_explain,SelectiveLookahead,SparseCertified,6497,0,0,32,3,0,33,61,415,0.121645091,true,0
"car_evaluation-bin",7,5,unary,Greedy,InformationGain,0,0,0,0,0,0,0,0,0,0.000930217,true,0
"car_evaluation-bin",7,5,horn,Greedy,InformationGain,0,0,0,0,0,0,0,0,0,0.00387708,true,0
"car_evaluation-bin",7,5,antihorn,Greedy,InformationGain,0,0,0,0,0,0,0,0,0,0.003430037,true,0
"car_evaluation-bin",7,5,square2cnf,Greedy,InformationGain,0,0,0,0,0,0,0,0,0,0.041820546,true,0
"car_evaluation-bin",7,5,affine,Greedy,InformationGain,0,0,0,0,0,0,0,0,0,0.01301561,true,0
"car_evaluation-bin",7,5,smart_certified,Greedy,InformationGain,0,0,0,0,0,0,0,0,0,0.012464122,true,0
"car_evaluation-bin",7,5,cals,SparseLookahead,SparseCertified,24546,685,0,27,0,26,0,40,904,0.92868819,true,0
"car_evaluation-bin",7,5,cals_compact_explain,SelectiveLookahead,SparseCertified,6239,0,0,19,6,0,23,38,235,0.120011758,true,0
"car_evaluation-bin",7,7,unary,Greedy,InformationGain,0,0,0,0,0,0,0,0,0,0.001414001,true,0
"car_evaluation-bin",7,7,horn,Greedy,InformationGain,0,0,0,0,0,0,0,0,0,0.005149893,true,0
"car_evaluation-bin",7,7,antihorn,Greedy,InformationGain,0,0,0,0,0,0,0,0,0,0.005613912,true,0
"car_evaluation-bin",7,7,square2cnf,Greedy,InformationGain,0,0,0,0,0,0,0,0,0,0.079211232,true,0
"car_evaluation-bin",7,7,affine,Greedy,InformationGain,0,0,0,0,0,0,0,0,0,0.02136496,true,0
"car_evaluation-bin",7,7,smart_certified,Greedy,InformationGain,0,0,0,0,0,0,0,0,0,0.014873589,true,0
"car_evaluation-bin",7,7,cals,SparseLookahead,SparseCertified,24891,830,0,42,0,41,0,70,1213,0.944527921,true,0
"car_evaluation-bin",7,7,cals_compact_explain,SelectiveLookahead,SparseCertified,6562,0,0,34,6,0,37,68,415,0.123690182,true,0
"car_evaluation-bin",8,5,unary,Greedy,InformationGain,0,0,0,0,0,0,0,0,0,0.000905695,true,0
"car_evaluation-bin",8,5,horn,Greedy,InformationGain,0,0,0,0,0,0,0,0,0,0.003614368,true,0
"car_evaluation-bin",8,5,antihorn,Greedy,InformationGain,0,0,0,0,0,0,0,0,0,0.003403966,true,0
"car_evaluation-bin",8,5,square2cnf,Greedy,InformationGain,0,0,0,0,0,0,0,0,0,0.042336948,true,0
"car_evaluation-bin",8,5,affine,Greedy,InformationGain,0,0,0,0,0,0,0,0,0,0.012565659,true,0
"car_evaluation-bin",8,5,smart_certified,Greedy,InformationGain,0,0,0,0,0,0,0,0,0,0.011972716,true,0
"car_evaluation-bin",8,5,cals,SparseLookahead,SparseCertified,23975,654,0,27,0,25,0,40,890,1.137914288,true,0
"car_evaluation-bin",8,5,cals_compact_explain,SelectiveLookahead,SparseCertified,6522,0,0,21,4,0,23,38,236,0.120554885,true,0
"car_evaluation-bin",8,7,unary,Greedy,InformationGain,0,0,0,0,0,0,0,0,0,0.001327513,true,0
"car_evaluation-bin",8,7,horn,Greedy,InformationGain,0,0,0,0,0,0,0,0,0,0.005729932,true,0
"car_evaluation-bin",8,7,antihorn,Greedy,InformationGain,0,0,0,0,0,0,0,0,0,0.006179971,true,0
"car_evaluation-bin",8,7,square2cnf,Greedy,InformationGain,0,0,0,0,0,0,0,0,0,0.071808269,true,0
"car_evaluation-bin",8,7,affine,Greedy,InformationGain,0,0,0,0,0,0,0,0,0,0.022937446,true,0
"car_evaluation-bin",8,7,smart_certified,Greedy,InformationGain,0,0,0,0,0,0,0,0,0,0.015003946,true,0
"car_evaluation-bin",8,7,cals,SparseLookahead,SparseCertified,24355,801,0,45,0,43,0,76,1251,1.14270853,true,0
"car_evaluation-bin",8,7,cals_compact_explain,SelectiveLookahead,SparseCertified,6902,0,0,39,4,0,41,74,450,0.122136753,true,0
"car_evaluation-bin",9,5,unary,Greedy,InformationGain,0,0,0,0,0,0,0,0,0,0.000887278,true,0
"car_evaluation-bin",9,5,horn,Greedy,InformationGain,0,0,0,0,0,0,0,0,0,0.003723125,true,0
"car_evaluation-bin",9,5,antihorn,Greedy,InformationGain,0,0,0,0,0,0,0,0,0,0.003322567,true,0
"car_evaluation-bin",9,5,square2cnf,Greedy,InformationGain,0,0,0,0,0,0,0,0,0,0.031936639,true,0
"car_evaluation-bin",9,5,affine,Greedy,InformationGain,0,0,0,0,0,0,0,0,0,0.014267848,true,0
"car_evaluation-bin",9,5,smart_certified,Greedy,InformationGain,0,0,0,0,0,0,0,0,0,0.011802207,true,0
"car_evaluation-bin",9,5,cals,SparseLookahead,SparseCertified,24533,656,0,28,0,26,0,42,890,0.761408125,true,0
"car_evaluation-bin",9,5,cals_compact_explain,SelectiveLookahead,SparseCertified,6230,0,0,18,5,0,21,37,234,0.118275244,true,0
"car_evaluation-bin",9,7,unary,Greedy,InformationGain,0,0,0,0,0,0,0,0,0,0.001349343,true,0
"car_evaluation-bin",9,7,horn,Greedy,InformationGain,0,0,0,0,0,0,0,0,0,0.005332058,true,0
"car_evaluation-bin",9,7,antihorn,Greedy,InformationGain,0,0,0,0,0,0,0,0,0,0.005526742,true,0
"car_evaluation-bin",9,7,square2cnf,Greedy,InformationGain,0,0,0,0,0,0,0,0,0,0.065907001,true,0
"car_evaluation-bin",9,7,affine,Greedy,InformationGain,0,0,0,0,0,0,0,0,0,0.02191154,true,0
"car_evaluation-bin",9,7,smart_certified,Greedy,InformationGain,0,0,0,0,0,0,0,0,0,0.01518026,true,0
"car_evaluation-bin",9,7,cals,SparseLookahead,SparseCertified,24938,820,0,40,0,38,0,66,1212,0.767832121,true,0
"car_evaluation-bin",9,7,cals_compact_explain,SelectiveLookahead,SparseCertified,6603,0,0,30,5,0,33,61,392,0.124859129,true,0
"compas_discretized",0,5,unary,Greedy,InformationGain,0,0,0,0,0,0,0,0,0,0.00815824,true,0
"compas_discretized",0,5,horn,Greedy,InformationGain,0,0,0,0,0,0,0,0,0,0.022854144,true,0
"compas_discretized",0,5,antihorn,Greedy,InformationGain,0,0,0,0,0,0,0,0,0,0.024986553,true,0
"compas_discretized",0,5,square2cnf,Greedy,InformationGain,0,0,0,0,0,0,0,0,0,0.315974756,true,0
"compas_discretized",0,5,affine,Greedy,InformationGain,0,0,0,0,0,0,0,0,0,0.118129849,true,0
"compas_discretized",0,5,smart_certified,Greedy,InformationGain,0,0,0,0,0,0,0,0,0,0.387854009,true,0
"compas_discretized",0,5,cals,SparseLookahead,SparseCertified,11145,1457,0,44,0,43,0,74,1953,1.407355463,true,0
"compas_discretized",0,5,cals_compact_explain,SelectiveLookahead,SparseCertified,3261,0,0,35,16,0,44,81,592,0.19539521499999998,true,0
"compas_discretized",0,7,unary,Greedy,InformationGain,0,0,0,0,0,0,0,0,0,0.013674956,true,0
"compas_discretized",0,7,horn,Greedy,InformationGain,0,0,0,0,0,0,0,0,0,0.041577733,true,0
"compas_discretized",0,7,antihorn,Greedy,InformationGain,0,0,0,0,0,0,0,0,0,0.048012863,true,0
"compas_discretized",0,7,square2cnf,Greedy,InformationGain,0,0,0,0,0,0,0,0,0,0.861102898,true,0
"compas_discretized",0,7,affine,Greedy,InformationGain,0,0,0,0,0,0,0,0,0,0.195069866,true,0
"compas_discretized",0,7,smart_certified,Greedy,InformationGain,0,0,0,0,0,0,0,0,0,1.049017998,true,0
"compas_discretized",0,7,cals,SparseLookahead,SparseCertified,13061,2408,0,113,0,112,0,212,3726,1.4883232830000002,true,0
"compas_discretized",0,7,cals_compact_explain,SelectiveLookahead,SparseCertified,4801,0,0,101,16,0,107,213,1454,0.23419243299999998,true,0
"compas_discretized",1,5,unary,Greedy,InformationGain,0,0,0,0,0,0,0,0,0,0.007544975,true,0
"compas_discretized",1,5,horn,Greedy,InformationGain,0,0,0,0,0,0,0,0,0,0.021724367,true,0
"compas_discretized",1,5,antihorn,Greedy,InformationGain,0,0,0,0,0,0,0,0,0,0.022282323,true,0
"compas_discretized",1,5,square2cnf,Greedy,InformationGain,0,0,0,0,0,0,0,0,0,0.277471568,true,0
"compas_discretized",1,5,affine,Greedy,InformationGain,0,0,0,0,0,0,0,0,0,0.108258315,true,0
"compas_discretized",1,5,smart_certified,Greedy,InformationGain,0,0,0,0,0,0,0,0,0,0.378069738,true,0
"compas_discretized",1,5,cals,SparseLookahead,SparseCertified,10529,1412,0,45,0,43,0,76,1936,1.275549092,true,0
"compas_discretized",1,5,cals_compact_explain,SelectiveLookahead,SparseCertified,3263,0,0,33,19,0,43,83,640,0.195718228,true,0
"compas_discretized",1,7,unary,Greedy,InformationGain,0,0,0,0,0,0,0,0,0,0.013165899,true,0
"compas_discretized",1,7,horn,Greedy,InformationGain,0,0,0,0,0,0,0,0,0,0.039217505,true,0
"compas_discretized",1,7,antihorn,Greedy,InformationGain,0,0,0,0,0,0,0,0,0,0.0420326,true,0
"compas_discretized",1,7,square2cnf,Greedy,InformationGain,0,0,0,0,0,0,0,0,0,0.659773282,true,0
"compas_discretized",1,7,affine,Greedy,InformationGain,0,0,0,0,0,0,0,0,0,0.184980743,true,0
"compas_discretized",1,7,smart_certified,Greedy,InformationGain,0,0,0,0,0,0,0,0,0,1.103281338,true,0
"compas_discretized",1,7,cals,SparseLookahead,SparseCertified,12407,2323,0,115,0,113,0,216,3713,1.365870972,true,0
"compas_discretized",1,7,cals_compact_explain,SelectiveLookahead,SparseCertified,4701,0,0,104,19,0,109,225,1591,0.239832065,true,0
"compas_discretized",2,5,unary,Greedy,InformationGain,0,0,0,0,0,0,0,0,0,0.008641201,true,0
"compas_discretized",2,5,horn,Greedy,InformationGain,0,0,0,0,0,0,0,0,0,0.022998723,true,0
"compas_discretized",2,5,antihorn,Greedy,InformationGain,0,0,0,0,0,0,0,0,0,0.024117723,true,0
"compas_discretized",2,5,square2cnf,Greedy,InformationGain,0,0,0,0,0,0,0,0,0,0.300419649,true,0
"compas_discretized",2,5,affine,Greedy,InformationGain,0,0,0,0,0,0,0,0,0,0.109411248,true,0
"compas_discretized",2,5,smart_certified,Greedy,InformationGain,0,0,0,0,0,0,0,0,0,0.426897443,true,0
"compas_discretized",2,5,cals,SparseLookahead,SparseCertified,18056,1326,0,43,0,39,0,72,1850,0.7076865459999999,true,0
"compas_discretized",2,5,cals_compact_explain,SelectiveLookahead,SparseCertified,3102,0,0,35,15,0,36,79,688,0.2560603,true,0
"compas_discretized",2,7,unary,Greedy,InformationGain,0,0,0,0,0,0,0,0,0,0.015582854,true,0
"compas_discretized",2,7,horn,Greedy,InformationGain,0,0,0,0,0,0,0,0,0,0.047548665,true,0
"compas_discretized",2,7,antihorn,Greedy,InformationGain,0,0,0,0,0,0,0,0,0,0.045787836,true,0
"compas_discretized",2,7,square2cnf,Greedy,InformationGain,0,0,0,0,0,0,0,0,0,0.768738509,true,0
"compas_discretized",2,7,affine,Greedy,InformationGain,0,0,0,0,0,0,0,0,0,0.183996541,true,0
"compas_discretized",2,7,smart_certified,Greedy,InformationGain,0,0,0,0,0,0,0,0,0,1.360463437,true,0
"compas_discretized",2,7,cals,SparseLookahead,SparseCertified,24939,2648,0,111,0,107,0,208,4097,0.94704411,true,0
"compas_discretized",2,7,cals_compact_explain,SelectiveLookahead,SparseCertified,4641,0,0,93,15,0,94,195,1459,0.29776074199999997,true,0
"compas_discretized",3,5,unary,Greedy,InformationGain,0,0,0,0,0,0,0,0,0,0.008083159,true,0
"compas_discretized",3,5,horn,Greedy,InformationGain,0,0,0,0,0,0,0,0,0,0.021911007,true,0
"compas_discretized",3,5,antihorn,Greedy,InformationGain,0,0,0,0,0,0,0,0,0,0.023998432,true,0
"compas_discretized",3,5,square2cnf,Greedy,InformationGain,0,0,0,0,0,0,0,0,0,0.320210505,true,0
"compas_discretized",3,5,affine,Greedy,InformationGain,0,0,0,0,0,0,0,0,0,0.115648564,true,0
"compas_discretized",3,5,smart_certified,Greedy,InformationGain,0,0,0,0,0,0,0,0,0,0.420285681,true,0
"compas_discretized",3,5,cals,SparseLookahead,SparseCertified,10198,1278,0,45,0,42,0,76,1822,0.740320929,true,0
"compas_discretized",3,5,cals_compact_explain,SelectiveLookahead,SparseCertified,2483,0,0,33,19,0,37,83,736,0.178594489,true,0
"compas_discretized",3,7,unary,Greedy,InformationGain,0,0,0,0,0,0,0,0,0,0.014711551,true,0
"compas_discretized",3,7,horn,Greedy,InformationGain,0,0,0,0,0,0,0,0,0,0.043790519,true,0
"compas_discretized",3,7,antihorn,Greedy,InformationGain,0,0,0,0,0,0,0,0,0,0.048644452,true,0
"compas_discretized",3,7,square2cnf,Greedy,InformationGain,0,0,0,0,0,0,0,0,0,1.224233905,true,0
"compas_discretized",3,7,affine,Greedy,InformationGain,0,0,0,0,0,0,0,0,0,0.183906526,true,0
"compas_discretized",3,7,smart_certified,Greedy,InformationGain,0,0,0,0,0,0,0,0,0,1.027543977,true,0
"compas_discretized",3,7,cals,SparseLookahead,SparseCertified,12092,2137,0,115,0,112,0,216,3557,0.843333424,true,0
"compas_discretized",3,7,cals_compact_explain,SelectiveLookahead,SparseCertified,4153,0,0,103,19,0,107,223,1612,0.223906076,true,0
"compas_discretized",4,5,unary,Greedy,InformationGain,0,0,0,0,0,0,0,0,0,0.008478677,true,0
"compas_discretized",4,5,horn,Greedy,InformationGain,0,0,0,0,0,0,0,0,0,0.02097901,true,0
"compas_discretized",4,5,antihorn,Greedy,InformationGain,0,0,0,0,0,0,0,0,0,0.02072836,true,0
"compas_discretized",4,5,square2cnf,Greedy,InformationGain,0,0,0,0,0,0,0,0,0,0.298052129,true,0
"compas_discretized",4,5,affine,Greedy,InformationGain,0,0,0,0,0,0,0,0,0,0.103691521,true,0
"compas_discretized",4,5,smart_certified,Greedy,InformationGain,0,0,0,0,0,0,0,0,0,0.442384433,true,0
"compas_discretized",4,5,cals,SparseLookahead,SparseCertified,19658,1352,0,42,0,38,0,70,1864,1.2324973479999999,true,0
"compas_discretized",4,5,cals_compact_explain,SelectiveLookahead,SparseCertified,2494,0,0,35,20,0,39,86,752,0.172243584,true,0
"compas_discretized",4,7,unary,Greedy,InformationGain,0,0,0,0,0,0,0,0,0,0.014007671,true,0
"compas_discretized",4,7,horn,Greedy,InformationGain,0,0,0,0,0,0,0,0,0,0.036715905,true,0
"compas_discretized",4,7,antihorn,Greedy,InformationGain,0,0,0,0,0,0,0,0,0,0.041524733,true,0
"compas_discretized",4,7,square2cnf,Greedy,InformationGain,0,0,0,0,0,0,0,0,0,0.747533527,true,0
"compas_discretized",4,7,affine,Greedy,InformationGain,0,0,0,0,0,0,0,0,0,0.182653998,true,0
"compas_discretized",4,7,smart_certified,Greedy,InformationGain,0,0,0,0,0,0,0,0,0,0.948767746,true,0
"compas_discretized",4,7,cals,SparseLookahead,SparseCertified,28903,2712,0,103,0,99,0,192,4127,1.460160953,true,0
"compas_discretized",4,7,cals_compact_explain,SelectiveLookahead,SparseCertified,4273,0,0,108,20,0,112,232,1678,0.217932249,true,0
"compas_discretized",5,5,unary,Greedy,InformationGain,0,0,0,0,0,0,0,0,0,0.00837983,true,0
"compas_discretized",5,5,horn,Greedy,InformationGain,0,0,0,0,0,0,0,0,0,0.02093568,true,0
"compas_discretized",5,5,antihorn,Greedy,InformationGain,0,0,0,0,0,0,0,0,0,0.023451695,true,0
"compas_discretized",5,5,square2cnf,Greedy,InformationGain,0,0,0,0,0,0,0,0,0,0.299622425,true,0
"compas_discretized",5,5,affine,Greedy,InformationGain,0,0,0,0,0,0,0,0,0,0.101975344,true,0
"compas_discretized",5,5,smart_certified,Greedy,InformationGain,0,0,0,0,0,0,0,0,0,0.42185427,true,0
"compas_discretized",5,5,cals,SparseLookahead,SparseCertified,18974,1432,0,45,0,41,0,76,1992,1.195364954,true,0
"compas_discretized",5,5,cals_compact_explain,SelectiveLookahead,SparseCertified,2935,0,0,32,19,0,44,81,588,0.184050327,true,0
"compas_discretized",5,7,unary,Greedy,InformationGain,0,0,0,0,0,0,0,0,0,0.015279477,true,0
"compas_discretized",5,7,horn,Greedy,InformationGain,0,0,0,0,0,0,0,0,0,0.039129509,true,0
"compas_discretized",5,7,antihorn,Greedy,InformationGain,0,0,0,0,0,0,0,0,0,0.044117917,true,0
"compas_discretized",5,7,square2cnf,Greedy,InformationGain,0,0,0,0,0,0,0,0,0,0.726392095,true,0
"compas_discretized",5,7,affine,Greedy,InformationGain,0,0,0,0,0,0,0,0,0,0.183748274,true,0
"compas_discretized",5,7,smart_certified,Greedy,InformationGain,0,0,0,0,0,0,0,0,0,1.543168358,true,0
"compas_discretized",5,7,cals,SparseLookahead,SparseCertified,28381,3048,0,120,0,116,0,226,4709,1.489750002,true,0
"compas_discretized",5,7,cals_compact_explain,SelectiveLookahead,SparseCertified,4571,0,0,112,16,0,116,235,1598,0.227513118,true,0
"compas_discretized",6,5,unary,Greedy,InformationGain,0,0,0,0,0,0,0,0,0,0.008713345,true,0
"compas_discretized",6,5,horn,Greedy,InformationGain,0,0,0,0,0,0,0,0,0,0.020947353,true,0
"compas_discretized",6,5,antihorn,Greedy,InformationGain,0,0,0,0,0,0,0,0,0,0.023888763,true,0
"compas_discretized",6,5,square2cnf,Greedy,InformationGain,0,0,0,0,0,0,0,0,0,0.294787443,true,0
"compas_discretized",6,5,affine,Greedy,InformationGain,0,0,0,0,0,0,0,0,0,0.105817277,true,0
"compas_discretized",6,5,smart_certified,Greedy,InformationGain,0,0,0,0,0,0,0,0,0,0.452168429,true,0
"compas_discretized",6,5,cals,SparseLookahead,SparseCertified,16209,1353,0,43,0,39,0,72,1881,0.718036305,true,0
"compas_discretized",6,5,cals_compact_explain,SelectiveLookahead,SparseCertified,3752,0,0,35,17,0,41,83,672,0.294667544,true,0
"compas_discretized",6,7,unary,Greedy,InformationGain,0,0,0,0,0,0,0,0,0,0.015092291,true,0
"compas_discretized",6,7,horn,Greedy,InformationGain,0,0,0,0,0,0,0,0,0,0.042208887,true,0
"compas_discretized",6,7,antihorn,Greedy,InformationGain,0,0,0,0,0,0,0,0,0,0.048825101,true,0
"compas_discretized",6,7,square2cnf,Greedy,InformationGain,0,0,0,0,0,0,0,0,0,0.791568091,true,0
"compas_discretized",6,7,affine,Greedy,InformationGain,0,0,0,0,0,0,0,0,0,0.189128658,true,0
"compas_discretized",6,7,smart_certified,Greedy,InformationGain,0,0,0,0,0,0,0,0,0,1.411858751,true,0
"compas_discretized",6,7,cals,SparseLookahead,SparseCertified,25256,2816,0,114,0,110,0,214,4348,0.949199409,true,0
"compas_discretized",6,7,cals_compact_explain,SelectiveLookahead,SparseCertified,5455,0,0,104,17,0,108,221,1596,0.338990309,true,0
"compas_discretized",7,5,unary,Greedy,InformationGain,0,0,0,0,0,0,0,0,0,0.008091435,true,0
"compas_discretized",7,5,horn,Greedy,InformationGain,0,0,0,0,0,0,0,0,0,0.020120134,true,0
"compas_discretized",7,5,antihorn,Greedy,InformationGain,0,0,0,0,0,0,0,0,0,0.02231681,true,0
"compas_discretized",7,5,square2cnf,Greedy,InformationGain,0,0,0,0,0,0,0,0,0,0.292186036,true,0
"compas_discretized",7,5,affine,Greedy,InformationGain,0,0,0,0,0,0,0,0,0,0.106385819,true,0
"compas_discretized",7,5,smart_certified,Greedy,InformationGain,0,0,0,0,0,0,0,0,0,0.454269069,true,0
"compas_discretized",7,5,cals,SparseLookahead,SparseCertified,16992,1329,0,44,0,40,0,74,1873,0.726405069,true,0
"compas_discretized",7,5,cals_compact_explain,SelectiveLookahead,SparseCertified,3996,0,0,36,18,0,39,84,716,0.28922244599999997,true,0
"compas_discretized",7,7,unary,Greedy,InformationGain,0,0,0,0,0,0,0,0,0,0.015524545,true,0
"compas_discretized",7,7,horn,Greedy,InformationGain,0,0,0,0,0,0,0,0,0,0.040528184,true,0
"compas_discretized",7,7,antihorn,Greedy,InformationGain,0,0,0,0,0,0,0,0,0,0.045948598,true,0
"compas_discretized",7,7,square2cnf,Greedy,InformationGain,0,0,0,0,0,0,0,0,0,0.940799204,true,0
"compas_discretized",7,7,affine,Greedy,InformationGain,0,0,0,0,0,0,0,0,0,0.186406145,true,0
"compas_discretized",7,7,smart_certified,Greedy,InformationGain,0,0,0,0,0,0,0,0,0,1.019157273,true,0
"compas_discretized",7,7,cals,SparseLookahead,SparseCertified,25664,2564,0,115,0,111,0,216,4060,0.9604496220000001,true,0
"compas_discretized",7,7,cals_compact_explain,SelectiveLookahead,SparseCertified,5741,0,0,109,18,0,112,230,1617,0.332586406,true,0
"compas_discretized",8,5,unary,Greedy,InformationGain,0,0,0,0,0,0,0,0,0,0.008299507,true,0
"compas_discretized",8,5,horn,Greedy,InformationGain,0,0,0,0,0,0,0,0,0,0.021769286,true,0
"compas_discretized",8,5,antihorn,Greedy,InformationGain,0,0,0,0,0,0,0,0,0,0.024864667,true,0
"compas_discretized",8,5,square2cnf,Greedy,InformationGain,0,0,0,0,0,0,0,0,0,0.299616103,true,0
"compas_discretized",8,5,affine,Greedy,InformationGain,0,0,0,0,0,0,0,0,0,0.103255504,true,0
"compas_discretized",8,5,smart_certified,Greedy,InformationGain,0,0,0,0,0,0,0,0,0,0.374569867,true,0
"compas_discretized",8,5,cals,SparseLookahead,SparseCertified,18396,1392,0,45,0,40,0,76,1968,1.3742054400000001,true,0
"compas_discretized",8,5,cals_compact_explain,SelectiveLookahead,SparseCertified,4364,0,0,36,16,0,38,83,720,0.305009608,true,0
"compas_discretized",8,7,unary,Greedy,InformationGain,0,0,0,0,0,0,0,0,0,0.014022952,true,0
"compas_discretized",8,7,horn,Greedy,InformationGain,0,0,0,0,0,0,0,0,0,0.042734166,true,0
"compas_discretized",8,7,antihorn,Greedy,InformationGain,0,0,0,0,0,0,0,0,0,0.047895546,true,0
"compas_discretized",8,7,square2cnf,Greedy,InformationGain,0,0,0,0,0,0,0,0,0,0.990630871,true,0
"compas_discretized",8,7,affine,Greedy,InformationGain,0,0,0,0,0,0,0,0,0,0.186926066,true,0
"compas_discretized",8,7,smart_certified,Greedy,InformationGain,0,0,0,0,0,0,0,0,0,0.819517962,true,0
"compas_discretized",8,7,cals,SparseLookahead,SparseCertified,26895,2877,0,118,0,113,0,222,4499,1.579683392,true,0
"compas_discretized",8,7,cals_compact_explain,SelectiveLookahead,SparseCertified,6141,0,0,109,16,0,109,229,1707,0.346681462,true,0
"compas_discretized",9,5,unary,Greedy,InformationGain,0,0,0,0,0,0,0,0,0,0.008132499,true,0
"compas_discretized",9,5,horn,Greedy,InformationGain,0,0,0,0,0,0,0,0,0,0.022155252,true,0
"compas_discretized",9,5,antihorn,Greedy,InformationGain,0,0,0,0,0,0,0,0,0,0.021368453,true,0
"compas_discretized",9,5,square2cnf,Greedy,InformationGain,0,0,0,0,0,0,0,0,0,0.355656647,true,0
"compas_discretized",9,5,affine,Greedy,InformationGain,0,0,0,0,0,0,0,0,0,0.115819312,true,0
"compas_discretized",9,5,smart_certified,Greedy,InformationGain,0,0,0,0,0,0,0,0,0,0.480776734,true,0
"compas_discretized",9,5,cals,SparseLookahead,SparseCertified,10288,1369,0,45,0,43,0,76,1893,0.664037753,true,0
"compas_discretized",9,5,cals_compact_explain,SelectiveLookahead,SparseCertified,2595,0,0,37,15,0,38,83,716,0.185118779,true,0
"compas_discretized",9,7,unary,Greedy,InformationGain,0,0,0,0,0,0,0,0,0,0.015676203,true,0
"compas_discretized",9,7,horn,Greedy,InformationGain,0,0,0,0,0,0,0,0,0,0.041483648,true,0
"compas_discretized",9,7,antihorn,Greedy,InformationGain,0,0,0,0,0,0,0,0,0,0.042613228,true,0
"compas_discretized",9,7,square2cnf,Greedy,InformationGain,0,0,0,0,0,0,0,0,0,1.053835554,true,0
"compas_discretized",9,7,affine,Greedy,InformationGain,0,0,0,0,0,0,0,0,0,0.186647425,true,0
"compas_discretized",9,7,smart_certified,Greedy,InformationGain,0,0,0,0,0,0,0,0,0,1.2477312839999999,true,0
"compas_discretized",9,7,cals,SparseLookahead,SparseCertified,12019,2205,0,110,0,108,0,206,3548,0.7326688499999999,true,0
"compas_discretized",9,7,cals_compact_explain,SelectiveLookahead,SparseCertified,4121,0,0,102,15,0,103,213,1535,0.22259346500000002,true,0
"diabetes",0,5,unary,Greedy,InformationGain,0,0,0,0,0,0,0,0,0,0.008633819,true,0
"diabetes",0,5,horn,Greedy,InformationGain,0,0,0,0,0,0,0,0,0,0.010500195,true,0
"diabetes",0,5,antihorn,Greedy,InformationGain,0,0,0,0,0,0,0,0,0,0.010521471,true,0
"diabetes",0,5,square2cnf,Greedy,InformationGain,0,0,0,0,0,0,0,0,0,0.045830911,true,0
"diabetes",0,5,affine,Greedy,InformationGain,0,0,0,0,0,0,0,0,0,0.024565124,true,0
"diabetes",0,5,smart_certified,Greedy,InformationGain,0,0,0,0,0,0,0,0,0,0.100958214,true,0
"diabetes",0,5,cals,SparseLookahead,SparseCertified,5677,1216,0,36,0,30,0,58,1664,10.246982481,true,0
"diabetes",0,5,cals_compact_explain,SelectiveLookahead,SparseCertified,4832,0,0,29,11,0,27,62,560,2.6698396790000003,true,0
"diabetes",0,7,unary,Greedy,InformationGain,0,0,0,0,0,0,0,0,0,0.014743427,true,0
"diabetes",0,7,horn,Greedy,InformationGain,0,0,0,0,0,0,0,0,0,0.01826938,true,0
"diabetes",0,7,antihorn,Greedy,InformationGain,0,0,0,0,0,0,0,0,0,0.018457693,true,0
"diabetes",0,7,square2cnf,Greedy,InformationGain,0,0,0,0,0,0,0,0,0,0.098186099,true,0
"diabetes",0,7,affine,Greedy,InformationGain,0,0,0,0,0,0,0,0,0,0.047067877,true,0
"diabetes",0,7,smart_certified,Greedy,InformationGain,0,0,0,0,0,0,0,0,0,0.168422215,true,0
"diabetes",0,7,cals,SparseLookahead,SparseCertified,8279,1926,0,56,0,50,0,98,2694,21.392723919999998,true,0
"diabetes",0,7,cals_compact_explain,SelectiveLookahead,SparseCertified,7394,0,0,49,11,0,47,102,880,5.365288033,true,0
"diabetes",1,5,unary,Greedy,InformationGain,0,0,0,0,0,0,0,0,0,0.008787973,true,0
"diabetes",1,5,horn,Greedy,InformationGain,0,0,0,0,0,0,0,0,0,0.010186108,true,0
"diabetes",1,5,antihorn,Greedy,InformationGain,0,0,0,0,0,0,0,0,0,0.010204362,true,0
"diabetes",1,5,square2cnf,Greedy,InformationGain,0,0,0,0,0,0,0,0,0,0.04416563,true,0
"diabetes",1,5,affine,Greedy,InformationGain,0,0,0,0,0,0,0,0,0,0.027842582,true,0
"diabetes",1,5,smart_certified,Greedy,InformationGain,0,0,0,0,0,0,0,0,0,0.097455722,true,0
"diabetes",1,5,cals,SparseLookahead,SparseCertified,4471,1036,0,35,0,26,0,56,1516,1.519436012,true,0
"diabetes",1,5,cals_compact_explain,SelectiveLookahead,SparseCertified,3612,0,0,26,14,0,27,62,554,0.36407031700000003,true,0
"diabetes",1,7,unary,Greedy,InformationGain,0,0,0,0,0,0,0,0,0,0.015020009,true,0
"diabetes",1,7,horn,Greedy,InformationGain,0,0,0,0,0,0,0,0,0,0.017017703,true,0
"diabetes",1,7,antihorn,Greedy,InformationGain,0,0,0,0,0,0,0,0,0,0.017361573,true,0
"diabetes",1,7,square2cnf,Greedy,InformationGain,0,0,0,0,0,0,0,0,0,0.091036811,true,0
"diabetes",1,7,affine,Greedy,InformationGain,0,0,0,0,0,0,0,0,0,0.064385768,true,0
"diabetes",1,7,smart_certified,Greedy,InformationGain,0,0,0,0,0,0,0,0,0,0.417706514,true,0
"diabetes",1,7,cals,SparseLookahead,SparseCertified,5986,1535,0,53,0,44,0,92,2303,1.663877133,true,0
"diabetes",1,7,cals_compact_explain,SelectiveLookahead,SparseCertified,5317,0,0,47,14,0,48,104,890,0.436874604,true,0
"diabetes",2,5,unary,Greedy,InformationGain,0,0,0,0,0,0,0,0,0,0.007736096,true,0
"diabetes",2,5,horn,Greedy,InformationGain,0,0,0,0,0,0,0,0,0,0.010474435,true,0
"diabetes",2,5,antihorn,Greedy,InformationGain,0,0,0,0,0,0,0,0,0,0.010908954,true,0
"diabetes",2,5,square2cnf,Greedy,InformationGain,0,0,0,0,0,0,0,0,0,0.047681162,true,0
"diabetes",2,5,affine,Greedy,InformationGain,0,0,0,0,0,0,0,0,0,0.022337944,true,0
"diabetes",2,5,smart_certified,Greedy,InformationGain,0,0,0,0,0,0,0,0,0,0.08850969,true,0
"diabetes",2,5,cals,SparseLookahead,SparseCertified,5886,1113,0,35,0,29,0,56,1545,8.031295198999999,true,0
"diabetes",2,5,cals_compact_explain,SelectiveLookahead,SparseCertified,5033,0,0,19,14,0,26,51,400,4.169926598,true,0
"diabetes",2,7,unary,Greedy,InformationGain,0,0,0,0,0,0,0,0,0,0.013236084,true,0
"diabetes",2,7,horn,Greedy,InformationGain,0,0,0,0,0,0,0,0,0,0.018838144,true,0
"diabetes",2,7,antihorn,Greedy,InformationGain,0,0,0,0,0,0,0,0,0,0.018216722,true,0
"diabetes",2,7,square2cnf,Greedy,InformationGain,0,0,0,0,0,0,0,0,0,0.094568191,true,0
"diabetes",2,7,affine,Greedy,InformationGain,0,0,0,0,0,0,0,0,0,0.048405681,true,0
"diabetes",2,7,smart_certified,Greedy,InformationGain,0,0,0,0,0,0,0,0,0,0.159202551,true,0
"diabetes",2,7,cals,SparseLookahead,SparseCertified,7819,1788,0,58,0,52,0,102,2582,11.244983359,true,0
"diabetes",2,7,cals_compact_explain,SelectiveLookahead,SparseCertified,7984,0,0,43,11,0,46,93,752,7.847931527999999,true,0
"diabetes",3,5,unary,Greedy,InformationGain,0,0,0,0,0,0,0,0,0,0.008653719,true,0
"diabetes",3,5,horn,Greedy,InformationGain,0,0,0,0,0,0,0,0,0,0.011632471,true,0
"diabetes",3,5,antihorn,Greedy,InformationGain,0,0,0,0,0,0,0,0,0,0.011826335,true,0
"diabetes",3,5,square2cnf,Greedy,InformationGain,0,0,0,0,0,0,0,0,0,0.053298506,true,0
"diabetes",3,5,affine,Greedy,InformationGain,0,0,0,0,0,0,0,0,0,0.027061699,true,0
"diabetes",3,5,smart_certified,Greedy,InformationGain,0,0,0,0,0,0,0,0,0,0.112349147,true,0
"diabetes",3,5,cals,SparseLookahead,SparseCertified,6357,1320,0,37,0,32,0,60,1768,10.175994084,true,0
"diabetes",3,5,cals_compact_explain,SelectiveLookahead,SparseCertified,5015,0,0,27,9,0,28,57,464,2.533468867,true,0
"diabetes",3,7,unary,Greedy,InformationGain,0,0,0,0,0,0,0,0,0,0.017283233,true,0
"diabetes",3,7,horn,Greedy,InformationGain,0,0,0,0,0,0,0,0,0,0.020914192,true,0
"diabetes",3,7,antihorn,Greedy,InformationGain,0,0,0,0,0,0,0,0,0,0.02061375,true,0
"diabetes",3,7,square2cnf,Greedy,InformationGain,0,0,0,0,0,0,0,0,0,0.137059479,true,0
"diabetes",3,7,affine,Greedy,InformationGain,0,0,0,0,0,0,0,0,0,0.059149295,true,0
"diabetes",3,7,smart_certified,Greedy,InformationGain,0,0,0,0,0,0,0,0,0,0.790469526,true,0
"diabetes",3,7,cals,SparseLookahead,SparseCertified,8426,1912,0,57,0,52,0,100,2680,15.389026846999998,true,0
"diabetes",3,7,cals_compact_explain,SelectiveLookahead,SparseCertified,7108,0,0,46,9,0,47,95,768,3.6381738539999997,true,0
"diabetes",4,5,unary,Greedy,InformationGain,0,0,0,0,0,0,0,0,0,0.007854163,true,0
"diabetes",4,5,horn,Greedy,InformationGain,0,0,0,0,0,0,0,0,0,0.010690642,true,0
"diabetes",4,5,antihorn,Greedy,InformationGain,0,0,0,0,0,0,0,0,0,0.010964421,true,0
"diabetes",4,5,square2cnf,Greedy,InformationGain,0,0,0,0,0,0,0,0,0,0.050134687,true,0
"diabetes",4,5,affine,Greedy,InformationGain,0,0,0,0,0,0,0,0,0,0.02941279,true,0
"diabetes",4,5,smart_certified,Greedy,InformationGain,0,0,0,0,0,0,0,0,0,0.08864795,true,0
"diabetes",4,5,cals,SparseLookahead,SparseCertified,7442,1344,0,37,0,30,0,60,1824,16.563005388999997,true,0
"diabetes",4,5,cals_compact_explain,SelectiveLookahead,SparseCertified,6439,0,0,25,19,0,30,67,592,4.280622897,true,0
"diabetes",4,7,unary,Greedy,InformationGain,0,0,0,0,0,0,0,0,0,0.016091781,true,0
"diabetes",4,7,horn,Greedy,InformationGain,0,0,0,0,0,0,0,0,0,0.018856887,true,0
"diabetes",4,7,antihorn,Greedy,InformationGain,0,0,0,0,0,0,0,0,0,0.020218453,true,0
"diabetes",4,7,square2cnf,Greedy,InformationGain,0,0,0,0,0,0,0,0,0,0.099389176,true,0
"diabetes",4,7,affine,Greedy,InformationGain,0,0,0,0,0,0,0,0,0,0.065769959,true,0
"diabetes",4,7,smart_certified,Greedy,InformationGain,0,0,0,0,0,0,0,0,0,0.181162771,true,0
"diabetes",4,7,cals,SparseLookahead,SparseCertified,10740,2248,0,62,0,55,0,110,3128,32.628050576,true,0
"diabetes",4,7,cals_compact_explain,SelectiveLookahead,SparseCertified,9307,0,0,52,16,0,53,115,992,8.032181807999999,true,0
"diabetes",5,5,unary,Greedy,InformationGain,0,0,0,0,0,0,0,0,0,0.007859335,true,0
"diabetes",5,5,horn,Greedy,InformationGain,0,0,0,0,0,0,0,0,0,0.010644003,true,0
"diabetes",5,5,antihorn,Greedy,InformationGain,0,0,0,0,0,0,0,0,0,0.01080713,true,0
"diabetes",5,5,square2cnf,Greedy,InformationGain,0,0,0,0,0,0,0,0,0,0.047402928,true,0
"diabetes",5,5,affine,Greedy,InformationGain,0,0,0,0,0,0,0,0,0,0.029981658,true,0
"diabetes",5,5,smart_certified,Greedy,InformationGain,0,0,0,0,0,0,0,0,0,0.084844374,true,0
"diabetes",5,5,cals,SparseLookahead,SparseCertified,5526,1273,0,37,0,33,0,60,1705,2.222962384,true,0
"diabetes",5,5,cals_compact_explain,SelectiveLookahead,SparseCertified,5857,0,0,31,17,0,45,75,480,0.831651125,true,0
"diabetes",5,7,unary,Greedy,InformationGain,0,0,0,0,0,0,0,0,0,0.013724713,true,0
"diabetes",5,7,horn,Greedy,InformationGain,0,0,0,0,0,0,0,0,0,0.020077724,true,0
"diabetes",5,7,antihorn,Greedy,InformationGain,0,0,0,0,0,0,0,0,0,0.01982601,true,0
"diabetes",5,7,square2cnf,Greedy,InformationGain,0,0,0,0,0,0,0,0,0,0.107646432,true,0
"diabetes",5,7,affine,Greedy,InformationGain,0,0,0,0,0,0,0,0,0,0.060739258,true,0
"diabetes",5,7,smart_certified,Greedy,InformationGain,0,0,0,0,0,0,0,0,0,0.162229564,true,0
"diabetes",5,7,cals,SparseLookahead,SparseCertified,7340,1830,0,58,0,54,0,102,2598,2.386523856,true,0
"diabetes",5,7,cals_compact_explain,SelectiveLookahead,SparseCertified,6871,0,0,54,17,0,59,118,944,0.878112565,true,0
"diabetes",6,5,unary,Greedy,InformationGain,0,0,0,0,0,0,0,0,0,0.008535097,true,0
"diabetes",6,5,horn,Greedy,InformationGain,0,0,0,0,0,0,0,0,0,0.010500101,true,0
"diabetes",6,5,antihorn,Greedy,InformationGain,0,0,0,0,0,0,0,0,0,0.010170909,true,0
"diabetes",6,5,square2cnf,Greedy,InformationGain,0,0,0,0,0,0,0,0,0,0.045007148,true,0
"diabetes",6,5,affine,Greedy,InformationGain,0,0,0,0,0,0,0,0,0,0.026706343,true,0
"diabetes",6,5,smart_certified,Greedy,InformationGain,0,0,0,0,0,0,0,0,0,0.096611691,true,0
"diabetes",6,5,cals,SparseLookahead,SparseCertified,5899,1255,0,36,0,31,0,58,1687,8.766945437,true,0
"diabetes",6,5,cals_compact_explain,SelectiveLookahead,SparseCertified,5231,0,0,25,9,0,27,53,416,2.923249716,true,0
"diabetes",6,7,unary,Greedy,InformationGain,0,0,0,0,0,0,0,0,0,0.015514504,true,0
"diabetes",6,7,horn,Greedy,InformationGain,0,0,0,0,0,0,0,0,0,0.018012919,true,0
"diabetes",6,7,antihorn,Greedy,InformationGain,0,0,0,0,0,0,0,0,0,0.018494034,true,0
"diabetes",6,7,square2cnf,Greedy,InformationGain,0,0,0,0,0,0,0,0,0,0.093451162,true,0
"diabetes",6,7,affine,Greedy,InformationGain,0,0,0,0,0,0,0,0,0,0.059934303,true,0
"diabetes",6,7,smart_certified,Greedy,InformationGain,0,0,0,0,0,0,0,0,0,0.67026961,true,0
"diabetes",6,7,cals,SparseLookahead,SparseCertified,8020,1891,0,55,0,50,0,96,2627,14.14689125,true,0
"diabetes",6,7,cals_compact_explain,SelectiveLookahead,SparseCertified,6899,0,0,39,9,0,41,81,640,4.24274912,true,0
"diabetes",7,5,unary,Greedy,InformationGain,0,0,0,0,0,0,0,0,0,0.00833985,true,0
"diabetes",7,5,horn,Greedy,InformationGain,0,0,0,0,0,0,0,0,0,0.010677994,true,0
"diabetes",7,5,antihorn,Greedy,InformationGain,0,0,0,0,0,0,0,0,0,0.010595067,true,0
"diabetes",7,5,square2cnf,Greedy,InformationGain,0,0,0,0,0,0,0,0,0,0.048667608,true,0
"diabetes",7,5,affine,Greedy,InformationGain,0,0,0,0,0,0,0,0,0,0.020324524,true,0
"diabetes",7,5,smart_certified,Greedy,InformationGain,0,0,0,0,0,0,0,0,0,0.092710084,true,0
"diabetes",7,5,cals,SparseLookahead,SparseCertified,6092,1229,0,37,0,30,0,60,1709,17.055295864,true,0
"diabetes",7,5,cals_compact_explain,SelectiveLookahead,SparseCertified,5353,0,0,25,19,0,29,67,608,4.373868586,true,0
"diabetes",7,7,unary,Greedy,InformationGain,0,0,0,0,0,0,0,0,0,0.014764658,true,0
"diabetes",7,7,horn,Greedy,InformationGain,0,0,0,0,0,0,0,0,0,0.018643894,true,0
"diabetes",7,7,antihorn,Greedy,InformationGain,0,0,0,0,0,0,0,0,0,0.019088346,true,0
"diabetes",7,7,square2cnf,Greedy,InformationGain,0,0,0,0,0,0,0,0,0,0.100480295,true,0
"diabetes",7,7,affine,Greedy,InformationGain,0,0,0,0,0,0,0,0,0,0.046464486,true,0
"diabetes",7,7,smart_certified,Greedy,InformationGain,0,0,0,0,0,0,0,0,0,0.315163546,true,0
"diabetes",7,7,cals,SparseLookahead,SparseCertified,8620,1803,0,55,0,48,0,96,2571,30.039766604,true,0
"diabetes",7,7,cals_compact_explain,SelectiveLookahead,SparseCertified,7990,0,0,48,19,0,52,113,976,8.518172035,true,0
"diabetes",8,5,unary,Greedy,InformationGain,0,0,0,0,0,0,0,0,0,0.008244805,true,0
"diabetes",8,5,horn,Greedy,InformationGain,0,0,0,0,0,0,0,0,0,0.010721467,true,0
"diabetes",8,5,antihorn,Greedy,InformationGain,0,0,0,0,0,0,0,0,0,0.010826713,true,0
"diabetes",8,5,square2cnf,Greedy,InformationGain,0,0,0,0,0,0,0,0,0,0.049756577,true,0
"diabetes",8,5,affine,Greedy,InformationGain,0,0,0,0,0,0,0,0,0,0.026049308,true,0
"diabetes",8,5,smart_certified,Greedy,InformationGain,0,0,0,0,0,0,0,0,0,0.104370126,true,0
"diabetes",8,5,cals,SparseLookahead,SparseCertified,5311,1089,0,35,0,28,0,56,1537,2.690571271,true,0
"diabetes",8,5,cals_compact_explain,SelectiveLookahead,SparseCertified,4239,0,0,26,14,0,29,62,528,0.8974419490000001,true,0
"diabetes",8,7,unary,Greedy,InformationGain,0,0,0,0,0,0,0,0,0,0.015374579,true,0
"diabetes",8,7,horn,Greedy,InformationGain,0,0,0,0,0,0,0,0,0,0.017588401,true,0
"diabetes",8,7,antihorn,Greedy,InformationGain,0,0,0,0,0,0,0,0,0,0.018184393,true,0
"diabetes",8,7,square2cnf,Greedy,InformationGain,0,0,0,0,0,0,0,0,0,0.092825966,true,0
"diabetes",8,7,affine,Greedy,InformationGain,0,0,0,0,0,0,0,0,0,0.05581164,true,0
"diabetes",8,7,smart_certified,Greedy,InformationGain,0,0,0,0,0,0,0,0,0,0.745354831,true,0
"diabetes",8,7,cals,SparseLookahead,SparseCertified,6841,1568,0,52,0,45,0,90,2288,2.8174682300000002,true,0
"diabetes",8,7,cals_compact_explain,SelectiveLookahead,SparseCertified,5914,0,0,46,14,0,49,102,848,0.9678348229999999,true,0
"diabetes",9,5,unary,Greedy,InformationGain,0,0,0,0,0,0,0,0,0,0.008468118,true,0
"diabetes",9,5,horn,Greedy,InformationGain,0,0,0,0,0,0,0,0,0,0.011598209,true,0
"diabetes",9,5,antihorn,Greedy,InformationGain,0,0,0,0,0,0,0,0,0,0.011563941,true,0
"diabetes",9,5,square2cnf,Greedy,InformationGain,0,0,0,0,0,0,0,0,0,0.054359678,true,0
"diabetes",9,5,affine,Greedy,InformationGain,0,0,0,0,0,0,0,0,0,0.025245512,true,0
"diabetes",9,5,smart_certified,Greedy,InformationGain,0,0,0,0,0,0,0,0,0,0.105442913,true,0
"diabetes",9,5,cals,SparseLookahead,SparseCertified,7411,1274,0,37,0,30,0,60,1754,15.119656026000001,true,0
"diabetes",9,5,cals_compact_explain,SelectiveLookahead,SparseCertified,6754,0,0,27,17,0,30,67,592,4.434960530000001,true,0
"diabetes",9,7,unary,Greedy,InformationGain,0,0,0,0,0,0,0,0,0,0.014824037,true,0
"diabetes",9,7,horn,Greedy,InformationGain,0,0,0,0,0,0,0,0,0,0.018647917,true,0
"diabetes",9,7,antihorn,Greedy,InformationGain,0,0,0,0,0,0,0,0,0,0.018890757,true,0
"diabetes",9,7,square2cnf,Greedy,InformationGain,0,0,0,0,0,0,0,0,0,0.102923504,true,0
"diabetes",9,7,affine,Greedy,InformationGain,0,0,0,0,0,0,0,0,0,0.05554904,true,0
"diabetes",9,7,smart_certified,Greedy,InformationGain,0,0,0,0,0,0,0,0,0,0.251487222,true,0
"diabetes",9,7,cals,SparseLookahead,SparseCertified,9549,1915,0,58,0,51,0,102,2731,24.694559600999998,true,0
"diabetes",9,7,cals_compact_explain,SelectiveLookahead,SparseCertified,9146,0,0,50,17,0,53,113,960,7.224553188,true,0
"forest-fires-un",0,5,unary,Greedy,InformationGain,0,0,0,0,0,0,0,0,0,0.034515846,true,0
"forest-fires-un",0,5,horn,Greedy,InformationGain,0,0,0,0,0,0,0,0,0,0.023187126,true,0
"forest-fires-un",0,5,antihorn,Greedy,InformationGain,0,0,0,0,0,0,0,0,0,0.024055162,true,0
"forest-fires-un",0,5,square2cnf,Greedy,InformationGain,0,0,0,0,0,0,0,0,0,0.033661521,true,0
"forest-fires-un",0,5,affine,Greedy,InformationGain,0,0,0,0,0,0,0,0,0,0.014911053,true,0
"forest-fires-un",0,5,smart_certified,Greedy,InformationGain,0,0,0,0,0,0,0,0,0,0.105338418,true,0
"forest-fires-un",0,5,cals,SparseLookahead,SparseCertified,17607,657,0,21,0,15,0,28,865,0.710383657,true,0
"forest-fires-un",0,5,cals_compact_explain,SelectiveLookahead,SparseCertified,12170,0,0,7,14,0,13,28,240,0.428917504,true,0
"forest-fires-un",0,7,unary,Greedy,InformationGain,0,0,0,0,0,0,0,0,0,0.045858698,true,0
"forest-fires-un",0,7,horn,Greedy,InformationGain,0,0,0,0,0,0,0,0,0,0.032810943,true,0
"forest-fires-un",0,7,antihorn,Greedy,InformationGain,0,0,0,0,0,0,0,0,0,0.030884587,true,0
"forest-fires-un",0,7,square2cnf,Greedy,InformationGain,0,0,0,0,0,0,0,0,0,0.045839045,true,0
"forest-fires-un",0,7,affine,Greedy,InformationGain,0,0,0,0,0,0,0,0,0,0.021668294,true,0
"forest-fires-un",0,7,smart_certified,Greedy,InformationGain,0,0,0,0,0,0,0,0,0,0.1509336,true,0
"forest-fires-un",0,7,cals,SparseLookahead,SparseCertified,19627,717,0,23,0,17,0,32,957,0.9706252169999999,true,0
"forest-fires-un",0,7,cals_compact_explain,SelectiveLookahead,SparseCertified,14253,0,0,9,14,0,15,32,272,0.5343989659999999,true,0
"forest-fires-un",1,5,unary,Greedy,InformationGain,0,0,0,0,0,0,0,0,0,0.036890955,true,0
"forest-fires-un",1,5,horn,Greedy,InformationGain,0,0,0,0,0,0,0,0,0,0.025593727,true,0
"forest-fires-un",1,5,antihorn,Greedy,InformationGain,0,0,0,0,0,0,0,0,0,0.025526621,true,0
"forest-fires-un",1,5,square2cnf,Greedy,InformationGain,0,0,0,0,0,0,0,0,0,0.036107035,true,0
"forest-fires-un",1,5,affine,Greedy,InformationGain,0,0,0,0,0,0,0,0,0,0.01790436,true,0
"forest-fires-un",1,5,smart_certified,Greedy,InformationGain,0,0,0,0,0,0,0,0,0,0.119946513,true,0
"forest-fires-un",1,5,cals,SparseLookahead,SparseCertified,15167,901,0,22,0,21,0,30,1045,0.285847903,true,0
"forest-fires-un",1,5,cals_compact_explain,SelectiveLookahead,SparseCertified,11725,0,0,8,9,0,17,25,128,0.22412375499999998,true,0
"forest-fires-un",1,7,unary,Greedy,InformationGain,0,0,0,0,0,0,0,0,0,0.05000277,true,0
"forest-fires-un",1,7,horn,Greedy,InformationGain,0,0,0,0,0,0,0,0,0,0.035044323,true,0
"forest-fires-un",1,7,antihorn,Greedy,InformationGain,0,0,0,0,0,0,0,0,0,0.032367541,true,0
"forest-fires-un",1,7,square2cnf,Greedy,InformationGain,0,0,0,0,0,0,0,0,0,0.048801818,true,0
"forest-fires-un",1,7,affine,Greedy,InformationGain,0,0,0,0,0,0,0,0,0,0.021561816,true,0
"forest-fires-un",1,7,smart_certified,Greedy,InformationGain,0,0,0,0,0,0,0,0,0,0.149902729,true,0
"forest-fires-un",1,7,cals,SparseLookahead,SparseCertified,17258,1082,0,27,0,26,0,40,1306,0.32065232600000004,true,0
"forest-fires-un",1,7,cals_compact_explain,SelectiveLookahead,SparseCertified,13797,0,0,13,9,0,22,35,208,0.26147457,true,0
"forest-fires-un",2,5,unary,Greedy,InformationGain,0,0,0,0,0,0,0,0,0,0.037479618,true,0
"forest-fires-un",2,5,horn,Greedy,InformationGain,0,0,0,0,0,0,0,0,0,0.026320099,true,0
"forest-fires-un",2,5,antihorn,Greedy,InformationGain,0,0,0,0,0,0,0,0,0,0.025179912,true,0
"forest-fires-un",2,5,square2cnf,Greedy,InformationGain,0,0,0,0,0,0,0,0,0,0.033825046,true,0
"forest-fires-un",2,5,affine,Greedy,InformationGain,0,0,0,0,0,0,0,0,0,0.018060609,true,0
"forest-fires-un",2,5,smart_certified,Greedy,InformationGain,0,0,0,0,0,0,0,0,0,0.113376362,true,0
"forest-fires-un",2,5,cals,SparseLookahead,SparseCertified,15948,572,0,21,0,14,0,28,796,0.711522722,true,0
"forest-fires-un",2,5,cals_compact_explain,SelectiveLookahead,SparseCertified,11364,0,0,7,14,0,13,28,240,0.356208551,true,0
"forest-fires-un",2,7,unary,Greedy,InformationGain,0,0,0,0,0,0,0,0,0,0.050184624,true,0
"forest-fires-un",2,7,horn,Greedy,InformationGain,0,0,0,0,0,0,0,0,0,0.037615066,true,0
"forest-fires-un",2,7,antihorn,Greedy,InformationGain,0,0,0,0,0,0,0,0,0,0.03324058,true,0
"forest-fires-un",2,7,square2cnf,Greedy,InformationGain,0,0,0,0,0,0,0,0,0,0.047808278,true,0
"forest-fires-un",2,7,affine,Greedy,InformationGain,0,0,0,0,0,0,0,0,0,0.025394091,true,0
"forest-fires-un",2,7,smart_certified,Greedy,InformationGain,0,0,0,0,0,0,0,0,0,0.167830902,true,0
"forest-fires-un",2,7,cals,SparseLookahead,SparseCertified,17963,632,0,23,0,16,0,32,888,0.929008089,true,0
"forest-fires-un",2,7,cals_compact_explain,SelectiveLookahead,SparseCertified,13604,0,0,9,14,0,15,32,272,0.47217179600000003,true,0
"forest-fires-un",3,5,unary,Greedy,InformationGain,0,0,0,0,0,0,0,0,0,0.03647081,true,0
"forest-fires-un",3,5,horn,Greedy,InformationGain,0,0,0,0,0,0,0,0,0,0.025747249,true,0
"forest-fires-un",3,5,antihorn,Greedy,InformationGain,0,0,0,0,0,0,0,0,0,0.029032468,true,0
"forest-fires-un",3,5,square2cnf,Greedy,InformationGain,0,0,0,0,0,0,0,0,0,0.041831637,true,0
"forest-fires-un",3,5,affine,Greedy,InformationGain,0,0,0,0,0,0,0,0,0,0.016248216,true,0
"forest-fires-un",3,5,smart_certified,Greedy,InformationGain,0,0,0,0,0,0,0,0,0,0.118953873,true,0
"forest-fires-un",3,5,cals,SparseLookahead,SparseCertified,21226,686,0,23,0,17,0,32,926,0.378924885,true,0
"forest-fires-un",3,5,cals_compact_explain,SelectiveLookahead,SparseCertified,11438,0,0,9,10,0,12,26,224,0.324209677,true,0
"forest-fires-un",3,7,unary,Greedy,InformationGain,0,0,0,0,0,0,0,0,0,0.051030778,true,0
"forest-fires-un",3,7,horn,Greedy,InformationGain,0,0,0,0,0,0,0,0,0,0.034147897,true,0
"forest-fires-un",3,7,antihorn,Greedy,InformationGain,0,0,0,0,0,0,0,0,0,0.036640189,true,0
"forest-fires-un",3,7,square2cnf,Greedy,InformationGain,0,0,0,0,0,0,0,0,0,0.055015083,true,0
"forest-fires-un",3,7,affine,Greedy,InformationGain,0,0,0,0,0,0,0,0,0,0.02338807,true,0
"forest-fires-un",3,7,smart_certified,Greedy,InformationGain,0,0,0,0,0,0,0,0,0,0.16721891,true,0
"forest-fires-un",3,7,cals,SparseLookahead,SparseCertified,25737,801,0,26,0,20,0,38,1089,0.867442577,true,0
"forest-fires-un",3,7,cals_compact_explain,SelectiveLookahead,SparseCertified,13787,0,0,11,10,0,14,30,256,0.419617182,true,0
"forest-fires-un",4,5,unary,Greedy,InformationGain,0,0,0,0,0,0,0,0,0,0.03985114,true,0
"forest-fires-un",4,5,horn,Greedy,InformationGain,0,0,0,0,0,0,0,0,0,0.025691919,true,0
"forest-fires-un",4,5,antihorn,Greedy,InformationGain,0,0,0,0,0,0,0,0,0,0.028524402,true,0
"forest-fires-un",4,5,square2cnf,Greedy,InformationGain,0,0,0,0,0,0,0,0,0,0.044761604,true,0
"forest-fires-un",4,5,affine,Greedy,InformationGain,0,0,0,0,0,0,0,0,0,0.023163333,true,0
"forest-fires-un",4,5,smart_certified,Greedy,InformationGain,0,0,0,0,0,0,0,0,0,0.132551577,true,0
"forest-fires-un",4,5,cals,SparseLookahead,SparseCertified,14820,839,0,23,0,19,0,32,1047,1.705247356,true,0
"forest-fires-un",4,5,cals_compact_explain,SelectiveLookahead,SparseCertified,11788,0,0,9,9,0,17,27,160,0.28063884499999997,true,0
"forest-fires-un",4,7,unary,Greedy,InformationGain,0,0,0,0,0,0,0,0,0,0.053586037,true,0
"forest-fires-un",4,7,horn,Greedy,InformationGain,0,0,0,0,0,0,0,0,0,0.035241468,true,0
"forest-fires-un",4,7,antihorn,Greedy,InformationGain,0,0,0,0,0,0,0,0,0,0.035086587,true,0
"forest-fires-un",4,7,square2cnf,Greedy,InformationGain,0,0,0,0,0,0,0,0,0,0.052392367,true,0
"forest-fires-un",4,7,affine,Greedy,InformationGain,0,0,0,0,0,0,0,0,0,0.027827788,true,0
"forest-fires-un",4,7,smart_certified,Greedy,InformationGain,0,0,0,0,0,0,0,0,0,0.174457936,true,0
"forest-fires-un",4,7,cals,SparseLookahead,SparseCertified,16450,951,0,27,0,23,0,40,1223,1.7756645659999999,true,0
"forest-fires-un",4,7,cals_compact_explain,SelectiveLookahead,SparseCertified,13397,0,0,13,9,0,21,35,224,0.290515824,true,0
"forest-fires-un",5,5,unary,Greedy,InformationGain,0,0,0,0,0,0,0,0,0,0.036104074,true,0
"forest-fires-un",5,5,horn,Greedy,InformationGain,0,0,0,0,0,0,0,0,0,0.024550791,true,0
"forest-fires-un",5,5,antihorn,Greedy,InformationGain,0,0,0,0,0,0,0,0,0,0.025308346,true,0
"forest-fires-un",5,5,square2cnf,Greedy,InformationGain,0,0,0,0,0,0,0,0,0,0.035201857,true,0
"forest-fires-un",5,5,affine,Greedy,InformationGain,0,0,0,0,0,0,0,0,0,0.015002934,true,0
"forest-fires-un",5,5,smart_certified,Greedy,InformationGain,0,0,0,0,0,0,0,0,0,0.110955062,true,0
"forest-fires-un",5,5,cals,SparseLookahead,SparseCertified,13685,719,0,19,0,16,0,24,847,0.383657927,true,0
"forest-fires-un",5,5,cals_compact_explain,SelectiveLookahead,SparseCertified,10873,0,0,5,9,0,13,19,96,0.228250198,true,0
"forest-fires-un",5,7,unary,Greedy,InformationGain,0,0,0,0,0,0,0,0,0,0.056317045,true,0
"forest-fires-un",5,7,horn,Greedy,InformationGain,0,0,0,0,0,0,0,0,0,0.031780616,true,0
"forest-fires-un",5,7,antihorn,Greedy,InformationGain,0,0,0,0,0,0,0,0,0,0.033009601,true,0
"forest-fires-un",5,7,square2cnf,Greedy,InformationGain,0,0,0,0,0,0,0,0,0,0.048612146,true,0
"forest-fires-un",5,7,affine,Greedy,InformationGain,0,0,0,0,0,0,0,0,0,0.019647658,true,0
"forest-fires-un",5,7,smart_certified,Greedy,InformationGain,0,0,0,0,0,0,0,0,0,0.146917204,true,0
"forest-fires-un",5,7,cals,SparseLookahead,SparseCertified,15216,814,0,21,0,18,0,28,974,0.413341114,true,0
"forest-fires-un",5,7,cals_compact_explain,SelectiveLookahead,SparseCertified,12464,0,0,8,9,0,16,25,144,0.258710152,true,0
"forest-fires-un",6,5,unary,Greedy,InformationGain,0,0,0,0,0,0,0,0,0,0.036502144,true,0
"forest-fires-un",6,5,horn,Greedy,InformationGain,0,0,0,0,0,0,0,0,0,0.025292172,true,0
"forest-fires-un",6,5,antihorn,Greedy,InformationGain,0,0,0,0,0,0,0,0,0,0.025589193,true,0
"forest-fires-un",6,5,square2cnf,Greedy,InformationGain,0,0,0,0,0,0,0,0,0,0.03474647,true,0
"forest-fires-un",6,5,affine,Greedy,InformationGain,0,0,0,0,0,0,0,0,0,0.017936952,true,0
"forest-fires-un",6,5,smart_certified,Greedy,InformationGain,0,0,0,0,0,0,0,0,0,0.114120459,true,0
"forest-fires-un",6,5,cals,SparseLookahead,SparseCertified,18353,858,0,22,0,20,0,30,1018,0.653355003,true,0
"forest-fires-un",6,5,cals_compact_explain,SelectiveLookahead,SparseCertified,11951,0,0,8,9,0,16,25,144,0.203970545,true,0
"forest-fires-un",6,7,unary,Greedy,InformationGain,0,0,0,0,0,0,0,0,0,0.049700246,true,0
"forest-fires-un",6,7,horn,Greedy,InformationGain,0,0,0,0,0,0,0,0,0,0.033835921,true,0
"forest-fires-un",6,7,antihorn,Greedy,InformationGain,0,0,0,0,0,0,0,0,0,0.03866843,true,0
"forest-fires-un",6,7,square2cnf,Greedy,InformationGain,0,0,0,0,0,0,0,0,0,0.048604828,true,0
"forest-fires-un",6,7,affine,Greedy,InformationGain,0,0,0,0,0,0,0,0,0,0.026372046,true,0
"forest-fires-un",6,7,smart_certified,Greedy,InformationGain,0,0,0,0,0,0,0,0,0,0.165207096,true,0
"forest-fires-un",6,7,cals,SparseLookahead,SparseCertified,20414,1116,0,28,0,26,0,42,1372,0.723094359,true,0
"forest-fires-un",6,7,cals_compact_explain,SelectiveLookahead,SparseCertified,14008,0,0,14,9,0,22,37,240,0.230080729,true,0
"forest-fires-un",7,5,unary,Greedy,InformationGain,0,0,0,0,0,0,0,0,0,0.036183379,true,0
"forest-fires-un",7,5,horn,Greedy,InformationGain,0,0,0,0,0,0,0,0,0,0.024883229,true,0
"forest-fires-un",7,5,antihorn,Greedy,InformationGain,0,0,0,0,0,0,0,0,0,0.026844978,true,0
"forest-fires-un",7,5,square2cnf,Greedy,InformationGain,0,0,0,0,0,0,0,0,0,0.035800115,true,0
"forest-fires-un",7,5,affine,Greedy,InformationGain,0,0,0,0,0,0,0,0,0,0.01868571,true,0
"forest-fires-un",7,5,smart_certified,Greedy,InformationGain,0,0,0,0,0,0,0,0,0,0.110630909,true,0
"forest-fires-un",7,5,cals,SparseLookahead,SparseCertified,15752,832,0,20,0,18,0,26,960,0.5093493450000001,true,0
"forest-fires-un",7,5,cals_compact_explain,SelectiveLookahead,SparseCertified,11263,0,0,6,9,0,14,21,112,0.20217164299999998,true,0
"forest-fires-un",7,7,unary,Greedy,InformationGain,0,0,0,0,0,0,0,0,0,0.049986089,true,0
"forest-fires-un",7,7,horn,Greedy,InformationGain,0,0,0,0,0,0,0,0,0,0.032553942,true,0
"forest-fires-un",7,7,antihorn,Greedy,InformationGain,0,0,0,0,0,0,0,0,0,0.035106266,true,0
"forest-fires-un",7,7,square2cnf,Greedy,InformationGain,0,0,0,0,0,0,0,0,0,0.053487912,true,0
"forest-fires-un",7,7,affine,Greedy,InformationGain,0,0,0,0,0,0,0,0,0,0.02987295,true,0
"forest-fires-un",7,7,smart_certified,Greedy,InformationGain,0,0,0,0,0,0,0,0,0,0.160671251,true,0
"forest-fires-un",7,7,cals,SparseLookahead,SparseCertified,17586,998,0,25,0,23,0,36,1206,0.59688284,true,0
"forest-fires-un",7,7,cals_compact_explain,SelectiveLookahead,SparseCertified,13072,0,0,11,9,0,19,31,192,0.229235097,true,0
"forest-fires-un",8,5,unary,Greedy,InformationGain,0,0,0,0,0,0,0,0,0,0.037141713,true,0
"forest-fires-un",8,5,horn,Greedy,InformationGain,0,0,0,0,0,0,0,0,0,0.02800938,true,0
"forest-fires-un",8,5,antihorn,Greedy,InformationGain,0,0,0,0,0,0,0,0,0,0.02737544,true,0
"forest-fires-un",8,5,square2cnf,Greedy,InformationGain,0,0,0,0,0,0,0,0,0,0.039811008,true,0
"forest-fires-un",8,5,affine,Greedy,InformationGain,0,0,0,0,0,0,0,0,0,0.0179454,true,0
"forest-fires-un",8,5,smart_certified,Greedy,InformationGain,0,0,0,0,0,0,0,0,0,0.122723507,true,0
"forest-fires-un",8,5,cals,SparseLookahead,SparseCertified,15271,853,0,20,0,19,0,26,965,0.291121591,true,0
"forest-fires-un",8,5,cals_compact_explain,SelectiveLookahead,SparseCertified,11893,0,0,6,9,0,15,21,96,0.262612171,true,0
"forest-fires-un",8,7,unary,Greedy,InformationGain,0,0,0,0,0,0,0,0,0,0.051410513,true,0
"forest-fires-un",8,7,horn,Greedy,InformationGain,0,0,0,0,0,0,0,0,0,0.03486382,true,0
"forest-fires-un",8,7,antihorn,Greedy,InformationGain,0,0,0,0,0,0,0,0,0,0.03616083,true,0
"forest-fires-un",8,7,square2cnf,Greedy,InformationGain,0,0,0,0,0,0,0,0,0,0.057118438,true,0
"forest-fires-un",8,7,affine,Greedy,InformationGain,0,0,0,0,0,0,0,0,0,0.025988884,true,0
"forest-fires-un",8,7,smart_certified,Greedy,InformationGain,0,0,0,0,0,0,0,0,0,0.175348294,true,0
"forest-fires-un",8,7,cals,SparseLookahead,SparseCertified,16959,984,0,24,0,23,0,34,1160,0.31537757099999997,true,0
"forest-fires-un",8,7,cals_compact_explain,SelectiveLookahead,SparseCertified,13564,0,0,10,9,0,19,29,160,0.293127306,true,0
"forest-fires-un",9,5,unary,Greedy,InformationGain,0,0,0,0,0,0,0,0,0,0.036433299,true,0
"forest-fires-un",9,5,horn,Greedy,InformationGain,0,0,0,0,0,0,0,0,0,0.024033167,true,0
"forest-fires-un",9,5,antihorn,Greedy,InformationGain,0,0,0,0,0,0,0,0,0,0.024247387,true,0
"forest-fires-un",9,5,square2cnf,Greedy,InformationGain,0,0,0,0,0,0,0,0,0,0.030844707,true,0
"forest-fires-un",9,5,affine,Greedy,InformationGain,0,0,0,0,0,0,0,0,0,0.01371783,true,0
"forest-fires-un",9,5,smart_certified,Greedy,InformationGain,0,0,0,0,0,0,0,0,0,0.108985346,true,0
"forest-fires-un",9,5,cals,SparseLookahead,SparseCertified,15403,791,0,21,0,19,0,28,935,0.275592805,true,0
"forest-fires-un",9,5,cals_compact_explain,SelectiveLookahead,SparseCertified,11612,0,0,7,9,0,15,23,128,0.278936068,true,0
"forest-fires-un",9,7,unary,Greedy,InformationGain,0,0,0,0,0,0,0,0,0,0.048454333,true,0
"forest-fires-un",9,7,horn,Greedy,InformationGain,0,0,0,0,0,0,0,0,0,0.032462675,true,0
"forest-fires-un",9,7,antihorn,Greedy,InformationGain,0,0,0,0,0,0,0,0,0,0.031901812,true,0
"forest-fires-un",9,7,square2cnf,Greedy,InformationGain,0,0,0,0,0,0,0,0,0,0.04094305,true,0
"forest-fires-un",9,7,affine,Greedy,InformationGain,0,0,0,0,0,0,0,0,0,0.019149778,true,0
"forest-fires-un",9,7,smart_certified,Greedy,InformationGain,0,0,0,0,0,0,0,0,0,0.147530443,true,0
"forest-fires-un",9,7,cals,SparseLookahead,SparseCertified,17312,942,0,26,0,24,0,38,1166,0.315371605,true,0
"forest-fires-un",9,7,cals_compact_explain,SelectiveLookahead,SparseCertified,13499,0,0,12,9,0,20,33,208,0.318792016,true,0
"german-credit",0,5,unary,Greedy,InformationGain,0,0,0,0,0,0,0,0,0,0.008040326,true,0
"german-credit",0,5,horn,Greedy,InformationGain,0,0,0,0,0,0,0,0,0,0.01221037,true,0
"german-credit",0,5,antihorn,Greedy,InformationGain,0,0,0,0,0,0,0,0,0,0.012874567,true,0
"german-credit",0,5,square2cnf,Greedy,InformationGain,0,0,0,0,0,0,0,0,0,0.072353767,true,0
"german-credit",0,5,affine,Greedy,InformationGain,0,0,0,0,0,0,0,0,0,0.045357317,true,0
"german-credit",0,5,smart_certified,Greedy,InformationGain,0,0,0,0,0,0,0,0,0,0.09851722,true,0
"german-credit",0,5,cals,SparseLookahead,SparseCertified,59537,1605,0,37,0,34,0,60,2021,21.528390091000002,true,0
"german-credit",0,5,cals_compact_explain,SelectiveLookahead,SparseCertified,28056,0,0,32,16,0,31,72,656,5.316948376,true,0
"german-credit",0,7,unary,Greedy,InformationGain,0,0,0,0,0,0,0,0,0,0.013803743,true,0
"german-credit",0,7,horn,Greedy,InformationGain,0,0,0,0,0,0,0,0,0,0.020855385,true,0
"german-credit",0,7,antihorn,Greedy,InformationGain,0,0,0,0,0,0,0,0,0,0.022637984,true,0
"german-credit",0,7,square2cnf,Greedy,InformationGain,0,0,0,0,0,0,0,0,0,0.150455627,true,0
"german-credit",0,7,affine,Greedy,InformationGain,0,0,0,0,0,0,0,0,0,0.083948742,true,0
"german-credit",0,7,smart_certified,Greedy,InformationGain,0,0,0,0,0,0,0,0,0,0.182997685,true,0
"german-credit",0,7,cals,SparseLookahead,SparseCertified,69813,2647,0,63,0,60,0,112,3479,41.059330077,true,0
"german-credit",0,7,cals_compact_explain,SelectiveLookahead,SparseCertified,34956,0,0,57,16,0,56,122,1056,10.076104718,true,0
"german-credit",1,5,unary,Greedy,InformationGain,0,0,0,0,0,0,0,0,0,0.008897173,true,0
"german-credit",1,5,horn,Greedy,InformationGain,0,0,0,0,0,0,0,0,0,0.012448159,true,0
"german-credit",1,5,antihorn,Greedy,InformationGain,0,0,0,0,0,0,0,0,0,0.01381274,true,0
"german-credit",1,5,square2cnf,Greedy,InformationGain,0,0,0,0,0,0,0,0,0,0.076728449,true,0
"german-credit",1,5,affine,Greedy,InformationGain,0,0,0,0,0,0,0,0,0,0.041516434,true,0
"german-credit",1,5,smart_certified,Greedy,InformationGain,0,0,0,0,0,0,0,0,0,0.152527508,true,0
"german-credit",1,5,cals,SparseLookahead,SparseCertified,40671,1241,0,44,0,28,0,67,1865,17.911433339000002,true,0
"german-credit",1,5,cals_compact_explain,SelectiveLookahead,SparseCertified,25321,0,0,27,20,0,27,70,688,4.6725598680000004,true,0
"german-credit",1,7,unary,Greedy,InformationGain,0,0,0,0,0,0,0,0,0,0.017808489,true,0
"german-credit",1,7,horn,Greedy,InformationGain,0,0,0,0,0,0,0,0,0,0.020226724,true,0
"german-credit",1,7,antihorn,Greedy,InformationGain,0,0,0,0,0,0,0,0,0,0.02374449,true,0
"german-credit",1,7,square2cnf,Greedy,InformationGain,0,0,0,0,0,0,0,0,0,0.168730998,true,0
"german-credit",1,7,affine,Greedy,InformationGain,0,0,0,0,0,0,0,0,0,0.094055263,true,0
"german-credit",1,7,smart_certified,Greedy,InformationGain,0,0,0,0,0,0,0,0,0,0.510623124,true,0
"german-credit",1,7,cals,SparseLookahead,SparseCertified,47100,1961,0,60,0,44,0,99,2841,29.805878871,true,0
"german-credit",1,7,cals_compact_explain,SelectiveLookahead,SparseCertified,30419,0,0,43,20,0,43,102,944,7.705786862999999,true,0
"german-credit",2,5,unary,Greedy,InformationGain,0,0,0,0,0,0,0,0,0,0.010155665,true,0
"german-credit",2,5,horn,Greedy,InformationGain,0,0,0,0,0,0,0,0,0,0.011641688,true,0
"german-credit",2,5,antihorn,Greedy,InformationGain,0,0,0,0,0,0,0,0,0,0.01340948,true,0
"german-credit",2,5,square2cnf,Greedy,InformationGain,0,0,0,0,0,0,0,0,0,0.077353028,true,0
"german-credit",2,5,affine,Greedy,InformationGain,0,0,0,0,0,0,0,0,0,0.046886109,true,0
"german-credit",2,5,smart_certified,Greedy,InformationGain,0,0,0,0,0,0,0,0,0,0.146642344,true,0
"german-credit",2,5,cals,SparseLookahead,SparseCertified,5892,1631,0,39,0,35,0,64,2095,0.152957771,true,0
"german-credit",2,5,cals_compact_explain,SelectiveLookahead,SparseCertified,4191,0,0,29,15,0,31,67,576,0.069174156,true,0
"german-credit",2,7,unary,Greedy,InformationGain,0,0,0,0,0,0,0,0,0,0.015834372,true,0
"german-credit",2,7,horn,Greedy,InformationGain,0,0,0,0,0,0,0,0,0,0.019237139,true,0
"german-credit",2,7,antihorn,Greedy,InformationGain,0,0,0,0,0,0,0,0,0,0.022606934,true,0
"german-credit",2,7,square2cnf,Greedy,InformationGain,0,0,0,0,0,0,0,0,0,0.149524976,true,0
"german-credit",2,7,affine,Greedy,InformationGain,0,0,0,0,0,0,0,0,0,0.091415348,true,0
"german-credit",2,7,smart_certified,Greedy,InformationGain,0,0,0,0,0,0,0,0,0,0.280224482,true,0
"german-credit",2,7,cals,SparseLookahead,SparseCertified,8091,2423,0,59,0,55,0,104,3207,0.192339041,true,0
"german-credit",2,7,cals_compact_explain,SelectiveLookahead,SparseCertified,6478,0,0,53,15,0,55,115,960,0.095110282,true,0
"german-credit",3,5,unary,Greedy,InformationGain,0,0,0,0,0,0,0,0,0,0.008727146,true,0
"german-credit",3,5,horn,Greedy,InformationGain,0,0,0,0,0,0,0,0,0,0.012247171,true,0
"german-credit",3,5,antihorn,Greedy,InformationGain,0,0,0,0,0,0,0,0,0,0.012610044,true,0
"german-credit",3,5,square2cnf,Greedy,InformationGain,0,0,0,0,0,0,0,0,0,0.076574118,true,0
"german-credit",3,5,affine,Greedy,InformationGain,0,0,0,0,0,0,0,0,0,0.034303399,true,0
"german-credit",3,5,smart_certified,Greedy,InformationGain,0,0,0,0,0,0,0,0,0,0.116480948,true,0
"german-credit",3,5,cals,SparseLookahead,SparseCertified,15561,1614,0,39,0,36,0,64,2062,1.536156092,true,0
"german-credit",3,5,cals_compact_explain,SelectiveLookahead,SparseCertified,8225,0,0,30,14,0,37,68,496,0.114591088,true,0
"german-credit",3,7,unary,Greedy,InformationGain,0,0,0,0,0,0,0,0,0,0.015797512,true,0
"german-credit",3,7,horn,Greedy,InformationGain,0,0,0,0,0,0,0,0,0,0.022960352,true,0
"german-credit",3,7,antihorn,Greedy,InformationGain,0,0,0,0,0,0,0,0,0,0.023622422,true,0
"german-credit",3,7,square2cnf,Greedy,InformationGain,0,0,0,0,0,0,0,0,0,0.135541691,true,0
"german-credit",3,7,affine,Greedy,InformationGain,0,0,0,0,0,0,0,0,0,0.079652496,true,0
"german-credit",3,7,smart_certified,Greedy,InformationGain,0,0,0,0,0,0,0,0,0,0.180386424,true,0
"german-credit",3,7,cals,SparseLookahead,SparseCertified,18005,2461,0,61,0,58,0,108,3261,1.7207666410000002,true,0
"german-credit",3,7,cals_compact_explain,SelectiveLookahead,SparseCertified,10307,0,0,54,14,0,58,115,912,0.170161961,true,0
"german-credit",4,5,unary,Greedy,InformationGain,0,0,0,0,0,0,0,0,0,0.008965292,true,0
"german-credit",4,5,horn,Greedy,InformationGain,0,0,0,0,0,0,0,0,0,0.01224598,true,0
"german-credit",4,5,antihorn,Greedy,InformationGain,0,0,0,0,0,0,0,0,0,0.012424533,true,0
"german-credit",4,5,square2cnf,Greedy,InformationGain,0,0,0,0,0,0,0,0,0,0.091890833,true,0
"german-credit",4,5,affine,Greedy,InformationGain,0,0,0,0,0,0,0,0,0,0.028999111,true,0
"german-credit",4,5,smart_certified,Greedy,InformationGain,0,0,0,0,0,0,0,0,0,0.138002968,true,0
"german-credit",4,5,cals,SparseLookahead,SparseCertified,37336,1451,0,36,0,32,0,58,1867,19.141789851,true,0
"german-credit",4,5,cals_compact_explain,SelectiveLookahead,SparseCertified,5719,0,0,28,11,0,34,63,464,0.09835847,true,0
"german-credit",4,7,unary,Greedy,InformationGain,0,0,0,0,0,0,0,0,0,0.016736388,true,0
"german-credit",4,7,horn,Greedy,InformationGain,0,0,0,0,0,0,0,0,0,0.021316176,true,0
"german-credit",4,7,antihorn,Greedy,InformationGain,0,0,0,0,0,0,0,0,0,0.023954484,true,0
"german-credit",4,7,square2cnf,Greedy,InformationGain,0,0,0,0,0,0,0,0,0,0.157400776,true,0
"german-credit",4,7,affine,Greedy,InformationGain,0,0,0,0,0,0,0,0,0,0.055341639,true,0
"german-credit",4,7,smart_certified,Greedy,InformationGain,0,0,0,0,0,0,0,0,0,0.368429359,true,0
"german-credit",4,7,cals,SparseLookahead,SparseCertified,46512,2099,0,54,0,50,0,94,2803,32.24360673899999,true,0
"german-credit",4,7,cals_compact_explain,SelectiveLookahead,SparseCertified,7480,0,0,49,11,0,52,105,848,0.135085939,true,0
"german-credit",5,5,unary,Greedy,InformationGain,0,0,0,0,0,0,0,0,0,0.008814413,true,0
"german-credit",5,5,horn,Greedy,InformationGain,0,0,0,0,0,0,0,0,0,0.01351079,true,0
"german-credit",5,5,antihorn,Greedy,InformationGain,0,0,0,0,0,0,0,0,0,0.013559526,true,0
"german-credit",5,5,square2cnf,Greedy,InformationGain,0,0,0,0,0,0,0,0,0,0.06983718,true,0
"german-credit",5,5,affine,Greedy,InformationGain,0,0,0,0,0,0,0,0,0,0.039583517,true,0
"german-credit",5,5,smart_certified,Greedy,InformationGain,0,0,0,0,0,0,0,0,0,0.122825456,true,0
"german-credit",5,5,cals,SparseLookahead,SparseCertified,42144,1473,0,33,0,31,0,52,1809,18.553393374000002,true,0
"german-credit",5,5,cals_compact_explain,SelectiveLookahead,SparseCertified,22428,0,0,25,13,0,31,58,432,5.322883792,true,0
"german-credit",5,7,unary,Greedy,InformationGain,0,0,0,0,0,0,0,0,0,0.01579031,true,0
"german-credit",5,7,horn,Greedy,InformationGain,0,0,0,0,0,0,0,0,0,0.024171253,true,0
"german-credit",5,7,antihorn,Greedy,InformationGain,0,0,0,0,0,0,0,0,0,0.023430713,true,0
"german-credit",5,7,square2cnf,Greedy,InformationGain,0,0,0,0,0,0,0,0,0,0.143474177,true,0
"german-credit",5,7,affine,Greedy,InformationGain,0,0,0,0,0,0,0,0,0,0.087380749,true,0
"german-credit",5,7,smart_certified,Greedy,InformationGain,0,0,0,0,0,0,0,0,0,0.250165861,true,0
"german-credit",5,7,cals,SparseLookahead,SparseCertified,53364,2112,0,47,0,45,0,80,2672,29.003715403,true,0
"german-credit",5,7,cals_compact_explain,SelectiveLookahead,SparseCertified,32095,0,0,41,13,0,52,86,544,9.266726173,true,0
"german-credit",6,5,unary,Greedy,InformationGain,0,0,0,0,0,0,0,0,0,0.008694994,true,0
"german-credit",6,5,horn,Greedy,InformationGain,0,0,0,0,0,0,0,0,0,0.010554774,true,0
"german-credit",6,5,antihorn,Greedy,InformationGain,0,0,0,0,0,0,0,0,0,0.010546105,true,0
"german-credit",6,5,square2cnf,Greedy,InformationGain,0,0,0,0,0,0,0,0,0,0.06013295,true,0
"german-credit",6,5,affine,Greedy,InformationGain,0,0,0,0,0,0,0,0,0,0.04318556,true,0
"german-credit",6,5,smart_certified,Greedy,InformationGain,0,0,0,0,0,0,0,0,0,0.124089365,true,0
"german-credit",6,5,cals,SparseLookahead,SparseCertified,35312,1313,0,36,0,31,0,58,1745,17.991871157000002,true,0
"german-credit",6,5,cals_compact_explain,SelectiveLookahead,SparseCertified,19998,0,0,23,20,0,33,62,464,5.531650564,true,0
"german-credit",6,7,unary,Greedy,InformationGain,0,0,0,0,0,0,0,0,0,0.015386052,true,0
"german-credit",6,7,horn,Greedy,InformationGain,0,0,0,0,0,0,0,0,0,0.016496164,true,0
"german-credit",6,7,antihorn,Greedy,InformationGain,0,0,0,0,0,0,0,0,0,0.017000011,true,0
"german-credit",6,7,square2cnf,Greedy,InformationGain,0,0,0,0,0,0,0,0,0,0.121926441,true,0
"german-credit",6,7,affine,Greedy,InformationGain,0,0,0,0,0,0,0,0,0,0.092801628,true,0
"german-credit",6,7,smart_certified,Greedy,InformationGain,0,0,0,0,0,0,0,0,0,0.200392007,true,0
"german-credit",6,7,cals,SparseLookahead,SparseCertified,45410,2193,0,58,0,53,0,102,2977,33.938546812,true,0
"german-credit",6,7,cals_compact_explain,SelectiveLookahead,SparseCertified,24169,0,0,39,24,0,46,99,848,7.97616735,true,0
"german-credit",7,5,unary,Greedy,InformationGain,0,0,0,0,0,0,0,0,0,0.008098731,true,0
"german-credit",7,5,horn,Greedy,InformationGain,0,0,0,0,0,0,0,0,0,0.012684672,true,0
"german-credit",7,5,antihorn,Greedy,InformationGain,0,0,0,0,0,0,0,0,0,0.014109893,true,0
"german-credit",7,5,square2cnf,Greedy,InformationGain,0,0,0,0,0,0,0,0,0,0.077878059,true,0
"german-credit",7,5,affine,Greedy,InformationGain,0,0,0,0,0,0,0,0,0,0.040351944,true,0
"german-credit",7,5,smart_certified,Greedy,InformationGain,0,0,0,0,0,0,0,0,0,0.108618726,true,0
"german-credit",7,5,cals,SparseLookahead,SparseCertified,11166,1566,0,36,0,34,0,58,1950,1.474356193,true,0
"german-credit",7,5,cals_compact_explain,SelectiveLookahead,SparseCertified,12416,0,0,29,13,0,39,64,400,0.7513597790000001,true,0
"german-credit",7,7,unary,Greedy,InformationGain,0,0,0,0,0,0,0,0,0,0.015403455,true,0
"german-credit",7,7,horn,Greedy,InformationGain,0,0,0,0,0,0,0,0,0,0.02136046,true,0
"german-credit",7,7,antihorn,Greedy,InformationGain,0,0,0,0,0,0,0,0,0,0.024619241,true,0
"german-credit",7,7,square2cnf,Greedy,InformationGain,0,0,0,0,0,0,0,0,0,0.123580294,true,0
"german-credit",7,7,affine,Greedy,InformationGain,0,0,0,0,0,0,0,0,0,0.087061898,true,0
"german-credit",7,7,smart_certified,Greedy,InformationGain,0,0,0,0,0,0,0,0,0,0.204534719,true,0
"german-credit",7,7,cals,SparseLookahead,SparseCertified,13299,2344,0,56,0,54,0,98,3048,1.6774120369999999,true,0
"german-credit",7,7,cals_compact_explain,SelectiveLookahead,SparseCertified,13819,0,0,48,11,0,54,103,784,0.804127509,true,0
"german-credit",8,5,unary,Greedy,InformationGain,0,0,0,0,0,0,0,0,0,0.008493172,true,0
"german-credit",8,5,horn,Greedy,InformationGain,0,0,0,0,0,0,0,0,0,0.012650474,true,0
"german-credit",8,5,antihorn,Greedy,InformationGain,0,0,0,0,0,0,0,0,0,0.014134878,true,0
"german-credit",8,5,square2cnf,Greedy,InformationGain,0,0,0,0,0,0,0,0,0,0.067808418,true,0
"german-credit",8,5,affine,Greedy,InformationGain,0,0,0,0,0,0,0,0,0,0.037547816,true,0
"german-credit",8,5,smart_certified,Greedy,InformationGain,0,0,0,0,0,0,0,0,0,0.119217501,true,0
"german-credit",8,5,cals,SparseLookahead,SparseCertified,48235,1588,0,37,0,35,0,60,1988,23.371073671,true,0
"german-credit",8,5,cals_compact_explain,SelectiveLookahead,SparseCertified,24989,0,0,29,16,0,31,69,608,5.365842139000001,true,0
"german-credit",8,7,unary,Greedy,InformationGain,0,0,0,0,0,0,0,0,0,0.014717214,true,0
"german-credit",8,7,horn,Greedy,InformationGain,0,0,0,0,0,0,0,0,0,0.019079765,true,0
"german-credit",8,7,antihorn,Greedy,InformationGain,0,0,0,0,0,0,0,0,0,0.024835779,true,0
"german-credit",8,7,square2cnf,Greedy,InformationGain,0,0,0,0,0,0,0,0,0,0.142508581,true,0
"german-credit",8,7,affine,Greedy,InformationGain,0,0,0,0,0,0,0,0,0,0.088651073,true,0
"german-credit",8,7,smart_certified,Greedy,InformationGain,0,0,0,0,0,0,0,0,0,0.208272009,true,0
"german-credit",8,7,cals,SparseLookahead,SparseCertified,60446,2350,0,56,0,54,0,98,3054,37.531062128,true,0
"german-credit",8,7,cals_compact_explain,SelectiveLookahead,SparseCertified,32481,0,0,49,16,0,51,109,928,9.163887708,true,0
"german-credit",9,5,unary,Greedy,InformationGain,0,0,0,0,0,0,0,0,0,0.008675522,true,0
"german-credit",9,5,horn,Greedy,InformationGain,0,0,0,0,0,0,0,0,0,0.013193202,true,0
"german-credit",9,5,antihorn,Greedy,InformationGain,0,0,0,0,0,0,0,0,0,0.011606545,true,0
"german-credit",9,5,square2cnf,Greedy,InformationGain,0,0,0,0,0,0,0,0,0,0.071666684,true,0
"german-credit",9,5,affine,Greedy,InformationGain,0,0,0,0,0,0,0,0,0,0.039289738,true,0
"german-credit",9,5,smart_certified,Greedy,InformationGain,0,0,0,0,0,0,0,0,0,0.119896934,true,0
"german-credit",9,5,cals,SparseLookahead,SparseCertified,63044,1251,0,30,0,27,0,46,1555,16.881222812999997,true,0
"german-credit",9,5,cals_compact_explain,SelectiveLookahead,SparseCertified,29739,0,0,23,19,0,28,63,560,4.608506607,true,0
"german-credit",9,7,unary,Greedy,InformationGain,0,0,0,0,0,0,0,0,0,0.016406292,true,0
"german-credit",9,7,horn,Greedy,InformationGain,0,0,0,0,0,0,0,0,0,0.023440838,true,0
"german-credit",9,7,antihorn,Greedy,InformationGain,0,0,0,0,0,0,0,0,0,0.021346815,true,0
"german-credit",9,7,square2cnf,Greedy,InformationGain,0,0,0,0,0,0,0,0,0,0.16373837,true,0
"german-credit",9,7,affine,Greedy,InformationGain,0,0,0,0,0,0,0,0,0,0.078517446,true,0
"german-credit",9,7,smart_certified,Greedy,InformationGain,0,0,0,0,0,0,0,0,0,0.194171977,true,0
"german-credit",9,7,cals,SparseLookahead,SparseCertified,83893,2042,0,48,0,45,0,82,2634,30.451731579,true,0
"german-credit",9,7,cals_compact_explain,SelectiveLookahead,SparseCertified,37623,0,0,46,16,0,48,103,880,8.384983051,true,0
"heart-cleveland",0,5,unary,Greedy,InformationGain,0,0,0,0,0,0,0,0,0,0.01187843,true,0
"heart-cleveland",0,5,horn,Greedy,InformationGain,0,0,0,0,0,0,0,0,0,0.004685091,true,0
"heart-cleveland",0,5,antihorn,Greedy,InformationGain,0,0,0,0,0,0,0,0,0,0.004535129,true,0
"heart-cleveland",0,5,square2cnf,Greedy,InformationGain,0,0,0,0,0,0,0,0,0,0.022621765,true,0
"heart-cleveland",0,5,affine,Greedy,InformationGain,0,0,0,0,0,0,0,0,0,0.015952595,true,0
"heart-cleveland",0,5,smart_certified,Greedy,InformationGain,0,0,0,0,0,0,0,0,0,0.0170347,true,0
"heart-cleveland",0,5,cals,SparseLookahead,SparseCertified,8969,944,0,26,0,22,0,38,1200,12.475345913,true,0
"heart-cleveland",0,5,cals_compact_explain,SelectiveLookahead,SparseCertified,3082,0,0,17,6,0,14,34,320,1.838046441,true,0
"heart-cleveland",0,7,unary,Greedy,InformationGain,0,0,0,0,0,0,0,0,0,0.006633657,true,0
"heart-cleveland",0,7,horn,Greedy,InformationGain,0,0,0,0,0,0,0,0,0,0.006003649,true,0
"heart-cleveland",0,7,antihorn,Greedy,InformationGain,0,0,0,0,0,0,0,0,0,0.006105923,true,0
"heart-cleveland",0,7,square2cnf,Greedy,InformationGain,0,0,0,0,0,0,0,0,0,0.027577343,true,0
"heart-cleveland",0,7,affine,Greedy,InformationGain,0,0,0,0,0,0,0,0,0,0.020102036,true,0
"heart-cleveland",0,7,smart_certified,Greedy,InformationGain,0,0,0,0,0,0,0,0,0,0.020813207,true,0
"heart-cleveland",0,7,cals,SparseLookahead,SparseCertified,9061,976,0,27,0,23,0,40,1248,13.010952665,true,0
"heart-cleveland",0,7,cals_compact_explain,SelectiveLookahead,SparseCertified,3151,0,0,18,6,0,15,36,336,1.97258416,true,0
"heart-cleveland",1,5,unary,Greedy,InformationGain,0,0,0,0,0,0,0,0,0,0.004544668,true,0
"heart-cleveland",1,5,horn,Greedy,InformationGain,0,0,0,0,0,0,0,0,0,0.004191968,true,0
"heart-cleveland",1,5,antihorn,Greedy,InformationGain,0,0,0,0,0,0,0,0,0,0.004341106,true,0
"heart-cleveland",1,5,square2cnf,Greedy,InformationGain,0,0,0,0,0,0,0,0,0,0.024576907,true,0
"heart-cleveland",1,5,affine,Greedy,InformationGain,0,0,0,0,0,0,0,0,0,0.014221217,true,0
"heart-cleveland",1,5,smart_certified,Greedy,InformationGain,0,0,0,0,0,0,0,0,0,0.037293574,true,0
"heart-cleveland",1,5,cals,SparseLookahead,SparseCertified,11796,1075,0,29,0,25,0,44,1373,15.033688831000001,true,0
"heart-cleveland",1,5,cals_compact_explain,SelectiveLookahead,SparseCertified,6580,0,0,16,21,0,21,53,506,3.1723044849999997,true,0
"heart-cleveland",1,7,unary,Greedy,InformationGain,0,0,0,0,0,0,0,0,0,0.006842505,true,0
"heart-cleveland",1,7,horn,Greedy,InformationGain,0,0,0,0,0,0,0,0,0,0.005851744,true,0
"heart-cleveland",1,7,antihorn,Greedy,InformationGain,0,0,0,0,0,0,0,0,0,0.005936472,true,0
"heart-cleveland",1,7,square2cnf,Greedy,InformationGain,0,0,0,0,0,0,0,0,0,0.033713442,true,0
"heart-cleveland",1,7,affine,Greedy,InformationGain,0,0,0,0,0,0,0,0,0,0.020418435,true,0
"heart-cleveland",1,7,smart_certified,Greedy,InformationGain,0,0,0,0,0,0,0,0,0,0.041664528,true,0
"heart-cleveland",1,7,cals,SparseLookahead,SparseCertified,12080,1162,0,31,0,27,0,48,1492,16.636918015,true,0
"heart-cleveland",1,7,cals_compact_explain,SelectiveLookahead,SparseCertified,7015,0,0,20,21,0,25,61,570,3.934706936,true,0
"heart-cleveland",2,5,unary,Greedy,InformationGain,0,0,0,0,0,0,0,0,0,0.004374442,true,0
"heart-cleveland",2,5,horn,Greedy,InformationGain,0,0,0,0,0,0,0,0,0,0.004570946,true,0
"heart-cleveland",2,5,antihorn,Greedy,InformationGain,0,0,0,0,0,0,0,0,0,0.004576042,true,0
"heart-cleveland",2,5,square2cnf,Greedy,InformationGain,0,0,0,0,0,0,0,0,0,0.023192675,true,0
"heart-cleveland",2,5,affine,Greedy,InformationGain,0,0,0,0,0,0,0,0,0,0.015119498,true,0
"heart-cleveland",2,5,smart_certified,Greedy,InformationGain,0,0,0,0,0,0,0,0,0,0.033367896,true,0
"heart-cleveland",2,5,cals,SparseLookahead,SparseCertified,9400,1003,0,29,0,23,0,44,1333,14.663838169,true,0
"heart-cleveland",2,5,cals_compact_explain,SelectiveLookahead,SparseCertified,3906,0,0,18,14,0,20,46,404,3.075485229,true,0
"heart-cleveland",2,7,unary,Greedy,InformationGain,0,0,0,0,0,0,0,0,0,0.007137073,true,0
"heart-cleveland",2,7,horn,Greedy,InformationGain,0,0,0,0,0,0,0,0,0,0.00681714,true,0
"heart-cleveland",2,7,antihorn,Greedy,InformationGain,0,0,0,0,0,0,0,0,0,0.006099669,true,0
"heart-cleveland",2,7,square2cnf,Greedy,InformationGain,0,0,0,0,0,0,0,0,0,0.031270982,true,0
"heart-cleveland",2,7,affine,Greedy,InformationGain,0,0,0,0,0,0,0,0,0,0.020305987,true,0
"heart-cleveland",2,7,smart_certified,Greedy,InformationGain,0,0,0,0,0,0,0,0,0,0.036812783,true,0
"heart-cleveland",2,7,cals,SparseLookahead,SparseCertified,9636,1093,0,32,0,26,0,50,1471,16.690909009000002,true,0
"heart-cleveland",2,7,cals_compact_explain,SelectiveLookahead,SparseCertified,4474,0,0,24,14,0,26,58,500,4.142765292,true,0
"heart-cleveland",3,5,unary,Greedy,InformationGain,0,0,0,0,0,0,0,0,0,0.004727488,true,0
"heart-cleveland",3,5,horn,Greedy,InformationGain,0,0,0,0,0,0,0,0,0,0.004213392,true,0
"heart-cleveland",3,5,antihorn,Greedy,InformationGain,0,0,0,0,0,0,0,0,0,0.004440592,true,0
"heart-cleveland",3,5,square2cnf,Greedy,InformationGain,0,0,0,0,0,0,0,0,0,0.021966766,true,0
"heart-cleveland",3,5,affine,Greedy,InformationGain,0,0,0,0,0,0,0,0,0,0.016953556,true,0
"heart-cleveland",3,5,smart_certified,Greedy,InformationGain,0,0,0,0,0,0,0,0,0,0.029845215,true,0
"heart-cleveland",3,5,cals,SparseLookahead,SparseCertified,6602,956,0,27,0,23,0,40,1228,12.920026194999998,true,0
"heart-cleveland",3,5,cals_compact_explain,SelectiveLookahead,SparseCertified,4500,0,0,17,14,0,25,44,304,3.669303446,true,0
"heart-cleveland",3,7,unary,Greedy,InformationGain,0,0,0,0,0,0,0,0,0,0.006916543,true,0
"heart-cleveland",3,7,horn,Greedy,InformationGain,0,0,0,0,0,0,0,0,0,0.005052536,true,0
"heart-cleveland",3,7,antihorn,Greedy,InformationGain,0,0,0,0,0,0,0,0,0,0.005271777,true,0
"heart-cleveland",3,7,square2cnf,Greedy,InformationGain,0,0,0,0,0,0,0,0,0,0.030821341,true,0
"heart-cleveland",3,7,affine,Greedy,InformationGain,0,0,0,0,0,0,0,0,0,0.020763823,true,0
"heart-cleveland",3,7,smart_certified,Greedy,InformationGain,0,0,0,0,0,0,0,0,0,0.034246868,true,0
"heart-cleveland",3,7,cals,SparseLookahead,SparseCertified,6676,981,0,28,0,24,0,42,1269,13.54247726,true,0
"heart-cleveland",3,7,cals_compact_explain,SelectiveLookahead,SparseCertified,4604,0,0,18,14,0,26,46,320,3.7975503629999996,true,0
"heart-cleveland",4,5,unary,Greedy,InformationGain,0,0,0,0,0,0,0,0,0,0.00453372,true,0
"heart-cleveland",4,5,horn,Greedy,InformationGain,0,0,0,0,0,0,0,0,0,0.003821696,true,0
"heart-cleveland",4,5,antihorn,Greedy,InformationGain,0,0,0,0,0,0,0,0,0,0.003756225,true,0
"heart-cleveland",4,5,square2cnf,Greedy,InformationGain,0,0,0,0,0,0,0,0,0,0.017080754,true,0
"heart-cleveland",4,5,affine,Greedy,InformationGain,0,0,0,0,0,0,0,0,0,0.016373096,true,0
"heart-cleveland",4,5,smart_certified,Greedy,InformationGain,0,0,0,0,0,0,0,0,0,0.040867489,true,0
"heart-cleveland",4,5,cals,SparseLookahead,SparseCertified,10442,1031,0,27,0,23,0,40,1303,13.926068190999999,true,0
"heart-cleveland",4,5,cals_compact_explain,SelectiveLookahead,SparseCertified,5232,0,0,13,17,0,23,42,304,3.340206849,true,0
"heart-cleveland",4,7,unary,Greedy,InformationGain,0,0,0,0,0,0,0,0,0,0.006521318,true,0
"heart-cleveland",4,7,horn,Greedy,InformationGain,0,0,0,0,0,0,0,0,0,0.005496489,true,0
"heart-cleveland",4,7,antihorn,Greedy,InformationGain,0,0,0,0,0,0,0,0,0,0.005463017,true,0
"heart-cleveland",4,7,square2cnf,Greedy,InformationGain,0,0,0,0,0,0,0,0,0,0.027658157,true,0
"heart-cleveland",4,7,affine,Greedy,InformationGain,0,0,0,0,0,0,0,0,0,0.02113916,true,0
"heart-cleveland",4,7,smart_certified,Greedy,InformationGain,0,0,0,0,0,0,0,0,0,0.048602953,true,0
"heart-cleveland",4,7,cals,SparseLookahead,SparseCertified,10612,1085,0,29,0,25,0,44,1389,15.290865234,true,0
"heart-cleveland",4,7,cals_compact_explain,SelectiveLookahead,SparseCertified,5842,0,0,17,17,0,27,50,368,4.073491535,true,0
"heart-cleveland",5,5,unary,Greedy,InformationGain,0,0,0,0,0,0,0,0,0,0.004042043,true,0
"heart-cleveland",5,5,horn,Greedy,InformationGain,0,0,0,0,0,0,0,0,0,0.004899308,true,0
"heart-cleveland",5,5,antihorn,Greedy,InformationGain,0,0,0,0,0,0,0,0,0,0.004975997,true,0
"heart-cleveland",5,5,square2cnf,Greedy,InformationGain,0,0,0,0,0,0,0,0,0,0.024000131,true,0
"heart-cleveland",5,5,affine,Greedy,InformationGain,0,0,0,0,0,0,0,0,0,0.013973445,true,0
"heart-cleveland",5,5,smart_certified,Greedy,InformationGain,0,0,0,0,0,0,0,0,0,0.027595764,true,0
"heart-cleveland",5,5,cals,SparseLookahead,SparseCertified,14096,971,0,24,0,21,0,34,1179,12.490550217,true,0
"heart-cleveland",5,5,cals_compact_explain,SelectiveLookahead,SparseCertified,5206,0,0,13,16,0,17,40,368,2.4675225860000003,true,0
"heart-cleveland",5,7,unary,Greedy,InformationGain,0,0,0,0,0,0,0,0,0,0.005231963,true,0
"heart-cleveland",5,7,horn,Greedy,InformationGain,0,0,0,0,0,0,0,0,0,0.006593466,true,0
"heart-cleveland",5,7,antihorn,Greedy,InformationGain,0,0,0,0,0,0,0,0,0,0.006484756,true,0
"heart-cleveland",5,7,square2cnf,Greedy,InformationGain,0,0,0,0,0,0,0,0,0,0.02946239,true,0
"heart-cleveland",5,7,affine,Greedy,InformationGain,0,0,0,0,0,0,0,0,0,0.020546799,true,0
"heart-cleveland",5,7,smart_certified,Greedy,InformationGain,0,0,0,0,0,0,0,0,0,0.032827949,true,0
"heart-cleveland",5,7,cals,SparseLookahead,SparseCertified,14546,1127,0,28,0,25,0,42,1399,15.482217681000002,true,0
"heart-cleveland",5,7,cals_compact_explain,SelectiveLookahead,SparseCertified,5630,0,0,18,16,0,22,50,448,3.32158959,true,0
"heart-cleveland",6,5,unary,Greedy,InformationGain,0,0,0,0,0,0,0,0,0,0.004508944,true,0
"heart-cleveland",6,5,horn,Greedy,InformationGain,0,0,0,0,0,0,0,0,0,0.004745696,true,0
"heart-cleveland",6,5,antihorn,Greedy,InformationGain,0,0,0,0,0,0,0,0,0,0.004688997,true,0
"heart-cleveland",6,5,square2cnf,Greedy,InformationGain,0,0,0,0,0,0,0,0,0,0.025380425,true,0
"heart-cleveland",6,5,affine,Greedy,InformationGain,0,0,0,0,0,0,0,0,0,0.015128782,true,0
"heart-cleveland",6,5,smart_certified,Greedy,InformationGain,0,0,0,0,0,0,0,0,0,0.035293135,true,0
"heart-cleveland",6,5,cals,SparseLookahead,SparseCertified,5164,1052,0,29,0,26,0,44,1340,0.378853443,true,0
"heart-cleveland",6,5,cals_compact_explain,SelectiveLookahead,SparseCertified,7106,0,0,21,12,0,25,49,384,3.65749512,true,0
"heart-cleveland",6,7,unary,Greedy,InformationGain,0,0,0,0,0,0,0,0,0,0.006710122,true,0
"heart-cleveland",6,7,horn,Greedy,InformationGain,0,0,0,0,0,0,0,0,0,0.006015814,true,0
"heart-cleveland",6,7,antihorn,Greedy,InformationGain,0,0,0,0,0,0,0,0,0,0.006132324,true,0
"heart-cleveland",6,7,square2cnf,Greedy,InformationGain,0,0,0,0,0,0,0,0,0,0.034214169,true,0
"heart-cleveland",6,7,affine,Greedy,InformationGain,0,0,0,0,0,0,0,0,0,0.019587414,true,0
"heart-cleveland",6,7,smart_certified,Greedy,InformationGain,0,0,0,0,0,0,0,0,0,0.039333805,true,0
"heart-cleveland",6,7,cals,SparseLookahead,SparseCertified,5496,1147,0,34,0,31,0,54,1515,0.41899617,true,0
"heart-cleveland",6,7,cals_compact_explain,SelectiveLookahead,SparseCertified,7414,0,0,27,14,0,27,61,544,4.059626327,true,0
"heart-cleveland",7,5,unary,Greedy,InformationGain,0,0,0,0,0,0,0,0,0,0.004373832,true,0
"heart-cleveland",7,5,horn,Greedy,InformationGain,0,0,0,0,0,0,0,0,0,0.004599267,true,0
"heart-cleveland",7,5,antihorn,Greedy,InformationGain,0,0,0,0,0,0,0,0,0,0.005001978,true,0
"heart-cleveland",7,5,square2cnf,Greedy,InformationGain,0,0,0,0,0,0,0,0,0,0.024918643,true,0
"heart-cleveland",7,5,affine,Greedy,InformationGain,0,0,0,0,0,0,0,0,0,0.014748808,true,0
"heart-cleveland",7,5,smart_certified,Greedy,InformationGain,0,0,0,0,0,0,0,0,0,0.019394998,true,0
"heart-cleveland",7,5,cals,SparseLookahead,SparseCertified,8980,969,0,27,0,22,0,40,1257,13.124574032,true,0
"heart-cleveland",7,5,cals_compact_explain,SelectiveLookahead,SparseCertified,5082,0,0,19,9,0,22,39,272,3.396125199,true,0
"heart-cleveland",7,7,unary,Greedy,InformationGain,0,0,0,0,0,0,0,0,0,0.005843066,true,0
"heart-cleveland",7,7,horn,Greedy,InformationGain,0,0,0,0,0,0,0,0,0,0.005570471,true,0
"heart-cleveland",7,7,antihorn,Greedy,InformationGain,0,0,0,0,0,0,0,0,0,0.006250747,true,0
"heart-cleveland",7,7,square2cnf,Greedy,InformationGain,0,0,0,0,0,0,0,0,0,0.034630248,true,0
"heart-cleveland",7,7,affine,Greedy,InformationGain,0,0,0,0,0,0,0,0,0,0.020988557,true,0
"heart-cleveland",7,7,smart_certified,Greedy,InformationGain,0,0,0,0,0,0,0,0,0,0.02153089,true,0
"heart-cleveland",7,7,cals,SparseLookahead,SparseCertified,9202,1017,0,28,0,23,0,42,1321,13.744599272,true,0
"heart-cleveland",7,7,cals_compact_explain,SelectiveLookahead,SparseCertified,4177,0,0,19,18,0,17,50,528,2.528745669,true,0
"heart-cleveland",8,5,unary,Greedy,InformationGain,0,0,0,0,0,0,0,0,0,0.004259313,true,0
"heart-cleveland",8,5,horn,Greedy,InformationGain,0,0,0,0,0,0,0,0,0,0.004871215,true,0
"heart-cleveland",8,5,antihorn,Greedy,InformationGain,0,0,0,0,0,0,0,0,0,0.005143615,true,0
"heart-cleveland",8,5,square2cnf,Greedy,InformationGain,0,0,0,0,0,0,0,0,0,0.026631442,true,0
"heart-cleveland",8,5,affine,Greedy,InformationGain,0,0,0,0,0,0,0,0,0,0.015005015,true,0
"heart-cleveland",8,5,smart_certified,Greedy,InformationGain,0,0,0,0,0,0,0,0,0,0.035531039,true,0
"heart-cleveland",8,5,cals,SparseLookahead,SparseCertified,7653,875,0,35,0,21,0,49,1317,12.05144162,true,0
"heart-cleveland",8,5,cals_compact_explain,SelectiveLookahead,SparseCertified,4746,0,0,15,22,0,23,53,480,3.281922902,true,0
"heart-cleveland",8,7,unary,Greedy,InformationGain,0,0,0,0,0,0,0,0,0,0.005774766,true,0
"heart-cleveland",8,7,horn,Greedy,InformationGain,0,0,0,0,0,0,0,0,0,0.006025572,true,0
"heart-cleveland",8,7,antihorn,Greedy,InformationGain,0,0,0,0,0,0,0,0,0,0.006231159,true,0
"heart-cleveland",8,7,square2cnf,Greedy,InformationGain,0,0,0,0,0,0,0,0,0,0.037353017,true,0
"heart-cleveland",8,7,affine,Greedy,InformationGain,0,0,0,0,0,0,0,0,0,0.021680139,true,0
"heart-cleveland",8,7,smart_certified,Greedy,InformationGain,0,0,0,0,0,0,0,0,0,0.046787295,true,0
"heart-cleveland",8,7,cals,SparseLookahead,SparseCertified,7653,875,0,35,0,21,0,49,1317,12.149350605999999,true,0
"heart-cleveland",8,7,cals_compact_explain,SelectiveLookahead,SparseCertified,4746,0,0,15,22,0,23,53,480,3.313715715,true,0
"heart-cleveland",9,5,unary,Greedy,InformationGain,0,0,0,0,0,0,0,0,0,0.004247691,true,0
"heart-cleveland",9,5,horn,Greedy,InformationGain,0,0,0,0,0,0,0,0,0,0.004714049,true,0
"heart-cleveland",9,5,antihorn,Greedy,InformationGain,0,0,0,0,0,0,0,0,0,0.004738038,true,0
"heart-cleveland",9,5,square2cnf,Greedy,InformationGain,0,0,0,0,0,0,0,0,0,0.026908803,true,0
"heart-cleveland",9,5,affine,Greedy,InformationGain,0,0,0,0,0,0,0,0,0,0.014278596,true,0
"heart-cleveland",9,5,smart_certified,Greedy,InformationGain,0,0,0,0,0,0,0,0,0,0.046093318,true,0
"heart-cleveland",9,5,cals,SparseLookahead,SparseCertified,10025,1004,0,27,0,24,0,40,1260,13.902368733000001,true,0
"heart-cleveland",9,5,cals_compact_explain,SelectiveLookahead,SparseCertified,3829,0,0,17,11,0,16,41,400,2.361144297,true,0
"heart-cleveland",9,7,unary,Greedy,InformationGain,0,0,0,0,0,0,0,0,0,0.006280812,true,0
"heart-cleveland",9,7,horn,Greedy,InformationGain,0,0,0,0,0,0,0,0,0,0.005771993,true,0
"heart-cleveland",9,7,antihorn,Greedy,InformationGain,0,0,0,0,0,0,0,0,0,0.006063845,true,0
"heart-cleveland",9,7,square2cnf,Greedy,InformationGain,0,0,0,0,0,0,0,0,0,0.033454872,true,0
"heart-cleveland",9,7,affine,Greedy,InformationGain,0,0,0,0,0,0,0,0,0,0.01964026,true,0
"heart-cleveland",9,7,smart_certified,Greedy,InformationGain,0,0,0,0,0,0,0,0,0,0.054438052,true,0
"heart-cleveland",9,7,cals,SparseLookahead,SparseCertified,10512,1093,0,29,0,26,0,44,1381,15.443151014000001,true,0
"heart-cleveland",9,7,cals_compact_explain,SelectiveLookahead,SparseCertified,3727,0,0,20,11,0,18,47,464,2.7167152850000003,true,0
"hepatitis",0,5,unary,Greedy,InformationGain,0,0,0,0,0,0,0,0,0,0.006402446,true,0
"hepatitis",0,5,horn,Greedy,InformationGain,0,0,0,0,0,0,0,0,0,0.002221911,true,0
"hepatitis",0,5,antihorn,Greedy,InformationGain,0,0,0,0,0,0,0,0,0,0.001991786,true,0
"hepatitis",0,5,square2cnf,Greedy,InformationGain,0,0,0,0,0,0,0,0,0,0.012790264,true,0
"hepatitis",0,5,affine,Greedy,InformationGain,0,0,0,0,0,0,0,0,0,0.007993802,true,0
"hepatitis",0,5,smart_certified,Greedy,InformationGain,0,0,0,0,0,0,0,0,0,0.006078934,true,0
"hepatitis",0,5,cals,SparseLookahead,SparseCertified,1651,554,0,24,0,18,0,34,810,0.270302866,true,0
"hepatitis",0,5,cals_compact_explain,SelectiveLookahead,SparseCertified,1729,0,0,15,10,0,18,35,272,0.35466145699999996,true,0
"hepatitis",0,7,unary,Greedy,InformationGain,0,0,0,0,0,0,0,0,0,0.002164588,true,0
"hepatitis",0,7,horn,Greedy,InformationGain,0,0,0,0,0,0,0,0,0,0.002156713,true,0
"hepatitis",0,7,antihorn,Greedy,InformationGain,0,0,0,0,0,0,0,0,0,0.00207715,true,0
"hepatitis",0,7,square2cnf,Greedy,InformationGain,0,0,0,0,0,0,0,0,0,0.011383705,true,0
"hepatitis",0,7,affine,Greedy,InformationGain,0,0,0,0,0,0,0,0,0,0.008834609,true,0
"hepatitis",0,7,smart_certified,Greedy,InformationGain,0,0,0,0,0,0,0,0,0,0.006253721,true,0
"hepatitis",0,7,cals,SparseLookahead,SparseCertified,1651,554,0,24,0,18,0,34,810,0.265308296,true,0
"hepatitis",0,7,cals_compact_explain,SelectiveLookahead,SparseCertified,1729,0,0,15,10,0,18,35,272,0.352549429,true,0
"hepatitis",1,5,unary,Greedy,InformationGain,0,0,0,0,0,0,0,0,0,0.00191186,true,0
"hepatitis",1,5,horn,Greedy,InformationGain,0,0,0,0,0,0,0,0,0,0.0021393,true,0
"hepatitis",1,5,antihorn,Greedy,InformationGain,0,0,0,0,0,0,0,0,0,0.002094204,true,0
"hepatitis",1,5,square2cnf,Greedy,InformationGain,0,0,0,0,0,0,0,0,0,0.012755371,true,0
"hepatitis",1,5,affine,Greedy,InformationGain,0,0,0,0,0,0,0,0,0,0.005917569,true,0
"hepatitis",1,5,smart_certified,Greedy,InformationGain,0,0,0,0,0,0,0,0,0,0.015561173,true,0
"hepatitis",1,5,cals,SparseLookahead,SparseCertified,3207,648,0,21,0,15,0,28,856,7.143819555,true,0
"hepatitis",1,5,cals_compact_explain,SelectiveLookahead,SparseCertified,2357,0,0,13,9,0,13,29,256,1.675534979,true,0
"hepatitis",1,7,unary,Greedy,InformationGain,0,0,0,0,0,0,0,0,0,0.001959326,true,0
"hepatitis",1,7,horn,Greedy,InformationGain,0,0,0,0,0,0,0,0,0,0.002093387,true,0
"hepatitis",1,7,antihorn,Greedy,InformationGain,0,0,0,0,0,0,0,0,0,0.002197084,true,0
"hepatitis",1,7,square2cnf,Greedy,InformationGain,0,0,0,0,0,0,0,0,0,0.012516595,true,0
"hepatitis",1,7,affine,Greedy,InformationGain,0,0,0,0,0,0,0,0,0,0.005858233,true,0
"hepatitis",1,7,smart_certified,Greedy,InformationGain,0,0,0,0,0,0,0,0,0,0.015939555,true,0
"hepatitis",1,7,cals,SparseLookahead,SparseCertified,3229,652,0,22,0,16,0,30,876,7.769211065,true,0
"hepatitis",1,7,cals_compact_explain,SelectiveLookahead,SparseCertified,2379,0,0,14,9,0,14,31,272,1.8712326309999998,true,0
"hepatitis",2,5,unary,Greedy,InformationGain,0,0,0,0,0,0,0,0,0,0.001973855,true,0
"hepatitis",2,5,horn,Greedy,InformationGain,0,0,0,0,0,0,0,0,0,0.001876401,true,0
"hepatitis",2,5,antihorn,Greedy,InformationGain,0,0,0,0,0,0,0,0,0,0.001862181,true,0
"hepatitis",2,5,square2cnf,Greedy,InformationGain,0,0,0,0,0,0,0,0,0,0.010062858,true,0
"hepatitis",2,5,affine,Greedy,InformationGain,0,0,0,0,0,0,0,0,0,0.007084123,true,0
"hepatitis",2,5,smart_certified,Greedy,InformationGain,0,0,0,0,0,0,0,0,0,0.005398144,true,0
"hepatitis",2,5,cals,SparseLookahead,SparseCertified,2553,574,0,21,0,14,0,28,798,6.478083354,true,0
"hepatitis",2,5,cals_compact_explain,SelectiveLookahead,SparseCertified,1813,0,0,11,14,0,12,32,320,1.475697068,true,0
"hepatitis",2,7,unary,Greedy,InformationGain,0,0,0,0,0,0,0,0,0,0.002125764,true,0
"hepatitis",2,7,horn,Greedy,InformationGain,0,0,0,0,0,0,0,0,0,0.001907448,true,0
"hepatitis",2,7,antihorn,Greedy,InformationGain,0,0,0,0,0,0,0,0,0,0.00192167,true,0
"hepatitis",2,7,square2cnf,Greedy,InformationGain,0,0,0,0,0,0,0,0,0,0.011102496,true,0
"hepatitis",2,7,affine,Greedy,InformationGain,0,0,0,0,0,0,0,0,0,0.007066993,true,0
"hepatitis",2,7,smart_certified,Greedy,InformationGain,0,0,0,0,0,0,0,0,0,0.006140108,true,0
"hepatitis",2,7,cals,SparseLookahead,SparseCertified,2553,574,0,21,0,14,0,28,798,6.454111653,true,0
"hepatitis",2,7,cals_compact_explain,SelectiveLookahead,SparseCertified,1813,0,0,11,14,0,12,32,320,1.462018644,true,0
"hepatitis",3,5,unary,Greedy,InformationGain,0,0,0,0,0,0,0,0,0,0.001432942,true,0
"hepatitis",3,5,horn,Greedy,InformationGain,0,0,0,0,0,0,0,0,0,0.001817042,true,0
"hepatitis",3,5,antihorn,Greedy,InformationGain,0,0,0,0,0,0,0,0,0,0.00191216,true,0
"hepatitis",3,5,square2cnf,Greedy,InformationGain,0,0,0,0,0,0,0,0,0,0.010869199,true,0
"hepatitis",3,5,affine,Greedy,InformationGain,0,0,0,0,0,0,0,0,0,0.005599222,true,0
"hepatitis",3,5,smart_certified,Greedy,InformationGain,0,0,0,0,0,0,0,0,0,0.015056205,true,0
"hepatitis",3,5,cals,SparseLookahead,SparseCertified,2414,443,0,21,0,12,0,28,699,6.392392635999999,true,0
"hepatitis",3,5,cals_compact_explain,SelectiveLookahead,SparseCertified,1173,0,0,10,6,0,7,23,256,0.821526812,true,0
"hepatitis",3,7,unary,Greedy,InformationGain,0,0,0,0,0,0,0,0,0,0.001877584,true,0
"hepatitis",3,7,horn,Greedy,InformationGain,0,0,0,0,0,0,0,0,0,0.001823951,true,0
"hepatitis",3,7,antihorn,Greedy,InformationGain,0,0,0,0,0,0,0,0,0,0.001869269,true,0
"hepatitis",3,7,square2cnf,Greedy,InformationGain,0,0,0,0,0,0,0,0,0,0.011055533,true,0
"hepatitis",3,7,affine,Greedy,InformationGain,0,0,0,0,0,0,0,0,0,0.006193054,true,0
"hepatitis",3,7,smart_certified,Greedy,InformationGain,0,0,0,0,0,0,0,0,0,0.015130791,true,0
"hepatitis",3,7,cals,SparseLookahead,SparseCertified,2414,443,0,21,0,12,0,28,699,6.415230718,true,0
"hepatitis",3,7,cals_compact_explain,SelectiveLookahead,SparseCertified,1173,0,0,10,6,0,7,23,256,0.8194636,true,0
"hepatitis",4,5,unary,Greedy,InformationGain,0,0,0,0,0,0,0,0,0,0.001979838,true,0
"hepatitis",4,5,horn,Greedy,InformationGain,0,0,0,0,0,0,0,0,0,0.001811038,true,0
"hepatitis",4,5,antihorn,Greedy,InformationGain,0,0,0,0,0,0,0,0,0,0.001859386,true,0
"hepatitis",4,5,square2cnf,Greedy,InformationGain,0,0,0,0,0,0,0,0,0,0.009116857,true,0
"hepatitis",4,5,affine,Greedy,InformationGain,0,0,0,0,0,0,0,0,0,0.007092605,true,0
"hepatitis",4,5,smart_certified,Greedy,InformationGain,0,0,0,0,0,0,0,0,0,0.013599011,true,0
"hepatitis",4,5,cals,SparseLookahead,SparseCertified,3197,801,0,21,0,18,0,28,961,7.932426686,true,0
"hepatitis",4,5,cals_compact_explain,SelectiveLookahead,SparseCertified,2100,0,0,12,11,0,15,31,256,1.82391592,true,0
"hepatitis",4,7,unary,Greedy,InformationGain,0,0,0,0,0,0,0,0,0,0.002203616,true,0
"hepatitis",4,7,horn,Greedy,InformationGain,0,0,0,0,0,0,0,0,0,0.00241162,true,0
"hepatitis",4,7,antihorn,Greedy,InformationGain,0,0,0,0,0,0,0,0,0,0.002429086,true,0
"hepatitis",4,7,square2cnf,Greedy,InformationGain,0,0,0,0,0,0,0,0,0,0.013235335,true,0
"hepatitis",4,7,affine,Greedy,InformationGain,0,0,0,0,0,0,0,0,0,0.007983781,true,0
"hepatitis",4,7,smart_certified,Greedy,InformationGain,0,0,0,0,0,0,0,0,0,0.013934671,true,0
"hepatitis",4,7,cals,SparseLookahead,SparseCertified,3197,801,0,21,0,18,0,28,961,8.043623093999999,true,0
"hepatitis",4,7,cals_compact_explain,SelectiveLookahead,SparseCertified,2100,0,0,12,11,0,15,31,256,1.837796835,true,0
"hepatitis",5,5,unary,Greedy,InformationGain,0,0,0,0,0,0,0,0,0,0.001467161,true,0
"hepatitis",5,5,horn,Greedy,InformationGain,0,0,0,0,0,0,0,0,0,0.002077481,true,0
"hepatitis",5,5,antihorn,Greedy,InformationGain,0,0,0,0,0,0,0,0,0,0.002119587,true,0
"hepatitis",5,5,square2cnf,Greedy,InformationGain,0,0,0,0,0,0,0,0,0,0.011878441,true,0
"hepatitis",5,5,affine,Greedy,InformationGain,0,0,0,0,0,0,0,0,0,0.007392274,true,0
"hepatitis",5,5,smart_certified,Greedy,InformationGain,0,0,0,0,0,0,0,0,0,0.014990314,true,0
"hepatitis",5,5,cals,SparseLookahead,SparseCertified,1722,509,0,30,0,14,0,39,909,6.636543035,true,0
"hepatitis",5,5,cals_compact_explain,SelectiveLookahead,SparseCertified,1402,0,0,10,11,0,12,30,288,1.736679462,true,0
"hepatitis",5,7,unary,Greedy,InformationGain,0,0,0,0,0,0,0,0,0,0.002226336,true,0
"hepatitis",5,7,horn,Greedy,InformationGain,0,0,0,0,0,0,0,0,0,0.002280127,true,0
"hepatitis",5,7,antihorn,Greedy,InformationGain,0,0,0,0,0,0,0,0,0,0.002289169,true,0
"hepatitis",5,7,square2cnf,Greedy,InformationGain,0,0,0,0,0,0,0,0,0,0.014046663,true,0
"hepatitis",5,7,affine,Greedy,InformationGain,0,0,0,0,0,0,0,0,0,0.008876074,true,0
"hepatitis",5,7,smart_certified,Greedy,InformationGain,0,0,0,0,0,0,0,0,0,0.017393768,true,0
"hepatitis",5,7,cals,SparseLookahead,SparseCertified,1722,509,0,30,0,14,0,39,909,6.60767405,true,0
"hepatitis",5,7,cals_compact_explain,SelectiveLookahead,SparseCertified,1402,0,0,10,11,0,12,30,288,1.678315293,true,0
"hepatitis",6,5,unary,Greedy,InformationGain,0,0,0,0,0,0,0,0,0,0.001548251,true,0
"hepatitis",6,5,horn,Greedy,InformationGain,0,0,0,0,0,0,0,0,0,0.002204103,true,0
"hepatitis",6,5,antihorn,Greedy,InformationGain,0,0,0,0,0,0,0,0,0,0.002153515,true,0
"hepatitis",6,5,square2cnf,Greedy,InformationGain,0,0,0,0,0,0,0,0,0,0.012290411,true,0
"hepatitis",6,5,affine,Greedy,InformationGain,0,0,0,0,0,0,0,0,0,0.004299389,true,0
"hepatitis",6,5,smart_certified,Greedy,InformationGain,0,0,0,0,0,0,0,0,0,0.018190036,true,0
"hepatitis",6,5,cals,SparseLookahead,SparseCertified,3379,696,0,22,0,16,0,30,920,7.654314833,true,0
"hepatitis",6,5,cals_compact_explain,SelectiveLookahead,SparseCertified,2424,0,0,10,10,0,14,28,224,2.007518853,true,0
"hepatitis",6,7,unary,Greedy,InformationGain,0,0,0,0,0,0,0,0,0,0.001972177,true,0
"hepatitis",6,7,horn,Greedy,InformationGain,0,0,0,0,0,0,0,0,0,0.002194455,true,0
"hepatitis",6,7,antihorn,Greedy,InformationGain,0,0,0,0,0,0,0,0,0,0.002168082,true,0
"hepatitis",6,7,square2cnf,Greedy,InformationGain,0,0,0,0,0,0,0,0,0,0.012581528,true,0
"hepatitis",6,7,affine,Greedy,InformationGain,0,0,0,0,0,0,0,0,0,0.006667496,true,0
"hepatitis",6,7,smart_certified,Greedy,InformationGain,0,0,0,0,0,0,0,0,0,0.021579716,true,0
"hepatitis",6,7,cals,SparseLookahead,SparseCertified,3405,700,0,23,0,17,0,32,940,8.295855300000001,true,0
"hepatitis",6,7,cals_compact_explain,SelectiveLookahead,SparseCertified,2450,0,0,11,10,0,15,30,240,2.18186978,true,0
"hepatitis",7,5,unary,Greedy,InformationGain,0,0,0,0,0,0,0,0,0,0.002335474,true,0
"hepatitis",7,5,horn,Greedy,InformationGain,0,0,0,0,0,0,0,0,0,0.002160803,true,0
"hepatitis",7,5,antihorn,Greedy,InformationGain,0,0,0,0,0,0,0,0,0,0.002165696,true,0
"hepatitis",7,5,square2cnf,Greedy,InformationGain,0,0,0,0,0,0,0,0,0,0.013367848,true,0
"hepatitis",7,5,affine,Greedy,InformationGain,0,0,0,0,0,0,0,0,0,0.006390614,true,0
"hepatitis",7,5,smart_certified,Greedy,InformationGain,0,0,0,0,0,0,0,0,0,0.005541353,true,0
"hepatitis",7,5,cals,SparseLookahead,SparseCertified,1802,451,0,21,0,14,0,28,675,1.125484582,true,0
"hepatitis",7,5,cals_compact_explain,SelectiveLookahead,SparseCertified,1933,0,0,12,7,0,15,26,176,0.509253448,true,0
"hepatitis",7,7,unary,Greedy,InformationGain,0,0,0,0,0,0,0,0,0,0.002420114,true,0
"hepatitis",7,7,horn,Greedy,InformationGain,0,0,0,0,0,0,0,0,0,0.002182275,true,0
"hepatitis",7,7,antihorn,Greedy,InformationGain,0,0,0,0,0,0,0,0,0,0.002189684,true,0
"hepatitis",7,7,square2cnf,Greedy,InformationGain,0,0,0,0,0,0,0,0,0,0.012786338,true,0
"hepatitis",7,7,affine,Greedy,InformationGain,0,0,0,0,0,0,0,0,0,0.006473682,true,0
"hepatitis",7,7,smart_certified,Greedy,InformationGain,0,0,0,0,0,0,0,0,0,0.006223022,true,0
"hepatitis",7,7,cals,SparseLookahead,SparseCertified,1802,451,0,21,0,14,0,28,675,1.131990303,true,0
"hepatitis",7,7,cals_compact_explain,SelectiveLookahead,SparseCertified,1933,0,0,12,7,0,15,26,176,0.5124238000000001,true,0
"hepatitis",8,5,unary,Greedy,InformationGain,0,0,0,0,0,0,0,0,0,0.002063819,true,0
"hepatitis",8,5,horn,Greedy,InformationGain,0,0,0,0,0,0,0,0,0,0.001978328,true,0
"hepatitis",8,5,antihorn,Greedy,InformationGain,0,0,0,0,0,0,0,0,0,0.001932357,true,0
"hepatitis",8,5,square2cnf,Greedy,InformationGain,0,0,0,0,0,0,0,0,0,0.010188045,true,0
"hepatitis",8,5,affine,Greedy,InformationGain,0,0,0,0,0,0,0,0,0,0.00666558,true,0
"hepatitis",8,5,smart_certified,Greedy,InformationGain,0,0,0,0,0,0,0,0,0,0.018410678,true,0
"hepatitis",8,5,cals,SparseLookahead,SparseCertified,3013,639,0,21,0,15,0,28,847,6.549167988000001,true,0
"hepatitis",8,5,cals_compact_explain,SelectiveLookahead,SparseCertified,1988,0,0,7,15,0,9,29,320,1.071274917,true,0
"hepatitis",8,7,unary,Greedy,InformationGain,0,0,0,0,0,0,0,0,0,0.002065968,true,0
"hepatitis",8,7,horn,Greedy,InformationGain,0,0,0,0,0,0,0,0,0,0.002707356,true,0
"hepatitis",8,7,antihorn,Greedy,InformationGain,0,0,0,0,0,0,0,0,0,0.002154057,true,0
"hepatitis",8,7,square2cnf,Greedy,InformationGain,0,0,0,0,0,0,0,0,0,0.011597371,true,0
"hepatitis",8,7,affine,Greedy,InformationGain,0,0,0,0,0,0,0,0,0,0.007061405,true,0
"hepatitis",8,7,smart_certified,Greedy,InformationGain,0,0,0,0,0,0,0,0,0,0.018876475,true,0
"hepatitis",8,7,cals,SparseLookahead,SparseCertified,3013,639,0,21,0,15,0,28,847,6.602076738,true,0
"hepatitis",8,7,cals_compact_explain,SelectiveLookahead,SparseCertified,1988,0,0,7,15,0,9,29,320,1.082963385,true,0
"hepatitis",9,5,unary,Greedy,InformationGain,0,0,0,0,0,0,0,0,0,0.001721802,true,0
"hepatitis",9,5,horn,Greedy,InformationGain,0,0,0,0,0,0,0,0,0,0.002045515,true,0
"hepatitis",9,5,antihorn,Greedy,InformationGain,0,0,0,0,0,0,0,0,0,0.002099301,true,0
"hepatitis",9,5,square2cnf,Greedy,InformationGain,0,0,0,0,0,0,0,0,0,0.011119004,true,0
"hepatitis",9,5,affine,Greedy,InformationGain,0,0,0,0,0,0,0,0,0,0.006238823,true,0
"hepatitis",9,5,smart_certified,Greedy,InformationGain,0,0,0,0,0,0,0,0,0,0.015057956,true,0
"hepatitis",9,5,cals,SparseLookahead,SparseCertified,2003,646,0,22,0,18,0,30,838,0.22776801,true,0
"hepatitis",9,5,cals_compact_explain,SelectiveLookahead,SparseCertified,1713,0,0,12,5,0,15,25,160,0.49868805,true,0
"hepatitis",9,7,unary,Greedy,InformationGain,0,0,0,0,0,0,0,0,0,0.002066507,true,0
"hepatitis",9,7,horn,Greedy,InformationGain,0,0,0,0,0,0,0,0,0,0.002629299,true,0
"hepatitis",9,7,antihorn,Greedy,InformationGain,0,0,0,0,0,0,0,0,0,0.002942891,true,0
"hepatitis",9,7,square2cnf,Greedy,InformationGain,0,0,0,0,0,0,0,0,0,0.014778849,true,0
"hepatitis",9,7,affine,Greedy,InformationGain,0,0,0,0,0,0,0,0,0,0.007698445,true,0
"hepatitis",9,7,smart_certified,Greedy,InformationGain,0,0,0,0,0,0,0,0,0,0.017006522,true,0
"hepatitis",9,7,cals,SparseLookahead,SparseCertified,2003,646,0,22,0,18,0,30,838,0.231292838,true,0
"hepatitis",9,7,cals_compact_explain,SelectiveLookahead,SparseCertified,1713,0,0,12,5,0,15,25,160,0.501476457,true,0
"hypothyroid",0,5,unary,Greedy,InformationGain,0,0,0,0,0,0,0,0,0,0.009323308,true,0
"hypothyroid",0,5,horn,Greedy,InformationGain,0,0,0,0,0,0,0,0,0,0.030657782,true,0
"hypothyroid",0,5,antihorn,Greedy,InformationGain,0,0,0,0,0,0,0,0,0,0.015633641,true,0
"hypothyroid",0,5,square2cnf,Greedy,InformationGain,0,0,0,0,0,0,0,0,0,0.086249263,true,0
"hypothyroid",0,5,affine,Greedy,InformationGain,0,0,0,0,0,0,0,0,0,0.045672017,true,0
"hypothyroid",0,5,smart_certified,Greedy,InformationGain,0,0,0,0,0,0,0,0,0,0.149501307,true,0
"hypothyroid",0,5,cals,SparseLookahead,SparseCertified,3641,749,0,26,0,19,0,38,1053,5.0436467480000005,true,0
"hypothyroid",0,5,cals_compact_explain,SelectiveLookahead,SparseCertified,3312,0,0,17,10,0,19,39,320,1.9261660859999998,true,0
"hypothyroid",0,7,unary,Greedy,InformationGain,0,0,0,0,0,0,0,0,0,0.012723657,true,0
"hypothyroid",0,7,horn,Greedy,InformationGain,0,0,0,0,0,0,0,0,0,0.022030714,true,0
"hypothyroid",0,7,antihorn,Greedy,InformationGain,0,0,0,0,0,0,0,0,0,0.022142495,true,0
"hypothyroid",0,7,square2cnf,Greedy,InformationGain,0,0,0,0,0,0,0,0,0,0.15357514,true,0
"hypothyroid",0,7,affine,Greedy,InformationGain,0,0,0,0,0,0,0,0,0,0.086984985,true,0
"hypothyroid",0,7,smart_certified,Greedy,InformationGain,0,0,0,0,0,0,0,0,0,0.252031665,true,0
"hypothyroid",0,7,cals,SparseLookahead,SparseCertified,4216,1068,0,37,0,30,0,60,1548,5.128792087,true,0
"hypothyroid",0,7,cals_compact_explain,SelectiveLookahead,SparseCertified,3856,0,0,28,10,0,30,61,496,1.9626049589999999,true,0
"hypothyroid",1,5,unary,Greedy,InformationGain,0,0,0,0,0,0,0,0,0,0.009374404,true,0
"hypothyroid",1,5,horn,Greedy,InformationGain,0,0,0,0,0,0,0,0,0,0.014372407,true,0
"hypothyroid",1,5,antihorn,Greedy,InformationGain,0,0,0,0,0,0,0,0,0,0.014704167,true,0
"hypothyroid",1,5,square2cnf,Greedy,InformationGain,0,0,0,0,0,0,0,0,0,0.078110685,true,0
"hypothyroid",1,5,affine,Greedy,InformationGain,0,0,0,0,0,0,0,0,0,0.047794311,true,0
"hypothyroid",1,5,smart_certified,Greedy,InformationGain,0,0,0,0,0,0,0,0,0,0.144973171,true,0
"hypothyroid",1,5,cals,SparseLookahead,SparseCertified,3445,758,0,25,0,17,0,36,1062,1.9473270390000001,true,0
"hypothyroid",1,5,cals_compact_explain,SelectiveLookahead,SparseCertified,2434,0,0,15,10,0,16,38,352,0.944212025,true,0
"hypothyroid",1,7,unary,Greedy,InformationGain,0,0,0,0,0,0,0,0,0,0.011872461,true,0
"hypothyroid",1,7,horn,Greedy,InformationGain,0,0,0,0,0,0,0,0,0,0.020843593,true,0
"hypothyroid",1,7,antihorn,Greedy,InformationGain,0,0,0,0,0,0,0,0,0,0.021059128,true,0
"hypothyroid",1,7,square2cnf,Greedy,InformationGain,0,0,0,0,0,0,0,0,0,0.139934585,true,0
"hypothyroid",1,7,affine,Greedy,InformationGain,0,0,0,0,0,0,0,0,0,0.087719701,true,0
"hypothyroid",1,7,smart_certified,Greedy,InformationGain,0,0,0,0,0,0,0,0,0,0.227219728,true,0
"hypothyroid",1,7,cals,SparseLookahead,SparseCertified,4683,1038,0,32,0,24,0,50,1442,2.754732057,true,0
"hypothyroid",1,7,cals_compact_explain,SelectiveLookahead,SparseCertified,3406,0,0,23,10,0,24,54,468,1.224231573,true,0
"hypothyroid",2,5,unary,Greedy,InformationGain,0,0,0,0,0,0,0,0,0,0.009727414,true,0
"hypothyroid",2,5,horn,Greedy,InformationGain,0,0,0,0,0,0,0,0,0,0.013907631,true,0
"hypothyroid",2,5,antihorn,Greedy,InformationGain,0,0,0,0,0,0,0,0,0,0.014284872,true,0
"hypothyroid",2,5,square2cnf,Greedy,InformationGain,0,0,0,0,0,0,0,0,0,0.068977592,true,0
"hypothyroid",2,5,affine,Greedy,InformationGain,0,0,0,0,0,0,0,0,0,0.044148957,true,0
"hypothyroid",2,5,smart_certified,Greedy,InformationGain,0,0,0,0,0,0,0,0,0,0.155774496,true,0
"hypothyroid",2,5,cals,SparseLookahead,SparseCertified,4028,797,0,26,0,20,0,38,1085,3.857895238,true,0
"hypothyroid",2,5,cals_compact_explain,SelectiveLookahead,SparseCertified,3119,0,0,15,12,0,16,39,368,1.4348815279999998,true,0
"hypothyroid",2,7,unary,Greedy,InformationGain,0,0,0,0,0,0,0,0,0,0.012460135,true,0
"hypothyroid",2,7,horn,Greedy,InformationGain,0,0,0,0,0,0,0,0,0,0.020538936,true,0
"hypothyroid",2,7,antihorn,Greedy,InformationGain,0,0,0,0,0,0,0,0,0,0.021236259,true,0
"hypothyroid",2,7,square2cnf,Greedy,InformationGain,0,0,0,0,0,0,0,0,0,0.144398898,true,0
"hypothyroid",2,7,affine,Greedy,InformationGain,0,0,0,0,0,0,0,0,0,0.082544211,true,0
"hypothyroid",2,7,smart_certified,Greedy,InformationGain,0,0,0,0,0,0,0,0,0,0.223270877,true,0
"hypothyroid",2,7,cals,SparseLookahead,SparseCertified,4501,1035,0,35,0,29,0,56,1459,3.963718759,true,0
"hypothyroid",2,7,cals_compact_explain,SelectiveLookahead,SparseCertified,3579,0,0,24,12,0,25,57,504,1.4676923149999999,true,0
"hypothyroid",3,5,unary,Greedy,InformationGain,0,0,0,0,0,0,0,0,0,0.009861493,true,0
"hypothyroid",3,5,horn,Greedy,InformationGain,0,0,0,0,0,0,0,0,0,0.015000855,true,0
"hypothyroid",3,5,antihorn,Greedy,InformationGain,0,0,0,0,0,0,0,0,0,0.015053405,true,0
"hypothyroid",3,5,square2cnf,Greedy,InformationGain,0,0,0,0,0,0,0,0,0,0.092626678,true,0
"hypothyroid",3,5,affine,Greedy,InformationGain,0,0,0,0,0,0,0,0,0,0.042393383,true,0
"hypothyroid",3,5,smart_certified,Greedy,InformationGain,0,0,0,0,0,0,0,0,0,0.154670995,true,0
"hypothyroid",3,5,cals,SparseLookahead,SparseCertified,4631,919,0,28,0,21,0,42,1255,9.091687367999999,true,0
"hypothyroid",3,5,cals_compact_explain,SelectiveLookahead,SparseCertified,3545,0,0,16,16,0,18,46,448,2.6810543989999998,true,0
"hypothyroid",3,7,unary,Greedy,InformationGain,0,0,0,0,0,0,0,0,0,0.011735063,true,0
"hypothyroid",3,7,horn,Greedy,InformationGain,0,0,0,0,0,0,0,0,0,0.020177715,true,0
"hypothyroid",3,7,antihorn,Greedy,InformationGain,0,0,0,0,0,0,0,0,0,0.020675266,true,0
"hypothyroid",3,7,square2cnf,Greedy,InformationGain,0,0,0,0,0,0,0,0,0,0.144594326,true,0
"hypothyroid",3,7,affine,Greedy,InformationGain,0,0,0,0,0,0,0,0,0,0.083727779,true,0
"hypothyroid",3,7,smart_certified,Greedy,InformationGain,0,0,0,0,0,0,0,0,0,0.220189613,true,0
"hypothyroid",3,7,cals,SparseLookahead,SparseCertified,5832,1250,0,40,0,33,0,66,1766,17.07561459,true,0
"hypothyroid",3,7,cals_compact_explain,SelectiveLookahead,SparseCertified,4232,0,0,28,16,0,30,70,628,4.824810661,true,0
"hypothyroid",4,5,unary,Greedy,InformationGain,0,0,0,0,0,0,0,0,0,0.009409844,true,0
"hypothyroid",4,5,horn,Greedy,InformationGain,0,0,0,0,0,0,0,0,0,0.014410753,true,0
"hypothyroid",4,5,antihorn,Greedy,InformationGain,0,0,0,0,0,0,0,0,0,0.014207305,true,0
"hypothyroid",4,5,square2cnf,Greedy,InformationGain,0,0,0,0,0,0,0,0,0,0.083257899,true,0
"hypothyroid",4,5,affine,Greedy,InformationGain,0,0,0,0,0,0,0,0,0,0.044121074,true,0
"hypothyroid",4,5,smart_certified,Greedy,InformationGain,0,0,0,0,0,0,0,0,0,0.150151659,true,0
"hypothyroid",4,5,cals,SparseLookahead,SparseCertified,4227,812,0,25,0,19,0,36,1084,7.629830516,true,0
"hypothyroid",4,5,cals_compact_explain,SelectiveLookahead,SparseCertified,4482,0,0,16,7,0,16,34,288,2.382740954,true,0
"hypothyroid",4,7,unary,Greedy,InformationGain,0,0,0,0,0,0,0,0,0,0.011727278,true,0
"hypothyroid",4,7,horn,Greedy,InformationGain,0,0,0,0,0,0,0,0,0,0.019578551,true,0
"hypothyroid",4,7,antihorn,Greedy,InformationGain,0,0,0,0,0,0,0,0,0,0.019909953,true,0
"hypothyroid",4,7,square2cnf,Greedy,InformationGain,0,0,0,0,0,0,0,0,0,0.133579983,true,0
"hypothyroid",4,7,affine,Greedy,InformationGain,0,0,0,0,0,0,0,0,0,0.08666958,true,0
"hypothyroid",4,7,smart_certified,Greedy,InformationGain,0,0,0,0,0,0,0,0,0,0.226067041,true,0
"hypothyroid",4,7,cals,SparseLookahead,SparseCertified,5381,1065,0,35,0,29,0,56,1491,14.019603674,true,0
"hypothyroid",4,7,cals_compact_explain,SelectiveLookahead,SparseCertified,5591,0,0,26,7,0,26,54,442,4.114095154,true,0
"hypothyroid",5,5,unary,Greedy,InformationGain,0,0,0,0,0,0,0,0,0,0.009344256,true,0
"hypothyroid",5,5,horn,Greedy,InformationGain,0,0,0,0,0,0,0,0,0,0.014091785,true,0
"hypothyroid",5,5,antihorn,Greedy,InformationGain,0,0,0,0,0,0,0,0,0,0.01391454,true,0
"hypothyroid",5,5,square2cnf,Greedy,InformationGain,0,0,0,0,0,0,0,0,0,0.074852091,true,0
"hypothyroid",5,5,affine,Greedy,InformationGain,0,0,0,0,0,0,0,0,0,0.044090142,true,0
"hypothyroid",5,5,smart_certified,Greedy,InformationGain,0,0,0,0,0,0,0,0,0,0.144259903,true,0
"hypothyroid",5,5,cals,SparseLookahead,SparseCertified,3379,787,0,26,0,19,0,38,1091,1.939348495,true,0
"hypothyroid",5,5,cals_compact_explain,SelectiveLookahead,SparseCertified,1390,0,0,16,8,0,15,36,320,0.375466375,true,0
"hypothyroid",5,7,unary,Greedy,InformationGain,0,0,0,0,0,0,0,0,0,0.011665942,true,0
"hypothyroid",5,7,horn,Greedy,InformationGain,0,0,0,0,0,0,0,0,0,0.017865008,true,0
"hypothyroid",5,7,antihorn,Greedy,InformationGain,0,0,0,0,0,0,0,0,0,0.018518899,true,0
"hypothyroid",5,7,square2cnf,Greedy,InformationGain,0,0,0,0,0,0,0,0,0,0.109226854,true,0
"hypothyroid",5,7,affine,Greedy,InformationGain,0,0,0,0,0,0,0,0,0,0.073440718,true,0
"hypothyroid",5,7,smart_certified,Greedy,InformationGain,0,0,0,0,0,0,0,0,0,0.189375618,true,0
"hypothyroid",5,7,cals,SparseLookahead,SparseCertified,5166,1163,0,37,0,30,0,60,1603,2.876965464,true,0
"hypothyroid",5,7,cals_compact_explain,SelectiveLookahead,SparseCertified,1659,0,0,23,8,0,22,50,405,0.403732516,true,0
"hypothyroid",6,5,unary,Greedy,InformationGain,0,0,0,0,0,0,0,0,0,0.007459141,true,0
"hypothyroid",6,5,horn,Greedy,InformationGain,0,0,0,0,0,0,0,0,0,0.009982264,true,0
"hypothyroid",6,5,antihorn,Greedy,InformationGain,0,0,0,0,0,0,0,0,0,0.009554481,true,0
"hypothyroid",6,5,square2cnf,Greedy,InformationGain,0,0,0,0,0,0,0,0,0,0.041476699,true,0
"hypothyroid",6,5,affine,Greedy,InformationGain,0,0,0,0,0,0,0,0,0,0.041068901,true,0
"hypothyroid",6,5,smart_certified,Greedy,InformationGain,0,0,0,0,0,0,0,0,0,0.09310019,true,0
"hypothyroid",6,5,cals,SparseLookahead,SparseCertified,3600,788,0,25,0,18,0,36,1076,1.949640716,true,0
"hypothyroid",6,5,cals_compact_explain,SelectiveLookahead,SparseCertified,2471,0,0,15,8,0,14,34,320,0.646109885,true,0
"hypothyroid",6,7,unary,Greedy,InformationGain,0,0,0,0,0,0,0,0,0,0.00927543,true,0
"hypothyroid",6,7,horn,Greedy,InformationGain,0,0,0,0,0,0,0,0,0,0.014803502,true,0
"hypothyroid",6,7,antihorn,Greedy,InformationGain,0,0,0,0,0,0,0,0,0,0.01490178,true,0
"hypothyroid",6,7,square2cnf,Greedy,InformationGain,0,0,0,0,0,0,0,0,0,0.09369349,true,0
"hypothyroid",6,7,affine,Greedy,InformationGain,0,0,0,0,0,0,0,0,0,0.069689534,true,0
"hypothyroid",6,7,smart_certified,Greedy,InformationGain,0,0,0,0,0,0,0,0,0,0.159480806,true,0
"hypothyroid",6,7,cals,SparseLookahead,SparseCertified,4551,1014,0,33,0,26,0,52,1408,2.4729812929999997,true,0
"hypothyroid",6,7,cals_compact_explain,SelectiveLookahead,SparseCertified,3241,0,0,23,8,0,22,50,446,0.82953245,true,0
"hypothyroid",7,5,unary,Greedy,InformationGain,0,0,0,0,0,0,0,0,0,0.009465667,true,0
"hypothyroid",7,5,horn,Greedy,InformationGain,0,0,0,0,0,0,0,0,0,0.014750651,true,0
"hypothyroid",7,5,antihorn,Greedy,InformationGain,0,0,0,0,0,0,0,0,0,0.015014196,true,0
"hypothyroid",7,5,square2cnf,Greedy,InformationGain,0,0,0,0,0,0,0,0,0,0.083108216,true,0
"hypothyroid",7,5,affine,Greedy,InformationGain,0,0,0,0,0,0,0,0,0,0.04666212,true,0
"hypothyroid",7,5,smart_certified,Greedy,InformationGain,0,0,0,0,0,0,0,0,0,0.149582613,true,0
"hypothyroid",7,5,cals,SparseLookahead,SparseCertified,4556,872,0,30,0,23,0,46,1233,2.403535325,true,0
"hypothyroid",7,5,cals_compact_explain,SelectiveLookahead,SparseCertified,3625,0,0,19,12,0,20,47,425,0.902302703,true,0
"hypothyroid",7,7,unary,Greedy,InformationGain,0,0,0,0,0,0,0,0,0,0.011756317,true,0
"hypothyroid",7,7,horn,Greedy,InformationGain,0,0,0,0,0,0,0,0,0,0.02096889,true,0
"hypothyroid",7,7,antihorn,Greedy,InformationGain,0,0,0,0,0,0,0,0,0,0.021029716,true,0
"hypothyroid",7,7,square2cnf,Greedy,InformationGain,0,0,0,0,0,0,0,0,0,0.146021868,true,0
"hypothyroid",7,7,affine,Greedy,InformationGain,0,0,0,0,0,0,0,0,0,0.074614783,true,0
"hypothyroid",7,7,smart_certified,Greedy,InformationGain,0,0,0,0,0,0,0,0,0,0.212829198,true,0
"hypothyroid",7,7,cals,SparseLookahead,SparseCertified,4978,1084,0,42,0,35,0,70,1585,2.466346852,true,0
"hypothyroid",7,7,cals_compact_explain,SelectiveLookahead,SparseCertified,4082,0,0,32,12,0,33,73,581,0.946160556,true,0
"hypothyroid",8,5,unary,Greedy,InformationGain,0,0,0,0,0,0,0,0,0,0.00977672,true,0
"hypothyroid",8,5,horn,Greedy,InformationGain,0,0,0,0,0,0,0,0,0,0.015439471,true,0
"hypothyroid",8,5,antihorn,Greedy,InformationGain,0,0,0,0,0,0,0,0,0,0.015949842,true,0
"hypothyroid",8,5,square2cnf,Greedy,InformationGain,0,0,0,0,0,0,0,0,0,0.089865388,true,0
"hypothyroid",8,5,affine,Greedy,InformationGain,0,0,0,0,0,0,0,0,0,0.047663874,true,0
"hypothyroid",8,5,smart_certified,Greedy,InformationGain,0,0,0,0,0,0,0,0,0,0.159246249,true,0
"hypothyroid",8,5,cals,SparseLookahead,SparseCertified,4342,804,0,26,0,19,0,38,1108,2.91876,true,0
"hypothyroid",8,5,cals_compact_explain,SelectiveLookahead,SparseCertified,4041,0,0,15,12,0,20,39,304,1.3658444099999998,true,0
"hypothyroid",8,7,unary,Greedy,InformationGain,0,0,0,0,0,0,0,0,0,0.0122235,true,0
"hypothyroid",8,7,horn,Greedy,InformationGain,0,0,0,0,0,0,0,0,0,0.020734139,true,0
"hypothyroid",8,7,antihorn,Greedy,InformationGain,0,0,0,0,0,0,0,0,0,0.021442429,true,0
"hypothyroid",8,7,square2cnf,Greedy,InformationGain,0,0,0,0,0,0,0,0,0,0.140758032,true,0
"hypothyroid",8,7,affine,Greedy,InformationGain,0,0,0,0,0,0,0,0,0,0.082318982,true,0
"hypothyroid",8,7,smart_certified,Greedy,InformationGain,0,0,0,0,0,0,0,0,0,0.257285043,true,0
"hypothyroid",8,7,cals,SparseLookahead,SparseCertified,6048,1137,0,38,0,31,0,62,1633,3.8580444839999997,true,0
"hypothyroid",8,7,cals_compact_explain,SelectiveLookahead,SparseCertified,5103,0,0,27,12,0,32,63,496,1.690991588,true,0
"hypothyroid",9,5,unary,Greedy,InformationGain,0,0,0,0,0,0,0,0,0,0.00969761,true,0
"hypothyroid",9,5,horn,Greedy,InformationGain,0,0,0,0,0,0,0,0,0,0.014978641,true,0
"hypothyroid",9,5,antihorn,Greedy,InformationGain,0,0,0,0,0,0,0,0,0,0.015211089,true,0
"hypothyroid",9,5,square2cnf,Greedy,InformationGain,0,0,0,0,0,0,0,0,0,0.081802745,true,0
"hypothyroid",9,5,affine,Greedy,InformationGain,0,0,0,0,0,0,0,0,0,0.052918577,true,0
"hypothyroid",9,5,smart_certified,Greedy,InformationGain,0,0,0,0,0,0,0,0,0,0.157052881,true,0
"hypothyroid",9,5,cals,SparseLookahead,SparseCertified,4715,849,0,27,0,19,0,40,1185,2.976245779,true,0
"hypothyroid",9,5,cals_compact_explain,SelectiveLookahead,SparseCertified,4132,0,0,13,15,0,18,41,368,1.6667371739999999,true,0
"hypothyroid",9,7,unary,Greedy,InformationGain,0,0,0,0,0,0,0,0,0,0.012434015,true,0
"hypothyroid",9,7,horn,Greedy,InformationGain,0,0,0,0,0,0,0,0,0,0.025586376,true,0
"hypothyroid",9,7,antihorn,Greedy,InformationGain,0,0,0,0,0,0,0,0,0,0.025805177,true,0
"hypothyroid",9,7,square2cnf,Greedy,InformationGain,0,0,0,0,0,0,0,0,0,0.174322958,true,0
"hypothyroid",9,7,affine,Greedy,InformationGain,0,0,0,0,0,0,0,0,0,0.092288556,true,0
"hypothyroid",9,7,smart_certified,Greedy,InformationGain,0,0,0,0,0,0,0,0,0,0.280954235,true,0
"hypothyroid",9,7,cals,SparseLookahead,SparseCertified,6178,1258,0,40,0,32,0,66,1784,4.917172465,true,0
"hypothyroid",9,7,cals_compact_explain,SelectiveLookahead,SparseCertified,5363,0,0,29,15,0,31,70,600,2.457293159,true,0
"ionosphere",0,5,unary,Greedy,InformationGain,0,0,0,0,0,0,0,0,0,0.025689998,true,0
"ionosphere",0,5,horn,Greedy,InformationGain,0,0,0,0,0,0,0,0,0,0.020153026,true,0
"ionosphere",0,5,antihorn,Greedy,InformationGain,0,0,0,0,0,0,0,0,0,0.020736858,true,0
"ionosphere",0,5,square2cnf,Greedy,InformationGain,0,0,0,0,0,0,0,0,0,0.042425589,true,0
"ionosphere",0,5,affine,Greedy,InformationGain,0,0,0,0,0,0,0,0,0,0.015155144,true,0
"ionosphere",0,5,smart_certified,Greedy,InformationGain,0,0,0,0,0,0,0,0,0,0.047023528,true,0
"ionosphere",0,5,cals,SparseLookahead,SparseCertified,8651,658,0,23,0,18,0,32,882,1.573343533,true,0
"ionosphere",0,5,cals_compact_explain,SelectiveLookahead,SparseCertified,7083,0,0,10,11,0,15,30,240,0.34086181,true,0
"ionosphere",0,7,unary,Greedy,InformationGain,0,0,0,0,0,0,0,0,0,0.034553969,true,0
"ionosphere",0,7,horn,Greedy,InformationGain,0,0,0,0,0,0,0,0,0,0.020801214,true,0
"ionosphere",0,7,antihorn,Greedy,InformationGain,0,0,0,0,0,0,0,0,0,0.020665456,true,0
"ionosphere",0,7,square2cnf,Greedy,InformationGain,0,0,0,0,0,0,0,0,0,0.042174024,true,0
"ionosphere",0,7,affine,Greedy,InformationGain,0,0,0,0,0,0,0,0,0,0.02190945,true,0
"ionosphere",0,7,smart_certified,Greedy,InformationGain,0,0,0,0,0,0,0,0,0,0.056142738,true,0
"ionosphere",0,7,cals,SparseLookahead,SparseCertified,8651,658,0,23,0,18,0,32,882,1.579405239,true,0
"ionosphere",0,7,cals_compact_explain,SelectiveLookahead,SparseCertified,7083,0,0,10,11,0,15,30,240,0.340030291,true,0
"ionosphere",1,5,unary,Greedy,InformationGain,0,0,0,0,0,0,0,0,0,0.02452735,true,0
"ionosphere",1,5,horn,Greedy,InformationGain,0,0,0,0,0,0,0,0,0,0.017903899,true,0
"ionosphere",1,5,antihorn,Greedy,InformationGain,0,0,0,0,0,0,0,0,0,0.018357904,true,0
"ionosphere",1,5,square2cnf,Greedy,InformationGain,0,0,0,0,0,0,0,0,0,0.034585209,true,0
"ionosphere",1,5,affine,Greedy,InformationGain,0,0,0,0,0,0,0,0,0,0.014696619,true,0
"ionosphere",1,5,smart_certified,Greedy,InformationGain,0,0,0,0,0,0,0,0,0,0.046577247,true,0
"ionosphere",1,5,cals,SparseLookahead,SparseCertified,6806,535,0,28,0,13,0,35,887,1.2812769370000001,true,0
"ionosphere",1,5,cals_compact_explain,SelectiveLookahead,SparseCertified,6504,0,0,7,15,0,13,29,256,0.32766821599999996,true,0
"ionosphere",1,7,unary,Greedy,InformationGain,0,0,0,0,0,0,0,0,0,0.032164026,true,0
"ionosphere",1,7,horn,Greedy,InformationGain,0,0,0,0,0,0,0,0,0,0.018264592,true,0
"ionosphere",1,7,antihorn,Greedy,InformationGain,0,0,0,0,0,0,0,0,0,0.018328948,true,0
"ionosphere",1,7,square2cnf,Greedy,InformationGain,0,0,0,0,0,0,0,0,0,0.035442901,true,0
"ionosphere",1,7,affine,Greedy,InformationGain,0,0,0,0,0,0,0,0,0,0.018976685,true,0
"ionosphere",1,7,smart_certified,Greedy,InformationGain,0,0,0,0,0,0,0,0,0,0.049444562,true,0
"ionosphere",1,7,cals,SparseLookahead,SparseCertified,7109,559,0,29,0,14,0,37,927,1.296882193,true,0
"ionosphere",1,7,cals_compact_explain,SelectiveLookahead,SparseCertified,6724,0,0,8,15,0,14,31,272,0.336840524,true,0
"ionosphere",2,5,unary,Greedy,InformationGain,0,0,0,0,0,0,0,0,0,0.022278602,true,0
"ionosphere",2,5,horn,Greedy,InformationGain,0,0,0,0,0,0,0,0,0,0.016319351,true,0
"ionosphere",2,5,antihorn,Greedy,InformationGain,0,0,0,0,0,0,0,0,0,0.016345413,true,0
"ionosphere",2,5,square2cnf,Greedy,InformationGain,0,0,0,0,0,0,0,0,0,0.029780253,true,0
"ionosphere",2,5,affine,Greedy,InformationGain,0,0,0,0,0,0,0,0,0,0.017119544,true,0
"ionosphere",2,5,smart_certified,Greedy,InformationGain,0,0,0,0,0,0,0,0,0,0.037622463,true,0
"ionosphere",2,5,cals,SparseLookahead,SparseCertified,9390,701,0,24,0,19,0,34,941,10.116853317,true,0
"ionosphere",2,5,cals_compact_explain,SelectiveLookahead,SparseCertified,7203,0,0,10,15,0,15,35,320,2.347190183,true,0
"ionosphere",2,7,unary,Greedy,InformationGain,0,0,0,0,0,0,0,0,0,0.029755791,true,0
"ionosphere",2,7,horn,Greedy,InformationGain,0,0,0,0,0,0,0,0,0,0.018032253,true,0
"ionosphere",2,7,antihorn,Greedy,InformationGain,0,0,0,0,0,0,0,0,0,0.018391229,true,0
"ionosphere",2,7,square2cnf,Greedy,InformationGain,0,0,0,0,0,0,0,0,0,0.035400234,true,0
"ionosphere",2,7,affine,Greedy,InformationGain,0,0,0,0,0,0,0,0,0,0.023784754,true,0
"ionosphere",2,7,smart_certified,Greedy,InformationGain,0,0,0,0,0,0,0,0,0,0.052510803,true,0
"ionosphere",2,7,cals,SparseLookahead,SparseCertified,9806,715,0,26,0,21,0,38,987,11.982496688000001,true,0
"ionosphere",2,7,cals_compact_explain,SelectiveLookahead,SparseCertified,7619,0,0,12,15,0,17,39,352,2.76713013,true,0
"ionosphere",3,5,unary,Greedy,InformationGain,0,0,0,0,0,0,0,0,0,0.024642094,true,0
"ionosphere",3,5,horn,Greedy,InformationGain,0,0,0,0,0,0,0,0,0,0.017604413,true,0
"ionosphere",3,5,antihorn,Greedy,InformationGain,0,0,0,0,0,0,0,0,0,0.017436798,true,0
"ionosphere",3,5,square2cnf,Greedy,InformationGain,0,0,0,0,0,0,0,0,0,0.033064569,true,0
"ionosphere",3,5,affine,Greedy,InformationGain,0,0,0,0,0,0,0,0,0,0.012873933,true,0
"ionosphere",3,5,smart_certified,Greedy,InformationGain,0,0,0,0,0,0,0,0,0,0.048595362,true,0
"ionosphere",3,5,cals,SparseLookahead,SparseCertified,9808,765,0,22,0,19,0,30,941,2.009094817,true,0
"ionosphere",3,5,cals_compact_explain,SelectiveLookahead,SparseCertified,8132,0,0,11,12,0,17,31,224,0.15744334699999998,true,0
"ionosphere",3,7,unary,Greedy,InformationGain,0,0,0,0,0,0,0,0,0,0.036426385,true,0
"ionosphere",3,7,horn,Greedy,InformationGain,0,0,0,0,0,0,0,0,0,0.019514013,true,0
"ionosphere",3,7,antihorn,Greedy,InformationGain,0,0,0,0,0,0,0,0,0,0.019610104,true,0
"ionosphere",3,7,square2cnf,Greedy,InformationGain,0,0,0,0,0,0,0,0,0,0.036971072,true,0
"ionosphere",3,7,affine,Greedy,InformationGain,0,0,0,0,0,0,0,0,0,0.018471253,true,0
"ionosphere",3,7,smart_certified,Greedy,InformationGain,0,0,0,0,0,0,0,0,0,0.052533447,true,0
"ionosphere",3,7,cals,SparseLookahead,SparseCertified,9892,767,0,23,0,20,0,32,959,2.046690061,true,0
"ionosphere",3,7,cals_compact_explain,SelectiveLookahead,SparseCertified,8216,0,0,12,12,0,18,33,240,0.158297036,true,0
"ionosphere",4,5,unary,Greedy,InformationGain,0,0,0,0,0,0,0,0,0,0.021753026,true,0
"ionosphere",4,5,horn,Greedy,InformationGain,0,0,0,0,0,0,0,0,0,0.019188812,true,0
"ionosphere",4,5,antihorn,Greedy,InformationGain,0,0,0,0,0,0,0,0,0,0.018967775,true,0
"ionosphere",4,5,square2cnf,Greedy,InformationGain,0,0,0,0,0,0,0,0,0,0.037226772,true,0
"ionosphere",4,5,affine,Greedy,InformationGain,0,0,0,0,0,0,0,0,0,0.013854385,true,0
"ionosphere",4,5,smart_certified,Greedy,InformationGain,0,0,0,0,0,0,0,0,0,0.073493146,true,0
"ionosphere",4,5,cals,SparseLookahead,SparseCertified,8175,641,0,21,0,16,0,28,833,1.195777346,true,0
"ionosphere",4,5,cals_compact_explain,SelectiveLookahead,SparseCertified,4737,0,0,10,6,0,11,23,192,0.109332114,true,0
"ionosphere",4,7,unary,Greedy,InformationGain,0,0,0,0,0,0,0,0,0,0.029744714,true,0
"ionosphere",4,7,horn,Greedy,InformationGain,0,0,0,0,0,0,0,0,0,0.021155389,true,0
"ionosphere",4,7,antihorn,Greedy,InformationGain,0,0,0,0,0,0,0,0,0,0.02198008,true,0
"ionosphere",4,7,square2cnf,Greedy,InformationGain,0,0,0,0,0,0,0,0,0,0.044692325,true,0
"ionosphere",4,7,affine,Greedy,InformationGain,0,0,0,0,0,0,0,0,0,0.020389958,true,0
"ionosphere",4,7,smart_certified,Greedy,InformationGain,0,0,0,0,0,0,0,0,0,0.089161378,true,0
"ionosphere",4,7,cals,SparseLookahead,SparseCertified,8511,658,0,22,0,17,0,30,866,1.204061006,true,0
"ionosphere",4,7,cals_compact_explain,SelectiveLookahead,SparseCertified,5073,0,0,11,6,0,12,25,208,0.114096904,true,0
"ionosphere",5,5,unary,Greedy,InformationGain,0,0,0,0,0,0,0,0,0,0.021833565,true,0
"ionosphere",5,5,horn,Greedy,InformationGain,0,0,0,0,0,0,0,0,0,0.018349906,true,0
"ionosphere",5,5,antihorn,Greedy,InformationGain,0,0,0,0,0,0,0,0,0,0.019175612,true,0
"ionosphere",5,5,square2cnf,Greedy,InformationGain,0,0,0,0,0,0,0,0,0,0.034788179,true,0
"ionosphere",5,5,affine,Greedy,InformationGain,0,0,0,0,0,0,0,0,0,0.01956794,true,0
"ionosphere",5,5,smart_certified,Greedy,InformationGain,0,0,0,0,0,0,0,0,0,0.053380739,true,0
"ionosphere",5,5,cals,SparseLookahead,SparseCertified,10683,871,0,25,0,22,0,36,1095,0.596926365,true,0
"ionosphere",5,5,cals_compact_explain,SelectiveLookahead,SparseCertified,8002,0,0,17,9,0,17,37,320,0.154380812,true,0
"ionosphere",5,7,unary,Greedy,InformationGain,0,0,0,0,0,0,0,0,0,0.0315004,true,0
"ionosphere",5,7,horn,Greedy,InformationGain,0,0,0,0,0,0,0,0,0,0.018889084,true,0
"ionosphere",5,7,antihorn,Greedy,InformationGain,0,0,0,0,0,0,0,0,0,0.01873389,true,0
"ionosphere",5,7,square2cnf,Greedy,InformationGain,0,0,0,0,0,0,0,0,0,0.037085782,true,0
"ionosphere",5,7,affine,Greedy,InformationGain,0,0,0,0,0,0,0,0,0,0.023800478,true,0
"ionosphere",5,7,smart_certified,Greedy,InformationGain,0,0,0,0,0,0,0,0,0,0.055427679,true,0
"ionosphere",5,7,cals,SparseLookahead,SparseCertified,10683,871,0,25,0,22,0,36,1095,0.605842955,true,0
"ionosphere",5,7,cals_compact_explain,SelectiveLookahead,SparseCertified,8002,0,0,17,9,0,17,37,320,0.153358117,true,0
"ionosphere",6,5,unary,Greedy,InformationGain,0,0,0,0,0,0,0,0,0,0.02343718,true,0
"ionosphere",6,5,horn,Greedy,InformationGain,0,0,0,0,0,0,0,0,0,0.017141008,true,0
"ionosphere",6,5,antihorn,Greedy,InformationGain,0,0,0,0,0,0,0,0,0,0.017531046,true,0
"ionosphere",6,5,square2cnf,Greedy,InformationGain,0,0,0,0,0,0,0,0,0,0.031109589,true,0
"ionosphere",6,5,affine,Greedy,InformationGain,0,0,0,0,0,0,0,0,0,0.014763579,true,0
"ionosphere",6,5,smart_certified,Greedy,InformationGain,0,0,0,0,0,0,0,0,0,0.044867629,true,0
"ionosphere",6,5,cals,SparseLookahead,SparseCertified,7022,516,0,22,0,14,0,30,772,0.516911211,true,0
"ionosphere",6,5,cals_compact_explain,SelectiveLookahead,SparseCertified,5640,0,0,9,11,0,11,28,272,1.912503215,true,0
"ionosphere",6,7,unary,Greedy,InformationGain,0,0,0,0,0,0,0,0,0,0.03133535,true,0
"ionosphere",6,7,horn,Greedy,InformationGain,0,0,0,0,0,0,0,0,0,0.018792371,true,0
"ionosphere",6,7,antihorn,Greedy,InformationGain,0,0,0,0,0,0,0,0,0,0.019464422,true,0
"ionosphere",6,7,square2cnf,Greedy,InformationGain,0,0,0,0,0,0,0,0,0,0.039061713,true,0
"ionosphere",6,7,affine,Greedy,InformationGain,0,0,0,0,0,0,0,0,0,0.019107872,true,0
"ionosphere",6,7,smart_certified,Greedy,InformationGain,0,0,0,0,0,0,0,0,0,0.050533361,true,0
"ionosphere",6,7,cals,SparseLookahead,SparseCertified,7022,516,0,22,0,14,0,30,772,0.517549938,true,0
"ionosphere",6,7,cals_compact_explain,SelectiveLookahead,SparseCertified,5640,0,0,9,11,0,11,28,272,1.923901258,true,0
"ionosphere",7,5,unary,Greedy,InformationGain,0,0,0,0,0,0,0,0,0,0.029396055,true,0
"ionosphere",7,5,horn,Greedy,InformationGain,0,0,0,0,0,0,0,0,0,0.019835763,true,0
"ionosphere",7,5,antihorn,Greedy,InformationGain,0,0,0,0,0,0,0,0,0,0.018682805,true,0
"ionosphere",7,5,square2cnf,Greedy,InformationGain,0,0,0,0,0,0,0,0,0,0.035007365,true,0
"ionosphere",7,5,affine,Greedy,InformationGain,0,0,0,0,0,0,0,0,0,0.017642855,true,0
"ionosphere",7,5,smart_certified,Greedy,InformationGain,0,0,0,0,0,0,0,0,0,0.098239998,true,0
"ionosphere",7,5,cals,SparseLookahead,SparseCertified,10029,721,0,24,0,20,0,34,945,1.193434704,true,0
"ionosphere",7,5,cals_compact_explain,SelectiveLookahead,SparseCertified,7487,0,0,14,8,0,16,32,256,0.143074384,true,0
"ionosphere",7,7,unary,Greedy,InformationGain,0,0,0,0,0,0,0,0,0,0.036182569,true,0
"ionosphere",7,7,horn,Greedy,InformationGain,0,0,0,0,0,0,0,0,0,0.018958226,true,0
"ionosphere",7,7,antihorn,Greedy,InformationGain,0,0,0,0,0,0,0,0,0,0.019624932,true,0
"ionosphere",7,7,square2cnf,Greedy,InformationGain,0,0,0,0,0,0,0,0,0,0.036612377,true,0
"ionosphere",7,7,affine,Greedy,InformationGain,0,0,0,0,0,0,0,0,0,0.020135805,true,0
"ionosphere",7,7,smart_certified,Greedy,InformationGain,0,0,0,0,0,0,0,0,0,0.096522336,true,0
"ionosphere",7,7,cals,SparseLookahead,SparseCertified,10265,723,0,25,0,21,0,36,963,1.233534848,true,0
"ionosphere",7,7,cals_compact_explain,SelectiveLookahead,SparseCertified,7723,0,0,15,8,0,17,34,272,0.15223535100000002,true,0
"ionosphere",8,5,unary,Greedy,InformationGain,0,0,0,0,0,0,0,0,0,0.023040599,true,0
"ionosphere",8,5,horn,Greedy,InformationGain,0,0,0,0,0,0,0,0,0,0.016760681,true,0
"ionosphere",8,5,antihorn,Greedy,InformationGain,0,0,0,0,0,0,0,0,0,0.016143548,true,0
"ionosphere",8,5,square2cnf,Greedy,InformationGain,0,0,0,0,0,0,0,0,0,0.030731519,true,0
"ionosphere",8,5,affine,Greedy,InformationGain,0,0,0,0,0,0,0,0,0,0.016414162,true,0
"ionosphere",8,5,smart_certified,Greedy,InformationGain,0,0,0,0,0,0,0,0,0,0.078170448,true,0
"ionosphere",8,5,cals,SparseLookahead,SparseCertified,7933,533,0,24,0,16,0,34,821,0.536945757,true,0
"ionosphere",8,5,cals_compact_explain,SelectiveLookahead,SparseCertified,5768,0,0,12,10,0,12,32,320,0.118356923,true,0
"ionosphere",8,7,unary,Greedy,InformationGain,0,0,0,0,0,0,0,0,0,0.025865062,true,0
"ionosphere",8,7,horn,Greedy,InformationGain,0,0,0,0,0,0,0,0,0,0.01621192,true,0
"ionosphere",8,7,antihorn,Greedy,InformationGain,0,0,0,0,0,0,0,0,0,0.016480746,true,0
"ionosphere",8,7,square2cnf,Greedy,InformationGain,0,0,0,0,0,0,0,0,0,0.030107239,true,0
"ionosphere",8,7,affine,Greedy,InformationGain,0,0,0,0,0,0,0,0,0,0.019393302,true,0
"ionosphere",8,7,smart_certified,Greedy,InformationGain,0,0,0,0,0,0,0,0,0,0.086189388,true,0
"ionosphere",8,7,cals,SparseLookahead,SparseCertified,8119,535,0,25,0,17,0,36,839,0.564812992,true,0
"ionosphere",8,7,cals_compact_explain,SelectiveLookahead,SparseCertified,5954,0,0,13,10,0,13,34,336,0.124612824,true,0
"ionosphere",9,5,unary,Greedy,InformationGain,0,0,0,0,0,0,0,0,0,0.021411546,true,0
"ionosphere",9,5,horn,Greedy,InformationGain,0,0,0,0,0,0,0,0,0,0.020570501,true,0
"ionosphere",9,5,antihorn,Greedy,InformationGain,0,0,0,0,0,0,0,0,0,0.020588498,true,0
"ionosphere",9,5,square2cnf,Greedy,InformationGain,0,0,0,0,0,0,0,0,0,0.04082493,true,0
"ionosphere",9,5,affine,Greedy,InformationGain,0,0,0,0,0,0,0,0,0,0.015454154,true,0
"ionosphere",9,5,smart_certified,Greedy,InformationGain,0,0,0,0,0,0,0,0,0,0.07076044,true,0
"ionosphere",9,5,cals,SparseLookahead,SparseCertified,10050,711,0,24,0,20,0,34,935,0.7027820889999999,true,0
"ionosphere",9,5,cals_compact_explain,SelectiveLookahead,SparseCertified,7554,0,0,14,8,0,17,32,240,0.354367708,true,0
"ionosphere",9,7,unary,Greedy,InformationGain,0,0,0,0,0,0,0,0,0,0.029935124,true,0
"ionosphere",9,7,horn,Greedy,InformationGain,0,0,0,0,0,0,0,0,0,0.022004405,true,0
"ionosphere",9,7,antihorn,Greedy,InformationGain,0,0,0,0,0,0,0,0,0,0.022057975,true,0
"ionosphere",9,7,square2cnf,Greedy,InformationGain,0,0,0,0,0,0,0,0,0,0.042672195,true,0
"ionosphere",9,7,affine,Greedy,InformationGain,0,0,0,0,0,0,0,0,0,0.019409406,true,0
"ionosphere",9,7,smart_certified,Greedy,InformationGain,0,0,0,0,0,0,0,0,0,0.096961636,true,0
"ionosphere",9,7,cals,SparseLookahead,SparseCertified,10614,757,0,26,0,22,0,38,1013,0.784867533,true,0
"ionosphere",9,7,cals_compact_explain,SelectiveLookahead,SparseCertified,8099,0,0,16,8,0,19,36,272,0.396350768,true,0
"kr-vs-kp",0,5,unary,Greedy,InformationGain,0,0,0,0,0,0,0,0,0,0.009155827,true,0
"kr-vs-kp",0,5,horn,Greedy,InformationGain,0,0,0,0,0,0,0,0,0,0.017164337,true,0
"kr-vs-kp",0,5,antihorn,Greedy,InformationGain,0,0,0,0,0,0,0,0,0,0.017227255,true,0
"kr-vs-kp",0,5,square2cnf,Greedy,InformationGain,0,0,0,0,0,0,0,0,0,0.098460587,true,0
"kr-vs-kp",0,5,affine,Greedy,InformationGain,0,0,0,0,0,0,0,0,0,0.049943268,true,0
"kr-vs-kp",0,5,smart_certified,Greedy,InformationGain,0,0,0,0,0,0,0,0,0,0.03850879,true,0
"kr-vs-kp",0,5,cals,SparseLookahead,SparseCertified,4735,892,0,26,0,19,0,38,1196,13.692290785,true,0
"kr-vs-kp",0,5,cals_compact_explain,SelectiveLookahead,SparseCertified,3603,0,0,13,14,0,16,39,368,3.645812324,true,0
"kr-vs-kp",0,7,unary,Greedy,InformationGain,0,0,0,0,0,0,0,0,0,0.011584507,true,0
"kr-vs-kp",0,7,horn,Greedy,InformationGain,0,0,0,0,0,0,0,0,0,0.022992492,true,0
"kr-vs-kp",0,7,antihorn,Greedy,InformationGain,0,0,0,0,0,0,0,0,0,0.023331258,true,0
"kr-vs-kp",0,7,square2cnf,Greedy,InformationGain,0,0,0,0,0,0,0,0,0,0.160451629,true,0
"kr-vs-kp",0,7,affine,Greedy,InformationGain,0,0,0,0,0,0,0,0,0,0.095767486,true,0
"kr-vs-kp",0,7,smart_certified,Greedy,InformationGain,0,0,0,0,0,0,0,0,0,0.046148997,true,0
"kr-vs-kp",0,7,cals,SparseLookahead,SparseCertified,5737,1206,0,34,0,27,0,54,1638,18.599198686,true,0
"kr-vs-kp",0,7,cals_compact_explain,SelectiveLookahead,SparseCertified,4457,0,0,21,14,0,24,55,496,4.754397618,true,0
"kr-vs-kp",1,5,unary,Greedy,InformationGain,0,0,0,0,0,0,0,0,0,0.008439543,true,0
"kr-vs-kp",1,5,horn,Greedy,InformationGain,0,0,0,0,0,0,0,0,0,0.013512489,true,0
"kr-vs-kp",1,5,antihorn,Greedy,InformationGain,0,0,0,0,0,0,0,0,0,0.013357451,true,0
"kr-vs-kp",1,5,square2cnf,Greedy,InformationGain,0,0,0,0,0,0,0,0,0,0.069934919,true,0
"kr-vs-kp",1,5,affine,Greedy,InformationGain,0,0,0,0,0,0,0,0,0,0.039319635,true,0
"kr-vs-kp",1,5,smart_certified,Greedy,InformationGain,0,0,0,0,0,0,0,0,0,0.032692419,true,0
"kr-vs-kp",1,5,cals,SparseLookahead,SparseCertified,5243,923,0,27,0,20,0,40,1243,11.831316657,true,0
"kr-vs-kp",1,5,cals_compact_explain,SelectiveLookahead,SparseCertified,4387,0,0,15,16,0,21,44,368,3.991761012,true,0
"kr-vs-kp",1,7,unary,Greedy,InformationGain,0,0,0,0,0,0,0,0,0,0.009396327,true,0
"kr-vs-kp",1,7,horn,Greedy,InformationGain,0,0,0,0,0,0,0,0,0,0.018472546,true,0
"kr-vs-kp",1,7,antihorn,Greedy,InformationGain,0,0,0,0,0,0,0,0,0,0.019061979,true,0
"kr-vs-kp",1,7,square2cnf,Greedy,InformationGain,0,0,0,0,0,0,0,0,0,0.110668934,true,0
"kr-vs-kp",1,7,affine,Greedy,InformationGain,0,0,0,0,0,0,0,0,0,0.070129811,true,0
"kr-vs-kp",1,7,smart_certified,Greedy,InformationGain,0,0,0,0,0,0,0,0,0,0.037105988,true,0
"kr-vs-kp",1,7,cals,SparseLookahead,SparseCertified,5508,1065,0,30,0,23,0,46,1433,14.351148357,true,0
"kr-vs-kp",1,7,cals_compact_explain,SelectiveLookahead,SparseCertified,4652,0,0,18,16,0,24,50,416,4.633970273,true,0
"kr-vs-kp",2,5,unary,Greedy,InformationGain,0,0,0,0,0,0,0,0,0,0.00811232,true,0
"kr-vs-kp",2,5,horn,Greedy,InformationGain,0,0,0,0,0,0,0,0,0,0.012982524,true,0
"kr-vs-kp",2,5,antihorn,Greedy,InformationGain,0,0,0,0,0,0,0,0,0,0.012984009,true,0
"kr-vs-kp",2,5,square2cnf,Greedy,InformationGain,0,0,0,0,0,0,0,0,0,0.06593321,true,0
"kr-vs-kp",2,5,affine,Greedy,InformationGain,0,0,0,0,0,0,0,0,0,0.041647378,true,0
"kr-vs-kp",2,5,smart_certified,Greedy,InformationGain,0,0,0,0,0,0,0,0,0,0.031976688,true,0
"kr-vs-kp",2,5,cals,SparseLookahead,SparseCertified,5391,909,0,27,0,20,0,40,1229,12.704486197000001,true,0
"kr-vs-kp",2,5,cals_compact_explain,SelectiveLookahead,SparseCertified,4224,0,0,16,12,0,19,41,352,3.304468256,true,0
"kr-vs-kp",2,7,unary,Greedy,InformationGain,0,0,0,0,0,0,0,0,0,0.010278608,true,0
"kr-vs-kp",2,7,horn,Greedy,InformationGain,0,0,0,0,0,0,0,0,0,0.018387627,true,0
"kr-vs-kp",2,7,antihorn,Greedy,InformationGain,0,0,0,0,0,0,0,0,0,0.018066527,true,0
"kr-vs-kp",2,7,square2cnf,Greedy,InformationGain,0,0,0,0,0,0,0,0,0,0.110140396,true,0
"kr-vs-kp",2,7,affine,Greedy,InformationGain,0,0,0,0,0,0,0,0,0,0.076734169,true,0
"kr-vs-kp",2,7,smart_certified,Greedy,InformationGain,0,0,0,0,0,0,0,0,0,0.037668017,true,0
"kr-vs-kp",2,7,cals,SparseLookahead,SparseCertified,5671,1069,0,34,0,27,0,54,1497,17.72547506,true,0
"kr-vs-kp",2,7,cals_compact_explain,SelectiveLookahead,SparseCertified,4503,0,0,23,12,0,26,55,460,4.78104446,true,0
"kr-vs-kp",3,5,unary,Greedy,InformationGain,0,0,0,0,0,0,0,0,0,0.008188893,true,0
"kr-vs-kp",3,5,horn,Greedy,InformationGain,0,0,0,0,0,0,0,0,0,0.014047711,true,0
"kr-vs-kp",3,5,antihorn,Greedy,InformationGain,0,0,0,0,0,0,0,0,0,0.014100821,true,0
"kr-vs-kp",3,5,square2cnf,Greedy,InformationGain,0,0,0,0,0,0,0,0,0,0.076036332,true,0
"kr-vs-kp",3,5,affine,Greedy,InformationGain,0,0,0,0,0,0,0,0,0,0.02875419,true,0
"kr-vs-kp",3,5,smart_certified,Greedy,InformationGain,0,0,0,0,0,0,0,0,0,0.032697944,true,0
"kr-vs-kp",3,5,cals,SparseLookahead,SparseCertified,5279,929,0,27,0,20,0,40,1249,12.689565311,true,0
"kr-vs-kp",3,5,cals_compact_explain,SelectiveLookahead,SparseCertified,4812,0,0,14,14,0,20,41,336,3.9448711739999998,true,0
"kr-vs-kp",3,7,unary,Greedy,InformationGain,0,0,0,0,0,0,0,0,0,0.010293558,true,0
"kr-vs-kp",3,7,horn,Greedy,InformationGain,0,0,0,0,0,0,0,0,0,0.020606389,true,0
"kr-vs-kp",3,7,antihorn,Greedy,InformationGain,0,0,0,0,0,0,0,0,0,0.020521612,true,0
"kr-vs-kp",3,7,square2cnf,Greedy,InformationGain,0,0,0,0,0,0,0,0,0,0.13663372,true,0
"kr-vs-kp",3,7,affine,Greedy,InformationGain,0,0,0,0,0,0,0,0,0,0.060612386,true,0
"kr-vs-kp",3,7,smart_certified,Greedy,InformationGain,0,0,0,0,0,0,0,0,0,0.038042401,true,0
"kr-vs-kp",3,7,cals,SparseLookahead,SparseCertified,5654,1091,0,33,0,26,0,52,1503,16.902682331999998,true,0
"kr-vs-kp",3,7,cals_compact_explain,SelectiveLookahead,SparseCertified,5215,0,0,19,14,0,25,51,412,4.8926036250000005,true,0
"kr-vs-kp",4,5,unary,Greedy,InformationGain,0,0,0,0,0,0,0,0,0,0.007936166,true,0
"kr-vs-kp",4,5,horn,Greedy,InformationGain,0,0,0,0,0,0,0,0,0,0.013107858,true,0
"kr-vs-kp",4,5,antihorn,Greedy,InformationGain,0,0,0,0,0,0,0,0,0,0.013398354,true,0
"kr-vs-kp",4,5,square2cnf,Greedy,InformationGain,0,0,0,0,0,0,0,0,0,0.067052961,true,0
"kr-vs-kp",4,5,affine,Greedy,InformationGain,0,0,0,0,0,0,0,0,0,0.05341789,true,0
"kr-vs-kp",4,5,smart_certified,Greedy,InformationGain,0,0,0,0,0,0,0,0,0,0.032737702,true,0
"kr-vs-kp",4,5,cals,SparseLookahead,SparseCertified,5827,893,0,26,0,19,0,38,1197,10.668779836,true,0
"kr-vs-kp",4,5,cals_compact_explain,SelectiveLookahead,SparseCertified,4701,0,0,15,12,0,19,39,320,3.728714763,true,0
"kr-vs-kp",4,7,unary,Greedy,InformationGain,0,0,0,0,0,0,0,0,0,0.010828413,true,0
"kr-vs-kp",4,7,horn,Greedy,InformationGain,0,0,0,0,0,0,0,0,0,0.018070102,true,0
"kr-vs-kp",4,7,antihorn,Greedy,InformationGain,0,0,0,0,0,0,0,0,0,0.018354688,true,0
"kr-vs-kp",4,7,square2cnf,Greedy,InformationGain,0,0,0,0,0,0,0,0,0,0.113433025,true,0
"kr-vs-kp",4,7,affine,Greedy,InformationGain,0,0,0,0,0,0,0,0,0,0.08950031,true,0
"kr-vs-kp",4,7,smart_certified,Greedy,InformationGain,0,0,0,0,0,0,0,0,0,0.041044502,true,0
"kr-vs-kp",4,7,cals,SparseLookahead,SparseCertified,6323,1090,0,32,0,25,0,50,1490,15.492890542,true,0
"kr-vs-kp",4,7,cals_compact_explain,SelectiveLookahead,SparseCertified,5185,0,0,21,12,0,25,51,416,4.9380402320000005,true,0
"kr-vs-kp",5,5,unary,Greedy,InformationGain,0,0,0,0,0,0,0,0,0,0.008154231,true,0
"kr-vs-kp",5,5,horn,Greedy,InformationGain,0,0,0,0,0,0,0,0,0,0.01374246,true,0
"kr-vs-kp",5,5,antihorn,Greedy,InformationGain,0,0,0,0,0,0,0,0,0,0.013954942,true,0
"kr-vs-kp",5,5,square2cnf,Greedy,InformationGain,0,0,0,0,0,0,0,0,0,0.072135787,true,0
"kr-vs-kp",5,5,affine,Greedy,InformationGain,0,0,0,0,0,0,0,0,0,0.043486397,true,0
"kr-vs-kp",5,5,smart_certified,Greedy,InformationGain,0,0,0,0,0,0,0,0,0,0.031173254,true,0
"kr-vs-kp",5,5,cals,SparseLookahead,SparseCertified,5004,932,0,27,0,20,0,40,1252,12.51296868,true,0
"kr-vs-kp",5,5,cals_compact_explain,SelectiveLookahead,SparseCertified,4751,0,0,17,14,0,20,44,384,3.930565269,true,0
"kr-vs-kp",5,7,unary,Greedy,InformationGain,0,0,0,0,0,0,0,0,0,0.010203393,true,0
"kr-vs-kp",5,7,horn,Greedy,InformationGain,0,0,0,0,0,0,0,0,0,0.01952568,true,0
"kr-vs-kp",5,7,antihorn,Greedy,InformationGain,0,0,0,0,0,0,0,0,0,0.019806326,true,0
"kr-vs-kp",5,7,square2cnf,Greedy,InformationGain,0,0,0,0,0,0,0,0,0,0.12651187,true,0
"kr-vs-kp",5,7,affine,Greedy,InformationGain,0,0,0,0,0,0,0,0,0,0.074622183,true,0
"kr-vs-kp",5,7,smart_certified,Greedy,InformationGain,0,0,0,0,0,0,0,0,0,0.039512377,true,0
"kr-vs-kp",5,7,cals,SparseLookahead,SparseCertified,5386,1105,0,31,0,24,0,48,1489,15.835378633000001,true,0
"kr-vs-kp",5,7,cals_compact_explain,SelectiveLookahead,SparseCertified,5130,0,0,21,14,0,24,52,448,4.807814189,true,0
"kr-vs-kp",6,5,unary,Greedy,InformationGain,0,0,0,0,0,0,0,0,0,0.008335976,true,0
"kr-vs-kp",6,5,horn,Greedy,InformationGain,0,0,0,0,0,0,0,0,0,0.014687013,true,0
"kr-vs-kp",6,5,antihorn,Greedy,InformationGain,0,0,0,0,0,0,0,0,0,0.014269377,true,0
"kr-vs-kp",6,5,square2cnf,Greedy,InformationGain,0,0,0,0,0,0,0,0,0,0.075691677,true,0
"kr-vs-kp",6,5,affine,Greedy,InformationGain,0,0,0,0,0,0,0,0,0,0.045687852,true,0
"kr-vs-kp",6,5,smart_certified,Greedy,InformationGain,0,0,0,0,0,0,0,0,0,0.033427421,true,0
"kr-vs-kp",6,5,cals,SparseLookahead,SparseCertified,6594,1047,0,30,0,23,0,46,1415,14.788457332,true,0
"kr-vs-kp",6,5,cals_compact_explain,SelectiveLookahead,SparseCertified,5862,0,0,20,14,0,24,50,416,4.639083793,true,0
"kr-vs-kp",6,7,unary,Greedy,InformationGain,0,0,0,0,0,0,0,0,0,0.010516743,true,0
"kr-vs-kp",6,7,horn,Greedy,InformationGain,0,0,0,0,0,0,0,0,0,0.0196961,true,0
"kr-vs-kp",6,7,antihorn,Greedy,InformationGain,0,0,0,0,0,0,0,0,0,0.020061416,true,0
"kr-vs-kp",6,7,square2cnf,Greedy,InformationGain,0,0,0,0,0,0,0,0,0,0.131550295,true,0
"kr-vs-kp",6,7,affine,Greedy,InformationGain,0,0,0,0,0,0,0,0,0,0.07388384,true,0
"kr-vs-kp",6,7,smart_certified,Greedy,InformationGain,0,0,0,0,0,0,0,0,0,0.042925863,true,0
"kr-vs-kp",6,7,cals,SparseLookahead,SparseCertified,6784,1157,0,35,0,28,0,56,1597,18.125388128,true,0
"kr-vs-kp",6,7,cals_compact_explain,SelectiveLookahead,SparseCertified,6052,0,0,25,14,0,29,60,488,5.6319362559999995,true,0
"kr-vs-kp",7,5,unary,Greedy,InformationGain,0,0,0,0,0,0,0,0,0,0.008162405,true,0
"kr-vs-kp",7,5,horn,Greedy,InformationGain,0,0,0,0,0,0,0,0,0,0.013822159,true,0
"kr-vs-kp",7,5,antihorn,Greedy,InformationGain,0,0,0,0,0,0,0,0,0,0.014055368,true,0
"kr-vs-kp",7,5,square2cnf,Greedy,InformationGain,0,0,0,0,0,0,0,0,0,0.075756203,true,0
"kr-vs-kp",7,5,affine,Greedy,InformationGain,0,0,0,0,0,0,0,0,0,0.048507592,true,0
"kr-vs-kp",7,5,smart_certified,Greedy,InformationGain,0,0,0,0,0,0,0,0,0,0.034905932,true,0
"kr-vs-kp",7,5,cals,SparseLookahead,SparseCertified,5283,944,0,27,0,20,0,40,1264,12.126857069,true,0
"kr-vs-kp",7,5,cals_compact_explain,SelectiveLookahead,SparseCertified,4643,0,0,14,14,0,20,41,336,3.902851086,true,0
"kr-vs-kp",7,7,unary,Greedy,InformationGain,0,0,0,0,0,0,0,0,0,0.010246261,true,0
"kr-vs-kp",7,7,horn,Greedy,InformationGain,0,0,0,0,0,0,0,0,0,0.02056814,true,0
"kr-vs-kp",7,7,antihorn,Greedy,InformationGain,0,0,0,0,0,0,0,0,0,0.020687515,true,0
"kr-vs-kp",7,7,square2cnf,Greedy,InformationGain,0,0,0,0,0,0,0,0,0,0.137812739,true,0
"kr-vs-kp",7,7,affine,Greedy,InformationGain,0,0,0,0,0,0,0,0,0,0.075393722,true,0
"kr-vs-kp",7,7,smart_certified,Greedy,InformationGain,0,0,0,0,0,0,0,0,0,0.036407752,true,0
"kr-vs-kp",7,7,cals,SparseLookahead,SparseCertified,6088,1179,0,34,0,27,0,54,1609,17.616068408,true,0
"kr-vs-kp",7,7,cals_compact_explain,SelectiveLookahead,SparseCertified,5436,0,0,21,14,0,27,55,446,5.398076039,true,0
"kr-vs-kp",8,5,unary,Greedy,InformationGain,0,0,0,0,0,0,0,0,0,0.008047122,true,0
"kr-vs-kp",8,5,horn,Greedy,InformationGain,0,0,0,0,0,0,0,0,0,0.013953587,true,0
"kr-vs-kp",8,5,antihorn,Greedy,InformationGain,0,0,0,0,0,0,0,0,0,0.013806177,true,0
"kr-vs-kp",8,5,square2cnf,Greedy,InformationGain,0,0,0,0,0,0,0,0,0,0.079936371,true,0
"kr-vs-kp",8,5,affine,Greedy,InformationGain,0,0,0,0,0,0,0,0,0,0.039851449,true,0
"kr-vs-kp",8,5,smart_certified,Greedy,InformationGain,0,0,0,0,0,0,0,0,0,0.031321667,true,0
"kr-vs-kp",8,5,cals,SparseLookahead,SparseCertified,5662,981,0,29,0,22,0,44,1333,13.436051009,true,0
"kr-vs-kp",8,5,cals_compact_explain,SelectiveLookahead,SparseCertified,5109,0,0,18,15,0,21,48,432,3.8691581420000003,true,0
"kr-vs-kp",8,7,unary,Greedy,InformationGain,0,0,0,0,0,0,0,0,0,0.009947576,true,0
"kr-vs-kp",8,7,horn,Greedy,InformationGain,0,0,0,0,0,0,0,0,0,0.019717948,true,0
"kr-vs-kp",8,7,antihorn,Greedy,InformationGain,0,0,0,0,0,0,0,0,0,0.018908812,true,0
"kr-vs-kp",8,7,square2cnf,Greedy,InformationGain,0,0,0,0,0,0,0,0,0,0.128051456,true,0
"kr-vs-kp",8,7,affine,Greedy,InformationGain,0,0,0,0,0,0,0,0,0,0.067963345,true,0
"kr-vs-kp",8,7,smart_certified,Greedy,InformationGain,0,0,0,0,0,0,0,0,0,0.036212668,true,0
"kr-vs-kp",8,7,cals,SparseLookahead,SparseCertified,6582,1267,0,39,0,32,0,64,1771,20.686552195,true,0
"kr-vs-kp",8,7,cals_compact_explain,SelectiveLookahead,SparseCertified,6002,0,0,28,15,0,31,68,584,5.880728764,true,0
"kr-vs-kp",9,5,unary,Greedy,InformationGain,0,0,0,0,0,0,0,0,0,0.008059969,true,0
"kr-vs-kp",9,5,horn,Greedy,InformationGain,0,0,0,0,0,0,0,0,0,0.013099734,true,0
"kr-vs-kp",9,5,antihorn,Greedy,InformationGain,0,0,0,0,0,0,0,0,0,0.013337096,true,0
"kr-vs-kp",9,5,square2cnf,Greedy,InformationGain,0,0,0,0,0,0,0,0,0,0.076816132,true,0
"kr-vs-kp",9,5,affine,Greedy,InformationGain,0,0,0,0,0,0,0,0,0,0.046500452,true,0
"kr-vs-kp",9,5,smart_certified,Greedy,InformationGain,0,0,0,0,0,0,0,0,0,0.032629599,true,0
"kr-vs-kp",9,5,cals,SparseLookahead,SparseCertified,5488,926,0,27,0,20,0,40,1246,12.573212277000001,true,0
"kr-vs-kp",9,5,cals_compact_explain,SelectiveLookahead,SparseCertified,5124,0,0,14,14,0,20,41,336,3.750324049,true,0
"kr-vs-kp",9,7,unary,Greedy,InformationGain,0,0,0,0,0,0,0,0,0,0.00999659,true,0
"kr-vs-kp",9,7,horn,Greedy,InformationGain,0,0,0,0,0,0,0,0,0,0.019069141,true,0
"kr-vs-kp",9,7,antihorn,Greedy,InformationGain,0,0,0,0,0,0,0,0,0,0.018862427,true,0
"kr-vs-kp",9,7,square2cnf,Greedy,InformationGain,0,0,0,0,0,0,0,0,0,0.10521799,true,0
"kr-vs-kp",9,7,affine,Greedy,InformationGain,0,0,0,0,0,0,0,0,0,0.073209353,true,0
"kr-vs-kp",9,7,smart_certified,Greedy,InformationGain,0,0,0,0,0,0,0,0,0,0.040065264,true,0
"kr-vs-kp",9,7,cals,SparseLookahead,SparseCertified,5829,1073,0,32,0,25,0,50,1473,16.521000614000002,true,0
"kr-vs-kp",9,7,cals_compact_explain,SelectiveLookahead,SparseCertified,5465,0,0,19,14,0,25,51,416,4.843965084,true,0
"letter",0,5,unary,Greedy,InformationGain,0,0,0,0,0,0,0,0,0,0.193056746,true,0
"letter",0,5,horn,Greedy,InformationGain,0,0,0,0,0,0,0,0,0,0.260110796,true,0
"letter",0,5,antihorn,Greedy,InformationGain,0,0,0,0,0,0,0,0,0,0.25710595,true,0
"letter",0,5,square2cnf,Greedy,InformationGain,0,0,0,0,0,0,0,0,0,0.91122772,true,0
"letter",0,5,affine,Greedy,InformationGain,0,0,0,0,0,0,0,0,0,0.235246163,true,0
"letter",0,5,smart_certified,Greedy,InformationGain,0,0,0,0,0,0,0,0,0,1.333854989,true,0
"letter",0,5,cals,SparseLookahead,SparseCertified,7389,1316,0,35,0,31,0,56,1716,2.3189477689999998,true,0
"letter",0,5,cals_compact_explain,SelectiveLookahead,SparseCertified,7124,0,0,26,16,0,31,63,512,1.74826085,true,0
"letter",0,7,unary,Greedy,InformationGain,0,0,0,0,0,0,0,0,0,0.238028277,true,0
"letter",0,7,horn,Greedy,InformationGain,0,0,0,0,0,0,0,0,0,0.433960693,true,0
"letter",0,7,antihorn,Greedy,InformationGain,0,0,0,0,0,0,0,0,0,0.376350667,true,0
"letter",0,7,square2cnf,Greedy,InformationGain,0,0,0,0,0,0,0,0,0,1.767178431,true,0
"letter",0,7,affine,Greedy,InformationGain,0,0,0,0,0,0,0,0,0,0.48567951,true,0
"letter",0,7,smart_certified,Greedy,InformationGain,0,0,0,0,0,0,0,0,0,2.083066551,true,0
"letter",0,7,cals,SparseLookahead,SparseCertified,11078,2093,0,57,0,53,0,100,2845,2.599391844,true,0
"letter",0,7,cals_compact_explain,SelectiveLookahead,SparseCertified,10360,0,0,47,16,0,51,105,864,2.094683393,true,0
"letter",1,5,unary,Greedy,InformationGain,0,0,0,0,0,0,0,0,0,0.204675731,true,0
"letter",1,5,horn,Greedy,InformationGain,0,0,0,0,0,0,0,0,0,0.269557364,true,0
"letter",1,5,antihorn,Greedy,InformationGain,0,0,0,0,0,0,0,0,0,0.266766648,true,0
"letter",1,5,square2cnf,Greedy,InformationGain,0,0,0,0,0,0,0,0,0,0.976806335,true,0
"letter",1,5,affine,Greedy,InformationGain,0,0,0,0,0,0,0,0,0,0.262697872,true,0
"letter",1,5,smart_certified,Greedy,InformationGain,0,0,0,0,0,0,0,0,0,1.603175157,true,0
"letter",1,5,cals,SparseLookahead,SparseCertified,7219,1272,0,35,0,31,0,56,1672,2.292998502,true,0
"letter",1,5,cals_compact_explain,SelectiveLookahead,SparseCertified,7421,0,0,26,16,0,33,63,480,1.801223504,true,0
"letter",1,7,unary,Greedy,InformationGain,0,0,0,0,0,0,0,0,0,0.27907923,true,0
"letter",1,7,horn,Greedy,InformationGain,0,0,0,0,0,0,0,0,0,0.414690117,true,0
"letter",1,7,antihorn,Greedy,InformationGain,0,0,0,0,0,0,0,0,0,0.40493716,true,0
"letter",1,7,square2cnf,Greedy,InformationGain,0,0,0,0,0,0,0,0,0,1.9640054120000001,true,0
"letter",1,7,affine,Greedy,InformationGain,0,0,0,0,0,0,0,0,0,0.506596514,true,0
"letter",1,7,smart_certified,Greedy,InformationGain,0,0,0,0,0,0,0,0,0,2.4427702,true,0
"letter",1,7,cals,SparseLookahead,SparseCertified,10465,1924,0,56,0,52,0,98,2660,2.5881744170000003,true,0
"letter",1,7,cals_compact_explain,SelectiveLookahead,SparseCertified,10526,0,0,46,16,0,53,103,800,2.096619414,true,0
"letter",2,5,unary,Greedy,InformationGain,0,0,0,0,0,0,0,0,0,0.176509871,true,0
"letter",2,5,horn,Greedy,InformationGain,0,0,0,0,0,0,0,0,0,0.275764664,true,0
"letter",2,5,antihorn,Greedy,InformationGain,0,0,0,0,0,0,0,0,0,0.278187468,true,0
"letter",2,5,square2cnf,Greedy,InformationGain,0,0,0,0,0,0,0,0,0,1.023445916,true,0
"letter",2,5,affine,Greedy,InformationGain,0,0,0,0,0,0,0,0,0,0.280072216,true,0
"letter",2,5,smart_certified,Greedy,InformationGain,0,0,0,0,0,0,0,0,0,1.308701094,true,0
"letter",2,5,cals,SparseLookahead,SparseCertified,7189,1259,0,33,0,30,0,52,1611,2.3007611359999998,true,0
"letter",2,5,cals_compact_explain,SelectiveLookahead,SparseCertified,6914,0,0,24,16,0,30,59,464,1.7609292589999999,true,0
"letter",2,7,unary,Greedy,InformationGain,0,0,0,0,0,0,0,0,0,0.266825637,true,0
"letter",2,7,horn,Greedy,InformationGain,0,0,0,0,0,0,0,0,0,0.414908573,true,0
"letter",2,7,antihorn,Greedy,InformationGain,0,0,0,0,0,0,0,0,0,0.416787677,true,0
"letter",2,7,square2cnf,Greedy,InformationGain,0,0,0,0,0,0,0,0,0,1.985311205,true,0
"letter",2,7,affine,Greedy,InformationGain,0,0,0,0,0,0,0,0,0,0.568161498,true,0
"letter",2,7,smart_certified,Greedy,InformationGain,0,0,0,0,0,0,0,0,0,2.5542522549999997,true,0
"letter",2,7,cals,SparseLookahead,SparseCertified,10137,1871,0,50,0,47,0,86,2495,2.5282079680000002,true,0
"letter",2,7,cals_compact_explain,SelectiveLookahead,SparseCertified,9829,0,0,41,16,0,47,93,736,2.052259286,true,0
"letter",3,5,unary,Greedy,InformationGain,0,0,0,0,0,0,0,0,0,0.183696326,true,0
"letter",3,5,horn,Greedy,InformationGain,0,0,0,0,0,0,0,0,0,0.271507893,true,0
"letter",3,5,antihorn,Greedy,InformationGain,0,0,0,0,0,0,0,0,0,0.274451339,true,0
"letter",3,5,square2cnf,Greedy,InformationGain,0,0,0,0,0,0,0,0,0,1.002925729,true,0
"letter",3,5,affine,Greedy,InformationGain,0,0,0,0,0,0,0,0,0,0.261927207,true,0
"letter",3,5,smart_certified,Greedy,InformationGain,0,0,0,0,0,0,0,0,0,1.411945216,true,0
"letter",3,5,cals,SparseLookahead,SparseCertified,7387,1304,0,34,0,31,0,54,1672,2.306074395,true,0
"letter",3,5,cals_compact_explain,SelectiveLookahead,SparseCertified,6868,0,0,25,16,0,30,61,496,1.736119842,true,0
"letter",3,7,unary,Greedy,InformationGain,0,0,0,0,0,0,0,0,0,0.26733865,true,0
"letter",3,7,horn,Greedy,InformationGain,0,0,0,0,0,0,0,0,0,0.418123237,true,0
"letter",3,7,antihorn,Greedy,InformationGain,0,0,0,0,0,0,0,0,0,0.417939627,true,0
"letter",3,7,square2cnf,Greedy,InformationGain,0,0,0,0,0,0,0,0,0,2.065927286,true,0
"letter",3,7,affine,Greedy,InformationGain,0,0,0,0,0,0,0,0,0,0.502092136,true,0
"letter",3,7,smart_certified,Greedy,InformationGain,0,0,0,0,0,0,0,0,0,2.439589612,true,0
"letter",3,7,cals,SparseLookahead,SparseCertified,10933,2052,0,54,0,51,0,94,2740,2.575822493,true,0
"letter",3,7,cals_compact_explain,SelectiveLookahead,SparseCertified,10243,0,0,45,16,0,50,101,816,2.0555037599999997,true,0
"letter",4,5,unary,Greedy,InformationGain,0,0,0,0,0,0,0,0,0,0.201130761,true,0
"letter",4,5,horn,Greedy,InformationGain,0,0,0,0,0,0,0,0,0,0.270650107,true,0
"letter",4,5,antihorn,Greedy,InformationGain,0,0,0,0,0,0,0,0,0,0.274505971,true,0
"letter",4,5,square2cnf,Greedy,InformationGain,0,0,0,0,0,0,0,0,0,0.998327532,true,0
"letter",4,5,affine,Greedy,InformationGain,0,0,0,0,0,0,0,0,0,0.266578151,true,0
"letter",4,5,smart_certified,Greedy,InformationGain,0,0,0,0,0,0,0,0,0,1.480521125,true,0
"letter",4,5,cals,SparseLookahead,SparseCertified,7378,1299,0,35,0,31,0,56,1699,2.284554696,true,0
"letter",4,5,cals_compact_explain,SelectiveLookahead,SparseCertified,6972,0,0,26,16,0,30,63,528,1.7528827260000002,true,0
"letter",4,7,unary,Greedy,InformationGain,0,0,0,0,0,0,0,0,0,0.276893476,true,0
"letter",4,7,horn,Greedy,InformationGain,0,0,0,0,0,0,0,0,0,0.404917858,true,0
"letter",4,7,antihorn,Greedy,InformationGain,0,0,0,0,0,0,0,0,0,0.414730113,true,0
"letter",4,7,square2cnf,Greedy,InformationGain,0,0,0,0,0,0,0,0,0,1.952368903,true,0
"letter",4,7,affine,Greedy,InformationGain,0,0,0,0,0,0,0,0,0,0.516084499,true,0
"letter",4,7,smart_certified,Greedy,InformationGain,0,0,0,0,0,0,0,0,0,2.549674016,true,0
"letter",4,7,cals,SparseLookahead,SparseCertified,11011,2074,0,56,0,52,0,98,2810,2.631359583,true,0
"letter",4,7,cals_compact_explain,SelectiveLookahead,SparseCertified,10910,0,0,50,16,0,54,111,912,2.123900644,true,0
"letter",5,5,unary,Greedy,InformationGain,0,0,0,0,0,0,0,0,0,0.16977789,true,0
"letter",5,5,horn,Greedy,InformationGain,0,0,0,0,0,0,0,0,0,0.273762322,true,0
"letter",5,5,antihorn,Greedy,InformationGain,0,0,0,0,0,0,0,0,0,0.281262624,true,0
"letter",5,5,square2cnf,Greedy,InformationGain,0,0,0,0,0,0,0,0,0,1.02657344,true,0
"letter",5,5,affine,Greedy,InformationGain,0,0,0,0,0,0,0,0,0,0.255260959,true,0
"letter",5,5,smart_certified,Greedy,InformationGain,0,0,0,0,0,0,0,0,0,1.143727287,true,0
"letter",5,5,cals,SparseLookahead,SparseCertified,7211,1272,0,34,0,30,0,54,1656,2.30227025,true,0
"letter",5,5,cals_compact_explain,SelectiveLookahead,SparseCertified,6600,0,0,22,19,0,28,61,528,1.7298117279999998,true,0
"letter",5,7,unary,Greedy,InformationGain,0,0,0,0,0,0,0,0,0,0.23598078,true,0
"letter",5,7,horn,Greedy,InformationGain,0,0,0,0,0,0,0,0,0,0.425370104,true,0
"letter",5,7,antihorn,Greedy,InformationGain,0,0,0,0,0,0,0,0,0,0.435447469,true,0
"letter",5,7,square2cnf,Greedy,InformationGain,0,0,0,0,0,0,0,0,0,2.065880225,true,0
"letter",5,7,affine,Greedy,InformationGain,0,0,0,0,0,0,0,0,0,0.416591983,true,0
"letter",5,7,smart_certified,Greedy,InformationGain,0,0,0,0,0,0,0,0,0,1.936295739,true,0
"letter",5,7,cals,SparseLookahead,SparseCertified,11027,2060,0,56,0,52,0,98,2796,2.589826145,true,0
"letter",5,7,cals_compact_explain,SelectiveLookahead,SparseCertified,13228,0,0,48,14,0,65,106,656,2.366073231,true,0
"letter",6,5,unary,Greedy,InformationGain,0,0,0,0,0,0,0,0,0,0.184642243,true,0
"letter",6,5,horn,Greedy,InformationGain,0,0,0,0,0,0,0,0,0,0.272896734,true,0
"letter",6,5,antihorn,Greedy,InformationGain,0,0,0,0,0,0,0,0,0,0.274152208,true,0
"letter",6,5,square2cnf,Greedy,InformationGain,0,0,0,0,0,0,0,0,0,1.032954909,true,0
"letter",6,5,affine,Greedy,InformationGain,0,0,0,0,0,0,0,0,0,0.251506526,true,0
"letter",6,5,smart_certified,Greedy,InformationGain,0,0,0,0,0,0,0,0,0,1.49869548,true,0
"letter",6,5,cals,SparseLookahead,SparseCertified,7171,1284,0,34,0,30,0,54,1668,2.3067242240000003,true,0
"letter",6,5,cals_compact_explain,SelectiveLookahead,SparseCertified,6477,0,0,28,13,0,28,61,528,1.6801377839999998,true,0
"letter",6,7,unary,Greedy,InformationGain,0,0,0,0,0,0,0,0,0,0.262509915,true,0
"letter",6,7,horn,Greedy,InformationGain,0,0,0,0,0,0,0,0,0,0.414881153,true,0
"letter",6,7,antihorn,Greedy,InformationGain,0,0,0,0,0,0,0,0,0,0.416035478,true,0
"letter",6,7,square2cnf,Greedy,InformationGain,0,0,0,0,0,0,0,0,0,2.01751717,true,0
"letter",6,7,affine,Greedy,InformationGain,0,0,0,0,0,0,0,0,0,0.489078355,true,0
"letter",6,7,smart_certified,Greedy,InformationGain,0,0,0,0,0,0,0,0,0,2.435424784,true,0
"letter",6,7,cals,SparseLookahead,SparseCertified,11447,2127,0,58,0,54,0,102,2895,2.6287628219999997,true,0
"letter",6,7,cals_compact_explain,SelectiveLookahead,SparseCertified,11014,0,0,55,13,0,55,115,960,2.092624082,true,0
"letter",7,5,unary,Greedy,InformationGain,0,0,0,0,0,0,0,0,0,0.184966711,true,0
"letter",7,5,horn,Greedy,InformationGain,0,0,0,0,0,0,0,0,0,0.268676737,true,0
"letter",7,5,antihorn,Greedy,InformationGain,0,0,0,0,0,0,0,0,0,0.267607141,true,0
"letter",7,5,square2cnf,Greedy,InformationGain,0,0,0,0,0,0,0,0,0,0.972474754,true,0
"letter",7,5,affine,Greedy,InformationGain,0,0,0,0,0,0,0,0,0,0.26854285,true,0
"letter",7,5,smart_certified,Greedy,InformationGain,0,0,0,0,0,0,0,0,0,1.385349469,true,0
"letter",7,5,cals,SparseLookahead,SparseCertified,7276,1284,0,35,0,31,0,56,1684,2.3194533170000002,true,0
"letter",7,5,cals_compact_explain,SelectiveLookahead,SparseCertified,7438,0,0,26,16,0,33,63,480,1.358571875,true,0
"letter",7,7,unary,Greedy,InformationGain,0,0,0,0,0,0,0,0,0,0.254164716,true,0
"letter",7,7,horn,Greedy,InformationGain,0,0,0,0,0,0,0,0,0,0.416632308,true,0
"letter",7,7,antihorn,Greedy,InformationGain,0,0,0,0,0,0,0,0,0,0.418485467,true,0
"letter",7,7,square2cnf,Greedy,InformationGain,0,0,0,0,0,0,0,0,0,2.093340597,true,0
"letter",7,7,affine,Greedy,InformationGain,0,0,0,0,0,0,0,0,0,0.456365475,true,0
"letter",7,7,smart_certified,Greedy,InformationGain,0,0,0,0,0,0,0,0,0,2.043723397,true,0
"letter",7,7,cals,SparseLookahead,SparseCertified,10256,1889,0,54,0,50,0,94,2593,2.543738973,true,0
"letter",7,7,cals_compact_explain,SelectiveLookahead,SparseCertified,10397,0,0,45,16,0,52,101,784,1.628666229,true,0
"letter",8,5,unary,Greedy,InformationGain,0,0,0,0,0,0,0,0,0,0.188117749,true,0
"letter",8,5,horn,Greedy,InformationGain,0,0,0,0,0,0,0,0,0,0.264874548,true,0
"letter",8,5,antihorn,Greedy,InformationGain,0,0,0,0,0,0,0,0,0,0.262385549,true,0
"letter",8,5,square2cnf,Greedy,InformationGain,0,0,0,0,0,0,0,0,0,0.934862476,true,0
"letter",8,5,affine,Greedy,InformationGain,0,0,0,0,0,0,0,0,0,0.216776728,true,0
"letter",8,5,smart_certified,Greedy,InformationGain,0,0,0,0,0,0,0,0,0,1.447588771,true,0
"letter",8,5,cals,SparseLookahead,SparseCertified,7364,1293,0,34,0,31,0,54,1661,2.3414630460000003,true,0
"letter",8,5,cals_compact_explain,SelectiveLookahead,SparseCertified,6292,0,0,25,16,0,27,61,544,1.696277268,true,0
"letter",8,7,unary,Greedy,InformationGain,0,0,0,0,0,0,0,0,0,0.258019325,true,0
"letter",8,7,horn,Greedy,InformationGain,0,0,0,0,0,0,0,0,0,0.391423037,true,0
"letter",8,7,antihorn,Greedy,InformationGain,0,0,0,0,0,0,0,0,0,0.40691233,true,0
"letter",8,7,square2cnf,Greedy,InformationGain,0,0,0,0,0,0,0,0,0,1.886239025,true,0
"letter",8,7,affine,Greedy,InformationGain,0,0,0,0,0,0,0,0,0,0.410926281,true,0
"letter",8,7,smart_certified,Greedy,InformationGain,0,0,0,0,0,0,0,0,0,2.482441604,true,0
"letter",8,7,cals,SparseLookahead,SparseCertified,10643,2007,0,55,0,52,0,96,2711,2.6257419480000004,true,0
"letter",8,7,cals_compact_explain,SelectiveLookahead,SparseCertified,9681,0,0,47,16,0,49,105,896,2.062519452,true,0
"letter",9,5,unary,Greedy,InformationGain,0,0,0,0,0,0,0,0,0,0.185122247,true,0
"letter",9,5,horn,Greedy,InformationGain,0,0,0,0,0,0,0,0,0,0.242378721,true,0
"letter",9,5,antihorn,Greedy,InformationGain,0,0,0,0,0,0,0,0,0,0.248659896,true,0
"letter",9,5,square2cnf,Greedy,InformationGain,0,0,0,0,0,0,0,0,0,1.010667399,true,0
"letter",9,5,affine,Greedy,InformationGain,0,0,0,0,0,0,0,0,0,0.302209138,true,0
"letter",9,5,smart_certified,Greedy,InformationGain,0,0,0,0,0,0,0,0,0,1.656807575,true,0
"letter",9,5,cals,SparseLookahead,SparseCertified,6699,1176,0,31,0,28,0,48,1496,2.483210102,true,0
"letter",9,5,cals_compact_explain,SelectiveLookahead,SparseCertified,6055,0,0,21,15,0,26,54,448,1.7852575110000002,true,0
"letter",9,7,unary,Greedy,InformationGain,0,0,0,0,0,0,0,0,0,0.259500062,true,0
"letter",9,7,horn,Greedy,InformationGain,0,0,0,0,0,0,0,0,0,0.408167499,true,0
"letter",9,7,antihorn,Greedy,InformationGain,0,0,0,0,0,0,0,0,0,0.384592919,true,0
"letter",9,7,square2cnf,Greedy,InformationGain,0,0,0,0,0,0,0,0,0,1.916334763,true,0
"letter",9,7,affine,Greedy,InformationGain,0,0,0,0,0,0,0,0,0,0.516015991,true,0
"letter",9,7,smart_certified,Greedy,InformationGain,0,0,0,0,0,0,0,0,0,2.506377515,true,0
"letter",9,7,cals,SparseLookahead,SparseCertified,9877,1847,0,50,0,47,0,86,2471,2.5379829910000002,true,0
"letter",9,7,cals_compact_explain,SelectiveLookahead,SparseCertified,9635,0,0,42,15,0,47,96,784,2.009161438,true,0
"letter_recognition-bin",0,5,unary,Greedy,InformationGain,0,0,0,0,0,0,0,0,0,0.27229445,true,0
"letter_recognition-bin",0,5,horn,Greedy,InformationGain,0,0,0,0,0,0,0,0,0,0.321545702,true,0
"letter_recognition-bin",0,5,antihorn,Greedy,InformationGain,0,0,0,0,0,0,0,0,0,0.304624315,true,0
"letter_recognition-bin",0,5,square2cnf,Greedy,InformationGain,0,0,0,0,0,0,0,0,0,1.113148219,true,0
"letter_recognition-bin",0,5,affine,Greedy,InformationGain,0,0,0,0,0,0,0,0,0,0.419348925,true,0
"letter_recognition-bin",0,5,smart_certified,Greedy,InformationGain,0,0,0,0,0,0,0,0,0,2.270857578,true,0
"letter_recognition-bin",0,5,cals,SparseLookahead,SparseCertified,65163,1145,0,32,0,25,0,50,1545,25.808713369,true,0
"letter_recognition-bin",0,5,cals_compact_explain,SelectiveLookahead,SparseCertified,51759,0,0,23,16,0,33,57,384,16.673591439,true,0
"letter_recognition-bin",0,7,unary,Greedy,InformationGain,0,0,0,0,0,0,0,0,0,0.327943313,true,0
"letter_recognition-bin",0,7,horn,Greedy,InformationGain,0,0,0,0,0,0,0,0,0,0.38763275,true,0
"letter_recognition-bin",0,7,antihorn,Greedy,InformationGain,0,0,0,0,0,0,0,0,0,0.360283022,true,0
"letter_recognition-bin",0,7,square2cnf,Greedy,InformationGain,0,0,0,0,0,0,0,0,0,1.624108996,true,0
"letter_recognition-bin",0,7,affine,Greedy,InformationGain,0,0,0,0,0,0,0,0,0,0.761154702,true,0
"letter_recognition-bin",0,7,smart_certified,Greedy,InformationGain,0,0,0,0,0,0,0,0,0,3.054214359,true,0
"letter_recognition-bin",0,7,cals,SparseLookahead,SparseCertified,95932,1574,0,41,0,34,0,68,2118,37.246101905,true,0
"letter_recognition-bin",0,7,cals_compact_explain,SelectiveLookahead,SparseCertified,68331,0,0,32,16,0,42,75,528,20.826517525,true,0
"letter_recognition-bin",1,5,unary,Greedy,InformationGain,0,0,0,0,0,0,0,0,0,0.261982555,true,0
"letter_recognition-bin",1,5,horn,Greedy,InformationGain,0,0,0,0,0,0,0,0,0,0.316255742,true,0
"letter_recognition-bin",1,5,antihorn,Greedy,InformationGain,0,0,0,0,0,0,0,0,0,0.307190956,true,0
"letter_recognition-bin",1,5,square2cnf,Greedy,InformationGain,0,0,0,0,0,0,0,0,0,0.956945882,true,0
"letter_recognition-bin",1,5,affine,Greedy,InformationGain,0,0,0,0,0,0,0,0,0,0.427999668,true,0
"letter_recognition-bin",1,5,smart_certified,Greedy,InformationGain,0,0,0,0,0,0,0,0,0,2.275544137,true,0
"letter_recognition-bin",1,5,cals,SparseLookahead,SparseCertified,55875,1125,0,31,0,25,0,48,1493,25.195962947,true,0
"letter_recognition-bin",1,5,cals_compact_explain,SelectiveLookahead,SparseCertified,44218,0,0,23,19,0,33,60,432,16.202429294,true,0
"letter_recognition-bin",1,7,unary,Greedy,InformationGain,0,0,0,0,0,0,0,0,0,0.32944187,true,0
"letter_recognition-bin",1,7,horn,Greedy,InformationGain,0,0,0,0,0,0,0,0,0,0.415646331,true,0
"letter_recognition-bin",1,7,antihorn,Greedy,InformationGain,0,0,0,0,0,0,0,0,0,0.371645104,true,0
"letter_recognition-bin",1,7,square2cnf,Greedy,InformationGain,0,0,0,0,0,0,0,0,0,1.514498738,true,0
"letter_recognition-bin",1,7,affine,Greedy,InformationGain,0,0,0,0,0,0,0,0,0,0.759446998,true,0
"letter_recognition-bin",1,7,smart_certified,Greedy,InformationGain,0,0,0,0,0,0,0,0,0,3.298791207,true,0
"letter_recognition-bin",1,7,cals,SparseLookahead,SparseCertified,71285,1441,0,38,0,32,0,62,1921,34.923497486,true,0
"letter_recognition-bin",1,7,cals_compact_explain,SelectiveLookahead,SparseCertified,49138,0,0,28,16,0,36,67,496,18.229859176999998,true,0
"letter_recognition-bin",2,5,unary,Greedy,InformationGain,0,0,0,0,0,0,0,0,0,0.269748541,true,0
"letter_recognition-bin",2,5,horn,Greedy,InformationGain,0,0,0,0,0,0,0,0,0,0.28455052,true,0
"letter_recognition-bin",2,5,antihorn,Greedy,InformationGain,0,0,0,0,0,0,0,0,0,0.274917576,true,0
"letter_recognition-bin",2,5,square2cnf,Greedy,InformationGain,0,0,0,0,0,0,0,0,0,0.859140649,true,0
"letter_recognition-bin",2,5,affine,Greedy,InformationGain,0,0,0,0,0,0,0,0,0,0.389190191,true,0
"letter_recognition-bin",2,5,smart_certified,Greedy,InformationGain,0,0,0,0,0,0,0,0,0,2.207961412,true,0
"letter_recognition-bin",2,5,cals,SparseLookahead,SparseCertified,98866,1536,0,41,0,33,0,61,1984,35.590172199,true,0
"letter_recognition-bin",2,5,cals_compact_explain,SelectiveLookahead,SparseCertified,55344,0,0,25,16,0,33,61,448,17.486886537,true,0
"letter_recognition-bin",2,7,unary,Greedy,InformationGain,0,0,0,0,0,0,0,0,0,0.318060809,true,0
"letter_recognition-bin",2,7,horn,Greedy,InformationGain,0,0,0,0,0,0,0,0,0,0.371729227,true,0
"letter_recognition-bin",2,7,antihorn,Greedy,InformationGain,0,0,0,0,0,0,0,0,0,0.344522717,true,0
"letter_recognition-bin",2,7,square2cnf,Greedy,InformationGain,0,0,0,0,0,0,0,0,0,1.240303026,true,0
"letter_recognition-bin",2,7,affine,Greedy,InformationGain,0,0,0,0,0,0,0,0,0,0.706746438,true,0
"letter_recognition-bin",2,7,smart_certified,Greedy,InformationGain,0,0,0,0,0,0,0,0,0,3.389758674,true,0
"letter_recognition-bin",2,7,cals,SparseLookahead,SparseCertified,135348,1978,0,52,0,44,0,83,2602,50.712310035,true,0
"letter_recognition-bin",2,7,cals_compact_explain,SelectiveLookahead,SparseCertified,73999,0,0,36,16,0,43,83,640,23.084603856,true,0
"letter_recognition-bin",3,5,unary,Greedy,InformationGain,0,0,0,0,0,0,0,0,0,0.271386174,true,0
"letter_recognition-bin",3,5,horn,Greedy,InformationGain,0,0,0,0,0,0,0,0,0,0.318180395,true,0
"letter_recognition-bin",3,5,antihorn,Greedy,InformationGain,0,0,0,0,0,0,0,0,0,0.318386075,true,0
"letter_recognition-bin",3,5,square2cnf,Greedy,InformationGain,0,0,0,0,0,0,0,0,0,1.107433548,true,0
"letter_recognition-bin",3,5,affine,Greedy,InformationGain,0,0,0,0,0,0,0,0,0,0.395689499,true,0
"letter_recognition-bin",3,5,smart_certified,Greedy,InformationGain,0,0,0,0,0,0,0,0,0,2.263693605,true,0
"letter_recognition-bin",3,5,cals,SparseLookahead,SparseCertified,92651,1493,0,40,0,32,0,59,1925,34.586028703,true,0
"letter_recognition-bin",3,5,cals_compact_explain,SelectiveLookahead,SparseCertified,53719,0,0,24,16,0,35,59,384,17.188477357,true,0
"letter_recognition-bin",3,7,unary,Greedy,InformationGain,0,0,0,0,0,0,0,0,0,0.33026302,true,0
"letter_recognition-bin",3,7,horn,Greedy,InformationGain,0,0,0,0,0,0,0,0,0,0.428781738,true,0
"letter_recognition-bin",3,7,antihorn,Greedy,InformationGain,0,0,0,0,0,0,0,0,0,0.419589348,true,0
"letter_recognition-bin",3,7,square2cnf,Greedy,InformationGain,0,0,0,0,0,0,0,0,0,1.792272556,true,0
"letter_recognition-bin",3,7,affine,Greedy,InformationGain,0,0,0,0,0,0,0,0,0,0.651921169,true,0
"letter_recognition-bin",3,7,smart_certified,Greedy,InformationGain,0,0,0,0,0,0,0,0,0,3.094217453,true,0
"letter_recognition-bin",3,7,cals,SparseLookahead,SparseCertified,121896,1944,0,50,0,42,0,79,2536,48.840481112999996,true,0
"letter_recognition-bin",3,7,cals_compact_explain,SelectiveLookahead,SparseCertified,68246,0,0,34,16,0,44,79,560,21.922784765,true,0
"letter_recognition-bin",4,5,unary,Greedy,InformationGain,0,0,0,0,0,0,0,0,0,0.276882228,true,0
"letter_recognition-bin",4,5,horn,Greedy,InformationGain,0,0,0,0,0,0,0,0,0,0.318562966,true,0
"letter_recognition-bin",4,5,antihorn,Greedy,InformationGain,0,0,0,0,0,0,0,0,0,0.310507494,true,0
"letter_recognition-bin",4,5,square2cnf,Greedy,InformationGain,0,0,0,0,0,0,0,0,0,0.950395715,true,0
"letter_recognition-bin",4,5,affine,Greedy,InformationGain,0,0,0,0,0,0,0,0,0,0.391666118,true,0
"letter_recognition-bin",4,5,smart_certified,Greedy,InformationGain,0,0,0,0,0,0,0,0,0,2.46627123,true,0
"letter_recognition-bin",4,5,cals,SparseLookahead,SparseCertified,57832,1099,0,32,0,25,0,50,1499,25.710029952000003,true,0
"letter_recognition-bin",4,5,cals_compact_explain,SelectiveLookahead,SparseCertified,46906,0,0,20,19,0,31,57,416,15.749805349999999,true,0
"letter_recognition-bin",4,7,unary,Greedy,InformationGain,0,0,0,0,0,0,0,0,0,0.340619237,true,0
"letter_recognition-bin",4,7,horn,Greedy,InformationGain,0,0,0,0,0,0,0,0,0,0.384028327,true,0
"letter_recognition-bin",4,7,antihorn,Greedy,InformationGain,0,0,0,0,0,0,0,0,0,0.367470852,true,0
"letter_recognition-bin",4,7,square2cnf,Greedy,InformationGain,0,0,0,0,0,0,0,0,0,1.470863467,true,0
"letter_recognition-bin",4,7,affine,Greedy,InformationGain,0,0,0,0,0,0,0,0,0,0.825700616,true,0
"letter_recognition-bin",4,7,smart_certified,Greedy,InformationGain,0,0,0,0,0,0,0,0,0,3.726815879,true,0
"letter_recognition-bin",4,7,cals,SparseLookahead,SparseCertified,83140,1519,0,41,0,34,0,68,2063,36.900819474,true,0
"letter_recognition-bin",4,7,cals_compact_explain,SelectiveLookahead,SparseCertified,60912,0,0,32,16,0,39,75,576,19.881551434,true,0
"letter_recognition-bin",5,5,unary,Greedy,InformationGain,0,0,0,0,0,0,0,0,0,0.27638939,true,0
"letter_recognition-bin",5,5,horn,Greedy,InformationGain,0,0,0,0,0,0,0,0,0,0.31891225,true,0
"letter_recognition-bin",5,5,antihorn,Greedy,InformationGain,0,0,0,0,0,0,0,0,0,0.295819309,true,0
"letter_recognition-bin",5,5,square2cnf,Greedy,InformationGain,0,0,0,0,0,0,0,0,0,1.106202931,true,0
"letter_recognition-bin",5,5,affine,Greedy,InformationGain,0,0,0,0,0,0,0,0,0,0.429180492,true,0
"letter_recognition-bin",5,5,smart_certified,Greedy,InformationGain,0,0,0,0,0,0,0,0,0,2.270773246,true,0
"letter_recognition-bin",5,5,cals,SparseLookahead,SparseCertified,102101,1541,0,41,0,33,0,61,1989,37.526328403,true,0
"letter_recognition-bin",5,5,cals_compact_explain,SelectiveLookahead,SparseCertified,68780,0,0,25,16,0,37,61,384,17.910769954,true,0
"letter_recognition-bin",5,7,unary,Greedy,InformationGain,0,0,0,0,0,0,0,0,0,0.340171933,true,0
"letter_recognition-bin",5,7,horn,Greedy,InformationGain,0,0,0,0,0,0,0,0,0,0.402909007,true,0
"letter_recognition-bin",5,7,antihorn,Greedy,InformationGain,0,0,0,0,0,0,0,0,0,0.361815336,true,0
"letter_recognition-bin",5,7,square2cnf,Greedy,InformationGain,0,0,0,0,0,0,0,0,0,1.608887491,true,0
"letter_recognition-bin",5,7,affine,Greedy,InformationGain,0,0,0,0,0,0,0,0,0,0.668724596,true,0
"letter_recognition-bin",5,7,smart_certified,Greedy,InformationGain,0,0,0,0,0,0,0,0,0,3.292432949,true,0
"letter_recognition-bin",5,7,cals,SparseLookahead,SparseCertified,135783,2056,0,53,0,45,0,85,2696,54.180635058,true,0
"letter_recognition-bin",5,7,cals_compact_explain,SelectiveLookahead,SparseCertified,84546,0,0,34,16,0,45,79,544,22.704845635999998,true,0
"letter_recognition-bin",6,5,unary,Greedy,InformationGain,0,0,0,0,0,0,0,0,0,0.278627085,true,0
"letter_recognition-bin",6,5,horn,Greedy,InformationGain,0,0,0,0,0,0,0,0,0,0.312866121,true,0
"letter_recognition-bin",6,5,antihorn,Greedy,InformationGain,0,0,0,0,0,0,0,0,0,0.306484227,true,0
"letter_recognition-bin",6,5,square2cnf,Greedy,InformationGain,0,0,0,0,0,0,0,0,0,1.074711315,true,0
"letter_recognition-bin",6,5,affine,Greedy,InformationGain,0,0,0,0,0,0,0,0,0,0.36327947,true,0
"letter_recognition-bin",6,5,smart_certified,Greedy,InformationGain,0,0,0,0,0,0,0,0,0,2.4478302100000002,true,0
"letter_recognition-bin",6,5,cals,SparseLookahead,SparseCertified,97384,1554,0,42,0,34,0,63,2018,37.00059504,true,0
"letter_recognition-bin",6,5,cals_compact_explain,SelectiveLookahead,SparseCertified,54389,0,0,26,16,0,33,63,480,17.654821616,true,0
"letter_recognition-bin",6,7,unary,Greedy,InformationGain,0,0,0,0,0,0,0,0,0,0.347391722,true,0
"letter_recognition-bin",6,7,horn,Greedy,InformationGain,0,0,0,0,0,0,0,0,0,0.422206098,true,0
"letter_recognition-bin",6,7,antihorn,Greedy,InformationGain,0,0,0,0,0,0,0,0,0,0.37305005,true,0
"letter_recognition-bin",6,7,square2cnf,Greedy,InformationGain,0,0,0,0,0,0,0,0,0,1.55334902,true,0
"letter_recognition-bin",6,7,affine,Greedy,InformationGain,0,0,0,0,0,0,0,0,0,0.725973433,true,0
"letter_recognition-bin",6,7,smart_certified,Greedy,InformationGain,0,0,0,0,0,0,0,0,0,3.260594251,true,0
"letter_recognition-bin",6,7,cals,SparseLookahead,SparseCertified,123852,1970,0,51,0,43,0,81,2578,49.488765985,true,0
"letter_recognition-bin",6,7,cals_compact_explain,SelectiveLookahead,SparseCertified,70195,0,0,35,16,0,41,81,640,21.881920162,true,0
"letter_recognition-bin",7,5,unary,Greedy,InformationGain,0,0,0,0,0,0,0,0,0,0.277055243,true,0
"letter_recognition-bin",7,5,horn,Greedy,InformationGain,0,0,0,0,0,0,0,0,0,0.298913736,true,0
"letter_recognition-bin",7,5,antihorn,Greedy,InformationGain,0,0,0,0,0,0,0,0,0,0.286760467,true,0
"letter_recognition-bin",7,5,square2cnf,Greedy,InformationGain,0,0,0,0,0,0,0,0,0,1.033102587,true,0
"letter_recognition-bin",7,5,affine,Greedy,InformationGain,0,0,0,0,0,0,0,0,0,0.335836316,true,0
"letter_recognition-bin",7,5,smart_certified,Greedy,InformationGain,0,0,0,0,0,0,0,0,0,2.321414452,true,0
"letter_recognition-bin",7,5,cals,SparseLookahead,SparseCertified,69209,1288,0,34,0,28,0,54,1704,29.668030679,true,0
"letter_recognition-bin",7,5,cals_compact_explain,SelectiveLookahead,SparseCertified,60708,0,0,25,16,0,36,61,400,18.282726734,true,0
"letter_recognition-bin",7,7,unary,Greedy,InformationGain,0,0,0,0,0,0,0,0,0,0.345771473,true,0
"letter_recognition-bin",7,7,horn,Greedy,InformationGain,0,0,0,0,0,0,0,0,0,0.417413919,true,0
"letter_recognition-bin",7,7,antihorn,Greedy,InformationGain,0,0,0,0,0,0,0,0,0,0.361419783,true,0
"letter_recognition-bin",7,7,square2cnf,Greedy,InformationGain,0,0,0,0,0,0,0,0,0,1.5188749700000002,true,0
"letter_recognition-bin",7,7,affine,Greedy,InformationGain,0,0,0,0,0,0,0,0,0,0.681908108,true,0
"letter_recognition-bin",7,7,smart_certified,Greedy,InformationGain,0,0,0,0,0,0,0,0,0,3.218266281,true,0
"letter_recognition-bin",7,7,cals,SparseLookahead,SparseCertified,96507,1721,0,44,0,38,0,74,2297,44.092523809,true,0
"letter_recognition-bin",7,7,cals_compact_explain,SelectiveLookahead,SparseCertified,70897,0,0,34,16,0,45,79,544,23.029822784999997,true,0
"letter_recognition-bin",8,5,unary,Greedy,InformationGain,0,0,0,0,0,0,0,0,0,0.273587662,true,0
"letter_recognition-bin",8,5,horn,Greedy,InformationGain,0,0,0,0,0,0,0,0,0,0.316743531,true,0
"letter_recognition-bin",8,5,antihorn,Greedy,InformationGain,0,0,0,0,0,0,0,0,0,0.317308832,true,0
"letter_recognition-bin",8,5,square2cnf,Greedy,InformationGain,0,0,0,0,0,0,0,0,0,1.121742385,true,0
"letter_recognition-bin",8,5,affine,Greedy,InformationGain,0,0,0,0,0,0,0,0,0,0.410893951,true,0
"letter_recognition-bin",8,5,smart_certified,Greedy,InformationGain,0,0,0,0,0,0,0,0,0,2.236947144,true,0
"letter_recognition-bin",8,5,cals,SparseLookahead,SparseCertified,84231,1415,0,39,0,31,0,57,1829,34.28464019,true,0
"letter_recognition-bin",8,5,cals_compact_explain,SelectiveLookahead,SparseCertified,43701,0,0,21,18,0,28,57,462,14.546890968,true,0
"letter_recognition-bin",8,7,unary,Greedy,InformationGain,0,0,0,0,0,0,0,0,0,0.340357973,true,0
"letter_recognition-bin",8,7,horn,Greedy,InformationGain,0,0,0,0,0,0,0,0,0,0.40725403,true,0
"letter_recognition-bin",8,7,antihorn,Greedy,InformationGain,0,0,0,0,0,0,0,0,0,0.57715123,true,0
"letter_recognition-bin",8,7,square2cnf,Greedy,InformationGain,0,0,0,0,0,0,0,0,0,1.5288852419999999,true,0
"letter_recognition-bin",8,7,affine,Greedy,InformationGain,0,0,0,0,0,0,0,0,0,0.807597691,true,0
"letter_recognition-bin",8,7,smart_certified,Greedy,InformationGain,0,0,0,0,0,0,0,0,0,3.441112831,true,0
"letter_recognition-bin",8,7,cals,SparseLookahead,SparseCertified,105697,1841,0,49,0,41,0,77,2415,48.009853698,true,0
"letter_recognition-bin",8,7,cals_compact_explain,SelectiveLookahead,SparseCertified,57064,0,0,31,18,0,38,77,622,19.913004075,true,0
"letter_recognition-bin",9,5,unary,Greedy,InformationGain,0,0,0,0,0,0,0,0,0,0.251633157,true,0
"letter_recognition-bin",9,5,horn,Greedy,InformationGain,0,0,0,0,0,0,0,0,0,0.315460463,true,0
"letter_recognition-bin",9,5,antihorn,Greedy,InformationGain,0,0,0,0,0,0,0,0,0,0.336376361,true,0
"letter_recognition-bin",9,5,square2cnf,Greedy,InformationGain,0,0,0,0,0,0,0,0,0,0.977676575,true,0
"letter_recognition-bin",9,5,affine,Greedy,InformationGain,0,0,0,0,0,0,0,0,0,0.476439331,true,0
"letter_recognition-bin",9,5,smart_certified,Greedy,InformationGain,0,0,0,0,0,0,0,0,0,1.921698573,true,0
"letter_recognition-bin",9,5,cals,SparseLookahead,SparseCertified,64201,1198,0,34,0,27,0,54,1628,28.8689778,true,0
"letter_recognition-bin",9,5,cals_compact_explain,SelectiveLookahead,SparseCertified,54107,0,0,25,16,0,36,61,398,17.517193428,true,0
"letter_recognition-bin",9,7,unary,Greedy,InformationGain,0,0,0,0,0,0,0,0,0,0.30632547,true,0
"letter_recognition-bin",9,7,horn,Greedy,InformationGain,0,0,0,0,0,0,0,0,0,0.389499233,true,0
"letter_recognition-bin",9,7,antihorn,Greedy,InformationGain,0,0,0,0,0,0,0,0,0,0.402737575,true,0
"letter_recognition-bin",9,7,square2cnf,Greedy,InformationGain,0,0,0,0,0,0,0,0,0,1.424505642,true,0
"letter_recognition-bin",9,7,affine,Greedy,InformationGain,0,0,0,0,0,0,0,0,0,0.756391241,true,0
"letter_recognition-bin",9,7,smart_certified,Greedy,InformationGain,0,0,0,0,0,0,0,0,0,2.7633437819999997,true,0
"letter_recognition-bin",9,7,cals,SparseLookahead,SparseCertified,90777,1669,0,44,0,37,0,74,2259,43.171036397,true,0
"letter_recognition-bin",9,7,cals_compact_explain,SelectiveLookahead,SparseCertified,68331,0,0,36,16,0,44,83,622,23.029580694,true,0
"lymph",0,5,unary,Greedy,InformationGain,0,0,0,0,0,0,0,0,0,0.005383475,true,0
"lymph",0,5,horn,Greedy,InformationGain,0,0,0,0,0,0,0,0,0,0.001967027,true,0
"lymph",0,5,antihorn,Greedy,InformationGain,0,0,0,0,0,0,0,0,0,0.002243914,true,0
"lymph",0,5,square2cnf,Greedy,InformationGain,0,0,0,0,0,0,0,0,0,0.009981706,true,0
"lymph",0,5,affine,Greedy,InformationGain,0,0,0,0,0,0,0,0,0,0.008442055,true,0
"lymph",0,5,smart_certified,Greedy,InformationGain,0,0,0,0,0,0,0,0,0,0.018375036,true,0
"lymph",0,5,cals,SparseLookahead,SparseCertified,5891,620,0,27,0,14,0,33,924,6.473935631,true,0
"lymph",0,5,cals_compact_explain,SelectiveLookahead,SparseCertified,1610,0,0,10,2,0,9,18,144,0.034416797,true,0
"lymph",0,7,unary,Greedy,InformationGain,0,0,0,0,0,0,0,0,0,0.001953308,true,0
"lymph",0,7,horn,Greedy,InformationGain,0,0,0,0,0,0,0,0,0,0.002329054,true,0
"lymph",0,7,antihorn,Greedy,InformationGain,0,0,0,0,0,0,0,0,0,0.002159124,true,0
"lymph",0,7,square2cnf,Greedy,InformationGain,0,0,0,0,0,0,0,0,0,0.011079106,true,0
"lymph",0,7,affine,Greedy,InformationGain,0,0,0,0,0,0,0,0,0,0.008725853,true,0
"lymph",0,7,smart_certified,Greedy,InformationGain,0,0,0,0,0,0,0,0,0,0.017981865,true,0
"lymph",0,7,cals,SparseLookahead,SparseCertified,5891,620,0,27,0,14,0,33,924,6.441778213999999,true,0
"lymph",0,7,cals_compact_explain,SelectiveLookahead,SparseCertified,1662,0,0,11,2,0,10,20,160,0.034788611000000004,true,0
"lymph",1,5,unary,Greedy,InformationGain,0,0,0,0,0,0,0,0,0,0.001643423,true,0
"lymph",1,5,horn,Greedy,InformationGain,0,0,0,0,0,0,0,0,0,0.001829138,true,0
"lymph",1,5,antihorn,Greedy,InformationGain,0,0,0,0,0,0,0,0,0,0.001860248,true,0
"lymph",1,5,square2cnf,Greedy,InformationGain,0,0,0,0,0,0,0,0,0,0.011296767,true,0
"lymph",1,5,affine,Greedy,InformationGain,0,0,0,0,0,0,0,0,0,0.009073285,true,0
"lymph",1,5,smart_certified,Greedy,InformationGain,0,0,0,0,0,0,0,0,0,0.004965125,true,0
"lymph",1,5,cals,SparseLookahead,SparseCertified,4361,664,0,20,0,15,0,26,840,6.144635415,true,0
"lymph",1,5,cals_compact_explain,SelectiveLookahead,SparseCertified,1765,0,0,5,10,0,7,21,224,0.786682425,true,0
"lymph",1,7,unary,Greedy,InformationGain,0,0,0,0,0,0,0,0,0,0.001690965,true,0
"lymph",1,7,horn,Greedy,InformationGain,0,0,0,0,0,0,0,0,0,0.001926684,true,0
"lymph",1,7,antihorn,Greedy,InformationGain,0,0,0,0,0,0,0,0,0,0.001921803,true,0
"lymph",1,7,square2cnf,Greedy,InformationGain,0,0,0,0,0,0,0,0,0,0.013349488,true,0
"lymph",1,7,affine,Greedy,InformationGain,0,0,0,0,0,0,0,0,0,0.009196903,true,0
"lymph",1,7,smart_certified,Greedy,InformationGain,0,0,0,0,0,0,0,0,0,0.004902923,true,0
"lymph",1,7,cals,SparseLookahead,SparseCertified,4361,664,0,20,0,15,0,26,840,6.1818104709999995,true,0
"lymph",1,7,cals_compact_explain,SelectiveLookahead,SparseCertified,1765,0,0,5,10,0,7,21,224,0.801032167,true,0
"lymph",2,5,unary,Greedy,InformationGain,0,0,0,0,0,0,0,0,0,0.001434179,true,0
"lymph",2,5,horn,Greedy,InformationGain,0,0,0,0,0,0,0,0,0,0.002070151,true,0
"lymph",2,5,antihorn,Greedy,InformationGain,0,0,0,0,0,0,0,0,0,0.001779402,true,0
"lymph",2,5,square2cnf,Greedy,InformationGain,0,0,0,0,0,0,0,0,0,0.010771167,true,0
"lymph",2,5,affine,Greedy,InformationGain,0,0,0,0,0,0,0,0,0,0.008034595,true,0
"lymph",2,5,smart_certified,Greedy,InformationGain,0,0,0,0,0,0,0,0,0,0.013304496,true,0
"lymph",2,5,cals,SparseLookahead,SparseCertified,5256,840,0,23,0,21,0,32,1014,0.650578959,true,0
"lymph",2,5,cals_compact_explain,SelectiveLookahead,SparseCertified,2106,0,0,15,9,0,16,33,270,0.345362819,true,0
"lymph",2,7,unary,Greedy,InformationGain,0,0,0,0,0,0,0,0,0,0.00157849,true,0
"lymph",2,7,horn,Greedy,InformationGain,0,0,0,0,0,0,0,0,0,0.002220316,true,0
"lymph",2,7,antihorn,Greedy,InformationGain,0,0,0,0,0,0,0,0,0,0.001840653,true,0
"lymph",2,7,square2cnf,Greedy,InformationGain,0,0,0,0,0,0,0,0,0,0.010650538,true,0
"lymph",2,7,affine,Greedy,InformationGain,0,0,0,0,0,0,0,0,0,0.008601204,true,0
"lymph",2,7,smart_certified,Greedy,InformationGain,0,0,0,0,0,0,0,0,0,0.014022009,true,0
"lymph",2,7,cals,SparseLookahead,SparseCertified,5256,840,0,23,0,21,0,32,1014,0.649326629,true,0
"lymph",2,7,cals_compact_explain,SelectiveLookahead,SparseCertified,2106,0,0,15,9,0,16,33,270,0.370386799,true,0
"lymph",3,5,unary,Greedy,InformationGain,0,0,0,0,0,0,0,0,0,0.001594926,true,0
"lymph",3,5,horn,Greedy,InformationGain,0,0,0,0,0,0,0,0,0,0.002166504,true,0
"lymph",3,5,antihorn,Greedy,InformationGain,0,0,0,0,0,0,0,0,0,0.002147019,true,0
"lymph",3,5,square2cnf,Greedy,InformationGain,0,0,0,0,0,0,0,0,0,0.012524729,true,0
"lymph",3,5,affine,Greedy,InformationGain,0,0,0,0,0,0,0,0,0,0.006655019,true,0
"lymph",3,5,smart_certified,Greedy,InformationGain,0,0,0,0,0,0,0,0,0,0.0092841,true,0
"lymph",3,5,cals,SparseLookahead,SparseCertified,2319,639,0,20,0,14,0,26,831,0.15750070200000002,true,0
"lymph",3,5,cals_compact_explain,SelectiveLookahead,SparseCertified,1338,0,0,9,6,0,12,21,144,0.029124036,true,0
"lymph",3,7,unary,Greedy,InformationGain,0,0,0,0,0,0,0,0,0,0.001757654,true,0
"lymph",3,7,horn,Greedy,InformationGain,0,0,0,0,0,0,0,0,0,0.0020131,true,0
"lymph",3,7,antihorn,Greedy,InformationGain,0,0,0,0,0,0,0,0,0,0.002007916,true,0
"lymph",3,7,square2cnf,Greedy,InformationGain,0,0,0,0,0,0,0,0,0,0.0123762,true,0
"lymph",3,7,affine,Greedy,InformationGain,0,0,0,0,0,0,0,0,0,0.007164808,true,0
"lymph",3,7,smart_certified,Greedy,InformationGain,0,0,0,0,0,0,0,0,0,0.009237128,true,0
"lymph",3,7,cals,SparseLookahead,SparseCertified,2409,689,0,22,0,16,0,30,913,0.17643115,true,0
"lymph",3,7,cals_compact_explain,SelectiveLookahead,SparseCertified,1422,0,0,11,6,0,14,25,176,0.030206007,true,0
"lymph",4,5,unary,Greedy,InformationGain,0,0,0,0,0,0,0,0,0,0.001758903,true,0
"lymph",4,5,horn,Greedy,InformationGain,0,0,0,0,0,0,0,0,0,0.001546371,true,0
"lymph",4,5,antihorn,Greedy,InformationGain,0,0,0,0,0,0,0,0,0,0.001587753,true,0
"lymph",4,5,square2cnf,Greedy,InformationGain,0,0,0,0,0,0,0,0,0,0.010481336,true,0
"lymph",4,5,affine,Greedy,InformationGain,0,0,0,0,0,0,0,0,0,0.007564214,true,0
"lymph",4,5,smart_certified,Greedy,InformationGain,0,0,0,0,0,0,0,0,0,0.005273385,true,0
"lymph",4,5,cals,SparseLookahead,SparseCertified,7461,702,0,20,0,16,0,26,862,7.152972397,true,0
"lymph",4,5,cals_compact_explain,SelectiveLookahead,SparseCertified,2809,0,0,4,16,0,10,26,256,1.296426965,true,0
"lymph",4,7,unary,Greedy,InformationGain,0,0,0,0,0,0,0,0,0,0.002119761,true,0
"lymph",4,7,horn,Greedy,InformationGain,0,0,0,0,0,0,0,0,0,0.002284835,true,0
"lymph",4,7,antihorn,Greedy,InformationGain,0,0,0,0,0,0,0,0,0,0.002097409,true,0
"lymph",4,7,square2cnf,Greedy,InformationGain,0,0,0,0,0,0,0,0,0,0.010236533,true,0
"lymph",4,7,affine,Greedy,InformationGain,0,0,0,0,0,0,0,0,0,0.007997822,true,0
"lymph",4,7,smart_certified,Greedy,InformationGain,0,0,0,0,0,0,0,0,0,0.004957617,true,0
"lymph",4,7,cals,SparseLookahead,SparseCertified,7461,702,0,20,0,16,0,26,862,7.131468759,true,0
"lymph",4,7,cals_compact_explain,SelectiveLookahead,SparseCertified,2809,0,0,4,16,0,10,26,256,1.293260156,true,0
"lymph",5,5,unary,Greedy,InformationGain,0,0,0,0,0,0,0,0,0,0.001291114,true,0
"lymph",5,5,horn,Greedy,InformationGain,0,0,0,0,0,0,0,0,0,0.001901453,true,0
"lymph",5,5,antihorn,Greedy,InformationGain,0,0,0,0,0,0,0,0,0,0.001963645,true,0
"lymph",5,5,square2cnf,Greedy,InformationGain,0,0,0,0,0,0,0,0,0,0.010487391,true,0
"lymph",5,5,affine,Greedy,InformationGain,0,0,0,0,0,0,0,0,0,0.006731638,true,0
"lymph",5,5,smart_certified,Greedy,InformationGain,0,0,0,0,0,0,0,0,0,0.015274648,true,0
"lymph",5,5,cals,SparseLookahead,SparseCertified,4518,588,0,20,0,14,0,26,780,0.560295269,true,0
"lymph",5,5,cals_compact_explain,SelectiveLookahead,SparseCertified,2753,0,0,12,7,0,15,26,176,0.476369375,true,0
"lymph",5,7,unary,Greedy,InformationGain,0,0,0,0,0,0,0,0,0,0.001509479,true,0
"lymph",5,7,horn,Greedy,InformationGain,0,0,0,0,0,0,0,0,0,0.001922913,true,0
"lymph",5,7,antihorn,Greedy,InformationGain,0,0,0,0,0,0,0,0,0,0.002013612,true,0
"lymph",5,7,square2cnf,Greedy,InformationGain,0,0,0,0,0,0,0,0,0,0.011727516,true,0
"lymph",5,7,affine,Greedy,InformationGain,0,0,0,0,0,0,0,0,0,0.006464265,true,0
"lymph",5,7,smart_certified,Greedy,InformationGain,0,0,0,0,0,0,0,0,0,0.015038444,true,0
"lymph",5,7,cals,SparseLookahead,SparseCertified,4518,588,0,20,0,14,0,26,780,0.5507105,true,0
"lymph",5,7,cals_compact_explain,SelectiveLookahead,SparseCertified,2753,0,0,12,7,0,15,26,176,0.47452272100000004,true,0
"lymph",6,5,unary,Greedy,InformationGain,0,0,0,0,0,0,0,0,0,0.001780153,true,0
"lymph",6,5,horn,Greedy,InformationGain,0,0,0,0,0,0,0,0,0,0.002430922,true,0
"lymph",6,5,antihorn,Greedy,InformationGain,0,0,0,0,0,0,0,0,0,0.002128311,true,0
"lymph",6,5,square2cnf,Greedy,InformationGain,0,0,0,0,0,0,0,0,0,0.013135567,true,0
"lymph",6,5,affine,Greedy,InformationGain,0,0,0,0,0,0,0,0,0,0.006640338,true,0
"lymph",6,5,smart_certified,Greedy,InformationGain,0,0,0,0,0,0,0,0,0,0.016680233,true,0
"lymph",6,5,cals,SparseLookahead,SparseCertified,6333,809,0,21,0,18,0,28,969,8.754284242,true,0
"lymph",6,5,cals_compact_explain,SelectiveLookahead,SparseCertified,2997,0,0,9,12,0,14,30,256,0.747551652,true,0
"lymph",6,7,unary,Greedy,InformationGain,0,0,0,0,0,0,0,0,0,0.001916661,true,0
"lymph",6,7,horn,Greedy,InformationGain,0,0,0,0,0,0,0,0,0,0.002147699,true,0
"lymph",6,7,antihorn,Greedy,InformationGain,0,0,0,0,0,0,0,0,0,0.00219574,true,0
"lymph",6,7,square2cnf,Greedy,InformationGain,0,0,0,0,0,0,0,0,0,0.013272866,true,0
"lymph",6,7,affine,Greedy,InformationGain,0,0,0,0,0,0,0,0,0,0.008192072,true,0
"lymph",6,7,smart_certified,Greedy,InformationGain,0,0,0,0,0,0,0,0,0,0.016017621,true,0
"lymph",6,7,cals,SparseLookahead,SparseCertified,6368,828,0,22,0,19,0,30,1004,9.440101872,true,0
"lymph",6,7,cals_compact_explain,SelectiveLookahead,SparseCertified,2997,0,0,9,12,0,14,30,256,0.751701662,true,0
"lymph",7,5,unary,Greedy,InformationGain,0,0,0,0,0,0,0,0,0,0.001534123,true,0
"lymph",7,5,horn,Greedy,InformationGain,0,0,0,0,0,0,0,0,0,0.001777522,true,0
"lymph",7,5,antihorn,Greedy,InformationGain,0,0,0,0,0,0,0,0,0,0.0017619,true,0
"lymph",7,5,square2cnf,Greedy,InformationGain,0,0,0,0,0,0,0,0,0,0.010692156,true,0
"lymph",7,5,affine,Greedy,InformationGain,0,0,0,0,0,0,0,0,0,0.006585999,true,0
"lymph",7,5,smart_certified,Greedy,InformationGain,0,0,0,0,0,0,0,0,0,0.012854934,true,0
"lymph",7,5,cals,SparseLookahead,SparseCertified,4916,695,0,20,0,17,0,26,839,0.969429928,true,0
"lymph",7,5,cals_compact_explain,SelectiveLookahead,SparseCertified,1730,0,0,9,8,0,14,23,144,0.303980279,true,0
"lymph",7,7,unary,Greedy,InformationGain,0,0,0,0,0,0,0,0,0,0.001677334,true,0
"lymph",7,7,horn,Greedy,InformationGain,0,0,0,0,0,0,0,0,0,0.001959394,true,0
"lymph",7,7,antihorn,Greedy,InformationGain,0,0,0,0,0,0,0,0,0,0.001802801,true,0
"lymph",7,7,square2cnf,Greedy,InformationGain,0,0,0,0,0,0,0,0,0,0.010718153,true,0
"lymph",7,7,affine,Greedy,InformationGain,0,0,0,0,0,0,0,0,0,0.006466103,true,0
"lymph",7,7,smart_certified,Greedy,InformationGain,0,0,0,0,0,0,0,0,0,0.012772836,true,0
"lymph",7,7,cals,SparseLookahead,SparseCertified,4916,695,0,20,0,17,0,26,839,0.9506502760000001,true,0
"lymph",7,7,cals_compact_explain,SelectiveLookahead,SparseCertified,1730,0,0,9,8,0,14,23,144,0.299027144,true,0
"lymph",8,5,unary,Greedy,InformationGain,0,0,0,0,0,0,0,0,0,0.001461201,true,0
"lymph",8,5,horn,Greedy,InformationGain,0,0,0,0,0,0,0,0,0,0.001733745,true,0
"lymph",8,5,antihorn,Greedy,InformationGain,0,0,0,0,0,0,0,0,0,0.001897017,true,0
"lymph",8,5,square2cnf,Greedy,InformationGain,0,0,0,0,0,0,0,0,0,0.015410649,true,0
"lymph",8,5,affine,Greedy,InformationGain,0,0,0,0,0,0,0,0,0,0.008211112,true,0
"lymph",8,5,smart_certified,Greedy,InformationGain,0,0,0,0,0,0,0,0,0,0.013117241,true,0
"lymph",8,5,cals,SparseLookahead,SparseCertified,10059,695,0,20,0,15,0,26,871,6.678507557,true,0
"lymph",8,5,cals_compact_explain,SelectiveLookahead,SparseCertified,5081,0,0,11,6,0,14,23,144,1.755482344,true,0
"lymph",8,7,unary,Greedy,InformationGain,0,0,0,0,0,0,0,0,0,0.00173545,true,0
"lymph",8,7,horn,Greedy,InformationGain,0,0,0,0,0,0,0,0,0,0.002143674,true,0
"lymph",8,7,antihorn,Greedy,InformationGain,0,0,0,0,0,0,0,0,0,0.002459843,true,0
"lymph",8,7,square2cnf,Greedy,InformationGain,0,0,0,0,0,0,0,0,0,0.017749675,true,0
"lymph",8,7,affine,Greedy,InformationGain,0,0,0,0,0,0,0,0,0,0.008826301,true,0
"lymph",8,7,smart_certified,Greedy,InformationGain,0,0,0,0,0,0,0,0,0,0.013256177,true,0
"lymph",8,7,cals,SparseLookahead,SparseCertified,10151,738,0,21,0,16,0,28,930,7.51283675,true,0
"lymph",8,7,cals_compact_explain,SelectiveLookahead,SparseCertified,5173,0,0,13,6,0,15,26,176,1.8584814820000002,true,0
"lymph",9,5,unary,Greedy,InformationGain,0,0,0,0,0,0,0,0,0,0.001561904,true,0
"lymph",9,5,horn,Greedy,InformationGain,0,0,0,0,0,0,0,0,0,0.001678685,true,0
"lymph",9,5,antihorn,Greedy,InformationGain,0,0,0,0,0,0,0,0,0,0.001769535,true,0
"lymph",9,5,square2cnf,Greedy,InformationGain,0,0,0,0,0,0,0,0,0,0.009585203,true,0
"lymph",9,5,affine,Greedy,InformationGain,0,0,0,0,0,0,0,0,0,0.006608073,true,0
"lymph",9,5,smart_certified,Greedy,InformationGain,0,0,0,0,0,0,0,0,0,0.00499642,true,0
"lymph",9,5,cals,SparseLookahead,SparseCertified,9251,655,0,20,0,15,0,26,831,7.439332104,true,0
"lymph",9,5,cals_compact_explain,SelectiveLookahead,SparseCertified,3196,0,0,9,10,0,9,26,270,1.136648762,true,0
"lymph",9,7,unary,Greedy,InformationGain,0,0,0,0,0,0,0,0,0,0.001812969,true,0
"lymph",9,7,horn,Greedy,InformationGain,0,0,0,0,0,0,0,0,0,0.001910062,true,0
"lymph",9,7,antihorn,Greedy,InformationGain,0,0,0,0,0,0,0,0,0,0.002119429,true,0
"lymph",9,7,square2cnf,Greedy,InformationGain,0,0,0,0,0,0,0,0,0,0.012281431,true,0
"lymph",9,7,affine,Greedy,InformationGain,0,0,0,0,0,0,0,0,0,0.007242057,true,0
"lymph",9,7,smart_certified,Greedy,InformationGain,0,0,0,0,0,0,0,0,0,0.005129696,true,0
"lymph",9,7,cals,SparseLookahead,SparseCertified,9251,655,0,20,0,15,0,26,831,7.448563340000001,true,0
"lymph",9,7,cals_compact_explain,SelectiveLookahead,SparseCertified,3196,0,0,9,10,0,9,26,270,1.1424215389999999,true,0
"magic04-bin",0,5,unary,Greedy,InformationGain,0,0,0,0,0,0,0,0,0,0.133125515,true,0
"magic04-bin",0,5,horn,Greedy,InformationGain,0,0,0,0,0,0,0,0,0,0.156254824,true,0
"magic04-bin",0,5,antihorn,Greedy,InformationGain,0,0,0,0,0,0,0,0,0,0.157882711,true,0
"magic04-bin",0,5,square2cnf,Greedy,InformationGain,0,0,0,0,0,0,0,0,0,1.203078694,true,0
"magic04-bin",0,5,affine,Greedy,InformationGain,0,0,0,0,0,0,0,0,0,0.462576883,true,0
"magic04-bin",0,5,smart_certified,Greedy,InformationGain,0,0,0,0,0,0,0,0,0,1.8290488809999998,true,0
"magic04-bin",0,5,cals,SparseLookahead,SparseCertified,14911,1859,0,44,0,39,0,74,2419,2.442978254,true,0
"magic04-bin",0,5,cals_compact_explain,SelectiveLookahead,SparseCertified,6575,0,0,35,22,0,44,87,688,1.286768028,true,0
"magic04-bin",0,7,unary,Greedy,InformationGain,0,0,0,0,0,0,0,0,0,0.181539837,true,0
"magic04-bin",0,7,horn,Greedy,InformationGain,0,0,0,0,0,0,0,0,0,0.396866006,true,0
"magic04-bin",0,7,antihorn,Greedy,InformationGain,0,0,0,0,0,0,0,0,0,0.364141799,true,0
"magic04-bin",0,7,square2cnf,Greedy,InformationGain,0,0,0,0,0,0,0,0,0,5.541324389,true,0
"magic04-bin",0,7,affine,Greedy,InformationGain,0,0,0,0,0,0,0,0,0,1.646260964,true,0
"magic04-bin",0,7,smart_certified,Greedy,InformationGain,0,0,0,0,0,0,0,0,0,8.05883383,true,0
"magic04-bin",0,7,cals,SparseLookahead,SparseCertified,22358,4963,0,113,0,108,0,212,6624,3.381782019,true,0
"magic04-bin",0,7,cals_compact_explain,SelectiveLookahead,SparseCertified,13350,0,0,116,22,0,119,249,2080,1.906822371,true,0
"magic04-bin",1,5,unary,Greedy,InformationGain,0,0,0,0,0,0,0,0,0,0.086721925,true,0
"magic04-bin",1,5,horn,Greedy,InformationGain,0,0,0,0,0,0,0,0,0,0.159237393,true,0
"magic04-bin",1,5,antihorn,Greedy,InformationGain,0,0,0,0,0,0,0,0,0,0.163831107,true,0
"magic04-bin",1,5,square2cnf,Greedy,InformationGain,0,0,0,0,0,0,0,0,0,1.217963691,true,0
"magic04-bin",1,5,affine,Greedy,InformationGain,0,0,0,0,0,0,0,0,0,0.495724075,true,0
"magic04-bin",1,5,smart_certified,Greedy,InformationGain,0,0,0,0,0,0,0,0,0,2.152957447,true,0
"magic04-bin",1,5,cals,SparseLookahead,SparseCertified,16587,1897,0,44,0,40,0,74,2441,2.841124962,true,0
"magic04-bin",1,5,cals_compact_explain,SelectiveLookahead,SparseCertified,8213,0,0,33,18,0,43,82,624,1.6720735860000002,true,0
"magic04-bin",1,7,unary,Greedy,InformationGain,0,0,0,0,0,0,0,0,0,0.169789111,true,0
"magic04-bin",1,7,horn,Greedy,InformationGain,0,0,0,0,0,0,0,0,0,0.391157532,true,0
"magic04-bin",1,7,antihorn,Greedy,InformationGain,0,0,0,0,0,0,0,0,0,0.397173333,true,0
"magic04-bin",1,7,square2cnf,Greedy,InformationGain,0,0,0,0,0,0,0,0,0,5.717540874,true,0
"magic04-bin",1,7,affine,Greedy,InformationGain,0,0,0,0,0,0,0,0,0,1.733835226,true,0
"magic04-bin",1,7,smart_certified,Greedy,InformationGain,0,0,0,0,0,0,0,0,0,9.623945703,true,0
"magic04-bin",1,7,cals,SparseLookahead,SparseCertified,24186,5075,0,115,0,111,0,216,6755,3.865574368,true,0
"magic04-bin",1,7,cals_compact_explain,SelectiveLookahead,SparseCertified,15420,0,0,117,18,0,121,249,2048,2.3810300559999997,true,0
"magic04-bin",2,5,unary,Greedy,InformationGain,0,0,0,0,0,0,0,0,0,0.090098417,true,0
"magic04-bin",2,5,horn,Greedy,InformationGain,0,0,0,0,0,0,0,0,0,0.157492353,true,0
"magic04-bin",2,5,antihorn,Greedy,InformationGain,0,0,0,0,0,0,0,0,0,0.154487069,true,0
"magic04-bin",2,5,square2cnf,Greedy,InformationGain,0,0,0,0,0,0,0,0,0,1.24393651,true,0
"magic04-bin",2,5,affine,Greedy,InformationGain,0,0,0,0,0,0,0,0,0,0.476331809,true,0
"magic04-bin",2,5,smart_certified,Greedy,InformationGain,0,0,0,0,0,0,0,0,0,2.156885874,true,0
"magic04-bin",2,5,cals,SparseLookahead,SparseCertified,17503,2064,0,45,0,43,0,76,2592,3.093222078,true,0
"magic04-bin",2,5,cals_compact_explain,SelectiveLookahead,SparseCertified,6289,0,0,36,16,0,40,83,688,1.2515645949999998,true,0
"magic04-bin",2,7,unary,Greedy,InformationGain,0,0,0,0,0,0,0,0,0,0.170936624,true,0
"magic04-bin",2,7,horn,Greedy,InformationGain,0,0,0,0,0,0,0,0,0,0.40499958,true,0
"magic04-bin",2,7,antihorn,Greedy,InformationGain,0,0,0,0,0,0,0,0,0,0.389770774,true,0
"magic04-bin",2,7,square2cnf,Greedy,InformationGain,0,0,0,0,0,0,0,0,0,5.845554227,true,0
"magic04-bin",2,7,affine,Greedy,InformationGain,0,0,0,0,0,0,0,0,0,1.679027506,true,0
"magic04-bin",2,7,smart_certified,Greedy,InformationGain,0,0,0,0,0,0,0,0,0,10.131069553,true,0
"magic04-bin",2,7,cals,SparseLookahead,SparseCertified,26390,5874,0,129,0,127,0,244,7746,4.193357761,true,0
"magic04-bin",2,7,cals_compact_explain,SelectiveLookahead,SparseCertified,13790,0,0,120,16,0,122,251,2064,1.9216056019999999,true,0
"magic04-bin",3,5,unary,Greedy,InformationGain,0,0,0,0,0,0,0,0,0,0.087766995,true,0
"magic04-bin",3,5,horn,Greedy,InformationGain,0,0,0,0,0,0,0,0,0,0.16353058,true,0
"magic04-bin",3,5,antihorn,Greedy,InformationGain,0,0,0,0,0,0,0,0,0,0.154593737,true,0
"magic04-bin",3,5,square2cnf,Greedy,InformationGain,0,0,0,0,0,0,0,0,0,1.2371484480000001,true,0
"magic04-bin",3,5,affine,Greedy,InformationGain,0,0,0,0,0,0,0,0,0,0.500951263,true,0
"magic04-bin",3,5,smart_certified,Greedy,InformationGain,0,0,0,0,0,0,0,0,0,1.9695531499999999,true,0
"magic04-bin",3,5,cals,SparseLookahead,SparseCertified,15808,1905,0,44,0,40,0,74,2449,2.395543701,true,0
"magic04-bin",3,5,cals_compact_explain,SelectiveLookahead,SparseCertified,5879,0,0,39,19,0,37,89,832,1.21891404,true,0
"magic04-bin",3,7,unary,Greedy,InformationGain,0,0,0,0,0,0,0,0,0,0.172817711,true,0
"magic04-bin",3,7,horn,Greedy,InformationGain,0,0,0,0,0,0,0,0,0,0.370902348,true,0
"magic04-bin",3,7,antihorn,Greedy,InformationGain,0,0,0,0,0,0,0,0,0,0.337162078,true,0
"magic04-bin",3,7,square2cnf,Greedy,InformationGain,0,0,0,0,0,0,0,0,0,5.750085003,true,0
"magic04-bin",3,7,affine,Greedy,InformationGain,0,0,0,0,0,0,0,0,0,1.628634551,true,0
"magic04-bin",3,7,smart_certified,Greedy,InformationGain,0,0,0,0,0,0,0,0,0,7.527322209,true,0
"magic04-bin",3,7,cals,SparseLookahead,SparseCertified,22966,4924,0,114,0,110,0,214,6571,3.259525087,true,0
"magic04-bin",3,7,cals_compact_explain,SelectiveLookahead,SparseCertified,13176,0,0,119,19,0,117,249,2103,1.8779128930000002,true,0
"magic04-bin",4,5,unary,Greedy,InformationGain,0,0,0,0,0,0,0,0,0,0.084561815,true,0
"magic04-bin",4,5,horn,Greedy,InformationGain,0,0,0,0,0,0,0,0,0,0.153511544,true,0
"magic04-bin",4,5,antihorn,Greedy,InformationGain,0,0,0,0,0,0,0,0,0,0.14594168,true,0
"magic04-bin",4,5,square2cnf,Greedy,InformationGain,0,0,0,0,0,0,0,0,0,1.196266528,true,0
"magic04-bin",4,5,affine,Greedy,InformationGain,0,0,0,0,0,0,0,0,0,0.459661177,true,0
"magic04-bin",4,5,smart_certified,Greedy,InformationGain,0,0,0,0,0,0,0,0,0,2.094026036,true,0
"magic04-bin",4,5,cals,SparseLookahead,SparseCertified,16399,2012,0,44,0,42,0,74,2524,2.710680162,true,0
"magic04-bin",4,5,cals_compact_explain,SelectiveLookahead,SparseCertified,5984,0,0,36,16,0,39,83,704,1.215525985,true,0
"magic04-bin",4,7,unary,Greedy,InformationGain,0,0,0,0,0,0,0,0,0,0.172960295,true,0
"magic04-bin",4,7,horn,Greedy,InformationGain,0,0,0,0,0,0,0,0,0,0.391089331,true,0
"magic04-bin",4,7,antihorn,Greedy,InformationGain,0,0,0,0,0,0,0,0,0,0.326935306,true,0
"magic04-bin",4,7,square2cnf,Greedy,InformationGain,0,0,0,0,0,0,0,0,0,5.279916037,true,0
"magic04-bin",4,7,affine,Greedy,InformationGain,0,0,0,0,0,0,0,0,0,1.457338435,true,0
"magic04-bin",4,7,smart_certified,Greedy,InformationGain,0,0,0,0,0,0,0,0,0,9.803167146,true,0
"magic04-bin",4,7,cals,SparseLookahead,SparseCertified,23693,5045,0,112,0,110,0,210,6645,3.704533203,true,0
"magic04-bin",4,7,cals_compact_explain,SelectiveLookahead,SparseCertified,13056,0,0,115,16,0,116,241,2000,1.860194741,true,0
"magic04-bin",5,5,unary,Greedy,InformationGain,0,0,0,0,0,0,0,0,0,0.092869115,true,0
"magic04-bin",5,5,horn,Greedy,InformationGain,0,0,0,0,0,0,0,0,0,0.148981342,true,0
"magic04-bin",5,5,antihorn,Greedy,InformationGain,0,0,0,0,0,0,0,0,0,0.146750782,true,0
"magic04-bin",5,5,square2cnf,Greedy,InformationGain,0,0,0,0,0,0,0,0,0,1.23616255,true,0
"magic04-bin",5,5,affine,Greedy,InformationGain,0,0,0,0,0,0,0,0,0,0.516774265,true,0
"magic04-bin",5,5,smart_certified,Greedy,InformationGain,0,0,0,0,0,0,0,0,0,2.066677625,true,0
"magic04-bin",5,5,cals,SparseLookahead,SparseCertified,16300,1965,0,44,0,41,0,74,2493,2.6913216760000003,true,0
"magic04-bin",5,5,cals_compact_explain,SelectiveLookahead,SparseCertified,7308,0,0,36,17,0,50,83,528,1.332971549,true,0
"magic04-bin",5,7,unary,Greedy,InformationGain,0,0,0,0,0,0,0,0,0,0.173760958,true,0
"magic04-bin",5,7,horn,Greedy,InformationGain,0,0,0,0,0,0,0,0,0,0.3935738,true,0
"magic04-bin",5,7,antihorn,Greedy,InformationGain,0,0,0,0,0,0,0,0,0,0.328816813,true,0
"magic04-bin",5,7,square2cnf,Greedy,InformationGain,0,0,0,0,0,0,0,0,0,5.722327426,true,0
"magic04-bin",5,7,affine,Greedy,InformationGain,0,0,0,0,0,0,0,0,0,1.4974925909999999,true,0
"magic04-bin",5,7,smart_certified,Greedy,InformationGain,0,0,0,0,0,0,0,0,0,9.813837612,true,0
"magic04-bin",5,7,cals,SparseLookahead,SparseCertified,23070,4798,0,106,0,103,0,198,6318,3.555752372,true,0
"magic04-bin",5,7,cals_compact_explain,SelectiveLookahead,SparseCertified,12609,0,0,104,21,0,106,220,1824,1.810017385,true,0
"magic04-bin",6,5,unary,Greedy,InformationGain,0,0,0,0,0,0,0,0,0,0.090769863,true,0
"magic04-bin",6,5,horn,Greedy,InformationGain,0,0,0,0,0,0,0,0,0,0.150156447,true,0
"magic04-bin",6,5,antihorn,Greedy,InformationGain,0,0,0,0,0,0,0,0,0,0.153851692,true,0
"magic04-bin",6,5,square2cnf,Greedy,InformationGain,0,0,0,0,0,0,0,0,0,1.193879259,true,0
"magic04-bin",6,5,affine,Greedy,InformationGain,0,0,0,0,0,0,0,0,0,0.495915,true,0
"magic04-bin",6,5,smart_certified,Greedy,InformationGain,0,0,0,0,0,0,0,0,0,1.789504874,true,0
"magic04-bin",6,5,cals,SparseLookahead,SparseCertified,15617,1915,0,44,0,40,0,74,2459,2.5265431080000003,true,0
"magic04-bin",6,5,cals_compact_explain,SelectiveLookahead,SparseCertified,6898,0,0,34,20,0,37,84,752,1.55223958,true,0
"magic04-bin",6,7,unary,Greedy,InformationGain,0,0,0,0,0,0,0,0,0,0.172001174,true,0
"magic04-bin",6,7,horn,Greedy,InformationGain,0,0,0,0,0,0,0,0,0,0.39268734,true,0
"magic04-bin",6,7,antihorn,Greedy,InformationGain,0,0,0,0,0,0,0,0,0,0.381249832,true,0
"magic04-bin",6,7,square2cnf,Greedy,InformationGain,0,0,0,0,0,0,0,0,0,5.334812814,true,0
"magic04-bin",6,7,affine,Greedy,InformationGain,0,0,0,0,0,0,0,0,0,1.608109079,true,0
"magic04-bin",6,7,smart_certified,Greedy,InformationGain,0,0,0,0,0,0,0,0,0,8.079700639,true,0
"magic04-bin",6,7,cals,SparseLookahead,SparseCertified,23272,5128,0,114,0,110,0,214,6792,3.474731068,true,0
"magic04-bin",6,7,cals_compact_explain,SelectiveLookahead,SparseCertified,13831,0,0,107,20,0,110,230,1920,2.18866117,true,0
"magic04-bin",7,5,unary,Greedy,InformationGain,0,0,0,0,0,0,0,0,0,0.085946186,true,0
"magic04-bin",7,5,horn,Greedy,InformationGain,0,0,0,0,0,0,0,0,0,0.157746461,true,0
"magic04-bin",7,5,antihorn,Greedy,InformationGain,0,0,0,0,0,0,0,0,0,0.147894397,true,0
"magic04-bin",7,5,square2cnf,Greedy,InformationGain,0,0,0,0,0,0,0,0,0,1.23926278,true,0
"magic04-bin",7,5,affine,Greedy,InformationGain,0,0,0,0,0,0,0,0,0,0.469934141,true,0
"magic04-bin",7,5,smart_certified,Greedy,InformationGain,0,0,0,0,0,0,0,0,0,2.084356755,true,0
"magic04-bin",7,5,cals,SparseLookahead,SparseCertified,15936,1917,0,44,0,40,0,74,2461,2.790916718,true,0
"magic04-bin",7,5,cals_compact_explain,SelectiveLookahead,SparseCertified,6750,0,0,38,16,0,36,84,768,1.571540192,true,0
"magic04-bin",7,7,unary,Greedy,InformationGain,0,0,0,0,0,0,0,0,0,0.17136848,true,0
"magic04-bin",7,7,horn,Greedy,InformationGain,0,0,0,0,0,0,0,0,0,0.412150881,true,0
"magic04-bin",7,7,antihorn,Greedy,InformationGain,0,0,0,0,0,0,0,0,0,0.340079996,true,0
"magic04-bin",7,7,square2cnf,Greedy,InformationGain,0,0,0,0,0,0,0,0,0,5.729704235,true,0
"magic04-bin",7,7,affine,Greedy,InformationGain,0,0,0,0,0,0,0,0,0,1.631061181,true,0
"magic04-bin",7,7,smart_certified,Greedy,InformationGain,0,0,0,0,0,0,0,0,0,9.202290149,true,0
"magic04-bin",7,7,cals,SparseLookahead,SparseCertified,24210,5362,0,119,0,115,0,224,7106,3.8114106150000002,true,0
"magic04-bin",7,7,cals_compact_explain,SelectiveLookahead,SparseCertified,13552,0,0,110,16,0,108,228,1920,2.207248075,true,0
"magic04-bin",8,5,unary,Greedy,InformationGain,0,0,0,0,0,0,0,0,0,0.087661674,true,0
"magic04-bin",8,5,horn,Greedy,InformationGain,0,0,0,0,0,0,0,0,0,0.155997924,true,0
"magic04-bin",8,5,antihorn,Greedy,InformationGain,0,0,0,0,0,0,0,0,0,0.153277788,true,0
"magic04-bin",8,5,square2cnf,Greedy,InformationGain,0,0,0,0,0,0,0,0,0,1.189854539,true,0
"magic04-bin",8,5,affine,Greedy,InformationGain,0,0,0,0,0,0,0,0,0,0.50341914,true,0
"magic04-bin",8,5,smart_certified,Greedy,InformationGain,0,0,0,0,0,0,0,0,0,2.095815449,true,0
"magic04-bin",8,5,cals,SparseLookahead,SparseCertified,16114,2063,0,45,0,43,0,76,2591,2.56253567,true,0
"magic04-bin",8,5,cals_compact_explain,SelectiveLookahead,SparseCertified,5803,0,0,38,17,0,37,86,784,1.213327727,true,0
"magic04-bin",8,7,unary,Greedy,InformationGain,0,0,0,0,0,0,0,0,0,0.166998252,true,0
"magic04-bin",8,7,horn,Greedy,InformationGain,0,0,0,0,0,0,0,0,0,0.392779756,true,0
"magic04-bin",8,7,antihorn,Greedy,InformationGain,0,0,0,0,0,0,0,0,0,0.382563969,true,0
"magic04-bin",8,7,square2cnf,Greedy,InformationGain,0,0,0,0,0,0,0,0,0,4.897013897,true,0
"magic04-bin",8,7,affine,Greedy,InformationGain,0,0,0,0,0,0,0,0,0,1.572432451,true,0
"magic04-bin",8,7,smart_certified,Greedy,InformationGain,0,0,0,0,0,0,0,0,0,9.781693687,true,0
"magic04-bin",8,7,cals,SparseLookahead,SparseCertified,24752,5721,0,126,0,124,0,238,7545,3.710848061,true,0
"magic04-bin",8,7,cals_compact_explain,SelectiveLookahead,SparseCertified,13434,0,0,122,17,0,121,254,2125,1.894019019,true,0
"magic04-bin",9,5,unary,Greedy,InformationGain,0,0,0,0,0,0,0,0,0,0.086778586,true,0
"magic04-bin",9,5,horn,Greedy,InformationGain,0,0,0,0,0,0,0,0,0,0.153286388,true,0
"magic04-bin",9,5,antihorn,Greedy,InformationGain,0,0,0,0,0,0,0,0,0,0.149220215,true,0
"magic04-bin",9,5,square2cnf,Greedy,InformationGain,0,0,0,0,0,0,0,0,0,1.2615710230000001,true,0
"magic04-bin",9,5,affine,Greedy,InformationGain,0,0,0,0,0,0,0,0,0,0.481630584,true,0
"magic04-bin",9,5,smart_certified,Greedy,InformationGain,0,0,0,0,0,0,0,0,0,1.780307363,true,0
"magic04-bin",9,5,cals,SparseLookahead,SparseCertified,14160,1905,0,44,0,40,0,74,2449,2.663294511,true,0
"magic04-bin",9,5,cals_compact_explain,SelectiveLookahead,SparseCertified,6081,0,0,34,20,0,39,84,720,1.241644397,true,0
"magic04-bin",9,7,unary,Greedy,InformationGain,0,0,0,0,0,0,0,0,0,0.17743801,true,0
"magic04-bin",9,7,horn,Greedy,InformationGain,0,0,0,0,0,0,0,0,0,0.39059897,true,0
"magic04-bin",9,7,antihorn,Greedy,InformationGain,0,0,0,0,0,0,0,0,0,0.370390783,true,0
"magic04-bin",9,7,square2cnf,Greedy,InformationGain,0,0,0,0,0,0,0,0,0,5.589029804,true,0
"magic04-bin",9,7,affine,Greedy,InformationGain,0,0,0,0,0,0,0,0,0,1.675289719,true,0
"magic04-bin",9,7,smart_certified,Greedy,InformationGain,0,0,0,0,0,0,0,0,0,8.035100543,true,0
"magic04-bin",9,7,cals,SparseLookahead,SparseCertified,22009,5080,0,116,0,112,0,218,6771,3.640483769,true,0
"magic04-bin",9,7,cals_compact_explain,SelectiveLookahead,SparseCertified,13075,0,0,113,20,0,115,242,2027,1.86043213,true,0
"messidor-bin",0,5,unary,Greedy,InformationGain,0,0,0,0,0,0,0,0,0,0.006167248,true,0
"messidor-bin",0,5,horn,Greedy,InformationGain,0,0,0,0,0,0,0,0,0,0.011501852,true,0
"messidor-bin",0,5,antihorn,Greedy,InformationGain,0,0,0,0,0,0,0,0,0,0.00901868,true,0
"messidor-bin",0,5,square2cnf,Greedy,InformationGain,0,0,0,0,0,0,0,0,0,0.076604194,true,0
"messidor-bin",0,5,affine,Greedy,InformationGain,0,0,0,0,0,0,0,0,0,0.034328619,true,0
"messidor-bin",0,5,smart_certified,Greedy,InformationGain,0,0,0,0,0,0,0,0,0,0.136220313,true,0
"messidor-bin",0,5,cals,SparseLookahead,SparseCertified,13743,1530,0,36,0,33,0,58,1926,0.226824528,true,0
"messidor-bin",0,5,cals_compact_explain,SelectiveLookahead,SparseCertified,7452,0,0,32,12,0,42,66,380,0.10700644000000001,true,0
"messidor-bin",0,7,unary,Greedy,InformationGain,0,0,0,0,0,0,0,0,0,0.009889817,true,0
"messidor-bin",0,7,horn,Greedy,InformationGain,0,0,0,0,0,0,0,0,0,0.018694684,true,0
"messidor-bin",0,7,antihorn,Greedy,InformationGain,0,0,0,0,0,0,0,0,0,0.013574813,true,0
"messidor-bin",0,7,square2cnf,Greedy,InformationGain,0,0,0,0,0,0,0,0,0,0.170059051,true,0
"messidor-bin",0,7,affine,Greedy,InformationGain,0,0,0,0,0,0,0,0,0,0.068006214,true,0
"messidor-bin",0,7,smart_certified,Greedy,InformationGain,0,0,0,0,0,0,0,0,0,0.222187261,true,0
"messidor-bin",0,7,cals,SparseLookahead,SparseCertified,15574,2378,0,60,0,57,0,106,3149,0.399693172,true,0
"messidor-bin",0,7,cals_compact_explain,SelectiveLookahead,SparseCertified,8727,0,0,61,14,0,64,126,976,0.14609612,true,0
"messidor-bin",1,5,unary,Greedy,InformationGain,0,0,0,0,0,0,0,0,0,0.005794736,true,0
"messidor-bin",1,5,horn,Greedy,InformationGain,0,0,0,0,0,0,0,0,0,0.01052512,true,0
"messidor-bin",1,5,antihorn,Greedy,InformationGain,0,0,0,0,0,0,0,0,0,0.00957439,true,0
"messidor-bin",1,5,square2cnf,Greedy,InformationGain,0,0,0,0,0,0,0,0,0,0.072231874,true,0
"messidor-bin",1,5,affine,Greedy,InformationGain,0,0,0,0,0,0,0,0,0,0.027112757,true,0
"messidor-bin",1,5,smart_certified,Greedy,InformationGain,0,0,0,0,0,0,0,0,0,0.130752899,true,0
"messidor-bin",1,5,cals,SparseLookahead,SparseCertified,57885,1297,0,33,0,29,0,52,1665,17.121058232,true,0
"messidor-bin",1,5,cals_compact_explain,SelectiveLookahead,SparseCertified,6605,0,0,26,13,0,35,60,400,0.309424325,true,0
"messidor-bin",1,7,unary,Greedy,InformationGain,0,0,0,0,0,0,0,0,0,0.009490375,true,0
"messidor-bin",1,7,horn,Greedy,InformationGain,0,0,0,0,0,0,0,0,0,0.018881719,true,0
"messidor-bin",1,7,antihorn,Greedy,InformationGain,0,0,0,0,0,0,0,0,0,0.016129881,true,0
"messidor-bin",1,7,square2cnf,Greedy,InformationGain,0,0,0,0,0,0,0,0,0,0.150196572,true,0
"messidor-bin",1,7,affine,Greedy,InformationGain,0,0,0,0,0,0,0,0,0,0.044041395,true,0
"messidor-bin",1,7,smart_certified,Greedy,InformationGain,0,0,0,0,0,0,0,0,0,0.251805245,true,0
"messidor-bin",1,7,cals,SparseLookahead,SparseCertified,70587,2167,0,55,0,51,0,96,2887,33.805680568999996,true,0
"messidor-bin",1,7,cals_compact_explain,SelectiveLookahead,SparseCertified,8004,0,0,54,12,0,57,114,912,0.38977049199999997,true,0
"messidor-bin",2,5,unary,Greedy,InformationGain,0,0,0,0,0,0,0,0,0,0.006039318,true,0
"messidor-bin",2,5,horn,Greedy,InformationGain,0,0,0,0,0,0,0,0,0,0.011258376,true,0
"messidor-bin",2,5,antihorn,Greedy,InformationGain,0,0,0,0,0,0,0,0,0,0.010406097,true,0
"messidor-bin",2,5,square2cnf,Greedy,InformationGain,0,0,0,0,0,0,0,0,0,0.083093969,true,0
"messidor-bin",2,5,affine,Greedy,InformationGain,0,0,0,0,0,0,0,0,0,0.029327855,true,0
"messidor-bin",2,5,smart_certified,Greedy,InformationGain,0,0,0,0,0,0,0,0,0,0.13142419,true,0
"messidor-bin",2,5,cals,SparseLookahead,SparseCertified,12786,1587,0,38,0,36,0,62,2003,0.255622304,true,0
"messidor-bin",2,5,cals_compact_explain,SelectiveLookahead,SparseCertified,7800,0,0,29,15,0,34,70,576,0.23600942400000002,true,0
"messidor-bin",2,7,unary,Greedy,InformationGain,0,0,0,0,0,0,0,0,0,0.010144466,true,0
"messidor-bin",2,7,horn,Greedy,InformationGain,0,0,0,0,0,0,0,0,0,0.020790141,true,0
"messidor-bin",2,7,antihorn,Greedy,InformationGain,0,0,0,0,0,0,0,0,0,0.01782077,true,0
"messidor-bin",2,7,square2cnf,Greedy,InformationGain,0,0,0,0,0,0,0,0,0,0.149471569,true,0
"messidor-bin",2,7,affine,Greedy,InformationGain,0,0,0,0,0,0,0,0,0,0.049280198,true,0
"messidor-bin",2,7,smart_certified,Greedy,InformationGain,0,0,0,0,0,0,0,0,0,0.221913722,true,0
"messidor-bin",2,7,cals,SparseLookahead,SparseCertified,15007,2696,0,67,0,65,0,120,3565,0.47831993300000003,true,0
"messidor-bin",2,7,cals_compact_explain,SelectiveLookahead,SparseCertified,9859,0,0,60,15,0,65,132,1061,0.333347868,true,0
"messidor-bin",3,5,unary,Greedy,InformationGain,0,0,0,0,0,0,0,0,0,0.00641012,true,0
"messidor-bin",3,5,horn,Greedy,InformationGain,0,0,0,0,0,0,0,0,0,0.012035512,true,0
"messidor-bin",3,5,antihorn,Greedy,InformationGain,0,0,0,0,0,0,0,0,0,0.009512712,true,0
"messidor-bin",3,5,square2cnf,Greedy,InformationGain,0,0,0,0,0,0,0,0,0,0.077918186,true,0
"messidor-bin",3,5,affine,Greedy,InformationGain,0,0,0,0,0,0,0,0,0,0.029968666,true,0
"messidor-bin",3,5,smart_certified,Greedy,InformationGain,0,0,0,0,0,0,0,0,0,0.13452648,true,0
"messidor-bin",3,5,cals,SparseLookahead,SparseCertified,17665,1822,0,41,0,40,0,68,2268,0.722085877,true,0
"messidor-bin",3,5,cals_compact_explain,SelectiveLookahead,SparseCertified,7138,0,0,27,14,0,35,67,510,0.110745964,true,0
"messidor-bin",3,7,unary,Greedy,InformationGain,0,0,0,0,0,0,0,0,0,0.009924211,true,0
"messidor-bin",3,7,horn,Greedy,InformationGain,0,0,0,0,0,0,0,0,0,0.023536392,true,0
"messidor-bin",3,7,antihorn,Greedy,InformationGain,0,0,0,0,0,0,0,0,0,0.016733376,true,0
"messidor-bin",3,7,square2cnf,Greedy,InformationGain,0,0,0,0,0,0,0,0,0,0.178087405,true,0
"messidor-bin",3,7,affine,Greedy,InformationGain,0,0,0,0,0,0,0,0,0,0.044691388,true,0
"messidor-bin",3,7,smart_certified,Greedy,InformationGain,0,0,0,0,0,0,0,0,0,0.242628548,true,0
"messidor-bin",3,7,cals,SparseLookahead,SparseCertified,20402,3156,0,77,0,76,0,140,4178,0.998489912,true,0
"messidor-bin",3,7,cals_compact_explain,SelectiveLookahead,SparseCertified,9868,0,0,67,14,0,75,147,1150,0.19491756,true,0
"messidor-bin",4,5,unary,Greedy,InformationGain,0,0,0,0,0,0,0,0,0,0.005394006,true,0
"messidor-bin",4,5,horn,Greedy,InformationGain,0,0,0,0,0,0,0,0,0,0.009573578,true,0
"messidor-bin",4,5,antihorn,Greedy,InformationGain,0,0,0,0,0,0,0,0,0,0.010606216,true,0
"messidor-bin",4,5,square2cnf,Greedy,InformationGain,0,0,0,0,0,0,0,0,0,0.064713632,true,0
"messidor-bin",4,5,affine,Greedy,InformationGain,0,0,0,0,0,0,0,0,0,0.022041239,true,0
"messidor-bin",4,5,smart_certified,Greedy,InformationGain,0,0,0,0,0,0,0,0,0,0.113937025,true,0
"messidor-bin",4,5,cals,SparseLookahead,SparseCertified,8510,1416,0,31,0,30,0,48,1704,0.149072863,true,0
"messidor-bin",4,5,cals_compact_explain,SelectiveLookahead,SparseCertified,4560,0,0,23,16,0,29,57,448,0.063189488,true,0
"messidor-bin",4,7,unary,Greedy,InformationGain,0,0,0,0,0,0,0,0,0,0.00916622,true,0
"messidor-bin",4,7,horn,Greedy,InformationGain,0,0,0,0,0,0,0,0,0,0.018283515,true,0
"messidor-bin",4,7,antihorn,Greedy,InformationGain,0,0,0,0,0,0,0,0,0,0.016632222,true,0
"messidor-bin",4,7,square2cnf,Greedy,InformationGain,0,0,0,0,0,0,0,0,0,0.134016398,true,0
"messidor-bin",4,7,affine,Greedy,InformationGain,0,0,0,0,0,0,0,0,0,0.042096119,true,0
"messidor-bin",4,7,smart_certified,Greedy,InformationGain,0,0,0,0,0,0,0,0,0,0.216453861,true,0
"messidor-bin",4,7,cals,SparseLookahead,SparseCertified,10801,2499,0,55,0,54,0,96,3171,0.186083297,true,0
"messidor-bin",4,7,cals_compact_explain,SelectiveLookahead,SparseCertified,6539,0,0,48,16,0,54,107,848,0.08648783,true,0
"messidor-bin",5,5,unary,Greedy,InformationGain,0,0,0,0,0,0,0,0,0,0.005955977,true,0
"messidor-bin",5,5,horn,Greedy,InformationGain,0,0,0,0,0,0,0,0,0,0.009618498,true,0
"messidor-bin",5,5,antihorn,Greedy,InformationGain,0,0,0,0,0,0,0,0,0,0.010451489,true,0
"messidor-bin",5,5,square2cnf,Greedy,InformationGain,0,0,0,0,0,0,0,0,0,0.068476897,true,0
"messidor-bin",5,5,affine,Greedy,InformationGain,0,0,0,0,0,0,0,0,0,0.026345912,true,0
"messidor-bin",5,5,smart_certified,Greedy,InformationGain,0,0,0,0,0,0,0,0,0,0.121145572,true,0
"messidor-bin",5,5,cals,SparseLookahead,SparseCertified,22471,1638,0,37,0,36,0,60,2022,0.263199596,true,0
"messidor-bin",5,5,cals_compact_explain,SelectiveLookahead,SparseCertified,7113,0,0,29,15,0,34,67,528,0.104434736,true,0
"messidor-bin",5,7,unary,Greedy,InformationGain,0,0,0,0,0,0,0,0,0,0.009779078,true,0
"messidor-bin",5,7,horn,Greedy,InformationGain,0,0,0,0,0,0,0,0,0,0.018469705,true,0
"messidor-bin",5,7,antihorn,Greedy,InformationGain,0,0,0,0,0,0,0,0,0,0.015536487,true,0
"messidor-bin",5,7,square2cnf,Greedy,InformationGain,0,0,0,0,0,0,0,0,0,0.128785549,true,0
"messidor-bin",5,7,affine,Greedy,InformationGain,0,0,0,0,0,0,0,0,0,0.040094151,true,0
"messidor-bin",5,7,smart_certified,Greedy,InformationGain,0,0,0,0,0,0,0,0,0,0.20599887,true,0
"messidor-bin",5,7,cals,SparseLookahead,SparseCertified,24536,2630,0,65,0,64,0,116,3462,0.334603084,true,0
"messidor-bin",5,7,cals_compact_explain,SelectiveLookahead,SparseCertified,8954,0,0,55,15,0,60,119,944,0.14519974,true,0
"messidor-bin",6,5,unary,Greedy,InformationGain,0,0,0,0,0,0,0,0,0,0.005275592,true,0
"messidor-bin",6,5,horn,Greedy,InformationGain,0,0,0,0,0,0,0,0,0,0.009276079,true,0
"messidor-bin",6,5,antihorn,Greedy,InformationGain,0,0,0,0,0,0,0,0,0,0.009184293,true,0
"messidor-bin",6,5,square2cnf,Greedy,InformationGain,0,0,0,0,0,0,0,0,0,0.053653113,true,0
"messidor-bin",6,5,affine,Greedy,InformationGain,0,0,0,0,0,0,0,0,0,0.022091057,true,0
"messidor-bin",6,5,smart_certified,Greedy,InformationGain,0,0,0,0,0,0,0,0,0,0.118146112,true,0
"messidor-bin",6,5,cals,SparseLookahead,SparseCertified,17598,1619,0,38,0,35,0,62,2051,0.6623572139999999,true,0
"messidor-bin",6,5,cals_compact_explain,SelectiveLookahead,SparseCertified,6962,0,0,28,14,0,35,66,496,0.104015139,true,0
"messidor-bin",6,7,unary,Greedy,InformationGain,0,0,0,0,0,0,0,0,0,0.008730714,true,0
"messidor-bin",6,7,horn,Greedy,InformationGain,0,0,0,0,0,0,0,0,0,0.016496775,true,0
"messidor-bin",6,7,antihorn,Greedy,InformationGain,0,0,0,0,0,0,0,0,0,0.015530768,true,0
"messidor-bin",6,7,square2cnf,Greedy,InformationGain,0,0,0,0,0,0,0,0,0,0.127881519,true,0
"messidor-bin",6,7,affine,Greedy,InformationGain,0,0,0,0,0,0,0,0,0,0.038781165,true,0
"messidor-bin",6,7,smart_certified,Greedy,InformationGain,0,0,0,0,0,0,0,0,0,0.208675463,true,0
"messidor-bin",6,7,cals,SparseLookahead,SparseCertified,19867,2665,0,71,0,68,0,128,3625,0.91015899,true,0
"messidor-bin",6,7,cals_compact_explain,SelectiveLookahead,SparseCertified,9162,0,0,60,14,0,67,130,1005,0.16108999499999999,true,0
"messidor-bin",7,5,unary,Greedy,InformationGain,0,0,0,0,0,0,0,0,0,0.005476712,true,0
"messidor-bin",7,5,horn,Greedy,InformationGain,0,0,0,0,0,0,0,0,0,0.010290898,true,0
"messidor-bin",7,5,antihorn,Greedy,InformationGain,0,0,0,0,0,0,0,0,0,0.011518005,true,0
"messidor-bin",7,5,square2cnf,Greedy,InformationGain,0,0,0,0,0,0,0,0,0,0.059151574,true,0
"messidor-bin",7,5,affine,Greedy,InformationGain,0,0,0,0,0,0,0,0,0,0.021874891,true,0
"messidor-bin",7,5,smart_certified,Greedy,InformationGain,0,0,0,0,0,0,0,0,0,0.104702557,true,0
"messidor-bin",7,5,cals,SparseLookahead,SparseCertified,11836,1466,0,34,0,32,0,54,1818,0.213790687,true,0
"messidor-bin",7,5,cals_compact_explain,SelectiveLookahead,SparseCertified,5894,0,0,21,11,0,31,52,336,0.093805859,true,0
"messidor-bin",7,7,unary,Greedy,InformationGain,0,0,0,0,0,0,0,0,0,0.009248463,true,0
"messidor-bin",7,7,horn,Greedy,InformationGain,0,0,0,0,0,0,0,0,0,0.020150037,true,0
"messidor-bin",7,7,antihorn,Greedy,InformationGain,0,0,0,0,0,0,0,0,0,0.017812269,true,0
"messidor-bin",7,7,square2cnf,Greedy,InformationGain,0,0,0,0,0,0,0,0,0,0.131937118,true,0
"messidor-bin",7,7,affine,Greedy,InformationGain,0,0,0,0,0,0,0,0,0,0.044629866,true,0
"messidor-bin",7,7,smart_certified,Greedy,InformationGain,0,0,0,0,0,0,0,0,0,0.216640379,true,0
"messidor-bin",7,7,cals,SparseLookahead,SparseCertified,13937,2480,0,60,0,58,0,106,3248,0.334456402,true,0
"messidor-bin",7,7,cals_compact_explain,SelectiveLookahead,SparseCertified,7835,0,0,47,11,0,57,104,749,0.120204091,true,0
"messidor-bin",8,5,unary,Greedy,InformationGain,0,0,0,0,0,0,0,0,0,0.005680208,true,0
"messidor-bin",8,5,horn,Greedy,InformationGain,0,0,0,0,0,0,0,0,0,0.010595808,true,0
"messidor-bin",8,5,antihorn,Greedy,InformationGain,0,0,0,0,0,0,0,0,0,0.010281206,true,0
"messidor-bin",8,5,square2cnf,Greedy,InformationGain,0,0,0,0,0,0,0,0,0,0.072818484,true,0
"messidor-bin",8,5,affine,Greedy,InformationGain,0,0,0,0,0,0,0,0,0,0.033582862,true,0
"messidor-bin",8,5,smart_certified,Greedy,InformationGain,0,0,0,0,0,0,0,0,0,0.126076847,true,0
"messidor-bin",8,5,cals,SparseLookahead,SparseCertified,18225,1633,0,37,0,36,0,60,2017,0.542184281,true,0
"messidor-bin",8,5,cals_compact_explain,SelectiveLookahead,SparseCertified,7901,0,0,28,14,0,34,66,512,0.10773789099999999,true,0
"messidor-bin",8,7,unary,Greedy,InformationGain,0,0,0,0,0,0,0,0,0,0.009411879,true,0
"messidor-bin",8,7,horn,Greedy,InformationGain,0,0,0,0,0,0,0,0,0,0.019113173,true,0
"messidor-bin",8,7,antihorn,Greedy,InformationGain,0,0,0,0,0,0,0,0,0,0.015962808,true,0
"messidor-bin",8,7,square2cnf,Greedy,InformationGain,0,0,0,0,0,0,0,0,0,0.164520877,true,0
"messidor-bin",8,7,affine,Greedy,InformationGain,0,0,0,0,0,0,0,0,0,0.063275984,true,0
"messidor-bin",8,7,smart_certified,Greedy,InformationGain,0,0,0,0,0,0,0,0,0,0.244851447,true,0
"messidor-bin",8,7,cals,SparseLookahead,SparseCertified,20114,2541,0,60,0,59,0,106,3293,0.738583579,true,0
"messidor-bin",8,7,cals_compact_explain,SelectiveLookahead,SparseCertified,9678,0,0,53,14,0,59,116,912,0.15799376,true,0
"messidor-bin",9,5,unary,Greedy,InformationGain,0,0,0,0,0,0,0,0,0,0.005396188,true,0
"messidor-bin",9,5,horn,Greedy,InformationGain,0,0,0,0,0,0,0,0,0,0.01090706,true,0
"messidor-bin",9,5,antihorn,Greedy,InformationGain,0,0,0,0,0,0,0,0,0,0.009048876,true,0
"messidor-bin",9,5,square2cnf,Greedy,InformationGain,0,0,0,0,0,0,0,0,0,0.077022119,true,0
"messidor-bin",9,5,affine,Greedy,InformationGain,0,0,0,0,0,0,0,0,0,0.021612612,true,0
"messidor-bin",9,5,smart_certified,Greedy,InformationGain,0,0,0,0,0,0,0,0,0,0.117172842,true,0
"messidor-bin",9,5,cals,SparseLookahead,SparseCertified,15113,1632,0,38,0,36,0,62,2047,0.767334712,true,0
"messidor-bin",9,5,cals_compact_explain,SelectiveLookahead,SparseCertified,7129,0,0,30,15,0,39,68,463,0.100515571,true,0
"messidor-bin",9,7,unary,Greedy,InformationGain,0,0,0,0,0,0,0,0,0,0.008668729,true,0
"messidor-bin",9,7,horn,Greedy,InformationGain,0,0,0,0,0,0,0,0,0,0.020138781,true,0
"messidor-bin",9,7,antihorn,Greedy,InformationGain,0,0,0,0,0,0,0,0,0,0.015573143,true,0
"messidor-bin",9,7,square2cnf,Greedy,InformationGain,0,0,0,0,0,0,0,0,0,0.172406458,true,0
"messidor-bin",9,7,affine,Greedy,InformationGain,0,0,0,0,0,0,0,0,0,0.041076542,true,0
"messidor-bin",9,7,smart_certified,Greedy,InformationGain,0,0,0,0,0,0,0,0,0,0.202682284,true,0
"messidor-bin",9,7,cals,SparseLookahead,SparseCertified,17220,2608,0,66,0,64,0,118,3461,1.003759224,true,0
"messidor-bin",9,7,cals_compact_explain,SelectiveLookahead,SparseCertified,8787,0,0,57,18,0,63,126,1007,0.156312646,true,0
"mushroom",0,5,unary,Greedy,InformationGain,0,0,0,0,0,0,0,0,0,0.03083488,true,0
"mushroom",0,5,horn,Greedy,InformationGain,0,0,0,0,0,0,0,0,0,0.040241349,true,0
"mushroom",0,5,antihorn,Greedy,InformationGain,0,0,0,0,0,0,0,0,0,0.036717657,true,0
"mushroom",0,5,square2cnf,Greedy,InformationGain,0,0,0,0,0,0,0,0,0,0.131756169,true,0
"mushroom",0,5,affine,Greedy,InformationGain,0,0,0,0,0,0,0,0,0,0.05632718,true,0
"mushroom",0,5,smart_certified,Greedy,InformationGain,0,0,0,0,0,0,0,0,0,0.252512925,true,0
"mushroom",0,5,cals,SparseLookahead,SparseCertified,5947,491,0,18,0,11,0,22,667,6.031972037,true,0
"mushroom",0,5,cals_compact_explain,SelectiveLookahead,SparseCertified,3185,0,0,2,13,0,9,19,160,1.94144979,true,0
"mushroom",0,7,unary,Greedy,InformationGain,0,0,0,0,0,0,0,0,0,0.031739911,true,0
"mushroom",0,7,horn,Greedy,InformationGain,0,0,0,0,0,0,0,0,0,0.037749435,true,0
"mushroom",0,7,antihorn,Greedy,InformationGain,0,0,0,0,0,0,0,0,0,0.037425629,true,0
"mushroom",0,7,square2cnf,Greedy,InformationGain,0,0,0,0,0,0,0,0,0,0.133224869,true,0
"mushroom",0,7,affine,Greedy,InformationGain,0,0,0,0,0,0,0,0,0,0.067094543,true,0
"mushroom",0,7,smart_certified,Greedy,InformationGain,0,0,0,0,0,0,0,0,0,0.281361867,true,0
"mushroom",0,7,cals,SparseLookahead,SparseCertified,5947,491,0,18,0,11,0,22,667,6.018118467,true,0
"mushroom",0,7,cals_compact_explain,SelectiveLookahead,SparseCertified,3185,0,0,2,13,0,9,19,160,2.000994722,true,0
"mushroom",1,5,unary,Greedy,InformationGain,0,0,0,0,0,0,0,0,0,0.029059296,true,0
"mushroom",1,5,horn,Greedy,InformationGain,0,0,0,0,0,0,0,0,0,0.037365721,true,0
"mushroom",1,5,antihorn,Greedy,InformationGain,0,0,0,0,0,0,0,0,0,0.037649924,true,0
"mushroom",1,5,square2cnf,Greedy,InformationGain,0,0,0,0,0,0,0,0,0,0.145337431,true,0
"mushroom",1,5,affine,Greedy,InformationGain,0,0,0,0,0,0,0,0,0,0.054776442,true,0
"mushroom",1,5,smart_certified,Greedy,InformationGain,0,0,0,0,0,0,0,0,0,0.182849683,true,0
"mushroom",1,5,cals,SparseLookahead,SparseCertified,6412,482,0,18,0,11,0,22,658,5.8336818809999995,true,0
"mushroom",1,5,cals_compact_explain,SelectiveLookahead,SparseCertified,2356,0,0,2,13,0,8,19,176,1.611265214,true,0
"mushroom",1,7,unary,Greedy,InformationGain,0,0,0,0,0,0,0,0,0,0.029735743,true,0
"mushroom",1,7,horn,Greedy,InformationGain,0,0,0,0,0,0,0,0,0,0.037873241,true,0
"mushroom",1,7,antihorn,Greedy,InformationGain,0,0,0,0,0,0,0,0,0,0.038230017,true,0
"mushroom",1,7,square2cnf,Greedy,InformationGain,0,0,0,0,0,0,0,0,0,0.144832739,true,0
"mushroom",1,7,affine,Greedy,InformationGain,0,0,0,0,0,0,0,0,0,0.064259903,true,0
"mushroom",1,7,smart_certified,Greedy,InformationGain,0,0,0,0,0,0,0,0,0,0.171903492,true,0
"mushroom",1,7,cals,SparseLookahead,SparseCertified,6412,482,0,18,0,11,0,22,658,5.8310762060000005,true,0
"mushroom",1,7,cals_compact_explain,SelectiveLookahead,SparseCertified,2356,0,0,2,13,0,8,19,176,1.6026968750000001,true,0
"mushroom",2,5,unary,Greedy,InformationGain,0,0,0,0,0,0,0,0,0,0.030594283,true,0
"mushroom",2,5,horn,Greedy,InformationGain,0,0,0,0,0,0,0,0,0,0.037758294,true,0
"mushroom",2,5,antihorn,Greedy,InformationGain,0,0,0,0,0,0,0,0,0,0.037827369,true,0
"mushroom",2,5,square2cnf,Greedy,InformationGain,0,0,0,0,0,0,0,0,0,0.145371691,true,0
"mushroom",2,5,affine,Greedy,InformationGain,0,0,0,0,0,0,0,0,0,0.057732544,true,0
"mushroom",2,5,smart_certified,Greedy,InformationGain,0,0,0,0,0,0,0,0,0,0.251783446,true,0
"mushroom",2,5,cals,SparseLookahead,SparseCertified,6437,527,0,25,0,12,0,29,799,7.065890574,true,0
"mushroom",2,5,cals_compact_explain,SelectiveLookahead,SparseCertified,2445,0,0,2,13,0,7,19,192,1.191792104,true,0
"mushroom",2,7,unary,Greedy,InformationGain,0,0,0,0,0,0,0,0,0,0.031088531,true,0
"mushroom",2,7,horn,Greedy,InformationGain,0,0,0,0,0,0,0,0,0,0.038775625,true,0
"mushroom",2,7,antihorn,Greedy,InformationGain,0,0,0,0,0,0,0,0,0,0.037046611,true,0
"mushroom",2,7,square2cnf,Greedy,InformationGain,0,0,0,0,0,0,0,0,0,0.14196085,true,0
"mushroom",2,7,affine,Greedy,InformationGain,0,0,0,0,0,0,0,0,0,0.064682434,true,0
"mushroom",2,7,smart_certified,Greedy,InformationGain,0,0,0,0,0,0,0,0,0,0.286442529,true,0
"mushroom",2,7,cals,SparseLookahead,SparseCertified,6437,527,0,25,0,12,0,29,799,6.986722015000001,true,0
"mushroom",2,7,cals_compact_explain,SelectiveLookahead,SparseCertified,2445,0,0,2,13,0,7,19,192,1.1857865090000002,true,0
"mushroom",3,5,unary,Greedy,InformationGain,0,0,0,0,0,0,0,0,0,0.036767754,true,0
"mushroom",3,5,horn,Greedy,InformationGain,0,0,0,0,0,0,0,0,0,0.03742541,true,0
"mushroom",3,5,antihorn,Greedy,InformationGain,0,0,0,0,0,0,0,0,0,0.037555965,true,0
"mushroom",3,5,square2cnf,Greedy,InformationGain,0,0,0,0,0,0,0,0,0,0.142707589,true,0
"mushroom",3,5,affine,Greedy,InformationGain,0,0,0,0,0,0,0,0,0,0.060882533,true,0
"mushroom",3,5,smart_certified,Greedy,InformationGain,0,0,0,0,0,0,0,0,0,0.257480745,true,0
"mushroom",3,5,cals,SparseLookahead,SparseCertified,7382,617,0,25,0,14,0,29,857,7.809599917,true,0
"mushroom",3,5,cals_compact_explain,SelectiveLookahead,SparseCertified,2540,0,0,2,13,0,8,19,176,1.614274671,true,0
"mushroom",3,7,unary,Greedy,InformationGain,0,0,0,0,0,0,0,0,0,0.031443873,true,0
"mushroom",3,7,horn,Greedy,InformationGain,0,0,0,0,0,0,0,0,0,0.037526943,true,0
"mushroom",3,7,antihorn,Greedy,InformationGain,0,0,0,0,0,0,0,0,0,0.037029104,true,0
"mushroom",3,7,square2cnf,Greedy,InformationGain,0,0,0,0,0,0,0,0,0,0.142758426,true,0
"mushroom",3,7,affine,Greedy,InformationGain,0,0,0,0,0,0,0,0,0,0.064934938,true,0
"mushroom",3,7,smart_certified,Greedy,InformationGain,0,0,0,0,0,0,0,0,0,0.279342542,true,0
"mushroom",3,7,cals,SparseLookahead,SparseCertified,7382,617,0,25,0,14,0,29,857,7.8229593479999995,true,0
"mushroom",3,7,cals_compact_explain,SelectiveLookahead,SparseCertified,2540,0,0,2,13,0,8,19,176,1.614884763,true,0
"mushroom",4,5,unary,Greedy,InformationGain,0,0,0,0,0,0,0,0,0,0.031654285,true,0
"mushroom",4,5,horn,Greedy,InformationGain,0,0,0,0,0,0,0,0,0,0.038184856,true,0
"mushroom",4,5,antihorn,Greedy,InformationGain,0,0,0,0,0,0,0,0,0,0.03655013,true,0
"mushroom",4,5,square2cnf,Greedy,InformationGain,0,0,0,0,0,0,0,0,0,0.130996266,true,0
"mushroom",4,5,affine,Greedy,InformationGain,0,0,0,0,0,0,0,0,0,0.05458044,true,0
"mushroom",4,5,smart_certified,Greedy,InformationGain,0,0,0,0,0,0,0,0,0,0.250427066,true,0
"mushroom",4,5,cals,SparseLookahead,SparseCertified,6332,586,0,25,0,13,0,29,842,7.442498540000001,true,0
"mushroom",4,5,cals_compact_explain,SelectiveLookahead,SparseCertified,4329,0,0,4,13,0,10,22,192,2.525238994,true,0
"mushroom",4,7,unary,Greedy,InformationGain,0,0,0,0,0,0,0,0,0,0.031394772,true,0
"mushroom",4,7,horn,Greedy,InformationGain,0,0,0,0,0,0,0,0,0,0.038449296,true,0
"mushroom",4,7,antihorn,Greedy,InformationGain,0,0,0,0,0,0,0,0,0,0.036952361,true,0
"mushroom",4,7,square2cnf,Greedy,InformationGain,0,0,0,0,0,0,0,0,0,0.130942035,true,0
"mushroom",4,7,affine,Greedy,InformationGain,0,0,0,0,0,0,0,0,0,0.062725059,true,0
"mushroom",4,7,smart_certified,Greedy,InformationGain,0,0,0,0,0,0,0,0,0,0.278295585,true,0
"mushroom",4,7,cals,SparseLookahead,SparseCertified,6332,586,0,25,0,13,0,29,842,7.469183904,true,0
"mushroom",4,7,cals_compact_explain,SelectiveLookahead,SparseCertified,4329,0,0,4,13,0,10,22,192,2.507433491,true,0
"mushroom",5,5,unary,Greedy,InformationGain,0,0,0,0,0,0,0,0,0,0.030425507,true,0
"mushroom",5,5,horn,Greedy,InformationGain,0,0,0,0,0,0,0,0,0,0.038390966,true,0
"mushroom",5,5,antihorn,Greedy,InformationGain,0,0,0,0,0,0,0,0,0,0.036188822,true,0
"mushroom",5,5,square2cnf,Greedy,InformationGain,0,0,0,0,0,0,0,0,0,0.1160686,true,0
"mushroom",5,5,affine,Greedy,InformationGain,0,0,0,0,0,0,0,0,0,0.065595922,true,0
"mushroom",5,5,smart_certified,Greedy,InformationGain,0,0,0,0,0,0,0,0,0,0.252511642,true,0
"mushroom",5,5,cals,SparseLookahead,SparseCertified,6650,628,0,25,0,14,0,29,868,7.882817608,true,0
"mushroom",5,5,cals_compact_explain,SelectiveLookahead,SparseCertified,5317,0,0,4,13,0,12,22,160,3.161367383,true,0
"mushroom",5,7,unary,Greedy,InformationGain,0,0,0,0,0,0,0,0,0,0.030408404,true,0
"mushroom",5,7,horn,Greedy,InformationGain,0,0,0,0,0,0,0,0,0,0.037946261,true,0
"mushroom",5,7,antihorn,Greedy,InformationGain,0,0,0,0,0,0,0,0,0,0.037338155,true,0
"mushroom",5,7,square2cnf,Greedy,InformationGain,0,0,0,0,0,0,0,0,0,0.117501736,true,0
"mushroom",5,7,affine,Greedy,InformationGain,0,0,0,0,0,0,0,0,0,0.064996791,true,0
"mushroom",5,7,smart_certified,Greedy,InformationGain,0,0,0,0,0,0,0,0,0,0.281063313,true,0
"mushroom",5,7,cals,SparseLookahead,SparseCertified,6650,628,0,25,0,14,0,29,868,7.938372277999999,true,0
"mushroom",5,7,cals_compact_explain,SelectiveLookahead,SparseCertified,5317,0,0,4,13,0,12,22,160,3.170105431,true,0
"mushroom",6,5,unary,Greedy,InformationGain,0,0,0,0,0,0,0,0,0,0.030345436,true,0
"mushroom",6,5,horn,Greedy,InformationGain,0,0,0,0,0,0,0,0,0,0.037731029,true,0
"mushroom",6,5,antihorn,Greedy,InformationGain,0,0,0,0,0,0,0,0,0,0.037117098,true,0
"mushroom",6,5,square2cnf,Greedy,InformationGain,0,0,0,0,0,0,0,0,0,0.131750169,true,0
"mushroom",6,5,affine,Greedy,InformationGain,0,0,0,0,0,0,0,0,0,0.054201889,true,0
"mushroom",6,5,smart_certified,Greedy,InformationGain,0,0,0,0,0,0,0,0,0,0.25229263,true,0
"mushroom",6,5,cals,SparseLookahead,SparseCertified,6431,508,0,18,0,11,0,22,684,6.1397249799999996,true,0
"mushroom",6,5,cals_compact_explain,SelectiveLookahead,SparseCertified,2495,0,0,2,13,0,8,19,176,1.6627739400000001,true,0
"mushroom",6,7,unary,Greedy,InformationGain,0,0,0,0,0,0,0,0,0,0.031249161,true,0
"mushroom",6,7,horn,Greedy,InformationGain,0,0,0,0,0,0,0,0,0,0.037941221,true,0
"mushroom",6,7,antihorn,Greedy,InformationGain,0,0,0,0,0,0,0,0,0,0.037568503,true,0
"mushroom",6,7,square2cnf,Greedy,InformationGain,0,0,0,0,0,0,0,0,0,0.130974833,true,0
"mushroom",6,7,affine,Greedy,InformationGain,0,0,0,0,0,0,0,0,0,0.065143119,true,0
"mushroom",6,7,smart_certified,Greedy,InformationGain,0,0,0,0,0,0,0,0,0,0.27792869,true,0
"mushroom",6,7,cals,SparseLookahead,SparseCertified,6431,508,0,18,0,11,0,22,684,6.180522327,true,0
"mushroom",6,7,cals_compact_explain,SelectiveLookahead,SparseCertified,2495,0,0,2,13,0,8,19,176,1.647967272,true,0
"mushroom",7,5,unary,Greedy,InformationGain,0,0,0,0,0,0,0,0,0,0.030117808,true,0
"mushroom",7,5,horn,Greedy,InformationGain,0,0,0,0,0,0,0,0,0,0.036771912,true,0
"mushroom",7,5,antihorn,Greedy,InformationGain,0,0,0,0,0,0,0,0,0,0.036040662,true,0
"mushroom",7,5,square2cnf,Greedy,InformationGain,0,0,0,0,0,0,0,0,0,0.11713978,true,0
"mushroom",7,5,affine,Greedy,InformationGain,0,0,0,0,0,0,0,0,0,0.05418447,true,0
"mushroom",7,5,smart_certified,Greedy,InformationGain,0,0,0,0,0,0,0,0,0,0.255410608,true,0
"mushroom",7,5,cals,SparseLookahead,SparseCertified,6012,591,0,25,0,13,0,29,847,7.5480848840000005,true,0
"mushroom",7,5,cals_compact_explain,SelectiveLookahead,SparseCertified,2636,0,0,2,13,0,8,19,176,1.6245336830000001,true,0
"mushroom",7,7,unary,Greedy,InformationGain,0,0,0,0,0,0,0,0,0,0.029232304,true,0
"mushroom",7,7,horn,Greedy,InformationGain,0,0,0,0,0,0,0,0,0,0.036216597,true,0
"mushroom",7,7,antihorn,Greedy,InformationGain,0,0,0,0,0,0,0,0,0,0.035300869,true,0
"mushroom",7,7,square2cnf,Greedy,InformationGain,0,0,0,0,0,0,0,0,0,0.118246444,true,0
"mushroom",7,7,affine,Greedy,InformationGain,0,0,0,0,0,0,0,0,0,0.069245752,true,0
"mushroom",7,7,smart_certified,Greedy,InformationGain,0,0,0,0,0,0,0,0,0,0.255504847,true,0
"mushroom",7,7,cals,SparseLookahead,SparseCertified,6012,591,0,25,0,13,0,29,847,7.631039638000001,true,0
"mushroom",7,7,cals_compact_explain,SelectiveLookahead,SparseCertified,2636,0,0,2,13,0,8,19,176,1.6204357209999998,true,0
"mushroom",8,5,unary,Greedy,InformationGain,0,0,0,0,0,0,0,0,0,0.03053264,true,0
"mushroom",8,5,horn,Greedy,InformationGain,0,0,0,0,0,0,0,0,0,0.039244512,true,0
"mushroom",8,5,antihorn,Greedy,InformationGain,0,0,0,0,0,0,0,0,0,0.039141694,true,0
"mushroom",8,5,square2cnf,Greedy,InformationGain,0,0,0,0,0,0,0,0,0,0.127244914,true,0
"mushroom",8,5,affine,Greedy,InformationGain,0,0,0,0,0,0,0,0,0,0.056554828,true,0
"mushroom",8,5,smart_certified,Greedy,InformationGain,0,0,0,0,0,0,0,0,0,0.256594349,true,0
"mushroom",8,5,cals,SparseLookahead,SparseCertified,5581,497,0,18,0,11,0,22,673,6.124031851,true,0
"mushroom",8,5,cals_compact_explain,SelectiveLookahead,SparseCertified,3793,0,0,5,13,0,9,24,240,1.819897282,true,0
"mushroom",8,7,unary,Greedy,InformationGain,0,0,0,0,0,0,0,0,0,0.031025661,true,0
"mushroom",8,7,horn,Greedy,InformationGain,0,0,0,0,0,0,0,0,0,0.042141178,true,0
"mushroom",8,7,antihorn,Greedy,InformationGain,0,0,0,0,0,0,0,0,0,0.040003905,true,0
"mushroom",8,7,square2cnf,Greedy,InformationGain,0,0,0,0,0,0,0,0,0,0.143461204,true,0
"mushroom",8,7,affine,Greedy,InformationGain,0,0,0,0,0,0,0,0,0,0.064557943,true,0
"mushroom",8,7,smart_certified,Greedy,InformationGain,0,0,0,0,0,0,0,0,0,0.291620814,true,0
"mushroom",8,7,cals,SparseLookahead,SparseCertified,5581,497,0,18,0,11,0,22,673,6.145939752,true,0
"mushroom",8,7,cals_compact_explain,SelectiveLookahead,SparseCertified,3793,0,0,5,13,0,9,24,240,1.823977705,true,0
"mushroom",9,5,unary,Greedy,InformationGain,0,0,0,0,0,0,0,0,0,0.02968014,true,0
"mushroom",9,5,horn,Greedy,InformationGain,0,0,0,0,0,0,0,0,0,0.036720841,true,0
"mushroom",9,5,antihorn,Greedy,InformationGain,0,0,0,0,0,0,0,0,0,0.036680647,true,0
"mushroom",9,5,square2cnf,Greedy,InformationGain,0,0,0,0,0,0,0,0,0,0.116460057,true,0
"mushroom",9,5,affine,Greedy,InformationGain,0,0,0,0,0,0,0,0,0,0.055303345,true,0
"mushroom",9,5,smart_certified,Greedy,InformationGain,0,0,0,0,0,0,0,0,0,0.260113467,true,0
"mushroom",9,5,cals,SparseLookahead,SparseCertified,4530,502,0,25,0,11,0,29,790,5.242372825,true,0
"mushroom",9,5,cals_compact_explain,SelectiveLookahead,SparseCertified,2779,0,0,2,13,0,9,19,160,1.6005746820000002,true,0
"mushroom",9,7,unary,Greedy,InformationGain,0,0,0,0,0,0,0,0,0,0.029203315,true,0
"mushroom",9,7,horn,Greedy,InformationGain,0,0,0,0,0,0,0,0,0,0.037584535,true,0
"mushroom",9,7,antihorn,Greedy,InformationGain,0,0,0,0,0,0,0,0,0,0.035710478,true,0
"mushroom",9,7,square2cnf,Greedy,InformationGain,0,0,0,0,0,0,0,0,0,0.115531745,true,0
"mushroom",9,7,affine,Greedy,InformationGain,0,0,0,0,0,0,0,0,0,0.064518456,true,0
"mushroom",9,7,smart_certified,Greedy,InformationGain,0,0,0,0,0,0,0,0,0,0.256591667,true,0
"mushroom",9,7,cals,SparseLookahead,SparseCertified,4530,502,0,25,0,11,0,29,790,5.260934562,true,0
"mushroom",9,7,cals_compact_explain,SelectiveLookahead,SparseCertified,2779,0,0,2,13,0,9,19,160,1.600105135,true,0
"pendigits",0,5,unary,Greedy,InformationGain,0,0,0,0,0,0,0,0,0,0.111046581,true,0
"pendigits",0,5,horn,Greedy,InformationGain,0,0,0,0,0,0,0,0,0,0.079860453,true,0
"pendigits",0,5,antihorn,Greedy,InformationGain,0,0,0,0,0,0,0,0,0,0.077723389,true,0
"pendigits",0,5,square2cnf,Greedy,InformationGain,0,0,0,0,0,0,0,0,0,0.278865693,true,0
"pendigits",0,5,affine,Greedy,InformationGain,0,0,0,0,0,0,0,0,0,0.178365538,true,0
"pendigits",0,5,smart_certified,Greedy,InformationGain,0,0,0,0,0,0,0,0,0,0.657859378,true,0
"pendigits",0,5,cals,SparseLookahead,SparseCertified,7184,888,0,30,0,23,0,46,1256,8.541212991,true,0
"pendigits",0,5,cals_compact_explain,SelectiveLookahead,SparseCertified,6360,0,0,18,16,0,21,50,464,3.765108999,true,0
"pendigits",0,7,unary,Greedy,InformationGain,0,0,0,0,0,0,0,0,0,0.077022112,true,0
"pendigits",0,7,horn,Greedy,InformationGain,0,0,0,0,0,0,0,0,0,0.086211814,true,0
"pendigits",0,7,antihorn,Greedy,InformationGain,0,0,0,0,0,0,0,0,0,0.086329901,true,0
"pendigits",0,7,square2cnf,Greedy,InformationGain,0,0,0,0,0,0,0,0,0,0.35141291,true,0
"pendigits",0,7,affine,Greedy,InformationGain,0,0,0,0,0,0,0,0,0,0.228811559,true,0
"pendigits",0,7,smart_certified,Greedy,InformationGain,0,0,0,0,0,0,0,0,0,0.827302799,true,0
"pendigits",0,7,cals,SparseLookahead,SparseCertified,7633,956,0,34,0,27,0,54,1388,10.384683723,true,0
"pendigits",0,7,cals_compact_explain,SelectiveLookahead,SparseCertified,6809,0,0,22,16,0,25,58,528,4.384810223000001,true,0
"pendigits",1,5,unary,Greedy,InformationGain,0,0,0,0,0,0,0,0,0,0.063774438,true,0
"pendigits",1,5,horn,Greedy,InformationGain,0,0,0,0,0,0,0,0,0,0.071799465,true,0
"pendigits",1,5,antihorn,Greedy,InformationGain,0,0,0,0,0,0,0,0,0,0.071988151,true,0
"pendigits",1,5,square2cnf,Greedy,InformationGain,0,0,0,0,0,0,0,0,0,0.247739147,true,0
"pendigits",1,5,affine,Greedy,InformationGain,0,0,0,0,0,0,0,0,0,0.187322869,true,0
"pendigits",1,5,smart_certified,Greedy,InformationGain,0,0,0,0,0,0,0,0,0,0.617722778,true,0
"pendigits",1,5,cals,SparseLookahead,SparseCertified,6924,831,0,27,0,20,0,40,1151,8.271734195,true,0
"pendigits",1,5,cals_compact_explain,SelectiveLookahead,SparseCertified,6277,0,0,15,16,0,18,44,416,3.798790388,true,0
"pendigits",1,7,unary,Greedy,InformationGain,0,0,0,0,0,0,0,0,0,0.072459619,true,0
"pendigits",1,7,horn,Greedy,InformationGain,0,0,0,0,0,0,0,0,0,0.082570463,true,0
"pendigits",1,7,antihorn,Greedy,InformationGain,0,0,0,0,0,0,0,0,0,0.082140094,true,0
"pendigits",1,7,square2cnf,Greedy,InformationGain,0,0,0,0,0,0,0,0,0,0.335110615,true,0
"pendigits",1,7,affine,Greedy,InformationGain,0,0,0,0,0,0,0,0,0,0.259532037,true,0
"pendigits",1,7,smart_certified,Greedy,InformationGain,0,0,0,0,0,0,0,0,0,0.784005589,true,0
"pendigits",1,7,cals,SparseLookahead,SparseCertified,7473,921,0,31,0,24,0,48,1305,10.068217513,true,0
"pendigits",1,7,cals_compact_explain,SelectiveLookahead,SparseCertified,6825,0,0,19,16,0,22,52,480,4.382111009,true,0
"pendigits",2,5,unary,Greedy,InformationGain,0,0,0,0,0,0,0,0,0,0.060054372,true,0
"pendigits",2,5,horn,Greedy,InformationGain,0,0,0,0,0,0,0,0,0,0.077488895,true,0
"pendigits",2,5,antihorn,Greedy,InformationGain,0,0,0,0,0,0,0,0,0,0.079493405,true,0
"pendigits",2,5,square2cnf,Greedy,InformationGain,0,0,0,0,0,0,0,0,0,0.293198931,true,0
"pendigits",2,5,affine,Greedy,InformationGain,0,0,0,0,0,0,0,0,0,0.166593065,true,0
"pendigits",2,5,smart_certified,Greedy,InformationGain,0,0,0,0,0,0,0,0,0,0.616335972,true,0
"pendigits",2,5,cals,SparseLookahead,SparseCertified,7417,835,0,30,0,23,0,46,1203,9.617744981,true,0
"pendigits",2,5,cals_compact_explain,SelectiveLookahead,SparseCertified,5908,0,0,18,16,0,19,50,496,3.856200824,true,0
"pendigits",2,7,unary,Greedy,InformationGain,0,0,0,0,0,0,0,0,0,0.066899865,true,0
"pendigits",2,7,horn,Greedy,InformationGain,0,0,0,0,0,0,0,0,0,0.095328601,true,0
"pendigits",2,7,antihorn,Greedy,InformationGain,0,0,0,0,0,0,0,0,0,0.096178385,true,0
"pendigits",2,7,square2cnf,Greedy,InformationGain,0,0,0,0,0,0,0,0,0,0.412329203,true,0
"pendigits",2,7,affine,Greedy,InformationGain,0,0,0,0,0,0,0,0,0,0.229437903,true,0
"pendigits",2,7,smart_certified,Greedy,InformationGain,0,0,0,0,0,0,0,0,0,0.816808544,true,0
"pendigits",2,7,cals,SparseLookahead,SparseCertified,7984,928,0,34,0,27,0,54,1360,11.590329832,true,0
"pendigits",2,7,cals_compact_explain,SelectiveLookahead,SparseCertified,6474,0,0,22,16,0,23,58,560,4.525907117,true,0
"pendigits",3,5,unary,Greedy,InformationGain,0,0,0,0,0,0,0,0,0,0.064032643,true,0
"pendigits",3,5,horn,Greedy,InformationGain,0,0,0,0,0,0,0,0,0,0.075600558,true,0
"pendigits",3,5,antihorn,Greedy,InformationGain,0,0,0,0,0,0,0,0,0,0.078915296,true,0
"pendigits",3,5,square2cnf,Greedy,InformationGain,0,0,0,0,0,0,0,0,0,0.25537191,true,0
"pendigits",3,5,affine,Greedy,InformationGain,0,0,0,0,0,0,0,0,0,0.19390252,true,0
"pendigits",3,5,smart_certified,Greedy,InformationGain,0,0,0,0,0,0,0,0,0,0.662322351,true,0
"pendigits",3,5,cals,SparseLookahead,SparseCertified,6477,769,0,28,0,21,0,42,1105,7.270288935,true,0
"pendigits",3,5,cals_compact_explain,SelectiveLookahead,SparseCertified,5523,0,0,16,16,0,18,46,448,3.03097657,true,0
"pendigits",3,7,unary,Greedy,InformationGain,0,0,0,0,0,0,0,0,0,0.073875677,true,0
"pendigits",3,7,horn,Greedy,InformationGain,0,0,0,0,0,0,0,0,0,0.085768166,true,0
"pendigits",3,7,antihorn,Greedy,InformationGain,0,0,0,0,0,0,0,0,0,0.087405621,true,0
"pendigits",3,7,square2cnf,Greedy,InformationGain,0,0,0,0,0,0,0,0,0,0.332887927,true,0
"pendigits",3,7,affine,Greedy,InformationGain,0,0,0,0,0,0,0,0,0,0.230946986,true,0
"pendigits",3,7,smart_certified,Greedy,InformationGain,0,0,0,0,0,0,0,0,0,0.829765472,true,0
"pendigits",3,7,cals,SparseLookahead,SparseCertified,6949,838,0,32,0,25,0,50,1238,10.237681661,true,0
"pendigits",3,7,cals_compact_explain,SelectiveLookahead,SparseCertified,5995,0,0,20,16,0,22,54,512,3.908862206,true,0
"pendigits",4,5,unary,Greedy,InformationGain,0,0,0,0,0,0,0,0,0,0.058882532,true,0
"pendigits",4,5,horn,Greedy,InformationGain,0,0,0,0,0,0,0,0,0,0.066091696,true,0
"pendigits",4,5,antihorn,Greedy,InformationGain,0,0,0,0,0,0,0,0,0,0.067423764,true,0
"pendigits",4,5,square2cnf,Greedy,InformationGain,0,0,0,0,0,0,0,0,0,0.242255301,true,0
"pendigits",4,5,affine,Greedy,InformationGain,0,0,0,0,0,0,0,0,0,0.146924444,true,0
"pendigits",4,5,smart_certified,Greedy,InformationGain,0,0,0,0,0,0,0,0,0,0.611265134,true,0
"pendigits",4,5,cals,SparseLookahead,SparseCertified,7213,833,0,29,0,22,0,44,1185,8.022359372,true,0
"pendigits",4,5,cals_compact_explain,SelectiveLookahead,SparseCertified,6145,0,0,17,16,0,19,48,464,3.1565240250000004,true,0
"pendigits",4,7,unary,Greedy,InformationGain,0,0,0,0,0,0,0,0,0,0.066632894,true,0
"pendigits",4,7,horn,Greedy,InformationGain,0,0,0,0,0,0,0,0,0,0.081760731,true,0
"pendigits",4,7,antihorn,Greedy,InformationGain,0,0,0,0,0,0,0,0,0,0.08082776,true,0
"pendigits",4,7,square2cnf,Greedy,InformationGain,0,0,0,0,0,0,0,0,0,0.34119831,true,0
"pendigits",4,7,affine,Greedy,InformationGain,0,0,0,0,0,0,0,0,0,0.181913109,true,0
"pendigits",4,7,smart_certified,Greedy,InformationGain,0,0,0,0,0,0,0,0,0,0.715454736,true,0
"pendigits",4,7,cals,SparseLookahead,SparseCertified,7809,950,0,32,0,25,0,50,1350,10.978249507000001,true,0
"pendigits",4,7,cals_compact_explain,SelectiveLookahead,SparseCertified,6741,0,0,20,16,0,22,54,512,4.222214167,true,0
"pendigits",5,5,unary,Greedy,InformationGain,0,0,0,0,0,0,0,0,0,0.056308412,true,0
"pendigits",5,5,horn,Greedy,InformationGain,0,0,0,0,0,0,0,0,0,0.069781477,true,0
"pendigits",5,5,antihorn,Greedy,InformationGain,0,0,0,0,0,0,0,0,0,0.06814777,true,0
"pendigits",5,5,square2cnf,Greedy,InformationGain,0,0,0,0,0,0,0,0,0,0.238074357,true,0
"pendigits",5,5,affine,Greedy,InformationGain,0,0,0,0,0,0,0,0,0,0.171098392,true,0
"pendigits",5,5,smart_certified,Greedy,InformationGain,0,0,0,0,0,0,0,0,0,0.555788001,true,0
"pendigits",5,5,cals,SparseLookahead,SparseCertified,6426,921,0,29,0,24,0,44,1241,4.616038728,true,0
"pendigits",5,5,cals_compact_explain,SelectiveLookahead,SparseCertified,6365,0,0,18,15,0,23,48,400,2.156279299,true,0
"pendigits",5,7,unary,Greedy,InformationGain,0,0,0,0,0,0,0,0,0,0.065623711,true,0
"pendigits",5,7,horn,Greedy,InformationGain,0,0,0,0,0,0,0,0,0,0.085244087,true,0
"pendigits",5,7,antihorn,Greedy,InformationGain,0,0,0,0,0,0,0,0,0,0.080480082,true,0
"pendigits",5,7,square2cnf,Greedy,InformationGain,0,0,0,0,0,0,0,0,0,0.316569832,true,0
"pendigits",5,7,affine,Greedy,InformationGain,0,0,0,0,0,0,0,0,0,0.20410835,true,0
"pendigits",5,7,smart_certified,Greedy,InformationGain,0,0,0,0,0,0,0,0,0,0.71803166,true,0
"pendigits",5,7,cals,SparseLookahead,SparseCertified,7178,1020,0,35,0,30,0,56,1436,4.694683986,true,0
"pendigits",5,7,cals_compact_explain,SelectiveLookahead,SparseCertified,6958,0,0,22,15,0,27,56,464,2.202460683,true,0
"pendigits",6,5,unary,Greedy,InformationGain,0,0,0,0,0,0,0,0,0,0.055090557,true,0
"pendigits",6,5,horn,Greedy,InformationGain,0,0,0,0,0,0,0,0,0,0.072725761,true,0
"pendigits",6,5,antihorn,Greedy,InformationGain,0,0,0,0,0,0,0,0,0,0.069551733,true,0
"pendigits",6,5,square2cnf,Greedy,InformationGain,0,0,0,0,0,0,0,0,0,0.233627919,true,0
"pendigits",6,5,affine,Greedy,InformationGain,0,0,0,0,0,0,0,0,0,0.141636059,true,0
"pendigits",6,5,smart_certified,Greedy,InformationGain,0,0,0,0,0,0,0,0,0,0.504500488,true,0
"pendigits",6,5,cals,SparseLookahead,SparseCertified,6834,871,0,28,0,22,0,42,1191,4.115070434,true,0
"pendigits",6,5,cals_compact_explain,SelectiveLookahead,SparseCertified,5270,0,0,19,13,0,18,46,448,1.826274583,true,0
"pendigits",6,7,unary,Greedy,InformationGain,0,0,0,0,0,0,0,0,0,0.061280698,true,0
"pendigits",6,7,horn,Greedy,InformationGain,0,0,0,0,0,0,0,0,0,0.078037212,true,0
"pendigits",6,7,antihorn,Greedy,InformationGain,0,0,0,0,0,0,0,0,0,0.08009192,true,0
"pendigits",6,7,square2cnf,Greedy,InformationGain,0,0,0,0,0,0,0,0,0,0.306900224,true,0
"pendigits",6,7,affine,Greedy,InformationGain,0,0,0,0,0,0,0,0,0,0.169806958,true,0
"pendigits",6,7,smart_certified,Greedy,InformationGain,0,0,0,0,0,0,0,0,0,0.608488735,true,0
"pendigits",6,7,cals,SparseLookahead,SparseCertified,7533,992,0,33,0,27,0,52,1392,4.974775403,true,0
"pendigits",6,7,cals_compact_explain,SelectiveLookahead,SparseCertified,5967,0,0,24,13,0,23,56,528,2.2030748090000003,true,0
"pendigits",7,5,unary,Greedy,InformationGain,0,0,0,0,0,0,0,0,0,0.076069944,true,0
"pendigits",7,5,horn,Greedy,InformationGain,0,0,0,0,0,0,0,0,0,0.082812967,true,0
"pendigits",7,5,antihorn,Greedy,InformationGain,0,0,0,0,0,0,0,0,0,0.083060882,true,0
"pendigits",7,5,square2cnf,Greedy,InformationGain,0,0,0,0,0,0,0,0,0,0.273066924,true,0
"pendigits",7,5,affine,Greedy,InformationGain,0,0,0,0,0,0,0,0,0,0.219634255,true,0
"pendigits",7,5,smart_certified,Greedy,InformationGain,0,0,0,0,0,0,0,0,0,0.72922228,true,0
"pendigits",7,5,cals,SparseLookahead,SparseCertified,6534,877,0,29,0,20,0,44,1261,18.925694879999998,true,0
"pendigits",7,5,cals_compact_explain,SelectiveLookahead,SparseCertified,6309,0,0,17,16,0,20,48,448,6.759195825,true,0
"pendigits",7,7,unary,Greedy,InformationGain,0,0,0,0,0,0,0,0,0,0.086855361,true,0
"pendigits",7,7,horn,Greedy,InformationGain,0,0,0,0,0,0,0,0,0,0.098953027,true,0
"pendigits",7,7,antihorn,Greedy,InformationGain,0,0,0,0,0,0,0,0,0,0.106403313,true,0
"pendigits",7,7,square2cnf,Greedy,InformationGain,0,0,0,0,0,0,0,0,0,0.367618168,true,0
"pendigits",7,7,affine,Greedy,InformationGain,0,0,0,0,0,0,0,0,0,0.230680771,true,0
"pendigits",7,7,smart_certified,Greedy,InformationGain,0,0,0,0,0,0,0,0,0,0.921479918,true,0
"pendigits",7,7,cals,SparseLookahead,SparseCertified,7987,1060,0,34,0,25,0,54,1524,23.113389545999997,true,0
"pendigits",7,7,cals_compact_explain,SelectiveLookahead,SparseCertified,7690,0,0,22,16,0,25,58,528,8.558693188,true,0
"pendigits",8,5,unary,Greedy,InformationGain,0,0,0,0,0,0,0,0,0,0.085262525,true,0
"pendigits",8,5,horn,Greedy,InformationGain,0,0,0,0,0,0,0,0,0,0.094658335,true,0
"pendigits",8,5,antihorn,Greedy,InformationGain,0,0,0,0,0,0,0,0,0,0.080568668,true,0
"pendigits",8,5,square2cnf,Greedy,InformationGain,0,0,0,0,0,0,0,0,0,0.297023471,true,0
"pendigits",8,5,affine,Greedy,InformationGain,0,0,0,0,0,0,0,0,0,0.172037848,true,0
"pendigits",8,5,smart_certified,Greedy,InformationGain,0,0,0,0,0,0,0,0,0,0.633721848,true,0
"pendigits",8,5,cals,SparseLookahead,SparseCertified,6810,846,0,29,0,23,0,44,1182,8.275763804,true,0
"pendigits",8,5,cals_compact_explain,SelectiveLookahead,SparseCertified,5755,0,0,17,16,0,19,48,464,3.349315333,true,0
"pendigits",8,7,unary,Greedy,InformationGain,0,0,0,0,0,0,0,0,0,0.070817364,true,0
"pendigits",8,7,horn,Greedy,InformationGain,0,0,0,0,0,0,0,0,0,0.090828987,true,0
"pendigits",8,7,antihorn,Greedy,InformationGain,0,0,0,0,0,0,0,0,0,0.090375317,true,0
"pendigits",8,7,square2cnf,Greedy,InformationGain,0,0,0,0,0,0,0,0,0,0.368446664,true,0
"pendigits",8,7,affine,Greedy,InformationGain,0,0,0,0,0,0,0,0,0,0.191878014,true,0
"pendigits",8,7,smart_certified,Greedy,InformationGain,0,0,0,0,0,0,0,0,0,0.806621912,true,0
"pendigits",8,7,cals,SparseLookahead,SparseCertified,7649,963,0,34,0,28,0,54,1379,11.241253025,true,0
"pendigits",8,7,cals_compact_explain,SelectiveLookahead,SparseCertified,6747,0,0,23,16,0,25,60,560,4.351006777,true,0
"pendigits",9,5,unary,Greedy,InformationGain,0,0,0,0,0,0,0,0,0,0.062746902,true,0
"pendigits",9,5,horn,Greedy,InformationGain,0,0,0,0,0,0,0,0,0,0.085504314,true,0
"pendigits",9,5,antihorn,Greedy,InformationGain,0,0,0,0,0,0,0,0,0,0.091101238,true,0
"pendigits",9,5,square2cnf,Greedy,InformationGain,0,0,0,0,0,0,0,0,0,0.329044484,true,0
"pendigits",9,5,affine,Greedy,InformationGain,0,0,0,0,0,0,0,0,0,0.172633922,true,0
"pendigits",9,5,smart_certified,Greedy,InformationGain,0,0,0,0,0,0,0,0,0,0.6460469,true,0
"pendigits",9,5,cals,SparseLookahead,SparseCertified,4816,745,0,33,0,24,0,52,1193,0.7807770500000001,true,0
"pendigits",9,5,cals_compact_explain,SelectiveLookahead,SparseCertified,4931,0,0,24,14,0,26,57,496,0.65629734,true,0
"pendigits",9,7,unary,Greedy,InformationGain,0,0,0,0,0,0,0,0,0,0.075074573,true,0
"pendigits",9,7,horn,Greedy,InformationGain,0,0,0,0,0,0,0,0,0,0.096327079,true,0
"pendigits",9,7,antihorn,Greedy,InformationGain,0,0,0,0,0,0,0,0,0,0.097472139,true,0
"pendigits",9,7,square2cnf,Greedy,InformationGain,0,0,0,0,0,0,0,0,0,0.385390919,true,0
"pendigits",9,7,affine,Greedy,InformationGain,0,0,0,0,0,0,0,0,0,0.230328819,true,0
"pendigits",9,7,smart_certified,Greedy,InformationGain,0,0,0,0,0,0,0,0,0,0.813831878,true,0
"pendigits",9,7,cals,SparseLookahead,SparseCertified,5141,771,0,36,0,27,0,58,1267,0.8244952459999999,true,0
"pendigits",9,7,cals_compact_explain,SelectiveLookahead,SparseCertified,4960,0,0,26,14,0,27,62,560,0.6679233910000001,true,0
"primary-tumor",0,5,unary,Greedy,InformationGain,0,0,0,0,0,0,0,0,0,0.001563495,true,0
"primary-tumor",0,5,horn,Greedy,InformationGain,0,0,0,0,0,0,0,0,0,0.003443058,true,0
"primary-tumor",0,5,antihorn,Greedy,InformationGain,0,0,0,0,0,0,0,0,0,0.005468035,true,0
"primary-tumor",0,5,square2cnf,Greedy,InformationGain,0,0,0,0,0,0,0,0,0,0.02351942,true,0
"primary-tumor",0,5,affine,Greedy,InformationGain,0,0,0,0,0,0,0,0,0,0.012952724,true,0
"primary-tumor",0,5,smart_certified,Greedy,InformationGain,0,0,0,0,0,0,0,0,0,0.03197485,true,0
"primary-tumor",0,5,cals,SparseLookahead,SparseCertified,5008,830,0,28,0,22,0,42,1150,11.344411836,true,0
"primary-tumor",0,5,cals_compact_explain,SelectiveLookahead,SparseCertified,3325,0,0,20,16,0,25,50,400,3.887470205,true,0
"primary-tumor",0,7,unary,Greedy,InformationGain,0,0,0,0,0,0,0,0,0,0.002195013,true,0
"primary-tumor",0,7,horn,Greedy,InformationGain,0,0,0,0,0,0,0,0,0,0.004195179,true,0
"primary-tumor",0,7,antihorn,Greedy,InformationGain,0,0,0,0,0,0,0,0,0,0.004305374,true,0
"primary-tumor",0,7,square2cnf,Greedy,InformationGain,0,0,0,0,0,0,0,0,0,0.038465888,true,0
"primary-tumor",0,7,affine,Greedy,InformationGain,0,0,0,0,0,0,0,0,0,0.020733101,true,0
"primary-tumor",0,7,smart_certified,Greedy,InformationGain,0,0,0,0,0,0,0,0,0,0.040364172,true,0
"primary-tumor",0,7,cals,SparseLookahead,SparseCertified,5568,1011,0,34,0,28,0,54,1427,15.576791148,true,0
"primary-tumor",0,7,cals_compact_explain,SelectiveLookahead,SparseCertified,3663,0,0,24,16,0,28,59,482,4.1630488109999995,true,0
"primary-tumor",1,5,unary,Greedy,InformationGain,0,0,0,0,0,0,0,0,0,0.00162287,true,0
"primary-tumor",1,5,horn,Greedy,InformationGain,0,0,0,0,0,0,0,0,0,0.002818316,true,0
"primary-tumor",1,5,antihorn,Greedy,InformationGain,0,0,0,0,0,0,0,0,0,0.003493116,true,0
"primary-tumor",1,5,square2cnf,Greedy,InformationGain,0,0,0,0,0,0,0,0,0,0.02389668,true,0
"primary-tumor",1,5,affine,Greedy,InformationGain,0,0,0,0,0,0,0,0,0,0.013404351,true,0
"primary-tumor",1,5,smart_certified,Greedy,InformationGain,0,0,0,0,0,0,0,0,0,0.035278358,true,0
"primary-tumor",1,5,cals,SparseLookahead,SparseCertified,7571,921,0,39,0,24,0,57,1449,6.268346389,true,0
"primary-tumor",1,5,cals_compact_explain,SelectiveLookahead,SparseCertified,4079,0,0,25,13,0,23,58,548,1.76157164,true,0
"primary-tumor",1,7,unary,Greedy,InformationGain,0,0,0,0,0,0,0,0,0,0.002037154,true,0
"primary-tumor",1,7,horn,Greedy,InformationGain,0,0,0,0,0,0,0,0,0,0.003793813,true,0
"primary-tumor",1,7,antihorn,Greedy,InformationGain,0,0,0,0,0,0,0,0,0,0.003909505,true,0
"primary-tumor",1,7,square2cnf,Greedy,InformationGain,0,0,0,0,0,0,0,0,0,0.036132256,true,0
"primary-tumor",1,7,affine,Greedy,InformationGain,0,0,0,0,0,0,0,0,0,0.019529165,true,0
"primary-tumor",1,7,smart_certified,Greedy,InformationGain,0,0,0,0,0,0,0,0,0,0.04461284,true,0
"primary-tumor",1,7,cals,SparseLookahead,SparseCertified,7919,1053,0,52,0,37,0,83,1713,7.18159695,true,0
"primary-tumor",1,7,cals_compact_explain,SelectiveLookahead,SparseCertified,4439,0,0,33,13,0,31,74,648,1.817976753,true,0
"primary-tumor",2,5,unary,Greedy,InformationGain,0,0,0,0,0,0,0,0,0,0.001491379,true,0
"primary-tumor",2,5,horn,Greedy,InformationGain,0,0,0,0,0,0,0,0,0,0.002641377,true,0
"primary-tumor",2,5,antihorn,Greedy,InformationGain,0,0,0,0,0,0,0,0,0,0.002653948,true,0
"primary-tumor",2,5,square2cnf,Greedy,InformationGain,0,0,0,0,0,0,0,0,0,0.0233391,true,0
"primary-tumor",2,5,affine,Greedy,InformationGain,0,0,0,0,0,0,0,0,0,0.012769615,true,0
"primary-tumor",2,5,smart_certified,Greedy,InformationGain,0,0,0,0,0,0,0,0,0,0.025785251,true,0
"primary-tumor",2,5,cals,SparseLookahead,SparseCertified,6748,872,0,31,0,24,0,48,1254,13.504880726000001,true,0
"primary-tumor",2,5,cals_compact_explain,SelectiveLookahead,SparseCertified,3706,0,0,22,16,0,22,55,520,3.3940794829999996,true,0
"primary-tumor",2,7,unary,Greedy,InformationGain,0,0,0,0,0,0,0,0,0,0.002125025,true,0
"primary-tumor",2,7,horn,Greedy,InformationGain,0,0,0,0,0,0,0,0,0,0.004002969,true,0
"primary-tumor",2,7,antihorn,Greedy,InformationGain,0,0,0,0,0,0,0,0,0,0.003920778,true,0
"primary-tumor",2,7,square2cnf,Greedy,InformationGain,0,0,0,0,0,0,0,0,0,0.041767704,true,0
"primary-tumor",2,7,affine,Greedy,InformationGain,0,0,0,0,0,0,0,0,0,0.019147355,true,0
"primary-tumor",2,7,smart_certified,Greedy,InformationGain,0,0,0,0,0,0,0,0,0,0.034020355,true,0
"primary-tumor",2,7,cals,SparseLookahead,SparseCertified,7001,979,0,39,0,32,0,64,1461,17.909314407,true,0
"primary-tumor",2,7,cals_compact_explain,SelectiveLookahead,SparseCertified,3959,0,0,30,16,0,30,71,620,4.4198418550000005,true,0
"primary-tumor",3,5,unary,Greedy,InformationGain,0,0,0,0,0,0,0,0,0,0.001555377,true,0
"primary-tumor",3,5,horn,Greedy,InformationGain,0,0,0,0,0,0,0,0,0,0.002977476,true,0
"primary-tumor",3,5,antihorn,Greedy,InformationGain,0,0,0,0,0,0,0,0,0,0.003041901,true,0
"primary-tumor",3,5,square2cnf,Greedy,InformationGain,0,0,0,0,0,0,0,0,0,0.028479048,true,0
"primary-tumor",3,5,affine,Greedy,InformationGain,0,0,0,0,0,0,0,0,0,0.013565198,true,0
"primary-tumor",3,5,smart_certified,Greedy,InformationGain,0,0,0,0,0,0,0,0,0,0.042471206,true,0
"primary-tumor",3,5,cals,SparseLookahead,SparseCertified,5244,826,0,39,0,24,0,57,1330,9.960730949,true,0
"primary-tumor",3,5,cals_compact_explain,SelectiveLookahead,SparseCertified,3841,0,0,23,14,0,21,56,560,3.116903489,true,0
"primary-tumor",3,7,unary,Greedy,InformationGain,0,0,0,0,0,0,0,0,0,0.002109855,true,0
"primary-tumor",3,7,horn,Greedy,InformationGain,0,0,0,0,0,0,0,0,0,0.004563802,true,0
"primary-tumor",3,7,antihorn,Greedy,InformationGain,0,0,0,0,0,0,0,0,0,0.004565847,true,0
"primary-tumor",3,7,square2cnf,Greedy,InformationGain,0,0,0,0,0,0,0,0,0,0.047144182,true,0
"primary-tumor",3,7,affine,Greedy,InformationGain,0,0,0,0,0,0,0,0,0,0.021692706,true,0
"primary-tumor",3,7,smart_certified,Greedy,InformationGain,0,0,0,0,0,0,0,0,0,0.055007701,true,0
"primary-tumor",3,7,cals,SparseLookahead,SparseCertified,5657,997,0,50,0,35,0,79,1603,14.07192001,true,0
"primary-tumor",3,7,cals_compact_explain,SelectiveLookahead,SparseCertified,4095,0,0,35,14,0,33,80,684,4.214658002,true,0
"primary-tumor",4,5,unary,Greedy,InformationGain,0,0,0,0,0,0,0,0,0,0.001415816,true,0
"primary-tumor",4,5,horn,Greedy,InformationGain,0,0,0,0,0,0,0,0,0,0.002434546,true,0
"primary-tumor",4,5,antihorn,Greedy,InformationGain,0,0,0,0,0,0,0,0,0,0.002609922,true,0
"primary-tumor",4,5,square2cnf,Greedy,InformationGain,0,0,0,0,0,0,0,0,0,0.023682654,true,0
"primary-tumor",4,5,affine,Greedy,InformationGain,0,0,0,0,0,0,0,0,0,0.013513004,true,0
"primary-tumor",4,5,smart_certified,Greedy,InformationGain,0,0,0,0,0,0,0,0,0,0.032213951,true,0
"primary-tumor",4,5,cals,SparseLookahead,SparseCertified,3066,711,0,38,0,22,0,55,1232,1.4235090209999999,true,0
"primary-tumor",4,5,cals_compact_explain,SelectiveLookahead,SparseCertified,2093,0,0,23,8,0,26,48,345,0.194548519,true,0
"primary-tumor",4,7,unary,Greedy,InformationGain,0,0,0,0,0,0,0,0,0,0.001921909,true,0
"primary-tumor",4,7,horn,Greedy,InformationGain,0,0,0,0,0,0,0,0,0,0.003461727,true,0
"primary-tumor",4,7,antihorn,Greedy,InformationGain,0,0,0,0,0,0,0,0,0,0.00390616,true,0
"primary-tumor",4,7,square2cnf,Greedy,InformationGain,0,0,0,0,0,0,0,0,0,0.034547219,true,0
"primary-tumor",4,7,affine,Greedy,InformationGain,0,0,0,0,0,0,0,0,0,0.019191172,true,0
"primary-tumor",4,7,smart_certified,Greedy,InformationGain,0,0,0,0,0,0,0,0,0,0.044117138,true,0
"primary-tumor",4,7,cals,SparseLookahead,SparseCertified,3320,804,0,49,0,33,0,77,1468,1.450713012,true,0
"primary-tumor",4,7,cals_compact_explain,SelectiveLookahead,SparseCertified,2255,0,0,35,8,0,35,71,537,0.21433224,true,0
"primary-tumor",5,5,unary,Greedy,InformationGain,0,0,0,0,0,0,0,0,0,0.001575631,true,0
"primary-tumor",5,5,horn,Greedy,InformationGain,0,0,0,0,0,0,0,0,0,0.002272105,true,0
"primary-tumor",5,5,antihorn,Greedy,InformationGain,0,0,0,0,0,0,0,0,0,0.002263805,true,0
"primary-tumor",5,5,square2cnf,Greedy,InformationGain,0,0,0,0,0,0,0,0,0,0.01971733,true,0
"primary-tumor",5,5,affine,Greedy,InformationGain,0,0,0,0,0,0,0,0,0,0.013271777,true,0
"primary-tumor",5,5,smart_certified,Greedy,InformationGain,0,0,0,0,0,0,0,0,0,0.03734914,true,0
"primary-tumor",5,5,cals,SparseLookahead,SparseCertified,2387,916,0,32,0,26,0,50,1300,0.30095791699999996,true,0
"primary-tumor",5,5,cals_compact_explain,SelectiveLookahead,SparseCertified,2761,0,0,23,10,0,28,51,368,0.5490180090000001,true,0
"primary-tumor",5,7,unary,Greedy,InformationGain,0,0,0,0,0,0,0,0,0,0.00224267,true,0
"primary-tumor",5,7,horn,Greedy,InformationGain,0,0,0,0,0,0,0,0,0,0.003684178,true,0
"primary-tumor",5,7,antihorn,Greedy,InformationGain,0,0,0,0,0,0,0,0,0,0.003586502,true,0
"primary-tumor",5,7,square2cnf,Greedy,InformationGain,0,0,0,0,0,0,0,0,0,0.035098052,true,0
"primary-tumor",5,7,affine,Greedy,InformationGain,0,0,0,0,0,0,0,0,0,0.020993366,true,0
"primary-tumor",5,7,smart_certified,Greedy,InformationGain,0,0,0,0,0,0,0,0,0,0.049597669,true,0
"primary-tumor",5,7,cals,SparseLookahead,SparseCertified,2696,1049,0,44,0,38,0,74,1585,0.344464571,true,0
"primary-tumor",5,7,cals_compact_explain,SelectiveLookahead,SparseCertified,3058,0,0,35,10,0,40,75,520,0.5626000090000001,true,0
"primary-tumor",6,5,unary,Greedy,InformationGain,0,0,0,0,0,0,0,0,0,0.001354543,true,0
"primary-tumor",6,5,horn,Greedy,InformationGain,0,0,0,0,0,0,0,0,0,0.00296602,true,0
"primary-tumor",6,5,antihorn,Greedy,InformationGain,0,0,0,0,0,0,0,0,0,0.003004324,true,0
"primary-tumor",6,5,square2cnf,Greedy,InformationGain,0,0,0,0,0,0,0,0,0,0.024467011,true,0
"primary-tumor",6,5,affine,Greedy,InformationGain,0,0,0,0,0,0,0,0,0,0.01322899,true,0
"primary-tumor",6,5,smart_certified,Greedy,InformationGain,0,0,0,0,0,0,0,0,0,0.038201098,true,0
"primary-tumor",6,5,cals,SparseLookahead,SparseCertified,2188,780,0,37,0,24,0,53,1237,0.08629160500000001,true,0
"primary-tumor",6,5,cals_compact_explain,SelectiveLookahead,SparseCertified,1791,0,0,21,15,0,26,54,441,0.05888805,true,0
"primary-tumor",6,7,unary,Greedy,InformationGain,0,0,0,0,0,0,0,0,0,0.001982781,true,0
"primary-tumor",6,7,horn,Greedy,InformationGain,0,0,0,0,0,0,0,0,0,0.004423511,true,0
"primary-tumor",6,7,antihorn,Greedy,InformationGain,0,0,0,0,0,0,0,0,0,0.004746454,true,0
"primary-tumor",6,7,square2cnf,Greedy,InformationGain,0,0,0,0,0,0,0,0,0,0.050864955,true,0
"primary-tumor",6,7,affine,Greedy,InformationGain,0,0,0,0,0,0,0,0,0,0.020049898,true,0
"primary-tumor",6,7,smart_certified,Greedy,InformationGain,0,0,0,0,0,0,0,0,0,0.053165862,true,0
"primary-tumor",6,7,cals,SparseLookahead,SparseCertified,2413,882,0,44,0,31,0,67,1451,0.090561791,true,0
"primary-tumor",6,7,cals_compact_explain,SelectiveLookahead,SparseCertified,1956,0,0,31,15,0,36,74,566,0.069744944,true,0
"primary-tumor",7,5,unary,Greedy,InformationGain,0,0,0,0,0,0,0,0,0,0.001653186,true,0
"primary-tumor",7,5,horn,Greedy,InformationGain,0,0,0,0,0,0,0,0,0,0.002761995,true,0
"primary-tumor",7,5,antihorn,Greedy,InformationGain,0,0,0,0,0,0,0,0,0,0.002896638,true,0
"primary-tumor",7,5,square2cnf,Greedy,InformationGain,0,0,0,0,0,0,0,0,0,0.023875632,true,0
"primary-tumor",7,5,affine,Greedy,InformationGain,0,0,0,0,0,0,0,0,0,0.013830813,true,0
"primary-tumor",7,5,smart_certified,Greedy,InformationGain,0,0,0,0,0,0,0,0,0,0.033291577,true,0
"primary-tumor",7,5,cals,SparseLookahead,SparseCertified,4856,970,0,41,0,25,0,61,1538,0.339396259,true,0
"primary-tumor",7,5,cals_compact_explain,SelectiveLookahead,SparseCertified,3668,0,0,24,16,0,22,59,584,0.376126391,true,0
"primary-tumor",7,7,unary,Greedy,InformationGain,0,0,0,0,0,0,0,0,0,0.002255145,true,0
"primary-tumor",7,7,horn,Greedy,InformationGain,0,0,0,0,0,0,0,0,0,0.004081244,true,0
"primary-tumor",7,7,antihorn,Greedy,InformationGain,0,0,0,0,0,0,0,0,0,0.004185291,true,0
"primary-tumor",7,7,square2cnf,Greedy,InformationGain,0,0,0,0,0,0,0,0,0,0.039916618,true,0
"primary-tumor",7,7,affine,Greedy,InformationGain,0,0,0,0,0,0,0,0,0,0.021122116,true,0
"primary-tumor",7,7,smart_certified,Greedy,InformationGain,0,0,0,0,0,0,0,0,0,0.049260204,true,0
"primary-tumor",7,7,cals,SparseLookahead,SparseCertified,5421,1192,0,55,0,39,0,89,1920,0.411098411,true,0
"primary-tumor",7,7,cals_compact_explain,SelectiveLookahead,SparseCertified,4379,0,0,36,16,0,34,83,734,0.44065642,true,0
"primary-tumor",8,5,unary,Greedy,InformationGain,0,0,0,0,0,0,0,0,0,0.001257686,true,0
"primary-tumor",8,5,horn,Greedy,InformationGain,0,0,0,0,0,0,0,0,0,0.002631649,true,0
"primary-tumor",8,5,antihorn,Greedy,InformationGain,0,0,0,0,0,0,0,0,0,0.00244984,true,0
"primary-tumor",8,5,square2cnf,Greedy,InformationGain,0,0,0,0,0,0,0,0,0,0.021192506,true,0
"primary-tumor",8,5,affine,Greedy,InformationGain,0,0,0,0,0,0,0,0,0,0.012308388,true,0
"primary-tumor",8,5,smart_certified,Greedy,InformationGain,0,0,0,0,0,0,0,0,0,0.023699509,true,0
"primary-tumor",8,5,cals,SparseLookahead,SparseCertified,6307,727,0,29,0,22,0,44,1061,11.177274107,true,0
"primary-tumor",8,5,cals_compact_explain,SelectiveLookahead,SparseCertified,4150,0,0,22,14,0,19,51,494,2.542078148,true,0
"primary-tumor",8,7,unary,Greedy,InformationGain,0,0,0,0,0,0,0,0,0,0.001899818,true,0
"primary-tumor",8,7,horn,Greedy,InformationGain,0,0,0,0,0,0,0,0,0,0.003316361,true,0
"primary-tumor",8,7,antihorn,Greedy,InformationGain,0,0,0,0,0,0,0,0,0,0.003538676,true,0
"primary-tumor",8,7,square2cnf,Greedy,InformationGain,0,0,0,0,0,0,0,0,0,0.033265294,true,0
"primary-tumor",8,7,affine,Greedy,InformationGain,0,0,0,0,0,0,0,0,0,0.020179677,true,0
"primary-tumor",8,7,smart_certified,Greedy,InformationGain,0,0,0,0,0,0,0,0,0,0.036566162,true,0
"primary-tumor",8,7,cals,SparseLookahead,SparseCertified,6536,840,0,38,0,31,0,62,1254,14.280018093,true,0
"primary-tumor",8,7,cals_compact_explain,SelectiveLookahead,SparseCertified,4357,0,0,31,14,0,28,69,578,3.337962744,true,0
"primary-tumor",9,5,unary,Greedy,InformationGain,0,0,0,0,0,0,0,0,0,0.001271363,true,0
"primary-tumor",9,5,horn,Greedy,InformationGain,0,0,0,0,0,0,0,0,0,0.002234521,true,0
"primary-tumor",9,5,antihorn,Greedy,InformationGain,0,0,0,0,0,0,0,0,0,0.002226209,true,0
"primary-tumor",9,5,square2cnf,Greedy,InformationGain,0,0,0,0,0,0,0,0,0,0.019827795,true,0
"primary-tumor",9,5,affine,Greedy,InformationGain,0,0,0,0,0,0,0,0,0,0.01137211,true,0
"primary-tumor",9,5,smart_certified,Greedy,InformationGain,0,0,0,0,0,0,0,0,0,0.031264923,true,0
"primary-tumor",9,5,cals,SparseLookahead,SparseCertified,2688,689,0,28,0,20,0,42,1041,0.457767458,true,0
"primary-tumor",9,5,cals_compact_explain,SelectiveLookahead,SparseCertified,2077,0,0,20,3,0,21,37,256,0.282450362,true,0
"primary-tumor",9,7,unary,Greedy,InformationGain,0,0,0,0,0,0,0,0,0,0.001992294,true,0
"primary-tumor",9,7,horn,Greedy,InformationGain,0,0,0,0,0,0,0,0,0,0.003297539,true,0
"primary-tumor",9,7,antihorn,Greedy,InformationGain,0,0,0,0,0,0,0,0,0,0.003465362,true,0
"primary-tumor",9,7,square2cnf,Greedy,InformationGain,0,0,0,0,0,0,0,0,0,0.033784824,true,0
"primary-tumor",9,7,affine,Greedy,InformationGain,0,0,0,0,0,0,0,0,0,0.018251852,true,0
"primary-tumor",9,7,smart_certified,Greedy,InformationGain,0,0,0,0,0,0,0,0,0,0.049174821,true,0
"primary-tumor",9,7,cals,SparseLookahead,SparseCertified,2914,802,0,35,0,27,0,56,1265,0.498547621,true,0
"primary-tumor",9,7,cals_compact_explain,SelectiveLookahead,SparseCertified,2316,0,0,28,3,0,29,53,383,0.304247657,true,0
"segment",0,5,unary,Greedy,InformationGain,0,0,0,0,0,0,0,0,0,0.012471699,true,0
"segment",0,5,horn,Greedy,InformationGain,0,0,0,0,0,0,0,0,0,0.015872332,true,0
"segment",0,5,antihorn,Greedy,InformationGain,0,0,0,0,0,0,0,0,0,0.015312945,true,0
"segment",0,5,square2cnf,Greedy,InformationGain,0,0,0,0,0,0,0,0,0,0.03323309,true,0
"segment",0,5,affine,Greedy,InformationGain,0,0,0,0,0,0,0,0,0,0.019783535,true,0
"segment",0,5,smart_certified,Greedy,InformationGain,0,0,0,0,0,0,0,0,0,0.067094297,true,0
"segment",0,5,cals,SparseLookahead,SparseCertified,2660,414,0,17,0,10,0,20,574,0.784784595,true,0
"segment",0,5,cals_compact_explain,SelectiveLookahead,SparseCertified,1893,0,0,4,7,0,8,14,96,0.424505197,true,0
"segment",0,7,unary,Greedy,InformationGain,0,0,0,0,0,0,0,0,0,0.012261111,true,0
"segment",0,7,horn,Greedy,InformationGain,0,0,0,0,0,0,0,0,0,0.015443435,true,0
"segment",0,7,antihorn,Greedy,InformationGain,0,0,0,0,0,0,0,0,0,0.015388877,true,0
"segment",0,7,square2cnf,Greedy,InformationGain,0,0,0,0,0,0,0,0,0,0.033287282,true,0
"segment",0,7,affine,Greedy,InformationGain,0,0,0,0,0,0,0,0,0,0.01969819,true,0
"segment",0,7,smart_certified,Greedy,InformationGain,0,0,0,0,0,0,0,0,0,0.06868797,true,0
"segment",0,7,cals,SparseLookahead,SparseCertified,2660,414,0,17,0,10,0,20,574,0.7834318459999999,true,0
"segment",0,7,cals_compact_explain,SelectiveLookahead,SparseCertified,1893,0,0,4,7,0,8,14,96,0.415626441,true,0
"segment",1,5,unary,Greedy,InformationGain,0,0,0,0,0,0,0,0,0,0.012641916,true,0
"segment",1,5,horn,Greedy,InformationGain,0,0,0,0,0,0,0,0,0,0.015548923,true,0
"segment",1,5,antihorn,Greedy,InformationGain,0,0,0,0,0,0,0,0,0,0.015989422,true,0
"segment",1,5,square2cnf,Greedy,InformationGain,0,0,0,0,0,0,0,0,0,0.033635464,true,0
"segment",1,5,affine,Greedy,InformationGain,0,0,0,0,0,0,0,0,0,0.019073782,true,0
"segment",1,5,smart_certified,Greedy,InformationGain,0,0,0,0,0,0,0,0,0,0.072302703,true,0
"segment",1,5,cals,SparseLookahead,SparseCertified,2414,366,0,19,0,11,0,24,574,0.449026062,true,0
"segment",1,5,cals_compact_explain,SelectiveLookahead,SparseCertified,1786,0,0,5,9,0,9,19,160,0.15036887100000002,true,0
"segment",1,7,unary,Greedy,InformationGain,0,0,0,0,0,0,0,0,0,0.013058745,true,0
"segment",1,7,horn,Greedy,InformationGain,0,0,0,0,0,0,0,0,0,0.015642523,true,0
"segment",1,7,antihorn,Greedy,InformationGain,0,0,0,0,0,0,0,0,0,0.015704558,true,0
"segment",1,7,square2cnf,Greedy,InformationGain,0,0,0,0,0,0,0,0,0,0.033135921,true,0
"segment",1,7,affine,Greedy,InformationGain,0,0,0,0,0,0,0,0,0,0.022075787,true,0
"segment",1,7,smart_certified,Greedy,InformationGain,0,0,0,0,0,0,0,0,0,0.075142783,true,0
"segment",1,7,cals,SparseLookahead,SparseCertified,2414,366,0,19,0,11,0,24,574,0.452759276,true,0
"segment",1,7,cals_compact_explain,SelectiveLookahead,SparseCertified,1786,0,0,5,9,0,9,19,160,0.149886407,true,0
"segment",2,5,unary,Greedy,InformationGain,0,0,0,0,0,0,0,0,0,0.01267136,true,0
"segment",2,5,horn,Greedy,InformationGain,0,0,0,0,0,0,0,0,0,0.016248616,true,0
"segment",2,5,antihorn,Greedy,InformationGain,0,0,0,0,0,0,0,0,0,0.016355075,true,0
"segment",2,5,square2cnf,Greedy,InformationGain,0,0,0,0,0,0,0,0,0,0.037337727,true,0
"segment",2,5,affine,Greedy,InformationGain,0,0,0,0,0,0,0,0,0,0.020216984,true,0
"segment",2,5,smart_certified,Greedy,InformationGain,0,0,0,0,0,0,0,0,0,0.068761875,true,0
"segment",2,5,cals,SparseLookahead,SparseCertified,3191,457,0,19,0,14,0,24,617,0.217535485,true,0
"segment",2,5,cals_compact_explain,SelectiveLookahead,SparseCertified,2077,0,0,6,8,0,10,19,144,0.10276745600000001,true,0
"segment",2,7,unary,Greedy,InformationGain,0,0,0,0,0,0,0,0,0,0.012805461,true,0
"segment",2,7,horn,Greedy,InformationGain,0,0,0,0,0,0,0,0,0,0.015926866,true,0
"segment",2,7,antihorn,Greedy,InformationGain,0,0,0,0,0,0,0,0,0,0.016390866,true,0
"segment",2,7,square2cnf,Greedy,InformationGain,0,0,0,0,0,0,0,0,0,0.037703312,true,0
"segment",2,7,affine,Greedy,InformationGain,0,0,0,0,0,0,0,0,0,0.019463251,true,0
"segment",2,7,smart_certified,Greedy,InformationGain,0,0,0,0,0,0,0,0,0,0.067502329,true,0
"segment",2,7,cals,SparseLookahead,SparseCertified,3191,457,0,19,0,14,0,24,617,0.210844177,true,0
"segment",2,7,cals_compact_explain,SelectiveLookahead,SparseCertified,2077,0,0,6,8,0,10,19,144,0.10290714399999999,true,0
"segment",3,5,unary,Greedy,InformationGain,0,0,0,0,0,0,0,0,0,0.012094278,true,0
"segment",3,5,horn,Greedy,InformationGain,0,0,0,0,0,0,0,0,0,0.015618493,true,0
"segment",3,5,antihorn,Greedy,InformationGain,0,0,0,0,0,0,0,0,0,0.01499763,true,0
"segment",3,5,square2cnf,Greedy,InformationGain,0,0,0,0,0,0,0,0,0,0.02855857,true,0
"segment",3,5,affine,Greedy,InformationGain,0,0,0,0,0,0,0,0,0,0.017351949,true,0
"segment",3,5,smart_certified,Greedy,InformationGain,0,0,0,0,0,0,0,0,0,0.059993314,true,0
"segment",3,5,cals,SparseLookahead,SparseCertified,3065,472,0,17,0,12,0,20,600,0.7773061529999999,true,0
"segment",3,5,cals_compact_explain,SelectiveLookahead,SparseCertified,1829,0,0,0,9,0,6,12,96,0.407625235,true,0
"segment",3,7,unary,Greedy,InformationGain,0,0,0,0,0,0,0,0,0,0.012173992,true,0
"segment",3,7,horn,Greedy,InformationGain,0,0,0,0,0,0,0,0,0,0.015485445,true,0
"segment",3,7,antihorn,Greedy,InformationGain,0,0,0,0,0,0,0,0,0,0.014672667,true,0
"segment",3,7,square2cnf,Greedy,InformationGain,0,0,0,0,0,0,0,0,0,0.027720865,true,0
"segment",3,7,affine,Greedy,InformationGain,0,0,0,0,0,0,0,0,0,0.016613549,true,0
"segment",3,7,smart_certified,Greedy,InformationGain,0,0,0,0,0,0,0,0,0,0.058031474,true,0
"segment",3,7,cals,SparseLookahead,SparseCertified,3065,472,0,17,0,12,0,20,600,0.786986056,true,0
"segment",3,7,cals_compact_explain,SelectiveLookahead,SparseCertified,1829,0,0,0,9,0,6,12,96,0.404054086,true,0
"segment",4,5,unary,Greedy,InformationGain,0,0,0,0,0,0,0,0,0,0.013403756,true,0
"segment",4,5,horn,Greedy,InformationGain,0,0,0,0,0,0,0,0,0,0.016480928,true,0
"segment",4,5,antihorn,Greedy,InformationGain,0,0,0,0,0,0,0,0,0,0.016529417,true,0
"segment",4,5,square2cnf,Greedy,InformationGain,0,0,0,0,0,0,0,0,0,0.03688616,true,0
"segment",4,5,affine,Greedy,InformationGain,0,0,0,0,0,0,0,0,0,0.02184618,true,0
"segment",4,5,smart_certified,Greedy,InformationGain,0,0,0,0,0,0,0,0,0,0.078939246,true,0
"segment",4,5,cals,SparseLookahead,SparseCertified,3224,551,0,18,0,14,0,22,679,0.199687945,true,0
"segment",4,5,cals_compact_explain,SelectiveLookahead,SparseCertified,1961,0,0,5,8,0,10,17,112,0.128841113,true,0
"segment",4,7,unary,Greedy,InformationGain,0,0,0,0,0,0,0,0,0,0.014079591,true,0
"segment",4,7,horn,Greedy,InformationGain,0,0,0,0,0,0,0,0,0,0.016211941,true,0
"segment",4,7,antihorn,Greedy,InformationGain,0,0,0,0,0,0,0,0,0,0.016099424,true,0
"segment",4,7,square2cnf,Greedy,InformationGain,0,0,0,0,0,0,0,0,0,0.036115424,true,0
"segment",4,7,affine,Greedy,InformationGain,0,0,0,0,0,0,0,0,0,0.024169044,true,0
"segment",4,7,smart_certified,Greedy,InformationGain,0,0,0,0,0,0,0,0,0,0.08690944,true,0
"segment",4,7,cals,SparseLookahead,SparseCertified,3224,551,0,18,0,14,0,22,679,0.19916367499999998,true,0
"segment",4,7,cals_compact_explain,SelectiveLookahead,SparseCertified,1961,0,0,5,8,0,10,17,112,0.10284815,true,0
"segment",5,5,unary,Greedy,InformationGain,0,0,0,0,0,0,0,0,0,0.013022295,true,0
"segment",5,5,horn,Greedy,InformationGain,0,0,0,0,0,0,0,0,0,0.015280026,true,0
"segment",5,5,antihorn,Greedy,InformationGain,0,0,0,0,0,0,0,0,0,0.015669043,true,0
"segment",5,5,square2cnf,Greedy,InformationGain,0,0,0,0,0,0,0,0,0,0.032392653,true,0
"segment",5,5,affine,Greedy,InformationGain,0,0,0,0,0,0,0,0,0,0.018906432,true,0
"segment",5,5,smart_certified,Greedy,InformationGain,0,0,0,0,0,0,0,0,0,0.066330217,true,0
"segment",5,5,cals,SparseLookahead,SparseCertified,3096,418,0,18,0,13,0,22,562,0.815269942,true,0
"segment",5,5,cals_compact_explain,SelectiveLookahead,SparseCertified,2160,0,0,6,7,0,11,17,96,0.430840816,true,0
"segment",5,7,unary,Greedy,InformationGain,0,0,0,0,0,0,0,0,0,0.012750922,true,0
"segment",5,7,horn,Greedy,InformationGain,0,0,0,0,0,0,0,0,0,0.0157435,true,0
"segment",5,7,antihorn,Greedy,InformationGain,0,0,0,0,0,0,0,0,0,0.015679119,true,0
"segment",5,7,square2cnf,Greedy,InformationGain,0,0,0,0,0,0,0,0,0,0.032538189,true,0
"segment",5,7,affine,Greedy,InformationGain,0,0,0,0,0,0,0,0,0,0.018852064,true,0
"segment",5,7,smart_certified,Greedy,InformationGain,0,0,0,0,0,0,0,0,0,0.067593853,true,0
"segment",5,7,cals,SparseLookahead,SparseCertified,3096,418,0,18,0,13,0,22,562,0.822893149,true,0
"segment",5,7,cals_compact_explain,SelectiveLookahead,SparseCertified,2160,0,0,6,7,0,11,17,96,0.43117266800000004,true,0
"segment",6,5,unary,Greedy,InformationGain,0,0,0,0,0,0,0,0,0,0.012323938,true,0
"segment",6,5,horn,Greedy,InformationGain,0,0,0,0,0,0,0,0,0,0.014617549,true,0
"segment",6,5,antihorn,Greedy,InformationGain,0,0,0,0,0,0,0,0,0,0.015000546,true,0
"segment",6,5,square2cnf,Greedy,InformationGain,0,0,0,0,0,0,0,0,0,0.027593932,true,0
"segment",6,5,affine,Greedy,InformationGain,0,0,0,0,0,0,0,0,0,0.016840955,true,0
"segment",6,5,smart_certified,Greedy,InformationGain,0,0,0,0,0,0,0,0,0,0.057964278,true,0
"segment",6,5,cals,SparseLookahead,SparseCertified,2683,409,0,18,0,12,0,22,569,0.207189897,true,0
"segment",6,5,cals_compact_explain,SelectiveLookahead,SparseCertified,1622,0,0,5,8,0,7,17,160,0.143090673,true,0
"segment",6,7,unary,Greedy,InformationGain,0,0,0,0,0,0,0,0,0,0.012615076,true,0
"segment",6,7,horn,Greedy,InformationGain,0,0,0,0,0,0,0,0,0,0.014869298,true,0
"segment",6,7,antihorn,Greedy,InformationGain,0,0,0,0,0,0,0,0,0,0.014869991,true,0
"segment",6,7,square2cnf,Greedy,InformationGain,0,0,0,0,0,0,0,0,0,0.02801808,true,0
"segment",6,7,affine,Greedy,InformationGain,0,0,0,0,0,0,0,0,0,0.016684084,true,0
"segment",6,7,smart_certified,Greedy,InformationGain,0,0,0,0,0,0,0,0,0,0.058456183,true,0
"segment",6,7,cals,SparseLookahead,SparseCertified,2683,409,0,18,0,12,0,22,569,0.203154741,true,0
"segment",6,7,cals_compact_explain,SelectiveLookahead,SparseCertified,1622,0,0,5,8,0,7,17,160,0.14335973999999999,true,0
"segment",7,5,unary,Greedy,InformationGain,0,0,0,0,0,0,0,0,0,0.012902749,true,0
"segment",7,5,horn,Greedy,InformationGain,0,0,0,0,0,0,0,0,0,0.016331575,true,0
"segment",7,5,antihorn,Greedy,InformationGain,0,0,0,0,0,0,0,0,0,0.016379014,true,0
"segment",7,5,square2cnf,Greedy,InformationGain,0,0,0,0,0,0,0,0,0,0.036826957,true,0
"segment",7,5,affine,Greedy,InformationGain,0,0,0,0,0,0,0,0,0,0.02221044,true,0
"segment",7,5,smart_certified,Greedy,InformationGain,0,0,0,0,0,0,0,0,0,0.076014787,true,0
"segment",7,5,cals,SparseLookahead,SparseCertified,2572,391,0,19,0,11,0,24,599,0.21691512200000002,true,0
"segment",7,5,cals_compact_explain,SelectiveLookahead,SparseCertified,1869,0,0,6,8,0,10,19,144,0.155412081,true,0
"segment",7,7,unary,Greedy,InformationGain,0,0,0,0,0,0,0,0,0,0.013094086,true,0
"segment",7,7,horn,Greedy,InformationGain,0,0,0,0,0,0,0,0,0,0.016221537,true,0
"segment",7,7,antihorn,Greedy,InformationGain,0,0,0,0,0,0,0,0,0,0.015827774,true,0
"segment",7,7,square2cnf,Greedy,InformationGain,0,0,0,0,0,0,0,0,0,0.03617353,true,0
"segment",7,7,affine,Greedy,InformationGain,0,0,0,0,0,0,0,0,0,0.022505789,true,0
"segment",7,7,smart_certified,Greedy,InformationGain,0,0,0,0,0,0,0,0,0,0.076334513,true,0
"segment",7,7,cals,SparseLookahead,SparseCertified,2572,391,0,19,0,11,0,24,599,0.219274832,true,0
"segment",7,7,cals_compact_explain,SelectiveLookahead,SparseCertified,1869,0,0,6,8,0,10,19,144,0.154771182,true,0
"segment",8,5,unary,Greedy,InformationGain,0,0,0,0,0,0,0,0,0,0.013116182,true,0
"segment",8,5,horn,Greedy,InformationGain,0,0,0,0,0,0,0,0,0,0.016276393,true,0
"segment",8,5,antihorn,Greedy,InformationGain,0,0,0,0,0,0,0,0,0,0.016072216,true,0
"segment",8,5,square2cnf,Greedy,InformationGain,0,0,0,0,0,0,0,0,0,0.037253786,true,0
"segment",8,5,affine,Greedy,InformationGain,0,0,0,0,0,0,0,0,0,0.022315085,true,0
"segment",8,5,smart_certified,Greedy,InformationGain,0,0,0,0,0,0,0,0,0,0.077466241,true,0
"segment",8,5,cals,SparseLookahead,SparseCertified,2245,378,0,18,0,10,0,22,570,0.196350092,true,0
"segment",8,5,cals_compact_explain,SelectiveLookahead,SparseCertified,1937,0,0,6,7,0,10,17,112,0.159731141,true,0
"segment",8,7,unary,Greedy,InformationGain,0,0,0,0,0,0,0,0,0,0.012917106,true,0
"segment",8,7,horn,Greedy,InformationGain,0,0,0,0,0,0,0,0,0,0.016046016,true,0
"segment",8,7,antihorn,Greedy,InformationGain,0,0,0,0,0,0,0,0,0,0.016886008,true,0
"segment",8,7,square2cnf,Greedy,InformationGain,0,0,0,0,0,0,0,0,0,0.038231172,true,0
"segment",8,7,affine,Greedy,InformationGain,0,0,0,0,0,0,0,0,0,0.022576885,true,0
"segment",8,7,smart_certified,Greedy,InformationGain,0,0,0,0,0,0,0,0,0,0.077455351,true,0
"segment",8,7,cals,SparseLookahead,SparseCertified,2245,378,0,18,0,10,0,22,570,0.196066578,true,0
"segment",8,7,cals_compact_explain,SelectiveLookahead,SparseCertified,1937,0,0,6,7,0,10,17,112,0.154437891,true,0
"segment",9,5,unary,Greedy,InformationGain,0,0,0,0,0,0,0,0,0,0.012802727,true,0
"segment",9,5,horn,Greedy,InformationGain,0,0,0,0,0,0,0,0,0,0.015566262,true,0
"segment",9,5,antihorn,Greedy,InformationGain,0,0,0,0,0,0,0,0,0,0.01563426,true,0
"segment",9,5,square2cnf,Greedy,InformationGain,0,0,0,0,0,0,0,0,0,0.031882494,true,0
"segment",9,5,affine,Greedy,InformationGain,0,0,0,0,0,0,0,0,0,0.019075845,true,0
"segment",9,5,smart_certified,Greedy,InformationGain,0,0,0,0,0,0,0,0,0,0.067504075,true,0
"segment",9,5,cals,SparseLookahead,SparseCertified,3137,430,0,17,0,11,0,20,574,0.792702188,true,0
"segment",9,5,cals_compact_explain,SelectiveLookahead,SparseCertified,1401,0,0,0,9,0,5,12,112,0.393846493,true,0
"segment",9,7,unary,Greedy,InformationGain,0,0,0,0,0,0,0,0,0,0.0122498,true,0
"segment",9,7,horn,Greedy,InformationGain,0,0,0,0,0,0,0,0,0,0.016164025,true,0
"segment",9,7,antihorn,Greedy,InformationGain,0,0,0,0,0,0,0,0,0,0.015488901,true,0
"segment",9,7,square2cnf,Greedy,InformationGain,0,0,0,0,0,0,0,0,0,0.031561833,true,0
"segment",9,7,affine,Greedy,InformationGain,0,0,0,0,0,0,0,0,0,0.019393383,true,0
"segment",9,7,smart_certified,Greedy,InformationGain,0,0,0,0,0,0,0,0,0,0.066059051,true,0
"segment",9,7,cals,SparseLookahead,SparseCertified,3137,430,0,17,0,11,0,20,574,0.787040375,true,0
"segment",9,7,cals_compact_explain,SelectiveLookahead,SparseCertified,1401,0,0,0,9,0,5,12,112,0.396276224,true,0
"seismic_bumps-bin",0,5,unary,Greedy,InformationGain,0,0,0,0,0,0,0,0,0,0.011849348,true,0
"seismic_bumps-bin",0,5,horn,Greedy,InformationGain,0,0,0,0,0,0,0,0,0,0.020258457,true,0
"seismic_bumps-bin",0,5,antihorn,Greedy,InformationGain,0,0,0,0,0,0,0,0,0,0.020383857,true,0
"seismic_bumps-bin",0,5,square2cnf,Greedy,InformationGain,0,0,0,0,0,0,0,0,0,0.122585416,true,0
"seismic_bumps-bin",0,5,affine,Greedy,InformationGain,0,0,0,0,0,0,0,0,0,0.033956845,true,0
"seismic_bumps-bin",0,5,smart_certified,Greedy,InformationGain,0,0,0,0,0,0,0,0,0,0.248414402,true,0
"seismic_bumps-bin",0,5,cals,SparseLookahead,SparseCertified,55321,1615,0,39,0,36,0,64,2063,11.41723472,true,0
"seismic_bumps-bin",0,5,cals_compact_explain,SelectiveLookahead,SparseCertified,32470,0,0,26,19,0,38,69,496,3.407477389,true,0
"seismic_bumps-bin",0,7,unary,Greedy,InformationGain,0,0,0,0,0,0,0,0,0,0.017385379,true,0
"seismic_bumps-bin",0,7,horn,Greedy,InformationGain,0,0,0,0,0,0,0,0,0,0.037500742,true,0
"seismic_bumps-bin",0,7,antihorn,Greedy,InformationGain,0,0,0,0,0,0,0,0,0,0.034826745,true,0
"seismic_bumps-bin",0,7,square2cnf,Greedy,InformationGain,0,0,0,0,0,0,0,0,0,0.278154073,true,0
"seismic_bumps-bin",0,7,affine,Greedy,InformationGain,0,0,0,0,0,0,0,0,0,0.05328327,true,0
"seismic_bumps-bin",0,7,smart_certified,Greedy,InformationGain,0,0,0,0,0,0,0,0,0,0.446687406,true,0
"seismic_bumps-bin",0,7,cals,SparseLookahead,SparseCertified,63730,2565,0,70,0,67,0,126,3471,15.89586614,true,0
"seismic_bumps-bin",0,7,cals_compact_explain,SelectiveLookahead,SparseCertified,35939,0,0,60,16,0,68,131,961,4.509960819,true,0
"seismic_bumps-bin",1,5,unary,Greedy,InformationGain,0,0,0,0,0,0,0,0,0,0.011672973,true,0
"seismic_bumps-bin",1,5,horn,Greedy,InformationGain,0,0,0,0,0,0,0,0,0,0.019138616,true,0
"seismic_bumps-bin",1,5,antihorn,Greedy,InformationGain,0,0,0,0,0,0,0,0,0,0.020449045,true,0
"seismic_bumps-bin",1,5,square2cnf,Greedy,InformationGain,0,0,0,0,0,0,0,0,0,0.143893949,true,0
"seismic_bumps-bin",1,5,affine,Greedy,InformationGain,0,0,0,0,0,0,0,0,0,0.038538619,true,0
"seismic_bumps-bin",1,5,smart_certified,Greedy,InformationGain,0,0,0,0,0,0,0,0,0,0.251219201,true,0
"seismic_bumps-bin",1,5,cals,SparseLookahead,SparseCertified,17134,1661,0,39,0,37,0,64,2093,3.01474046,true,0
"seismic_bumps-bin",1,5,cals_compact_explain,SelectiveLookahead,SparseCertified,8017,0,0,28,19,0,36,73,592,0.5971450309999999,true,0
"seismic_bumps-bin",1,7,unary,Greedy,InformationGain,0,0,0,0,0,0,0,0,0,0.018764736,true,0
"seismic_bumps-bin",1,7,horn,Greedy,InformationGain,0,0,0,0,0,0,0,0,0,0.031455841,true,0
"seismic_bumps-bin",1,7,antihorn,Greedy,InformationGain,0,0,0,0,0,0,0,0,0,0.036255091,true,0
"seismic_bumps-bin",1,7,square2cnf,Greedy,InformationGain,0,0,0,0,0,0,0,0,0,0.280731812,true,0
"seismic_bumps-bin",1,7,affine,Greedy,InformationGain,0,0,0,0,0,0,0,0,0,0.094291494,true,0
"seismic_bumps-bin",1,7,smart_certified,Greedy,InformationGain,0,0,0,0,0,0,0,0,0,0.871343033,true,0
"seismic_bumps-bin",1,7,cals,SparseLookahead,SparseCertified,18950,2558,0,64,0,62,0,114,3388,3.207651355,true,0
"seismic_bumps-bin",1,7,cals_compact_explain,SelectiveLookahead,SparseCertified,9739,0,0,57,19,0,65,131,1054,0.693632526,true,0
"seismic_bumps-bin",2,5,unary,Greedy,InformationGain,0,0,0,0,0,0,0,0,0,0.011842311,true,0
"seismic_bumps-bin",2,5,horn,Greedy,InformationGain,0,0,0,0,0,0,0,0,0,0.020228243,true,0
"seismic_bumps-bin",2,5,antihorn,Greedy,InformationGain,0,0,0,0,0,0,0,0,0,0.019520317,true,0
"seismic_bumps-bin",2,5,square2cnf,Greedy,InformationGain,0,0,0,0,0,0,0,0,0,0.136933299,true,0
"seismic_bumps-bin",2,5,affine,Greedy,InformationGain,0,0,0,0,0,0,0,0,0,0.069866299,true,0
"seismic_bumps-bin",2,5,smart_certified,Greedy,InformationGain,0,0,0,0,0,0,0,0,0,0.278558282,true,0
"seismic_bumps-bin",2,5,cals,SparseLookahead,SparseCertified,28259,1532,0,38,0,35,0,62,1964,4.582197505,true,0
"seismic_bumps-bin",2,5,cals_compact_explain,SelectiveLookahead,SparseCertified,9825,0,0,30,15,0,34,69,560,0.595079663,true,0
"seismic_bumps-bin",2,7,unary,Greedy,InformationGain,0,0,0,0,0,0,0,0,0,0.01810335,true,0
"seismic_bumps-bin",2,7,horn,Greedy,InformationGain,0,0,0,0,0,0,0,0,0,0.037625227,true,0
"seismic_bumps-bin",2,7,antihorn,Greedy,InformationGain,0,0,0,0,0,0,0,0,0,0.032883441,true,0
"seismic_bumps-bin",2,7,square2cnf,Greedy,InformationGain,0,0,0,0,0,0,0,0,0,0.311188732,true,0
"seismic_bumps-bin",2,7,affine,Greedy,InformationGain,0,0,0,0,0,0,0,0,0,0.129311247,true,0
"seismic_bumps-bin",2,7,smart_certified,Greedy,InformationGain,0,0,0,0,0,0,0,0,0,0.662331468,true,0
"seismic_bumps-bin",2,7,cals,SparseLookahead,SparseCertified,30129,2482,0,67,0,64,0,120,3353,4.782198749,true,0
"seismic_bumps-bin",2,7,cals_compact_explain,SelectiveLookahead,SparseCertified,11238,0,0,59,15,0,59,127,1063,0.662852341,true,0
"seismic_bumps-bin",3,5,unary,Greedy,InformationGain,0,0,0,0,0,0,0,0,0,0.010650996,true,0
"seismic_bumps-bin",3,5,horn,Greedy,InformationGain,0,0,0,0,0,0,0,0,0,0.020257347,true,0
"seismic_bumps-bin",3,5,antihorn,Greedy,InformationGain,0,0,0,0,0,0,0,0,0,0.020053709,true,0
"seismic_bumps-bin",3,5,square2cnf,Greedy,InformationGain,0,0,0,0,0,0,0,0,0,0.140013861,true,0
"seismic_bumps-bin",3,5,affine,Greedy,InformationGain,0,0,0,0,0,0,0,0,0,0.068335342,true,0
"seismic_bumps-bin",3,5,smart_certified,Greedy,InformationGain,0,0,0,0,0,0,0,0,0,0.220646103,true,0
"seismic_bumps-bin",3,5,cals,SparseLookahead,SparseCertified,42988,1538,0,36,0,34,0,58,1922,17.714753672,true,0
"seismic_bumps-bin",3,5,cals_compact_explain,SelectiveLookahead,SparseCertified,22910,0,0,34,16,0,35,76,647,5.362584829999999,true,0
"seismic_bumps-bin",3,7,unary,Greedy,InformationGain,0,0,0,0,0,0,0,0,0,0.016184771,true,0
"seismic_bumps-bin",3,7,horn,Greedy,InformationGain,0,0,0,0,0,0,0,0,0,0.033787869,true,0
"seismic_bumps-bin",3,7,antihorn,Greedy,InformationGain,0,0,0,0,0,0,0,0,0,0.032055266,true,0
"seismic_bumps-bin",3,7,square2cnf,Greedy,InformationGain,0,0,0,0,0,0,0,0,0,0.282140616,true,0
"seismic_bumps-bin",3,7,affine,Greedy,InformationGain,0,0,0,0,0,0,0,0,0,0.128338797,true,0
"seismic_bumps-bin",3,7,smart_certified,Greedy,InformationGain,0,0,0,0,0,0,0,0,0,0.425214353,true,0
"seismic_bumps-bin",3,7,cals,SparseLookahead,SparseCertified,51469,2577,0,63,0,61,0,112,3393,25.503397812,true,0
"seismic_bumps-bin",3,7,cals_compact_explain,SelectiveLookahead,SparseCertified,30041,0,0,63,16,0,64,134,1111,8.099736395999999,true,0
"seismic_bumps-bin",4,5,unary,Greedy,InformationGain,0,0,0,0,0,0,0,0,0,0.011382489,true,0
"seismic_bumps-bin",4,5,horn,Greedy,InformationGain,0,0,0,0,0,0,0,0,0,0.020965394,true,0
"seismic_bumps-bin",4,5,antihorn,Greedy,InformationGain,0,0,0,0,0,0,0,0,0,0.021230447,true,0
"seismic_bumps-bin",4,5,square2cnf,Greedy,InformationGain,0,0,0,0,0,0,0,0,0,0.123371378,true,0
"seismic_bumps-bin",4,5,affine,Greedy,InformationGain,0,0,0,0,0,0,0,0,0,0.064548088,true,0
"seismic_bumps-bin",4,5,smart_certified,Greedy,InformationGain,0,0,0,0,0,0,0,0,0,0.249150594,true,0
"seismic_bumps-bin",4,5,cals,SparseLookahead,SparseCertified,44108,1647,0,38,0,36,0,62,2063,14.885431378000002,true,0
"seismic_bumps-bin",4,5,cals_compact_explain,SelectiveLookahead,SparseCertified,18651,0,0,29,15,0,35,70,560,2.226037665,true,0
"seismic_bumps-bin",4,7,unary,Greedy,InformationGain,0,0,0,0,0,0,0,0,0,0.018015772,true,0
"seismic_bumps-bin",4,7,horn,Greedy,InformationGain,0,0,0,0,0,0,0,0,0,0.036965976,true,0
"seismic_bumps-bin",4,7,antihorn,Greedy,InformationGain,0,0,0,0,0,0,0,0,0,0.0337081,true,0
"seismic_bumps-bin",4,7,square2cnf,Greedy,InformationGain,0,0,0,0,0,0,0,0,0,0.277416734,true,0
"seismic_bumps-bin",4,7,affine,Greedy,InformationGain,0,0,0,0,0,0,0,0,0,0.124707685,true,0
"seismic_bumps-bin",4,7,smart_certified,Greedy,InformationGain,0,0,0,0,0,0,0,0,0,0.651400032,true,0
"seismic_bumps-bin",4,7,cals,SparseLookahead,SparseCertified,55465,2725,0,69,0,67,0,124,3637,26.481386315,true,0
"seismic_bumps-bin",4,7,cals_compact_explain,SelectiveLookahead,SparseCertified,22037,0,0,55,15,0,70,126,889,3.350744869,true,0
"seismic_bumps-bin",5,5,unary,Greedy,InformationGain,0,0,0,0,0,0,0,0,0,0.012003498,true,0
"seismic_bumps-bin",5,5,horn,Greedy,InformationGain,0,0,0,0,0,0,0,0,0,0.018715689,true,0
"seismic_bumps-bin",5,5,antihorn,Greedy,InformationGain,0,0,0,0,0,0,0,0,0,0.021234792,true,0
"seismic_bumps-bin",5,5,square2cnf,Greedy,InformationGain,0,0,0,0,0,0,0,0,0,0.15476582,true,0
"seismic_bumps-bin",5,5,affine,Greedy,InformationGain,0,0,0,0,0,0,0,0,0,0.035125283,true,0
"seismic_bumps-bin",5,5,smart_certified,Greedy,InformationGain,0,0,0,0,0,0,0,0,0,0.291991058,true,0
"seismic_bumps-bin",5,5,cals,SparseLookahead,SparseCertified,42883,1420,0,39,0,32,0,64,1932,11.815837761000001,true,0
"seismic_bumps-bin",5,5,cals_compact_explain,SelectiveLookahead,SparseCertified,22219,0,0,23,22,0,31,69,608,3.406911773,true,0
"seismic_bumps-bin",5,7,unary,Greedy,InformationGain,0,0,0,0,0,0,0,0,0,0.020062768,true,0
"seismic_bumps-bin",5,7,horn,Greedy,InformationGain,0,0,0,0,0,0,0,0,0,0.031327063,true,0
"seismic_bumps-bin",5,7,antihorn,Greedy,InformationGain,0,0,0,0,0,0,0,0,0,0.03675454,true,0
"seismic_bumps-bin",5,7,square2cnf,Greedy,InformationGain,0,0,0,0,0,0,0,0,0,0.317215791,true,0
"seismic_bumps-bin",5,7,affine,Greedy,InformationGain,0,0,0,0,0,0,0,0,0,0.067175169,true,0
"seismic_bumps-bin",5,7,smart_certified,Greedy,InformationGain,0,0,0,0,0,0,0,0,0,0.721492668,true,0
"seismic_bumps-bin",5,7,cals,SparseLookahead,SparseCertified,48744,2372,0,68,0,61,0,122,3334,22.340854919999998,true,0
"seismic_bumps-bin",5,7,cals_compact_explain,SelectiveLookahead,SparseCertified,27609,0,0,53,19,0,58,123,1030,5.825268795,true,0
"seismic_bumps-bin",6,5,unary,Greedy,InformationGain,0,0,0,0,0,0,0,0,0,0.009977742,true,0
"seismic_bumps-bin",6,5,horn,Greedy,InformationGain,0,0,0,0,0,0,0,0,0,0.016400358,true,0
"seismic_bumps-bin",6,5,antihorn,Greedy,InformationGain,0,0,0,0,0,0,0,0,0,0.019099873,true,0
"seismic_bumps-bin",6,5,square2cnf,Greedy,InformationGain,0,0,0,0,0,0,0,0,0,0.117653471,true,0
"seismic_bumps-bin",6,5,affine,Greedy,InformationGain,0,0,0,0,0,0,0,0,0,0.052095065,true,0
"seismic_bumps-bin",6,5,smart_certified,Greedy,InformationGain,0,0,0,0,0,0,0,0,0,0.200541587,true,0
"seismic_bumps-bin",6,5,cals,SparseLookahead,SparseCertified,14697,1670,0,36,0,36,0,58,2022,1.340348063,true,0
"seismic_bumps-bin",6,5,cals_compact_explain,SelectiveLookahead,SparseCertified,10091,0,0,21,22,0,32,65,528,0.746696183,true,0
"seismic_bumps-bin",6,7,unary,Greedy,InformationGain,0,0,0,0,0,0,0,0,0,0.014783752,true,0
"seismic_bumps-bin",6,7,horn,Greedy,InformationGain,0,0,0,0,0,0,0,0,0,0.026370666,true,0
"seismic_bumps-bin",6,7,antihorn,Greedy,InformationGain,0,0,0,0,0,0,0,0,0,0.033179009,true,0
"seismic_bumps-bin",6,7,square2cnf,Greedy,InformationGain,0,0,0,0,0,0,0,0,0,0.251464751,true,0
"seismic_bumps-bin",6,7,affine,Greedy,InformationGain,0,0,0,0,0,0,0,0,0,0.088943148,true,0
"seismic_bumps-bin",6,7,smart_certified,Greedy,InformationGain,0,0,0,0,0,0,0,0,0,0.376022225,true,0
"seismic_bumps-bin",6,7,cals,SparseLookahead,SparseCertified,16510,2573,0,62,0,62,0,110,3333,1.5491365959999999,true,0
"seismic_bumps-bin",6,7,cals_compact_explain,SelectiveLookahead,SparseCertified,11768,0,0,48,22,0,59,119,952,0.8432824999999999,true,0
"seismic_bumps-bin",7,5,unary,Greedy,InformationGain,0,0,0,0,0,0,0,0,0,0.01186988,true,0
"seismic_bumps-bin",7,5,horn,Greedy,InformationGain,0,0,0,0,0,0,0,0,0,0.018753161,true,0
"seismic_bumps-bin",7,5,antihorn,Greedy,InformationGain,0,0,0,0,0,0,0,0,0,0.019019827,true,0
"seismic_bumps-bin",7,5,square2cnf,Greedy,InformationGain,0,0,0,0,0,0,0,0,0,0.148268087,true,0
"seismic_bumps-bin",7,5,affine,Greedy,InformationGain,0,0,0,0,0,0,0,0,0,0.043369406,true,0
"seismic_bumps-bin",7,5,smart_certified,Greedy,InformationGain,0,0,0,0,0,0,0,0,0,0.260071081,true,0
"seismic_bumps-bin",7,5,cals,SparseLookahead,SparseCertified,79128,1906,0,42,0,41,0,70,2370,23.046103111,true,0
"seismic_bumps-bin",7,5,cals_compact_explain,SelectiveLookahead,SparseCertified,41731,0,0,34,15,0,37,77,640,6.346764263,true,0
"seismic_bumps-bin",7,7,unary,Greedy,InformationGain,0,0,0,0,0,0,0,0,0,0.01821032,true,0
"seismic_bumps-bin",7,7,horn,Greedy,InformationGain,0,0,0,0,0,0,0,0,0,0.034820615,true,0
"seismic_bumps-bin",7,7,antihorn,Greedy,InformationGain,0,0,0,0,0,0,0,0,0,0.035138819,true,0
"seismic_bumps-bin",7,7,square2cnf,Greedy,InformationGain,0,0,0,0,0,0,0,0,0,0.329895728,true,0
"seismic_bumps-bin",7,7,affine,Greedy,InformationGain,0,0,0,0,0,0,0,0,0,0.067789598,true,0
"seismic_bumps-bin",7,7,smart_certified,Greedy,InformationGain,0,0,0,0,0,0,0,0,0,0.602020921,true,0
"seismic_bumps-bin",7,7,cals,SparseLookahead,SparseCertified,91856,3106,0,76,0,75,0,138,4081,40.940590706,true,0
"seismic_bumps-bin",7,7,cals_compact_explain,SelectiveLookahead,SparseCertified,51073,0,0,69,15,0,72,147,1167,11.503102112999999,true,0
"seismic_bumps-bin",8,5,unary,Greedy,InformationGain,0,0,0,0,0,0,0,0,0,0.011179044,true,0
"seismic_bumps-bin",8,5,horn,Greedy,InformationGain,0,0,0,0,0,0,0,0,0,0.019817081,true,0
"seismic_bumps-bin",8,5,antihorn,Greedy,InformationGain,0,0,0,0,0,0,0,0,0,0.018708723,true,0
"seismic_bumps-bin",8,5,square2cnf,Greedy,InformationGain,0,0,0,0,0,0,0,0,0,0.140557538,true,0
"seismic_bumps-bin",8,5,affine,Greedy,InformationGain,0,0,0,0,0,0,0,0,0,0.064275344,true,0
"seismic_bumps-bin",8,5,smart_certified,Greedy,InformationGain,0,0,0,0,0,0,0,0,0,0.239310814,true,0
"seismic_bumps-bin",8,5,cals,SparseLookahead,SparseCertified,12349,1513,0,34,0,33,0,54,1849,0.378684017,true,0
"seismic_bumps-bin",8,5,cals_compact_explain,SelectiveLookahead,SparseCertified,7202,0,0,27,11,0,33,58,400,0.20025859699999998,true,0
"seismic_bumps-bin",8,7,unary,Greedy,InformationGain,0,0,0,0,0,0,0,0,0,0.017177576,true,0
"seismic_bumps-bin",8,7,horn,Greedy,InformationGain,0,0,0,0,0,0,0,0,0,0.032886874,true,0
"seismic_bumps-bin",8,7,antihorn,Greedy,InformationGain,0,0,0,0,0,0,0,0,0,0.029268768,true,0
"seismic_bumps-bin",8,7,square2cnf,Greedy,InformationGain,0,0,0,0,0,0,0,0,0,0.284731496,true,0
"seismic_bumps-bin",8,7,affine,Greedy,InformationGain,0,0,0,0,0,0,0,0,0,0.121176644,true,0
"seismic_bumps-bin",8,7,smart_certified,Greedy,InformationGain,0,0,0,0,0,0,0,0,0,0.417930037,true,0
"seismic_bumps-bin",8,7,cals,SparseLookahead,SparseCertified,14165,2386,0,58,0,57,0,102,3106,0.488870554,true,0
"seismic_bumps-bin",8,7,cals_compact_explain,SelectiveLookahead,SparseCertified,8841,0,0,52,11,0,57,108,816,0.228811598,true,0
"seismic_bumps-bin",9,5,unary,Greedy,InformationGain,0,0,0,0,0,0,0,0,0,0.01137554,true,0
"seismic_bumps-bin",9,5,horn,Greedy,InformationGain,0,0,0,0,0,0,0,0,0,0.019584889,true,0
"seismic_bumps-bin",9,5,antihorn,Greedy,InformationGain,0,0,0,0,0,0,0,0,0,0.020875157,true,0
"seismic_bumps-bin",9,5,square2cnf,Greedy,InformationGain,0,0,0,0,0,0,0,0,0,0.14766515,true,0
"seismic_bumps-bin",9,5,affine,Greedy,InformationGain,0,0,0,0,0,0,0,0,0,0.074287615,true,0
"seismic_bumps-bin",9,5,smart_certified,Greedy,InformationGain,0,0,0,0,0,0,0,0,0,0.252609699,true,0
"seismic_bumps-bin",9,5,cals,SparseLookahead,SparseCertified,45040,1723,0,38,0,37,0,62,2123,18.599077703000003,true,0
"seismic_bumps-bin",9,5,cals_compact_explain,SelectiveLookahead,SparseCertified,24531,0,0,27,17,0,30,67,592,4.469514167,true,0
"seismic_bumps-bin",9,7,unary,Greedy,InformationGain,0,0,0,0,0,0,0,0,0,0.019201079,true,0
"seismic_bumps-bin",9,7,horn,Greedy,InformationGain,0,0,0,0,0,0,0,0,0,0.033005742,true,0
"seismic_bumps-bin",9,7,antihorn,Greedy,InformationGain,0,0,0,0,0,0,0,0,0,0.033980771,true,0
"seismic_bumps-bin",9,7,square2cnf,Greedy,InformationGain,0,0,0,0,0,0,0,0,0,0.354225129,true,0
"seismic_bumps-bin",9,7,affine,Greedy,InformationGain,0,0,0,0,0,0,0,0,0,0.132491329,true,0
"seismic_bumps-bin",9,7,smart_certified,Greedy,InformationGain,0,0,0,0,0,0,0,0,0,1.097387159,true,0
"seismic_bumps-bin",9,7,cals,SparseLookahead,SparseCertified,50788,2653,0,66,0,65,0,118,3500,27.254942689,true,0
"seismic_bumps-bin",9,7,cals_compact_explain,SelectiveLookahead,SparseCertified,29232,0,0,53,17,0,56,119,1005,7.659638834,true,0
"soybean",0,5,unary,Greedy,InformationGain,0,0,0,0,0,0,0,0,0,0.006046178,true,0
"soybean",0,5,horn,Greedy,InformationGain,0,0,0,0,0,0,0,0,0,0.003905153,true,0
"soybean",0,5,antihorn,Greedy,InformationGain,0,0,0,0,0,0,0,0,0,0.00489787,true,0
"soybean",0,5,square2cnf,Greedy,InformationGain,0,0,0,0,0,0,0,0,0,0.035978502,true,0
"soybean",0,5,affine,Greedy,InformationGain,0,0,0,0,0,0,0,0,0,0.011556644,true,0
"soybean",0,5,smart_certified,Greedy,InformationGain,0,0,0,0,0,0,0,0,0,0.020204362,true,0
"soybean",0,5,cals,SparseLookahead,SparseCertified,24903,910,0,26,0,23,0,38,1126,10.461229425,true,0
"soybean",0,5,cals_compact_explain,SelectiveLookahead,SparseCertified,13500,0,0,14,18,0,20,46,392,2.7477479799999998,true,0
"soybean",0,7,unary,Greedy,InformationGain,0,0,0,0,0,0,0,0,0,0.002833941,true,0
"soybean",0,7,horn,Greedy,InformationGain,0,0,0,0,0,0,0,0,0,0.004553434,true,0
"soybean",0,7,antihorn,Greedy,InformationGain,0,0,0,0,0,0,0,0,0,0.005801375,true,0
"soybean",0,7,square2cnf,Greedy,InformationGain,0,0,0,0,0,0,0,0,0,0.044654345,true,0
"soybean",0,7,affine,Greedy,InformationGain,0,0,0,0,0,0,0,0,0,0.020981562,true,0
"soybean",0,7,smart_certified,Greedy,InformationGain,0,0,0,0,0,0,0,0,0,0.022410484,true,0
"soybean",0,7,cals,SparseLookahead,SparseCertified,28507,1010,0,30,0,27,0,46,1290,13.461150603,true,0
"soybean",0,7,cals_compact_explain,SelectiveLookahead,SparseCertified,16819,0,0,16,18,0,22,50,420,3.0487612609999997,true,0
"soybean",1,5,unary,Greedy,InformationGain,0,0,0,0,0,0,0,0,0,0.00201066,true,0
"soybean",1,5,horn,Greedy,InformationGain,0,0,0,0,0,0,0,0,0,0.004661165,true,0
"soybean",1,5,antihorn,Greedy,InformationGain,0,0,0,0,0,0,0,0,0,0.004697349,true,0
"soybean",1,5,square2cnf,Greedy,InformationGain,0,0,0,0,0,0,0,0,0,0.029652553,true,0
"soybean",1,5,affine,Greedy,InformationGain,0,0,0,0,0,0,0,0,0,0.011660895,true,0
"soybean",1,5,smart_certified,Greedy,InformationGain,0,0,0,0,0,0,0,0,0,0.024278056,true,0
"soybean",1,5,cals,SparseLookahead,SparseCertified,29600,863,0,32,0,21,0,43,1215,11.021321692,true,0
"soybean",1,5,cals_compact_explain,SelectiveLookahead,SparseCertified,13718,0,0,11,18,0,15,40,400,2.053681657,true,0
"soybean",1,7,unary,Greedy,InformationGain,0,0,0,0,0,0,0,0,0,0.002580369,true,0
"soybean",1,7,horn,Greedy,InformationGain,0,0,0,0,0,0,0,0,0,0.005558917,true,0
"soybean",1,7,antihorn,Greedy,InformationGain,0,0,0,0,0,0,0,0,0,0.005765692,true,0
"soybean",1,7,square2cnf,Greedy,InformationGain,0,0,0,0,0,0,0,0,0,0.040895471,true,0
"soybean",1,7,affine,Greedy,InformationGain,0,0,0,0,0,0,0,0,0,0.019922028,true,0
"soybean",1,7,smart_certified,Greedy,InformationGain,0,0,0,0,0,0,0,0,0,0.029728023,true,0
"soybean",1,7,cals,SparseLookahead,SparseCertified,29614,863,0,34,0,23,0,47,1229,11.722754364,true,0
"soybean",1,7,cals_compact_explain,SelectiveLookahead,SparseCertified,13732,0,0,13,18,0,17,44,414,2.229982136,true,0
"soybean",2,5,unary,Greedy,InformationGain,0,0,0,0,0,0,0,0,0,0.00153645,true,0
"soybean",2,5,horn,Greedy,InformationGain,0,0,0,0,0,0,0,0,0,0.003161489,true,0
"soybean",2,5,antihorn,Greedy,InformationGain,0,0,0,0,0,0,0,0,0,0.003689692,true,0
"soybean",2,5,square2cnf,Greedy,InformationGain,0,0,0,0,0,0,0,0,0,0.030531935,true,0
"soybean",2,5,affine,Greedy,InformationGain,0,0,0,0,0,0,0,0,0,0.018769729,true,0
"soybean",2,5,smart_certified,Greedy,InformationGain,0,0,0,0,0,0,0,0,0,0.031600033,true,0
"soybean",2,5,cals,SparseLookahead,SparseCertified,32434,929,0,23,0,21,0,32,1105,8.303122258,true,0
"soybean",2,5,cals_compact_explain,SelectiveLookahead,SparseCertified,8751,0,0,12,11,0,15,32,272,1.781394263,true,0
"soybean",2,7,unary,Greedy,InformationGain,0,0,0,0,0,0,0,0,0,0.002196058,true,0
"soybean",2,7,horn,Greedy,InformationGain,0,0,0,0,0,0,0,0,0,0.004589439,true,0
"soybean",2,7,antihorn,Greedy,InformationGain,0,0,0,0,0,0,0,0,0,0.004314518,true,0
"soybean",2,7,square2cnf,Greedy,InformationGain,0,0,0,0,0,0,0,0,0,0.040975102,true,0
"soybean",2,7,affine,Greedy,InformationGain,0,0,0,0,0,0,0,0,0,0.02507887,true,0
"soybean",2,7,smart_certified,Greedy,InformationGain,0,0,0,0,0,0,0,0,0,0.035203669,true,0
"soybean",2,7,cals,SparseLookahead,SparseCertified,32660,993,0,27,0,25,0,40,1229,10.462214282,true,0
"soybean",2,7,cals_compact_explain,SelectiveLookahead,SparseCertified,10066,0,0,17,11,0,19,41,352,2.526273902,true,0
"soybean",3,5,unary,Greedy,InformationGain,0,0,0,0,0,0,0,0,0,0.001794157,true,0
"soybean",3,5,horn,Greedy,InformationGain,0,0,0,0,0,0,0,0,0,0.003614723,true,0
"soybean",3,5,antihorn,Greedy,InformationGain,0,0,0,0,0,0,0,0,0,0.004196898,true,0
"soybean",3,5,square2cnf,Greedy,InformationGain,0,0,0,0,0,0,0,0,0,0.033870512,true,0
"soybean",3,5,affine,Greedy,InformationGain,0,0,0,0,0,0,0,0,0,0.015574498,true,0
"soybean",3,5,smart_certified,Greedy,InformationGain,0,0,0,0,0,0,0,0,0,0.023592651,true,0
"soybean",3,5,cals,SparseLookahead,SparseCertified,37722,912,0,25,0,21,0,36,1142,10.921524119,true,0
"soybean",3,5,cals_compact_explain,SelectiveLookahead,SparseCertified,7882,0,0,11,13,0,13,33,320,1.929086403,true,0
"soybean",3,7,unary,Greedy,InformationGain,0,0,0,0,0,0,0,0,0,0.00221101,true,0
"soybean",3,7,horn,Greedy,InformationGain,0,0,0,0,0,0,0,0,0,0.004748934,true,0
"soybean",3,7,antihorn,Greedy,InformationGain,0,0,0,0,0,0,0,0,0,0.005295744,true,0
"soybean",3,7,square2cnf,Greedy,InformationGain,0,0,0,0,0,0,0,0,0,0.048524533,true,0
"soybean",3,7,affine,Greedy,InformationGain,0,0,0,0,0,0,0,0,0,0.022745967,true,0
"soybean",3,7,smart_certified,Greedy,InformationGain,0,0,0,0,0,0,0,0,0,0.02719457,true,0
"soybean",3,7,cals,SparseLookahead,SparseCertified,37882,960,0,28,0,24,0,42,1238,12.933581807000001,true,0
"soybean",3,7,cals_compact_explain,SelectiveLookahead,SparseCertified,8132,0,0,16,10,0,15,37,352,2.299948889,true,0
"soybean",4,5,unary,Greedy,InformationGain,0,0,0,0,0,0,0,0,0,0.001796054,true,0
"soybean",4,5,horn,Greedy,InformationGain,0,0,0,0,0,0,0,0,0,0.003779179,true,0
"soybean",4,5,antihorn,Greedy,InformationGain,0,0,0,0,0,0,0,0,0,0.004358253,true,0
"soybean",4,5,square2cnf,Greedy,InformationGain,0,0,0,0,0,0,0,0,0,0.03670297,true,0
"soybean",4,5,affine,Greedy,InformationGain,0,0,0,0,0,0,0,0,0,0.020047438,true,0
"soybean",4,5,smart_certified,Greedy,InformationGain,0,0,0,0,0,0,0,0,0,0.024260252,true,0
"soybean",4,5,cals,SparseLookahead,SparseCertified,19942,605,0,33,0,17,0,45,1025,7.861766699,true,0
"soybean",4,5,cals_compact_explain,SelectiveLookahead,SparseCertified,15256,0,0,14,16,0,19,42,334,2.3847439689999996,true,0
"soybean",4,7,unary,Greedy,InformationGain,0,0,0,0,0,0,0,0,0,0.002717132,true,0
"soybean",4,7,horn,Greedy,InformationGain,0,0,0,0,0,0,0,0,0,0.004779558,true,0
"soybean",4,7,antihorn,Greedy,InformationGain,0,0,0,0,0,0,0,0,0,0.00518651,true,0
"soybean",4,7,square2cnf,Greedy,InformationGain,0,0,0,0,0,0,0,0,0,0.048686901,true,0
"soybean",4,7,affine,Greedy,InformationGain,0,0,0,0,0,0,0,0,0,0.0255727,true,0
"soybean",4,7,smart_certified,Greedy,InformationGain,0,0,0,0,0,0,0,0,0,0.026666624,true,0
"soybean",4,7,cals,SparseLookahead,SparseCertified,23619,671,0,35,0,19,0,49,1123,9.310268578,true,0
"soybean",4,7,cals_compact_explain,SelectiveLookahead,SparseCertified,17190,0,0,17,15,0,21,46,366,2.786053758,true,0
"soybean",5,5,unary,Greedy,InformationGain,0,0,0,0,0,0,0,0,0,0.001653517,true,0
"soybean",5,5,horn,Greedy,InformationGain,0,0,0,0,0,0,0,0,0,0.00341841,true,0
"soybean",5,5,antihorn,Greedy,InformationGain,0,0,0,0,0,0,0,0,0,0.003881684,true,0
"soybean",5,5,square2cnf,Greedy,InformationGain,0,0,0,0,0,0,0,0,0,0.034325397,true,0
"soybean",5,5,affine,Greedy,InformationGain,0,0,0,0,0,0,0,0,0,0.014179162,true,0
"soybean",5,5,smart_certified,Greedy,InformationGain,0,0,0,0,0,0,0,0,0,0.029093202,true,0
"soybean",5,5,cals,SparseLookahead,SparseCertified,26683,898,0,25,0,22,0,36,1106,9.46427062,true,0
"soybean",5,5,cals_compact_explain,SelectiveLookahead,SparseCertified,9149,0,0,11,14,0,18,36,288,2.3814438890000003,true,0
"soybean",5,7,unary,Greedy,InformationGain,0,0,0,0,0,0,0,0,0,0.002502822,true,0
"soybean",5,7,horn,Greedy,InformationGain,0,0,0,0,0,0,0,0,0,0.004534812,true,0
"soybean",5,7,antihorn,Greedy,InformationGain,0,0,0,0,0,0,0,0,0,0.005130358,true,0
"soybean",5,7,square2cnf,Greedy,InformationGain,0,0,0,0,0,0,0,0,0,0.037721063,true,0
"soybean",5,7,affine,Greedy,InformationGain,0,0,0,0,0,0,0,0,0,0.022619549,true,0
"soybean",5,7,smart_certified,Greedy,InformationGain,0,0,0,0,0,0,0,0,0,0.038171434,true,0
"soybean",5,7,cals,SparseLookahead,SparseCertified,28806,980,0,27,0,24,0,40,1220,10.967781540999999,true,0
"soybean",5,7,cals_compact_explain,SelectiveLookahead,SparseCertified,10553,0,0,14,14,0,19,41,336,2.573262873,true,0
"soybean",6,5,unary,Greedy,InformationGain,0,0,0,0,0,0,0,0,0,0.001828737,true,0
"soybean",6,5,horn,Greedy,InformationGain,0,0,0,0,0,0,0,0,0,0.003469858,true,0
"soybean",6,5,antihorn,Greedy,InformationGain,0,0,0,0,0,0,0,0,0,0.00393064,true,0
"soybean",6,5,square2cnf,Greedy,InformationGain,0,0,0,0,0,0,0,0,0,0.028760188,true,0
"soybean",6,5,affine,Greedy,InformationGain,0,0,0,0,0,0,0,0,0,0.01358833,true,0
"soybean",6,5,smart_certified,Greedy,InformationGain,0,0,0,0,0,0,0,0,0,0.035992755,true,0
"soybean",6,5,cals,SparseLookahead,SparseCertified,24884,794,0,35,0,20,0,49,1246,9.697659044,true,0
"soybean",6,5,cals_compact_explain,SelectiveLookahead,SparseCertified,14198,0,0,15,18,0,18,48,465,2.574802398,true,0
"soybean",6,7,unary,Greedy,InformationGain,0,0,0,0,0,0,0,0,0,0.002361807,true,0
"soybean",6,7,horn,Greedy,InformationGain,0,0,0,0,0,0,0,0,0,0.005447501,true,0
"soybean",6,7,antihorn,Greedy,InformationGain,0,0,0,0,0,0,0,0,0,0.005359314,true,0
"soybean",6,7,square2cnf,Greedy,InformationGain,0,0,0,0,0,0,0,0,0,0.045809487,true,0
"soybean",6,7,affine,Greedy,InformationGain,0,0,0,0,0,0,0,0,0,0.026266514,true,0
"soybean",6,7,smart_certified,Greedy,InformationGain,0,0,0,0,0,0,0,0,0,0.041381935,true,0
"soybean",6,7,cals,SparseLookahead,SparseCertified,25255,835,0,38,0,23,0,55,1335,11.864910412,true,0
"soybean",6,7,cals_compact_explain,SelectiveLookahead,SparseCertified,14500,0,0,18,18,0,21,54,513,3.153387435,true,0
"soybean",7,5,unary,Greedy,InformationGain,0,0,0,0,0,0,0,0,0,0.001820199,true,0
"soybean",7,5,horn,Greedy,InformationGain,0,0,0,0,0,0,0,0,0,0.003931523,true,0
"soybean",7,5,antihorn,Greedy,InformationGain,0,0,0,0,0,0,0,0,0,0.004446715,true,0
"soybean",7,5,square2cnf,Greedy,InformationGain,0,0,0,0,0,0,0,0,0,0.035965741,true,0
"soybean",7,5,affine,Greedy,InformationGain,0,0,0,0,0,0,0,0,0,0.012711012,true,0
"soybean",7,5,smart_certified,Greedy,InformationGain,0,0,0,0,0,0,0,0,0,0.020076714,true,0
"soybean",7,5,cals,SparseLookahead,SparseCertified,31925,978,0,25,0,22,0,36,1202,8.609447679,true,0
"soybean",7,5,cals_compact_explain,SelectiveLookahead,SparseCertified,10610,0,0,13,10,0,15,34,304,2.097829786,true,0
"soybean",7,7,unary,Greedy,InformationGain,0,0,0,0,0,0,0,0,0,0.002694613,true,0
"soybean",7,7,horn,Greedy,InformationGain,0,0,0,0,0,0,0,0,0,0.004995934,true,0
"soybean",7,7,antihorn,Greedy,InformationGain,0,0,0,0,0,0,0,0,0,0.005631732,true,0
"soybean",7,7,square2cnf,Greedy,InformationGain,0,0,0,0,0,0,0,0,0,0.049293249,true,0
"soybean",7,7,affine,Greedy,InformationGain,0,0,0,0,0,0,0,0,0,0.022543433,true,0
"soybean",7,7,smart_certified,Greedy,InformationGain,0,0,0,0,0,0,0,0,0,0.022591796,true,0
"soybean",7,7,cals,SparseLookahead,SparseCertified,36053,1060,0,28,0,25,0,42,1332,10.432573636,true,0
"soybean",7,7,cals_compact_explain,SelectiveLookahead,SparseCertified,12969,0,0,16,10,0,18,40,352,2.563985258,true,0
"soybean",8,5,unary,Greedy,InformationGain,0,0,0,0,0,0,0,0,0,0.001738154,true,0
"soybean",8,5,horn,Greedy,InformationGain,0,0,0,0,0,0,0,0,0,0.003168187,true,0
"soybean",8,5,antihorn,Greedy,InformationGain,0,0,0,0,0,0,0,0,0,0.004314999,true,0
"soybean",8,5,square2cnf,Greedy,InformationGain,0,0,0,0,0,0,0,0,0,0.029952547,true,0
"soybean",8,5,affine,Greedy,InformationGain,0,0,0,0,0,0,0,0,0,0.015227906,true,0
"soybean",8,5,smart_certified,Greedy,InformationGain,0,0,0,0,0,0,0,0,0,0.039477759,true,0
"soybean",8,5,cals,SparseLookahead,SparseCertified,20236,966,0,26,0,23,0,38,1206,13.120858867,true,0
"soybean",8,5,cals_compact_explain,SelectiveLookahead,SparseCertified,11023,0,0,14,16,0,22,42,320,3.2942242950000002,true,0
"soybean",8,7,unary,Greedy,InformationGain,0,0,0,0,0,0,0,0,0,0.002661747,true,0
"soybean",8,7,horn,Greedy,InformationGain,0,0,0,0,0,0,0,0,0,0.0048359,true,0
"soybean",8,7,antihorn,Greedy,InformationGain,0,0,0,0,0,0,0,0,0,0.005883832,true,0
"soybean",8,7,square2cnf,Greedy,InformationGain,0,0,0,0,0,0,0,0,0,0.040975386,true,0
"soybean",8,7,affine,Greedy,InformationGain,0,0,0,0,0,0,0,0,0,0.020854975,true,0
"soybean",8,7,smart_certified,Greedy,InformationGain,0,0,0,0,0,0,0,0,0,0.05528602,true,0
"soybean",8,7,cals,SparseLookahead,SparseCertified,20372,1030,0,29,0,26,0,44,1302,14.651207942,true,0
"soybean",8,7,cals_compact_explain,SelectiveLookahead,SparseCertified,11114,0,0,17,16,0,25,48,352,3.641679301,true,0
"soybean",9,5,unary,Greedy,InformationGain,0,0,0,0,0,0,0,0,0,0.001795328,true,0
"soybean",9,5,horn,Greedy,InformationGain,0,0,0,0,0,0,0,0,0,0.003577519,true,0
"soybean",9,5,antihorn,Greedy,InformationGain,0,0,0,0,0,0,0,0,0,0.004398752,true,0
"soybean",9,5,square2cnf,Greedy,InformationGain,0,0,0,0,0,0,0,0,0,0.024083527,true,0
"soybean",9,5,affine,Greedy,InformationGain,0,0,0,0,0,0,0,0,0,0.012327159,true,0
"soybean",9,5,smart_certified,Greedy,InformationGain,0,0,0,0,0,0,0,0,0,0.02287017,true,0
"soybean",9,5,cals,SparseLookahead,SparseCertified,40624,1000,0,26,0,23,0,38,1240,12.177186146,true,0
"soybean",9,5,cals_compact_explain,SelectiveLookahead,SparseCertified,17666,0,0,20,7,0,17,39,352,2.6790796390000002,true,0
"soybean",9,7,unary,Greedy,InformationGain,0,0,0,0,0,0,0,0,0,0.002729319,true,0
"soybean",9,7,horn,Greedy,InformationGain,0,0,0,0,0,0,0,0,0,0.004608014,true,0
"soybean",9,7,antihorn,Greedy,InformationGain,0,0,0,0,0,0,0,0,0,0.005170993,true,0
"soybean",9,7,square2cnf,Greedy,InformationGain,0,0,0,0,0,0,0,0,0,0.03630406,true,0
"soybean",9,7,affine,Greedy,InformationGain,0,0,0,0,0,0,0,0,0,0.021047197,true,0
"soybean",9,7,smart_certified,Greedy,InformationGain,0,0,0,0,0,0,0,0,0,0.025274734,true,0
"soybean",9,7,cals,SparseLookahead,SparseCertified,40713,1039,0,29,0,26,0,44,1317,13.649559491,true,0
"soybean",9,7,cals_compact_explain,SelectiveLookahead,SparseCertified,17791,0,0,23,7,0,20,45,396,3.12550567,true,0
"splice-1",0,5,unary,Greedy,InformationGain,0,0,0,0,0,0,0,0,0,0.040064534,true,0
"splice-1",0,5,horn,Greedy,InformationGain,0,0,0,0,0,0,0,0,0,0.053037599,true,0
"splice-1",0,5,antihorn,Greedy,InformationGain,0,0,0,0,0,0,0,0,0,0.043724029,true,0
"splice-1",0,5,square2cnf,Greedy,InformationGain,0,0,0,0,0,0,0,0,0,0.165317256,true,0
"splice-1",0,5,affine,Greedy,InformationGain,0,0,0,0,0,0,0,0,0,0.098154591,true,0
"splice-1",0,5,smart_certified,Greedy,InformationGain,0,0,0,0,0,0,0,0,0,0.250272838,true,0
"splice-1",0,5,cals,SparseLookahead,SparseCertified,143953,1285,0,29,0,28,0,44,1541,18.904098141000002,true,0
"splice-1",0,5,cals_compact_explain,SelectiveLookahead,SparseCertified,79797,0,0,22,12,0,28,50,352,6.470106952999999,true,0
"splice-1",0,7,unary,Greedy,InformationGain,0,0,0,0,0,0,0,0,0,0.071823429,true,0
"splice-1",0,7,horn,Greedy,InformationGain,0,0,0,0,0,0,0,0,0,0.076948451,true,0
"splice-1",0,7,antihorn,Greedy,InformationGain,0,0,0,0,0,0,0,0,0,0.067140239,true,0
"splice-1",0,7,square2cnf,Greedy,InformationGain,0,0,0,0,0,0,0,0,0,0.28639433,true,0
"splice-1",0,7,affine,Greedy,InformationGain,0,0,0,0,0,0,0,0,0,0.219637425,true,0
"splice-1",0,7,smart_certified,Greedy,InformationGain,0,0,0,0,0,0,0,0,0,0.444452081,true,0
"splice-1",0,7,cals,SparseLookahead,SparseCertified,173725,1716,0,40,0,39,0,66,2148,28.880132953,true,0
"splice-1",0,7,cals_compact_explain,SelectiveLookahead,SparseCertified,98302,0,0,32,12,0,38,70,512,9.035563493,true,0
"splice-1",1,5,unary,Greedy,InformationGain,0,0,0,0,0,0,0,0,0,0.041694052,true,0
"splice-1",1,5,horn,Greedy,InformationGain,0,0,0,0,0,0,0,0,0,0.053015916,true,0
"splice-1",1,5,antihorn,Greedy,InformationGain,0,0,0,0,0,0,0,0,0,0.039656955,true,0
"splice-1",1,5,square2cnf,Greedy,InformationGain,0,0,0,0,0,0,0,0,0,0.189477222,true,0
"splice-1",1,5,affine,Greedy,InformationGain,0,0,0,0,0,0,0,0,0,0.093887507,true,0
"splice-1",1,5,smart_certified,Greedy,InformationGain,0,0,0,0,0,0,0,0,0,0.279845943,true,0
"splice-1",1,5,cals,SparseLookahead,SparseCertified,152491,1332,0,30,0,30,0,46,1588,23.11587591,true,0
"splice-1",1,5,cals_compact_explain,SelectiveLookahead,SparseCertified,70101,0,0,16,14,0,24,45,336,5.502455594,true,0
"splice-1",1,7,unary,Greedy,InformationGain,0,0,0,0,0,0,0,0,0,0.075809327,true,0
"splice-1",1,7,horn,Greedy,InformationGain,0,0,0,0,0,0,0,0,0,0.078551225,true,0
"splice-1",1,7,antihorn,Greedy,InformationGain,0,0,0,0,0,0,0,0,0,0.062184832,true,0
"splice-1",1,7,square2cnf,Greedy,InformationGain,0,0,0,0,0,0,0,0,0,0.301920002,true,0
"splice-1",1,7,affine,Greedy,InformationGain,0,0,0,0,0,0,0,0,0,0.184433708,true,0
"splice-1",1,7,smart_certified,Greedy,InformationGain,0,0,0,0,0,0,0,0,0,0.422195771,true,0
"splice-1",1,7,cals,SparseLookahead,SparseCertified,176453,1604,0,37,0,37,0,60,1972,26.941657048,true,0
"splice-1",1,7,cals_compact_explain,SelectiveLookahead,SparseCertified,80591,0,0,26,11,0,31,59,448,7.274507163,true,0
"splice-1",2,5,unary,Greedy,InformationGain,0,0,0,0,0,0,0,0,0,0.04327268,true,0
"splice-1",2,5,horn,Greedy,InformationGain,0,0,0,0,0,0,0,0,0,0.056619677,true,0
"splice-1",2,5,antihorn,Greedy,InformationGain,0,0,0,0,0,0,0,0,0,0.049370702,true,0
"splice-1",2,5,square2cnf,Greedy,InformationGain,0,0,0,0,0,0,0,0,0,0.207371632,true,0
"splice-1",2,5,affine,Greedy,InformationGain,0,0,0,0,0,0,0,0,0,0.092207202,true,0
"splice-1",2,5,smart_certified,Greedy,InformationGain,0,0,0,0,0,0,0,0,0,0.267982927,true,0
"splice-1",2,5,cals,SparseLookahead,SparseCertified,130573,1218,0,30,0,27,0,46,1522,18.887537808999998,true,0
"splice-1",2,5,cals_compact_explain,SelectiveLookahead,SparseCertified,69891,0,0,22,12,0,29,50,336,6.708428381,true,0
"splice-1",2,7,unary,Greedy,InformationGain,0,0,0,0,0,0,0,0,0,0.07951445,true,0
"splice-1",2,7,horn,Greedy,InformationGain,0,0,0,0,0,0,0,0,0,0.082750764,true,0
"splice-1",2,7,antihorn,Greedy,InformationGain,0,0,0,0,0,0,0,0,0,0.078562696,true,0
"splice-1",2,7,square2cnf,Greedy,InformationGain,0,0,0,0,0,0,0,0,0,0.32667575,true,0
"splice-1",2,7,affine,Greedy,InformationGain,0,0,0,0,0,0,0,0,0,0.220907302,true,0
"splice-1",2,7,smart_certified,Greedy,InformationGain,0,0,0,0,0,0,0,0,0,0.505921978,true,0
"splice-1",2,7,cals,SparseLookahead,SparseCertified,163022,1678,0,41,0,38,0,68,2158,28.260676743,true,0
"splice-1",2,7,cals_compact_explain,SelectiveLookahead,SparseCertified,81192,0,0,28,12,0,35,62,432,8.209837738,true,0
"splice-1",3,5,unary,Greedy,InformationGain,0,0,0,0,0,0,0,0,0,0.042471662,true,0
"splice-1",3,5,horn,Greedy,InformationGain,0,0,0,0,0,0,0,0,0,0.053024533,true,0
"splice-1",3,5,antihorn,Greedy,InformationGain,0,0,0,0,0,0,0,0,0,0.0457634,true,0
"splice-1",3,5,square2cnf,Greedy,InformationGain,0,0,0,0,0,0,0,0,0,0.163256965,true,0
"splice-1",3,5,affine,Greedy,InformationGain,0,0,0,0,0,0,0,0,0,0.085842769,true,0
"splice-1",3,5,smart_certified,Greedy,InformationGain,0,0,0,0,0,0,0,0,0,0.279412361,true,0
"splice-1",3,5,cals,SparseLookahead,SparseCertified,149310,1342,0,29,0,29,0,44,1582,20.833663308,true,0
"splice-1",3,5,cals_compact_explain,SelectiveLookahead,SparseCertified,76034,0,0,17,18,0,29,52,368,6.907900219,true,0
"splice-1",3,7,unary,Greedy,InformationGain,0,0,0,0,0,0,0,0,0,0.07798311,true,0
"splice-1",3,7,horn,Greedy,InformationGain,0,0,0,0,0,0,0,0,0,0.074600374,true,0
"splice-1",3,7,antihorn,Greedy,InformationGain,0,0,0,0,0,0,0,0,0,0.068287753,true,0
"splice-1",3,7,square2cnf,Greedy,InformationGain,0,0,0,0,0,0,0,0,0,0.292483945,true,0
"splice-1",3,7,affine,Greedy,InformationGain,0,0,0,0,0,0,0,0,0,0.209706462,true,0
"splice-1",3,7,smart_certified,Greedy,InformationGain,0,0,0,0,0,0,0,0,0,0.554966766,true,0
"splice-1",3,7,cals,SparseLookahead,SparseCertified,164533,1647,0,37,0,37,0,60,2015,27.860535526,true,0
"splice-1",3,7,cals_compact_explain,SelectiveLookahead,SparseCertified,79780,0,0,25,16,0,33,64,496,8.025525688,true,0
"splice-1",4,5,unary,Greedy,InformationGain,0,0,0,0,0,0,0,0,0,0.042886179,true,0
"splice-1",4,5,horn,Greedy,InformationGain,0,0,0,0,0,0,0,0,0,0.051691743,true,0
"splice-1",4,5,antihorn,Greedy,InformationGain,0,0,0,0,0,0,0,0,0,0.040737686,true,0
"splice-1",4,5,square2cnf,Greedy,InformationGain,0,0,0,0,0,0,0,0,0,0.197346477,true,0
"splice-1",4,5,affine,Greedy,InformationGain,0,0,0,0,0,0,0,0,0,0.095317566,true,0
"splice-1",4,5,smart_certified,Greedy,InformationGain,0,0,0,0,0,0,0,0,0,0.264106672,true,0
"splice-1",4,5,cals,SparseLookahead,SparseCertified,141271,1331,0,32,0,30,0,50,1651,22.677797749,true,0
"splice-1",4,5,cals_compact_explain,SelectiveLookahead,SparseCertified,74136,0,0,23,10,0,27,51,384,6.3179010159999995,true,0
"splice-1",4,7,unary,Greedy,InformationGain,0,0,0,0,0,0,0,0,0,0.069462678,true,0
"splice-1",4,7,horn,Greedy,InformationGain,0,0,0,0,0,0,0,0,0,0.070540334,true,0
"splice-1",4,7,antihorn,Greedy,InformationGain,0,0,0,0,0,0,0,0,0,0.060778755,true,0
"splice-1",4,7,square2cnf,Greedy,InformationGain,0,0,0,0,0,0,0,0,0,0.322059659,true,0
"splice-1",4,7,affine,Greedy,InformationGain,0,0,0,0,0,0,0,0,0,0.195049875,true,0
"splice-1",4,7,smart_certified,Greedy,InformationGain,0,0,0,0,0,0,0,0,0,0.470135256,true,0
"splice-1",4,7,cals,SparseLookahead,SparseCertified,157580,1610,0,39,0,37,0,64,2042,28.762723123,true,0
"splice-1",4,7,cals_compact_explain,SelectiveLookahead,SparseCertified,84825,0,0,31,10,0,35,67,512,8.325216209,true,0
"splice-1",5,5,unary,Greedy,InformationGain,0,0,0,0,0,0,0,0,0,0.04183669,true,0
"splice-1",5,5,horn,Greedy,InformationGain,0,0,0,0,0,0,0,0,0,0.055881865,true,0
"splice-1",5,5,antihorn,Greedy,InformationGain,0,0,0,0,0,0,0,0,0,0.045800434,true,0
"splice-1",5,5,square2cnf,Greedy,InformationGain,0,0,0,0,0,0,0,0,0,0.215369523,true,0
"splice-1",5,5,affine,Greedy,InformationGain,0,0,0,0,0,0,0,0,0,0.089185593,true,0
"splice-1",5,5,smart_certified,Greedy,InformationGain,0,0,0,0,0,0,0,0,0,0.276149883,true,0
"splice-1",5,5,cals,SparseLookahead,SparseCertified,132556,1292,0,30,0,29,0,46,1564,22.468892586,true,0
"splice-1",5,5,cals_compact_explain,SelectiveLookahead,SparseCertified,75369,0,0,21,17,0,28,58,480,6.530491693,true,0
"splice-1",5,7,unary,Greedy,InformationGain,0,0,0,0,0,0,0,0,0,0.06816383,true,0
"splice-1",5,7,horn,Greedy,InformationGain,0,0,0,0,0,0,0,0,0,0.074578342,true,0
"splice-1",5,7,antihorn,Greedy,InformationGain,0,0,0,0,0,0,0,0,0,0.070633808,true,0
"splice-1",5,7,square2cnf,Greedy,InformationGain,0,0,0,0,0,0,0,0,0,0.375521617,true,0
"splice-1",5,7,affine,Greedy,InformationGain,0,0,0,0,0,0,0,0,0,0.210462385,true,0
"splice-1",5,7,smart_certified,Greedy,InformationGain,0,0,0,0,0,0,0,0,0,0.500048767,true,0
"splice-1",5,7,cals,SparseLookahead,SparseCertified,158903,1674,0,39,0,38,0,64,2090,29.851959130999997,true,0
"splice-1",5,7,cals_compact_explain,SelectiveLookahead,SparseCertified,89137,0,0,38,14,0,42,86,688,9.726208333,true,0
"splice-1",6,5,unary,Greedy,InformationGain,0,0,0,0,0,0,0,0,0,0.039233126,true,0
"splice-1",6,5,horn,Greedy,InformationGain,0,0,0,0,0,0,0,0,0,0.053391331,true,0
"splice-1",6,5,antihorn,Greedy,InformationGain,0,0,0,0,0,0,0,0,0,0.044891753,true,0
"splice-1",6,5,square2cnf,Greedy,InformationGain,0,0,0,0,0,0,0,0,0,0.195342487,true,0
"splice-1",6,5,affine,Greedy,InformationGain,0,0,0,0,0,0,0,0,0,0.096483366,true,0
"splice-1",6,5,smart_certified,Greedy,InformationGain,0,0,0,0,0,0,0,0,0,0.269763303,true,0
"splice-1",6,5,cals,SparseLookahead,SparseCertified,144337,1384,0,32,0,31,0,50,1688,22.166002907,true,0
"splice-1",6,5,cals_compact_explain,SelectiveLookahead,SparseCertified,79996,0,0,20,15,0,29,52,368,6.545402215999999,true,0
"splice-1",6,7,unary,Greedy,InformationGain,0,0,0,0,0,0,0,0,0,0.063632878,true,0
"splice-1",6,7,horn,Greedy,InformationGain,0,0,0,0,0,0,0,0,0,0.071489781,true,0
"splice-1",6,7,antihorn,Greedy,InformationGain,0,0,0,0,0,0,0,0,0,0.066192364,true,0
"splice-1",6,7,square2cnf,Greedy,InformationGain,0,0,0,0,0,0,0,0,0,0.297284603,true,0
"splice-1",6,7,affine,Greedy,InformationGain,0,0,0,0,0,0,0,0,0,0.227413254,true,0
"splice-1",6,7,smart_certified,Greedy,InformationGain,0,0,0,0,0,0,0,0,0,0.501866685,true,0
"splice-1",6,7,cals,SparseLookahead,SparseCertified,159432,1649,0,40,0,39,0,66,2081,29.02554841,true,0
"splice-1",6,7,cals_compact_explain,SelectiveLookahead,SparseCertified,93400,0,0,32,12,0,38,70,512,8.841949352,true,0
"splice-1",7,5,unary,Greedy,InformationGain,0,0,0,0,0,0,0,0,0,0.039697504,true,0
"splice-1",7,5,horn,Greedy,InformationGain,0,0,0,0,0,0,0,0,0,0.050279898,true,0
"splice-1",7,5,antihorn,Greedy,InformationGain,0,0,0,0,0,0,0,0,0,0.044290406,true,0
"splice-1",7,5,square2cnf,Greedy,InformationGain,0,0,0,0,0,0,0,0,0,0.170345087,true,0
"splice-1",7,5,affine,Greedy,InformationGain,0,0,0,0,0,0,0,0,0,0.099178593,true,0
"splice-1",7,5,smart_certified,Greedy,InformationGain,0,0,0,0,0,0,0,0,0,0.246469487,true,0
"splice-1",7,5,cals,SparseLookahead,SparseCertified,134261,1315,0,31,0,30,0,48,1603,21.743264051,true,0
"splice-1",7,5,cals_compact_explain,SelectiveLookahead,SparseCertified,71431,0,0,18,13,0,26,47,336,6.224734238000001,true,0
"splice-1",7,7,unary,Greedy,InformationGain,0,0,0,0,0,0,0,0,0,0.080495147,true,0
"splice-1",7,7,horn,Greedy,InformationGain,0,0,0,0,0,0,0,0,0,0.070472126,true,0
"splice-1",7,7,antihorn,Greedy,InformationGain,0,0,0,0,0,0,0,0,0,0.065497238,true,0
"splice-1",7,7,square2cnf,Greedy,InformationGain,0,0,0,0,0,0,0,0,0,0.267634553,true,0
"splice-1",7,7,affine,Greedy,InformationGain,0,0,0,0,0,0,0,0,0,0.214859068,true,0
"splice-1",7,7,smart_certified,Greedy,InformationGain,0,0,0,0,0,0,0,0,0,0.487852039,true,0
"splice-1",7,7,cals,SparseLookahead,SparseCertified,156855,1543,0,36,0,35,0,58,1911,26.339131705,true,0
"splice-1",7,7,cals_compact_explain,SelectiveLookahead,SparseCertified,88980,0,0,24,13,0,32,59,432,7.701192599,true,0
"splice-1",8,5,unary,Greedy,InformationGain,0,0,0,0,0,0,0,0,0,0.042919539,true,0
"splice-1",8,5,horn,Greedy,InformationGain,0,0,0,0,0,0,0,0,0,0.055711018,true,0
"splice-1",8,5,antihorn,Greedy,InformationGain,0,0,0,0,0,0,0,0,0,0.046113028,true,0
"splice-1",8,5,square2cnf,Greedy,InformationGain,0,0,0,0,0,0,0,0,0,0.169878178,true,0
"splice-1",8,5,affine,Greedy,InformationGain,0,0,0,0,0,0,0,0,0,0.091569886,true,0
"splice-1",8,5,smart_certified,Greedy,InformationGain,0,0,0,0,0,0,0,0,0,0.280207347,true,0
"splice-1",8,5,cals,SparseLookahead,SparseCertified,152997,1425,0,33,0,32,0,52,1745,23.775297872,true,0
"splice-1",8,5,cals_compact_explain,SelectiveLookahead,SparseCertified,71947,0,0,20,14,0,27,53,416,6.3972818149999995,true,0
"splice-1",8,7,unary,Greedy,InformationGain,0,0,0,0,0,0,0,0,0,0.078702404,true,0
"splice-1",8,7,horn,Greedy,InformationGain,0,0,0,0,0,0,0,0,0,0.080055242,true,0
"splice-1",8,7,antihorn,Greedy,InformationGain,0,0,0,0,0,0,0,0,0,0.069600601,true,0
"splice-1",8,7,square2cnf,Greedy,InformationGain,0,0,0,0,0,0,0,0,0,0.285477178,true,0
"splice-1",8,7,affine,Greedy,InformationGain,0,0,0,0,0,0,0,0,0,0.22400928,true,0
"splice-1",8,7,smart_certified,Greedy,InformationGain,0,0,0,0,0,0,0,0,0,0.500031317,true,0
"splice-1",8,7,cals,SparseLookahead,SparseCertified,172926,1644,0,42,0,41,0,70,2108,31.462989963,true,0
"splice-1",8,7,cals_compact_explain,SelectiveLookahead,SparseCertified,83852,0,0,29,14,0,36,71,560,8.611610001,true,0
"splice-1",9,5,unary,Greedy,InformationGain,0,0,0,0,0,0,0,0,0,0.043760086,true,0
"splice-1",9,5,horn,Greedy,InformationGain,0,0,0,0,0,0,0,0,0,0.052803985,true,0
"splice-1",9,5,antihorn,Greedy,InformationGain,0,0,0,0,0,0,0,0,0,0.046260646,true,0
"splice-1",9,5,square2cnf,Greedy,InformationGain,0,0,0,0,0,0,0,0,0,0.199008828,true,0
"splice-1",9,5,affine,Greedy,InformationGain,0,0,0,0,0,0,0,0,0,0.101750435,true,0
"splice-1",9,5,smart_certified,Greedy,InformationGain,0,0,0,0,0,0,0,0,0,0.270272016,true,0
"splice-1",9,5,cals,SparseLookahead,SparseCertified,154430,1487,0,34,0,33,0,54,1823,25.434559692,true,0
"splice-1",9,5,cals_compact_explain,SelectiveLookahead,SparseCertified,92105,0,0,25,12,0,34,56,352,8.055256272000001,true,0
"splice-1",9,7,unary,Greedy,InformationGain,0,0,0,0,0,0,0,0,0,0.079789924,true,0
"splice-1",9,7,horn,Greedy,InformationGain,0,0,0,0,0,0,0,0,0,0.077853024,true,0
"splice-1",9,7,antihorn,Greedy,InformationGain,0,0,0,0,0,0,0,0,0,0.07987859,true,0
"splice-1",9,7,square2cnf,Greedy,InformationGain,0,0,0,0,0,0,0,0,0,0.344480878,true,0
"splice-1",9,7,affine,Greedy,InformationGain,0,0,0,0,0,0,0,0,0,0.228332149,true,0
"splice-1",9,7,smart_certified,Greedy,InformationGain,0,0,0,0,0,0,0,0,0,0.565493965,true,0
"splice-1",9,7,cals,SparseLookahead,SparseCertified,170094,1801,0,43,0,42,0,72,2281,33.524353445,true,0
"splice-1",9,7,cals_compact_explain,SelectiveLookahead,SparseCertified,104307,0,0,35,12,0,44,76,512,10.59515449,true,0
"taiwan_binarised",0,5,unary,Greedy,InformationGain,0,0,0,0,0,0,0,0,0,0.356215642,true,0
"taiwan_binarised",0,5,horn,Greedy,InformationGain,0,0,0,0,0,0,0,0,0,0.574900348,true,0
"taiwan_binarised",0,5,antihorn,Greedy,InformationGain,0,0,0,0,0,0,0,0,0,0.482135192,true,0
"taiwan_binarised",0,5,square2cnf,Greedy,InformationGain,0,0,0,0,0,0,0,0,0,2.009533334,true,0
"taiwan_binarised",0,5,affine,Greedy,InformationGain,0,0,0,0,0,0,0,0,0,0.762154168,true,0
"taiwan_binarised",0,5,smart_certified,Greedy,InformationGain,0,0,0,0,0,0,0,0,0,3.571409141,true,0
"taiwan_binarised",0,5,cals,SparseLookahead,SparseCertified,15445,1824,0,45,0,38,0,76,2432,3.718493529,true,0
"taiwan_binarised",0,5,cals_compact_explain,SelectiveLookahead,SparseCertified,9451,0,0,31,24,0,36,86,800,2.190571554,true,0
"taiwan_binarised",0,7,unary,Greedy,InformationGain,0,0,0,0,0,0,0,0,0,0.678971708,true,0
"taiwan_binarised",0,7,horn,Greedy,InformationGain,0,0,0,0,0,0,0,0,0,1.0114158070000001,true,0
"taiwan_binarised",0,7,antihorn,Greedy,InformationGain,0,0,0,0,0,0,0,0,0,1.0871226489999999,true,0
"taiwan_binarised",0,7,square2cnf,Greedy,InformationGain,0,0,0,0,0,0,0,0,0,10.181243658,true,0
"taiwan_binarised",0,7,affine,Greedy,InformationGain,0,0,0,0,0,0,0,0,0,2.766731939,true,0
"taiwan_binarised",0,7,smart_certified,Greedy,InformationGain,0,0,0,0,0,0,0,0,0,11.554937191,true,0
"taiwan_binarised",0,7,cals,SparseLookahead,SparseCertified,31905,5903,0,132,0,125,0,250,7903,6.2087978040000005,true,0
"taiwan_binarised",0,7,cals_compact_explain,SelectiveLookahead,SparseCertified,24721,0,0,119,24,0,124,262,2208,4.51444828,true,0
"taiwan_binarised",1,5,unary,Greedy,InformationGain,0,0,0,0,0,0,0,0,0,0.369774403,true,0
"taiwan_binarised",1,5,horn,Greedy,InformationGain,0,0,0,0,0,0,0,0,0,0.460488251,true,0
"taiwan_binarised",1,5,antihorn,Greedy,InformationGain,0,0,0,0,0,0,0,0,0,0.537220891,true,0
"taiwan_binarised",1,5,square2cnf,Greedy,InformationGain,0,0,0,0,0,0,0,0,0,1.940059038,true,0
"taiwan_binarised",1,5,affine,Greedy,InformationGain,0,0,0,0,0,0,0,0,0,0.740681215,true,0
"taiwan_binarised",1,5,smart_certified,Greedy,InformationGain,0,0,0,0,0,0,0,0,0,3.835843708,true,0
"taiwan_binarised",1,5,cals,SparseLookahead,SparseCertified,19181,1773,0,44,0,37,0,74,2365,3.611629999,true,0
"taiwan_binarised",1,5,cals_compact_explain,SelectiveLookahead,SparseCertified,8775,0,0,30,21,0,34,81,752,1.715705736,true,0
"taiwan_binarised",1,7,unary,Greedy,InformationGain,0,0,0,0,0,0,0,0,0,0.679947188,true,0
"taiwan_binarised",1,7,horn,Greedy,InformationGain,0,0,0,0,0,0,0,0,0,1.06474848,true,0
"taiwan_binarised",1,7,antihorn,Greedy,InformationGain,0,0,0,0,0,0,0,0,0,1.176107379,true,0
"taiwan_binarised",1,7,square2cnf,Greedy,InformationGain,0,0,0,0,0,0,0,0,0,8.179052238,true,0
"taiwan_binarised",1,7,affine,Greedy,InformationGain,0,0,0,0,0,0,0,0,0,3.014467034,true,0
"taiwan_binarised",1,7,smart_certified,Greedy,InformationGain,0,0,0,0,0,0,0,0,0,12.484182235,true,0
"taiwan_binarised",1,7,cals,SparseLookahead,SparseCertified,34123,5443,0,125,0,118,0,236,7331,6.552538709,true,0
"taiwan_binarised",1,7,cals_compact_explain,SelectiveLookahead,SparseCertified,22726,0,0,112,21,0,116,245,2064,3.612937944,true,0
"taiwan_binarised",2,5,unary,Greedy,InformationGain,0,0,0,0,0,0,0,0,0,0.328712672,true,0
"taiwan_binarised",2,5,horn,Greedy,InformationGain,0,0,0,0,0,0,0,0,0,0.462426044,true,0
"taiwan_binarised",2,5,antihorn,Greedy,InformationGain,0,0,0,0,0,0,0,0,0,0.482068246,true,0
"taiwan_binarised",2,5,square2cnf,Greedy,InformationGain,0,0,0,0,0,0,0,0,0,1.966098111,true,0
"taiwan_binarised",2,5,affine,Greedy,InformationGain,0,0,0,0,0,0,0,0,0,0.785260774,true,0
"taiwan_binarised",2,5,smart_certified,Greedy,InformationGain,0,0,0,0,0,0,0,0,0,3.441356342,true,0
"taiwan_binarised",2,5,cals,SparseLookahead,SparseCertified,21118,1856,0,45,0,39,0,76,2448,4.546246867,true,0
"taiwan_binarised",2,5,cals_compact_explain,SelectiveLookahead,SparseCertified,8838,0,0,31,24,0,36,86,800,1.8669358450000002,true,0
"taiwan_binarised",2,7,unary,Greedy,InformationGain,0,0,0,0,0,0,0,0,0,0.679646638,true,0
"taiwan_binarised",2,7,horn,Greedy,InformationGain,0,0,0,0,0,0,0,0,0,0.957725018,true,0
"taiwan_binarised",2,7,antihorn,Greedy,InformationGain,0,0,0,0,0,0,0,0,0,1.092522227,true,0
"taiwan_binarised",2,7,square2cnf,Greedy,InformationGain,0,0,0,0,0,0,0,0,0,8.548484247,true,0
"taiwan_binarised",2,7,affine,Greedy,InformationGain,0,0,0,0,0,0,0,0,0,2.818245389,true,0
"taiwan_binarised",2,7,smart_certified,Greedy,InformationGain,0,0,0,0,0,0,0,0,0,12.354201452,true,0
"taiwan_binarised",2,7,cals,SparseLookahead,SparseCertified,37312,5926,0,132,0,126,0,250,7910,7.003057021,true,0
"taiwan_binarised",2,7,cals_compact_explain,SelectiveLookahead,SparseCertified,23849,0,0,118,24,0,123,260,2192,3.7138972029999997,true,0
"taiwan_binarised",3,5,unary,Greedy,InformationGain,0,0,0,0,0,0,0,0,0,0.363076362,true,0
"taiwan_binarised",3,5,horn,Greedy,InformationGain,0,0,0,0,0,0,0,0,0,0.467771935,true,0
"taiwan_binarised",3,5,antihorn,Greedy,InformationGain,0,0,0,0,0,0,0,0,0,0.476539227,true,0
"taiwan_binarised",3,5,square2cnf,Greedy,InformationGain,0,0,0,0,0,0,0,0,0,1.902260379,true,0
"taiwan_binarised",3,5,affine,Greedy,InformationGain,0,0,0,0,0,0,0,0,0,0.691172942,true,0
"taiwan_binarised",3,5,smart_certified,Greedy,InformationGain,0,0,0,0,0,0,0,0,0,3.593490269,true,0
"taiwan_binarised",3,5,cals,SparseLookahead,SparseCertified,16040,1816,0,45,0,38,0,76,2424,3.736340402,true,0
"taiwan_binarised",3,5,cals_compact_explain,SelectiveLookahead,SparseCertified,8348,0,0,30,22,0,34,83,784,1.810783958,true,0
"taiwan_binarised",3,7,unary,Greedy,InformationGain,0,0,0,0,0,0,0,0,0,0.65102664,true,0
"taiwan_binarised",3,7,horn,Greedy,InformationGain,0,0,0,0,0,0,0,0,0,1.037770446,true,0
"taiwan_binarised",3,7,antihorn,Greedy,InformationGain,0,0,0,0,0,0,0,0,0,1.134966339,true,0
"taiwan_binarised",3,7,square2cnf,Greedy,InformationGain,0,0,0,0,0,0,0,0,0,7.273972148,true,0
"taiwan_binarised",3,7,affine,Greedy,InformationGain,0,0,0,0,0,0,0,0,0,2.459996711,true,0
"taiwan_binarised",3,7,smart_certified,Greedy,InformationGain,0,0,0,0,0,0,0,0,0,12.444658404,true,0
"taiwan_binarised",3,7,cals,SparseLookahead,SparseCertified,31325,5561,0,125,0,118,0,236,7449,6.447127384000001,true,0
"taiwan_binarised",3,7,cals_compact_explain,SelectiveLookahead,SparseCertified,23781,0,0,119,22,0,123,261,2208,3.5468632130000004,true,0
"taiwan_binarised",4,5,unary,Greedy,InformationGain,0,0,0,0,0,0,0,0,0,0.365426797,true,0
"taiwan_binarised",4,5,horn,Greedy,InformationGain,0,0,0,0,0,0,0,0,0,0.453472694,true,0
"taiwan_binarised",4,5,antihorn,Greedy,InformationGain,0,0,0,0,0,0,0,0,0,0.492563711,true,0
"taiwan_binarised",4,5,square2cnf,Greedy,InformationGain,0,0,0,0,0,0,0,0,0,1.916708957,true,0
"taiwan_binarised",4,5,affine,Greedy,InformationGain,0,0,0,0,0,0,0,0,0,0.724136433,true,0
"taiwan_binarised",4,5,smart_certified,Greedy,InformationGain,0,0,0,0,0,0,0,0,0,3.89001469,true,0
"taiwan_binarised",4,5,cals,SparseLookahead,SparseCertified,25298,1918,0,44,0,40,0,74,2462,4.715849308,true,0
"taiwan_binarised",4,5,cals_compact_explain,SelectiveLookahead,SparseCertified,12545,0,0,32,19,0,35,81,736,2.458055727,true,0
"taiwan_binarised",4,7,unary,Greedy,InformationGain,0,0,0,0,0,0,0,0,0,0.719155744,true,0
"taiwan_binarised",4,7,horn,Greedy,InformationGain,0,0,0,0,0,0,0,0,0,0.953505658,true,0
"taiwan_binarised",4,7,antihorn,Greedy,InformationGain,0,0,0,0,0,0,0,0,0,1.014843432,true,0
"taiwan_binarised",4,7,square2cnf,Greedy,InformationGain,0,0,0,0,0,0,0,0,0,7.327497482,true,0
"taiwan_binarised",4,7,affine,Greedy,InformationGain,0,0,0,0,0,0,0,0,0,2.485993246,true,0
"taiwan_binarised",4,7,smart_certified,Greedy,InformationGain,0,0,0,0,0,0,0,0,0,15.023630994,true,0
"taiwan_binarised",4,7,cals,SparseLookahead,SparseCertified,39796,5478,0,121,0,117,0,228,7254,6.850498416000001,true,0
"taiwan_binarised",4,7,cals_compact_explain,SelectiveLookahead,SparseCertified,26485,0,0,113,19,0,116,243,2032,4.2379143,true,0
"taiwan_binarised",5,5,unary,Greedy,InformationGain,0,0,0,0,0,0,0,0,0,0.342018067,true,0
"taiwan_binarised",5,5,horn,Greedy,InformationGain,0,0,0,0,0,0,0,0,0,0.469366507,true,0
"taiwan_binarised",5,5,antihorn,Greedy,InformationGain,0,0,0,0,0,0,0,0,0,0.48050665,true,0
"taiwan_binarised",5,5,square2cnf,Greedy,InformationGain,0,0,0,0,0,0,0,0,0,1.960030259,true,0
"taiwan_binarised",5,5,affine,Greedy,InformationGain,0,0,0,0,0,0,0,0,0,0.779197449,true,0
"taiwan_binarised",5,5,smart_certified,Greedy,InformationGain,0,0,0,0,0,0,0,0,0,3.926604624,true,0
"taiwan_binarised",5,5,cals,SparseLookahead,SparseCertified,24957,1820,0,52,0,38,0,83,2540,5.405543164,true,0
"taiwan_binarised",5,5,cals_compact_explain,SelectiveLookahead,SparseCertified,14052,0,0,31,21,0,35,83,768,2.825064735,true,0
"taiwan_binarised",5,7,unary,Greedy,InformationGain,0,0,0,0,0,0,0,0,0,0.726877278,true,0
"taiwan_binarised",5,7,horn,Greedy,InformationGain,0,0,0,0,0,0,0,0,0,1.058787854,true,0
"taiwan_binarised",5,7,antihorn,Greedy,InformationGain,0,0,0,0,0,0,0,0,0,1.106579671,true,0
"taiwan_binarised",5,7,square2cnf,Greedy,InformationGain,0,0,0,0,0,0,0,0,0,7.959849925,true,0
"taiwan_binarised",5,7,affine,Greedy,InformationGain,0,0,0,0,0,0,0,0,0,2.769447044,true,0
"taiwan_binarised",5,7,smart_certified,Greedy,InformationGain,0,0,0,0,0,0,0,0,0,13.459594821,true,0
"taiwan_binarised",5,7,cals,SparseLookahead,SparseCertified,41390,5937,0,142,0,128,0,263,8097,8.611282102,true,0
"taiwan_binarised",5,7,cals_compact_explain,SelectiveLookahead,SparseCertified,29372,0,0,121,21,0,125,263,2208,5.0672134170000005,true,0
"taiwan_binarised",6,5,unary,Greedy,InformationGain,0,0,0,0,0,0,0,0,0,0.334530646,true,0
"taiwan_binarised",6,5,horn,Greedy,InformationGain,0,0,0,0,0,0,0,0,0,0.456050401,true,0
"taiwan_binarised",6,5,antihorn,Greedy,InformationGain,0,0,0,0,0,0,0,0,0,0.486727331,true,0
"taiwan_binarised",6,5,square2cnf,Greedy,InformationGain,0,0,0,0,0,0,0,0,0,1.86896359,true,0
"taiwan_binarised",6,5,affine,Greedy,InformationGain,0,0,0,0,0,0,0,0,0,0.770826776,true,0
"taiwan_binarised",6,5,smart_certified,Greedy,InformationGain,0,0,0,0,0,0,0,0,0,3.636105195,true,0
"taiwan_binarised",6,5,cals,SparseLookahead,SparseCertified,19989,1908,0,45,0,40,0,76,2484,3.659027598,true,0
"taiwan_binarised",6,5,cals_compact_explain,SelectiveLookahead,SparseCertified,10200,0,0,30,22,0,34,83,784,2.080758332,true,0
"taiwan_binarised",6,7,unary,Greedy,InformationGain,0,0,0,0,0,0,0,0,0,0.677276117,true,0
"taiwan_binarised",6,7,horn,Greedy,InformationGain,0,0,0,0,0,0,0,0,0,0.991596766,true,0
"taiwan_binarised",6,7,antihorn,Greedy,InformationGain,0,0,0,0,0,0,0,0,0,1.092737592,true,0
"taiwan_binarised",6,7,square2cnf,Greedy,InformationGain,0,0,0,0,0,0,0,0,0,7.399812883,true,0
"taiwan_binarised",6,7,affine,Greedy,InformationGain,0,0,0,0,0,0,0,0,0,2.743412562,true,0
"taiwan_binarised",6,7,smart_certified,Greedy,InformationGain,0,0,0,0,0,0,0,0,0,11.962283789,true,0
"taiwan_binarised",6,7,cals,SparseLookahead,SparseCertified,36073,5927,0,130,0,125,0,246,7863,6.101968536,true,0
"taiwan_binarised",6,7,cals_compact_explain,SelectiveLookahead,SparseCertified,24836,0,0,115,22,0,119,253,2144,4.1207356530000006,true,0
"taiwan_binarised",7,5,unary,Greedy,InformationGain,0,0,0,0,0,0,0,0,0,0.359844291,true,0
"taiwan_binarised",7,5,horn,Greedy,InformationGain,0,0,0,0,0,0,0,0,0,0.453722959,true,0
"taiwan_binarised",7,5,antihorn,Greedy,InformationGain,0,0,0,0,0,0,0,0,0,0.498459838,true,0
"taiwan_binarised",7,5,square2cnf,Greedy,InformationGain,0,0,0,0,0,0,0,0,0,1.974022566,true,0
"taiwan_binarised",7,5,affine,Greedy,InformationGain,0,0,0,0,0,0,0,0,0,0.864562349,true,0
"taiwan_binarised",7,5,smart_certified,Greedy,InformationGain,0,0,0,0,0,0,0,0,0,3.958470865,true,0
"taiwan_binarised",7,5,cals,SparseLookahead,SparseCertified,26955,1821,0,45,0,38,0,76,2429,6.425313428,true,0
"taiwan_binarised",7,5,cals_compact_explain,SelectiveLookahead,SparseCertified,13828,0,0,33,22,0,35,86,816,3.093804574,true,0
"taiwan_binarised",7,7,unary,Greedy,InformationGain,0,0,0,0,0,0,0,0,0,0.727757816,true,0
"taiwan_binarised",7,7,horn,Greedy,InformationGain,0,0,0,0,0,0,0,0,0,0.938075797,true,0
"taiwan_binarised",7,7,antihorn,Greedy,InformationGain,0,0,0,0,0,0,0,0,0,1.104673343,true,0
"taiwan_binarised",7,7,square2cnf,Greedy,InformationGain,0,0,0,0,0,0,0,0,0,8.736187257,true,0
"taiwan_binarised",7,7,affine,Greedy,InformationGain,0,0,0,0,0,0,0,0,0,2.935762799,true,0
"taiwan_binarised",7,7,smart_certified,Greedy,InformationGain,0,0,0,0,0,0,0,0,0,13.690451651,true,0
"taiwan_binarised",7,7,cals,SparseLookahead,SparseCertified,43260,5784,0,132,0,125,0,250,7784,8.977646526000001,true,0
"taiwan_binarised",7,7,cals_compact_explain,SelectiveLookahead,SparseCertified,29170,0,0,121,22,0,123,262,2224,5.162741699,true,0
"taiwan_binarised",8,5,unary,Greedy,InformationGain,0,0,0,0,0,0,0,0,0,0.356298082,true,0
"taiwan_binarised",8,5,horn,Greedy,InformationGain,0,0,0,0,0,0,0,0,0,0.454444967,true,0
"taiwan_binarised",8,5,antihorn,Greedy,InformationGain,0,0,0,0,0,0,0,0,0,0.49583898,true,0
"taiwan_binarised",8,5,square2cnf,Greedy,InformationGain,0,0,0,0,0,0,0,0,0,2.010199064,true,0
"taiwan_binarised",8,5,affine,Greedy,InformationGain,0,0,0,0,0,0,0,0,0,0.698039207,true,0
"taiwan_binarised",8,5,smart_certified,Greedy,InformationGain,0,0,0,0,0,0,0,0,0,3.670175742,true,0
"taiwan_binarised",8,5,cals,SparseLookahead,SparseCertified,20188,1915,0,45,0,40,0,76,2491,4.223811673,true,0
"taiwan_binarised",8,5,cals_compact_explain,SelectiveLookahead,SparseCertified,14018,0,0,31,21,0,35,83,768,3.125081696,true,0
"taiwan_binarised",8,7,unary,Greedy,InformationGain,0,0,0,0,0,0,0,0,0,0.708673097,true,0
"taiwan_binarised",8,7,horn,Greedy,InformationGain,0,0,0,0,0,0,0,0,0,1.068448231,true,0
"taiwan_binarised",8,7,antihorn,Greedy,InformationGain,0,0,0,0,0,0,0,0,0,1.140476674,true,0
"taiwan_binarised",8,7,square2cnf,Greedy,InformationGain,0,0,0,0,0,0,0,0,0,7.482984534,true,0
"taiwan_binarised",8,7,affine,Greedy,InformationGain,0,0,0,0,0,0,0,0,0,2.26648681,true,0
"taiwan_binarised",8,7,smart_certified,Greedy,InformationGain,0,0,0,0,0,0,0,0,0,12.831137455,true,0
"taiwan_binarised",8,7,cals,SparseLookahead,SparseCertified,35699,5826,0,128,0,123,0,242,7730,6.697044474,true,0
"taiwan_binarised",8,7,cals_compact_explain,SelectiveLookahead,SparseCertified,28491,0,0,115,21,0,119,251,2112,5.164051689,true,0
"taiwan_binarised",9,5,unary,Greedy,InformationGain,0,0,0,0,0,0,0,0,0,0.354714941,true,0
"taiwan_binarised",9,5,horn,Greedy,InformationGain,0,0,0,0,0,0,0,0,0,0.473364613,true,0
"taiwan_binarised",9,5,antihorn,Greedy,InformationGain,0,0,0,0,0,0,0,0,0,0.480137584,true,0
"taiwan_binarised",9,5,square2cnf,Greedy,InformationGain,0,0,0,0,0,0,0,0,0,1.853974908,true,0
"taiwan_binarised",9,5,affine,Greedy,InformationGain,0,0,0,0,0,0,0,0,0,0.802731913,true,0
"taiwan_binarised",9,5,smart_certified,Greedy,InformationGain,0,0,0,0,0,0,0,0,0,3.56213762,true,0
"taiwan_binarised",9,5,cals,SparseLookahead,SparseCertified,18384,1870,0,45,0,39,0,76,2462,3.7879104459999997,true,0
"taiwan_binarised",9,5,cals_compact_explain,SelectiveLookahead,SparseCertified,10024,0,0,30,22,0,34,83,784,2.137614181,true,0
"taiwan_binarised",9,7,unary,Greedy,InformationGain,0,0,0,0,0,0,0,0,0,0.702943022,true,0
"taiwan_binarised",9,7,horn,Greedy,InformationGain,0,0,0,0,0,0,0,0,0,0.969490049,true,0
"taiwan_binarised",9,7,antihorn,Greedy,InformationGain,0,0,0,0,0,0,0,0,0,1.174597764,true,0
"taiwan_binarised",9,7,square2cnf,Greedy,InformationGain,0,0,0,0,0,0,0,0,0,7.266571852,true,0
"taiwan_binarised",9,7,affine,Greedy,InformationGain,0,0,0,0,0,0,0,0,0,3.210063203,true,0
"taiwan_binarised",9,7,smart_certified,Greedy,InformationGain,0,0,0,0,0,0,0,0,0,12.541039693,true,0
"taiwan_binarised",9,7,cals,SparseLookahead,SparseCertified,34180,5858,0,132,0,126,0,250,7842,10.149444306,true,0
"taiwan_binarised",9,7,cals_compact_explain,SelectiveLookahead,SparseCertified,24698,0,0,117,22,0,121,257,2176,7.007332195,true,0
"tic-tac-toe",0,5,unary,Greedy,InformationGain,0,0,0,0,0,0,0,0,0,0.004576296,true,0
"tic-tac-toe",0,5,horn,Greedy,InformationGain,0,0,0,0,0,0,0,0,0,0.006772573,true,0
"tic-tac-toe",0,5,antihorn,Greedy,InformationGain,0,0,0,0,0,0,0,0,0,0.007382472,true,0
"tic-tac-toe",0,5,square2cnf,Greedy,InformationGain,0,0,0,0,0,0,0,0,0,0.09808599,true,0
"tic-tac-toe",0,5,affine,Greedy,InformationGain,0,0,0,0,0,0,0,0,0,0.053109916,true,0
"tic-tac-toe",0,5,smart_certified,Greedy,InformationGain,0,0,0,0,0,0,0,0,0,0.066022667,true,0
"tic-tac-toe",0,5,cals,SparseLookahead,SparseCertified,106916,1186,0,31,0,29,0,48,1490,28.293522567,true,0
"tic-tac-toe",0,5,cals_compact_explain,SelectiveLookahead,SparseCertified,45092,0,0,25,5,0,24,48,384,6.619429237,true,0
"tic-tac-toe",0,7,unary,Greedy,InformationGain,0,0,0,0,0,0,0,0,0,0.005398021,true,0
"tic-tac-toe",0,7,horn,Greedy,InformationGain,0,0,0,0,0,0,0,0,0,0.009467892,true,0
"tic-tac-toe",0,7,antihorn,Greedy,InformationGain,0,0,0,0,0,0,0,0,0,0.009462022,true,0
"tic-tac-toe",0,7,square2cnf,Greedy,InformationGain,0,0,0,0,0,0,0,0,0,0.194015246,true,0
"tic-tac-toe",0,7,affine,Greedy,InformationGain,0,0,0,0,0,0,0,0,0,0.087175615,true,0
"tic-tac-toe",0,7,smart_certified,Greedy,InformationGain,0,0,0,0,0,0,0,0,0,0.1124038,true,0
"tic-tac-toe",0,7,cals,SparseLookahead,SparseCertified,115470,1480,0,41,0,39,0,68,1944,40.578164593000004,true,0
"tic-tac-toe",0,7,cals_compact_explain,SelectiveLookahead,SparseCertified,48640,0,0,33,5,0,32,64,512,10.473865386,true,0
"tic-tac-toe",1,5,unary,Greedy,InformationGain,0,0,0,0,0,0,0,0,0,0.004112971,true,0
"tic-tac-toe",1,5,horn,Greedy,InformationGain,0,0,0,0,0,0,0,0,0,0.006309148,true,0
"tic-tac-toe",1,5,antihorn,Greedy,InformationGain,0,0,0,0,0,0,0,0,0,0.005339803,true,0
"tic-tac-toe",1,5,square2cnf,Greedy,InformationGain,0,0,0,0,0,0,0,0,0,0.094142707,true,0
"tic-tac-toe",1,5,affine,Greedy,InformationGain,0,0,0,0,0,0,0,0,0,0.052135827,true,0
"tic-tac-toe",1,5,smart_certified,Greedy,InformationGain,0,0,0,0,0,0,0,0,0,0.065625432,true,0
"tic-tac-toe",1,5,cals,SparseLookahead,SparseCertified,102390,1291,0,34,0,31,0,54,1659,27.38875304,true,0
"tic-tac-toe",1,5,cals_compact_explain,SelectiveLookahead,SparseCertified,46323,0,0,22,12,0,27,53,416,4.937791739,true,0
"tic-tac-toe",1,7,unary,Greedy,InformationGain,0,0,0,0,0,0,0,0,0,0.003016238,true,0
"tic-tac-toe",1,7,horn,Greedy,InformationGain,0,0,0,0,0,0,0,0,0,0.006007263,true,0
"tic-tac-toe",1,7,antihorn,Greedy,InformationGain,0,0,0,0,0,0,0,0,0,0.006709901,true,0
"tic-tac-toe",1,7,square2cnf,Greedy,InformationGain,0,0,0,0,0,0,0,0,0,0.119969686,true,0
"tic-tac-toe",1,7,affine,Greedy,InformationGain,0,0,0,0,0,0,0,0,0,0.062251496,true,0
"tic-tac-toe",1,7,smart_certified,Greedy,InformationGain,0,0,0,0,0,0,0,0,0,0.095331228,true,0
"tic-tac-toe",1,7,cals,SparseLookahead,SparseCertified,105200,1565,0,44,0,41,0,74,2085,27.838712922,true,0
"tic-tac-toe",1,7,cals_compact_explain,SelectiveLookahead,SparseCertified,52959,0,0,30,12,0,35,69,544,6.533555558000001,true,0
"tic-tac-toe",2,5,unary,Greedy,InformationGain,0,0,0,0,0,0,0,0,0,0.002115004,true,0
"tic-tac-toe",2,5,horn,Greedy,InformationGain,0,0,0,0,0,0,0,0,0,0.003988418,true,0
"tic-tac-toe",2,5,antihorn,Greedy,InformationGain,0,0,0,0,0,0,0,0,0,0.003432212,true,0
"tic-tac-toe",2,5,square2cnf,Greedy,InformationGain,0,0,0,0,0,0,0,0,0,0.063114022,true,0
"tic-tac-toe",2,5,affine,Greedy,InformationGain,0,0,0,0,0,0,0,0,0,0.030746464,true,0
"tic-tac-toe",2,5,smart_certified,Greedy,InformationGain,0,0,0,0,0,0,0,0,0,0.021239345,true,0
"tic-tac-toe",2,5,cals,SparseLookahead,SparseCertified,105268,1167,0,31,0,29,0,48,1471,19.539971087,true,0
"tic-tac-toe",2,5,cals_compact_explain,SelectiveLookahead,SparseCertified,49924,0,0,25,13,0,29,58,464,5.362402834,true,0
"tic-tac-toe",2,7,unary,Greedy,InformationGain,0,0,0,0,0,0,0,0,0,0.003068449,true,0
"tic-tac-toe",2,7,horn,Greedy,InformationGain,0,0,0,0,0,0,0,0,0,0.006323726,true,0
"tic-tac-toe",2,7,antihorn,Greedy,InformationGain,0,0,0,0,0,0,0,0,0,0.007388691,true,0
"tic-tac-toe",2,7,square2cnf,Greedy,InformationGain,0,0,0,0,0,0,0,0,0,0.118591384,true,0
"tic-tac-toe",2,7,affine,Greedy,InformationGain,0,0,0,0,0,0,0,0,0,0.054972862,true,0
"tic-tac-toe",2,7,smart_certified,Greedy,InformationGain,0,0,0,0,0,0,0,0,0,0.025970208,true,0
"tic-tac-toe",2,7,cals,SparseLookahead,SparseCertified,109378,1388,0,39,0,37,0,64,1820,25.902441579999998,true,0
"tic-tac-toe",2,7,cals_compact_explain,SelectiveLookahead,SparseCertified,53562,0,0,33,13,0,37,74,592,6.945944525000001,true,0
"tic-tac-toe",3,5,unary,Greedy,InformationGain,0,0,0,0,0,0,0,0,0,0.0018435,true,0
"tic-tac-toe",3,5,horn,Greedy,InformationGain,0,0,0,0,0,0,0,0,0,0.004947465,true,0
"tic-tac-toe",3,5,antihorn,Greedy,InformationGain,0,0,0,0,0,0,0,0,0,0.005037842,true,0
"tic-tac-toe",3,5,square2cnf,Greedy,InformationGain,0,0,0,0,0,0,0,0,0,0.063265996,true,0
"tic-tac-toe",3,5,affine,Greedy,InformationGain,0,0,0,0,0,0,0,0,0,0.032572899,true,0
"tic-tac-toe",3,5,smart_certified,Greedy,InformationGain,0,0,0,0,0,0,0,0,0,0.055264124,true,0
"tic-tac-toe",3,5,cals,SparseLookahead,SparseCertified,112291,1297,0,36,0,32,0,58,1713,21.893632281000002,true,0
"tic-tac-toe",3,5,cals_compact_explain,SelectiveLookahead,SparseCertified,56251,0,0,28,12,0,30,62,512,5.678489438,true,0
"tic-tac-toe",3,7,unary,Greedy,InformationGain,0,0,0,0,0,0,0,0,0,0.0031386,true,0
"tic-tac-toe",3,7,horn,Greedy,InformationGain,0,0,0,0,0,0,0,0,0,0.008563473,true,0
"tic-tac-toe",3,7,antihorn,Greedy,InformationGain,0,0,0,0,0,0,0,0,0,0.009017693,true,0
"tic-tac-toe",3,7,square2cnf,Greedy,InformationGain,0,0,0,0,0,0,0,0,0,0.140026165,true,0
"tic-tac-toe",3,7,affine,Greedy,InformationGain,0,0,0,0,0,0,0,0,0,0.054281536,true,0
"tic-tac-toe",3,7,smart_certified,Greedy,InformationGain,0,0,0,0,0,0,0,0,0,0.09511064,true,0
"tic-tac-toe",3,7,cals,SparseLookahead,SparseCertified,116268,1539,0,47,0,43,0,80,2118,29.387238277999998,true,0
"tic-tac-toe",3,7,cals_compact_explain,SelectiveLookahead,SparseCertified,59759,0,0,37,12,0,39,80,656,7.477282913,true,0
"tic-tac-toe",4,5,unary,Greedy,InformationGain,0,0,0,0,0,0,0,0,0,0.001887685,true,0
"tic-tac-toe",4,5,horn,Greedy,InformationGain,0,0,0,0,0,0,0,0,0,0.004091815,true,0
"tic-tac-toe",4,5,antihorn,Greedy,InformationGain,0,0,0,0,0,0,0,0,0,0.003435943,true,0
"tic-tac-toe",4,5,square2cnf,Greedy,InformationGain,0,0,0,0,0,0,0,0,0,0.057862955,true,0
"tic-tac-toe",4,5,affine,Greedy,InformationGain,0,0,0,0,0,0,0,0,0,0.028620305,true,0
"tic-tac-toe",4,5,smart_certified,Greedy,InformationGain,0,0,0,0,0,0,0,0,0,0.044401719,true,0
"tic-tac-toe",4,5,cals,SparseLookahead,SparseCertified,103051,1212,0,34,0,30,0,54,1596,21.011133817,true,0
"tic-tac-toe",4,5,cals_compact_explain,SelectiveLookahead,SparseCertified,43441,0,0,8,17,0,18,35,272,2.9903684179999996,true,0
"tic-tac-toe",4,7,unary,Greedy,InformationGain,0,0,0,0,0,0,0,0,0,0.003096987,true,0
"tic-tac-toe",4,7,horn,Greedy,InformationGain,0,0,0,0,0,0,0,0,0,0.006315439,true,0
"tic-tac-toe",4,7,antihorn,Greedy,InformationGain,0,0,0,0,0,0,0,0,0,0.007341822,true,0
"tic-tac-toe",4,7,square2cnf,Greedy,InformationGain,0,0,0,0,0,0,0,0,0,0.095619372,true,0
"tic-tac-toe",4,7,affine,Greedy,InformationGain,0,0,0,0,0,0,0,0,0,0.055462224,true,0
"tic-tac-toe",4,7,smart_certified,Greedy,InformationGain,0,0,0,0,0,0,0,0,0,0.083084868,true,0
"tic-tac-toe",4,7,cals,SparseLookahead,SparseCertified,105879,1428,0,42,0,38,0,70,1940,27.055527694,true,0
"tic-tac-toe",4,7,cals_compact_explain,SelectiveLookahead,SparseCertified,50479,0,0,20,17,0,30,59,464,5.331679059,true,0
"tic-tac-toe",5,5,unary,Greedy,InformationGain,0,0,0,0,0,0,0,0,0,0.001951907,true,0
"tic-tac-toe",5,5,horn,Greedy,InformationGain,0,0,0,0,0,0,0,0,0,0.003688768,true,0
"tic-tac-toe",5,5,antihorn,Greedy,InformationGain,0,0,0,0,0,0,0,0,0,0.004820234,true,0
"tic-tac-toe",5,5,square2cnf,Greedy,InformationGain,0,0,0,0,0,0,0,0,0,0.059638766,true,0
"tic-tac-toe",5,5,affine,Greedy,InformationGain,0,0,0,0,0,0,0,0,0,0.032943752,true,0
"tic-tac-toe",5,5,smart_certified,Greedy,InformationGain,0,0,0,0,0,0,0,0,0,0.039957913,true,0
"tic-tac-toe",5,5,cals,SparseLookahead,SparseCertified,105856,1144,0,31,0,28,0,48,1464,18.826990149999997,true,0
"tic-tac-toe",5,5,cals_compact_explain,SelectiveLookahead,SparseCertified,43393,0,0,24,16,0,26,59,527,4.733672991,true,0
"tic-tac-toe",5,7,unary,Greedy,InformationGain,0,0,0,0,0,0,0,0,0,0.002920945,true,0
"tic-tac-toe",5,7,horn,Greedy,InformationGain,0,0,0,0,0,0,0,0,0,0.005741547,true,0
"tic-tac-toe",5,7,antihorn,Greedy,InformationGain,0,0,0,0,0,0,0,0,0,0.007048219,true,0
"tic-tac-toe",5,7,square2cnf,Greedy,InformationGain,0,0,0,0,0,0,0,0,0,0.122133613,true,0
"tic-tac-toe",5,7,affine,Greedy,InformationGain,0,0,0,0,0,0,0,0,0,0.071355669,true,0
"tic-tac-toe",5,7,smart_certified,Greedy,InformationGain,0,0,0,0,0,0,0,0,0,0.075387622,true,0
"tic-tac-toe",5,7,cals,SparseLookahead,SparseCertified,106695,1274,0,35,0,32,0,56,1658,21.871533365,true,0
"tic-tac-toe",5,7,cals_compact_explain,SelectiveLookahead,SparseCertified,50976,0,0,33,16,0,34,77,687,6.470604404,true,0
"tic-tac-toe",6,5,unary,Greedy,InformationGain,0,0,0,0,0,0,0,0,0,0.002020563,true,0
"tic-tac-toe",6,5,horn,Greedy,InformationGain,0,0,0,0,0,0,0,0,0,0.006029004,true,0
"tic-tac-toe",6,5,antihorn,Greedy,InformationGain,0,0,0,0,0,0,0,0,0,0.004549571,true,0
"tic-tac-toe",6,5,square2cnf,Greedy,InformationGain,0,0,0,0,0,0,0,0,0,0.070795214,true,0
"tic-tac-toe",6,5,affine,Greedy,InformationGain,0,0,0,0,0,0,0,0,0,0.03163594,true,0
"tic-tac-toe",6,5,smart_certified,Greedy,InformationGain,0,0,0,0,0,0,0,0,0,0.039541576,true,0
"tic-tac-toe",6,5,cals,SparseLookahead,SparseCertified,103799,1321,0,34,0,32,0,54,1673,21.41224546,true,0
"tic-tac-toe",6,5,cals_compact_explain,SelectiveLookahead,SparseCertified,45826,0,0,26,14,0,29,59,480,5.4237360279999995,true,0
"tic-tac-toe",6,7,unary,Greedy,InformationGain,0,0,0,0,0,0,0,0,0,0.00294471,true,0
"tic-tac-toe",6,7,horn,Greedy,InformationGain,0,0,0,0,0,0,0,0,0,0.008210247,true,0
"tic-tac-toe",6,7,antihorn,Greedy,InformationGain,0,0,0,0,0,0,0,0,0,0.00709632,true,0
"tic-tac-toe",6,7,square2cnf,Greedy,InformationGain,0,0,0,0,0,0,0,0,0,0.135526961,true,0
"tic-tac-toe",6,7,affine,Greedy,InformationGain,0,0,0,0,0,0,0,0,0,0.064592317,true,0
"tic-tac-toe",6,7,smart_certified,Greedy,InformationGain,0,0,0,0,0,0,0,0,0,0.069770796,true,0
"tic-tac-toe",6,7,cals,SparseLookahead,SparseCertified,111774,1621,0,45,0,43,0,76,2149,29.903721947,true,0
"tic-tac-toe",6,7,cals_compact_explain,SelectiveLookahead,SparseCertified,52752,0,0,40,14,0,43,87,704,8.264925113999999,true,0
"tic-tac-toe",7,5,unary,Greedy,InformationGain,0,0,0,0,0,0,0,0,0,0.001876626,true,0
"tic-tac-toe",7,5,horn,Greedy,InformationGain,0,0,0,0,0,0,0,0,0,0.004095538,true,0
"tic-tac-toe",7,5,antihorn,Greedy,InformationGain,0,0,0,0,0,0,0,0,0,0.004590805,true,0
"tic-tac-toe",7,5,square2cnf,Greedy,InformationGain,0,0,0,0,0,0,0,0,0,0.052522792,true,0
"tic-tac-toe",7,5,affine,Greedy,InformationGain,0,0,0,0,0,0,0,0,0,0.03267209,true,0
"tic-tac-toe",7,5,smart_certified,Greedy,InformationGain,0,0,0,0,0,0,0,0,0,0.041514983,true,0
"tic-tac-toe",7,5,cals,SparseLookahead,SparseCertified,69641,832,0,29,0,21,0,44,1200,14.191061512,true,0
"tic-tac-toe",7,5,cals_compact_explain,SelectiveLookahead,SparseCertified,32963,0,0,18,6,0,19,39,320,3.431832074,true,0
"tic-tac-toe",7,7,unary,Greedy,InformationGain,0,0,0,0,0,0,0,0,0,0.003259339,true,0
"tic-tac-toe",7,7,horn,Greedy,InformationGain,0,0,0,0,0,0,0,0,0,0.006770167,true,0
"tic-tac-toe",7,7,antihorn,Greedy,InformationGain,0,0,0,0,0,0,0,0,0,0.007600495,true,0
"tic-tac-toe",7,7,square2cnf,Greedy,InformationGain,0,0,0,0,0,0,0,0,0,0.109828898,true,0
"tic-tac-toe",7,7,affine,Greedy,InformationGain,0,0,0,0,0,0,0,0,0,0.061209098,true,0
"tic-tac-toe",7,7,smart_certified,Greedy,InformationGain,0,0,0,0,0,0,0,0,0,0.082730991,true,0
"tic-tac-toe",7,7,cals,SparseLookahead,SparseCertified,77226,1068,0,37,0,29,0,60,1554,19.705915892,true,0
"tic-tac-toe",7,7,cals_compact_explain,SelectiveLookahead,SparseCertified,36603,0,0,25,6,0,26,53,422,4.62927915,true,0
"tic-tac-toe",8,5,unary,Greedy,InformationGain,0,0,0,0,0,0,0,0,0,0.001870331,true,0
"tic-tac-toe",8,5,horn,Greedy,InformationGain,0,0,0,0,0,0,0,0,0,0.005539185,true,0
"tic-tac-toe",8,5,antihorn,Greedy,InformationGain,0,0,0,0,0,0,0,0,0,0.004323659,true,0
"tic-tac-toe",8,5,square2cnf,Greedy,InformationGain,0,0,0,0,0,0,0,0,0,0.053700685,true,0
"tic-tac-toe",8,5,affine,Greedy,InformationGain,0,0,0,0,0,0,0,0,0,0.034955182,true,0
"tic-tac-toe",8,5,smart_certified,Greedy,InformationGain,0,0,0,0,0,0,0,0,0,0.057708898,true,0
"tic-tac-toe",8,5,cals,SparseLookahead,SparseCertified,109245,1260,0,35,0,32,0,56,1644,21.748079413000003,true,0
"tic-tac-toe",8,5,cals_compact_explain,SelectiveLookahead,SparseCertified,53766,0,0,24,10,0,27,53,416,5.0284656960000005,true,0
"tic-tac-toe",8,7,unary,Greedy,InformationGain,0,0,0,0,0,0,0,0,0,0.003072037,true,0
"tic-tac-toe",8,7,horn,Greedy,InformationGain,0,0,0,0,0,0,0,0,0,0.008465784,true,0
"tic-tac-toe",8,7,antihorn,Greedy,InformationGain,0,0,0,0,0,0,0,0,0,0.008163006,true,0
"tic-tac-toe",8,7,square2cnf,Greedy,InformationGain,0,0,0,0,0,0,0,0,0,0.098309765,true,0
"tic-tac-toe",8,7,affine,Greedy,InformationGain,0,0,0,0,0,0,0,0,0,0.055273144,true,0
"tic-tac-toe",8,7,smart_certified,Greedy,InformationGain,0,0,0,0,0,0,0,0,0,0.095000678,true,0
"tic-tac-toe",8,7,cals,SparseLookahead,SparseCertified,115272,1514,0,46,0,43,0,78,2074,30.601006036,true,0
"tic-tac-toe",8,7,cals_compact_explain,SelectiveLookahead,SparseCertified,57936,0,0,33,10,0,36,71,560,6.78988477,true,0
"tic-tac-toe",9,5,unary,Greedy,InformationGain,0,0,0,0,0,0,0,0,0,0.001913176,true,0
"tic-tac-toe",9,5,horn,Greedy,InformationGain,0,0,0,0,0,0,0,0,0,0.004024282,true,0
"tic-tac-toe",9,5,antihorn,Greedy,InformationGain,0,0,0,0,0,0,0,0,0,0.005235931,true,0
"tic-tac-toe",9,5,square2cnf,Greedy,InformationGain,0,0,0,0,0,0,0,0,0,0.085885608,true,0
"tic-tac-toe",9,5,affine,Greedy,InformationGain,0,0,0,0,0,0,0,0,0,0.032695448,true,0
"tic-tac-toe",9,5,smart_certified,Greedy,InformationGain,0,0,0,0,0,0,0,0,0,0.032883142,true,0
"tic-tac-toe",9,5,cals,SparseLookahead,SparseCertified,97481,1030,0,35,0,25,0,49,1414,16.288449105,true,0
"tic-tac-toe",9,5,cals_compact_explain,SelectiveLookahead,SparseCertified,42024,0,0,17,9,0,20,40,320,3.4568014479999998,true,0
"tic-tac-toe",9,7,unary,Greedy,InformationGain,0,0,0,0,0,0,0,0,0,0.003310399,true,0
"tic-tac-toe",9,7,horn,Greedy,InformationGain,0,0,0,0,0,0,0,0,0,0.006045482,true,0
"tic-tac-toe",9,7,antihorn,Greedy,InformationGain,0,0,0,0,0,0,0,0,0,0.008462575,true,0
"tic-tac-toe",9,7,square2cnf,Greedy,InformationGain,0,0,0,0,0,0,0,0,0,0.177443942,true,0
"tic-tac-toe",9,7,affine,Greedy,InformationGain,0,0,0,0,0,0,0,0,0,0.057774633,true,0
"tic-tac-toe",9,7,smart_certified,Greedy,InformationGain,0,0,0,0,0,0,0,0,0,0.04885885,true,0
"tic-tac-toe",9,7,cals,SparseLookahead,SparseCertified,110365,1309,0,43,0,33,0,65,1821,22.630652732,true,0
"tic-tac-toe",9,7,cals_compact_explain,SelectiveLookahead,SparseCertified,49181,0,0,26,9,0,29,58,464,5.268030699,true,0
"titanic-un",0,5,unary,Greedy,InformationGain,0,0,0,0,0,0,0,0,0,0.018959228,true,0
"titanic-un",0,5,horn,Greedy,InformationGain,0,0,0,0,0,0,0,0,0,0.022918377,true,0
"titanic-un",0,5,antihorn,Greedy,InformationGain,0,0,0,0,0,0,0,0,0,0.02263098,true,0
"titanic-un",0,5,square2cnf,Greedy,InformationGain,0,0,0,0,0,0,0,0,0,0.066248115,true,0
"titanic-un",0,5,affine,Greedy,InformationGain,0,0,0,0,0,0,0,0,0,0.02702467,true,0
"titanic-un",0,5,smart_certified,Greedy,InformationGain,0,0,0,0,0,0,0,0,0,0.141581134,true,0
"titanic-un",0,5,cals,SparseLookahead,SparseCertified,12842,1230,0,33,0,32,0,52,1550,1.2018707720000001,true,0
"titanic-un",0,5,cals_compact_explain,SelectiveLookahead,SparseCertified,8026,0,0,22,15,0,30,56,416,0.143937572,true,0
"titanic-un",0,7,unary,Greedy,InformationGain,0,0,0,0,0,0,0,0,0,0.027931066,true,0
"titanic-un",0,7,horn,Greedy,InformationGain,0,0,0,0,0,0,0,0,0,0.033839725,true,0
"titanic-un",0,7,antihorn,Greedy,InformationGain,0,0,0,0,0,0,0,0,0,0.03155508,true,0
"titanic-un",0,7,square2cnf,Greedy,InformationGain,0,0,0,0,0,0,0,0,0,0.110456865,true,0
"titanic-un",0,7,affine,Greedy,InformationGain,0,0,0,0,0,0,0,0,0,0.049523694,true,0
"titanic-un",0,7,smart_certified,Greedy,InformationGain,0,0,0,0,0,0,0,0,0,0.272640691,true,0
"titanic-un",0,7,cals,SparseLookahead,SparseCertified,15382,1671,0,55,0,54,0,96,2330,1.408937635,true,0
"titanic-un",0,7,cals_compact_explain,SelectiveLookahead,SparseCertified,9984,0,0,45,12,0,47,96,771,0.194273149,true,0
"titanic-un",1,5,unary,Greedy,InformationGain,0,0,0,0,0,0,0,0,0,0.019012295,true,0
"titanic-un",1,5,horn,Greedy,InformationGain,0,0,0,0,0,0,0,0,0,0.020365215,true,0
"titanic-un",1,5,antihorn,Greedy,InformationGain,0,0,0,0,0,0,0,0,0,0.01982387,true,0
"titanic-un",1,5,square2cnf,Greedy,InformationGain,0,0,0,0,0,0,0,0,0,0.05531742,true,0
"titanic-un",1,5,affine,Greedy,InformationGain,0,0,0,0,0,0,0,0,0,0.01892794,true,0
"titanic-un",1,5,smart_certified,Greedy,InformationGain,0,0,0,0,0,0,0,0,0,0.135721812,true,0
"titanic-un",1,5,cals,SparseLookahead,SparseCertified,12477,1114,0,33,0,33,0,52,1418,2.684053699,true,0
"titanic-un",1,5,cals_compact_explain,SelectiveLookahead,SparseCertified,7544,0,0,24,10,0,26,53,432,0.297888949,true,0
"titanic-un",1,7,unary,Greedy,InformationGain,0,0,0,0,0,0,0,0,0,0.026232812,true,0
"titanic-un",1,7,horn,Greedy,InformationGain,0,0,0,0,0,0,0,0,0,0.028575883,true,0
"titanic-un",1,7,antihorn,Greedy,InformationGain,0,0,0,0,0,0,0,0,0,0.027273756,true,0
"titanic-un",1,7,square2cnf,Greedy,InformationGain,0,0,0,0,0,0,0,0,0,0.085148873,true,0
"titanic-un",1,7,affine,Greedy,InformationGain,0,0,0,0,0,0,0,0,0,0.036133867,true,0
"titanic-un",1,7,smart_certified,Greedy,InformationGain,0,0,0,0,0,0,0,0,0,0.20558643,true,0
"titanic-un",1,7,cals,SparseLookahead,SparseCertified,14548,1456,0,51,0,51,0,88,2040,2.634988659,true,0
"titanic-un",1,7,cals_compact_explain,SelectiveLookahead,SparseCertified,9539,0,0,40,10,0,42,85,688,0.383593784,true,0
"titanic-un",2,5,unary,Greedy,InformationGain,0,0,0,0,0,0,0,0,0,0.021178428,true,0
"titanic-un",2,5,horn,Greedy,InformationGain,0,0,0,0,0,0,0,0,0,0.022091333,true,0
"titanic-un",2,5,antihorn,Greedy,InformationGain,0,0,0,0,0,0,0,0,0,0.022041545,true,0
"titanic-un",2,5,square2cnf,Greedy,InformationGain,0,0,0,0,0,0,0,0,0,0.063152106,true,0
"titanic-un",2,5,affine,Greedy,InformationGain,0,0,0,0,0,0,0,0,0,0.032129355,true,0
"titanic-un",2,5,smart_certified,Greedy,InformationGain,0,0,0,0,0,0,0,0,0,0.14298416,true,0
"titanic-un",2,5,cals,SparseLookahead,SparseCertified,15119,1191,0,34,0,30,0,54,1575,16.877015009,true,0
"titanic-un",2,5,cals_compact_explain,SelectiveLookahead,SparseCertified,9125,0,0,24,11,0,25,55,480,4.163745359,true,0
"titanic-un",2,7,unary,Greedy,InformationGain,0,0,0,0,0,0,0,0,0,0.031597044,true,0
"titanic-un",2,7,horn,Greedy,InformationGain,0,0,0,0,0,0,0,0,0,0.032418767,true,0
"titanic-un",2,7,antihorn,Greedy,InformationGain,0,0,0,0,0,0,0,0,0,0.030933063,true,0
"titanic-un",2,7,square2cnf,Greedy,InformationGain,0,0,0,0,0,0,0,0,0,0.108832556,true,0
"titanic-un",2,7,affine,Greedy,InformationGain,0,0,0,0,0,0,0,0,0,0.053645066,true,0
"titanic-un",2,7,smart_certified,Greedy,InformationGain,0,0,0,0,0,0,0,0,0,0.216997028,true,0
"titanic-un",2,7,cals,SparseLookahead,SparseCertified,18529,1778,0,51,0,47,0,88,2434,29.60343046,true,0
"titanic-un",2,7,cals_compact_explain,SelectiveLookahead,SparseCertified,12257,0,0,45,8,0,43,91,765,7.527410297,true,0
"titanic-un",3,5,unary,Greedy,InformationGain,0,0,0,0,0,0,0,0,0,0.020203129,true,0
"titanic-un",3,5,horn,Greedy,InformationGain,0,0,0,0,0,0,0,0,0,0.021176101,true,0
"titanic-un",3,5,antihorn,Greedy,InformationGain,0,0,0,0,0,0,0,0,0,0.020523362,true,0
"titanic-un",3,5,square2cnf,Greedy,InformationGain,0,0,0,0,0,0,0,0,0,0.055636036,true,0
"titanic-un",3,5,affine,Greedy,InformationGain,0,0,0,0,0,0,0,0,0,0.022259661,true,0
"titanic-un",3,5,smart_certified,Greedy,InformationGain,0,0,0,0,0,0,0,0,0,0.131110378,true,0
"titanic-un",3,5,cals,SparseLookahead,SparseCertified,12019,1089,0,38,0,27,0,55,1537,7.421453435,true,0
"titanic-un",3,5,cals_compact_explain,SelectiveLookahead,SparseCertified,8555,0,0,19,19,0,27,55,448,3.090470646,true,0
"titanic-un",3,7,unary,Greedy,InformationGain,0,0,0,0,0,0,0,0,0,0.03380378,true,0
"titanic-un",3,7,horn,Greedy,InformationGain,0,0,0,0,0,0,0,0,0,0.032674982,true,0
"titanic-un",3,7,antihorn,Greedy,InformationGain,0,0,0,0,0,0,0,0,0,0.031870716,true,0
"titanic-un",3,7,square2cnf,Greedy,InformationGain,0,0,0,0,0,0,0,0,0,0.101296589,true,0
"titanic-un",3,7,affine,Greedy,InformationGain,0,0,0,0,0,0,0,0,0,0.02931169,true,0
"titanic-un",3,7,smart_certified,Greedy,InformationGain,0,0,0,0,0,0,0,0,0,0.208794766,true,0
"titanic-un",3,7,cals,SparseLookahead,SparseCertified,17697,1709,0,56,0,45,0,91,2444,13.856767593,true,0
"titanic-un",3,7,cals_compact_explain,SelectiveLookahead,SparseCertified,10731,0,0,34,19,0,42,85,687,4.156206359,true,0
"titanic-un",4,5,unary,Greedy,InformationGain,0,0,0,0,0,0,0,0,0,0.015162195,true,0
"titanic-un",4,5,horn,Greedy,InformationGain,0,0,0,0,0,0,0,0,0,0.020467478,true,0
"titanic-un",4,5,antihorn,Greedy,InformationGain,0,0,0,0,0,0,0,0,0,0.019485741,true,0
"titanic-un",4,5,square2cnf,Greedy,InformationGain,0,0,0,0,0,0,0,0,0,0.045174851,true,0
"titanic-un",4,5,affine,Greedy,InformationGain,0,0,0,0,0,0,0,0,0,0.016612031,true,0
"titanic-un",4,5,smart_certified,Greedy,InformationGain,0,0,0,0,0,0,0,0,0,0.102346221,true,0
"titanic-un",4,5,cals,SparseLookahead,SparseCertified,12014,1143,0,30,0,30,0,46,1399,0.637195267,true,0
"titanic-un",4,5,cals_compact_explain,SelectiveLookahead,SparseCertified,6743,0,0,20,11,0,22,47,400,0.131960003,true,0
"titanic-un",4,7,unary,Greedy,InformationGain,0,0,0,0,0,0,0,0,0,0.024235532,true,0
"titanic-un",4,7,horn,Greedy,InformationGain,0,0,0,0,0,0,0,0,0,0.029235979,true,0
"titanic-un",4,7,antihorn,Greedy,InformationGain,0,0,0,0,0,0,0,0,0,0.024636187,true,0
"titanic-un",4,7,square2cnf,Greedy,InformationGain,0,0,0,0,0,0,0,0,0,0.084201927,true,0
"titanic-un",4,7,affine,Greedy,InformationGain,0,0,0,0,0,0,0,0,0,0.029679395,true,0
"titanic-un",4,7,smart_certified,Greedy,InformationGain,0,0,0,0,0,0,0,0,0,0.175662026,true,0
"titanic-un",4,7,cals,SparseLookahead,SparseCertified,13999,1479,0,45,0,45,0,76,1974,0.76502823,true,0
"titanic-un",4,7,cals_compact_explain,SelectiveLookahead,SparseCertified,8698,0,0,35,11,0,37,77,634,0.153038502,true,0
"titanic-un",5,5,unary,Greedy,InformationGain,0,0,0,0,0,0,0,0,0,0.023956007,true,0
"titanic-un",5,5,horn,Greedy,InformationGain,0,0,0,0,0,0,0,0,0,0.022423295,true,0
"titanic-un",5,5,antihorn,Greedy,InformationGain,0,0,0,0,0,0,0,0,0,0.021923725,true,0
"titanic-un",5,5,square2cnf,Greedy,InformationGain,0,0,0,0,0,0,0,0,0,0.060457735,true,0
"titanic-un",5,5,affine,Greedy,InformationGain,0,0,0,0,0,0,0,0,0,0.022421003,true,0
"titanic-un",5,5,smart_certified,Greedy,InformationGain,0,0,0,0,0,0,0,0,0,0.165642985,true,0
"titanic-un",5,5,cals,SparseLookahead,SparseCertified,10737,1073,0,33,0,31,0,52,1409,0.460768052,true,0
"titanic-un",5,5,cals_compact_explain,SelectiveLookahead,SparseCertified,7221,0,0,20,14,0,30,53,368,0.227649185,true,0
"titanic-un",5,7,unary,Greedy,InformationGain,0,0,0,0,0,0,0,0,0,0.039185251,true,0
"titanic-un",5,7,horn,Greedy,InformationGain,0,0,0,0,0,0,0,0,0,0.036448703,true,0
"titanic-un",5,7,antihorn,Greedy,InformationGain,0,0,0,0,0,0,0,0,0,0.034129252,true,0
"titanic-un",5,7,square2cnf,Greedy,InformationGain,0,0,0,0,0,0,0,0,0,0.115085418,true,0
"titanic-un",5,7,affine,Greedy,InformationGain,0,0,0,0,0,0,0,0,0,0.040065251,true,0
"titanic-un",5,7,smart_certified,Greedy,InformationGain,0,0,0,0,0,0,0,0,0,0.339664705,true,0
"titanic-un",5,7,cals,SparseLookahead,SparseCertified,12351,1352,0,45,0,43,0,76,1864,0.556351349,true,0
"titanic-un",5,7,cals_compact_explain,SelectiveLookahead,SparseCertified,8449,0,0,42,8,0,43,85,655,0.286904503,true,0
"titanic-un",6,5,unary,Greedy,InformationGain,0,0,0,0,0,0,0,0,0,0.021213771,true,0
"titanic-un",6,5,horn,Greedy,InformationGain,0,0,0,0,0,0,0,0,0,0.02510636,true,0
"titanic-un",6,5,antihorn,Greedy,InformationGain,0,0,0,0,0,0,0,0,0,0.023140534,true,0
"titanic-un",6,5,square2cnf,Greedy,InformationGain,0,0,0,0,0,0,0,0,0,0.059549574,true,0
"titanic-un",6,5,affine,Greedy,InformationGain,0,0,0,0,0,0,0,0,0,0.029898394,true,0
"titanic-un",6,5,smart_certified,Greedy,InformationGain,0,0,0,0,0,0,0,0,0,0.15164214,true,0
"titanic-un",6,5,cals,SparseLookahead,SparseCertified,11212,1033,0,31,0,25,0,48,1401,13.125570983,true,0
"titanic-un",6,5,cals_compact_explain,SelectiveLookahead,SparseCertified,8458,0,0,18,22,0,23,59,576,3.8039409230000003,true,0
"titanic-un",6,7,unary,Greedy,InformationGain,0,0,0,0,0,0,0,0,0,0.034210093,true,0
"titanic-un",6,7,horn,Greedy,InformationGain,0,0,0,0,0,0,0,0,0,0.034407497,true,0
"titanic-un",6,7,antihorn,Greedy,InformationGain,0,0,0,0,0,0,0,0,0,0.031064556,true,0
"titanic-un",6,7,square2cnf,Greedy,InformationGain,0,0,0,0,0,0,0,0,0,0.114574836,true,0
"titanic-un",6,7,affine,Greedy,InformationGain,0,0,0,0,0,0,0,0,0,0.043002206,true,0
"titanic-un",6,7,smart_certified,Greedy,InformationGain,0,0,0,0,0,0,0,0,0,0.370400219,true,0
"titanic-un",6,7,cals,SparseLookahead,SparseCertified,14745,1512,0,48,0,42,0,82,2152,25.913468068,true,0
"titanic-un",6,7,cals_compact_explain,SelectiveLookahead,SparseCertified,10977,0,0,37,19,0,39,91,832,5.073678664999999,true,0
"titanic-un",7,5,unary,Greedy,InformationGain,0,0,0,0,0,0,0,0,0,0.020422225,true,0
"titanic-un",7,5,horn,Greedy,InformationGain,0,0,0,0,0,0,0,0,0,0.023018368,true,0
"titanic-un",7,5,antihorn,Greedy,InformationGain,0,0,0,0,0,0,0,0,0,0.027361905,true,0
"titanic-un",7,5,square2cnf,Greedy,InformationGain,0,0,0,0,0,0,0,0,0,0.061138115,true,0
"titanic-un",7,5,affine,Greedy,InformationGain,0,0,0,0,0,0,0,0,0,0.023410021,true,0
"titanic-un",7,5,smart_certified,Greedy,InformationGain,0,0,0,0,0,0,0,0,0,0.134540472,true,0
"titanic-un",7,5,cals,SparseLookahead,SparseCertified,10739,1291,0,35,0,30,0,56,1707,16.011695076000002,true,0
"titanic-un",7,5,cals_compact_explain,SelectiveLookahead,SparseCertified,8787,0,0,26,12,0,29,58,464,4.735054238,true,0
"titanic-un",7,7,unary,Greedy,InformationGain,0,0,0,0,0,0,0,0,0,0.028800911,true,0
"titanic-un",7,7,horn,Greedy,InformationGain,0,0,0,0,0,0,0,0,0,0.032629495,true,0
"titanic-un",7,7,antihorn,Greedy,InformationGain,0,0,0,0,0,0,0,0,0,0.031954554,true,0
"titanic-un",7,7,square2cnf,Greedy,InformationGain,0,0,0,0,0,0,0,0,0,0.108824517,true,0
"titanic-un",7,7,affine,Greedy,InformationGain,0,0,0,0,0,0,0,0,0,0.043040603,true,0
"titanic-un",7,7,smart_certified,Greedy,InformationGain,0,0,0,0,0,0,0,0,0,0.211180246,true,0
"titanic-un",7,7,cals,SparseLookahead,SparseCertified,14956,1903,0,55,0,50,0,96,2637,30.882948266,true,0
"titanic-un",7,7,cals_compact_explain,SelectiveLookahead,SparseCertified,12352,0,0,47,12,0,50,100,800,8.611712912000002,true,0
"titanic-un",8,5,unary,Greedy,InformationGain,0,0,0,0,0,0,0,0,0,0.01796714,true,0
"titanic-un",8,5,horn,Greedy,InformationGain,0,0,0,0,0,0,0,0,0,0.018270818,true,0
"titanic-un",8,5,antihorn,Greedy,InformationGain,0,0,0,0,0,0,0,0,0,0.022674072,true,0
"titanic-un",8,5,square2cnf,Greedy,InformationGain,0,0,0,0,0,0,0,0,0,0.058339328,true,0
"titanic-un",8,5,affine,Greedy,InformationGain,0,0,0,0,0,0,0,0,0,0.029599981,true,0
"titanic-un",8,5,smart_certified,Greedy,InformationGain,0,0,0,0,0,0,0,0,0,0.14805594,true,0
"titanic-un",8,5,cals,SparseLookahead,SparseCertified,12487,1268,0,33,0,33,0,52,1572,1.5052537970000002,true,0
"titanic-un",8,5,cals_compact_explain,SelectiveLookahead,SparseCertified,7618,0,0,22,16,0,30,58,448,0.479833355,true,0
"titanic-un",8,7,unary,Greedy,InformationGain,0,0,0,0,0,0,0,0,0,0.028118113,true,0
"titanic-un",8,7,horn,Greedy,InformationGain,0,0,0,0,0,0,0,0,0,0.023022342,true,0
"titanic-un",8,7,antihorn,Greedy,InformationGain,0,0,0,0,0,0,0,0,0,0.02670598,true,0
"titanic-un",8,7,square2cnf,Greedy,InformationGain,0,0,0,0,0,0,0,0,0,0.109053402,true,0
"titanic-un",8,7,affine,Greedy,InformationGain,0,0,0,0,0,0,0,0,0,0.052364994,true,0
"titanic-un",8,7,smart_certified,Greedy,InformationGain,0,0,0,0,0,0,0,0,0,0.243640649,true,0
"titanic-un",8,7,cals,SparseLookahead,SparseCertified,14198,1682,0,53,0,53,0,92,2292,1.686243926,true,0
"titanic-un",8,7,cals_compact_explain,SelectiveLookahead,SparseCertified,9317,0,0,45,14,0,50,100,786,0.541185724,true,0
"titanic-un",9,5,unary,Greedy,InformationGain,0,0,0,0,0,0,0,0,0,0.018343855,true,0
"titanic-un",9,5,horn,Greedy,InformationGain,0,0,0,0,0,0,0,0,0,0.020471875,true,0
"titanic-un",9,5,antihorn,Greedy,InformationGain,0,0,0,0,0,0,0,0,0,0.020657998,true,0
"titanic-un",9,5,square2cnf,Greedy,InformationGain,0,0,0,0,0,0,0,0,0,0.057398915,true,0
"titanic-un",9,5,affine,Greedy,InformationGain,0,0,0,0,0,0,0,0,0,0.021490451,true,0
"titanic-un",9,5,smart_certified,Greedy,InformationGain,0,0,0,0,0,0,0,0,0,0.140629338,true,0
"titanic-un",9,5,cals,SparseLookahead,SparseCertified,9467,1043,0,29,0,27,0,44,1315,0.206894118,true,0
"titanic-un",9,5,cals_compact_explain,SelectiveLookahead,SparseCertified,6958,0,0,20,11,0,26,47,336,0.13390576,true,0
"titanic-un",9,7,unary,Greedy,InformationGain,0,0,0,0,0,0,0,0,0,0.026274276,true,0
"titanic-un",9,7,horn,Greedy,InformationGain,0,0,0,0,0,0,0,0,0,0.029903676,true,0
"titanic-un",9,7,antihorn,Greedy,InformationGain,0,0,0,0,0,0,0,0,0,0.028865029,true,0
"titanic-un",9,7,square2cnf,Greedy,InformationGain,0,0,0,0,0,0,0,0,0,0.088983792,true,0
"titanic-un",9,7,affine,Greedy,InformationGain,0,0,0,0,0,0,0,0,0,0.027403354,true,0
"titanic-un",9,7,smart_certified,Greedy,InformationGain,0,0,0,0,0,0,0,0,0,0.212531759,true,0
"titanic-un",9,7,cals,SparseLookahead,SparseCertified,10972,1227,0,42,0,40,0,70,1705,0.235111242,true,0
"titanic-un",9,7,cals_compact_explain,SelectiveLookahead,SparseCertified,8788,0,0,37,11,0,43,81,606,0.20486139399999997,true,0
"vehicle",0,5,unary,Greedy,InformationGain,0,0,0,0,0,0,0,0,0,0.015690731,true,0
"vehicle",0,5,horn,Greedy,InformationGain,0,0,0,0,0,0,0,0,0,0.015737233,true,0
"vehicle",0,5,antihorn,Greedy,InformationGain,0,0,0,0,0,0,0,0,0,0.015431942,true,0
"vehicle",0,5,square2cnf,Greedy,InformationGain,0,0,0,0,0,0,0,0,0,0.047180983,true,0
"vehicle",0,5,affine,Greedy,InformationGain,0,0,0,0,0,0,0,0,0,0.022253995,true,0
"vehicle",0,5,smart_certified,Greedy,InformationGain,0,0,0,0,0,0,0,0,0,0.103926937,true,0
"vehicle",0,5,cals,SparseLookahead,SparseCertified,5893,782,0,25,0,19,0,36,1054,3.065764736,true,0
"vehicle",0,5,cals_compact_explain,SelectiveLookahead,SparseCertified,4275,0,0,12,11,0,15,34,304,0.780603173,true,0
"vehicle",0,7,unary,Greedy,InformationGain,0,0,0,0,0,0,0,0,0,0.020052037,true,0
"vehicle",0,7,horn,Greedy,InformationGain,0,0,0,0,0,0,0,0,0,0.018552499,true,0
"vehicle",0,7,antihorn,Greedy,InformationGain,0,0,0,0,0,0,0,0,0,0.019126953,true,0
"vehicle",0,7,square2cnf,Greedy,InformationGain,0,0,0,0,0,0,0,0,0,0.056948889,true,0
"vehicle",0,7,affine,Greedy,InformationGain,0,0,0,0,0,0,0,0,0,0.032744631,true,0
"vehicle",0,7,smart_certified,Greedy,InformationGain,0,0,0,0,0,0,0,0,0,0.133395317,true,0
"vehicle",0,7,cals,SparseLookahead,SparseCertified,6513,906,0,29,0,23,0,44,1242,3.1615267460000003,true,0
"vehicle",0,7,cals_compact_explain,SelectiveLookahead,SparseCertified,4888,0,0,19,11,0,19,45,416,0.747983737,true,0
"vehicle",1,5,unary,Greedy,InformationGain,0,0,0,0,0,0,0,0,0,0.013857692,true,0
"vehicle",1,5,horn,Greedy,InformationGain,0,0,0,0,0,0,0,0,0,0.014915066,true,0
"vehicle",1,5,antihorn,Greedy,InformationGain,0,0,0,0,0,0,0,0,0,0.016116941,true,0
"vehicle",1,5,square2cnf,Greedy,InformationGain,0,0,0,0,0,0,0,0,0,0.042628579,true,0
"vehicle",1,5,affine,Greedy,InformationGain,0,0,0,0,0,0,0,0,0,0.02247013,true,0
"vehicle",1,5,smart_certified,Greedy,InformationGain,0,0,0,0,0,0,0,0,0,0.095498101,true,0
"vehicle",1,5,cals,SparseLookahead,SparseCertified,4882,695,0,25,0,18,0,36,983,0.15500238200000002,true,0
"vehicle",1,5,cals_compact_explain,SelectiveLookahead,SparseCertified,3049,0,0,14,8,0,11,32,336,1.656300198,true,0
"vehicle",1,7,unary,Greedy,InformationGain,0,0,0,0,0,0,0,0,0,0.01883317,true,0
"vehicle",1,7,horn,Greedy,InformationGain,0,0,0,0,0,0,0,0,0,0.018446843,true,0
"vehicle",1,7,antihorn,Greedy,InformationGain,0,0,0,0,0,0,0,0,0,0.018500482,true,0
"vehicle",1,7,square2cnf,Greedy,InformationGain,0,0,0,0,0,0,0,0,0,0.057446963,true,0
"vehicle",1,7,affine,Greedy,InformationGain,0,0,0,0,0,0,0,0,0,0.029763137,true,0
"vehicle",1,7,smart_certified,Greedy,InformationGain,0,0,0,0,0,0,0,0,0,0.116355411,true,0
"vehicle",1,7,cals,SparseLookahead,SparseCertified,5154,755,0,27,0,20,0,40,1075,0.16747969899999998,true,0
"vehicle",1,7,cals_compact_explain,SelectiveLookahead,SparseCertified,3379,0,0,16,8,0,13,36,368,2.068324384,true,0
"vehicle",2,5,unary,Greedy,InformationGain,0,0,0,0,0,0,0,0,0,0.013974915,true,0
"vehicle",2,5,horn,Greedy,InformationGain,0,0,0,0,0,0,0,0,0,0.016403601,true,0
"vehicle",2,5,antihorn,Greedy,InformationGain,0,0,0,0,0,0,0,0,0,0.017175444,true,0
"vehicle",2,5,square2cnf,Greedy,InformationGain,0,0,0,0,0,0,0,0,0,0.046944133,true,0
"vehicle",2,5,affine,Greedy,InformationGain,0,0,0,0,0,0,0,0,0,0.02569689,true,0
"vehicle",2,5,smart_certified,Greedy,InformationGain,0,0,0,0,0,0,0,0,0,0.103952059,true,0
"vehicle",2,5,cals,SparseLookahead,SparseCertified,4907,716,0,28,0,20,0,42,1068,0.469431341,true,0
"vehicle",2,5,cals_compact_explain,SelectiveLookahead,SparseCertified,3979,0,0,15,5,0,17,34,272,0.177433824,true,0
"vehicle",2,7,unary,Greedy,InformationGain,0,0,0,0,0,0,0,0,0,0.019580541,true,0
"vehicle",2,7,horn,Greedy,InformationGain,0,0,0,0,0,0,0,0,0,0.021436137,true,0
"vehicle",2,7,antihorn,Greedy,InformationGain,0,0,0,0,0,0,0,0,0,0.020733176,true,0
"vehicle",2,7,square2cnf,Greedy,InformationGain,0,0,0,0,0,0,0,0,0,0.067390032,true,0
"vehicle",2,7,affine,Greedy,InformationGain,0,0,0,0,0,0,0,0,0,0.037905231,true,0
"vehicle",2,7,smart_certified,Greedy,InformationGain,0,0,0,0,0,0,0,0,0,0.127882796,true,0
"vehicle",2,7,cals,SparseLookahead,SparseCertified,5688,846,0,34,0,26,0,54,1294,0.534749227,true,0
"vehicle",2,7,cals_compact_explain,SelectiveLookahead,SparseCertified,4757,0,0,21,5,0,23,46,368,0.221058937,true,0
"vehicle",3,5,unary,Greedy,InformationGain,0,0,0,0,0,0,0,0,0,0.01442416,true,0
"vehicle",3,5,horn,Greedy,InformationGain,0,0,0,0,0,0,0,0,0,0.019288288,true,0
"vehicle",3,5,antihorn,Greedy,InformationGain,0,0,0,0,0,0,0,0,0,0.014813337,true,0
"vehicle",3,5,square2cnf,Greedy,InformationGain,0,0,0,0,0,0,0,0,0,0.040421894,true,0
"vehicle",3,5,affine,Greedy,InformationGain,0,0,0,0,0,0,0,0,0,0.021737281,true,0
"vehicle",3,5,smart_certified,Greedy,InformationGain,0,0,0,0,0,0,0,0,0,0.092980034,true,0
"vehicle",3,5,cals,SparseLookahead,SparseCertified,6212,824,0,29,0,23,0,44,1160,2.1174206140000003,true,0
"vehicle",3,5,cals_compact_explain,SelectiveLookahead,SparseCertified,4603,0,0,21,15,0,19,51,512,0.696995845,true,0
"vehicle",3,7,unary,Greedy,InformationGain,0,0,0,0,0,0,0,0,0,0.019750069,true,0
"vehicle",3,7,horn,Greedy,InformationGain,0,0,0,0,0,0,0,0,0,0.016480983,true,0
"vehicle",3,7,antihorn,Greedy,InformationGain,0,0,0,0,0,0,0,0,0,0.016995803,true,0
"vehicle",3,7,square2cnf,Greedy,InformationGain,0,0,0,0,0,0,0,0,0,0.049701598,true,0
"vehicle",3,7,affine,Greedy,InformationGain,0,0,0,0,0,0,0,0,0,0.032199724,true,0
"vehicle",3,7,smart_certified,Greedy,InformationGain,0,0,0,0,0,0,0,0,0,0.119005462,true,0
"vehicle",3,7,cals,SparseLookahead,SparseCertified,6674,885,0,32,0,26,0,50,1269,2.180510793,true,0
"vehicle",3,7,cals_compact_explain,SelectiveLookahead,SparseCertified,5064,0,0,24,15,0,22,57,560,0.684353206,true,0
"vehicle",4,5,unary,Greedy,InformationGain,0,0,0,0,0,0,0,0,0,0.0195478,true,0
"vehicle",4,5,horn,Greedy,InformationGain,0,0,0,0,0,0,0,0,0,0.012250797,true,0
"vehicle",4,5,antihorn,Greedy,InformationGain,0,0,0,0,0,0,0,0,0,0.015703505,true,0
"vehicle",4,5,square2cnf,Greedy,InformationGain,0,0,0,0,0,0,0,0,0,0.03553971,true,0
"vehicle",4,5,affine,Greedy,InformationGain,0,0,0,0,0,0,0,0,0,0.019962479,true,0
"vehicle",4,5,smart_certified,Greedy,InformationGain,0,0,0,0,0,0,0,0,0,0.058279055,true,0
"vehicle",4,5,cals,SparseLookahead,SparseCertified,7090,928,0,30,0,22,0,46,1312,2.360433878,true,0
"vehicle",4,5,cals_compact_explain,SelectiveLookahead,SparseCertified,4605,0,0,14,11,0,15,35,320,2.2072159100000004,true,0
"vehicle",4,7,unary,Greedy,InformationGain,0,0,0,0,0,0,0,0,0,0.017063531,true,0
"vehicle",4,7,horn,Greedy,InformationGain,0,0,0,0,0,0,0,0,0,0.016100231,true,0
"vehicle",4,7,antihorn,Greedy,InformationGain,0,0,0,0,0,0,0,0,0,0.01575107,true,0
"vehicle",4,7,square2cnf,Greedy,InformationGain,0,0,0,0,0,0,0,0,0,0.043655287,true,0
"vehicle",4,7,affine,Greedy,InformationGain,0,0,0,0,0,0,0,0,0,0.029254889,true,0
"vehicle",4,7,smart_certified,Greedy,InformationGain,0,0,0,0,0,0,0,0,0,0.068586006,true,0
"vehicle",4,7,cals,SparseLookahead,SparseCertified,7574,1033,0,33,0,25,0,52,1465,2.7202700909999997,true,0
"vehicle",4,7,cals_compact_explain,SelectiveLookahead,SparseCertified,4820,0,0,15,11,0,16,37,336,2.3908905860000003,true,0
"vehicle",5,5,unary,Greedy,InformationGain,0,0,0,0,0,0,0,0,0,0.013853637,true,0
"vehicle",5,5,horn,Greedy,InformationGain,0,0,0,0,0,0,0,0,0,0.015499129,true,0
"vehicle",5,5,antihorn,Greedy,InformationGain,0,0,0,0,0,0,0,0,0,0.014626239,true,0
"vehicle",5,5,square2cnf,Greedy,InformationGain,0,0,0,0,0,0,0,0,0,0.042210397,true,0
"vehicle",5,5,affine,Greedy,InformationGain,0,0,0,0,0,0,0,0,0,0.020944465,true,0
"vehicle",5,5,smart_certified,Greedy,InformationGain,0,0,0,0,0,0,0,0,0,0.091820307,true,0
"vehicle",5,5,cals,SparseLookahead,SparseCertified,5751,728,0,25,0,18,0,36,1016,2.922518431,true,0
"vehicle",5,5,cals_compact_explain,SelectiveLookahead,SparseCertified,4428,0,0,15,8,0,16,34,288,0.7577193379999999,true,0
"vehicle",5,7,unary,Greedy,InformationGain,0,0,0,0,0,0,0,0,0,0.019264105,true,0
"vehicle",5,7,horn,Greedy,InformationGain,0,0,0,0,0,0,0,0,0,0.018716315,true,0
"vehicle",5,7,antihorn,Greedy,InformationGain,0,0,0,0,0,0,0,0,0,0.019517766,true,0
"vehicle",5,7,square2cnf,Greedy,InformationGain,0,0,0,0,0,0,0,0,0,0.060801974,true,0
"vehicle",5,7,affine,Greedy,InformationGain,0,0,0,0,0,0,0,0,0,0.03340672,true,0
"vehicle",5,7,smart_certified,Greedy,InformationGain,0,0,0,0,0,0,0,0,0,0.131234039,true,0
"vehicle",5,7,cals,SparseLookahead,SparseCertified,6357,845,0,29,0,22,0,44,1197,3.032472335,true,0
"vehicle",5,7,cals_compact_explain,SelectiveLookahead,SparseCertified,5031,0,0,19,8,0,20,42,352,0.732929762,true,0
"vehicle",6,5,unary,Greedy,InformationGain,0,0,0,0,0,0,0,0,0,0.012506502,true,0
"vehicle",6,5,horn,Greedy,InformationGain,0,0,0,0,0,0,0,0,0,0.013337281,true,0
"vehicle",6,5,antihorn,Greedy,InformationGain,0,0,0,0,0,0,0,0,0,0.013321093,true,0
"vehicle",6,5,square2cnf,Greedy,InformationGain,0,0,0,0,0,0,0,0,0,0.033387305,true,0
"vehicle",6,5,affine,Greedy,InformationGain,0,0,0,0,0,0,0,0,0,0.019203722,true,0
"vehicle",6,5,smart_certified,Greedy,InformationGain,0,0,0,0,0,0,0,0,0,0.059451239,true,0
"vehicle",6,5,cals,SparseLookahead,SparseCertified,4465,655,0,23,0,16,0,32,911,0.16124295800000002,true,0
"vehicle",6,5,cals_compact_explain,SelectiveLookahead,SparseCertified,4159,0,0,13,8,0,17,30,208,0.189838824,true,0
"vehicle",6,7,unary,Greedy,InformationGain,0,0,0,0,0,0,0,0,0,0.016304847,true,0
"vehicle",6,7,horn,Greedy,InformationGain,0,0,0,0,0,0,0,0,0,0.016340129,true,0
"vehicle",6,7,antihorn,Greedy,InformationGain,0,0,0,0,0,0,0,0,0,0.015516837,true,0
"vehicle",6,7,square2cnf,Greedy,InformationGain,0,0,0,0,0,0,0,0,0,0.043088441,true,0
"vehicle",6,7,affine,Greedy,InformationGain,0,0,0,0,0,0,0,0,0,0.026870094,true,0
"vehicle",6,7,smart_certified,Greedy,InformationGain,0,0,0,0,0,0,0,0,0,0.071196401,true,0
"vehicle",6,7,cals,SparseLookahead,SparseCertified,4891,730,0,25,0,18,0,36,1018,0.160410576,true,0
"vehicle",6,7,cals_compact_explain,SelectiveLookahead,SparseCertified,4582,0,0,15,8,0,19,34,240,0.20396704899999998,true,0
"vehicle",7,5,unary,Greedy,InformationGain,0,0,0,0,0,0,0,0,0,0.013669341,true,0
"vehicle",7,5,horn,Greedy,InformationGain,0,0,0,0,0,0,0,0,0,0.013659153,true,0
"vehicle",7,5,antihorn,Greedy,InformationGain,0,0,0,0,0,0,0,0,0,0.013334536,true,0
"vehicle",7,5,square2cnf,Greedy,InformationGain,0,0,0,0,0,0,0,0,0,0.035424181,true,0
"vehicle",7,5,affine,Greedy,InformationGain,0,0,0,0,0,0,0,0,0,0.019296866,true,0
"vehicle",7,5,smart_certified,Greedy,InformationGain,0,0,0,0,0,0,0,0,0,0.060260724,true,0
"vehicle",7,5,cals,SparseLookahead,SparseCertified,6818,882,0,28,0,21,0,42,1218,2.023006461,true,0
"vehicle",7,5,cals_compact_explain,SelectiveLookahead,SparseCertified,5585,0,0,17,15,0,19,46,432,0.608346017,true,0
"vehicle",7,7,unary,Greedy,InformationGain,0,0,0,0,0,0,0,0,0,0.018166128,true,0
"vehicle",7,7,horn,Greedy,InformationGain,0,0,0,0,0,0,0,0,0,0.016351539,true,0
"vehicle",7,7,antihorn,Greedy,InformationGain,0,0,0,0,0,0,0,0,0,0.016188583,true,0
"vehicle",7,7,square2cnf,Greedy,InformationGain,0,0,0,0,0,0,0,0,0,0.04422367,true,0
"vehicle",7,7,affine,Greedy,InformationGain,0,0,0,0,0,0,0,0,0,0.034040927,true,0
"vehicle",7,7,smart_certified,Greedy,InformationGain,0,0,0,0,0,0,0,0,0,0.063823844,true,0
"vehicle",7,7,cals,SparseLookahead,SparseCertified,7970,1069,0,34,0,27,0,54,1501,2.971295188,true,0
"vehicle",7,7,cals_compact_explain,SelectiveLookahead,SparseCertified,6761,0,0,24,15,0,26,60,544,1.012388743,true,0
"vehicle",8,5,unary,Greedy,InformationGain,0,0,0,0,0,0,0,0,0,0.012308599,true,0
"vehicle",8,5,horn,Greedy,InformationGain,0,0,0,0,0,0,0,0,0,0.013267885,true,0
"vehicle",8,5,antihorn,Greedy,InformationGain,0,0,0,0,0,0,0,0,0,0.012640353,true,0
"vehicle",8,5,square2cnf,Greedy,InformationGain,0,0,0,0,0,0,0,0,0,0.036273847,true,0
"vehicle",8,5,affine,Greedy,InformationGain,0,0,0,0,0,0,0,0,0,0.02299868,true,0
"vehicle",8,5,smart_certified,Greedy,InformationGain,0,0,0,0,0,0,0,0,0,0.074051908,true,0
"vehicle",8,5,cals,SparseLookahead,SparseCertified,5766,836,0,27,0,22,0,40,1124,0.192435694,true,0
"vehicle",8,5,cals_compact_explain,SelectiveLookahead,SparseCertified,4983,0,0,17,11,0,21,41,320,0.11315418,true,0
"vehicle",8,7,unary,Greedy,InformationGain,0,0,0,0,0,0,0,0,0,0.0167896,true,0
"vehicle",8,7,horn,Greedy,InformationGain,0,0,0,0,0,0,0,0,0,0.01666503,true,0
"vehicle",8,7,antihorn,Greedy,InformationGain,0,0,0,0,0,0,0,0,0,0.01853928,true,0
"vehicle",8,7,square2cnf,Greedy,InformationGain,0,0,0,0,0,0,0,0,0,0.047805266,true,0
"vehicle",8,7,affine,Greedy,InformationGain,0,0,0,0,0,0,0,0,0,0.031325852,true,0
"vehicle",8,7,smart_certified,Greedy,InformationGain,0,0,0,0,0,0,0,0,0,0.075516165,true,0
"vehicle",8,7,cals,SparseLookahead,SparseCertified,5766,836,0,27,0,22,0,40,1124,0.170512887,true,0
"vehicle",8,7,cals_compact_explain,SelectiveLookahead,SparseCertified,4983,0,0,17,11,0,21,41,320,0.112995451,true,0
"vehicle",9,5,unary,Greedy,InformationGain,0,0,0,0,0,0,0,0,0,0.012142817,true,0
"vehicle",9,5,horn,Greedy,InformationGain,0,0,0,0,0,0,0,0,0,0.013799607,true,0
"vehicle",9,5,antihorn,Greedy,InformationGain,0,0,0,0,0,0,0,0,0,0.014083424,true,0
"vehicle",9,5,square2cnf,Greedy,InformationGain,0,0,0,0,0,0,0,0,0,0.037881298,true,0
"vehicle",9,5,affine,Greedy,InformationGain,0,0,0,0,0,0,0,0,0,0.024317552,true,0
"vehicle",9,5,smart_certified,Greedy,InformationGain,0,0,0,0,0,0,0,0,0,0.085720863,true,0
"vehicle",9,5,cals,SparseLookahead,SparseCertified,7221,830,0,28,0,20,0,42,1182,8.789756351,true,0
"vehicle",9,5,cals_compact_explain,SelectiveLookahead,SparseCertified,6193,0,0,18,11,0,19,43,384,2.699332144,true,0
"vehicle",9,7,unary,Greedy,InformationGain,0,0,0,0,0,0,0,0,0,0.018377442,true,0
"vehicle",9,7,horn,Greedy,InformationGain,0,0,0,0,0,0,0,0,0,0.017796475,true,0
"vehicle",9,7,antihorn,Greedy,InformationGain,0,0,0,0,0,0,0,0,0,0.018101556,true,0
"vehicle",9,7,square2cnf,Greedy,InformationGain,0,0,0,0,0,0,0,0,0,0.056288771,true,0
"vehicle",9,7,affine,Greedy,InformationGain,0,0,0,0,0,0,0,0,0,0.035174541,true,0
"vehicle",9,7,smart_certified,Greedy,InformationGain,0,0,0,0,0,0,0,0,0,0.103349111,true,0
"vehicle",9,7,cals,SparseLookahead,SparseCertified,7948,958,0,32,0,24,0,50,1374,8.822360438,true,0
"vehicle",9,7,cals_compact_explain,SelectiveLookahead,SparseCertified,6914,0,0,22,11,0,23,51,448,2.798921971,true,0
"vote",0,5,unary,Greedy,InformationGain,0,0,0,0,0,0,0,0,0,0.001630344,true,0
"vote",0,5,horn,Greedy,InformationGain,0,0,0,0,0,0,0,0,0,0.002015288,true,0
"vote",0,5,antihorn,Greedy,InformationGain,0,0,0,0,0,0,0,0,0,0.002166415,true,0
"vote",0,5,square2cnf,Greedy,InformationGain,0,0,0,0,0,0,0,0,0,0.016019618,true,0
"vote",0,5,affine,Greedy,InformationGain,0,0,0,0,0,0,0,0,0,0.010768214,true,0
"vote",0,5,smart_certified,Greedy,InformationGain,0,0,0,0,0,0,0,0,0,0.033912503,true,0
"vote",0,5,cals,SparseLookahead,SparseCertified,10872,586,0,21,0,15,0,28,794,3.059619413,true,0
"vote",0,5,cals_compact_explain,SelectiveLookahead,SparseCertified,6015,0,0,6,19,0,11,32,336,0.350043475,true,0
"vote",0,7,unary,Greedy,InformationGain,0,0,0,0,0,0,0,0,0,0.001611484,true,0
"vote",0,7,horn,Greedy,InformationGain,0,0,0,0,0,0,0,0,0,0.002279986,true,0
"vote",0,7,antihorn,Greedy,InformationGain,0,0,0,0,0,0,0,0,0,0.002291783,true,0
"vote",0,7,square2cnf,Greedy,InformationGain,0,0,0,0,0,0,0,0,0,0.018366487,true,0
"vote",0,7,affine,Greedy,InformationGain,0,0,0,0,0,0,0,0,0,0.013225239,true,0
"vote",0,7,smart_certified,Greedy,InformationGain,0,0,0,0,0,0,0,0,0,0.0368554,true,0
"vote",0,7,cals,SparseLookahead,SparseCertified,10872,586,0,21,0,15,0,28,794,3.035897592,true,0
"vote",0,7,cals_compact_explain,SelectiveLookahead,SparseCertified,6015,0,0,6,19,0,11,32,336,0.334125338,true,0
"vote",1,5,unary,Greedy,InformationGain,0,0,0,0,0,0,0,0,0,0.001561593,true,0
"vote",1,5,horn,Greedy,InformationGain,0,0,0,0,0,0,0,0,0,0.001888544,true,0
"vote",1,5,antihorn,Greedy,InformationGain,0,0,0,0,0,0,0,0,0,0.002144174,true,0
"vote",1,5,square2cnf,Greedy,InformationGain,0,0,0,0,0,0,0,0,0,0.016194325,true,0
"vote",1,5,affine,Greedy,InformationGain,0,0,0,0,0,0,0,0,0,0.015050681,true,0
"vote",1,5,smart_certified,Greedy,InformationGain,0,0,0,0,0,0,0,0,0,0.029704556,true,0
"vote",1,5,cals,SparseLookahead,SparseCertified,31924,721,0,21,0,17,0,28,897,8.460665912,true,0
"vote",1,5,cals_compact_explain,SelectiveLookahead,SparseCertified,11668,0,0,13,3,0,11,23,192,1.6402966589999999,true,0
"vote",1,7,unary,Greedy,InformationGain,0,0,0,0,0,0,0,0,0,0.001712718,true,0
"vote",1,7,horn,Greedy,InformationGain,0,0,0,0,0,0,0,0,0,0.002221702,true,0
"vote",1,7,antihorn,Greedy,InformationGain,0,0,0,0,0,0,0,0,0,0.002557051,true,0
"vote",1,7,square2cnf,Greedy,InformationGain,0,0,0,0,0,0,0,0,0,0.018174043,true,0
"vote",1,7,affine,Greedy,InformationGain,0,0,0,0,0,0,0,0,0,0.017142956,true,0
"vote",1,7,smart_certified,Greedy,InformationGain,0,0,0,0,0,0,0,0,0,0.02594158,true,0
"vote",1,7,cals,SparseLookahead,SparseCertified,31924,721,0,21,0,17,0,28,897,8.505574695,true,0
"vote",1,7,cals_compact_explain,SelectiveLookahead,SparseCertified,11668,0,0,13,3,0,11,23,192,1.6522364170000001,true,0
"vote",2,5,unary,Greedy,InformationGain,0,0,0,0,0,0,0,0,0,0.002145665,true,0
"vote",2,5,horn,Greedy,InformationGain,0,0,0,0,0,0,0,0,0,0.002667632,true,0
"vote",2,5,antihorn,Greedy,InformationGain,0,0,0,0,0,0,0,0,0,0.002653118,true,0
"vote",2,5,square2cnf,Greedy,InformationGain,0,0,0,0,0,0,0,0,0,0.020031438,true,0
"vote",2,5,affine,Greedy,InformationGain,0,0,0,0,0,0,0,0,0,0.010855861,true,0
"vote",2,5,smart_certified,Greedy,InformationGain,0,0,0,0,0,0,0,0,0,0.039979555,true,0
"vote",2,5,cals,SparseLookahead,SparseCertified,23626,706,0,28,0,17,0,35,994,7.957793832999999,true,0
"vote",2,5,cals_compact_explain,SelectiveLookahead,SparseCertified,10626,0,0,10,12,0,16,29,208,2.072745226,true,0
"vote",2,7,unary,Greedy,InformationGain,0,0,0,0,0,0,0,0,0,0.001824711,true,0
"vote",2,7,horn,Greedy,InformationGain,0,0,0,0,0,0,0,0,0,0.002511316,true,0
"vote",2,7,antihorn,Greedy,InformationGain,0,0,0,0,0,0,0,0,0,0.002598306,true,0
"vote",2,7,square2cnf,Greedy,InformationGain,0,0,0,0,0,0,0,0,0,0.019022049,true,0
"vote",2,7,affine,Greedy,InformationGain,0,0,0,0,0,0,0,0,0,0.015248084,true,0
"vote",2,7,smart_certified,Greedy,InformationGain,0,0,0,0,0,0,0,0,0,0.042374347,true,0
"vote",2,7,cals,SparseLookahead,SparseCertified,23626,706,0,28,0,17,0,35,994,8.086391217000001,true,0
"vote",2,7,cals_compact_explain,SelectiveLookahead,SparseCertified,10626,0,0,10,12,0,16,29,208,2.107319505,true,0
"vote",3,5,unary,Greedy,InformationGain,0,0,0,0,0,0,0,0,0,0.001933598,true,0
"vote",3,5,horn,Greedy,InformationGain,0,0,0,0,0,0,0,0,0,0.003167529,true,0
"vote",3,5,antihorn,Greedy,InformationGain,0,0,0,0,0,0,0,0,0,0.003257394,true,0
"vote",3,5,square2cnf,Greedy,InformationGain,0,0,0,0,0,0,0,0,0,0.022576613,true,0
"vote",3,5,affine,Greedy,InformationGain,0,0,0,0,0,0,0,0,0,0.016922097,true,0
"vote",3,5,smart_certified,Greedy,InformationGain,0,0,0,0,0,0,0,0,0,0.045190991,true,0
"vote",3,5,cals,SparseLookahead,SparseCertified,18121,842,0,25,0,21,0,36,1080,10.627422338,true,0
"vote",3,5,cals_compact_explain,SelectiveLookahead,SparseCertified,8042,0,0,16,16,0,19,43,376,1.959337237,true,0
"vote",3,7,unary,Greedy,InformationGain,0,0,0,0,0,0,0,0,0,0.00209297,true,0
"vote",3,7,horn,Greedy,InformationGain,0,0,0,0,0,0,0,0,0,0.003154332,true,0
"vote",3,7,antihorn,Greedy,InformationGain,0,0,0,0,0,0,0,0,0,0.003299161,true,0
"vote",3,7,square2cnf,Greedy,InformationGain,0,0,0,0,0,0,0,0,0,0.026634479,true,0
"vote",3,7,affine,Greedy,InformationGain,0,0,0,0,0,0,0,0,0,0.01924232,true,0
"vote",3,7,smart_certified,Greedy,InformationGain,0,0,0,0,0,0,0,0,0,0.04627857,true,0
"vote",3,7,cals,SparseLookahead,SparseCertified,18163,850,0,27,0,23,0,40,1120,11.962494526,true,0
"vote",3,7,cals_compact_explain,SelectiveLookahead,SparseCertified,8084,0,0,18,16,0,21,47,408,2.273060679,true,0
"vote",4,5,unary,Greedy,InformationGain,0,0,0,0,0,0,0,0,0,0.001632547,true,0
"vote",4,5,horn,Greedy,InformationGain,0,0,0,0,0,0,0,0,0,0.002484271,true,0
"vote",4,5,antihorn,Greedy,InformationGain,0,0,0,0,0,0,0,0,0,0.002615594,true,0
"vote",4,5,square2cnf,Greedy,InformationGain,0,0,0,0,0,0,0,0,0,0.014780207,true,0
"vote",4,5,affine,Greedy,InformationGain,0,0,0,0,0,0,0,0,0,0.010077327,true,0
"vote",4,5,smart_certified,Greedy,InformationGain,0,0,0,0,0,0,0,0,0,0.028780787,true,0
"vote",4,5,cals,SparseLookahead,SparseCertified,21122,556,0,18,0,12,0,22,716,5.254468569999999,true,0
"vote",4,5,cals_compact_explain,SelectiveLookahead,SparseCertified,8720,0,0,5,5,0,7,14,112,0.866625294,true,0
"vote",4,7,unary,Greedy,InformationGain,0,0,0,0,0,0,0,0,0,0.002442534,true,0
"vote",4,7,horn,Greedy,InformationGain,0,0,0,0,0,0,0,0,0,0.002880502,true,0
"vote",4,7,antihorn,Greedy,InformationGain,0,0,0,0,0,0,0,0,0,0.002622041,true,0
"vote",4,7,square2cnf,Greedy,InformationGain,0,0,0,0,0,0,0,0,0,0.014947873,true,0
"vote",4,7,affine,Greedy,InformationGain,0,0,0,0,0,0,0,0,0,0.011308433,true,0
"vote",4,7,smart_certified,Greedy,InformationGain,0,0,0,0,0,0,0,0,0,0.027537516,true,0
"vote",4,7,cals,SparseLookahead,SparseCertified,21122,556,0,18,0,12,0,22,716,5.2751493400000005,true,0
"vote",4,7,cals_compact_explain,SelectiveLookahead,SparseCertified,8720,0,0,5,5,0,7,14,112,0.897124808,true,0
"vote",5,5,unary,Greedy,InformationGain,0,0,0,0,0,0,0,0,0,0.001601762,true,0
"vote",5,5,horn,Greedy,InformationGain,0,0,0,0,0,0,0,0,0,0.002485287,true,0
"vote",5,5,antihorn,Greedy,InformationGain,0,0,0,0,0,0,0,0,0,0.00256744,true,0
"vote",5,5,square2cnf,Greedy,InformationGain,0,0,0,0,0,0,0,0,0,0.017830483,true,0
"vote",5,5,affine,Greedy,InformationGain,0,0,0,0,0,0,0,0,0,0.013374657,true,0
"vote",5,5,smart_certified,Greedy,InformationGain,0,0,0,0,0,0,0,0,0,0.032438479,true,0
"vote",5,5,cals,SparseLookahead,SparseCertified,23370,751,0,21,0,17,0,28,927,8.886284815000002,true,0
"vote",5,5,cals_compact_explain,SelectiveLookahead,SparseCertified,9783,0,0,14,8,0,18,29,176,1.5934426289999999,true,0
"vote",5,7,unary,Greedy,InformationGain,0,0,0,0,0,0,0,0,0,0.00186822,true,0
"vote",5,7,horn,Greedy,InformationGain,0,0,0,0,0,0,0,0,0,0.003372659,true,0
"vote",5,7,antihorn,Greedy,InformationGain,0,0,0,0,0,0,0,0,0,0.003445102,true,0
"vote",5,7,square2cnf,Greedy,InformationGain,0,0,0,0,0,0,0,0,0,0.025719713,true,0
"vote",5,7,affine,Greedy,InformationGain,0,0,0,0,0,0,0,0,0,0.020258059,true,0
"vote",5,7,smart_certified,Greedy,InformationGain,0,0,0,0,0,0,0,0,0,0.040132674,true,0
"vote",5,7,cals,SparseLookahead,SparseCertified,23434,783,0,23,0,19,0,32,991,10.541290747,true,0
"vote",5,7,cals_compact_explain,SelectiveLookahead,SparseCertified,9761,0,0,16,8,0,18,33,234,1.507156041,true,0
"vote",6,5,unary,Greedy,InformationGain,0,0,0,0,0,0,0,0,0,0.001743044,true,0
"vote",6,5,horn,Greedy,InformationGain,0,0,0,0,0,0,0,0,0,0.003428493,true,0
"vote",6,5,antihorn,Greedy,InformationGain,0,0,0,0,0,0,0,0,0,0.002801533,true,0
"vote",6,5,square2cnf,Greedy,InformationGain,0,0,0,0,0,0,0,0,0,0.02108469,true,0
"vote",6,5,affine,Greedy,InformationGain,0,0,0,0,0,0,0,0,0,0.014396506,true,0
"vote",6,5,smart_certified,Greedy,InformationGain,0,0,0,0,0,0,0,0,0,0.039511485,true,0
"vote",6,5,cals,SparseLookahead,SparseCertified,39167,759,0,24,0,20,0,34,970,11.083550628000001,true,0
"vote",6,5,cals_compact_explain,SelectiveLookahead,SparseCertified,14739,0,0,15,13,0,18,38,298,2.611532409,true,0
"vote",6,7,unary,Greedy,InformationGain,0,0,0,0,0,0,0,0,0,0.001848712,true,0
"vote",6,7,horn,Greedy,InformationGain,0,0,0,0,0,0,0,0,0,0.00288402,true,0
"vote",6,7,antihorn,Greedy,InformationGain,0,0,0,0,0,0,0,0,0,0.003078457,true,0
"vote",6,7,square2cnf,Greedy,InformationGain,0,0,0,0,0,0,0,0,0,0.021971288,true,0
"vote",6,7,affine,Greedy,InformationGain,0,0,0,0,0,0,0,0,0,0.014542144,true,0
"vote",6,7,smart_certified,Greedy,InformationGain,0,0,0,0,0,0,0,0,0,0.041323599,true,0
"vote",6,7,cals,SparseLookahead,SparseCertified,39189,765,0,25,0,21,0,36,992,11.869880964,true,0
"vote",6,7,cals_compact_explain,SelectiveLookahead,SparseCertified,14761,0,0,16,13,0,19,40,314,2.810865539,true,0
"vote",7,5,unary,Greedy,InformationGain,0,0,0,0,0,0,0,0,0,0.001447983,true,0
"vote",7,5,horn,Greedy,InformationGain,0,0,0,0,0,0,0,0,0,0.002045213,true,0
"vote",7,5,antihorn,Greedy,InformationGain,0,0,0,0,0,0,0,0,0,0.001900268,true,0
"vote",7,5,square2cnf,Greedy,InformationGain,0,0,0,0,0,0,0,0,0,0.014284554,true,0
"vote",7,5,affine,Greedy,InformationGain,0,0,0,0,0,0,0,0,0,0.013637353,true,0
"vote",7,5,smart_certified,Greedy,InformationGain,0,0,0,0,0,0,0,0,0,0.02407547,true,0
"vote",7,5,cals,SparseLookahead,SparseCertified,21298,726,0,20,0,17,0,26,870,7.813295099,true,0
"vote",7,5,cals_compact_explain,SelectiveLookahead,SparseCertified,8944,0,0,11,8,0,12,26,216,1.546260161,true,0
"vote",7,7,unary,Greedy,InformationGain,0,0,0,0,0,0,0,0,0,0.001666696,true,0
"vote",7,7,horn,Greedy,InformationGain,0,0,0,0,0,0,0,0,0,0.002482181,true,0
"vote",7,7,antihorn,Greedy,InformationGain,0,0,0,0,0,0,0,0,0,0.002282272,true,0
"vote",7,7,square2cnf,Greedy,InformationGain,0,0,0,0,0,0,0,0,0,0.018465041,true,0
"vote",7,7,affine,Greedy,InformationGain,0,0,0,0,0,0,0,0,0,0.014497042,true,0
"vote",7,7,smart_certified,Greedy,InformationGain,0,0,0,0,0,0,0,0,0,0.025369101,true,0
"vote",7,7,cals,SparseLookahead,SparseCertified,21298,726,0,20,0,17,0,26,870,7.878952112,true,0
"vote",7,7,cals_compact_explain,SelectiveLookahead,SparseCertified,8944,0,0,11,8,0,12,26,216,1.5011174170000001,true,0
"vote",8,5,unary,Greedy,InformationGain,0,0,0,0,0,0,0,0,0,0.001147043,true,0
"vote",8,5,horn,Greedy,InformationGain,0,0,0,0,0,0,0,0,0,0.001901092,true,0
"vote",8,5,antihorn,Greedy,InformationGain,0,0,0,0,0,0,0,0,0,0.001659601,true,0
"vote",8,5,square2cnf,Greedy,InformationGain,0,0,0,0,0,0,0,0,0,0.014091415,true,0
"vote",8,5,affine,Greedy,InformationGain,0,0,0,0,0,0,0,0,0,0.010456437,true,0
"vote",8,5,smart_certified,Greedy,InformationGain,0,0,0,0,0,0,0,0,0,0.018975157,true,0
"vote",8,5,cals,SparseLookahead,SparseCertified,9190,645,0,19,0,17,0,24,753,0.551307882,true,0
"vote",8,5,cals_compact_explain,SelectiveLookahead,SparseCertified,5000,0,0,6,11,0,13,22,140,0.29606290599999996,true,0
"vote",8,7,unary,Greedy,InformationGain,0,0,0,0,0,0,0,0,0,0.001139761,true,0
"vote",8,7,horn,Greedy,InformationGain,0,0,0,0,0,0,0,0,0,0.001772747,true,0
"vote",8,7,antihorn,Greedy,InformationGain,0,0,0,0,0,0,0,0,0,0.001919768,true,0
"vote",8,7,square2cnf,Greedy,InformationGain,0,0,0,0,0,0,0,0,0,0.016116192,true,0
"vote",8,7,affine,Greedy,InformationGain,0,0,0,0,0,0,0,0,0,0.013483445,true,0
"vote",8,7,smart_certified,Greedy,InformationGain,0,0,0,0,0,0,0,0,0,0.020210488,true,0
"vote",8,7,cals,SparseLookahead,SparseCertified,9190,645,0,19,0,17,0,24,753,0.564898934,true,0
"vote",8,7,cals_compact_explain,SelectiveLookahead,SparseCertified,5000,0,0,6,11,0,13,22,140,0.30675406,true,0
"vote",9,5,unary,Greedy,InformationGain,0,0,0,0,0,0,0,0,0,0.001826176,true,0
"vote",9,5,horn,Greedy,InformationGain,0,0,0,0,0,0,0,0,0,0.002817848,true,0
"vote",9,5,antihorn,Greedy,InformationGain,0,0,0,0,0,0,0,0,0,0.002755039,true,0
"vote",9,5,square2cnf,Greedy,InformationGain,0,0,0,0,0,0,0,0,0,0.02257593,true,0
"vote",9,5,affine,Greedy,InformationGain,0,0,0,0,0,0,0,0,0,0.015574406,true,0
"vote",9,5,smart_certified,Greedy,InformationGain,0,0,0,0,0,0,0,0,0,0.036335513,true,0
"vote",9,5,cals,SparseLookahead,SparseCertified,14705,820,0,23,0,20,0,32,1012,9.539738219999998,true,0
"vote",9,5,cals_compact_explain,SelectiveLookahead,SparseCertified,6900,0,0,8,15,0,16,31,240,1.933189814,true,0
"vote",9,7,unary,Greedy,InformationGain,0,0,0,0,0,0,0,0,0,0.002078522,true,0
"vote",9,7,horn,Greedy,InformationGain,0,0,0,0,0,0,0,0,0,0.002965924,true,0
"vote",9,7,antihorn,Greedy,InformationGain,0,0,0,0,0,0,0,0,0,0.002808091,true,0
"vote",9,7,square2cnf,Greedy,InformationGain,0,0,0,0,0,0,0,0,0,0.025431374,true,0
"vote",9,7,affine,Greedy,InformationGain,0,0,0,0,0,0,0,0,0,0.015891883,true,0
"vote",9,7,smart_certified,Greedy,InformationGain,0,0,0,0,0,0,0,0,0,0.036652186,true,0
"vote",9,7,cals,SparseLookahead,SparseCertified,14705,820,0,23,0,20,0,32,1012,9.568031864,true,0
"vote",9,7,cals_compact_explain,SelectiveLookahead,SparseCertified,6918,0,0,10,15,0,18,35,258,2.056851577,true,0
"wine1-un",0,5,unary,Greedy,InformationGain,0,0,0,0,0,0,0,0,0,0.038482376,true,0
"wine1-un",0,5,horn,Greedy,InformationGain,0,0,0,0,0,0,0,0,0,0.016994809,true,0
"wine1-un",0,5,antihorn,Greedy,InformationGain,0,0,0,0,0,0,0,0,0,0.02058736,true,0
"wine1-un",0,5,square2cnf,Greedy,InformationGain,0,0,0,0,0,0,0,0,0,0.020786513,true,0
"wine1-un",0,5,affine,Greedy,InformationGain,0,0,0,0,0,0,0,0,0,0.012164895,true,0
"wine1-un",0,5,smart_certified,Greedy,InformationGain,0,0,0,0,0,0,0,0,0,0.091604741,true,0
"wine1-un",0,5,cals,SparseLookahead,SparseCertified,16901,806,0,19,0,19,0,24,886,0.305186944,true,0
"wine1-un",0,5,cals_compact_explain,SelectiveLookahead,SparseCertified,9588,0,0,9,2,0,11,16,80,0.16934582,true,0
"wine1-un",0,7,unary,Greedy,InformationGain,0,0,0,0,0,0,0,0,0,0.050410053,true,0
"wine1-un",0,7,horn,Greedy,InformationGain,0,0,0,0,0,0,0,0,0,0.022049186,true,0
"wine1-un",0,7,antihorn,Greedy,InformationGain,0,0,0,0,0,0,0,0,0,0.019973216,true,0
"wine1-un",0,7,square2cnf,Greedy,InformationGain,0,0,0,0,0,0,0,0,0,0.029945922,true,0
"wine1-un",0,7,affine,Greedy,InformationGain,0,0,0,0,0,0,0,0,0,0.017419426,true,0
"wine1-un",0,7,smart_certified,Greedy,InformationGain,0,0,0,0,0,0,0,0,0,0.12518756,true,0
"wine1-un",0,7,cals,SparseLookahead,SparseCertified,18333,890,0,21,0,21,0,28,1002,0.318949324,true,0
"wine1-un",0,7,cals_compact_explain,SelectiveLookahead,SparseCertified,11035,0,0,11,2,0,13,20,112,0.176586864,true,0
"wine1-un",1,5,unary,Greedy,InformationGain,0,0,0,0,0,0,0,0,0,0.036200125,true,0
"wine1-un",1,5,horn,Greedy,InformationGain,0,0,0,0,0,0,0,0,0,0.01530071,true,0
"wine1-un",1,5,antihorn,Greedy,InformationGain,0,0,0,0,0,0,0,0,0,0.015109965,true,0
"wine1-un",1,5,square2cnf,Greedy,InformationGain,0,0,0,0,0,0,0,0,0,0.023640835,true,0
"wine1-un",1,5,affine,Greedy,InformationGain,0,0,0,0,0,0,0,0,0,0.015140181,true,0
"wine1-un",1,5,smart_certified,Greedy,InformationGain,0,0,0,0,0,0,0,0,0,0.089160762,true,0
"wine1-un",1,5,cals,SparseLookahead,SparseCertified,20869,528,0,19,0,14,0,24,688,0.286654837,true,0
"wine1-un",1,5,cals_compact_explain,SelectiveLookahead,SparseCertified,12062,0,0,5,9,0,9,19,160,0.25640877900000003,true,0
"wine1-un",1,7,unary,Greedy,InformationGain,0,0,0,0,0,0,0,0,0,0.048308387,true,0
"wine1-un",1,7,horn,Greedy,InformationGain,0,0,0,0,0,0,0,0,0,0.019909151,true,0
"wine1-un",1,7,antihorn,Greedy,InformationGain,0,0,0,0,0,0,0,0,0,0.020634146,true,0
"wine1-un",1,7,square2cnf,Greedy,InformationGain,0,0,0,0,0,0,0,0,0,0.027867292,true,0
"wine1-un",1,7,affine,Greedy,InformationGain,0,0,0,0,0,0,0,0,0,0.018659403,true,0
"wine1-un",1,7,smart_certified,Greedy,InformationGain,0,0,0,0,0,0,0,0,0,0.12207238,true,0
"wine1-un",1,7,cals,SparseLookahead,SparseCertified,21613,577,0,21,0,16,0,28,769,0.312699774,true,0
"wine1-un",1,7,cals_compact_explain,SelectiveLookahead,SparseCertified,12790,0,0,7,9,0,11,23,192,0.35324257000000003,true,0
"wine1-un",2,5,unary,Greedy,InformationGain,0,0,0,0,0,0,0,0,0,0.035896475,true,0
"wine1-un",2,5,horn,Greedy,InformationGain,0,0,0,0,0,0,0,0,0,0.01622501,true,0
"wine1-un",2,5,antihorn,Greedy,InformationGain,0,0,0,0,0,0,0,0,0,0.016435026,true,0
"wine1-un",2,5,square2cnf,Greedy,InformationGain,0,0,0,0,0,0,0,0,0,0.02121938,true,0
"wine1-un",2,5,affine,Greedy,InformationGain,0,0,0,0,0,0,0,0,0,0.014402174,true,0
"wine1-un",2,5,smart_certified,Greedy,InformationGain,0,0,0,0,0,0,0,0,0,0.08939245,true,0
"wine1-un",2,5,cals,SparseLookahead,SparseCertified,19106,443,0,19,0,11,0,24,651,0.31090355,true,0
"wine1-un",2,5,cals_compact_explain,SelectiveLookahead,SparseCertified,10750,0,0,5,9,0,8,19,176,0.25221584799999996,true,0
"wine1-un",2,7,unary,Greedy,InformationGain,0,0,0,0,0,0,0,0,0,0.049645177,true,0
"wine1-un",2,7,horn,Greedy,InformationGain,0,0,0,0,0,0,0,0,0,0.022228173,true,0
"wine1-un",2,7,antihorn,Greedy,InformationGain,0,0,0,0,0,0,0,0,0,0.019675794,true,0
"wine1-un",2,7,square2cnf,Greedy,InformationGain,0,0,0,0,0,0,0,0,0,0.030137975,true,0
"wine1-un",2,7,affine,Greedy,InformationGain,0,0,0,0,0,0,0,0,0,0.018538456,true,0
"wine1-un",2,7,smart_certified,Greedy,InformationGain,0,0,0,0,0,0,0,0,0,0.12343125,true,0
"wine1-un",2,7,cals,SparseLookahead,SparseCertified,19861,486,0,20,0,12,0,26,710,0.38717279,true,0
"wine1-un",2,7,cals_compact_explain,SelectiveLookahead,SparseCertified,11429,0,0,6,9,0,9,21,192,0.300770704,true,0
"wine1-un",3,5,unary,Greedy,InformationGain,0,0,0,0,0,0,0,0,0,0.037409831,true,0
"wine1-un",3,5,horn,Greedy,InformationGain,0,0,0,0,0,0,0,0,0,0.017358227,true,0
"wine1-un",3,5,antihorn,Greedy,InformationGain,0,0,0,0,0,0,0,0,0,0.015225964,true,0
"wine1-un",3,5,square2cnf,Greedy,InformationGain,0,0,0,0,0,0,0,0,0,0.020371374,true,0
"wine1-un",3,5,affine,Greedy,InformationGain,0,0,0,0,0,0,0,0,0,0.012798076,true,0
"wine1-un",3,5,smart_certified,Greedy,InformationGain,0,0,0,0,0,0,0,0,0,0.100626736,true,0
"wine1-un",3,5,cals,SparseLookahead,SparseCertified,19076,478,0,19,0,13,0,24,654,0.304295379,true,0
"wine1-un",3,5,cals_compact_explain,SelectiveLookahead,SparseCertified,11122,0,0,5,9,0,9,19,160,0.230955612,true,0
"wine1-un",3,7,unary,Greedy,InformationGain,0,0,0,0,0,0,0,0,0,0.050749804,true,0
"wine1-un",3,7,horn,Greedy,InformationGain,0,0,0,0,0,0,0,0,0,0.021419621,true,0
"wine1-un",3,7,antihorn,Greedy,InformationGain,0,0,0,0,0,0,0,0,0,0.019219897,true,0
"wine1-un",3,7,square2cnf,Greedy,InformationGain,0,0,0,0,0,0,0,0,0,0.027182114,true,0
"wine1-un",3,7,affine,Greedy,InformationGain,0,0,0,0,0,0,0,0,0,0.017435082,true,0
"wine1-un",3,7,smart_certified,Greedy,InformationGain,0,0,0,0,0,0,0,0,0,0.120949909,true,0
"wine1-un",3,7,cals,SparseLookahead,SparseCertified,19788,527,0,21,0,15,0,28,735,0.32168848,true,0
"wine1-un",3,7,cals_compact_explain,SelectiveLookahead,SparseCertified,11810,0,0,7,9,0,11,23,192,0.365531337,true,0
"wine1-un",4,5,unary,Greedy,InformationGain,0,0,0,0,0,0,0,0,0,0.040283208,true,0
"wine1-un",4,5,horn,Greedy,InformationGain,0,0,0,0,0,0,0,0,0,0.018217709,true,0
"wine1-un",4,5,antihorn,Greedy,InformationGain,0,0,0,0,0,0,0,0,0,0.0155664,true,0
"wine1-un",4,5,square2cnf,Greedy,InformationGain,0,0,0,0,0,0,0,0,0,0.022576652,true,0
"wine1-un",4,5,affine,Greedy,InformationGain,0,0,0,0,0,0,0,0,0,0.015037596,true,0
"wine1-un",4,5,smart_certified,Greedy,InformationGain,0,0,0,0,0,0,0,0,0,0.104111187,true,0
"wine1-un",4,5,cals,SparseLookahead,SparseCertified,20582,352,0,19,0,11,0,24,560,0.31726028300000003,true,0
"wine1-un",4,5,cals_compact_explain,SelectiveLookahead,SparseCertified,11663,0,0,5,9,0,8,19,176,0.270126967,true,0
"wine1-un",4,7,unary,Greedy,InformationGain,0,0,0,0,0,0,0,0,0,0.050426065,true,0
"wine1-un",4,7,horn,Greedy,InformationGain,0,0,0,0,0,0,0,0,0,0.020700063,true,0
"wine1-un",4,7,antihorn,Greedy,InformationGain,0,0,0,0,0,0,0,0,0,0.021320931,true,0
"wine1-un",4,7,square2cnf,Greedy,InformationGain,0,0,0,0,0,0,0,0,0,0.027922092,true,0
"wine1-un",4,7,affine,Greedy,InformationGain,0,0,0,0,0,0,0,0,0,0.021345084,true,0
"wine1-un",4,7,smart_certified,Greedy,InformationGain,0,0,0,0,0,0,0,0,0,0.144840556,true,0
"wine1-un",4,7,cals,SparseLookahead,SparseCertified,22020,433,0,21,0,13,0,28,673,0.48835276299999997,true,0
"wine1-un",4,7,cals_compact_explain,SelectiveLookahead,SparseCertified,13025,0,0,7,9,0,10,23,208,0.354221107,true,0
"wine1-un",5,5,unary,Greedy,InformationGain,0,0,0,0,0,0,0,0,0,0.037096939,true,0
"wine1-un",5,5,horn,Greedy,InformationGain,0,0,0,0,0,0,0,0,0,0.016846526,true,0
"wine1-un",5,5,antihorn,Greedy,InformationGain,0,0,0,0,0,0,0,0,0,0.015613662,true,0
"wine1-un",5,5,square2cnf,Greedy,InformationGain,0,0,0,0,0,0,0,0,0,0.020595139,true,0
"wine1-un",5,5,affine,Greedy,InformationGain,0,0,0,0,0,0,0,0,0,0.015065193,true,0
"wine1-un",5,5,smart_certified,Greedy,InformationGain,0,0,0,0,0,0,0,0,0,0.092470078,true,0
"wine1-un",5,5,cals,SparseLookahead,SparseCertified,19033,415,0,21,0,13,0,28,655,0.5122817709999999,true,0
"wine1-un",5,5,cals_compact_explain,SelectiveLookahead,SparseCertified,10727,0,0,6,10,0,10,23,208,0.357130376,true,0
"wine1-un",5,7,unary,Greedy,InformationGain,0,0,0,0,0,0,0,0,0,0.047832545,true,0
"wine1-un",5,7,horn,Greedy,InformationGain,0,0,0,0,0,0,0,0,0,0.020139523,true,0
"wine1-un",5,7,antihorn,Greedy,InformationGain,0,0,0,0,0,0,0,0,0,0.021951645,true,0
"wine1-un",5,7,square2cnf,Greedy,InformationGain,0,0,0,0,0,0,0,0,0,0.027578299,true,0
"wine1-un",5,7,affine,Greedy,InformationGain,0,0,0,0,0,0,0,0,0,0.019532216,true,0
"wine1-un",5,7,smart_certified,Greedy,InformationGain,0,0,0,0,0,0,0,0,0,0.129072501,true,0
"wine1-un",5,7,cals,SparseLookahead,SparseCertified,19033,415,0,21,0,13,0,28,655,0.505311567,true,0
"wine1-un",5,7,cals_compact_explain,SelectiveLookahead,SparseCertified,10727,0,0,6,10,0,10,23,208,0.33127008199999997,true,0
"wine1-un",6,5,unary,Greedy,InformationGain,0,0,0,0,0,0,0,0,0,0.036800626,true,0
"wine1-un",6,5,horn,Greedy,InformationGain,0,0,0,0,0,0,0,0,0,0.017475688,true,0
"wine1-un",6,5,antihorn,Greedy,InformationGain,0,0,0,0,0,0,0,0,0,0.01574723,true,0
"wine1-un",6,5,square2cnf,Greedy,InformationGain,0,0,0,0,0,0,0,0,0,0.02168552,true,0
"wine1-un",6,5,affine,Greedy,InformationGain,0,0,0,0,0,0,0,0,0,0.013667049,true,0
"wine1-un",6,5,smart_certified,Greedy,InformationGain,0,0,0,0,0,0,0,0,0,0.101794506,true,0
"wine1-un",6,5,cals,SparseLookahead,SparseCertified,18676,568,0,20,0,14,0,26,760,0.29755846199999997,true,0
"wine1-un",6,5,cals_compact_explain,SelectiveLookahead,SparseCertified,10522,0,0,6,9,0,9,21,192,0.300490979,true,0
"wine1-un",6,7,unary,Greedy,InformationGain,0,0,0,0,0,0,0,0,0,0.056811709,true,0
"wine1-un",6,7,horn,Greedy,InformationGain,0,0,0,0,0,0,0,0,0,0.020736354,true,0
"wine1-un",6,7,antihorn,Greedy,InformationGain,0,0,0,0,0,0,0,0,0,0.020055255,true,0
"wine1-un",6,7,square2cnf,Greedy,InformationGain,0,0,0,0,0,0,0,0,0,0.029015724,true,0
"wine1-un",6,7,affine,Greedy,InformationGain,0,0,0,0,0,0,0,0,0,0.017489258,true,0
"wine1-un",6,7,smart_certified,Greedy,InformationGain,0,0,0,0,0,0,0,0,0,0.14046802,true,0
"wine1-un",6,7,cals,SparseLookahead,SparseCertified,19563,611,0,21,0,15,0,28,819,0.30604121900000003,true,0
"wine1-un",6,7,cals_compact_explain,SelectiveLookahead,SparseCertified,11277,0,0,7,9,0,10,23,208,0.353470518,true,0
"wine1-un",7,5,unary,Greedy,InformationGain,0,0,0,0,0,0,0,0,0,0.036169167,true,0
"wine1-un",7,5,horn,Greedy,InformationGain,0,0,0,0,0,0,0,0,0,0.015738278,true,0
"wine1-un",7,5,antihorn,Greedy,InformationGain,0,0,0,0,0,0,0,0,0,0.015893489,true,0
"wine1-un",7,5,square2cnf,Greedy,InformationGain,0,0,0,0,0,0,0,0,0,0.02360854,true,0
"wine1-un",7,5,affine,Greedy,InformationGain,0,0,0,0,0,0,0,0,0,0.013501344,true,0
"wine1-un",7,5,smart_certified,Greedy,InformationGain,0,0,0,0,0,0,0,0,0,0.091342357,true,0
"wine1-un",7,5,cals,SparseLookahead,SparseCertified,19484,423,0,19,0,12,0,24,615,0.260647914,true,0
"wine1-un",7,5,cals_compact_explain,SelectiveLookahead,SparseCertified,11592,0,0,5,9,0,9,19,160,0.273114264,true,0
"wine1-un",7,7,unary,Greedy,InformationGain,0,0,0,0,0,0,0,0,0,0.049784052,true,0
"wine1-un",7,7,horn,Greedy,InformationGain,0,0,0,0,0,0,0,0,0,0.020743626,true,0
"wine1-un",7,7,antihorn,Greedy,InformationGain,0,0,0,0,0,0,0,0,0,0.020671167,true,0
"wine1-un",7,7,square2cnf,Greedy,InformationGain,0,0,0,0,0,0,0,0,0,0.028392765,true,0
"wine1-un",7,7,affine,Greedy,InformationGain,0,0,0,0,0,0,0,0,0,0.018502757,true,0
"wine1-un",7,7,smart_certified,Greedy,InformationGain,0,0,0,0,0,0,0,0,0,0.13912424,true,0
"wine1-un",7,7,cals,SparseLookahead,SparseCertified,21039,542,0,22,0,15,0,30,782,0.434755935,true,0
"wine1-un",7,7,cals_compact_explain,SelectiveLookahead,SparseCertified,13043,0,0,8,9,0,12,25,208,0.405381889,true,0
"wine1-un",8,5,unary,Greedy,InformationGain,0,0,0,0,0,0,0,0,0,0.035859461,true,0
"wine1-un",8,5,horn,Greedy,InformationGain,0,0,0,0,0,0,0,0,0,0.016108251,true,0
"wine1-un",8,5,antihorn,Greedy,InformationGain,0,0,0,0,0,0,0,0,0,0.016704817,true,0
"wine1-un",8,5,square2cnf,Greedy,InformationGain,0,0,0,0,0,0,0,0,0,0.021768933,true,0
"wine1-un",8,5,affine,Greedy,InformationGain,0,0,0,0,0,0,0,0,0,0.013173774,true,0
"wine1-un",8,5,smart_certified,Greedy,InformationGain,0,0,0,0,0,0,0,0,0,0.091851554,true,0
"wine1-un",8,5,cals,SparseLookahead,SparseCertified,18132,396,0,19,0,12,0,24,588,0.27025764,true,0
"wine1-un",8,5,cals_compact_explain,SelectiveLookahead,SparseCertified,10332,0,0,5,9,0,8,19,176,0.21227575599999998,true,0
"wine1-un",8,7,unary,Greedy,InformationGain,0,0,0,0,0,0,0,0,0,0.053089483,true,0
"wine1-un",8,7,horn,Greedy,InformationGain,0,0,0,0,0,0,0,0,0,0.021851523,true,0
"wine1-un",8,7,antihorn,Greedy,InformationGain,0,0,0,0,0,0,0,0,0,0.020131582,true,0
"wine1-un",8,7,square2cnf,Greedy,InformationGain,0,0,0,0,0,0,0,0,0,0.026967975,true,0
"wine1-un",8,7,affine,Greedy,InformationGain,0,0,0,0,0,0,0,0,0,0.017466099,true,0
"wine1-un",8,7,smart_certified,Greedy,InformationGain,0,0,0,0,0,0,0,0,0,0.142143446,true,0
"wine1-un",8,7,cals,SparseLookahead,SparseCertified,18779,411,0,20,0,13,0,26,619,0.281172622,true,0
"wine1-un",8,7,cals_compact_explain,SelectiveLookahead,SparseCertified,10979,0,0,6,9,0,9,21,192,0.27521575,true,0
"wine1-un",9,5,unary,Greedy,InformationGain,0,0,0,0,0,0,0,0,0,0.038570767,true,0
"wine1-un",9,5,horn,Greedy,InformationGain,0,0,0,0,0,0,0,0,0,0.016940412,true,0
"wine1-un",9,5,antihorn,Greedy,InformationGain,0,0,0,0,0,0,0,0,0,0.01591847,true,0
"wine1-un",9,5,square2cnf,Greedy,InformationGain,0,0,0,0,0,0,0,0,0,0.020999082,true,0
"wine1-un",9,5,affine,Greedy,InformationGain,0,0,0,0,0,0,0,0,0,0.012746212,true,0
"wine1-un",9,5,smart_certified,Greedy,InformationGain,0,0,0,0,0,0,0,0,0,0.09547392,true,0
"wine1-un",9,5,cals,SparseLookahead,SparseCertified,17222,869,0,20,0,20,0,26,965,0.270094237,true,0
"wine1-un",9,5,cals_compact_explain,SelectiveLookahead,SparseCertified,12320,0,0,6,9,0,15,21,96,0.206648544,true,0
"wine1-un",9,7,unary,Greedy,InformationGain,0,0,0,0,0,0,0,0,0,0.048752297,true,0
"wine1-un",9,7,horn,Greedy,InformationGain,0,0,0,0,0,0,0,0,0,0.03142379,true,0
"wine1-un",9,7,antihorn,Greedy,InformationGain,0,0,0,0,0,0,0,0,0,0.019760667,true,0
"wine1-un",9,7,square2cnf,Greedy,InformationGain,0,0,0,0,0,0,0,0,0,0.029286401,true,0
"wine1-un",9,7,affine,Greedy,InformationGain,0,0,0,0,0,0,0,0,0,0.016047713,true,0
"wine1-un",9,7,smart_certified,Greedy,InformationGain,0,0,0,0,0,0,0,0,0,0.122552253,true,0
"wine1-un",9,7,cals,SparseLookahead,SparseCertified,18761,953,0,24,0,24,0,34,1113,0.31092391599999997,true,0
"wine1-un",9,7,cals_compact_explain,SelectiveLookahead,SparseCertified,13856,0,0,13,9,0,19,32,208,0.224957828,true,0
"wine2-un",0,5,unary,Greedy,InformationGain,0,0,0,0,0,0,0,0,0,0.034508841,true,0
"wine2-un",0,5,horn,Greedy,InformationGain,0,0,0,0,0,0,0,0,0,0.015528574,true,0
"wine2-un",0,5,antihorn,Greedy,InformationGain,0,0,0,0,0,0,0,0,0,0.016153002,true,0
"wine2-un",0,5,square2cnf,Greedy,InformationGain,0,0,0,0,0,0,0,0,0,0.022604076,true,0
"wine2-un",0,5,affine,Greedy,InformationGain,0,0,0,0,0,0,0,0,0,0.015462157,true,0
"wine2-un",0,5,smart_certified,Greedy,InformationGain,0,0,0,0,0,0,0,0,0,0.105571301,true,0
"wine2-un",0,5,cals,SparseLookahead,SparseCertified,18848,384,0,19,0,12,0,24,576,0.6596497,true,0
"wine2-un",0,5,cals_compact_explain,SelectiveLookahead,SparseCertified,12033,0,0,5,9,0,9,19,160,0.24780996800000002,true,0
"wine2-un",0,7,unary,Greedy,InformationGain,0,0,0,0,0,0,0,0,0,0.046922033,true,0
"wine2-un",0,7,horn,Greedy,InformationGain,0,0,0,0,0,0,0,0,0,0.020637508,true,0
"wine2-un",0,7,antihorn,Greedy,InformationGain,0,0,0,0,0,0,0,0,0,0.022626663,true,0
"wine2-un",0,7,square2cnf,Greedy,InformationGain,0,0,0,0,0,0,0,0,0,0.028491293,true,0
"wine2-un",0,7,affine,Greedy,InformationGain,0,0,0,0,0,0,0,0,0,0.021779601,true,0
"wine2-un",0,7,smart_certified,Greedy,InformationGain,0,0,0,0,0,0,0,0,0,0.136473248,true,0
"wine2-un",0,7,cals,SparseLookahead,SparseCertified,20143,422,0,21,0,14,0,28,646,0.921577955,true,0
"wine2-un",0,7,cals_compact_explain,SelectiveLookahead,SparseCertified,13328,0,0,7,9,0,11,23,192,0.37477076499999995,true,0
"wine2-un",1,5,unary,Greedy,InformationGain,0,0,0,0,0,0,0,0,0,0.039115756,true,0
"wine2-un",1,5,horn,Greedy,InformationGain,0,0,0,0,0,0,0,0,0,0.017341916,true,0
"wine2-un",1,5,antihorn,Greedy,InformationGain,0,0,0,0,0,0,0,0,0,0.01610737,true,0
"wine2-un",1,5,square2cnf,Greedy,InformationGain,0,0,0,0,0,0,0,0,0,0.023365397,true,0
"wine2-un",1,5,affine,Greedy,InformationGain,0,0,0,0,0,0,0,0,0,0.017824738,true,0
"wine2-un",1,5,smart_certified,Greedy,InformationGain,0,0,0,0,0,0,0,0,0,0.100880715,true,0
"wine2-un",1,5,cals,SparseLookahead,SparseCertified,19344,474,0,20,0,13,0,26,682,1.091382415,true,0
"wine2-un",1,5,cals_compact_explain,SelectiveLookahead,SparseCertified,11896,0,0,6,9,0,10,21,176,0.316476369,true,0
"wine2-un",1,7,unary,Greedy,InformationGain,0,0,0,0,0,0,0,0,0,0.051386753,true,0
"wine2-un",1,7,horn,Greedy,InformationGain,0,0,0,0,0,0,0,0,0,0.022969511,true,0
"wine2-un",1,7,antihorn,Greedy,InformationGain,0,0,0,0,0,0,0,0,0,0.02007372,true,0
"wine2-un",1,7,square2cnf,Greedy,InformationGain,0,0,0,0,0,0,0,0,0,0.031880523,true,0
"wine2-un",1,7,affine,Greedy,InformationGain,0,0,0,0,0,0,0,0,0,0.021191942,true,0
"wine2-un",1,7,smart_certified,Greedy,InformationGain,0,0,0,0,0,0,0,0,0,0.134607444,true,0
"wine2-un",1,7,cals,SparseLookahead,SparseCertified,20065,516,0,22,0,15,0,30,756,1.540560456,true,0
"wine2-un",1,7,cals_compact_explain,SelectiveLookahead,SparseCertified,12617,0,0,8,9,0,12,25,208,0.39597398899999997,true,0
"wine2-un",2,5,unary,Greedy,InformationGain,0,0,0,0,0,0,0,0,0,0.0374714,true,0
"wine2-un",2,5,horn,Greedy,InformationGain,0,0,0,0,0,0,0,0,0,0.017918451,true,0
"wine2-un",2,5,antihorn,Greedy,InformationGain,0,0,0,0,0,0,0,0,0,0.015957633,true,0
"wine2-un",2,5,square2cnf,Greedy,InformationGain,0,0,0,0,0,0,0,0,0,0.021353814,true,0
"wine2-un",2,5,affine,Greedy,InformationGain,0,0,0,0,0,0,0,0,0,0.014713763,true,0
"wine2-un",2,5,smart_certified,Greedy,InformationGain,0,0,0,0,0,0,0,0,0,0.09468774,true,0
"wine2-un",2,5,cals,SparseLookahead,SparseCertified,21321,425,0,19,0,12,0,24,617,0.309770611,true,0
"wine2-un",2,5,cals_compact_explain,SelectiveLookahead,SparseCertified,12389,0,0,5,9,0,8,19,176,0.22572325699999998,true,0
"wine2-un",2,7,unary,Greedy,InformationGain,0,0,0,0,0,0,0,0,0,0.05087683,true,0
"wine2-un",2,7,horn,Greedy,InformationGain,0,0,0,0,0,0,0,0,0,0.021634631,true,0
"wine2-un",2,7,antihorn,Greedy,InformationGain,0,0,0,0,0,0,0,0,0,0.020057726,true,0
"wine2-un",2,7,square2cnf,Greedy,InformationGain,0,0,0,0,0,0,0,0,0,0.028064903,true,0
"wine2-un",2,7,affine,Greedy,InformationGain,0,0,0,0,0,0,0,0,0,0.019572184,true,0
"wine2-un",2,7,smart_certified,Greedy,InformationGain,0,0,0,0,0,0,0,0,0,0.127386506,true,0
"wine2-un",2,7,cals,SparseLookahead,SparseCertified,22814,532,0,22,0,15,0,30,772,0.45937307899999996,true,0
"wine2-un",2,7,cals_compact_explain,SelectiveLookahead,SparseCertified,13847,0,0,8,9,0,11,25,224,0.380375123,true,0
"wine2-un",3,5,unary,Greedy,InformationGain,0,0,0,0,0,0,0,0,0,0.037571023,true,0
"wine2-un",3,5,horn,Greedy,InformationGain,0,0,0,0,0,0,0,0,0,0.016619465,true,0
"wine2-un",3,5,antihorn,Greedy,InformationGain,0,0,0,0,0,0,0,0,0,0.015713588,true,0
"wine2-un",3,5,square2cnf,Greedy,InformationGain,0,0,0,0,0,0,0,0,0,0.023313629,true,0
"wine2-un",3,5,affine,Greedy,InformationGain,0,0,0,0,0,0,0,0,0,0.016928978,true,0
"wine2-un",3,5,smart_certified,Greedy,InformationGain,0,0,0,0,0,0,0,0,0,0.103487638,true,0
"wine2-un",3,5,cals,SparseLookahead,SparseCertified,21333,395,0,19,0,12,0,24,587,0.844813555,true,0
"wine2-un",3,5,cals_compact_explain,SelectiveLookahead,SparseCertified,12135,0,0,5,9,0,8,19,176,0.260437312,true,0
"wine2-un",3,7,unary,Greedy,InformationGain,0,0,0,0,0,0,0,0,0,0.050493862,true,0
"wine2-un",3,7,horn,Greedy,InformationGain,0,0,0,0,0,0,0,0,0,0.022894455,true,0
"wine2-un",3,7,antihorn,Greedy,InformationGain,0,0,0,0,0,0,0,0,0,0.023423557,true,0
"wine2-un",3,7,square2cnf,Greedy,InformationGain,0,0,0,0,0,0,0,0,0,0.031508017,true,0
"wine2-un",3,7,affine,Greedy,InformationGain,0,0,0,0,0,0,0,0,0,0.023830767,true,0
"wine2-un",3,7,smart_certified,Greedy,InformationGain,0,0,0,0,0,0,0,0,0,0.132525192,true,0
"wine2-un",3,7,cals,SparseLookahead,SparseCertified,22054,419,0,21,0,14,0,28,643,1.1513227659999998,true,0
"wine2-un",3,7,cals_compact_explain,SelectiveLookahead,SparseCertified,12856,0,0,7,9,0,10,23,208,0.392884866,true,0
"wine2-un",4,5,unary,Greedy,InformationGain,0,0,0,0,0,0,0,0,0,0.035828587,true,0
"wine2-un",4,5,horn,Greedy,InformationGain,0,0,0,0,0,0,0,0,0,0.015716458,true,0
"wine2-un",4,5,antihorn,Greedy,InformationGain,0,0,0,0,0,0,0,0,0,0.016327224,true,0
"wine2-un",4,5,square2cnf,Greedy,InformationGain,0,0,0,0,0,0,0,0,0,0.021714939,true,0
"wine2-un",4,5,affine,Greedy,InformationGain,0,0,0,0,0,0,0,0,0,0.015789059,true,0
"wine2-un",4,5,smart_certified,Greedy,InformationGain,0,0,0,0,0,0,0,0,0,0.100220812,true,0
"wine2-un",4,5,cals,SparseLookahead,SparseCertified,20524,499,0,21,0,14,0,28,723,0.30028754399999996,true,0
"wine2-un",4,5,cals_compact_explain,SelectiveLookahead,SparseCertified,12282,0,0,9,10,0,10,26,256,0.3041799,true,0
"wine2-un",4,7,unary,Greedy,InformationGain,0,0,0,0,0,0,0,0,0,0.047206251,true,0
"wine2-un",4,7,horn,Greedy,InformationGain,0,0,0,0,0,0,0,0,0,0.020007612,true,0
"wine2-un",4,7,antihorn,Greedy,InformationGain,0,0,0,0,0,0,0,0,0,0.020327003,true,0
"wine2-un",4,7,square2cnf,Greedy,InformationGain,0,0,0,0,0,0,0,0,0,0.027768637,true,0
"wine2-un",4,7,affine,Greedy,InformationGain,0,0,0,0,0,0,0,0,0,0.020353849,true,0
"wine2-un",4,7,smart_certified,Greedy,InformationGain,0,0,0,0,0,0,0,0,0,0.127926263,true,0
"wine2-un",4,7,cals,SparseLookahead,SparseCertified,21747,557,0,23,0,16,0,32,813,0.5613490870000001,true,0
"wine2-un",4,7,cals_compact_explain,SelectiveLookahead,SparseCertified,13505,0,0,11,10,0,12,30,288,0.419108938,true,0
"wine2-un",5,5,unary,Greedy,InformationGain,0,0,0,0,0,0,0,0,0,0.039547871,true,0
"wine2-un",5,5,horn,Greedy,InformationGain,0,0,0,0,0,0,0,0,0,0.016145803,true,0
"wine2-un",5,5,antihorn,Greedy,InformationGain,0,0,0,0,0,0,0,0,0,0.015890874,true,0
"wine2-un",5,5,square2cnf,Greedy,InformationGain,0,0,0,0,0,0,0,0,0,0.022741519,true,0
"wine2-un",5,5,affine,Greedy,InformationGain,0,0,0,0,0,0,0,0,0,0.016345456,true,0
"wine2-un",5,5,smart_certified,Greedy,InformationGain,0,0,0,0,0,0,0,0,0,0.062202134,true,0
"wine2-un",5,5,cals,SparseLookahead,SparseCertified,20957,578,0,22,0,15,0,30,818,0.5047930780000001,true,0
"wine2-un",5,5,cals_compact_explain,SelectiveLookahead,SparseCertified,12279,0,0,9,14,0,12,31,304,0.41011116400000003,true,0
"wine2-un",5,7,unary,Greedy,InformationGain,0,0,0,0,0,0,0,0,0,0.046927406,true,0
"wine2-un",5,7,horn,Greedy,InformationGain,0,0,0,0,0,0,0,0,0,0.024376228,true,0
"wine2-un",5,7,antihorn,Greedy,InformationGain,0,0,0,0,0,0,0,0,0,0.02042089,true,0
"wine2-un",5,7,square2cnf,Greedy,InformationGain,0,0,0,0,0,0,0,0,0,0.028907205,true,0
"wine2-un",5,7,affine,Greedy,InformationGain,0,0,0,0,0,0,0,0,0,0.02161182,true,0
"wine2-un",5,7,smart_certified,Greedy,InformationGain,0,0,0,0,0,0,0,0,0,0.072968591,true,0
"wine2-un",5,7,cals,SparseLookahead,SparseCertified,22281,660,0,24,0,17,0,34,932,0.860369673,true,0
"wine2-un",5,7,cals_compact_explain,SelectiveLookahead,SparseCertified,13501,0,0,11,14,0,14,35,336,0.6052660230000001,true,0
"wine2-un",6,5,unary,Greedy,InformationGain,0,0,0,0,0,0,0,0,0,0.038466404,true,0
"wine2-un",6,5,horn,Greedy,InformationGain,0,0,0,0,0,0,0,0,0,0.015657246,true,0
"wine2-un",6,5,antihorn,Greedy,InformationGain,0,0,0,0,0,0,0,0,0,0.015279684,true,0
"wine2-un",6,5,square2cnf,Greedy,InformationGain,0,0,0,0,0,0,0,0,0,0.02236342,true,0
"wine2-un",6,5,affine,Greedy,InformationGain,0,0,0,0,0,0,0,0,0,0.015918502,true,0
"wine2-un",6,5,smart_certified,Greedy,InformationGain,0,0,0,0,0,0,0,0,0,0.095857308,true,0
"wine2-un",6,5,cals,SparseLookahead,SparseCertified,20564,422,0,21,0,13,0,28,662,0.489644978,true,0
"wine2-un",6,5,cals_compact_explain,SelectiveLookahead,SparseCertified,11661,0,0,6,10,0,10,23,208,0.328554069,true,0
"wine2-un",6,7,unary,Greedy,InformationGain,0,0,0,0,0,0,0,0,0,0.046973673,true,0
"wine2-un",6,7,horn,Greedy,InformationGain,0,0,0,0,0,0,0,0,0,0.020879935,true,0
"wine2-un",6,7,antihorn,Greedy,InformationGain,0,0,0,0,0,0,0,0,0,0.019544297,true,0
"wine2-un",6,7,square2cnf,Greedy,InformationGain,0,0,0,0,0,0,0,0,0,0.029258042,true,0
"wine2-un",6,7,affine,Greedy,InformationGain,0,0,0,0,0,0,0,0,0,0.021617129,true,0
"wine2-un",6,7,smart_certified,Greedy,InformationGain,0,0,0,0,0,0,0,0,0,0.129925597,true,0
"wine2-un",6,7,cals,SparseLookahead,SparseCertified,20564,422,0,21,0,13,0,28,662,0.495287143,true,0
"wine2-un",6,7,cals_compact_explain,SelectiveLookahead,SparseCertified,11661,0,0,6,10,0,10,23,208,0.35880075300000003,true,0
"wine2-un",7,5,unary,Greedy,InformationGain,0,0,0,0,0,0,0,0,0,0.036774278,true,0
"wine2-un",7,5,horn,Greedy,InformationGain,0,0,0,0,0,0,0,0,0,0.016496422,true,0
"wine2-un",7,5,antihorn,Greedy,InformationGain,0,0,0,0,0,0,0,0,0,0.015840335,true,0
"wine2-un",7,5,square2cnf,Greedy,InformationGain,0,0,0,0,0,0,0,0,0,0.02749992,true,0
"wine2-un",7,5,affine,Greedy,InformationGain,0,0,0,0,0,0,0,0,0,0.014226837,true,0
"wine2-un",7,5,smart_certified,Greedy,InformationGain,0,0,0,0,0,0,0,0,0,0.098670655,true,0
"wine2-un",7,5,cals,SparseLookahead,SparseCertified,20392,485,0,20,0,13,0,26,693,0.735806455,true,0
"wine2-un",7,5,cals_compact_explain,SelectiveLookahead,SparseCertified,11249,0,0,5,10,0,9,21,192,0.241399271,true,0
"wine2-un",7,7,unary,Greedy,InformationGain,0,0,0,0,0,0,0,0,0,0.048169436,true,0
"wine2-un",7,7,horn,Greedy,InformationGain,0,0,0,0,0,0,0,0,0,0.021554007,true,0
"wine2-un",7,7,antihorn,Greedy,InformationGain,0,0,0,0,0,0,0,0,0,0.020189264,true,0
"wine2-un",7,7,square2cnf,Greedy,InformationGain,0,0,0,0,0,0,0,0,0,0.029040705,true,0
"wine2-un",7,7,affine,Greedy,InformationGain,0,0,0,0,0,0,0,0,0,0.019566494,true,0
"wine2-un",7,7,smart_certified,Greedy,InformationGain,0,0,0,0,0,0,0,0,0,0.125344764,true,0
"wine2-un",7,7,cals,SparseLookahead,SparseCertified,21089,564,0,22,0,15,0,30,804,1.027327463,true,0
"wine2-un",7,7,cals_compact_explain,SelectiveLookahead,SparseCertified,11930,0,0,10,10,0,11,28,272,0.380940306,true,0
"wine2-un",8,5,unary,Greedy,InformationGain,0,0,0,0,0,0,0,0,0,0.03755576,true,0
"wine2-un",8,5,horn,Greedy,InformationGain,0,0,0,0,0,0,0,0,0,0.016375695,true,0
"wine2-un",8,5,antihorn,Greedy,InformationGain,0,0,0,0,0,0,0,0,0,0.015694689,true,0
"wine2-un",8,5,square2cnf,Greedy,InformationGain,0,0,0,0,0,0,0,0,0,0.021613678,true,0
"wine2-un",8,5,affine,Greedy,InformationGain,0,0,0,0,0,0,0,0,0,0.015713621,true,0
"wine2-un",8,5,smart_certified,Greedy,InformationGain,0,0,0,0,0,0,0,0,0,0.124624712,true,0
"wine2-un",8,5,cals,SparseLookahead,SparseCertified,21518,454,0,21,0,14,0,28,678,0.43529855,true,0
"wine2-un",8,5,cals_compact_explain,SelectiveLookahead,SparseCertified,11411,0,0,9,10,0,10,26,256,0.34489835199999996,true,0
"wine2-un",8,7,unary,Greedy,InformationGain,0,0,0,0,0,0,0,0,0,0.049229051,true,0
"wine2-un",8,7,horn,Greedy,InformationGain,0,0,0,0,0,0,0,0,0,0.021059795,true,0
"wine2-un",8,7,antihorn,Greedy,InformationGain,0,0,0,0,0,0,0,0,0,0.020057874,true,0
"wine2-un",8,7,square2cnf,Greedy,InformationGain,0,0,0,0,0,0,0,0,0,0.026978228,true,0
"wine2-un",8,7,affine,Greedy,InformationGain,0,0,0,0,0,0,0,0,0,0.019751987,true,0
"wine2-un",8,7,smart_certified,Greedy,InformationGain,0,0,0,0,0,0,0,0,0,0.130417942,true,0
"wine2-un",8,7,cals,SparseLookahead,SparseCertified,21518,454,0,21,0,14,0,28,678,0.43129973499999996,true,0
"wine2-un",8,7,cals_compact_explain,SelectiveLookahead,SparseCertified,11411,0,0,9,10,0,10,26,256,0.34635881599999996,true,0
"wine2-un",9,5,unary,Greedy,InformationGain,0,0,0,0,0,0,0,0,0,0.035988059,true,0
"wine2-un",9,5,horn,Greedy,InformationGain,0,0,0,0,0,0,0,0,0,0.018643682,true,0
"wine2-un",9,5,antihorn,Greedy,InformationGain,0,0,0,0,0,0,0,0,0,0.016119697,true,0
"wine2-un",9,5,square2cnf,Greedy,InformationGain,0,0,0,0,0,0,0,0,0,0.022790082,true,0
"wine2-un",9,5,affine,Greedy,InformationGain,0,0,0,0,0,0,0,0,0,0.016226373,true,0
"wine2-un",9,5,smart_certified,Greedy,InformationGain,0,0,0,0,0,0,0,0,0,0.107044844,true,0
"wine2-un",9,5,cals,SparseLookahead,SparseCertified,19644,455,0,21,0,13,0,28,695,0.49135570500000003,true,0
"wine2-un",9,5,cals_compact_explain,SelectiveLookahead,SparseCertified,11353,0,0,6,10,0,10,23,208,0.40793866,true,0
"wine2-un",9,7,unary,Greedy,InformationGain,0,0,0,0,0,0,0,0,0,0.06239331,true,0
"wine2-un",9,7,horn,Greedy,InformationGain,0,0,0,0,0,0,0,0,0,0.023596531,true,0
"wine2-un",9,7,antihorn,Greedy,InformationGain,0,0,0,0,0,0,0,0,0,0.020982199,true,0
"wine2-un",9,7,square2cnf,Greedy,InformationGain,0,0,0,0,0,0,0,0,0,0.029515517,true,0
"wine2-un",9,7,affine,Greedy,InformationGain,0,0,0,0,0,0,0,0,0,0.020524217,true,0
"wine2-un",9,7,smart_certified,Greedy,InformationGain,0,0,0,0,0,0,0,0,0,0.129544119,true,0
"wine2-un",9,7,cals,SparseLookahead,SparseCertified,20982,536,0,23,0,15,0,32,808,0.806287807,true,0
"wine2-un",9,7,cals_compact_explain,SelectiveLookahead,SparseCertified,12615,0,0,11,10,0,12,30,288,0.44690114999999997,true,0
"wine3-un",0,5,unary,Greedy,InformationGain,0,0,0,0,0,0,0,0,0,0.038878962,true,0
"wine3-un",0,5,horn,Greedy,InformationGain,0,0,0,0,0,0,0,0,0,0.016141164,true,0
"wine3-un",0,5,antihorn,Greedy,InformationGain,0,0,0,0,0,0,0,0,0,0.016641501,true,0
"wine3-un",0,5,square2cnf,Greedy,InformationGain,0,0,0,0,0,0,0,0,0,0.024481793,true,0
"wine3-un",0,5,affine,Greedy,InformationGain,0,0,0,0,0,0,0,0,0,0.015571847,true,0
"wine3-un",0,5,smart_certified,Greedy,InformationGain,0,0,0,0,0,0,0,0,0,0.094103811,true,0
"wine3-un",0,5,cals,SparseLookahead,SparseCertified,16724,494,0,21,0,14,0,28,718,0.276225133,true,0
"wine3-un",0,5,cals_compact_explain,SelectiveLookahead,SparseCertified,9829,0,0,9,10,0,10,26,256,0.315122527,true,0
"wine3-un",0,7,unary,Greedy,InformationGain,0,0,0,0,0,0,0,0,0,0.053281358,true,0
"wine3-un",0,7,horn,Greedy,InformationGain,0,0,0,0,0,0,0,0,0,0.024246808,true,0
"wine3-un",0,7,antihorn,Greedy,InformationGain,0,0,0,0,0,0,0,0,0,0.021295572,true,0
"wine3-un",0,7,square2cnf,Greedy,InformationGain,0,0,0,0,0,0,0,0,0,0.030937392,true,0
"wine3-un",0,7,affine,Greedy,InformationGain,0,0,0,0,0,0,0,0,0,0.021567432,true,0
"wine3-un",0,7,smart_certified,Greedy,InformationGain,0,0,0,0,0,0,0,0,0,0.132492639,true,0
"wine3-un",0,7,cals,SparseLookahead,SparseCertified,16724,494,0,21,0,14,0,28,718,0.27838378999999996,true,0
"wine3-un",0,7,cals_compact_explain,SelectiveLookahead,SparseCertified,9829,0,0,9,10,0,10,26,256,0.320048318,true,0
"wine3-un",1,5,unary,Greedy,InformationGain,0,0,0,0,0,0,0,0,0,0.039668493,true,0
"wine3-un",1,5,horn,Greedy,InformationGain,0,0,0,0,0,0,0,0,0,0.016863321,true,0
"wine3-un",1,5,antihorn,Greedy,InformationGain,0,0,0,0,0,0,0,0,0,0.016427473,true,0
"wine3-un",1,5,square2cnf,Greedy,InformationGain,0,0,0,0,0,0,0,0,0,0.021437554,true,0
"wine3-un",1,5,affine,Greedy,InformationGain,0,0,0,0,0,0,0,0,0,0.013448212,true,0
"wine3-un",1,5,smart_certified,Greedy,InformationGain,0,0,0,0,0,0,0,0,0,0.108910833,true,0
"wine3-un",1,5,cals,SparseLookahead,SparseCertified,19326,414,0,20,0,12,0,26,638,0.32959816,true,0
"wine3-un",1,5,cals_compact_explain,SelectiveLookahead,SparseCertified,10275,0,0,6,9,0,9,21,192,0.313673101,true,0
"wine3-un",1,7,unary,Greedy,InformationGain,0,0,0,0,0,0,0,0,0,0.049230786,true,0
"wine3-un",1,7,horn,Greedy,InformationGain,0,0,0,0,0,0,0,0,0,0.0198664,true,0
"wine3-un",1,7,antihorn,Greedy,InformationGain,0,0,0,0,0,0,0,0,0,0.020158005,true,0
"wine3-un",1,7,square2cnf,Greedy,InformationGain,0,0,0,0,0,0,0,0,0,0.033752365,true,0
"wine3-un",1,7,affine,Greedy,InformationGain,0,0,0,0,0,0,0,0,0,0.019087048,true,0
"wine3-un",1,7,smart_certified,Greedy,InformationGain,0,0,0,0,0,0,0,0,0,0.135666562,true,0
"wine3-un",1,7,cals,SparseLookahead,SparseCertified,19451,458,0,21,0,13,0,28,698,0.46828832800000003,true,0
"wine3-un",1,7,cals_compact_explain,SelectiveLookahead,SparseCertified,10364,0,0,7,9,0,10,23,208,0.341963254,true,0
"wine3-un",2,5,unary,Greedy,InformationGain,0,0,0,0,0,0,0,0,0,0.035365035,true,0
"wine3-un",2,5,horn,Greedy,InformationGain,0,0,0,0,0,0,0,0,0,0.016165739,true,0
"wine3-un",2,5,antihorn,Greedy,InformationGain,0,0,0,0,0,0,0,0,0,0.016937355,true,0
"wine3-un",2,5,square2cnf,Greedy,InformationGain,0,0,0,0,0,0,0,0,0,0.021595033,true,0
"wine3-un",2,5,affine,Greedy,InformationGain,0,0,0,0,0,0,0,0,0,0.012676917,true,0
"wine3-un",2,5,smart_certified,Greedy,InformationGain,0,0,0,0,0,0,0,0,0,0.09288499,true,0
"wine3-un",2,5,cals,SparseLookahead,SparseCertified,20161,477,0,20,0,14,0,26,669,0.32569093299999996,true,0
"wine3-un",2,5,cals_compact_explain,SelectiveLookahead,SparseCertified,10398,0,0,6,9,0,9,21,192,0.27325483500000003,true,0
"wine3-un",2,7,unary,Greedy,InformationGain,0,0,0,0,0,0,0,0,0,0.049059714,true,0
"wine3-un",2,7,horn,Greedy,InformationGain,0,0,0,0,0,0,0,0,0,0.020298625,true,0
"wine3-un",2,7,antihorn,Greedy,InformationGain,0,0,0,0,0,0,0,0,0,0.020652535,true,0
"wine3-un",2,7,square2cnf,Greedy,InformationGain,0,0,0,0,0,0,0,0,0,0.032382179,true,0
"wine3-un",2,7,affine,Greedy,InformationGain,0,0,0,0,0,0,0,0,0,0.018114152,true,0
"wine3-un",2,7,smart_certified,Greedy,InformationGain,0,0,0,0,0,0,0,0,0,0.132658105,true,0
"wine3-un",2,7,cals,SparseLookahead,SparseCertified,20253,517,0,21,0,15,0,28,725,0.429254567,true,0
"wine3-un",2,7,cals_compact_explain,SelectiveLookahead,SparseCertified,10488,0,0,7,9,0,10,23,208,0.33175201400000004,true,0
"wine3-un",3,5,unary,Greedy,InformationGain,0,0,0,0,0,0,0,0,0,0.03668809,true,0
"wine3-un",3,5,horn,Greedy,InformationGain,0,0,0,0,0,0,0,0,0,0.015631994,true,0
"wine3-un",3,5,antihorn,Greedy,InformationGain,0,0,0,0,0,0,0,0,0,0.015537031,true,0
"wine3-un",3,5,square2cnf,Greedy,InformationGain,0,0,0,0,0,0,0,0,0,0.023747866,true,0
"wine3-un",3,5,affine,Greedy,InformationGain,0,0,0,0,0,0,0,0,0,0.0144461,true,0
"wine3-un",3,5,smart_certified,Greedy,InformationGain,0,0,0,0,0,0,0,0,0,0.090272487,true,0
"wine3-un",3,5,cals,SparseLookahead,SparseCertified,19220,383,0,19,0,12,0,24,575,0.298374868,true,0
"wine3-un",3,5,cals_compact_explain,SelectiveLookahead,SparseCertified,10672,0,0,5,9,0,8,19,176,0.22333807900000002,true,0
"wine3-un",3,7,unary,Greedy,InformationGain,0,0,0,0,0,0,0,0,0,0.049512713,true,0
"wine3-un",3,7,horn,Greedy,InformationGain,0,0,0,0,0,0,0,0,0,0.020986361,true,0
"wine3-un",3,7,antihorn,Greedy,InformationGain,0,0,0,0,0,0,0,0,0,0.021222509,true,0
"wine3-un",3,7,square2cnf,Greedy,InformationGain,0,0,0,0,0,0,0,0,0,0.028612573,true,0
"wine3-un",3,7,affine,Greedy,InformationGain,0,0,0,0,0,0,0,0,0,0.01933715,true,0
"wine3-un",3,7,smart_certified,Greedy,InformationGain,0,0,0,0,0,0,0,0,0,0.124594421,true,0
"wine3-un",3,7,cals,SparseLookahead,SparseCertified,19905,393,0,20,0,13,0,26,601,0.317895565,true,0
"wine3-un",3,7,cals_compact_explain,SelectiveLookahead,SparseCertified,11357,0,0,6,9,0,9,21,192,0.26951036500000003,true,0
"wine3-un",4,5,unary,Greedy,InformationGain,0,0,0,0,0,0,0,0,0,0.039771856,true,0
"wine3-un",4,5,horn,Greedy,InformationGain,0,0,0,0,0,0,0,0,0,0.016148103,true,0
"wine3-un",4,5,antihorn,Greedy,InformationGain,0,0,0,0,0,0,0,0,0,0.015438263,true,0
"wine3-un",4,5,square2cnf,Greedy,InformationGain,0,0,0,0,0,0,0,0,0,0.021726522,true,0
"wine3-un",4,5,affine,Greedy,InformationGain,0,0,0,0,0,0,0,0,0,0.014819783,true,0
"wine3-un",4,5,smart_certified,Greedy,InformationGain,0,0,0,0,0,0,0,0,0,0.096713885,true,0
"wine3-un",4,5,cals,SparseLookahead,SparseCertified,20038,499,0,19,0,13,0,24,675,0.31473710200000005,true,0
"wine3-un",4,5,cals_compact_explain,SelectiveLookahead,SparseCertified,10495,0,0,5,9,0,9,19,160,0.20772041400000002,true,0
"wine3-un",4,7,unary,Greedy,InformationGain,0,0,0,0,0,0,0,0,0,0.047324115,true,0
"wine3-un",4,7,horn,Greedy,InformationGain,0,0,0,0,0,0,0,0,0,0.020321012,true,0
"wine3-un",4,7,antihorn,Greedy,InformationGain,0,0,0,0,0,0,0,0,0,0.019952081,true,0
"wine3-un",4,7,square2cnf,Greedy,InformationGain,0,0,0,0,0,0,0,0,0,0.028616837,true,0
"wine3-un",4,7,affine,Greedy,InformationGain,0,0,0,0,0,0,0,0,0,0.018461136,true,0
"wine3-un",4,7,smart_certified,Greedy,InformationGain,0,0,0,0,0,0,0,0,0,0.138018853,true,0
"wine3-un",4,7,cals,SparseLookahead,SparseCertified,20769,538,0,20,0,14,0,26,730,0.325971956,true,0
"wine3-un",4,7,cals_compact_explain,SelectiveLookahead,SparseCertified,11190,0,0,6,9,0,10,21,176,0.29581976499999996,true,0
"wine3-un",5,5,unary,Greedy,InformationGain,0,0,0,0,0,0,0,0,0,0.036642746,true,0
"wine3-un",5,5,horn,Greedy,InformationGain,0,0,0,0,0,0,0,0,0,0.016456351,true,0
"wine3-un",5,5,antihorn,Greedy,InformationGain,0,0,0,0,0,0,0,0,0,0.014946392,true,0
"wine3-un",5,5,square2cnf,Greedy,InformationGain,0,0,0,0,0,0,0,0,0,0.022018404,true,0
"wine3-un",5,5,affine,Greedy,InformationGain,0,0,0,0,0,0,0,0,0,0.013947256,true,0
"wine3-un",5,5,smart_certified,Greedy,InformationGain,0,0,0,0,0,0,0,0,0,0.093950591,true,0
"wine3-un",5,5,cals,SparseLookahead,SparseCertified,15080,456,0,19,0,13,0,24,632,0.23338639900000002,true,0
"wine3-un",5,5,cals_compact_explain,SelectiveLookahead,SparseCertified,8737,0,0,4,10,0,8,19,176,0.22861752899999999,true,0
"wine3-un",5,7,unary,Greedy,InformationGain,0,0,0,0,0,0,0,0,0,0.053058939,true,0
"wine3-un",5,7,horn,Greedy,InformationGain,0,0,0,0,0,0,0,0,0,0.021491408,true,0
"wine3-un",5,7,antihorn,Greedy,InformationGain,0,0,0,0,0,0,0,0,0,0.019182444,true,0
"wine3-un",5,7,square2cnf,Greedy,InformationGain,0,0,0,0,0,0,0,0,0,0.027439675,true,0
"wine3-un",5,7,affine,Greedy,InformationGain,0,0,0,0,0,0,0,0,0,0.020052365,true,0
"wine3-un",5,7,smart_certified,Greedy,InformationGain,0,0,0,0,0,0,0,0,0,0.131606504,true,0
"wine3-un",5,7,cals,SparseLookahead,SparseCertified,15080,456,0,19,0,13,0,24,632,0.233607324,true,0
"wine3-un",5,7,cals_compact_explain,SelectiveLookahead,SparseCertified,8737,0,0,4,10,0,8,19,176,0.231017995,true,0
"wine3-un",6,5,unary,Greedy,InformationGain,0,0,0,0,0,0,0,0,0,0.036218351,true,0
"wine3-un",6,5,horn,Greedy,InformationGain,0,0,0,0,0,0,0,0,0,0.016902683,true,0
"wine3-un",6,5,antihorn,Greedy,InformationGain,0,0,0,0,0,0,0,0,0,0.016319006,true,0
"wine3-un",6,5,square2cnf,Greedy,InformationGain,0,0,0,0,0,0,0,0,0,0.021120903,true,0
"wine3-un",6,5,affine,Greedy,InformationGain,0,0,0,0,0,0,0,0,0,0.014087598,true,0
"wine3-un",6,5,smart_certified,Greedy,InformationGain,0,0,0,0,0,0,0,0,0,0.092754061,true,0
"wine3-un",6,5,cals,SparseLookahead,SparseCertified,19631,443,0,20,0,13,0,26,651,0.313960979,true,0
"wine3-un",6,5,cals_compact_explain,SelectiveLookahead,SparseCertified,11050,0,0,6,9,0,10,21,176,0.308596706,true,0
"wine3-un",6,7,unary,Greedy,InformationGain,0,0,0,0,0,0,0,0,0,0.053648454,true,0
"wine3-un",6,7,horn,Greedy,InformationGain,0,0,0,0,0,0,0,0,0,0.021037638,true,0
"wine3-un",6,7,antihorn,Greedy,InformationGain,0,0,0,0,0,0,0,0,0,0.019869204,true,0
"wine3-un",6,7,square2cnf,Greedy,InformationGain,0,0,0,0,0,0,0,0,0,0.030506718,true,0
"wine3-un",6,7,affine,Greedy,InformationGain,0,0,0,0,0,0,0,0,0,0.0190439,true,0
"wine3-un",6,7,smart_certified,Greedy,InformationGain,0,0,0,0,0,0,0,0,0,0.134332768,true,0
"wine3-un",6,7,cals,SparseLookahead,SparseCertified,19631,443,0,20,0,13,0,26,651,0.324321784,true,0
"wine3-un",6,7,cals_compact_explain,SelectiveLookahead,SparseCertified,11050,0,0,6,9,0,10,21,176,0.29772783599999997,true,0
"wine3-un",7,5,unary,Greedy,InformationGain,0,0,0,0,0,0,0,0,0,0.036238581,true,0
"wine3-un",7,5,horn,Greedy,InformationGain,0,0,0,0,0,0,0,0,0,0.016013223,true,0
"wine3-un",7,5,antihorn,Greedy,InformationGain,0,0,0,0,0,0,0,0,0,0.015608458,true,0
"wine3-un",7,5,square2cnf,Greedy,InformationGain,0,0,0,0,0,0,0,0,0,0.022660934,true,0
"wine3-un",7,5,affine,Greedy,InformationGain,0,0,0,0,0,0,0,0,0,0.013367128,true,0
"wine3-un",7,5,smart_certified,Greedy,InformationGain,0,0,0,0,0,0,0,0,0,0.097943235,true,0
"wine3-un",7,5,cals,SparseLookahead,SparseCertified,18280,455,0,21,0,13,0,28,695,0.594621128,true,0
"wine3-un",7,5,cals_compact_explain,SelectiveLookahead,SparseCertified,10042,0,0,7,9,0,10,23,208,0.35205563500000003,true,0
"wine3-un",7,7,unary,Greedy,InformationGain,0,0,0,0,0,0,0,0,0,0.051723123,true,0
"wine3-un",7,7,horn,Greedy,InformationGain,0,0,0,0,0,0,0,0,0,0.021197357,true,0
"wine3-un",7,7,antihorn,Greedy,InformationGain,0,0,0,0,0,0,0,0,0,0.021218669,true,0
"wine3-un",7,7,square2cnf,Greedy,InformationGain,0,0,0,0,0,0,0,0,0,0.032337227,true,0
"wine3-un",7,7,affine,Greedy,InformationGain,0,0,0,0,0,0,0,0,0,0.018863284,true,0
"wine3-un",7,7,smart_certified,Greedy,InformationGain,0,0,0,0,0,0,0,0,0,0.130804935,true,0
"wine3-un",7,7,cals,SparseLookahead,SparseCertified,18280,455,0,21,0,13,0,28,695,0.608541015,true,0
"wine3-un",7,7,cals_compact_explain,SelectiveLookahead,SparseCertified,10042,0,0,7,9,0,10,23,208,0.376149435,true,0
"wine3-un",8,5,unary,Greedy,InformationGain,0,0,0,0,0,0,0,0,0,0.039858644,true,0
"wine3-un",8,5,horn,Greedy,InformationGain,0,0,0,0,0,0,0,0,0,0.015984977,true,0
"wine3-un",8,5,antihorn,Greedy,InformationGain,0,0,0,0,0,0,0,0,0,0.015551837,true,0
"wine3-un",8,5,square2cnf,Greedy,InformationGain,0,0,0,0,0,0,0,0,0,0.024098955,true,0
"wine3-un",8,5,affine,Greedy,InformationGain,0,0,0,0,0,0,0,0,0,0.014774186,true,0
"wine3-un",8,5,smart_certified,Greedy,InformationGain,0,0,0,0,0,0,0,0,0,0.094369455,true,0
"wine3-un",8,5,cals,SparseLookahead,SparseCertified,15714,468,0,21,0,14,0,28,692,0.474498973,true,0
"wine3-un",8,5,cals_compact_explain,SelectiveLookahead,SparseCertified,9494,0,0,7,9,0,11,23,192,0.334271788,true,0
"wine3-un",8,7,unary,Greedy,InformationGain,0,0,0,0,0,0,0,0,0,0.049207903,true,0
"wine3-un",8,7,horn,Greedy,InformationGain,0,0,0,0,0,0,0,0,0,0.022937454,true,0
"wine3-un",8,7,antihorn,Greedy,InformationGain,0,0,0,0,0,0,0,0,0,0.020874021,true,0
"wine3-un",8,7,square2cnf,Greedy,InformationGain,0,0,0,0,0,0,0,0,0,0.02984717,true,0
"wine3-un",8,7,affine,Greedy,InformationGain,0,0,0,0,0,0,0,0,0,0.020156308,true,0
"wine3-un",8,7,smart_certified,Greedy,InformationGain,0,0,0,0,0,0,0,0,0,0.128950524,true,0
"wine3-un",8,7,cals,SparseLookahead,SparseCertified,15714,468,0,21,0,14,0,28,692,0.477235087,true,0
"wine3-un",8,7,cals_compact_explain,SelectiveLookahead,SparseCertified,9494,0,0,7,9,0,11,23,192,0.330465982,true,0
"wine3-un",9,5,unary,Greedy,InformationGain,0,0,0,0,0,0,0,0,0,0.038149912,true,0
"wine3-un",9,5,horn,Greedy,InformationGain,0,0,0,0,0,0,0,0,0,0.016866661,true,0
"wine3-un",9,5,antihorn,Greedy,InformationGain,0,0,0,0,0,0,0,0,0,0.016699156,true,0
"wine3-un",9,5,square2cnf,Greedy,InformationGain,0,0,0,0,0,0,0,0,0,0.021713866,true,0
"wine3-un",9,5,affine,Greedy,InformationGain,0,0,0,0,0,0,0,0,0,0.013915856,true,0
"wine3-un",9,5,smart_certified,Greedy,InformationGain,0,0,0,0,0,0,0,0,0,0.097322734,true,0
"wine3-un",9,5,cals,SparseLookahead,SparseCertified,16985,830,0,19,0,19,0,24,910,0.270323191,true,0
"wine3-un",9,5,cals_compact_explain,SelectiveLookahead,SparseCertified,12144,0,0,7,7,0,14,19,80,0.208550063,true,0
"wine3-un",9,7,unary,Greedy,InformationGain,0,0,0,0,0,0,0,0,0,0.055029574,true,0
"wine3-un",9,7,horn,Greedy,InformationGain,0,0,0,0,0,0,0,0,0,0.020334098,true,0
"wine3-un",9,7,antihorn,Greedy,InformationGain,0,0,0,0,0,0,0,0,0,0.020040892,true,0
"wine3-un",9,7,square2cnf,Greedy,InformationGain,0,0,0,0,0,0,0,0,0,0.029646897,true,0
"wine3-un",9,7,affine,Greedy,InformationGain,0,0,0,0,0,0,0,0,0,0.019054781,true,0
"wine3-un",9,7,smart_certified,Greedy,InformationGain,0,0,0,0,0,0,0,0,0,0.132793205,true,0
"wine3-un",9,7,cals,SparseLookahead,SparseCertified,18508,858,0,23,0,23,0,32,1002,0.289680562,true,0
"wine3-un",9,7,cals_compact_explain,SelectiveLookahead,SparseCertified,13007,0,0,10,7,0,17,25,128,0.20675192399999998,true,0
"winequality-red-bin",0,5,unary,Greedy,InformationGain,0,0,0,0,0,0,0,0,0,0.003077351,true,0
"winequality-red-bin",0,5,horn,Greedy,InformationGain,0,0,0,0,0,0,0,0,0,0.00524952,true,0
"winequality-red-bin",0,5,antihorn,Greedy,InformationGain,0,0,0,0,0,0,0,0,0,0.004475285,true,0
"winequality-red-bin",0,5,square2cnf,Greedy,InformationGain,0,0,0,0,0,0,0,0,0,0.050877583,true,0
"winequality-red-bin",0,5,affine,Greedy,InformationGain,0,0,0,0,0,0,0,0,0,0.020061224,true,0
"winequality-red-bin",0,5,smart_certified,Greedy,InformationGain,0,0,0,0,0,0,0,0,0,0.094109054,true,0
"winequality-red-bin",0,5,cals,SparseLookahead,SparseCertified,13951,942,0,24,0,23,0,34,1099,0.475310259,true,0
"winequality-red-bin",0,5,cals_compact_explain,SelectiveLookahead,SparseCertified,6758,0,0,12,10,0,19,32,189,0.1195792,true,0
"winequality-red-bin",0,7,unary,Greedy,InformationGain,0,0,0,0,0,0,0,0,0,0.003658287,true,0
"winequality-red-bin",0,7,horn,Greedy,InformationGain,0,0,0,0,0,0,0,0,0,0.005298117,true,0
"winequality-red-bin",0,7,antihorn,Greedy,InformationGain,0,0,0,0,0,0,0,0,0,0.005270775,true,0
"winequality-red-bin",0,7,square2cnf,Greedy,InformationGain,0,0,0,0,0,0,0,0,0,0.057075858,true,0
"winequality-red-bin",0,7,affine,Greedy,InformationGain,0,0,0,0,0,0,0,0,0,0.026579068,true,0
"winequality-red-bin",0,7,smart_certified,Greedy,InformationGain,0,0,0,0,0,0,0,0,0,0.11739898,true,0
"winequality-red-bin",0,7,cals,SparseLookahead,SparseCertified,13983,947,0,26,0,25,0,38,1130,0.483073046,true,0
"winequality-red-bin",0,7,cals_compact_explain,SelectiveLookahead,SparseCertified,6790,0,0,15,10,0,22,38,218,0.12357589599999999,true,0
"winequality-red-bin",1,5,unary,Greedy,InformationGain,0,0,0,0,0,0,0,0,0,0.002007494,true,0
"winequality-red-bin",1,5,horn,Greedy,InformationGain,0,0,0,0,0,0,0,0,0,0.003949033,true,0
"winequality-red-bin",1,5,antihorn,Greedy,InformationGain,0,0,0,0,0,0,0,0,0,0.004014556,true,0
"winequality-red-bin",1,5,square2cnf,Greedy,InformationGain,0,0,0,0,0,0,0,0,0,0.038453027,true,0
"winequality-red-bin",1,5,affine,Greedy,InformationGain,0,0,0,0,0,0,0,0,0,0.018712115,true,0
"winequality-red-bin",1,5,smart_certified,Greedy,InformationGain,0,0,0,0,0,0,0,0,0,0.052949759,true,0
"winequality-red-bin",1,5,cals,SparseLookahead,SparseCertified,35562,562,0,21,0,16,0,28,754,7.486982682,true,0
"winequality-red-bin",1,5,cals_compact_explain,SelectiveLookahead,SparseCertified,26528,0,0,7,16,0,16,31,220,2.3993569179999996,true,0
"winequality-red-bin",1,7,unary,Greedy,InformationGain,0,0,0,0,0,0,0,0,0,0.002193389,true,0
"winequality-red-bin",1,7,horn,Greedy,InformationGain,0,0,0,0,0,0,0,0,0,0.00406634,true,0
"winequality-red-bin",1,7,antihorn,Greedy,InformationGain,0,0,0,0,0,0,0,0,0,0.004292449,true,0
"winequality-red-bin",1,7,square2cnf,Greedy,InformationGain,0,0,0,0,0,0,0,0,0,0.038215465,true,0
"winequality-red-bin",1,7,affine,Greedy,InformationGain,0,0,0,0,0,0,0,0,0,0.024636962,true,0
"winequality-red-bin",1,7,smart_certified,Greedy,InformationGain,0,0,0,0,0,0,0,0,0,0.055881591,true,0
"winequality-red-bin",1,7,cals,SparseLookahead,SparseCertified,35572,562,0,23,0,18,0,32,764,7.425802029,true,0
"winequality-red-bin",1,7,cals_compact_explain,SelectiveLookahead,SparseCertified,26528,0,0,8,16,0,17,33,220,2.4244587060000002,true,0
"winequality-red-bin",2,5,unary,Greedy,InformationGain,0,0,0,0,0,0,0,0,0,0.002134311,true,0
"winequality-red-bin",2,5,horn,Greedy,InformationGain,0,0,0,0,0,0,0,0,0,0.00431209,true,0
"winequality-red-bin",2,5,antihorn,Greedy,InformationGain,0,0,0,0,0,0,0,0,0,0.004673409,true,0
"winequality-red-bin",2,5,square2cnf,Greedy,InformationGain,0,0,0,0,0,0,0,0,0,0.033368963,true,0
"winequality-red-bin",2,5,affine,Greedy,InformationGain,0,0,0,0,0,0,0,0,0,0.016307564,true,0
"winequality-red-bin",2,5,smart_certified,Greedy,InformationGain,0,0,0,0,0,0,0,0,0,0.065911171,true,0
"winequality-red-bin",2,5,cals,SparseLookahead,SparseCertified,25275,950,0,22,0,22,0,30,1064,1.4396222950000002,true,0
"winequality-red-bin",2,5,cals_compact_explain,SelectiveLookahead,SparseCertified,8179,0,0,10,10,0,20,28,114,0.15307316,true,0
"winequality-red-bin",2,7,unary,Greedy,InformationGain,0,0,0,0,0,0,0,0,0,0.002214026,true,0
"winequality-red-bin",2,7,horn,Greedy,InformationGain,0,0,0,0,0,0,0,0,0,0.004170562,true,0
"winequality-red-bin",2,7,antihorn,Greedy,InformationGain,0,0,0,0,0,0,0,0,0,0.004330047,true,0
"winequality-red-bin",2,7,square2cnf,Greedy,InformationGain,0,0,0,0,0,0,0,0,0,0.035952196,true,0
"winequality-red-bin",2,7,affine,Greedy,InformationGain,0,0,0,0,0,0,0,0,0,0.017549488,true,0
"winequality-red-bin",2,7,smart_certified,Greedy,InformationGain,0,0,0,0,0,0,0,0,0,0.068371144,true,0
"winequality-red-bin",2,7,cals,SparseLookahead,SparseCertified,25492,1033,0,24,0,24,0,34,1179,1.496479011,true,0
"winequality-red-bin",2,7,cals_compact_explain,SelectiveLookahead,SparseCertified,8356,0,0,12,10,0,22,32,146,0.163840502,true,0
"winequality-red-bin",3,5,unary,Greedy,InformationGain,0,0,0,0,0,0,0,0,0,0.002206514,true,0
"winequality-red-bin",3,5,horn,Greedy,InformationGain,0,0,0,0,0,0,0,0,0,0.003539667,true,0
"winequality-red-bin",3,5,antihorn,Greedy,InformationGain,0,0,0,0,0,0,0,0,0,0.004682367,true,0
"winequality-red-bin",3,5,square2cnf,Greedy,InformationGain,0,0,0,0,0,0,0,0,0,0.031824956,true,0
"winequality-red-bin",3,5,affine,Greedy,InformationGain,0,0,0,0,0,0,0,0,0,0.012910613,true,0
"winequality-red-bin",3,5,smart_certified,Greedy,InformationGain,0,0,0,0,0,0,0,0,0,0.070465815,true,0
"winequality-red-bin",3,5,cals,SparseLookahead,SparseCertified,9590,785,0,20,0,18,0,26,913,0.186262801,true,0
"winequality-red-bin",3,5,cals_compact_explain,SelectiveLookahead,SparseCertified,5540,0,0,8,7,0,14,21,112,0.100210433,true,0
"winequality-red-bin",3,7,unary,Greedy,InformationGain,0,0,0,0,0,0,0,0,0,0.002272694,true,0
"winequality-red-bin",3,7,horn,Greedy,InformationGain,0,0,0,0,0,0,0,0,0,0.005473811,true,0
"winequality-red-bin",3,7,antihorn,Greedy,InformationGain,0,0,0,0,0,0,0,0,0,0.004771324,true,0
"winequality-red-bin",3,7,square2cnf,Greedy,InformationGain,0,0,0,0,0,0,0,0,0,0.036805817,true,0
"winequality-red-bin",3,7,affine,Greedy,InformationGain,0,0,0,0,0,0,0,0,0,0.016547354,true,0
"winequality-red-bin",3,7,smart_certified,Greedy,InformationGain,0,0,0,0,0,0,0,0,0,0.067347188,true,0
"winequality-red-bin",3,7,cals,SparseLookahead,SparseCertified,9616,789,0,21,0,19,0,28,933,0.178360795,true,0
"winequality-red-bin",3,7,cals_compact_explain,SelectiveLookahead,SparseCertified,5565,0,0,9,7,0,15,23,128,0.095176935,true,0
"winequality-red-bin",4,5,unary,Greedy,InformationGain,0,0,0,0,0,0,0,0,0,0.002252815,true,0
"winequality-red-bin",4,5,horn,Greedy,InformationGain,0,0,0,0,0,0,0,0,0,0.004033824,true,0
"winequality-red-bin",4,5,antihorn,Greedy,InformationGain,0,0,0,0,0,0,0,0,0,0.005631929,true,0
"winequality-red-bin",4,5,square2cnf,Greedy,InformationGain,0,0,0,0,0,0,0,0,0,0.04594559,true,0
"winequality-red-bin",4,5,affine,Greedy,InformationGain,0,0,0,0,0,0,0,0,0,0.020205537,true,0
"winequality-red-bin",4,5,smart_certified,Greedy,InformationGain,0,0,0,0,0,0,0,0,0,0.056348077,true,0
"winequality-red-bin",4,5,cals,SparseLookahead,SparseCertified,17605,941,0,22,0,22,0,30,1052,1.139163683,true,0
"winequality-red-bin",4,5,cals_compact_explain,SelectiveLookahead,SparseCertified,2936,0,0,12,8,0,19,28,126,0.052992999,true,0
"winequality-red-bin",4,7,unary,Greedy,InformationGain,0,0,0,0,0,0,0,0,0,0.002792038,true,0
"winequality-red-bin",4,7,horn,Greedy,InformationGain,0,0,0,0,0,0,0,0,0,0.005092291,true,0
"winequality-red-bin",4,7,antihorn,Greedy,InformationGain,0,0,0,0,0,0,0,0,0,0.005534086,true,0
"winequality-red-bin",4,7,square2cnf,Greedy,InformationGain,0,0,0,0,0,0,0,0,0,0.050545963,true,0
"winequality-red-bin",4,7,affine,Greedy,InformationGain,0,0,0,0,0,0,0,0,0,0.026918151,true,0
"winequality-red-bin",4,7,smart_certified,Greedy,InformationGain,0,0,0,0,0,0,0,0,0,0.086093471,true,0
"winequality-red-bin",4,7,cals,SparseLookahead,SparseCertified,17787,1022,0,24,0,24,0,34,1165,1.1988822220000002,true,0
"winequality-red-bin",4,7,cals_compact_explain,SelectiveLookahead,SparseCertified,3088,0,0,14,8,0,21,32,158,0.059471376000000006,true,0
"winequality-red-bin",5,5,unary,Greedy,InformationGain,0,0,0,0,0,0,0,0,0,0.002268489,true,0
"winequality-red-bin",5,5,horn,Greedy,InformationGain,0,0,0,0,0,0,0,0,0,0.00536793,true,0
"winequality-red-bin",5,5,antihorn,Greedy,InformationGain,0,0,0,0,0,0,0,0,0,0.004253213,true,0
"winequality-red-bin",5,5,square2cnf,Greedy,InformationGain,0,0,0,0,0,0,0,0,0,0.043445763,true,0
"winequality-red-bin",5,5,affine,Greedy,InformationGain,0,0,0,0,0,0,0,0,0,0.024226471,true,0
"winequality-red-bin",5,5,smart_certified,Greedy,InformationGain,0,0,0,0,0,0,0,0,0,0.085903915,true,0
"winequality-red-bin",5,5,cals,SparseLookahead,SparseCertified,22462,907,0,19,0,19,0,24,987,1.644498035,true,0
"winequality-red-bin",5,5,cals_compact_explain,SelectiveLookahead,SparseCertified,10458,0,0,5,9,0,14,19,80,0.398922116,true,0
"winequality-red-bin",5,7,unary,Greedy,InformationGain,0,0,0,0,0,0,0,0,0,0.002418767,true,0
"winequality-red-bin",5,7,horn,Greedy,InformationGain,0,0,0,0,0,0,0,0,0,0.005671382,true,0
"winequality-red-bin",5,7,antihorn,Greedy,InformationGain,0,0,0,0,0,0,0,0,0,0.004851461,true,0
"winequality-red-bin",5,7,square2cnf,Greedy,InformationGain,0,0,0,0,0,0,0,0,0,0.050622705,true,0
"winequality-red-bin",5,7,affine,Greedy,InformationGain,0,0,0,0,0,0,0,0,0,0.023971123,true,0
"winequality-red-bin",5,7,smart_certified,Greedy,InformationGain,0,0,0,0,0,0,0,0,0,0.092672878,true,0
"winequality-red-bin",5,7,cals,SparseLookahead,SparseCertified,22728,1024,0,22,0,22,0,30,1152,1.73656825,true,0
"winequality-red-bin",5,7,cals_compact_explain,SelectiveLookahead,SparseCertified,10678,0,0,8,9,0,17,25,128,0.419365365,true,0
"winequality-red-bin",6,5,unary,Greedy,InformationGain,0,0,0,0,0,0,0,0,0,0.002804841,true,0
"winequality-red-bin",6,5,horn,Greedy,InformationGain,0,0,0,0,0,0,0,0,0,0.005218729,true,0
"winequality-red-bin",6,5,antihorn,Greedy,InformationGain,0,0,0,0,0,0,0,0,0,0.005625849,true,0
"winequality-red-bin",6,5,square2cnf,Greedy,InformationGain,0,0,0,0,0,0,0,0,0,0.057487526,true,0
"winequality-red-bin",6,5,affine,Greedy,InformationGain,0,0,0,0,0,0,0,0,0,0.021841348,true,0
"winequality-red-bin",6,5,smart_certified,Greedy,InformationGain,0,0,0,0,0,0,0,0,0,0.092995651,true,0
"winequality-red-bin",6,5,cals,SparseLookahead,SparseCertified,6016,742,0,21,0,18,0,28,902,0.9242613799999999,true,0
"winequality-red-bin",6,5,cals_compact_explain,SelectiveLookahead,SparseCertified,3337,0,0,12,7,0,18,26,128,0.19697996599999998,true,0
"winequality-red-bin",6,7,unary,Greedy,InformationGain,0,0,0,0,0,0,0,0,0,0.002695041,true,0
"winequality-red-bin",6,7,horn,Greedy,InformationGain,0,0,0,0,0,0,0,0,0,0.005393376,true,0
"winequality-red-bin",6,7,antihorn,Greedy,InformationGain,0,0,0,0,0,0,0,0,0,0.005533628,true,0
"winequality-red-bin",6,7,square2cnf,Greedy,InformationGain,0,0,0,0,0,0,0,0,0,0.061167455,true,0
"winequality-red-bin",6,7,affine,Greedy,InformationGain,0,0,0,0,0,0,0,0,0,0.026770062,true,0
"winequality-red-bin",6,7,smart_certified,Greedy,InformationGain,0,0,0,0,0,0,0,0,0,0.112417026,true,0
"winequality-red-bin",6,7,cals,SparseLookahead,SparseCertified,6118,798,0,23,0,20,0,32,990,0.93572051,true,0
"winequality-red-bin",6,7,cals_compact_explain,SelectiveLookahead,SparseCertified,3425,0,0,14,7,0,20,30,160,0.2144652,true,0
"winequality-red-bin",7,5,unary,Greedy,InformationGain,0,0,0,0,0,0,0,0,0,0.003113898,true,0
"winequality-red-bin",7,5,horn,Greedy,InformationGain,0,0,0,0,0,0,0,0,0,0.00479199,true,0
"winequality-red-bin",7,5,antihorn,Greedy,InformationGain,0,0,0,0,0,0,0,0,0,0.005152662,true,0
"winequality-red-bin",7,5,square2cnf,Greedy,InformationGain,0,0,0,0,0,0,0,0,0,0.047977942,true,0
"winequality-red-bin",7,5,affine,Greedy,InformationGain,0,0,0,0,0,0,0,0,0,0.023274986,true,0
"winequality-red-bin",7,5,smart_certified,Greedy,InformationGain,0,0,0,0,0,0,0,0,0,0.118800899,true,0
"winequality-red-bin",7,5,cals,SparseLookahead,SparseCertified,12004,903,0,19,0,19,0,24,983,0.218104196,true,0
"winequality-red-bin",7,5,cals_compact_explain,SelectiveLookahead,SparseCertified,4190,0,0,5,9,0,14,19,80,0.083506972,true,0
"winequality-red-bin",7,7,unary,Greedy,InformationGain,0,0,0,0,0,0,0,0,0,0.003478093,true,0
"winequality-red-bin",7,7,horn,Greedy,InformationGain,0,0,0,0,0,0,0,0,0,0.005773478,true,0
"winequality-red-bin",7,7,antihorn,Greedy,InformationGain,0,0,0,0,0,0,0,0,0,0.007142055,true,0
"winequality-red-bin",7,7,square2cnf,Greedy,InformationGain,0,0,0,0,0,0,0,0,0,0.060942974,true,0
"winequality-red-bin",7,7,affine,Greedy,InformationGain,0,0,0,0,0,0,0,0,0,0.031078078,true,0
"winequality-red-bin",7,7,smart_certified,Greedy,InformationGain,0,0,0,0,0,0,0,0,0,0.137907532,true,0
"winequality-red-bin",7,7,cals,SparseLookahead,SparseCertified,12229,1010,0,23,0,23,0,32,1144,0.21491079000000002,true,0
"winequality-red-bin",7,7,cals_compact_explain,SelectiveLookahead,SparseCertified,4422,0,0,10,9,0,19,29,141,0.082499564,true,0
"winequality-red-bin",8,5,unary,Greedy,InformationGain,0,0,0,0,0,0,0,0,0,0.002880624,true,0
"winequality-red-bin",8,5,horn,Greedy,InformationGain,0,0,0,0,0,0,0,0,0,0.004513543,true,0
"winequality-red-bin",8,5,antihorn,Greedy,InformationGain,0,0,0,0,0,0,0,0,0,0.005454228,true,0
"winequality-red-bin",8,5,square2cnf,Greedy,InformationGain,0,0,0,0,0,0,0,0,0,0.045312844,true,0
"winequality-red-bin",8,5,affine,Greedy,InformationGain,0,0,0,0,0,0,0,0,0,0.022386461,true,0
"winequality-red-bin",8,5,smart_certified,Greedy,InformationGain,0,0,0,0,0,0,0,0,0,0.103570312,true,0
"winequality-red-bin",8,5,cals,SparseLookahead,SparseCertified,20560,901,0,22,0,21,0,30,1045,1.806706022,true,0
"winequality-red-bin",8,5,cals_compact_explain,SelectiveLookahead,SparseCertified,5122,0,0,12,8,0,19,28,144,0.195163847,true,0
"winequality-red-bin",8,7,unary,Greedy,InformationGain,0,0,0,0,0,0,0,0,0,0.003391008,true,0
"winequality-red-bin",8,7,horn,Greedy,InformationGain,0,0,0,0,0,0,0,0,0,0.006048565,true,0
"winequality-red-bin",8,7,antihorn,Greedy,InformationGain,0,0,0,0,0,0,0,0,0,0.006207776,true,0
"winequality-red-bin",8,7,square2cnf,Greedy,InformationGain,0,0,0,0,0,0,0,0,0,0.052328305,true,0
"winequality-red-bin",8,7,affine,Greedy,InformationGain,0,0,0,0,0,0,0,0,0,0.026649483,true,0
"winequality-red-bin",8,7,smart_certified,Greedy,InformationGain,0,0,0,0,0,0,0,0,0,0.125236789,true,0
"winequality-red-bin",8,7,cals,SparseLookahead,SparseCertified,20720,977,0,26,0,25,0,38,1158,1.8582453349999999,true,0
"winequality-red-bin",8,7,cals_compact_explain,SelectiveLookahead,SparseCertified,5273,0,0,18,9,0,23,39,229,0.179579018,true,0
"winequality-red-bin",9,5,unary,Greedy,InformationGain,0,0,0,0,0,0,0,0,0,0.002504909,true,0
"winequality-red-bin",9,5,horn,Greedy,InformationGain,0,0,0,0,0,0,0,0,0,0.003818463,true,0
"winequality-red-bin",9,5,antihorn,Greedy,InformationGain,0,0,0,0,0,0,0,0,0,0.004935911,true,0
"winequality-red-bin",9,5,square2cnf,Greedy,InformationGain,0,0,0,0,0,0,0,0,0,0.033605217,true,0
"winequality-red-bin",9,5,affine,Greedy,InformationGain,0,0,0,0,0,0,0,0,0,0.023776411,true,0
"winequality-red-bin",9,5,smart_certified,Greedy,InformationGain,0,0,0,0,0,0,0,0,0,0.094699295,true,0
"winequality-red-bin",9,5,cals,SparseLookahead,SparseCertified,20683,973,0,22,0,22,0,30,1094,0.99742261,true,0
"winequality-red-bin",9,5,cals_compact_explain,SelectiveLookahead,SparseCertified,3964,0,0,11,9,0,17,28,169,0.060819451999999996,true,0
"winequality-red-bin",9,7,unary,Greedy,InformationGain,0,0,0,0,0,0,0,0,0,0.003130262,true,0
"winequality-red-bin",9,7,horn,Greedy,InformationGain,0,0,0,0,0,0,0,0,0,0.004093281,true,0
"winequality-red-bin",9,7,antihorn,Greedy,InformationGain,0,0,0,0,0,0,0,0,0,0.005632608,true,0
"winequality-red-bin",9,7,square2cnf,Greedy,InformationGain,0,0,0,0,0,0,0,0,0,0.044691243,true,0
"winequality-red-bin",9,7,affine,Greedy,InformationGain,0,0,0,0,0,0,0,0,0,0.029392336,true,0
"winequality-red-bin",9,7,smart_certified,Greedy,InformationGain,0,0,0,0,0,0,0,0,0,0.120476524,true,0
"winequality-red-bin",9,7,cals,SparseLookahead,SparseCertified,20847,1046,0,25,0,25,0,36,1215,1.032177233,true,0
"winequality-red-bin",9,7,cals_compact_explain,SelectiveLookahead,SparseCertified,4107,0,0,14,9,0,20,34,217,0.06521895600000001,true,0
"yeast",0,5,unary,Greedy,InformationGain,0,0,0,0,0,0,0,0,0,0.010191874,true,0
"yeast",0,5,horn,Greedy,InformationGain,0,0,0,0,0,0,0,0,0,0.01189077,true,0
"yeast",0,5,antihorn,Greedy,InformationGain,0,0,0,0,0,0,0,0,0,0.011907006,true,0
"yeast",0,5,square2cnf,Greedy,InformationGain,0,0,0,0,0,0,0,0,0,0.070389236,true,0
"yeast",0,5,affine,Greedy,InformationGain,0,0,0,0,0,0,0,0,0,0.034462305,true,0
"yeast",0,5,smart_certified,Greedy,InformationGain,0,0,0,0,0,0,0,0,0,0.128948508,true,0
"yeast",0,5,cals,SparseLookahead,SparseCertified,5971,1250,0,37,0,29,0,60,1746,2.826775531,true,0
"yeast",0,5,cals_compact_explain,SelectiveLookahead,SparseCertified,4581,0,0,25,15,0,30,62,512,1.177208248,true,0
"yeast",0,7,unary,Greedy,InformationGain,0,0,0,0,0,0,0,0,0,0.015893388,true,0
"yeast",0,7,horn,Greedy,InformationGain,0,0,0,0,0,0,0,0,0,0.022218585,true,0
"yeast",0,7,antihorn,Greedy,InformationGain,0,0,0,0,0,0,0,0,0,0.024385825,true,0
"yeast",0,7,square2cnf,Greedy,InformationGain,0,0,0,0,0,0,0,0,0,0.16924282,true,0
"yeast",0,7,affine,Greedy,InformationGain,0,0,0,0,0,0,0,0,0,0.079437526,true,0
"yeast",0,7,smart_certified,Greedy,InformationGain,0,0,0,0,0,0,0,0,0,0.900479844,true,0
"yeast",0,7,cals,SparseLookahead,SparseCertified,12047,2767,0,73,0,65,0,132,3839,7.002855909999999,true,0
"yeast",0,7,cals_compact_explain,SelectiveLookahead,SparseCertified,9049,0,0,54,15,0,66,123,912,2.3000874330000003,true,0
"yeast",1,5,unary,Greedy,InformationGain,0,0,0,0,0,0,0,0,0,0.007074795,true,0
"yeast",1,5,horn,Greedy,InformationGain,0,0,0,0,0,0,0,0,0,0.012086327,true,0
"yeast",1,5,antihorn,Greedy,InformationGain,0,0,0,0,0,0,0,0,0,0.012738155,true,0
"yeast",1,5,square2cnf,Greedy,InformationGain,0,0,0,0,0,0,0,0,0,0.069467146,true,0
"yeast",1,5,affine,Greedy,InformationGain,0,0,0,0,0,0,0,0,0,0.016050842,true,0
"yeast",1,5,smart_certified,Greedy,InformationGain,0,0,0,0,0,0,0,0,0,0.114886666,true,0
"yeast",1,5,cals,SparseLookahead,SparseCertified,3092,1010,0,35,0,26,0,56,1490,0.450830354,true,0
"yeast",1,5,cals_compact_explain,SelectiveLookahead,SparseCertified,2718,0,0,27,9,0,25,57,512,0.137054438,true,0
"yeast",1,7,unary,Greedy,InformationGain,0,0,0,0,0,0,0,0,0,0.013980736,true,0
"yeast",1,7,horn,Greedy,InformationGain,0,0,0,0,0,0,0,0,0,0.025941315,true,0
"yeast",1,7,antihorn,Greedy,InformationGain,0,0,0,0,0,0,0,0,0,0.025506581,true,0
"yeast",1,7,square2cnf,Greedy,InformationGain,0,0,0,0,0,0,0,0,0,0.184099178,true,0
"yeast",1,7,affine,Greedy,InformationGain,0,0,0,0,0,0,0,0,0,0.03821678,true,0
"yeast",1,7,smart_certified,Greedy,InformationGain,0,0,0,0,0,0,0,0,0,0.895518373,true,0
"yeast",1,7,cals,SparseLookahead,SparseCertified,5225,1993,0,66,0,57,0,118,2963,0.725166569,true,0
"yeast",1,7,cals_compact_explain,SelectiveLookahead,SparseCertified,4825,0,0,58,9,0,56,119,1002,0.23934291900000002,true,0
"yeast",2,5,unary,Greedy,InformationGain,0,0,0,0,0,0,0,0,0,0.007683561,true,0
"yeast",2,5,horn,Greedy,InformationGain,0,0,0,0,0,0,0,0,0,0.011437676,true,0
"yeast",2,5,antihorn,Greedy,InformationGain,0,0,0,0,0,0,0,0,0,0.011484826,true,0
"yeast",2,5,square2cnf,Greedy,InformationGain,0,0,0,0,0,0,0,0,0,0.076371284,true,0
"yeast",2,5,affine,Greedy,InformationGain,0,0,0,0,0,0,0,0,0,0.023352153,true,0
"yeast",2,5,smart_certified,Greedy,InformationGain,0,0,0,0,0,0,0,0,0,0.127872696,true,0
"yeast",2,5,cals,SparseLookahead,SparseCertified,4280,1307,0,41,0,35,0,68,1835,1.198492517,true,0
"yeast",2,5,cals_compact_explain,SelectiveLookahead,SparseCertified,5844,0,0,26,15,0,30,64,544,3.192108638,true,0
"yeast",2,7,unary,Greedy,InformationGain,0,0,0,0,0,0,0,0,0,0.014696825,true,0
"yeast",2,7,horn,Greedy,InformationGain,0,0,0,0,0,0,0,0,0,0.02049913,true,0
"yeast",2,7,antihorn,Greedy,InformationGain,0,0,0,0,0,0,0,0,0,0.019756136,true,0
"yeast",2,7,square2cnf,Greedy,InformationGain,0,0,0,0,0,0,0,0,0,0.138744084,true,0
"yeast",2,7,affine,Greedy,InformationGain,0,0,0,0,0,0,0,0,0,0.055779952,true,0
"yeast",2,7,smart_certified,Greedy,InformationGain,0,0,0,0,0,0,0,0,0,0.814956501,true,0
"yeast",2,7,cals,SparseLookahead,SparseCertified,6636,2399,0,77,0,71,0,140,3493,1.562200854,true,0
"yeast",2,7,cals_compact_explain,SelectiveLookahead,SparseCertified,9819,0,0,59,15,0,62,130,1068,4.990632086,true,0
"yeast",3,5,unary,Greedy,InformationGain,0,0,0,0,0,0,0,0,0,0.007569126,true,0
"yeast",3,5,horn,Greedy,InformationGain,0,0,0,0,0,0,0,0,0,0.012130155,true,0
"yeast",3,5,antihorn,Greedy,InformationGain,0,0,0,0,0,0,0,0,0,0.012189927,true,0
"yeast",3,5,square2cnf,Greedy,InformationGain,0,0,0,0,0,0,0,0,0,0.06481317,true,0
"yeast",3,5,affine,Greedy,InformationGain,0,0,0,0,0,0,0,0,0,0.027500919,true,0
"yeast",3,5,smart_certified,Greedy,InformationGain,0,0,0,0,0,0,0,0,0,0.121039937,true,0
"yeast",3,5,cals,SparseLookahead,SparseCertified,3878,1212,0,36,0,31,0,58,1644,0.679821658,true,0
"yeast",3,5,cals_compact_explain,SelectiveLookahead,SparseCertified,5021,0,0,25,13,0,30,58,448,1.204140459,true,0
"yeast",3,7,unary,Greedy,InformationGain,0,0,0,0,0,0,0,0,0,0.012817382,true,0
"yeast",3,7,horn,Greedy,InformationGain,0,0,0,0,0,0,0,0,0,0.023117035,true,0
"yeast",3,7,antihorn,Greedy,InformationGain,0,0,0,0,0,0,0,0,0,0.020491036,true,0
"yeast",3,7,square2cnf,Greedy,InformationGain,0,0,0,0,0,0,0,0,0,0.140982772,true,0
"yeast",3,7,affine,Greedy,InformationGain,0,0,0,0,0,0,0,0,0,0.059207933,true,0
"yeast",3,7,smart_certified,Greedy,InformationGain,0,0,0,0,0,0,0,0,0,0.395315066,true,0
"yeast",3,7,cals,SparseLookahead,SparseCertified,6065,2214,0,69,0,64,0,124,3174,0.971108055,true,0
"yeast",3,7,cals_compact_explain,SelectiveLookahead,SparseCertified,8851,0,0,58,13,0,63,124,972,2.374155504,true,0
"yeast",4,5,unary,Greedy,InformationGain,0,0,0,0,0,0,0,0,0,0.007151263,true,0
"yeast",4,5,horn,Greedy,InformationGain,0,0,0,0,0,0,0,0,0,0.011602034,true,0
"yeast",4,5,antihorn,Greedy,InformationGain,0,0,0,0,0,0,0,0,0,0.013076173,true,0
"yeast",4,5,square2cnf,Greedy,InformationGain,0,0,0,0,0,0,0,0,0,0.066861517,true,0
"yeast",4,5,affine,Greedy,InformationGain,0,0,0,0,0,0,0,0,0,0.026029924,true,0
"yeast",4,5,smart_certified,Greedy,InformationGain,0,0,0,0,0,0,0,0,0,0.110041481,true,0
"yeast",4,5,cals,SparseLookahead,SparseCertified,3584,1139,0,38,0,31,0,62,1635,0.185899859,true,0
"yeast",4,5,cals_compact_explain,SelectiveLookahead,SparseCertified,3051,0,0,25,11,0,29,57,448,0.15805825999999998,true,0
"yeast",4,7,unary,Greedy,InformationGain,0,0,0,0,0,0,0,0,0,0.01262182,true,0
"yeast",4,7,horn,Greedy,InformationGain,0,0,0,0,0,0,0,0,0,0.02377292,true,0
"yeast",4,7,antihorn,Greedy,InformationGain,0,0,0,0,0,0,0,0,0,0.023140088,true,0
"yeast",4,7,square2cnf,Greedy,InformationGain,0,0,0,0,0,0,0,0,0,0.159396099,true,0
"yeast",4,7,affine,Greedy,InformationGain,0,0,0,0,0,0,0,0,0,0.057166477,true,0
"yeast",4,7,smart_certified,Greedy,InformationGain,0,0,0,0,0,0,0,0,0,0.242511726,true,0
"yeast",4,7,cals,SparseLookahead,SparseCertified,5441,2066,0,67,0,60,0,120,3000,0.222550418,true,0
"yeast",4,7,cals_compact_explain,SelectiveLookahead,SparseCertified,5190,0,0,59,11,0,63,125,982,0.269200731,true,0
"yeast",5,5,unary,Greedy,InformationGain,0,0,0,0,0,0,0,0,0,0.00794716,true,0
"yeast",5,5,horn,Greedy,InformationGain,0,0,0,0,0,0,0,0,0,0.012065733,true,0
"yeast",5,5,antihorn,Greedy,InformationGain,0,0,0,0,0,0,0,0,0,0.01277878,true,0
"yeast",5,5,square2cnf,Greedy,InformationGain,0,0,0,0,0,0,0,0,0,0.071214881,true,0
"yeast",5,5,affine,Greedy,InformationGain,0,0,0,0,0,0,0,0,0,0.026240317,true,0
"yeast",5,5,smart_certified,Greedy,InformationGain,0,0,0,0,0,0,0,0,0,0.126949999,true,0
"yeast",5,5,cals,SparseLookahead,SparseCertified,3738,1155,0,38,0,30,0,62,1667,1.5387839730000001,true,0
"yeast",5,5,cals_compact_explain,SelectiveLookahead,SparseCertified,5454,0,0,22,18,0,29,62,528,5.227854196,true,0
"yeast",5,7,unary,Greedy,InformationGain,0,0,0,0,0,0,0,0,0,0.016666707,true,0
"yeast",5,7,horn,Greedy,InformationGain,0,0,0,0,0,0,0,0,0,0.024049673,true,0
"yeast",5,7,antihorn,Greedy,InformationGain,0,0,0,0,0,0,0,0,0,0.024251318,true,0
"yeast",5,7,square2cnf,Greedy,InformationGain,0,0,0,0,0,0,0,0,0,0.155927787,true,0
"yeast",5,7,affine,Greedy,InformationGain,0,0,0,0,0,0,0,0,0,0.065819716,true,0
"yeast",5,7,smart_certified,Greedy,InformationGain,0,0,0,0,0,0,0,0,0,0.909484922,true,0
"yeast",5,7,cals,SparseLookahead,SparseCertified,5843,2097,0,67,0,59,0,120,3072,1.83451114,true,0
"yeast",5,7,cals_compact_explain,SelectiveLookahead,SparseCertified,11334,0,0,64,18,0,71,146,1198,13.468952112999999,true,0
"yeast",6,5,unary,Greedy,InformationGain,0,0,0,0,0,0,0,0,0,0.00738105,true,0
"yeast",6,5,horn,Greedy,InformationGain,0,0,0,0,0,0,0,0,0,0.011958935,true,0
"yeast",6,5,antihorn,Greedy,InformationGain,0,0,0,0,0,0,0,0,0,0.011870955,true,0
"yeast",6,5,square2cnf,Greedy,InformationGain,0,0,0,0,0,0,0,0,0,0.062121907,true,0
"yeast",6,5,affine,Greedy,InformationGain,0,0,0,0,0,0,0,0,0,0.03454642,true,0
"yeast",6,5,smart_certified,Greedy,InformationGain,0,0,0,0,0,0,0,0,0,0.113398798,true,0
"yeast",6,5,cals,SparseLookahead,SparseCertified,6343,1261,0,36,0,29,0,58,1725,3.6239780230000003,true,0
"yeast",6,5,cals_compact_explain,SelectiveLookahead,SparseCertified,3961,0,0,24,14,0,32,61,464,0.9146290899999999,true,0
"yeast",6,7,unary,Greedy,InformationGain,0,0,0,0,0,0,0,0,0,0.014662332,true,0
"yeast",6,7,horn,Greedy,InformationGain,0,0,0,0,0,0,0,0,0,0.023393348,true,0
"yeast",6,7,antihorn,Greedy,InformationGain,0,0,0,0,0,0,0,0,0,0.023817351,true,0
"yeast",6,7,square2cnf,Greedy,InformationGain,0,0,0,0,0,0,0,0,0,0.154583583,true,0
"yeast",6,7,affine,Greedy,InformationGain,0,0,0,0,0,0,0,0,0,0.067519937,true,0
"yeast",6,7,smart_certified,Greedy,InformationGain,0,0,0,0,0,0,0,0,0,0.405463427,true,0
"yeast",6,7,cals,SparseLookahead,SparseCertified,12131,2752,0,73,0,66,0,132,3808,7.435608498,true,0
"yeast",6,7,cals_compact_explain,SelectiveLookahead,SparseCertified,6017,0,0,60,14,0,65,133,1088,1.0064238410000002,true,0
"yeast",7,5,unary,Greedy,InformationGain,0,0,0,0,0,0,0,0,0,0.00706262,true,0
"yeast",7,5,horn,Greedy,InformationGain,0,0,0,0,0,0,0,0,0,0.011931502,true,0
"yeast",7,5,antihorn,Greedy,InformationGain,0,0,0,0,0,0,0,0,0,0.011366306,true,0
"yeast",7,5,square2cnf,Greedy,InformationGain,0,0,0,0,0,0,0,0,0,0.060857362,true,0
"yeast",7,5,affine,Greedy,InformationGain,0,0,0,0,0,0,0,0,0,0.026927945,true,0
"yeast",7,5,smart_certified,Greedy,InformationGain,0,0,0,0,0,0,0,0,0,0.111017413,true,0
"yeast",7,5,cals,SparseLookahead,SparseCertified,3952,1283,0,38,0,33,0,62,1747,0.517809741,true,0
"yeast",7,5,cals_compact_explain,SelectiveLookahead,SparseCertified,3172,0,0,26,15,0,31,64,528,0.27480480199999996,true,0
"yeast",7,7,unary,Greedy,InformationGain,0,0,0,0,0,0,0,0,0,0.013293493,true,0
"yeast",7,7,horn,Greedy,InformationGain,0,0,0,0,0,0,0,0,0,0.024501431,true,0
"yeast",7,7,antihorn,Greedy,InformationGain,0,0,0,0,0,0,0,0,0,0.024018407,true,0
"yeast",7,7,square2cnf,Greedy,InformationGain,0,0,0,0,0,0,0,0,0,0.161336939,true,0
"yeast",7,7,affine,Greedy,InformationGain,0,0,0,0,0,0,0,0,0,0.068580099,true,0
"yeast",7,7,smart_certified,Greedy,InformationGain,0,0,0,0,0,0,0,0,0,0.664811358,true,0
"yeast",7,7,cals,SparseLookahead,SparseCertified,6176,2278,0,71,0,66,0,128,3270,0.846830129,true,0
"yeast",7,7,cals_compact_explain,SelectiveLookahead,SparseCertified,5086,0,0,47,13,0,61,107,736,0.384768815,true,0
"yeast",8,5,unary,Greedy,InformationGain,0,0,0,0,0,0,0,0,0,0.007459477,true,0
"yeast",8,5,horn,Greedy,InformationGain,0,0,0,0,0,0,0,0,0,0.012008025,true,0
"yeast",8,5,antihorn,Greedy,InformationGain,0,0,0,0,0,0,0,0,0,0.012129691,true,0
"yeast",8,5,square2cnf,Greedy,InformationGain,0,0,0,0,0,0,0,0,0,0.066383764,true,0
"yeast",8,5,affine,Greedy,InformationGain,0,0,0,0,0,0,0,0,0,0.030360289,true,0
"yeast",8,5,smart_certified,Greedy,InformationGain,0,0,0,0,0,0,0,0,0,0.119240967,true,0
"yeast",8,5,cals,SparseLookahead,SparseCertified,5699,1221,0,33,0,27,0,52,1621,2.708601869,true,0
"yeast",8,5,cals_compact_explain,SelectiveLookahead,SparseCertified,4782,0,0,22,15,0,27,56,464,1.050687347,true,0
"yeast",8,7,unary,Greedy,InformationGain,0,0,0,0,0,0,0,0,0,0.014286757,true,0
"yeast",8,7,horn,Greedy,InformationGain,0,0,0,0,0,0,0,0,0,0.021819449,true,0
"yeast",8,7,antihorn,Greedy,InformationGain,0,0,0,0,0,0,0,0,0,0.023211855,true,0
"yeast",8,7,square2cnf,Greedy,InformationGain,0,0,0,0,0,0,0,0,0,0.146025874,true,0
"yeast",8,7,affine,Greedy,InformationGain,0,0,0,0,0,0,0,0,0,0.072670242,true,0
"yeast",8,7,smart_certified,Greedy,InformationGain,0,0,0,0,0,0,0,0,0,0.700892258,true,0
"yeast",8,7,cals,SparseLookahead,SparseCertified,10152,2263,0,58,0,52,0,102,3063,5.893442697999999,true,0
"yeast",8,7,cals_compact_explain,SelectiveLookahead,SparseCertified,8330,0,0,49,15,0,54,110,896,2.041917419,true,0
"yeast",9,5,unary,Greedy,InformationGain,0,0,0,0,0,0,0,0,0,0.007270379,true,0
"yeast",9,5,horn,Greedy,InformationGain,0,0,0,0,0,0,0,0,0,0.011513441,true,0
"yeast",9,5,antihorn,Greedy,InformationGain,0,0,0,0,0,0,0,0,0,0.012390426,true,0
"yeast",9,5,square2cnf,Greedy,InformationGain,0,0,0,0,0,0,0,0,0,0.06545516,true,0
"yeast",9,5,affine,Greedy,InformationGain,0,0,0,0,0,0,0,0,0,0.029007474,true,0
"yeast",9,5,smart_certified,Greedy,InformationGain,0,0,0,0,0,0,0,0,0,0.121159864,true,0
"yeast",9,5,cals,SparseLookahead,SparseCertified,3625,1196,0,36,0,32,0,58,1612,0.419737551,true,0
"yeast",9,5,cals_compact_explain,SelectiveLookahead,SparseCertified,3273,0,0,26,14,0,33,62,464,0.083508742,true,0
"yeast",9,7,unary,Greedy,InformationGain,0,0,0,0,0,0,0,0,0,0.014569563,true,0
"yeast",9,7,horn,Greedy,InformationGain,0,0,0,0,0,0,0,0,0,0.023424531,true,0
"yeast",9,7,antihorn,Greedy,InformationGain,0,0,0,0,0,0,0,0,0,0.022884101,true,0
"yeast",9,7,square2cnf,Greedy,InformationGain,0,0,0,0,0,0,0,0,0,0.150664005,true,0
"yeast",9,7,affine,Greedy,InformationGain,0,0,0,0,0,0,0,0,0,0.069719946,true,0
"yeast",9,7,smart_certified,Greedy,InformationGain,0,0,0,0,0,0,0,0,0,0.391875998,true,0
"yeast",9,7,cals,SparseLookahead,SparseCertified,6082,2249,0,72,0,68,0,130,3241,0.699779027,true,0
"yeast",9,7,cals_compact_explain,SelectiveLookahead,SparseCertified,5680,0,0,62,14,0,69,134,1040,0.130289921,true,0
