dataset,run,depth,method,optimizer_profile,allowed_language_set,ablation_variant,accuracy,train_time,predict_time,tree_nodes,predicate_literals,leaves,max_depth_reached,mean_axp_length,axp_time,axp_extraction_stage,provisional_axp_evaluations,final_axp_rows,test_rows,theorem_certified,language_family,backend,path_theory_state,path_backend,path_certified,git_sha,config,method_key,method_label,category,acc,acc_std,size,expl,axp_valid_rate,axp_minimal_rate,n_success,n_fail,axp_backend,path_certificate,rejected_reason,theorem_mode_used,random_state,n_runs,train_test_split_protocol,search_strategy,score_profile,candidate_beam_width,tree_beam_width,lookahead_depth,node_budget,pruning_enabled,nodes_before_prune,nodes_after_prune,leaves_before_prune,leaves_after_prune,literals_before_prune,literals_after_prune,validation_accuracy_before_prune,validation_accuracy_after_prune,validation_balanced_accuracy_before_prune,validation_balanced_accuracy_after_prune,validation_sensitivity_before_prune,validation_sensitivity_after_prune,validation_specificity_before_prune,validation_specificity_after_prune,validation_macro_f1_before_prune,validation_macro_f1_after_prune,validation_minority_recall_before_prune,validation_minority_recall_after_prune,validation_class_support,pruning_root_reason,pruning_reason_counts,candidate_count,candidate_pruned_count,branch_and_bound_fallback_count,nodes_using_greedy_selection,nodes_using_selective_lookahead,branch_and_bound_activation_count,branch_and_bound_avoided_count,cache_activation_count,estimated_work_saved,predicate_mask_cache_hits,predicate_mask_cache_misses,candidate_cache_hits,candidate_cache_misses,subtree_cache_hits,subtree_cache_misses,parallel_threads,compatible_family_count,selected_family_counts,root_language,path_violation_count,max_axp_length,total_fit_time,search_time,pruning_time,axp_rerank_time,empirical_fallback_used,incompatible_cached_subtree_reused,all_predicates_backend_allowed,theorem_rejection_reason
"HTRU_2-bin",0,7,cals_horn,cals,"Horn",single_language,0.9774632147513503,0.532994163,0.000080589,27,26,14,7,3.5304525982492083,354.720034365,post_selection_final_tree,0,5369,5369,true,Horn,StructuralHorn,"horn","StructuralHorn",true,ef0cd1a,"LearnerConfig { max_depth: 7, min_samples_split: 2, min_samples_leaf: 1, max_candidates_per_node: 16, beam_width: 16, split_score: SplitScoreConfig { profile: SparseCertified, gain_weight: 1.0, gain_ratio_weight: 0.03, balance_weight: 0.01, literal_penalty: 0.004, family_complexity_penalty: 0.002, child_fragmentation_penalty: 0.005, estimated_subtree_penalty: 0.01, instability_penalty: 0.0, tie_epsilon: 1e-9 }, branch_and_bound: BranchAndBoundConfig { enabled: true, exhaustive_fallback: true, max_partial_states: 100000, max_candidates: 100000, top_k: 16 }, cache: CacheConfig { enabled: true, node_statistics: true, predicate_masks: true, candidate_pools: true, best_subtrees: true, lookahead: true, max_entries: 20000, approximate_byte_limit: 268435456 }, tree_search: TreeSearchConfig { strategy: SparseLookahead, tree_beam_width: 8, candidate_beam_width: 16, lookahead_depth: 2, max_expansions: 1000, node_budget: 18446744073709551615, time_budget_ms: None, frontier_selection: HighestError, selective: SelectiveLookaheadConfig { enabled: false, maximum_depth: 2, ambiguity_margin: 0.01, minimum_confident_gain: 0.02, large_node_threshold: 500, candidate_beam_width: 8, tree_beam_width: 4 } }, conditional_search: ConditionalCandidateSearchConfig { enabled: false, branch_and_bound_candidate_threshold: 64, candidate_cache_minimum_expected_reuse: 2 }, parallel: ParallelConfig { enabled: true, threads: None, parallel_candidates: true, parallel_beam_states: true, minimum_parallel_work: 2 }, pruning: PruningConfig { enabled: true, validation_fraction: 0.2, alpha_nodes: 0.0, alpha_leaves: 0.0, alpha_literals: 0.0, alpha_axp: 0.0, accuracy_epsilon: 0.005, use_one_standard_error_rule: false, selection_mode: EpsilonPareto, class_aware: ClassAwarePruningConfig { enabled: false, accuracy_epsilon: 0.005, balanced_accuracy_epsilon: 0.005, minimum_minority_recall: None, minimum_validation_samples: 20, minimum_validation_samples_per_class: 3, root_collapse_majority_threshold: 0.9, preserve_subtree_when_evidence_insufficient: true } }, adaptive_language: AdaptiveLanguageConfig { enabled: true, total_candidate_budget: 64, minimum_family_quota: 2, pilot_candidates_per_family: 4, temperature: 1.0, diversity_top_k_per_family: 1 }, axp_rerank: AxpRerankConfig { enabled: false, shortlist_size: 8, validation_samples: 8, weight_mean_axp: 0.001, weight_max_axp: 0.0005, timeout_ms: None }, allowed_languages: AllowedLanguages(""Horn""), language_policy: SmartCertified, theorem_mode: true, random_seed: 42 }",cals_horn,"Single-language CALS (Horn)",certified,0.9774632147513503,0,27,3.5304525982492083,1,1,5369,0,StructuralHorn,HornCnf,"",true,42,2,deterministic_hash_70_30_first_label,SparseLookahead,SparseCertified,16,8,2,18446744073709551615,true,155,27,78,14,154,26,0.9800478850758181,0.9804469273743017,0.9278472190132927,0.9300402014694331,0.8640350877192983,0.868421052631579,0.9916593503072871,0.9916593503072871,0.938220839052713,0.9395792482956629,0.8640350877192983,0.868421052631579,"0:2278|1:228",no_change,"objective_improved:63|no_change:14",4616,2979,0,91,0,86,0,168,4216,20690,4207,82,86,0,155,0,1,"{""Horn"": 13}",Horn,0,9,0.532994163,0.5321289060000001,0.000865257,0,false,false,true,""
"HTRU_2-bin",0,7,cals_antihorn,cals,"AntiHorn",single_language,0.9767181970571801,0.572476051,0.000069063,15,14,8,7,2.1501210653753025,342.68535767,post_selection_final_tree,0,5369,5369,true,AntiHorn,StructuralAntiHorn,"antihorn","StructuralAntiHorn",true,ef0cd1a,"LearnerConfig { max_depth: 7, min_samples_split: 2, min_samples_leaf: 1, max_candidates_per_node: 16, beam_width: 16, split_score: SplitScoreConfig { profile: SparseCertified, gain_weight: 1.0, gain_ratio_weight: 0.03, balance_weight: 0.01, literal_penalty: 0.004, family_complexity_penalty: 0.002, child_fragmentation_penalty: 0.005, estimated_subtree_penalty: 0.01, instability_penalty: 0.0, tie_epsilon: 1e-9 }, branch_and_bound: BranchAndBoundConfig { enabled: true, exhaustive_fallback: true, max_partial_states: 100000, max_candidates: 100000, top_k: 16 }, cache: CacheConfig { enabled: true, node_statistics: true, predicate_masks: true, candidate_pools: true, best_subtrees: true, lookahead: true, max_entries: 20000, approximate_byte_limit: 268435456 }, tree_search: TreeSearchConfig { strategy: SparseLookahead, tree_beam_width: 8, candidate_beam_width: 16, lookahead_depth: 2, max_expansions: 1000, node_budget: 18446744073709551615, time_budget_ms: None, frontier_selection: HighestError, selective: SelectiveLookaheadConfig { enabled: false, maximum_depth: 2, ambiguity_margin: 0.01, minimum_confident_gain: 0.02, large_node_threshold: 500, candidate_beam_width: 8, tree_beam_width: 4 } }, conditional_search: ConditionalCandidateSearchConfig { enabled: false, branch_and_bound_candidate_threshold: 64, candidate_cache_minimum_expected_reuse: 2 }, parallel: ParallelConfig { enabled: true, threads: None, parallel_candidates: true, parallel_beam_states: true, minimum_parallel_work: 2 }, pruning: PruningConfig { enabled: true, validation_fraction: 0.2, alpha_nodes: 0.0, alpha_leaves: 0.0, alpha_literals: 0.0, alpha_axp: 0.0, accuracy_epsilon: 0.005, use_one_standard_error_rule: false, selection_mode: EpsilonPareto, class_aware: ClassAwarePruningConfig { enabled: false, accuracy_epsilon: 0.005, balanced_accuracy_epsilon: 0.005, minimum_minority_recall: None, minimum_validation_samples: 20, minimum_validation_samples_per_class: 3, root_collapse_majority_threshold: 0.9, preserve_subtree_when_evidence_insufficient: true } }, adaptive_language: AdaptiveLanguageConfig { enabled: true, total_candidate_budget: 64, minimum_family_quota: 2, pilot_candidates_per_family: 4, temperature: 1.0, diversity_top_k_per_family: 1 }, axp_rerank: AxpRerankConfig { enabled: false, shortlist_size: 8, validation_samples: 8, weight_mean_axp: 0.001, weight_max_axp: 0.0005, timeout_ms: None }, allowed_languages: AllowedLanguages(""AntiHorn""), language_policy: SmartCertified, theorem_mode: true, random_seed: 42 }",cals_antihorn,"Single-language CALS (AntiHorn)",certified,0.9767181970571801,0,15,2.1501210653753025,1,1,5369,0,StructuralAntiHorn,AntiHornCnf,"",true,42,2,deterministic_hash_70_30_first_label,SparseLookahead,SparseCertified,16,8,2,18446744073709551615,true,165,15,83,8,164,14,0.9780526735833999,0.9796488427773344,0.9208292900820972,0.921707253207646,0.8508771929824561,0.8508771929824561,0.9907813871817384,0.9925373134328358,0.9319044280648812,0.9363372314570966,0.8508771929824561,0.8508771929824561,"0:2278|1:228",no_change,"objective_improved:73|no_change:9",4616,2887,0,99,0,93,0,184,4197,20548,4341,91,93,0,165,0,1,"{""AntiHorn"": 7}",AntiHorn,0,6,0.572476051,0.571590474,0.000885577,0,false,false,true,""
"HTRU_2-bin",0,7,cals_square2cnf,cals,"Square2CNF",single_language,0.9733656174334141,89.394294323,0.000061376,19,36,10,7,2.148631029986962,351.391687181,post_selection_final_tree,0,5369,5369,true,Square2Cnf,TwoSat,"two_sat","TwoSat",true,ef0cd1a,"LearnerConfig { max_depth: 7, min_samples_split: 2, min_samples_leaf: 1, max_candidates_per_node: 16, beam_width: 16, split_score: SplitScoreConfig { profile: SparseCertified, gain_weight: 1.0, gain_ratio_weight: 0.03, balance_weight: 0.01, literal_penalty: 0.004, family_complexity_penalty: 0.002, child_fragmentation_penalty: 0.005, estimated_subtree_penalty: 0.01, instability_penalty: 0.0, tie_epsilon: 1e-9 }, branch_and_bound: BranchAndBoundConfig { enabled: true, exhaustive_fallback: true, max_partial_states: 100000, max_candidates: 100000, top_k: 16 }, cache: CacheConfig { enabled: true, node_statistics: true, predicate_masks: true, candidate_pools: true, best_subtrees: true, lookahead: true, max_entries: 20000, approximate_byte_limit: 268435456 }, tree_search: TreeSearchConfig { strategy: SparseLookahead, tree_beam_width: 8, candidate_beam_width: 16, lookahead_depth: 2, max_expansions: 1000, node_budget: 18446744073709551615, time_budget_ms: None, frontier_selection: HighestError, selective: SelectiveLookaheadConfig { enabled: false, maximum_depth: 2, ambiguity_margin: 0.01, minimum_confident_gain: 0.02, large_node_threshold: 500, candidate_beam_width: 8, tree_beam_width: 4 } }, conditional_search: ConditionalCandidateSearchConfig { enabled: false, branch_and_bound_candidate_threshold: 64, candidate_cache_minimum_expected_reuse: 2 }, parallel: ParallelConfig { enabled: true, threads: None, parallel_candidates: true, parallel_beam_states: true, minimum_parallel_work: 2 }, pruning: PruningConfig { enabled: true, validation_fraction: 0.2, alpha_nodes: 0.0, alpha_leaves: 0.0, alpha_literals: 0.0, alpha_axp: 0.0, accuracy_epsilon: 0.005, use_one_standard_error_rule: false, selection_mode: EpsilonPareto, class_aware: ClassAwarePruningConfig { enabled: false, accuracy_epsilon: 0.005, balanced_accuracy_epsilon: 0.005, minimum_minority_recall: None, minimum_validation_samples: 20, minimum_validation_samples_per_class: 3, root_collapse_majority_threshold: 0.9, preserve_subtree_when_evidence_insufficient: true } }, adaptive_language: AdaptiveLanguageConfig { enabled: true, total_candidate_budget: 64, minimum_family_quota: 2, pilot_candidates_per_family: 4, temperature: 1.0, diversity_top_k_per_family: 1 }, axp_rerank: AxpRerankConfig { enabled: false, shortlist_size: 8, validation_samples: 8, weight_mean_axp: 0.001, weight_max_axp: 0.0005, timeout_ms: None }, allowed_languages: AllowedLanguages(""Square2CNF""), language_policy: SmartCertified, theorem_mode: true, random_seed: 42 }",cals_square2cnf,"Single-language CALS (Square2CNF)",certified,0.9733656174334141,0,19,2.148631029986962,1,1,5369,0,TwoSat,TwoCnf,"",true,42,2,deterministic_hash_70_30_first_label,SparseLookahead,SparseCertified,16,8,2,18446744073709551615,true,135,19,68,10,268,36,0.9784517158818835,0.9784517158818835,0.9171017975139781,0.9052608474654591,0.8421052631578947,0.8157894736842105,0.9920983318700615,0.9947322212467077,0.9324532347814629,0.9307322346639804,0.8421052631578947,0.8157894736842105,"0:2278|1:228",no_change,"objective_improved:54|no_change:13",107308,3346,0,84,0,79,0,154,4468,59822,420941,75,79,0,135,0,1,"{""Square2Cnf"": 9}",Square2Cnf,0,10,89.394294323,89.393388058,0.000906265,0,false,false,true,""
"HTRU_2-bin",0,7,cals_affine,cals,"Affine",single_language,0.9737381262804992,8.750545698,0.000102236,21,25,11,7,3.4932017135406968,347.916669881,post_selection_final_tree,0,5369,5369,true,Affine,Gf2Gaussian,"affine_gf2","Gf2Gaussian",true,ef0cd1a,"LearnerConfig { max_depth: 7, min_samples_split: 2, min_samples_leaf: 1, max_candidates_per_node: 16, beam_width: 16, split_score: SplitScoreConfig { profile: SparseCertified, gain_weight: 1.0, gain_ratio_weight: 0.03, balance_weight: 0.01, literal_penalty: 0.004, family_complexity_penalty: 0.002, child_fragmentation_penalty: 0.005, estimated_subtree_penalty: 0.01, instability_penalty: 0.0, tie_epsilon: 1e-9 }, branch_and_bound: BranchAndBoundConfig { enabled: true, exhaustive_fallback: true, max_partial_states: 100000, max_candidates: 100000, top_k: 16 }, cache: CacheConfig { enabled: true, node_statistics: true, predicate_masks: true, candidate_pools: true, best_subtrees: true, lookahead: true, max_entries: 20000, approximate_byte_limit: 268435456 }, tree_search: TreeSearchConfig { strategy: SparseLookahead, tree_beam_width: 8, candidate_beam_width: 16, lookahead_depth: 2, max_expansions: 1000, node_budget: 18446744073709551615, time_budget_ms: None, frontier_selection: HighestError, selective: SelectiveLookaheadConfig { enabled: false, maximum_depth: 2, ambiguity_margin: 0.01, minimum_confident_gain: 0.02, large_node_threshold: 500, candidate_beam_width: 8, tree_beam_width: 4 } }, conditional_search: ConditionalCandidateSearchConfig { enabled: false, branch_and_bound_candidate_threshold: 64, candidate_cache_minimum_expected_reuse: 2 }, parallel: ParallelConfig { enabled: true, threads: None, parallel_candidates: true, parallel_beam_states: true, minimum_parallel_work: 2 }, pruning: PruningConfig { enabled: true, validation_fraction: 0.2, alpha_nodes: 0.0, alpha_leaves: 0.0, alpha_literals: 0.0, alpha_axp: 0.0, accuracy_epsilon: 0.005, use_one_standard_error_rule: false, selection_mode: EpsilonPareto, class_aware: ClassAwarePruningConfig { enabled: false, accuracy_epsilon: 0.005, balanced_accuracy_epsilon: 0.005, minimum_minority_recall: None, minimum_validation_samples: 20, minimum_validation_samples_per_class: 3, root_collapse_majority_threshold: 0.9, preserve_subtree_when_evidence_insufficient: true } }, adaptive_language: AdaptiveLanguageConfig { enabled: true, total_candidate_budget: 64, minimum_family_quota: 2, pilot_candidates_per_family: 4, temperature: 1.0, diversity_top_k_per_family: 1 }, axp_rerank: AxpRerankConfig { enabled: false, shortlist_size: 8, validation_samples: 8, weight_mean_axp: 0.001, weight_max_axp: 0.0005, timeout_ms: None }, allowed_languages: AllowedLanguages(""Affine""), language_policy: SmartCertified, theorem_mode: true, random_seed: 42 }",cals_affine,"Single-language CALS (Affine)",certified,0.9737381262804992,0,21,3.4932017135406968,1,1,5369,0,Gf2Gaussian,AffineGf2,"",true,42,2,deterministic_hash_70_30_first_label,SparseLookahead,SparseCertified,16,8,2,18446744073709551615,true,153,21,77,11,187,25,0.9776536312849162,0.9800478850758181,0.908768849252191,0.9160062689647737,0.8245614035087719,0.8377192982456141,0.9929762949956101,0.9942932396839332,0.9290716480672812,0.9366711143457869,0.8245614035087719,0.8377192982456141,"0:2278|1:228",no_change,"objective_improved:64|no_change:12",65552,3536,0,90,0,81,0,166,4828,80330,49105,85,81,0,153,0,1,"{""Affine"": 10}",Affine,0,12,8.750545698,8.749615292,0.000930406,0,false,false,true,""
"HTRU_2-bin",0,7,cals_compact_explain_horn,compact_explain,"Horn",single_language,0.9770907059042653,0.444374196,0.000055049,5,4,3,2,1.9985099646116595,340.822432714,post_selection_final_tree,0,5369,5369,true,Horn,StructuralHorn,"horn","StructuralHorn",true,ef0cd1a,"LearnerConfig { max_depth: 7, min_samples_split: 2, min_samples_leaf: 1, max_candidates_per_node: 16, beam_width: 16, split_score: SplitScoreConfig { profile: SparseCertified, gain_weight: 1.0, gain_ratio_weight: 0.03, balance_weight: 0.01, literal_penalty: 0.004, family_complexity_penalty: 0.002, child_fragmentation_penalty: 0.005, estimated_subtree_penalty: 0.01, instability_penalty: 0.0, tie_epsilon: 1e-9 }, branch_and_bound: BranchAndBoundConfig { enabled: true, exhaustive_fallback: true, max_partial_states: 100000, max_candidates: 100000, top_k: 8 }, cache: CacheConfig { enabled: true, node_statistics: false, predicate_masks: true, candidate_pools: true, best_subtrees: false, lookahead: false, max_entries: 10000, approximate_byte_limit: 134217728 }, tree_search: TreeSearchConfig { strategy: SelectiveLookahead, tree_beam_width: 4, candidate_beam_width: 16, lookahead_depth: 2, max_expansions: 500, node_budget: 18446744073709551615, time_budget_ms: None, frontier_selection: HighestError, selective: SelectiveLookaheadConfig { enabled: true, maximum_depth: 2, ambiguity_margin: 0.01, minimum_confident_gain: 0.02, large_node_threshold: 500, candidate_beam_width: 14, tree_beam_width: 4 } }, conditional_search: ConditionalCandidateSearchConfig { enabled: true, branch_and_bound_candidate_threshold: 64, candidate_cache_minimum_expected_reuse: 2 }, parallel: ParallelConfig { enabled: false, threads: Some(1), parallel_candidates: false, parallel_beam_states: false, minimum_parallel_work: 18446744073709551615 }, pruning: PruningConfig { enabled: true, validation_fraction: 0.2, alpha_nodes: 0.0, alpha_leaves: 0.0, alpha_literals: 0.0, alpha_axp: 0.0, accuracy_epsilon: 0.04, use_one_standard_error_rule: false, selection_mode: EpsilonPareto, class_aware: ClassAwarePruningConfig { enabled: true, accuracy_epsilon: 0.04, balanced_accuracy_epsilon: 0.4, minimum_minority_recall: None, minimum_validation_samples: 1, minimum_validation_samples_per_class: 1, root_collapse_majority_threshold: 0.9, preserve_subtree_when_evidence_insufficient: true } }, adaptive_language: AdaptiveLanguageConfig { enabled: true, total_candidate_budget: 56, minimum_family_quota: 2, pilot_candidates_per_family: 4, temperature: 1.0, diversity_top_k_per_family: 1 }, axp_rerank: AxpRerankConfig { enabled: false, shortlist_size: 8, validation_samples: 8, weight_mean_axp: 0.001, weight_max_axp: 0.0005, timeout_ms: None }, allowed_languages: AllowedLanguages(""Horn""), language_policy: SmartCertified, theorem_mode: true, random_seed: 42 }",cals_compact_explain_horn,"Single-language CompactExplain (Horn)",certified,0.9770907059042653,0,5,1.9985099646116595,1,1,5369,0,StructuralHorn,HornCnf,"",true,42,2,deterministic_hash_70_30_first_label,SelectiveLookahead,SparseCertified,16,4,2,18446744073709551615,true,155,5,78,3,154,4,0.9796488427773344,0.9784517158818835,0.921707253207646,0.9210487808634844,0.8508771929824561,0.8508771929824561,0.9925373134328358,0.9912203687445127,0.9363372314570966,0.9330059308692338,0.8508771929824561,0.8508771929824561,"0:2278|1:228",no_change,"objective_improved:47|insufficient_validation_support:19|no_change:11",3476,0,0,79,19,0,84,175,1372,14715,3351,91,84,0,155,0,1,"{""Horn"": 2}",Horn,0,2,0.444374196,0.443082633,0.001291563,0,false,false,true,""
"HTRU_2-bin",0,7,cals_compact_explain_antihorn,compact_explain,"AntiHorn",single_language,0.9770907059042653,0.429510569,0.000073918,5,4,3,2,1.9985099646116595,339.229343693,post_selection_final_tree,0,5369,5369,true,AntiHorn,StructuralAntiHorn,"antihorn","StructuralAntiHorn",true,ef0cd1a,"LearnerConfig { max_depth: 7, min_samples_split: 2, min_samples_leaf: 1, max_candidates_per_node: 16, beam_width: 16, split_score: SplitScoreConfig { profile: SparseCertified, gain_weight: 1.0, gain_ratio_weight: 0.03, balance_weight: 0.01, literal_penalty: 0.004, family_complexity_penalty: 0.002, child_fragmentation_penalty: 0.005, estimated_subtree_penalty: 0.01, instability_penalty: 0.0, tie_epsilon: 1e-9 }, branch_and_bound: BranchAndBoundConfig { enabled: true, exhaustive_fallback: true, max_partial_states: 100000, max_candidates: 100000, top_k: 8 }, cache: CacheConfig { enabled: true, node_statistics: false, predicate_masks: true, candidate_pools: true, best_subtrees: false, lookahead: false, max_entries: 10000, approximate_byte_limit: 134217728 }, tree_search: TreeSearchConfig { strategy: SelectiveLookahead, tree_beam_width: 4, candidate_beam_width: 16, lookahead_depth: 2, max_expansions: 500, node_budget: 18446744073709551615, time_budget_ms: None, frontier_selection: HighestError, selective: SelectiveLookaheadConfig { enabled: true, maximum_depth: 2, ambiguity_margin: 0.01, minimum_confident_gain: 0.02, large_node_threshold: 500, candidate_beam_width: 14, tree_beam_width: 4 } }, conditional_search: ConditionalCandidateSearchConfig { enabled: true, branch_and_bound_candidate_threshold: 64, candidate_cache_minimum_expected_reuse: 2 }, parallel: ParallelConfig { enabled: false, threads: Some(1), parallel_candidates: false, parallel_beam_states: false, minimum_parallel_work: 18446744073709551615 }, pruning: PruningConfig { enabled: true, validation_fraction: 0.2, alpha_nodes: 0.0, alpha_leaves: 0.0, alpha_literals: 0.0, alpha_axp: 0.0, accuracy_epsilon: 0.04, use_one_standard_error_rule: false, selection_mode: EpsilonPareto, class_aware: ClassAwarePruningConfig { enabled: true, accuracy_epsilon: 0.04, balanced_accuracy_epsilon: 0.4, minimum_minority_recall: None, minimum_validation_samples: 1, minimum_validation_samples_per_class: 1, root_collapse_majority_threshold: 0.9, preserve_subtree_when_evidence_insufficient: true } }, adaptive_language: AdaptiveLanguageConfig { enabled: true, total_candidate_budget: 56, minimum_family_quota: 2, pilot_candidates_per_family: 4, temperature: 1.0, diversity_top_k_per_family: 1 }, axp_rerank: AxpRerankConfig { enabled: false, shortlist_size: 8, validation_samples: 8, weight_mean_axp: 0.001, weight_max_axp: 0.0005, timeout_ms: None }, allowed_languages: AllowedLanguages(""AntiHorn""), language_policy: SmartCertified, theorem_mode: true, random_seed: 42 }",cals_compact_explain_antihorn,"Single-language CompactExplain (AntiHorn)",certified,0.9770907059042653,0,5,1.9985099646116595,1,1,5369,0,StructuralAntiHorn,AntiHornCnf,"",true,42,2,deterministic_hash_70_30_first_label,SelectiveLookahead,SparseCertified,16,4,2,18446744073709551615,true,165,5,83,3,164,4,0.9796488427773344,0.9784517158818835,0.921707253207646,0.9210487808634844,0.8508771929824561,0.8508771929824561,0.9925373134328358,0.9912203687445127,0.9363372314570966,0.9330059308692338,0.8508771929824561,0.8508771929824561,"0:2278|1:228",no_change,"objective_improved:50|insufficient_validation_support:22|no_change:10",3252,0,0,87,19,0,88,191,1500,13758,3331,103,88,0,165,0,1,"{""AntiHorn"": 2}",AntiHorn,0,2,0.429510569,0.42829052500000003,0.001220044,0,false,false,true,""
"HTRU_2-bin",0,7,cals_compact_explain_square2cnf,compact_explain,"Square2CNF",single_language,0.9767181970571801,36.037974787,0.000045456,5,8,3,2,2.0830694728999815,341.387647116,post_selection_final_tree,0,5369,5369,true,Square2Cnf,TwoSat,"two_sat","TwoSat",true,ef0cd1a,"LearnerConfig { max_depth: 7, min_samples_split: 2, min_samples_leaf: 1, max_candidates_per_node: 16, beam_width: 16, split_score: SplitScoreConfig { profile: SparseCertified, gain_weight: 1.0, gain_ratio_weight: 0.03, balance_weight: 0.01, literal_penalty: 0.004, family_complexity_penalty: 0.002, child_fragmentation_penalty: 0.005, estimated_subtree_penalty: 0.01, instability_penalty: 0.0, tie_epsilon: 1e-9 }, branch_and_bound: BranchAndBoundConfig { enabled: true, exhaustive_fallback: true, max_partial_states: 100000, max_candidates: 100000, top_k: 8 }, cache: CacheConfig { enabled: true, node_statistics: false, predicate_masks: true, candidate_pools: true, best_subtrees: false, lookahead: false, max_entries: 10000, approximate_byte_limit: 134217728 }, tree_search: TreeSearchConfig { strategy: SelectiveLookahead, tree_beam_width: 4, candidate_beam_width: 16, lookahead_depth: 2, max_expansions: 500, node_budget: 18446744073709551615, time_budget_ms: None, frontier_selection: HighestError, selective: SelectiveLookaheadConfig { enabled: true, maximum_depth: 2, ambiguity_margin: 0.01, minimum_confident_gain: 0.02, large_node_threshold: 500, candidate_beam_width: 14, tree_beam_width: 4 } }, conditional_search: ConditionalCandidateSearchConfig { enabled: true, branch_and_bound_candidate_threshold: 64, candidate_cache_minimum_expected_reuse: 2 }, parallel: ParallelConfig { enabled: false, threads: Some(1), parallel_candidates: false, parallel_beam_states: false, minimum_parallel_work: 18446744073709551615 }, pruning: PruningConfig { enabled: true, validation_fraction: 0.2, alpha_nodes: 0.0, alpha_leaves: 0.0, alpha_literals: 0.0, alpha_axp: 0.0, accuracy_epsilon: 0.04, use_one_standard_error_rule: false, selection_mode: EpsilonPareto, class_aware: ClassAwarePruningConfig { enabled: true, accuracy_epsilon: 0.04, balanced_accuracy_epsilon: 0.4, minimum_minority_recall: None, minimum_validation_samples: 1, minimum_validation_samples_per_class: 1, root_collapse_majority_threshold: 0.9, preserve_subtree_when_evidence_insufficient: true } }, adaptive_language: AdaptiveLanguageConfig { enabled: true, total_candidate_budget: 56, minimum_family_quota: 2, pilot_candidates_per_family: 4, temperature: 1.0, diversity_top_k_per_family: 1 }, axp_rerank: AxpRerankConfig { enabled: false, shortlist_size: 8, validation_samples: 8, weight_mean_axp: 0.001, weight_max_axp: 0.0005, timeout_ms: None }, allowed_languages: AllowedLanguages(""Square2CNF""), language_policy: SmartCertified, theorem_mode: true, random_seed: 42 }",cals_compact_explain_square2cnf,"Single-language CompactExplain (Square2CNF)",certified,0.9767181970571801,0,5,2.0830694728999815,1,1,5369,0,TwoSat,TwoCnf,"",true,42,2,deterministic_hash_70_30_first_label,SelectiveLookahead,SparseCertified,16,4,2,18446744073709551615,true,145,5,73,3,288,8,0.9780526735833999,0.9772545889864326,0.9228027817568505,0.9144698334950634,0.8552631578947368,0.8377192982456141,0.990342405618964,0.9912203687445127,0.9321807889032949,0.9288474939814608,0.8552631578947368,0.8377192982456141,"0:2278|1:228",no_change,"objective_improved:43|insufficient_validation_support:18|no_change:11",73629,0,0,74,19,0,79,165,1344,28843,260032,86,79,0,145,0,1,"{""Square2Cnf"": 2}",Square2Cnf,0,3,36.037974787,36.036756195,0.001218592,0,false,false,true,""
"HTRU_2-bin",0,7,cals_compact_explain_affine,compact_explain,"Affine",single_language,0.9769044514807227,5.60662572,0.000079424,5,6,3,2,3.088657105606258,340.367865013,post_selection_final_tree,0,5369,5369,true,Affine,Gf2Gaussian,"affine_gf2","Gf2Gaussian",true,ef0cd1a,"LearnerConfig { max_depth: 7, min_samples_split: 2, min_samples_leaf: 1, max_candidates_per_node: 16, beam_width: 16, split_score: SplitScoreConfig { profile: SparseCertified, gain_weight: 1.0, gain_ratio_weight: 0.03, balance_weight: 0.01, literal_penalty: 0.004, family_complexity_penalty: 0.002, child_fragmentation_penalty: 0.005, estimated_subtree_penalty: 0.01, instability_penalty: 0.0, tie_epsilon: 1e-9 }, branch_and_bound: BranchAndBoundConfig { enabled: true, exhaustive_fallback: true, max_partial_states: 100000, max_candidates: 100000, top_k: 8 }, cache: CacheConfig { enabled: true, node_statistics: false, predicate_masks: true, candidate_pools: true, best_subtrees: false, lookahead: false, max_entries: 10000, approximate_byte_limit: 134217728 }, tree_search: TreeSearchConfig { strategy: SelectiveLookahead, tree_beam_width: 4, candidate_beam_width: 16, lookahead_depth: 2, max_expansions: 500, node_budget: 18446744073709551615, time_budget_ms: None, frontier_selection: HighestError, selective: SelectiveLookaheadConfig { enabled: true, maximum_depth: 2, ambiguity_margin: 0.01, minimum_confident_gain: 0.02, large_node_threshold: 500, candidate_beam_width: 14, tree_beam_width: 4 } }, conditional_search: ConditionalCandidateSearchConfig { enabled: true, branch_and_bound_candidate_threshold: 64, candidate_cache_minimum_expected_reuse: 2 }, parallel: ParallelConfig { enabled: false, threads: Some(1), parallel_candidates: false, parallel_beam_states: false, minimum_parallel_work: 18446744073709551615 }, pruning: PruningConfig { enabled: true, validation_fraction: 0.2, alpha_nodes: 0.0, alpha_leaves: 0.0, alpha_literals: 0.0, alpha_axp: 0.0, accuracy_epsilon: 0.04, use_one_standard_error_rule: false, selection_mode: EpsilonPareto, class_aware: ClassAwarePruningConfig { enabled: true, accuracy_epsilon: 0.04, balanced_accuracy_epsilon: 0.4, minimum_minority_recall: None, minimum_validation_samples: 1, minimum_validation_samples_per_class: 1, root_collapse_majority_threshold: 0.9, preserve_subtree_when_evidence_insufficient: true } }, adaptive_language: AdaptiveLanguageConfig { enabled: true, total_candidate_budget: 56, minimum_family_quota: 2, pilot_candidates_per_family: 4, temperature: 1.0, diversity_top_k_per_family: 1 }, axp_rerank: AxpRerankConfig { enabled: false, shortlist_size: 8, validation_samples: 8, weight_mean_axp: 0.001, weight_max_axp: 0.0005, timeout_ms: None }, allowed_languages: AllowedLanguages(""Affine""), language_policy: SmartCertified, theorem_mode: true, random_seed: 42 }",cals_compact_explain_affine,"Single-language CompactExplain (Affine)",certified,0.9769044514807227,0,5,3.088657105606258,1,1,5369,0,Gf2Gaussian,AffineGf2,"",true,42,2,deterministic_hash_70_30_first_label,SelectiveLookahead,SparseCertified,16,4,2,18446744073709551615,true,157,5,79,3,191,6,0.9744612928970471,0.9768555466879489,0.8991189563020809,0.9300382761117016,0.8070175438596491,0.8728070175438597,0.9912203687445127,0.9872695346795435,0.9189390263626072,0.9300382761117016,0.8070175438596491,0.8728070175438597,"0:2278|1:228",no_change,"objective_improved:49|insufficient_validation_support:22|no_change:7",44494,0,0,82,17,0,81,177,1486,48649,39619,96,81,0,157,0,1,"{""Affine"": 2}",Affine,0,4,5.60662572,5.605349487000001,0.001276233,0,false,false,true,""
"HTRU_2-bin",1,7,cals_horn,cals,"Horn",single_language,0.9769044514807227,0.576309404,0.000051295,5,4,3,2,1.9996274911529148,338.607350323,post_selection_final_tree,0,5369,5369,true,Horn,StructuralHorn,"horn","StructuralHorn",true,ef0cd1a,"LearnerConfig { max_depth: 7, min_samples_split: 2, min_samples_leaf: 1, max_candidates_per_node: 16, beam_width: 16, split_score: SplitScoreConfig { profile: SparseCertified, gain_weight: 1.0, gain_ratio_weight: 0.03, balance_weight: 0.01, literal_penalty: 0.004, family_complexity_penalty: 0.002, child_fragmentation_penalty: 0.005, estimated_subtree_penalty: 0.01, instability_penalty: 0.0, tie_epsilon: 1e-9 }, branch_and_bound: BranchAndBoundConfig { enabled: true, exhaustive_fallback: true, max_partial_states: 100000, max_candidates: 100000, top_k: 16 }, cache: CacheConfig { enabled: true, node_statistics: true, predicate_masks: true, candidate_pools: true, best_subtrees: true, lookahead: true, max_entries: 20000, approximate_byte_limit: 268435456 }, tree_search: TreeSearchConfig { strategy: SparseLookahead, tree_beam_width: 8, candidate_beam_width: 16, lookahead_depth: 2, max_expansions: 1000, node_budget: 18446744073709551615, time_budget_ms: None, frontier_selection: HighestError, selective: SelectiveLookaheadConfig { enabled: false, maximum_depth: 2, ambiguity_margin: 0.01, minimum_confident_gain: 0.02, large_node_threshold: 500, candidate_beam_width: 8, tree_beam_width: 4 } }, conditional_search: ConditionalCandidateSearchConfig { enabled: false, branch_and_bound_candidate_threshold: 64, candidate_cache_minimum_expected_reuse: 2 }, parallel: ParallelConfig { enabled: true, threads: None, parallel_candidates: true, parallel_beam_states: true, minimum_parallel_work: 2 }, pruning: PruningConfig { enabled: true, validation_fraction: 0.2, alpha_nodes: 0.0, alpha_leaves: 0.0, alpha_literals: 0.0, alpha_axp: 0.0, accuracy_epsilon: 0.005, use_one_standard_error_rule: false, selection_mode: EpsilonPareto, class_aware: ClassAwarePruningConfig { enabled: false, accuracy_epsilon: 0.005, balanced_accuracy_epsilon: 0.005, minimum_minority_recall: None, minimum_validation_samples: 20, minimum_validation_samples_per_class: 3, root_collapse_majority_threshold: 0.9, preserve_subtree_when_evidence_insufficient: true } }, adaptive_language: AdaptiveLanguageConfig { enabled: true, total_candidate_budget: 64, minimum_family_quota: 2, pilot_candidates_per_family: 4, temperature: 1.0, diversity_top_k_per_family: 1 }, axp_rerank: AxpRerankConfig { enabled: false, shortlist_size: 8, validation_samples: 8, weight_mean_axp: 0.001, weight_max_axp: 0.0005, timeout_ms: None }, allowed_languages: AllowedLanguages(""Horn""), language_policy: SmartCertified, theorem_mode: true, random_seed: 43 }",cals_horn,"Single-language CALS (Horn)",certified,0.9769044514807227,0,5,1.9996274911529148,1,1,5369,0,StructuralHorn,HornCnf,"",true,43,2,deterministic_hash_70_30_first_label,SparseLookahead,SparseCertified,16,8,2,18446744073709551615,true,165,5,83,3,164,4,0.9728651237031125,0.9740622505985634,0.9061349598755448,0.9186343822682255,0.8245614035087719,0.8508771929824561,0.9877085162423178,0.9863915715539947,0.9159803411116896,0.9211273143339691,0.8245614035087719,0.8508771929824561,"0:2278|1:228",no_change,"objective_improved:73|no_change:9",5226,3357,0,96,0,94,0,178,4641,22605,4316,84,94,0,165,0,1,"{""Horn"": 2}",Horn,0,2,0.576309404,0.575399837,0.000909567,0,false,false,true,""
"HTRU_2-bin",1,7,cals_antihorn,cals,"AntiHorn",single_language,0.9739243807040417,0.52159233,0.000077368,13,12,7,6,2.1422983795865154,341.377387745,post_selection_final_tree,0,5369,5369,true,AntiHorn,StructuralAntiHorn,"antihorn","StructuralAntiHorn",true,ef0cd1a,"LearnerConfig { max_depth: 7, min_samples_split: 2, min_samples_leaf: 1, max_candidates_per_node: 16, beam_width: 16, split_score: SplitScoreConfig { profile: SparseCertified, gain_weight: 1.0, gain_ratio_weight: 0.03, balance_weight: 0.01, literal_penalty: 0.004, family_complexity_penalty: 0.002, child_fragmentation_penalty: 0.005, estimated_subtree_penalty: 0.01, instability_penalty: 0.0, tie_epsilon: 1e-9 }, branch_and_bound: BranchAndBoundConfig { enabled: true, exhaustive_fallback: true, max_partial_states: 100000, max_candidates: 100000, top_k: 16 }, cache: CacheConfig { enabled: true, node_statistics: true, predicate_masks: true, candidate_pools: true, best_subtrees: true, lookahead: true, max_entries: 20000, approximate_byte_limit: 268435456 }, tree_search: TreeSearchConfig { strategy: SparseLookahead, tree_beam_width: 8, candidate_beam_width: 16, lookahead_depth: 2, max_expansions: 1000, node_budget: 18446744073709551615, time_budget_ms: None, frontier_selection: HighestError, selective: SelectiveLookaheadConfig { enabled: false, maximum_depth: 2, ambiguity_margin: 0.01, minimum_confident_gain: 0.02, large_node_threshold: 500, candidate_beam_width: 8, tree_beam_width: 4 } }, conditional_search: ConditionalCandidateSearchConfig { enabled: false, branch_and_bound_candidate_threshold: 64, candidate_cache_minimum_expected_reuse: 2 }, parallel: ParallelConfig { enabled: true, threads: None, parallel_candidates: true, parallel_beam_states: true, minimum_parallel_work: 2 }, pruning: PruningConfig { enabled: true, validation_fraction: 0.2, alpha_nodes: 0.0, alpha_leaves: 0.0, alpha_literals: 0.0, alpha_axp: 0.0, accuracy_epsilon: 0.005, use_one_standard_error_rule: false, selection_mode: EpsilonPareto, class_aware: ClassAwarePruningConfig { enabled: false, accuracy_epsilon: 0.005, balanced_accuracy_epsilon: 0.005, minimum_minority_recall: None, minimum_validation_samples: 20, minimum_validation_samples_per_class: 3, root_collapse_majority_threshold: 0.9, preserve_subtree_when_evidence_insufficient: true } }, adaptive_language: AdaptiveLanguageConfig { enabled: true, total_candidate_budget: 64, minimum_family_quota: 2, pilot_candidates_per_family: 4, temperature: 1.0, diversity_top_k_per_family: 1 }, axp_rerank: AxpRerankConfig { enabled: false, shortlist_size: 8, validation_samples: 8, weight_mean_axp: 0.001, weight_max_axp: 0.0005, timeout_ms: None }, allowed_languages: AllowedLanguages(""AntiHorn""), language_policy: SmartCertified, theorem_mode: true, random_seed: 43 }",cals_antihorn,"Single-language CALS (AntiHorn)",certified,0.9739243807040417,0,13,2.1422983795865154,1,1,5369,0,StructuralAntiHorn,AntiHornCnf,"",true,43,2,deterministic_hash_70_30_first_label,SparseLookahead,SparseCertified,16,8,2,18446744073709551615,true,145,13,73,7,144,12,0.970071827613727,0.9760574620909817,0.8986780493815751,0.9059173944518892,0.8114035087719298,0.8201754385964912,0.9859525899912204,0.9916593503072871,0.9075192575954023,0.9243224960892911,0.8114035087719298,0.8201754385964912,"0:2278|1:228",no_change,"objective_improved:65|no_change:7",4632,2981,0,86,0,83,0,158,4168,19315,4031,75,83,0,145,0,1,"{""AntiHorn"": 6}",AntiHorn,0,5,0.52159233,0.5207113040000001,0.000881026,0,false,false,true,""
"HTRU_2-bin",1,7,cals_square2cnf,cals,"Square2CNF",single_language,0.9767181970571801,83.288060416,0.000091166,25,48,13,7,4.119575339914323,363.237210604,post_selection_final_tree,0,5369,5369,true,Square2Cnf,TwoSat,"two_sat","TwoSat",true,ef0cd1a,"LearnerConfig { max_depth: 7, min_samples_split: 2, min_samples_leaf: 1, max_candidates_per_node: 16, beam_width: 16, split_score: SplitScoreConfig { profile: SparseCertified, gain_weight: 1.0, gain_ratio_weight: 0.03, balance_weight: 0.01, literal_penalty: 0.004, family_complexity_penalty: 0.002, child_fragmentation_penalty: 0.005, estimated_subtree_penalty: 0.01, instability_penalty: 0.0, tie_epsilon: 1e-9 }, branch_and_bound: BranchAndBoundConfig { enabled: true, exhaustive_fallback: true, max_partial_states: 100000, max_candidates: 100000, top_k: 16 }, cache: CacheConfig { enabled: true, node_statistics: true, predicate_masks: true, candidate_pools: true, best_subtrees: true, lookahead: true, max_entries: 20000, approximate_byte_limit: 268435456 }, tree_search: TreeSearchConfig { strategy: SparseLookahead, tree_beam_width: 8, candidate_beam_width: 16, lookahead_depth: 2, max_expansions: 1000, node_budget: 18446744073709551615, time_budget_ms: None, frontier_selection: HighestError, selective: SelectiveLookaheadConfig { enabled: false, maximum_depth: 2, ambiguity_margin: 0.01, minimum_confident_gain: 0.02, large_node_threshold: 500, candidate_beam_width: 8, tree_beam_width: 4 } }, conditional_search: ConditionalCandidateSearchConfig { enabled: false, branch_and_bound_candidate_threshold: 64, candidate_cache_minimum_expected_reuse: 2 }, parallel: ParallelConfig { enabled: true, threads: None, parallel_candidates: true, parallel_beam_states: true, minimum_parallel_work: 2 }, pruning: PruningConfig { enabled: true, validation_fraction: 0.2, alpha_nodes: 0.0, alpha_leaves: 0.0, alpha_literals: 0.0, alpha_axp: 0.0, accuracy_epsilon: 0.005, use_one_standard_error_rule: false, selection_mode: EpsilonPareto, class_aware: ClassAwarePruningConfig { enabled: false, accuracy_epsilon: 0.005, balanced_accuracy_epsilon: 0.005, minimum_minority_recall: None, minimum_validation_samples: 20, minimum_validation_samples_per_class: 3, root_collapse_majority_threshold: 0.9, preserve_subtree_when_evidence_insufficient: true } }, adaptive_language: AdaptiveLanguageConfig { enabled: true, total_candidate_budget: 64, minimum_family_quota: 2, pilot_candidates_per_family: 4, temperature: 1.0, diversity_top_k_per_family: 1 }, axp_rerank: AxpRerankConfig { enabled: false, shortlist_size: 8, validation_samples: 8, weight_mean_axp: 0.001, weight_max_axp: 0.0005, timeout_ms: None }, allowed_languages: AllowedLanguages(""Square2CNF""), language_policy: SmartCertified, theorem_mode: true, random_seed: 43 }",cals_square2cnf,"Single-language CALS (Square2CNF)",certified,0.9767181970571801,0,25,4.119575339914323,1,1,5369,0,TwoSat,TwoCnf,"",true,43,2,deterministic_hash_70_30_first_label,SparseLookahead,SparseCertified,16,8,2,18446744073709551615,true,131,25,66,13,260,48,0.9744612928970471,0.9768555466879489,0.9070129230010936,0.9103033593641698,0.8245614035087719,0.8289473684210527,0.9894644424934153,0.9916593503072871,0.920273602163366,0.9271488259446974,0.8245614035087719,0.8289473684210527,"0:2278|1:228",no_change,"objective_improved:53|no_change:12",120119,3095,0,83,0,78,0,152,4133,67333,398178,74,78,0,131,0,1,"{""Square2Cnf"": 12}",Square2Cnf,0,9,83.288060416,83.287209702,0.000850714,0,false,false,true,""
"HTRU_2-bin",1,7,cals_affine,cals,"Affine",single_language,0.9785807412926057,7.573210549,0.00010734,23,27,12,7,5.290929409573478,354.500470905,post_selection_final_tree,0,5369,5369,true,Affine,Gf2Gaussian,"affine_gf2","Gf2Gaussian",true,ef0cd1a,"LearnerConfig { max_depth: 7, min_samples_split: 2, min_samples_leaf: 1, max_candidates_per_node: 16, beam_width: 16, split_score: SplitScoreConfig { profile: SparseCertified, gain_weight: 1.0, gain_ratio_weight: 0.03, balance_weight: 0.01, literal_penalty: 0.004, family_complexity_penalty: 0.002, child_fragmentation_penalty: 0.005, estimated_subtree_penalty: 0.01, instability_penalty: 0.0, tie_epsilon: 1e-9 }, branch_and_bound: BranchAndBoundConfig { enabled: true, exhaustive_fallback: true, max_partial_states: 100000, max_candidates: 100000, top_k: 16 }, cache: CacheConfig { enabled: true, node_statistics: true, predicate_masks: true, candidate_pools: true, best_subtrees: true, lookahead: true, max_entries: 20000, approximate_byte_limit: 268435456 }, tree_search: TreeSearchConfig { strategy: SparseLookahead, tree_beam_width: 8, candidate_beam_width: 16, lookahead_depth: 2, max_expansions: 1000, node_budget: 18446744073709551615, time_budget_ms: None, frontier_selection: HighestError, selective: SelectiveLookaheadConfig { enabled: false, maximum_depth: 2, ambiguity_margin: 0.01, minimum_confident_gain: 0.02, large_node_threshold: 500, candidate_beam_width: 8, tree_beam_width: 4 } }, conditional_search: ConditionalCandidateSearchConfig { enabled: false, branch_and_bound_candidate_threshold: 64, candidate_cache_minimum_expected_reuse: 2 }, parallel: ParallelConfig { enabled: true, threads: None, parallel_candidates: true, parallel_beam_states: true, minimum_parallel_work: 2 }, pruning: PruningConfig { enabled: true, validation_fraction: 0.2, alpha_nodes: 0.0, alpha_leaves: 0.0, alpha_literals: 0.0, alpha_axp: 0.0, accuracy_epsilon: 0.005, use_one_standard_error_rule: false, selection_mode: EpsilonPareto, class_aware: ClassAwarePruningConfig { enabled: false, accuracy_epsilon: 0.005, balanced_accuracy_epsilon: 0.005, minimum_minority_recall: None, minimum_validation_samples: 20, minimum_validation_samples_per_class: 3, root_collapse_majority_threshold: 0.9, preserve_subtree_when_evidence_insufficient: true } }, adaptive_language: AdaptiveLanguageConfig { enabled: true, total_candidate_budget: 64, minimum_family_quota: 2, pilot_candidates_per_family: 4, temperature: 1.0, diversity_top_k_per_family: 1 }, axp_rerank: AxpRerankConfig { enabled: false, shortlist_size: 8, validation_samples: 8, weight_mean_axp: 0.001, weight_max_axp: 0.0005, timeout_ms: None }, allowed_languages: AllowedLanguages(""Affine""), language_policy: SmartCertified, theorem_mode: true, random_seed: 43 }",cals_affine,"Single-language CALS (Affine)",certified,0.9785807412926057,0,23,5.290929409573478,1,1,5369,0,Gf2Gaussian,AffineGf2,"",true,43,2,deterministic_hash_70_30_first_label,SparseLookahead,SparseCertified,16,8,2,18446744073709551615,true,137,23,69,12,157,27,0.9748603351955307,0.975658419792498,0.9072324137824808,0.9037244119957488,0.8245614035087719,0.8157894736842105,0.9899034240561896,0.9916593503072871,0.9213577565058253,0.9229003579449712,0.8245614035087719,0.8157894736842105,"0:2278|1:228",no_change,"objective_improved:56|no_change:12",58364,3212,0,82,0,74,0,150,4394,74569,43794,76,74,0,137,0,1,"{""Affine"": 11}",Affine,0,13,7.573210549,7.572291599,0.00091895,0,false,false,true,""
"HTRU_2-bin",1,7,cals_compact_explain_horn,compact_explain,"Horn",single_language,0.9769044514807227,0.501798983,0.000053012,5,4,3,2,1.9996274911529148,339.050819722,post_selection_final_tree,0,5369,5369,true,Horn,StructuralHorn,"horn","StructuralHorn",true,ef0cd1a,"LearnerConfig { max_depth: 7, min_samples_split: 2, min_samples_leaf: 1, max_candidates_per_node: 16, beam_width: 16, split_score: SplitScoreConfig { profile: SparseCertified, gain_weight: 1.0, gain_ratio_weight: 0.03, balance_weight: 0.01, literal_penalty: 0.004, family_complexity_penalty: 0.002, child_fragmentation_penalty: 0.005, estimated_subtree_penalty: 0.01, instability_penalty: 0.0, tie_epsilon: 1e-9 }, branch_and_bound: BranchAndBoundConfig { enabled: true, exhaustive_fallback: true, max_partial_states: 100000, max_candidates: 100000, top_k: 8 }, cache: CacheConfig { enabled: true, node_statistics: false, predicate_masks: true, candidate_pools: true, best_subtrees: false, lookahead: false, max_entries: 10000, approximate_byte_limit: 134217728 }, tree_search: TreeSearchConfig { strategy: SelectiveLookahead, tree_beam_width: 4, candidate_beam_width: 16, lookahead_depth: 2, max_expansions: 500, node_budget: 18446744073709551615, time_budget_ms: None, frontier_selection: HighestError, selective: SelectiveLookaheadConfig { enabled: true, maximum_depth: 2, ambiguity_margin: 0.01, minimum_confident_gain: 0.02, large_node_threshold: 500, candidate_beam_width: 14, tree_beam_width: 4 } }, conditional_search: ConditionalCandidateSearchConfig { enabled: true, branch_and_bound_candidate_threshold: 64, candidate_cache_minimum_expected_reuse: 2 }, parallel: ParallelConfig { enabled: false, threads: Some(1), parallel_candidates: false, parallel_beam_states: false, minimum_parallel_work: 18446744073709551615 }, pruning: PruningConfig { enabled: true, validation_fraction: 0.2, alpha_nodes: 0.0, alpha_leaves: 0.0, alpha_literals: 0.0, alpha_axp: 0.0, accuracy_epsilon: 0.04, use_one_standard_error_rule: false, selection_mode: EpsilonPareto, class_aware: ClassAwarePruningConfig { enabled: true, accuracy_epsilon: 0.04, balanced_accuracy_epsilon: 0.4, minimum_minority_recall: None, minimum_validation_samples: 1, minimum_validation_samples_per_class: 1, root_collapse_majority_threshold: 0.9, preserve_subtree_when_evidence_insufficient: true } }, adaptive_language: AdaptiveLanguageConfig { enabled: true, total_candidate_budget: 56, minimum_family_quota: 2, pilot_candidates_per_family: 4, temperature: 1.0, diversity_top_k_per_family: 1 }, axp_rerank: AxpRerankConfig { enabled: false, shortlist_size: 8, validation_samples: 8, weight_mean_axp: 0.001, weight_max_axp: 0.0005, timeout_ms: None }, allowed_languages: AllowedLanguages(""Horn""), language_policy: SmartCertified, theorem_mode: true, random_seed: 43 }",cals_compact_explain_horn,"Single-language CompactExplain (Horn)",certified,0.9769044514807227,0,5,1.9996274911529148,1,1,5369,0,StructuralHorn,HornCnf,"",true,43,2,deterministic_hash_70_30_first_label,SelectiveLookahead,SparseCertified,16,4,2,18446744073709551615,true,165,5,83,3,164,4,0.9728651237031125,0.9740622505985634,0.9061349598755448,0.9186343822682255,0.8245614035087719,0.8508771929824561,0.9877085162423178,0.9863915715539947,0.9159803411116896,0.9211273143339691,0.8245614035087719,0.8508771929824561,"0:2278|1:228",no_change,"objective_improved:54|insufficient_validation_support:20|no_change:8",4100,0,0,85,15,0,95,182,1332,17021,3544,87,95,0,165,0,1,"{""Horn"": 2}",Horn,0,2,0.501798983,0.5004668290000001,0.001332154,0,false,false,true,""
"HTRU_2-bin",1,7,cals_compact_explain_antihorn,compact_explain,"AntiHorn",single_language,0.9769044514807227,0.440185909,0.00005453,5,4,3,2,1.9996274911529148,338.832606105,post_selection_final_tree,0,5369,5369,true,AntiHorn,StructuralAntiHorn,"antihorn","StructuralAntiHorn",true,ef0cd1a,"LearnerConfig { max_depth: 7, min_samples_split: 2, min_samples_leaf: 1, max_candidates_per_node: 16, beam_width: 16, split_score: SplitScoreConfig { profile: SparseCertified, gain_weight: 1.0, gain_ratio_weight: 0.03, balance_weight: 0.01, literal_penalty: 0.004, family_complexity_penalty: 0.002, child_fragmentation_penalty: 0.005, estimated_subtree_penalty: 0.01, instability_penalty: 0.0, tie_epsilon: 1e-9 }, branch_and_bound: BranchAndBoundConfig { enabled: true, exhaustive_fallback: true, max_partial_states: 100000, max_candidates: 100000, top_k: 8 }, cache: CacheConfig { enabled: true, node_statistics: false, predicate_masks: true, candidate_pools: true, best_subtrees: false, lookahead: false, max_entries: 10000, approximate_byte_limit: 134217728 }, tree_search: TreeSearchConfig { strategy: SelectiveLookahead, tree_beam_width: 4, candidate_beam_width: 16, lookahead_depth: 2, max_expansions: 500, node_budget: 18446744073709551615, time_budget_ms: None, frontier_selection: HighestError, selective: SelectiveLookaheadConfig { enabled: true, maximum_depth: 2, ambiguity_margin: 0.01, minimum_confident_gain: 0.02, large_node_threshold: 500, candidate_beam_width: 14, tree_beam_width: 4 } }, conditional_search: ConditionalCandidateSearchConfig { enabled: true, branch_and_bound_candidate_threshold: 64, candidate_cache_minimum_expected_reuse: 2 }, parallel: ParallelConfig { enabled: false, threads: Some(1), parallel_candidates: false, parallel_beam_states: false, minimum_parallel_work: 18446744073709551615 }, pruning: PruningConfig { enabled: true, validation_fraction: 0.2, alpha_nodes: 0.0, alpha_leaves: 0.0, alpha_literals: 0.0, alpha_axp: 0.0, accuracy_epsilon: 0.04, use_one_standard_error_rule: false, selection_mode: EpsilonPareto, class_aware: ClassAwarePruningConfig { enabled: true, accuracy_epsilon: 0.04, balanced_accuracy_epsilon: 0.4, minimum_minority_recall: None, minimum_validation_samples: 1, minimum_validation_samples_per_class: 1, root_collapse_majority_threshold: 0.9, preserve_subtree_when_evidence_insufficient: true } }, adaptive_language: AdaptiveLanguageConfig { enabled: true, total_candidate_budget: 56, minimum_family_quota: 2, pilot_candidates_per_family: 4, temperature: 1.0, diversity_top_k_per_family: 1 }, axp_rerank: AxpRerankConfig { enabled: false, shortlist_size: 8, validation_samples: 8, weight_mean_axp: 0.001, weight_max_axp: 0.0005, timeout_ms: None }, allowed_languages: AllowedLanguages(""AntiHorn""), language_policy: SmartCertified, theorem_mode: true, random_seed: 43 }",cals_compact_explain_antihorn,"Single-language CompactExplain (AntiHorn)",certified,0.9769044514807227,0,5,1.9996274911529148,1,1,5369,0,StructuralAntiHorn,AntiHornCnf,"",true,43,2,deterministic_hash_70_30_first_label,SelectiveLookahead,SparseCertified,16,4,2,18446744073709551615,true,143,5,72,3,142,4,0.970071827613727,0.9740622505985634,0.8986780493815751,0.9186343822682255,0.8114035087719298,0.8508771929824561,0.9859525899912204,0.9863915715539947,0.9075192575954023,0.9211273143339691,0.8114035087719298,0.8508771929824561,"0:2278|1:228",no_change,"objective_improved:50|insufficient_validation_support:15|no_change:6",3371,0,0,73,22,0,79,166,1356,13585,3198,87,79,0,143,0,1,"{""AntiHorn"": 2}",AntiHorn,0,2,0.440185909,0.438980806,0.001205103,0,false,false,true,""
"HTRU_2-bin",1,7,cals_compact_explain_square2cnf,compact_explain,"Square2CNF",single_language,0.9778357235984355,31.862909765,0.000044743,5,8,3,2,2.17321661389458,340.281363887,post_selection_final_tree,0,5369,5369,true,Square2Cnf,TwoSat,"two_sat","TwoSat",true,ef0cd1a,"LearnerConfig { max_depth: 7, min_samples_split: 2, min_samples_leaf: 1, max_candidates_per_node: 16, beam_width: 16, split_score: SplitScoreConfig { profile: SparseCertified, gain_weight: 1.0, gain_ratio_weight: 0.03, balance_weight: 0.01, literal_penalty: 0.004, family_complexity_penalty: 0.002, child_fragmentation_penalty: 0.005, estimated_subtree_penalty: 0.01, instability_penalty: 0.0, tie_epsilon: 1e-9 }, branch_and_bound: BranchAndBoundConfig { enabled: true, exhaustive_fallback: true, max_partial_states: 100000, max_candidates: 100000, top_k: 8 }, cache: CacheConfig { enabled: true, node_statistics: false, predicate_masks: true, candidate_pools: true, best_subtrees: false, lookahead: false, max_entries: 10000, approximate_byte_limit: 134217728 }, tree_search: TreeSearchConfig { strategy: SelectiveLookahead, tree_beam_width: 4, candidate_beam_width: 16, lookahead_depth: 2, max_expansions: 500, node_budget: 18446744073709551615, time_budget_ms: None, frontier_selection: HighestError, selective: SelectiveLookaheadConfig { enabled: true, maximum_depth: 2, ambiguity_margin: 0.01, minimum_confident_gain: 0.02, large_node_threshold: 500, candidate_beam_width: 14, tree_beam_width: 4 } }, conditional_search: ConditionalCandidateSearchConfig { enabled: true, branch_and_bound_candidate_threshold: 64, candidate_cache_minimum_expected_reuse: 2 }, parallel: ParallelConfig { enabled: false, threads: Some(1), parallel_candidates: false, parallel_beam_states: false, minimum_parallel_work: 18446744073709551615 }, pruning: PruningConfig { enabled: true, validation_fraction: 0.2, alpha_nodes: 0.0, alpha_leaves: 0.0, alpha_literals: 0.0, alpha_axp: 0.0, accuracy_epsilon: 0.04, use_one_standard_error_rule: false, selection_mode: EpsilonPareto, class_aware: ClassAwarePruningConfig { enabled: true, accuracy_epsilon: 0.04, balanced_accuracy_epsilon: 0.4, minimum_minority_recall: None, minimum_validation_samples: 1, minimum_validation_samples_per_class: 1, root_collapse_majority_threshold: 0.9, preserve_subtree_when_evidence_insufficient: true } }, adaptive_language: AdaptiveLanguageConfig { enabled: true, total_candidate_budget: 56, minimum_family_quota: 2, pilot_candidates_per_family: 4, temperature: 1.0, diversity_top_k_per_family: 1 }, axp_rerank: AxpRerankConfig { enabled: false, shortlist_size: 8, validation_samples: 8, weight_mean_axp: 0.001, weight_max_axp: 0.0005, timeout_ms: None }, allowed_languages: AllowedLanguages(""Square2CNF""), language_policy: SmartCertified, theorem_mode: true, random_seed: 43 }",cals_compact_explain_square2cnf,"Single-language CompactExplain (Square2CNF)",certified,0.9778357235984355,0,5,2.17321661389458,1,1,5369,0,TwoSat,TwoCnf,"",true,43,2,deterministic_hash_70_30_first_label,SelectiveLookahead,SparseCertified,16,4,2,18446744073709551615,true,127,5,64,3,252,8,0.9740622505985634,0.9732641660015962,0.9087669238944596,0.9103014340064384,0.8289473684210527,0.8333333333333334,0.9885864793678666,0.9872695346795435,0.9195234149857687,0.9177174837237909,0.8289473684210527,0.8333333333333334,"0:2278|1:228",no_change,"objective_improved:47|insufficient_validation_support:11|no_change:5",76932,0,0,70,16,0,72,151,1216,27270,227006,79,72,0,127,0,1,"{""Square2Cnf"": 2}",Square2Cnf,0,4,31.862909765,31.861662569,0.001247196,0,false,false,true,""
"HTRU_2-bin",1,7,cals_compact_explain_affine,compact_explain,"Affine",single_language,0.9765319426336375,4.708567846,0.000067045,5,6,3,2,3.087912087912088,340.929878913,post_selection_final_tree,0,5369,5369,true,Affine,Gf2Gaussian,"affine_gf2","Gf2Gaussian",true,ef0cd1a,"LearnerConfig { max_depth: 7, min_samples_split: 2, min_samples_leaf: 1, max_candidates_per_node: 16, beam_width: 16, split_score: SplitScoreConfig { profile: SparseCertified, gain_weight: 1.0, gain_ratio_weight: 0.03, balance_weight: 0.01, literal_penalty: 0.004, family_complexity_penalty: 0.002, child_fragmentation_penalty: 0.005, estimated_subtree_penalty: 0.01, instability_penalty: 0.0, tie_epsilon: 1e-9 }, branch_and_bound: BranchAndBoundConfig { enabled: true, exhaustive_fallback: true, max_partial_states: 100000, max_candidates: 100000, top_k: 8 }, cache: CacheConfig { enabled: true, node_statistics: false, predicate_masks: true, candidate_pools: true, best_subtrees: false, lookahead: false, max_entries: 10000, approximate_byte_limit: 134217728 }, tree_search: TreeSearchConfig { strategy: SelectiveLookahead, tree_beam_width: 4, candidate_beam_width: 16, lookahead_depth: 2, max_expansions: 500, node_budget: 18446744073709551615, time_budget_ms: None, frontier_selection: HighestError, selective: SelectiveLookaheadConfig { enabled: true, maximum_depth: 2, ambiguity_margin: 0.01, minimum_confident_gain: 0.02, large_node_threshold: 500, candidate_beam_width: 14, tree_beam_width: 4 } }, conditional_search: ConditionalCandidateSearchConfig { enabled: true, branch_and_bound_candidate_threshold: 64, candidate_cache_minimum_expected_reuse: 2 }, parallel: ParallelConfig { enabled: false, threads: Some(1), parallel_candidates: false, parallel_beam_states: false, minimum_parallel_work: 18446744073709551615 }, pruning: PruningConfig { enabled: true, validation_fraction: 0.2, alpha_nodes: 0.0, alpha_leaves: 0.0, alpha_literals: 0.0, alpha_axp: 0.0, accuracy_epsilon: 0.04, use_one_standard_error_rule: false, selection_mode: EpsilonPareto, class_aware: ClassAwarePruningConfig { enabled: true, accuracy_epsilon: 0.04, balanced_accuracy_epsilon: 0.4, minimum_minority_recall: None, minimum_validation_samples: 1, minimum_validation_samples_per_class: 1, root_collapse_majority_threshold: 0.9, preserve_subtree_when_evidence_insufficient: true } }, adaptive_language: AdaptiveLanguageConfig { enabled: true, total_candidate_budget: 56, minimum_family_quota: 2, pilot_candidates_per_family: 4, temperature: 1.0, diversity_top_k_per_family: 1 }, axp_rerank: AxpRerankConfig { enabled: false, shortlist_size: 8, validation_samples: 8, weight_mean_axp: 0.001, weight_max_axp: 0.0005, timeout_ms: None }, allowed_languages: AllowedLanguages(""Affine""), language_policy: SmartCertified, theorem_mode: true, random_seed: 43 }",cals_compact_explain_affine,"Single-language CompactExplain (Affine)",certified,0.9765319426336375,0,5,3.087912087912088,1,1,5369,0,Gf2Gaussian,AffineGf2,"",true,43,2,deterministic_hash_70_30_first_label,SelectiveLookahead,SparseCertified,16,4,2,18446744073709551615,true,131,5,66,3,155,6,0.9748603351955307,0.9724660814046289,0.9052589221077276,0.9078889607689109,0.8201754385964912,0.8289473684210527,0.990342405618964,0.9868305531167691,0.9210323742356605,0.9152612892080831,0.8201754385964912,0.8289473684210527,"0:2278|1:228",no_change,"objective_improved:36|insufficient_validation_support:16|no_change:13",41838,0,0,70,16,0,70,151,1272,42658,33735,81,70,0,131,0,1,"{""Affine"": 2}",Affine,0,4,4.708567846,4.707281293,0.001286553,0,false,false,true,""
"anneal",0,7,cals_horn,cals,"Horn",single_language,0.8524590163934426,0.020603258,0.000009328,15,14,8,7,3.401639344262295,0.77810321,post_selection_final_tree,0,244,244,true,Horn,StructuralHorn,"horn","StructuralHorn",true,ef0cd1a,"LearnerConfig { max_depth: 7, min_samples_split: 2, min_samples_leaf: 1, max_candidates_per_node: 16, beam_width: 16, split_score: SplitScoreConfig { profile: SparseCertified, gain_weight: 1.0, gain_ratio_weight: 0.03, balance_weight: 0.01, literal_penalty: 0.004, family_complexity_penalty: 0.002, child_fragmentation_penalty: 0.005, estimated_subtree_penalty: 0.01, instability_penalty: 0.0, tie_epsilon: 1e-9 }, branch_and_bound: BranchAndBoundConfig { enabled: true, exhaustive_fallback: true, max_partial_states: 100000, max_candidates: 100000, top_k: 16 }, cache: CacheConfig { enabled: true, node_statistics: true, predicate_masks: true, candidate_pools: true, best_subtrees: true, lookahead: true, max_entries: 20000, approximate_byte_limit: 268435456 }, tree_search: TreeSearchConfig { strategy: SparseLookahead, tree_beam_width: 8, candidate_beam_width: 16, lookahead_depth: 2, max_expansions: 1000, node_budget: 18446744073709551615, time_budget_ms: None, frontier_selection: HighestError, selective: SelectiveLookaheadConfig { enabled: false, maximum_depth: 2, ambiguity_margin: 0.01, minimum_confident_gain: 0.02, large_node_threshold: 500, candidate_beam_width: 8, tree_beam_width: 4 } }, conditional_search: ConditionalCandidateSearchConfig { enabled: false, branch_and_bound_candidate_threshold: 64, candidate_cache_minimum_expected_reuse: 2 }, parallel: ParallelConfig { enabled: true, threads: None, parallel_candidates: true, parallel_beam_states: true, minimum_parallel_work: 2 }, pruning: PruningConfig { enabled: true, validation_fraction: 0.2, alpha_nodes: 0.0, alpha_leaves: 0.0, alpha_literals: 0.0, alpha_axp: 0.0, accuracy_epsilon: 0.005, use_one_standard_error_rule: false, selection_mode: EpsilonPareto, class_aware: ClassAwarePruningConfig { enabled: false, accuracy_epsilon: 0.005, balanced_accuracy_epsilon: 0.005, minimum_minority_recall: None, minimum_validation_samples: 20, minimum_validation_samples_per_class: 3, root_collapse_majority_threshold: 0.9, preserve_subtree_when_evidence_insufficient: true } }, adaptive_language: AdaptiveLanguageConfig { enabled: true, total_candidate_budget: 64, minimum_family_quota: 2, pilot_candidates_per_family: 4, temperature: 1.0, diversity_top_k_per_family: 1 }, axp_rerank: AxpRerankConfig { enabled: false, shortlist_size: 8, validation_samples: 8, weight_mean_axp: 0.001, weight_max_axp: 0.0005, timeout_ms: None }, allowed_languages: AllowedLanguages(""Horn""), language_policy: SmartCertified, theorem_mode: true, random_seed: 42 }",cals_horn,"Single-language CALS (Horn)",certified,0.8524590163934426,0,15,3.401639344262295,1,1,244,0,StructuralHorn,HornCnf,"",true,42,2,deterministic_hash_70_30_first_label,SparseLookahead,SparseCertified,16,8,2,18446744073709551615,true,41,15,21,8,40,14,0.8508771929824561,0.8596491228070176,0.7001748251748252,0.6923076923076923,0.9772727272727273,1,0.4230769230769231,0.38461538461538464,0.737077737077737,0.7361111111111112,0.4230769230769231,0.38461538461538464,"0:26|1:88",no_change,"objective_improved:13|no_change:7",490,106,0,34,0,28,0,54,458,7362,1691,26,28,0,41,0,1,"{""Horn"": 7}",Horn,0,8,0.020603258,0.020550296,0.000052962,0,false,false,true,""
"anneal",0,7,cals_antihorn,cals,"AntiHorn",single_language,0.8524590163934426,0.021492631,0.000008888,15,14,8,7,3.401639344262295,0.785911834,post_selection_final_tree,0,244,244,true,AntiHorn,StructuralAntiHorn,"antihorn","StructuralAntiHorn",true,ef0cd1a,"LearnerConfig { max_depth: 7, min_samples_split: 2, min_samples_leaf: 1, max_candidates_per_node: 16, beam_width: 16, split_score: SplitScoreConfig { profile: SparseCertified, gain_weight: 1.0, gain_ratio_weight: 0.03, balance_weight: 0.01, literal_penalty: 0.004, family_complexity_penalty: 0.002, child_fragmentation_penalty: 0.005, estimated_subtree_penalty: 0.01, instability_penalty: 0.0, tie_epsilon: 1e-9 }, branch_and_bound: BranchAndBoundConfig { enabled: true, exhaustive_fallback: true, max_partial_states: 100000, max_candidates: 100000, top_k: 16 }, cache: CacheConfig { enabled: true, node_statistics: true, predicate_masks: true, candidate_pools: true, best_subtrees: true, lookahead: true, max_entries: 20000, approximate_byte_limit: 268435456 }, tree_search: TreeSearchConfig { strategy: SparseLookahead, tree_beam_width: 8, candidate_beam_width: 16, lookahead_depth: 2, max_expansions: 1000, node_budget: 18446744073709551615, time_budget_ms: None, frontier_selection: HighestError, selective: SelectiveLookaheadConfig { enabled: false, maximum_depth: 2, ambiguity_margin: 0.01, minimum_confident_gain: 0.02, large_node_threshold: 500, candidate_beam_width: 8, tree_beam_width: 4 } }, conditional_search: ConditionalCandidateSearchConfig { enabled: false, branch_and_bound_candidate_threshold: 64, candidate_cache_minimum_expected_reuse: 2 }, parallel: ParallelConfig { enabled: true, threads: None, parallel_candidates: true, parallel_beam_states: true, minimum_parallel_work: 2 }, pruning: PruningConfig { enabled: true, validation_fraction: 0.2, alpha_nodes: 0.0, alpha_leaves: 0.0, alpha_literals: 0.0, alpha_axp: 0.0, accuracy_epsilon: 0.005, use_one_standard_error_rule: false, selection_mode: EpsilonPareto, class_aware: ClassAwarePruningConfig { enabled: false, accuracy_epsilon: 0.005, balanced_accuracy_epsilon: 0.005, minimum_minority_recall: None, minimum_validation_samples: 20, minimum_validation_samples_per_class: 3, root_collapse_majority_threshold: 0.9, preserve_subtree_when_evidence_insufficient: true } }, adaptive_language: AdaptiveLanguageConfig { enabled: true, total_candidate_budget: 64, minimum_family_quota: 2, pilot_candidates_per_family: 4, temperature: 1.0, diversity_top_k_per_family: 1 }, axp_rerank: AxpRerankConfig { enabled: false, shortlist_size: 8, validation_samples: 8, weight_mean_axp: 0.001, weight_max_axp: 0.0005, timeout_ms: None }, allowed_languages: AllowedLanguages(""AntiHorn""), language_policy: SmartCertified, theorem_mode: true, random_seed: 42 }",cals_antihorn,"Single-language CALS (AntiHorn)",certified,0.8524590163934426,0,15,3.401639344262295,1,1,244,0,StructuralAntiHorn,AntiHornCnf,"",true,42,2,deterministic_hash_70_30_first_label,SparseLookahead,SparseCertified,16,8,2,18446744073709551615,true,41,15,21,8,40,14,0.8508771929824561,0.8596491228070176,0.7001748251748252,0.6923076923076923,0.9772727272727273,1,0.4230769230769231,0.38461538461538464,0.737077737077737,0.7361111111111112,0.4230769230769231,0.38461538461538464,"0:26|1:88",no_change,"objective_improved:13|no_change:7",500,115,0,34,0,28,0,54,468,7371,1693,26,28,0,41,0,1,"{""AntiHorn"": 7}",AntiHorn,0,8,0.021492631,0.021438698000000003,0.000053933,0,false,false,true,""
"anneal",0,7,cals_square2cnf,cals,"Square2CNF",single_language,0.8565573770491803,12.886656928,0.000010596,15,28,8,7,3.9057377049180326,0.965365621,post_selection_final_tree,0,244,244,true,Square2Cnf,TwoSat,"two_sat","TwoSat",true,ef0cd1a,"LearnerConfig { max_depth: 7, min_samples_split: 2, min_samples_leaf: 1, max_candidates_per_node: 16, beam_width: 16, split_score: SplitScoreConfig { profile: SparseCertified, gain_weight: 1.0, gain_ratio_weight: 0.03, balance_weight: 0.01, literal_penalty: 0.004, family_complexity_penalty: 0.002, child_fragmentation_penalty: 0.005, estimated_subtree_penalty: 0.01, instability_penalty: 0.0, tie_epsilon: 1e-9 }, branch_and_bound: BranchAndBoundConfig { enabled: true, exhaustive_fallback: true, max_partial_states: 100000, max_candidates: 100000, top_k: 16 }, cache: CacheConfig { enabled: true, node_statistics: true, predicate_masks: true, candidate_pools: true, best_subtrees: true, lookahead: true, max_entries: 20000, approximate_byte_limit: 268435456 }, tree_search: TreeSearchConfig { strategy: SparseLookahead, tree_beam_width: 8, candidate_beam_width: 16, lookahead_depth: 2, max_expansions: 1000, node_budget: 18446744073709551615, time_budget_ms: None, frontier_selection: HighestError, selective: SelectiveLookaheadConfig { enabled: false, maximum_depth: 2, ambiguity_margin: 0.01, minimum_confident_gain: 0.02, large_node_threshold: 500, candidate_beam_width: 8, tree_beam_width: 4 } }, conditional_search: ConditionalCandidateSearchConfig { enabled: false, branch_and_bound_candidate_threshold: 64, candidate_cache_minimum_expected_reuse: 2 }, parallel: ParallelConfig { enabled: true, threads: None, parallel_candidates: true, parallel_beam_states: true, minimum_parallel_work: 2 }, pruning: PruningConfig { enabled: true, validation_fraction: 0.2, alpha_nodes: 0.0, alpha_leaves: 0.0, alpha_literals: 0.0, alpha_axp: 0.0, accuracy_epsilon: 0.005, use_one_standard_error_rule: false, selection_mode: EpsilonPareto, class_aware: ClassAwarePruningConfig { enabled: false, accuracy_epsilon: 0.005, balanced_accuracy_epsilon: 0.005, minimum_minority_recall: None, minimum_validation_samples: 20, minimum_validation_samples_per_class: 3, root_collapse_majority_threshold: 0.9, preserve_subtree_when_evidence_insufficient: true } }, adaptive_language: AdaptiveLanguageConfig { enabled: true, total_candidate_budget: 64, minimum_family_quota: 2, pilot_candidates_per_family: 4, temperature: 1.0, diversity_top_k_per_family: 1 }, axp_rerank: AxpRerankConfig { enabled: false, shortlist_size: 8, validation_samples: 8, weight_mean_axp: 0.001, weight_max_axp: 0.0005, timeout_ms: None }, allowed_languages: AllowedLanguages(""Square2CNF""), language_policy: SmartCertified, theorem_mode: true, random_seed: 42 }",cals_square2cnf,"Single-language CALS (Square2CNF)",certified,0.8565573770491803,0,15,3.9057377049180326,1,1,244,0,TwoSat,TwoCnf,"",true,42,2,deterministic_hash_70_30_first_label,SparseLookahead,SparseCertified,16,8,2,18446744073709551615,true,33,15,17,8,64,28,0.8596491228070176,0.8596491228070176,0.7194055944055944,0.6923076923076923,0.9772727272727273,1,0.46153846153846156,0.38461538461538464,0.7574468085106383,0.7361111111111112,0.46153846153846156,0.38461538461538464,"0:26|1:88",no_change,"objective_improved:8|no_change:8",2068,680,0,30,0,23,0,46,1032,17278,133244,23,23,0,33,0,1,"{""Square2Cnf"": 7}",Square2Cnf,0,9,12.886656928,12.886597465000001,0.000059463,0,false,false,true,""
"anneal",0,7,cals_affine,cals,"Affine",single_language,0.8975409836065574,0.13733473,0.00001395,15,18,8,7,5.610655737704918,0.750500468,post_selection_final_tree,0,244,244,true,Affine,Gf2Gaussian,"affine_gf2","Gf2Gaussian",true,ef0cd1a,"LearnerConfig { max_depth: 7, min_samples_split: 2, min_samples_leaf: 1, max_candidates_per_node: 16, beam_width: 16, split_score: SplitScoreConfig { profile: SparseCertified, gain_weight: 1.0, gain_ratio_weight: 0.03, balance_weight: 0.01, literal_penalty: 0.004, family_complexity_penalty: 0.002, child_fragmentation_penalty: 0.005, estimated_subtree_penalty: 0.01, instability_penalty: 0.0, tie_epsilon: 1e-9 }, branch_and_bound: BranchAndBoundConfig { enabled: true, exhaustive_fallback: true, max_partial_states: 100000, max_candidates: 100000, top_k: 16 }, cache: CacheConfig { enabled: true, node_statistics: true, predicate_masks: true, candidate_pools: true, best_subtrees: true, lookahead: true, max_entries: 20000, approximate_byte_limit: 268435456 }, tree_search: TreeSearchConfig { strategy: SparseLookahead, tree_beam_width: 8, candidate_beam_width: 16, lookahead_depth: 2, max_expansions: 1000, node_budget: 18446744073709551615, time_budget_ms: None, frontier_selection: HighestError, selective: SelectiveLookaheadConfig { enabled: false, maximum_depth: 2, ambiguity_margin: 0.01, minimum_confident_gain: 0.02, large_node_threshold: 500, candidate_beam_width: 8, tree_beam_width: 4 } }, conditional_search: ConditionalCandidateSearchConfig { enabled: false, branch_and_bound_candidate_threshold: 64, candidate_cache_minimum_expected_reuse: 2 }, parallel: ParallelConfig { enabled: true, threads: None, parallel_candidates: true, parallel_beam_states: true, minimum_parallel_work: 2 }, pruning: PruningConfig { enabled: true, validation_fraction: 0.2, alpha_nodes: 0.0, alpha_leaves: 0.0, alpha_literals: 0.0, alpha_axp: 0.0, accuracy_epsilon: 0.005, use_one_standard_error_rule: false, selection_mode: EpsilonPareto, class_aware: ClassAwarePruningConfig { enabled: false, accuracy_epsilon: 0.005, balanced_accuracy_epsilon: 0.005, minimum_minority_recall: None, minimum_validation_samples: 20, minimum_validation_samples_per_class: 3, root_collapse_majority_threshold: 0.9, preserve_subtree_when_evidence_insufficient: true } }, adaptive_language: AdaptiveLanguageConfig { enabled: true, total_candidate_budget: 64, minimum_family_quota: 2, pilot_candidates_per_family: 4, temperature: 1.0, diversity_top_k_per_family: 1 }, axp_rerank: AxpRerankConfig { enabled: false, shortlist_size: 8, validation_samples: 8, weight_mean_axp: 0.001, weight_max_axp: 0.0005, timeout_ms: None }, allowed_languages: AllowedLanguages(""Affine""), language_policy: SmartCertified, theorem_mode: true, random_seed: 42 }",cals_affine,"Single-language CALS (Affine)",certified,0.8975409836065574,0,15,5.610655737704918,1,1,244,0,Gf2Gaussian,AffineGf2,"",true,42,2,deterministic_hash_70_30_first_label,SparseLookahead,SparseCertified,16,8,2,18446744073709551615,true,31,15,16,8,41,18,0.868421052631579,0.868421052631579,0.7657342657342657,0.7386363636363636,0.9545454545454546,0.9772727272727273,0.5769230769230769,0.5,0.7923497267759563,0.7769662188600496,0.5769230769230769,0.5,"0:26|1:88",no_change,"objective_improved:8|no_change:7",4028,1004,0,29,0,21,0,44,1372,15427,18908,23,21,0,31,0,1,"{""Affine"": 7}",Affine,0,13,0.13733473,0.137271135,0.000063595,0,false,false,true,""
"anneal",0,7,cals_compact_explain_horn,compact_explain,"Horn",single_language,0.8524590163934426,0.015392631,0.000010442,19,18,10,7,3.442622950819672,0.872293475,post_selection_final_tree,0,244,244,true,Horn,StructuralHorn,"horn","StructuralHorn",true,ef0cd1a,"LearnerConfig { max_depth: 7, min_samples_split: 2, min_samples_leaf: 1, max_candidates_per_node: 16, beam_width: 16, split_score: SplitScoreConfig { profile: SparseCertified, gain_weight: 1.0, gain_ratio_weight: 0.03, balance_weight: 0.01, literal_penalty: 0.004, family_complexity_penalty: 0.002, child_fragmentation_penalty: 0.005, estimated_subtree_penalty: 0.01, instability_penalty: 0.0, tie_epsilon: 1e-9 }, branch_and_bound: BranchAndBoundConfig { enabled: true, exhaustive_fallback: true, max_partial_states: 100000, max_candidates: 100000, top_k: 8 }, cache: CacheConfig { enabled: true, node_statistics: false, predicate_masks: true, candidate_pools: true, best_subtrees: false, lookahead: false, max_entries: 10000, approximate_byte_limit: 134217728 }, tree_search: TreeSearchConfig { strategy: SelectiveLookahead, tree_beam_width: 4, candidate_beam_width: 16, lookahead_depth: 2, max_expansions: 500, node_budget: 18446744073709551615, time_budget_ms: None, frontier_selection: HighestError, selective: SelectiveLookaheadConfig { enabled: true, maximum_depth: 2, ambiguity_margin: 0.01, minimum_confident_gain: 0.02, large_node_threshold: 500, candidate_beam_width: 14, tree_beam_width: 4 } }, conditional_search: ConditionalCandidateSearchConfig { enabled: true, branch_and_bound_candidate_threshold: 64, candidate_cache_minimum_expected_reuse: 2 }, parallel: ParallelConfig { enabled: false, threads: Some(1), parallel_candidates: false, parallel_beam_states: false, minimum_parallel_work: 18446744073709551615 }, pruning: PruningConfig { enabled: true, validation_fraction: 0.2, alpha_nodes: 0.0, alpha_leaves: 0.0, alpha_literals: 0.0, alpha_axp: 0.0, accuracy_epsilon: 0.04, use_one_standard_error_rule: false, selection_mode: EpsilonPareto, class_aware: ClassAwarePruningConfig { enabled: true, accuracy_epsilon: 0.04, balanced_accuracy_epsilon: 0.4, minimum_minority_recall: None, minimum_validation_samples: 1, minimum_validation_samples_per_class: 1, root_collapse_majority_threshold: 0.9, preserve_subtree_when_evidence_insufficient: true } }, adaptive_language: AdaptiveLanguageConfig { enabled: true, total_candidate_budget: 56, minimum_family_quota: 2, pilot_candidates_per_family: 4, temperature: 1.0, diversity_top_k_per_family: 1 }, axp_rerank: AxpRerankConfig { enabled: false, shortlist_size: 8, validation_samples: 8, weight_mean_axp: 0.001, weight_max_axp: 0.0005, timeout_ms: None }, allowed_languages: AllowedLanguages(""Horn""), language_policy: SmartCertified, theorem_mode: true, random_seed: 42 }",cals_compact_explain_horn,"Single-language CompactExplain (Horn)",certified,0.8524590163934426,0,19,3.442622950819672,1,1,244,0,StructuralHorn,HornCnf,"",true,42,2,deterministic_hash_70_30_first_label,SelectiveLookahead,SparseCertified,16,4,2,18446744073709551615,true,41,19,21,10,40,18,0.8508771929824561,0.8508771929824561,0.7001748251748252,0.6730769230769231,0.9772727272727273,1,0.4230769230769231,0.34615384615384615,0.737077737077737,0.713101406365655,0.4230769230769231,0.34615384615384615,"0:26|1:88",no_change,"objective_improved:7|insufficient_validation_support:6|no_change:7",368,0,0,22,7,0,26,49,288,5699,1332,23,26,0,41,0,1,"{""Horn"": 9}",Horn,0,9,0.015392631,0.015317291,0.00007534,0,false,false,true,""
"anneal",0,7,cals_compact_explain_antihorn,compact_explain,"AntiHorn",single_language,0.8524590163934426,0.01565229,0.000010323,19,18,10,7,3.442622950819672,0.934495645,post_selection_final_tree,0,244,244,true,AntiHorn,StructuralAntiHorn,"antihorn","StructuralAntiHorn",true,ef0cd1a,"LearnerConfig { max_depth: 7, min_samples_split: 2, min_samples_leaf: 1, max_candidates_per_node: 16, beam_width: 16, split_score: SplitScoreConfig { profile: SparseCertified, gain_weight: 1.0, gain_ratio_weight: 0.03, balance_weight: 0.01, literal_penalty: 0.004, family_complexity_penalty: 0.002, child_fragmentation_penalty: 0.005, estimated_subtree_penalty: 0.01, instability_penalty: 0.0, tie_epsilon: 1e-9 }, branch_and_bound: BranchAndBoundConfig { enabled: true, exhaustive_fallback: true, max_partial_states: 100000, max_candidates: 100000, top_k: 8 }, cache: CacheConfig { enabled: true, node_statistics: false, predicate_masks: true, candidate_pools: true, best_subtrees: false, lookahead: false, max_entries: 10000, approximate_byte_limit: 134217728 }, tree_search: TreeSearchConfig { strategy: SelectiveLookahead, tree_beam_width: 4, candidate_beam_width: 16, lookahead_depth: 2, max_expansions: 500, node_budget: 18446744073709551615, time_budget_ms: None, frontier_selection: HighestError, selective: SelectiveLookaheadConfig { enabled: true, maximum_depth: 2, ambiguity_margin: 0.01, minimum_confident_gain: 0.02, large_node_threshold: 500, candidate_beam_width: 14, tree_beam_width: 4 } }, conditional_search: ConditionalCandidateSearchConfig { enabled: true, branch_and_bound_candidate_threshold: 64, candidate_cache_minimum_expected_reuse: 2 }, parallel: ParallelConfig { enabled: false, threads: Some(1), parallel_candidates: false, parallel_beam_states: false, minimum_parallel_work: 18446744073709551615 }, pruning: PruningConfig { enabled: true, validation_fraction: 0.2, alpha_nodes: 0.0, alpha_leaves: 0.0, alpha_literals: 0.0, alpha_axp: 0.0, accuracy_epsilon: 0.04, use_one_standard_error_rule: false, selection_mode: EpsilonPareto, class_aware: ClassAwarePruningConfig { enabled: true, accuracy_epsilon: 0.04, balanced_accuracy_epsilon: 0.4, minimum_minority_recall: None, minimum_validation_samples: 1, minimum_validation_samples_per_class: 1, root_collapse_majority_threshold: 0.9, preserve_subtree_when_evidence_insufficient: true } }, adaptive_language: AdaptiveLanguageConfig { enabled: true, total_candidate_budget: 56, minimum_family_quota: 2, pilot_candidates_per_family: 4, temperature: 1.0, diversity_top_k_per_family: 1 }, axp_rerank: AxpRerankConfig { enabled: false, shortlist_size: 8, validation_samples: 8, weight_mean_axp: 0.001, weight_max_axp: 0.0005, timeout_ms: None }, allowed_languages: AllowedLanguages(""AntiHorn""), language_policy: SmartCertified, theorem_mode: true, random_seed: 42 }",cals_compact_explain_antihorn,"Single-language CompactExplain (AntiHorn)",certified,0.8524590163934426,0,19,3.442622950819672,1,1,244,0,StructuralAntiHorn,AntiHornCnf,"",true,42,2,deterministic_hash_70_30_first_label,SelectiveLookahead,SparseCertified,16,4,2,18446744073709551615,true,41,19,21,10,40,18,0.8508771929824561,0.8508771929824561,0.7001748251748252,0.6730769230769231,0.9772727272727273,1,0.4230769230769231,0.34615384615384615,0.737077737077737,0.713101406365655,0.4230769230769231,0.34615384615384615,"0:26|1:88",no_change,"objective_improved:7|insufficient_validation_support:6|no_change:7",376,0,0,22,7,0,26,49,289,5693,1339,23,26,0,41,0,1,"{""AntiHorn"": 9}",AntiHorn,0,9,0.01565229,0.015589703,0.000062587,0,false,false,true,""
"anneal",0,7,cals_compact_explain_square2cnf,compact_explain,"Square2CNF",single_language,0.8114754098360656,3.429320786,0.000003315,3,4,2,1,1.9549180327868851,0.602735136,post_selection_final_tree,0,244,244,true,Square2Cnf,TwoSat,"two_sat","TwoSat",true,ef0cd1a,"LearnerConfig { max_depth: 7, min_samples_split: 2, min_samples_leaf: 1, max_candidates_per_node: 16, beam_width: 16, split_score: SplitScoreConfig { profile: SparseCertified, gain_weight: 1.0, gain_ratio_weight: 0.03, balance_weight: 0.01, literal_penalty: 0.004, family_complexity_penalty: 0.002, child_fragmentation_penalty: 0.005, estimated_subtree_penalty: 0.01, instability_penalty: 0.0, tie_epsilon: 1e-9 }, branch_and_bound: BranchAndBoundConfig { enabled: true, exhaustive_fallback: true, max_partial_states: 100000, max_candidates: 100000, top_k: 8 }, cache: CacheConfig { enabled: true, node_statistics: false, predicate_masks: true, candidate_pools: true, best_subtrees: false, lookahead: false, max_entries: 10000, approximate_byte_limit: 134217728 }, tree_search: TreeSearchConfig { strategy: SelectiveLookahead, tree_beam_width: 4, candidate_beam_width: 16, lookahead_depth: 2, max_expansions: 500, node_budget: 18446744073709551615, time_budget_ms: None, frontier_selection: HighestError, selective: SelectiveLookaheadConfig { enabled: true, maximum_depth: 2, ambiguity_margin: 0.01, minimum_confident_gain: 0.02, large_node_threshold: 500, candidate_beam_width: 14, tree_beam_width: 4 } }, conditional_search: ConditionalCandidateSearchConfig { enabled: true, branch_and_bound_candidate_threshold: 64, candidate_cache_minimum_expected_reuse: 2 }, parallel: ParallelConfig { enabled: false, threads: Some(1), parallel_candidates: false, parallel_beam_states: false, minimum_parallel_work: 18446744073709551615 }, pruning: PruningConfig { enabled: true, validation_fraction: 0.2, alpha_nodes: 0.0, alpha_leaves: 0.0, alpha_literals: 0.0, alpha_axp: 0.0, accuracy_epsilon: 0.04, use_one_standard_error_rule: false, selection_mode: EpsilonPareto, class_aware: ClassAwarePruningConfig { enabled: true, accuracy_epsilon: 0.04, balanced_accuracy_epsilon: 0.4, minimum_minority_recall: None, minimum_validation_samples: 1, minimum_validation_samples_per_class: 1, root_collapse_majority_threshold: 0.9, preserve_subtree_when_evidence_insufficient: true } }, adaptive_language: AdaptiveLanguageConfig { enabled: true, total_candidate_budget: 56, minimum_family_quota: 2, pilot_candidates_per_family: 4, temperature: 1.0, diversity_top_k_per_family: 1 }, axp_rerank: AxpRerankConfig { enabled: false, shortlist_size: 8, validation_samples: 8, weight_mean_axp: 0.001, weight_max_axp: 0.0005, timeout_ms: None }, allowed_languages: AllowedLanguages(""Square2CNF""), language_policy: SmartCertified, theorem_mode: true, random_seed: 42 }",cals_compact_explain_square2cnf,"Single-language CompactExplain (Square2CNF)",certified,0.8114754098360656,0,3,1.9549180327868851,1,1,244,0,TwoSat,TwoCnf,"",true,42,2,deterministic_hash_70_30_first_label,SelectiveLookahead,SparseCertified,16,4,2,18446744073709551615,true,35,3,18,2,68,4,0.8596491228070176,0.8157894736842105,0.7194055944055944,0.5961538461538461,0.9772727272727273,1,0.46153846153846156,0.19230769230769232,0.7574468085106383,0.6079908301948584,0.46153846153846156,0.19230769230769232,"0:26|1:88",no_change,"objective_improved:7|insufficient_validation_support:5|no_change:5",1719,0,0,19,10,0,23,46,344,9026,78822,23,23,0,35,0,1,"{""Square2Cnf"": 1}",Square2Cnf,0,2,3.429320786,3.429252501,0.000068285,0,false,false,true,""
"anneal",0,7,cals_compact_explain_affine,compact_explain,"Affine",single_language,0.9016393442622951,0.228346323,0.000013759,17,21,9,7,6.348360655737705,0.794785117,post_selection_final_tree,0,244,244,true,Affine,Gf2Gaussian,"affine_gf2","Gf2Gaussian",true,ef0cd1a,"LearnerConfig { max_depth: 7, min_samples_split: 2, min_samples_leaf: 1, max_candidates_per_node: 16, beam_width: 16, split_score: SplitScoreConfig { profile: SparseCertified, gain_weight: 1.0, gain_ratio_weight: 0.03, balance_weight: 0.01, literal_penalty: 0.004, family_complexity_penalty: 0.002, child_fragmentation_penalty: 0.005, estimated_subtree_penalty: 0.01, instability_penalty: 0.0, tie_epsilon: 1e-9 }, branch_and_bound: BranchAndBoundConfig { enabled: true, exhaustive_fallback: true, max_partial_states: 100000, max_candidates: 100000, top_k: 8 }, cache: CacheConfig { enabled: true, node_statistics: false, predicate_masks: true, candidate_pools: true, best_subtrees: false, lookahead: false, max_entries: 10000, approximate_byte_limit: 134217728 }, tree_search: TreeSearchConfig { strategy: SelectiveLookahead, tree_beam_width: 4, candidate_beam_width: 16, lookahead_depth: 2, max_expansions: 500, node_budget: 18446744073709551615, time_budget_ms: None, frontier_selection: HighestError, selective: SelectiveLookaheadConfig { enabled: true, maximum_depth: 2, ambiguity_margin: 0.01, minimum_confident_gain: 0.02, large_node_threshold: 500, candidate_beam_width: 14, tree_beam_width: 4 } }, conditional_search: ConditionalCandidateSearchConfig { enabled: true, branch_and_bound_candidate_threshold: 64, candidate_cache_minimum_expected_reuse: 2 }, parallel: ParallelConfig { enabled: false, threads: Some(1), parallel_candidates: false, parallel_beam_states: false, minimum_parallel_work: 18446744073709551615 }, pruning: PruningConfig { enabled: true, validation_fraction: 0.2, alpha_nodes: 0.0, alpha_leaves: 0.0, alpha_literals: 0.0, alpha_axp: 0.0, accuracy_epsilon: 0.04, use_one_standard_error_rule: false, selection_mode: EpsilonPareto, class_aware: ClassAwarePruningConfig { enabled: true, accuracy_epsilon: 0.04, balanced_accuracy_epsilon: 0.4, minimum_minority_recall: None, minimum_validation_samples: 1, minimum_validation_samples_per_class: 1, root_collapse_majority_threshold: 0.9, preserve_subtree_when_evidence_insufficient: true } }, adaptive_language: AdaptiveLanguageConfig { enabled: true, total_candidate_budget: 56, minimum_family_quota: 2, pilot_candidates_per_family: 4, temperature: 1.0, diversity_top_k_per_family: 1 }, axp_rerank: AxpRerankConfig { enabled: false, shortlist_size: 8, validation_samples: 8, weight_mean_axp: 0.001, weight_max_axp: 0.0005, timeout_ms: None }, allowed_languages: AllowedLanguages(""Affine""), language_policy: SmartCertified, theorem_mode: true, random_seed: 42 }",cals_compact_explain_affine,"Single-language CompactExplain (Affine)",certified,0.9016393442622951,0,17,6.348360655737705,1,1,244,0,Gf2Gaussian,AffineGf2,"",true,42,2,deterministic_hash_70_30_first_label,SelectiveLookahead,SparseCertified,16,4,2,18446744073709551615,true,31,17,16,9,41,21,0.868421052631579,0.868421052631579,0.7657342657342657,0.7386363636363636,0.9545454545454546,0.9772727272727273,0.5769230769230769,0.5,0.7923497267759563,0.7769662188600496,0.5769230769230769,0.5,"0:26|1:88",no_change,"objective_improved:6|insufficient_validation_support:2|no_change:7",2522,0,0,17,10,0,19,42,368,8119,13203,23,19,0,31,0,1,"{""Affine"": 8}",Affine,0,13,0.228346323,0.22827319199999999,0.000073131,0,false,false,true,""
"anneal",1,7,cals_horn,cals,"Horn",single_language,0.860655737704918,0.024177461,0.00000943,13,12,7,6,3.6188524590163933,0.759751319,post_selection_final_tree,0,244,244,true,Horn,StructuralHorn,"horn","StructuralHorn",true,ef0cd1a,"LearnerConfig { max_depth: 7, min_samples_split: 2, min_samples_leaf: 1, max_candidates_per_node: 16, beam_width: 16, split_score: SplitScoreConfig { profile: SparseCertified, gain_weight: 1.0, gain_ratio_weight: 0.03, balance_weight: 0.01, literal_penalty: 0.004, family_complexity_penalty: 0.002, child_fragmentation_penalty: 0.005, estimated_subtree_penalty: 0.01, instability_penalty: 0.0, tie_epsilon: 1e-9 }, branch_and_bound: BranchAndBoundConfig { enabled: true, exhaustive_fallback: true, max_partial_states: 100000, max_candidates: 100000, top_k: 16 }, cache: CacheConfig { enabled: true, node_statistics: true, predicate_masks: true, candidate_pools: true, best_subtrees: true, lookahead: true, max_entries: 20000, approximate_byte_limit: 268435456 }, tree_search: TreeSearchConfig { strategy: SparseLookahead, tree_beam_width: 8, candidate_beam_width: 16, lookahead_depth: 2, max_expansions: 1000, node_budget: 18446744073709551615, time_budget_ms: None, frontier_selection: HighestError, selective: SelectiveLookaheadConfig { enabled: false, maximum_depth: 2, ambiguity_margin: 0.01, minimum_confident_gain: 0.02, large_node_threshold: 500, candidate_beam_width: 8, tree_beam_width: 4 } }, conditional_search: ConditionalCandidateSearchConfig { enabled: false, branch_and_bound_candidate_threshold: 64, candidate_cache_minimum_expected_reuse: 2 }, parallel: ParallelConfig { enabled: true, threads: None, parallel_candidates: true, parallel_beam_states: true, minimum_parallel_work: 2 }, pruning: PruningConfig { enabled: true, validation_fraction: 0.2, alpha_nodes: 0.0, alpha_leaves: 0.0, alpha_literals: 0.0, alpha_axp: 0.0, accuracy_epsilon: 0.005, use_one_standard_error_rule: false, selection_mode: EpsilonPareto, class_aware: ClassAwarePruningConfig { enabled: false, accuracy_epsilon: 0.005, balanced_accuracy_epsilon: 0.005, minimum_minority_recall: None, minimum_validation_samples: 20, minimum_validation_samples_per_class: 3, root_collapse_majority_threshold: 0.9, preserve_subtree_when_evidence_insufficient: true } }, adaptive_language: AdaptiveLanguageConfig { enabled: true, total_candidate_budget: 64, minimum_family_quota: 2, pilot_candidates_per_family: 4, temperature: 1.0, diversity_top_k_per_family: 1 }, axp_rerank: AxpRerankConfig { enabled: false, shortlist_size: 8, validation_samples: 8, weight_mean_axp: 0.001, weight_max_axp: 0.0005, timeout_ms: None }, allowed_languages: AllowedLanguages(""Horn""), language_policy: SmartCertified, theorem_mode: true, random_seed: 43 }",cals_horn,"Single-language CALS (Horn)",certified,0.860655737704918,0,13,3.6188524590163933,1,1,244,0,StructuralHorn,HornCnf,"",true,43,2,deterministic_hash_70_30_first_label,SparseLookahead,SparseCertified,16,8,2,18446744073709551615,true,39,13,20,7,38,12,0.8333333333333334,0.8508771929824561,0.8513986013986015,0.8221153846153846,0.8181818181818182,0.875,0.8846153846153846,0.7692307692307693,0.7955639452571968,0.8011695906432748,0.8846153846153846,0.7692307692307693,"0:26|1:88",no_change,"objective_improved:13|no_change:6",549,130,0,35,0,31,0,56,455,7663,1661,25,31,0,39,0,1,"{""Horn"": 6}",Horn,0,6,0.024177461,0.024124814,0.000052647,0,false,false,true,""
"anneal",1,7,cals_antihorn,cals,"AntiHorn",single_language,0.860655737704918,0.022348689,0.000008511,13,12,7,6,3.6188524590163933,0.780405257,post_selection_final_tree,0,244,244,true,AntiHorn,StructuralAntiHorn,"antihorn","StructuralAntiHorn",true,ef0cd1a,"LearnerConfig { max_depth: 7, min_samples_split: 2, min_samples_leaf: 1, max_candidates_per_node: 16, beam_width: 16, split_score: SplitScoreConfig { profile: SparseCertified, gain_weight: 1.0, gain_ratio_weight: 0.03, balance_weight: 0.01, literal_penalty: 0.004, family_complexity_penalty: 0.002, child_fragmentation_penalty: 0.005, estimated_subtree_penalty: 0.01, instability_penalty: 0.0, tie_epsilon: 1e-9 }, branch_and_bound: BranchAndBoundConfig { enabled: true, exhaustive_fallback: true, max_partial_states: 100000, max_candidates: 100000, top_k: 16 }, cache: CacheConfig { enabled: true, node_statistics: true, predicate_masks: true, candidate_pools: true, best_subtrees: true, lookahead: true, max_entries: 20000, approximate_byte_limit: 268435456 }, tree_search: TreeSearchConfig { strategy: SparseLookahead, tree_beam_width: 8, candidate_beam_width: 16, lookahead_depth: 2, max_expansions: 1000, node_budget: 18446744073709551615, time_budget_ms: None, frontier_selection: HighestError, selective: SelectiveLookaheadConfig { enabled: false, maximum_depth: 2, ambiguity_margin: 0.01, minimum_confident_gain: 0.02, large_node_threshold: 500, candidate_beam_width: 8, tree_beam_width: 4 } }, conditional_search: ConditionalCandidateSearchConfig { enabled: false, branch_and_bound_candidate_threshold: 64, candidate_cache_minimum_expected_reuse: 2 }, parallel: ParallelConfig { enabled: true, threads: None, parallel_candidates: true, parallel_beam_states: true, minimum_parallel_work: 2 }, pruning: PruningConfig { enabled: true, validation_fraction: 0.2, alpha_nodes: 0.0, alpha_leaves: 0.0, alpha_literals: 0.0, alpha_axp: 0.0, accuracy_epsilon: 0.005, use_one_standard_error_rule: false, selection_mode: EpsilonPareto, class_aware: ClassAwarePruningConfig { enabled: false, accuracy_epsilon: 0.005, balanced_accuracy_epsilon: 0.005, minimum_minority_recall: None, minimum_validation_samples: 20, minimum_validation_samples_per_class: 3, root_collapse_majority_threshold: 0.9, preserve_subtree_when_evidence_insufficient: true } }, adaptive_language: AdaptiveLanguageConfig { enabled: true, total_candidate_budget: 64, minimum_family_quota: 2, pilot_candidates_per_family: 4, temperature: 1.0, diversity_top_k_per_family: 1 }, axp_rerank: AxpRerankConfig { enabled: false, shortlist_size: 8, validation_samples: 8, weight_mean_axp: 0.001, weight_max_axp: 0.0005, timeout_ms: None }, allowed_languages: AllowedLanguages(""AntiHorn""), language_policy: SmartCertified, theorem_mode: true, random_seed: 43 }",cals_antihorn,"Single-language CALS (AntiHorn)",certified,0.860655737704918,0,13,3.6188524590163933,1,1,244,0,StructuralAntiHorn,AntiHornCnf,"",true,43,2,deterministic_hash_70_30_first_label,SparseLookahead,SparseCertified,16,8,2,18446744073709551615,true,39,13,20,7,38,12,0.8333333333333334,0.8508771929824561,0.8513986013986015,0.8221153846153846,0.8181818181818182,0.875,0.8846153846153846,0.7692307692307693,0.7955639452571968,0.8011695906432748,0.8846153846153846,0.7692307692307693,"0:26|1:88",no_change,"objective_improved:13|no_change:6",557,138,0,35,0,31,0,56,463,7672,1662,25,31,0,39,0,1,"{""AntiHorn"": 6}",AntiHorn,0,6,0.022348689,0.022298161,0.000050528,0,false,false,true,""
"anneal",1,7,cals_square2cnf,cals,"Square2CNF",single_language,0.8688524590163934,12.549454655,0.000010134,15,28,8,7,4.569672131147541,1.021986862,post_selection_final_tree,0,244,244,true,Square2Cnf,TwoSat,"two_sat","TwoSat",true,ef0cd1a,"LearnerConfig { max_depth: 7, min_samples_split: 2, min_samples_leaf: 1, max_candidates_per_node: 16, beam_width: 16, split_score: SplitScoreConfig { profile: SparseCertified, gain_weight: 1.0, gain_ratio_weight: 0.03, balance_weight: 0.01, literal_penalty: 0.004, family_complexity_penalty: 0.002, child_fragmentation_penalty: 0.005, estimated_subtree_penalty: 0.01, instability_penalty: 0.0, tie_epsilon: 1e-9 }, branch_and_bound: BranchAndBoundConfig { enabled: true, exhaustive_fallback: true, max_partial_states: 100000, max_candidates: 100000, top_k: 16 }, cache: CacheConfig { enabled: true, node_statistics: true, predicate_masks: true, candidate_pools: true, best_subtrees: true, lookahead: true, max_entries: 20000, approximate_byte_limit: 268435456 }, tree_search: TreeSearchConfig { strategy: SparseLookahead, tree_beam_width: 8, candidate_beam_width: 16, lookahead_depth: 2, max_expansions: 1000, node_budget: 18446744073709551615, time_budget_ms: None, frontier_selection: HighestError, selective: SelectiveLookaheadConfig { enabled: false, maximum_depth: 2, ambiguity_margin: 0.01, minimum_confident_gain: 0.02, large_node_threshold: 500, candidate_beam_width: 8, tree_beam_width: 4 } }, conditional_search: ConditionalCandidateSearchConfig { enabled: false, branch_and_bound_candidate_threshold: 64, candidate_cache_minimum_expected_reuse: 2 }, parallel: ParallelConfig { enabled: true, threads: None, parallel_candidates: true, parallel_beam_states: true, minimum_parallel_work: 2 }, pruning: PruningConfig { enabled: true, validation_fraction: 0.2, alpha_nodes: 0.0, alpha_leaves: 0.0, alpha_literals: 0.0, alpha_axp: 0.0, accuracy_epsilon: 0.005, use_one_standard_error_rule: false, selection_mode: EpsilonPareto, class_aware: ClassAwarePruningConfig { enabled: false, accuracy_epsilon: 0.005, balanced_accuracy_epsilon: 0.005, minimum_minority_recall: None, minimum_validation_samples: 20, minimum_validation_samples_per_class: 3, root_collapse_majority_threshold: 0.9, preserve_subtree_when_evidence_insufficient: true } }, adaptive_language: AdaptiveLanguageConfig { enabled: true, total_candidate_budget: 64, minimum_family_quota: 2, pilot_candidates_per_family: 4, temperature: 1.0, diversity_top_k_per_family: 1 }, axp_rerank: AxpRerankConfig { enabled: false, shortlist_size: 8, validation_samples: 8, weight_mean_axp: 0.001, weight_max_axp: 0.0005, timeout_ms: None }, allowed_languages: AllowedLanguages(""Square2CNF""), language_policy: SmartCertified, theorem_mode: true, random_seed: 43 }",cals_square2cnf,"Single-language CALS (Square2CNF)",certified,0.8688524590163934,0,15,4.569672131147541,1,1,244,0,TwoSat,TwoCnf,"",true,43,2,deterministic_hash_70_30_first_label,SparseLookahead,SparseCertified,16,8,2,18446744073709551615,true,33,15,17,8,64,28,0.8333333333333334,0.8508771929824561,0.8378496503496504,0.8221153846153846,0.8295454545454546,0.875,0.8461538461538461,0.7692307692307693,0.7916305916305917,0.8011695906432748,0.8461538461538461,0.7692307692307693,"0:26|1:88",no_change,"objective_improved:9|no_change:7",1842,649,0,31,0,23,0,48,1007,17352,130431,25,23,0,33,0,1,"{""Square2Cnf"": 7}",Square2Cnf,0,8,12.549454655,12.549399208,0.000055447,0,false,false,true,""
"anneal",1,7,cals_affine,cals,"Affine",single_language,0.8688524590163934,0.153351246,0.000011576,15,16,8,7,5.5,0.756505533,post_selection_final_tree,0,244,244,true,Affine,Gf2Gaussian,"affine_gf2","Gf2Gaussian",true,ef0cd1a,"LearnerConfig { max_depth: 7, min_samples_split: 2, min_samples_leaf: 1, max_candidates_per_node: 16, beam_width: 16, split_score: SplitScoreConfig { profile: SparseCertified, gain_weight: 1.0, gain_ratio_weight: 0.03, balance_weight: 0.01, literal_penalty: 0.004, family_complexity_penalty: 0.002, child_fragmentation_penalty: 0.005, estimated_subtree_penalty: 0.01, instability_penalty: 0.0, tie_epsilon: 1e-9 }, branch_and_bound: BranchAndBoundConfig { enabled: true, exhaustive_fallback: true, max_partial_states: 100000, max_candidates: 100000, top_k: 16 }, cache: CacheConfig { enabled: true, node_statistics: true, predicate_masks: true, candidate_pools: true, best_subtrees: true, lookahead: true, max_entries: 20000, approximate_byte_limit: 268435456 }, tree_search: TreeSearchConfig { strategy: SparseLookahead, tree_beam_width: 8, candidate_beam_width: 16, lookahead_depth: 2, max_expansions: 1000, node_budget: 18446744073709551615, time_budget_ms: None, frontier_selection: HighestError, selective: SelectiveLookaheadConfig { enabled: false, maximum_depth: 2, ambiguity_margin: 0.01, minimum_confident_gain: 0.02, large_node_threshold: 500, candidate_beam_width: 8, tree_beam_width: 4 } }, conditional_search: ConditionalCandidateSearchConfig { enabled: false, branch_and_bound_candidate_threshold: 64, candidate_cache_minimum_expected_reuse: 2 }, parallel: ParallelConfig { enabled: true, threads: None, parallel_candidates: true, parallel_beam_states: true, minimum_parallel_work: 2 }, pruning: PruningConfig { enabled: true, validation_fraction: 0.2, alpha_nodes: 0.0, alpha_leaves: 0.0, alpha_literals: 0.0, alpha_axp: 0.0, accuracy_epsilon: 0.005, use_one_standard_error_rule: false, selection_mode: EpsilonPareto, class_aware: ClassAwarePruningConfig { enabled: false, accuracy_epsilon: 0.005, balanced_accuracy_epsilon: 0.005, minimum_minority_recall: None, minimum_validation_samples: 20, minimum_validation_samples_per_class: 3, root_collapse_majority_threshold: 0.9, preserve_subtree_when_evidence_insufficient: true } }, adaptive_language: AdaptiveLanguageConfig { enabled: true, total_candidate_budget: 64, minimum_family_quota: 2, pilot_candidates_per_family: 4, temperature: 1.0, diversity_top_k_per_family: 1 }, axp_rerank: AxpRerankConfig { enabled: false, shortlist_size: 8, validation_samples: 8, weight_mean_axp: 0.001, weight_max_axp: 0.0005, timeout_ms: None }, allowed_languages: AllowedLanguages(""Affine""), language_policy: SmartCertified, theorem_mode: true, random_seed: 43 }",cals_affine,"Single-language CALS (Affine)",certified,0.8688524590163934,0,15,5.5,1,1,244,0,Gf2Gaussian,AffineGf2,"",true,43,2,deterministic_hash_70_30_first_label,SparseLookahead,SparseCertified,16,8,2,18446744073709551615,true,41,15,21,8,51,16,0.8508771929824561,0.8947368421052632,0.7814685314685315,0.7827797202797202,0.9090909090909091,0.9886363636363636,0.6538461538461539,0.5769230769230769,0.7853107344632768,0.8248847926267282,0.6538461538461539,0.5769230769230769,"0:26|1:88",no_change,"objective_improved:11|no_change:9",3304,975,0,34,0,26,0,54,1407,23371,18796,28,26,0,41,0,1,"{""Affine"": 7}",Affine,0,10,0.153351246,0.15329363099999999,0.000057615,0,false,false,true,""
"anneal",1,7,cals_compact_explain_horn,compact_explain,"Horn",single_language,0.8032786885245902,0.015282252,0.000001651,3,2,2,1,1.9057377049180328,0.584294756,post_selection_final_tree,0,244,244,true,Horn,StructuralHorn,"horn","StructuralHorn",true,ef0cd1a,"LearnerConfig { max_depth: 7, min_samples_split: 2, min_samples_leaf: 1, max_candidates_per_node: 16, beam_width: 16, split_score: SplitScoreConfig { profile: SparseCertified, gain_weight: 1.0, gain_ratio_weight: 0.03, balance_weight: 0.01, literal_penalty: 0.004, family_complexity_penalty: 0.002, child_fragmentation_penalty: 0.005, estimated_subtree_penalty: 0.01, instability_penalty: 0.0, tie_epsilon: 1e-9 }, branch_and_bound: BranchAndBoundConfig { enabled: true, exhaustive_fallback: true, max_partial_states: 100000, max_candidates: 100000, top_k: 8 }, cache: CacheConfig { enabled: true, node_statistics: false, predicate_masks: true, candidate_pools: true, best_subtrees: false, lookahead: false, max_entries: 10000, approximate_byte_limit: 134217728 }, tree_search: TreeSearchConfig { strategy: SelectiveLookahead, tree_beam_width: 4, candidate_beam_width: 16, lookahead_depth: 2, max_expansions: 500, node_budget: 18446744073709551615, time_budget_ms: None, frontier_selection: HighestError, selective: SelectiveLookaheadConfig { enabled: true, maximum_depth: 2, ambiguity_margin: 0.01, minimum_confident_gain: 0.02, large_node_threshold: 500, candidate_beam_width: 14, tree_beam_width: 4 } }, conditional_search: ConditionalCandidateSearchConfig { enabled: true, branch_and_bound_candidate_threshold: 64, candidate_cache_minimum_expected_reuse: 2 }, parallel: ParallelConfig { enabled: false, threads: Some(1), parallel_candidates: false, parallel_beam_states: false, minimum_parallel_work: 18446744073709551615 }, pruning: PruningConfig { enabled: true, validation_fraction: 0.2, alpha_nodes: 0.0, alpha_leaves: 0.0, alpha_literals: 0.0, alpha_axp: 0.0, accuracy_epsilon: 0.04, use_one_standard_error_rule: false, selection_mode: EpsilonPareto, class_aware: ClassAwarePruningConfig { enabled: true, accuracy_epsilon: 0.04, balanced_accuracy_epsilon: 0.4, minimum_minority_recall: None, minimum_validation_samples: 1, minimum_validation_samples_per_class: 1, root_collapse_majority_threshold: 0.9, preserve_subtree_when_evidence_insufficient: true } }, adaptive_language: AdaptiveLanguageConfig { enabled: true, total_candidate_budget: 56, minimum_family_quota: 2, pilot_candidates_per_family: 4, temperature: 1.0, diversity_top_k_per_family: 1 }, axp_rerank: AxpRerankConfig { enabled: false, shortlist_size: 8, validation_samples: 8, weight_mean_axp: 0.001, weight_max_axp: 0.0005, timeout_ms: None }, allowed_languages: AllowedLanguages(""Horn""), language_policy: SmartCertified, theorem_mode: true, random_seed: 43 }",cals_compact_explain_horn,"Single-language CompactExplain (Horn)",certified,0.8032786885245902,0,3,1.9057377049180328,1,1,244,0,StructuralHorn,HornCnf,"",true,43,2,deterministic_hash_70_30_first_label,SelectiveLookahead,SparseCertified,16,4,2,18446744073709551615,true,39,3,20,2,38,2,0.8333333333333334,0.8333333333333334,0.8513986013986015,0.6481643356643356,0.8181818181818182,0.9886363636363636,0.8846153846153846,0.3076923076923077,0.7955639452571968,0.6793486306439674,0.8846153846153846,0.3076923076923077,"0:26|1:88",no_change,"objective_improved:12|insufficient_validation_support:3|no_change:4",380,0,0,23,4,0,26,48,262,4967,1236,22,26,0,39,0,1,"{""Horn"": 1}",Horn,0,2,0.015282252,0.01522009,0.000062162,0,false,false,true,""
"anneal",1,7,cals_compact_explain_antihorn,compact_explain,"AntiHorn",single_language,0.8032786885245902,0.015269321,0.000001625,3,2,2,1,1.9057377049180328,0.577322015,post_selection_final_tree,0,244,244,true,AntiHorn,StructuralAntiHorn,"antihorn","StructuralAntiHorn",true,ef0cd1a,"LearnerConfig { max_depth: 7, min_samples_split: 2, min_samples_leaf: 1, max_candidates_per_node: 16, beam_width: 16, split_score: SplitScoreConfig { profile: SparseCertified, gain_weight: 1.0, gain_ratio_weight: 0.03, balance_weight: 0.01, literal_penalty: 0.004, family_complexity_penalty: 0.002, child_fragmentation_penalty: 0.005, estimated_subtree_penalty: 0.01, instability_penalty: 0.0, tie_epsilon: 1e-9 }, branch_and_bound: BranchAndBoundConfig { enabled: true, exhaustive_fallback: true, max_partial_states: 100000, max_candidates: 100000, top_k: 8 }, cache: CacheConfig { enabled: true, node_statistics: false, predicate_masks: true, candidate_pools: true, best_subtrees: false, lookahead: false, max_entries: 10000, approximate_byte_limit: 134217728 }, tree_search: TreeSearchConfig { strategy: SelectiveLookahead, tree_beam_width: 4, candidate_beam_width: 16, lookahead_depth: 2, max_expansions: 500, node_budget: 18446744073709551615, time_budget_ms: None, frontier_selection: HighestError, selective: SelectiveLookaheadConfig { enabled: true, maximum_depth: 2, ambiguity_margin: 0.01, minimum_confident_gain: 0.02, large_node_threshold: 500, candidate_beam_width: 14, tree_beam_width: 4 } }, conditional_search: ConditionalCandidateSearchConfig { enabled: true, branch_and_bound_candidate_threshold: 64, candidate_cache_minimum_expected_reuse: 2 }, parallel: ParallelConfig { enabled: false, threads: Some(1), parallel_candidates: false, parallel_beam_states: false, minimum_parallel_work: 18446744073709551615 }, pruning: PruningConfig { enabled: true, validation_fraction: 0.2, alpha_nodes: 0.0, alpha_leaves: 0.0, alpha_literals: 0.0, alpha_axp: 0.0, accuracy_epsilon: 0.04, use_one_standard_error_rule: false, selection_mode: EpsilonPareto, class_aware: ClassAwarePruningConfig { enabled: true, accuracy_epsilon: 0.04, balanced_accuracy_epsilon: 0.4, minimum_minority_recall: None, minimum_validation_samples: 1, minimum_validation_samples_per_class: 1, root_collapse_majority_threshold: 0.9, preserve_subtree_when_evidence_insufficient: true } }, adaptive_language: AdaptiveLanguageConfig { enabled: true, total_candidate_budget: 56, minimum_family_quota: 2, pilot_candidates_per_family: 4, temperature: 1.0, diversity_top_k_per_family: 1 }, axp_rerank: AxpRerankConfig { enabled: false, shortlist_size: 8, validation_samples: 8, weight_mean_axp: 0.001, weight_max_axp: 0.0005, timeout_ms: None }, allowed_languages: AllowedLanguages(""AntiHorn""), language_policy: SmartCertified, theorem_mode: true, random_seed: 43 }",cals_compact_explain_antihorn,"Single-language CompactExplain (AntiHorn)",certified,0.8032786885245902,0,3,1.9057377049180328,1,1,244,0,StructuralAntiHorn,AntiHornCnf,"",true,43,2,deterministic_hash_70_30_first_label,SelectiveLookahead,SparseCertified,16,4,2,18446744073709551615,true,39,3,20,2,38,2,0.8333333333333334,0.8333333333333334,0.8513986013986015,0.6481643356643356,0.8181818181818182,0.9886363636363636,0.8846153846153846,0.3076923076923077,0.7955639452571968,0.6793486306439674,0.8846153846153846,0.3076923076923077,"0:26|1:88",no_change,"objective_improved:12|insufficient_validation_support:3|no_change:4",384,0,0,23,4,0,26,48,262,4976,1229,22,26,0,39,0,1,"{""AntiHorn"": 1}",AntiHorn,0,2,0.015269321,0.015207522000000001,0.000061799,0,false,false,true,""
"anneal",1,7,cals_compact_explain_square2cnf,compact_explain,"Square2CNF",single_language,0.8032786885245902,3.030380703,0.000001688,3,4,2,1,1.9057377049180328,0.595681171,post_selection_final_tree,0,244,244,true,Square2Cnf,TwoSat,"two_sat","TwoSat",true,ef0cd1a,"LearnerConfig { max_depth: 7, min_samples_split: 2, min_samples_leaf: 1, max_candidates_per_node: 16, beam_width: 16, split_score: SplitScoreConfig { profile: SparseCertified, gain_weight: 1.0, gain_ratio_weight: 0.03, balance_weight: 0.01, literal_penalty: 0.004, family_complexity_penalty: 0.002, child_fragmentation_penalty: 0.005, estimated_subtree_penalty: 0.01, instability_penalty: 0.0, tie_epsilon: 1e-9 }, branch_and_bound: BranchAndBoundConfig { enabled: true, exhaustive_fallback: true, max_partial_states: 100000, max_candidates: 100000, top_k: 8 }, cache: CacheConfig { enabled: true, node_statistics: false, predicate_masks: true, candidate_pools: true, best_subtrees: false, lookahead: false, max_entries: 10000, approximate_byte_limit: 134217728 }, tree_search: TreeSearchConfig { strategy: SelectiveLookahead, tree_beam_width: 4, candidate_beam_width: 16, lookahead_depth: 2, max_expansions: 500, node_budget: 18446744073709551615, time_budget_ms: None, frontier_selection: HighestError, selective: SelectiveLookaheadConfig { enabled: true, maximum_depth: 2, ambiguity_margin: 0.01, minimum_confident_gain: 0.02, large_node_threshold: 500, candidate_beam_width: 14, tree_beam_width: 4 } }, conditional_search: ConditionalCandidateSearchConfig { enabled: true, branch_and_bound_candidate_threshold: 64, candidate_cache_minimum_expected_reuse: 2 }, parallel: ParallelConfig { enabled: false, threads: Some(1), parallel_candidates: false, parallel_beam_states: false, minimum_parallel_work: 18446744073709551615 }, pruning: PruningConfig { enabled: true, validation_fraction: 0.2, alpha_nodes: 0.0, alpha_leaves: 0.0, alpha_literals: 0.0, alpha_axp: 0.0, accuracy_epsilon: 0.04, use_one_standard_error_rule: false, selection_mode: EpsilonPareto, class_aware: ClassAwarePruningConfig { enabled: true, accuracy_epsilon: 0.04, balanced_accuracy_epsilon: 0.4, minimum_minority_recall: None, minimum_validation_samples: 1, minimum_validation_samples_per_class: 1, root_collapse_majority_threshold: 0.9, preserve_subtree_when_evidence_insufficient: true } }, adaptive_language: AdaptiveLanguageConfig { enabled: true, total_candidate_budget: 56, minimum_family_quota: 2, pilot_candidates_per_family: 4, temperature: 1.0, diversity_top_k_per_family: 1 }, axp_rerank: AxpRerankConfig { enabled: false, shortlist_size: 8, validation_samples: 8, weight_mean_axp: 0.001, weight_max_axp: 0.0005, timeout_ms: None }, allowed_languages: AllowedLanguages(""Square2CNF""), language_policy: SmartCertified, theorem_mode: true, random_seed: 43 }",cals_compact_explain_square2cnf,"Single-language CompactExplain (Square2CNF)",certified,0.8032786885245902,0,3,1.9057377049180328,1,1,244,0,TwoSat,TwoCnf,"",true,43,2,deterministic_hash_70_30_first_label,SelectiveLookahead,SparseCertified,16,4,2,18446744073709551615,true,33,3,17,2,64,4,0.8333333333333334,0.8333333333333334,0.8378496503496504,0.6481643356643356,0.8295454545454546,0.9886363636363636,0.8461538461538461,0.3076923076923077,0.7916305916305917,0.6793486306439674,0.8461538461538461,0.3076923076923077,"0:26|1:88",no_change,"objective_improved:10|insufficient_validation_support:1|no_change:5",1471,0,0,19,10,0,21,46,360,7222,70022,25,21,0,33,0,1,"{""Square2Cnf"": 1}",Square2Cnf,0,2,3.030380703,3.03031885,0.000061853,0,false,false,true,""
"anneal",1,7,cals_compact_explain_affine,compact_explain,"Affine",single_language,0.8688524590163934,0.303505763,0.000010417,15,16,8,7,5.299180327868853,0.742135668,post_selection_final_tree,0,244,244,true,Affine,Gf2Gaussian,"affine_gf2","Gf2Gaussian",true,ef0cd1a,"LearnerConfig { max_depth: 7, min_samples_split: 2, min_samples_leaf: 1, max_candidates_per_node: 16, beam_width: 16, split_score: SplitScoreConfig { profile: SparseCertified, gain_weight: 1.0, gain_ratio_weight: 0.03, balance_weight: 0.01, literal_penalty: 0.004, family_complexity_penalty: 0.002, child_fragmentation_penalty: 0.005, estimated_subtree_penalty: 0.01, instability_penalty: 0.0, tie_epsilon: 1e-9 }, branch_and_bound: BranchAndBoundConfig { enabled: true, exhaustive_fallback: true, max_partial_states: 100000, max_candidates: 100000, top_k: 8 }, cache: CacheConfig { enabled: true, node_statistics: false, predicate_masks: true, candidate_pools: true, best_subtrees: false, lookahead: false, max_entries: 10000, approximate_byte_limit: 134217728 }, tree_search: TreeSearchConfig { strategy: SelectiveLookahead, tree_beam_width: 4, candidate_beam_width: 16, lookahead_depth: 2, max_expansions: 500, node_budget: 18446744073709551615, time_budget_ms: None, frontier_selection: HighestError, selective: SelectiveLookaheadConfig { enabled: true, maximum_depth: 2, ambiguity_margin: 0.01, minimum_confident_gain: 0.02, large_node_threshold: 500, candidate_beam_width: 14, tree_beam_width: 4 } }, conditional_search: ConditionalCandidateSearchConfig { enabled: true, branch_and_bound_candidate_threshold: 64, candidate_cache_minimum_expected_reuse: 2 }, parallel: ParallelConfig { enabled: false, threads: Some(1), parallel_candidates: false, parallel_beam_states: false, minimum_parallel_work: 18446744073709551615 }, pruning: PruningConfig { enabled: true, validation_fraction: 0.2, alpha_nodes: 0.0, alpha_leaves: 0.0, alpha_literals: 0.0, alpha_axp: 0.0, accuracy_epsilon: 0.04, use_one_standard_error_rule: false, selection_mode: EpsilonPareto, class_aware: ClassAwarePruningConfig { enabled: true, accuracy_epsilon: 0.04, balanced_accuracy_epsilon: 0.4, minimum_minority_recall: None, minimum_validation_samples: 1, minimum_validation_samples_per_class: 1, root_collapse_majority_threshold: 0.9, preserve_subtree_when_evidence_insufficient: true } }, adaptive_language: AdaptiveLanguageConfig { enabled: true, total_candidate_budget: 56, minimum_family_quota: 2, pilot_candidates_per_family: 4, temperature: 1.0, diversity_top_k_per_family: 1 }, axp_rerank: AxpRerankConfig { enabled: false, shortlist_size: 8, validation_samples: 8, weight_mean_axp: 0.001, weight_max_axp: 0.0005, timeout_ms: None }, allowed_languages: AllowedLanguages(""Affine""), language_policy: SmartCertified, theorem_mode: true, random_seed: 43 }",cals_compact_explain_affine,"Single-language CompactExplain (Affine)",certified,0.8688524590163934,0,15,5.299180327868853,1,1,244,0,Gf2Gaussian,AffineGf2,"",true,43,2,deterministic_hash_70_30_first_label,SelectiveLookahead,SparseCertified,16,4,2,18446744073709551615,true,41,15,21,8,50,16,0.8596491228070176,0.9035087719298246,0.8006993006993006,0.8020104895104896,0.9090909090909091,0.9886363636363636,0.6923076923076923,0.6153846153846154,0.8006993006993006,0.8423632935260843,0.6923076923076923,0.6153846153846154,"0:26|1:88",no_change,"objective_improved:9|insufficient_validation_support:2|no_change:9",2156,0,0,23,10,0,25,54,426,13378,14590,29,25,0,41,0,1,"{""Affine"": 7}",Affine,0,11,0.303505763,0.303439637,0.000066126,0,false,false,true,""
"balance-scale-bin",0,7,cals_horn,cals,"Horn",single_language,0.9197860962566845,0.015458174,0.000000214,1,0,1,0,0,0.006678621,post_selection_final_tree,0,187,187,true,Horn,StructuralHorn,"uncommitted","StructuralHorn",true,ef0cd1a,"LearnerConfig { max_depth: 7, min_samples_split: 2, min_samples_leaf: 1, max_candidates_per_node: 16, beam_width: 16, split_score: SplitScoreConfig { profile: SparseCertified, gain_weight: 1.0, gain_ratio_weight: 0.03, balance_weight: 0.01, literal_penalty: 0.004, family_complexity_penalty: 0.002, child_fragmentation_penalty: 0.005, estimated_subtree_penalty: 0.01, instability_penalty: 0.0, tie_epsilon: 1e-9 }, branch_and_bound: BranchAndBoundConfig { enabled: true, exhaustive_fallback: true, max_partial_states: 100000, max_candidates: 100000, top_k: 16 }, cache: CacheConfig { enabled: true, node_statistics: true, predicate_masks: true, candidate_pools: true, best_subtrees: true, lookahead: true, max_entries: 20000, approximate_byte_limit: 268435456 }, tree_search: TreeSearchConfig { strategy: SparseLookahead, tree_beam_width: 8, candidate_beam_width: 16, lookahead_depth: 2, max_expansions: 1000, node_budget: 18446744073709551615, time_budget_ms: None, frontier_selection: HighestError, selective: SelectiveLookaheadConfig { enabled: false, maximum_depth: 2, ambiguity_margin: 0.01, minimum_confident_gain: 0.02, large_node_threshold: 500, candidate_beam_width: 8, tree_beam_width: 4 } }, conditional_search: ConditionalCandidateSearchConfig { enabled: false, branch_and_bound_candidate_threshold: 64, candidate_cache_minimum_expected_reuse: 2 }, parallel: ParallelConfig { enabled: true, threads: None, parallel_candidates: true, parallel_beam_states: true, minimum_parallel_work: 2 }, pruning: PruningConfig { enabled: true, validation_fraction: 0.2, alpha_nodes: 0.0, alpha_leaves: 0.0, alpha_literals: 0.0, alpha_axp: 0.0, accuracy_epsilon: 0.005, use_one_standard_error_rule: false, selection_mode: EpsilonPareto, class_aware: ClassAwarePruningConfig { enabled: false, accuracy_epsilon: 0.005, balanced_accuracy_epsilon: 0.005, minimum_minority_recall: None, minimum_validation_samples: 20, minimum_validation_samples_per_class: 3, root_collapse_majority_threshold: 0.9, preserve_subtree_when_evidence_insufficient: true } }, adaptive_language: AdaptiveLanguageConfig { enabled: true, total_candidate_budget: 64, minimum_family_quota: 2, pilot_candidates_per_family: 4, temperature: 1.0, diversity_top_k_per_family: 1 }, axp_rerank: AxpRerankConfig { enabled: false, shortlist_size: 8, validation_samples: 8, weight_mean_axp: 0.001, weight_max_axp: 0.0005, timeout_ms: None }, allowed_languages: AllowedLanguages(""Horn""), language_policy: SmartCertified, theorem_mode: true, random_seed: 42 }",cals_horn,"Single-language CALS (Horn)",certified,0.9197860962566845,0,1,0,1,1,187,0,StructuralHorn,HornCnf,"",true,42,2,deterministic_hash_70_30_first_label,SparseLookahead,SparseCertified,16,8,2,18446744073709551615,true,39,1,20,1,38,0,0.9204545454545454,0.9204545454545454,0.5,0.5,1,1,0,0,0.47928994082840237,0.47928994082840237,0,0,"0:7|1:81",objective_improved,"objective_improved:19",2146,1395,0,33,0,33,0,52,1699,5934,702,19,33,0,39,0,1,"{}",Leaf,0,0,0.015458174,0.015427498999999999,0.000030675,0,false,false,true,""
"balance-scale-bin",0,7,cals_antihorn,cals,"AntiHorn",single_language,0.9197860962566845,0.012961972,0.000000192,1,0,1,0,0,0.00673772,post_selection_final_tree,0,187,187,true,AntiHorn,StructuralAntiHorn,"uncommitted","StructuralHorn",true,ef0cd1a,"LearnerConfig { max_depth: 7, min_samples_split: 2, min_samples_leaf: 1, max_candidates_per_node: 16, beam_width: 16, split_score: SplitScoreConfig { profile: SparseCertified, gain_weight: 1.0, gain_ratio_weight: 0.03, balance_weight: 0.01, literal_penalty: 0.004, family_complexity_penalty: 0.002, child_fragmentation_penalty: 0.005, estimated_subtree_penalty: 0.01, instability_penalty: 0.0, tie_epsilon: 1e-9 }, branch_and_bound: BranchAndBoundConfig { enabled: true, exhaustive_fallback: true, max_partial_states: 100000, max_candidates: 100000, top_k: 16 }, cache: CacheConfig { enabled: true, node_statistics: true, predicate_masks: true, candidate_pools: true, best_subtrees: true, lookahead: true, max_entries: 20000, approximate_byte_limit: 268435456 }, tree_search: TreeSearchConfig { strategy: SparseLookahead, tree_beam_width: 8, candidate_beam_width: 16, lookahead_depth: 2, max_expansions: 1000, node_budget: 18446744073709551615, time_budget_ms: None, frontier_selection: HighestError, selective: SelectiveLookaheadConfig { enabled: false, maximum_depth: 2, ambiguity_margin: 0.01, minimum_confident_gain: 0.02, large_node_threshold: 500, candidate_beam_width: 8, tree_beam_width: 4 } }, conditional_search: ConditionalCandidateSearchConfig { enabled: false, branch_and_bound_candidate_threshold: 64, candidate_cache_minimum_expected_reuse: 2 }, parallel: ParallelConfig { enabled: true, threads: None, parallel_candidates: true, parallel_beam_states: true, minimum_parallel_work: 2 }, pruning: PruningConfig { enabled: true, validation_fraction: 0.2, alpha_nodes: 0.0, alpha_leaves: 0.0, alpha_literals: 0.0, alpha_axp: 0.0, accuracy_epsilon: 0.005, use_one_standard_error_rule: false, selection_mode: EpsilonPareto, class_aware: ClassAwarePruningConfig { enabled: false, accuracy_epsilon: 0.005, balanced_accuracy_epsilon: 0.005, minimum_minority_recall: None, minimum_validation_samples: 20, minimum_validation_samples_per_class: 3, root_collapse_majority_threshold: 0.9, preserve_subtree_when_evidence_insufficient: true } }, adaptive_language: AdaptiveLanguageConfig { enabled: true, total_candidate_budget: 64, minimum_family_quota: 2, pilot_candidates_per_family: 4, temperature: 1.0, diversity_top_k_per_family: 1 }, axp_rerank: AxpRerankConfig { enabled: false, shortlist_size: 8, validation_samples: 8, weight_mean_axp: 0.001, weight_max_axp: 0.0005, timeout_ms: None }, allowed_languages: AllowedLanguages(""AntiHorn""), language_policy: SmartCertified, theorem_mode: true, random_seed: 42 }",cals_antihorn,"Single-language CALS (AntiHorn)",certified,0.9197860962566845,0,1,0,1,1,187,0,StructuralAntiHorn,AntiHornCnf,"",true,42,2,deterministic_hash_70_30_first_label,SparseLookahead,SparseCertified,16,8,2,18446744073709551615,true,27,1,14,1,26,0,0.9204545454545454,0.9204545454545454,0.5,0.5,1,1,0,0,0.47928994082840237,0.47928994082840237,0,0,"0:7|1:81",objective_improved,"objective_improved:13",1796,1211,0,27,0,27,0,40,1419,5112,693,13,27,0,27,0,1,"{}",Leaf,0,0,0.012961972,0.012934473,0.000027499,0,false,false,true,""
"balance-scale-bin",0,7,cals_square2cnf,cals,"Square2CNF",single_language,0.9197860962566845,14.409418768,0.00000026,1,0,1,0,0,0.007035097,post_selection_final_tree,0,187,187,true,Square2Cnf,TwoSat,"uncommitted","StructuralHorn",true,ef0cd1a,"LearnerConfig { max_depth: 7, min_samples_split: 2, min_samples_leaf: 1, max_candidates_per_node: 16, beam_width: 16, split_score: SplitScoreConfig { profile: SparseCertified, gain_weight: 1.0, gain_ratio_weight: 0.03, balance_weight: 0.01, literal_penalty: 0.004, family_complexity_penalty: 0.002, child_fragmentation_penalty: 0.005, estimated_subtree_penalty: 0.01, instability_penalty: 0.0, tie_epsilon: 1e-9 }, branch_and_bound: BranchAndBoundConfig { enabled: true, exhaustive_fallback: true, max_partial_states: 100000, max_candidates: 100000, top_k: 16 }, cache: CacheConfig { enabled: true, node_statistics: true, predicate_masks: true, candidate_pools: true, best_subtrees: true, lookahead: true, max_entries: 20000, approximate_byte_limit: 268435456 }, tree_search: TreeSearchConfig { strategy: SparseLookahead, tree_beam_width: 8, candidate_beam_width: 16, lookahead_depth: 2, max_expansions: 1000, node_budget: 18446744073709551615, time_budget_ms: None, frontier_selection: HighestError, selective: SelectiveLookaheadConfig { enabled: false, maximum_depth: 2, ambiguity_margin: 0.01, minimum_confident_gain: 0.02, large_node_threshold: 500, candidate_beam_width: 8, tree_beam_width: 4 } }, conditional_search: ConditionalCandidateSearchConfig { enabled: false, branch_and_bound_candidate_threshold: 64, candidate_cache_minimum_expected_reuse: 2 }, parallel: ParallelConfig { enabled: true, threads: None, parallel_candidates: true, parallel_beam_states: true, minimum_parallel_work: 2 }, pruning: PruningConfig { enabled: true, validation_fraction: 0.2, alpha_nodes: 0.0, alpha_leaves: 0.0, alpha_literals: 0.0, alpha_axp: 0.0, accuracy_epsilon: 0.005, use_one_standard_error_rule: false, selection_mode: EpsilonPareto, class_aware: ClassAwarePruningConfig { enabled: false, accuracy_epsilon: 0.005, balanced_accuracy_epsilon: 0.005, minimum_minority_recall: None, minimum_validation_samples: 20, minimum_validation_samples_per_class: 3, root_collapse_majority_threshold: 0.9, preserve_subtree_when_evidence_insufficient: true } }, adaptive_language: AdaptiveLanguageConfig { enabled: true, total_candidate_budget: 64, minimum_family_quota: 2, pilot_candidates_per_family: 4, temperature: 1.0, diversity_top_k_per_family: 1 }, axp_rerank: AxpRerankConfig { enabled: false, shortlist_size: 8, validation_samples: 8, weight_mean_axp: 0.001, weight_max_axp: 0.0005, timeout_ms: None }, allowed_languages: AllowedLanguages(""Square2CNF""), language_policy: SmartCertified, theorem_mode: true, random_seed: 42 }",cals_square2cnf,"Single-language CALS (Square2CNF)",certified,0.9197860962566845,0,1,0,1,1,187,0,TwoSat,TwoCnf,"",true,42,2,deterministic_hash_70_30_first_label,SparseLookahead,SparseCertified,16,8,2,18446744073709551615,true,31,1,16,1,60,0,0.8977272727272727,0.9204545454545454,0.5529100529100529,0.5,0.9629629629629629,1,0.14285714285714285,0,0.5636363636363636,0.47928994082840237,0.14285714285714285,0,"0:7|1:81",objective_improved,"objective_improved:15",73470,1188,0,29,0,27,0,44,1450,28473,140729,17,27,0,31,0,1,"{}",Leaf,0,0,14.409418768,14.409381955,0.000036813,0,false,false,true,""
"balance-scale-bin",0,7,cals_affine,cals,"Affine",single_language,0.9144385026737968,0.16063887,0.000007314,13,18,7,6,3.0802139037433154,0.01791378,post_selection_final_tree,0,187,187,true,Affine,Gf2Gaussian,"affine_gf2","Gf2Gaussian",true,ef0cd1a,"LearnerConfig { max_depth: 7, min_samples_split: 2, min_samples_leaf: 1, max_candidates_per_node: 16, beam_width: 16, split_score: SplitScoreConfig { profile: SparseCertified, gain_weight: 1.0, gain_ratio_weight: 0.03, balance_weight: 0.01, literal_penalty: 0.004, family_complexity_penalty: 0.002, child_fragmentation_penalty: 0.005, estimated_subtree_penalty: 0.01, instability_penalty: 0.0, tie_epsilon: 1e-9 }, branch_and_bound: BranchAndBoundConfig { enabled: true, exhaustive_fallback: true, max_partial_states: 100000, max_candidates: 100000, top_k: 16 }, cache: CacheConfig { enabled: true, node_statistics: true, predicate_masks: true, candidate_pools: true, best_subtrees: true, lookahead: true, max_entries: 20000, approximate_byte_limit: 268435456 }, tree_search: TreeSearchConfig { strategy: SparseLookahead, tree_beam_width: 8, candidate_beam_width: 16, lookahead_depth: 2, max_expansions: 1000, node_budget: 18446744073709551615, time_budget_ms: None, frontier_selection: HighestError, selective: SelectiveLookaheadConfig { enabled: false, maximum_depth: 2, ambiguity_margin: 0.01, minimum_confident_gain: 0.02, large_node_threshold: 500, candidate_beam_width: 8, tree_beam_width: 4 } }, conditional_search: ConditionalCandidateSearchConfig { enabled: false, branch_and_bound_candidate_threshold: 64, candidate_cache_minimum_expected_reuse: 2 }, parallel: ParallelConfig { enabled: true, threads: None, parallel_candidates: true, parallel_beam_states: true, minimum_parallel_work: 2 }, pruning: PruningConfig { enabled: true, validation_fraction: 0.2, alpha_nodes: 0.0, alpha_leaves: 0.0, alpha_literals: 0.0, alpha_axp: 0.0, accuracy_epsilon: 0.005, use_one_standard_error_rule: false, selection_mode: EpsilonPareto, class_aware: ClassAwarePruningConfig { enabled: false, accuracy_epsilon: 0.005, balanced_accuracy_epsilon: 0.005, minimum_minority_recall: None, minimum_validation_samples: 20, minimum_validation_samples_per_class: 3, root_collapse_majority_threshold: 0.9, preserve_subtree_when_evidence_insufficient: true } }, adaptive_language: AdaptiveLanguageConfig { enabled: true, total_candidate_budget: 64, minimum_family_quota: 2, pilot_candidates_per_family: 4, temperature: 1.0, diversity_top_k_per_family: 1 }, axp_rerank: AxpRerankConfig { enabled: false, shortlist_size: 8, validation_samples: 8, weight_mean_axp: 0.001, weight_max_axp: 0.0005, timeout_ms: None }, allowed_languages: AllowedLanguages(""Affine""), language_policy: SmartCertified, theorem_mode: true, random_seed: 42 }",cals_affine,"Single-language CALS (Affine)",certified,0.9144385026737968,0,13,3.0802139037433154,1,1,187,0,Gf2Gaussian,AffineGf2,"",true,42,2,deterministic_hash_70_30_first_label,SparseLookahead,SparseCertified,16,8,2,18446744073709551615,true,43,13,22,7,54,18,0.9090909090909091,0.9318181818181818,0.689594356261023,0.5714285714285714,0.9506172839506173,1,0.42857142857142855,0.14285714285714285,0.689594356261023,0.6071428571428572,0.42857142857142855,0.14285714285714285,"0:7|1:81",no_change,"objective_improved:15|no_change:6",19582,1110,0,35,0,27,0,56,1560,38949,1376,29,27,0,43,0,1,"{""Affine"": 6}",Affine,0,15,0.16063887,0.16060044499999998,0.000038425,0,false,false,true,""
"balance-scale-bin",0,7,cals_compact_explain_horn,compact_explain,"Horn",single_language,0.9197860962566845,0.011361069,0.000000177,1,0,1,0,0,0.006734797,post_selection_final_tree,0,187,187,true,Horn,StructuralHorn,"uncommitted","StructuralHorn",true,ef0cd1a,"LearnerConfig { max_depth: 7, min_samples_split: 2, min_samples_leaf: 1, max_candidates_per_node: 16, beam_width: 16, split_score: SplitScoreConfig { profile: SparseCertified, gain_weight: 1.0, gain_ratio_weight: 0.03, balance_weight: 0.01, literal_penalty: 0.004, family_complexity_penalty: 0.002, child_fragmentation_penalty: 0.005, estimated_subtree_penalty: 0.01, instability_penalty: 0.0, tie_epsilon: 1e-9 }, branch_and_bound: BranchAndBoundConfig { enabled: true, exhaustive_fallback: true, max_partial_states: 100000, max_candidates: 100000, top_k: 8 }, cache: CacheConfig { enabled: true, node_statistics: false, predicate_masks: true, candidate_pools: true, best_subtrees: false, lookahead: false, max_entries: 10000, approximate_byte_limit: 134217728 }, tree_search: TreeSearchConfig { strategy: SelectiveLookahead, tree_beam_width: 4, candidate_beam_width: 16, lookahead_depth: 2, max_expansions: 500, node_budget: 18446744073709551615, time_budget_ms: None, frontier_selection: HighestError, selective: SelectiveLookaheadConfig { enabled: true, maximum_depth: 2, ambiguity_margin: 0.01, minimum_confident_gain: 0.02, large_node_threshold: 500, candidate_beam_width: 14, tree_beam_width: 4 } }, conditional_search: ConditionalCandidateSearchConfig { enabled: true, branch_and_bound_candidate_threshold: 64, candidate_cache_minimum_expected_reuse: 2 }, parallel: ParallelConfig { enabled: false, threads: Some(1), parallel_candidates: false, parallel_beam_states: false, minimum_parallel_work: 18446744073709551615 }, pruning: PruningConfig { enabled: true, validation_fraction: 0.2, alpha_nodes: 0.0, alpha_leaves: 0.0, alpha_literals: 0.0, alpha_axp: 0.0, accuracy_epsilon: 0.04, use_one_standard_error_rule: false, selection_mode: EpsilonPareto, class_aware: ClassAwarePruningConfig { enabled: true, accuracy_epsilon: 0.04, balanced_accuracy_epsilon: 0.4, minimum_minority_recall: None, minimum_validation_samples: 1, minimum_validation_samples_per_class: 1, root_collapse_majority_threshold: 0.9, preserve_subtree_when_evidence_insufficient: true } }, adaptive_language: AdaptiveLanguageConfig { enabled: true, total_candidate_budget: 56, minimum_family_quota: 2, pilot_candidates_per_family: 4, temperature: 1.0, diversity_top_k_per_family: 1 }, axp_rerank: AxpRerankConfig { enabled: false, shortlist_size: 8, validation_samples: 8, weight_mean_axp: 0.001, weight_max_axp: 0.0005, timeout_ms: None }, allowed_languages: AllowedLanguages(""Horn""), language_policy: SmartCertified, theorem_mode: true, random_seed: 42 }",cals_compact_explain_horn,"Single-language CompactExplain (Horn)",certified,0.9197860962566845,0,1,0,1,1,187,0,StructuralHorn,HornCnf,"",true,42,2,deterministic_hash_70_30_first_label,SelectiveLookahead,SparseCertified,16,4,2,18446744073709551615,true,41,1,21,1,40,0,0.9204545454545454,0.9204545454545454,0.5,0.5,1,1,0,0,0.47928994082840237,0.47928994082840237,0,0,"0:7|1:81",objective_improved,"objective_improved:17|insufficient_validation_support:3",1833,0,0,29,12,0,40,61,327,4081,667,21,40,0,41,0,1,"{}",Leaf,0,0,0.011361069,0.011312902,0.000048167,0,false,false,true,""
"balance-scale-bin",0,7,cals_compact_explain_antihorn,compact_explain,"AntiHorn",single_language,0.9197860962566845,0.011081555,0.000000169,1,0,1,0,0,0.00680973,post_selection_final_tree,0,187,187,true,AntiHorn,StructuralAntiHorn,"uncommitted","StructuralHorn",true,ef0cd1a,"LearnerConfig { max_depth: 7, min_samples_split: 2, min_samples_leaf: 1, max_candidates_per_node: 16, beam_width: 16, split_score: SplitScoreConfig { profile: SparseCertified, gain_weight: 1.0, gain_ratio_weight: 0.03, balance_weight: 0.01, literal_penalty: 0.004, family_complexity_penalty: 0.002, child_fragmentation_penalty: 0.005, estimated_subtree_penalty: 0.01, instability_penalty: 0.0, tie_epsilon: 1e-9 }, branch_and_bound: BranchAndBoundConfig { enabled: true, exhaustive_fallback: true, max_partial_states: 100000, max_candidates: 100000, top_k: 8 }, cache: CacheConfig { enabled: true, node_statistics: false, predicate_masks: true, candidate_pools: true, best_subtrees: false, lookahead: false, max_entries: 10000, approximate_byte_limit: 134217728 }, tree_search: TreeSearchConfig { strategy: SelectiveLookahead, tree_beam_width: 4, candidate_beam_width: 16, lookahead_depth: 2, max_expansions: 500, node_budget: 18446744073709551615, time_budget_ms: None, frontier_selection: HighestError, selective: SelectiveLookaheadConfig { enabled: true, maximum_depth: 2, ambiguity_margin: 0.01, minimum_confident_gain: 0.02, large_node_threshold: 500, candidate_beam_width: 14, tree_beam_width: 4 } }, conditional_search: ConditionalCandidateSearchConfig { enabled: true, branch_and_bound_candidate_threshold: 64, candidate_cache_minimum_expected_reuse: 2 }, parallel: ParallelConfig { enabled: false, threads: Some(1), parallel_candidates: false, parallel_beam_states: false, minimum_parallel_work: 18446744073709551615 }, pruning: PruningConfig { enabled: true, validation_fraction: 0.2, alpha_nodes: 0.0, alpha_leaves: 0.0, alpha_literals: 0.0, alpha_axp: 0.0, accuracy_epsilon: 0.04, use_one_standard_error_rule: false, selection_mode: EpsilonPareto, class_aware: ClassAwarePruningConfig { enabled: true, accuracy_epsilon: 0.04, balanced_accuracy_epsilon: 0.4, minimum_minority_recall: None, minimum_validation_samples: 1, minimum_validation_samples_per_class: 1, root_collapse_majority_threshold: 0.9, preserve_subtree_when_evidence_insufficient: true } }, adaptive_language: AdaptiveLanguageConfig { enabled: true, total_candidate_budget: 56, minimum_family_quota: 2, pilot_candidates_per_family: 4, temperature: 1.0, diversity_top_k_per_family: 1 }, axp_rerank: AxpRerankConfig { enabled: false, shortlist_size: 8, validation_samples: 8, weight_mean_axp: 0.001, weight_max_axp: 0.0005, timeout_ms: None }, allowed_languages: AllowedLanguages(""AntiHorn""), language_policy: SmartCertified, theorem_mode: true, random_seed: 42 }",cals_compact_explain_antihorn,"Single-language CompactExplain (AntiHorn)",certified,0.9197860962566845,0,1,0,1,1,187,0,StructuralAntiHorn,AntiHornCnf,"",true,42,2,deterministic_hash_70_30_first_label,SelectiveLookahead,SparseCertified,16,4,2,18446744073709551615,true,41,1,21,1,40,0,0.9318181818181818,0.9204545454545454,0.5714285714285714,0.5,1,1,0.14285714285714285,0,0.6071428571428572,0.47928994082840237,0.14285714285714285,0,"0:7|1:81",objective_improved,"objective_improved:14|insufficient_validation_support:2|no_change:4",1873,0,0,28,10,0,38,58,320,3729,660,20,38,0,41,0,1,"{}",Leaf,0,0,0.011081555,0.011035618,0.000045937,0,false,false,true,""
"balance-scale-bin",0,7,cals_compact_explain_square2cnf,compact_explain,"Square2CNF",single_language,0.9197860962566845,4.818593419,0.000000311,1,0,1,0,0,0.006876226,post_selection_final_tree,0,187,187,true,Square2Cnf,TwoSat,"uncommitted","StructuralHorn",true,ef0cd1a,"LearnerConfig { max_depth: 7, min_samples_split: 2, min_samples_leaf: 1, max_candidates_per_node: 16, beam_width: 16, split_score: SplitScoreConfig { profile: SparseCertified, gain_weight: 1.0, gain_ratio_weight: 0.03, balance_weight: 0.01, literal_penalty: 0.004, family_complexity_penalty: 0.002, child_fragmentation_penalty: 0.005, estimated_subtree_penalty: 0.01, instability_penalty: 0.0, tie_epsilon: 1e-9 }, branch_and_bound: BranchAndBoundConfig { enabled: true, exhaustive_fallback: true, max_partial_states: 100000, max_candidates: 100000, top_k: 8 }, cache: CacheConfig { enabled: true, node_statistics: false, predicate_masks: true, candidate_pools: true, best_subtrees: false, lookahead: false, max_entries: 10000, approximate_byte_limit: 134217728 }, tree_search: TreeSearchConfig { strategy: SelectiveLookahead, tree_beam_width: 4, candidate_beam_width: 16, lookahead_depth: 2, max_expansions: 500, node_budget: 18446744073709551615, time_budget_ms: None, frontier_selection: HighestError, selective: SelectiveLookaheadConfig { enabled: true, maximum_depth: 2, ambiguity_margin: 0.01, minimum_confident_gain: 0.02, large_node_threshold: 500, candidate_beam_width: 14, tree_beam_width: 4 } }, conditional_search: ConditionalCandidateSearchConfig { enabled: true, branch_and_bound_candidate_threshold: 64, candidate_cache_minimum_expected_reuse: 2 }, parallel: ParallelConfig { enabled: false, threads: Some(1), parallel_candidates: false, parallel_beam_states: false, minimum_parallel_work: 18446744073709551615 }, pruning: PruningConfig { enabled: true, validation_fraction: 0.2, alpha_nodes: 0.0, alpha_leaves: 0.0, alpha_literals: 0.0, alpha_axp: 0.0, accuracy_epsilon: 0.04, use_one_standard_error_rule: false, selection_mode: EpsilonPareto, class_aware: ClassAwarePruningConfig { enabled: true, accuracy_epsilon: 0.04, balanced_accuracy_epsilon: 0.4, minimum_minority_recall: None, minimum_validation_samples: 1, minimum_validation_samples_per_class: 1, root_collapse_majority_threshold: 0.9, preserve_subtree_when_evidence_insufficient: true } }, adaptive_language: AdaptiveLanguageConfig { enabled: true, total_candidate_budget: 56, minimum_family_quota: 2, pilot_candidates_per_family: 4, temperature: 1.0, diversity_top_k_per_family: 1 }, axp_rerank: AxpRerankConfig { enabled: false, shortlist_size: 8, validation_samples: 8, weight_mean_axp: 0.001, weight_max_axp: 0.0005, timeout_ms: None }, allowed_languages: AllowedLanguages(""Square2CNF""), language_policy: SmartCertified, theorem_mode: true, random_seed: 42 }",cals_compact_explain_square2cnf,"Single-language CompactExplain (Square2CNF)",certified,0.9197860962566845,0,1,0,1,1,187,0,TwoSat,TwoCnf,"",true,42,2,deterministic_hash_70_30_first_label,SelectiveLookahead,SparseCertified,16,4,2,18446744073709551615,true,51,1,26,1,100,0,0.9090909090909091,0.9204545454545454,0.5590828924162258,0.5,0.9753086419753086,1,0.14285714285714285,0,0.5759036144578313,0.47928994082840237,0.14285714285714285,0,"0:7|1:81",objective_improved,"objective_improved:7|insufficient_validation_support:12|no_change:6",33172,0,0,27,14,0,37,67,428,14638,98807,30,37,0,51,0,1,"{}",Leaf,0,0,4.818593419,4.818526917,0.000066502,0,false,false,true,""
"balance-scale-bin",0,7,cals_compact_explain_affine,compact_explain,"Affine",single_language,0.9197860962566845,0.103464854,0.000000283,1,0,1,0,0,0.00665931,post_selection_final_tree,0,187,187,true,Affine,Gf2Gaussian,"uncommitted","StructuralHorn",true,ef0cd1a,"LearnerConfig { max_depth: 7, min_samples_split: 2, min_samples_leaf: 1, max_candidates_per_node: 16, beam_width: 16, split_score: SplitScoreConfig { profile: SparseCertified, gain_weight: 1.0, gain_ratio_weight: 0.03, balance_weight: 0.01, literal_penalty: 0.004, family_complexity_penalty: 0.002, child_fragmentation_penalty: 0.005, estimated_subtree_penalty: 0.01, instability_penalty: 0.0, tie_epsilon: 1e-9 }, branch_and_bound: BranchAndBoundConfig { enabled: true, exhaustive_fallback: true, max_partial_states: 100000, max_candidates: 100000, top_k: 8 }, cache: CacheConfig { enabled: true, node_statistics: false, predicate_masks: true, candidate_pools: true, best_subtrees: false, lookahead: false, max_entries: 10000, approximate_byte_limit: 134217728 }, tree_search: TreeSearchConfig { strategy: SelectiveLookahead, tree_beam_width: 4, candidate_beam_width: 16, lookahead_depth: 2, max_expansions: 500, node_budget: 18446744073709551615, time_budget_ms: None, frontier_selection: HighestError, selective: SelectiveLookaheadConfig { enabled: true, maximum_depth: 2, ambiguity_margin: 0.01, minimum_confident_gain: 0.02, large_node_threshold: 500, candidate_beam_width: 14, tree_beam_width: 4 } }, conditional_search: ConditionalCandidateSearchConfig { enabled: true, branch_and_bound_candidate_threshold: 64, candidate_cache_minimum_expected_reuse: 2 }, parallel: ParallelConfig { enabled: false, threads: Some(1), parallel_candidates: false, parallel_beam_states: false, minimum_parallel_work: 18446744073709551615 }, pruning: PruningConfig { enabled: true, validation_fraction: 0.2, alpha_nodes: 0.0, alpha_leaves: 0.0, alpha_literals: 0.0, alpha_axp: 0.0, accuracy_epsilon: 0.04, use_one_standard_error_rule: false, selection_mode: EpsilonPareto, class_aware: ClassAwarePruningConfig { enabled: true, accuracy_epsilon: 0.04, balanced_accuracy_epsilon: 0.4, minimum_minority_recall: None, minimum_validation_samples: 1, minimum_validation_samples_per_class: 1, root_collapse_majority_threshold: 0.9, preserve_subtree_when_evidence_insufficient: true } }, adaptive_language: AdaptiveLanguageConfig { enabled: true, total_candidate_budget: 56, minimum_family_quota: 2, pilot_candidates_per_family: 4, temperature: 1.0, diversity_top_k_per_family: 1 }, axp_rerank: AxpRerankConfig { enabled: false, shortlist_size: 8, validation_samples: 8, weight_mean_axp: 0.001, weight_max_axp: 0.0005, timeout_ms: None }, allowed_languages: AllowedLanguages(""Affine""), language_policy: SmartCertified, theorem_mode: true, random_seed: 42 }",cals_compact_explain_affine,"Single-language CompactExplain (Affine)",certified,0.9197860962566845,0,1,0,1,1,187,0,Gf2Gaussian,AffineGf2,"",true,42,2,deterministic_hash_70_30_first_label,SelectiveLookahead,SparseCertified,16,4,2,18446744073709551615,true,51,1,26,1,60,0,0.9204545454545454,0.9204545454545454,0.5652557319223985,0.5,0.9876543209876543,1,0.14285714285714285,0,0.5901530272787758,0.47928994082840237,0.14285714285714285,0,"0:7|1:81",objective_improved,"objective_improved:11|insufficient_validation_support:9|no_change:5",12830,0,0,28,15,0,31,68,550,29197,1376,37,31,0,51,0,1,"{}",Leaf,0,0,0.103464854,0.10341094499999999,0.000053909,0,false,false,true,""
"balance-scale-bin",1,7,cals_horn,cals,"Horn",single_language,0.9251336898395722,0.013740371,0.000000168,1,0,1,0,0,0.00666628,post_selection_final_tree,0,187,187,true,Horn,StructuralHorn,"uncommitted","StructuralHorn",true,ef0cd1a,"LearnerConfig { max_depth: 7, min_samples_split: 2, min_samples_leaf: 1, max_candidates_per_node: 16, beam_width: 16, split_score: SplitScoreConfig { profile: SparseCertified, gain_weight: 1.0, gain_ratio_weight: 0.03, balance_weight: 0.01, literal_penalty: 0.004, family_complexity_penalty: 0.002, child_fragmentation_penalty: 0.005, estimated_subtree_penalty: 0.01, instability_penalty: 0.0, tie_epsilon: 1e-9 }, branch_and_bound: BranchAndBoundConfig { enabled: true, exhaustive_fallback: true, max_partial_states: 100000, max_candidates: 100000, top_k: 16 }, cache: CacheConfig { enabled: true, node_statistics: true, predicate_masks: true, candidate_pools: true, best_subtrees: true, lookahead: true, max_entries: 20000, approximate_byte_limit: 268435456 }, tree_search: TreeSearchConfig { strategy: SparseLookahead, tree_beam_width: 8, candidate_beam_width: 16, lookahead_depth: 2, max_expansions: 1000, node_budget: 18446744073709551615, time_budget_ms: None, frontier_selection: HighestError, selective: SelectiveLookaheadConfig { enabled: false, maximum_depth: 2, ambiguity_margin: 0.01, minimum_confident_gain: 0.02, large_node_threshold: 500, candidate_beam_width: 8, tree_beam_width: 4 } }, conditional_search: ConditionalCandidateSearchConfig { enabled: false, branch_and_bound_candidate_threshold: 64, candidate_cache_minimum_expected_reuse: 2 }, parallel: ParallelConfig { enabled: true, threads: None, parallel_candidates: true, parallel_beam_states: true, minimum_parallel_work: 2 }, pruning: PruningConfig { enabled: true, validation_fraction: 0.2, alpha_nodes: 0.0, alpha_leaves: 0.0, alpha_literals: 0.0, alpha_axp: 0.0, accuracy_epsilon: 0.005, use_one_standard_error_rule: false, selection_mode: EpsilonPareto, class_aware: ClassAwarePruningConfig { enabled: false, accuracy_epsilon: 0.005, balanced_accuracy_epsilon: 0.005, minimum_minority_recall: None, minimum_validation_samples: 20, minimum_validation_samples_per_class: 3, root_collapse_majority_threshold: 0.9, preserve_subtree_when_evidence_insufficient: true } }, adaptive_language: AdaptiveLanguageConfig { enabled: true, total_candidate_budget: 64, minimum_family_quota: 2, pilot_candidates_per_family: 4, temperature: 1.0, diversity_top_k_per_family: 1 }, axp_rerank: AxpRerankConfig { enabled: false, shortlist_size: 8, validation_samples: 8, weight_mean_axp: 0.001, weight_max_axp: 0.0005, timeout_ms: None }, allowed_languages: AllowedLanguages(""Horn""), language_policy: SmartCertified, theorem_mode: true, random_seed: 43 }",cals_horn,"Single-language CALS (Horn)",certified,0.9251336898395722,0,1,0,1,1,187,0,StructuralHorn,HornCnf,"",true,43,2,deterministic_hash_70_30_first_label,SparseLookahead,SparseCertified,16,8,2,18446744073709551615,true,43,1,22,1,42,0,0.8977272727272727,0.9204545454545454,0.4876543209876543,0.5,0.9753086419753086,1,0,0,0.4730538922155688,0.47928994082840237,0,0,"0:7|1:81",objective_improved,"objective_improved:21",1725,1134,0,35,0,31,0,56,1490,4896,713,25,31,0,43,0,1,"{}",Leaf,0,0,0.013740371,0.013709127,0.000031244,0,false,false,true,""
"balance-scale-bin",1,7,cals_antihorn,cals,"AntiHorn",single_language,0.9251336898395722,0.013756184,0.000000183,1,0,1,0,0,0.006610033,post_selection_final_tree,0,187,187,true,AntiHorn,StructuralAntiHorn,"uncommitted","StructuralHorn",true,ef0cd1a,"LearnerConfig { max_depth: 7, min_samples_split: 2, min_samples_leaf: 1, max_candidates_per_node: 16, beam_width: 16, split_score: SplitScoreConfig { profile: SparseCertified, gain_weight: 1.0, gain_ratio_weight: 0.03, balance_weight: 0.01, literal_penalty: 0.004, family_complexity_penalty: 0.002, child_fragmentation_penalty: 0.005, estimated_subtree_penalty: 0.01, instability_penalty: 0.0, tie_epsilon: 1e-9 }, branch_and_bound: BranchAndBoundConfig { enabled: true, exhaustive_fallback: true, max_partial_states: 100000, max_candidates: 100000, top_k: 16 }, cache: CacheConfig { enabled: true, node_statistics: true, predicate_masks: true, candidate_pools: true, best_subtrees: true, lookahead: true, max_entries: 20000, approximate_byte_limit: 268435456 }, tree_search: TreeSearchConfig { strategy: SparseLookahead, tree_beam_width: 8, candidate_beam_width: 16, lookahead_depth: 2, max_expansions: 1000, node_budget: 18446744073709551615, time_budget_ms: None, frontier_selection: HighestError, selective: SelectiveLookaheadConfig { enabled: false, maximum_depth: 2, ambiguity_margin: 0.01, minimum_confident_gain: 0.02, large_node_threshold: 500, candidate_beam_width: 8, tree_beam_width: 4 } }, conditional_search: ConditionalCandidateSearchConfig { enabled: false, branch_and_bound_candidate_threshold: 64, candidate_cache_minimum_expected_reuse: 2 }, parallel: ParallelConfig { enabled: true, threads: None, parallel_candidates: true, parallel_beam_states: true, minimum_parallel_work: 2 }, pruning: PruningConfig { enabled: true, validation_fraction: 0.2, alpha_nodes: 0.0, alpha_leaves: 0.0, alpha_literals: 0.0, alpha_axp: 0.0, accuracy_epsilon: 0.005, use_one_standard_error_rule: false, selection_mode: EpsilonPareto, class_aware: ClassAwarePruningConfig { enabled: false, accuracy_epsilon: 0.005, balanced_accuracy_epsilon: 0.005, minimum_minority_recall: None, minimum_validation_samples: 20, minimum_validation_samples_per_class: 3, root_collapse_majority_threshold: 0.9, preserve_subtree_when_evidence_insufficient: true } }, adaptive_language: AdaptiveLanguageConfig { enabled: true, total_candidate_budget: 64, minimum_family_quota: 2, pilot_candidates_per_family: 4, temperature: 1.0, diversity_top_k_per_family: 1 }, axp_rerank: AxpRerankConfig { enabled: false, shortlist_size: 8, validation_samples: 8, weight_mean_axp: 0.001, weight_max_axp: 0.0005, timeout_ms: None }, allowed_languages: AllowedLanguages(""AntiHorn""), language_policy: SmartCertified, theorem_mode: true, random_seed: 43 }",cals_antihorn,"Single-language CALS (AntiHorn)",certified,0.9251336898395722,0,1,0,1,1,187,0,StructuralAntiHorn,AntiHornCnf,"",true,43,2,deterministic_hash_70_30_first_label,SparseLookahead,SparseCertified,16,8,2,18446744073709551615,true,35,1,18,1,34,0,0.875,0.9204545454545454,0.47530864197530864,0.5,0.9506172839506173,1,0,0,0.4666666666666666,0.47928994082840237,0,0,"0:7|1:81",objective_improved,"objective_improved:17",1795,1182,0,31,0,31,0,48,1441,5283,688,17,31,0,35,0,1,"{}",Leaf,0,0,0.013756184,0.013725831999999999,0.000030352,0,false,false,true,""
"balance-scale-bin",1,7,cals_square2cnf,cals,"Square2CNF",single_language,0.9251336898395722,17.754393556,0.000000256,1,0,1,0,0,0.006778798,post_selection_final_tree,0,187,187,true,Square2Cnf,TwoSat,"uncommitted","StructuralHorn",true,ef0cd1a,"LearnerConfig { max_depth: 7, min_samples_split: 2, min_samples_leaf: 1, max_candidates_per_node: 16, beam_width: 16, split_score: SplitScoreConfig { profile: SparseCertified, gain_weight: 1.0, gain_ratio_weight: 0.03, balance_weight: 0.01, literal_penalty: 0.004, family_complexity_penalty: 0.002, child_fragmentation_penalty: 0.005, estimated_subtree_penalty: 0.01, instability_penalty: 0.0, tie_epsilon: 1e-9 }, branch_and_bound: BranchAndBoundConfig { enabled: true, exhaustive_fallback: true, max_partial_states: 100000, max_candidates: 100000, top_k: 16 }, cache: CacheConfig { enabled: true, node_statistics: true, predicate_masks: true, candidate_pools: true, best_subtrees: true, lookahead: true, max_entries: 20000, approximate_byte_limit: 268435456 }, tree_search: TreeSearchConfig { strategy: SparseLookahead, tree_beam_width: 8, candidate_beam_width: 16, lookahead_depth: 2, max_expansions: 1000, node_budget: 18446744073709551615, time_budget_ms: None, frontier_selection: HighestError, selective: SelectiveLookaheadConfig { enabled: false, maximum_depth: 2, ambiguity_margin: 0.01, minimum_confident_gain: 0.02, large_node_threshold: 500, candidate_beam_width: 8, tree_beam_width: 4 } }, conditional_search: ConditionalCandidateSearchConfig { enabled: false, branch_and_bound_candidate_threshold: 64, candidate_cache_minimum_expected_reuse: 2 }, parallel: ParallelConfig { enabled: true, threads: None, parallel_candidates: true, parallel_beam_states: true, minimum_parallel_work: 2 }, pruning: PruningConfig { enabled: true, validation_fraction: 0.2, alpha_nodes: 0.0, alpha_leaves: 0.0, alpha_literals: 0.0, alpha_axp: 0.0, accuracy_epsilon: 0.005, use_one_standard_error_rule: false, selection_mode: EpsilonPareto, class_aware: ClassAwarePruningConfig { enabled: false, accuracy_epsilon: 0.005, balanced_accuracy_epsilon: 0.005, minimum_minority_recall: None, minimum_validation_samples: 20, minimum_validation_samples_per_class: 3, root_collapse_majority_threshold: 0.9, preserve_subtree_when_evidence_insufficient: true } }, adaptive_language: AdaptiveLanguageConfig { enabled: true, total_candidate_budget: 64, minimum_family_quota: 2, pilot_candidates_per_family: 4, temperature: 1.0, diversity_top_k_per_family: 1 }, axp_rerank: AxpRerankConfig { enabled: false, shortlist_size: 8, validation_samples: 8, weight_mean_axp: 0.001, weight_max_axp: 0.0005, timeout_ms: None }, allowed_languages: AllowedLanguages(""Square2CNF""), language_policy: SmartCertified, theorem_mode: true, random_seed: 43 }",cals_square2cnf,"Single-language CALS (Square2CNF)",certified,0.9251336898395722,0,1,0,1,1,187,0,TwoSat,TwoCnf,"",true,43,2,deterministic_hash_70_30_first_label,SparseLookahead,SparseCertified,16,8,2,18446744073709551615,true,53,1,27,1,104,0,0.8181818181818182,0.9204545454545454,0.5749559082892416,0.5,0.8641975308641975,1,0.2857142857142857,0,0.5487179487179487,0.47928994082840237,0.2857142857142857,0,"0:7|1:81",objective_improved,"objective_improved:26",52808,1458,0,41,0,37,0,68,1916,28995,170466,31,37,0,53,0,1,"{}",Leaf,0,0,17.754393556,17.754353473000002,0.000040083,0,false,false,true,""
"balance-scale-bin",1,7,cals_affine,cals,"Affine",single_language,0.8983957219251337,0.177632511,0.000011608,13,17,7,6,3.4331550802139037,0.019073226,post_selection_final_tree,0,187,187,true,Affine,Gf2Gaussian,"affine_gf2","Gf2Gaussian",true,ef0cd1a,"LearnerConfig { max_depth: 7, min_samples_split: 2, min_samples_leaf: 1, max_candidates_per_node: 16, beam_width: 16, split_score: SplitScoreConfig { profile: SparseCertified, gain_weight: 1.0, gain_ratio_weight: 0.03, balance_weight: 0.01, literal_penalty: 0.004, family_complexity_penalty: 0.002, child_fragmentation_penalty: 0.005, estimated_subtree_penalty: 0.01, instability_penalty: 0.0, tie_epsilon: 1e-9 }, branch_and_bound: BranchAndBoundConfig { enabled: true, exhaustive_fallback: true, max_partial_states: 100000, max_candidates: 100000, top_k: 16 }, cache: CacheConfig { enabled: true, node_statistics: true, predicate_masks: true, candidate_pools: true, best_subtrees: true, lookahead: true, max_entries: 20000, approximate_byte_limit: 268435456 }, tree_search: TreeSearchConfig { strategy: SparseLookahead, tree_beam_width: 8, candidate_beam_width: 16, lookahead_depth: 2, max_expansions: 1000, node_budget: 18446744073709551615, time_budget_ms: None, frontier_selection: HighestError, selective: SelectiveLookaheadConfig { enabled: false, maximum_depth: 2, ambiguity_margin: 0.01, minimum_confident_gain: 0.02, large_node_threshold: 500, candidate_beam_width: 8, tree_beam_width: 4 } }, conditional_search: ConditionalCandidateSearchConfig { enabled: false, branch_and_bound_candidate_threshold: 64, candidate_cache_minimum_expected_reuse: 2 }, parallel: ParallelConfig { enabled: true, threads: None, parallel_candidates: true, parallel_beam_states: true, minimum_parallel_work: 2 }, pruning: PruningConfig { enabled: true, validation_fraction: 0.2, alpha_nodes: 0.0, alpha_leaves: 0.0, alpha_literals: 0.0, alpha_axp: 0.0, accuracy_epsilon: 0.005, use_one_standard_error_rule: false, selection_mode: EpsilonPareto, class_aware: ClassAwarePruningConfig { enabled: false, accuracy_epsilon: 0.005, balanced_accuracy_epsilon: 0.005, minimum_minority_recall: None, minimum_validation_samples: 20, minimum_validation_samples_per_class: 3, root_collapse_majority_threshold: 0.9, preserve_subtree_when_evidence_insufficient: true } }, adaptive_language: AdaptiveLanguageConfig { enabled: true, total_candidate_budget: 64, minimum_family_quota: 2, pilot_candidates_per_family: 4, temperature: 1.0, diversity_top_k_per_family: 1 }, axp_rerank: AxpRerankConfig { enabled: false, shortlist_size: 8, validation_samples: 8, weight_mean_axp: 0.001, weight_max_axp: 0.0005, timeout_ms: None }, allowed_languages: AllowedLanguages(""Affine""), language_policy: SmartCertified, theorem_mode: true, random_seed: 43 }",cals_affine,"Single-language CALS (Affine)",certified,0.8983957219251337,0,13,3.4331550802139037,1,1,187,0,Gf2Gaussian,AffineGf2,"",true,43,2,deterministic_hash_70_30_first_label,SparseLookahead,SparseCertified,16,8,2,18446744073709551615,true,45,13,23,7,54,17,0.8863636363636364,0.9431818181818182,0.6772486772486772,0.6428571428571428,0.9259259259259259,1,0.42857142857142855,0.2857142857142857,0.65625,0.7072521623419827,0.42857142857142855,0.2857142857142857,"0:7|1:81",no_change,"objective_improved:15|no_change:7",20306,1198,0,36,0,28,0,58,1674,40455,1376,30,28,0,45,0,1,"{""Affine"": 6}",Affine,0,15,0.177632511,0.177588562,0.000043949,0,false,false,true,""
"balance-scale-bin",1,7,cals_compact_explain_horn,compact_explain,"Horn",single_language,0.9251336898395722,0.010987307,0.000000187,1,0,1,0,0,0.006899144,post_selection_final_tree,0,187,187,true,Horn,StructuralHorn,"uncommitted","StructuralHorn",true,ef0cd1a,"LearnerConfig { max_depth: 7, min_samples_split: 2, min_samples_leaf: 1, max_candidates_per_node: 16, beam_width: 16, split_score: SplitScoreConfig { profile: SparseCertified, gain_weight: 1.0, gain_ratio_weight: 0.03, balance_weight: 0.01, literal_penalty: 0.004, family_complexity_penalty: 0.002, child_fragmentation_penalty: 0.005, estimated_subtree_penalty: 0.01, instability_penalty: 0.0, tie_epsilon: 1e-9 }, branch_and_bound: BranchAndBoundConfig { enabled: true, exhaustive_fallback: true, max_partial_states: 100000, max_candidates: 100000, top_k: 8 }, cache: CacheConfig { enabled: true, node_statistics: false, predicate_masks: true, candidate_pools: true, best_subtrees: false, lookahead: false, max_entries: 10000, approximate_byte_limit: 134217728 }, tree_search: TreeSearchConfig { strategy: SelectiveLookahead, tree_beam_width: 4, candidate_beam_width: 16, lookahead_depth: 2, max_expansions: 500, node_budget: 18446744073709551615, time_budget_ms: None, frontier_selection: HighestError, selective: SelectiveLookaheadConfig { enabled: true, maximum_depth: 2, ambiguity_margin: 0.01, minimum_confident_gain: 0.02, large_node_threshold: 500, candidate_beam_width: 14, tree_beam_width: 4 } }, conditional_search: ConditionalCandidateSearchConfig { enabled: true, branch_and_bound_candidate_threshold: 64, candidate_cache_minimum_expected_reuse: 2 }, parallel: ParallelConfig { enabled: false, threads: Some(1), parallel_candidates: false, parallel_beam_states: false, minimum_parallel_work: 18446744073709551615 }, pruning: PruningConfig { enabled: true, validation_fraction: 0.2, alpha_nodes: 0.0, alpha_leaves: 0.0, alpha_literals: 0.0, alpha_axp: 0.0, accuracy_epsilon: 0.04, use_one_standard_error_rule: false, selection_mode: EpsilonPareto, class_aware: ClassAwarePruningConfig { enabled: true, accuracy_epsilon: 0.04, balanced_accuracy_epsilon: 0.4, minimum_minority_recall: None, minimum_validation_samples: 1, minimum_validation_samples_per_class: 1, root_collapse_majority_threshold: 0.9, preserve_subtree_when_evidence_insufficient: true } }, adaptive_language: AdaptiveLanguageConfig { enabled: true, total_candidate_budget: 56, minimum_family_quota: 2, pilot_candidates_per_family: 4, temperature: 1.0, diversity_top_k_per_family: 1 }, axp_rerank: AxpRerankConfig { enabled: false, shortlist_size: 8, validation_samples: 8, weight_mean_axp: 0.001, weight_max_axp: 0.0005, timeout_ms: None }, allowed_languages: AllowedLanguages(""Horn""), language_policy: SmartCertified, theorem_mode: true, random_seed: 43 }",cals_compact_explain_horn,"Single-language CompactExplain (Horn)",certified,0.9251336898395722,0,1,0,1,1,187,0,StructuralHorn,HornCnf,"",true,43,2,deterministic_hash_70_30_first_label,SelectiveLookahead,SparseCertified,16,4,2,18446744073709551615,true,53,1,27,1,52,0,0.8863636363636364,0.9204545454545454,0.48148148148148145,0.5,0.9629629629629629,1,0,0,0.4698795180722891,0.47928994082840237,0,0,"0:7|1:81",objective_improved,"objective_improved:22|insufficient_validation_support:4",1539,0,0,34,11,0,40,72,456,3836,706,32,40,0,53,0,1,"{}",Leaf,0,0,0.010987307,0.010921308,0.000065999,0,false,false,true,""
"balance-scale-bin",1,7,cals_compact_explain_antihorn,compact_explain,"AntiHorn",single_language,0.9251336898395722,0.007328564,0.00000019,1,0,1,0,0,0.006894872,post_selection_final_tree,0,187,187,true,AntiHorn,StructuralAntiHorn,"uncommitted","StructuralHorn",true,ef0cd1a,"LearnerConfig { max_depth: 7, min_samples_split: 2, min_samples_leaf: 1, max_candidates_per_node: 16, beam_width: 16, split_score: SplitScoreConfig { profile: SparseCertified, gain_weight: 1.0, gain_ratio_weight: 0.03, balance_weight: 0.01, literal_penalty: 0.004, family_complexity_penalty: 0.002, child_fragmentation_penalty: 0.005, estimated_subtree_penalty: 0.01, instability_penalty: 0.0, tie_epsilon: 1e-9 }, branch_and_bound: BranchAndBoundConfig { enabled: true, exhaustive_fallback: true, max_partial_states: 100000, max_candidates: 100000, top_k: 8 }, cache: CacheConfig { enabled: true, node_statistics: false, predicate_masks: true, candidate_pools: true, best_subtrees: false, lookahead: false, max_entries: 10000, approximate_byte_limit: 134217728 }, tree_search: TreeSearchConfig { strategy: SelectiveLookahead, tree_beam_width: 4, candidate_beam_width: 16, lookahead_depth: 2, max_expansions: 500, node_budget: 18446744073709551615, time_budget_ms: None, frontier_selection: HighestError, selective: SelectiveLookaheadConfig { enabled: true, maximum_depth: 2, ambiguity_margin: 0.01, minimum_confident_gain: 0.02, large_node_threshold: 500, candidate_beam_width: 14, tree_beam_width: 4 } }, conditional_search: ConditionalCandidateSearchConfig { enabled: true, branch_and_bound_candidate_threshold: 64, candidate_cache_minimum_expected_reuse: 2 }, parallel: ParallelConfig { enabled: false, threads: Some(1), parallel_candidates: false, parallel_beam_states: false, minimum_parallel_work: 18446744073709551615 }, pruning: PruningConfig { enabled: true, validation_fraction: 0.2, alpha_nodes: 0.0, alpha_leaves: 0.0, alpha_literals: 0.0, alpha_axp: 0.0, accuracy_epsilon: 0.04, use_one_standard_error_rule: false, selection_mode: EpsilonPareto, class_aware: ClassAwarePruningConfig { enabled: true, accuracy_epsilon: 0.04, balanced_accuracy_epsilon: 0.4, minimum_minority_recall: None, minimum_validation_samples: 1, minimum_validation_samples_per_class: 1, root_collapse_majority_threshold: 0.9, preserve_subtree_when_evidence_insufficient: true } }, adaptive_language: AdaptiveLanguageConfig { enabled: true, total_candidate_budget: 56, minimum_family_quota: 2, pilot_candidates_per_family: 4, temperature: 1.0, diversity_top_k_per_family: 1 }, axp_rerank: AxpRerankConfig { enabled: false, shortlist_size: 8, validation_samples: 8, weight_mean_axp: 0.001, weight_max_axp: 0.0005, timeout_ms: None }, allowed_languages: AllowedLanguages(""AntiHorn""), language_policy: SmartCertified, theorem_mode: true, random_seed: 43 }",cals_compact_explain_antihorn,"Single-language CompactExplain (AntiHorn)",certified,0.9251336898395722,0,1,0,1,1,187,0,StructuralAntiHorn,AntiHornCnf,"",true,43,2,deterministic_hash_70_30_first_label,SelectiveLookahead,SparseCertified,16,4,2,18446744073709551615,true,35,1,18,1,34,0,0.875,0.9204545454545454,0.47530864197530864,0.5,0.9506172839506173,1,0,0,0.4666666666666666,0.47928994082840237,0,0,"0:7|1:81",objective_improved,"objective_improved:17",1043,0,0,20,6,0,24,43,291,2200,609,19,24,0,35,0,1,"{}",Leaf,0,0,0.007328564,0.007277691,0.000050873,0,false,false,true,""
"balance-scale-bin",1,7,cals_compact_explain_square2cnf,compact_explain,"Square2CNF",single_language,0.9251336898395722,4.96919776,0.000000207,1,0,1,0,0,0.006601965,post_selection_final_tree,0,187,187,true,Square2Cnf,TwoSat,"uncommitted","StructuralHorn",true,ef0cd1a,"LearnerConfig { max_depth: 7, min_samples_split: 2, min_samples_leaf: 1, max_candidates_per_node: 16, beam_width: 16, split_score: SplitScoreConfig { profile: SparseCertified, gain_weight: 1.0, gain_ratio_weight: 0.03, balance_weight: 0.01, literal_penalty: 0.004, family_complexity_penalty: 0.002, child_fragmentation_penalty: 0.005, estimated_subtree_penalty: 0.01, instability_penalty: 0.0, tie_epsilon: 1e-9 }, branch_and_bound: BranchAndBoundConfig { enabled: true, exhaustive_fallback: true, max_partial_states: 100000, max_candidates: 100000, top_k: 8 }, cache: CacheConfig { enabled: true, node_statistics: false, predicate_masks: true, candidate_pools: true, best_subtrees: false, lookahead: false, max_entries: 10000, approximate_byte_limit: 134217728 }, tree_search: TreeSearchConfig { strategy: SelectiveLookahead, tree_beam_width: 4, candidate_beam_width: 16, lookahead_depth: 2, max_expansions: 500, node_budget: 18446744073709551615, time_budget_ms: None, frontier_selection: HighestError, selective: SelectiveLookaheadConfig { enabled: true, maximum_depth: 2, ambiguity_margin: 0.01, minimum_confident_gain: 0.02, large_node_threshold: 500, candidate_beam_width: 14, tree_beam_width: 4 } }, conditional_search: ConditionalCandidateSearchConfig { enabled: true, branch_and_bound_candidate_threshold: 64, candidate_cache_minimum_expected_reuse: 2 }, parallel: ParallelConfig { enabled: false, threads: Some(1), parallel_candidates: false, parallel_beam_states: false, minimum_parallel_work: 18446744073709551615 }, pruning: PruningConfig { enabled: true, validation_fraction: 0.2, alpha_nodes: 0.0, alpha_leaves: 0.0, alpha_literals: 0.0, alpha_axp: 0.0, accuracy_epsilon: 0.04, use_one_standard_error_rule: false, selection_mode: EpsilonPareto, class_aware: ClassAwarePruningConfig { enabled: true, accuracy_epsilon: 0.04, balanced_accuracy_epsilon: 0.4, minimum_minority_recall: None, minimum_validation_samples: 1, minimum_validation_samples_per_class: 1, root_collapse_majority_threshold: 0.9, preserve_subtree_when_evidence_insufficient: true } }, adaptive_language: AdaptiveLanguageConfig { enabled: true, total_candidate_budget: 56, minimum_family_quota: 2, pilot_candidates_per_family: 4, temperature: 1.0, diversity_top_k_per_family: 1 }, axp_rerank: AxpRerankConfig { enabled: false, shortlist_size: 8, validation_samples: 8, weight_mean_axp: 0.001, weight_max_axp: 0.0005, timeout_ms: None }, allowed_languages: AllowedLanguages(""Square2CNF""), language_policy: SmartCertified, theorem_mode: true, random_seed: 43 }",cals_compact_explain_square2cnf,"Single-language CompactExplain (Square2CNF)",certified,0.9251336898395722,0,1,0,1,1,187,0,TwoSat,TwoCnf,"",true,43,2,deterministic_hash_70_30_first_label,SelectiveLookahead,SparseCertified,16,4,2,18446744073709551615,true,45,1,23,1,88,0,0.875,0.9204545454545454,0.5405643738977072,0.5,0.9382716049382716,1,0.14285714285714285,0,0.5431807456347333,0.47928994082840237,0.14285714285714285,0,"0:7|1:81",objective_improved,"objective_improved:18|insufficient_validation_support:4",22671,0,0,25,13,0,33,61,410,12123,105071,28,33,0,45,0,1,"{}",Leaf,0,0,4.96919776,4.969137485,0.000060275,0,false,false,true,""
"balance-scale-bin",1,7,cals_compact_explain_affine,compact_explain,"Affine",single_language,0.9251336898395722,0.110032502,0.000000191,1,0,1,0,0,0.006704754,post_selection_final_tree,0,187,187,true,Affine,Gf2Gaussian,"uncommitted","StructuralHorn",true,ef0cd1a,"LearnerConfig { max_depth: 7, min_samples_split: 2, min_samples_leaf: 1, max_candidates_per_node: 16, beam_width: 16, split_score: SplitScoreConfig { profile: SparseCertified, gain_weight: 1.0, gain_ratio_weight: 0.03, balance_weight: 0.01, literal_penalty: 0.004, family_complexity_penalty: 0.002, child_fragmentation_penalty: 0.005, estimated_subtree_penalty: 0.01, instability_penalty: 0.0, tie_epsilon: 1e-9 }, branch_and_bound: BranchAndBoundConfig { enabled: true, exhaustive_fallback: true, max_partial_states: 100000, max_candidates: 100000, top_k: 8 }, cache: CacheConfig { enabled: true, node_statistics: false, predicate_masks: true, candidate_pools: true, best_subtrees: false, lookahead: false, max_entries: 10000, approximate_byte_limit: 134217728 }, tree_search: TreeSearchConfig { strategy: SelectiveLookahead, tree_beam_width: 4, candidate_beam_width: 16, lookahead_depth: 2, max_expansions: 500, node_budget: 18446744073709551615, time_budget_ms: None, frontier_selection: HighestError, selective: SelectiveLookaheadConfig { enabled: true, maximum_depth: 2, ambiguity_margin: 0.01, minimum_confident_gain: 0.02, large_node_threshold: 500, candidate_beam_width: 14, tree_beam_width: 4 } }, conditional_search: ConditionalCandidateSearchConfig { enabled: true, branch_and_bound_candidate_threshold: 64, candidate_cache_minimum_expected_reuse: 2 }, parallel: ParallelConfig { enabled: false, threads: Some(1), parallel_candidates: false, parallel_beam_states: false, minimum_parallel_work: 18446744073709551615 }, pruning: PruningConfig { enabled: true, validation_fraction: 0.2, alpha_nodes: 0.0, alpha_leaves: 0.0, alpha_literals: 0.0, alpha_axp: 0.0, accuracy_epsilon: 0.04, use_one_standard_error_rule: false, selection_mode: EpsilonPareto, class_aware: ClassAwarePruningConfig { enabled: true, accuracy_epsilon: 0.04, balanced_accuracy_epsilon: 0.4, minimum_minority_recall: None, minimum_validation_samples: 1, minimum_validation_samples_per_class: 1, root_collapse_majority_threshold: 0.9, preserve_subtree_when_evidence_insufficient: true } }, adaptive_language: AdaptiveLanguageConfig { enabled: true, total_candidate_budget: 56, minimum_family_quota: 2, pilot_candidates_per_family: 4, temperature: 1.0, diversity_top_k_per_family: 1 }, axp_rerank: AxpRerankConfig { enabled: false, shortlist_size: 8, validation_samples: 8, weight_mean_axp: 0.001, weight_max_axp: 0.0005, timeout_ms: None }, allowed_languages: AllowedLanguages(""Affine""), language_policy: SmartCertified, theorem_mode: true, random_seed: 43 }",cals_compact_explain_affine,"Single-language CompactExplain (Affine)",certified,0.9251336898395722,0,1,0,1,1,187,0,Gf2Gaussian,AffineGf2,"",true,43,2,deterministic_hash_70_30_first_label,SelectiveLookahead,SparseCertified,16,4,2,18446744073709551615,true,45,1,23,1,56,0,0.8863636363636364,0.9204545454545454,0.6772486772486772,0.5,0.9259259259259259,1,0.42857142857142855,0,0.65625,0.47928994082840237,0.42857142857142855,0,"0:7|1:81",objective_improved,"objective_improved:7|insufficient_validation_support:10|no_change:5",13850,0,0,25,15,0,28,62,540,26247,1376,34,28,0,45,0,1,"{}",Leaf,0,0,0.110032502,0.109976525,0.000055977,0,false,false,true,""
"car_evaluation-bin",0,7,cals_horn,cals,"Horn",single_language,0.9305019305019305,0.018381476,0.000024932,27,26,14,7,2.777992277992278,0.251423568,post_selection_final_tree,0,518,518,true,Horn,StructuralHorn,"horn","StructuralHorn",true,ef0cd1a,"LearnerConfig { max_depth: 7, min_samples_split: 2, min_samples_leaf: 1, max_candidates_per_node: 16, beam_width: 16, split_score: SplitScoreConfig { profile: SparseCertified, gain_weight: 1.0, gain_ratio_weight: 0.03, balance_weight: 0.01, literal_penalty: 0.004, family_complexity_penalty: 0.002, child_fragmentation_penalty: 0.005, estimated_subtree_penalty: 0.01, instability_penalty: 0.0, tie_epsilon: 1e-9 }, branch_and_bound: BranchAndBoundConfig { enabled: true, exhaustive_fallback: true, max_partial_states: 100000, max_candidates: 100000, top_k: 16 }, cache: CacheConfig { enabled: true, node_statistics: true, predicate_masks: true, candidate_pools: true, best_subtrees: true, lookahead: true, max_entries: 20000, approximate_byte_limit: 268435456 }, tree_search: TreeSearchConfig { strategy: SparseLookahead, tree_beam_width: 8, candidate_beam_width: 16, lookahead_depth: 2, max_expansions: 1000, node_budget: 18446744073709551615, time_budget_ms: None, frontier_selection: HighestError, selective: SelectiveLookaheadConfig { enabled: false, maximum_depth: 2, ambiguity_margin: 0.01, minimum_confident_gain: 0.02, large_node_threshold: 500, candidate_beam_width: 8, tree_beam_width: 4 } }, conditional_search: ConditionalCandidateSearchConfig { enabled: false, branch_and_bound_candidate_threshold: 64, candidate_cache_minimum_expected_reuse: 2 }, parallel: ParallelConfig { enabled: true, threads: None, parallel_candidates: true, parallel_beam_states: true, minimum_parallel_work: 2 }, pruning: PruningConfig { enabled: true, validation_fraction: 0.2, alpha_nodes: 0.0, alpha_leaves: 0.0, alpha_literals: 0.0, alpha_axp: 0.0, accuracy_epsilon: 0.005, use_one_standard_error_rule: false, selection_mode: EpsilonPareto, class_aware: ClassAwarePruningConfig { enabled: false, accuracy_epsilon: 0.005, balanced_accuracy_epsilon: 0.005, minimum_minority_recall: None, minimum_validation_samples: 20, minimum_validation_samples_per_class: 3, root_collapse_majority_threshold: 0.9, preserve_subtree_when_evidence_insufficient: true } }, adaptive_language: AdaptiveLanguageConfig { enabled: true, total_candidate_budget: 64, minimum_family_quota: 2, pilot_candidates_per_family: 4, temperature: 1.0, diversity_top_k_per_family: 1 }, axp_rerank: AxpRerankConfig { enabled: false, shortlist_size: 8, validation_samples: 8, weight_mean_axp: 0.001, weight_max_axp: 0.0005, timeout_ms: None }, allowed_languages: AllowedLanguages(""Horn""), language_policy: SmartCertified, theorem_mode: true, random_seed: 42 }",cals_horn,"Single-language CALS (Horn)",certified,0.9305019305019305,0,27,2.777992277992278,1,1,518,0,StructuralHorn,HornCnf,"",true,42,2,deterministic_hash_70_30_first_label,SparseLookahead,SparseCertified,16,8,2,18446744073709551615,true,57,27,29,14,56,26,0.9380165289256198,0.9504132231404959,0.9358660130718954,0.9446895424836601,0.9305555555555556,0.9305555555555556,0.9411764705882353,0.9588235294117647,0.9272763698287089,0.9411526302991002,0.9305555555555556,0.9305555555555556,"0:170|1:72",no_change,"objective_improved:15|no_change:13",2163,1324,0,44,0,44,0,74,1699,5994,487,30,44,0,57,0,1,"{""Horn"": 13}",Horn,0,7,0.018381476,0.018297343,0.000084133,0,false,false,true,""
"car_evaluation-bin",0,7,cals_antihorn,cals,"AntiHorn",single_language,0.9459459459459459,0.017780771,0.000038257,21,20,11,7,2.5366795366795367,0.202631432,post_selection_final_tree,0,518,518,true,AntiHorn,StructuralAntiHorn,"antihorn","StructuralAntiHorn",true,ef0cd1a,"LearnerConfig { max_depth: 7, min_samples_split: 2, min_samples_leaf: 1, max_candidates_per_node: 16, beam_width: 16, split_score: SplitScoreConfig { profile: SparseCertified, gain_weight: 1.0, gain_ratio_weight: 0.03, balance_weight: 0.01, literal_penalty: 0.004, family_complexity_penalty: 0.002, child_fragmentation_penalty: 0.005, estimated_subtree_penalty: 0.01, instability_penalty: 0.0, tie_epsilon: 1e-9 }, branch_and_bound: BranchAndBoundConfig { enabled: true, exhaustive_fallback: true, max_partial_states: 100000, max_candidates: 100000, top_k: 16 }, cache: CacheConfig { enabled: true, node_statistics: true, predicate_masks: true, candidate_pools: true, best_subtrees: true, lookahead: true, max_entries: 20000, approximate_byte_limit: 268435456 }, tree_search: TreeSearchConfig { strategy: SparseLookahead, tree_beam_width: 8, candidate_beam_width: 16, lookahead_depth: 2, max_expansions: 1000, node_budget: 18446744073709551615, time_budget_ms: None, frontier_selection: HighestError, selective: SelectiveLookaheadConfig { enabled: false, maximum_depth: 2, ambiguity_margin: 0.01, minimum_confident_gain: 0.02, large_node_threshold: 500, candidate_beam_width: 8, tree_beam_width: 4 } }, conditional_search: ConditionalCandidateSearchConfig { enabled: false, branch_and_bound_candidate_threshold: 64, candidate_cache_minimum_expected_reuse: 2 }, parallel: ParallelConfig { enabled: true, threads: None, parallel_candidates: true, parallel_beam_states: true, minimum_parallel_work: 2 }, pruning: PruningConfig { enabled: true, validation_fraction: 0.2, alpha_nodes: 0.0, alpha_leaves: 0.0, alpha_literals: 0.0, alpha_axp: 0.0, accuracy_epsilon: 0.005, use_one_standard_error_rule: false, selection_mode: EpsilonPareto, class_aware: ClassAwarePruningConfig { enabled: false, accuracy_epsilon: 0.005, balanced_accuracy_epsilon: 0.005, minimum_minority_recall: None, minimum_validation_samples: 20, minimum_validation_samples_per_class: 3, root_collapse_majority_threshold: 0.9, preserve_subtree_when_evidence_insufficient: true } }, adaptive_language: AdaptiveLanguageConfig { enabled: true, total_candidate_budget: 64, minimum_family_quota: 2, pilot_candidates_per_family: 4, temperature: 1.0, diversity_top_k_per_family: 1 }, axp_rerank: AxpRerankConfig { enabled: false, shortlist_size: 8, validation_samples: 8, weight_mean_axp: 0.001, weight_max_axp: 0.0005, timeout_ms: None }, allowed_languages: AllowedLanguages(""AntiHorn""), language_policy: SmartCertified, theorem_mode: true, random_seed: 42 }",cals_antihorn,"Single-language CALS (AntiHorn)",certified,0.9459459459459459,0,21,2.5366795366795367,1,1,518,0,StructuralAntiHorn,AntiHornCnf,"",true,42,2,deterministic_hash_70_30_first_label,SparseLookahead,SparseCertified,16,8,2,18446744073709551615,true,45,21,23,11,44,20,0.9421487603305785,0.9462809917355371,0.9508169934640522,0.9577614379084968,0.9722222222222222,0.9861111111111112,0.9294117647058824,0.9294117647058824,0.9333333333333333,0.9383076772232573,0.9722222222222222,0.9861111111111112,"0:170|1:72",no_change,"objective_improved:11|no_change:11",2214,1358,0,36,0,36,0,58,1702,6021,487,22,36,0,45,0,1,"{""AntiHorn"": 10}",AntiHorn,0,6,0.017780771,0.017703792,0.000076979,0,false,false,true,""
"car_evaluation-bin",0,7,cals_square2cnf,cals,"Square2CNF",single_language,0.9633204633204633,14.076139276,0.000019392,15,28,8,7,3.158301158301158,0.286994067,post_selection_final_tree,0,518,518,true,Square2Cnf,TwoSat,"two_sat","TwoSat",true,ef0cd1a,"LearnerConfig { max_depth: 7, min_samples_split: 2, min_samples_leaf: 1, max_candidates_per_node: 16, beam_width: 16, split_score: SplitScoreConfig { profile: SparseCertified, gain_weight: 1.0, gain_ratio_weight: 0.03, balance_weight: 0.01, literal_penalty: 0.004, family_complexity_penalty: 0.002, child_fragmentation_penalty: 0.005, estimated_subtree_penalty: 0.01, instability_penalty: 0.0, tie_epsilon: 1e-9 }, branch_and_bound: BranchAndBoundConfig { enabled: true, exhaustive_fallback: true, max_partial_states: 100000, max_candidates: 100000, top_k: 16 }, cache: CacheConfig { enabled: true, node_statistics: true, predicate_masks: true, candidate_pools: true, best_subtrees: true, lookahead: true, max_entries: 20000, approximate_byte_limit: 268435456 }, tree_search: TreeSearchConfig { strategy: SparseLookahead, tree_beam_width: 8, candidate_beam_width: 16, lookahead_depth: 2, max_expansions: 1000, node_budget: 18446744073709551615, time_budget_ms: None, frontier_selection: HighestError, selective: SelectiveLookaheadConfig { enabled: false, maximum_depth: 2, ambiguity_margin: 0.01, minimum_confident_gain: 0.02, large_node_threshold: 500, candidate_beam_width: 8, tree_beam_width: 4 } }, conditional_search: ConditionalCandidateSearchConfig { enabled: false, branch_and_bound_candidate_threshold: 64, candidate_cache_minimum_expected_reuse: 2 }, parallel: ParallelConfig { enabled: true, threads: None, parallel_candidates: true, parallel_beam_states: true, minimum_parallel_work: 2 }, pruning: PruningConfig { enabled: true, validation_fraction: 0.2, alpha_nodes: 0.0, alpha_leaves: 0.0, alpha_literals: 0.0, alpha_axp: 0.0, accuracy_epsilon: 0.005, use_one_standard_error_rule: false, selection_mode: EpsilonPareto, class_aware: ClassAwarePruningConfig { enabled: false, accuracy_epsilon: 0.005, balanced_accuracy_epsilon: 0.005, minimum_minority_recall: None, minimum_validation_samples: 20, minimum_validation_samples_per_class: 3, root_collapse_majority_threshold: 0.9, preserve_subtree_when_evidence_insufficient: true } }, adaptive_language: AdaptiveLanguageConfig { enabled: true, total_candidate_budget: 64, minimum_family_quota: 2, pilot_candidates_per_family: 4, temperature: 1.0, diversity_top_k_per_family: 1 }, axp_rerank: AxpRerankConfig { enabled: false, shortlist_size: 8, validation_samples: 8, weight_mean_axp: 0.001, weight_max_axp: 0.0005, timeout_ms: None }, allowed_languages: AllowedLanguages(""Square2CNF""), language_policy: SmartCertified, theorem_mode: true, random_seed: 42 }",cals_square2cnf,"Single-language CALS (Square2CNF)",certified,0.9633204633204633,0,15,3.158301158301158,1,1,518,0,TwoSat,TwoCnf,"",true,42,2,deterministic_hash_70_30_first_label,SparseLookahead,SparseCertified,16,8,2,18446744073709551615,true,29,15,15,8,56,28,0.9380165289256198,0.9462809917355371,0.9318627450980392,0.9217320261437909,0.9166666666666666,0.8611111111111112,0.9470588235294117,0.9823529411764705,0.9267243989583964,0.9338227560529249,0.9166666666666666,0.8611111111111112,"0:170|1:72",no_change,"objective_improved:7|no_change:7",72843,1222,0,29,0,27,0,44,1478,41038,130132,17,27,0,29,0,1,"{""Square2Cnf"": 7}",Square2Cnf,0,6,14.076139276,14.076061596999999,0.000077679,0,false,false,true,""
"car_evaluation-bin",0,7,cals_affine,cals,"Affine",single_language,0.9478764478764479,0.073237904,0.000032277,23,26,12,7,3.028957528957529,0.166714721,post_selection_final_tree,0,518,518,true,Affine,Gf2Gaussian,"affine_gf2","Gf2Gaussian",true,ef0cd1a,"LearnerConfig { max_depth: 7, min_samples_split: 2, min_samples_leaf: 1, max_candidates_per_node: 16, beam_width: 16, split_score: SplitScoreConfig { profile: SparseCertified, gain_weight: 1.0, gain_ratio_weight: 0.03, balance_weight: 0.01, literal_penalty: 0.004, family_complexity_penalty: 0.002, child_fragmentation_penalty: 0.005, estimated_subtree_penalty: 0.01, instability_penalty: 0.0, tie_epsilon: 1e-9 }, branch_and_bound: BranchAndBoundConfig { enabled: true, exhaustive_fallback: true, max_partial_states: 100000, max_candidates: 100000, top_k: 16 }, cache: CacheConfig { enabled: true, node_statistics: true, predicate_masks: true, candidate_pools: true, best_subtrees: true, lookahead: true, max_entries: 20000, approximate_byte_limit: 268435456 }, tree_search: TreeSearchConfig { strategy: SparseLookahead, tree_beam_width: 8, candidate_beam_width: 16, lookahead_depth: 2, max_expansions: 1000, node_budget: 18446744073709551615, time_budget_ms: None, frontier_selection: HighestError, selective: SelectiveLookaheadConfig { enabled: false, maximum_depth: 2, ambiguity_margin: 0.01, minimum_confident_gain: 0.02, large_node_threshold: 500, candidate_beam_width: 8, tree_beam_width: 4 } }, conditional_search: ConditionalCandidateSearchConfig { enabled: false, branch_and_bound_candidate_threshold: 64, candidate_cache_minimum_expected_reuse: 2 }, parallel: ParallelConfig { enabled: true, threads: None, parallel_candidates: true, parallel_beam_states: true, minimum_parallel_work: 2 }, pruning: PruningConfig { enabled: true, validation_fraction: 0.2, alpha_nodes: 0.0, alpha_leaves: 0.0, alpha_literals: 0.0, alpha_axp: 0.0, accuracy_epsilon: 0.005, use_one_standard_error_rule: false, selection_mode: EpsilonPareto, class_aware: ClassAwarePruningConfig { enabled: false, accuracy_epsilon: 0.005, balanced_accuracy_epsilon: 0.005, minimum_minority_recall: None, minimum_validation_samples: 20, minimum_validation_samples_per_class: 3, root_collapse_majority_threshold: 0.9, preserve_subtree_when_evidence_insufficient: true } }, adaptive_language: AdaptiveLanguageConfig { enabled: true, total_candidate_budget: 64, minimum_family_quota: 2, pilot_candidates_per_family: 4, temperature: 1.0, diversity_top_k_per_family: 1 }, axp_rerank: AxpRerankConfig { enabled: false, shortlist_size: 8, validation_samples: 8, weight_mean_axp: 0.001, weight_max_axp: 0.0005, timeout_ms: None }, allowed_languages: AllowedLanguages(""Affine""), language_policy: SmartCertified, theorem_mode: true, random_seed: 42 }",cals_affine,"Single-language CALS (Affine)",certified,0.9478764478764479,0,23,3.028957528957529,1,1,518,0,Gf2Gaussian,AffineGf2,"",true,42,2,deterministic_hash_70_30_first_label,SparseLookahead,SparseCertified,16,8,2,18446744073709551615,true,41,23,21,12,46,26,0.9338842975206612,0.9421487603305785,0.9209150326797385,0.9588235294117646,0.8888888888888888,1,0.9529411764705882,0.9176470588235294,0.9209150326797385,0.9342238098936088,0.8888888888888888,1,"0:170|1:72",no_change,"objective_improved:8|no_change:12",9870,1194,0,34,0,26,0,54,1642,26197,924,28,26,0,41,0,1,"{""Affine"": 11}",Affine,0,7,0.073237904,0.07314256000000001,0.000095344,0,false,false,true,""
"car_evaluation-bin",0,7,cals_compact_explain_horn,compact_explain,"Horn",single_language,0.9459459459459459,0.01122425,0.00002993,19,18,10,7,2.5714285714285716,0.19904786,post_selection_final_tree,0,518,518,true,Horn,StructuralHorn,"horn","StructuralHorn",true,ef0cd1a,"LearnerConfig { max_depth: 7, min_samples_split: 2, min_samples_leaf: 1, max_candidates_per_node: 16, beam_width: 16, split_score: SplitScoreConfig { profile: SparseCertified, gain_weight: 1.0, gain_ratio_weight: 0.03, balance_weight: 0.01, literal_penalty: 0.004, family_complexity_penalty: 0.002, child_fragmentation_penalty: 0.005, estimated_subtree_penalty: 0.01, instability_penalty: 0.0, tie_epsilon: 1e-9 }, branch_and_bound: BranchAndBoundConfig { enabled: true, exhaustive_fallback: true, max_partial_states: 100000, max_candidates: 100000, top_k: 8 }, cache: CacheConfig { enabled: true, node_statistics: false, predicate_masks: true, candidate_pools: true, best_subtrees: false, lookahead: false, max_entries: 10000, approximate_byte_limit: 134217728 }, tree_search: TreeSearchConfig { strategy: SelectiveLookahead, tree_beam_width: 4, candidate_beam_width: 16, lookahead_depth: 2, max_expansions: 500, node_budget: 18446744073709551615, time_budget_ms: None, frontier_selection: HighestError, selective: SelectiveLookaheadConfig { enabled: true, maximum_depth: 2, ambiguity_margin: 0.01, minimum_confident_gain: 0.02, large_node_threshold: 500, candidate_beam_width: 14, tree_beam_width: 4 } }, conditional_search: ConditionalCandidateSearchConfig { enabled: true, branch_and_bound_candidate_threshold: 64, candidate_cache_minimum_expected_reuse: 2 }, parallel: ParallelConfig { enabled: false, threads: Some(1), parallel_candidates: false, parallel_beam_states: false, minimum_parallel_work: 18446744073709551615 }, pruning: PruningConfig { enabled: true, validation_fraction: 0.2, alpha_nodes: 0.0, alpha_leaves: 0.0, alpha_literals: 0.0, alpha_axp: 0.0, accuracy_epsilon: 0.04, use_one_standard_error_rule: false, selection_mode: EpsilonPareto, class_aware: ClassAwarePruningConfig { enabled: true, accuracy_epsilon: 0.04, balanced_accuracy_epsilon: 0.4, minimum_minority_recall: None, minimum_validation_samples: 1, minimum_validation_samples_per_class: 1, root_collapse_majority_threshold: 0.9, preserve_subtree_when_evidence_insufficient: true } }, adaptive_language: AdaptiveLanguageConfig { enabled: true, total_candidate_budget: 56, minimum_family_quota: 2, pilot_candidates_per_family: 4, temperature: 1.0, diversity_top_k_per_family: 1 }, axp_rerank: AxpRerankConfig { enabled: false, shortlist_size: 8, validation_samples: 8, weight_mean_axp: 0.001, weight_max_axp: 0.0005, timeout_ms: None }, allowed_languages: AllowedLanguages(""Horn""), language_policy: SmartCertified, theorem_mode: true, random_seed: 42 }",cals_compact_explain_horn,"Single-language CompactExplain (Horn)",certified,0.9459459459459459,0,19,2.5714285714285716,1,1,518,0,StructuralHorn,HornCnf,"",true,42,2,deterministic_hash_70_30_first_label,SelectiveLookahead,SparseCertified,16,4,2,18446744073709551615,true,57,19,29,10,56,18,0.9380165289256198,0.9421487603305785,0.9358660130718954,0.9267973856209151,0.9305555555555556,0.8888888888888888,0.9411764705882353,0.9647058823529412,0.9272763698287089,0.9302363890948028,0.9305555555555556,0.8888888888888888,"0:170|1:72",no_change,"objective_improved:11|insufficient_validation_support:6|no_change:11",1314,0,0,35,4,0,39,69,375,2692,451,30,39,0,57,0,1,"{""Horn"": 9}",Horn,0,7,0.01122425,0.011135111999999999,0.000089138,0,false,false,true,""
"car_evaluation-bin",0,7,cals_compact_explain_antihorn,compact_explain,"AntiHorn",single_language,0.9536679536679536,0.010841335,0.000029914,27,26,14,7,2.411196911196911,0.279309456,post_selection_final_tree,0,518,518,true,AntiHorn,StructuralAntiHorn,"antihorn","StructuralAntiHorn",true,ef0cd1a,"LearnerConfig { max_depth: 7, min_samples_split: 2, min_samples_leaf: 1, max_candidates_per_node: 16, beam_width: 16, split_score: SplitScoreConfig { profile: SparseCertified, gain_weight: 1.0, gain_ratio_weight: 0.03, balance_weight: 0.01, literal_penalty: 0.004, family_complexity_penalty: 0.002, child_fragmentation_penalty: 0.005, estimated_subtree_penalty: 0.01, instability_penalty: 0.0, tie_epsilon: 1e-9 }, branch_and_bound: BranchAndBoundConfig { enabled: true, exhaustive_fallback: true, max_partial_states: 100000, max_candidates: 100000, top_k: 8 }, cache: CacheConfig { enabled: true, node_statistics: false, predicate_masks: true, candidate_pools: true, best_subtrees: false, lookahead: false, max_entries: 10000, approximate_byte_limit: 134217728 }, tree_search: TreeSearchConfig { strategy: SelectiveLookahead, tree_beam_width: 4, candidate_beam_width: 16, lookahead_depth: 2, max_expansions: 500, node_budget: 18446744073709551615, time_budget_ms: None, frontier_selection: HighestError, selective: SelectiveLookaheadConfig { enabled: true, maximum_depth: 2, ambiguity_margin: 0.01, minimum_confident_gain: 0.02, large_node_threshold: 500, candidate_beam_width: 14, tree_beam_width: 4 } }, conditional_search: ConditionalCandidateSearchConfig { enabled: true, branch_and_bound_candidate_threshold: 64, candidate_cache_minimum_expected_reuse: 2 }, parallel: ParallelConfig { enabled: false, threads: Some(1), parallel_candidates: false, parallel_beam_states: false, minimum_parallel_work: 18446744073709551615 }, pruning: PruningConfig { enabled: true, validation_fraction: 0.2, alpha_nodes: 0.0, alpha_leaves: 0.0, alpha_literals: 0.0, alpha_axp: 0.0, accuracy_epsilon: 0.04, use_one_standard_error_rule: false, selection_mode: EpsilonPareto, class_aware: ClassAwarePruningConfig { enabled: true, accuracy_epsilon: 0.04, balanced_accuracy_epsilon: 0.4, minimum_minority_recall: None, minimum_validation_samples: 1, minimum_validation_samples_per_class: 1, root_collapse_majority_threshold: 0.9, preserve_subtree_when_evidence_insufficient: true } }, adaptive_language: AdaptiveLanguageConfig { enabled: true, total_candidate_budget: 56, minimum_family_quota: 2, pilot_candidates_per_family: 4, temperature: 1.0, diversity_top_k_per_family: 1 }, axp_rerank: AxpRerankConfig { enabled: false, shortlist_size: 8, validation_samples: 8, weight_mean_axp: 0.001, weight_max_axp: 0.0005, timeout_ms: None }, allowed_languages: AllowedLanguages(""AntiHorn""), language_policy: SmartCertified, theorem_mode: true, random_seed: 42 }",cals_compact_explain_antihorn,"Single-language CompactExplain (AntiHorn)",certified,0.9536679536679536,0,27,2.411196911196911,1,1,518,0,StructuralAntiHorn,AntiHornCnf,"",true,42,2,deterministic_hash_70_30_first_label,SelectiveLookahead,SparseCertified,16,4,2,18446744073709551615,true,47,27,24,14,46,26,0.9380165289256198,0.9380165289256198,0.9438725490196078,0.947875816993464,0.9583333333333334,0.9722222222222222,0.9294117647058824,0.9235294117647059,0.9283217818849594,0.9288165506422199,0.9583333333333334,0.9722222222222222,"0:170|1:72",no_change,"objective_improved:7|insufficient_validation_support:7|no_change:9",1412,0,0,28,4,0,32,55,349,2813,441,23,32,0,47,0,1,"{""AntiHorn"": 13}",AntiHorn,0,5,0.010841335,0.010753321,0.000088014,0,false,false,true,""
"car_evaluation-bin",0,7,cals_compact_explain_square2cnf,compact_explain,"Square2CNF",single_language,0.9633204633204633,3.009049005,0.000022248,17,32,9,7,3.158301158301158,0.320684024,post_selection_final_tree,0,518,518,true,Square2Cnf,TwoSat,"two_sat","TwoSat",true,ef0cd1a,"LearnerConfig { max_depth: 7, min_samples_split: 2, min_samples_leaf: 1, max_candidates_per_node: 16, beam_width: 16, split_score: SplitScoreConfig { profile: SparseCertified, gain_weight: 1.0, gain_ratio_weight: 0.03, balance_weight: 0.01, literal_penalty: 0.004, family_complexity_penalty: 0.002, child_fragmentation_penalty: 0.005, estimated_subtree_penalty: 0.01, instability_penalty: 0.0, tie_epsilon: 1e-9 }, branch_and_bound: BranchAndBoundConfig { enabled: true, exhaustive_fallback: true, max_partial_states: 100000, max_candidates: 100000, top_k: 8 }, cache: CacheConfig { enabled: true, node_statistics: false, predicate_masks: true, candidate_pools: true, best_subtrees: false, lookahead: false, max_entries: 10000, approximate_byte_limit: 134217728 }, tree_search: TreeSearchConfig { strategy: SelectiveLookahead, tree_beam_width: 4, candidate_beam_width: 16, lookahead_depth: 2, max_expansions: 500, node_budget: 18446744073709551615, time_budget_ms: None, frontier_selection: HighestError, selective: SelectiveLookaheadConfig { enabled: true, maximum_depth: 2, ambiguity_margin: 0.01, minimum_confident_gain: 0.02, large_node_threshold: 500, candidate_beam_width: 14, tree_beam_width: 4 } }, conditional_search: ConditionalCandidateSearchConfig { enabled: true, branch_and_bound_candidate_threshold: 64, candidate_cache_minimum_expected_reuse: 2 }, parallel: ParallelConfig { enabled: false, threads: Some(1), parallel_candidates: false, parallel_beam_states: false, minimum_parallel_work: 18446744073709551615 }, pruning: PruningConfig { enabled: true, validation_fraction: 0.2, alpha_nodes: 0.0, alpha_leaves: 0.0, alpha_literals: 0.0, alpha_axp: 0.0, accuracy_epsilon: 0.04, use_one_standard_error_rule: false, selection_mode: EpsilonPareto, class_aware: ClassAwarePruningConfig { enabled: true, accuracy_epsilon: 0.04, balanced_accuracy_epsilon: 0.4, minimum_minority_recall: None, minimum_validation_samples: 1, minimum_validation_samples_per_class: 1, root_collapse_majority_threshold: 0.9, preserve_subtree_when_evidence_insufficient: true } }, adaptive_language: AdaptiveLanguageConfig { enabled: true, total_candidate_budget: 56, minimum_family_quota: 2, pilot_candidates_per_family: 4, temperature: 1.0, diversity_top_k_per_family: 1 }, axp_rerank: AxpRerankConfig { enabled: false, shortlist_size: 8, validation_samples: 8, weight_mean_axp: 0.001, weight_max_axp: 0.0005, timeout_ms: None }, allowed_languages: AllowedLanguages(""Square2CNF""), language_policy: SmartCertified, theorem_mode: true, random_seed: 42 }",cals_compact_explain_square2cnf,"Single-language CompactExplain (Square2CNF)",certified,0.9633204633204633,0,17,3.158301158301158,1,1,518,0,TwoSat,TwoCnf,"",true,42,2,deterministic_hash_70_30_first_label,SelectiveLookahead,SparseCertified,16,4,2,18446744073709551615,true,29,17,15,9,56,32,0.9380165289256198,0.9462809917355371,0.9438725490196078,0.9217320261437909,0.9583333333333334,0.8611111111111112,0.9294117647058824,0.9823529411764705,0.9283217818849594,0.9338227560529249,0.9583333333333334,0.8611111111111112,"0:170|1:72",no_change,"objective_improved:4|insufficient_validation_support:2|no_change:8",24187,0,0,19,2,0,19,36,256,9391,57640,17,19,0,29,0,1,"{""Square2Cnf"": 8}",Square2Cnf,0,6,3.009049005,3.008968067,0.000080938,0,false,false,true,""
"car_evaluation-bin",0,7,cals_compact_explain_affine,compact_explain,"Affine",single_language,0.9478764478764479,0.061549986,0.000033067,25,28,13,7,3.028957528957529,0.176478689,post_selection_final_tree,0,518,518,true,Affine,Gf2Gaussian,"affine_gf2","Gf2Gaussian",true,ef0cd1a,"LearnerConfig { max_depth: 7, min_samples_split: 2, min_samples_leaf: 1, max_candidates_per_node: 16, beam_width: 16, split_score: SplitScoreConfig { profile: SparseCertified, gain_weight: 1.0, gain_ratio_weight: 0.03, balance_weight: 0.01, literal_penalty: 0.004, family_complexity_penalty: 0.002, child_fragmentation_penalty: 0.005, estimated_subtree_penalty: 0.01, instability_penalty: 0.0, tie_epsilon: 1e-9 }, branch_and_bound: BranchAndBoundConfig { enabled: true, exhaustive_fallback: true, max_partial_states: 100000, max_candidates: 100000, top_k: 8 }, cache: CacheConfig { enabled: true, node_statistics: false, predicate_masks: true, candidate_pools: true, best_subtrees: false, lookahead: false, max_entries: 10000, approximate_byte_limit: 134217728 }, tree_search: TreeSearchConfig { strategy: SelectiveLookahead, tree_beam_width: 4, candidate_beam_width: 16, lookahead_depth: 2, max_expansions: 500, node_budget: 18446744073709551615, time_budget_ms: None, frontier_selection: HighestError, selective: SelectiveLookaheadConfig { enabled: true, maximum_depth: 2, ambiguity_margin: 0.01, minimum_confident_gain: 0.02, large_node_threshold: 500, candidate_beam_width: 14, tree_beam_width: 4 } }, conditional_search: ConditionalCandidateSearchConfig { enabled: true, branch_and_bound_candidate_threshold: 64, candidate_cache_minimum_expected_reuse: 2 }, parallel: ParallelConfig { enabled: false, threads: Some(1), parallel_candidates: false, parallel_beam_states: false, minimum_parallel_work: 18446744073709551615 }, pruning: PruningConfig { enabled: true, validation_fraction: 0.2, alpha_nodes: 0.0, alpha_leaves: 0.0, alpha_literals: 0.0, alpha_axp: 0.0, accuracy_epsilon: 0.04, use_one_standard_error_rule: false, selection_mode: EpsilonPareto, class_aware: ClassAwarePruningConfig { enabled: true, accuracy_epsilon: 0.04, balanced_accuracy_epsilon: 0.4, minimum_minority_recall: None, minimum_validation_samples: 1, minimum_validation_samples_per_class: 1, root_collapse_majority_threshold: 0.9, preserve_subtree_when_evidence_insufficient: true } }, adaptive_language: AdaptiveLanguageConfig { enabled: true, total_candidate_budget: 56, minimum_family_quota: 2, pilot_candidates_per_family: 4, temperature: 1.0, diversity_top_k_per_family: 1 }, axp_rerank: AxpRerankConfig { enabled: false, shortlist_size: 8, validation_samples: 8, weight_mean_axp: 0.001, weight_max_axp: 0.0005, timeout_ms: None }, allowed_languages: AllowedLanguages(""Affine""), language_policy: SmartCertified, theorem_mode: true, random_seed: 42 }",cals_compact_explain_affine,"Single-language CompactExplain (Affine)",certified,0.9478764478764479,0,25,3.028957528957529,1,1,518,0,Gf2Gaussian,AffineGf2,"",true,42,2,deterministic_hash_70_30_first_label,SelectiveLookahead,SparseCertified,16,4,2,18446744073709551615,true,41,25,21,13,46,28,0.9338842975206612,0.9421487603305785,0.9209150326797385,0.9588235294117646,0.8888888888888888,1,0.9529411764705882,0.9176470588235294,0.9209150326797385,0.9342238098936088,0.8888888888888888,1,"0:170|1:72",no_change,"objective_improved:7|insufficient_validation_support:1|no_change:12",8080,0,0,22,10,0,24,52,448,22622,924,28,24,0,41,0,1,"{""Affine"": 12}",Affine,0,7,0.061549986,0.061446026,0.00010396,0,false,false,true,""
"car_evaluation-bin",1,7,cals_horn,cals,"Horn",single_language,0.9285714285714286,0.017275277,0.000024898,25,24,13,7,2.7432432432432434,0.229520534,post_selection_final_tree,0,518,518,true,Horn,StructuralHorn,"horn","StructuralHorn",true,ef0cd1a,"LearnerConfig { max_depth: 7, min_samples_split: 2, min_samples_leaf: 1, max_candidates_per_node: 16, beam_width: 16, split_score: SplitScoreConfig { profile: SparseCertified, gain_weight: 1.0, gain_ratio_weight: 0.03, balance_weight: 0.01, literal_penalty: 0.004, family_complexity_penalty: 0.002, child_fragmentation_penalty: 0.005, estimated_subtree_penalty: 0.01, instability_penalty: 0.0, tie_epsilon: 1e-9 }, branch_and_bound: BranchAndBoundConfig { enabled: true, exhaustive_fallback: true, max_partial_states: 100000, max_candidates: 100000, top_k: 16 }, cache: CacheConfig { enabled: true, node_statistics: true, predicate_masks: true, candidate_pools: true, best_subtrees: true, lookahead: true, max_entries: 20000, approximate_byte_limit: 268435456 }, tree_search: TreeSearchConfig { strategy: SparseLookahead, tree_beam_width: 8, candidate_beam_width: 16, lookahead_depth: 2, max_expansions: 1000, node_budget: 18446744073709551615, time_budget_ms: None, frontier_selection: HighestError, selective: SelectiveLookaheadConfig { enabled: false, maximum_depth: 2, ambiguity_margin: 0.01, minimum_confident_gain: 0.02, large_node_threshold: 500, candidate_beam_width: 8, tree_beam_width: 4 } }, conditional_search: ConditionalCandidateSearchConfig { enabled: false, branch_and_bound_candidate_threshold: 64, candidate_cache_minimum_expected_reuse: 2 }, parallel: ParallelConfig { enabled: true, threads: None, parallel_candidates: true, parallel_beam_states: true, minimum_parallel_work: 2 }, pruning: PruningConfig { enabled: true, validation_fraction: 0.2, alpha_nodes: 0.0, alpha_leaves: 0.0, alpha_literals: 0.0, alpha_axp: 0.0, accuracy_epsilon: 0.005, use_one_standard_error_rule: false, selection_mode: EpsilonPareto, class_aware: ClassAwarePruningConfig { enabled: false, accuracy_epsilon: 0.005, balanced_accuracy_epsilon: 0.005, minimum_minority_recall: None, minimum_validation_samples: 20, minimum_validation_samples_per_class: 3, root_collapse_majority_threshold: 0.9, preserve_subtree_when_evidence_insufficient: true } }, adaptive_language: AdaptiveLanguageConfig { enabled: true, total_candidate_budget: 64, minimum_family_quota: 2, pilot_candidates_per_family: 4, temperature: 1.0, diversity_top_k_per_family: 1 }, axp_rerank: AxpRerankConfig { enabled: false, shortlist_size: 8, validation_samples: 8, weight_mean_axp: 0.001, weight_max_axp: 0.0005, timeout_ms: None }, allowed_languages: AllowedLanguages(""Horn""), language_policy: SmartCertified, theorem_mode: true, random_seed: 43 }",cals_horn,"Single-language CALS (Horn)",certified,0.9285714285714286,0,25,2.7432432432432434,1,1,518,0,StructuralHorn,HornCnf,"",true,43,2,deterministic_hash_70_30_first_label,SparseLookahead,SparseCertified,16,8,2,18446744073709551615,true,53,25,27,13,52,24,0.9628099173553719,0.9752066115702479,0.957516339869281,0.970343137254902,0.9444444444444444,0.9583333333333334,0.9705882352941176,0.9823529411764705,0.9556911809581935,0.970343137254902,0.9444444444444444,0.9583333333333334,"0:170|1:72",no_change,"objective_improved:14|no_change:12",2140,1338,0,41,0,41,0,68,1692,5820,469,27,41,0,53,0,1,"{""Horn"": 12}",Horn,0,7,0.017275277,0.017201971,0.000073306,0,false,false,true,""
"car_evaluation-bin",1,7,cals_antihorn,cals,"AntiHorn",single_language,0.9324324324324325,0.017770663,0.000034431,19,18,10,6,2.4266409266409266,0.187694437,post_selection_final_tree,0,518,518,true,AntiHorn,StructuralAntiHorn,"antihorn","StructuralAntiHorn",true,ef0cd1a,"LearnerConfig { max_depth: 7, min_samples_split: 2, min_samples_leaf: 1, max_candidates_per_node: 16, beam_width: 16, split_score: SplitScoreConfig { profile: SparseCertified, gain_weight: 1.0, gain_ratio_weight: 0.03, balance_weight: 0.01, literal_penalty: 0.004, family_complexity_penalty: 0.002, child_fragmentation_penalty: 0.005, estimated_subtree_penalty: 0.01, instability_penalty: 0.0, tie_epsilon: 1e-9 }, branch_and_bound: BranchAndBoundConfig { enabled: true, exhaustive_fallback: true, max_partial_states: 100000, max_candidates: 100000, top_k: 16 }, cache: CacheConfig { enabled: true, node_statistics: true, predicate_masks: true, candidate_pools: true, best_subtrees: true, lookahead: true, max_entries: 20000, approximate_byte_limit: 268435456 }, tree_search: TreeSearchConfig { strategy: SparseLookahead, tree_beam_width: 8, candidate_beam_width: 16, lookahead_depth: 2, max_expansions: 1000, node_budget: 18446744073709551615, time_budget_ms: None, frontier_selection: HighestError, selective: SelectiveLookaheadConfig { enabled: false, maximum_depth: 2, ambiguity_margin: 0.01, minimum_confident_gain: 0.02, large_node_threshold: 500, candidate_beam_width: 8, tree_beam_width: 4 } }, conditional_search: ConditionalCandidateSearchConfig { enabled: false, branch_and_bound_candidate_threshold: 64, candidate_cache_minimum_expected_reuse: 2 }, parallel: ParallelConfig { enabled: true, threads: None, parallel_candidates: true, parallel_beam_states: true, minimum_parallel_work: 2 }, pruning: PruningConfig { enabled: true, validation_fraction: 0.2, alpha_nodes: 0.0, alpha_leaves: 0.0, alpha_literals: 0.0, alpha_axp: 0.0, accuracy_epsilon: 0.005, use_one_standard_error_rule: false, selection_mode: EpsilonPareto, class_aware: ClassAwarePruningConfig { enabled: false, accuracy_epsilon: 0.005, balanced_accuracy_epsilon: 0.005, minimum_minority_recall: None, minimum_validation_samples: 20, minimum_validation_samples_per_class: 3, root_collapse_majority_threshold: 0.9, preserve_subtree_when_evidence_insufficient: true } }, adaptive_language: AdaptiveLanguageConfig { enabled: true, total_candidate_budget: 64, minimum_family_quota: 2, pilot_candidates_per_family: 4, temperature: 1.0, diversity_top_k_per_family: 1 }, axp_rerank: AxpRerankConfig { enabled: false, shortlist_size: 8, validation_samples: 8, weight_mean_axp: 0.001, weight_max_axp: 0.0005, timeout_ms: None }, allowed_languages: AllowedLanguages(""AntiHorn""), language_policy: SmartCertified, theorem_mode: true, random_seed: 43 }",cals_antihorn,"Single-language CALS (AntiHorn)",certified,0.9324324324324325,0,19,2.4266409266409266,1,1,518,0,StructuralAntiHorn,AntiHornCnf,"",true,43,2,deterministic_hash_70_30_first_label,SparseLookahead,SparseCertified,16,8,2,18446744073709551615,true,53,19,27,10,52,18,0.9669421487603306,0.9710743801652892,0.9684640522875817,0.9593954248366013,0.9722222222222222,0.9305555555555556,0.9647058823529412,0.9882352941176471,0.9610682110682109,0.964973223331886,0.9722222222222222,0.9305555555555556,"0:170|1:72",no_change,"objective_improved:17|no_change:9",2159,1296,0,40,0,40,0,66,1659,5735,454,26,40,0,53,0,1,"{""AntiHorn"": 9}",AntiHorn,0,6,0.017770663,0.017697458,0.000073205,0,false,false,true,""
"car_evaluation-bin",1,7,cals_square2cnf,cals,"Square2CNF",single_language,0.9305019305019305,13.769510486,0.00002815,15,28,8,7,3.2142857142857144,0.289362055,post_selection_final_tree,0,518,518,true,Square2Cnf,TwoSat,"two_sat","TwoSat",true,ef0cd1a,"LearnerConfig { max_depth: 7, min_samples_split: 2, min_samples_leaf: 1, max_candidates_per_node: 16, beam_width: 16, split_score: SplitScoreConfig { profile: SparseCertified, gain_weight: 1.0, gain_ratio_weight: 0.03, balance_weight: 0.01, literal_penalty: 0.004, family_complexity_penalty: 0.002, child_fragmentation_penalty: 0.005, estimated_subtree_penalty: 0.01, instability_penalty: 0.0, tie_epsilon: 1e-9 }, branch_and_bound: BranchAndBoundConfig { enabled: true, exhaustive_fallback: true, max_partial_states: 100000, max_candidates: 100000, top_k: 16 }, cache: CacheConfig { enabled: true, node_statistics: true, predicate_masks: true, candidate_pools: true, best_subtrees: true, lookahead: true, max_entries: 20000, approximate_byte_limit: 268435456 }, tree_search: TreeSearchConfig { strategy: SparseLookahead, tree_beam_width: 8, candidate_beam_width: 16, lookahead_depth: 2, max_expansions: 1000, node_budget: 18446744073709551615, time_budget_ms: None, frontier_selection: HighestError, selective: SelectiveLookaheadConfig { enabled: false, maximum_depth: 2, ambiguity_margin: 0.01, minimum_confident_gain: 0.02, large_node_threshold: 500, candidate_beam_width: 8, tree_beam_width: 4 } }, conditional_search: ConditionalCandidateSearchConfig { enabled: false, branch_and_bound_candidate_threshold: 64, candidate_cache_minimum_expected_reuse: 2 }, parallel: ParallelConfig { enabled: true, threads: None, parallel_candidates: true, parallel_beam_states: true, minimum_parallel_work: 2 }, pruning: PruningConfig { enabled: true, validation_fraction: 0.2, alpha_nodes: 0.0, alpha_leaves: 0.0, alpha_literals: 0.0, alpha_axp: 0.0, accuracy_epsilon: 0.005, use_one_standard_error_rule: false, selection_mode: EpsilonPareto, class_aware: ClassAwarePruningConfig { enabled: false, accuracy_epsilon: 0.005, balanced_accuracy_epsilon: 0.005, minimum_minority_recall: None, minimum_validation_samples: 20, minimum_validation_samples_per_class: 3, root_collapse_majority_threshold: 0.9, preserve_subtree_when_evidence_insufficient: true } }, adaptive_language: AdaptiveLanguageConfig { enabled: true, total_candidate_budget: 64, minimum_family_quota: 2, pilot_candidates_per_family: 4, temperature: 1.0, diversity_top_k_per_family: 1 }, axp_rerank: AxpRerankConfig { enabled: false, shortlist_size: 8, validation_samples: 8, weight_mean_axp: 0.001, weight_max_axp: 0.0005, timeout_ms: None }, allowed_languages: AllowedLanguages(""Square2CNF""), language_policy: SmartCertified, theorem_mode: true, random_seed: 43 }",cals_square2cnf,"Single-language CALS (Square2CNF)",certified,0.9305019305019305,0,15,3.2142857142857144,1,1,518,0,TwoSat,TwoCnf,"",true,43,2,deterministic_hash_70_30_first_label,SparseLookahead,SparseCertified,16,8,2,18446744073709551615,true,29,15,15,8,56,28,0.9628099173553719,0.9752066115702479,0.9615196078431373,0.9623366013071896,0.9583333333333334,0.9305555555555556,0.9647058823529412,0.9941176470588236,0.9560346393750379,0.9698504983388705,0.9583333333333334,0.9305555555555556,"0:170|1:72",no_change,"objective_improved:6|no_change:8",65939,1183,0,28,0,26,0,42,1439,37521,128015,16,26,0,29,0,1,"{""Square2Cnf"": 7}",Square2Cnf,0,7,13.769510486,13.76943919,0.000071296,0,false,false,true,""
"car_evaluation-bin",1,7,cals_affine,cals,"Affine",single_language,0.9227799227799228,0.072073641,0.000032667,25,27,13,7,3.0752895752895753,0.17289032,post_selection_final_tree,0,518,518,true,Affine,Gf2Gaussian,"affine_gf2","Gf2Gaussian",true,ef0cd1a,"LearnerConfig { max_depth: 7, min_samples_split: 2, min_samples_leaf: 1, max_candidates_per_node: 16, beam_width: 16, split_score: SplitScoreConfig { profile: SparseCertified, gain_weight: 1.0, gain_ratio_weight: 0.03, balance_weight: 0.01, literal_penalty: 0.004, family_complexity_penalty: 0.002, child_fragmentation_penalty: 0.005, estimated_subtree_penalty: 0.01, instability_penalty: 0.0, tie_epsilon: 1e-9 }, branch_and_bound: BranchAndBoundConfig { enabled: true, exhaustive_fallback: true, max_partial_states: 100000, max_candidates: 100000, top_k: 16 }, cache: CacheConfig { enabled: true, node_statistics: true, predicate_masks: true, candidate_pools: true, best_subtrees: true, lookahead: true, max_entries: 20000, approximate_byte_limit: 268435456 }, tree_search: TreeSearchConfig { strategy: SparseLookahead, tree_beam_width: 8, candidate_beam_width: 16, lookahead_depth: 2, max_expansions: 1000, node_budget: 18446744073709551615, time_budget_ms: None, frontier_selection: HighestError, selective: SelectiveLookaheadConfig { enabled: false, maximum_depth: 2, ambiguity_margin: 0.01, minimum_confident_gain: 0.02, large_node_threshold: 500, candidate_beam_width: 8, tree_beam_width: 4 } }, conditional_search: ConditionalCandidateSearchConfig { enabled: false, branch_and_bound_candidate_threshold: 64, candidate_cache_minimum_expected_reuse: 2 }, parallel: ParallelConfig { enabled: true, threads: None, parallel_candidates: true, parallel_beam_states: true, minimum_parallel_work: 2 }, pruning: PruningConfig { enabled: true, validation_fraction: 0.2, alpha_nodes: 0.0, alpha_leaves: 0.0, alpha_literals: 0.0, alpha_axp: 0.0, accuracy_epsilon: 0.005, use_one_standard_error_rule: false, selection_mode: EpsilonPareto, class_aware: ClassAwarePruningConfig { enabled: false, accuracy_epsilon: 0.005, balanced_accuracy_epsilon: 0.005, minimum_minority_recall: None, minimum_validation_samples: 20, minimum_validation_samples_per_class: 3, root_collapse_majority_threshold: 0.9, preserve_subtree_when_evidence_insufficient: true } }, adaptive_language: AdaptiveLanguageConfig { enabled: true, total_candidate_budget: 64, minimum_family_quota: 2, pilot_candidates_per_family: 4, temperature: 1.0, diversity_top_k_per_family: 1 }, axp_rerank: AxpRerankConfig { enabled: false, shortlist_size: 8, validation_samples: 8, weight_mean_axp: 0.001, weight_max_axp: 0.0005, timeout_ms: None }, allowed_languages: AllowedLanguages(""Affine""), language_policy: SmartCertified, theorem_mode: true, random_seed: 43 }",cals_affine,"Single-language CALS (Affine)",certified,0.9227799227799228,0,25,3.0752895752895753,1,1,518,0,Gf2Gaussian,AffineGf2,"",true,43,2,deterministic_hash_70_30_first_label,SparseLookahead,SparseCertified,16,8,2,18446744073709551615,true,39,25,20,13,42,27,0.9710743801652892,0.9710743801652892,0.9674019607843137,0.9794117647058824,0.9583333333333334,1,0.9764705882352941,0.9588235294117647,0.965537585189706,0.9663106815424696,0.9583333333333334,1,"0:170|1:72",no_change,"objective_improved:7|no_change:12",9998,1136,0,33,0,25,0,52,1566,25119,924,27,25,0,39,0,1,"{""Affine"": 12}",Affine,0,8,0.072073641,0.071984182,0.000089459,0,false,false,true,""
"car_evaluation-bin",1,7,cals_compact_explain_horn,compact_explain,"Horn",single_language,0.9131274131274131,0.010354413,0.000023723,27,26,14,7,2.4845559845559846,0.26597549,post_selection_final_tree,0,518,518,true,Horn,StructuralHorn,"horn","StructuralHorn",true,ef0cd1a,"LearnerConfig { max_depth: 7, min_samples_split: 2, min_samples_leaf: 1, max_candidates_per_node: 16, beam_width: 16, split_score: SplitScoreConfig { profile: SparseCertified, gain_weight: 1.0, gain_ratio_weight: 0.03, balance_weight: 0.01, literal_penalty: 0.004, family_complexity_penalty: 0.002, child_fragmentation_penalty: 0.005, estimated_subtree_penalty: 0.01, instability_penalty: 0.0, tie_epsilon: 1e-9 }, branch_and_bound: BranchAndBoundConfig { enabled: true, exhaustive_fallback: true, max_partial_states: 100000, max_candidates: 100000, top_k: 8 }, cache: CacheConfig { enabled: true, node_statistics: false, predicate_masks: true, candidate_pools: true, best_subtrees: false, lookahead: false, max_entries: 10000, approximate_byte_limit: 134217728 }, tree_search: TreeSearchConfig { strategy: SelectiveLookahead, tree_beam_width: 4, candidate_beam_width: 16, lookahead_depth: 2, max_expansions: 500, node_budget: 18446744073709551615, time_budget_ms: None, frontier_selection: HighestError, selective: SelectiveLookaheadConfig { enabled: true, maximum_depth: 2, ambiguity_margin: 0.01, minimum_confident_gain: 0.02, large_node_threshold: 500, candidate_beam_width: 14, tree_beam_width: 4 } }, conditional_search: ConditionalCandidateSearchConfig { enabled: true, branch_and_bound_candidate_threshold: 64, candidate_cache_minimum_expected_reuse: 2 }, parallel: ParallelConfig { enabled: false, threads: Some(1), parallel_candidates: false, parallel_beam_states: false, minimum_parallel_work: 18446744073709551615 }, pruning: PruningConfig { enabled: true, validation_fraction: 0.2, alpha_nodes: 0.0, alpha_leaves: 0.0, alpha_literals: 0.0, alpha_axp: 0.0, accuracy_epsilon: 0.04, use_one_standard_error_rule: false, selection_mode: EpsilonPareto, class_aware: ClassAwarePruningConfig { enabled: true, accuracy_epsilon: 0.04, balanced_accuracy_epsilon: 0.4, minimum_minority_recall: None, minimum_validation_samples: 1, minimum_validation_samples_per_class: 1, root_collapse_majority_threshold: 0.9, preserve_subtree_when_evidence_insufficient: true } }, adaptive_language: AdaptiveLanguageConfig { enabled: true, total_candidate_budget: 56, minimum_family_quota: 2, pilot_candidates_per_family: 4, temperature: 1.0, diversity_top_k_per_family: 1 }, axp_rerank: AxpRerankConfig { enabled: false, shortlist_size: 8, validation_samples: 8, weight_mean_axp: 0.001, weight_max_axp: 0.0005, timeout_ms: None }, allowed_languages: AllowedLanguages(""Horn""), language_policy: SmartCertified, theorem_mode: true, random_seed: 43 }",cals_compact_explain_horn,"Single-language CompactExplain (Horn)",certified,0.9131274131274131,0,27,2.4845559845559846,1,1,518,0,StructuralHorn,HornCnf,"",true,43,2,deterministic_hash_70_30_first_label,SelectiveLookahead,SparseCertified,16,4,2,18446744073709551615,true,53,27,27,14,52,26,0.9628099173553719,0.9586776859504132,0.957516339869281,0.9545751633986927,0.9444444444444444,0.9444444444444444,0.9705882352941176,0.9647058823529412,0.9556911809581935,0.9509605252492501,0.9444444444444444,0.9444444444444444,"0:170|1:72",no_change,"objective_improved:10|insufficient_validation_support:8|no_change:8",1304,0,0,31,2,0,33,60,354,2459,418,27,33,0,53,0,1,"{""Horn"": 13}",Horn,0,6,0.010354413,0.010272747,0.000081666,0,false,false,true,""
"car_evaluation-bin",1,7,cals_compact_explain_antihorn,compact_explain,"AntiHorn",single_language,0.9305019305019305,0.01091971,0.000030543,33,32,17,7,2.511583011583012,0.319146638,post_selection_final_tree,0,518,518,true,AntiHorn,StructuralAntiHorn,"antihorn","StructuralAntiHorn",true,ef0cd1a,"LearnerConfig { max_depth: 7, min_samples_split: 2, min_samples_leaf: 1, max_candidates_per_node: 16, beam_width: 16, split_score: SplitScoreConfig { profile: SparseCertified, gain_weight: 1.0, gain_ratio_weight: 0.03, balance_weight: 0.01, literal_penalty: 0.004, family_complexity_penalty: 0.002, child_fragmentation_penalty: 0.005, estimated_subtree_penalty: 0.01, instability_penalty: 0.0, tie_epsilon: 1e-9 }, branch_and_bound: BranchAndBoundConfig { enabled: true, exhaustive_fallback: true, max_partial_states: 100000, max_candidates: 100000, top_k: 8 }, cache: CacheConfig { enabled: true, node_statistics: false, predicate_masks: true, candidate_pools: true, best_subtrees: false, lookahead: false, max_entries: 10000, approximate_byte_limit: 134217728 }, tree_search: TreeSearchConfig { strategy: SelectiveLookahead, tree_beam_width: 4, candidate_beam_width: 16, lookahead_depth: 2, max_expansions: 500, node_budget: 18446744073709551615, time_budget_ms: None, frontier_selection: HighestError, selective: SelectiveLookaheadConfig { enabled: true, maximum_depth: 2, ambiguity_margin: 0.01, minimum_confident_gain: 0.02, large_node_threshold: 500, candidate_beam_width: 14, tree_beam_width: 4 } }, conditional_search: ConditionalCandidateSearchConfig { enabled: true, branch_and_bound_candidate_threshold: 64, candidate_cache_minimum_expected_reuse: 2 }, parallel: ParallelConfig { enabled: false, threads: Some(1), parallel_candidates: false, parallel_beam_states: false, minimum_parallel_work: 18446744073709551615 }, pruning: PruningConfig { enabled: true, validation_fraction: 0.2, alpha_nodes: 0.0, alpha_leaves: 0.0, alpha_literals: 0.0, alpha_axp: 0.0, accuracy_epsilon: 0.04, use_one_standard_error_rule: false, selection_mode: EpsilonPareto, class_aware: ClassAwarePruningConfig { enabled: true, accuracy_epsilon: 0.04, balanced_accuracy_epsilon: 0.4, minimum_minority_recall: None, minimum_validation_samples: 1, minimum_validation_samples_per_class: 1, root_collapse_majority_threshold: 0.9, preserve_subtree_when_evidence_insufficient: true } }, adaptive_language: AdaptiveLanguageConfig { enabled: true, total_candidate_budget: 56, minimum_family_quota: 2, pilot_candidates_per_family: 4, temperature: 1.0, diversity_top_k_per_family: 1 }, axp_rerank: AxpRerankConfig { enabled: false, shortlist_size: 8, validation_samples: 8, weight_mean_axp: 0.001, weight_max_axp: 0.0005, timeout_ms: None }, allowed_languages: AllowedLanguages(""AntiHorn""), language_policy: SmartCertified, theorem_mode: true, random_seed: 43 }",cals_compact_explain_antihorn,"Single-language CompactExplain (AntiHorn)",certified,0.9305019305019305,0,33,2.511583011583012,1,1,518,0,StructuralAntiHorn,AntiHornCnf,"",true,43,2,deterministic_hash_70_30_first_label,SelectiveLookahead,SparseCertified,16,4,2,18446744073709551615,true,53,33,27,17,52,32,0.9669421487603306,0.9669421487603306,0.9684640522875817,0.9524509803921568,0.9722222222222222,0.9166666666666666,0.9647058823529412,0.9882352941176471,0.9610682110682109,0.9598006644518272,0.9722222222222222,0.9166666666666666,"0:170|1:72",no_change,"objective_improved:7|insufficient_validation_support:10|no_change:9",1411,0,0,31,4,0,35,61,363,2663,427,26,35,0,53,0,1,"{""AntiHorn"": 16}",AntiHorn,0,7,0.01091971,0.010831107999999999,0.000088602,0,false,false,true,""
"car_evaluation-bin",1,7,cals_compact_explain_square2cnf,compact_explain,"Square2CNF",single_language,0.9305019305019305,3.254154029,0.000023926,15,28,8,7,3.2142857142857144,0.283867168,post_selection_final_tree,0,518,518,true,Square2Cnf,TwoSat,"two_sat","TwoSat",true,ef0cd1a,"LearnerConfig { max_depth: 7, min_samples_split: 2, min_samples_leaf: 1, max_candidates_per_node: 16, beam_width: 16, split_score: SplitScoreConfig { profile: SparseCertified, gain_weight: 1.0, gain_ratio_weight: 0.03, balance_weight: 0.01, literal_penalty: 0.004, family_complexity_penalty: 0.002, child_fragmentation_penalty: 0.005, estimated_subtree_penalty: 0.01, instability_penalty: 0.0, tie_epsilon: 1e-9 }, branch_and_bound: BranchAndBoundConfig { enabled: true, exhaustive_fallback: true, max_partial_states: 100000, max_candidates: 100000, top_k: 8 }, cache: CacheConfig { enabled: true, node_statistics: false, predicate_masks: true, candidate_pools: true, best_subtrees: false, lookahead: false, max_entries: 10000, approximate_byte_limit: 134217728 }, tree_search: TreeSearchConfig { strategy: SelectiveLookahead, tree_beam_width: 4, candidate_beam_width: 16, lookahead_depth: 2, max_expansions: 500, node_budget: 18446744073709551615, time_budget_ms: None, frontier_selection: HighestError, selective: SelectiveLookaheadConfig { enabled: true, maximum_depth: 2, ambiguity_margin: 0.01, minimum_confident_gain: 0.02, large_node_threshold: 500, candidate_beam_width: 14, tree_beam_width: 4 } }, conditional_search: ConditionalCandidateSearchConfig { enabled: true, branch_and_bound_candidate_threshold: 64, candidate_cache_minimum_expected_reuse: 2 }, parallel: ParallelConfig { enabled: false, threads: Some(1), parallel_candidates: false, parallel_beam_states: false, minimum_parallel_work: 18446744073709551615 }, pruning: PruningConfig { enabled: true, validation_fraction: 0.2, alpha_nodes: 0.0, alpha_leaves: 0.0, alpha_literals: 0.0, alpha_axp: 0.0, accuracy_epsilon: 0.04, use_one_standard_error_rule: false, selection_mode: EpsilonPareto, class_aware: ClassAwarePruningConfig { enabled: true, accuracy_epsilon: 0.04, balanced_accuracy_epsilon: 0.4, minimum_minority_recall: None, minimum_validation_samples: 1, minimum_validation_samples_per_class: 1, root_collapse_majority_threshold: 0.9, preserve_subtree_when_evidence_insufficient: true } }, adaptive_language: AdaptiveLanguageConfig { enabled: true, total_candidate_budget: 56, minimum_family_quota: 2, pilot_candidates_per_family: 4, temperature: 1.0, diversity_top_k_per_family: 1 }, axp_rerank: AxpRerankConfig { enabled: false, shortlist_size: 8, validation_samples: 8, weight_mean_axp: 0.001, weight_max_axp: 0.0005, timeout_ms: None }, allowed_languages: AllowedLanguages(""Square2CNF""), language_policy: SmartCertified, theorem_mode: true, random_seed: 43 }",cals_compact_explain_square2cnf,"Single-language CompactExplain (Square2CNF)",certified,0.9305019305019305,0,15,3.2142857142857144,1,1,518,0,TwoSat,TwoCnf,"",true,43,2,deterministic_hash_70_30_first_label,SelectiveLookahead,SparseCertified,16,4,2,18446744073709551615,true,31,15,16,8,60,28,0.9669421487603306,0.9752066115702479,0.956454248366013,0.9623366013071896,0.9305555555555556,0.9305555555555556,0.9823529411764705,0.9941176470588236,0.9601350794827443,0.9698504983388705,0.9305555555555556,0.9305555555555556,"0:170|1:72",no_change,"objective_improved:5|insufficient_validation_support:1|no_change:9",21319,0,0,19,2,0,19,36,272,8635,62229,17,19,0,31,0,1,"{""Square2Cnf"": 7}",Square2Cnf,0,7,3.254154029,3.254079028,0.000075001,0,false,false,true,""
"car_evaluation-bin",1,7,cals_compact_explain_affine,compact_explain,"Affine",single_language,0.9227799227799228,0.059758302,0.00003511,31,33,16,7,3.0752895752895753,0.202016436,post_selection_final_tree,0,518,518,true,Affine,Gf2Gaussian,"affine_gf2","Gf2Gaussian",true,ef0cd1a,"LearnerConfig { max_depth: 7, min_samples_split: 2, min_samples_leaf: 1, max_candidates_per_node: 16, beam_width: 16, split_score: SplitScoreConfig { profile: SparseCertified, gain_weight: 1.0, gain_ratio_weight: 0.03, balance_weight: 0.01, literal_penalty: 0.004, family_complexity_penalty: 0.002, child_fragmentation_penalty: 0.005, estimated_subtree_penalty: 0.01, instability_penalty: 0.0, tie_epsilon: 1e-9 }, branch_and_bound: BranchAndBoundConfig { enabled: true, exhaustive_fallback: true, max_partial_states: 100000, max_candidates: 100000, top_k: 8 }, cache: CacheConfig { enabled: true, node_statistics: false, predicate_masks: true, candidate_pools: true, best_subtrees: false, lookahead: false, max_entries: 10000, approximate_byte_limit: 134217728 }, tree_search: TreeSearchConfig { strategy: SelectiveLookahead, tree_beam_width: 4, candidate_beam_width: 16, lookahead_depth: 2, max_expansions: 500, node_budget: 18446744073709551615, time_budget_ms: None, frontier_selection: HighestError, selective: SelectiveLookaheadConfig { enabled: true, maximum_depth: 2, ambiguity_margin: 0.01, minimum_confident_gain: 0.02, large_node_threshold: 500, candidate_beam_width: 14, tree_beam_width: 4 } }, conditional_search: ConditionalCandidateSearchConfig { enabled: true, branch_and_bound_candidate_threshold: 64, candidate_cache_minimum_expected_reuse: 2 }, parallel: ParallelConfig { enabled: false, threads: Some(1), parallel_candidates: false, parallel_beam_states: false, minimum_parallel_work: 18446744073709551615 }, pruning: PruningConfig { enabled: true, validation_fraction: 0.2, alpha_nodes: 0.0, alpha_leaves: 0.0, alpha_literals: 0.0, alpha_axp: 0.0, accuracy_epsilon: 0.04, use_one_standard_error_rule: false, selection_mode: EpsilonPareto, class_aware: ClassAwarePruningConfig { enabled: true, accuracy_epsilon: 0.04, balanced_accuracy_epsilon: 0.4, minimum_minority_recall: None, minimum_validation_samples: 1, minimum_validation_samples_per_class: 1, root_collapse_majority_threshold: 0.9, preserve_subtree_when_evidence_insufficient: true } }, adaptive_language: AdaptiveLanguageConfig { enabled: true, total_candidate_budget: 56, minimum_family_quota: 2, pilot_candidates_per_family: 4, temperature: 1.0, diversity_top_k_per_family: 1 }, axp_rerank: AxpRerankConfig { enabled: false, shortlist_size: 8, validation_samples: 8, weight_mean_axp: 0.001, weight_max_axp: 0.0005, timeout_ms: None }, allowed_languages: AllowedLanguages(""Affine""), language_policy: SmartCertified, theorem_mode: true, random_seed: 43 }",cals_compact_explain_affine,"Single-language CompactExplain (Affine)",certified,0.9227799227799228,0,31,3.0752895752895753,1,1,518,0,Gf2Gaussian,AffineGf2,"",true,43,2,deterministic_hash_70_30_first_label,SelectiveLookahead,SparseCertified,16,4,2,18446744073709551615,true,39,31,20,16,42,33,0.9710743801652892,0.9710743801652892,0.9674019607843137,0.9794117647058824,0.9583333333333334,1,0.9764705882352941,0.9588235294117647,0.965537585189706,0.9663106815424696,0.9583333333333334,1,"0:170|1:72",no_change,"objective_improved:4|insufficient_validation_support:3|no_change:12",8118,0,0,21,10,0,23,50,430,21636,924,27,23,0,39,0,1,"{""Affine"": 15}",Affine,0,8,0.059758302,0.059650893999999996,0.000107408,0,false,false,true,""
"tic-tac-toe",0,7,cals_horn,cals,"Horn",single_language,0.9198606271777003,0.018378745,0.00002817,25,24,13,7,4.376306620209059,0.243292231,post_selection_final_tree,0,287,287,true,Horn,StructuralHorn,"horn","StructuralHorn",true,ef0cd1a,"LearnerConfig { max_depth: 7, min_samples_split: 2, min_samples_leaf: 1, max_candidates_per_node: 16, beam_width: 16, split_score: SplitScoreConfig { profile: SparseCertified, gain_weight: 1.0, gain_ratio_weight: 0.03, balance_weight: 0.01, literal_penalty: 0.004, family_complexity_penalty: 0.002, child_fragmentation_penalty: 0.005, estimated_subtree_penalty: 0.01, instability_penalty: 0.0, tie_epsilon: 1e-9 }, branch_and_bound: BranchAndBoundConfig { enabled: true, exhaustive_fallback: true, max_partial_states: 100000, max_candidates: 100000, top_k: 16 }, cache: CacheConfig { enabled: true, node_statistics: true, predicate_masks: true, candidate_pools: true, best_subtrees: true, lookahead: true, max_entries: 20000, approximate_byte_limit: 268435456 }, tree_search: TreeSearchConfig { strategy: SparseLookahead, tree_beam_width: 8, candidate_beam_width: 16, lookahead_depth: 2, max_expansions: 1000, node_budget: 18446744073709551615, time_budget_ms: None, frontier_selection: HighestError, selective: SelectiveLookaheadConfig { enabled: false, maximum_depth: 2, ambiguity_margin: 0.01, minimum_confident_gain: 0.02, large_node_threshold: 500, candidate_beam_width: 8, tree_beam_width: 4 } }, conditional_search: ConditionalCandidateSearchConfig { enabled: false, branch_and_bound_candidate_threshold: 64, candidate_cache_minimum_expected_reuse: 2 }, parallel: ParallelConfig { enabled: true, threads: None, parallel_candidates: true, parallel_beam_states: true, minimum_parallel_work: 2 }, pruning: PruningConfig { enabled: true, validation_fraction: 0.2, alpha_nodes: 0.0, alpha_leaves: 0.0, alpha_literals: 0.0, alpha_axp: 0.0, accuracy_epsilon: 0.005, use_one_standard_error_rule: false, selection_mode: EpsilonPareto, class_aware: ClassAwarePruningConfig { enabled: false, accuracy_epsilon: 0.005, balanced_accuracy_epsilon: 0.005, minimum_minority_recall: None, minimum_validation_samples: 20, minimum_validation_samples_per_class: 3, root_collapse_majority_threshold: 0.9, preserve_subtree_when_evidence_insufficient: true } }, adaptive_language: AdaptiveLanguageConfig { enabled: true, total_candidate_budget: 64, minimum_family_quota: 2, pilot_candidates_per_family: 4, temperature: 1.0, diversity_top_k_per_family: 1 }, axp_rerank: AxpRerankConfig { enabled: false, shortlist_size: 8, validation_samples: 8, weight_mean_axp: 0.001, weight_max_axp: 0.0005, timeout_ms: None }, allowed_languages: AllowedLanguages(""Horn""), language_policy: SmartCertified, theorem_mode: true, random_seed: 42 }",cals_horn,"Single-language CALS (Horn)",certified,0.9198606271777003,0,25,4.376306620209059,1,1,287,0,StructuralHorn,HornCnf,"",true,42,2,deterministic_hash_70_30_first_label,SparseLookahead,SparseCertified,16,8,2,18446744073709551615,true,35,25,18,13,34,24,0.9328358208955224,0.9552238805970149,0.915455426356589,0.946705426356589,0.9767441860465116,0.9767441860465116,0.8541666666666666,0.9166666666666666,0.9251257217358912,0.9508437270726339,0.8541666666666666,0.9166666666666666,"0:48|1:86",no_change,"objective_improved:5|no_change:12",1741,1118,0,31,0,25,0,48,1486,5213,1195,23,25,0,35,0,1,"{""Horn"": 12}",Horn,0,6,0.018378745,0.01830432,0.000074425,0,false,false,true,""
"tic-tac-toe",0,7,cals_antihorn,cals,"AntiHorn",single_language,0.8466898954703833,0.033296491,0.000039234,35,34,18,7,4.54006968641115,0.312408477,post_selection_final_tree,0,287,287,true,AntiHorn,StructuralAntiHorn,"antihorn","StructuralAntiHorn",true,ef0cd1a,"LearnerConfig { max_depth: 7, min_samples_split: 2, min_samples_leaf: 1, max_candidates_per_node: 16, beam_width: 16, split_score: SplitScoreConfig { profile: SparseCertified, gain_weight: 1.0, gain_ratio_weight: 0.03, balance_weight: 0.01, literal_penalty: 0.004, family_complexity_penalty: 0.002, child_fragmentation_penalty: 0.005, estimated_subtree_penalty: 0.01, instability_penalty: 0.0, tie_epsilon: 1e-9 }, branch_and_bound: BranchAndBoundConfig { enabled: true, exhaustive_fallback: true, max_partial_states: 100000, max_candidates: 100000, top_k: 16 }, cache: CacheConfig { enabled: true, node_statistics: true, predicate_masks: true, candidate_pools: true, best_subtrees: true, lookahead: true, max_entries: 20000, approximate_byte_limit: 268435456 }, tree_search: TreeSearchConfig { strategy: SparseLookahead, tree_beam_width: 8, candidate_beam_width: 16, lookahead_depth: 2, max_expansions: 1000, node_budget: 18446744073709551615, time_budget_ms: None, frontier_selection: HighestError, selective: SelectiveLookaheadConfig { enabled: false, maximum_depth: 2, ambiguity_margin: 0.01, minimum_confident_gain: 0.02, large_node_threshold: 500, candidate_beam_width: 8, tree_beam_width: 4 } }, conditional_search: ConditionalCandidateSearchConfig { enabled: false, branch_and_bound_candidate_threshold: 64, candidate_cache_minimum_expected_reuse: 2 }, parallel: ParallelConfig { enabled: true, threads: None, parallel_candidates: true, parallel_beam_states: true, minimum_parallel_work: 2 }, pruning: PruningConfig { enabled: true, validation_fraction: 0.2, alpha_nodes: 0.0, alpha_leaves: 0.0, alpha_literals: 0.0, alpha_axp: 0.0, accuracy_epsilon: 0.005, use_one_standard_error_rule: false, selection_mode: EpsilonPareto, class_aware: ClassAwarePruningConfig { enabled: false, accuracy_epsilon: 0.005, balanced_accuracy_epsilon: 0.005, minimum_minority_recall: None, minimum_validation_samples: 20, minimum_validation_samples_per_class: 3, root_collapse_majority_threshold: 0.9, preserve_subtree_when_evidence_insufficient: true } }, adaptive_language: AdaptiveLanguageConfig { enabled: true, total_candidate_budget: 64, minimum_family_quota: 2, pilot_candidates_per_family: 4, temperature: 1.0, diversity_top_k_per_family: 1 }, axp_rerank: AxpRerankConfig { enabled: false, shortlist_size: 8, validation_samples: 8, weight_mean_axp: 0.001, weight_max_axp: 0.0005, timeout_ms: None }, allowed_languages: AllowedLanguages(""AntiHorn""), language_policy: SmartCertified, theorem_mode: true, random_seed: 42 }",cals_antihorn,"Single-language CALS (AntiHorn)",certified,0.8466898954703833,0,35,4.54006968641115,1,1,287,0,StructuralAntiHorn,AntiHornCnf,"",true,42,2,deterministic_hash_70_30_first_label,SparseLookahead,SparseCertified,16,8,2,18446744073709551615,true,71,35,36,18,70,34,0.9104477611940298,0.9253731343283582,0.907218992248062,0.9142441860465116,0.9186046511627907,0.9534883720930233,0.8958333333333334,0.875,0.9034813925570228,0.9180728784543899,0.8958333333333334,0.875,"0:48|1:86",no_change,"objective_improved:17|no_change:18",3110,1891,0,49,0,49,0,84,2442,10017,1768,35,49,0,71,0,1,"{""AntiHorn"": 17}",AntiHorn,0,9,0.033296491,0.033216893,0.000079598,0,false,false,true,""
"tic-tac-toe",0,7,cals_square2cnf,cals,"Square2CNF",single_language,0.89198606271777,25.621238475,0.000023292,35,68,18,7,5.554006968641115,0.577379685,post_selection_final_tree,0,287,287,true,Square2Cnf,TwoSat,"two_sat","TwoSat",true,ef0cd1a,"LearnerConfig { max_depth: 7, min_samples_split: 2, min_samples_leaf: 1, max_candidates_per_node: 16, beam_width: 16, split_score: SplitScoreConfig { profile: SparseCertified, gain_weight: 1.0, gain_ratio_weight: 0.03, balance_weight: 0.01, literal_penalty: 0.004, family_complexity_penalty: 0.002, child_fragmentation_penalty: 0.005, estimated_subtree_penalty: 0.01, instability_penalty: 0.0, tie_epsilon: 1e-9 }, branch_and_bound: BranchAndBoundConfig { enabled: true, exhaustive_fallback: true, max_partial_states: 100000, max_candidates: 100000, top_k: 16 }, cache: CacheConfig { enabled: true, node_statistics: true, predicate_masks: true, candidate_pools: true, best_subtrees: true, lookahead: true, max_entries: 20000, approximate_byte_limit: 268435456 }, tree_search: TreeSearchConfig { strategy: SparseLookahead, tree_beam_width: 8, candidate_beam_width: 16, lookahead_depth: 2, max_expansions: 1000, node_budget: 18446744073709551615, time_budget_ms: None, frontier_selection: HighestError, selective: SelectiveLookaheadConfig { enabled: false, maximum_depth: 2, ambiguity_margin: 0.01, minimum_confident_gain: 0.02, large_node_threshold: 500, candidate_beam_width: 8, tree_beam_width: 4 } }, conditional_search: ConditionalCandidateSearchConfig { enabled: false, branch_and_bound_candidate_threshold: 64, candidate_cache_minimum_expected_reuse: 2 }, parallel: ParallelConfig { enabled: true, threads: None, parallel_candidates: true, parallel_beam_states: true, minimum_parallel_work: 2 }, pruning: PruningConfig { enabled: true, validation_fraction: 0.2, alpha_nodes: 0.0, alpha_leaves: 0.0, alpha_literals: 0.0, alpha_axp: 0.0, accuracy_epsilon: 0.005, use_one_standard_error_rule: false, selection_mode: EpsilonPareto, class_aware: ClassAwarePruningConfig { enabled: false, accuracy_epsilon: 0.005, balanced_accuracy_epsilon: 0.005, minimum_minority_recall: None, minimum_validation_samples: 20, minimum_validation_samples_per_class: 3, root_collapse_majority_threshold: 0.9, preserve_subtree_when_evidence_insufficient: true } }, adaptive_language: AdaptiveLanguageConfig { enabled: true, total_candidate_budget: 64, minimum_family_quota: 2, pilot_candidates_per_family: 4, temperature: 1.0, diversity_top_k_per_family: 1 }, axp_rerank: AxpRerankConfig { enabled: false, shortlist_size: 8, validation_samples: 8, weight_mean_axp: 0.001, weight_max_axp: 0.0005, timeout_ms: None }, allowed_languages: AllowedLanguages(""Square2CNF""), language_policy: SmartCertified, theorem_mode: true, random_seed: 42 }",cals_square2cnf,"Single-language CALS (Square2CNF)",certified,0.89198606271777,0,35,5.554006968641115,1,1,287,0,TwoSat,TwoCnf,"",true,42,2,deterministic_hash_70_30_first_label,SparseLookahead,SparseCertified,16,8,2,18446744073709551615,true,55,35,28,18,108,68,0.9029850746268657,0.917910447761194,0.8921996124031008,0.9084302325581395,0.9302325581395349,0.9418604651162791,0.8541666666666666,0.875,0.8940066930331609,0.910313355643444,0.8541666666666666,0.875,"0:48|1:86",no_change,"objective_improved:8|no_change:19",118402,1652,0,41,0,39,0,68,2106,26427,232015,29,39,0,55,0,1,"{""Square2Cnf"": 17}",Square2Cnf,0,10,25.621238475,25.621146087,0.000092388,0,false,false,true,""
"tic-tac-toe",0,7,cals_affine,cals,"Affine",single_language,0.8153310104529616,0.311167715,0.000028213,31,37,16,7,5.543554006968641,0.207713634,post_selection_final_tree,0,287,287,true,Affine,Gf2Gaussian,"affine_gf2","Gf2Gaussian",true,ef0cd1a,"LearnerConfig { max_depth: 7, min_samples_split: 2, min_samples_leaf: 1, max_candidates_per_node: 16, beam_width: 16, split_score: SplitScoreConfig { profile: SparseCertified, gain_weight: 1.0, gain_ratio_weight: 0.03, balance_weight: 0.01, literal_penalty: 0.004, family_complexity_penalty: 0.002, child_fragmentation_penalty: 0.005, estimated_subtree_penalty: 0.01, instability_penalty: 0.0, tie_epsilon: 1e-9 }, branch_and_bound: BranchAndBoundConfig { enabled: true, exhaustive_fallback: true, max_partial_states: 100000, max_candidates: 100000, top_k: 16 }, cache: CacheConfig { enabled: true, node_statistics: true, predicate_masks: true, candidate_pools: true, best_subtrees: true, lookahead: true, max_entries: 20000, approximate_byte_limit: 268435456 }, tree_search: TreeSearchConfig { strategy: SparseLookahead, tree_beam_width: 8, candidate_beam_width: 16, lookahead_depth: 2, max_expansions: 1000, node_budget: 18446744073709551615, time_budget_ms: None, frontier_selection: HighestError, selective: SelectiveLookaheadConfig { enabled: false, maximum_depth: 2, ambiguity_margin: 0.01, minimum_confident_gain: 0.02, large_node_threshold: 500, candidate_beam_width: 8, tree_beam_width: 4 } }, conditional_search: ConditionalCandidateSearchConfig { enabled: false, branch_and_bound_candidate_threshold: 64, candidate_cache_minimum_expected_reuse: 2 }, parallel: ParallelConfig { enabled: true, threads: None, parallel_candidates: true, parallel_beam_states: true, minimum_parallel_work: 2 }, pruning: PruningConfig { enabled: true, validation_fraction: 0.2, alpha_nodes: 0.0, alpha_leaves: 0.0, alpha_literals: 0.0, alpha_axp: 0.0, accuracy_epsilon: 0.005, use_one_standard_error_rule: false, selection_mode: EpsilonPareto, class_aware: ClassAwarePruningConfig { enabled: false, accuracy_epsilon: 0.005, balanced_accuracy_epsilon: 0.005, minimum_minority_recall: None, minimum_validation_samples: 20, minimum_validation_samples_per_class: 3, root_collapse_majority_threshold: 0.9, preserve_subtree_when_evidence_insufficient: true } }, adaptive_language: AdaptiveLanguageConfig { enabled: true, total_candidate_budget: 64, minimum_family_quota: 2, pilot_candidates_per_family: 4, temperature: 1.0, diversity_top_k_per_family: 1 }, axp_rerank: AxpRerankConfig { enabled: false, shortlist_size: 8, validation_samples: 8, weight_mean_axp: 0.001, weight_max_axp: 0.0005, timeout_ms: None }, allowed_languages: AllowedLanguages(""Affine""), language_policy: SmartCertified, theorem_mode: true, random_seed: 42 }",cals_affine,"Single-language CALS (Affine)",certified,0.8153310104529616,0,31,5.543554006968641,1,1,287,0,Gf2Gaussian,AffineGf2,"",true,42,2,deterministic_hash_70_30_first_label,SparseLookahead,SparseCertified,16,8,2,18446744073709551615,true,73,31,37,16,85,37,0.8805970149253731,0.9104477611940298,0.8701550387596899,0.884205426356589,0.9069767441860465,0.9767441860465116,0.8333333333333334,0.7916666666666666,0.8701550387596899,0.8984848484848484,0.8333333333333334,0.7916666666666666,"0:48|1:86",no_change,"objective_improved:20|no_change:16",32790,1762,0,50,0,42,0,86,2454,57068,6579,44,42,0,73,0,1,"{""Affine"": 15}",Affine,0,11,0.311167715,0.311091608,0.000076107,0,false,false,true,""
"tic-tac-toe",0,7,cals_compact_explain_horn,compact_explain,"Horn",single_language,0.9163763066202091,0.013759399,0.000037371,25,24,13,7,4.425087108013937,0.246625352,post_selection_final_tree,0,287,287,true,Horn,StructuralHorn,"horn","StructuralHorn",true,ef0cd1a,"LearnerConfig { max_depth: 7, min_samples_split: 2, min_samples_leaf: 1, max_candidates_per_node: 16, beam_width: 16, split_score: SplitScoreConfig { profile: SparseCertified, gain_weight: 1.0, gain_ratio_weight: 0.03, balance_weight: 0.01, literal_penalty: 0.004, family_complexity_penalty: 0.002, child_fragmentation_penalty: 0.005, estimated_subtree_penalty: 0.01, instability_penalty: 0.0, tie_epsilon: 1e-9 }, branch_and_bound: BranchAndBoundConfig { enabled: true, exhaustive_fallback: true, max_partial_states: 100000, max_candidates: 100000, top_k: 8 }, cache: CacheConfig { enabled: true, node_statistics: false, predicate_masks: true, candidate_pools: true, best_subtrees: false, lookahead: false, max_entries: 10000, approximate_byte_limit: 134217728 }, tree_search: TreeSearchConfig { strategy: SelectiveLookahead, tree_beam_width: 4, candidate_beam_width: 16, lookahead_depth: 2, max_expansions: 500, node_budget: 18446744073709551615, time_budget_ms: None, frontier_selection: HighestError, selective: SelectiveLookaheadConfig { enabled: true, maximum_depth: 2, ambiguity_margin: 0.01, minimum_confident_gain: 0.02, large_node_threshold: 500, candidate_beam_width: 14, tree_beam_width: 4 } }, conditional_search: ConditionalCandidateSearchConfig { enabled: true, branch_and_bound_candidate_threshold: 64, candidate_cache_minimum_expected_reuse: 2 }, parallel: ParallelConfig { enabled: false, threads: Some(1), parallel_candidates: false, parallel_beam_states: false, minimum_parallel_work: 18446744073709551615 }, pruning: PruningConfig { enabled: true, validation_fraction: 0.2, alpha_nodes: 0.0, alpha_leaves: 0.0, alpha_literals: 0.0, alpha_axp: 0.0, accuracy_epsilon: 0.04, use_one_standard_error_rule: false, selection_mode: EpsilonPareto, class_aware: ClassAwarePruningConfig { enabled: true, accuracy_epsilon: 0.04, balanced_accuracy_epsilon: 0.4, minimum_minority_recall: None, minimum_validation_samples: 1, minimum_validation_samples_per_class: 1, root_collapse_majority_threshold: 0.9, preserve_subtree_when_evidence_insufficient: true } }, adaptive_language: AdaptiveLanguageConfig { enabled: true, total_candidate_budget: 56, minimum_family_quota: 2, pilot_candidates_per_family: 4, temperature: 1.0, diversity_top_k_per_family: 1 }, axp_rerank: AxpRerankConfig { enabled: false, shortlist_size: 8, validation_samples: 8, weight_mean_axp: 0.001, weight_max_axp: 0.0005, timeout_ms: None }, allowed_languages: AllowedLanguages(""Horn""), language_policy: SmartCertified, theorem_mode: true, random_seed: 42 }",cals_compact_explain_horn,"Single-language CompactExplain (Horn)",certified,0.9163763066202091,0,25,4.425087108013937,1,1,287,0,StructuralHorn,HornCnf,"",true,42,2,deterministic_hash_70_30_first_label,SelectiveLookahead,SparseCertified,16,4,2,18446744073709551615,true,35,25,18,13,34,24,0.9402985074626866,0.9626865671641791,0.9258720930232558,0.9571220930232558,0.9767441860465116,0.9767441860465116,0.875,0.9375,0.933794466403162,0.9592333434742926,0.875,0.9375,"0:48|1:86",no_change,"objective_improved:4|insufficient_validation_support:1|no_change:12",1362,0,0,22,4,0,26,43,272,3326,1127,17,26,0,35,0,1,"{""Horn"": 12}",Horn,0,6,0.013759399,0.01367755,0.000081849,0,false,false,true,""
"tic-tac-toe",0,7,cals_compact_explain_antihorn,compact_explain,"AntiHorn",single_language,0.8885017421602788,0.023005205,0.000059511,33,32,17,7,4.160278745644599,0.283107415,post_selection_final_tree,0,287,287,true,AntiHorn,StructuralAntiHorn,"antihorn","StructuralAntiHorn",true,ef0cd1a,"LearnerConfig { max_depth: 7, min_samples_split: 2, min_samples_leaf: 1, max_candidates_per_node: 16, beam_width: 16, split_score: SplitScoreConfig { profile: SparseCertified, gain_weight: 1.0, gain_ratio_weight: 0.03, balance_weight: 0.01, literal_penalty: 0.004, family_complexity_penalty: 0.002, child_fragmentation_penalty: 0.005, estimated_subtree_penalty: 0.01, instability_penalty: 0.0, tie_epsilon: 1e-9 }, branch_and_bound: BranchAndBoundConfig { enabled: true, exhaustive_fallback: true, max_partial_states: 100000, max_candidates: 100000, top_k: 8 }, cache: CacheConfig { enabled: true, node_statistics: false, predicate_masks: true, candidate_pools: true, best_subtrees: false, lookahead: false, max_entries: 10000, approximate_byte_limit: 134217728 }, tree_search: TreeSearchConfig { strategy: SelectiveLookahead, tree_beam_width: 4, candidate_beam_width: 16, lookahead_depth: 2, max_expansions: 500, node_budget: 18446744073709551615, time_budget_ms: None, frontier_selection: HighestError, selective: SelectiveLookaheadConfig { enabled: true, maximum_depth: 2, ambiguity_margin: 0.01, minimum_confident_gain: 0.02, large_node_threshold: 500, candidate_beam_width: 14, tree_beam_width: 4 } }, conditional_search: ConditionalCandidateSearchConfig { enabled: true, branch_and_bound_candidate_threshold: 64, candidate_cache_minimum_expected_reuse: 2 }, parallel: ParallelConfig { enabled: false, threads: Some(1), parallel_candidates: false, parallel_beam_states: false, minimum_parallel_work: 18446744073709551615 }, pruning: PruningConfig { enabled: true, validation_fraction: 0.2, alpha_nodes: 0.0, alpha_leaves: 0.0, alpha_literals: 0.0, alpha_axp: 0.0, accuracy_epsilon: 0.04, use_one_standard_error_rule: false, selection_mode: EpsilonPareto, class_aware: ClassAwarePruningConfig { enabled: true, accuracy_epsilon: 0.04, balanced_accuracy_epsilon: 0.4, minimum_minority_recall: None, minimum_validation_samples: 1, minimum_validation_samples_per_class: 1, root_collapse_majority_threshold: 0.9, preserve_subtree_when_evidence_insufficient: true } }, adaptive_language: AdaptiveLanguageConfig { enabled: true, total_candidate_budget: 56, minimum_family_quota: 2, pilot_candidates_per_family: 4, temperature: 1.0, diversity_top_k_per_family: 1 }, axp_rerank: AxpRerankConfig { enabled: false, shortlist_size: 8, validation_samples: 8, weight_mean_axp: 0.001, weight_max_axp: 0.0005, timeout_ms: None }, allowed_languages: AllowedLanguages(""AntiHorn""), language_policy: SmartCertified, theorem_mode: true, random_seed: 42 }",cals_compact_explain_antihorn,"Single-language CompactExplain (AntiHorn)",certified,0.8885017421602788,0,33,4.160278745644599,1,1,287,0,StructuralAntiHorn,AntiHornCnf,"",true,42,2,deterministic_hash_70_30_first_label,SelectiveLookahead,SparseCertified,16,4,2,18446744073709551615,true,67,33,34,17,66,32,0.8731343283582089,0.8880597014925373,0.8781492248062015,0.8667635658914729,0.8604651162790697,0.9418604651162791,0.8958333333333334,0.7916666666666666,0.8659605766401883,0.8752095362264855,0.8958333333333334,0.7916666666666666,"0:48|1:86",no_change,"objective_improved:12|insufficient_validation_support:7|no_change:14",2290,0,0,39,9,0,47,81,535,6161,1548,34,47,0,67,0,1,"{""AntiHorn"": 16}",AntiHorn,0,8,0.023005205,0.022915701,0.000089504,0,false,false,true,""
"tic-tac-toe",0,7,cals_compact_explain_square2cnf,compact_explain,"Square2CNF",single_language,0.89198606271777,5.668914086,0.000019765,37,72,19,6,4.634146341463414,0.55975583,post_selection_final_tree,0,287,287,true,Square2Cnf,TwoSat,"two_sat","TwoSat",true,ef0cd1a,"LearnerConfig { max_depth: 7, min_samples_split: 2, min_samples_leaf: 1, max_candidates_per_node: 16, beam_width: 16, split_score: SplitScoreConfig { profile: SparseCertified, gain_weight: 1.0, gain_ratio_weight: 0.03, balance_weight: 0.01, literal_penalty: 0.004, family_complexity_penalty: 0.002, child_fragmentation_penalty: 0.005, estimated_subtree_penalty: 0.01, instability_penalty: 0.0, tie_epsilon: 1e-9 }, branch_and_bound: BranchAndBoundConfig { enabled: true, exhaustive_fallback: true, max_partial_states: 100000, max_candidates: 100000, top_k: 8 }, cache: CacheConfig { enabled: true, node_statistics: false, predicate_masks: true, candidate_pools: true, best_subtrees: false, lookahead: false, max_entries: 10000, approximate_byte_limit: 134217728 }, tree_search: TreeSearchConfig { strategy: SelectiveLookahead, tree_beam_width: 4, candidate_beam_width: 16, lookahead_depth: 2, max_expansions: 500, node_budget: 18446744073709551615, time_budget_ms: None, frontier_selection: HighestError, selective: SelectiveLookaheadConfig { enabled: true, maximum_depth: 2, ambiguity_margin: 0.01, minimum_confident_gain: 0.02, large_node_threshold: 500, candidate_beam_width: 14, tree_beam_width: 4 } }, conditional_search: ConditionalCandidateSearchConfig { enabled: true, branch_and_bound_candidate_threshold: 64, candidate_cache_minimum_expected_reuse: 2 }, parallel: ParallelConfig { enabled: false, threads: Some(1), parallel_candidates: false, parallel_beam_states: false, minimum_parallel_work: 18446744073709551615 }, pruning: PruningConfig { enabled: true, validation_fraction: 0.2, alpha_nodes: 0.0, alpha_leaves: 0.0, alpha_literals: 0.0, alpha_axp: 0.0, accuracy_epsilon: 0.04, use_one_standard_error_rule: false, selection_mode: EpsilonPareto, class_aware: ClassAwarePruningConfig { enabled: true, accuracy_epsilon: 0.04, balanced_accuracy_epsilon: 0.4, minimum_minority_recall: None, minimum_validation_samples: 1, minimum_validation_samples_per_class: 1, root_collapse_majority_threshold: 0.9, preserve_subtree_when_evidence_insufficient: true } }, adaptive_language: AdaptiveLanguageConfig { enabled: true, total_candidate_budget: 56, minimum_family_quota: 2, pilot_candidates_per_family: 4, temperature: 1.0, diversity_top_k_per_family: 1 }, axp_rerank: AxpRerankConfig { enabled: false, shortlist_size: 8, validation_samples: 8, weight_mean_axp: 0.001, weight_max_axp: 0.0005, timeout_ms: None }, allowed_languages: AllowedLanguages(""Square2CNF""), language_policy: SmartCertified, theorem_mode: true, random_seed: 42 }",cals_compact_explain_square2cnf,"Single-language CompactExplain (Square2CNF)",certified,0.89198606271777,0,37,4.634146341463414,1,1,287,0,TwoSat,TwoCnf,"",true,42,2,deterministic_hash_70_30_first_label,SelectiveLookahead,SparseCertified,16,4,2,18446744073709551615,true,53,37,27,19,104,72,0.917910447761194,0.9104477611940298,0.903827519379845,0.8796027131782946,0.9534883720930233,0.9883720930232558,0.8541666666666666,0.7708333333333334,0.9094316436251921,0.8972655251725019,0.8541666666666666,0.7708333333333334,"0:48|1:86",no_change,"objective_improved:5|insufficient_validation_support:7|no_change:14",47736,0,0,33,5,0,32,64,510,9820,110961,32,32,0,53,0,1,"{""Square2Cnf"": 18}",Square2Cnf,0,8,5.668914086,5.66882345,0.000090636,0,false,false,true,""
"tic-tac-toe",0,7,cals_compact_explain_affine,compact_explain,"Affine",single_language,0.8257839721254355,0.208373101,0.000021737,35,44,18,7,5.428571428571429,0.237684309,post_selection_final_tree,0,287,287,true,Affine,Gf2Gaussian,"affine_gf2","Gf2Gaussian",true,ef0cd1a,"LearnerConfig { max_depth: 7, min_samples_split: 2, min_samples_leaf: 1, max_candidates_per_node: 16, beam_width: 16, split_score: SplitScoreConfig { profile: SparseCertified, gain_weight: 1.0, gain_ratio_weight: 0.03, balance_weight: 0.01, literal_penalty: 0.004, family_complexity_penalty: 0.002, child_fragmentation_penalty: 0.005, estimated_subtree_penalty: 0.01, instability_penalty: 0.0, tie_epsilon: 1e-9 }, branch_and_bound: BranchAndBoundConfig { enabled: true, exhaustive_fallback: true, max_partial_states: 100000, max_candidates: 100000, top_k: 8 }, cache: CacheConfig { enabled: true, node_statistics: false, predicate_masks: true, candidate_pools: true, best_subtrees: false, lookahead: false, max_entries: 10000, approximate_byte_limit: 134217728 }, tree_search: TreeSearchConfig { strategy: SelectiveLookahead, tree_beam_width: 4, candidate_beam_width: 16, lookahead_depth: 2, max_expansions: 500, node_budget: 18446744073709551615, time_budget_ms: None, frontier_selection: HighestError, selective: SelectiveLookaheadConfig { enabled: true, maximum_depth: 2, ambiguity_margin: 0.01, minimum_confident_gain: 0.02, large_node_threshold: 500, candidate_beam_width: 14, tree_beam_width: 4 } }, conditional_search: ConditionalCandidateSearchConfig { enabled: true, branch_and_bound_candidate_threshold: 64, candidate_cache_minimum_expected_reuse: 2 }, parallel: ParallelConfig { enabled: false, threads: Some(1), parallel_candidates: false, parallel_beam_states: false, minimum_parallel_work: 18446744073709551615 }, pruning: PruningConfig { enabled: true, validation_fraction: 0.2, alpha_nodes: 0.0, alpha_leaves: 0.0, alpha_literals: 0.0, alpha_axp: 0.0, accuracy_epsilon: 0.04, use_one_standard_error_rule: false, selection_mode: EpsilonPareto, class_aware: ClassAwarePruningConfig { enabled: true, accuracy_epsilon: 0.04, balanced_accuracy_epsilon: 0.4, minimum_minority_recall: None, minimum_validation_samples: 1, minimum_validation_samples_per_class: 1, root_collapse_majority_threshold: 0.9, preserve_subtree_when_evidence_insufficient: true } }, adaptive_language: AdaptiveLanguageConfig { enabled: true, total_candidate_budget: 56, minimum_family_quota: 2, pilot_candidates_per_family: 4, temperature: 1.0, diversity_top_k_per_family: 1 }, axp_rerank: AxpRerankConfig { enabled: false, shortlist_size: 8, validation_samples: 8, weight_mean_axp: 0.001, weight_max_axp: 0.0005, timeout_ms: None }, allowed_languages: AllowedLanguages(""Affine""), language_policy: SmartCertified, theorem_mode: true, random_seed: 42 }",cals_compact_explain_affine,"Single-language CompactExplain (Affine)",certified,0.8257839721254355,0,35,5.428571428571429,1,1,287,0,Gf2Gaussian,AffineGf2,"",true,42,2,deterministic_hash_70_30_first_label,SelectiveLookahead,SparseCertified,16,4,2,18446744073709551615,true,75,35,38,18,91,44,0.8805970149253731,0.9029850746268657,0.8747577519379846,0.8737887596899225,0.8953488372093024,0.9767441860465116,0.8541666666666666,0.7708333333333334,0.8713085234093637,0.8893757541118943,0.8541666666666666,0.7708333333333334,"0:48|1:86",no_change,"objective_improved:14|insufficient_validation_support:6|no_change:17",21202,0,0,39,19,0,41,95,844,34785,6525,54,41,0,75,0,1,"{""Affine"": 17}",Affine,0,10,0.208373101,0.208279708,0.000093393,0,false,false,true,""
"tic-tac-toe",1,7,cals_horn,cals,"Horn",single_language,0.9163763066202091,0.02227893,0.000031223,25,24,13,7,4.547038327526132,0.242559208,post_selection_final_tree,0,287,287,true,Horn,StructuralHorn,"horn","StructuralHorn",true,ef0cd1a,"LearnerConfig { max_depth: 7, min_samples_split: 2, min_samples_leaf: 1, max_candidates_per_node: 16, beam_width: 16, split_score: SplitScoreConfig { profile: SparseCertified, gain_weight: 1.0, gain_ratio_weight: 0.03, balance_weight: 0.01, literal_penalty: 0.004, family_complexity_penalty: 0.002, child_fragmentation_penalty: 0.005, estimated_subtree_penalty: 0.01, instability_penalty: 0.0, tie_epsilon: 1e-9 }, branch_and_bound: BranchAndBoundConfig { enabled: true, exhaustive_fallback: true, max_partial_states: 100000, max_candidates: 100000, top_k: 16 }, cache: CacheConfig { enabled: true, node_statistics: true, predicate_masks: true, candidate_pools: true, best_subtrees: true, lookahead: true, max_entries: 20000, approximate_byte_limit: 268435456 }, tree_search: TreeSearchConfig { strategy: SparseLookahead, tree_beam_width: 8, candidate_beam_width: 16, lookahead_depth: 2, max_expansions: 1000, node_budget: 18446744073709551615, time_budget_ms: None, frontier_selection: HighestError, selective: SelectiveLookaheadConfig { enabled: false, maximum_depth: 2, ambiguity_margin: 0.01, minimum_confident_gain: 0.02, large_node_threshold: 500, candidate_beam_width: 8, tree_beam_width: 4 } }, conditional_search: ConditionalCandidateSearchConfig { enabled: false, branch_and_bound_candidate_threshold: 64, candidate_cache_minimum_expected_reuse: 2 }, parallel: ParallelConfig { enabled: true, threads: None, parallel_candidates: true, parallel_beam_states: true, minimum_parallel_work: 2 }, pruning: PruningConfig { enabled: true, validation_fraction: 0.2, alpha_nodes: 0.0, alpha_leaves: 0.0, alpha_literals: 0.0, alpha_axp: 0.0, accuracy_epsilon: 0.005, use_one_standard_error_rule: false, selection_mode: EpsilonPareto, class_aware: ClassAwarePruningConfig { enabled: false, accuracy_epsilon: 0.005, balanced_accuracy_epsilon: 0.005, minimum_minority_recall: None, minimum_validation_samples: 20, minimum_validation_samples_per_class: 3, root_collapse_majority_threshold: 0.9, preserve_subtree_when_evidence_insufficient: true } }, adaptive_language: AdaptiveLanguageConfig { enabled: true, total_candidate_budget: 64, minimum_family_quota: 2, pilot_candidates_per_family: 4, temperature: 1.0, diversity_top_k_per_family: 1 }, axp_rerank: AxpRerankConfig { enabled: false, shortlist_size: 8, validation_samples: 8, weight_mean_axp: 0.001, weight_max_axp: 0.0005, timeout_ms: None }, allowed_languages: AllowedLanguages(""Horn""), language_policy: SmartCertified, theorem_mode: true, random_seed: 43 }",cals_horn,"Single-language CALS (Horn)",certified,0.9163763066202091,0,25,4.547038327526132,1,1,287,0,StructuralHorn,HornCnf,"",true,43,2,deterministic_hash_70_30_first_label,SparseLookahead,SparseCertified,16,8,2,18446744073709551615,true,37,25,19,13,36,24,0.9477611940298507,0.9701492537313433,0.9408914728682171,0.9675387596899225,0.9651162790697675,0.9767441860465116,0.9166666666666666,0.9583333333333334,0.9429266808640098,0.9675387596899225,0.9166666666666666,0.9583333333333334,"0:48|1:86",no_change,"objective_improved:5|no_change:13",2153,1381,0,32,0,32,0,50,1664,6751,1351,18,32,0,37,0,1,"{""Horn"": 12}",Horn,0,6,0.02227893,0.022196887999999998,0.000082042,0,false,false,true,""
"tic-tac-toe",1,7,cals_antihorn,cals,"AntiHorn",single_language,0.9128919860627178,0.027458617,0.000021745,23,22,12,6,4.114982578397212,0.220783336,post_selection_final_tree,0,287,287,true,AntiHorn,StructuralAntiHorn,"antihorn","StructuralAntiHorn",true,ef0cd1a,"LearnerConfig { max_depth: 7, min_samples_split: 2, min_samples_leaf: 1, max_candidates_per_node: 16, beam_width: 16, split_score: SplitScoreConfig { profile: SparseCertified, gain_weight: 1.0, gain_ratio_weight: 0.03, balance_weight: 0.01, literal_penalty: 0.004, family_complexity_penalty: 0.002, child_fragmentation_penalty: 0.005, estimated_subtree_penalty: 0.01, instability_penalty: 0.0, tie_epsilon: 1e-9 }, branch_and_bound: BranchAndBoundConfig { enabled: true, exhaustive_fallback: true, max_partial_states: 100000, max_candidates: 100000, top_k: 16 }, cache: CacheConfig { enabled: true, node_statistics: true, predicate_masks: true, candidate_pools: true, best_subtrees: true, lookahead: true, max_entries: 20000, approximate_byte_limit: 268435456 }, tree_search: TreeSearchConfig { strategy: SparseLookahead, tree_beam_width: 8, candidate_beam_width: 16, lookahead_depth: 2, max_expansions: 1000, node_budget: 18446744073709551615, time_budget_ms: None, frontier_selection: HighestError, selective: SelectiveLookaheadConfig { enabled: false, maximum_depth: 2, ambiguity_margin: 0.01, minimum_confident_gain: 0.02, large_node_threshold: 500, candidate_beam_width: 8, tree_beam_width: 4 } }, conditional_search: ConditionalCandidateSearchConfig { enabled: false, branch_and_bound_candidate_threshold: 64, candidate_cache_minimum_expected_reuse: 2 }, parallel: ParallelConfig { enabled: true, threads: None, parallel_candidates: true, parallel_beam_states: true, minimum_parallel_work: 2 }, pruning: PruningConfig { enabled: true, validation_fraction: 0.2, alpha_nodes: 0.0, alpha_leaves: 0.0, alpha_literals: 0.0, alpha_axp: 0.0, accuracy_epsilon: 0.005, use_one_standard_error_rule: false, selection_mode: EpsilonPareto, class_aware: ClassAwarePruningConfig { enabled: false, accuracy_epsilon: 0.005, balanced_accuracy_epsilon: 0.005, minimum_minority_recall: None, minimum_validation_samples: 20, minimum_validation_samples_per_class: 3, root_collapse_majority_threshold: 0.9, preserve_subtree_when_evidence_insufficient: true } }, adaptive_language: AdaptiveLanguageConfig { enabled: true, total_candidate_budget: 64, minimum_family_quota: 2, pilot_candidates_per_family: 4, temperature: 1.0, diversity_top_k_per_family: 1 }, axp_rerank: AxpRerankConfig { enabled: false, shortlist_size: 8, validation_samples: 8, weight_mean_axp: 0.001, weight_max_axp: 0.0005, timeout_ms: None }, allowed_languages: AllowedLanguages(""AntiHorn""), language_policy: SmartCertified, theorem_mode: true, random_seed: 43 }",cals_antihorn,"Single-language CALS (AntiHorn)",certified,0.9128919860627178,0,23,4.114982578397212,1,1,287,0,StructuralAntiHorn,AntiHornCnf,"",true,43,2,deterministic_hash_70_30_first_label,SparseLookahead,SparseCertified,16,8,2,18446744073709551615,true,47,23,24,12,46,22,0.9626865671641791,0.9701492537313433,0.9525193798449612,0.9583333333333333,0.9883720930232558,1,0.9166666666666666,0.9166666666666666,0.9588325652841783,0.966897233201581,0.9166666666666666,0.9166666666666666,"0:48|1:86",no_change,"objective_improved:12|no_change:11",2451,1519,0,37,0,37,0,60,1872,7599,1527,23,37,0,47,0,1,"{""AntiHorn"": 11}",AntiHorn,0,7,0.027458617,0.027387454000000002,0.000071163,0,false,false,true,""
"tic-tac-toe",1,7,cals_square2cnf,cals,"Square2CNF",single_language,0.8606271777003485,26.659784487,0.000024363,43,84,22,7,6.146341463414634,0.686533319,post_selection_final_tree,0,287,287,true,Square2Cnf,TwoSat,"two_sat","TwoSat",true,ef0cd1a,"LearnerConfig { max_depth: 7, min_samples_split: 2, min_samples_leaf: 1, max_candidates_per_node: 16, beam_width: 16, split_score: SplitScoreConfig { profile: SparseCertified, gain_weight: 1.0, gain_ratio_weight: 0.03, balance_weight: 0.01, literal_penalty: 0.004, family_complexity_penalty: 0.002, child_fragmentation_penalty: 0.005, estimated_subtree_penalty: 0.01, instability_penalty: 0.0, tie_epsilon: 1e-9 }, branch_and_bound: BranchAndBoundConfig { enabled: true, exhaustive_fallback: true, max_partial_states: 100000, max_candidates: 100000, top_k: 16 }, cache: CacheConfig { enabled: true, node_statistics: true, predicate_masks: true, candidate_pools: true, best_subtrees: true, lookahead: true, max_entries: 20000, approximate_byte_limit: 268435456 }, tree_search: TreeSearchConfig { strategy: SparseLookahead, tree_beam_width: 8, candidate_beam_width: 16, lookahead_depth: 2, max_expansions: 1000, node_budget: 18446744073709551615, time_budget_ms: None, frontier_selection: HighestError, selective: SelectiveLookaheadConfig { enabled: false, maximum_depth: 2, ambiguity_margin: 0.01, minimum_confident_gain: 0.02, large_node_threshold: 500, candidate_beam_width: 8, tree_beam_width: 4 } }, conditional_search: ConditionalCandidateSearchConfig { enabled: false, branch_and_bound_candidate_threshold: 64, candidate_cache_minimum_expected_reuse: 2 }, parallel: ParallelConfig { enabled: true, threads: None, parallel_candidates: true, parallel_beam_states: true, minimum_parallel_work: 2 }, pruning: PruningConfig { enabled: true, validation_fraction: 0.2, alpha_nodes: 0.0, alpha_leaves: 0.0, alpha_literals: 0.0, alpha_axp: 0.0, accuracy_epsilon: 0.005, use_one_standard_error_rule: false, selection_mode: EpsilonPareto, class_aware: ClassAwarePruningConfig { enabled: false, accuracy_epsilon: 0.005, balanced_accuracy_epsilon: 0.005, minimum_minority_recall: None, minimum_validation_samples: 20, minimum_validation_samples_per_class: 3, root_collapse_majority_threshold: 0.9, preserve_subtree_when_evidence_insufficient: true } }, adaptive_language: AdaptiveLanguageConfig { enabled: true, total_candidate_budget: 64, minimum_family_quota: 2, pilot_candidates_per_family: 4, temperature: 1.0, diversity_top_k_per_family: 1 }, axp_rerank: AxpRerankConfig { enabled: false, shortlist_size: 8, validation_samples: 8, weight_mean_axp: 0.001, weight_max_axp: 0.0005, timeout_ms: None }, allowed_languages: AllowedLanguages(""Square2CNF""), language_policy: SmartCertified, theorem_mode: true, random_seed: 43 }",cals_square2cnf,"Single-language CALS (Square2CNF)",certified,0.8606271777003485,0,43,6.146341463414634,1,1,287,0,TwoSat,TwoCnf,"",true,43,2,deterministic_hash_70_30_first_label,SparseLookahead,SparseCertified,16,8,2,18446744073709551615,true,61,43,31,22,120,84,0.8656716417910447,0.8805970149253731,0.8493217054263565,0.8609496124031008,0.9069767441860465,0.9302325581395349,0.7916666666666666,0.7916666666666666,0.8525311812179017,0.8675889328063242,0.7916666666666666,0.7916666666666666,"0:48|1:86",no_change,"objective_improved:7|no_change:23",104034,1822,0,44,0,41,0,74,2336,26170,241024,33,41,0,61,0,1,"{""Square2Cnf"": 21}",Square2Cnf,0,10,26.659784487,26.659686304,0.000098183,0,false,false,true,""
"tic-tac-toe",1,7,cals_affine,cals,"Affine",single_language,0.8571428571428571,0.338797447,0.000037776,33,39,17,6,6.421602787456446,0.224829781,post_selection_final_tree,0,287,287,true,Affine,Gf2Gaussian,"affine_gf2","Gf2Gaussian",true,ef0cd1a,"LearnerConfig { max_depth: 7, min_samples_split: 2, min_samples_leaf: 1, max_candidates_per_node: 16, beam_width: 16, split_score: SplitScoreConfig { profile: SparseCertified, gain_weight: 1.0, gain_ratio_weight: 0.03, balance_weight: 0.01, literal_penalty: 0.004, family_complexity_penalty: 0.002, child_fragmentation_penalty: 0.005, estimated_subtree_penalty: 0.01, instability_penalty: 0.0, tie_epsilon: 1e-9 }, branch_and_bound: BranchAndBoundConfig { enabled: true, exhaustive_fallback: true, max_partial_states: 100000, max_candidates: 100000, top_k: 16 }, cache: CacheConfig { enabled: true, node_statistics: true, predicate_masks: true, candidate_pools: true, best_subtrees: true, lookahead: true, max_entries: 20000, approximate_byte_limit: 268435456 }, tree_search: TreeSearchConfig { strategy: SparseLookahead, tree_beam_width: 8, candidate_beam_width: 16, lookahead_depth: 2, max_expansions: 1000, node_budget: 18446744073709551615, time_budget_ms: None, frontier_selection: HighestError, selective: SelectiveLookaheadConfig { enabled: false, maximum_depth: 2, ambiguity_margin: 0.01, minimum_confident_gain: 0.02, large_node_threshold: 500, candidate_beam_width: 8, tree_beam_width: 4 } }, conditional_search: ConditionalCandidateSearchConfig { enabled: false, branch_and_bound_candidate_threshold: 64, candidate_cache_minimum_expected_reuse: 2 }, parallel: ParallelConfig { enabled: true, threads: None, parallel_candidates: true, parallel_beam_states: true, minimum_parallel_work: 2 }, pruning: PruningConfig { enabled: true, validation_fraction: 0.2, alpha_nodes: 0.0, alpha_leaves: 0.0, alpha_literals: 0.0, alpha_axp: 0.0, accuracy_epsilon: 0.005, use_one_standard_error_rule: false, selection_mode: EpsilonPareto, class_aware: ClassAwarePruningConfig { enabled: false, accuracy_epsilon: 0.005, balanced_accuracy_epsilon: 0.005, minimum_minority_recall: None, minimum_validation_samples: 20, minimum_validation_samples_per_class: 3, root_collapse_majority_threshold: 0.9, preserve_subtree_when_evidence_insufficient: true } }, adaptive_language: AdaptiveLanguageConfig { enabled: true, total_candidate_budget: 64, minimum_family_quota: 2, pilot_candidates_per_family: 4, temperature: 1.0, diversity_top_k_per_family: 1 }, axp_rerank: AxpRerankConfig { enabled: false, shortlist_size: 8, validation_samples: 8, weight_mean_axp: 0.001, weight_max_axp: 0.0005, timeout_ms: None }, allowed_languages: AllowedLanguages(""Affine""), language_policy: SmartCertified, theorem_mode: true, random_seed: 43 }",cals_affine,"Single-language CALS (Affine)",certified,0.8571428571428571,0,33,6.421602787456446,1,1,287,0,Gf2Gaussian,AffineGf2,"",true,43,2,deterministic_hash_70_30_first_label,SparseLookahead,SparseCertified,16,8,2,18446744073709551615,true,81,33,41,17,92,39,0.8432835820895522,0.9104477611940298,0.8410852713178294,0.8934108527131783,0.8488372093023255,0.9534883720930233,0.8333333333333334,0.8333333333333334,0.8331653524633902,0.9006916996047432,0.8333333333333334,0.8333333333333334,"0:48|1:86",no_change,"objective_improved:21|no_change:19",35424,1978,0,54,0,46,0,94,2732,63094,6575,48,46,0,81,0,1,"{""Affine"": 16}",Affine,0,9,0.338797447,0.33871969799999996,0.000077749,0,false,false,true,""
"tic-tac-toe",1,7,cals_compact_explain_horn,compact_explain,"Horn",single_language,0.8641114982578397,0.01372971,0.000026499,33,32,17,7,4.804878048780488,0.308260348,post_selection_final_tree,0,287,287,true,Horn,StructuralHorn,"horn","StructuralHorn",true,ef0cd1a,"LearnerConfig { max_depth: 7, min_samples_split: 2, min_samples_leaf: 1, max_candidates_per_node: 16, beam_width: 16, split_score: SplitScoreConfig { profile: SparseCertified, gain_weight: 1.0, gain_ratio_weight: 0.03, balance_weight: 0.01, literal_penalty: 0.004, family_complexity_penalty: 0.002, child_fragmentation_penalty: 0.005, estimated_subtree_penalty: 0.01, instability_penalty: 0.0, tie_epsilon: 1e-9 }, branch_and_bound: BranchAndBoundConfig { enabled: true, exhaustive_fallback: true, max_partial_states: 100000, max_candidates: 100000, top_k: 8 }, cache: CacheConfig { enabled: true, node_statistics: false, predicate_masks: true, candidate_pools: true, best_subtrees: false, lookahead: false, max_entries: 10000, approximate_byte_limit: 134217728 }, tree_search: TreeSearchConfig { strategy: SelectiveLookahead, tree_beam_width: 4, candidate_beam_width: 16, lookahead_depth: 2, max_expansions: 500, node_budget: 18446744073709551615, time_budget_ms: None, frontier_selection: HighestError, selective: SelectiveLookaheadConfig { enabled: true, maximum_depth: 2, ambiguity_margin: 0.01, minimum_confident_gain: 0.02, large_node_threshold: 500, candidate_beam_width: 14, tree_beam_width: 4 } }, conditional_search: ConditionalCandidateSearchConfig { enabled: true, branch_and_bound_candidate_threshold: 64, candidate_cache_minimum_expected_reuse: 2 }, parallel: ParallelConfig { enabled: false, threads: Some(1), parallel_candidates: false, parallel_beam_states: false, minimum_parallel_work: 18446744073709551615 }, pruning: PruningConfig { enabled: true, validation_fraction: 0.2, alpha_nodes: 0.0, alpha_leaves: 0.0, alpha_literals: 0.0, alpha_axp: 0.0, accuracy_epsilon: 0.04, use_one_standard_error_rule: false, selection_mode: EpsilonPareto, class_aware: ClassAwarePruningConfig { enabled: true, accuracy_epsilon: 0.04, balanced_accuracy_epsilon: 0.4, minimum_minority_recall: None, minimum_validation_samples: 1, minimum_validation_samples_per_class: 1, root_collapse_majority_threshold: 0.9, preserve_subtree_when_evidence_insufficient: true } }, adaptive_language: AdaptiveLanguageConfig { enabled: true, total_candidate_budget: 56, minimum_family_quota: 2, pilot_candidates_per_family: 4, temperature: 1.0, diversity_top_k_per_family: 1 }, axp_rerank: AxpRerankConfig { enabled: false, shortlist_size: 8, validation_samples: 8, weight_mean_axp: 0.001, weight_max_axp: 0.0005, timeout_ms: None }, allowed_languages: AllowedLanguages(""Horn""), language_policy: SmartCertified, theorem_mode: true, random_seed: 43 }",cals_compact_explain_horn,"Single-language CompactExplain (Horn)",certified,0.8641114982578397,0,33,4.804878048780488,1,1,287,0,StructuralHorn,HornCnf,"",true,43,2,deterministic_hash_70_30_first_label,SelectiveLookahead,SparseCertified,16,4,2,18446744073709551615,true,37,33,19,17,36,32,0.9402985074626866,0.9328358208955224,0.935077519379845,0.9246608527131783,0.9534883720930233,0.9534883720930233,0.9166666666666666,0.8958333333333334,0.935077519379845,0.9266200182537269,0.9166666666666666,0.8958333333333334,"0:48|1:86",no_change,"objective_improved:2|insufficient_validation_support:3|no_change:13",1363,0,0,19,8,0,27,45,286,3559,1098,18,27,0,37,0,1,"{""Horn"": 16}",Horn,0,8,0.01372971,0.013642538,0.000087172,0,false,false,true,""
"tic-tac-toe",1,7,cals_compact_explain_antihorn,compact_explain,"AntiHorn",single_language,0.9198606271777003,0.017556834,0.000034396,43,42,22,7,4.627177700348432,0.424394884,post_selection_final_tree,0,287,287,true,AntiHorn,StructuralAntiHorn,"antihorn","StructuralAntiHorn",true,ef0cd1a,"LearnerConfig { max_depth: 7, min_samples_split: 2, min_samples_leaf: 1, max_candidates_per_node: 16, beam_width: 16, split_score: SplitScoreConfig { profile: SparseCertified, gain_weight: 1.0, gain_ratio_weight: 0.03, balance_weight: 0.01, literal_penalty: 0.004, family_complexity_penalty: 0.002, child_fragmentation_penalty: 0.005, estimated_subtree_penalty: 0.01, instability_penalty: 0.0, tie_epsilon: 1e-9 }, branch_and_bound: BranchAndBoundConfig { enabled: true, exhaustive_fallback: true, max_partial_states: 100000, max_candidates: 100000, top_k: 8 }, cache: CacheConfig { enabled: true, node_statistics: false, predicate_masks: true, candidate_pools: true, best_subtrees: false, lookahead: false, max_entries: 10000, approximate_byte_limit: 134217728 }, tree_search: TreeSearchConfig { strategy: SelectiveLookahead, tree_beam_width: 4, candidate_beam_width: 16, lookahead_depth: 2, max_expansions: 500, node_budget: 18446744073709551615, time_budget_ms: None, frontier_selection: HighestError, selective: SelectiveLookaheadConfig { enabled: true, maximum_depth: 2, ambiguity_margin: 0.01, minimum_confident_gain: 0.02, large_node_threshold: 500, candidate_beam_width: 14, tree_beam_width: 4 } }, conditional_search: ConditionalCandidateSearchConfig { enabled: true, branch_and_bound_candidate_threshold: 64, candidate_cache_minimum_expected_reuse: 2 }, parallel: ParallelConfig { enabled: false, threads: Some(1), parallel_candidates: false, parallel_beam_states: false, minimum_parallel_work: 18446744073709551615 }, pruning: PruningConfig { enabled: true, validation_fraction: 0.2, alpha_nodes: 0.0, alpha_leaves: 0.0, alpha_literals: 0.0, alpha_axp: 0.0, accuracy_epsilon: 0.04, use_one_standard_error_rule: false, selection_mode: EpsilonPareto, class_aware: ClassAwarePruningConfig { enabled: true, accuracy_epsilon: 0.04, balanced_accuracy_epsilon: 0.4, minimum_minority_recall: None, minimum_validation_samples: 1, minimum_validation_samples_per_class: 1, root_collapse_majority_threshold: 0.9, preserve_subtree_when_evidence_insufficient: true } }, adaptive_language: AdaptiveLanguageConfig { enabled: true, total_candidate_budget: 56, minimum_family_quota: 2, pilot_candidates_per_family: 4, temperature: 1.0, diversity_top_k_per_family: 1 }, axp_rerank: AxpRerankConfig { enabled: false, shortlist_size: 8, validation_samples: 8, weight_mean_axp: 0.001, weight_max_axp: 0.0005, timeout_ms: None }, allowed_languages: AllowedLanguages(""AntiHorn""), language_policy: SmartCertified, theorem_mode: true, random_seed: 43 }",cals_compact_explain_antihorn,"Single-language CompactExplain (AntiHorn)",certified,0.9198606271777003,0,43,4.627177700348432,1,1,287,0,StructuralAntiHorn,AntiHornCnf,"",true,43,2,deterministic_hash_70_30_first_label,SelectiveLookahead,SparseCertified,16,4,2,18446744073709551615,true,47,43,24,22,46,42,0.9626865671641791,0.9701492537313433,0.9525193798449612,0.9629360465116279,0.9883720930232558,0.9883720930232558,0.9166666666666666,0.9375,0.9588325652841783,0.9672291513817559,0.9166666666666666,0.9375,"0:48|1:86",no_change,"objective_improved:2|balanced_accuracy_guard:2|insufficient_validation_support:8|no_change:11",1619,0,0,30,5,0,32,58,397,4005,1262,26,32,0,47,0,1,"{""AntiHorn"": 21}",AntiHorn,0,8,0.017556834,0.01746219,0.000094644,0,false,false,true,""
"tic-tac-toe",1,7,cals_compact_explain_square2cnf,compact_explain,"Square2CNF",single_language,0.9337979094076655,6.248422795,0.00003766,43,84,22,7,5.491289198606272,0.707602359,post_selection_final_tree,0,287,287,true,Square2Cnf,TwoSat,"two_sat","TwoSat",true,ef0cd1a,"LearnerConfig { max_depth: 7, min_samples_split: 2, min_samples_leaf: 1, max_candidates_per_node: 16, beam_width: 16, split_score: SplitScoreConfig { profile: SparseCertified, gain_weight: 1.0, gain_ratio_weight: 0.03, balance_weight: 0.01, literal_penalty: 0.004, family_complexity_penalty: 0.002, child_fragmentation_penalty: 0.005, estimated_subtree_penalty: 0.01, instability_penalty: 0.0, tie_epsilon: 1e-9 }, branch_and_bound: BranchAndBoundConfig { enabled: true, exhaustive_fallback: true, max_partial_states: 100000, max_candidates: 100000, top_k: 8 }, cache: CacheConfig { enabled: true, node_statistics: false, predicate_masks: true, candidate_pools: true, best_subtrees: false, lookahead: false, max_entries: 10000, approximate_byte_limit: 134217728 }, tree_search: TreeSearchConfig { strategy: SelectiveLookahead, tree_beam_width: 4, candidate_beam_width: 16, lookahead_depth: 2, max_expansions: 500, node_budget: 18446744073709551615, time_budget_ms: None, frontier_selection: HighestError, selective: SelectiveLookaheadConfig { enabled: true, maximum_depth: 2, ambiguity_margin: 0.01, minimum_confident_gain: 0.02, large_node_threshold: 500, candidate_beam_width: 14, tree_beam_width: 4 } }, conditional_search: ConditionalCandidateSearchConfig { enabled: true, branch_and_bound_candidate_threshold: 64, candidate_cache_minimum_expected_reuse: 2 }, parallel: ParallelConfig { enabled: false, threads: Some(1), parallel_candidates: false, parallel_beam_states: false, minimum_parallel_work: 18446744073709551615 }, pruning: PruningConfig { enabled: true, validation_fraction: 0.2, alpha_nodes: 0.0, alpha_leaves: 0.0, alpha_literals: 0.0, alpha_axp: 0.0, accuracy_epsilon: 0.04, use_one_standard_error_rule: false, selection_mode: EpsilonPareto, class_aware: ClassAwarePruningConfig { enabled: true, accuracy_epsilon: 0.04, balanced_accuracy_epsilon: 0.4, minimum_minority_recall: None, minimum_validation_samples: 1, minimum_validation_samples_per_class: 1, root_collapse_majority_threshold: 0.9, preserve_subtree_when_evidence_insufficient: true } }, adaptive_language: AdaptiveLanguageConfig { enabled: true, total_candidate_budget: 56, minimum_family_quota: 2, pilot_candidates_per_family: 4, temperature: 1.0, diversity_top_k_per_family: 1 }, axp_rerank: AxpRerankConfig { enabled: false, shortlist_size: 8, validation_samples: 8, weight_mean_axp: 0.001, weight_max_axp: 0.0005, timeout_ms: None }, allowed_languages: AllowedLanguages(""Square2CNF""), language_policy: SmartCertified, theorem_mode: true, random_seed: 43 }",cals_compact_explain_square2cnf,"Single-language CompactExplain (Square2CNF)",certified,0.9337979094076655,0,43,5.491289198606272,1,1,287,0,TwoSat,TwoCnf,"",true,43,2,deterministic_hash_70_30_first_label,SelectiveLookahead,SparseCertified,16,4,2,18446744073709551615,true,55,43,28,22,108,84,0.9402985074626866,0.9552238805970149,0.9258720930232558,0.9513081395348837,0.9767441860465116,0.9651162790697675,0.875,0.9375,0.933794466403162,0.9513081395348837,0.875,0.9375,"0:48|1:86",no_change,"objective_improved:5|insufficient_validation_support:5|no_change:17",52004,0,0,30,12,0,35,69,534,11212,121137,34,35,0,55,0,1,"{""Square2Cnf"": 21}",Square2Cnf,0,9,6.248422795,6.248330578,0.000092217,0,false,false,true,""
"tic-tac-toe",1,7,cals_compact_explain_affine,compact_explain,"Affine",single_language,0.8571428571428571,0.227863619,0.000025575,29,34,15,7,5.89198606271777,0.219702672,post_selection_final_tree,0,287,287,true,Affine,Gf2Gaussian,"affine_gf2","Gf2Gaussian",true,ef0cd1a,"LearnerConfig { max_depth: 7, min_samples_split: 2, min_samples_leaf: 1, max_candidates_per_node: 16, beam_width: 16, split_score: SplitScoreConfig { profile: SparseCertified, gain_weight: 1.0, gain_ratio_weight: 0.03, balance_weight: 0.01, literal_penalty: 0.004, family_complexity_penalty: 0.002, child_fragmentation_penalty: 0.005, estimated_subtree_penalty: 0.01, instability_penalty: 0.0, tie_epsilon: 1e-9 }, branch_and_bound: BranchAndBoundConfig { enabled: true, exhaustive_fallback: true, max_partial_states: 100000, max_candidates: 100000, top_k: 8 }, cache: CacheConfig { enabled: true, node_statistics: false, predicate_masks: true, candidate_pools: true, best_subtrees: false, lookahead: false, max_entries: 10000, approximate_byte_limit: 134217728 }, tree_search: TreeSearchConfig { strategy: SelectiveLookahead, tree_beam_width: 4, candidate_beam_width: 16, lookahead_depth: 2, max_expansions: 500, node_budget: 18446744073709551615, time_budget_ms: None, frontier_selection: HighestError, selective: SelectiveLookaheadConfig { enabled: true, maximum_depth: 2, ambiguity_margin: 0.01, minimum_confident_gain: 0.02, large_node_threshold: 500, candidate_beam_width: 14, tree_beam_width: 4 } }, conditional_search: ConditionalCandidateSearchConfig { enabled: true, branch_and_bound_candidate_threshold: 64, candidate_cache_minimum_expected_reuse: 2 }, parallel: ParallelConfig { enabled: false, threads: Some(1), parallel_candidates: false, parallel_beam_states: false, minimum_parallel_work: 18446744073709551615 }, pruning: PruningConfig { enabled: true, validation_fraction: 0.2, alpha_nodes: 0.0, alpha_leaves: 0.0, alpha_literals: 0.0, alpha_axp: 0.0, accuracy_epsilon: 0.04, use_one_standard_error_rule: false, selection_mode: EpsilonPareto, class_aware: ClassAwarePruningConfig { enabled: true, accuracy_epsilon: 0.04, balanced_accuracy_epsilon: 0.4, minimum_minority_recall: None, minimum_validation_samples: 1, minimum_validation_samples_per_class: 1, root_collapse_majority_threshold: 0.9, preserve_subtree_when_evidence_insufficient: true } }, adaptive_language: AdaptiveLanguageConfig { enabled: true, total_candidate_budget: 56, minimum_family_quota: 2, pilot_candidates_per_family: 4, temperature: 1.0, diversity_top_k_per_family: 1 }, axp_rerank: AxpRerankConfig { enabled: false, shortlist_size: 8, validation_samples: 8, weight_mean_axp: 0.001, weight_max_axp: 0.0005, timeout_ms: None }, allowed_languages: AllowedLanguages(""Affine""), language_policy: SmartCertified, theorem_mode: true, random_seed: 43 }",cals_compact_explain_affine,"Single-language CompactExplain (Affine)",certified,0.8571428571428571,0,29,5.89198606271777,1,1,287,0,Gf2Gaussian,AffineGf2,"",true,43,2,deterministic_hash_70_30_first_label,SelectiveLookahead,SparseCertified,16,4,2,18446744073709551615,true,89,29,45,15,102,34,0.8432835820895522,0.8507462686567164,0.8364825581395349,0.810077519379845,0.8604651162790697,0.9534883720930233,0.8125,0.6666666666666666,0.831809216424601,0.8266045548654244,0.8125,0.6666666666666666,"0:48|1:86",no_change,"objective_improved:12|balanced_accuracy_guard:1|insufficient_validation_support:16|no_change:15",23554,0,0,49,16,0,47,109,978,40854,6443,62,47,0,89,0,1,"{""Affine"": 14}",Affine,0,12,0.227863619,0.22776471499999998,0.000098904,0,false,false,true,""
